frame_idx,timestamp_s,y_pred,y_true,subject_id,story_id,split,manifest_id
0,0.0,9.207291633695894,,6,1,val,current_repo_v1
1,0.04,9.207291633695894,,6,1,val,current_repo_v1
2,0.08,9.207291633695894,,6,1,val,current_repo_v1
3,0.12,9.207291633695894,,6,1,val,current_repo_v1
4,0.16,7.604935337863619,,6,1,val,current_repo_v1
5,0.2,8.913815377348548,,6,1,val,current_repo_v1
6,0.24,3.6431444500753214,,6,1,val,current_repo_v1
7,0.28,1.9091814633701807,,6,1,val,current_repo_v1
8,0.32,-0.2809816693512847,,6,1,val,current_repo_v1
9,0.36,-3.986611576054575,,6,1,val,current_repo_v1
10,0.4,-3.315707815699433,,6,1,val,current_repo_v1
11,0.44,3.4038170851621605,,6,1,val,current_repo_v1
12,0.48,3.326813682404407,,6,1,val,current_repo_v1
13,0.52,10.351967794322197,,6,1,val,current_repo_v1
14,0.56,10.532564457790047,,6,1,val,current_repo_v1
15,0.6,7.44361589011002,,6,1,val,current_repo_v1
16,0.64,1.474291561696419,,6,1,val,current_repo_v1
17,0.68,-1.4320860960667765,,6,1,val,current_repo_v1
18,0.72,-3.933438816620818,,6,1,val,current_repo_v1
19,0.76,-6.304459271775754,,6,1,val,current_repo_v1
20,0.8,-5.927598859277897,,6,1,val,current_repo_v1
21,0.84,-2.9607488780081956,,6,1,val,current_repo_v1
22,0.88,1.305919365458548,,6,1,val,current_repo_v1
23,0.92,0.11579151943585804,,6,1,val,current_repo_v1
24,0.96,1.1866451062444414,,6,1,val,current_repo_v1
25,1.0,1.3554346907379111,,6,1,val,current_repo_v1
26,1.04,2.0642250613125954,,6,1,val,current_repo_v1
27,1.08,-0.9149869166173047,,6,1,val,current_repo_v1
28,1.12,0.43028951788526065,,6,1,val,current_repo_v1
29,1.16,-2.0959384992318317,,6,1,val,current_repo_v1
30,1.2,-3.1499504177534705,,6,1,val,current_repo_v1
31,1.24,-7.070528110925103,,6,1,val,current_repo_v1
32,1.28,-3.4154477480338405,,6,1,val,current_repo_v1
33,1.32,0.6105418360422411,,6,1,val,current_repo_v1
34,1.36,3.516257863855603,,6,1,val,current_repo_v1
35,1.4,3.6818574890409494,,6,1,val,current_repo_v1
36,1.44,3.7236258100375617,,6,1,val,current_repo_v1
37,1.48,3.1113333780866297,,6,1,val,current_repo_v1
38,1.52,2.9374138136730132,,6,1,val,current_repo_v1
39,1.56,2.2440195045531843,,6,1,val,current_repo_v1
40,1.6,1.7197470209782815,,6,1,val,current_repo_v1
41,1.64,0.838853907501893,,6,1,val,current_repo_v1
42,1.68,0.39447186646636667,,6,1,val,current_repo_v1
43,1.72,0.07105153318880106,,6,1,val,current_repo_v1
44,1.76,-0.9875331693229371,,6,1,val,current_repo_v1
45,1.8,-0.7671519616726278,,6,1,val,current_repo_v1
46,1.84,-1.1633035723912972,,6,1,val,current_repo_v1
47,1.88,0.3768816297341828,,6,1,val,current_repo_v1
48,1.92,2.4403658964578,,6,1,val,current_repo_v1
49,1.96,2.4145267808478614,,6,1,val,current_repo_v1
50,2.0,-0.4656490509112803,,6,1,val,current_repo_v1
51,2.04,-0.3233244557170191,,6,1,val,current_repo_v1
52,2.08,-0.06640340192297726,,6,1,val,current_repo_v1
53,2.12,1.0434509521843494,,6,1,val,current_repo_v1
54,2.16,1.4594745568814975,,6,1,val,current_repo_v1
55,2.2,1.6325387536299736,,6,1,val,current_repo_v1
56,2.24,1.3213045748187577,,6,1,val,current_repo_v1
57,2.28,1.5039634145281027,,6,1,val,current_repo_v1
58,2.32,1.8866987058529312,,6,1,val,current_repo_v1
59,2.36,1.7837401535501827,,6,1,val,current_repo_v1
60,2.4,1.7240873023188352,,6,1,val,current_repo_v1
61,2.44,1.664680710158291,,6,1,val,current_repo_v1
62,2.48,1.4011918521638624,,6,1,val,current_repo_v1
63,2.52,1.0558766005535265,,6,1,val,current_repo_v1
64,2.56,0.417287317205683,,6,1,val,current_repo_v1
65,2.6,0.4932784143141911,,6,1,val,current_repo_v1
66,2.64,0.4912916462175407,,6,1,val,current_repo_v1
67,2.68,0.4699031415770528,,6,1,val,current_repo_v1
68,2.72,0.4932641535487915,,6,1,val,current_repo_v1
69,2.76,0.6131394518509604,,6,1,val,current_repo_v1
70,2.8,0.6719478570765223,,6,1,val,current_repo_v1
71,2.84,-0.17650735420715188,,6,1,val,current_repo_v1
72,2.88,0.3317239074079807,,6,1,val,current_repo_v1
73,2.92,0.25139830282978803,,6,1,val,current_repo_v1
74,2.96,0.5481254571705737,,6,1,val,current_repo_v1
75,3.0,1.0416545131322519,,6,1,val,current_repo_v1
76,3.04,0.8536753644582075,,6,1,val,current_repo_v1
77,3.08,1.010523331829576,,6,1,val,current_repo_v1
78,3.12,1.081689977221036,,6,1,val,current_repo_v1
79,3.16,0.984400670464668,,6,1,val,current_repo_v1
80,3.2,0.6928544869759212,,6,1,val,current_repo_v1
81,3.24,0.5698765330757584,,6,1,val,current_repo_v1
82,3.28,0.7407697543774463,,6,1,val,current_repo_v1
83,3.32,0.5371388939419921,,6,1,val,current_repo_v1
84,3.36,0.14777158149453518,,6,1,val,current_repo_v1
85,3.4,0.25815915779397786,,6,1,val,current_repo_v1
86,3.44,0.1734415505138919,,6,1,val,current_repo_v1
87,3.48,0.2785361915617312,,6,1,val,current_repo_v1
88,3.52,0.3886425873063188,,6,1,val,current_repo_v1
89,3.56,0.2872092412542378,,6,1,val,current_repo_v1
90,3.6,0.22554596992508924,,6,1,val,current_repo_v1
91,3.64,-0.015637929253386324,,6,1,val,current_repo_v1
92,3.68,-0.6745014384242759,,6,1,val,current_repo_v1
93,3.72,-0.6568484891066882,,6,1,val,current_repo_v1
94,3.76,-0.7780889948282117,,6,1,val,current_repo_v1
95,3.8,-0.7438670534928267,,6,1,val,current_repo_v1
96,3.84,-0.4308161922991171,,6,1,val,current_repo_v1
97,3.88,-0.49294022548009214,,6,1,val,current_repo_v1
98,3.92,-0.5400837767793696,,6,1,val,current_repo_v1
99,3.96,-0.1519229076935438,,6,1,val,current_repo_v1
100,4.0,-0.2686246813501536,,6,1,val,current_repo_v1
101,4.04,-0.41693368500612693,,6,1,val,current_repo_v1
102,4.08,-0.3972032899933601,,6,1,val,current_repo_v1
103,4.12,0.27847267898217093,,6,1,val,current_repo_v1
104,4.16,0.31095988516257794,,6,1,val,current_repo_v1
105,4.2,-0.23190286262256868,,6,1,val,current_repo_v1
106,4.24,0.4600193876844726,,6,1,val,current_repo_v1
107,4.28,1.028744137868906,,6,1,val,current_repo_v1
108,4.32,0.023196821866692453,,6,1,val,current_repo_v1
109,4.36,-0.23282643848514498,,6,1,val,current_repo_v1
110,4.4,0.09473240369374693,,6,1,val,current_repo_v1
111,4.44,-0.21287882766769356,,6,1,val,current_repo_v1
112,4.48,-1.031124433525877,,6,1,val,current_repo_v1
113,4.52,-0.8638154643044347,,6,1,val,current_repo_v1
114,4.56,-0.8896991013283033,,6,1,val,current_repo_v1
115,4.6,-0.37376394815898734,,6,1,val,current_repo_v1
116,4.64,-0.6080836279108918,,6,1,val,current_repo_v1
117,4.68,-0.23611180579202726,,6,1,val,current_repo_v1
118,4.72,0.27968446143523823,,6,1,val,current_repo_v1
119,4.76,0.3582744265172324,,6,1,val,current_repo_v1
120,4.8,0.5832187660542305,,6,1,val,current_repo_v1
121,4.84,1.4251549466943023,,6,1,val,current_repo_v1
122,4.88,0.5932858925204373,,6,1,val,current_repo_v1
123,4.92,0.23527389886891262,,6,1,val,current_repo_v1
124,4.96,0.4835104856625395,,6,1,val,current_repo_v1
125,5.0,0.4702531911940817,,6,1,val,current_repo_v1
126,5.04,0.1452507999072007,,6,1,val,current_repo_v1
127,5.08,0.1528503617886617,,6,1,val,current_repo_v1
128,5.12,-0.5637197084821294,,6,1,val,current_repo_v1
129,5.16,-0.3479516149621168,,6,1,val,current_repo_v1
130,5.2,-0.24335582244442736,,6,1,val,current_repo_v1
131,5.24,-0.1457819873315708,,6,1,val,current_repo_v1
132,5.28,0.14628954014596762,,6,1,val,current_repo_v1
133,5.32,0.41710599679098,,6,1,val,current_repo_v1
134,5.36,-0.14111524750601823,,6,1,val,current_repo_v1
135,5.4,-0.18917679209995336,,6,1,val,current_repo_v1
136,5.44,-0.25301679535558175,,6,1,val,current_repo_v1
137,5.48,-0.3521464364955943,,6,1,val,current_repo_v1
138,5.52,-0.5940278001447642,,6,1,val,current_repo_v1
139,5.56,-0.6261101397172403,,6,1,val,current_repo_v1
140,5.6,-0.298863208303522,,6,1,val,current_repo_v1
141,5.64,-0.2101113000565909,,6,1,val,current_repo_v1
142,5.68,-0.09780098127978891,,6,1,val,current_repo_v1
143,5.72,0.14836976842951755,,6,1,val,current_repo_v1
144,5.76,0.10195638570987829,,6,1,val,current_repo_v1
145,5.8,0.23035390002368678,,6,1,val,current_repo_v1
146,5.84,-0.06712537925809933,,6,1,val,current_repo_v1
147,5.88,-0.2236034449835323,,6,1,val,current_repo_v1
148,5.92,-0.805903052534225,,6,1,val,current_repo_v1
149,5.96,-1.2054264647110404,,6,1,val,current_repo_v1
150,6.0,-0.41302188749230007,,6,1,val,current_repo_v1
151,6.04,-0.1874694132668944,,6,1,val,current_repo_v1
152,6.08,-0.08738069217581368,,6,1,val,current_repo_v1
153,6.12,0.20295691753208064,,6,1,val,current_repo_v1
154,6.16,-0.15618505047441392,,6,1,val,current_repo_v1
155,6.2,-0.41697928467305106,,6,1,val,current_repo_v1
156,6.24,-0.29132510684269786,,6,1,val,current_repo_v1
157,6.28,-0.7762401039853274,,6,1,val,current_repo_v1
158,6.32,0.2775313989010863,,6,1,val,current_repo_v1
159,6.36,0.3558756614299513,,6,1,val,current_repo_v1
160,6.4,0.002600850567700202,,6,1,val,current_repo_v1
161,6.44,0.10681490674328988,,6,1,val,current_repo_v1
162,6.48,0.12302854483497686,,6,1,val,current_repo_v1
163,6.52,0.20969645091288028,,6,1,val,current_repo_v1
164,6.56,0.21415015751189295,,6,1,val,current_repo_v1
165,6.6,-0.042470794126373335,,6,1,val,current_repo_v1
166,6.64,0.1728011725827394,,6,1,val,current_repo_v1
167,6.68,0.15210636722305682,,6,1,val,current_repo_v1
168,6.72,0.03232016392228092,,6,1,val,current_repo_v1
169,6.76,-0.014095818778367184,,6,1,val,current_repo_v1
170,6.8,-0.02865523417046345,,6,1,val,current_repo_v1
171,6.84,0.0021724710880372707,,6,1,val,current_repo_v1
172,6.88,0.5071380696001873,,6,1,val,current_repo_v1
173,6.92,0.012434709172559087,,6,1,val,current_repo_v1
174,6.96,-0.511578871945631,,6,1,val,current_repo_v1
175,7.0,-0.31170582754004234,,6,1,val,current_repo_v1
176,7.04,0.13669703629990876,,6,1,val,current_repo_v1
177,7.08,-0.22940907214242956,,6,1,val,current_repo_v1
178,7.12,0.15428645564675875,,6,1,val,current_repo_v1
179,7.16,0.3439519224381318,,6,1,val,current_repo_v1
180,7.2,0.3181378501235295,,6,1,val,current_repo_v1
181,7.24,-0.10907418589290305,,6,1,val,current_repo_v1
182,7.28,-0.2617900877941413,,6,1,val,current_repo_v1
183,7.32,1.1127433851787518,,6,1,val,current_repo_v1
184,7.36,0.6070981046747137,,6,1,val,current_repo_v1
185,7.4,0.5867953660164569,,6,1,val,current_repo_v1
186,7.44,0.900577352304557,,6,1,val,current_repo_v1
187,7.48,0.27118768871601284,,6,1,val,current_repo_v1
188,7.52,0.2401057244451432,,6,1,val,current_repo_v1
189,7.56,0.23001456337188494,,6,1,val,current_repo_v1
190,7.6,0.3016673617340534,,6,1,val,current_repo_v1
191,7.64,0.4003439279226134,,6,1,val,current_repo_v1
192,7.68,0.29976887125346213,,6,1,val,current_repo_v1
193,7.72,-0.08334038255720568,,6,1,val,current_repo_v1
194,7.76,-0.6164307669404849,,6,1,val,current_repo_v1
195,7.8,-0.6054999250440257,,6,1,val,current_repo_v1
196,7.84,-0.3500364345164783,,6,1,val,current_repo_v1
197,7.88,-0.3044212546621399,,6,1,val,current_repo_v1
198,7.92,-0.48013117121579285,,6,1,val,current_repo_v1
199,7.96,-0.6884605712445231,,6,1,val,current_repo_v1
200,8.0,-0.6376077253000935,,6,1,val,current_repo_v1
201,8.04,-0.7826403354966799,,6,1,val,current_repo_v1
202,8.08,-0.6111158144583987,,6,1,val,current_repo_v1
203,8.12,-1.0027155975556352,,6,1,val,current_repo_v1
204,8.16,-0.9166337219797699,,6,1,val,current_repo_v1
205,8.2,-1.5950311319465145,,6,1,val,current_repo_v1
206,8.24,-1.4464882169556326,,6,1,val,current_repo_v1
207,8.28,-1.8740128854710973,,6,1,val,current_repo_v1
208,8.32,-1.087027051280669,,6,1,val,current_repo_v1
209,8.36,-0.3327046306792194,,6,1,val,current_repo_v1
210,8.4,-0.003986866530714036,,6,1,val,current_repo_v1
211,8.44,-0.461761288004505,,6,1,val,current_repo_v1
212,8.48,0.22611080058197836,,6,1,val,current_repo_v1
213,8.52,0.07072805729071197,,6,1,val,current_repo_v1
214,8.56,-0.8169877715675816,,6,1,val,current_repo_v1
215,8.6,-0.2435244820820439,,6,1,val,current_repo_v1
216,8.64,-0.18987485656626507,,6,1,val,current_repo_v1
217,8.68,-0.5824977278426836,,6,1,val,current_repo_v1
218,8.72,-0.7517625088651526,,6,1,val,current_repo_v1
219,8.76,-0.2277819535926868,,6,1,val,current_repo_v1
220,8.8,0.29973527149888646,,6,1,val,current_repo_v1
221,8.84,-0.1140112193963105,,6,1,val,current_repo_v1
222,8.88,-0.5233793422726304,,6,1,val,current_repo_v1
223,8.92,-0.701285312350762,,6,1,val,current_repo_v1
224,8.96,-0.7670270930194945,,6,1,val,current_repo_v1
225,9.0,-0.4515005281700551,,6,1,val,current_repo_v1
226,9.04,-0.6344524092171848,,6,1,val,current_repo_v1
227,9.08,-0.496188932185191,,6,1,val,current_repo_v1
228,9.12,-0.8747753842493672,,6,1,val,current_repo_v1
229,9.16,-0.47904571827475345,,6,1,val,current_repo_v1
230,9.2,-0.1939918525812507,,6,1,val,current_repo_v1
231,9.24,0.9692759113759517,,6,1,val,current_repo_v1
232,9.28,0.7180417116953233,,6,1,val,current_repo_v1
233,9.32,0.22768689341747417,,6,1,val,current_repo_v1
234,9.36,0.13740278766659444,,6,1,val,current_repo_v1
235,9.4,0.2654372959362732,,6,1,val,current_repo_v1
236,9.44,0.19663682456580317,,6,1,val,current_repo_v1
237,9.48,-0.24092683149096997,,6,1,val,current_repo_v1
238,9.52,-0.19341733503859623,,6,1,val,current_repo_v1
239,9.56,-0.34799457117008886,,6,1,val,current_repo_v1
240,9.6,-0.21041526305373073,,6,1,val,current_repo_v1
241,9.64,-0.11152888970202304,,6,1,val,current_repo_v1
242,9.68,0.03941336428499131,,6,1,val,current_repo_v1
243,9.72,0.3749218527447278,,6,1,val,current_repo_v1
244,9.76,-0.02450151668457378,,6,1,val,current_repo_v1
245,9.8,0.014831456883271461,,6,1,val,current_repo_v1
246,9.84,-0.15138113773777653,,6,1,val,current_repo_v1
247,9.88,-0.47096014255200225,,6,1,val,current_repo_v1
248,9.92,-0.3879373402837753,,6,1,val,current_repo_v1
249,9.96,0.055892322177820614,,6,1,val,current_repo_v1
250,10.0,-0.8252808588180747,,6,1,val,current_repo_v1
251,10.04,-1.094248215926075,,6,1,val,current_repo_v1
252,10.08,-1.0950612186832722,,6,1,val,current_repo_v1
253,10.12,-1.0910065004742575,,6,1,val,current_repo_v1
254,10.16,-0.658392338699439,,6,1,val,current_repo_v1
255,10.2,-0.454051709535339,,6,1,val,current_repo_v1
256,10.24,-0.6517882825899358,,6,1,val,current_repo_v1
257,10.28,-1.0426812186763157,,6,1,val,current_repo_v1
258,10.32,-0.28258948369420606,,6,1,val,current_repo_v1
259,10.36,-0.4514189635484402,,6,1,val,current_repo_v1
260,10.4,-0.17730980051971795,,6,1,val,current_repo_v1
261,10.44,0.07116168890592452,,6,1,val,current_repo_v1
262,10.48,0.09787585899372561,,6,1,val,current_repo_v1
263,10.52,-0.5731438831229406,,6,1,val,current_repo_v1
264,10.56,-0.701285312350762,,6,1,val,current_repo_v1
265,10.6,-0.301969829089944,,6,1,val,current_repo_v1
266,10.64,-0.48854512714863646,,6,1,val,current_repo_v1
267,10.68,-0.5284737746263418,,6,1,val,current_repo_v1
268,10.72,-0.5551194234755155,,6,1,val,current_repo_v1
269,10.76,-0.8205264587632577,,6,1,val,current_repo_v1
270,10.8,-0.8744151781847854,,6,1,val,current_repo_v1
271,10.84,-0.6452838431441023,,6,1,val,current_repo_v1
272,10.88,-0.09876742639445069,,6,1,val,current_repo_v1
273,10.92,0.21859878588712917,,6,1,val,current_repo_v1
274,10.96,0.628656416770521,,6,1,val,current_repo_v1
275,11.0,0.6094153051403799,,6,1,val,current_repo_v1
276,11.04,0.8392775565813259,,6,1,val,current_repo_v1
277,11.08,0.3030742731966132,,6,1,val,current_repo_v1
278,11.12,-0.11644538422501957,,6,1,val,current_repo_v1
279,11.16,-0.587094563831012,,6,1,val,current_repo_v1
280,11.2,-0.7085016074665194,,6,1,val,current_repo_v1
281,11.24,-1.10585564418486,,6,1,val,current_repo_v1
282,11.28,-0.8384882753899885,,6,1,val,current_repo_v1
283,11.32,-0.4766516488053479,,6,1,val,current_repo_v1
284,11.36,-0.7840118037398683,,6,1,val,current_repo_v1
285,11.4,-0.7698195595788692,,6,1,val,current_repo_v1
286,11.44,-0.6731728220419955,,6,1,val,current_repo_v1
287,11.48,-0.7099797879737226,,6,1,val,current_repo_v1
288,11.52,-0.444983045341234,,6,1,val,current_repo_v1
289,11.56,-0.2236598619627474,,6,1,val,current_repo_v1
290,11.6,0.10604171239097036,,6,1,val,current_repo_v1
291,11.64,0.14588787351466304,,6,1,val,current_repo_v1
292,11.68,0.1718077885344142,,6,1,val,current_repo_v1
293,11.72,0.4311116336193718,,6,1,val,current_repo_v1
294,11.76,0.1786872165455487,,6,1,val,current_repo_v1
295,11.8,0.49242332490788765,,6,1,val,current_repo_v1
296,11.84,0.7518810471297427,,6,1,val,current_repo_v1
297,11.88,0.411565028568487,,6,1,val,current_repo_v1
298,11.92,0.06200163407502067,,6,1,val,current_repo_v1
299,11.96,-1.482958211435673,,6,1,val,current_repo_v1
300,12.0,-0.9634263541031526,,6,1,val,current_repo_v1
301,12.04,-0.11308893048085562,,6,1,val,current_repo_v1
302,12.08,1.1117110448932372,,6,1,val,current_repo_v1
303,12.12,1.5198347420766665,,6,1,val,current_repo_v1
304,12.16,1.0948770808978439,,6,1,val,current_repo_v1
305,12.2,-0.525672890737146,,6,1,val,current_repo_v1
306,12.24,-1.2457509006021172,,6,1,val,current_repo_v1
307,12.28,-0.9473489063210321,,6,1,val,current_repo_v1
308,12.32,-0.6943943018155345,,6,1,val,current_repo_v1
309,12.36,-0.4825655534342184,,6,1,val,current_repo_v1
310,12.4,0.5833530955078241,,6,1,val,current_repo_v1
311,12.44,-0.11488713473745062,,6,1,val,current_repo_v1
312,12.48,-0.38155067389072983,,6,1,val,current_repo_v1
313,12.52,0.6880001919985975,,6,1,val,current_repo_v1
314,12.56,1.2419688064887178,,6,1,val,current_repo_v1
315,12.6,1.2672514044245242,,6,1,val,current_repo_v1
316,12.64,1.5263003644147295,,6,1,val,current_repo_v1
317,12.68,1.539175122546931,,6,1,val,current_repo_v1
318,12.72,1.7647629008622894,,6,1,val,current_repo_v1
319,12.76,2.0748871051724493,,6,1,val,current_repo_v1
320,12.8,1.897277828579339,,6,1,val,current_repo_v1
321,12.84,0.8189828178646348,,6,1,val,current_repo_v1
322,12.88,0.606529343611751,,6,1,val,current_repo_v1
323,12.92,2.7829759852188904,,6,1,val,current_repo_v1
324,12.96,2.8093513056078545,,6,1,val,current_repo_v1
325,13.0,2.7742753879015143,,6,1,val,current_repo_v1
326,13.04,2.520990281462292,,6,1,val,current_repo_v1
327,13.08,2.051805812896671,,6,1,val,current_repo_v1
328,13.12,1.787031677333835,,6,1,val,current_repo_v1
329,13.16,1.493871801284234,,6,1,val,current_repo_v1
330,13.2,0.9041655000085217,,6,1,val,current_repo_v1
331,13.24,0.4725008269504814,,6,1,val,current_repo_v1
332,13.28,0.7829609592416891,,6,1,val,current_repo_v1
333,13.32,1.2420311364682206,,6,1,val,current_repo_v1
334,13.36,2.025410179612601,,6,1,val,current_repo_v1
335,13.4,2.28028414401147,,6,1,val,current_repo_v1
336,13.44,2.3146786058258355,,6,1,val,current_repo_v1
337,13.48,1.998431037547204,,6,1,val,current_repo_v1
338,13.52,1.5124319439753657,,6,1,val,current_repo_v1
339,13.56,1.7049085902329062,,6,1,val,current_repo_v1
340,13.6,1.824526777369626,,6,1,val,current_repo_v1
341,13.64,1.4267866565148568,,6,1,val,current_repo_v1
342,13.68,1.1042221256818645,,6,1,val,current_repo_v1
343,13.72,0.3917767209352558,,6,1,val,current_repo_v1
344,13.76,0.5038873107361651,,6,1,val,current_repo_v1
345,13.8,0.5969198833678084,,6,1,val,current_repo_v1
346,13.84,0.4341695243269527,,6,1,val,current_repo_v1
347,13.88,0.7006851080392108,,6,1,val,current_repo_v1
348,13.92,0.6831828358818944,,6,1,val,current_repo_v1
349,13.96,1.0103983936117336,,6,1,val,current_repo_v1
350,14.0,0.6322359384505365,,6,1,val,current_repo_v1
351,14.04,0.6043477943291544,,6,1,val,current_repo_v1
352,14.08,0.7257801595188348,,6,1,val,current_repo_v1
353,14.12,0.6079258551502754,,6,1,val,current_repo_v1
354,14.16,0.844377901935325,,6,1,val,current_repo_v1
355,14.2,1.16897733964378,,6,1,val,current_repo_v1
356,14.24,1.1733304208908386,,6,1,val,current_repo_v1
357,14.28,1.1168929200864968,,6,1,val,current_repo_v1
358,14.32,0.9421509616799321,,6,1,val,current_repo_v1
359,14.36,0.8509753493974479,,6,1,val,current_repo_v1
360,14.4,1.1408071801910316,,6,1,val,current_repo_v1
361,14.44,0.8929318429326255,,6,1,val,current_repo_v1
362,14.48,0.677761588524049,,6,1,val,current_repo_v1
363,14.52,0.9869998166969911,,6,1,val,current_repo_v1
364,14.56,0.9182723187065416,,6,1,val,current_repo_v1
365,14.6,0.8690147306750107,,6,1,val,current_repo_v1
366,14.64,0.8832850960045161,,6,1,val,current_repo_v1
367,14.68,1.0222999414612972,,6,1,val,current_repo_v1
368,14.72,1.4516015013455554,,6,1,val,current_repo_v1
369,14.76,1.2133543372378846,,6,1,val,current_repo_v1
370,14.8,1.2888314902743319,,6,1,val,current_repo_v1
371,14.84,1.3598080848800758,,6,1,val,current_repo_v1
372,14.88,1.6766277533277147,,6,1,val,current_repo_v1
373,14.92,1.6586374847348941,,6,1,val,current_repo_v1
374,14.96,1.1823627027419974,,6,1,val,current_repo_v1
375,15.0,0.976981385527271,,6,1,val,current_repo_v1
376,15.04,1.207210938633144,,6,1,val,current_repo_v1
377,15.08,1.1128620625727603,,6,1,val,current_repo_v1
378,15.12,1.0245154383220156,,6,1,val,current_repo_v1
379,15.16,0.8715905031650204,,6,1,val,current_repo_v1
380,15.2,1.0628179063735534,,6,1,val,current_repo_v1
381,15.24,1.053462983400817,,6,1,val,current_repo_v1
382,15.28,0.5296549833896865,,6,1,val,current_repo_v1
383,15.32,0.8843467230326317,,6,1,val,current_repo_v1
384,15.36,0.6401046114097949,,6,1,val,current_repo_v1
385,15.4,0.5421117271839058,,6,1,val,current_repo_v1
386,15.44,1.1832002618415656,,6,1,val,current_repo_v1
387,15.48,1.256117433577007,,6,1,val,current_repo_v1
388,15.52,0.8477926248190882,,6,1,val,current_repo_v1
389,15.56,0.8761760696704476,,6,1,val,current_repo_v1
390,15.6,0.8408868665654964,,6,1,val,current_repo_v1
391,15.64,0.2912197858728684,,6,1,val,current_repo_v1
392,15.68,-0.1606884784493748,,6,1,val,current_repo_v1
393,15.72,-0.47086463020617936,,6,1,val,current_repo_v1
394,15.76,-0.38693039111714317,,6,1,val,current_repo_v1
395,15.8,-0.05174090032733674,,6,1,val,current_repo_v1
396,15.84,0.080293326553093,,6,1,val,current_repo_v1
397,15.88,0.022602495773074355,,6,1,val,current_repo_v1
398,15.92,0.1906660507871073,,6,1,val,current_repo_v1
399,15.96,1.2457634222497853,,6,1,val,current_repo_v1
400,16.0,1.2516394141121057,,6,1,val,current_repo_v1
401,16.04,0.6769019078469339,,6,1,val,current_repo_v1
402,16.08,0.15399049259118455,,6,1,val,current_repo_v1
403,16.12,-0.009821693476325912,,6,1,val,current_repo_v1
404,16.16,-0.1748897486314013,,6,1,val,current_repo_v1
405,16.2,-0.15338715786771645,,6,1,val,current_repo_v1
406,16.24,-0.34434496304548734,,6,1,val,current_repo_v1
407,16.28,-0.4615963500788342,,6,1,val,current_repo_v1
408,16.32,-0.6716166594957046,,6,1,val,current_repo_v1
409,16.36,-0.43896068933061705,,6,1,val,current_repo_v1
410,16.4,-0.16349899705080415,,6,1,val,current_repo_v1
411,16.44,0.16114303165089924,,6,1,val,current_repo_v1
412,16.48,-0.10899248214186957,,6,1,val,current_repo_v1
413,16.52,0.011051310581731403,,6,1,val,current_repo_v1
414,16.56,-0.25328743685698296,,6,1,val,current_repo_v1
415,16.6,0.1653418879375142,,6,1,val,current_repo_v1
416,16.64,0.5027863100826047,,6,1,val,current_repo_v1
417,16.68,0.655846200775577,,6,1,val,current_repo_v1
418,16.72,-0.16728808241748494,,6,1,val,current_repo_v1
419,16.76,0.35999152701841136,,6,1,val,current_repo_v1
420,16.8,0.6018372039717275,,6,1,val,current_repo_v1
421,16.84,0.5893073476680692,,6,1,val,current_repo_v1
422,16.88,0.3142893217127805,,6,1,val,current_repo_v1
423,16.92,0.25630428438609665,,6,1,val,current_repo_v1
424,16.96,0.2768526212504187,,6,1,val,current_repo_v1
425,17.0,0.04159013099382578,,6,1,val,current_repo_v1
426,17.04,0.23701705135371184,,6,1,val,current_repo_v1
427,17.08,0.08016708399695167,,6,1,val,current_repo_v1
428,17.12,0.19691758773240264,,6,1,val,current_repo_v1
429,17.16,0.16264030767079615,,6,1,val,current_repo_v1
430,17.2,-0.010476810430254248,,6,1,val,current_repo_v1
431,17.24,0.2794980627967587,,6,1,val,current_repo_v1
432,17.28,0.22206342144979116,,6,1,val,current_repo_v1
433,17.32,0.4344555048467472,,6,1,val,current_repo_v1
434,17.36,0.05988182347189812,,6,1,val,current_repo_v1
435,17.4,0.5716042421951005,,6,1,val,current_repo_v1
436,17.44,0.117962929662079,,6,1,val,current_repo_v1
437,17.48,0.09217471802814657,,6,1,val,current_repo_v1
438,17.52,0.08180477638250294,,6,1,val,current_repo_v1
439,17.56,-0.1601395781109077,,6,1,val,current_repo_v1
440,17.6,-0.246616876885421,,6,1,val,current_repo_v1
441,17.64,-0.18930171292661863,,6,1,val,current_repo_v1
442,17.68,-0.3561196248653488,,6,1,val,current_repo_v1
443,17.72,-0.12510479923450993,,6,1,val,current_repo_v1
444,17.76,0.1760138447684382,,6,1,val,current_repo_v1
445,17.8,0.2883418938505145,,6,1,val,current_repo_v1
446,17.84,0.32261406090598993,,6,1,val,current_repo_v1
447,17.88,0.0353172202916083,,6,1,val,current_repo_v1
448,17.92,-0.029111935182386493,,6,1,val,current_repo_v1
449,17.96,0.09472266463444963,,6,1,val,current_repo_v1
450,18.0,0.15198122031108643,,6,1,val,current_repo_v1
451,18.04,-0.24303391175229677,,6,1,val,current_repo_v1
452,18.08,0.36489277817448984,,6,1,val,current_repo_v1
453,18.12,0.31185121778240926,,6,1,val,current_repo_v1
454,18.16,-0.023336794757325252,,6,1,val,current_repo_v1
455,18.2,-0.04631596603990023,,6,1,val,current_repo_v1
456,18.24,-0.4070535832607831,,6,1,val,current_repo_v1
457,18.28,-0.5590871857979473,,6,1,val,current_repo_v1
458,18.32,-1.057011618349918,,6,1,val,current_repo_v1
459,18.36,-0.2819227407382416,,6,1,val,current_repo_v1
460,18.4,0.38347399897252926,,6,1,val,current_repo_v1
461,18.44,0.2652796275227207,,6,1,val,current_repo_v1
462,18.48,0.38307814099444837,,6,1,val,current_repo_v1
463,18.52,0.2590858988508258,,6,1,val,current_repo_v1
464,18.56,0.1277567189944004,,6,1,val,current_repo_v1
465,18.6,-0.23646648146222235,,6,1,val,current_repo_v1
466,18.64,-0.6517324916931042,,6,1,val,current_repo_v1
467,18.68,-0.6196715780510821,,6,1,val,current_repo_v1
468,18.72,-0.7497386627784632,,6,1,val,current_repo_v1
469,18.76,-0.810075543796028,,6,1,val,current_repo_v1
470,18.8,-0.40927589746300985,,6,1,val,current_repo_v1
471,18.84,0.2532932455102067,,6,1,val,current_repo_v1
472,18.88,0.3652742014753979,,6,1,val,current_repo_v1
473,18.92,0.2668518247344976,,6,1,val,current_repo_v1
474,18.96,-0.35757582292442386,,6,1,val,current_repo_v1
475,19.0,-0.551627901152722,,6,1,val,current_repo_v1
476,19.04,-0.7249064963351572,,6,1,val,current_repo_v1
477,19.08,-0.4697809163828716,,6,1,val,current_repo_v1
478,19.12,-1.084962092450803,,6,1,val,current_repo_v1
479,19.16,-1.0762605907922065,,6,1,val,current_repo_v1
480,19.2,-0.6095229217456151,,6,1,val,current_repo_v1
481,19.24,0.0777441799555551,,6,1,val,current_repo_v1
482,19.28,-0.2645924673245865,,6,1,val,current_repo_v1
483,19.32,-0.9288414241148152,,6,1,val,current_repo_v1
484,19.36,-1.1725960958198218,,6,1,val,current_repo_v1
485,19.4,-1.4330778105620794,,6,1,val,current_repo_v1
486,19.44,-0.7572373906138424,,6,1,val,current_repo_v1
487,19.48,0.39634169628674015,,6,1,val,current_repo_v1
488,19.52,0.13344954697722208,,6,1,val,current_repo_v1
489,19.56,-0.35417876947681426,,6,1,val,current_repo_v1
490,19.6,0.18032581327232045,,6,1,val,current_repo_v1
491,19.64,0.9495102818379414,,6,1,val,current_repo_v1
492,19.68,-0.28861879617574965,,6,1,val,current_repo_v1
493,19.72,-0.5624127962891402,,6,1,val,current_repo_v1
494,19.76,-0.612616186107858,,6,1,val,current_repo_v1
495,19.8,-1.056392631566865,,6,1,val,current_repo_v1
496,19.84,-0.8035345828778294,,6,1,val,current_repo_v1
497,19.88,-0.3775960592983495,,6,1,val,current_repo_v1
498,19.92,-0.23340685163690977,,6,1,val,current_repo_v1
499,19.96,0.016505809870606163,,6,1,val,current_repo_v1
500,20.0,-0.2841981675959932,,6,1,val,current_repo_v1
501,20.04,-0.7439115749067572,,6,1,val,current_repo_v1
502,20.08,-1.3624376308903483,,6,1,val,current_repo_v1
503,20.12,-1.1764346764771458,,6,1,val,current_repo_v1
504,20.16,-0.35419661282474113,,6,1,val,current_repo_v1
505,20.2,-0.06217280673775948,,6,1,val,current_repo_v1
506,20.24,0.542021988708952,,6,1,val,current_repo_v1
507,20.28,0.6950495318121155,,6,1,val,current_repo_v1
508,20.32,-0.08852565772563052,,6,1,val,current_repo_v1
509,20.36,-0.5093680359204332,,6,1,val,current_repo_v1
510,20.4,-0.25550641195316487,,6,1,val,current_repo_v1
511,20.44,-0.12050363284302967,,6,1,val,current_repo_v1
512,20.48,-0.13293855070971655,,6,1,val,current_repo_v1
513,20.52,0.03344940784780354,,6,1,val,current_repo_v1
514,20.56,-0.11839030914904622,,6,1,val,current_repo_v1
515,20.6,-0.21480246579068465,,6,1,val,current_repo_v1
516,20.64,-0.5293826375529083,,6,1,val,current_repo_v1
517,20.68,-0.954317064118836,,6,1,val,current_repo_v1
518,20.72,-0.8733337947792381,,6,1,val,current_repo_v1
519,20.76,-0.48793619246607245,,6,1,val,current_repo_v1
520,20.8,-0.423011031919419,,6,1,val,current_repo_v1
521,20.84,-0.4833031828289254,,6,1,val,current_repo_v1
522,20.88,-0.9806624716828155,,6,1,val,current_repo_v1
523,20.92,-1.262786463124965,,6,1,val,current_repo_v1
524,20.96,-0.902109236767314,,6,1,val,current_repo_v1
525,21.0,-1.0040946483521338,,6,1,val,current_repo_v1
526,21.04,-0.6499704176073844,,6,1,val,current_repo_v1
527,21.08,-0.7949266457531963,,6,1,val,current_repo_v1
528,21.12,-0.8083129131926341,,6,1,val,current_repo_v1
529,21.16,-1.0067999503307976,,6,1,val,current_repo_v1
530,21.2,-1.3441671556486021,,6,1,val,current_repo_v1
531,21.24,-1.1102113688908708,,6,1,val,current_repo_v1
532,21.28,-0.5652527407625892,,6,1,val,current_repo_v1
533,21.32,-0.8583471912031251,,6,1,val,current_repo_v1
534,21.36,-1.3567472376723508,,6,1,val,current_repo_v1
535,21.4,-1.021967839539259,,6,1,val,current_repo_v1
536,21.44,-0.9928048525558596,,6,1,val,current_repo_v1
537,21.48,-1.0875573430594072,,6,1,val,current_repo_v1
538,21.52,-0.5118748350012052,,6,1,val,current_repo_v1
539,21.56,-1.2746269331597926,,6,1,val,current_repo_v1
540,21.6,-1.2072134429626775,,6,1,val,current_repo_v1
541,21.64,-0.8575353710459854,,6,1,val,current_repo_v1
542,21.68,-0.7258680197466384,,6,1,val,current_repo_v1
543,21.72,-0.8260768182215017,,6,1,val,current_repo_v1
544,21.76,-0.923147413531936,,6,1,val,current_repo_v1
545,21.8,-0.614837804662992,,6,1,val,current_repo_v1
546,21.84,-0.5466148942912069,,6,1,val,current_repo_v1
547,21.88,-0.6221640120193904,,6,1,val,current_repo_v1
548,21.92,-0.7030969165094794,,6,1,val,current_repo_v1
549,21.96,-0.5686152205496934,,6,1,val,current_repo_v1
550,22.0,-0.7131529126222035,,6,1,val,current_repo_v1
551,22.04,-1.094938228277289,,6,1,val,current_repo_v1
552,22.08,-0.6887761863304651,,6,1,val,current_repo_v1
553,22.12,-0.5870642336177718,,6,1,val,current_repo_v1
554,22.16,-0.9885252316417863,,6,1,val,current_repo_v1
555,22.2,-0.5250919906324163,,6,1,val,current_repo_v1
556,22.24,-0.362719228833459,,6,1,val,current_repo_v1
557,22.28,-0.11160808042793427,,6,1,val,current_repo_v1
558,22.32,-0.18986143057737664,,6,1,val,current_repo_v1
559,22.36,-0.1908691797381654,,6,1,val,current_repo_v1
560,22.4,-0.3039559015395018,,6,1,val,current_repo_v1
561,22.44,-0.22822445470833083,,6,1,val,current_repo_v1
562,22.48,-0.43731416222698893,,6,1,val,current_repo_v1
563,22.52,0.39844001139469937,,6,1,val,current_repo_v1
564,22.56,-0.07375124390395757,,6,1,val,current_repo_v1
565,22.6,-1.1531400292380474,,6,1,val,current_repo_v1
566,22.64,-1.1924573768330735,,6,1,val,current_repo_v1
567,22.68,-0.9929834251645466,,6,1,val,current_repo_v1
568,22.72,-0.5235220194913359,,6,1,val,current_repo_v1
569,22.76,-0.5973255847522505,,6,1,val,current_repo_v1
570,22.8,-0.2549717375977428,,6,1,val,current_repo_v1
571,22.84,-0.18794586196066046,,6,1,val,current_repo_v1
572,22.88,-0.8119560170169192,,6,1,val,current_repo_v1
573,22.92,-0.9447173429341907,,6,1,val,current_repo_v1
574,22.96,-0.833490190158611,,6,1,val,current_repo_v1
575,23.0,-0.7532685848207717,,6,1,val,current_repo_v1
576,23.04,-0.1868336613889081,,6,1,val,current_repo_v1
577,23.08,0.22375266128490887,,6,1,val,current_repo_v1
578,23.12,0.45913591587678837,,6,1,val,current_repo_v1
579,23.16,0.6791572652860622,,6,1,val,current_repo_v1
580,23.2,0.8899423691166082,,6,1,val,current_repo_v1
581,23.24,0.6822964423564211,,6,1,val,current_repo_v1
582,23.28,0.8415460617505055,,6,1,val,current_repo_v1
583,23.32,1.0023375829254813,,6,1,val,current_repo_v1
584,23.36,1.035552575094234,,6,1,val,current_repo_v1
585,23.4,0.3812659455357022,,6,1,val,current_repo_v1
586,23.44,0.22963404441219734,,6,1,val,current_repo_v1
587,23.48,0.6128078368818871,,6,1,val,current_repo_v1
588,23.52,0.6943277283887666,,6,1,val,current_repo_v1
589,23.56,0.7390417669992672,,6,1,val,current_repo_v1
590,23.6,0.6265568842801496,,6,1,val,current_repo_v1
591,23.64,0.6593582446876041,,6,1,val,current_repo_v1
592,23.68,0.9529179091213594,,6,1,val,current_repo_v1
593,23.72,0.9559592782104895,,6,1,val,current_repo_v1
594,23.76,0.7120491293802723,,6,1,val,current_repo_v1
595,23.8,-0.28775911549863464,,6,1,val,current_repo_v1
596,23.84,-0.9458860996145767,,6,1,val,current_repo_v1
597,23.88,-1.46293108815553,,6,1,val,current_repo_v1
598,23.92,-1.7792457168138947,,6,1,val,current_repo_v1
599,23.96,-1.6142688349059016,,6,1,val,current_repo_v1
600,24.0,-1.1600760481401702,,6,1,val,current_repo_v1
601,24.04,-0.9982580996799676,,6,1,val,current_repo_v1
602,24.08,-1.0510963919915715,,6,1,val,current_repo_v1
603,24.12,-1.0019711856017748,,6,1,val,current_repo_v1
604,24.16,-1.0870285121395635,,6,1,val,current_repo_v1
605,24.2,-1.385036144083817,,6,1,val,current_repo_v1
606,24.24,-1.1817391246881328,,6,1,val,current_repo_v1
607,24.28,-1.2034114533424278,,6,1,val,current_repo_v1
608,24.32,-1.2200289319625839,,6,1,val,current_repo_v1
609,24.36,-1.1900955158240583,,6,1,val,current_repo_v1
610,24.4,-1.2657315546564702,,6,1,val,current_repo_v1
611,24.44,-0.872139160027005,,6,1,val,current_repo_v1
612,24.48,-0.7983257165773746,,6,1,val,current_repo_v1
613,24.52,-1.2334710598635628,,6,1,val,current_repo_v1
614,24.56,-1.5678777998491142,,6,1,val,current_repo_v1
615,24.6,-1.2883695806048026,,6,1,val,current_repo_v1
616,24.64,-0.8110643365735416,,6,1,val,current_repo_v1
617,24.68,-1.8715377731153964,,6,1,val,current_repo_v1
618,24.72,-1.7350807524536342,,6,1,val,current_repo_v1
619,24.76,-1.1452064524050434,,6,1,val,current_repo_v1
620,24.8,-1.2528451096531121,,6,1,val,current_repo_v1
621,24.84,-0.9676850360397368,,6,1,val,current_repo_v1
622,24.88,-1.0556696455434587,,6,1,val,current_repo_v1
623,24.92,-0.8144620161035345,,6,1,val,current_repo_v1
624,24.96,-0.9542872208585607,,6,1,val,current_repo_v1
625,25.0,-0.6970376912029512,,6,1,val,current_repo_v1
626,25.04,-0.4175371936413682,,6,1,val,current_repo_v1
627,25.08,0.5128635929963642,,6,1,val,current_repo_v1
628,25.12,0.8655517298830165,,6,1,val,current_repo_v1
629,25.16,0.6996436547767825,,6,1,val,current_repo_v1
630,25.2,0.7263144860507106,,6,1,val,current_repo_v1
631,25.24,1.1653158011715392,,6,1,val,current_repo_v1
632,25.28,1.1267076657874846,,6,1,val,current_repo_v1
633,25.32,0.7290283444886142,,6,1,val,current_repo_v1
634,25.36,0.22725371397287186,,6,1,val,current_repo_v1
635,25.4,0.8742039101627431,,6,1,val,current_repo_v1
636,25.44,0.6038196590564034,,6,1,val,current_repo_v1
637,25.48,0.6432705708932213,,6,1,val,current_repo_v1
638,25.52,0.42500774776949457,,6,1,val,current_repo_v1
639,25.56,0.8525393031911767,,6,1,val,current_repo_v1
640,25.6,0.7506303432218409,,6,1,val,current_repo_v1
641,25.64,0.6284949570803136,,6,1,val,current_repo_v1
642,25.68,0.833317600114921,,6,1,val,current_repo_v1
643,25.72,0.7088016400575856,,6,1,val,current_repo_v1
644,25.76,0.20623981529178395,,6,1,val,current_repo_v1
645,25.8,0.2427102619424345,,6,1,val,current_repo_v1
646,25.84,-0.06276888934028656,,6,1,val,current_repo_v1
647,25.88,0.03247623234752024,,6,1,val,current_repo_v1
648,25.92,0.4493673611427534,,6,1,val,current_repo_v1
649,25.96,0.45969326832743135,,6,1,val,current_repo_v1
650,26.0,0.2015523364872813,,6,1,val,current_repo_v1
651,26.04,-0.20876772726181825,,6,1,val,current_repo_v1
652,26.08,-0.3769114382121035,,6,1,val,current_repo_v1
653,26.12,-0.5156742855095667,,6,1,val,current_repo_v1
654,26.16,0.044433066749773306,,6,1,val,current_repo_v1
655,26.2,-0.05430710766982224,,6,1,val,current_repo_v1
656,26.24,0.47663178808085227,,6,1,val,current_repo_v1
657,26.28,0.5231351701431051,,6,1,val,current_repo_v1
658,26.32,0.7553345175565674,,6,1,val,current_repo_v1
659,26.36,0.49274158345278174,,6,1,val,current_repo_v1
660,26.4,0.8238238955471977,,6,1,val,current_repo_v1
661,26.44,0.9865759589234304,,6,1,val,current_repo_v1
662,26.48,0.7671511964608259,,6,1,val,current_repo_v1
663,26.52,0.721199671237184,,6,1,val,current_repo_v1
664,26.56,1.1597219637700038,,6,1,val,current_repo_v1
665,26.6,1.0710712026103462,,6,1,val,current_repo_v1
666,26.64,0.925579187073764,,6,1,val,current_repo_v1
667,26.68,1.0271192453898597,,6,1,val,current_repo_v1
668,26.72,1.2360674930722244,,6,1,val,current_repo_v1
669,26.76,1.2625321345478868,,6,1,val,current_repo_v1
670,26.8,1.0680348421802832,,6,1,val,current_repo_v1
671,26.84,1.1463658178496783,,6,1,val,current_repo_v1
672,26.88,1.5208834996335678,,6,1,val,current_repo_v1
673,26.92,1.5716209377253245,,6,1,val,current_repo_v1
674,26.96,1.5242189883134767,,6,1,val,current_repo_v1
675,27.0,1.8878632190860518,,6,1,val,current_repo_v1
676,27.04,1.6439879917398865,,6,1,val,current_repo_v1
677,27.08,1.47838363615431,,6,1,val,current_repo_v1
678,27.12,1.786959608295035,,6,1,val,current_repo_v1
679,27.16,2.066545183496051,,6,1,val,current_repo_v1
680,27.2,1.9441096256340389,,6,1,val,current_repo_v1
681,27.24,2.1273085657461284,,6,1,val,current_repo_v1
682,27.28,1.7486670184322133,,6,1,val,current_repo_v1
683,27.32,1.734635816573166,,6,1,val,current_repo_v1
684,27.36,1.7609866501844682,,6,1,val,current_repo_v1
685,27.4,1.6428026090939858,,6,1,val,current_repo_v1
686,27.44,1.6976098609366679,,6,1,val,current_repo_v1
687,27.48,1.5693122241541888,,6,1,val,current_repo_v1
688,27.52,1.3684950475144355,,6,1,val,current_repo_v1
689,27.56,1.4363737864871249,,6,1,val,current_repo_v1
690,27.6,1.5474051841708287,,6,1,val,current_repo_v1
691,27.64,1.7799594507309686,,6,1,val,current_repo_v1
692,27.68,1.7261274961122024,,6,1,val,current_repo_v1
693,27.72,1.4911109171028665,,6,1,val,current_repo_v1
694,27.76,1.7021766449705933,,6,1,val,current_repo_v1
695,27.8,1.355425229937451,,6,1,val,current_repo_v1
696,27.84,1.4556894019208904,,6,1,val,current_repo_v1
697,27.88,1.669283667841035,,6,1,val,current_repo_v1
698,27.92,1.6695783439494876,,6,1,val,current_repo_v1
699,27.96,1.6464887039085976,,6,1,val,current_repo_v1
700,28.0,1.485069361232492,,6,1,val,current_repo_v1
701,28.04,1.6346462860619104,,6,1,val,current_repo_v1
702,28.08,1.3574067111161972,,6,1,val,current_repo_v1
703,28.12,1.253296445486833,,6,1,val,current_repo_v1
704,28.16,0.73397536922339,,6,1,val,current_repo_v1
705,28.2,-0.04836990755893609,,6,1,val,current_repo_v1
706,28.24,-0.03935526036157649,,6,1,val,current_repo_v1
707,28.28,0.1369540083359391,,6,1,val,current_repo_v1
708,28.32,0.7313072843641838,,6,1,val,current_repo_v1
709,28.36,0.7226875908036846,,6,1,val,current_repo_v1
710,28.4,0.7246861849009103,,6,1,val,current_repo_v1
711,28.44,0.7500615125941689,,6,1,val,current_repo_v1
712,28.48,0.9208054480297709,,6,1,val,current_repo_v1
713,28.52,1.0917655905817731,,6,1,val,current_repo_v1
714,28.56,1.0303156046512356,,6,1,val,current_repo_v1
715,28.6,1.1946773258351853,,6,1,val,current_repo_v1
716,28.64,1.0297309828345602,,6,1,val,current_repo_v1
717,28.68,1.1137380213918437,,6,1,val,current_repo_v1
718,28.72,0.8306072894771899,,6,1,val,current_repo_v1
719,28.76,0.3264408851274478,,6,1,val,current_repo_v1
720,28.8,-0.16103313680143555,,6,1,val,current_repo_v1
721,28.84,-0.4978492331012539,,6,1,val,current_repo_v1
722,28.88,0.1302514833804692,,6,1,val,current_repo_v1
723,28.92,0.019647195620484163,,6,1,val,current_repo_v1
724,28.96,-0.4636651349677098,,6,1,val,current_repo_v1
725,29.0,-0.15183776048940165,,6,1,val,current_repo_v1
726,29.04,0.20769545683318488,,6,1,val,current_repo_v1
727,29.08,0.05790700311406421,,6,1,val,current_repo_v1
728,29.12,0.3754704400420032,,6,1,val,current_repo_v1
729,29.16,-0.10736768531429858,,6,1,val,current_repo_v1
730,29.2,0.09301161626297687,,6,1,val,current_repo_v1
731,29.24,-0.042264360851625084,,6,1,val,current_repo_v1
732,29.28,0.17703467209456905,,6,1,val,current_repo_v1
733,29.32,-0.39492320230008754,,6,1,val,current_repo_v1
734,29.36,-0.416167116692365,,6,1,val,current_repo_v1
735,29.4,-0.7424995504380664,,6,1,val,current_repo_v1
736,29.44,-0.46560045996185767,,6,1,val,current_repo_v1
737,29.48,-0.8508356634612408,,6,1,val,current_repo_v1
738,29.52,-0.9493742828313254,,6,1,val,current_repo_v1
739,29.56,-1.152160975519831,,6,1,val,current_repo_v1
740,29.6,-0.6286297039221627,,6,1,val,current_repo_v1
741,29.64,-0.14315597173029346,,6,1,val,current_repo_v1
742,29.68,0.6169635630487569,,6,1,val,current_repo_v1
743,29.72,1.4397938658535017,,6,1,val,current_repo_v1
744,29.76,1.03891964615215,,6,1,val,current_repo_v1
745,29.8,1.0787735463497483,,6,1,val,current_repo_v1
746,29.84,1.0953459470382998,,6,1,val,current_repo_v1
747,29.88,1.4071062437456978,,6,1,val,current_repo_v1
748,29.92,1.9956682055539767,,6,1,val,current_repo_v1
749,29.96,1.6076980307274278,,6,1,val,current_repo_v1
750,30.0,1.5442525115468722,,6,1,val,current_repo_v1
751,30.04,0.6972337941183734,,6,1,val,current_repo_v1
752,30.08,-0.080610315542043,,6,1,val,current_repo_v1
753,30.12,-0.7469267876652032,,6,1,val,current_repo_v1
754,30.16,-0.7992127361852314,,6,1,val,current_repo_v1
755,30.2,-0.43119810255299007,,6,1,val,current_repo_v1
756,30.24,0.16182445276051896,,6,1,val,current_repo_v1
757,30.28,0.43087459187254634,,6,1,val,current_repo_v1
758,30.32,0.8014600936827939,,6,1,val,current_repo_v1
759,30.36,0.6384425713760004,,6,1,val,current_repo_v1
760,30.4,0.26980665532530024,,6,1,val,current_repo_v1
761,30.44,0.1652626537336597,,6,1,val,current_repo_v1
762,30.48,0.04570253573799982,,6,1,val,current_repo_v1
763,30.52,-0.25331341927589396,,6,1,val,current_repo_v1
764,30.56,-0.8299663898107179,,6,1,val,current_repo_v1
765,30.6,-0.8214284347836068,,6,1,val,current_repo_v1
766,30.64,0.49764638240903286,,6,1,val,current_repo_v1
767,30.68,0.5198970720561693,,6,1,val,current_repo_v1
768,30.72,0.02261197396471191,,6,1,val,current_repo_v1
769,30.76,-0.050216494070825915,,6,1,val,current_repo_v1
770,30.8,0.4291256307345233,,6,1,val,current_repo_v1
771,30.84,0.5012675037851897,,6,1,val,current_repo_v1
772,30.88,1.030266352837075,,6,1,val,current_repo_v1
773,30.92,1.9132668596159819,,6,1,val,current_repo_v1
774,30.96,2.4950576708831,,6,1,val,current_repo_v1
775,31.0,2.3931359110072585,,6,1,val,current_repo_v1
776,31.04,2.442014858326252,,6,1,val,current_repo_v1
777,31.08,2.4537100772481315,,6,1,val,current_repo_v1
778,31.12,1.7670732839864474,,6,1,val,current_repo_v1
779,31.16,1.2133340243427788,,6,1,val,current_repo_v1
780,31.2,1.0855499838088138,,6,1,val,current_repo_v1
781,31.24,0.9357423824034676,,6,1,val,current_repo_v1
782,31.28,1.5739702770866717,,6,1,val,current_repo_v1
783,31.32,0.46297887911079605,,6,1,val,current_repo_v1
784,31.36,-0.6715148167613384,,6,1,val,current_repo_v1
785,31.4,-0.4165422791694391,,6,1,val,current_repo_v1
786,31.44,-0.19382915811745374,,6,1,val,current_repo_v1
787,31.48,1.4375207694135104,,6,1,val,current_repo_v1
788,31.52,1.992328264732675,,6,1,val,current_repo_v1
789,31.56,1.3914825665621224,,6,1,val,current_repo_v1
790,31.6,1.628761389916804,,6,1,val,current_repo_v1
791,31.64,1.472721347078856,,6,1,val,current_repo_v1
792,31.68,-0.3367103057682013,,6,1,val,current_repo_v1
793,31.72,-0.9916187046981569,,6,1,val,current_repo_v1
794,31.76,-1.3144619117564706,,6,1,val,current_repo_v1
795,31.8,-1.1535008613850124,,6,1,val,current_repo_v1
796,31.84,-1.3495740031116294,,6,1,val,current_repo_v1
797,31.88,-0.8985130195570745,,6,1,val,current_repo_v1
798,31.92,-0.7772186707505788,,6,1,val,current_repo_v1
799,31.96,-0.9198856634438496,,6,1,val,current_repo_v1
800,32.0,-0.7583486172796651,,6,1,val,current_repo_v1
801,32.04,-0.28527885535444786,,6,1,val,current_repo_v1
802,32.08,-0.44474791662391333,,6,1,val,current_repo_v1
803,32.12,-0.8087462317666549,,6,1,val,current_repo_v1
804,32.16,-0.549607324607368,,6,1,val,current_repo_v1
805,32.2,-0.07890771058715745,,6,1,val,current_repo_v1
806,32.24,-0.20023252004072317,,6,1,val,current_repo_v1
807,32.28,-0.6977885726747735,,6,1,val,current_repo_v1
808,32.32,-0.6690686433246923,,6,1,val,current_repo_v1
809,32.36,-0.7372510322533297,,6,1,val,current_repo_v1
810,32.4,-1.0031907940846345,,6,1,val,current_repo_v1
811,32.44,-1.5145183287356858,,6,1,val,current_repo_v1
812,32.48,-0.7436698375420562,,6,1,val,current_repo_v1
813,32.52,-0.24027104497671495,,6,1,val,current_repo_v1
814,32.56,-0.6455358760857747,,6,1,val,current_repo_v1
815,32.6,-0.5470699866192281,,6,1,val,current_repo_v1
816,32.64,0.47963621830936193,,6,1,val,current_repo_v1
817,32.68,0.40320324616759323,,6,1,val,current_repo_v1
818,32.72,-0.17698486376273426,,6,1,val,current_repo_v1
819,32.76,-0.37619846950683145,,6,1,val,current_repo_v1
820,32.8,-0.33505633524068174,,6,1,val,current_repo_v1
821,32.84,-0.2020248547749738,,6,1,val,current_repo_v1
822,32.88,-0.4080505846739902,,6,1,val,current_repo_v1
823,32.92,-0.385150717159979,,6,1,val,current_repo_v1
824,32.96,-0.9219379614966291,,6,1,val,current_repo_v1
825,33.0,-0.3568488717125892,,6,1,val,current_repo_v1
826,33.04,-0.05013143382257034,,6,1,val,current_repo_v1
827,33.08,-0.5106993305440204,,6,1,val,current_repo_v1
828,33.12,-0.5426788882585554,,6,1,val,current_repo_v1
829,33.16,-0.5295453494078826,,6,1,val,current_repo_v1
830,33.2,-0.6901769413162547,,6,1,val,current_repo_v1
831,33.24,-0.03978436157509806,,6,1,val,current_repo_v1
832,33.28,-0.21968990835197377,,6,1,val,current_repo_v1
833,33.32,-0.017463968089276565,,6,1,val,current_repo_v1
834,33.36,-0.005151918890331583,,6,1,val,current_repo_v1
835,33.4,0.4937937496804371,,6,1,val,current_repo_v1
836,33.44,-0.09493717611106145,,6,1,val,current_repo_v1
837,33.48,-0.2630750871037116,,6,1,val,current_repo_v1
838,33.52,-0.08995169948323856,,6,1,val,current_repo_v1
839,33.56,0.4394177294704978,,6,1,val,current_repo_v1
840,33.6,0.5127639067679853,,6,1,val,current_repo_v1
841,33.64,0.2958102219079443,,6,1,val,current_repo_v1
842,33.68,0.6359936153509835,,6,1,val,current_repo_v1
843,33.72,0.4709889771239932,,6,1,val,current_repo_v1
844,33.76,0.4685146299800941,,6,1,val,current_repo_v1
845,33.8,0.5046085576418399,,6,1,val,current_repo_v1
846,33.84,0.7200744620647989,,6,1,val,current_repo_v1
847,33.88,0.748203856597917,,6,1,val,current_repo_v1
848,33.92,0.5476449041589609,,6,1,val,current_repo_v1
849,33.96,0.7126306207850308,,6,1,val,current_repo_v1
850,34.0,0.6042907512675559,,6,1,val,current_repo_v1
851,34.04,0.03435018387691777,,6,1,val,current_repo_v1
852,34.08,0.3147471270644632,,6,1,val,current_repo_v1
853,34.12,0.6072651991063718,,6,1,val,current_repo_v1
854,34.16,-0.25774848253282323,,6,1,val,current_repo_v1
855,34.2,-0.40814407964324434,,6,1,val,current_repo_v1
856,34.24,0.039067105944617445,,6,1,val,current_repo_v1
857,34.28,-0.06117761400699334,,6,1,val,current_repo_v1
858,34.32,-0.4719567613593083,,6,1,val,current_repo_v1
859,34.36,-0.4089875517431003,,6,1,val,current_repo_v1
860,34.4,0.4146569364188992,,6,1,val,current_repo_v1
861,34.44,0.36586195370399033,,6,1,val,current_repo_v1
862,34.48,-0.26772844441831906,,6,1,val,current_repo_v1
863,34.52,-0.9046315139958978,,6,1,val,current_repo_v1
864,34.56,-1.101090322470688,,6,1,val,current_repo_v1
865,34.6,-1.0995256034651573,,6,1,val,current_repo_v1
866,34.64,-1.9726050001026079,,6,1,val,current_repo_v1
867,34.68,-1.8970529954389899,,6,1,val,current_repo_v1
868,34.72,-2.369249337657012,,6,1,val,current_repo_v1
869,34.76,-1.9837551099626751,,6,1,val,current_repo_v1
870,34.8,-1.1223641844703047,,6,1,val,current_repo_v1
871,34.84,-0.9474696010916094,,6,1,val,current_repo_v1
872,34.88,-1.2450085060248255,,6,1,val,current_repo_v1
873,34.92,-1.0589665258097245,,6,1,val,current_repo_v1
874,34.96,-0.867836374064746,,6,1,val,current_repo_v1
875,35.0,-0.2926845056088286,,6,1,val,current_repo_v1
876,35.04,-0.2477388512988253,,6,1,val,current_repo_v1
877,35.08,-1.3149989513120077,,6,1,val,current_repo_v1
878,35.12,-1.6788023461393846,,6,1,val,current_repo_v1
879,35.16,-1.1202600607091218,,6,1,val,current_repo_v1
880,35.2,-0.7664780883339635,,6,1,val,current_repo_v1
881,35.24,-0.6785467653975397,,6,1,val,current_repo_v1
882,35.28,-0.7051740491634669,,6,1,val,current_repo_v1
883,35.32,-0.4383732153608617,,6,1,val,current_repo_v1
884,35.36,-0.04176939055401682,,6,1,val,current_repo_v1
885,35.4,-0.2817254552227619,,6,1,val,current_repo_v1
886,35.44,-1.3938060278516227,,6,1,val,current_repo_v1
887,35.48,-1.6934777172062396,,6,1,val,current_repo_v1
888,35.52,-1.5129216795286018,,6,1,val,current_repo_v1
889,35.56,-1.2613751343033668,,6,1,val,current_repo_v1
890,35.6,-1.6567981938218885,,6,1,val,current_repo_v1
891,35.64,-1.5674545681579368,,6,1,val,current_repo_v1
892,35.68,-0.5417916251742161,,6,1,val,current_repo_v1
893,35.72,-0.2558963917133127,,6,1,val,current_repo_v1
894,35.76,-0.3019703160429089,,6,1,val,current_repo_v1
895,35.8,-0.4551666231307528,,6,1,val,current_repo_v1
896,35.84,0.006538787021033934,,6,1,val,current_repo_v1
897,35.88,-0.4448146291800999,,6,1,val,current_repo_v1
898,35.92,-0.7208877430808331,,6,1,val,current_repo_v1
899,35.96,-0.8600397005795783,,6,1,val,current_repo_v1
900,36.0,-0.9608110688582796,,6,1,val,current_repo_v1
901,36.04,-1.5064941786512167,,6,1,val,current_repo_v1
902,36.08,-1.3922850650482206,,6,1,val,current_repo_v1
903,36.12,-0.9045695318399414,,6,1,val,current_repo_v1
904,36.16,-0.3824893800775716,,6,1,val,current_repo_v1
905,36.2,-0.570189435138039,,6,1,val,current_repo_v1
906,36.24,-0.7362313527449017,,6,1,val,current_repo_v1
907,36.28,-0.5801786491298673,,6,1,val,current_repo_v1
908,36.32,-1.4056896280061955,,6,1,val,current_repo_v1
909,36.36,-0.9780098301890664,,6,1,val,current_repo_v1
910,36.4,-0.9005849348578672,,6,1,val,current_repo_v1
911,36.44,-0.2251560945120053,,6,1,val,current_repo_v1
912,36.48,-0.6446593607490171,,6,1,val,current_repo_v1
913,36.52,-0.9769893854688366,,6,1,val,current_repo_v1
914,36.56,-1.134613138477945,,6,1,val,current_repo_v1
915,36.6,-1.2446787693029024,,6,1,val,current_repo_v1
916,36.64,-1.073334281732203,,6,1,val,current_repo_v1
917,36.68,-0.7606307571318609,,6,1,val,current_repo_v1
918,36.72,-1.2677133140940535,,6,1,val,current_repo_v1
919,36.76,-1.688403667312343,,6,1,val,current_repo_v1
920,36.8,-1.7854124891609486,,6,1,val,current_repo_v1
921,36.84,-1.6475202094176007,,6,1,val,current_repo_v1
922,36.88,-1.6233492555358726,,6,1,val,current_repo_v1
923,36.92,-1.2971522642791131,,6,1,val,current_repo_v1
924,36.96,-1.6998178448087857,,6,1,val,current_repo_v1
925,37.0,-2.0216247463931567,,6,1,val,current_repo_v1
926,37.04,-1.8305942113118479,,6,1,val,current_repo_v1
927,37.08,-1.8208573780852384,,6,1,val,current_repo_v1
928,37.12,-1.548142013571379,,6,1,val,current_repo_v1
929,37.16,-1.7262632864246905,,6,1,val,current_repo_v1
930,37.2,-1.881376449076372,,6,1,val,current_repo_v1
931,37.24,-1.908624945696049,,6,1,val,current_repo_v1
932,37.28,-2.182514840761163,,6,1,val,current_repo_v1
933,37.32,-2.126825786663819,,6,1,val,current_repo_v1
934,37.36,-1.8774877818283762,,6,1,val,current_repo_v1
935,37.4,-1.6222198029162223,,6,1,val,current_repo_v1
936,37.44,-1.0471531860115109,,6,1,val,current_repo_v1
937,37.48,-1.219281250467388,,6,1,val,current_repo_v1
938,37.52,-2.246122863102565,,6,1,val,current_repo_v1
939,37.56,-1.8024611298491384,,6,1,val,current_repo_v1
940,37.6,-1.3104163065243697,,6,1,val,current_repo_v1
941,37.64,-0.9126754204577984,,6,1,val,current_repo_v1
942,37.68,-1.579960076813352,,6,1,val,current_repo_v1
943,37.72,-2.046890092281065,,6,1,val,current_repo_v1
944,37.76,-1.6081218189362791,,6,1,val,current_repo_v1
945,37.8,-1.5180213292355083,,6,1,val,current_repo_v1
946,37.84,-1.795355233926987,,6,1,val,current_repo_v1
947,37.88,-1.6432116495844726,,6,1,val,current_repo_v1
948,37.92,-1.3498945572919294,,6,1,val,current_repo_v1
949,37.96,-0.9636132049122423,,6,1,val,current_repo_v1
950,38.0,-1.1220980994573604,,6,1,val,current_repo_v1
951,38.04,-1.0849055363421694,,6,1,val,current_repo_v1
952,38.08,-1.1424788897194142,,6,1,val,current_repo_v1
953,38.12,-1.3781968201275747,,6,1,val,current_repo_v1
954,38.16,-0.6812061546680876,,6,1,val,current_repo_v1
955,38.2,-1.132886472829242,,6,1,val,current_repo_v1
956,38.24,-1.5248445141792009,,6,1,val,current_repo_v1
957,38.28,-1.331255667349908,,6,1,val,current_repo_v1
958,38.32,-1.4095974951139487,,6,1,val,current_repo_v1
959,38.36,-1.5912164815491783,,6,1,val,current_repo_v1
960,38.4,-1.5316042561080423,,6,1,val,current_repo_v1
961,38.44,-1.3082962524447648,,6,1,val,current_repo_v1
962,38.48,-1.422032604283586,,6,1,val,current_repo_v1
963,38.52,-1.2637528560660949,,6,1,val,current_repo_v1
964,38.56,-1.428628451757396,,6,1,val,current_repo_v1
965,38.6,-0.5871671198227769,,6,1,val,current_repo_v1
966,38.64,0.14504294055591246,,6,1,val,current_repo_v1
967,38.68,0.18893580255587697,,6,1,val,current_repo_v1
968,38.72,0.007981176485319586,,6,1,val,current_repo_v1
969,38.76,-0.4502771284105403,,6,1,val,current_repo_v1
970,38.8,-0.36944592752539895,,6,1,val,current_repo_v1
971,38.84,-0.41275232424389247,,6,1,val,current_repo_v1
972,38.88,-0.17699472456027276,,6,1,val,current_repo_v1
973,38.92,-0.17987487743567787,,6,1,val,current_repo_v1
974,38.96,-0.8847335028161534,,6,1,val,current_repo_v1
975,39.0,-0.7689845048088344,,6,1,val,current_repo_v1
976,39.04,-1.0557675230893966,,6,1,val,current_repo_v1
977,39.08,-1.194352041254655,,6,1,val,current_repo_v1
978,39.12,-0.7272728094855655,,6,1,val,current_repo_v1
979,39.16,-0.485002961717497,,6,1,val,current_repo_v1
980,39.2,-0.7136006310910424,,6,1,val,current_repo_v1
981,39.24,-0.7240107115739328,,6,1,val,current_repo_v1
982,39.28,-1.0427660180569116,,6,1,val,current_repo_v1
983,39.32,-1.291019996027855,,6,1,val,current_repo_v1
984,39.36,-0.9807596535816608,,6,1,val,current_repo_v1
985,39.4,-1.2781204728591549,,6,1,val,current_repo_v1
986,39.44,-1.2783124714567302,,6,1,val,current_repo_v1
987,39.48,-0.6521737406439814,,6,1,val,current_repo_v1
988,39.52,-1.0760467488759213,,6,1,val,current_repo_v1
989,39.56,-1.1239601380302962,,6,1,val,current_repo_v1
990,39.6,-0.9221097863285173,,6,1,val,current_repo_v1
991,39.64,-0.52497926102105,,6,1,val,current_repo_v1
992,39.68,-0.6069621056680977,,6,1,val,current_repo_v1
993,39.72,-1.1584962335927285,,6,1,val,current_repo_v1
994,39.76,-1.373505654393481,,6,1,val,current_repo_v1
995,39.8,-1.6117926095148523,,6,1,val,current_repo_v1
996,39.84,-1.9887629342533497,,6,1,val,current_repo_v1
997,39.88,-1.829282220895082,,6,1,val,current_repo_v1
998,39.92,-1.8826839873517445,,6,1,val,current_repo_v1
999,39.96,-1.9136923173778557,,6,1,val,current_repo_v1
1000,40.0,-1.867202778692747,,6,1,val,current_repo_v1
1001,40.04,-2.0394419379893227,,6,1,val,current_repo_v1
1002,40.08,-2.037306301414842,,6,1,val,current_repo_v1
1003,40.12,-2.571502608154862,,6,1,val,current_repo_v1
1004,40.16,-2.511927669397893,,6,1,val,current_repo_v1
1005,40.2,-2.1648715609381637,,6,1,val,current_repo_v1
1006,40.24,-1.8077742040840745,,6,1,val,current_repo_v1
1007,40.28,-1.628233254644053,,6,1,val,current_repo_v1
1008,40.32,-1.7124491264585546,,6,1,val,current_repo_v1
1009,40.36,-0.9952008698371246,,6,1,val,current_repo_v1
1010,40.4,-0.8301794665152011,,6,1,val,current_repo_v1
1011,40.44,-0.6139205939713136,,6,1,val,current_repo_v1
1012,40.48,-0.09829186465072777,,6,1,val,current_repo_v1
1013,40.52,-0.06448331160015874,,6,1,val,current_repo_v1
1014,40.56,-0.030322969814829178,,6,1,val,current_repo_v1
1015,40.6,-0.5069441927554617,,6,1,val,current_repo_v1
1016,40.64,-0.35326712396187715,,6,1,val,current_repo_v1
1017,40.68,-0.07539293626029167,,6,1,val,current_repo_v1
1018,40.72,0.6146518581951228,,6,1,val,current_repo_v1
1019,40.76,0.4556251241295281,,6,1,val,current_repo_v1
1020,40.8,-0.6486609315201524,,6,1,val,current_repo_v1
1021,40.84,-0.21030719427788527,,6,1,val,current_repo_v1
1022,40.88,0.5726816604122196,,6,1,val,current_repo_v1
1023,40.92,1.488063704578158,,6,1,val,current_repo_v1
1024,40.96,1.070176739578598,,6,1,val,current_repo_v1
1025,41.0,0.8766935615426809,,6,1,val,current_repo_v1
1026,41.04,0.2519743681872237,,6,1,val,current_repo_v1
1027,41.08,-1.0326225791046395,,6,1,val,current_repo_v1
1028,41.12,-1.0240096333209392,,6,1,val,current_repo_v1
1029,41.16,-0.10791806390283758,,6,1,val,current_repo_v1
1030,41.2,-1.4517781957070923,,6,1,val,current_repo_v1
1031,41.24,-0.7924612028920832,,6,1,val,current_repo_v1
1032,41.28,0.5800555195944656,,6,1,val,current_repo_v1
1033,41.32,-0.8760475140877232,,6,1,val,current_repo_v1
1034,41.36,-1.0234918631898688,,6,1,val,current_repo_v1
1035,41.4,-1.0361660662652552,,6,1,val,current_repo_v1
1036,41.44,-0.654444054495602,,6,1,val,current_repo_v1
1037,41.48,-0.4100660829955677,,6,1,val,current_repo_v1
1038,41.52,-0.6807752708588911,,6,1,val,current_repo_v1
1039,41.56,-0.9976904516523531,,6,1,val,current_repo_v1
1040,41.6,0.46834245732465957,,6,1,val,current_repo_v1
1041,41.64,0.3796417834861032,,6,1,val,current_repo_v1
1042,41.68,-1.002900152729319,,6,1,val,current_repo_v1
1043,41.72,-0.9723613149260475,,6,1,val,current_repo_v1
1044,41.76,-1.0787142772174534,,6,1,val,current_repo_v1
1045,41.8,-0.5774744949689063,,6,1,val,current_repo_v1
1046,41.84,-0.3354288542588037,,6,1,val,current_repo_v1
1047,41.88,-0.35069329928372694,,6,1,val,current_repo_v1
1048,41.92,-0.22413387589168915,,6,1,val,current_repo_v1
1049,41.96,-1.0483197166212004,,6,1,val,current_repo_v1
1050,42.0,-0.3282674456986575,,6,1,val,current_repo_v1
1051,42.04,-0.22732710474114798,,6,1,val,current_repo_v1
1052,42.08,-0.07902522277228584,,6,1,val,current_repo_v1
1053,42.12,-0.04076531093164189,,6,1,val,current_repo_v1
1054,42.16,-0.15122235628887581,,6,1,val,current_repo_v1
1055,42.2,-0.7391401314981699,,6,1,val,current_repo_v1
1056,42.24,-0.8056663238285912,,6,1,val,current_repo_v1
1057,42.28,-0.7067316725686525,,6,1,val,current_repo_v1
1058,42.32,-0.45105750531909156,,6,1,val,current_repo_v1
1059,42.36,-0.4161232561431725,,6,1,val,current_repo_v1
1060,42.4,-0.8946708215348688,,6,1,val,current_repo_v1
1061,42.44,-0.8733805422638652,,6,1,val,current_repo_v1
1062,42.48,-0.6469267528828485,,6,1,val,current_repo_v1
1063,42.52,-1.0390300453457557,,6,1,val,current_repo_v1
1064,42.56,-1.1579731069790447,,6,1,val,current_repo_v1
1065,42.6,-1.0245472293941504,,6,1,val,current_repo_v1
1066,42.64,-1.3638873594314616,,6,1,val,current_repo_v1
1067,42.68,-0.9957451441224255,,6,1,val,current_repo_v1
1068,42.72,-0.8110499366787234,,6,1,val,current_repo_v1
1069,42.76,-1.3240977370252252,,6,1,val,current_repo_v1
1070,42.8,-1.4307640883318766,,6,1,val,current_repo_v1
1071,42.84,-1.5041501262077739,,6,1,val,current_repo_v1
1072,42.88,-1.3543661768035782,,6,1,val,current_repo_v1
1073,42.92,-1.5009587756054652,,6,1,val,current_repo_v1
1074,42.96,-0.9687000547126439,,6,1,val,current_repo_v1
1075,43.0,-1.3012131737472525,,6,1,val,current_repo_v1
1076,43.04,-1.3110835712156537,,6,1,val,current_repo_v1
1077,43.08,-0.6583692432159626,,6,1,val,current_repo_v1
1078,43.12,-1.0006296997482802,,6,1,val,current_repo_v1
1079,43.16,-0.9533453146950926,,6,1,val,current_repo_v1
1080,43.2,-1.1109263549727115,,6,1,val,current_repo_v1
1081,43.24,-1.2617340882031818,,6,1,val,current_repo_v1
1082,43.28,-1.5398671522747138,,6,1,val,current_repo_v1
1083,43.32,-2.3222066204038163,,6,1,val,current_repo_v1
1084,43.36,-2.459871006159607,,6,1,val,current_repo_v1
1085,43.4,-2.6910122743451264,,6,1,val,current_repo_v1
1086,43.44,-2.880372143368692,,6,1,val,current_repo_v1
1087,43.48,-2.5196006568299847,,6,1,val,current_repo_v1
1088,43.52,-2.747435653513487,,6,1,val,current_repo_v1
1089,43.56,-2.477993169441197,,6,1,val,current_repo_v1
1090,43.6,-2.1028930223466196,,6,1,val,current_repo_v1
1091,43.64,-1.8781249945652572,,6,1,val,current_repo_v1
1092,43.68,-1.9224455056154373,,6,1,val,current_repo_v1
1093,43.72,-2.1977464512433125,,6,1,val,current_repo_v1
1094,43.76,-2.083596050254937,,6,1,val,current_repo_v1
1095,43.8,-2.096657798325647,,6,1,val,current_repo_v1
1096,43.84,-2.316746068985235,,6,1,val,current_repo_v1
1097,43.88,-2.3441005822218344,,6,1,val,current_repo_v1
1098,43.92,-1.5643491995362817,,6,1,val,current_repo_v1
1099,43.96,-1.034734354983842,,6,1,val,current_repo_v1
1100,44.0,-1.8627400634638842,,6,1,val,current_repo_v1
1101,44.04,-1.814769909506748,,6,1,val,current_repo_v1
1102,44.08,-1.8083318347935546,,6,1,val,current_repo_v1
1103,44.12,-1.199825114320904,,6,1,val,current_repo_v1
1104,44.16,-0.8838583787735811,,6,1,val,current_repo_v1
1105,44.2,-0.8779402306974453,,6,1,val,current_repo_v1
1106,44.24,-0.7343653489835379,,6,1,val,current_repo_v1
1107,44.28,-0.5702109306332024,,6,1,val,current_repo_v1
1108,44.32,-0.795058679571384,,6,1,val,current_repo_v1
1109,44.36,-1.0013137295344974,,6,1,val,current_repo_v1
1110,44.4,-1.479499175832107,,6,1,val,current_repo_v1
1111,44.44,-1.5488857994428562,,6,1,val,current_repo_v1
1112,44.48,-1.351805917243735,,6,1,val,current_repo_v1
1113,44.52,-1.629922007526206,,6,1,val,current_repo_v1
1114,44.56,-2.050746759762798,,6,1,val,current_repo_v1
1115,44.6,-2.161871652415756,,6,1,val,current_repo_v1
1116,44.64,-1.9467614323512767,,6,1,val,current_repo_v1
1117,44.68,-2.3747624799957983,,6,1,val,current_repo_v1
1118,44.72,-2.2975773742174406,,6,1,val,current_repo_v1
1119,44.76,-1.6686194639969587,,6,1,val,current_repo_v1
1120,44.8,-1.7284442791896129,,6,1,val,current_repo_v1
1121,44.84,-1.7197216994241085,,6,1,val,current_repo_v1
1122,44.88,-1.7707863699082547,,6,1,val,current_repo_v1
1123,44.92,-1.9645034940614348,,6,1,val,current_repo_v1
1124,44.96,-1.7609693981365702,,6,1,val,current_repo_v1
1125,45.0,-1.763587535534523,,6,1,val,current_repo_v1
1126,45.04,-1.6516103360636323,,6,1,val,current_repo_v1
1127,45.08,-1.721450521578799,,6,1,val,current_repo_v1
1128,45.12,-2.0160823868764783,,6,1,val,current_repo_v1
1129,45.16,-1.5988969819698708,,6,1,val,current_repo_v1
1130,45.2,-1.4675969323354507,,6,1,val,current_repo_v1
1131,45.24,-1.0073118074615803,,6,1,val,current_repo_v1
1132,45.28,-0.7380147831963663,,6,1,val,current_repo_v1
1133,45.32,-0.6681894149642733,,6,1,val,current_repo_v1
1134,45.36,-0.15343355752879717,,6,1,val,current_repo_v1
1135,45.4,-0.30110600931262765,,6,1,val,current_repo_v1
1136,45.44,-1.4474724184623347,,6,1,val,current_repo_v1
1137,45.48,-1.4104845842865148,,6,1,val,current_repo_v1
1138,45.52,-1.6475605569489753,,6,1,val,current_repo_v1
1139,45.56,-1.1053460131247737,,6,1,val,current_repo_v1
1140,45.6,-1.245091148899434,,6,1,val,current_repo_v1
1141,45.64,-1.1743911435777339,,6,1,val,current_repo_v1
1142,45.68,-0.3628978710068553,,6,1,val,current_repo_v1
1143,45.72,-0.01576094574613542,,6,1,val,current_repo_v1
1144,45.76,0.21565967692062074,,6,1,val,current_repo_v1
1145,45.8,-0.10734701590005777,,6,1,val,current_repo_v1
1146,45.84,-0.7744583430868853,,6,1,val,current_repo_v1
1147,45.88,-0.7203431209719859,,6,1,val,current_repo_v1
1148,45.92,-0.5646868318527065,,6,1,val,current_repo_v1
1149,45.96,-0.29279351350824917,,6,1,val,current_repo_v1
1150,46.0,-0.6557369841820286,,6,1,val,current_repo_v1
1151,46.04,-1.4977165036359734,,6,1,val,current_repo_v1
1152,46.08,-1.8571309218263101,,6,1,val,current_repo_v1
1153,46.12,-1.7036319386884478,,6,1,val,current_repo_v1
1154,46.16,-0.9556583412782028,,6,1,val,current_repo_v1
1155,46.2,-0.8547495826987003,,6,1,val,current_repo_v1
1156,46.24,-1.319383197548818,,6,1,val,current_repo_v1
1157,46.28,-0.820632266686052,,6,1,val,current_repo_v1
1158,46.32,-1.0580841670373886,,6,1,val,current_repo_v1
1159,46.36,-0.6269721855944704,,6,1,val,current_repo_v1
1160,46.4,-0.6677120619292868,,6,1,val,current_repo_v1
1161,46.44,-0.8978692677375226,,6,1,val,current_repo_v1
1162,46.48,-0.9623090057429146,,6,1,val,current_repo_v1
1163,46.52,-0.22088636917782514,,6,1,val,current_repo_v1
1164,46.56,-0.20282189243139442,,6,1,val,current_repo_v1
1165,46.6,-0.3044643499995304,,6,1,val,current_repo_v1
1166,46.64,0.12261724349143885,,6,1,val,current_repo_v1
1167,46.68,0.09131957644831117,,6,1,val,current_repo_v1
1168,46.72,-0.062408178931562586,,6,1,val,current_repo_v1
1169,46.76,-0.4904897738138261,,6,1,val,current_repo_v1
1170,46.8,-1.0907154417306866,,6,1,val,current_repo_v1
1171,46.84,0.020880769218729184,,6,1,val,current_repo_v1
1172,46.88,0.4873132404945912,,6,1,val,current_repo_v1
1173,46.92,0.9152836101023262,,6,1,val,current_repo_v1
1174,46.96,1.1955020850282485,,6,1,val,current_repo_v1
1175,47.0,0.952305878809233,,6,1,val,current_repo_v1
1176,47.04,0.8894667551993534,,6,1,val,current_repo_v1
1177,47.08,0.6971681945975351,,6,1,val,current_repo_v1
1178,47.12,-0.16957954394072253,,6,1,val,current_repo_v1
1179,47.16,0.031597143116519844,,6,1,val,current_repo_v1
1180,47.2,0.028604051935620645,,6,1,val,current_repo_v1
1181,47.24,-0.2398536219387615,,6,1,val,current_repo_v1
1182,47.28,-0.43558707919003026,,6,1,val,current_repo_v1
1183,47.32,-1.0462190710954806,,6,1,val,current_repo_v1
1184,47.36,-1.0066631861123796,,6,1,val,current_repo_v1
1185,47.4,-0.8272422357958429,,6,1,val,current_repo_v1
1186,47.44,-0.7527947795859578,,6,1,val,current_repo_v1
1187,47.48,-0.9302940743737176,,6,1,val,current_repo_v1
1188,47.52,-0.8131829993589612,,6,1,val,current_repo_v1
1189,47.56,-1.062570534267402,,6,1,val,current_repo_v1
1190,47.6,-0.7618893218519099,,6,1,val,current_repo_v1
1191,47.64,-0.33561240074420323,,6,1,val,current_repo_v1
1192,47.68,-0.7443427369747908,,6,1,val,current_repo_v1
1193,47.72,-0.12577387260823486,,6,1,val,current_repo_v1
1194,47.76,-0.048376368381309216,,6,1,val,current_repo_v1
1195,47.8,-0.3835462419231025,,6,1,val,current_repo_v1
1196,47.84,-0.68238284172533,,6,1,val,current_repo_v1
1197,47.88,-1.438566187864367,,6,1,val,current_repo_v1
1198,47.92,-1.0936622028152143,,6,1,val,current_repo_v1
1199,47.96,-1.0468030668297728,,6,1,val,current_repo_v1
1200,48.0,-1.2343358883291635,,6,1,val,current_repo_v1
1201,48.04,-0.8507379946094307,,6,1,val,current_repo_v1
1202,48.08,-0.5257902464016785,,6,1,val,current_repo_v1
1203,48.12,-0.3993699524281736,,6,1,val,current_repo_v1
1204,48.16,-0.17589102827422826,,6,1,val,current_repo_v1
1205,48.2,-0.576058818352979,,6,1,val,current_repo_v1
1206,48.24,-1.4013243033703058,,6,1,val,current_repo_v1
1207,48.28,-1.38670402755319,,6,1,val,current_repo_v1
1208,48.32,-0.9045289060497297,,6,1,val,current_repo_v1
1209,48.36,-1.0330444890663408,,6,1,val,current_repo_v1
1210,48.4,-0.7713755134310323,,6,1,val,current_repo_v1
1211,48.44,-0.5206430144336337,,6,1,val,current_repo_v1
1212,48.48,-1.095859751980942,,6,1,val,current_repo_v1
1213,48.52,-1.0015965796423747,,6,1,val,current_repo_v1
1214,48.56,-1.2788578587773793,,6,1,val,current_repo_v1
1215,48.6,-1.263812959974901,,6,1,val,current_repo_v1
1216,48.64,-1.0443605803227176,,6,1,val,current_repo_v1
1217,48.68,-1.1502582415919744,,6,1,val,current_repo_v1
1218,48.72,-0.8577147784311836,,6,1,val,current_repo_v1
1219,48.76,-1.0852029950389928,,6,1,val,current_repo_v1
1220,48.8,-1.0706108929291298,,6,1,val,current_repo_v1
1221,48.84,-0.8847094334267471,,6,1,val,current_repo_v1
1222,48.88,-0.7140907144678248,,6,1,val,current_repo_v1
1223,48.92,-1.0935326037618507,,6,1,val,current_repo_v1
1224,48.96,-0.7010112273962521,,6,1,val,current_repo_v1
1225,49.0,-0.8001926942446681,,6,1,val,current_repo_v1
1226,49.04,-1.5277197627426027,,6,1,val,current_repo_v1
1227,49.08,-1.4789724318535413,,6,1,val,current_repo_v1
1228,49.12,-1.0460475940871388,,6,1,val,current_repo_v1
1229,49.16,-1.2834782076374398,,6,1,val,current_repo_v1
1230,49.2,-1.5987175050199633,,6,1,val,current_repo_v1
1231,49.24,-0.9052698397681269,,6,1,val,current_repo_v1
1232,49.28,-0.5054450037060599,,6,1,val,current_repo_v1
1233,49.32,-0.6066917772078882,,6,1,val,current_repo_v1
1234,49.36,-0.5895110331368014,,6,1,val,current_repo_v1
1235,49.4,-1.0337646229366673,,6,1,val,current_repo_v1
1236,49.44,-1.306320058183923,,6,1,val,current_repo_v1
1237,49.48,-0.43736807487667045,,6,1,val,current_repo_v1
1238,49.52,0.14260342794017852,,6,1,val,current_repo_v1
1239,49.56,0.35856760698443596,,6,1,val,current_repo_v1
1240,49.6,0.9278883875978645,,6,1,val,current_repo_v1
1241,49.64,0.4772925832541745,,6,1,val,current_repo_v1
1242,49.68,-0.06160247177324966,,6,1,val,current_repo_v1
1243,49.72,0.48444369623734923,,6,1,val,current_repo_v1
1244,49.76,0.5827876735509062,,6,1,val,current_repo_v1
1245,49.8,0.36335275464074873,,6,1,val,current_repo_v1
1246,49.84,0.06779461784800876,,6,1,val,current_repo_v1
1247,49.88,-0.41628078542730645,,6,1,val,current_repo_v1
1248,49.92,-0.3645092679323038,,6,1,val,current_repo_v1
1249,49.96,-0.573513619552692,,6,1,val,current_repo_v1
1250,50.0,-0.5241008326547876,,6,1,val,current_repo_v1
1251,50.04,-0.17229743713176357,,6,1,val,current_repo_v1
1252,50.08,0.20065140393757125,,6,1,val,current_repo_v1
1253,50.12,0.15253763363815429,,6,1,val,current_repo_v1
1254,50.16,0.6006880645393546,,6,1,val,current_repo_v1
1255,50.2,0.4648498915312271,,6,1,val,current_repo_v1
1256,50.24,0.5167523993737785,,6,1,val,current_repo_v1
1257,50.28,0.6901411850556918,,6,1,val,current_repo_v1
1258,50.32,0.7216550418240423,,6,1,val,current_repo_v1
1259,50.36,0.6924247857667822,,6,1,val,current_repo_v1
1260,50.4,-0.06061106162354988,,6,1,val,current_repo_v1
1261,50.44,-0.341625956819098,,6,1,val,current_repo_v1
1262,50.48,-0.4578755076919438,,6,1,val,current_repo_v1
1263,50.52,-0.10548153387401345,,6,1,val,current_repo_v1
1264,50.56,-0.5125845341651417,,6,1,val,current_repo_v1
1265,50.6,-0.5063222494722647,,6,1,val,current_repo_v1
1266,50.64,-0.16250361301708752,,6,1,val,current_repo_v1
1267,50.68,-0.49925165764006596,,6,1,val,current_repo_v1
1268,50.72,-0.5848940233827857,,6,1,val,current_repo_v1
1269,50.76,-0.4614562467543715,,6,1,val,current_repo_v1
1270,50.8,-0.24514725283745753,,6,1,val,current_repo_v1
1271,50.84,0.1290715963466006,,6,1,val,current_repo_v1
1272,50.88,-0.037036120779639525,,6,1,val,current_repo_v1
1273,50.92,-0.39951770787065555,,6,1,val,current_repo_v1
1274,50.96,-0.3765584320949308,,6,1,val,current_repo_v1
1275,51.0,-0.11051161887165346,,6,1,val,current_repo_v1
1276,51.04,-0.8727828422818477,,6,1,val,current_repo_v1
1277,51.08,-1.0563209799163207,,6,1,val,current_repo_v1
1278,51.12,-1.2951782960889677,,6,1,val,current_repo_v1
1279,51.16,-1.353154359568156,,6,1,val,current_repo_v1
1280,51.2,-1.5927466268942037,,6,1,val,current_repo_v1
1281,51.24,-2.0611881443648588,,6,1,val,current_repo_v1
1282,51.28,-1.5637587342840278,,6,1,val,current_repo_v1
1283,51.32,-1.2129273490524068,,6,1,val,current_repo_v1
1284,51.36,-1.268629203056256,,6,1,val,current_repo_v1
1285,51.4,-1.4240911631601996,,6,1,val,current_repo_v1
1286,51.44,-1.5785303829085076,,6,1,val,current_repo_v1
1287,51.48,-1.3319752447025603,,6,1,val,current_repo_v1
1288,51.52,-0.7002255635697965,,6,1,val,current_repo_v1
1289,51.56,-0.6838825177276966,,6,1,val,current_repo_v1
1290,51.6,-0.5529215264862413,,6,1,val,current_repo_v1
1291,51.64,-0.849089241435106,,6,1,val,current_repo_v1
1292,51.68,-1.0300726846864772,,6,1,val,current_repo_v1
1293,51.72,-0.5475065051698753,,6,1,val,current_repo_v1
1294,51.76,-1.3748037318683932,,6,1,val,current_repo_v1
1295,51.8,-1.869724360274238,,6,1,val,current_repo_v1
1296,51.84,-1.4312541021439495,,6,1,val,current_repo_v1
1297,51.88,-1.0932531623247275,,6,1,val,current_repo_v1
1298,51.92,-1.3384748146187453,,6,1,val,current_repo_v1
1299,51.96,-1.1046528703616425,,6,1,val,current_repo_v1
1300,52.0,-1.2517162135511357,,6,1,val,current_repo_v1
1301,52.04,-1.5948805939156618,,6,1,val,current_repo_v1
1302,52.08,-1.3420955186066468,,6,1,val,current_repo_v1
1303,52.12,-1.803878023847478,,6,1,val,current_repo_v1
1304,52.16,-1.6758277591711503,,6,1,val,current_repo_v1
1305,52.2,-1.0487118528873354,,6,1,val,current_repo_v1
1306,52.24,-0.5231307875664213,,6,1,val,current_repo_v1
1307,52.28,-1.1483509163933063,,6,1,val,current_repo_v1
1308,52.32,-1.3280910295959578,,6,1,val,current_repo_v1
1309,52.36,-1.1082713482788473,,6,1,val,current_repo_v1
1310,52.4,0.3798641470792735,,6,1,val,current_repo_v1
1311,52.44,-0.5815268479778061,,6,1,val,current_repo_v1
1312,52.48,-1.5643038433458398,,6,1,val,current_repo_v1
1313,52.52,-0.5267015440930692,,6,1,val,current_repo_v1
1314,52.56,0.33043779506306215,,6,1,val,current_repo_v1
1315,52.6,1.092588680221814,,6,1,val,current_repo_v1
1316,52.64,0.5942686331682446,,6,1,val,current_repo_v1
1317,52.68,1.4667691122951798,,6,1,val,current_repo_v1
1318,52.72,1.0204031900984376,,6,1,val,current_repo_v1
1319,52.76,-0.049941000430953376,,6,1,val,current_repo_v1
1320,52.8,-0.7903607660604914,,6,1,val,current_repo_v1
1321,52.84,-0.896021072541731,,6,1,val,current_repo_v1
1322,52.88,-1.2556688803316567,,6,1,val,current_repo_v1
1323,52.92,-1.5781135511705828,,6,1,val,current_repo_v1
1324,52.96,-1.2531425683499355,,6,1,val,current_repo_v1
1325,53.0,-0.9542858295643754,,6,1,val,current_repo_v1
1326,53.04,-1.3612803523869912,,6,1,val,current_repo_v1
1327,53.08,-1.414970673257691,,6,1,val,current_repo_v1
1328,53.12,-1.2937035242525186,,6,1,val,current_repo_v1
1329,53.16,-0.6598285021222454,,6,1,val,current_repo_v1
1330,53.2,-0.03832293746723937,,6,1,val,current_repo_v1
1331,53.24,0.17813174234205595,,6,1,val,current_repo_v1
1332,53.28,0.12220935081865489,,6,1,val,current_repo_v1
1333,53.32,0.20647609182680754,,6,1,val,current_repo_v1
1334,53.36,-0.4429799643202606,,6,1,val,current_repo_v1
1335,53.4,-0.0993529699435239,,6,1,val,current_repo_v1
1336,53.44,-0.44252048941555555,,6,1,val,current_repo_v1
1337,53.48,-0.4750971905944339,,6,1,val,current_repo_v1
1338,53.52,-0.049375578474035495,,6,1,val,current_repo_v1
1339,53.56,0.3169133721110211,,6,1,val,current_repo_v1
1340,53.6,0.47603304462819573,,6,1,val,current_repo_v1
1341,53.64,-0.12216809025047122,,6,1,val,current_repo_v1
1342,53.68,-0.1757084556947584,,6,1,val,current_repo_v1
1343,53.72,0.614013393293475,,6,1,val,current_repo_v1
1344,53.76,0.0980087449796019,,6,1,val,current_repo_v1
1345,53.8,-0.011673801687013765,,6,1,val,current_repo_v1
1346,53.84,-0.3369991384410757,,6,1,val,current_repo_v1
1347,53.88,-0.15713921741789016,,6,1,val,current_repo_v1
1348,53.92,-0.2522778964049306,,6,1,val,current_repo_v1
1349,53.96,-0.3000746429330429,,6,1,val,current_repo_v1
1350,54.0,-0.1179859121029029,,6,1,val,current_repo_v1
1351,54.04,-0.5565580216631462,,6,1,val,current_repo_v1
1352,54.08,-0.38665108880943827,,6,1,val,current_repo_v1
1353,54.12,0.19161700036277995,,6,1,val,current_repo_v1
1354,54.16,0.3433295617666793,,6,1,val,current_repo_v1
1355,54.2,0.6129411228648417,,6,1,val,current_repo_v1
1356,54.24,0.5553430740158072,,6,1,val,current_repo_v1
1357,54.28,0.5587774837122929,,6,1,val,current_repo_v1
1358,54.32,0.18911670558232443,,6,1,val,current_repo_v1
1359,54.36,-0.36059284436531075,,6,1,val,current_repo_v1
1360,54.4,-0.34995222643591123,,6,1,val,current_repo_v1
1361,54.44,-0.037556951757917595,,6,1,val,current_repo_v1
1362,54.48,-0.31776039201104966,,6,1,val,current_repo_v1
1363,54.52,-0.5363357693735107,,6,1,val,current_repo_v1
1364,54.56,-0.795199130719393,,6,1,val,current_repo_v1
1365,54.6,-0.4668151989150688,,6,1,val,current_repo_v1
1366,54.64,-0.6299537290336314,,6,1,val,current_repo_v1
1367,54.68,-0.666761877565416,,6,1,val,current_repo_v1
1368,54.72,-0.3062176589318826,,6,1,val,current_repo_v1
1369,54.76,0.03638474292883426,,6,1,val,current_repo_v1
1370,54.8,0.8134586147370749,,6,1,val,current_repo_v1
1371,54.84,0.6708961778018318,,6,1,val,current_repo_v1
1372,54.88,0.9286965208254131,,6,1,val,current_repo_v1
1373,54.92,0.9244976645387981,,6,1,val,current_repo_v1
1374,54.96,0.7339501172339263,,6,1,val,current_repo_v1
1375,55.0,1.096946491869103,,6,1,val,current_repo_v1
1376,55.04,1.146388217686062,,6,1,val,current_repo_v1
1377,55.08,0.6021680537289988,,6,1,val,current_repo_v1
1378,55.12,0.6309830084719381,,6,1,val,current_repo_v1
1379,55.16,0.15257022470444564,,6,1,val,current_repo_v1
1380,55.2,0.39857013218338233,,6,1,val,current_repo_v1
1381,55.24,0.560626861508142,,6,1,val,current_repo_v1
1382,55.28,0.13955517194483102,,6,1,val,current_repo_v1
1383,55.32,-0.047718947096386424,,6,1,val,current_repo_v1
1384,55.36,0.331575456318406,,6,1,val,current_repo_v1
1385,55.4,0.19719306398109787,,6,1,val,current_repo_v1
1386,55.44,0.22854859147115794,,6,1,val,current_repo_v1
1387,55.48,0.27044108547381046,,6,1,val,current_repo_v1
1388,55.52,0.23847279724217665,,6,1,val,current_repo_v1
1389,55.56,0.4238744690908345,,6,1,val,current_repo_v1
1390,55.6,0.5903485922363697,,6,1,val,current_repo_v1
1391,55.64,0.6862011094875481,,6,1,val,current_repo_v1
1392,55.68,0.3425889410894738,,6,1,val,current_repo_v1
1393,55.72,0.21193027807449058,,6,1,val,current_repo_v1
1394,55.76,0.38700364275600074,,6,1,val,current_repo_v1
1395,55.8,0.31446591172725347,,6,1,val,current_repo_v1
1396,55.84,0.023756939514528765,,6,1,val,current_repo_v1
1397,55.88,0.8671117880530264,,6,1,val,current_repo_v1
1398,55.92,-0.6243496656198337,,6,1,val,current_repo_v1
1399,55.96,-0.7162169598065544,,6,1,val,current_repo_v1
1400,56.0,-0.6470787517725958,,6,1,val,current_repo_v1
1401,56.04,-1.6809585738678083,,6,1,val,current_repo_v1
1402,56.08,-1.715429000344693,,6,1,val,current_repo_v1
1403,56.12,0.3173649166388698,,6,1,val,current_repo_v1
1404,56.16,0.8636651349677098,,6,1,val,current_repo_v1
1405,56.2,0.8831376188208713,,6,1,val,current_repo_v1
1406,56.24,0.528015134498148,,6,1,val,current_repo_v1
1407,56.28,0.36943726671909527,,6,1,val,current_repo_v1
1408,56.32,0.4938802881787646,,6,1,val,current_repo_v1
1409,56.36,0.2837522230272405,,6,1,val,current_repo_v1
1410,56.4,0.38298127213679484,,6,1,val,current_repo_v1
1411,56.44,0.46068289588145617,,6,1,val,current_repo_v1
1412,56.48,0.7001672683434312,,6,1,val,current_repo_v1
1413,56.52,0.6931467283195497,,6,1,val,current_repo_v1
1414,56.56,0.7087118320179226,,6,1,val,current_repo_v1
1415,56.6,0.4647570226443563,,6,1,val,current_repo_v1
1416,56.64,-0.1418420248060797,,6,1,val,current_repo_v1
1417,56.68,0.09071991126325686,,6,1,val,current_repo_v1
1418,56.72,0.06509750711386109,,6,1,val,current_repo_v1
1419,56.76,0.22846233123166754,,6,1,val,current_repo_v1
1420,56.8,0.8778030490907719,,6,1,val,current_repo_v1
1421,56.84,0.4388280294300459,,6,1,val,current_repo_v1
1422,56.88,0.5849568403152533,,6,1,val,current_repo_v1
1423,56.92,0.27690190784693397,,6,1,val,current_repo_v1
1424,56.96,-0.7404944172581696,,6,1,val,current_repo_v1
1425,57.0,-0.4472147159968571,,6,1,val,current_repo_v1
1426,57.04,-0.13392184787519812,,6,1,val,current_repo_v1
1427,57.08,-0.028862371787893026,,6,1,val,current_repo_v1
1428,57.12,-0.4962264275634856,,6,1,val,current_repo_v1
1429,57.16,-0.3446218305883679,,6,1,val,current_repo_v1
1430,57.2,-0.15636381438605143,,6,1,val,current_repo_v1
1431,57.24,-0.29840282905759646,,6,1,val,current_repo_v1
1432,57.28,0.1843455056502196,,6,1,val,current_repo_v1
1433,57.32,0.8610424062989452,,6,1,val,current_repo_v1
1434,57.36,0.9945275530161345,,6,1,val,current_repo_v1
1435,57.4,1.1081163581066016,,6,1,val,current_repo_v1
1436,57.44,0.6058807918272597,,6,1,val,current_repo_v1
1437,57.48,0.395853873763009,,6,1,val,current_repo_v1
1438,57.52,0.8391156099381535,,6,1,val,current_repo_v1
1439,57.56,0.34465623033710013,,6,1,val,current_repo_v1
1440,57.6,0.23290984657155547,,6,1,val,current_repo_v1
1441,57.64,0.46315647781355335,,6,1,val,current_repo_v1
1442,57.68,0.8137044564196226,,6,1,val,current_repo_v1
1443,57.72,0.5457515614668553,,6,1,val,current_repo_v1
1444,57.76,0.4976199478195116,,6,1,val,current_repo_v1
1445,57.8,0.47527305017945953,,6,1,val,current_repo_v1
1446,57.84,0.34625315780302124,,6,1,val,current_repo_v1
1447,57.88,0.6127747936449855,,6,1,val,current_repo_v1
1448,57.92,0.6616168021033586,,6,1,val,current_repo_v1
1449,57.96,1.1791746912457335,,6,1,val,current_repo_v1
1450,58.0,1.1991623017710131,,6,1,val,current_repo_v1
1451,58.04,1.0524551298929643,,6,1,val,current_repo_v1
1452,58.08,1.0891219925002287,,6,1,val,current_repo_v1
1453,58.12,0.8229865451417572,,6,1,val,current_repo_v1
1454,58.16,0.8932905881383127,,6,1,val,current_repo_v1
1455,58.2,0.9914692797026526,,6,1,val,current_repo_v1
1456,58.24,0.8170801535014874,,6,1,val,current_repo_v1
1457,58.28,1.2471154819390884,,6,1,val,current_repo_v1
1458,58.32,0.6905237909566574,,6,1,val,current_repo_v1
1459,58.36,0.6711586454498941,,6,1,val,current_repo_v1
1460,58.4,0.17168312857540866,,6,1,val,current_repo_v1
1461,58.44,0.38375093608011906,,6,1,val,current_repo_v1
1462,58.48,0.43474805923156734,,6,1,val,current_repo_v1
1463,58.52,-0.5137010477488686,,6,1,val,current_repo_v1
1464,58.56,-0.1070385746747589,,6,1,val,current_repo_v1
1465,58.6,-0.04022623660835869,,6,1,val,current_repo_v1
1466,58.64,-0.07322295211061067,,6,1,val,current_repo_v1
1467,58.68,-0.025671699441499732,,6,1,val,current_repo_v1
1468,58.72,0.0365120463467919,,6,1,val,current_repo_v1
1469,58.76,-0.20225001834769207,,6,1,val,current_repo_v1
1470,58.8,-0.06920790317705505,,6,1,val,current_repo_v1
1471,58.84,-0.30686488898689784,,6,1,val,current_repo_v1
1472,58.88,-0.15227045298103908,,6,1,val,current_repo_v1
1473,58.92,-0.17863083434868823,,6,1,val,current_repo_v1
1474,58.96,-0.027721249688263148,,6,1,val,current_repo_v1
1475,59.0,-0.38442919199546716,,6,1,val,current_repo_v1
1476,59.04,-0.6727117471489773,,6,1,val,current_repo_v1
1477,59.08,-1.069981819263233,,6,1,val,current_repo_v1
1478,59.12,-1.0811233030993512,,6,1,val,current_repo_v1
1479,59.16,-0.9756250128259932,,6,1,val,current_repo_v1
1480,59.2,-0.7696434217350064,,6,1,val,current_repo_v1
1481,59.24,-0.8557371233114471,,6,1,val,current_repo_v1
1482,59.28,-0.738617004884486,,6,1,val,current_repo_v1
1483,59.32,-0.7804834816858729,,6,1,val,current_repo_v1
1484,59.36,-0.9013991202151219,,6,1,val,current_repo_v1
1485,59.4,-0.7381043129771921,,6,1,val,current_repo_v1
1486,59.44,-0.44034057490362677,,6,1,val,current_repo_v1
1487,59.48,-0.6508668980157014,,6,1,val,current_repo_v1
1488,59.52,0.09757975680873288,,6,1,val,current_repo_v1
1489,59.56,1.1440011742522924,,6,1,val,current_repo_v1
1490,59.6,1.896483399599516,,6,1,val,current_repo_v1
1491,59.64,1.9769082730178318,,6,1,val,current_repo_v1
1492,59.68,2.005779853434114,,6,1,val,current_repo_v1
1493,59.72,1.9068888888115947,,6,1,val,current_repo_v1
1494,59.76,1.6023334786076344,,6,1,val,current_repo_v1
1495,59.8,0.9458704475549917,,6,1,val,current_repo_v1
1496,59.84,0.6606579221508295,,6,1,val,current_repo_v1
1497,59.88,0.4900686986286361,,6,1,val,current_repo_v1
1498,59.92,0.6201734874284397,,6,1,val,current_repo_v1
1499,59.96,0.8926237408352843,,6,1,val,current_repo_v1
1500,60.0,1.7603463766003795,,6,1,val,current_repo_v1
1501,60.04,2.156894993114833,,6,1,val,current_repo_v1
1502,60.08,1.7257490640937927,,6,1,val,current_repo_v1
1503,60.12,1.1571962083059568,,6,1,val,current_repo_v1
1504,60.16,1.4212075668316857,,6,1,val,current_repo_v1
1505,60.2,1.8560100952306087,,6,1,val,current_repo_v1
1506,60.24,1.975092912364814,,6,1,val,current_repo_v1
1507,60.28,2.4374305439855917,,6,1,val,current_repo_v1
1508,60.32,2.806088164225583,,6,1,val,current_repo_v1
1509,60.36,3.205164205757106,,6,1,val,current_repo_v1
1510,60.4,2.7313035974345925,,6,1,val,current_repo_v1
1511,60.44,2.3770300112590483,,6,1,val,current_repo_v1
1512,60.48,2.061815339783605,,6,1,val,current_repo_v1
1513,60.52,2.5916415914875057,,6,1,val,current_repo_v1
1514,60.56,2.052802257792204,,6,1,val,current_repo_v1
1515,60.6,0.7594670091105421,,6,1,val,current_repo_v1
1516,60.64,0.40152704971546294,,6,1,val,current_repo_v1
1517,60.68,0.4100867437142198,,6,1,val,current_repo_v1
1518,60.72,1.0837816488992602,,6,1,val,current_repo_v1
1519,60.76,0.9290651442198161,,6,1,val,current_repo_v1
1520,60.8,1.5373878660364568,,6,1,val,current_repo_v1
1521,60.84,1.182825725446875,,6,1,val,current_repo_v1
1522,60.88,0.8352329948198639,,6,1,val,current_repo_v1
1523,60.92,0.5140851492910834,,6,1,val,current_repo_v1
1524,60.96,-0.018553734042290472,,6,1,val,current_repo_v1
1525,61.0,-0.39821489999551307,,6,1,val,current_repo_v1
1526,61.04,-0.08966420593101755,,6,1,val,current_repo_v1
1527,61.08,-0.18577373869616953,,6,1,val,current_repo_v1
1528,61.12,-0.3194803098829539,,6,1,val,current_repo_v1
1529,61.16,0.6255533437842715,,6,1,val,current_repo_v1
1530,61.2,0.8071824866670539,,6,1,val,current_repo_v1
1531,61.24,1.2803982996993761,,6,1,val,current_repo_v1
1532,61.28,0.3317309334436166,,6,1,val,current_repo_v1
1533,61.32,0.14919104938711752,,6,1,val,current_repo_v1
1534,61.36,-0.48716708504042233,,6,1,val,current_repo_v1
1535,61.4,0.015447313254407532,,6,1,val,current_repo_v1
1536,61.44,0.0470661431690412,,6,1,val,current_repo_v1
1537,61.48,-0.25693227979899974,,6,1,val,current_repo_v1
1538,61.52,-0.25659880397395357,,6,1,val,current_repo_v1
1539,61.56,-1.1362195267443265,,6,1,val,current_repo_v1
1540,61.6,-0.6671569355493403,,6,1,val,current_repo_v1
1541,61.64,-0.42124881870428077,,6,1,val,current_repo_v1
1542,61.68,-0.2165707311355291,,6,1,val,current_repo_v1
1543,61.72,-0.6454142769739769,,6,1,val,current_repo_v1
1544,61.76,-1.2637216910763434,,6,1,val,current_repo_v1
1545,61.8,-0.8899545429407298,,6,1,val,current_repo_v1
1546,61.84,-0.819424345074349,,6,1,val,current_repo_v1
1547,61.88,-0.9827588737612699,,6,1,val,current_repo_v1
1548,61.92,0.45020032897151013,,6,1,val,current_repo_v1
1549,61.96,1.052413530196823,,6,1,val,current_repo_v1
1550,62.0,0.8343685837425188,,6,1,val,current_repo_v1
1551,62.04,0.31477001385381187,,6,1,val,current_repo_v1
1552,62.08,-0.19474403839137175,,6,1,val,current_repo_v1
1553,62.12,-0.13620214426259844,,6,1,val,current_repo_v1
1554,62.16,0.23395477806944714,,6,1,val,current_repo_v1
1555,62.2,0.5700347927893397,,6,1,val,current_repo_v1
1556,62.24,0.34487626351251,,6,1,val,current_repo_v1
1557,62.28,0.2788859281375684,,6,1,val,current_repo_v1
1558,62.32,0.9690007133860935,,6,1,val,current_repo_v1
1559,62.36,2.2390180802157618,,6,1,val,current_repo_v1
1560,62.4,0.8653849832749048,,6,1,val,current_repo_v1
1561,62.44,-1.2598079805330118,,6,1,val,current_repo_v1
1562,62.48,-1.0392944608056776,,6,1,val,current_repo_v1
1563,62.52,-0.6020392894521466,,6,1,val,current_repo_v1
1564,62.56,-0.15419266502749024,,6,1,val,current_repo_v1
1565,62.6,0.3212230101971429,,6,1,val,current_repo_v1
1566,62.64,-0.22471011516089795,,6,1,val,current_repo_v1
1567,62.68,-0.15205563715882423,,6,1,val,current_repo_v1
1568,62.72,-0.3666886607089131,,6,1,val,current_repo_v1
1569,62.76,0.1739295469493962,,6,1,val,current_repo_v1
1570,62.8,0.595921977613381,,6,1,val,current_repo_v1
1571,62.84,0.15274858861900487,,6,1,val,current_repo_v1
1572,62.88,0.14808531833332694,,6,1,val,current_repo_v1
1573,62.92,0.3141215316340298,,6,1,val,current_repo_v1
1574,62.96,0.944631778341793,,6,1,val,current_repo_v1
1575,63.0,0.8098161369951733,,6,1,val,current_repo_v1
1576,63.04,0.9063551187973932,,6,1,val,current_repo_v1
1577,63.08,1.0963243051094236,,6,1,val,current_repo_v1
1578,63.12,1.0036387212476012,,6,1,val,current_repo_v1
1579,63.16,0.7787105555055076,,6,1,val,current_repo_v1
1580,63.2,0.44426416363567434,,6,1,val,current_repo_v1
1581,63.24,0.7265585886155266,,6,1,val,current_repo_v1
1582,63.28,0.5479840321166349,,6,1,val,current_repo_v1
1583,63.32,0.31110527540494487,,6,1,val,current_repo_v1
1584,63.36,0.818000007652118,,6,1,val,current_repo_v1
1585,63.4,0.6611458490216245,,6,1,val,current_repo_v1
1586,63.44,0.5379995485250368,,6,1,val,current_repo_v1
1587,63.48,0.6171790745180644,,6,1,val,current_repo_v1
1588,63.52,0.6671076837351797,,6,1,val,current_repo_v1
1589,63.56,0.26496383852500555,,6,1,val,current_repo_v1
1590,63.6,0.3494945602136471,,6,1,val,current_repo_v1
1591,63.64,0.697658695362573,,6,1,val,current_repo_v1
1592,63.68,0.602996708545781,,6,1,val,current_repo_v1
1593,63.72,0.7498197056647586,,6,1,val,current_repo_v1
1594,63.76,0.409150889680458,,6,1,val,current_repo_v1
1595,63.8,0.6771466364941334,,6,1,val,current_repo_v1
1596,63.84,0.5505047093569055,,6,1,val,current_repo_v1
1597,63.88,0.5161645080157675,,6,1,val,current_repo_v1
1598,63.92,0.4287634072933728,,6,1,val,current_repo_v1
1599,63.96,0.23794490544590804,,6,1,val,current_repo_v1
1600,64.0,-0.1800355545229061,,6,1,val,current_repo_v1
1601,64.04,-0.5039321799736419,,6,1,val,current_repo_v1
1602,64.08,-0.3330279674478899,,6,1,val,current_repo_v1
1603,64.12,-0.37274423386820477,,6,1,val,current_repo_v1
1604,64.16,-0.19293784288879978,,6,1,val,current_repo_v1
1605,64.2,0.0700643925731325,,6,1,val,current_repo_v1
1606,64.24,0.3386984651590371,,6,1,val,current_repo_v1
1607,64.28,0.7878204020074984,,6,1,val,current_repo_v1
1608,64.32,0.35627736284361056,,6,1,val,current_repo_v1
1609,64.36,0.9130779218656142,,6,1,val,current_repo_v1
1610,64.4,0.9028945527702232,,6,1,val,current_repo_v1
1611,64.44,0.8170509363235956,,6,1,val,current_repo_v1
1612,64.48,0.3047521392017658,,6,1,val,current_repo_v1
1613,64.52,0.3377900544030809,,6,1,val,current_repo_v1
1614,64.56,0.18684319175407763,,6,1,val,current_repo_v1
1615,64.6,0.2611966660417437,,6,1,val,current_repo_v1
1616,64.64,0.30889141331489406,,6,1,val,current_repo_v1
1617,64.68,-0.5960740460678374,,6,1,val,current_repo_v1
1618,64.72,-0.5638564379181926,,6,1,val,current_repo_v1
1619,64.76,-0.15092500193911626,,6,1,val,current_repo_v1
1620,64.8,0.09201762352344557,,6,1,val,current_repo_v1
1621,64.84,0.2633009289323452,,6,1,val,current_repo_v1
1622,64.88,0.3196840649163954,,6,1,val,current_repo_v1
1623,64.92,0.35155277126671425,,6,1,val,current_repo_v1
1624,64.96,0.1481533874013442,,6,1,val,current_repo_v1
1625,65.0,0.20394932767447613,,6,1,val,current_repo_v1
1626,65.04,0.6558254009275063,,6,1,val,current_repo_v1
1627,65.08,0.2837931270762892,,6,1,val,current_repo_v1
1628,65.12,0.14241028152490018,,6,1,val,current_repo_v1
1629,65.16,0.4870494511170527,,6,1,val,current_repo_v1
1630,65.2,0.10531601334390253,,6,1,val,current_repo_v1
1631,65.24,0.05763634422148569,,6,1,val,current_repo_v1
1632,65.28,0.26198215595642604,,6,1,val,current_repo_v1
1633,65.32,0.2082527745014732,,6,1,val,current_repo_v1
1634,65.36,-0.27858217383455636,,6,1,val,current_repo_v1
1635,65.4,-0.24955101197521687,,6,1,val,current_repo_v1
1636,65.44,-0.08122945015010326,,6,1,val,current_repo_v1
1637,65.48,0.04995932203625643,,6,1,val,current_repo_v1
1638,65.52,-0.3053755433438573,,6,1,val,current_repo_v1
1639,65.56,-0.05911281169772325,,6,1,val,current_repo_v1
1640,65.6,-0.3790491965102168,,6,1,val,current_repo_v1
1641,65.64,0.24159552225879394,,6,1,val,current_repo_v1
1642,65.68,0.2807924533420799,,6,1,val,current_repo_v1
1643,65.72,0.37017576567266813,,6,1,val,current_repo_v1
1644,65.76,0.1645997020543502,,6,1,val,current_repo_v1
1645,65.8,-0.2142474437578021,,6,1,val,current_repo_v1
1646,65.84,-0.0793086989625467,,6,1,val,current_repo_v1
1647,65.88,0.28378119672865,,6,1,val,current_repo_v1
1648,65.92,0.362109146333192,,6,1,val,current_repo_v1
1649,65.96,0.2377638980723967,,6,1,val,current_repo_v1
1650,66.0,0.28157335198595074,,6,1,val,current_repo_v1
1651,66.04,-0.061153570704353115,,6,1,val,current_repo_v1
1652,66.08,-0.12638270294373502,,6,1,val,current_repo_v1
1653,66.12,0.12785769216990067,,6,1,val,current_repo_v1
1654,66.16,0.5795360103456636,,6,1,val,current_repo_v1
1655,66.2,0.8848994146477539,,6,1,val,current_repo_v1
1656,66.24,0.6909738050609021,,6,1,val,current_repo_v1
1657,66.28,0.7987187571847302,,6,1,val,current_repo_v1
1658,66.32,1.0240963805133945,,6,1,val,current_repo_v1
1659,66.36,0.5217433194401014,,6,1,val,current_repo_v1
1660,66.4,0.14251563727708425,,6,1,val,current_repo_v1
1661,66.44,0.6831677403399836,,6,1,val,current_repo_v1
1662,66.48,1.1481707437963062,,6,1,val,current_repo_v1
1663,66.52,1.3531009338714395,,6,1,val,current_repo_v1
1664,66.56,1.1317231421961786,,6,1,val,current_repo_v1
1665,66.6,0.42938382015296583,,6,1,val,current_repo_v1
1666,66.64,0.6718291101178043,,6,1,val,current_repo_v1
1667,66.68,0.8057907055287596,,6,1,val,current_repo_v1
1668,66.72,1.0400710812199285,,6,1,val,current_repo_v1
1669,66.76,0.4732092739496512,,6,1,val,current_repo_v1
1670,66.8,-0.011680158162322988,,6,1,val,current_repo_v1
1671,66.84,0.9277701971568207,,6,1,val,current_repo_v1
1672,66.88,0.5752293287596856,,6,1,val,current_repo_v1
1673,66.92,0.14735318455065197,,6,1,val,current_repo_v1
1674,66.96,-0.056970505606741655,,6,1,val,current_repo_v1
1675,67.0,0.6625155781470814,,6,1,val,current_repo_v1
1676,67.04,0.42274786862426394,,6,1,val,current_repo_v1
1677,67.08,0.20530702210522983,,6,1,val,current_repo_v1
1678,67.12,0.8110170325712404,,6,1,val,current_repo_v1
1679,67.16,0.012316727425643152,,6,1,val,current_repo_v1
1680,67.2,0.13594705916930694,,6,1,val,current_repo_v1
1681,67.24,0.6634216584852771,,6,1,val,current_repo_v1
1682,67.28,0.7223189674092816,,6,1,val,current_repo_v1
1683,67.32,0.9257955333195828,,6,1,val,current_repo_v1
1684,67.36,0.8542460037683203,,6,1,val,current_repo_v1
1685,67.4,0.7731409961875061,,6,1,val,current_repo_v1
1686,67.44,0.36765762754428577,,6,1,val,current_repo_v1
1687,67.48,0.08087850488744257,,6,1,val,current_repo_v1
1688,67.52,-0.03999901218112842,,6,1,val,current_repo_v1
1689,67.56,-0.151259277758319,,6,1,val,current_repo_v1
1690,67.6,-0.7703648077700997,,6,1,val,current_repo_v1
1691,67.64,-0.7941656773985303,,6,1,val,current_repo_v1
1692,67.68,-0.20785566435862554,,6,1,val,current_repo_v1
1693,67.72,-0.013293755071702084,,6,1,val,current_repo_v1
1694,67.76,0.05618185049778767,,6,1,val,current_repo_v1
1695,67.8,0.5110060065648216,,6,1,val,current_repo_v1
1696,67.84,0.46336892843565314,,6,1,val,current_repo_v1
1697,67.88,0.17493155702167046,,6,1,val,current_repo_v1
1698,67.92,0.1456097885893703,,6,1,val,current_repo_v1
1699,67.96,0.20409903092881757,,6,1,val,current_repo_v1
1700,68.0,0.14123178578521686,,6,1,val,current_repo_v1
1701,68.04,-0.1736716705721454,,6,1,val,current_repo_v1
1702,68.08,-0.3906043121076333,,6,1,val,current_repo_v1
1703,68.12,-0.30170760491836407,,6,1,val,current_repo_v1
1704,68.16,0.32229552410225876,,6,1,val,current_repo_v1
1705,68.2,-0.09235535149134563,,6,1,val,current_repo_v1
1706,68.24,-1.0182893272779572,,6,1,val,current_repo_v1
1707,68.28,-0.35142491133108245,,6,1,val,current_repo_v1
1708,68.32,0.043319370536771734,,6,1,val,current_repo_v1
1709,68.36,-0.6020413763934246,,6,1,val,current_repo_v1
1710,68.4,-0.4250787037729464,,6,1,val,current_repo_v1
1711,68.44,0.07944935010909486,,6,1,val,current_repo_v1
1712,68.48,-0.3095708866126543,,6,1,val,current_repo_v1
1713,68.52,-0.017968103537330683,,6,1,val,current_repo_v1
1714,68.56,-0.4932709708902996,,6,1,val,current_repo_v1
1715,68.6,-0.34246393330692193,,6,1,val,current_repo_v1
1716,68.64,0.31040343705315543,,6,1,val,current_repo_v1
1717,68.68,-0.009519695682222842,,6,1,val,current_repo_v1
1718,68.72,-0.27984252984586894,,6,1,val,current_repo_v1
1719,68.76,-0.3301256582125835,,6,1,val,current_repo_v1
1720,68.8,-0.18343299057641665,,6,1,val,current_repo_v1
1721,68.84,0.4277512755559003,,6,1,val,current_repo_v1
1722,68.88,0.3402329235160369,,6,1,val,current_repo_v1
1723,68.92,-0.207874968565447,,6,1,val,current_repo_v1
1724,68.96,-0.40651445676396797,,6,1,val,current_repo_v1
1725,69.0,-0.3374066137256041,,6,1,val,current_repo_v1
1726,69.04,-0.40579734895849456,,6,1,val,current_repo_v1
1727,69.08,-0.3463659221967422,,6,1,val,current_repo_v1
1728,69.12,-0.5802538485805843,,6,1,val,current_repo_v1
1729,69.16,-0.5063865620459815,,6,1,val,current_repo_v1
1730,69.2,-0.6409254749791393,,6,1,val,current_repo_v1
1731,69.24,-0.997390210367159,,6,1,val,current_repo_v1
1732,69.28,-0.45895358677380094,,6,1,val,current_repo_v1
1733,69.32,-0.6068977583120262,,6,1,val,current_repo_v1
1734,69.36,-0.7886800826846134,,6,1,val,current_repo_v1
1735,69.4,-0.36057120974072887,,6,1,val,current_repo_v1
1736,69.44,-0.6600396310148691,,6,1,val,current_repo_v1
1737,69.48,-0.29811900504378924,,6,1,val,current_repo_v1
1738,69.52,-0.6192114770639936,,6,1,val,current_repo_v1
1739,69.56,-1.08120782422111,,6,1,val,current_repo_v1
1740,69.6,-0.7633966499722958,,6,1,val,current_repo_v1
1741,69.64,-1.2373608401469067,,6,1,val,current_repo_v1
1742,69.68,-0.19850936740983804,,6,1,val,current_repo_v1
1743,69.72,0.7365505156310163,,6,1,val,current_repo_v1
1744,69.76,0.1266331793750376,,6,1,val,current_repo_v1
1745,69.8,-0.8020180026511111,,6,1,val,current_repo_v1
1746,69.84,-1.0050434414218192,,6,1,val,current_repo_v1
1747,69.88,-0.9261563654665479,,6,1,val,current_repo_v1
1748,69.92,-0.9105066710817069,,6,1,val,current_repo_v1
1749,69.96,-0.6740288853542287,,6,1,val,current_repo_v1
1750,70.0,-0.6850371527721015,,6,1,val,current_repo_v1
1751,70.04,0.5355014798152778,,6,1,val,current_repo_v1
1752,70.08,0.23955174588289962,,6,1,val,current_repo_v1
1753,70.12,-0.05163210112204398,,6,1,val,current_repo_v1
1754,70.16,-0.6755594480875097,,6,1,val,current_repo_v1
1755,70.2,-0.5449187675498718,,6,1,val,current_repo_v1
1756,70.24,-0.18703790337531448,,6,1,val,current_repo_v1
1757,70.28,-0.1811477377034811,,6,1,val,current_repo_v1
1758,70.32,0.009073638070817569,,6,1,val,current_repo_v1
1759,70.36,-0.5623884834232515,,6,1,val,current_repo_v1
1760,70.4,0.028332436528289706,,6,1,val,current_repo_v1
1761,70.44,0.4998739835291638,,6,1,val,current_repo_v1
1762,70.48,0.42587581099407623,,6,1,val,current_repo_v1
1763,70.52,0.17350478483461512,,6,1,val,current_repo_v1
1764,70.56,0.5347680590854814,,6,1,val,current_repo_v1
1765,70.6,0.060719834742076664,,6,1,val,current_repo_v1
1766,70.64,-0.4745724639924369,,6,1,val,current_repo_v1
1767,70.68,-1.027015663537762,,6,1,val,current_repo_v1
1768,70.72,-0.7683033967404064,,6,1,val,current_repo_v1
1769,70.76,-0.6225072442949112,,6,1,val,current_repo_v1
1770,70.8,-0.019196746736806443,,6,1,val,current_repo_v1
1771,70.84,-0.3628838189355834,,6,1,val,current_repo_v1
1772,70.88,0.06278618486612793,,6,1,val,current_repo_v1
1773,70.92,-0.32062131024434254,,6,1,val,current_repo_v1
1774,70.96,0.16400648899608036,,6,1,val,current_repo_v1
1775,71.0,0.4276223373672749,,6,1,val,current_repo_v1
1776,71.04,0.08299125467257457,,6,1,val,current_repo_v1
1777,71.08,0.33424180205988063,,6,1,val,current_repo_v1
1778,71.12,0.77848273108266,,6,1,val,current_repo_v1
1779,71.16,1.1294497674973505,,6,1,val,current_repo_v1
1780,71.2,0.8615713763482076,,6,1,val,current_repo_v1
1781,71.24,0.9749630350526135,,6,1,val,current_repo_v1
1782,71.28,0.440001516510662,,6,1,val,current_repo_v1
1783,71.32,0.7228660242829531,,6,1,val,current_repo_v1
1784,71.36,0.702365860979798,,6,1,val,current_repo_v1
1785,71.4,0.5917468428926258,,6,1,val,current_repo_v1
1786,71.44,0.6178623390924797,,6,1,val,current_repo_v1
1787,71.48,0.4955541542131344,,6,1,val,current_repo_v1
1788,71.52,0.5282115156724073,,6,1,val,current_repo_v1
1789,71.56,0.4889148983607424,,6,1,val,current_repo_v1
1790,71.6,0.9027572320341313,,6,1,val,current_repo_v1
1791,71.64,0.8600063095191305,,6,1,val,current_repo_v1
1792,71.68,0.8741293367944095,,6,1,val,current_repo_v1
1793,71.72,0.5808800005286918,,6,1,val,current_repo_v1
1794,71.76,0.6676132800421284,,6,1,val,current_repo_v1
1795,71.8,0.49019628030543083,,6,1,val,current_repo_v1
1796,71.84,-0.10432903794441849,,6,1,val,current_repo_v1
1797,71.88,0.25519584030864473,,6,1,val,current_repo_v1
1798,71.92,0.4102232992385099,,6,1,val,current_repo_v1
1799,71.96,0.6686665593051321,,6,1,val,current_repo_v1
1800,72.0,0.8094858437555761,,6,1,val,current_repo_v1
1801,72.04,0.8530846209471166,,6,1,val,current_repo_v1
1802,72.08,-0.07044253763711639,,6,1,val,current_repo_v1
1803,72.12,0.22914952621215637,,6,1,val,current_repo_v1
1804,72.16,0.7268003259802276,,6,1,val,current_repo_v1
1805,72.2,0.1194916141482097,,6,1,val,current_repo_v1
1806,72.24,0.514192070249226,,6,1,val,current_repo_v1
1807,72.28,1.1556073503463105,,6,1,val,current_repo_v1
1808,72.32,0.3894254685444037,,6,1,val,current_repo_v1
1809,72.36,0.23893460256464213,,6,1,val,current_repo_v1
1810,72.4,-0.49009186367682184,,6,1,val,current_repo_v1
1811,72.44,-0.4167665210097596,,6,1,val,current_repo_v1
1812,72.48,-0.4625696299261814,,6,1,val,current_repo_v1
1813,72.52,-0.566121360504845,,6,1,val,current_repo_v1
1814,72.56,-0.9575370058166531,,6,1,val,current_repo_v1
1815,72.6,-1.220063157799543,,6,1,val,current_repo_v1
1816,72.64,-1.3482425345762692,,6,1,val,current_repo_v1
1817,72.68,-1.0518422648043266,,6,1,val,current_repo_v1
1818,72.72,-0.7532546718789185,,6,1,val,current_repo_v1
1819,72.76,-1.12936635941094,,6,1,val,current_repo_v1
1820,72.8,-0.6025362597351462,,6,1,val,current_repo_v1
1821,72.84,0.0017742479098413549,,6,1,val,current_repo_v1
1822,72.88,0.2425541239524859,,6,1,val,current_repo_v1
1823,72.92,0.12858751292599255,,6,1,val,current_repo_v1
1824,72.96,0.08555147945006315,,6,1,val,current_repo_v1
1825,73.0,-0.3069296189488703,,6,1,val,current_repo_v1
1826,73.04,-1.6185718295622884,,6,1,val,current_repo_v1
1827,73.08,-1.291180273118005,,6,1,val,current_repo_v1
1828,73.12,-0.6967515019890289,,6,1,val,current_repo_v1
1829,73.16,-0.641430027815449,,6,1,val,current_repo_v1
1830,73.2,-0.09708446477434425,,6,1,val,current_repo_v1
1831,73.24,-0.08685104387063608,,6,1,val,current_repo_v1
1832,73.28,-0.5879561227552773,,6,1,val,current_repo_v1
1833,73.32,-1.2785751477989205,,6,1,val,current_repo_v1
1834,73.36,-0.7630462525317206,,6,1,val,current_repo_v1
1835,73.4,-0.9312380674784636,,6,1,val,current_repo_v1
1836,73.44,-0.3249726523736696,,6,1,val,current_repo_v1
1837,73.48,0.48382262251301816,,6,1,val,current_repo_v1
1838,73.52,-0.41146370756944034,,6,1,val,current_repo_v1
1839,73.56,-0.8103619417040779,,6,1,val,current_repo_v1
1840,73.6,-0.6071456173711427,,6,1,val,current_repo_v1
1841,73.64,-0.36436638201947047,,6,1,val,current_repo_v1
1842,73.68,0.04068778975875307,,6,1,val,current_repo_v1
1843,73.72,0.2165040881440518,,6,1,val,current_repo_v1
1844,73.76,0.04249591568200719,,6,1,val,current_repo_v1
1845,73.8,0.0954121900326989,,6,1,val,current_repo_v1
1846,73.84,0.5186272378532192,,6,1,val,current_repo_v1
1847,73.88,0.7190357913907411,,6,1,val,current_repo_v1
1848,73.92,0.20062347370680075,,6,1,val,current_repo_v1
1849,73.96,-0.24994050478239985,,6,1,val,current_repo_v1
1850,74.0,-0.22516694660665088,,6,1,val,current_repo_v1
1851,74.04,-0.17696955952669563,,6,1,val,current_repo_v1
1852,74.08,-0.29373037623029535,,6,1,val,current_repo_v1
1853,74.12,-0.32276786847817807,,6,1,val,current_repo_v1
1854,74.16,-0.2572250776603023,,6,1,val,current_repo_v1
1855,74.2,-0.008924508725327572,,6,1,val,current_repo_v1
1856,74.24,-0.039633006158911535,,6,1,val,current_repo_v1
1857,74.28,-0.6917872947710643,,6,1,val,current_repo_v1
1858,74.32,-0.8078658903708877,,6,1,val,current_repo_v1
1859,74.36,-0.2548966772764442,,6,1,val,current_repo_v1
1860,74.4,-0.7211118805740897,,6,1,val,current_repo_v1
1861,74.44,-1.1237502613024393,,6,1,val,current_repo_v1
1862,74.48,-0.5264998064361964,,6,1,val,current_repo_v1
1863,74.52,-0.3262508691240864,,6,1,val,current_repo_v1
1864,74.56,-0.4541781781767855,,6,1,val,current_repo_v1
1865,74.6,-0.6999086963190878,,6,1,val,current_repo_v1
1866,74.64,-0.37451712526621544,,6,1,val,current_repo_v1
1867,74.68,0.3090816032300286,,6,1,val,current_repo_v1
1868,74.72,-0.13388402206453448,,6,1,val,current_repo_v1
1869,74.76,-0.408215522599661,,6,1,val,current_repo_v1
1870,74.8,-0.4752020593936531,,6,1,val,current_repo_v1
1871,74.84,-0.3824743193180154,,6,1,val,current_repo_v1
1872,74.88,-0.308136810131126,,6,1,val,current_repo_v1
1873,74.92,-0.14806650107947036,,6,1,val,current_repo_v1
1874,74.96,0.5710043161423864,,6,1,val,current_repo_v1
1875,75.0,-0.17917451733396034,,6,1,val,current_repo_v1
1876,75.04,-0.5894099556142373,,6,1,val,current_repo_v1
1877,75.08,-0.42402820709831335,,6,1,val,current_repo_v1
1878,75.12,-0.07622604321846693,,6,1,val,current_repo_v1
1879,75.16,-0.0814159879180013,,6,1,val,current_repo_v1
1880,75.2,-0.013980637010999225,,6,1,val,current_repo_v1
1881,75.24,-0.575666960345681,,6,1,val,current_repo_v1
1882,75.28,-0.10308769048991294,,6,1,val,current_repo_v1
1883,75.32,-0.03499298787730594,,6,1,val,current_repo_v1
1884,75.36,0.20665111663532196,,6,1,val,current_repo_v1
1885,75.4,-0.03412948983676989,,6,1,val,current_repo_v1
1886,75.44,0.15065166480523098,,6,1,val,current_repo_v1
1887,75.48,-0.02038283372538844,,6,1,val,current_repo_v1
1888,75.52,0.07249722697677687,,6,1,val,current_repo_v1
1889,75.56,0.16250364779944215,,6,1,val,current_repo_v1
1890,75.6,-0.11588734482287259,,6,1,val,current_repo_v1
1891,75.64,-0.3168648159439531,,6,1,val,current_repo_v1
1892,75.68,-0.026274781992896748,,6,1,val,current_repo_v1
1893,75.72,-0.14906661551341713,,6,1,val,current_repo_v1
1894,75.76,0.013379971833249219,,6,1,val,current_repo_v1
1895,75.8,-0.017742400838115617,,6,1,val,current_repo_v1
1896,75.84,-0.08246867588097617,,6,1,val,current_repo_v1
1897,75.88,0.1318794367067232,,6,1,val,current_repo_v1
1898,75.92,-0.21010284794441503,,6,1,val,current_repo_v1
1899,75.96,-0.142435403080534,,6,1,val,current_repo_v1
1900,76.0,-0.6871240244853863,,6,1,val,current_repo_v1
1901,76.04,-1.18055582898351,,6,1,val,current_repo_v1
1902,76.08,-1.5399712210797765,,6,1,val,current_repo_v1
1903,76.12,-1.1923396733449947,,6,1,val,current_repo_v1
1904,76.16,-1.2002377721762727,,6,1,val,current_repo_v1
1905,76.2,-0.26220149348474325,,6,1,val,current_repo_v1
1906,76.24,-0.4174531594725743,,6,1,val,current_repo_v1
1907,76.28,-0.899182232060218,,6,1,val,current_repo_v1
1908,76.32,-0.3731424570464007,,6,1,val,current_repo_v1
1909,76.36,0.15723123413707238,,6,1,val,current_repo_v1
1910,76.4,-0.3820205139371156,,6,1,val,current_repo_v1
1911,76.44,-0.35991660582653134,,6,1,val,current_repo_v1
1912,76.48,-0.6165958439955743,,6,1,val,current_repo_v1
1913,76.52,-1.0125539952577738,,6,1,val,current_repo_v1
1914,76.56,-0.5485937667933556,,6,1,val,current_repo_v1
1915,76.6,-0.07318827410304134,,6,1,val,current_repo_v1
1916,76.64,-0.5271106541482653,,6,1,val,current_repo_v1
1917,76.68,-0.5270207765438931,,6,1,val,current_repo_v1
1918,76.72,0.06401452372000066,,6,1,val,current_repo_v1
1919,76.76,-0.20260759834449904,,6,1,val,current_repo_v1
1920,76.8,-0.15544098634409975,,6,1,val,current_repo_v1
1921,76.84,-0.6278268576125183,,6,1,val,current_repo_v1
1922,76.88,-0.9851438998184708,,6,1,val,current_repo_v1
1923,76.92,-0.7246776980063798,,6,1,val,current_repo_v1
1924,76.96,-0.5382581901140896,,6,1,val,current_repo_v1
1925,77.0,-0.5920851360737887,,6,1,val,current_repo_v1
1926,77.04,0.039907517197265686,,6,1,val,current_repo_v1
1927,77.08,0.37057162365074897,,6,1,val,current_repo_v1
1928,77.12,-0.4477035819912272,,6,1,val,current_repo_v1
1929,77.16,-0.23314695788309026,,6,1,val,current_repo_v1
1930,77.2,-0.5633853109246855,,6,1,val,current_repo_v1
1931,77.24,-0.43871985630713656,,6,1,val,current_repo_v1
1932,77.28,0.38440237480004497,,6,1,val,current_repo_v1
1933,77.32,0.47359452330956886,,6,1,val,current_repo_v1
1934,77.36,-0.13640908188148887,,6,1,val,current_repo_v1
1935,77.4,-0.21843624794392807,,6,1,val,current_repo_v1
1936,77.44,-0.2948436202726867,,6,1,val,current_repo_v1
1937,77.48,-0.898243456308667,,6,1,val,current_repo_v1
1938,77.52,-1.189140253236411,,6,1,val,current_repo_v1
1939,77.56,-1.3383409721181168,,6,1,val,current_repo_v1
1940,77.6,-1.228691407819282,,6,1,val,current_repo_v1
1941,77.64,-1.0882195990916241,,6,1,val,current_repo_v1
1942,77.68,-0.14420657275199034,,6,1,val,current_repo_v1
1943,77.72,0.6194515448756722,,6,1,val,current_repo_v1
1944,77.76,0.15056150894202164,,6,1,val,current_repo_v1
1945,77.8,-0.3727236427142619,,6,1,val,current_repo_v1
1946,77.84,-0.22479161021780364,,6,1,val,current_repo_v1
1947,77.88,-0.056580795409842226,,6,1,val,current_repo_v1
1948,77.92,-0.4381629908094584,,6,1,val,current_repo_v1
1949,77.96,-0.6285833738257912,,6,1,val,current_repo_v1
1950,78.0,-0.5469261268004652,,6,1,val,current_repo_v1
1951,78.04,-0.5367994529431264,,6,1,val,current_repo_v1
1952,78.08,-1.282250251389468,,6,1,val,current_repo_v1
1953,78.12,-1.0882073557027931,,6,1,val,current_repo_v1
1954,78.16,-0.8232328737772698,,6,1,val,current_repo_v1
1955,78.2,-0.7523387133520069,,6,1,val,current_repo_v1
1956,78.24,-0.7868231223354543,,6,1,val,current_repo_v1
1957,78.28,-0.7659332575309885,,6,1,val,current_repo_v1
1958,78.32,-0.17028213011313656,,6,1,val,current_repo_v1
1959,78.36,0.07450592534802354,,6,1,val,current_repo_v1
1960,78.4,0.3930824853105421,,6,1,val,current_repo_v1
1961,78.44,0.5649462734359157,,6,1,val,current_repo_v1
1962,78.48,0.6841121508329853,,6,1,val,current_repo_v1
1963,78.52,0.41759701929133736,,6,1,val,current_repo_v1
1964,78.56,-0.4334178428609739,,6,1,val,current_repo_v1
1965,78.6,-0.13844131051564493,,6,1,val,current_repo_v1
1966,78.64,0.6097282072026604,,6,1,val,current_repo_v1
1967,78.68,0.2911947425775325,,6,1,val,current_repo_v1
1968,78.72,-0.6152784275314859,,6,1,val,current_repo_v1
1969,78.76,-0.7708802822657643,,6,1,val,current_repo_v1
1970,78.8,-1.0148387785689217,,6,1,val,current_repo_v1
1971,78.84,-0.836740114246122,,6,1,val,current_repo_v1
1972,78.88,-0.8697027952143654,,6,1,val,current_repo_v1
1973,78.92,-0.3638319163581762,,6,1,val,current_repo_v1
1974,78.96,-0.4401479502236679,,6,1,val,current_repo_v1
1975,79.0,-1.0705957278225098,,6,1,val,current_repo_v1
1976,79.04,-1.0197675773498698,,6,1,val,current_repo_v1
1977,79.08,-0.3942660592740018,,6,1,val,current_repo_v1
1978,79.12,-0.34529149526212155,,6,1,val,current_repo_v1
1979,79.16,-0.3447329254290664,,6,1,val,current_repo_v1
1980,79.2,-0.6041779173091257,,6,1,val,current_repo_v1
1981,79.24,-0.9620870943203546,,6,1,val,current_repo_v1
1982,79.28,-0.6644911463255398,,6,1,val,current_repo_v1
1983,79.32,-0.80121105202362,,6,1,val,current_repo_v1
1984,79.36,-1.809925423153431,,6,1,val,current_repo_v1
1985,79.4,-1.3360102760988528,,6,1,val,current_repo_v1
1986,79.44,-1.1971616207325095,,6,1,val,current_repo_v1
1987,79.48,-0.8931779628740103,,6,1,val,current_repo_v1
1988,79.52,-0.42382083469999,,6,1,val,current_repo_v1
1989,79.56,0.035989284947831685,,6,1,val,current_repo_v1
1990,79.6,-0.20219487092442107,,6,1,val,current_repo_v1
1991,79.64,0.27937893323213986,,6,1,val,current_repo_v1
1992,79.68,1.090610399019694,,6,1,val,current_repo_v1
1993,79.72,0.539439051053888,,6,1,val,current_repo_v1
1994,79.76,0.19484438548448862,,6,1,val,current_repo_v1
1995,79.8,0.5135454662765941,,6,1,val,current_repo_v1
1996,79.84,1.0435390211062807,,6,1,val,current_repo_v1
1997,79.88,0.6220195956829533,,6,1,val,current_repo_v1
1998,79.92,0.7158513276946499,,6,1,val,current_repo_v1
1999,79.96,-0.10276496241244847,,6,1,val,current_repo_v1
2000,80.0,0.3893681472239681,,6,1,val,current_repo_v1
2001,80.04,0.4386004832660353,,6,1,val,current_repo_v1
2002,80.08,0.9151701500615126,,6,1,val,current_repo_v1
2003,80.12,0.5958093523490785,,6,1,val,current_repo_v1
2004,80.16,0.733205774844775,,6,1,val,current_repo_v1
2005,80.2,0.9925341762721037,,6,1,val,current_repo_v1
2006,80.24,0.7835340333166262,,6,1,val,current_repo_v1
2007,80.28,0.5437369674864984,,6,1,val,current_repo_v1
2008,80.32,0.5365051594405745,,6,1,val,current_repo_v1
2009,80.36,0.41751496771675756,,6,1,val,current_repo_v1
2010,80.4,-0.0035192177726701816,,6,1,val,current_repo_v1
2011,80.44,-0.02421052750571213,,6,1,val,current_repo_v1
2012,80.48,0.972388862550917,,6,1,val,current_repo_v1
2013,80.52,0.5538991889102723,,6,1,val,current_repo_v1
2014,80.56,-0.3968210319159408,,6,1,val,current_repo_v1
2015,80.6,-1.3256993948913764,,6,1,val,current_repo_v1
2016,80.64,-1.729078709338123,,6,1,val,current_repo_v1
2017,80.68,-0.7735231151355069,,6,1,val,current_repo_v1
2018,80.72,-0.5320201835047466,,6,1,val,current_repo_v1
2019,80.76,-0.8169411632123731,,6,1,val,current_repo_v1
2020,80.8,-0.7393933470398999,,6,1,val,current_repo_v1
2021,80.84,-0.5461978886415091,,6,1,val,current_repo_v1
2022,80.88,-0.25688288885542054,,6,1,val,current_repo_v1
2023,80.92,-0.2432408319800099,,6,1,val,current_repo_v1
2024,80.96,0.048342203413470716,,6,1,val,current_repo_v1
2025,81.0,0.14074617194100494,,6,1,val,current_repo_v1
2026,81.04,-0.15618298092431324,,6,1,val,current_repo_v1
2027,81.08,0.07341807242451447,,6,1,val,current_repo_v1
2028,81.12,0.15199996800023374,,6,1,val,current_repo_v1
2029,81.16,-0.22816890728798156,,6,1,val,current_repo_v1
2030,81.2,-0.37953517556915234,,6,1,val,current_repo_v1
2031,81.24,-0.30960726895560065,,6,1,val,current_repo_v1
2032,81.28,0.12477333209044386,,6,1,val,current_repo_v1
2033,81.32,0.22496399156736593,,6,1,val,current_repo_v1
2034,81.36,0.05527345713300877,,6,1,val,current_repo_v1
2035,81.4,0.24442064944916925,,6,1,val,current_repo_v1
2036,81.44,0.4680054163082635,,6,1,val,current_repo_v1
2037,81.48,-0.04086791887780994,,6,1,val,current_repo_v1
2038,81.52,-0.03567211335151987,,6,1,val,current_repo_v1
2039,81.56,-0.4813139104027414,,6,1,val,current_repo_v1
2040,81.6,-0.8675005852131167,,6,1,val,current_repo_v1
2041,81.64,-0.4262553908301887,,6,1,val,current_repo_v1
2042,81.68,-0.3681301806143329,,6,1,val,current_repo_v1
2043,81.72,-0.8290687963670527,,6,1,val,current_repo_v1
2044,81.76,-0.754378698451246,,6,1,val,current_repo_v1
2045,81.8,-0.6702707215008169,,6,1,val,current_repo_v1
2046,81.84,-0.5198958894561118,,6,1,val,current_repo_v1
2047,81.88,-0.573654070700701,,6,1,val,current_repo_v1
2048,81.92,-0.5365392461481151,,6,1,val,current_repo_v1
2049,81.96,-0.5584416252959543,,6,1,val,current_repo_v1
2050,82.0,-0.4783778275010861,,6,1,val,current_repo_v1
2051,82.04,-0.3344196094567657,,6,1,val,current_repo_v1
2052,82.08,-0.4001386424655681,,6,1,val,current_repo_v1
2053,82.12,-0.4891138882115991,,6,1,val,current_repo_v1
2054,82.16,-0.4553516652574016,,6,1,val,current_repo_v1
2055,82.2,-0.8354599844662004,,6,1,val,current_repo_v1
2056,82.24,-0.4054334907466763,,6,1,val,current_repo_v1
2057,82.28,-0.35471876553249526,,6,1,val,current_repo_v1
2058,82.32,0.35038391023926435,,6,1,val,current_repo_v1
2059,82.36,-0.07175028460661678,,6,1,val,current_repo_v1
2060,82.4,0.05533761318612977,,6,1,val,current_repo_v1
2061,82.44,-0.17169319806707498,,6,1,val,current_repo_v1
2062,82.48,0.06501088165964701,,6,1,val,current_repo_v1
2063,82.52,0.5667978773024615,,6,1,val,current_repo_v1
2064,82.56,0.2976951472702286,,6,1,val,current_repo_v1
2065,82.6,-0.04751635727182515,,6,1,val,current_repo_v1
2066,82.64,0.548628827406826,,6,1,val,current_repo_v1
2067,82.68,0.14905191996858458,,6,1,val,current_repo_v1
2068,82.72,-0.6891683225966002,,6,1,val,current_repo_v1
2069,82.76,-0.019843768097693896,,6,1,val,current_repo_v1
2070,82.8,-0.544536092084197,,6,1,val,current_repo_v1
2071,82.84,-0.6536776600936133,,6,1,val,current_repo_v1
2072,82.88,-0.010103143594429397,,6,1,val,current_repo_v1
2073,82.92,0.04460970893777819,,6,1,val,current_repo_v1
2074,82.96,-0.4007835768851775,,6,1,val,current_repo_v1
2075,83.0,-0.30599153884441194,,6,1,val,current_repo_v1
2076,83.04,0.7287944679360603,,6,1,val,current_repo_v1
2077,83.08,0.8616179847034161,,6,1,val,current_repo_v1
2078,83.12,0.21473905755818828,,6,1,val,current_repo_v1
2079,83.16,-1.1933127444982141,,6,1,val,current_repo_v1
2080,83.2,-1.4847849807010105,,6,1,val,current_repo_v1
2081,83.24,-0.5092287325901271,,6,1,val,current_repo_v1
2082,83.28,-0.3510446706302319,,6,1,val,current_repo_v1
2083,83.32,-0.9102413512805646,,6,1,val,current_repo_v1
2084,83.36,-0.7471202471216732,,6,1,val,current_repo_v1
2085,83.4,-0.3823471202471217,,6,1,val,current_repo_v1
2086,83.44,0.12937522891137143,,6,1,val,current_repo_v1
2087,83.48,1.004188143321388,,6,1,val,current_repo_v1
2088,83.52,1.1671121706589274,,6,1,val,current_repo_v1
2089,83.56,0.7218906574943279,,6,1,val,current_repo_v1
2090,83.6,0.6563707882481554,,6,1,val,current_repo_v1
2091,83.64,0.33674362726393997,,6,1,val,current_repo_v1
2092,83.68,0.8185593774793297,,6,1,val,current_repo_v1
2093,83.72,0.545007427771832,,6,1,val,current_repo_v1
2094,83.76,0.3948436202726867,,6,1,val,current_repo_v1
2095,83.8,0.06174454030074911,,6,1,val,current_repo_v1
2096,83.84,-0.11127695241182586,,6,1,val,current_repo_v1
2097,83.88,0.14001409033186193,,6,1,val,current_repo_v1
2098,83.92,0.3853201767917521,,6,1,val,current_repo_v1
2099,83.96,0.26134751711378806,,6,1,val,current_repo_v1
2100,84.0,0.47357344520266115,,6,1,val,current_repo_v1
2101,84.04,-0.16918587725098355,,6,1,val,current_repo_v1
2102,84.08,0.025155972773764086,,6,1,val,current_repo_v1
2103,84.12,-0.035744286737383835,,6,1,val,current_repo_v1
2104,84.16,-0.19869180085988938,,6,1,val,current_repo_v1
2105,84.2,-0.23874550829367855,,6,1,val,current_repo_v1
2106,84.24,-0.26525037556247416,,6,1,val,current_repo_v1
2107,84.28,0.3543759158628754,,6,1,val,current_repo_v1
2108,84.32,0.07895356242615272,,6,1,val,current_repo_v1
2109,84.36,-0.31128043934287786,,6,1,val,current_repo_v1
2110,84.4,-0.44608860248325144,,6,1,val,current_repo_v1
2111,84.44,-0.5522978093029581,,6,1,val,current_repo_v1
2112,84.48,-0.58143874427352,,6,1,val,current_repo_v1
2113,84.52,-0.8919150851419868,,6,1,val,current_repo_v1
2114,84.56,-0.38587432926576887,,6,1,val,current_repo_v1
2115,84.6,-0.2720522041404219,,6,1,val,current_repo_v1
2116,84.64,-0.4596037385466054,,6,1,val,current_repo_v1
2117,84.68,-0.10183668223640802,,6,1,val,current_repo_v1
2118,84.72,0.2040919353284724,,6,1,val,current_repo_v1
2119,84.76,0.7973137587516752,,6,1,val,current_repo_v1
2120,84.8,0.7534404096526599,,6,1,val,current_repo_v1
2121,84.84,0.9695938916620087,,6,1,val,current_repo_v1
2122,84.88,0.8249660089439347,,6,1,val,current_repo_v1
2123,84.92,1.0997563496057943,,6,1,val,current_repo_v1
2124,84.96,1.075386440655564,,6,1,val,current_repo_v1
2125,85.0,1.2448343159928223,,6,1,val,current_repo_v1
2126,85.04,0.7496727154340785,,6,1,val,current_repo_v1
2127,85.08,-0.13884709885597357,,6,1,val,current_repo_v1
2128,85.12,-0.6211793931244328,,6,1,val,current_repo_v1
2129,85.16,-0.3543247162368553,,6,1,val,current_repo_v1
2130,85.2,-0.23303478478939807,,6,1,val,current_repo_v1
2131,85.24,-0.09605128971231862,,6,1,val,current_repo_v1
2132,85.28,0.4386095962429492,,6,1,val,current_repo_v1
2133,85.32,0.625447744555605,,6,1,val,current_repo_v1
2134,85.36,0.7144335989197992,,6,1,val,current_repo_v1
2135,85.4,0.0849485099413187,,6,1,val,current_repo_v1
2136,85.44,-0.7795835230420926,,6,1,val,current_repo_v1
2137,85.48,-0.944281450465927,,6,1,val,current_repo_v1
2138,85.52,-0.5931702064089271,,6,1,val,current_repo_v1
2139,85.56,-0.37132403554617516,,6,1,val,current_repo_v1
2140,85.6,-0.10387517169439806,,6,1,val,current_repo_v1
2141,85.64,0.9051792665166619,,6,1,val,current_repo_v1
2142,85.68,0.7411207779004049,,6,1,val,current_repo_v1
2143,85.72,0.7710759677929309,,6,1,val,current_repo_v1
2144,85.76,0.5238098782582805,,6,1,val,current_repo_v1
2145,85.8,0.10945702657476242,,6,1,val,current_repo_v1
2146,85.84,-0.022629956442057293,,6,1,val,current_repo_v1
2147,85.88,0.24042509602538556,,6,1,val,current_repo_v1
2148,85.92,-0.4290802745440816,,6,1,val,current_repo_v1
2149,85.96,0.1629184273784435,,6,1,val,current_repo_v1
2150,86.0,0.3994532909498748,,6,1,val,current_repo_v1
2151,86.04,0.11644961897669617,,6,1,val,current_repo_v1
2152,86.08,-0.49409538225981653,,6,1,val,current_repo_v1
2153,86.12,-0.7672455262065911,,6,1,val,current_repo_v1
2154,86.16,0.008878822102516816,,6,1,val,current_repo_v1
2155,86.2,-0.05176465667555124,,6,1,val,current_repo_v1
2156,86.24,0.042180857113739346,,6,1,val,current_repo_v1
2157,86.28,0.02696782040896397,,6,1,val,current_repo_v1
2158,86.32,-0.0011713305746288455,,6,1,val,current_repo_v1
2159,86.36,0.1710776373459533,,6,1,val,current_repo_v1
2160,86.4,-0.08977228340245166,,6,1,val,current_repo_v1
2161,86.44,-0.1592984538199895,,6,1,val,current_repo_v1
2162,86.48,-0.5316505862044139,,6,1,val,current_repo_v1
2163,86.52,-0.4715475817394029,,6,1,val,current_repo_v1
2164,86.56,-0.07963737482265347,,6,1,val,current_repo_v1
2165,86.6,-0.35042770122374756,,6,1,val,current_repo_v1
2166,86.64,-0.08174572463992437,,6,1,val,current_repo_v1
2167,86.68,-0.763629830877757,,6,1,val,current_repo_v1
2168,86.72,-0.9410913520283852,,6,1,val,current_repo_v1
2169,86.76,-1.210720339086219,,6,1,val,current_repo_v1
2170,86.8,-0.6869654865129681,,6,1,val,current_repo_v1
2171,86.84,-0.11633121114593598,,6,1,val,current_repo_v1
2172,86.88,-0.23002517199004807,,6,1,val,current_repo_v1
2173,86.92,-0.27317911764818414,,6,1,val,current_repo_v1
2174,86.96,-0.1287301205799888,,6,1,val,current_repo_v1
2175,87.0,0.0608520424720376,,6,1,val,current_repo_v1
2176,87.04,0.06612263006078913,,6,1,val,current_repo_v1
2177,87.08,-0.2284540356400875,,6,1,val,current_repo_v1
2178,87.12,-0.3368007746726024,,6,1,val,current_repo_v1
2179,87.16,0.034186793766028144,,6,1,val,current_repo_v1
2180,87.2,-0.10963385137012913,,6,1,val,current_repo_v1
2181,87.24,-0.307699526368677,,6,1,val,current_repo_v1
2182,87.28,-0.661684279871347,,6,1,val,current_repo_v1
2183,87.32,-0.994546196358218,,6,1,val,current_repo_v1
2184,87.36,-1.1102264644327815,,6,1,val,current_repo_v1
2185,87.4,-0.9923455863452824,,6,1,val,current_repo_v1
2186,87.44,-1.2654097483114037,,6,1,val,current_repo_v1
2187,87.48,-1.433346886857522,,6,1,val,current_repo_v1
2188,87.52,-1.6179337820488964,,6,1,val,current_repo_v1
2189,87.56,-1.2021357757038993,,6,1,val,current_repo_v1
2190,87.6,-0.9782316720469172,,6,1,val,current_repo_v1
2191,87.64,-0.7772154707739526,,6,1,val,current_repo_v1
2192,87.68,-1.4307802273444263,,6,1,val,current_repo_v1
2193,87.72,-0.9731353614460555,,6,1,val,current_repo_v1
2194,87.76,0.1364716640330627,,6,1,val,current_repo_v1
2195,87.8,-0.2808769744638387,,6,1,val,current_repo_v1
2196,87.84,-0.6695234573938764,,6,1,val,current_repo_v1
2197,87.88,-0.24078018908383625,,6,1,val,current_repo_v1
2198,87.92,-0.015221045341929676,,6,1,val,current_repo_v1
2199,87.96,0.19227407382415643,,6,1,val,current_repo_v1
2200,88.0,0.22444917793643943,,6,1,val,current_repo_v1
2201,88.04,-0.2852220557693318,,6,1,val,current_repo_v1
2202,88.08,-0.8957945002836502,,6,1,val,current_repo_v1
2203,88.12,-0.2685402297931041,,6,1,val,current_repo_v1
2204,88.16,-0.015668624681350152,,6,1,val,current_repo_v1
2205,88.2,-0.019415171228314505,,6,1,val,current_repo_v1
2206,88.24,-0.08635136925956367,,6,1,val,current_repo_v1
2207,88.28,-0.33028586573802415,,6,1,val,current_repo_v1
2208,88.32,-0.38984925675325505,,6,1,val,current_repo_v1
2209,88.36,0.6022244707082139,,6,1,val,current_repo_v1
2210,88.4,0.41379729052413877,,6,1,val,current_repo_v1
2211,88.44,0.4323981981349006,,6,1,val,current_repo_v1
2212,88.48,0.6290866744973341,,6,1,val,current_repo_v1
2213,88.52,0.04740233201774874,,6,1,val,current_repo_v1
2214,88.56,-0.5311222074551804,,6,1,val,current_repo_v1
2215,88.6,-0.5510905833383478,,6,1,val,current_repo_v1
2216,88.64,-0.5444417623384317,,6,1,val,current_repo_v1
2217,88.68,-0.825784507313164,,6,1,val,current_repo_v1
2218,88.72,-1.2582731047877562,,6,1,val,current_repo_v1
2219,88.76,-0.7626920985968451,,6,1,val,current_repo_v1
2220,88.8,-0.9489566858815988,,6,1,val,current_repo_v1
2221,88.84,-0.945111357447476,,6,1,val,current_repo_v1
2222,88.88,-0.9826013792594906,,6,1,val,current_repo_v1
2223,88.92,-0.6913954367637662,,6,1,val,current_repo_v1
2224,88.96,-1.2175028982396998,,6,1,val,current_repo_v1
2225,89.0,-0.9120917725470526,,6,1,val,current_repo_v1
2226,89.04,-0.4274777123367099,,6,1,val,current_repo_v1
2227,89.08,-0.7916482696995952,,6,1,val,current_repo_v1
2228,89.12,-0.8136228570156531,,6,1,val,current_repo_v1
2229,89.16,-1.0996046985395933,,6,1,val,current_repo_v1
2230,89.2,-0.8051865360287803,,6,1,val,current_repo_v1
2231,89.24,-0.7542653079751418,,6,1,val,current_repo_v1
2232,89.28,-0.9389834717729019,,6,1,val,current_repo_v1
2233,89.32,-0.4526162069772708,,6,1,val,current_repo_v1
2234,89.36,-0.3058402008194027,,6,1,val,current_repo_v1
2235,89.4,-0.7214527476494954,,6,1,val,current_repo_v1
2236,89.44,-0.6140468539186322,,6,1,val,current_repo_v1
2237,89.48,-0.7640757406641552,,6,1,val,current_repo_v1
2238,89.52,-0.8553638390815232,,6,1,val,current_repo_v1
2239,89.56,-0.6905133562502674,,6,1,val,current_repo_v1
2240,89.6,-0.8786667645210243,,6,1,val,current_repo_v1
2241,89.64,-1.0643993904740174,,6,1,val,current_repo_v1
2242,89.68,-0.7580035763217033,,6,1,val,current_repo_v1
2243,89.72,-1.183223079066205,,6,1,val,current_repo_v1
2244,89.76,-1.28924136554133,,6,1,val,current_repo_v1
2245,89.8,-1.0833191827120567,,6,1,val,current_repo_v1
2246,89.84,-0.02306653586182501,,6,1,val,current_repo_v1
2247,89.88,-0.1265501712857054,,6,1,val,current_repo_v1
2248,89.92,-0.47304645774761295,,6,1,val,current_repo_v1
2249,89.96,-0.8853686286117562,,6,1,val,current_repo_v1
2250,90.0,-0.8984320462354883,,6,1,val,current_repo_v1
2251,90.04,-0.5160494132042862,,6,1,val,current_repo_v1
2252,90.08,0.033889300286850076,,6,1,val,current_repo_v1
2253,90.12,-0.2672094221224819,,6,1,val,current_repo_v1
2254,90.16,-0.1281037425465762,,6,1,val,current_repo_v1
2255,90.2,-0.09800552761179832,,6,1,val,current_repo_v1
2256,90.24,-0.13776294155764426,,6,1,val,current_repo_v1
2257,90.28,-0.19000876863160304,,6,1,val,current_repo_v1
2258,90.32,0.009710155160605784,,6,1,val,current_repo_v1
2259,90.36,0.3316776816586731,,6,1,val,current_repo_v1
2260,90.4,0.5743233875509083,,6,1,val,current_repo_v1
2261,90.44,-0.21060606166007134,,6,1,val,current_repo_v1
2262,90.48,-0.06181922671173532,,6,1,val,current_repo_v1
2263,90.52,0.3058788092330456,,6,1,val,current_repo_v1
2264,90.56,0.462980687793237,,6,1,val,current_repo_v1
2265,90.6,0.34202421477964856,,6,1,val,current_repo_v1
2266,90.64,-0.026519032382719986,,6,1,val,current_repo_v1
2267,90.68,0.4080075589013089,,6,1,val,current_repo_v1
2268,90.72,0.5918699724280275,,6,1,val,current_repo_v1
2269,90.76,0.3272472792372647,,6,1,val,current_repo_v1
2270,90.8,0.08706819880620002,,6,1,val,current_repo_v1
2271,90.84,0.15644682247538366,,6,1,val,current_repo_v1
2272,90.88,0.00913200286189214,,6,1,val,current_repo_v1
2273,90.92,-0.14679680600593875,,6,1,val,current_repo_v1
2274,90.96,0.18520612545090975,,6,1,val,current_repo_v1
2275,91.0,0.2558776440241654,,6,1,val,current_repo_v1
2276,91.04,0.4214144870593989,,6,1,val,current_repo_v1
2277,91.08,0.8288146764841022,,6,1,val,current_repo_v1
2278,91.12,0.1299723549845375,,6,1,val,current_repo_v1
2279,91.16,0.20021432886925,,6,1,val,current_repo_v1
2280,91.2,0.23760181229980581,,6,1,val,current_repo_v1
2281,91.24,-0.017586628062890672,,6,1,val,current_repo_v1
2282,91.28,0.20897294315415435,,6,1,val,current_repo_v1
2283,91.32,0.3370323903721051,,6,1,val,current_repo_v1
2284,91.36,0.4522589574128328,,6,1,val,current_repo_v1
2285,91.4,0.1322889641501749,,6,1,val,current_repo_v1
2286,91.44,0.22035327741953886,,6,1,val,current_repo_v1
2287,91.48,0.08326532223590714,,6,1,val,current_repo_v1
2288,91.52,0.5446909779093787,,6,1,val,current_repo_v1
2289,91.56,0.7021913926889578,,6,1,val,current_repo_v1
2290,91.6,0.4730190144698074,,6,1,val,current_repo_v1
2291,91.64,0.545822726164435,,6,1,val,current_repo_v1
2292,91.68,0.5587554316994554,,6,1,val,current_repo_v1
2293,91.72,0.7877641241577018,,6,1,val,current_repo_v1
2294,91.76,0.6417070344877481,,6,1,val,current_repo_v1
2295,91.8,0.6370591380028181,,6,1,val,current_repo_v1
2296,91.84,0.6547123655792427,,6,1,val,current_repo_v1
2297,91.88,0.4435329689765744,,6,1,val,current_repo_v1
2298,91.92,0.181491196064307,,6,1,val,current_repo_v1
2299,91.96,-0.007563553448826981,,6,1,val,current_repo_v1
2300,92.0,-0.071564172922563,,6,1,val,current_repo_v1
2301,92.04,-0.027307774447560558,,6,1,val,current_repo_v1
2302,92.08,0.028133951021575145,,6,1,val,current_repo_v1
2303,92.12,0.15696118393569994,,6,1,val,current_repo_v1
2304,92.16,0.3336367977833901,,6,1,val,current_repo_v1
2305,92.2,0.5170275277989274,,6,1,val,current_repo_v1
2306,92.24,0.591502809892519,,6,1,val,current_repo_v1
2307,92.28,0.658419468936053,,6,1,val,current_repo_v1
2308,92.32,0.4625391605835227,,6,1,val,current_repo_v1
2309,92.36,0.6547986258187332,,6,1,val,current_repo_v1
2310,92.4,0.5149749514873109,,6,1,val,current_repo_v1
2311,92.44,0.5159094837915966,,6,1,val,current_repo_v1
2312,92.48,0.4552866918189467,,6,1,val,current_repo_v1
2313,92.52,0.3753363888472467,,6,1,val,current_repo_v1
2314,92.56,0.3247171411965339,,6,1,val,current_repo_v1
2315,92.6,0.39804502297548433,,6,1,val,current_repo_v1
2316,92.64,0.26944415362531265,,6,1,val,current_repo_v1
2317,92.68,-0.14277664406625204,,6,1,val,current_repo_v1
2318,92.72,-0.04425353762633386,,6,1,val,current_repo_v1
2319,92.76,0.42887937166372003,,6,1,val,current_repo_v1
2320,92.8,0.4075155972773764,,6,1,val,current_repo_v1
2321,92.84,0.42520322460253335,,6,1,val,current_repo_v1
2322,92.88,0.5351279868912262,,6,1,val,current_repo_v1
2323,92.92,0.4661321082524267,,6,1,val,current_repo_v1
2324,92.96,0.2653736442272943,,6,1,val,current_repo_v1
2325,93.0,0.23918503551800144,,6,1,val,current_repo_v1
2326,93.04,0.22352184557956273,,6,1,val,current_repo_v1
2327,93.08,-0.04296305140032021,,6,1,val,current_repo_v1
2328,93.12,0.212270414720449,,6,1,val,current_repo_v1
2329,93.16,0.4313475971132037,,6,1,val,current_repo_v1
2330,93.2,0.552529320655397,,6,1,val,current_repo_v1
2331,93.24,0.5770453154950869,,6,1,val,current_repo_v1
2332,93.28,0.37033659928049223,,6,1,val,current_repo_v1
2333,93.32,0.6531051425363502,,6,1,val,current_repo_v1
2334,93.36,0.8200309493391527,,6,1,val,current_repo_v1
2335,93.4,0.13126524988860952,,6,1,val,current_repo_v1
2336,93.44,-0.03434970561954156,,6,1,val,current_repo_v1
2337,93.48,-0.43958600650221336,,6,1,val,current_repo_v1
2338,93.52,-0.25805439334182256,,6,1,val,current_repo_v1
2339,93.56,-0.5355796009837841,,6,1,val,current_repo_v1
2340,93.6,-0.5170764665718963,,6,1,val,current_repo_v1
2341,93.64,-0.5638759508191419,,6,1,val,current_repo_v1
2342,93.68,-0.38572928684694824,,6,1,val,current_repo_v1
2343,93.72,-0.6052124836653368,,6,1,val,current_repo_v1
2344,93.76,-1.0244761342612803,,6,1,val,current_repo_v1
2345,93.8,-0.058188001061557464,,6,1,val,current_repo_v1
2346,93.84,0.8990536764774936,,6,1,val,current_repo_v1
2347,93.88,0.2244399606124616,,6,1,val,current_repo_v1
2348,93.92,-0.5111684401609589,,6,1,val,current_repo_v1
2349,93.96,-0.7257745247773842,,6,1,val,current_repo_v1
2350,94.0,0.3964967560236951,,6,1,val,current_repo_v1
2351,94.04,0.12687832541049265,,6,1,val,current_repo_v1
2352,94.08,-0.21718919618326266,,6,1,val,current_repo_v1
2353,94.12,-0.7812179458863083,,6,1,val,current_repo_v1
2354,94.16,-0.2729222499592177,,6,1,val,current_repo_v1
2355,94.2,-0.28742593532360283,,6,1,val,current_repo_v1
2356,94.24,-0.27647091969067356,,6,1,val,current_repo_v1
2357,94.28,0.30284286619123824,,6,1,val,current_repo_v1
2358,94.32,0.2427155140779841,,6,1,val,current_repo_v1
2359,94.36,0.1623222230376752,,6,1,val,current_repo_v1
2360,94.4,0.13709127689849918,,6,1,val,current_repo_v1
2361,94.44,-0.823945355529577,,6,1,val,current_repo_v1
2362,94.48,-1.0308820700787924,,6,1,val,current_repo_v1
2363,94.52,-0.7974707663004896,,6,1,val,current_repo_v1
2364,94.56,-0.461385360315629,,6,1,val,current_repo_v1
2365,94.6,-0.467906077903431,,6,1,val,current_repo_v1
2366,94.64,-0.1349623794052287,,6,1,val,current_repo_v1
2367,94.68,0.2410596653033143,,6,1,val,current_repo_v1
2368,94.72,0.19031029686391857,,6,1,val,current_repo_v1
2369,94.76,0.34928524000346434,,6,1,val,current_repo_v1
2370,94.8,0.8691548339994734,,6,1,val,current_repo_v1
2371,94.84,1.2697370906160337,,6,1,val,current_repo_v1
2372,94.88,0.6857296694528492,,6,1,val,current_repo_v1
2373,94.92,-0.33110339020132373,,6,1,val,current_repo_v1
2374,94.96,-1.1154912607594867,,6,1,val,current_repo_v1
2375,95.0,-0.8460342376629597,,6,1,val,current_repo_v1
2376,95.04,-1.1178681477457035,,6,1,val,current_repo_v1
2377,95.08,-0.6321317305160553,,6,1,val,current_repo_v1
2378,95.12,0.08294028113185956,,6,1,val,current_repo_v1
2379,95.16,0.12841476636170657,,6,1,val,current_repo_v1
2380,95.2,-0.3841556635586314,,6,1,val,current_repo_v1
2381,95.24,-0.03655942860939103,,6,1,val,current_repo_v1
2382,95.28,1.3324836235978799,,6,1,val,current_repo_v1
2383,95.32,1.8431793019946636,,6,1,val,current_repo_v1
2384,95.36,0.5614106470874474,,6,1,val,current_repo_v1
2385,95.4,-0.5750410866564105,,6,1,val,current_repo_v1
2386,95.44,-1.1723005849348578,,6,1,val,current_repo_v1
2387,95.48,-1.427978160855173,,6,1,val,current_repo_v1
2388,95.52,-2.0276507197686557,,6,1,val,current_repo_v1
2389,95.56,-0.8817166900693942,,6,1,val,current_repo_v1
2390,95.6,0.1652198714374608,,6,1,val,current_repo_v1
2391,95.64,-0.23160954302594658,,6,1,val,current_repo_v1
2392,95.68,-1.0882794247415932,,6,1,val,current_repo_v1
2393,95.72,-0.629323959720642,,6,1,val,current_repo_v1
2394,95.76,-0.46533173148996126,,6,1,val,current_repo_v1
2395,95.8,-0.7383050767281352,,6,1,val,current_repo_v1
2396,95.84,-0.5511374699523934,,6,1,val,current_repo_v1
2397,95.88,-0.8789670753709278,,6,1,val,current_repo_v1
2398,95.92,-1.9743933696484304,,6,1,val,current_repo_v1
2399,95.96,-1.0964141827137959,,6,1,val,current_repo_v1
2400,96.0,-2.8737568177762873,,6,1,val,current_repo_v1
2401,96.04,-2.070759970101088,,6,1,val,current_repo_v1
2402,96.08,0.04189456355275318,,6,1,val,current_repo_v1
2403,96.12,0.6994420562493283,,6,1,val,current_repo_v1
2404,96.16,-0.3056041677608616,,6,1,val,current_repo_v1
2405,96.2,-0.1615040377096376,,6,1,val,current_repo_v1
2406,96.24,0.3547199829149074,,6,1,val,current_repo_v1
2407,96.28,0.4754541271176802,,6,1,val,current_repo_v1
2408,96.32,0.5969240572503645,,6,1,val,current_repo_v1
2409,96.36,0.6220156304945251,,6,1,val,current_repo_v1
2410,96.4,0.6926551840838728,,6,1,val,current_repo_v1
2411,96.44,0.76669464327391,,6,1,val,current_repo_v1
2412,96.48,0.7555818200980097,,6,1,val,current_repo_v1
2413,96.52,0.6522795485667757,,6,1,val,current_repo_v1
2414,96.56,0.4092889756283519,,6,1,val,current_repo_v1
2415,96.6,-0.28889402894796246,,6,1,val,current_repo_v1
2416,96.64,-0.40547300350153964,,6,1,val,current_repo_v1
2417,96.68,0.38491478844850174,,6,1,val,current_repo_v1
2418,96.72,1.026547840867945,,6,1,val,current_repo_v1
2419,96.76,1.6605644271815754,,6,1,val,current_repo_v1
2420,96.8,1.0287470595866952,,6,1,val,current_repo_v1
2421,96.84,0.7918459030386212,,6,1,val,current_repo_v1
2422,96.88,0.09654070352877422,,6,1,val,current_repo_v1
2423,96.92,0.4503875276041462,,6,1,val,current_repo_v1
2424,96.96,0.6307246451417224,,6,1,val,current_repo_v1
2425,97.0,0.5565726998168014,,6,1,val,current_repo_v1
2426,97.04,0.290755511003224,,6,1,val,current_repo_v1
2427,97.08,0.11105014537285118,,6,1,val,current_repo_v1
2428,97.12,0.32643858949204196,,6,1,val,current_repo_v1
2429,97.16,0.623691096517208,,6,1,val,current_repo_v1
2430,97.2,0.5654064439877134,,6,1,val,current_repo_v1
2431,97.24,1.0383380851826822,,6,1,val,current_repo_v1
2432,97.28,0.9161517081092625,,6,1,val,current_repo_v1
2433,97.32,-0.0938794968801967,,6,1,val,current_repo_v1
2434,97.36,-0.3242253187020199,,6,1,val,current_repo_v1
2435,97.4,-0.041301046148880305,,6,1,val,current_repo_v1
2436,97.44,0.12980734749415743,,6,1,val,current_repo_v1
2437,97.48,-0.4398268395256939,,6,1,val,current_repo_v1
2438,97.52,-0.4891102708467173,,6,1,val,current_repo_v1
2439,97.56,-0.4834331297058352,,6,1,val,current_repo_v1
2440,97.6,-0.19286436516463706,,6,1,val,current_repo_v1
2441,97.64,0.54558516268229,,6,1,val,current_repo_v1
2442,97.68,0.1532675065677781,,6,1,val,current_repo_v1
2443,97.72,-0.15728752937804627,,6,1,val,current_repo_v1
2444,97.76,-0.4866096282427154,,6,1,val,current_repo_v1
2445,97.8,-0.5356292701862003,,6,1,val,current_repo_v1
2446,97.84,-0.19770081679403384,,6,1,val,current_repo_v1
2447,97.88,-0.006582664961403759,,6,1,val,current_repo_v1
2448,97.92,-0.15082976785213048,,6,1,val,current_repo_v1
2449,97.96,0.15505264135461966,,6,1,val,current_repo_v1
2450,98.0,0.6358315295783926,,6,1,val,current_repo_v1
2451,98.04,0.7516685269429336,,6,1,val,current_repo_v1
2452,98.08,0.8041247003065369,,6,1,val,current_repo_v1
2453,98.12,0.6245022210272551,,6,1,val,current_repo_v1
2454,98.16,0.6711473064022837,,6,1,val,current_repo_v1
2455,98.2,0.5570389224983052,,6,1,val,current_repo_v1
2456,98.24,0.21312317370899203,,6,1,val,current_repo_v1
2457,98.28,-0.08421463704091205,,6,1,val,current_repo_v1
2458,98.32,-0.2886612654307569,,6,1,val,current_repo_v1
2459,98.36,-0.4388365858892857,,6,1,val,current_repo_v1
2460,98.4,0.36338461527759275,,6,1,val,current_repo_v1
2461,98.44,0.45322249820088273,,6,1,val,current_repo_v1
2462,98.48,0.4781222815415957,,6,1,val,current_repo_v1
2463,98.52,0.09865825327884561,,6,1,val,current_repo_v1
2464,98.56,0.061106266702051916,,6,1,val,current_repo_v1
2465,98.6,0.2901925238111304,,6,1,val,current_repo_v1
2466,98.64,0.4360244325171886,,6,1,val,current_repo_v1
2467,98.68,0.3056829497941059,,6,1,val,current_repo_v1
2468,98.72,0.5151846890857493,,6,1,val,current_repo_v1
2469,98.76,0.4949126980289883,,6,1,val,current_repo_v1
2470,98.8,0.25772222185507515,,6,1,val,current_repo_v1
2471,98.84,0.09421494660386828,,6,1,val,current_repo_v1
2472,98.88,0.49953979466584764,,6,1,val,current_repo_v1
2473,98.92,0.6834066951163139,,6,1,val,current_repo_v1
2474,98.96,0.42315767432655277,,6,1,val,current_repo_v1
2475,99.0,0.3800366675582544,,6,1,val,current_repo_v1
2476,99.04,0.41319392101831603,,6,1,val,current_repo_v1
2477,99.08,0.1900123859964849,,6,1,val,current_repo_v1
2478,99.12,0.2400433596832858,,6,1,val,current_repo_v1
2479,99.16,0.6516551357363999,,6,1,val,current_repo_v1
2480,99.2,0.7952537390161671,,6,1,val,current_repo_v1
2481,99.24,0.19128921145271635,,6,1,val,current_repo_v1
2482,99.28,0.28072570600353874,,6,1,val,current_repo_v1
2483,99.32,0.5014967195022227,,6,1,val,current_repo_v1
2484,99.36,0.0024768514734327166,,6,1,val,current_repo_v1
2485,99.4,-0.7515991709277949,,6,1,val,current_repo_v1
2486,99.44,-0.13864346556077328,,6,1,val,current_repo_v1
2487,99.48,0.07638231164224539,,6,1,val,current_repo_v1
2488,99.52,0.49008233331165235,,6,1,val,current_repo_v1
2489,99.56,0.17203373471011169,,6,1,val,current_repo_v1
2490,99.6,0.031032242894921465,,6,1,val,current_repo_v1
2491,99.64,-0.39612597612330486,,6,1,val,current_repo_v1
2492,99.68,-0.18779278481791958,,6,1,val,current_repo_v1
2493,99.72,-0.06222353680199205,,6,1,val,current_repo_v1
2494,99.76,-0.39159282662630984,,6,1,val,current_repo_v1
2495,99.8,-0.8192799287379118,,6,1,val,current_repo_v1
2496,99.84,-1.1741685365080812,,6,1,val,current_repo_v1
2497,99.88,-0.898595384172846,,6,1,val,current_repo_v1
2498,99.92,-0.579628531408988,,6,1,val,current_repo_v1
2499,99.96,-0.6161330995495338,,6,1,val,current_repo_v1
2500,100.0,-0.6891375054303951,,6,1,val,current_repo_v1
2501,100.04,-0.5715922075003974,,6,1,val,current_repo_v1
2502,100.08,-0.34603768111606836,,6,1,val,current_repo_v1
2503,100.12,-0.3927933743788306,,6,1,val,current_repo_v1
2504,100.16,-0.5097440679563732,,6,1,val,current_repo_v1
2505,100.2,-0.3196279261960174,,6,1,val,current_repo_v1
2506,100.24,-0.4415619225042182,,6,1,val,current_repo_v1
2507,100.28,-0.9326143356865915,,6,1,val,current_repo_v1
2508,100.32,-0.8879518445256573,,6,1,val,current_repo_v1
2509,100.36,-0.796120932681883,,6,1,val,current_repo_v1
2510,100.4,-0.3644803985779582,,6,1,val,current_repo_v1
2511,100.44,0.1885375098129718,,6,1,val,current_repo_v1
2512,100.48,-0.13330611324230326,,6,1,val,current_repo_v1
2513,100.52,-0.44269909680659725,,6,1,val,current_repo_v1
2514,100.56,-1.0234196550216503,,6,1,val,current_repo_v1
2515,100.6,-0.8189350269093687,,6,1,val,current_repo_v1
2516,100.64,-0.7732173782382807,,6,1,val,current_repo_v1
2517,100.68,-0.9382077556998714,,6,1,val,current_repo_v1
2518,100.72,-1.3653657486327926,,6,1,val,current_repo_v1
2519,100.76,-0.8146817710201073,,6,1,val,current_repo_v1
2520,100.8,-1.086161457603266,,6,1,val,current_repo_v1
2521,100.84,-0.9197501513901986,,6,1,val,current_repo_v1
2522,100.88,-0.823935964293826,,6,1,val,current_repo_v1
2523,100.92,-0.7264225896089107,,6,1,val,current_repo_v1
2524,100.96,-0.3567026466937111,,6,1,val,current_repo_v1
2525,101.0,-0.24747234889762545,,6,1,val,current_repo_v1
2526,101.04,-0.743315266218925,,6,1,val,current_repo_v1
2527,101.08,-0.9561879374098485,,6,1,val,current_repo_v1
2528,101.12,-0.3332688352537251,,6,1,val,current_repo_v1
2529,101.16,-0.3609849110667366,,6,1,val,current_repo_v1
2530,101.2,-0.5271930883287461,,6,1,val,current_repo_v1
2531,101.24,-0.12816742903790965,,6,1,val,current_repo_v1
2532,101.28,0.28626510902007324,,6,1,val,current_repo_v1
2533,101.32,-0.19056034721137688,,6,1,val,current_repo_v1
2534,101.36,-0.3214384868840958,,6,1,val,current_repo_v1
2535,101.4,-0.6677134532234721,,6,1,val,current_repo_v1
2536,101.44,-1.030931808845918,,6,1,val,current_repo_v1
2537,101.48,-0.515818980104841,,6,1,val,current_repo_v1
2538,101.52,0.4105959573860504,,6,1,val,current_repo_v1
2539,101.56,-0.07097558591745938,,6,1,val,current_repo_v1
2540,101.6,-0.7678643738602258,,6,1,val,current_repo_v1
2541,101.64,-1.1817068466630332,,6,1,val,current_repo_v1
2542,101.68,-1.0244525518248389,,6,1,val,current_repo_v1
2543,101.72,-1.541392567219509,,6,1,val,current_repo_v1
2544,101.76,-1.9065928214089567,,6,1,val,current_repo_v1
2545,101.8,-1.6924392552263097,,6,1,val,current_repo_v1
2546,101.84,-1.0139950282102288,,6,1,val,current_repo_v1
2547,101.88,-1.2385693182762838,,6,1,val,current_repo_v1
2548,101.92,-1.0523050092503672,,6,1,val,current_repo_v1
2549,101.96,-1.103016360576149,,6,1,val,current_repo_v1
2550,102.0,-1.2812938757664727,,6,1,val,current_repo_v1
2551,102.04,-1.0965299383900153,,6,1,val,current_repo_v1
2552,102.08,-1.2461054023605393,,6,1,val,current_repo_v1
2553,102.12,-1.1754156926158104,,6,1,val,current_repo_v1
2554,102.16,-0.6447300384936319,,6,1,val,current_repo_v1
2555,102.2,-0.3527779449263153,,6,1,val,current_repo_v1
2556,102.24,-0.5898985085674157,,6,1,val,current_repo_v1
2557,102.28,-0.9088041443871192,,6,1,val,current_repo_v1
2558,102.32,-0.5008101158217627,,6,1,val,current_repo_v1
2559,102.36,-0.7042232387172128,,6,1,val,current_repo_v1
2560,102.4,-0.4741528496661416,,6,1,val,current_repo_v1
2561,102.44,-0.550561474159667,,6,1,val,current_repo_v1
2562,102.48,-0.39401253069108017,,6,1,val,current_repo_v1
2563,102.52,-0.5064524050433022,,6,1,val,current_repo_v1
2564,102.56,-0.8182619883472155,,6,1,val,current_repo_v1
2565,102.6,-0.633125740646764,,6,1,val,current_repo_v1
2566,102.64,-1.0557382363467953,,6,1,val,current_repo_v1
2567,102.68,-1.0100967610323541,,6,1,val,current_repo_v1
2568,102.72,-0.6962709489774161,,6,1,val,current_repo_v1
2569,102.76,-0.6171819962358536,,6,1,val,current_repo_v1
2570,102.8,-0.8050401718804836,,6,1,val,current_repo_v1
2571,102.84,-0.3168872157803369,,6,1,val,current_repo_v1
2572,102.88,-0.5400936549680855,,6,1,val,current_repo_v1
2573,102.92,-1.288042348212413,,6,1,val,current_repo_v1
2574,102.96,-1.046767658392756,,6,1,val,current_repo_v1
2575,103.0,-0.29641522618443483,,6,1,val,current_repo_v1
2576,103.04,-0.421844362180311,,6,1,val,current_repo_v1
2577,103.08,-0.3450076364659597,,6,1,val,current_repo_v1
2578,103.12,-0.28618716176334014,,6,1,val,current_repo_v1
2579,103.16,-0.5980322230689793,,6,1,val,current_repo_v1
2580,103.2,-1.1454372681103895,,6,1,val,current_repo_v1
2581,103.24,-1.5931345197130733,,6,1,val,current_repo_v1
2582,103.28,-0.9731495526467459,,6,1,val,current_repo_v1
2583,103.32,-0.6478111985964624,,6,1,val,current_repo_v1
2584,103.36,-1.188397997788538,,6,1,val,current_repo_v1
2585,103.4,-1.0544343850010138,,6,1,val,current_repo_v1
2586,103.44,-1.0785882955289718,,6,1,val,current_repo_v1
2587,103.48,-0.9659164228713459,,6,1,val,current_repo_v1
2588,103.52,-0.8358975464874865,,6,1,val,current_repo_v1
2589,103.56,-0.26654563566666123,,6,1,val,current_repo_v1
2590,103.6,0.06080367760792008,,6,1,val,current_repo_v1
2591,103.64,0.2852212557751752,,6,1,val,current_repo_v1
2592,103.68,0.3677579746374027,,6,1,val,current_repo_v1
2593,103.72,-0.009196976300347024,,6,1,val,current_repo_v1
2594,103.76,-0.1956262928166438,,6,1,val,current_repo_v1
2595,103.8,-0.2799061641636705,,6,1,val,current_repo_v1
2596,103.84,-0.1225973566801773,,6,1,val,current_repo_v1
2597,103.88,-0.9824142501915638,,6,1,val,current_repo_v1
2598,103.92,-1.2397951875829776,,6,1,val,current_repo_v1
2599,103.96,-0.9637410648478741,,6,1,val,current_repo_v1
2600,104.0,-0.19672722390549496,,6,1,val,current_repo_v1
2601,104.04,0.6733895856760699,,6,1,val,current_repo_v1
2602,104.08,-0.664329825764751,,6,1,val,current_repo_v1
2603,104.12,-1.2097375288737022,,6,1,val,current_repo_v1
2604,104.16,-1.7099628837493708,,6,1,val,current_repo_v1
2605,104.2,-1.891385697704469,,6,1,val,current_repo_v1
2606,104.24,-1.6342400281597944,,6,1,val,current_repo_v1
2607,104.28,-0.8711969060399907,,6,1,val,current_repo_v1
2608,104.32,-0.09034138359337202,,6,1,val,current_repo_v1
2609,104.36,0.00168330944365276,,6,1,val,current_repo_v1
2610,104.4,-0.016356567482463606,,6,1,val,current_repo_v1
2611,104.44,0.26988630691741033,,6,1,val,current_repo_v1
2612,104.48,0.5170418581290362,,6,1,val,current_repo_v1
2613,104.52,-0.08211627845500954,,6,1,val,current_repo_v1
2614,104.56,0.01941766686225944,,6,1,val,current_repo_v1
2615,104.6,-0.37118838436310553,,6,1,val,current_repo_v1
2616,104.64,-0.32703427209749075,,6,1,val,current_repo_v1
2617,104.68,-0.590430887287432,,6,1,val,current_repo_v1
2618,104.72,-0.43657267199091765,,6,1,val,current_repo_v1
2619,104.76,-0.024947217776844065,,6,1,val,current_repo_v1
2620,104.8,0.2820557136800044,,6,1,val,current_repo_v1
2621,104.84,-0.039681744933341354,,6,1,val,current_repo_v1
2622,104.88,-0.057820629831921225,,6,1,val,current_repo_v1
2623,104.92,-0.3910684478478592,,6,1,val,current_repo_v1
2624,104.96,-0.6376132904768348,,6,1,val,current_repo_v1
2625,105.0,-0.0713386441351211,,6,1,val,current_repo_v1
2626,105.04,-0.05703493122311107,,6,1,val,current_repo_v1
2627,105.08,-0.43181569804185777,,6,1,val,current_repo_v1
2628,105.12,-0.37998122448496896,,6,1,val,current_repo_v1
2629,105.16,-0.28527245540119534,,6,1,val,current_repo_v1
2630,105.2,-0.7701828264906587,,6,1,val,current_repo_v1
2631,105.24,-1.1572508166027309,,6,1,val,current_repo_v1
2632,105.28,-0.2250410692652332,,6,1,val,current_repo_v1
2633,105.32,-0.11528654921129272,,6,1,val,current_repo_v1
2634,105.36,-0.22498854790973702,,6,1,val,current_repo_v1
2635,105.4,-0.08962294536283387,,6,1,val,current_repo_v1
2636,105.44,-0.2253718842401499,,6,1,val,current_repo_v1
2637,105.48,-0.6262323649114215,,6,1,val,current_repo_v1
2638,105.52,-1.1574353717764148,,6,1,val,current_repo_v1
2639,105.56,-1.2182366667930427,,6,1,val,current_repo_v1
2640,105.6,-0.47270496458982386,,6,1,val,current_repo_v1
2641,105.64,0.0009820971742467279,,6,1,val,current_repo_v1
2642,105.68,-0.19057655578863597,,6,1,val,current_repo_v1
2643,105.72,-0.5435511601480476,,6,1,val,current_repo_v1
2644,105.76,-0.16624607263738247,,6,1,val,current_repo_v1
2645,105.8,0.03909769702551738,,6,1,val,current_repo_v1
2646,105.84,-0.24187214632519205,,6,1,val,current_repo_v1
2647,105.88,-0.0387416387567256,,6,1,val,current_repo_v1
2648,105.92,-0.290237323483898,,6,1,val,current_repo_v1
2649,105.96,-0.88186882808856,,6,1,val,current_repo_v1
2650,106.0,-0.591399158475712,,6,1,val,current_repo_v1
2651,106.04,-0.6877505938217495,,6,1,val,current_repo_v1
2652,106.08,-0.16614224730880225,,6,1,val,current_repo_v1
2653,106.12,-0.5403130272787573,,6,1,val,current_repo_v1
2654,106.16,-0.1635223012284084,,6,1,val,current_repo_v1
2655,106.2,-0.048682331363840474,,6,1,val,current_repo_v1
2656,106.24,0.15430388160643,,6,1,val,current_repo_v1
2657,106.28,0.27170928490609286,,6,1,val,current_repo_v1
2658,106.32,0.31839520476546085,,6,1,val,current_repo_v1
2659,106.36,0.08297062873627706,,6,1,val,current_repo_v1
2660,106.4,0.3128475583308783,,6,1,val,current_repo_v1
2661,106.44,0.5536676079931242,,6,1,val,current_repo_v1
2662,106.48,0.6597920502145898,,6,1,val,current_repo_v1
2663,106.52,0.9139888021687493,,6,1,val,current_repo_v1
2664,106.56,1.0954962068103156,,6,1,val,current_repo_v1
2665,106.6,1.2468157971715685,,6,1,val,current_repo_v1
2666,106.64,1.2508316287081034,,6,1,val,current_repo_v1
2667,106.68,1.4295611753792408,,6,1,val,current_repo_v1
2668,106.72,1.596270218547969,,6,1,val,current_repo_v1
2669,106.76,1.468822105995052,,6,1,val,current_repo_v1
2670,106.8,1.043314883613024,,6,1,val,current_repo_v1
2671,106.84,1.2400616204194683,,6,1,val,current_repo_v1
2672,106.88,0.9421409443617977,,6,1,val,current_repo_v1
2673,106.92,1.546638302815875,,6,1,val,current_repo_v1
2674,106.96,1.4909937701324616,,6,1,val,current_repo_v1
2675,107.0,1.6038218851271,,6,1,val,current_repo_v1
2676,107.04,1.71514573284856,,6,1,val,current_repo_v1
2677,107.08,1.374743627959587,,6,1,val,current_repo_v1
2678,107.12,1.3100133877282982,,6,1,val,current_repo_v1
2679,107.16,1.4216360854407672,,6,1,val,current_repo_v1
2680,107.2,1.7948513071730607,,6,1,val,current_repo_v1
2681,107.24,1.6409318749323918,,6,1,val,current_repo_v1
2682,107.28,1.2032315590042646,,6,1,val,current_repo_v1
2683,107.32,1.2860973189413225,,6,1,val,current_repo_v1
2684,107.36,1.265426026453372,,6,1,val,current_repo_v1
2685,107.4,1.4533634363018566,,6,1,val,current_repo_v1
2686,107.44,1.4440679215908336,,6,1,val,current_repo_v1
2687,107.48,1.0139369416779913,,6,1,val,current_repo_v1
2688,107.52,0.8386109179724253,,6,1,val,current_repo_v1
2689,107.56,1.1731807176364972,,6,1,val,current_repo_v1
2690,107.6,1.2095964516433098,,6,1,val,current_repo_v1
2691,107.64,1.0372057108452426,,6,1,val,current_repo_v1
2692,107.68,1.0365373331186103,,6,1,val,current_repo_v1
2693,107.72,0.7633680588767874,,6,1,val,current_repo_v1
2694,107.76,0.7989376077600825,,6,1,val,current_repo_v1
2695,107.8,0.7495847160768565,,6,1,val,current_repo_v1
2696,107.84,0.8336839974386274,,6,1,val,current_repo_v1
2697,107.88,0.7600137877253766,,6,1,val,current_repo_v1
2698,107.92,1.1268637689950787,,6,1,val,current_repo_v1
2699,107.96,0.8204527897361445,,6,1,val,current_repo_v1
2700,108.0,0.5382475467135718,,6,1,val,current_repo_v1
2701,108.04,0.3985996971848206,,6,1,val,current_repo_v1
2702,108.08,0.14962635055535248,,6,1,val,current_repo_v1
2703,108.12,1.446371626502902,,6,1,val,current_repo_v1
2704,108.16,1.4958482738039132,,6,1,val,current_repo_v1
2705,108.2,1.6495478815632998,,6,1,val,current_repo_v1
2706,108.24,1.4728590852032037,,6,1,val,current_repo_v1
2707,108.28,1.1723748800443545,,6,1,val,current_repo_v1
2708,108.32,1.1265165019664205,,6,1,val,current_repo_v1
2709,108.36,0.970698509680451,,6,1,val,current_repo_v1
2710,108.4,1.3014611023710783,,6,1,val,current_repo_v1
2711,108.44,0.9040424400378293,,6,1,val,current_repo_v1
2712,108.48,0.673536854165587,,6,1,val,current_repo_v1
2713,108.52,0.0743619785733739,,6,1,val,current_repo_v1
2714,108.56,-0.020407094417745124,,6,1,val,current_repo_v1
2715,108.6,-0.12466428071308001,,6,1,val,current_repo_v1
2716,108.64,-0.17174417160778999,,6,1,val,current_repo_v1
2717,108.68,-0.4449411673862556,,6,1,val,current_repo_v1
2718,108.72,-0.2529513001818074,,6,1,val,current_repo_v1
2719,108.76,-0.38588229442497984,,6,1,val,current_repo_v1
2720,108.8,-0.22467046327661608,,6,1,val,current_repo_v1
2721,108.84,-0.23260769225685657,,6,1,val,current_repo_v1
2722,108.88,-0.3409319097147464,,6,1,val,current_repo_v1
2723,108.92,-0.04814198748461316,,6,1,val,current_repo_v1
2724,108.96,-0.21003270932629708,,6,1,val,current_repo_v1
2725,109.0,0.17406544160894824,,6,1,val,current_repo_v1
2726,109.04,1.0142975651308286,,6,1,val,current_repo_v1
2727,109.08,0.79620183643876,,6,1,val,current_repo_v1
2728,109.12,0.2964892082527397,,6,1,val,current_repo_v1
2729,109.16,0.4487463569831316,,6,1,val,current_repo_v1
2730,109.2,0.3541041961084806,,6,1,val,current_repo_v1
2731,109.24,0.6528305010641662,,6,1,val,current_repo_v1
2732,109.28,0.38969440571042785,,6,1,val,current_repo_v1
2733,109.32,0.28755883870065646,,6,1,val,current_repo_v1
2734,109.36,0.2984923588384224,,6,1,val,current_repo_v1
2735,109.4,0.7304961598541367,,6,1,val,current_repo_v1
2736,109.44,0.4485538714325913,,6,1,val,current_repo_v1
2737,109.48,-0.07514801631014173,,6,1,val,current_repo_v1
2738,109.52,0.29914908447625255,,6,1,val,current_repo_v1
2739,109.56,0.3342490020072897,,6,1,val,current_repo_v1
2740,109.6,0.42127880109397464,,6,1,val,current_repo_v1
2741,109.64,0.9994137086303022,,6,1,val,current_repo_v1
2742,109.68,0.9979524323474507,,6,1,val,current_repo_v1
2743,109.72,1.5868241658060933,,6,1,val,current_repo_v1
2744,109.76,1.302168992852574,,6,1,val,current_repo_v1
2745,109.8,0.8991452931995975,,6,1,val,current_repo_v1
2746,109.84,0.8138416380262962,,6,1,val,current_repo_v1
2747,109.88,0.8101501867290708,,6,1,val,current_repo_v1
2748,109.92,0.66091962458709,,6,1,val,current_repo_v1
2749,109.96,0.5715860162412727,,6,1,val,current_repo_v1
2750,110.0,1.141740042942295,,6,1,val,current_repo_v1
2751,110.04,0.7979058935569514,,6,1,val,current_repo_v1
2752,110.08,0.44757321772606184,,6,1,val,current_repo_v1
2753,110.12,0.1862803436914026,,6,1,val,current_repo_v1
2754,110.16,-0.014116670799969809,,6,1,val,current_repo_v1
2755,110.2,-0.16128626538727892,,6,1,val,current_repo_v1
2756,110.24,-0.008172731607873473,,6,1,val,current_repo_v1
2757,110.28,-0.09016750660256047,,6,1,val,current_repo_v1
2758,110.32,-0.3609708589954647,,6,1,val,current_repo_v1
2759,110.36,-0.07279177265139976,,6,1,val,current_repo_v1
2760,110.4,0.6728867023927825,,6,1,val,current_repo_v1
2761,110.44,1.3767902217062067,,6,1,val,current_repo_v1
2762,110.48,1.4105455229718322,,6,1,val,current_repo_v1
2763,110.52,1.7980991443192937,,6,1,val,current_repo_v1
2764,110.56,1.8803722129334013,,6,1,val,current_repo_v1
2765,110.6,1.6374575350927871,,6,1,val,current_repo_v1
2766,110.64,2.3957715787119467,,6,1,val,current_repo_v1
2767,110.68,2.222636425960019,,6,1,val,current_repo_v1
2768,110.72,1.9501019296902526,,6,1,val,current_repo_v1
2769,110.76,1.0755226483563076,,6,1,val,current_repo_v1
2770,110.8,0.7210399506647082,,6,1,val,current_repo_v1
2771,110.84,-0.23445453094081747,,6,1,val,current_repo_v1
2772,110.88,1.1627363417519385,,6,1,val,current_repo_v1
2773,110.92,1.5866471931857193,,6,1,val,current_repo_v1
2774,110.96,1.3977200166537913,,6,1,val,current_repo_v1
2775,111.0,1.2652599059276437,,6,1,val,current_repo_v1
2776,111.04,1.3311905547820346,,6,1,val,current_repo_v1
2777,111.08,1.5687604368802872,,6,1,val,current_repo_v1
2778,111.12,1.6739959812467458,,6,1,val,current_repo_v1
2779,111.16,2.3693278066490646,,6,1,val,current_repo_v1
2780,111.2,2.779936285682783,,6,1,val,current_repo_v1
2781,111.24,2.897908850057095,,6,1,val,current_repo_v1
2782,111.28,1.9993061615897763,,6,1,val,current_repo_v1
2783,111.32,2.2607626170382757,,6,1,val,current_repo_v1
2784,111.36,3.017885712834793,,6,1,val,current_repo_v1
2785,111.4,2.334026777543538,,6,1,val,current_repo_v1
2786,111.44,2.630966521635842,,6,1,val,current_repo_v1
2787,111.48,2.1067833591476375,,6,1,val,current_repo_v1
2788,111.52,2.1849910661522123,,6,1,val,current_repo_v1
2789,111.56,2.302579355072537,,6,1,val,current_repo_v1
2790,111.6,2.213551553188655,,6,1,val,current_repo_v1
2791,111.64,1.9879287142598263,,6,1,val,current_repo_v1
2792,111.68,1.868372578843772,,6,1,val,current_repo_v1
2793,111.72,2.0698202900083165,,6,1,val,current_repo_v1
2794,111.76,1.7598761191657382,,6,1,val,current_repo_v1
2795,111.8,1.3314178922519175,,6,1,val,current_repo_v1
2796,111.84,0.44549511116614454,,6,1,val,current_repo_v1
2797,111.88,0.6099827444738665,,6,1,val,current_repo_v1
2798,111.92,0.7643173388994376,,6,1,val,current_repo_v1
2799,111.96,0.7132352076732656,,6,1,val,current_repo_v1
2800,112.0,0.9230899530820819,,6,1,val,current_repo_v1
2801,112.04,0.6962287927636007,,6,1,val,current_repo_v1
2802,112.08,0.1706059886171266,,6,1,val,current_repo_v1
2803,112.12,-0.44973445411355256,,6,1,val,current_repo_v1
2804,112.16,-0.7640333061915026,,6,1,val,current_repo_v1
2805,112.2,-1.151280703688773,,6,1,val,current_repo_v1
2806,112.24,-0.38651856803828566,,6,1,val,current_repo_v1
2807,112.28,-0.5889291243437874,,6,1,val,current_repo_v1
2808,112.32,-0.8178036264778588,,6,1,val,current_repo_v1
2809,112.36,-0.828856902262627,,6,1,val,current_repo_v1
2810,112.4,-0.9957340137689429,,6,1,val,current_repo_v1
2811,112.44,-1.0261865217680148,,6,1,val,current_repo_v1
2812,112.48,-0.8729203021473583,,6,1,val,current_repo_v1
2813,112.52,-0.5828311862765524,,6,1,val,current_repo_v1
2814,112.56,-1.0898652218540317,,6,1,val,current_repo_v1
2815,112.6,-1.313652178540609,,6,1,val,current_repo_v1
2816,112.64,-1.0555328117603315,,6,1,val,current_repo_v1
2817,112.68,-0.3896768754036927,,6,1,val,current_repo_v1
2818,112.72,-1.2446370304773426,,6,1,val,current_repo_v1
2819,112.76,-0.6780618993739524,,6,1,val,current_repo_v1
2820,112.8,-0.7373722139768718,,6,1,val,current_repo_v1
2821,112.84,-0.7287697028995614,,6,1,val,current_repo_v1
2822,112.88,-0.5314512137476561,,6,1,val,current_repo_v1
2823,112.92,-1.132411137170824,,6,1,val,current_repo_v1
2824,112.96,-1.3822184950996879,,6,1,val,current_repo_v1
2825,113.0,-0.8183441442688593,,6,1,val,current_repo_v1
2826,113.04,-0.36299623550575805,,6,1,val,current_repo_v1
2827,113.08,-0.173774035041831,,6,1,val,current_repo_v1
2828,113.12,-1.0294562022329576,,6,1,val,current_repo_v1
2829,113.16,-0.932133573980851,,6,1,val,current_repo_v1
2830,113.2,-1.090483234731155,,6,1,val,current_repo_v1
2831,113.24,-1.298634549104163,,6,1,val,current_repo_v1
2832,113.28,-1.049369865472287,,6,1,val,current_repo_v1
2833,113.32,-0.8445561267204656,,6,1,val,current_repo_v1
2834,113.36,-0.6727646858927291,,6,1,val,current_repo_v1
2835,113.4,-0.6741105543229076,,6,1,val,current_repo_v1
2836,113.44,-0.668168197727947,,6,1,val,current_repo_v1
2837,113.48,-0.4914645840847771,,6,1,val,current_repo_v1
2838,113.52,-0.42065195349877443,,6,1,val,current_repo_v1
2839,113.56,-0.8077118741045718,,6,1,val,current_repo_v1
2840,113.6,-0.2792508993847349,,6,1,val,current_repo_v1
2841,113.64,0.03151810021561582,,6,1,val,current_repo_v1
2842,113.68,-0.6532994367693314,,6,1,val,current_repo_v1
2843,113.72,-0.7266170925360197,,6,1,val,current_repo_v1
2844,113.76,-0.710775329988894,,6,1,val,current_repo_v1
2845,113.8,-0.5359237376005254,,6,1,val,current_repo_v1
2846,113.84,-0.657985593844358,,6,1,val,current_repo_v1
2847,113.88,-0.8459001864682032,,6,1,val,current_repo_v1
2848,113.92,-0.6481176311407812,,6,1,val,current_repo_v1
2849,113.96,-0.8413172634217281,,6,1,val,current_repo_v1
2850,114.0,-0.6581171407095809,,6,1,val,current_repo_v1
2851,114.04,-0.6676806186806983,,6,1,val,current_repo_v1
2852,114.08,-0.17766779790478052,,6,1,val,current_repo_v1
2853,114.12,-0.22193827453782078,,6,1,val,current_repo_v1
2854,114.16,-0.22500757385772138,,6,1,val,current_repo_v1
2855,114.2,-0.5406165381052869,,6,1,val,current_repo_v1
2856,114.24,-0.44416538174851594,,6,1,val,current_repo_v1
2857,114.28,-0.8232753082499223,,6,1,val,current_repo_v1
2858,114.32,-0.8824252761979825,,6,1,val,current_repo_v1
2859,114.36,-0.6105417664775318,,6,1,val,current_repo_v1
2860,114.4,-0.7522813920315713,,6,1,val,current_repo_v1
2861,114.44,-0.8483535250699038,,6,1,val,current_repo_v1
2862,114.48,-0.04570195313355972,,6,1,val,current_repo_v1
2863,114.52,0.17657957976654778,,6,1,val,current_repo_v1
2864,114.56,-0.14952600346223557,,6,1,val,current_repo_v1
2865,114.6,-0.7744203607556258,,6,1,val,current_repo_v1
2866,114.64,-0.6609572590948032,,6,1,val,current_repo_v1
2867,114.68,-0.596828127516286,,6,1,val,current_repo_v1
2868,114.72,-0.6737132702682868,,6,1,val,current_repo_v1
2869,114.76,0.06565925953236515,,6,1,val,current_repo_v1
2870,114.8,0.6334507469684569,,6,1,val,current_repo_v1
2871,114.84,0.3337553360479802,,6,1,val,current_repo_v1
2872,114.88,0.027709797598000154,,6,1,val,current_repo_v1
2873,114.92,0.1964579041335698,,6,1,val,current_repo_v1
2874,114.96,0.10812656672768652,,6,1,val,current_repo_v1
2875,115.0,-0.07663310111473969,,6,1,val,current_repo_v1
2876,115.04,0.37045204191551995,,6,1,val,current_repo_v1
2877,115.08,0.5416489827378652,,6,1,val,current_repo_v1
2878,115.12,0.6869265998404881,,6,1,val,current_repo_v1
2879,115.16,0.3970739691988337,,6,1,val,current_repo_v1
2880,115.2,-0.1973982103087247,,6,1,val,current_repo_v1
2881,115.24,0.26263759464713476,,6,1,val,current_repo_v1
2882,115.28,-0.005917426342277151,,6,1,val,current_repo_v1
2883,115.32,0.252200801315886,,6,1,val,current_repo_v1
2884,115.36,-0.041498279490828065,,6,1,val,current_repo_v1
2885,115.4,-0.28208639171679095,,6,1,val,current_repo_v1
2886,115.44,-0.18846210166812694,,6,1,val,current_repo_v1
2887,115.48,-0.164544432892838,,6,1,val,current_repo_v1
2888,115.52,-0.011971608207383529,,6,1,val,current_repo_v1
2889,115.56,-0.39263393206519187,,6,1,val,current_repo_v1
2890,115.6,0.03483546728876067,,6,1,val,current_repo_v1
2891,115.64,0.2539989099210058,,6,1,val,current_repo_v1
2892,115.68,0.2566438992967356,,6,1,val,current_repo_v1
2893,115.72,-0.42325784750789647,,6,1,val,current_repo_v1
2894,115.76,-0.7105173144822247,,6,1,val,current_repo_v1
2895,115.8,-0.46668709550295456,,6,1,val,current_repo_v1
2896,115.84,0.09851037609812241,,6,1,val,current_repo_v1
2897,115.88,-0.12469378484539766,,6,1,val,current_repo_v1
2898,115.92,0.4400008904282786,,6,1,val,current_repo_v1
2899,115.96,0.2396733102123428,,6,1,val,current_repo_v1
2900,116.0,0.717863069521927,,6,1,val,current_repo_v1
2901,116.04,0.4129683226661649,,6,1,val,current_repo_v1
2902,116.08,-0.1993418308944526,,6,1,val,current_repo_v1
2903,116.12,-1.2116380367308621,,6,1,val,current_repo_v1
2904,116.16,-0.7612195528310923,,6,1,val,current_repo_v1
2905,116.2,0.13972590113254824,,6,1,val,current_repo_v1
2906,116.24,0.5001306773063571,,6,1,val,current_repo_v1
2907,116.28,0.3399982469693265,,6,1,val,current_repo_v1
2908,116.32,0.04920644057904273,,6,1,val,current_repo_v1
2909,116.36,0.09448741417888774,,6,1,val,current_repo_v1
2910,116.4,0.7031957679613471,,6,1,val,current_repo_v1
2911,116.44,0.8818460108639207,,6,1,val,current_repo_v1
2912,116.48,0.45411710036204955,,6,1,val,current_repo_v1
2913,116.52,-0.5433727266687791,,6,1,val,current_repo_v1
2914,116.56,-0.6925076373355186,,6,1,val,current_repo_v1
2915,116.6,-0.39002769023252354,,6,1,val,current_repo_v1
2916,116.64,-0.05223447063517101,,6,1,val,current_repo_v1
2917,116.68,-0.18732588388050034,,6,1,val,current_repo_v1
2918,116.72,-0.2949115154289308,,6,1,val,current_repo_v1
2919,116.76,-0.26716361376142994,,6,1,val,current_repo_v1
2920,116.8,-0.6125988644952507,,6,1,val,current_repo_v1
2921,116.84,-0.2706661620906421,,6,1,val,current_repo_v1
2922,116.88,-0.22981825176233495,,6,1,val,current_repo_v1
2923,116.92,-0.7256916036439386,,6,1,val,current_repo_v1
2924,116.96,-1.784210410984824,,6,1,val,current_repo_v1
2925,117.0,-1.4931018590820728,,6,1,val,current_repo_v1
2926,117.04,-1.2143456343449317,,6,1,val,current_repo_v1
2927,117.08,-0.7958305695854048,,6,1,val,current_repo_v1
2928,117.12,0.2640948361768488,,6,1,val,current_repo_v1
2929,117.16,0.030947913076113182,,6,1,val,current_repo_v1
2930,117.2,-0.5221062385283447,,6,1,val,current_repo_v1
2931,117.24,-0.7292969338310921,,6,1,val,current_repo_v1
2932,117.28,-2.027446477782249,,6,1,val,current_repo_v1
2933,117.32,-1.34131945471007,,6,1,val,current_repo_v1
2934,117.36,-2.097295289321365,,6,1,val,current_repo_v1
2935,117.4,-2.250738898950651,,6,1,val,current_repo_v1
2936,117.44,-1.9049177032098201,,6,1,val,current_repo_v1
2937,117.48,-3.0349037450509058,,6,1,val,current_repo_v1
2938,117.52,-1.4197678556087068,,6,1,val,current_repo_v1
2939,117.56,-1.8028849180579898,,6,1,val,current_repo_v1
2940,117.6,-1.287987809480348,,6,1,val,current_repo_v1
2941,117.64,-0.4409411618210789,,6,1,val,current_repo_v1
2942,117.68,0.5540151532806196,,6,1,val,current_repo_v1
2943,117.72,0.42212255145266764,,6,1,val,current_repo_v1
2944,117.76,-0.4376346468425796,,6,1,val,current_repo_v1
2945,117.8,-0.5943690846084255,,6,1,val,current_repo_v1
2946,117.84,-1.1201792265169541,,6,1,val,current_repo_v1
2947,117.88,-0.6885530923078474,,6,1,val,current_repo_v1
2948,117.92,-0.8266763964506694,,6,1,val,current_repo_v1
2949,117.96,-1.0712749576437877,,6,1,val,current_repo_v1
2950,118.0,-0.6791334045907839,,6,1,val,current_repo_v1
2951,118.04,-1.0578170385538053,,6,1,val,current_repo_v1
2952,118.08,-0.78589318130198,,6,1,val,current_repo_v1
2953,118.12,-1.100025217207109,,6,1,val,current_repo_v1
2954,118.16,-0.2753377453590774,,6,1,val,current_repo_v1
2955,118.2,0.11291900128729494,,6,1,val,current_repo_v1
2956,118.24,0.26724632620074773,,6,1,val,current_repo_v1
2957,118.28,0.019469405614776378,,6,1,val,current_repo_v1
2958,118.32,-0.08957018053085525,,6,1,val,current_repo_v1
2959,118.36,-0.34039518320040096,,6,1,val,current_repo_v1
2960,118.4,-0.36627335939459227,,6,1,val,current_repo_v1
2961,118.44,0.32426524884513885,,6,1,val,current_repo_v1
2962,118.48,0.24576220486737313,,6,1,val,current_repo_v1
2963,118.52,-0.08964282347850677,,6,1,val,current_repo_v1
2964,118.56,0.07754287707811526,,6,1,val,current_repo_v1
2965,118.6,0.19318283240365897,,6,1,val,current_repo_v1
2966,118.64,0.1374281613942994,,6,1,val,current_repo_v1
2967,118.68,0.1356598612671003,,6,1,val,current_repo_v1
2968,118.72,0.12228715894596943,,6,1,val,current_repo_v1
2969,118.76,-0.03024165736528533,,6,1,val,current_repo_v1
2970,118.8,-0.060393567560028255,,6,1,val,current_repo_v1
2971,118.84,-0.011015502147636486,,6,1,val,current_repo_v1
2972,118.88,-0.5615973935494732,,6,1,val,current_repo_v1
2973,118.92,-1.4610252933804657,,6,1,val,current_repo_v1
2974,118.96,-1.5221718380491829,,6,1,val,current_repo_v1
2975,119.0,-1.1794416805998982,,6,1,val,current_repo_v1
2976,119.04,-0.6350010660791695,,6,1,val,current_repo_v1
2977,119.08,-0.018939592093414274,,6,1,val,current_repo_v1
2978,119.12,0.34713482092826453,,6,1,val,current_repo_v1
2979,119.16,0.5596896161801949,,6,1,val,current_repo_v1
2980,119.2,0.71577070219661,,6,1,val,current_repo_v1
2981,119.24,-0.22421267531611072,,6,1,val,current_repo_v1
2982,119.28,-0.056819167581732444,,6,1,val,current_repo_v1
2983,119.32,-0.03311812331109929,,6,1,val,current_repo_v1
2984,119.36,-0.5071673563427884,,6,1,val,current_repo_v1
2985,119.4,-0.6783021758797588,,6,1,val,current_repo_v1
2986,119.44,-1.0398870825639186,,6,1,val,current_repo_v1
2987,119.48,-0.7410932302755354,,6,1,val,current_repo_v1
2988,119.52,-0.06464344956089016,,6,1,val,current_repo_v1
2989,119.56,0.07227093297753304,,6,1,val,current_repo_v1
2990,119.6,0.01945876221425861,,6,1,val,current_repo_v1
2991,119.64,0.8486203752946501,,6,1,val,current_repo_v1
2992,119.68,1.010972024204345,,6,1,val,current_repo_v1
2993,119.72,0.8342252108767205,,6,1,val,current_repo_v1
2994,119.76,0.2002665719659091,,6,1,val,current_repo_v1
2995,119.8,0.16638668030598733,,6,1,val,current_repo_v1
2996,119.84,-0.1782324720410738,,6,1,val,current_repo_v1
2997,119.88,-0.08199808801396581,,6,1,val,current_repo_v1
2998,119.92,-0.23121655459212298,,6,1,val,current_repo_v1
2999,119.96,-0.14903576356485743,,6,1,val,current_repo_v1
3000,120.0,-0.16313032148286916,,6,1,val,current_repo_v1
3001,120.04,0.041100412831767144,,6,1,val,current_repo_v1
3002,120.08,0.09946386478568331,,6,1,val,current_repo_v1
3003,120.12,0.02900850115529591,,6,1,val,current_repo_v1
3004,120.16,-0.62887937166372,,6,1,val,current_repo_v1
3005,120.2,-0.9184997257411337,,6,1,val,current_repo_v1
3006,120.24,-1.1507340642033572,,6,1,val,current_repo_v1
3007,120.28,-1.2134247367236621,,6,1,val,current_repo_v1
3008,120.32,-1.3072168864157863,,6,1,val,current_repo_v1
3009,120.36,-0.9553137177084967,,6,1,val,current_repo_v1
3010,120.4,-1.107279494654126,,6,1,val,current_repo_v1
3011,120.44,-1.1393553647086403,,6,1,val,current_repo_v1
3012,120.48,-1.0762372866146022,,6,1,val,current_repo_v1
3013,120.52,-1.4024409560834512,,6,1,val,current_repo_v1
3014,120.56,-1.0572567643853732,,6,1,val,current_repo_v1
3015,120.6,-0.6643573038249112,,6,1,val,current_repo_v1
3016,120.64,-0.40009926884012326,,6,1,val,current_repo_v1
3017,120.68,-0.1411727514338156,,6,1,val,current_repo_v1
3018,120.72,-0.38657185460558374,,6,1,val,current_repo_v1
3019,120.76,0.018397500400866636,,6,1,val,current_repo_v1
3020,120.8,-0.4339875778298663,,6,1,val,current_repo_v1
3021,120.84,0.017817174204988417,,6,1,val,current_repo_v1
3022,120.88,-0.31739448164030803,,6,1,val,current_repo_v1
3023,120.92,-0.509877423504037,,6,1,val,current_repo_v1
3024,120.96,-1.1585766503966406,,6,1,val,current_repo_v1
3025,121.0,-1.2282105765488323,,6,1,val,current_repo_v1
3026,121.04,-0.74098373542315,,6,1,val,current_repo_v1
3027,121.08,-0.4896210497245064,,6,1,val,current_repo_v1
3028,121.12,0.1309264697544818,,6,1,val,current_repo_v1
3029,121.16,0.40177911743949,,6,1,val,current_repo_v1
3030,121.2,0.42908716145029896,,6,1,val,current_repo_v1
3031,121.24,0.08029590044733587,,6,1,val,current_repo_v1
3032,121.28,-0.24135889790022402,,6,1,val,current_repo_v1
3033,121.32,-0.4829052031272119,,6,1,val,current_repo_v1
3034,121.36,-0.4824731715003125,,6,1,val,current_repo_v1
3035,121.4,-0.05962569490796763,,6,1,val,current_repo_v1
3036,121.44,0.012869836429020867,,6,1,val,current_repo_v1
3037,121.48,-0.18098886929869382,,6,1,val,current_repo_v1
3038,121.52,0.7225280789253365,,6,1,val,current_repo_v1
3039,121.56,0.8761250787385553,,6,1,val,current_repo_v1
3040,121.6,0.5547165046794441,,6,1,val,current_repo_v1
3041,121.64,0.3546029750739212,,6,1,val,current_repo_v1
3042,121.68,0.3257861420838317,,6,1,val,current_repo_v1
3043,121.72,-0.1804369950689056,,6,1,val,current_repo_v1
3044,121.76,-0.15145225026182418,,6,1,val,current_repo_v1
3045,121.8,-0.34557215408165715,,6,1,val,current_repo_v1
3046,121.84,-0.2737689568180545,,6,1,val,current_repo_v1
3047,121.88,0.401417033127758,,6,1,val,current_repo_v1
3048,121.92,0.558203435731426,,6,1,val,current_repo_v1
3049,121.96,0.12563795186191684,,6,1,val,current_repo_v1
3050,122.0,-0.1459391253142151,,6,1,val,current_repo_v1
3051,122.04,0.16704747547930954,,6,1,val,current_repo_v1
3052,122.08,-0.17423841425853934,,6,1,val,current_repo_v1
3053,122.12,-0.364891247750886,,6,1,val,current_repo_v1
3054,122.16,0.05677162010294881,,6,1,val,current_repo_v1
3055,122.2,-0.24492165448530637,,6,1,val,current_repo_v1
3056,122.24,-0.27736096536338345,,6,1,val,current_repo_v1
3057,122.28,0.2914364103775242,,6,1,val,current_repo_v1
3058,122.32,0.2697395949455674,,6,1,val,current_repo_v1
3059,122.36,0.5529471262992514,,6,1,val,current_repo_v1
3060,122.4,0.7899389256634995,,6,1,val,current_repo_v1
3061,122.44,0.17614267860999971,,6,1,val,current_repo_v1
3062,122.48,0.1501538249633655,,6,1,val,current_repo_v1
3063,122.52,-0.52764271982709,,6,1,val,current_repo_v1
3064,122.56,-0.6333978082247051,,6,1,val,current_repo_v1
3065,122.6,-0.29003694233885596,,6,1,val,current_repo_v1
3066,122.64,-0.523318299240249,,6,1,val,current_repo_v1
3067,122.68,-0.4076385529010049,,6,1,val,current_repo_v1
3068,122.72,-0.05991795364277339,,6,1,val,current_repo_v1
3069,122.76,-0.30158541450653753,,6,1,val,current_repo_v1
3070,122.8,-0.3820375572908859,,6,1,val,current_repo_v1
3071,122.84,-0.25777229105456967,,6,1,val,current_repo_v1
3072,122.88,-0.029511323569462622,,6,1,val,current_repo_v1
3073,122.92,0.10356221745858551,,6,1,val,current_repo_v1
3074,122.96,-0.8708778822832947,,6,1,val,current_repo_v1
3075,123.0,-1.5367414707579528,,6,1,val,current_repo_v1
3076,123.04,-1.7563998315142741,,6,1,val,current_repo_v1
3077,123.08,-1.7899684211002285,,6,1,val,current_repo_v1
3078,123.12,-1.759381374953435,,6,1,val,current_repo_v1
3079,123.16,-1.8500834602599425,,6,1,val,current_repo_v1
3080,123.2,-0.12245120122600843,,6,1,val,current_repo_v1
3081,123.24,-0.46071941735382105,,6,1,val,current_repo_v1
3082,123.28,-2.37675954366942,,6,1,val,current_repo_v1
3083,123.32,-1.0560659556921497,,6,1,val,current_repo_v1
3084,123.36,-1.1521655667906425,,6,1,val,current_repo_v1
3085,123.4,-1.5152874361613358,,6,1,val,current_repo_v1
3086,123.44,-0.835178734346636,,6,1,val,current_repo_v1
3087,123.48,-1.1112847523548524,,6,1,val,current_repo_v1
3088,123.52,-0.9034177489486164,,6,1,val,current_repo_v1
3089,123.56,-1.4009294540805093,,6,1,val,current_repo_v1
3090,123.6,-1.4741312846062689,,6,1,val,current_repo_v1
3091,123.64,0.1818485847581635,,6,1,val,current_repo_v1
3092,123.68,0.9739646423452212,,6,1,val,current_repo_v1
3093,123.72,0.25966325115538286,,6,1,val,current_repo_v1
3094,123.76,-0.4633282678630869,,6,1,val,current_repo_v1
3095,123.8,-0.2531562378153064,,6,1,val,current_repo_v1
3096,123.84,-0.5339506041868911,,6,1,val,current_repo_v1
3097,123.88,-0.43061174161858295,,6,1,val,current_repo_v1
3098,123.92,-0.2767807261233918,,6,1,val,current_repo_v1
3099,123.96,-0.7535587392231222,,6,1,val,current_repo_v1
3100,124.0,-0.7414977490599199,,6,1,val,current_repo_v1
3101,124.04,-1.1564070662440378,,6,1,val,current_repo_v1
3102,124.08,-1.4470224739227993,,6,1,val,current_repo_v1
3103,124.12,-1.2591652026193896,,6,1,val,current_repo_v1
3104,124.16,-0.9202404434611087,,6,1,val,current_repo_v1
3105,124.2,-1.1324580237848698,,6,1,val,current_repo_v1
3106,124.24,-1.2902261235657062,,6,1,val,current_repo_v1
3107,124.28,-1.516600817872287,,6,1,val,current_repo_v1
3108,124.32,-1.1926460363246043,,6,1,val,current_repo_v1
3109,124.36,-1.5208350825959185,,6,1,val,current_repo_v1
3110,124.4,-1.0425107155739037,,6,1,val,current_repo_v1
3111,124.44,-0.7752104071587651,,6,1,val,current_repo_v1
3112,124.48,-0.5969555700636622,,6,1,val,current_repo_v1
3113,124.52,-0.4419864759248715,,6,1,val,current_repo_v1
3114,124.56,-0.36866245498728534,,6,1,val,current_repo_v1
3115,124.6,-0.562206641273229,,6,1,val,current_repo_v1
3116,124.64,-0.5002952674084815,,6,1,val,current_repo_v1
3117,124.68,-0.6937586890669668,,6,1,val,current_repo_v1
3118,124.72,-1.5306745933334052,,6,1,val,current_repo_v1
3119,124.76,-1.277095089044567,,6,1,val,current_repo_v1
3120,124.8,-0.242322716947111,,6,1,val,current_repo_v1
3121,124.84,-0.5793660985432803,,6,1,val,current_repo_v1
3122,124.88,-0.191089091175334,,6,1,val,current_repo_v1
3123,124.92,-0.6400241250411736,,6,1,val,current_repo_v1
3124,124.96,-0.9159932397015534,,6,1,val,current_repo_v1
3125,125.0,-1.0046975656873463,,6,1,val,current_repo_v1
3126,125.04,-1.1926333755475178,,6,1,val,current_repo_v1
3127,125.08,-0.8603201854873408,,6,1,val,current_repo_v1
3128,125.12,-0.5725133138157947,,6,1,val,current_repo_v1
3129,125.16,-0.6274617124535786,,6,1,val,current_repo_v1
3130,125.2,-0.612049164162627,,6,1,val,current_repo_v1
3131,125.24,-0.9760137404213743,,6,1,val,current_repo_v1
3132,125.28,-0.6458319434884128,,6,1,val,current_repo_v1
3133,125.32,-1.0688405406430075,,6,1,val,current_repo_v1
3134,125.36,-0.8455339978386245,,6,1,val,current_repo_v1
3135,125.4,-1.3077041176394886,,6,1,val,current_repo_v1
3136,125.44,-0.9231823350159877,,6,1,val,current_repo_v1
3137,125.48,-0.33355624185005955,,6,1,val,current_repo_v1
3138,125.52,0.035073361203274686,,6,1,val,current_repo_v1
3139,125.56,-0.13055574202762346,,6,1,val,current_repo_v1
3140,125.6,-0.34684581434361694,,6,1,val,current_repo_v1
3141,125.64,-0.7413014374503699,,6,1,val,current_repo_v1
3142,125.68,-0.2021142106440266,,6,1,val,current_repo_v1
3143,125.72,-0.4371201462528448,,6,1,val,current_repo_v1
3144,125.76,-0.6023377220548998,,6,1,val,current_repo_v1
3145,125.8,0.07151667761731131,,6,1,val,current_repo_v1
3146,125.84,-0.18218186928025917,,6,1,val,current_repo_v1
3147,125.88,0.18289369016782833,,6,1,val,current_repo_v1
3148,125.92,0.37872189455311805,,6,1,val,current_repo_v1
3149,125.96,0.12709254993267874,,6,1,val,current_repo_v1
3150,126.0,0.10504406750420257,,6,1,val,current_repo_v1
3151,126.04,0.28092852191340517,,6,1,val,current_repo_v1
3152,126.08,0.06815513695378225,,6,1,val,current_repo_v1
3153,126.12,0.1585585635722313,,6,1,val,current_repo_v1
3154,126.16,0.4944039713101226,,6,1,val,current_repo_v1
3155,126.2,0.03699534716442071,,6,1,val,current_repo_v1
3156,126.24,-0.03050658586493803,,6,1,val,current_repo_v1
3157,126.28,0.005173857860516498,,6,1,val,current_repo_v1
3158,126.32,-0.5377034115576895,,6,1,val,current_repo_v1
3159,126.36,-0.6019046121750067,,6,1,val,current_repo_v1
3160,126.4,-0.3147392662523161,,6,1,val,current_repo_v1
3161,126.44,0.242978503461366,,6,1,val,current_repo_v1
3162,126.48,0.3863457693004677,,6,1,val,current_repo_v1
3163,126.52,-0.09361694227624773,,6,1,val,current_repo_v1
3164,126.56,-0.18504277012237474,,6,1,val,current_repo_v1
3165,126.6,-0.6492273969477093,,6,1,val,current_repo_v1
3166,126.64,-1.222123664488016,,6,1,val,current_repo_v1
3167,126.68,-0.8685213777568929,,6,1,val,current_repo_v1
3168,126.72,-0.8393552603615765,,6,1,val,current_repo_v1
3169,126.76,-0.5566361428316524,,6,1,val,current_repo_v1
3170,126.8,-0.14543456378231673,,6,1,val,current_repo_v1
3171,126.84,0.06683685093082799,,6,1,val,current_repo_v1
3172,126.88,0.11753296758528024,,6,1,val,current_repo_v1
3173,126.92,0.18328450470448737,,6,1,val,current_repo_v1
3174,126.96,-0.0996137245606206,,6,1,val,current_repo_v1
3175,127.0,0.3321104089326652,,6,1,val,current_repo_v1
3176,127.04,-0.5261770957499093,,6,1,val,current_repo_v1
3177,127.08,-0.6293540116750451,,6,1,val,current_repo_v1
3178,127.12,-0.7194919967541107,,6,1,val,current_repo_v1
3179,127.16,-1.1869272607052261,,6,1,val,current_repo_v1
3180,127.2,-1.0726055218379273,,6,1,val,current_repo_v1
3181,127.24,-0.8773436437507761,,6,1,val,current_repo_v1
3182,127.28,-0.7116990101985342,,6,1,val,current_repo_v1
3183,127.32,-0.3452415130185136,,6,1,val,current_repo_v1
3184,127.36,-0.24982631431213895,,6,1,val,current_repo_v1
3185,127.4,-0.505347404418959,,6,1,val,current_repo_v1
3186,127.44,-0.8855497751146861,,6,1,val,current_repo_v1
3187,127.48,-1.0917101475084878,,6,1,val,current_repo_v1
3188,127.52,-1.0173527775971027,,6,1,val,current_repo_v1
3189,127.56,-0.777312165719833,,6,1,val,current_repo_v1
3190,127.6,-0.48076727091732546,,6,1,val,current_repo_v1
3191,127.64,-0.023643122954580157,,6,1,val,current_repo_v1
3192,127.68,-0.04529043440030525,,6,1,val,current_repo_v1
3193,127.72,-0.3412946201088618,,6,1,val,current_repo_v1
3194,127.76,-0.4000195476833039,,6,1,val,current_repo_v1
3195,127.8,-0.22414810187473413,,6,1,val,current_repo_v1
3196,127.84,-0.507843664446277,,6,1,val,current_repo_v1
3197,127.88,-0.5674827766475445,,6,1,val,current_repo_v1
3198,127.92,-0.6087245275773637,,6,1,val,current_repo_v1
3199,127.96,-0.4577808996873414,,6,1,val,current_repo_v1
3200,128.0,-0.44201277138497425,,6,1,val,current_repo_v1
3201,128.04,-0.6564859874067007,,6,1,val,current_repo_v1
3202,128.08,-0.4877487851393085,,6,1,val,current_repo_v1
3203,128.12,-0.15870868421482834,,6,1,val,current_repo_v1
3204,128.16,-0.43819867750531216,,6,1,val,current_repo_v1
3205,128.2,-1.0035776434328654,,6,1,val,current_repo_v1
3206,128.24,-0.7654038700934707,,6,1,val,current_repo_v1
3207,128.28,-0.8733809596521208,,6,1,val,current_repo_v1
3208,128.32,-0.9922091699504108,,6,1,val,current_repo_v1
3209,128.36,-0.8946950300536936,,6,1,val,current_repo_v1
3210,128.4,-0.9332441745642901,,6,1,val,current_repo_v1
3211,128.44,-0.7690293740463113,,6,1,val,current_repo_v1
3212,128.48,-1.066722990892936,,6,1,val,current_repo_v1
3213,128.52,-0.5832007487945305,,6,1,val,current_repo_v1
3214,128.56,-0.9518629603053335,,6,1,val,current_repo_v1
3215,128.6,-1.1466650852289426,,6,1,val,current_repo_v1
3216,128.64,-1.0689376529771435,,6,1,val,current_repo_v1
3217,128.68,-0.688410693347979,,6,1,val,current_repo_v1
3218,128.72,-0.67808109923371,,6,1,val,current_repo_v1
3219,128.76,-0.44845418520421243,,6,1,val,current_repo_v1
3220,128.8,-0.555874931000504,,6,1,val,current_repo_v1
3221,128.84,-0.37589144566248384,,6,1,val,current_repo_v1
3222,128.88,-0.7113731691003301,,6,1,val,current_repo_v1
3223,128.92,-0.4723562019199164,,6,1,val,current_repo_v1
3224,128.96,-1.0061072945206313,,6,1,val,current_repo_v1
3225,129.0,-1.1621721719597875,,6,1,val,current_repo_v1
3226,129.04,-1.0978888154208264,,6,1,val,current_repo_v1
3227,129.08,-0.8361819270189679,,6,1,val,current_repo_v1
3228,129.12,-0.9304334820510877,,6,1,val,current_repo_v1
3229,129.16,-1.324598881190781,,6,1,val,current_repo_v1
3230,129.2,-1.028286193387805,,6,1,val,current_repo_v1
3231,129.24,-1.1400309771650363,,6,1,val,current_repo_v1
3232,129.28,-0.981438466014683,,6,1,val,current_repo_v1
3233,129.32,-1.0090016733790814,,6,1,val,current_repo_v1
3234,129.36,-1.1311435986032798,,6,1,val,current_repo_v1
3235,129.4,-1.1974062102502903,,6,1,val,current_repo_v1
3236,129.44,-1.5378670277538842,,6,1,val,current_repo_v1
3237,129.48,-0.9986126014383895,,6,1,val,current_repo_v1
3238,129.52,-0.9019214120522946,,6,1,val,current_repo_v1
3239,129.56,-0.9356707307529232,,6,1,val,current_repo_v1
3240,129.6,-1.0526198591245073,,6,1,val,current_repo_v1
3241,129.64,-0.8761856696003264,,6,1,val,current_repo_v1
3242,129.68,-0.49262586255891694,,6,1,val,current_repo_v1
3243,129.72,-0.9328208037436944,,6,1,val,current_repo_v1
3244,129.76,0.1429360863798908,,6,1,val,current_repo_v1
3245,129.8,-0.06930319813316146,,6,1,val,current_repo_v1
3246,129.84,-0.6212205058676094,,6,1,val,current_repo_v1
3247,129.88,-0.7775667725557482,,6,1,val,current_repo_v1
3248,129.92,-0.6250105999225745,,6,1,val,current_repo_v1
3249,129.96,-0.792580436803766,,6,1,val,current_repo_v1
3250,130.0,-0.6081838010922355,,6,1,val,current_repo_v1
3251,130.04,-0.7292246560981641,,6,1,val,current_repo_v1
3252,130.08,-0.8152409321531913,,6,1,val,current_repo_v1
3253,130.12,-0.54684125785516,,6,1,val,current_repo_v1
3254,130.16,0.2845373303360219,,6,1,val,current_repo_v1
3255,130.2,0.002296678876432556,,6,1,val,current_repo_v1
3256,130.24,-0.7734043681767889,,6,1,val,current_repo_v1
3257,130.28,-0.6505003615625764,,6,1,val,current_repo_v1
3258,130.32,-1.0972682982141695,,6,1,val,current_repo_v1
3259,130.36,-0.8862799958678562,,6,1,val,current_repo_v1
3260,130.4,-0.33394037817462896,,6,1,val,current_repo_v1
3261,130.44,-0.6697090560381994,,6,1,val,current_repo_v1
3262,130.48,-0.7803582652091933,,6,1,val,current_repo_v1
3263,130.52,-0.3441285124526047,,6,1,val,current_repo_v1
3264,130.56,-0.3346987030703428,,6,1,val,current_repo_v1
3265,130.6,-0.49884080846713813,,6,1,val,current_repo_v1
3266,130.64,-0.3007092469933263,,6,1,val,current_repo_v1
3267,130.68,-1.356384944666491,,6,1,val,current_repo_v1
3268,130.72,-1.5725297310871815,,6,1,val,current_repo_v1
3269,130.76,-1.5799422682477797,,6,1,val,current_repo_v1
3270,130.8,-1.854325794489849,,6,1,val,current_repo_v1
3271,130.84,-2.0683129618879303,,6,1,val,current_repo_v1
3272,130.88,-1.5517930477725206,,6,1,val,current_repo_v1
3273,130.92,-1.6802874135528054,,6,1,val,current_repo_v1
3274,130.96,-1.3973031849158668,,6,1,val,current_repo_v1
3275,131.0,-1.7330845235565235,,6,1,val,current_repo_v1
3276,131.04,-1.881740411635254,,6,1,val,current_repo_v1
3277,131.08,-1.5242598923625255,,6,1,val,current_repo_v1
3278,131.12,-2.063179364602902,,6,1,val,current_repo_v1
3279,131.16,-2.0140633407547286,,6,1,val,current_repo_v1
3280,131.2,-1.5248038883889892,,6,1,val,current_repo_v1
3281,131.24,-1.83382507466902,,6,1,val,current_repo_v1
3282,131.28,-1.865387139780892,,6,1,val,current_repo_v1
3283,131.32,-2.456226650170555,,6,1,val,current_repo_v1
3284,131.36,-2.0329507158382496,,6,1,val,current_repo_v1
3285,131.4,-2.101628057673318,,6,1,val,current_repo_v1
3286,131.44,-1.8581805141597227,,6,1,val,current_repo_v1
3287,131.48,-1.9126711074458238,,6,1,val,current_repo_v1
3288,131.52,-1.878830380717219,,6,1,val,current_repo_v1
3289,131.56,-2.0415778528226403,,6,1,val,current_repo_v1
3290,131.6,-2.286488481301528,,6,1,val,current_repo_v1
3291,131.64,-2.0801136409090577,,6,1,val,current_repo_v1
3292,131.68,-1.9444115364722554,,6,1,val,current_repo_v1
3293,131.72,-2.7285710956546056,,6,1,val,current_repo_v1
3294,131.76,-2.55500992862313,,6,1,val,current_repo_v1
3295,131.8,-2.454379846268949,,6,1,val,current_repo_v1
3296,131.84,-2.9995709944379536,,6,1,val,current_repo_v1
3297,131.88,-2.35033358017211,,6,1,val,current_repo_v1
3298,131.92,-2.1268872818668108,,6,1,val,current_repo_v1
3299,131.96,-1.5844088791003614,,6,1,val,current_repo_v1
3300,132.0,-1.8481910219090574,,6,1,val,current_repo_v1
3301,132.04,-1.6217489889639067,,6,1,val,current_repo_v1
3302,132.08,-1.8921445095531475,,6,1,val,current_repo_v1
3303,132.12,-2.006661933947613,,6,1,val,current_repo_v1
3304,132.16,-1.491257002992326,,6,1,val,current_repo_v1
3305,132.2,-1.9969047878258976,,6,1,val,current_repo_v1
3306,132.24,-1.8993330483499078,,6,1,val,current_repo_v1
3307,132.28,-1.3815119959123776,,6,1,val,current_repo_v1
3308,132.32,-1.656572247646191,,6,1,val,current_repo_v1
3309,132.36,-1.775438301146322,,6,1,val,current_repo_v1
3310,132.4,-1.8799461986538533,,6,1,val,current_repo_v1
3311,132.44,-1.701081696446739,,6,1,val,current_repo_v1
3312,132.48,-1.2369529126917682,,6,1,val,current_repo_v1
3313,132.52,-1.749750836602585,,6,1,val,current_repo_v1
3314,132.56,-1.701546110445802,,6,1,val,current_repo_v1
3315,132.6,-1.861594471831684,,6,1,val,current_repo_v1
3316,132.64,-1.3754031014034331,,6,1,val,current_repo_v1
3317,132.68,-1.3023582088617787,,6,1,val,current_repo_v1
3318,132.72,-1.6021445408572668,,6,1,val,current_repo_v1
3319,132.76,-2.1593765054237863,,6,1,val,current_repo_v1
3320,132.8,-2.2542674992634835,,6,1,val,current_repo_v1
3321,132.84,-1.4088793090554816,,6,1,val,current_repo_v1
3322,132.88,-1.2638160208221088,,6,1,val,current_repo_v1
3323,132.92,-0.7240920327190653,,6,1,val,current_repo_v1
3324,132.96,-0.9213390093498447,,6,1,val,current_repo_v1
3325,133.0,-1.2170994229259542,,6,1,val,current_repo_v1
3326,133.04,-1.169365788980324,,6,1,val,current_repo_v1
3327,133.08,-0.6493587351188044,,6,1,val,current_repo_v1
3328,133.12,-0.6403127490199202,,6,1,val,current_repo_v1
3329,133.16,-1.2823295551580318,,6,1,val,current_repo_v1
3330,133.2,-1.3923432211451674,,6,1,val,current_repo_v1
3331,133.24,-1.3972625591256551,,6,1,val,current_repo_v1
3332,133.28,-1.8665335661896034,,6,1,val,current_repo_v1
3333,133.32,-1.8844865480982573,,6,1,val,current_repo_v1
3334,133.36,-2.07122827972387,,6,1,val,current_repo_v1
3335,133.4,-1.8391784964353304,,6,1,val,current_repo_v1
3336,133.44,-1.4739042253952233,,6,1,val,current_repo_v1
3337,133.48,-1.9014531024295127,,6,1,val,current_repo_v1
3338,133.52,-2.296638250642343,,6,1,val,current_repo_v1
3339,133.56,-1.9528366575409362,,6,1,val,current_repo_v1
3340,133.6,-2.2534686181422674,,6,1,val,current_repo_v1
3341,133.64,-2.230055919591544,,6,1,val,current_repo_v1
3342,133.68,-1.9165884353540374,,6,1,val,current_repo_v1
3343,133.72,-1.9535556783759145,,6,1,val,current_repo_v1
3344,133.76,-2.0804200038886673,,6,1,val,current_repo_v1
3345,133.8,-2.3477045906795118,,6,1,val,current_repo_v1
3346,133.84,-1.710195229878321,,6,1,val,current_repo_v1
3347,133.88,-2.2025739638075685,,6,1,val,current_repo_v1
3348,133.92,-2.031826550136503,,6,1,val,current_repo_v1
3349,133.96,-2.3482151956455275,,6,1,val,current_repo_v1
3350,134.0,-2.4503103107768602,,6,1,val,current_repo_v1
3351,134.04,-2.163653343749489,,6,1,val,current_repo_v1
3352,134.08,-2.1447851685257255,,6,1,val,current_repo_v1
3353,134.12,-2.3979147282750284,,6,1,val,current_repo_v1
3354,134.16,-2.5158736579663246,,6,1,val,current_repo_v1
3355,134.2,-2.7760612531178035,,6,1,val,current_repo_v1
3356,134.24,-2.5749129484619417,,6,1,val,current_repo_v1
3357,134.28,-2.219257807160365,,6,1,val,current_repo_v1
3358,134.32,-2.564609301984229,,6,1,val,current_repo_v1
3359,134.36,-2.688327354826278,,6,1,val,current_repo_v1
3360,134.4,-2.6761808000706777,,6,1,val,current_repo_v1
3361,134.44,-2.539384303627695,,6,1,val,current_repo_v1
3362,134.48,-2.2426977750771213,,6,1,val,current_repo_v1
3363,134.52,-2.3853941936424117,,6,1,val,current_repo_v1
3364,134.56,-2.301053940127742,,6,1,val,current_repo_v1
3365,134.6,-2.8190739476337736,,6,1,val,current_repo_v1
3366,134.64,-2.674419699890888,,6,1,val,current_repo_v1
3367,134.68,-2.6165326792395605,,6,1,val,current_repo_v1
3368,134.72,-2.536285891476967,,6,1,val,current_repo_v1
3369,134.76,-3.237335657722152,,6,1,val,current_repo_v1
3370,134.8,-3.214400729594671,,6,1,val,current_repo_v1
3371,134.84,-3.5427467138500903,,6,1,val,current_repo_v1
3372,134.88,-3.364137653255402,,6,1,val,current_repo_v1
3373,134.92,-2.85186563854664,,6,1,val,current_repo_v1
3374,134.96,-2.6143792340995073,,6,1,val,current_repo_v1
3375,135.0,-2.644697482209695,,6,1,val,current_repo_v1
3376,135.04,-2.703693086067893,,6,1,val,current_repo_v1
3377,135.08,-2.917892008440982,,6,1,val,current_repo_v1
3378,135.12,-3.205819783577233,,6,1,val,current_repo_v1
3379,135.16,-2.886605419577805,,6,1,val,current_repo_v1
3380,135.2,-2.670965672946389,,6,1,val,current_repo_v1
3381,135.24,-2.776170052323096,,6,1,val,current_repo_v1
3382,135.28,-3.0026819282363504,,6,1,val,current_repo_v1
3383,135.32,-2.809142333221218,,6,1,val,current_repo_v1
3384,135.36,-2.9817560289124843,,6,1,val,current_repo_v1
3385,135.4,-2.4638462119059303,,6,1,val,current_repo_v1
3386,135.44,-2.676705874496221,,6,1,val,current_repo_v1
3387,135.48,-2.815979709365601,,6,1,val,current_repo_v1
3388,135.52,-2.994432388493858,,6,1,val,current_repo_v1
3389,135.56,-2.7583756779515696,,6,1,val,current_repo_v1
3390,135.6,-2.750066590817945,,6,1,val,current_repo_v1
3391,135.64,-2.8116196716476156,,6,1,val,current_repo_v1
3392,135.68,-2.4820337660142306,,6,1,val,current_repo_v1
3393,135.72,-2.117429820512615,,6,1,val,current_repo_v1
3394,135.76,-1.9220239434772823,,6,1,val,current_repo_v1
3395,135.8,-1.944845063740404,,6,1,val,current_repo_v1
3396,135.84,-1.6022666964867387,,6,1,val,current_repo_v1
3397,135.88,-1.4251593988356954,,6,1,val,current_repo_v1
3398,135.92,-1.3174534725137659,,6,1,val,current_repo_v1
3399,135.96,-1.3466954154421829,,6,1,val,current_repo_v1
3400,136.0,-1.7445846830336196,,6,1,val,current_repo_v1
3401,136.04,-1.6231077268652994,,6,1,val,current_repo_v1
3402,136.08,-1.4531366553496479,,6,1,val,current_repo_v1
3403,136.12,-1.3631143563820924,,6,1,val,current_repo_v1
3404,136.16,-1.1648200830533064,,6,1,val,current_repo_v1
3405,136.2,-0.9514813978750069,,6,1,val,current_repo_v1
3406,136.24,-1.2872365106202703,,6,1,val,current_repo_v1
3407,136.28,-1.7863304650644292,,6,1,val,current_repo_v1
3408,136.32,-1.8462807749926,,6,1,val,current_repo_v1
3409,136.36,-1.4302640572016692,,6,1,val,current_repo_v1
3410,136.4,-1.372788024852688,,6,1,val,current_repo_v1
3411,136.44,-1.2810113039174322,,6,1,val,current_repo_v1
3412,136.48,-1.9898921086141632,,6,1,val,current_repo_v1
3413,136.52,-1.9780880904869913,,6,1,val,current_repo_v1
3414,136.56,-1.8489556771933144,,6,1,val,current_repo_v1
3415,136.6,-2.112034938179582,,6,1,val,current_repo_v1
3416,136.64,-2.2764892499915654,,6,1,val,current_repo_v1
3417,136.68,-2.172095438607231,,6,1,val,current_repo_v1
3418,136.72,-1.1993114485076806,,6,1,val,current_repo_v1
3419,136.76,-1.0565528390923058,,6,1,val,current_repo_v1
3420,136.8,-0.8825912575942924,,6,1,val,current_repo_v1
3421,136.84,-0.41805016380749915,,6,1,val,current_repo_v1
3422,136.88,-0.035113230477273036,,6,1,val,current_repo_v1
3423,136.92,0.02204757808725571,,6,1,val,current_repo_v1
3424,136.96,-0.21456911097345027,,6,1,val,current_repo_v1
3425,137.0,-1.0989135035883215,,6,1,val,current_repo_v1
3426,137.04,-1.4589550476326956,,6,1,val,current_repo_v1
3427,137.08,-1.9568669585369984,,6,1,val,current_repo_v1
3428,137.12,-2.194385084491557,,6,1,val,current_repo_v1
3429,137.16,-1.8908428147133534,,6,1,val,current_repo_v1
3430,137.2,-1.69560389298026,,6,1,val,current_repo_v1
3431,137.24,-1.4471376730813446,,6,1,val,current_repo_v1
3432,137.28,-1.1356705916235046,,6,1,val,current_repo_v1
3433,137.32,-1.263930941721817,,6,1,val,current_repo_v1
3434,137.36,-0.8895688761925565,,6,1,val,current_repo_v1
3435,137.4,-1.069486031580291,,6,1,val,current_repo_v1
3436,137.44,-1.2726966516070666,,6,1,val,current_repo_v1
3437,137.48,-1.1812276849456056,,6,1,val,current_repo_v1
3438,137.52,-0.9491817277160758,,6,1,val,current_repo_v1
3439,137.56,-1.0452097567287335,,6,1,val,current_repo_v1
3440,137.6,-1.0977165036359735,,6,1,val,current_repo_v1
3441,137.64,-0.9153079577505695,,6,1,val,current_repo_v1
3442,137.68,-1.2715607990341635,,6,1,val,current_repo_v1
3443,137.72,-0.9707103356810264,,6,1,val,current_repo_v1
3444,137.76,-0.797322315210915,,6,1,val,current_repo_v1
3445,137.8,-0.4216048856686612,,6,1,val,current_repo_v1
3446,137.84,-0.43730268404996,,6,1,val,current_repo_v1
3447,137.88,-0.5497559496087159,,6,1,val,current_repo_v1
3448,137.92,-1.195787300336241,,6,1,val,current_repo_v1
3449,137.96,-1.2801626144643814,,6,1,val,current_repo_v1
3450,138.0,-0.9168974417925991,,6,1,val,current_repo_v1
3451,138.04,-0.8377296026707283,,6,1,val,current_repo_v1
3452,138.08,-0.553272828268037,,6,1,val,current_repo_v1
3453,138.12,0.049133641110795365,,6,1,val,current_repo_v1
3454,138.16,-0.32476020175156983,,6,1,val,current_repo_v1
3455,138.2,-0.12829651505154224,,6,1,val,current_repo_v1
3456,138.24,-0.35182083887387255,,6,1,val,current_repo_v1
3457,138.28,-0.39001454250247214,,6,1,val,current_repo_v1
3458,138.32,-0.6379746095767649,,6,1,val,current_repo_v1
3459,138.36,-0.5897003882754248,,6,1,val,current_repo_v1
3460,138.4,-0.6126187600021008,,6,1,val,current_repo_v1
3461,138.44,-0.8949098458759084,,6,1,val,current_repo_v1
3462,138.48,-0.669623839269348,,6,1,val,current_repo_v1
3463,138.52,-0.7258722631939036,,6,1,val,current_repo_v1
3464,138.56,-0.40749065832910436,,6,1,val,current_repo_v1
3465,138.6,-0.5945922481957523,,6,1,val,current_repo_v1
3466,138.64,-0.5579012466343725,,6,1,val,current_repo_v1
3467,138.68,-0.7584478165550791,,6,1,val,current_repo_v1
3468,138.72,-1.0634485800277633,,6,1,val,current_repo_v1
3469,138.76,-0.8477156166859303,,6,1,val,current_repo_v1
3470,138.8,-0.350587839184479,,6,1,val,current_repo_v1
3471,138.84,-0.11306819150190556,,6,1,val,current_repo_v1
3472,138.88,-0.5067458289869883,,6,1,val,current_repo_v1
3473,138.92,-0.44864406207815527,,6,1,val,current_repo_v1
3474,138.96,-0.2672517870304252,,6,1,val,current_repo_v1
3475,139.0,-0.5086947190994431,,6,1,val,current_repo_v1
3476,139.04,-0.6978112507699944,,6,1,val,current_repo_v1
3477,139.08,-0.8580269152816623,,6,1,val,current_repo_v1
3478,139.12,-0.8766096665033055,,6,1,val,current_repo_v1
3479,139.16,-0.7764241026413372,,6,1,val,current_repo_v1
3480,139.2,-0.9756865775936941,,6,1,val,current_repo_v1
3481,139.24,-0.6942775026686762,,6,1,val,current_repo_v1
3482,139.28,-0.5282449415152098,,6,1,val,current_repo_v1
3483,139.32,-0.6720033001498076,,6,1,val,current_repo_v1
3484,139.36,-0.26075280841426896,,6,1,val,current_repo_v1
3485,139.4,-0.2722934893345127,,6,1,val,current_repo_v1
3486,139.44,-0.26291115786632513,,6,1,val,current_repo_v1
3487,139.48,-0.9367418881462083,,6,1,val,current_repo_v1
3488,139.52,-1.1744735081935054,,6,1,val,current_repo_v1
3489,139.56,-2.2331078625164826,,6,1,val,current_repo_v1
3490,139.6,-2.3223847060595384,,6,1,val,current_repo_v1
3491,139.64,-2.3547840520121417,,6,1,val,current_repo_v1
3492,139.68,-2.270596562599021,,6,1,val,current_repo_v1
3493,139.72,-1.9883135462314885,,6,1,val,current_repo_v1
3494,139.76,-2.0376886290569702,,6,1,val,current_repo_v1
3495,139.8,-2.0072295819752273,,6,1,val,current_repo_v1
3496,139.84,-2.0301169278415707,,6,1,val,current_repo_v1
3497,139.88,-1.692044127677676,,6,1,val,current_repo_v1
3498,139.92,-1.8009371061985286,,6,1,val,current_repo_v1
3499,139.96,-2.266542331342971,,6,1,val,current_repo_v1
3500,140.0,-1.9560508253678843,,6,1,val,current_repo_v1
3501,140.04,-1.854541445088575,,6,1,val,current_repo_v1
3502,140.08,-1.9734208550128851,,6,1,val,current_repo_v1
3503,140.12,-2.0761696001524856,,6,1,val,current_repo_v1
3504,140.16,-1.961666645217548,,6,1,val,current_repo_v1
3505,140.2,-2.007790273531915,,6,1,val,current_repo_v1
3506,140.24,-2.386860617713749,,6,1,val,current_repo_v1
3507,140.28,-2.0216353202289654,,6,1,val,current_repo_v1
3508,140.32,-1.4741465888423075,,6,1,val,current_repo_v1
3509,140.36,-1.6033048802078316,,6,1,val,current_repo_v1
3510,140.4,-0.6010715052168315,,6,1,val,current_repo_v1
3511,140.44,-0.735292924816897,,6,1,val,current_repo_v1
3512,140.48,-1.3942620940855737,,6,1,val,current_repo_v1
3513,140.52,-1.2386995434120307,,6,1,val,current_repo_v1
3514,140.56,-1.0708969430136337,,6,1,val,current_repo_v1
3515,140.6,-0.7293289335973546,,6,1,val,current_repo_v1
3516,140.64,-1.149686141422967,,6,1,val,current_repo_v1
3517,140.68,-0.7204031553160829,,6,1,val,current_repo_v1
3518,140.72,-1.3943622672669174,,6,1,val,current_repo_v1
3519,140.76,-1.7416446001611814,,6,1,val,current_repo_v1
3520,140.8,-1.360992632749465,,6,1,val,current_repo_v1
3521,140.84,-1.9398898303699348,,6,1,val,current_repo_v1
3522,140.88,-2.240260784182098,,6,1,val,current_repo_v1
3523,140.92,-1.7056960627418025,,6,1,val,current_repo_v1
3524,140.96,-0.855586446151176,,6,1,val,current_repo_v1
3525,141.0,-0.6482625344301833,,6,1,val,current_repo_v1
3526,141.04,-0.38806697411949337,,6,1,val,current_repo_v1
3527,141.08,-0.9198629853486288,,6,1,val,current_repo_v1
3528,141.12,-0.5289507102730728,,6,1,val,current_repo_v1
3529,141.16,-0.4580327587172407,,6,1,val,current_repo_v1
3530,141.2,-0.2278607356259311,,6,1,val,current_repo_v1
3531,141.24,-0.39486647227968075,,6,1,val,current_repo_v1
3532,141.28,-0.30515077976821736,,6,1,val,current_repo_v1
3533,141.32,-0.5654545479841713,,6,1,val,current_repo_v1
3534,141.36,-0.25702163566805253,,6,1,val,current_repo_v1
3535,141.4,-0.1535117308708354,,6,1,val,current_repo_v1
3536,141.44,-0.40815263610248415,,6,1,val,current_repo_v1
3537,141.48,-0.06624393352257253,,6,1,val,current_repo_v1
3538,141.52,0.23064982829690636,,6,1,val,current_repo_v1
3539,141.56,0.067737505221701,,6,1,val,current_repo_v1
3540,141.6,0.1790034577138741,,6,1,val,current_repo_v1
3541,141.64,0.20304042996555505,,6,1,val,current_repo_v1
3542,141.68,0.28473746800458155,,6,1,val,current_repo_v1
3543,141.72,-0.007678656955897017,,6,1,val,current_repo_v1
3544,141.76,-0.09639946108219731,,6,1,val,current_repo_v1
3545,141.8,-0.02833530607254695,,6,1,val,current_repo_v1
3546,141.84,-0.23597681547369567,,6,1,val,current_repo_v1
3547,141.88,-0.2383740327461956,,6,1,val,current_repo_v1
3548,141.92,-0.37742618227832075,,6,1,val,current_repo_v1
3549,141.96,-0.17943420239365207,,6,1,val,current_repo_v1
3550,142.0,0.033093584359905545,,6,1,val,current_repo_v1
3551,142.04,-0.020148235438975926,,6,1,val,current_repo_v1
3552,142.08,0.24250055912635074,,6,1,val,current_repo_v1
3553,142.12,-0.7527618059137655,,6,1,val,current_repo_v1
3554,142.16,-0.571747684625608,,6,1,val,current_repo_v1
3555,142.2,-0.47617892182352756,,6,1,val,current_repo_v1
3556,142.24,-0.6981398048918599,,6,1,val,current_repo_v1
3557,142.28,-0.6378763842072805,,6,1,val,current_repo_v1
3558,142.32,0.20044977062776237,,6,1,val,current_repo_v1
3559,142.36,0.2548795991403193,,6,1,val,current_repo_v1
3560,142.4,-0.003221967769974549,,6,1,val,current_repo_v1
3561,142.44,-0.03560154864955769,,6,1,val,current_repo_v1
3562,142.48,0.1569374971521947,,6,1,val,current_repo_v1
3563,142.52,0.08989346512599386,,6,1,val,current_repo_v1
3564,142.56,0.2177472442809983,,6,1,val,current_repo_v1
3565,142.6,-0.19418265118759132,,6,1,val,current_repo_v1
3566,142.64,-0.3587639881586952,,6,1,val,current_repo_v1
3567,142.68,-0.03282625587778315,,6,1,val,current_repo_v1
3568,142.72,-0.04133025463118356,,6,1,val,current_repo_v1
3569,142.76,0.14067566810816337,,6,1,val,current_repo_v1
3570,142.8,-0.6457385876485772,,6,1,val,current_repo_v1
3571,142.84,-0.451496458634563,,6,1,val,current_repo_v1
3572,142.88,-0.7250975210268029,,6,1,val,current_repo_v1
3573,142.92,-1.0635860398932737,,6,1,val,current_repo_v1
3574,142.96,-1.5294360632496249,,6,1,val,current_repo_v1
3575,143.0,-1.7424715854249413,,6,1,val,current_repo_v1
3576,143.04,-1.0993167702079394,,6,1,val,current_repo_v1
3577,143.08,-0.37727933117705925,,6,1,val,current_repo_v1
3578,143.12,0.9372721103602374,,6,1,val,current_repo_v1
3579,143.16,0.2741608496077072,,6,1,val,current_repo_v1
3580,143.2,-0.30075502057202363,,6,1,val,current_repo_v1
3581,143.24,-0.036013971724032624,,6,1,val,current_repo_v1
3582,143.28,0.3642338264659632,,6,1,val,current_repo_v1
3583,143.32,0.6191071995648032,,6,1,val,current_repo_v1
3584,143.36,0.2790568138458815,,6,1,val,current_repo_v1
3585,143.4,0.42517139874804394,,6,1,val,current_repo_v1
3586,143.44,-0.09006197693860322,,6,1,val,current_repo_v1
3587,143.48,0.03303593260710096,,6,1,val,current_repo_v1
3588,143.52,0.3614731161963686,,6,1,val,current_repo_v1
3589,143.56,0.2851346129297838,,6,1,val,current_repo_v1
3590,143.6,0.32429390950535664,,6,1,val,current_repo_v1
3591,143.64,0.27774451038792414,,6,1,val,current_repo_v1
3592,143.68,0.6877753588582484,,6,1,val,current_repo_v1
3593,143.72,0.49971739336860493,,6,1,val,current_repo_v1
3594,143.76,0.2851266477705728,,6,1,val,current_repo_v1
3595,143.8,0.281377770805848,,6,1,val,current_repo_v1
3596,143.84,-0.08467138153077838,,6,1,val,current_repo_v1
3597,143.88,0.2956499448177944,,6,1,val,current_repo_v1
3598,143.92,0.1984229680409291,,6,1,val,current_repo_v1
3599,143.96,0.19193539803709259,,6,1,val,current_repo_v1
3600,144.0,0.34841644634943536,,6,1,val,current_repo_v1
3601,144.04,0.44455730932052323,,6,1,val,current_repo_v1
3602,144.08,0.22242470576736656,,6,1,val,current_repo_v1
3603,144.12,0.3192101205521629,,6,1,val,current_repo_v1
3604,144.16,0.25585329637592213,,6,1,val,current_repo_v1
3605,144.2,0.4994148564480051,,6,1,val,current_repo_v1
3606,144.24,0.8256402301061453,,6,1,val,current_repo_v1
3607,144.28,0.40786613384737014,,6,1,val,current_repo_v1
3608,144.32,0.5522317923938642,,6,1,val,current_repo_v1
3609,144.36,0.4765898405611646,,6,1,val,current_repo_v1
3610,144.4,0.4777515016412054,,6,1,val,current_repo_v1
3611,144.44,0.31770574893192083,,6,1,val,current_repo_v1
3612,144.48,-0.29023808869569995,,6,1,val,current_repo_v1
3613,144.52,-0.006744315954561722,,6,1,val,current_repo_v1
3614,144.56,0.2539361625532474,,6,1,val,current_repo_v1
3615,144.6,0.8177514529459089,,6,1,val,current_repo_v1
3616,144.64,0.3435356472178812,,6,1,val,current_repo_v1
3617,144.68,0.3146514755892218,,6,1,val,current_repo_v1
3618,144.72,0.33230365969500747,,6,1,val,current_repo_v1
3619,144.76,-0.23412827245435772,,6,1,val,current_repo_v1
3620,144.8,-0.7014651371242158,,6,1,val,current_repo_v1
3621,144.84,-0.31071950430970763,,6,1,val,current_repo_v1
3622,144.88,-0.1856755481090399,,6,1,val,current_repo_v1
3623,144.92,0.15927598441889643,,6,1,val,current_repo_v1
3624,144.96,-0.45019650291250046,,6,1,val,current_repo_v1
3625,145.0,-0.031192859113029086,,6,1,val,current_repo_v1
3626,145.04,-0.061494550822411384,,6,1,val,current_repo_v1
3627,145.08,-0.13488598865886545,,6,1,val,current_repo_v1
3628,145.12,-0.5209663859846589,,6,1,val,current_repo_v1
3629,145.16,-0.1836827278826833,,6,1,val,current_repo_v1
3630,145.2,0.41267778565791347,,6,1,val,current_repo_v1
3631,145.24,0.7194714751648771,,6,1,val,current_repo_v1
3632,145.28,0.454802243183615,,6,1,val,current_repo_v1
3633,145.32,-0.04503036673471254,,6,1,val,current_repo_v1
3634,145.36,-0.6919779716391636,,6,1,val,current_repo_v1
3635,145.4,-0.4568976017914304,,6,1,val,current_repo_v1
3636,145.44,0.16511315917344604,,6,1,val,current_repo_v1
3637,145.48,0.7283420190669911,,6,1,val,current_repo_v1
3638,145.52,0.4245489685118822,,6,1,val,current_repo_v1
3639,145.56,0.1813061539376582,,6,1,val,current_repo_v1
3640,145.6,0.14565879692704853,,6,1,val,current_repo_v1
3641,145.64,-0.09795357146956492,,6,1,val,current_repo_v1
3642,145.68,-0.4429959642033919,,6,1,val,current_repo_v1
3643,145.72,-0.3184309610260238,,6,1,val,current_repo_v1
3644,145.76,-0.6276196939083227,,6,1,val,current_repo_v1
3645,145.8,-0.5183034489139383,,6,1,val,current_repo_v1
3646,145.84,-0.5323139204896242,,6,1,val,current_repo_v1
3647,145.88,0.043608603206724404,,6,1,val,current_repo_v1
3648,145.92,-0.1397566313428667,,6,1,val,current_repo_v1
3649,145.96,-0.4657235547149047,,6,1,val,current_repo_v1
3650,146.0,-0.37901754456750053,,6,1,val,current_repo_v1
3651,146.04,-0.021201288616674453,,6,1,val,current_repo_v1
3652,146.08,-0.020149252822848945,,6,1,val,current_repo_v1
3653,146.12,-0.08711742453359471,,6,1,val,current_repo_v1
3654,146.16,-0.12952051480667445,,6,1,val,current_repo_v1
3655,146.2,-0.4989502337548143,,6,1,val,current_repo_v1
3656,146.24,-0.30306387327257783,,6,1,val,current_repo_v1
3657,146.28,0.060609679024953206,,6,1,val,current_repo_v1
3658,146.32,0.5974222101334217,,6,1,val,current_repo_v1
3659,146.36,0.41404212351840214,,6,1,val,current_repo_v1
3660,146.4,0.5513370511032789,,6,1,val,current_repo_v1
3661,146.44,0.29689508354895494,,6,1,val,current_repo_v1
3662,146.48,0.15030919774151216,,6,1,val,current_repo_v1
3663,146.52,0.24801829273594872,,6,1,val,current_repo_v1
3664,146.56,0.005797470696735781,,6,1,val,current_repo_v1
3665,146.6,-0.7254608575033017,,6,1,val,current_repo_v1
3666,146.64,-1.0563671708832736,,6,1,val,current_repo_v1
3667,146.68,-0.8726742517706827,,6,1,val,current_repo_v1
3668,146.72,-0.9097665025751116,,6,1,val,current_repo_v1
3669,146.76,-0.5621519286293909,,6,1,val,current_repo_v1
3670,146.8,-0.7614419512066173,,6,1,val,current_repo_v1
3671,146.84,-0.48187564543006817,,6,1,val,current_repo_v1
3672,146.88,-0.30019495509771926,,6,1,val,current_repo_v1
3673,146.92,-0.7416340958900822,,6,1,val,current_repo_v1
3674,146.96,-0.8040776745630728,,6,1,val,current_repo_v1
3675,147.0,-1.0495065601259956,,6,1,val,current_repo_v1
3676,147.04,-0.9449958800300937,,6,1,val,current_repo_v1
3677,147.08,-1.2335189203835382,,6,1,val,current_repo_v1
3678,147.12,-1.2985271411930557,,6,1,val,current_repo_v1
3679,147.16,-1.6069105582185312,,6,1,val,current_repo_v1
3680,147.2,-1.1936099249362004,,6,1,val,current_repo_v1
3681,147.24,-1.2150428118612002,,6,1,val,current_repo_v1
3682,147.28,-0.9831198450376536,,6,1,val,current_repo_v1
3683,147.32,-0.9313186929765035,,6,1,val,current_repo_v1
3684,147.36,-1.1674633333113045,,6,1,val,current_repo_v1
3685,147.4,-1.4742798748252621,,6,1,val,current_repo_v1
3686,147.44,-1.7393932079104812,,6,1,val,current_repo_v1
3687,147.48,-1.3350875697951423,,6,1,val,current_repo_v1
3688,147.52,-1.2777142149570386,,6,1,val,current_repo_v1
3689,147.56,-1.1122746581677143,,6,1,val,current_repo_v1
3690,147.6,-1.3580647932658578,,6,1,val,current_repo_v1
3691,147.64,-1.5106644438423233,,6,1,val,current_repo_v1
3692,147.68,-1.348385837877358,,6,1,val,current_repo_v1
3693,147.72,-1.2415647746572982,,6,1,val,current_repo_v1
3694,147.76,-1.2792852643511126,,6,1,val,current_repo_v1
3695,147.8,-1.4822728599199797,,6,1,val,current_repo_v1
3696,147.84,-1.5065423174300292,,6,1,val,current_repo_v1
3697,147.88,-1.4696034568095329,,6,1,val,current_repo_v1
3698,147.92,-1.2052917874339004,,6,1,val,current_repo_v1
3699,147.96,-1.19880696523608,,6,1,val,current_repo_v1
3700,148.0,-1.3532456284667138,,6,1,val,current_repo_v1
3701,148.04,-1.5338601005001355,,6,1,val,current_repo_v1
3702,148.08,-1.326137096042081,,6,1,val,current_repo_v1
3703,148.12,-1.1851041088047705,,6,1,val,current_repo_v1
3704,148.16,-1.352824066328559,,6,1,val,current_repo_v1
3705,148.2,-1.4708280739514599,,6,1,val,current_repo_v1
3706,148.24,-1.2810049039641798,,6,1,val,current_repo_v1
3707,148.28,-1.5991955537020426,,6,1,val,current_repo_v1
3708,148.32,-1.2098524497734104,,6,1,val,current_repo_v1
3709,148.36,-1.111157518501604,,6,1,val,current_repo_v1
3710,148.4,-0.7892791739608163,,6,1,val,current_repo_v1
3711,148.44,0.09991226151043767,,6,1,val,current_repo_v1
3712,148.48,-0.042230917617645226,,6,1,val,current_repo_v1
3713,148.52,-0.43285443828062475,,6,1,val,current_repo_v1
3714,148.56,-1.3537793289162061,,6,1,val,current_repo_v1
3715,148.6,0.02111068058285487,,6,1,val,current_repo_v1
3716,148.64,0.2384365192462942,,6,1,val,current_repo_v1
3717,148.68,0.25755088397615183,,6,1,val,current_repo_v1
3718,148.72,-0.2982124304483341,,6,1,val,current_repo_v1
3719,148.76,-0.15670005540829093,,6,1,val,current_repo_v1
3720,148.8,-0.3762865732111174,,6,1,val,current_repo_v1
3721,148.84,0.13962480621880674,,6,1,val,current_repo_v1
3722,148.88,0.5700273493654481,,6,1,val,current_repo_v1
3723,148.92,-0.24698003945014663,,6,1,val,current_repo_v1
3724,148.96,-1.2128508278722139,,6,1,val,current_repo_v1
3725,149.0,-0.6502017898304047,,6,1,val,current_repo_v1
3726,149.04,-0.8484059768606907,,6,1,val,current_repo_v1
3727,149.08,-0.8453807467841105,,6,1,val,current_repo_v1
3728,149.12,-0.9910742912834376,,6,1,val,current_repo_v1
3729,149.16,-1.5299079902372887,,6,1,val,current_repo_v1
3730,149.2,-1.3877358113210303,,6,1,val,current_repo_v1
3731,149.24,-0.7271507234208029,,6,1,val,current_repo_v1
3732,149.28,-1.0480295622188498,,6,1,val,current_repo_v1
3733,149.32,-0.7022422444914316,,6,1,val,current_repo_v1
3734,149.36,-0.3106979740321897,,6,1,val,current_repo_v1
3735,149.4,-0.49197070212704536,,6,1,val,current_repo_v1
3736,149.44,-0.6706943705802497,,6,1,val,current_repo_v1
3737,149.48,-0.8858934943431718,,6,1,val,current_repo_v1
3738,149.52,-1.1486542880904174,,6,1,val,current_repo_v1
3739,149.56,-0.46930954591288204,,6,1,val,current_repo_v1
3740,149.6,-0.8968780401951847,,6,1,val,current_repo_v1
3741,149.64,-0.5330114806117938,,6,1,val,current_repo_v1
3742,149.68,-1.5435318211588716,,6,1,val,current_repo_v1
3743,149.72,-0.887628299062859,,6,1,val,current_repo_v1
3744,149.76,0.14968367187578804,,6,1,val,current_repo_v1
3745,149.8,0.5376775334858424,,6,1,val,current_repo_v1
3746,149.84,0.34144668856331833,,6,1,val,current_repo_v1
3747,149.88,0.2742231100225007,,6,1,val,current_repo_v1
3748,149.92,-0.22686919504240144,,6,1,val,current_repo_v1
3749,149.96,0.13129279751347903,,6,1,val,current_repo_v1
3750,150.0,0.300881976166435,,6,1,val,current_repo_v1
3751,150.04,0.12341316811251118,,6,1,val,current_repo_v1
3752,150.08,0.13463713830264196,,6,1,val,current_repo_v1
3753,150.12,0.07459244645517372,,6,1,val,current_repo_v1
3754,150.16,-0.3236155840252993,,6,1,val,current_repo_v1
3755,150.2,-0.4443233632032601,,6,1,val,current_repo_v1
3756,150.24,0.3457638396380409,,6,1,val,current_repo_v1
3757,150.28,0.2837175102373165,,6,1,val,current_repo_v1
3758,150.32,0.2307658274496082,,6,1,val,current_repo_v1
3759,150.36,-0.19639174809505738,,6,1,val,current_repo_v1
3760,150.4,-0.4163815151263243,,6,1,val,current_repo_v1
3761,150.44,0.21345033653667225,,6,1,val,current_repo_v1
3762,150.48,-0.09039497450627317,,6,1,val,current_repo_v1
3763,150.52,0.052798066518470646,,6,1,val,current_repo_v1
3764,150.56,0.37333097740851284,,6,1,val,current_repo_v1
3765,150.6,0.5940116611322144,,6,1,val,current_repo_v1
3766,150.64,0.5307739317382377,,6,1,val,current_repo_v1
3767,150.68,0.07278228576417355,,6,1,val,current_repo_v1
3768,150.72,0.10962806880367135,,6,1,val,current_repo_v1
3769,150.76,0.02938380276178852,,6,1,val,current_repo_v1
3770,150.8,0.04921536225300615,,6,1,val,current_repo_v1
3771,150.84,-0.18120314599441187,,6,1,val,current_repo_v1
3772,150.88,0.04453590078124647,,6,1,val,current_repo_v1
3773,150.92,0.1628104281673073,,6,1,val,current_repo_v1
3774,150.96,0.414747996623329,,6,1,val,current_repo_v1
3775,151.0,0.4830052371791371,,6,1,val,current_repo_v1
3776,151.04,0.17149798210169595,,6,1,val,current_repo_v1
3777,151.08,0.42504322577122045,,6,1,val,current_repo_v1
3778,151.12,0.6955709888727769,,6,1,val,current_repo_v1
3779,151.16,0.7866157499371309,,6,1,val,current_repo_v1
3780,151.2,1.0230643184867172,,6,1,val,current_repo_v1
3781,151.24,0.9289143279301264,,6,1,val,current_repo_v1
3782,151.28,0.513903585399898,,6,1,val,current_repo_v1
3783,151.32,0.36316242559619566,,6,1,val,current_repo_v1
3784,151.36,0.20098614931856149,,6,1,val,current_repo_v1
3785,151.4,0.05285587479187109,,6,1,val,current_repo_v1
3786,151.44,0.11447192907460502,,6,1,val,current_repo_v1
3787,151.48,0.6968483360643278,,6,1,val,current_repo_v1
3788,151.52,0.7924676028453357,,6,1,val,current_repo_v1
3789,151.56,0.6043678289654232,,6,1,val,current_repo_v1
3790,151.6,0.3555400117077406,,6,1,val,current_repo_v1
3791,151.64,0.32157427719658394,,6,1,val,current_repo_v1
3792,151.68,0.49910473697409513,,6,1,val,current_repo_v1
3793,151.72,-0.016459349340404817,,6,1,val,current_repo_v1
3794,151.76,-0.09145094070617223,,6,1,val,current_repo_v1
3795,151.8,0.03674647941701991,,6,1,val,current_repo_v1
3796,151.84,-0.22146179106170008,,6,1,val,current_repo_v1
3797,151.88,-0.09890299062163373,,6,1,val,current_repo_v1
3798,151.92,-0.27271835579635767,,6,1,val,current_repo_v1
3799,151.96,-0.13686501768160997,,6,1,val,current_repo_v1
3800,152.0,0.41170241886928827,,6,1,val,current_repo_v1
3801,152.04,0.6017686827331,,6,1,val,current_repo_v1
3802,152.08,0.16536693123285012,,6,1,val,current_repo_v1
3803,152.12,-0.15723754713443833,,6,1,val,current_repo_v1
3804,152.16,-0.16363798733991855,,6,1,val,current_repo_v1
3805,152.2,-0.26594181399022826,,6,1,val,current_repo_v1
3806,152.24,-0.39655320778526487,,6,1,val,current_repo_v1
3807,152.28,0.11924309422435524,,6,1,val,current_repo_v1
3808,152.32,0.09325448405420343,,6,1,val,current_repo_v1
3809,152.36,0.5976343824966843,,6,1,val,current_repo_v1
3810,152.4,-0.004380950608708596,,6,1,val,current_repo_v1
3811,152.44,-0.6195871264940326,,6,1,val,current_repo_v1
3812,152.48,-1.201834699642194,,6,1,val,current_repo_v1
3813,152.52,-0.788601404998433,,6,1,val,current_repo_v1
3814,152.56,-0.5700066538644414,,6,1,val,current_repo_v1
3815,152.6,-0.7088666134960405,,6,1,val,current_repo_v1
3816,152.64,-0.8989225470005262,,6,1,val,current_repo_v1
3817,152.68,-0.750938445319182,,6,1,val,current_repo_v1
3818,152.72,-0.9326829960546376,,6,1,val,current_repo_v1
3819,152.76,-0.43502221375078653,,6,1,val,current_repo_v1
3820,152.8,-0.5851721430904331,,6,1,val,current_repo_v1
3821,152.84,-0.7701467919712587,,6,1,val,current_repo_v1
3822,152.88,-0.01341487592612367,,6,1,val,current_repo_v1
3823,152.92,-0.26459434557173667,,6,1,val,current_repo_v1
3824,152.96,-0.430764992673097,,6,1,val,current_repo_v1
3825,153.0,0.12739738248868443,,6,1,val,current_repo_v1
3826,153.04,-0.1044806890106194,,6,1,val,current_repo_v1
3827,153.08,-0.2642742087796924,,6,1,val,current_repo_v1
3828,153.12,0.24572617034797312,,6,1,val,current_repo_v1
3829,153.16,-0.2143347126855769,,6,1,val,current_repo_v1
3830,153.2,-1.0064686831852707,,6,1,val,current_repo_v1
3831,153.24,-0.9156498682966142,,6,1,val,current_repo_v1
3832,153.28,-0.08255422308219662,,6,1,val,current_repo_v1
3833,153.32,-0.2934310045039671,,6,1,val,current_repo_v1
3834,153.36,0.12766218055450726,,6,1,val,current_repo_v1
3835,153.4,0.2815397870137296,,6,1,val,current_repo_v1
3836,153.44,0.0644015817623593,,6,1,val,current_repo_v1
3837,153.48,0.49014389807935316,,6,1,val,current_repo_v1
3838,153.52,0.16323571201740789,,6,1,val,current_repo_v1
3839,153.56,0.19512476604518714,,6,1,val,current_repo_v1
3840,153.6,0.4113924733071515,,6,1,val,current_repo_v1
3841,153.64,-0.23791078395601284,,6,1,val,current_repo_v1
3842,153.68,-0.4652498190448,,6,1,val,current_repo_v1
3843,153.72,0.16844565657085636,,6,1,val,current_repo_v1
3844,153.76,0.05124953869902168,,6,1,val,current_repo_v1
3845,153.8,-0.10030493690306957,,6,1,val,current_repo_v1
3846,153.84,0.06966971719510918,,6,1,val,current_repo_v1
3847,153.88,-0.48021402278452924,,6,1,val,current_repo_v1
3848,153.92,-0.24973508019593596,,6,1,val,current_repo_v1
3849,153.96,0.13366719756133955,,6,1,val,current_repo_v1
3850,154.0,0.04547225915915049,,6,1,val,current_repo_v1
3851,154.04,0.05110270498893747,,6,1,val,current_repo_v1
3852,154.08,0.27183133618850086,,6,1,val,current_repo_v1
3853,154.12,-0.30921617616010455,,6,1,val,current_repo_v1
3854,154.16,-1.1255605437316805,,6,1,val,current_repo_v1
3855,154.2,-0.22216783807840013,,6,1,val,current_repo_v1
3856,154.24,0.03174472464722866,,6,1,val,current_repo_v1
3857,154.28,-0.18460047770085852,,6,1,val,current_repo_v1
3858,154.32,-0.09328582295572797,,6,1,val,current_repo_v1
3859,154.36,0.6127710371506851,,6,1,val,current_repo_v1
3860,154.4,0.583813822577296,,6,1,val,current_repo_v1
3861,154.44,0.48890794188981573,,6,1,val,current_repo_v1
3862,154.48,0.1819160973085066,,6,1,val,current_repo_v1
3863,154.52,-0.17689853395853455,,6,1,val,current_repo_v1
3864,154.56,-0.6283076193182588,,6,1,val,current_repo_v1
3865,154.6,0.39787862419091896,,6,1,val,current_repo_v1
3866,154.64,0.2637629081665838,,6,1,val,current_repo_v1
3867,154.68,0.9898472393766863,,6,1,val,current_repo_v1
3868,154.72,1.4759947840380991,,6,1,val,current_repo_v1
3869,154.76,1.1836129196969345,,6,1,val,current_repo_v1
3870,154.8,1.135310176864795,,6,1,val,current_repo_v1
3871,154.84,1.02025974766793,,6,1,val,current_repo_v1
3872,154.88,1.5298548427994092,,6,1,val,current_repo_v1
3873,154.92,1.8532762021564364,,6,1,val,current_repo_v1
3874,154.96,1.2721927248531402,,6,1,val,current_repo_v1
3875,155.0,0.8992086666497393,,6,1,val,current_repo_v1
3876,155.04,0.7695792830730628,,6,1,val,current_repo_v1
3877,155.08,1.0748894703725642,,6,1,val,current_repo_v1
3878,155.12,0.886826078835598,,6,1,val,current_repo_v1
3879,155.16,0.7309436000641386,,6,1,val,current_repo_v1
3880,155.2,1.1580871931022416,,6,1,val,current_repo_v1
3881,155.24,0.42220648127439764,,6,1,val,current_repo_v1
3882,155.28,-0.3872558148270917,,6,1,val,current_repo_v1
3883,155.32,-0.40760321402869754,,6,1,val,current_repo_v1
3884,155.36,0.03158959534556443,,6,1,val,current_repo_v1
3885,155.4,-0.2395122331280363,,6,1,val,current_repo_v1
3886,155.44,-0.47230225448788027,,6,1,val,current_repo_v1
3887,155.48,-0.13030191779468742,,6,1,val,current_repo_v1
3888,155.52,0.33784859310592863,,6,1,val,current_repo_v1
3889,155.56,0.5768912992287708,,6,1,val,current_repo_v1
3890,155.6,0.5136544046113054,,6,1,val,current_repo_v1
3891,155.64,0.2170174061337291,,6,1,val,current_repo_v1
3892,155.68,0.20970121609546505,,6,1,val,current_repo_v1
3893,155.72,-0.2296237488352259,,6,1,val,current_repo_v1
3894,155.76,0.9171648485350195,,6,1,val,current_repo_v1
3895,155.8,0.7509808797918346,,6,1,val,current_repo_v1
3896,155.84,1.3619690430087292,,6,1,val,current_repo_v1
3897,155.88,1.2952726258347331,,6,1,val,current_repo_v1
3898,155.92,0.6074619281041773,,6,1,val,current_repo_v1
3899,155.96,0.4185432384667799,,6,1,val,current_repo_v1
3900,156.0,0.6928028003969362,,6,1,val,current_repo_v1
3901,156.04,-0.18760769051773882,,6,1,val,current_repo_v1
3902,156.08,0.04035775738681561,,6,1,val,current_repo_v1
3903,156.12,-0.3718299101119609,,6,1,val,current_repo_v1
3904,156.16,-0.10477839118392526,,6,1,val,current_repo_v1
3905,156.2,-0.13176433319965314,,6,1,val,current_repo_v1
3906,156.24,-0.14596635989789292,,6,1,val,current_repo_v1
3907,156.28,-0.22123706226841475,,6,1,val,current_repo_v1
3908,156.32,-0.5832549397030491,,6,1,val,current_repo_v1
3909,156.36,-0.49897812920323015,,6,1,val,current_repo_v1
3910,156.4,-0.6871958152653493,,6,1,val,current_repo_v1
3911,156.44,-0.6206779011353308,,6,1,val,current_repo_v1
3912,156.48,-0.9477101558562528,,6,1,val,current_repo_v1
3913,156.52,-0.9734930631811037,,6,1,val,current_repo_v1
3914,156.56,-0.6102423599688489,,6,1,val,current_repo_v1
3915,156.6,-0.5652346887205346,,6,1,val,current_repo_v1
3916,156.64,-0.6448146291800999,,6,1,val,current_repo_v1
3917,156.68,-0.24169141721051776,,6,1,val,current_repo_v1
3918,156.72,-0.062012129650531246,,6,1,val,current_repo_v1
3919,156.76,0.22310584861814922,,6,1,val,current_repo_v1
3920,156.8,0.2501544510457489,,6,1,val,current_repo_v1
3921,156.84,-0.1880793566377428,,6,1,val,current_repo_v1
3922,156.88,0.04549165032185852,,6,1,val,current_repo_v1
3923,156.92,0.38171067272204273,,6,1,val,current_repo_v1
3924,156.96,0.6956155102867074,,6,1,val,current_repo_v1
3925,157.0,0.958802318313501,,6,1,val,current_repo_v1
3926,157.04,1.3043984026551458,,6,1,val,current_repo_v1
3927,157.08,2.4328459513860943,,6,1,val,current_repo_v1
3928,157.12,2.3751737465569818,,6,1,val,current_repo_v1
3929,157.16,1.6772605139232026,,6,1,val,current_repo_v1
3930,157.2,1.4696813692839112,,6,1,val,current_repo_v1
3931,157.24,0.9786664514798327,,6,1,val,current_repo_v1
3932,157.28,0.2714716866415932,,6,1,val,current_repo_v1
3933,157.32,0.5990085637635343,,6,1,val,current_repo_v1
3934,157.36,0.4508823413811586,,6,1,val,current_repo_v1
3935,157.4,0.5554412993852914,,6,1,val,current_repo_v1
3936,157.44,0.6801721448295508,,6,1,val,current_repo_v1
3937,157.48,-0.09105708271348278,,6,1,val,current_repo_v1
3938,157.52,-0.09410006918210337,,6,1,val,current_repo_v1
3939,157.56,0.06783188714099828,,6,1,val,current_repo_v1
3940,157.6,0.6290779093439666,,6,1,val,current_repo_v1
3941,157.64,1.201911499081224,,6,1,val,current_repo_v1
3942,157.68,0.9684251349816227,,6,1,val,current_repo_v1
3943,157.72,1.098759348192587,,6,1,val,current_repo_v1
3944,157.76,0.6626316120821378,,6,1,val,current_repo_v1
3945,157.8,0.7466540244401693,,6,1,val,current_repo_v1
3946,157.84,0.44819693490934503,,6,1,val,current_repo_v1
3947,157.88,0.43684230480403446,,6,1,val,current_repo_v1
3948,157.92,-0.054684878823493814,,6,1,val,current_repo_v1
3949,157.96,-0.5563248059753303,,6,1,val,current_repo_v1
3950,158.0,-0.6634706320406007,,6,1,val,current_repo_v1
3951,158.04,-0.503771624624655,,6,1,val,current_repo_v1
3952,158.08,-0.40166551826925784,,6,1,val,current_repo_v1
3953,158.12,-0.2882639465937814,,6,1,val,current_repo_v1
3954,158.16,-0.27394780768557864,,6,1,val,current_repo_v1
3955,158.2,-0.35007062557108276,,6,1,val,current_repo_v1
3956,158.24,-0.6477707119356694,,6,1,val,current_repo_v1
3957,158.28,-0.6087024755645263,,6,1,val,current_repo_v1
3958,158.32,-0.44491619365562896,,6,1,val,current_repo_v1
3959,158.36,-0.243707889438025,,6,1,val,current_repo_v1
3960,158.4,0.04131874167179996,,6,1,val,current_repo_v1
3961,158.44,0.4899795166713565,,6,1,val,current_repo_v1
3962,158.48,0.6942278334662599,,6,1,val,current_repo_v1
3963,158.52,1.155085336767975,,6,1,val,current_repo_v1
3964,158.56,1.0659608399382126,,6,1,val,current_repo_v1
3965,158.6,1.0947728729633628,,6,1,val,current_repo_v1
3966,158.64,0.9541889259243672,,6,1,val,current_repo_v1
3967,158.68,0.6662752724240971,,6,1,val,current_repo_v1
3968,158.72,-0.02744459083951039,,6,1,val,current_repo_v1
3969,158.76,0.08862900479683453,,6,1,val,current_repo_v1
3970,158.8,0.31033742014406157,,6,1,val,current_repo_v1
3971,158.84,0.2792339255956739,,6,1,val,current_repo_v1
3972,158.88,0.4170562928062091,,6,1,val,current_repo_v1
3973,158.92,0.38945590310470773,,6,1,val,current_repo_v1
3974,158.96,0.6304160560914164,,6,1,val,current_repo_v1
3975,159.0,0.40607619909558923,,6,1,val,current_repo_v1
3976,159.04,-0.10818880105571403,,6,1,val,current_repo_v1
3977,159.08,0.17607530518907513,,6,1,val,current_repo_v1
3978,159.12,0.18173415081142016,,6,1,val,current_repo_v1
3979,159.16,-0.040453017560567385,,6,1,val,current_repo_v1
3980,159.2,-0.22501560858164166,,6,1,val,current_repo_v1
3981,159.24,-0.1985277324930844,,6,1,val,current_repo_v1
3982,159.28,-0.4021449582455224,,6,1,val,current_repo_v1
3983,159.32,-1.0349370665466444,,6,1,val,current_repo_v1
3984,159.36,-1.1529435784990787,,6,1,val,current_repo_v1
3985,159.4,-0.5366246020463851,,6,1,val,current_repo_v1
3986,159.44,-0.18643776862847264,,6,1,val,current_repo_v1
3987,159.48,-0.005861165883657892,,6,1,val,current_repo_v1
3988,159.52,-0.46872614147861874,,6,1,val,current_repo_v1
3989,159.56,-0.6545300364762553,,6,1,val,current_repo_v1
3990,159.6,-0.15933944482492476,,6,1,val,current_repo_v1
3991,159.64,-0.3262586255891696,,6,1,val,current_repo_v1
3992,159.68,-0.44340016994658477,,6,1,val,current_repo_v1
3993,159.72,-0.8549272509661668,,6,1,val,current_repo_v1
3994,159.76,-0.7695183443877454,,6,1,val,current_repo_v1
3995,159.8,-0.8920528928310437,,6,1,val,current_repo_v1
3996,159.84,-0.7272121490590852,,6,1,val,current_repo_v1
3997,159.88,-0.4004522053925867,,6,1,val,current_repo_v1
3998,159.92,0.02293351944211886,,6,1,val,current_repo_v1
3999,159.96,0.7619094956175972,,6,1,val,current_repo_v1
4000,160.0,0.08140029238047304,,6,1,val,current_repo_v1
4001,160.04,-0.12439276965281297,,6,1,val,current_repo_v1
4002,160.08,-0.5478494244042044,,6,1,val,current_repo_v1
4003,160.12,-0.7828107690343827,,6,1,val,current_repo_v1
4004,160.16,-0.9294940802171532,,6,1,val,current_repo_v1
4005,160.2,-0.667731957436137,,6,1,val,current_repo_v1
4006,160.24,-0.18216167812339457,,6,1,val,current_repo_v1
4007,160.28,0.02905183996916892,,6,1,val,current_repo_v1
4008,160.32,-0.35309989040080053,,6,1,val,current_repo_v1
4009,160.36,-0.0304459602208123,,6,1,val,current_repo_v1
4010,160.4,0.09022474966269811,,6,1,val,current_repo_v1
4011,160.44,1.0923038823020772,,6,1,val,current_repo_v1
4012,160.48,1.216392923738644,,6,1,val,current_repo_v1
4013,160.52,0.835436888982724,,6,1,val,current_repo_v1
4014,160.56,0.9033680101814908,,6,1,val,current_repo_v1
4015,160.6,0.9591547331306449,,6,1,val,current_repo_v1
4016,160.64,0.8194705360413019,,6,1,val,current_repo_v1
4017,160.68,1.1560467210500376,,6,1,val,current_repo_v1
4018,160.72,1.2033729144934942,,6,1,val,current_repo_v1
4019,160.76,0.999976765387105,,6,1,val,current_repo_v1
4020,160.8,0.3897272402532016,,6,1,val,current_repo_v1
4021,160.84,-0.0177596528860137,,6,1,val,current_repo_v1
4022,160.88,-0.5412379596531642,,6,1,val,current_repo_v1
4023,160.92,-0.2966668417378516,,6,1,val,current_repo_v1
4024,160.96,-0.05945444398493089,,6,1,val,current_repo_v1
4025,161.0,-0.3004716835111813,,6,1,val,current_repo_v1
4026,161.04,-0.844121277722841,,6,1,val,current_repo_v1
4027,161.08,-1.3097799285640002,,6,1,val,current_repo_v1
4028,161.12,-0.8521508538546327,,6,1,val,current_repo_v1
4029,161.16,-1.4483035776086506,,6,1,val,current_repo_v1
4030,161.2,-1.0791184481782916,,6,1,val,current_repo_v1
4031,161.24,-0.18370897116925408,,6,1,val,current_repo_v1
4032,161.28,1.0749186875504562,,6,1,val,current_repo_v1
4033,161.32,0.9277925969932046,,6,1,val,current_repo_v1
4034,161.36,0.5627920630840609,,6,1,val,current_repo_v1
4035,161.4,0.19219664830274283,,6,1,val,current_repo_v1
4036,161.44,0.15578407949020198,,6,1,val,current_repo_v1
4037,161.48,0.03767755087701968,,6,1,val,current_repo_v1
4038,161.52,0.17588570657396937,,6,1,val,current_repo_v1
4039,161.56,-0.039390138367684964,,6,1,val,current_repo_v1
4040,161.6,0.4200634012760255,,6,1,val,current_repo_v1
4041,161.64,0.5795394885811269,,6,1,val,current_repo_v1
4042,161.68,0.7763692856504353,,6,1,val,current_repo_v1
4043,161.72,0.9635070491659018,,6,1,val,current_repo_v1
4044,161.76,0.9648762217736845,,6,1,val,current_repo_v1
4045,161.8,1.1771823579723417,,6,1,val,current_repo_v1
4046,161.84,1.387354040196576,,6,1,val,current_repo_v1
4047,161.88,1.7259040542660384,,6,1,val,current_repo_v1
4048,161.92,1.6737001921029446,,6,1,val,current_repo_v1
4049,161.96,1.6495757074470065,,6,1,val,current_repo_v1
4050,162.0,1.7631626342903235,,6,1,val,current_repo_v1
4051,162.04,1.0515381278954137,,6,1,val,current_repo_v1
4052,162.08,0.6087508230374665,,6,1,val,current_repo_v1
4053,162.12,0.5033452625215608,,6,1,val,current_repo_v1
4054,162.16,0.7826201617309926,,6,1,val,current_repo_v1
4055,162.2,1.044045313060322,,6,1,val,current_repo_v1
4056,162.24,1.24334563121452,,6,1,val,current_repo_v1
4057,162.28,1.0509162193945714,,6,1,val,current_repo_v1
4058,162.32,0.8726024609907197,,6,1,val,current_repo_v1
4059,162.36,1.1192538071895823,,6,1,val,current_repo_v1
4060,162.4,1.3199516803529434,,6,1,val,current_repo_v1
4061,162.44,1.3482005174918723,,6,1,val,current_repo_v1
4062,162.48,1.4089714127305506,,6,1,val,current_repo_v1
4063,162.52,1.6486557837316667,,6,1,val,current_repo_v1
4064,162.56,1.5267875956384318,,6,1,val,current_repo_v1
4065,162.6,1.489613884559452,,6,1,val,current_repo_v1
4066,162.64,1.3021036020258634,,6,1,val,current_repo_v1
4067,162.68,0.9852952726258347,,6,1,val,current_repo_v1
4068,162.72,0.7177814701179575,,6,1,val,current_repo_v1
4069,162.76,0.30005895609110333,,6,1,val,current_repo_v1
4070,162.8,0.22612819175929497,,6,1,val,current_repo_v1
4071,162.84,-0.28330426108191903,,6,1,val,current_repo_v1
4072,162.88,-0.6749524959991596,,6,1,val,current_repo_v1
4073,162.92,-0.8416691912859071,,6,1,val,current_repo_v1
4074,162.96,-0.18838519788203287,,6,1,val,current_repo_v1
4075,163.0,0.14759561756244563,,6,1,val,current_repo_v1
4076,163.04,0.02431260502097202,,6,1,val,current_repo_v1
4077,163.08,0.06556319066886816,,6,1,val,current_repo_v1
4078,163.12,0.7867748444272233,,6,1,val,current_repo_v1
4079,163.16,0.6794857498432185,,6,1,val,current_repo_v1
4080,163.2,1.096613416041135,,6,1,val,current_repo_v1
4081,163.24,1.022681573456333,,6,1,val,current_repo_v1
4082,163.28,0.9814276834847467,,6,1,val,current_repo_v1
4083,163.32,1.1366085325985444,,6,1,val,current_repo_v1
4084,163.36,1.7769904289394756,,6,1,val,current_repo_v1
4085,163.4,1.6972759503321888,,6,1,val,current_repo_v1
4086,163.44,0.9714658084236603,,6,1,val,current_repo_v1
4087,163.48,0.041627869848602846,,6,1,val,current_repo_v1
4088,163.52,0.30652990012942516,,6,1,val,current_repo_v1
4089,163.56,0.33310612339875084,,6,1,val,current_repo_v1
4090,163.6,-0.2637712907140504,,6,1,val,current_repo_v1
4091,163.64,-0.08335795634188412,,6,1,val,current_repo_v1
4092,163.68,0.41108471903335664,,6,1,val,current_repo_v1
4093,163.72,0.7146365191767295,,6,1,val,current_repo_v1
4094,163.76,1.0199152632276425,,6,1,val,current_repo_v1
4095,163.8,1.4441856250789125,,6,1,val,current_repo_v1
4096,163.84,1.4655481125181347,,6,1,val,current_repo_v1
4097,163.88,1.1314508659241098,,6,1,val,current_repo_v1
4098,163.92,1.1589972386288656,,6,1,val,current_repo_v1
4099,163.96,0.7002310591818286,,6,1,val,current_repo_v1
4100,164.0,0.3140613581605143,,6,1,val,current_repo_v1
4101,164.04,-0.024248396794319067,,6,1,val,current_repo_v1
4102,164.08,0.6368231745089862,,6,1,val,current_repo_v1
4103,164.12,0.5595704518332214,,6,1,val,current_repo_v1
4104,164.16,0.70023092005241,,6,1,val,current_repo_v1
4105,164.2,0.6499793914548798,,6,1,val,current_repo_v1
4106,164.24,0.30907600327093265,,6,1,val,current_repo_v1
4107,164.28,0.339109870849639,,6,1,val,current_repo_v1
4108,164.32,0.5212222102029863,,6,1,val,current_repo_v1
4109,164.36,0.6774978687112199,,6,1,val,current_repo_v1
4110,164.4,0.5555211596715294,,6,1,val,current_repo_v1
4111,164.44,1.0488577996473765,,6,1,val,current_repo_v1
4112,164.48,0.6555665506443257,,6,1,val,current_repo_v1
4113,164.52,0.6422618826088574,,6,1,val,current_repo_v1
4114,164.56,1.0097637547690956,,6,1,val,current_repo_v1
4115,164.6,1.4081324623367968,,6,1,val,current_repo_v1
4116,164.64,1.6680459725337657,,6,1,val,current_repo_v1
4117,164.68,1.2723449324370153,,6,1,val,current_repo_v1
4118,164.72,1.4661669601717693,,6,1,val,current_repo_v1
4119,164.76,1.1824859714068177,,6,1,val,current_repo_v1
4120,164.8,1.3883285026439807,,6,1,val,current_repo_v1
4121,164.84,1.306388509857841,,6,1,val,current_repo_v1
4122,164.88,1.2066463514527372,,6,1,val,current_repo_v1
4123,164.92,1.5849904400698291,,6,1,val,current_repo_v1
4124,164.96,1.5199143241040673,,6,1,val,current_repo_v1
4125,165.0,1.3489028427966265,,6,1,val,current_repo_v1
4126,165.04,0.9861402055845853,,6,1,val,current_repo_v1
4127,165.08,0.5245427424704028,,6,1,val,current_repo_v1
4128,165.12,0.2360668669898411,,6,1,val,current_repo_v1
4129,165.16,-0.03612459700294363,,6,1,val,current_repo_v1
4130,165.2,0.7194210407506588,,6,1,val,current_repo_v1
4131,165.24,1.2054720991603192,,6,1,val,current_repo_v1
4132,165.28,1.5463010531053512,,6,1,val,current_repo_v1
4133,165.32,1.271376035166352,,6,1,val,current_repo_v1
4134,165.36,0.8253753276932586,,6,1,val,current_repo_v1
4135,165.4,0.7856554091257073,,6,1,val,current_repo_v1
4136,165.44,1.0277227888074556,,6,1,val,current_repo_v1
4137,165.48,1.6430686245422208,,6,1,val,current_repo_v1
4138,165.52,1.6407181721455253,,6,1,val,current_repo_v1
4139,165.56,1.4832573396855189,,6,1,val,current_repo_v1
4140,165.6,1.4480381186780897,,6,1,val,current_repo_v1
4141,165.64,1.5748732270129504,,6,1,val,current_repo_v1
4142,165.68,1.0735741408497539,,6,1,val,current_repo_v1
4143,165.72,1.2017537263206077,,6,1,val,current_repo_v1
4144,165.76,1.451236425751325,,6,1,val,current_repo_v1
4145,165.8,1.1602364643597385,,6,1,val,current_repo_v1
4146,165.84,1.2336396847188247,,6,1,val,current_repo_v1
4147,165.88,1.5524316518035868,,6,1,val,current_repo_v1
4148,165.92,1.4437551586579715,,6,1,val,current_repo_v1
4149,165.96,1.5570752352765422,,6,1,val,current_repo_v1
4150,166.0,1.673068544542805,,6,1,val,current_repo_v1
4151,166.04,2.138905002780849,,6,1,val,current_repo_v1
4152,166.08,1.7305362291266742,,6,1,val,current_repo_v1
4153,166.12,1.5445121270418547,,6,1,val,current_repo_v1
4154,166.16,1.3850728742503098,,6,1,val,current_repo_v1
4155,166.2,0.9214266608835205,,6,1,val,current_repo_v1
4156,166.24,0.321228123203274,,6,1,val,current_repo_v1
4157,166.28,0.19281466117986618,,6,1,val,current_repo_v1
4158,166.32,0.5571066785251307,,6,1,val,current_repo_v1
4159,166.36,0.5520837586925452,,6,1,val,current_repo_v1
4160,166.4,1.2307416189307834,,6,1,val,current_repo_v1
4161,166.44,1.8138165947309601,,6,1,val,current_repo_v1
4162,166.48,2.189318269327424,,6,1,val,current_repo_v1
4163,166.52,2.5483951595484,,6,1,val,current_repo_v1
4164,166.56,2.2337673359603287,,6,1,val,current_repo_v1
4165,166.6,2.3151544284372183,,6,1,val,current_repo_v1
4166,166.64,1.8367434533521667,,6,1,val,current_repo_v1
4167,166.68,1.298803173959425,,6,1,val,current_repo_v1
4168,166.72,0.38922084395209633,,6,1,val,current_repo_v1
4169,166.76,0.9724667054605862,,6,1,val,current_repo_v1
4170,166.8,0.9380657045635493,,6,1,val,current_repo_v1
4171,166.84,0.5285641391836791,,6,1,val,current_repo_v1
4172,166.88,0.4930476681735542,,6,1,val,current_repo_v1
4173,166.92,0.5961672627782545,,6,1,val,current_repo_v1
4174,166.96,0.5972083682171365,,6,1,val,current_repo_v1
4175,167.0,0.5826679526862586,,6,1,val,current_repo_v1
4176,167.04,0.5374504742747966,,6,1,val,current_repo_v1
4177,167.08,0.20824793975417918,,6,1,val,current_repo_v1
4178,167.12,0.3941743729871886,,6,1,val,current_repo_v1
4179,167.16,0.5509568799671376,,6,1,val,current_repo_v1
4180,167.2,0.8071419304415516,,6,1,val,current_repo_v1
4181,167.24,0.31080228631373474,,6,1,val,current_repo_v1
4182,167.28,0.04707508223418194,,6,1,val,current_repo_v1
4183,167.32,0.4209010995050123,,6,1,val,current_repo_v1
4184,167.36,0.4112165441574166,,6,1,val,current_repo_v1
4185,167.4,0.24021681928584174,,6,1,val,current_repo_v1
4186,167.44,0.4384402061758853,,6,1,val,current_repo_v1
4187,167.48,0.6511984434200655,,6,1,val,current_repo_v1
4188,167.52,0.7918728245811074,,6,1,val,current_repo_v1
4189,167.56,0.5659930136162483,,6,1,val,current_repo_v1
4190,167.6,0.5401987672437871,,6,1,val,current_repo_v1
4191,167.64,0.7529112309092699,,6,1,val,current_repo_v1
4192,167.68,0.8078297862867784,,6,1,val,current_repo_v1
4193,167.72,0.7538399893426866,,6,1,val,current_repo_v1
4194,167.76,0.7619847646330236,,6,1,val,current_repo_v1
4195,167.8,0.5763820855569403,,6,1,val,current_repo_v1
4196,167.84,0.4250975558091576,,6,1,val,current_repo_v1
4197,167.88,0.4912732811342943,,6,1,val,current_repo_v1
4198,167.92,0.13782222808111663,,6,1,val,current_repo_v1
4199,167.96,0.3815372479018414,,6,1,val,current_repo_v1
4200,168.0,0.801459328470992,,6,1,val,current_repo_v1
4201,168.04,1.0192688679491384,,6,1,val,current_repo_v1
4202,168.08,0.7790359096507469,,6,1,val,current_repo_v1
4203,168.12,0.36411372299541467,,6,1,val,current_repo_v1
4204,168.16,0.22323996937761498,,6,1,val,current_repo_v1
4205,168.2,-0.05407865716459115,,6,1,val,current_repo_v1
4206,168.24,0.15673996816023256,,6,1,val,current_repo_v1
4207,168.28,0.5732666300524414,,6,1,val,current_repo_v1
4208,168.32,0.9102977682597797,,6,1,val,current_repo_v1
4209,168.36,0.17573311638419337,,6,1,val,current_repo_v1
4210,168.4,-0.08153803920040932,,6,1,val,current_repo_v1
4211,168.44,0.1525243467786844,,6,1,val,current_repo_v1
4212,168.48,-0.08388560466167029,,6,1,val,current_repo_v1
4213,168.52,0.43823457289529366,,6,1,val,current_repo_v1
4214,168.56,0.786880513220599,,6,1,val,current_repo_v1
4215,168.6,0.9348523715131124,,6,1,val,current_repo_v1
4216,168.64,1.020852021602625,,6,1,val,current_repo_v1
4217,168.68,0.8782865933848831,,6,1,val,current_repo_v1
4218,168.72,0.863953898075875,,6,1,val,current_repo_v1
4219,168.76,0.3862691089908561,,6,1,val,current_repo_v1
4220,168.8,-0.4267090222993154,,6,1,val,current_repo_v1
4221,168.84,0.07115852371165289,,6,1,val,current_repo_v1
4222,168.88,0.15067587332405571,,6,1,val,current_repo_v1
4223,168.92,0.7271513495031863,,6,1,val,current_repo_v1
4224,168.96,0.936546272183751,,6,1,val,current_repo_v1
4225,169.0,0.6643500690951475,,6,1,val,current_repo_v1
4226,169.04,0.6148668131467562,,6,1,val,current_repo_v1
4227,169.08,0.8761538089634824,,6,1,val,current_repo_v1
4228,169.12,0.9974937226545476,,6,1,val,current_repo_v1
4229,169.16,0.48332933915960963,,6,1,val,current_repo_v1
4230,169.2,0.1330044893585125,,6,1,val,current_repo_v1
4231,169.24,0.5878609582330008,,6,1,val,current_repo_v1
4232,169.28,0.6426082452962952,,6,1,val,current_repo_v1
4233,169.32,0.591009387409692,,6,1,val,current_repo_v1
4234,169.36,0.20224520099157536,,6,1,val,current_repo_v1
4235,169.4,-0.3195199965495904,,6,1,val,current_repo_v1
4236,169.44,0.030180857809386435,,6,1,val,current_repo_v1
4237,169.48,-0.2973246456286754,,6,1,val,current_repo_v1
4238,169.52,-0.4144842768104998,,6,1,val,current_repo_v1
4239,169.56,0.09070632875377257,,6,1,val,current_repo_v1
4240,169.6,0.27918571725215224,,6,1,val,current_repo_v1
4241,169.64,0.7744994558300617,,6,1,val,current_repo_v1
4242,169.68,0.7909338401354286,,6,1,val,current_repo_v1
4243,169.72,0.9284885919094156,,6,1,val,current_repo_v1
4244,169.76,1.0221096124167441,,6,1,val,current_repo_v1
4245,169.8,0.5351743865523069,,6,1,val,current_repo_v1
4246,169.84,1.1406701377137767,,6,1,val,current_repo_v1
4247,169.88,1.1045986098884146,,6,1,val,current_repo_v1
4248,169.92,1.0561462333666432,,6,1,val,current_repo_v1
4249,169.96,0.9571329044205242,,6,1,val,current_repo_v1
4250,170.0,0.8193086589628389,,6,1,val,current_repo_v1
4251,170.04,0.8915139750283563,,6,1,val,current_repo_v1
4252,170.08,0.7003631625647256,,6,1,val,current_repo_v1
4253,170.12,-0.7162987679046519,,6,1,val,current_repo_v1
4254,170.16,-1.9832859655633819,,6,1,val,current_repo_v1
4255,170.2,-2.3073701374703,,6,1,val,current_repo_v1
4256,170.24,-1.9833310434949867,,6,1,val,current_repo_v1
4257,170.28,-2.010158256235346,,6,1,val,current_repo_v1
4258,170.32,-1.5549103815241698,,6,1,val,current_repo_v1
4259,170.36,-1.1318644976854082,,6,1,val,current_repo_v1
4260,170.4,-0.5099618750610865,,6,1,val,current_repo_v1
4261,170.44,0.21642088875176912,,6,1,val,current_repo_v1
4262,170.48,0.4654681131024782,,6,1,val,current_repo_v1
4263,170.52,0.706367083927387,,6,1,val,current_repo_v1
4264,170.56,0.33046645572327993,,6,1,val,current_repo_v1
4265,170.6,0.22733774814166574,,6,1,val,current_repo_v1
4266,170.64,0.5551681883367113,,6,1,val,current_repo_v1
4267,170.68,0.9292526211112893,,6,1,val,current_repo_v1
4268,170.72,1.3626443772062882,,6,1,val,current_repo_v1
4269,170.76,1.2251455554585515,,6,1,val,current_repo_v1
4270,170.8,1.1410772303924042,,6,1,val,current_repo_v1
4271,170.84,0.8461009502191462,,6,1,val,current_repo_v1
4272,170.88,0.7886670045192713,,6,1,val,current_repo_v1
4273,170.92,0.9112150485161674,,6,1,val,current_repo_v1
4274,170.96,1.267157631196433,,6,1,val,current_repo_v1
4275,171.0,1.0743998739487468,,6,1,val,current_repo_v1
4276,171.04,1.329938111756401,,6,1,val,current_repo_v1
4277,171.08,1.3776567197248297,,6,1,val,current_repo_v1
4278,171.12,1.3293334553034568,,6,1,val,current_repo_v1
4279,171.16,1.5339012828080212,,6,1,val,current_repo_v1
4280,171.2,1.4175114546989396,,6,1,val,current_repo_v1
4281,171.24,1.277568407326416,,6,1,val,current_repo_v1
4282,171.28,0.9883062419370154,,6,1,val,current_repo_v1
4283,171.32,1.1560252951195835,,6,1,val,current_repo_v1
4284,171.36,1.1701855395143201,,6,1,val,current_repo_v1
4285,171.4,1.2721637859340853,,6,1,val,current_repo_v1
4286,171.44,1.050958653867224,,6,1,val,current_repo_v1
4287,171.48,0.9815794736803661,,6,1,val,current_repo_v1
4288,171.52,0.929000101216652,,6,1,val,current_repo_v1
4289,171.56,1.1691353906632334,,6,1,val,current_repo_v1
4290,171.6,0.46682532058026704,,6,1,val,current_repo_v1
4291,171.64,0.13060542862121702,,6,1,val,current_repo_v1
4292,171.68,0.13899239344686526,,6,1,val,current_repo_v1
4293,171.72,0.7494912211076024,,6,1,val,current_repo_v1
4294,171.76,0.611252439547398,,6,1,val,current_repo_v1
4295,171.8,0.732178512783037,,6,1,val,current_repo_v1
4296,171.84,0.8608149296996439,,6,1,val,current_repo_v1
4297,171.88,1.0898383698762548,,6,1,val,current_repo_v1
4298,171.92,1.0293949852888031,,6,1,val,current_repo_v1
4299,171.96,0.7401042288038939,,6,1,val,current_repo_v1
4300,172.0,0.5529273699218197,,6,1,val,current_repo_v1
4301,172.04,0.21578207602657512,,6,1,val,current_repo_v1
4302,172.08,-0.3187161415516617,,6,1,val,current_repo_v1
4303,172.12,0.07603636634306324,,6,1,val,current_repo_v1
4304,172.16,0.5847410505871088,,6,1,val,current_repo_v1
4305,172.2,0.5249161658297452,,6,1,val,current_repo_v1
4306,172.24,0.15008325156581465,,6,1,val,current_repo_v1
4307,172.28,-0.15776566501601205,,6,1,val,current_repo_v1
4308,172.32,0.13198437507065167,,6,1,val,current_repo_v1
4309,172.36,0.020714735648887435,,6,1,val,current_repo_v1
4310,172.4,0.5357262433909178,,6,1,val,current_repo_v1
4311,172.44,0.8036218865879589,,6,1,val,current_repo_v1
4312,172.48,0.9759601060305299,,6,1,val,current_repo_v1
4313,172.52,0.2085757286642428,,6,1,val,current_repo_v1
4314,172.56,-0.5618192701896786,,6,1,val,current_repo_v1
4315,172.6,-1.089929777904231,,6,1,val,current_repo_v1
4316,172.64,-0.8986446359870067,,6,1,val,current_repo_v1
4317,172.68,-0.8764154418350335,,6,1,val,current_repo_v1
4318,172.72,-0.4165130619915472,,6,1,val,current_repo_v1
4319,172.76,0.3095096001037905,,6,1,val,current_repo_v1
4320,172.8,0.29021314974742796,,6,1,val,current_repo_v1
4321,172.84,1.2069485405497908,,6,1,val,current_repo_v1
4322,172.88,1.3410642913564805,,6,1,val,current_repo_v1
4323,172.92,0.7184956909879963,,6,1,val,current_repo_v1
4324,172.96,0.6246520634110151,,6,1,val,current_repo_v1
4325,173.0,0.7610572583643737,,6,1,val,current_repo_v1
4326,173.04,0.5266781703507557,,6,1,val,current_repo_v1
4327,173.08,0.554361724662185,,6,1,val,current_repo_v1
4328,173.12,0.21865471591337943,,6,1,val,current_repo_v1
4329,173.16,-0.1340218819271233,,6,1,val,current_repo_v1
4330,173.2,0.27431103981501354,,6,1,val,current_repo_v1
4331,173.24,-0.0020830108719205867,,6,1,val,current_repo_v1
4332,173.28,0.1437015242671271,,6,1,val,current_repo_v1
4333,173.32,0.5491796407747979,,6,1,val,current_repo_v1
4334,173.36,1.0721956465709295,,6,1,val,current_repo_v1
4335,173.4,1.6464914864969682,,6,1,val,current_repo_v1
4336,173.44,0.9631767559263046,,6,1,val,current_repo_v1
4337,173.48,0.4988403215141733,,6,1,val,current_repo_v1
4338,173.52,0.2273548610601453,,6,1,val,current_repo_v1
4339,173.56,0.3756720385694574,,6,1,val,current_repo_v1
4340,173.6,0.7199343587403362,,6,1,val,current_repo_v1
4341,173.64,1.2246936631071563,,6,1,val,current_repo_v1
4342,173.68,1.5646327452912518,,6,1,val,current_repo_v1
4343,173.72,2.0030576472310986,,6,1,val,current_repo_v1
4344,173.76,1.5000263302424575,,6,1,val,current_repo_v1
4345,173.8,0.6338011444090321,,6,1,val,current_repo_v1
4346,173.84,0.654215117037406,,6,1,val,current_repo_v1
4347,173.88,0.05795124626915769,,6,1,val,current_repo_v1
4348,173.92,0.22721907074765715,,6,1,val,current_repo_v1
4349,173.96,-0.27670898751696077,,6,1,val,current_repo_v1
4350,174.0,0.04279493958478912,,6,1,val,current_repo_v1
4351,174.04,0.7008436460116292,,6,1,val,current_repo_v1
4352,174.08,1.4007772464966344,,6,1,val,current_repo_v1
4353,174.12,0.936495350816568,,6,1,val,current_repo_v1
4354,174.16,1.2607857820864612,,6,1,val,current_repo_v1
4355,174.2,0.9943726324085981,,6,1,val,current_repo_v1
4356,174.24,1.312149302561616,,6,1,val,current_repo_v1
4357,174.28,0.9008707762482431,,6,1,val,current_repo_v1
4358,174.32,0.7374140223671409,,6,1,val,current_repo_v1
4359,174.36,0.1478007986724271,,6,1,val,current_repo_v1
4360,174.4,0.08203461818191937,,6,1,val,current_repo_v1
4361,174.44,0.9958448303508044,,6,1,val,current_repo_v1
4362,174.48,1.1633453112168572,,6,1,val,current_repo_v1
4363,174.52,1.1706054320994526,,6,1,val,current_repo_v1
4364,174.56,0.8880393569299146,,6,1,val,current_repo_v1
4365,174.6,0.5550781020382112,,6,1,val,current_repo_v1
4366,174.64,0.3453658599363274,,6,1,val,current_repo_v1
4367,174.68,0.2375728385983963,,6,1,val,current_repo_v1
4368,174.72,0.4629705313456841,,6,1,val,current_repo_v1
4369,174.76,0.530491290324488,,6,1,val,current_repo_v1
4370,174.8,0.9890112802654311,,6,1,val,current_repo_v1
4371,174.84,1.405852131167042,,6,1,val,current_repo_v1
4372,174.88,1.232704456767446,,6,1,val,current_repo_v1
4373,174.92,1.6487200615230289,,6,1,val,current_repo_v1
4374,174.96,1.3695168139641414,,6,1,val,current_repo_v1
4375,175.0,1.0111404403654791,,6,1,val,current_repo_v1
4376,175.04,1.1156671899092214,,6,1,val,current_repo_v1
4377,175.08,1.091207403354619,,6,1,val,current_repo_v1
4378,175.12,1.3079434202393652,,6,1,val,current_repo_v1
4379,175.16,1.4045974620707118,,6,1,val,current_repo_v1
4380,175.2,1.8601358390077847,,6,1,val,current_repo_v1
4381,175.24,1.2832204008248984,,6,1,val,current_repo_v1
4382,175.28,0.3756909949527325,,6,1,val,current_repo_v1
4383,175.32,0.047454870764422244,,6,1,val,current_repo_v1
4384,175.36,-0.17528037186510986,,6,1,val,current_repo_v1
4385,175.4,0.6452911474385752,,6,1,val,current_repo_v1
4386,175.44,2.277733623510924,,6,1,val,current_repo_v1
4387,175.48,0.7511383047289046,,6,1,val,current_repo_v1
4388,175.52,-0.7622140499147658,,6,1,val,current_repo_v1
4389,175.56,-0.7201400615856371,,6,1,val,current_repo_v1
4390,175.6,0.4039021280192388,,6,1,val,current_repo_v1
4391,175.64,-0.24920496232897082,,6,1,val,current_repo_v1
4392,175.68,-0.8351159174141685,,6,1,val,current_repo_v1
4393,175.72,-1.2417333995125601,,6,1,val,current_repo_v1
4394,175.76,-1.1631017651697153,,6,1,val,current_repo_v1
4395,175.8,-1.1074227283905056,,6,1,val,current_repo_v1
4396,175.84,-0.24720069870793987,,6,1,val,current_repo_v1
4397,175.88,-0.31396991535018354,,6,1,val,current_repo_v1
4398,175.92,-0.6496600198746374,,6,1,val,current_repo_v1
4399,175.96,-0.8186040380226788,,6,1,val,current_repo_v1
4400,176.0,-0.9061907373893965,,6,1,val,current_repo_v1
4401,176.04,-1.115635468401796,,6,1,val,current_repo_v1
4402,176.08,-0.8208839518041782,,6,1,val,current_repo_v1
4403,176.12,-0.43122140673059434,,6,1,val,current_repo_v1
4404,176.16,0.06175454022770616,,6,1,val,current_repo_v1
4405,176.2,0.1078132124947957,,6,1,val,current_repo_v1
4406,176.24,0.7725392614523511,,6,1,val,current_repo_v1
4407,176.28,0.684239245556815,,6,1,val,current_repo_v1
4408,176.32,0.4052704658505103,,6,1,val,current_repo_v1
4409,176.36,0.2117487141833051,,6,1,val,current_repo_v1
4410,176.4,0.35083138523162094,,6,1,val,current_repo_v1
4411,176.44,0.6284621225375397,,6,1,val,current_repo_v1
4412,176.48,0.8093708532911585,,6,1,val,current_repo_v1
4413,176.52,1.1573715113733083,,6,1,val,current_repo_v1
4414,176.56,0.5423649427256357,,6,1,val,current_repo_v1
4415,176.6,0.03822279906825028,,6,1,val,current_repo_v1
4416,176.64,-0.24297436436116468,,6,1,val,current_repo_v1
4417,176.68,-0.38984334375296736,,6,1,val,current_repo_v1
4418,176.72,0.05460812286240692,,6,1,val,current_repo_v1
4419,176.76,0.19762544343154362,,6,1,val,current_repo_v1
4420,176.8,-0.11121138767334221,,6,1,val,current_repo_v1
4421,176.84,0.15365508634545627,,6,1,val,current_repo_v1
4422,176.88,0.5026060679208952,,6,1,val,current_repo_v1
4423,176.92,0.13318934018221085,,6,1,val,current_repo_v1
4424,176.96,-0.13939791222394549,,6,1,val,current_repo_v1
4425,177.0,0.2834043646985535,,6,1,val,current_repo_v1
4426,177.04,0.05695608832074618,,6,1,val,current_repo_v1
4427,177.08,-0.1526382242077536,,6,1,val,current_repo_v1
4428,177.12,0.04984742720140131,,6,1,val,current_repo_v1
4429,177.16,1.2966850676916795,,6,1,val,current_repo_v1
4430,177.2,1.3278667529732826,,6,1,val,current_repo_v1
4431,177.24,0.7382035122526062,,6,1,val,current_repo_v1
4432,177.28,0.032565188219494744,,6,1,val,current_repo_v1
4433,177.32,-0.254359689894439,,6,1,val,current_repo_v1
4434,177.36,-0.0017705261978955974,,6,1,val,current_repo_v1
4435,177.4,-0.07965952248696619,,6,1,val,current_repo_v1
4436,177.44,0.12164885056491762,,6,1,val,current_repo_v1
4437,177.48,-0.07011124440482348,,6,1,val,current_repo_v1
4438,177.52,-0.030610272064099706,,6,1,val,current_repo_v1
4439,177.56,-0.49015767189178794,,6,1,val,current_repo_v1
4440,177.6,-0.31462528447618293,,6,1,val,current_repo_v1
4441,177.64,-0.4000450083668954,,6,1,val,current_repo_v1
4442,177.68,-0.045702127045332885,,6,1,val,current_repo_v1
4443,177.72,-0.20663379502271462,,6,1,val,current_repo_v1
4444,177.76,-0.014648075614056384,,6,1,val,current_repo_v1
4445,177.8,-0.07872950319319406,,6,1,val,current_repo_v1
4446,177.84,0.11376671683441617,,6,1,val,current_repo_v1
4447,177.88,-0.008310278429270604,,6,1,val,current_repo_v1
4448,177.92,-0.2236001928333741,,6,1,val,current_repo_v1
4449,177.96,-0.18362681524761038,,6,1,val,current_repo_v1
4450,178.0,0.08769883767805522,,6,1,val,current_repo_v1
4451,178.04,0.30302296922352917,,6,1,val,current_repo_v1
4452,178.08,0.6433798570514789,,6,1,val,current_repo_v1
4453,178.12,0.9183148923086127,,6,1,val,current_repo_v1
4454,178.16,0.4898118657220243,,6,1,val,current_repo_v1
4455,178.2,0.18296457660657087,,6,1,val,current_repo_v1
4456,178.24,0.2815134915536269,,6,1,val,current_repo_v1
4457,178.28,0.35462899227518685,,6,1,val,current_repo_v1
4458,178.32,-0.060735852016385275,,6,1,val,current_repo_v1
4459,178.36,0.13795299234336028,,6,1,val,current_repo_v1
4460,178.4,0.3589105610011196,,6,1,val,current_repo_v1
4461,178.44,0.24287808680353987,,6,1,val,current_repo_v1
4462,178.48,0.43561191379123837,,6,1,val,current_repo_v1
4463,178.52,0.7557436971764728,,6,1,val,current_repo_v1
4464,178.56,0.8065221784466966,,6,1,val,current_repo_v1
4465,178.6,0.6598848495367512,,6,1,val,current_repo_v1
4466,178.64,0.2841806720716127,,6,1,val,current_repo_v1
4467,178.68,0.32562843888792464,,6,1,val,current_repo_v1
4468,178.72,0.8260282620544337,,6,1,val,current_repo_v1
4469,178.76,0.5002902587494144,,6,1,val,current_repo_v1
4470,178.8,0.18126876290642746,,6,1,val,current_repo_v1
4471,178.84,0.3013749812610064,,6,1,val,current_repo_v1
4472,178.88,0.04159802658832753,,6,1,val,current_repo_v1
4473,178.92,0.2112460743765002,,6,1,val,current_repo_v1
4474,178.96,0.9955290065707346,,6,1,val,current_repo_v1
4475,179.0,0.8223559410522566,,6,1,val,current_repo_v1
4476,179.04,0.939983881856863,,6,1,val,current_repo_v1
4477,179.08,0.5578219428658087,,6,1,val,current_repo_v1
4478,179.12,0.7012871905979121,,6,1,val,current_repo_v1
4479,179.16,1.0587393274692602,,6,1,val,current_repo_v1
4480,179.2,1.402343008972804,,6,1,val,current_repo_v1
4481,179.24,1.2134266845355217,,6,1,val,current_repo_v1
4482,179.28,0.7615393417995904,,6,1,val,current_repo_v1
4483,179.32,0.7429559644955637,,6,1,val,current_repo_v1
4484,179.36,0.3768097346071559,,6,1,val,current_repo_v1
4485,179.4,0.42605149666732867,,6,1,val,current_repo_v1
4486,179.44,0.3914760622618061,,6,1,val,current_repo_v1
4487,179.48,0.29684026655805296,,6,1,val,current_repo_v1
4488,179.52,0.8090006299084425,,6,1,val,current_repo_v1
4489,179.56,0.7426864012471561,,6,1,val,current_repo_v1
4490,179.6,0.21118635307359493,,6,1,val,current_repo_v1
4491,179.64,-0.15154670174583074,,6,1,val,current_repo_v1
4492,179.68,0.10911810731121616,,6,1,val,current_repo_v1
4493,179.72,-0.09152961839235262,,6,1,val,current_repo_v1
4494,179.76,-0.1131181563543362,,6,1,val,current_repo_v1
4495,179.8,0.26833198783591494,,6,1,val,current_repo_v1
4496,179.84,0.03486084101646562,,6,1,val,current_repo_v1
4497,179.88,-0.15005970391172796,,6,1,val,current_repo_v1
4498,179.92,-0.04082414528450401,,6,1,val,current_repo_v1
4499,179.96,-0.4978844328441427,,6,1,val,current_repo_v1
4500,180.0,0.060174116989058515,,6,1,val,current_repo_v1
4501,180.04,0.4410997345758518,,6,1,val,current_repo_v1
4502,180.08,0.08113938993836915,,6,1,val,current_repo_v1
4503,180.12,-0.10088123704139901,,6,1,val,current_repo_v1
4504,180.16,0.07035578174907244,,6,1,val,current_repo_v1
4505,180.2,0.4426490102159254,,6,1,val,current_repo_v1
4506,180.24,0.44300532065678827,,6,1,val,current_repo_v1
4507,180.28,0.060407523979824844,,6,1,val,current_repo_v1
4508,180.32,0.04965885466575722,,6,1,val,current_repo_v1
4509,180.36,0.2895121809545043,,6,1,val,current_repo_v1
4510,180.4,-0.3142391655573994,,6,1,val,current_repo_v1
4511,180.44,-0.5260553227263384,,6,1,val,current_repo_v1
4512,180.48,0.05946666128699582,,6,1,val,current_repo_v1
4513,180.52,-0.5429748860964841,,6,1,val,current_repo_v1
4514,180.56,-0.5725549830766453,,6,1,val,current_repo_v1
4515,180.6,-0.35923939338182226,,6,1,val,current_repo_v1
4516,180.64,-0.37439479572497036,,6,1,val,current_repo_v1
4517,180.68,-0.5118798088779177,,6,1,val,current_repo_v1
4518,180.72,-0.5767221178558348,,6,1,val,current_repo_v1
4519,180.76,-1.0111808574615628,,6,1,val,current_repo_v1
4520,180.8,-0.6450710446984561,,6,1,val,current_repo_v1
4521,180.84,-0.4686283334973901,,6,1,val,current_repo_v1
4522,180.88,0.3046934961518542,,6,1,val,current_repo_v1
4523,180.92,0.774267179265821,,6,1,val,current_repo_v1
4524,180.96,0.5767020832195661,,6,1,val,current_repo_v1
4525,181.0,-0.6675077503781711,,6,1,val,current_repo_v1
4526,181.04,-1.2210365072115994,,6,1,val,current_repo_v1
4527,181.08,-1.8185634122324672,,6,1,val,current_repo_v1
4528,181.12,-1.790765076150748,,6,1,val,current_repo_v1
4529,181.16,-0.30698746200462534,,6,1,val,current_repo_v1
4530,181.2,1.435428541217612,,6,1,val,current_repo_v1
4531,181.24,0.7794775064251704,,6,1,val,current_repo_v1
4532,181.28,-3.191160273264091,,6,1,val,current_repo_v1
4533,181.32,-2.2051659448748375,,6,1,val,current_repo_v1
4534,181.36,-1.1415512443213458,,6,1,val,current_repo_v1
4535,181.4,-0.38537241988841126,,6,1,val,current_repo_v1
4536,181.44,0.09225311745548989,,6,1,val,current_repo_v1
4537,181.48,-0.06223765843797315,,6,1,val,current_repo_v1
4538,181.52,0.23884409887788646,,6,1,val,current_repo_v1
4539,181.56,0.32220759430974594,,6,1,val,current_repo_v1
4540,181.6,-0.07115682807186452,,6,1,val,current_repo_v1
4541,181.64,-0.210976476345738,,6,1,val,current_repo_v1
4542,181.68,0.22738233912030556,,6,1,val,current_repo_v1
4543,181.72,-0.16816174560116257,,6,1,val,current_repo_v1
4544,181.76,0.30887572647295447,,6,1,val,current_repo_v1
4545,181.8,1.4156092772887572,,6,1,val,current_repo_v1
4546,181.84,1.8900909593356015,,6,1,val,current_repo_v1
4547,181.88,1.4848667887991078,,6,1,val,current_repo_v1
4548,181.92,1.511491429106083,,6,1,val,current_repo_v1
4549,181.96,1.7466738503823103,,6,1,val,current_repo_v1
4550,182.0,-0.012718446230479708,,6,1,val,current_repo_v1
4551,182.04,1.9519139512372257,,6,1,val,current_repo_v1
4552,182.08,0.7316853685590471,,6,1,val,current_repo_v1
4553,182.12,-0.3679843034190011,,6,1,val,current_repo_v1
4554,182.16,0.5268419952410782,,6,1,val,current_repo_v1
4555,182.2,0.7407178591043335,,6,1,val,current_repo_v1
4556,182.24,1.049693828323341,,6,1,val,current_repo_v1
4557,182.28,0.5334872336584672,,6,1,val,current_repo_v1
4558,182.32,0.4479126239425729,,6,1,val,current_repo_v1
4559,182.36,0.9486997834102777,,6,1,val,current_repo_v1
4560,182.4,1.2842933669006245,,6,1,val,current_repo_v1
4561,182.44,1.8527569711664715,,6,1,val,current_repo_v1
4562,182.48,1.7024039824404762,,6,1,val,current_repo_v1
4563,182.52,1.2903176707231008,,6,1,val,current_repo_v1
4564,182.56,0.5593125058912614,,6,1,val,current_repo_v1
4565,182.6,-0.07571912518204214,,6,1,val,current_repo_v1
4566,182.64,-0.2413668978417897,,6,1,val,current_repo_v1
4567,182.68,0.14619945384746755,,6,1,val,current_repo_v1
4568,182.72,0.45047719651439067,,6,1,val,current_repo_v1
4569,182.76,1.1245070557745491,,6,1,val,current_repo_v1
4570,182.8,0.8337703272428271,,6,1,val,current_repo_v1
4571,182.84,0.4476524519299163,,6,1,val,current_repo_v1
4572,182.88,0.7493263527466408,,6,1,val,current_repo_v1
4573,182.92,0.9676499058615572,,6,1,val,current_repo_v1
4574,182.96,0.554696887431431,,6,1,val,current_repo_v1
4575,183.0,0.6119609561112771,,6,1,val,current_repo_v1
4576,183.04,0.5416046700180625,,6,1,val,current_repo_v1
4577,183.08,1.0190665737745916,,6,1,val,current_repo_v1
4578,183.12,1.2609004247273323,,6,1,val,current_repo_v1
4579,183.16,1.2945853265071803,,6,1,val,current_repo_v1
4580,183.2,0.622326515180237,,6,1,val,current_repo_v1
4581,183.24,-0.055423256038825454,,6,1,val,current_repo_v1
4582,183.28,0.04586409977527121,,6,1,val,current_repo_v1
4583,183.32,0.1752224418534682,,6,1,val,current_repo_v1
4584,183.36,0.05234683503181368,,6,1,val,current_repo_v1
4585,183.4,0.1406567465072429,,6,1,val,current_repo_v1
4586,183.44,0.570225469657439,,6,1,val,current_repo_v1
4587,183.48,0.44539257278468575,,6,1,val,current_repo_v1
4588,183.52,-0.2273837304144909,,6,1,val,current_repo_v1
4589,183.56,0.8142221569859838,,6,1,val,current_repo_v1
4590,183.6,1.0999316526731457,,6,1,val,current_repo_v1
4591,183.64,1.4346068428717564,,6,1,val,current_repo_v1
4592,183.68,0.95278413618544,,6,1,val,current_repo_v1
4593,183.72,0.630914835056857,,6,1,val,current_repo_v1
4594,183.76,0.419492344577657,,6,1,val,current_repo_v1
4595,183.8,0.276268590733772,,6,1,val,current_repo_v1
4596,183.84,0.17936216813720665,,6,1,val,current_repo_v1
4597,183.88,0.566143829905938,,6,1,val,current_repo_v1
4598,183.92,0.3465965292079606,,6,1,val,current_repo_v1
4599,183.96,0.2363509692624854,,6,1,val,current_repo_v1
4600,184.0,-0.4482152304278821,,6,1,val,current_repo_v1
4601,184.04,0.31445676396798494,,6,1,val,current_repo_v1
4602,184.08,0.08172070743135441,,6,1,val,current_repo_v1
4603,184.12,0.4973268021346627,,6,1,val,current_repo_v1
4604,184.16,-0.5392724783575494,,6,1,val,current_repo_v1
4605,184.2,-0.6221635250664256,,6,1,val,current_repo_v1
4606,184.24,-0.31149963774177647,,6,1,val,current_repo_v1
4607,184.28,-0.35025114599162926,,6,1,val,current_repo_v1
4608,184.32,0.3468734315331958,,6,1,val,current_repo_v1
4609,184.36,0.799466925632891,,6,1,val,current_repo_v1
4610,184.4,1.1112192223987234,,6,1,val,current_repo_v1
4611,184.44,0.8468251188426102,,6,1,val,current_repo_v1
4612,184.48,0.49219835263811984,,6,1,val,current_repo_v1
4613,184.52,-0.25263189381921036,,6,1,val,current_repo_v1
4614,184.56,0.25897014317460637,,6,1,val,current_repo_v1
4615,184.6,0.6673983946552042,,6,1,val,current_repo_v1
4616,184.64,1.2966232942298508,,6,1,val,current_repo_v1
4617,184.68,1.4205194327276218,,6,1,val,current_repo_v1
4618,184.72,1.0827541781433945,,6,1,val,current_repo_v1
4619,184.76,0.8020644023121918,,6,1,val,current_repo_v1
4620,184.8,0.622176951055314,,6,1,val,current_repo_v1
4621,184.84,0.32611393099389535,,6,1,val,current_repo_v1
4622,184.88,0.6895263721551947,,6,1,val,current_repo_v1
4623,184.92,0.7081739576858743,,6,1,val,current_repo_v1
4624,184.96,0.4976139652545147,,6,1,val,current_repo_v1
4625,185.0,0.46106508439416616,,6,1,val,current_repo_v1
4626,185.04,0.8487812089024741,,6,1,val,current_repo_v1
4627,185.08,0.485259968535882,,6,1,val,current_repo_v1
4628,185.12,0.18199053154742173,,6,1,val,current_repo_v1
4629,185.16,0.08240588503527453,,6,1,val,current_repo_v1
4630,185.2,0.3742001536684428,,6,1,val,current_repo_v1
4631,185.24,0.11815626738030784,,6,1,val,current_repo_v1
4632,185.28,0.29842018545255844,,6,1,val,current_repo_v1
4633,185.32,0.1947299863200999,,6,1,val,current_repo_v1
4634,185.36,-0.05316642034962527,,6,1,val,current_repo_v1
4635,185.4,0.07887422387523431,,6,1,val,current_repo_v1
4636,185.44,0.24541079873851357,,6,1,val,current_repo_v1
4637,185.48,0.39232228216767806,,6,1,val,current_repo_v1
4638,185.52,0.8818224284274793,,6,1,val,current_repo_v1
4639,185.56,1.0795373668574944,,6,1,val,current_repo_v1
4640,185.6,1.187725028791094,,6,1,val,current_repo_v1
4641,185.64,1.6551851273434177,,6,1,val,current_repo_v1
4642,185.68,1.3516269968115016,,6,1,val,current_repo_v1
4643,185.72,1.2381741907276504,,6,1,val,current_repo_v1
4644,185.76,1.056901149591603,,6,1,val,current_repo_v1
4645,185.8,1.1711694627621851,,6,1,val,current_repo_v1
4646,185.84,1.1044276198330378,,6,1,val,current_repo_v1
4647,185.88,0.8076379963833308,,6,1,val,current_repo_v1
4648,185.92,0.7258945934655782,,6,1,val,current_repo_v1
4649,185.96,1.126842482194043,,6,1,val,current_repo_v1
4650,186.0,1.3933791787955636,,6,1,val,current_repo_v1
4651,186.04,1.467015093107146,,6,1,val,current_repo_v1
4652,186.08,1.649459951770787,,6,1,val,current_repo_v1
4653,186.12,1.3365169854411498,,6,1,val,current_repo_v1
4654,186.16,0.867982320824787,,6,1,val,current_repo_v1
4655,186.2,1.2058157488240955,,6,1,val,current_repo_v1
4656,186.24,1.3890213671482747,,6,1,val,current_repo_v1
4657,186.28,1.422370410511784,,6,1,val,current_repo_v1
4658,186.32,1.6344451049227118,,6,1,val,current_repo_v1
4659,186.36,1.423222717329717,,6,1,val,current_repo_v1
4660,186.4,1.4453584860771451,,6,1,val,current_repo_v1
4661,186.44,1.3246172462740273,,6,1,val,current_repo_v1
4662,186.48,1.4639840195949874,,6,1,val,current_repo_v1
4663,186.52,0.9650406727463904,,6,1,val,current_repo_v1
4664,186.56,0.6113660387176303,,6,1,val,current_repo_v1
4665,186.6,0.7054303255524047,,6,1,val,current_repo_v1
4666,186.64,0.5166366436975591,,6,1,val,current_repo_v1
4667,186.68,0.9302893439734875,,6,1,val,current_repo_v1
4668,186.72,0.5913835759808364,,6,1,val,current_repo_v1
4669,186.76,0.7382860855625054,,6,1,val,current_repo_v1
4670,186.8,0.6323289464668258,,6,1,val,current_repo_v1
4671,186.84,0.3293098728670156,,6,1,val,current_repo_v1
4672,186.88,0.3399103867415229,,6,1,val,current_repo_v1
4673,186.92,0.8362649872818321,,6,1,val,current_repo_v1
4674,186.96,1.1062411718036147,,6,1,val,current_repo_v1
4675,187.0,0.8491099717184675,,6,1,val,current_repo_v1
4676,187.04,0.7369954515114846,,6,1,val,current_repo_v1
4677,187.08,0.8067126466206682,,6,1,val,current_repo_v1
4678,187.12,0.8312197371775719,,6,1,val,current_repo_v1
4679,187.16,0.38636747348975886,,6,1,val,current_repo_v1
4680,187.2,0.45717794756977426,,6,1,val,current_repo_v1
4681,187.24,-0.18640462104450714,,6,1,val,current_repo_v1
4682,187.28,-0.7961459064125097,,6,1,val,current_repo_v1
4683,187.32,-0.7493173093344362,,6,1,val,current_repo_v1
4684,187.36,-0.5694698925677413,,6,1,val,current_repo_v1
4685,187.4,0.12889062375544388,,6,1,val,current_repo_v1
4686,187.44,0.17663015331018453,,6,1,val,current_repo_v1
4687,187.48,0.36172511435568644,,6,1,val,current_repo_v1
4688,187.52,0.1139870456598404,,6,1,val,current_repo_v1
4689,187.56,0.6742985181673455,,6,1,val,current_repo_v1
4690,187.6,0.6384140498452011,,6,1,val,current_repo_v1
4691,187.64,0.29107453475992,,6,1,val,current_repo_v1
4692,187.68,0.14370775030860644,,6,1,val,current_repo_v1
4693,187.72,-0.008456625186389942,,6,1,val,current_repo_v1
4694,187.76,-0.11997090629946704,,6,1,val,current_repo_v1
4695,187.8,-0.11388115947674816,,6,1,val,current_repo_v1
4696,187.84,0.24136721088298138,,6,1,val,current_repo_v1
4697,187.88,0.41186926982446387,,6,1,val,current_repo_v1
4698,187.92,0.15015525103990546,,6,1,val,current_repo_v1
4699,187.96,0.06285475827828736,,6,1,val,current_repo_v1
4700,188.0,0.7287911288300155,,6,1,val,current_repo_v1
4701,188.04,0.623126926725057,,6,1,val,current_repo_v1
4702,188.08,0.5960971415513139,,6,1,val,current_repo_v1
4703,188.12,0.5274392778348401,,6,1,val,current_repo_v1
4704,188.16,0.6178541304567863,,6,1,val,current_repo_v1
4705,188.2,1.0994750299215206,,6,1,val,current_repo_v1
4706,188.24,0.5895484589503868,,6,1,val,current_repo_v1
4707,188.28,0.8990932587970661,,6,1,val,current_repo_v1
4708,188.32,0.8140926970620389,,6,1,val,current_repo_v1
4709,188.36,0.6397261793913853,,6,1,val,current_repo_v1
4710,188.4,0.6439844439397139,,6,1,val,current_repo_v1
4711,188.44,0.5597273202526173,,6,1,val,current_repo_v1
4712,188.48,0.7776645109722676,,6,1,val,current_repo_v1
4713,188.52,0.4888103426027149,,6,1,val,current_repo_v1
4714,188.56,0.577723571410435,,6,1,val,current_repo_v1
4715,188.6,0.5073169204677114,,6,1,val,current_repo_v1
4716,188.64,1.1027828318471413,,6,1,val,current_repo_v1
4717,188.68,1.1099609359375113,,6,1,val,current_repo_v1
4718,188.72,1.2005071267305525,,6,1,val,current_repo_v1
4719,188.76,1.0614920030149344,,6,1,val,current_repo_v1
4720,188.8,1.5770775935201864,,6,1,val,current_repo_v1
4721,188.84,1.6575183276922152,,6,1,val,current_repo_v1
4722,188.88,1.261321430347813,,6,1,val,current_repo_v1
4723,188.92,1.2688973054457688,,6,1,val,current_repo_v1
4724,188.96,1.0868423569775665,,6,1,val,current_repo_v1
4725,189.0,1.1109637807862969,,6,1,val,current_repo_v1
4726,189.04,1.0883498242273708,,6,1,val,current_repo_v1
4727,189.08,0.6498381055303596,,6,1,val,current_repo_v1
4728,189.12,1.0579707765612842,,6,1,val,current_repo_v1
4729,189.16,1.5478406592508367,,6,1,val,current_repo_v1
4730,189.2,1.5581615577764476,,6,1,val,current_repo_v1
4731,189.24,1.1840099950574274,,6,1,val,current_repo_v1
4732,189.28,0.9286646601885691,,6,1,val,current_repo_v1
4733,189.32,0.735603322549644,,6,1,val,current_repo_v1
4734,189.36,1.0015330670628144,,6,1,val,current_repo_v1
4735,189.4,0.03216701721483078,,6,1,val,current_repo_v1
4736,189.44,0.07722877502459982,,6,1,val,current_repo_v1
4737,189.48,-0.050159416226872776,,6,1,val,current_repo_v1
4738,189.52,0.48357462432448317,,6,1,val,current_repo_v1
4739,189.56,0.8510943746150028,,6,1,val,current_repo_v1
4740,189.6,0.9880384873710487,,6,1,val,current_repo_v1
4741,189.64,0.16895949629585313,,6,1,val,current_repo_v1
4742,189.68,0.25876165774093474,,6,1,val,current_repo_v1
4743,189.72,0.4333831300710499,,6,1,val,current_repo_v1
4744,189.76,0.029050031286727993,,6,1,val,current_repo_v1
4745,189.8,0.26088738134434497,,6,1,val,current_repo_v1
4746,189.84,-0.1356155224605316,,6,1,val,current_repo_v1
4747,189.88,0.6680628071934084,,6,1,val,current_repo_v1
4748,189.92,1.1932879794617153,,6,1,val,current_repo_v1
4749,189.96,0.805409143098433,,6,1,val,current_repo_v1
4750,190.0,0.8493055876809248,,6,1,val,current_repo_v1
4751,190.04,0.9250190520347503,,6,1,val,current_repo_v1
4752,190.08,0.3135935354906973,,6,1,val,current_repo_v1
4753,190.12,0.12207352572381211,,6,1,val,current_repo_v1
4754,190.16,0.531603908284496,,6,1,val,current_repo_v1
4755,190.2,0.47801883881891644,,6,1,val,current_repo_v1
4756,190.24,0.6975126094731134,,6,1,val,current_repo_v1
4757,190.28,0.7168652333322088,,6,1,val,current_repo_v1
4758,190.32,0.17598330586107022,,6,1,val,current_repo_v1
4759,190.36,0.5932992489446164,,6,1,val,current_repo_v1
4760,190.4,0.7905999295309495,,6,1,val,current_repo_v1
4761,190.44,0.9833562259197411,,6,1,val,current_repo_v1
4762,190.48,1.1008482372824406,,6,1,val,current_repo_v1
4763,190.52,0.18853430983634553,,6,1,val,current_repo_v1
4764,190.56,0.32665813571448693,,6,1,val,current_repo_v1
4765,190.6,-0.10096344513657465,,6,1,val,current_repo_v1
4766,190.64,-0.368131502343809,,6,1,val,current_repo_v1
4767,190.68,-0.9778266663095678,,6,1,val,current_repo_v1
4768,190.72,-0.7481266397706312,,6,1,val,current_repo_v1
4769,190.76,-0.0618601742387273,,6,1,val,current_repo_v1
4770,190.8,0.49491798494689254,,6,1,val,current_repo_v1
4771,190.84,0.2180233118297223,,6,1,val,current_repo_v1
4772,190.88,-0.15805679332429223,,6,1,val,current_repo_v1
4773,190.92,0.09558067575854229,,6,1,val,current_repo_v1
4774,190.96,0.09817690027307627,,6,1,val,current_repo_v1
4775,191.0,-0.3901167330603846,,6,1,val,current_repo_v1
4776,191.04,0.10578795772274359,,6,1,val,current_repo_v1
4777,191.08,0.5825359884327801,,6,1,val,current_repo_v1
4778,191.12,-0.4533308452355652,,6,1,val,current_repo_v1
4779,191.16,-0.004217195283095322,,6,1,val,current_repo_v1
4780,191.2,0.24254261099310231,,6,1,val,current_repo_v1
4781,191.24,0.03548833208522651,,6,1,val,current_repo_v1
4782,191.28,0.18292523776348069,,6,1,val,current_repo_v1
4783,191.32,0.38071092350281965,,6,1,val,current_repo_v1
4784,191.36,0.6377993760741226,,6,1,val,current_repo_v1
4785,191.4,0.7884702755214658,,6,1,val,current_repo_v1
4786,191.44,0.8557137495691336,,6,1,val,current_repo_v1
4787,191.48,0.9020456546230445,,6,1,val,current_repo_v1
4788,191.52,0.644810733556381,,6,1,val,current_repo_v1
4789,191.56,1.3804206647534052,,6,1,val,current_repo_v1
4790,191.6,1.0300669803803173,,6,1,val,current_repo_v1
4791,191.64,0.32260028709355515,,6,1,val,current_repo_v1
4792,191.68,0.913075278406662,,6,1,val,current_repo_v1
4793,191.72,0.6408112497265237,,6,1,val,current_repo_v1
4794,191.76,0.718896870666336,,6,1,val,current_repo_v1
4795,191.8,-0.022327376043514115,,6,1,val,current_repo_v1
4796,191.84,-0.21611480403099664,,6,1,val,current_repo_v1
4797,191.88,0.40033411929860685,,6,1,val,current_repo_v1
4798,191.92,0.9472286289387104,,6,1,val,current_repo_v1
4799,191.96,0.8219773699044285,,6,1,val,current_repo_v1
4800,192.0,0.5436826374485613,,6,1,val,current_repo_v1
4801,192.04,0.29325483187774976,,6,1,val,current_repo_v1
4802,192.08,-0.05986261491655191,,6,1,val,current_repo_v1
4803,192.12,-0.033958491085804246,,6,1,val,current_repo_v1
4804,192.16,-0.007115382809377739,,6,1,val,current_repo_v1
4805,192.2,0.5631963731743177,,6,1,val,current_repo_v1
4806,192.24,0.09625232302651007,,6,1,val,current_repo_v1
4807,192.28,0.2513467901625762,,6,1,val,current_repo_v1
4808,192.32,-0.25585486158188064,,6,1,val,current_repo_v1
4809,192.36,-0.28035666522088015,,6,1,val,current_repo_v1
4810,192.4,-0.5001425033069323,,6,1,val,current_repo_v1
4811,192.44,-0.6851849777792928,,6,1,val,current_repo_v1
4812,192.48,0.27005708827865954,,6,1,val,current_repo_v1
4813,192.52,0.4257779682304929,,6,1,val,current_repo_v1
4814,192.56,0.8397170664144714,,6,1,val,current_repo_v1
4815,192.6,0.8015233975682264,,6,1,val,current_repo_v1
4816,192.64,1.017387003434062,,6,1,val,current_repo_v1
4817,192.68,0.3542606471396209,,6,1,val,current_repo_v1
4818,192.72,0.6922119177564269,,6,1,val,current_repo_v1
4819,192.76,0.8400966810329386,,6,1,val,current_repo_v1
4820,192.8,1.2579066378993407,,6,1,val,current_repo_v1
4821,192.84,1.5655913469849438,,6,1,val,current_repo_v1
4822,192.88,1.6738273563914838,,6,1,val,current_repo_v1
4823,192.92,1.1923101779082657,,6,1,val,current_repo_v1
4824,192.96,1.2392382525205903,,6,1,val,current_repo_v1
4825,193.0,1.2565885257881595,,6,1,val,current_repo_v1
4826,193.04,1.1952241044500196,,6,1,val,current_repo_v1
4827,193.08,0.8603769502901022,,6,1,val,current_repo_v1
4828,193.12,0.8912343944618144,,6,1,val,current_repo_v1
4829,193.16,0.8508112462482883,,6,1,val,current_repo_v1
4830,193.2,0.9217410933694049,,6,1,val,current_repo_v1
4831,193.24,0.6207853090464382,,6,1,val,current_repo_v1
4832,193.28,0.7185399341430897,,6,1,val,current_repo_v1
4833,193.32,0.7580891409141012,,6,1,val,current_repo_v1
4834,193.36,0.48248698009510194,,6,1,val,current_repo_v1
4835,193.4,0.5376625075086408,,6,1,val,current_repo_v1
4836,193.44,0.8210351854821234,,6,1,val,current_repo_v1
4837,193.48,0.4277465799380248,,6,1,val,current_repo_v1
4838,193.52,0.4096990595894778,,6,1,val,current_repo_v1
4839,193.56,0.99018261084006,,6,1,val,current_repo_v1
4840,193.6,0.8132763551987968,,6,1,val,current_repo_v1
4841,193.64,1.057518049433378,,6,1,val,current_repo_v1
4842,193.68,1.1501431815628478,,6,1,val,current_repo_v1
4843,193.72,1.0112742133013986,,6,1,val,current_repo_v1
4844,193.76,0.545209513252251,,6,1,val,current_repo_v1
4845,193.8,0.5345601997341932,,6,1,val,current_repo_v1
4846,193.84,-0.13629708269956986,,6,1,val,current_repo_v1
4847,193.88,-0.4511911391255925,,6,1,val,current_repo_v1
4848,193.92,-0.7015045107496606,,6,1,val,current_repo_v1
4849,193.96,-0.6196925865932805,,6,1,val,current_repo_v1
4850,194.0,0.2813262929209908,,6,1,val,current_repo_v1
4851,194.04,0.8193494934471783,,6,1,val,current_repo_v1
4852,194.08,0.5426919664238974,,6,1,val,current_repo_v1
4853,194.12,0.2597203985640453,,6,1,val,current_repo_v1
4854,194.16,0.13683324400065253,,6,1,val,current_repo_v1
4855,194.2,-0.12456116842276978,,6,1,val,current_repo_v1
4856,194.24,0.03039962142885217,,6,1,val,current_repo_v1
4857,194.28,0.5602423077953169,,6,1,val,current_repo_v1
4858,194.32,-0.17038014678849303,,6,1,val,current_repo_v1
4859,194.36,0.12352217601193174,,6,1,val,current_repo_v1
4860,194.4,0.44195092835843636,,6,1,val,current_repo_v1
4861,194.44,0.7179384776667719,,6,1,val,current_repo_v1
4862,194.48,0.9770254895529459,,6,1,val,current_repo_v1
4863,194.52,1.144145173200474,,6,1,val,current_repo_v1
4864,194.56,0.7649560820599224,,6,1,val,current_repo_v1
4865,194.6,0.2675823933112141,,6,1,val,current_repo_v1
4866,194.64,0.011377273418176771,,6,1,val,current_repo_v1
4867,194.68,0.2313353537243728,,6,1,val,current_repo_v1
4868,194.72,-0.31905749558003227,,6,1,val,current_repo_v1
4869,194.76,0.2845804604557671,,6,1,val,current_repo_v1
4870,194.8,0.7822562687368196,,6,1,val,current_repo_v1
4871,194.84,0.5214592171674572,,6,1,val,current_repo_v1
4872,194.88,0.5597466592417933,,6,1,val,current_repo_v1
4873,194.92,0.7514191374602134,,6,1,val,current_repo_v1
4874,194.96,1.3207469441092778,,6,1,val,current_repo_v1
4875,195.0,0.6362453004691097,,6,1,val,current_repo_v1
4876,195.04,0.7123639792544124,,6,1,val,current_repo_v1
4877,195.08,1.0505670045540536,,6,1,val,current_repo_v1
4878,195.12,1.4713178095046957,,6,1,val,current_repo_v1
4879,195.16,1.4999815305696897,,6,1,val,current_repo_v1
4880,195.2,1.3975063138669248,,6,1,val,current_repo_v1
4881,195.24,1.3065262479821886,,6,1,val,current_repo_v1
4882,195.28,1.014616380193397,,6,1,val,current_repo_v1
4883,195.32,1.1987805306465587,,6,1,val,current_repo_v1
4884,195.36,1.1549826592570975,,6,1,val,current_repo_v1
4885,195.4,0.9483047254263534,,6,1,val,current_repo_v1
4886,195.44,1.059331879662792,,6,1,val,current_repo_v1
4887,195.48,1.5983479772843399,,6,1,val,current_repo_v1
4888,195.52,1.2346750858515467,,6,1,val,current_repo_v1
4889,195.56,0.5001484163072201,,6,1,val,current_repo_v1
4890,195.6,0.5440977996334635,,6,1,val,current_repo_v1
4891,195.64,0.9104908798927034,,6,1,val,current_repo_v1
4892,195.68,0.7743460656461292,,6,1,val,current_repo_v1
4893,195.72,0.3627429503993188,,6,1,val,current_repo_v1
4894,195.76,0.36311355638793597,,6,1,val,current_repo_v1
4895,195.8,0.3459174385161013,,6,1,val,current_repo_v1
4896,195.84,0.6605485664278626,,6,1,val,current_repo_v1
4897,195.88,0.7581591230116232,,6,1,val,current_repo_v1
4898,195.92,0.7283489755379178,,6,1,val,current_repo_v1
4899,195.96,0.9297819389840979,,6,1,val,current_repo_v1
4900,196.0,0.6595012001651466,,6,1,val,current_repo_v1
4901,196.04,0.667064692744853,,6,1,val,current_repo_v1
4902,196.08,0.6955089371521113,,6,1,val,current_repo_v1
4903,196.12,0.7802135010492097,,6,1,val,current_repo_v1
4904,196.16,0.6040500573734939,,6,1,val,current_repo_v1
4905,196.2,0.6009928275306511,,6,1,val,current_repo_v1
4906,196.24,0.693388813507797,,6,1,val,current_repo_v1
4907,196.28,0.2890179932598753,,6,1,val,current_repo_v1
4908,196.32,0.3758842457150748,,6,1,val,current_repo_v1
4909,196.36,1.1167884338931786,,6,1,val,current_repo_v1
4910,196.4,0.8202873648575089,,6,1,val,current_repo_v1
4911,196.44,0.8368137832732352,,6,1,val,current_repo_v1
4912,196.48,0.7901645240156506,,6,1,val,current_repo_v1
4913,196.52,0.9930595289564842,,6,1,val,current_repo_v1
4914,196.56,0.7067186639680197,,6,1,val,current_repo_v1
4915,196.6,0.5267995607684257,,6,1,val,current_repo_v1
4916,196.64,0.8810138082469658,,6,1,val,current_repo_v1
4917,196.68,0.7144489727205471,,6,1,val,current_repo_v1
4918,196.72,0.5317885330228892,,6,1,val,current_repo_v1
4919,196.76,0.7255622828494123,,6,1,val,current_repo_v1
4920,196.8,0.749931009199585,,6,1,val,current_repo_v1
4921,196.84,1.0852509946883866,,6,1,val,current_repo_v1
4922,196.88,0.8271058889656806,,6,1,val,current_repo_v1
4923,196.92,0.6805202466347202,,6,1,val,current_repo_v1
4924,196.96,0.4533955751975377,,6,1,val,current_repo_v1
4925,197.0,0.2768083780953252,,6,1,val,current_repo_v1
4926,197.04,0.5212340362035617,,6,1,val,current_repo_v1
4927,197.08,0.5510151056287936,,6,1,val,current_repo_v1
4928,197.12,0.5740200854185065,,6,1,val,current_repo_v1
4929,197.16,0.4603446027002933,,6,1,val,current_repo_v1
4930,197.2,0.508142027484321,,6,1,val,current_repo_v1
4931,197.24,0.03605248448620028,,6,1,val,current_repo_v1
4932,197.28,-0.4986528098403455,,6,1,val,current_repo_v1
4933,197.32,-0.6990087376753075,,6,1,val,current_repo_v1
4934,197.36,-0.5360519453597035,,6,1,val,current_repo_v1
4935,197.4,-0.44042370473120024,,6,1,val,current_repo_v1
4936,197.44,-0.16819597143812168,,6,1,val,current_repo_v1
4937,197.48,0.1604700626534554,,6,1,val,current_repo_v1
4938,197.52,0.19238829907677196,,6,1,val,current_repo_v1
4939,197.56,0.6842826539353973,,6,1,val,current_repo_v1
4940,197.6,0.8376781247858711,,6,1,val,current_repo_v1
4941,197.64,-0.022142229569801403,,6,1,val,current_repo_v1
4942,197.68,0.24798298864599597,,6,1,val,current_repo_v1
4943,197.72,0.09128376801421624,,6,1,val,current_repo_v1
4944,197.76,0.07130843566012214,,6,1,val,current_repo_v1
4945,197.8,0.07588530657689109,,6,1,val,current_repo_v1
4946,197.84,-0.28832540701441833,,6,1,val,current_repo_v1
4947,197.88,-0.35065204741113193,,6,1,val,current_repo_v1
4948,197.92,-0.23064095879647487,,6,1,val,current_repo_v1
4949,197.96,0.20630513655378518,,6,1,val,current_repo_v1
4950,198.0,0.3478970066653426,,6,1,val,current_repo_v1
4951,198.04,0.5045423320386182,,6,1,val,current_repo_v1
4952,198.08,0.43887428996170813,,6,1,val,current_repo_v1
4953,198.12,0.19669644152164453,,6,1,val,current_repo_v1
4954,198.16,-0.1438070800178503,,6,1,val,current_repo_v1
4955,198.2,0.1586346673641688,,6,1,val,current_repo_v1
4956,198.24,-0.03979305716375637,,6,1,val,current_repo_v1
4957,198.28,-0.519697560469993,,6,1,val,current_repo_v1
4958,198.32,0.24247544626630554,,6,1,val,current_repo_v1
4959,198.36,-0.30865103246202374,,6,1,val,current_repo_v1
4960,198.4,-0.07776547545217931,,6,1,val,current_repo_v1
4961,198.44,0.001254651705152763,,6,1,val,current_repo_v1
4962,198.48,0.012274849470664735,,6,1,val,current_repo_v1
4963,198.52,-0.042499541742477706,,6,1,val,current_repo_v1
4964,198.56,-0.08419930671810745,,6,1,val,current_repo_v1
4965,198.6,-0.014593554273168788,,6,1,val,current_repo_v1
4966,198.64,-0.2673227082515223,,6,1,val,current_repo_v1
4967,198.68,-0.21266898572219126,,6,1,val,current_repo_v1
4968,198.72,-0.16300491370323902,,6,1,val,current_repo_v1
4969,198.76,-0.11256911688645056,,6,1,val,current_repo_v1
4970,198.8,0.3040573964503216,,6,1,val,current_repo_v1
4971,198.84,0.24267502741719105,,6,1,val,current_repo_v1
4972,198.88,0.5230190666433393,,6,1,val,current_repo_v1
4973,198.92,0.3579504288838238,,6,1,val,current_repo_v1
4974,198.96,0.2263271468277971,,6,1,val,current_repo_v1
4975,199.0,0.37249940087394146,,6,1,val,current_repo_v1
4976,199.04,0.309155724427752,,6,1,val,current_repo_v1
4977,199.08,0.3363896820231922,,6,1,val,current_repo_v1
4978,199.12,0.5122781364031775,,6,1,val,current_repo_v1
4979,199.16,0.38076278399357777,,6,1,val,current_repo_v1
4980,199.2,0.37311212683316053,,6,1,val,current_repo_v1
4981,199.24,0.3027353191507123,,6,1,val,current_repo_v1
4982,199.28,0.4903440357479128,,6,1,val,current_repo_v1
4983,199.32,0.5440596781727856,,6,1,val,current_repo_v1
4984,199.36,0.1382865377331157,,6,1,val,current_repo_v1
4985,199.4,-0.12885400663160373,,6,1,val,current_repo_v1
4986,199.44,0.07687580368978174,,6,1,val,current_repo_v1
4987,199.48,-0.5853038986497838,,6,1,val,current_repo_v1
4988,199.52,-0.8947970119174782,,6,1,val,current_repo_v1
4989,199.56,-0.7205687888888463,,6,1,val,current_repo_v1
4990,199.6,-0.9572420514493634,,6,1,val,current_repo_v1
4991,199.64,-0.4468095711300891,,6,1,val,current_repo_v1
4992,199.68,-0.18366664104366542,,6,1,val,current_repo_v1
4993,199.72,-0.19510024448517072,,6,1,val,current_repo_v1
4994,199.76,-0.17703322862685178,,6,1,val,current_repo_v1
4995,199.8,-0.042124292309517045,,6,1,val,current_repo_v1
4996,199.84,0.17812899453603992,,6,1,val,current_repo_v1
4997,199.88,0.6019294467762148,,6,1,val,current_repo_v1
4998,199.92,1.065968213797395,,6,1,val,current_repo_v1
4999,199.96,1.01737580351587,,6,1,val,current_repo_v1
5000,200.0,1.0154141482792647,,6,1,val,current_repo_v1
5001,200.04,0.8724702184784041,,6,1,val,current_repo_v1
5002,200.08,0.5033332973915668,,6,1,val,current_repo_v1
5003,200.12,0.277975917393299,,6,1,val,current_repo_v1
5004,200.16,0.45670309886432137,,6,1,val,current_repo_v1
5005,200.2,0.44235043848375366,,6,1,val,current_repo_v1
5006,200.24,0.5948624375265433,,6,1,val,current_repo_v1
5007,200.28,0.6634375888036992,,6,1,val,current_repo_v1
5008,200.32,0.734245280295344,,6,1,val,current_repo_v1
5009,200.36,1.001327781605769,,6,1,val,current_repo_v1
5010,200.4,0.911723218717359,,6,1,val,current_repo_v1
5011,200.44,1.2628944275537466,,6,1,val,current_repo_v1
5012,200.48,1.1722318550021027,,6,1,val,current_repo_v1
5013,200.52,0.7223721844118703,,6,1,val,current_repo_v1
5014,200.56,0.7656612595177565,,6,1,val,current_repo_v1
5015,200.6,0.40030660645609195,,6,1,val,current_repo_v1
5016,200.64,0.6209757772204099,,6,1,val,current_repo_v1
5017,200.68,0.7998755487351222,,6,1,val,current_repo_v1
5018,200.72,0.8102187079676983,,6,1,val,current_repo_v1
5019,200.76,1.0742789704840416,,6,1,val,current_repo_v1
5020,200.8,0.9241639626284469,,6,1,val,current_repo_v1
5021,200.84,0.963988506518735,,6,1,val,current_repo_v1
5022,200.88,1.099812975279137,,6,1,val,current_repo_v1
5023,200.92,1.215615746806719,,6,1,val,current_repo_v1
5024,200.96,1.0963106704264074,,6,1,val,current_repo_v1
5025,201.0,0.6863751603901328,,6,1,val,current_repo_v1
5026,201.04,0.6053056308110445,,6,1,val,current_repo_v1
5027,201.08,0.6110328933249531,,6,1,val,current_repo_v1
5028,201.12,0.8293908114062472,,6,1,val,current_repo_v1
5029,201.16,0.7555896113454476,,6,1,val,current_repo_v1
5030,201.2,0.75510857138087,,6,1,val,current_repo_v1
5031,201.24,0.830582524440691,,6,1,val,current_repo_v1
5032,201.28,0.7992867530358909,,6,1,val,current_repo_v1
5033,201.32,1.1541974128188977,,6,1,val,current_repo_v1
5034,201.36,0.8177925656890854,,6,1,val,current_repo_v1
5035,201.4,0.5705361456490231,,6,1,val,current_repo_v1
5036,201.44,1.0289748144448336,,6,1,val,current_repo_v1
5037,201.48,0.8648395959542556,,6,1,val,current_repo_v1
5038,201.52,0.6686627332461224,,6,1,val,current_repo_v1
5039,201.56,0.7440981474570099,,6,1,val,current_repo_v1
5040,201.6,0.7191817381507822,,6,1,val,current_repo_v1
5041,201.64,0.7023254438837142,,6,1,val,current_repo_v1
5042,201.68,0.5663948193769716,,6,1,val,current_repo_v1
5043,201.72,0.5492469098486585,,6,1,val,current_repo_v1
5044,201.76,0.19150058382182253,,6,1,val,current_repo_v1
5045,201.8,0.5591681591195334,,6,1,val,current_repo_v1
5046,201.84,0.6221934378914102,,6,1,val,current_repo_v1
5047,201.88,0.6829888894724595,,6,1,val,current_repo_v1
5048,201.92,0.49218054407254763,,6,1,val,current_repo_v1
5049,201.96,0.6344936610897799,,6,1,val,current_repo_v1
5050,202.0,0.4461003241367628,,6,1,val,current_repo_v1
5051,202.04,0.20672920302147357,,6,1,val,current_repo_v1
5052,202.08,0.21053926214799823,,6,1,val,current_repo_v1
5053,202.12,0.5550673195082749,,6,1,val,current_repo_v1
5054,202.16,0.9699979930581376,,6,1,val,current_repo_v1
5055,202.2,0.7323944416406002,,6,1,val,current_repo_v1
5056,202.24,0.4136779870477468,,6,1,val,current_repo_v1
5057,202.28,0.6309370957638223,,6,1,val,current_repo_v1
5058,202.32,0.5941605296100446,,6,1,val,current_repo_v1
5059,202.36,0.6306047155829471,,6,1,val,current_repo_v1
5060,202.4,0.5772176968446492,,6,1,val,current_repo_v1
5061,202.44,0.47317706548926075,,6,1,val,current_repo_v1
5062,202.48,0.7126361163970628,,6,1,val,current_repo_v1
5063,202.52,0.5940003220846038,,6,1,val,current_repo_v1
5064,202.56,0.08627517851173956,,6,1,val,current_repo_v1
5065,202.6,-0.14199606715916163,,6,1,val,current_repo_v1
5066,202.64,-0.09696895257460728,,6,1,val,current_repo_v1
5067,202.68,0.10805300204763722,,6,1,val,current_repo_v1
5068,202.72,0.015744719777699014,,6,1,val,current_repo_v1
5069,202.76,0.1973282977759119,,6,1,val,current_repo_v1
5070,202.8,0.4641648878390801,,6,1,val,current_repo_v1
5071,202.84,0.4911150909854224,,6,1,val,current_repo_v1
5072,202.88,0.7501536162692377,,6,1,val,current_repo_v1
5073,202.92,0.7933834918075381,,6,1,val,current_repo_v1
5074,202.96,0.6321628259410975,,6,1,val,current_repo_v1
5075,203.0,0.2059409653007752,,6,1,val,current_repo_v1
5076,203.04,-0.24655430342943582,,6,1,val,current_repo_v1
5077,203.08,-0.03966620591640896,,6,1,val,current_repo_v1
5078,203.12,0.2997792711774975,,6,1,val,current_repo_v1
5079,203.16,0.5726336607628257,,6,1,val,current_repo_v1
5080,203.2,1.196315435608992,,6,1,val,current_repo_v1
5081,203.24,1.6440250001652161,,6,1,val,current_repo_v1
5082,203.28,1.8789978925371327,,6,1,val,current_repo_v1
5083,203.32,1.3510932963620093,,6,1,val,current_repo_v1
5084,203.36,1.0597783459668642,,6,1,val,current_repo_v1
5085,203.4,0.5936298900077599,,6,1,val,current_repo_v1
5086,203.44,0.5822854163500023,,6,1,val,current_repo_v1
5087,203.48,0.91985053326567,,6,1,val,current_repo_v1
5088,203.52,0.9945426485580453,,6,1,val,current_repo_v1
5089,203.56,1.0138089426129409,,6,1,val,current_repo_v1
5090,203.6,1.309492487185311,,6,1,val,current_repo_v1
5091,203.64,0.8918523377742285,,6,1,val,current_repo_v1
5092,203.68,0.6523385394402337,,6,1,val,current_repo_v1
5093,203.72,1.322209472556896,,6,1,val,current_repo_v1
5094,203.76,1.427510129491228,,6,1,val,current_repo_v1
5095,203.8,1.4432887968470491,,6,1,val,current_repo_v1
5096,203.84,1.5449757062644065,,6,1,val,current_repo_v1
5097,203.88,1.3014719544657238,,6,1,val,current_repo_v1
5098,203.92,1.223804904381568,,6,1,val,current_repo_v1
5099,203.96,1.1864119253389802,,6,1,val,current_repo_v1
5100,204.0,1.6390344279224396,,6,1,val,current_repo_v1
5101,204.04,0.8561248074361891,,6,1,val,current_repo_v1
5102,204.08,0.7581164102801337,,6,1,val,current_repo_v1
5103,204.12,1.244955636845783,,6,1,val,current_repo_v1
5104,204.16,1.2055500116346975,,6,1,val,current_repo_v1
5105,204.2,0.7356716350941437,,6,1,val,current_repo_v1
5106,204.24,0.7379692183117966,,6,1,val,current_repo_v1
5107,204.28,0.7535228438331407,,6,1,val,current_repo_v1
5108,204.32,0.9449684019699335,,6,1,val,current_repo_v1
5109,204.36,0.47242061884069714,,6,1,val,current_repo_v1
5110,204.4,0.46513503727451033,,6,1,val,current_repo_v1
5111,204.44,0.6851306477413557,,6,1,val,current_repo_v1
5112,204.48,0.92927815135959,,6,1,val,current_repo_v1
5113,204.52,1.3227726684431174,,6,1,val,current_repo_v1
5114,204.56,1.2168751463032792,,6,1,val,current_repo_v1
5115,204.6,1.0694122234237593,,6,1,val,current_repo_v1
5116,204.64,1.0922162307684014,,6,1,val,current_repo_v1
5117,204.68,1.1802131532256634,,6,1,val,current_repo_v1
5118,204.72,1.2905230257448554,,6,1,val,current_repo_v1
5119,204.76,1.1940192436855244,,6,1,val,current_repo_v1
5120,204.8,1.6632685465601817,,6,1,val,current_repo_v1
5121,204.84,1.2123868312614063,,6,1,val,current_repo_v1
5122,204.88,0.994857637561604,,6,1,val,current_repo_v1
5123,204.92,0.905711575671969,,6,1,val,current_repo_v1
5124,204.96,0.9288890759406627,,6,1,val,current_repo_v1
5125,205.0,0.9323940938170538,,6,1,val,current_repo_v1
5126,205.04,0.46868666350611005,,6,1,val,current_repo_v1
5127,205.08,0.26121096158949797,,6,1,val,current_repo_v1
5128,205.12,-0.10352286991990667,,6,1,val,current_repo_v1
5129,205.16,-0.23825144233729076,,6,1,val,current_repo_v1
5130,205.2,-0.20875068390804796,,6,1,val,current_repo_v1
5131,205.24,0.05711408716666765,,6,1,val,current_repo_v1
5132,205.28,0.047585530679601994,,6,1,val,current_repo_v1
5133,205.32,-0.14446224044972195,,6,1,val,current_repo_v1
5134,205.36,-0.41371885631444083,,6,1,val,current_repo_v1
5135,205.4,-0.32124064485094195,,6,1,val,current_repo_v1
5136,205.44,-0.03594205920582841,,6,1,val,current_repo_v1
5137,205.48,0.29873249621481024,,6,1,val,current_repo_v1
5138,205.52,0.25584164428712,,6,1,val,current_repo_v1
5139,205.56,0.04438605839748649,,6,1,val,current_repo_v1
5140,205.6,0.3786257561249118,,6,1,val,current_repo_v1
5141,205.64,0.23998395142157222,,6,1,val,current_repo_v1
5142,205.68,0.2615422287350249,,6,1,val,current_repo_v1
5143,205.72,0.6353209246123768,,6,1,val,current_repo_v1
5144,205.76,0.6526421198314726,,6,1,val,current_repo_v1
5145,205.8,0.41433064315008483,,6,1,val,current_repo_v1
5146,205.84,0.4773401655153128,,6,1,val,current_repo_v1
5147,205.88,0.6349300405110084,,6,1,val,current_repo_v1
5148,205.92,0.9499506264475981,,6,1,val,current_repo_v1
5149,205.96,0.5268476995472381,,6,1,val,current_repo_v1
5150,206.0,0.5536214865908805,,6,1,val,current_repo_v1
5151,206.04,0.955913435067083,,6,1,val,current_repo_v1
5152,206.08,0.5694581709142298,,6,1,val,current_repo_v1
5153,206.12,0.4195117531315423,,6,1,val,current_repo_v1
5154,206.16,0.246769467075197,,6,1,val,current_repo_v1
5155,206.2,0.05308877743849523,,6,1,val,current_repo_v1
5156,206.24,-0.12824878496539677,,6,1,val,current_repo_v1
5157,206.28,0.029670026758065418,,6,1,val,current_repo_v1
5158,206.32,-0.16466997980188666,,6,1,val,current_repo_v1
5159,206.36,-0.3015204410680826,,6,1,val,current_repo_v1
5160,206.4,-0.33714877213070793,,6,1,val,current_repo_v1
5161,206.44,-0.4883140679668079,,6,1,val,current_repo_v1
5162,206.48,-1.0153735224890532,,6,1,val,current_repo_v1
5163,206.52,-1.7636640567147162,,6,1,val,current_repo_v1
5164,206.56,-1.8679894164251323,,6,1,val,current_repo_v1
5165,206.6,-1.7363946906822594,,6,1,val,current_repo_v1
5166,206.64,-1.5699227240427114,,6,1,val,current_repo_v1
5167,206.68,-0.6365055420464755,,6,1,val,current_repo_v1
5168,206.72,-0.8827952908865709,,6,1,val,current_repo_v1
5169,206.76,-0.7901111678836433,,6,1,val,current_repo_v1
5170,206.8,-0.6273407394241642,,6,1,val,current_repo_v1
5171,206.84,-0.47237213223833846,,6,1,val,current_repo_v1
5172,206.88,-0.12874494655865124,,6,1,val,current_repo_v1
5173,206.92,-1.0571502608154861,,6,1,val,current_repo_v1
5174,206.96,-1.860052917874339,,6,1,val,current_repo_v1
5175,207.0,-2.8014234330810104,,6,1,val,current_repo_v1
5176,207.04,-2.992302873613793,,6,1,val,current_repo_v1
5177,207.08,-3.0147349880226963,,6,1,val,current_repo_v1
5178,207.12,-3.0214426955490064,,6,1,val,current_repo_v1
5179,207.16,-3.4057387406909374,,6,1,val,current_repo_v1
5180,207.2,-3.579611835878764,,6,1,val,current_repo_v1
5181,207.24,-3.3156168250597124,,6,1,val,current_repo_v1
5182,207.28,-3.2028702399043345,,6,1,val,current_repo_v1
5183,207.32,-3.1763727638858987,,6,1,val,current_repo_v1
5184,207.36,-3.2566025778594314,,6,1,val,current_repo_v1
5185,207.4,-2.8175646717015286,,6,1,val,current_repo_v1
5186,207.44,-2.4663243851088392,,6,1,val,current_repo_v1
5187,207.48,-1.4828048908164497,,6,1,val,current_repo_v1
5188,207.52,-0.05372373801791361,,6,1,val,current_repo_v1
5189,207.56,0.291185212212363,,6,1,val,current_repo_v1
5190,207.6,0.6589975516700574,,6,1,val,current_repo_v1
5191,207.64,0.5739066949424022,,6,1,val,current_repo_v1
5192,207.68,0.9350697612295702,,6,1,val,current_repo_v1
5193,207.72,1.3245688292363778,,6,1,val,current_repo_v1
5194,207.76,0.9250004782573762,,6,1,val,current_repo_v1
5195,207.8,1.0875617952008003,,6,1,val,current_repo_v1
5196,207.84,1.0538915020098985,,6,1,val,current_repo_v1
5197,207.88,1.4733326817438899,,6,1,val,current_repo_v1
5198,207.92,1.1694320145835457,,6,1,val,current_repo_v1
5199,207.96,0.4742367447055169,,6,1,val,current_repo_v1
5200,208.0,0.3967359542765079,,6,1,val,current_repo_v1
5201,208.04,0.3754410837346927,,6,1,val,current_repo_v1
5202,208.08,0.7936572289385017,,6,1,val,current_repo_v1
5203,208.12,0.832587727185297,,6,1,val,current_repo_v1
5204,208.16,0.4887020999150963,,6,1,val,current_repo_v1
5205,208.2,0.21222971936552812,,6,1,val,current_repo_v1
5206,208.24,-0.3360215107993994,,6,1,val,current_repo_v1
5207,208.28,-0.43918955722410374,,6,1,val,current_repo_v1
5208,208.32,-1.0600102747075586,,6,1,val,current_repo_v1
5209,208.36,-0.3417568776019375,,6,1,val,current_repo_v1
5210,208.4,0.008699119067304204,,6,1,val,current_repo_v1
5211,208.44,0.26359633547024525,,6,1,val,current_repo_v1
5212,208.48,-0.4240177723919234,,6,1,val,current_repo_v1
5213,208.52,-0.48702670345712257,,6,1,val,current_repo_v1
5214,208.56,-0.21053404479480323,,6,1,val,current_repo_v1
5215,208.6,-0.3630096614946465,,6,1,val,current_repo_v1
5216,208.64,-0.10939976612344744,,6,1,val,current_repo_v1
5217,208.68,0.013518631689994611,,6,1,val,current_repo_v1
5218,208.72,-0.614215965726859,,6,1,val,current_repo_v1
5219,208.76,-0.6130473481758916,,6,1,val,current_repo_v1
5220,208.8,-1.0127059245828118,,6,1,val,current_repo_v1
5221,208.84,-1.2720466389636806,,6,1,val,current_repo_v1
5222,208.88,-1.1655819557491929,,6,1,val,current_repo_v1
5223,208.92,-0.9306611673445168,,6,1,val,current_repo_v1
5224,208.96,-1.4717755452916692,,6,1,val,current_repo_v1
5225,209.0,-1.229358672510566,,6,1,val,current_repo_v1
5226,209.04,-1.7451286790600833,,6,1,val,current_repo_v1
5227,209.08,-2.0948928025221383,,6,1,val,current_repo_v1
5228,209.12,-1.6441727556076982,,6,1,val,current_repo_v1
5229,209.16,-1.5896031368118702,,6,1,val,current_repo_v1
5230,209.2,-1.4204161986990704,,6,1,val,current_repo_v1
5231,209.24,-1.7389766544313938,,6,1,val,current_repo_v1
5232,209.28,-1.5594457223095066,,6,1,val,current_repo_v1
5233,209.32,-1.517369925297937,,6,1,val,current_repo_v1
5234,209.36,-1.1152322713468876,,6,1,val,current_repo_v1
5235,209.4,-1.039766805181597,,6,1,val,current_repo_v1
5236,209.44,-1.1923018301431538,,6,1,val,current_repo_v1
5237,209.48,-0.9772887919775195,,6,1,val,current_repo_v1
5238,209.52,-0.9868783567146118,,6,1,val,current_repo_v1
5239,209.56,-0.7204868416613305,,6,1,val,current_repo_v1
5240,209.6,-0.7874196397174142,,6,1,val,current_repo_v1
5241,209.64,-1.4766283794100983,,6,1,val,current_repo_v1
5242,209.68,-1.3610903016012752,,6,1,val,current_repo_v1
5243,209.72,-0.8451403311488855,,6,1,val,current_repo_v1
5244,209.76,-0.3787768158910839,,6,1,val,current_repo_v1
5245,209.8,-0.20284864006210737,,6,1,val,current_repo_v1
5246,209.84,0.041460758025767465,,6,1,val,current_repo_v1
5247,209.88,-0.08298776774152258,,6,1,val,current_repo_v1
5248,209.92,0.14734928892693305,,6,1,val,current_repo_v1
5249,209.96,0.2686545941751382,,6,1,val,current_repo_v1
5250,210.0,0.5212040538138678,,6,1,val,current_repo_v1
5251,210.04,0.4242261186961765,,6,1,val,current_repo_v1
5252,210.08,0.4642512872079891,,6,1,val,current_repo_v1
5253,210.12,0.6132611900921767,,6,1,val,current_repo_v1
5254,210.16,0.5983890204628071,,6,1,val,current_repo_v1
5255,210.2,0.3240952326956916,,6,1,val,current_repo_v1
5256,210.24,0.40165518790993177,,6,1,val,current_repo_v1
5257,210.28,0.47975920871534505,,6,1,val,current_repo_v1
5258,210.32,0.7868737654438003,,6,1,val,current_repo_v1
5259,210.36,0.38769017687175156,,6,1,val,current_repo_v1
5260,210.4,0.22790403965744946,,6,1,val,current_repo_v1
5261,210.44,0.2489304599862053,,6,1,val,current_repo_v1
5262,210.48,0.6395528241358933,,6,1,val,current_repo_v1
5263,210.52,0.22754974659315533,,6,1,val,current_repo_v1
5264,210.56,0.22027160845086002,,6,1,val,current_repo_v1
5265,210.6,0.33113886820304966,,6,1,val,current_repo_v1
5266,210.64,0.37109579373507184,,6,1,val,current_repo_v1
5267,210.68,0.1681953975292702,,6,1,val,current_repo_v1
5268,210.72,0.10234980892313482,,6,1,val,current_repo_v1
5269,210.76,0.02433601354564019,,6,1,val,current_repo_v1
5270,210.8,-0.2519255337613186,,6,1,val,current_repo_v1
5271,210.84,-0.6779622827102828,,6,1,val,current_repo_v1
5272,210.88,-0.7668892853304375,,6,1,val,current_repo_v1
5273,210.92,-0.5243241005891783,,6,1,val,current_repo_v1
5274,210.96,-0.48561060945293966,,6,1,val,current_repo_v1
5275,211.0,-0.33705861626749856,,6,1,val,current_repo_v1
5276,211.04,-0.05296304792208474,,6,1,val,current_repo_v1
5277,211.08,0.027858074775801638,,6,1,val,current_repo_v1
5278,211.12,0.14848124587611708,,6,1,val,current_repo_v1
5279,211.16,-0.06325459014038506,,6,1,val,current_repo_v1
5280,211.2,0.36092863321693996,,6,1,val,current_repo_v1
5281,211.24,0.12641679834686426,,6,1,val,current_repo_v1
5282,211.28,0.11526199286892165,,6,1,val,current_repo_v1
5283,211.32,0.1275669812498761,,6,1,val,current_repo_v1
5284,211.36,0.307203529991607,,6,1,val,current_repo_v1
5285,211.4,0.45335314072488514,,6,1,val,current_repo_v1
5286,211.44,0.09749767045179844,,6,1,val,current_repo_v1
5287,211.48,-0.06475583134871014,,6,1,val,current_repo_v1
5288,211.52,-0.8415244966906329,,6,1,val,current_repo_v1
5289,211.56,-0.8224370535032614,,6,1,val,current_repo_v1
5290,211.6,-0.3845650518726646,,6,1,val,current_repo_v1
5291,211.64,-0.03101179956598578,,6,1,val,current_repo_v1
5292,211.68,0.03478496330983322,,6,1,val,current_repo_v1
5293,211.72,0.7888892637653777,,6,1,val,current_repo_v1
5294,211.76,1.2634398148743957,,6,1,val,current_repo_v1
5295,211.8,1.031499874261788,,6,1,val,current_repo_v1
5296,211.84,0.4685388384989188,,6,1,val,current_repo_v1
5297,211.88,0.921873196752302,,6,1,val,current_repo_v1
5298,211.92,0.8947101951603136,,6,1,val,current_repo_v1
5299,211.96,0.8425885584835728,,6,1,val,current_repo_v1
5300,212.0,1.1504139274113128,,6,1,val,current_repo_v1
5301,212.04,1.1510414010888963,,6,1,val,current_repo_v1
5302,212.08,1.1335277898839695,,6,1,val,current_repo_v1
5303,212.12,1.7502302765788493,,6,1,val,current_repo_v1
5304,212.16,2.2224191058082705,,6,1,val,current_repo_v1
5305,212.2,0.5568049763810421,,6,1,val,current_repo_v1
5306,212.24,0.4736261752522851,,6,1,val,current_repo_v1
5307,212.28,0.4476398607175391,,6,1,val,current_repo_v1
5308,212.32,1.294650995592728,,6,1,val,current_repo_v1
5309,212.36,1.6151926542449604,,6,1,val,current_repo_v1
5310,212.4,0.9343041320393833,,6,1,val,current_repo_v1
5311,212.44,-0.140780806470631,,6,1,val,current_repo_v1
5312,212.48,-0.13879202099741184,,6,1,val,current_repo_v1
5313,212.52,0.13913136634480236,,6,1,val,current_repo_v1
5314,212.56,-0.1921818658020237,,6,1,val,current_repo_v1
5315,212.6,-0.121322792076997,,6,1,val,current_repo_v1
5316,212.64,0.3108214861734923,,6,1,val,current_repo_v1
5317,212.68,-0.11298436602723945,,6,1,val,current_repo_v1
5318,212.72,-0.04971625424649072,,6,1,val,current_repo_v1
5319,212.76,0.08068949757236556,,6,1,val,current_repo_v1
5320,212.8,0.9357381389562024,,6,1,val,current_repo_v1
5321,212.84,1.0655502690241219,,6,1,val,current_repo_v1
5322,212.88,1.9216594244007261,,6,1,val,current_repo_v1
5323,212.92,1.5744961862887263,,6,1,val,current_repo_v1
5324,212.96,1.1211986973312542,,6,1,val,current_repo_v1
5325,213.0,1.220307469058487,,6,1,val,current_repo_v1
5326,213.04,1.3792862034746876,,6,1,val,current_repo_v1
5327,213.08,1.747757946811519,,6,1,val,current_repo_v1
5328,213.12,1.3052710223681845,,6,1,val,current_repo_v1
5329,213.16,1.1600781350814482,,6,1,val,current_repo_v1
5330,213.2,1.4253714320695396,,6,1,val,current_repo_v1
5331,213.24,1.39103234376375,,6,1,val,current_repo_v1
5332,213.28,1.2801776404415828,,6,1,val,current_repo_v1
5333,213.32,1.4937368457482572,,6,1,val,current_repo_v1
5334,213.36,1.4386861174231422,,6,1,val,current_repo_v1
5335,213.4,1.2694557709317602,,6,1,val,current_repo_v1
5336,213.44,1.0264496154984608,,6,1,val,current_repo_v1
5337,213.48,0.7418253292758558,,6,1,val,current_repo_v1
5338,213.52,0.29824060415558706,,6,1,val,current_repo_v1
5339,213.56,0.45397977962595754,,6,1,val,current_repo_v1
5340,213.6,0.4908479625018391,,6,1,val,current_repo_v1
5341,213.64,0.4143261214439825,,6,1,val,current_repo_v1
5342,213.68,0.621291183612224,,6,1,val,current_repo_v1
5343,213.72,1.1028390401322286,,6,1,val,current_repo_v1
5344,213.76,1.0449367152448625,,6,1,val,current_repo_v1
5345,213.8,1.128354262455822,,6,1,val,current_repo_v1
5346,213.84,1.2329011857652519,,6,1,val,current_repo_v1
5347,213.88,1.4527777014498329,,6,1,val,current_repo_v1
5348,213.92,1.4081093668533204,,6,1,val,current_repo_v1
5349,213.96,1.5499209223167414,,6,1,val,current_repo_v1
5350,214.0,1.2686605071754258,,6,1,val,current_repo_v1
5351,214.04,0.8175680803722825,,6,1,val,current_repo_v1
5352,214.08,0.2566433427790614,,6,1,val,current_repo_v1
5353,214.12,0.4059904605914183,,6,1,val,current_repo_v1
5354,214.16,0.45027698928112175,,6,1,val,current_repo_v1
5355,214.2,0.40270537154337305,,6,1,val,current_repo_v1
5356,214.24,0.5270186896026151,,6,1,val,current_repo_v1
5357,214.28,0.7229112413439762,,6,1,val,current_repo_v1
5358,214.32,1.0888835246768633,,6,1,val,current_repo_v1
5359,214.36,0.9544655847731199,,6,1,val,current_repo_v1
5360,214.4,0.6728396766493184,,6,1,val,current_repo_v1
5361,214.44,-0.02992831182798317,,6,1,val,current_repo_v1
5362,214.48,-1.0316122908319627,,6,1,val,current_repo_v1
5363,214.52,-1.1276307894794508,,6,1,val,current_repo_v1
5364,214.56,-0.976229043196554,,6,1,val,current_repo_v1
5365,214.6,-0.49716249029137527,,6,1,val,current_repo_v1
5366,214.64,-0.582426563145104,,6,1,val,current_repo_v1
5367,214.68,0.17257348728931024,,6,1,val,current_repo_v1
5368,214.72,0.09729600235963494,,6,1,val,current_repo_v1
5369,214.76,0.38399197779772737,,6,1,val,current_repo_v1
5370,214.8,0.6813314407094766,,6,1,val,current_repo_v1
5371,214.84,0.7718564142661914,,6,1,val,current_repo_v1
5372,214.88,1.0406954940503044,,6,1,val,current_repo_v1
5373,214.92,0.8246496982109001,,6,1,val,current_repo_v1
5374,214.96,0.5748298881990775,,6,1,val,current_repo_v1
5375,215.0,0.37621147810746425,,6,1,val,current_repo_v1
5376,215.04,0.08393549125380302,,6,1,val,current_repo_v1
5377,215.08,-0.5206957444832577,,6,1,val,current_repo_v1
5378,215.12,0.12193780497603322,,6,1,val,current_repo_v1
5379,215.16,0.27266579965850685,,6,1,val,current_repo_v1
5380,215.2,0.6611399360213369,,6,1,val,current_repo_v1
5381,215.24,0.7075232493953957,,6,1,val,current_repo_v1
5382,215.28,1.3605379578096994,,6,1,val,current_repo_v1
5383,215.32,1.3623115796371574,,6,1,val,current_repo_v1
5384,215.36,0.8778400575161016,,6,1,val,current_repo_v1
5385,215.4,1.0216150073338595,,6,1,val,current_repo_v1
5386,215.44,0.710651852629946,,6,1,val,current_repo_v1
5387,215.48,0.15554975076703786,,6,1,val,current_repo_v1
5388,215.52,-0.0045127757327685595,,6,1,val,current_repo_v1
5389,215.56,-0.5145511980608142,,6,1,val,current_repo_v1
5390,215.6,-0.5357627996456373,,6,1,val,current_repo_v1
5391,215.64,-0.1031030295083062,,6,1,val,current_repo_v1
5392,215.68,0.5136875174129163,,6,1,val,current_repo_v1
5393,215.72,0.3706981618569047,,6,1,val,current_repo_v1
5394,215.76,0.4494334476165565,,6,1,val,current_repo_v1
5395,215.8,0.6970419346502165,,6,1,val,current_repo_v1
5396,215.84,0.42135490488591215,,6,1,val,current_repo_v1
5397,215.88,-0.041103169333371825,,6,1,val,current_repo_v1
5398,215.92,-0.13497852711336716,,6,1,val,current_repo_v1
5399,215.96,-0.1460793677680963,,6,1,val,current_repo_v1
5400,216.0,0.16857010783573406,,6,1,val,current_repo_v1
5401,216.04,0.23533403756007348,,6,1,val,current_repo_v1
5402,216.08,0.46101110217977537,,6,1,val,current_repo_v1
5403,216.12,0.6566703338862568,,6,1,val,current_repo_v1
5404,216.16,0.5961887582734178,,6,1,val,current_repo_v1
5405,216.2,0.28197609687024894,,6,1,val,current_repo_v1
5406,216.24,0.46607144782594634,,6,1,val,current_repo_v1
5407,216.28,0.6040016403358445,,6,1,val,current_repo_v1
5408,216.32,0.015435730730314666,,6,1,val,current_repo_v1
5409,216.36,0.18260318794193156,,6,1,val,current_repo_v1
5410,216.4,0.32092673410037703,,6,1,val,current_repo_v1
5411,216.44,-0.1323586071197393,,6,1,val,current_repo_v1
5412,216.48,-0.04417761644175817,,6,1,val,current_repo_v1
5413,216.52,-0.10931309719129008,,6,1,val,current_repo_v1
5414,216.56,0.10366124282222634,,6,1,val,current_repo_v1
5415,216.6,-0.0008476285912346372,,6,1,val,current_repo_v1
5416,216.64,-0.2543499508351417,,6,1,val,current_repo_v1
5417,216.68,-0.3952283131149303,,6,1,val,current_repo_v1
5418,216.72,-0.7408175453327124,,6,1,val,current_repo_v1
5419,216.76,-0.4172964997473062,,6,1,val,current_repo_v1
5420,216.8,-0.583826622483801,,6,1,val,current_repo_v1
5421,216.84,-0.31353718807619146,,6,1,val,current_repo_v1
5422,216.88,-0.48392008267070047,,6,1,val,current_repo_v1
5423,216.92,-0.855536081301667,,6,1,val,current_repo_v1
5424,216.96,-1.1741190064350835,,6,1,val,current_repo_v1
5425,217.0,-1.0127303417957643,,6,1,val,current_repo_v1
5426,217.04,-1.0807681752585458,,6,1,val,current_repo_v1
5427,217.08,-1.0441255907348155,,6,1,val,current_repo_v1
5428,217.12,-1.064691144864681,,6,1,val,current_repo_v1
5429,217.16,-1.0065275349293101,,6,1,val,current_repo_v1
5430,217.2,-0.8516088752047376,,6,1,val,current_repo_v1
5431,217.24,-1.0782086809105047,,6,1,val,current_repo_v1
5432,217.28,-0.2062662498813052,,6,1,val,current_repo_v1
5433,217.32,-0.02263834768511256,,6,1,val,current_repo_v1
5434,217.36,0.04523899129780269,,6,1,val,current_repo_v1
5435,217.4,0.21407144504335796,,6,1,val,current_repo_v1
5436,217.44,-0.02900484031247076,,6,1,val,current_repo_v1
5437,217.48,-0.35100282745760814,,6,1,val,current_repo_v1
5438,217.52,-0.6678118872870842,,6,1,val,current_repo_v1
5439,217.56,-0.4333903648008136,,6,1,val,current_repo_v1
5440,217.6,-0.41486869139390636,,6,1,val,current_repo_v1
5441,217.64,-0.25167767470220215,,6,1,val,current_repo_v1
5442,217.68,0.1877541764042767,,6,1,val,current_repo_v1
5443,217.72,-0.361812591977589,,6,1,val,current_repo_v1
5444,217.76,-0.43745148296308095,,6,1,val,current_repo_v1
5445,217.8,-0.2879372011543568,,6,1,val,current_repo_v1
5446,217.84,-0.31839336130066526,,6,1,val,current_repo_v1
5447,217.88,-0.35798896773275746,,6,1,val,current_repo_v1
5448,217.92,0.06982385519966637,,6,1,val,current_repo_v1
5449,217.96,0.23692139987847044,,6,1,val,current_repo_v1
5450,218.0,0.07465997639669415,,6,1,val,current_repo_v1
5451,218.04,0.2721812466761112,,6,1,val,current_repo_v1
5452,218.08,0.4489405816514036,,6,1,val,current_repo_v1
5453,218.12,0.3447555687419327,,6,1,val,current_repo_v1
5454,218.16,-0.08406821202349478,,6,1,val,current_repo_v1
5455,218.2,0.0033770014201635404,,6,1,val,current_repo_v1
5456,218.24,0.12698795939229662,,6,1,val,current_repo_v1
5457,218.28,0.20440532434371783,,6,1,val,current_repo_v1
5458,218.32,0.10022452009915754,,6,1,val,current_repo_v1
5459,218.36,0.20884209193602413,,6,1,val,current_repo_v1
5460,218.4,-0.044245085514157984,,6,1,val,current_repo_v1
5461,218.44,0.061239309208524044,,6,1,val,current_repo_v1
5462,218.48,0.2120549380334961,,6,1,val,current_repo_v1
5463,218.52,0.0801369798690166,,6,1,val,current_repo_v1
5464,218.56,0.31353099681706675,,6,1,val,current_repo_v1
5465,218.6,0.2683727875378997,,6,1,val,current_repo_v1
5466,218.64,-0.037818636803000745,,6,1,val,current_repo_v1
5467,218.68,0.09077686736896878,,6,1,val,current_repo_v1
5468,218.72,0.7840394209294471,,6,1,val,current_repo_v1
5469,218.76,1.1847746503416845,,6,1,val,current_repo_v1
5470,218.8,0.6466620591640896,,6,1,val,current_repo_v1
5471,218.84,0.5094129051579102,,6,1,val,current_repo_v1
5472,218.88,0.7363141347489288,,6,1,val,current_repo_v1
5473,218.92,0.5944489448946634,,6,1,val,current_repo_v1
5474,218.96,0.7020568545412363,,6,1,val,current_repo_v1
5475,219.0,0.9924874287874766,,6,1,val,current_repo_v1
5476,219.04,0.6560528079620984,,6,1,val,current_repo_v1
5477,219.08,0.2749899913774543,,6,1,val,current_repo_v1
5478,219.12,0.6461648801869622,,6,1,val,current_repo_v1
5479,219.16,1.319412971244384,,6,1,val,current_repo_v1
5480,219.2,0.8529707435180474,,6,1,val,current_repo_v1
5481,219.24,0.7657122504496489,,6,1,val,current_repo_v1
5482,219.28,0.717632810334255,,6,1,val,current_repo_v1
5483,219.32,0.31696408478407634,,6,1,val,current_repo_v1
5484,219.36,0.10334218428317567,,6,1,val,current_repo_v1
5485,219.4,0.2878704538158156,,6,1,val,current_repo_v1
5486,219.44,-0.08495577075784838,,6,1,val,current_repo_v1
5487,219.48,-0.25415706528752313,,6,1,val,current_repo_v1
5488,219.52,0.5219042226126348,,6,1,val,current_repo_v1
5489,219.56,0.8653864441337994,,6,1,val,current_repo_v1
5490,219.6,1.1742809530782559,,6,1,val,current_repo_v1
5491,219.64,-0.012317805678636782,,6,1,val,current_repo_v1
5492,219.68,-0.2138391684791172,,6,1,val,current_repo_v1
5493,219.72,0.3184639346982161,,6,1,val,current_repo_v1
5494,219.76,-0.13575456492317794,,6,1,val,current_repo_v1
5495,219.8,0.24404016527183628,,6,1,val,current_repo_v1
5496,219.84,0.13982407432850055,,6,1,val,current_repo_v1
5497,219.88,0.3352026298242691,,6,1,val,current_repo_v1
5498,219.92,0.05654214351825604,,6,1,val,current_repo_v1
5499,219.96,0.29799698854373585,,6,1,val,current_repo_v1
5500,220.0,0.5514860587105277,,6,1,val,current_repo_v1
5501,220.04,0.6321356957044836,,6,1,val,current_repo_v1
5502,220.08,0.23928708694649534,,6,1,val,current_repo_v1
5503,220.12,0.5659787528508488,,6,1,val,current_repo_v1
5504,220.16,0.31510510705834843,,6,1,val,current_repo_v1
5505,220.2,-0.04631852254296577,,6,1,val,current_repo_v1
5506,220.24,-0.2722883763283816,,6,1,val,current_repo_v1
5507,220.28,0.7049732854125239,,6,1,val,current_repo_v1
5508,220.32,0.13471642468002842,,6,1,val,current_repo_v1
5509,220.36,0.47826892394872944,,6,1,val,current_repo_v1
5510,220.4,0.28140062281284206,,6,1,val,current_repo_v1
5511,220.44,0.26230302317791765,,6,1,val,current_repo_v1
5512,220.48,-0.04176914707753439,,6,1,val,current_repo_v1
5513,220.52,-0.12438983054384646,,6,1,val,current_repo_v1
5514,220.56,0.04138705421629964,,6,1,val,current_repo_v1
5515,220.6,0.1623236838965698,,6,1,val,current_repo_v1
5516,220.64,0.14711822974510447,,6,1,val,current_repo_v1
5517,220.68,-0.3866661843513491,,6,1,val,current_repo_v1
5518,220.72,-0.43568092198283076,,6,1,val,current_repo_v1
5519,220.76,-0.11414679231908219,,6,1,val,current_repo_v1
5520,220.8,-0.17467877625937342,,6,1,val,current_repo_v1
5521,220.84,-0.3313342059066699,,6,1,val,current_repo_v1
5522,220.88,-0.5651999063659013,,6,1,val,current_repo_v1
5523,220.92,-0.2421223010197143,,6,1,val,current_repo_v1
5524,220.96,0.003997136020919501,,6,1,val,current_repo_v1
5525,221.0,0.06937707585440245,,6,1,val,current_repo_v1
5526,221.04,-0.48632361294056636,,6,1,val,current_repo_v1
5527,221.08,-0.8982360128847755,,6,1,val,current_repo_v1
5528,221.12,-0.9587757445945613,,6,1,val,current_repo_v1
5529,221.16,-0.8238676517493263,,6,1,val,current_repo_v1
5530,221.2,-1.4194904315481522,,6,1,val,current_repo_v1
5531,221.24,-1.0088409093359665,,6,1,val,current_repo_v1
5532,221.28,-0.6536108084080081,,6,1,val,current_repo_v1
5533,221.32,-0.5265896840405687,,6,1,val,current_repo_v1
5534,221.36,-0.47010609661633773,,6,1,val,current_repo_v1
5535,221.4,-0.28003089368738526,,6,1,val,current_repo_v1
5536,221.44,-0.5946506825515362,,6,1,val,current_repo_v1
5537,221.48,-0.18511202179044953,,6,1,val,current_repo_v1
5538,221.52,-0.18409095098783626,,6,1,val,current_repo_v1
5539,221.56,-0.02189182270320808,,6,1,val,current_repo_v1
5540,221.6,0.14685920555015075,,6,1,val,current_repo_v1
5541,221.64,-0.018051146409017536,,6,1,val,current_repo_v1
5542,221.68,-0.17102283774622865,,6,1,val,current_repo_v1
5543,221.72,-0.22422521435495602,,6,1,val,current_repo_v1
5544,221.76,-0.3354806799672072,,6,1,val,current_repo_v1
5545,221.8,-0.8881144172512131,,6,1,val,current_repo_v1
5546,221.84,-0.26535274003215975,,6,1,val,current_repo_v1
5547,221.88,-0.4516315532999585,,6,1,val,current_repo_v1
5548,221.92,-0.45451306268719427,,6,1,val,current_repo_v1
5549,221.96,-0.3327015002673024,,6,1,val,current_repo_v1
5550,222.0,-0.6303693781714986,,6,1,val,current_repo_v1
5551,222.04,-0.2929613383693545,,6,1,val,current_repo_v1
5552,222.08,-0.08634400409597008,,6,1,val,current_repo_v1
5553,222.12,-0.13749109136941956,,6,1,val,current_repo_v1
5554,222.16,-0.11125117868704264,,6,1,val,current_repo_v1
5555,222.2,0.1872060064952569,,6,1,val,current_repo_v1
5556,222.24,0.12880123310403646,,6,1,val,current_repo_v1
5557,222.28,-0.2246168288857716,,6,1,val,current_repo_v1
5558,222.32,-0.002215983813683447,,6,1,val,current_repo_v1
5559,222.36,-0.04436203248602358,,6,1,val,current_repo_v1
5560,222.4,-0.3138978810937381,,6,1,val,current_repo_v1
5561,222.44,-0.2532362024486082,,6,1,val,current_repo_v1
5562,222.48,-0.4267403264184853,,6,1,val,current_repo_v1
5563,222.52,-0.49594862089702996,,6,1,val,current_repo_v1
5564,222.56,-0.43276309981735783,,6,1,val,current_repo_v1
5565,222.6,-0.3032297155394691,,6,1,val,current_repo_v1
5566,222.64,-0.23571831301406146,,6,1,val,current_repo_v1
5567,222.68,-0.6506931253719538,,6,1,val,current_repo_v1
5568,222.72,-0.4782648196308827,,6,1,val,current_repo_v1
5569,222.76,-0.2244829516027883,,6,1,val,current_repo_v1
5570,222.8,-0.23001185034822355,,6,1,val,current_repo_v1
5571,222.84,-0.10098454063465971,,6,1,val,current_repo_v1
5572,222.88,-0.22243910566218472,,6,1,val,current_repo_v1
5573,222.92,0.11132346511555916,,6,1,val,current_repo_v1
5574,222.96,-0.26708462303405783,,6,1,val,current_repo_v1
5575,223.0,-0.23343916444436405,,6,1,val,current_repo_v1
5576,223.04,0.0037371205288587468,,6,1,val,current_repo_v1
5577,223.08,-0.010212194971793249,,6,1,val,current_repo_v1
5578,223.12,-0.09137699342022197,,6,1,val,current_repo_v1
5579,223.16,-0.1891468966661461,,6,1,val,current_repo_v1
5580,223.2,-0.09670041540566139,,6,1,val,current_repo_v1
5581,223.24,-0.2488693126067601,,6,1,val,current_repo_v1
5582,223.28,0.2943302675006548,,6,1,val,current_repo_v1
5583,223.32,0.49939996960022204,,6,1,val,current_repo_v1
5584,223.36,0.2666587826662831,,6,1,val,current_repo_v1
5585,223.4,0.42503160846477295,,6,1,val,current_repo_v1
5586,223.44,0.1736950095321043,,6,1,val,current_repo_v1
5587,223.48,0.355946721780467,,6,1,val,current_repo_v1
5588,223.52,-0.05478112159876397,,6,1,val,current_repo_v1
5589,223.56,0.2038931193893888,,6,1,val,current_repo_v1
5590,223.6,-0.06452793736115318,,6,1,val,current_repo_v1
5591,223.64,-0.24610985450193235,,6,1,val,current_repo_v1
5592,223.68,-0.037530360647800486,,6,1,val,current_repo_v1
5593,223.72,0.1684439522354793,,6,1,val,current_repo_v1
5594,223.76,0.05611567706809794,,6,1,val,current_repo_v1
5595,223.8,0.007679926511841132,,6,1,val,current_repo_v1
5596,223.84,0.16155433299443725,,6,1,val,current_repo_v1
5597,223.88,0.3073189726266347,,6,1,val,current_repo_v1
5598,223.92,0.054418680767897,,6,1,val,current_repo_v1
5599,223.96,0.00922784564008402,,6,1,val,current_repo_v1
5600,224.0,0.28732569257754986,,6,1,val,current_repo_v1
5601,224.04,0.04602100297702173,,6,1,val,current_repo_v1
5602,224.08,-0.7977005385351967,,6,1,val,current_repo_v1
5603,224.12,-1.3054699774366865,,6,1,val,current_repo_v1
5604,224.16,-0.9631435039952752,,6,1,val,current_repo_v1
5605,224.2,-0.8294221850901263,,6,1,val,current_repo_v1
5606,224.24,-0.6923025605726011,,6,1,val,current_repo_v1
5607,224.28,-0.7669701195226052,,6,1,val,current_repo_v1
5608,224.32,-0.5474021233236209,,6,1,val,current_repo_v1
5609,224.36,-0.6074910757173599,,6,1,val,current_repo_v1
5610,224.4,-0.6730691010604792,,6,1,val,current_repo_v1
5611,224.44,-0.8524972861067798,,6,1,val,current_repo_v1
5612,224.48,-0.75145169374415,,6,1,val,current_repo_v1
5613,224.52,-0.4083099219101356,,6,1,val,current_repo_v1
5614,224.56,-0.36219415440791564,,6,1,val,current_repo_v1
5615,224.6,-0.6468371535373133,,6,1,val,current_repo_v1
5616,224.64,-0.9103390201323747,,6,1,val,current_repo_v1
5617,224.68,-1.0356604699583063,,6,1,val,current_repo_v1
5618,224.72,-0.8480938400102122,,6,1,val,current_repo_v1
5619,224.76,-0.764078036299561,,6,1,val,current_repo_v1
5620,224.8,-0.6804480384665016,,6,1,val,current_repo_v1
5621,224.84,-0.3485812451456876,,6,1,val,current_repo_v1
5622,224.88,0.04470647344836785,,6,1,val,current_repo_v1
5623,224.92,0.06621294244459432,,6,1,val,current_repo_v1
5624,224.96,0.6979526758239332,,6,1,val,current_repo_v1
5625,225.0,0.9738969558831049,,6,1,val,current_repo_v1
5626,225.04,0.5725654177830353,,6,1,val,current_repo_v1
5627,225.08,0.7497025586943539,,6,1,val,current_repo_v1
5628,225.12,0.6229061283378452,,6,1,val,current_repo_v1
5629,225.16,0.3975785220351434,,6,1,val,current_repo_v1
5630,225.2,-0.015247645147635443,,6,1,val,current_repo_v1
5631,225.24,-0.14078288471632033,,6,1,val,current_repo_v1
5632,225.28,-0.13089745257512903,,6,1,val,current_repo_v1
5633,225.32,0.11684813780490647,,6,1,val,current_repo_v1
5634,225.36,0.6312362240136681,,6,1,val,current_repo_v1
5635,225.4,0.9403765050759629,,6,1,val,current_repo_v1
5636,225.44,0.6973178282871673,,6,1,val,current_repo_v1
5637,225.48,0.7073383463981654,,6,1,val,current_repo_v1
5638,225.52,0.9220784822093473,,6,1,val,current_repo_v1
5639,225.56,0.3274538516414315,,6,1,val,current_repo_v1
5640,225.6,0.3237010442706332,,6,1,val,current_repo_v1
5641,225.64,0.2627665676181148,,6,1,val,current_repo_v1
5642,225.68,-0.19048191300167894,,6,1,val,current_repo_v1
5643,225.72,0.61010663922107,,6,1,val,current_repo_v1
5644,225.76,0.41607842168805026,,6,1,val,current_repo_v1
5645,225.8,0.4724406534769659,,6,1,val,current_repo_v1
5646,225.84,0.5520708196566216,,6,1,val,current_repo_v1
5647,225.88,0.19418178162872549,,6,1,val,current_repo_v1
5648,225.92,0.10562541977954248,,6,1,val,current_repo_v1
5649,225.96,0.13007296294531415,,6,1,val,current_repo_v1
5650,226.0,0.02908039628232281,,6,1,val,current_repo_v1
5651,226.04,-0.10093059320262357,,6,1,val,current_repo_v1
5652,226.08,-0.19491222846720077,,6,1,val,current_repo_v1
5653,226.12,-0.32558169140329757,,6,1,val,current_repo_v1
5654,226.16,0.18131533647928136,,6,1,val,current_repo_v1
5655,226.2,-0.26778959179776424,,6,1,val,current_repo_v1
5656,226.24,-0.09087271884274932,,6,1,val,current_repo_v1
5657,226.28,-0.20434582912611768,,6,1,val,current_repo_v1
5658,226.32,0.26993594133747195,,6,1,val,current_repo_v1
5659,226.36,0.6226344085834503,,6,1,val,current_repo_v1
5660,226.4,0.1937382718247971,,6,1,val,current_repo_v1
5661,226.44,0.3726544606108964,,6,1,val,current_repo_v1
5662,226.48,0.07208180392421482,,6,1,val,current_repo_v1
5663,226.52,0.4129494010652444,,6,1,val,current_repo_v1
5664,226.56,0.274392360960146,,6,1,val,current_repo_v1
5665,226.6,-0.060500671125532646,,6,1,val,current_repo_v1
5666,226.64,0.2540130315569869,,6,1,val,current_repo_v1
5667,226.68,-0.30014149461864803,,6,1,val,current_repo_v1
5668,226.72,0.289395660066483,,6,1,val,current_repo_v1
5669,226.76,0.14196153697659947,,6,1,val,current_repo_v1
5670,226.8,0.032158130323221984,,6,1,val,current_repo_v1
5671,226.84,0.2180823722678895,,6,1,val,current_repo_v1
5672,226.88,-0.14365847240767982,,6,1,val,current_repo_v1
5673,226.92,-0.28814106053486216,,6,1,val,current_repo_v1
5674,226.96,0.2995976029392481,,6,1,val,current_repo_v1
5675,227.0,0.801315468652229,,6,1,val,current_repo_v1
5676,227.04,1.0082339572476167,,6,1,val,current_repo_v1
5677,227.08,0.5833706953792686,,6,1,val,current_repo_v1
5678,227.12,0.6167198778721964,,6,1,val,current_repo_v1
5679,227.16,0.3806349936226553,,6,1,val,current_repo_v1
5680,227.2,0.5171369530866036,,6,1,val,current_repo_v1
5681,227.24,0.8702333652519407,,6,1,val,current_repo_v1
5682,227.28,0.867072275298163,,6,1,val,current_repo_v1
5683,227.32,0.5160717782583153,,6,1,val,current_repo_v1
5684,227.36,0.32718133189288007,,6,1,val,current_repo_v1
5685,227.4,0.2550674934200481,,6,1,val,current_repo_v1
5686,227.44,0.20673358559815738,,6,1,val,current_repo_v1
5687,227.48,0.36917636427699135,,6,1,val,current_repo_v1
5688,227.52,0.26519514118331655,,6,1,val,current_repo_v1
5689,227.56,0.6167413733673598,,6,1,val,current_repo_v1
5690,227.6,0.8273185482819082,,6,1,val,current_repo_v1
5691,227.64,0.7356883306243676,,6,1,val,current_repo_v1
5692,227.68,0.9357382085209117,,6,1,val,current_repo_v1
5693,227.72,1.1642841565331175,,6,1,val,current_repo_v1
5694,227.76,1.3031287075816143,,6,1,val,current_repo_v1
5695,227.8,1.3541385610748582,,6,1,val,current_repo_v1
5696,227.84,0.8820199226370868,,6,1,val,current_repo_v1
5697,227.88,1.0551774752253984,,6,1,val,current_repo_v1
5698,227.92,0.7031982722908806,,6,1,val,current_repo_v1
5699,227.96,1.0931250241302586,,6,1,val,current_repo_v1
5700,228.0,0.5261640175845672,,6,1,val,current_repo_v1
5701,228.04,0.7624206571012873,,6,1,val,current_repo_v1
5702,228.08,0.759933997003848,,6,1,val,current_repo_v1
5703,228.12,0.7163416893302692,,6,1,val,current_repo_v1
5704,228.16,0.3710913415936788,,6,1,val,current_repo_v1
5705,228.2,0.7705916582870177,,6,1,val,current_repo_v1
5706,228.24,0.15131416431393022,,6,1,val,current_repo_v1
5707,228.28,0.5789918751897812,,6,1,val,current_repo_v1
5708,228.32,0.667885973702453,,6,1,val,current_repo_v1
5709,228.36,0.7429995120035645,,6,1,val,current_repo_v1
5710,228.4,0.6265369887732994,,6,1,val,current_repo_v1
5711,228.44,0.745458554911425,,6,1,val,current_repo_v1
5712,228.48,0.8947767685870817,,6,1,val,current_repo_v1
5713,228.52,0.6236190970431172,,6,1,val,current_repo_v1
5714,228.56,0.8899268561864417,,6,1,val,current_repo_v1
5715,228.6,0.2847165985918016,,6,1,val,current_repo_v1
5716,228.64,0.7446006829167509,,6,1,val,current_repo_v1
5717,228.68,0.18669220155261473,,6,1,val,current_repo_v1
5718,228.72,0.5622127281852898,,6,1,val,current_repo_v1
5719,228.76,0.1649977861031276,,6,1,val,current_repo_v1
5720,228.8,0.5909038577457347,,6,1,val,current_repo_v1
5721,228.84,0.36379003840319774,,6,1,val,current_repo_v1
5722,228.88,0.21105424969069791,,6,1,val,current_repo_v1
5723,228.92,0.17241321019916028,,6,1,val,current_repo_v1
5724,228.96,0.14368973304890642,,6,1,val,current_repo_v1
5725,229.0,0.07359954935981337,,6,1,val,current_repo_v1
5726,229.04,0.4495880899652559,,6,1,val,current_repo_v1
5727,229.08,0.1895567371507895,,6,1,val,current_repo_v1
5728,229.12,0.07732035696434914,,6,1,val,current_repo_v1
5729,229.16,0.3126944811881374,,6,1,val,current_repo_v1
5730,229.2,0.4321159045446972,,6,1,val,current_repo_v1
5731,229.24,0.2597906589204044,,6,1,val,current_repo_v1
5732,229.28,0.019261528872310845,,6,1,val,current_repo_v1
5733,229.32,0.5528150924810636,,6,1,val,current_repo_v1
5734,229.36,0.28728736242274405,,6,1,val,current_repo_v1
5735,229.4,0.37233814987786173,,6,1,val,current_repo_v1
5736,229.44,0.46455180675202024,,6,1,val,current_repo_v1
5737,229.48,0.7147759964188087,,6,1,val,current_repo_v1
5738,229.52,0.29271671406921895,,6,1,val,current_repo_v1
5739,229.56,0.5041291176655753,,6,1,val,current_repo_v1
5740,229.6,0.04524953035125656,,6,1,val,current_repo_v1
5741,229.64,0.5687890975405049,,6,1,val,current_repo_v1
5742,229.68,0.6201566527687972,,6,1,val,current_repo_v1
5743,229.72,0.13601251956072669,,6,1,val,current_repo_v1
5744,229.76,0.061982034218184844,,6,1,val,current_repo_v1
5745,229.8,0.2889306895497459,,6,1,val,current_repo_v1
5746,229.84,0.11549319118016878,,6,1,val,current_repo_v1
5747,229.88,0.384997744364302,,6,1,val,current_repo_v1
5748,229.92,0.46521858449033937,,6,1,val,current_repo_v1
5749,229.96,0.25267669349197797,,6,1,val,current_repo_v1
5750,230.0,0.3215505556307241,,6,1,val,current_repo_v1
5751,230.04,0.33036596950074454,,6,1,val,current_repo_v1
5752,230.08,0.10767797869998166,,6,1,val,current_repo_v1
5753,230.12,-0.4241000674429856,,6,1,val,current_repo_v1
5754,230.16,-0.2006260476010436,,6,1,val,current_repo_v1
5755,230.2,-0.5439376268903775,,6,1,val,current_repo_v1
5756,230.24,-0.808704492941095,,6,1,val,current_repo_v1
5757,230.28,-0.6229279020918456,,6,1,val,current_repo_v1
5758,230.32,-0.39242273360785884,,6,1,val,current_repo_v1
5759,230.36,-0.5172439436094554,,6,1,val,current_repo_v1
5760,230.4,-0.23488485823233987,,6,1,val,current_repo_v1
5761,230.44,0.09683104923407516,,6,1,val,current_repo_v1
5762,230.48,-0.20839492998485923,,6,1,val,current_repo_v1
5763,230.52,-0.1943327022654791,,6,1,val,current_repo_v1
5764,230.56,-0.23848980581359233,,6,1,val,current_repo_v1
5765,230.6,0.3150776289981882,,6,1,val,current_repo_v1
5766,230.64,-0.04609339375260216,,6,1,val,current_repo_v1
5767,230.68,-0.563014252765458,,6,1,val,current_repo_v1
5768,230.72,-0.41954726591562286,,6,1,val,current_repo_v1
5769,230.76,-0.3626984637677429,,6,1,val,current_repo_v1
5770,230.8,-0.37102713336702586,,6,1,val,current_repo_v1
5771,230.84,-0.2726309129568097,,6,1,val,current_repo_v1
5772,230.88,-0.42661942295378014,,6,1,val,current_repo_v1
5773,230.92,-1.0752754849442838,,6,1,val,current_repo_v1
5774,230.96,-0.9916271915926875,,6,1,val,current_repo_v1
5775,231.0,-0.699478021204019,,6,1,val,current_repo_v1
5776,231.04,-0.4756525256685082,,6,1,val,current_repo_v1
5777,231.08,-0.470214095827474,,6,1,val,current_repo_v1
5778,231.12,-0.3231842132631379,,6,1,val,current_repo_v1
5779,231.16,-0.4290797180264075,,6,1,val,current_repo_v1
5780,231.2,-0.3805921069793925,,6,1,val,current_repo_v1
5781,231.24,-0.3001025035991041,,6,1,val,current_repo_v1
5782,231.28,-0.6536439907743282,,6,1,val,current_repo_v1
5783,231.32,-1.2465300253459017,,6,1,val,current_repo_v1
5784,231.36,-1.051412911418734,,6,1,val,current_repo_v1
5785,231.4,-0.7418597638069426,,6,1,val,current_repo_v1
5786,231.44,-0.7314059271219236,,6,1,val,current_repo_v1
5787,231.48,-0.65720869517127,,6,1,val,current_repo_v1
5788,231.52,-0.17814589876039166,,6,1,val,current_repo_v1
5789,231.56,-0.40273003223280807,,6,1,val,current_repo_v1
5790,231.6,-0.4519256033260279,,6,1,val,current_repo_v1
5791,231.64,-0.8343153667399299,,6,1,val,current_repo_v1
5792,231.68,-1.2502367113144566,,6,1,val,current_repo_v1
5793,231.72,-1.231313719099791,,6,1,val,current_repo_v1
5794,231.76,-0.9538982150043426,,6,1,val,current_repo_v1
5795,231.8,-1.3985823407898585,,6,1,val,current_repo_v1
5796,231.84,-1.5886459264123636,,6,1,val,current_repo_v1
5797,231.88,-1.5606016095186783,,6,1,val,current_repo_v1
5798,231.92,-1.4845637649255432,,6,1,val,current_repo_v1
5799,231.96,-1.1169205372760755,,6,1,val,current_repo_v1
5800,232.0,-1.0887989339903952,,6,1,val,current_repo_v1
5801,232.04,-1.4491369628256627,,6,1,val,current_repo_v1
5802,232.08,-1.4319475231659178,,6,1,val,current_repo_v1
5803,232.12,-0.8229700583056611,,6,1,val,current_repo_v1
5804,232.16,-0.25088731525787117,,6,1,val,current_repo_v1
5805,232.2,-0.4641357402258975,,6,1,val,current_repo_v1
5806,232.24,0.14190214610606322,,6,1,val,current_repo_v1
5807,232.28,0.34889769500814083,,6,1,val,current_repo_v1
5808,232.32,0.5665791658565277,,6,1,val,current_repo_v1
5809,232.36,0.4721383252504938,,6,1,val,current_repo_v1
5810,232.4,0.20765956144320338,,6,1,val,current_repo_v1
5811,232.44,-0.3163871150854202,,6,1,val,current_repo_v1
5812,232.48,-0.4665509573669201,,6,1,val,current_repo_v1
5813,232.52,-0.37885542401255506,,6,1,val,current_repo_v1
5814,232.56,-0.11980453360166761,,6,1,val,current_repo_v1
5815,232.6,-0.5102253513974333,,6,1,val,current_repo_v1
5816,232.64,-0.9510182360407107,,6,1,val,current_repo_v1
5817,232.68,-1.0517848043544726,,6,1,val,current_repo_v1
5818,232.72,-0.7120113557431407,,6,1,val,current_repo_v1
5819,232.76,-0.683915004446924,,6,1,val,current_repo_v1
5820,232.8,-0.5399325778837789,,6,1,val,current_repo_v1
5821,232.84,-0.9046520355851314,,6,1,val,current_repo_v1
5822,232.88,-0.5020754283186105,,6,1,val,current_repo_v1
5823,232.92,-0.4378956536317474,,6,1,val,current_repo_v1
5824,232.96,-0.6917675383936326,,6,1,val,current_repo_v1
5825,233.0,-0.46085294681325806,,6,1,val,current_repo_v1
5826,233.04,-0.7038104417324256,,6,1,val,current_repo_v1
5827,233.08,-0.4569354449932714,,6,1,val,current_repo_v1
5828,233.12,-0.8345519563161452,,6,1,val,current_repo_v1
5829,233.16,-0.6258280548211648,,6,1,val,current_repo_v1
5830,233.2,-0.6797344436788462,,6,1,val,current_repo_v1
5831,233.24,-1.0959478209028735,,6,1,val,current_repo_v1
5832,233.28,-1.1358746249157832,,6,1,val,current_repo_v1
5833,233.32,-1.4167161909426054,,6,1,val,current_repo_v1
5834,233.36,-1.1358104862538396,,6,1,val,current_repo_v1
5835,233.4,-0.550333301913273,,6,1,val,current_repo_v1
5836,233.44,-0.8687457239442773,,6,1,val,current_repo_v1
5837,233.48,-0.6602313513536076,,6,1,val,current_repo_v1
5838,233.52,-0.9464593823836417,,6,1,val,current_repo_v1
5839,233.56,-0.6843322535731043,,6,1,val,current_repo_v1
5840,233.6,-0.764326312746933,,6,1,val,current_repo_v1
5841,233.64,-0.7028773702870345,,6,1,val,current_repo_v1
5842,233.68,-0.6719806220545868,,6,1,val,current_repo_v1
5843,233.72,-0.508353225941654,,6,1,val,current_repo_v1
5844,233.76,-0.5452891300620065,,6,1,val,current_repo_v1
5845,233.8,-0.7696524651472111,,6,1,val,current_repo_v1
5846,233.84,-0.8583125479779105,,6,1,val,current_repo_v1
5847,233.88,-0.4575038582326877,,6,1,val,current_repo_v1
5848,233.92,-0.10101596649207084,,6,1,val,current_repo_v1
5849,233.96,0.1582356094094617,,6,1,val,current_repo_v1
5850,234.0,-0.06548431298414864,,6,1,val,current_repo_v1
5851,234.04,-0.7991576409354924,,6,1,val,current_repo_v1
5852,234.08,-0.6712700185494297,,6,1,val,current_repo_v1
5853,234.12,-0.8426991663713065,,6,1,val,current_repo_v1
5854,234.16,-0.494760420880404,,6,1,val,current_repo_v1
5855,234.2,-0.17516407706239362,,6,1,val,current_repo_v1
5856,234.24,-0.40995248382533556,,6,1,val,current_repo_v1
5857,234.28,-0.6852853596547642,,6,1,val,current_repo_v1
5858,234.32,-0.36335605896443884,,6,1,val,current_repo_v1
5859,234.36,-0.6656471030994209,,6,1,val,current_repo_v1
5860,234.4,-0.9443387022216534,,6,1,val,current_repo_v1
5861,234.44,-0.9559781998114101,,6,1,val,current_repo_v1
5862,234.48,-0.9598497541409263,,6,1,val,current_repo_v1
5863,234.52,-0.7843815401696196,,6,1,val,current_repo_v1
5864,234.56,0.08186474116189064,,6,1,val,current_repo_v1
5865,234.6,0.6222450549056859,,6,1,val,current_repo_v1
5866,234.64,0.23996311679114693,,6,1,val,current_repo_v1
5867,234.68,-0.11802521616363845,,6,1,val,current_repo_v1
5868,234.72,0.7303534826354312,,6,1,val,current_repo_v1
5869,234.76,0.6879583140436192,,6,1,val,current_repo_v1
5870,234.8,-0.2524617385403446,,6,1,val,current_repo_v1
5871,234.84,-0.2598225891219577,,6,1,val,current_repo_v1
5872,234.88,-0.13869489127209852,,6,1,val,current_repo_v1
5873,234.92,0.4087487013138339,,6,1,val,current_repo_v1
5874,234.96,0.8764705370847726,,6,1,val,current_repo_v1
5875,235.0,0.5918283727318862,,6,1,val,current_repo_v1
5876,235.04,0.4057263233903335,,6,1,val,current_repo_v1
5877,235.08,0.22007394032947933,,6,1,val,current_repo_v1
5878,235.12,0.037292318908279276,,6,1,val,current_repo_v1
5879,235.16,-0.31278074142762785,,6,1,val,current_repo_v1
5880,235.2,-0.5068977930943809,,6,1,val,current_repo_v1
5881,235.24,-0.5186295682709796,,6,1,val,current_repo_v1
5882,235.28,0.1695940655737819,,6,1,val,current_repo_v1
5883,235.32,0.899439621484504,,6,1,val,current_repo_v1
5884,235.36,1.0310490949457414,,6,1,val,current_repo_v1
5885,235.4,0.8725870871899718,,6,1,val,current_repo_v1
5886,235.44,0.8234927675310894,,6,1,val,current_repo_v1
5887,235.48,0.43617469228920414,,6,1,val,current_repo_v1
5888,235.52,0.21723496976196,,6,1,val,current_repo_v1
5889,235.56,0.3891712443143894,,6,1,val,current_repo_v1
5890,235.6,0.8703775728942502,,6,1,val,current_repo_v1
5891,235.64,0.5963615570112357,,6,1,val,current_repo_v1
5892,235.68,0.7430424334291819,,6,1,val,current_repo_v1
5893,235.72,1.1408874578655253,,6,1,val,current_repo_v1
5894,235.76,0.48426825404057916,,6,1,val,current_repo_v1
5895,235.8,0.3266749008094202,,6,1,val,current_repo_v1
5896,235.84,0.8266017535176264,,6,1,val,current_repo_v1
5897,235.88,1.0593220014740763,,6,1,val,current_repo_v1
5898,235.92,1.137072250950515,,6,1,val,current_repo_v1
5899,235.96,1.5706411883600155,,6,1,val,current_repo_v1
5900,236.0,1.409831232537084,,6,1,val,current_repo_v1
5901,236.04,1.166974780358126,,6,1,val,current_repo_v1
5902,236.08,1.4434415609485982,,6,1,val,current_repo_v1
5903,236.12,1.1637681255197787,,6,1,val,current_repo_v1
5904,236.16,1.1346758858457033,,6,1,val,current_repo_v1
5905,236.2,1.3540520225765307,,6,1,val,current_repo_v1
5906,236.24,0.9455010589487868,,6,1,val,current_repo_v1
5907,236.28,1.467247717494933,,6,1,val,current_repo_v1
5908,236.32,1.3661240039637972,,6,1,val,current_repo_v1
5909,236.36,1.2016624574220502,,6,1,val,current_repo_v1
5910,236.4,1.1290711963495224,,6,1,val,current_repo_v1
5911,236.44,0.9135068578629513,,6,1,val,current_repo_v1
5912,236.48,0.744476718604838,,6,1,val,current_repo_v1
5913,236.52,0.6207976219999785,,6,1,val,current_repo_v1
5914,236.56,0.1591394984593156,,6,1,val,current_repo_v1
5915,236.6,0.6895878673581862,,6,1,val,current_repo_v1
5916,236.64,0.5610802147184316,,6,1,val,current_repo_v1
5917,236.68,0.1699715584686164,,6,1,val,current_repo_v1
5918,236.72,0.5065607520779848,,6,1,val,current_repo_v1
5919,236.76,0.8473047675130025,,6,1,val,current_repo_v1
5920,236.8,0.36125962210362983,,6,1,val,current_repo_v1
5921,236.84,0.4098068848888408,,6,1,val,current_repo_v1
5922,236.88,0.02365694024495821,,6,1,val,current_repo_v1
5923,236.92,0.2849915878875319,,6,1,val,current_repo_v1
5924,236.96,0.31919405110432236,,6,1,val,current_repo_v1
5925,237.0,-0.6478250419736065,,6,1,val,current_repo_v1
5926,237.04,-0.8369962515056412,,6,1,val,current_repo_v1
5927,237.08,-0.7768412822028082,,6,1,val,current_repo_v1
5928,237.12,-0.9740192506419953,,6,1,val,current_repo_v1
5929,237.16,-0.6080830713932176,,6,1,val,current_repo_v1
5930,237.2,-0.6644730595011306,,6,1,val,current_repo_v1
5931,237.24,-0.16910476479997885,,6,1,val,current_repo_v1
5932,237.28,0.38799932243973173,,6,1,val,current_repo_v1
5933,237.32,0.634517452220349,,6,1,val,current_repo_v1
5934,237.36,0.3537302857961733,,6,1,val,current_repo_v1
5935,237.4,0.3997607669648326,,6,1,val,current_repo_v1
5936,237.44,0.11020992542315343,,6,1,val,current_repo_v1
5937,237.48,0.43420232408737186,,6,1,val,current_repo_v1
5938,237.52,0.6394526509545495,,6,1,val,current_repo_v1
5939,237.56,0.6591205420760405,,6,1,val,current_repo_v1
5940,237.6,0.24503535800260243,,6,1,val,current_repo_v1
5941,237.64,0.20498855486620793,,6,1,val,current_repo_v1
5942,237.68,0.32963244442388423,,6,1,val,current_repo_v1
5943,237.72,-0.20056990888066556,,6,1,val,current_repo_v1
5944,237.76,-0.31019425597239114,,6,1,val,current_repo_v1
5945,237.8,-0.44619284520008723,,6,1,val,current_repo_v1
5946,237.84,-0.6304831860358585,,6,1,val,current_repo_v1
5947,237.88,-0.4397234663677239,,6,1,val,current_repo_v1
5948,237.92,-0.33726884081890185,,6,1,val,current_repo_v1
5949,237.96,-0.42104450715316516,,6,1,val,current_repo_v1
5950,238.0,-0.4982861690401566,,6,1,val,current_repo_v1
5951,238.04,-0.6316760121056507,,6,1,val,current_repo_v1
5952,238.08,-0.060413323937459934,,6,1,val,current_repo_v1
5953,238.12,-0.2830465586164414,,6,1,val,current_repo_v1
5954,238.16,0.1625079608114167,,6,1,val,current_repo_v1
5955,238.2,0.04257459336818757,,6,1,val,current_repo_v1
5956,238.24,0.4614853943675542,,6,1,val,current_repo_v1
5957,238.28,0.9786986599402231,,6,1,val,current_repo_v1
5958,238.32,0.6958403434270567,,6,1,val,current_repo_v1
5959,238.36,0.9214775822507035,,6,1,val,current_repo_v1
5960,238.4,0.7418133641458619,,6,1,val,current_repo_v1
5961,238.44,0.912181371892588,,6,1,val,current_repo_v1
5962,238.48,1.1077703432427102,,6,1,val,current_repo_v1
5963,238.52,0.8383378764885543,,6,1,val,current_repo_v1
5964,238.56,0.9654881129563924,,6,1,val,current_repo_v1
5965,238.6,0.419854046283488,,6,1,val,current_repo_v1
5966,238.64,0.593357891994528,,6,1,val,current_repo_v1
5967,238.68,0.23059880258265938,,6,1,val,current_repo_v1
5968,238.72,0.22206689968525448,,6,1,val,current_repo_v1
5969,238.76,0.5257951854960363,,6,1,val,current_repo_v1
5970,238.8,0.5756484561330161,,6,1,val,current_repo_v1
5971,238.84,0.5721020472546113,,6,1,val,current_repo_v1
5972,238.88,0.5569168364335426,,6,1,val,current_repo_v1
5973,238.92,0.16776583544954976,,6,1,val,current_repo_v1
5974,238.96,-0.3504285360002588,,6,1,val,current_repo_v1
5975,239.0,-0.6744140651494371,,6,1,val,current_repo_v1
5976,239.04,-0.69919057982533,,6,1,val,current_repo_v1
5977,239.08,-0.8664371495025601,,6,1,val,current_repo_v1
5978,239.12,-0.9253236758966282,,6,1,val,current_repo_v1
5979,239.16,-1.1876501771639234,,6,1,val,current_repo_v1
5980,239.2,-1.3191207994654648,,6,1,val,current_repo_v1
5981,239.24,-1.3941555209509775,,6,1,val,current_repo_v1
5982,239.28,-1.5568520716892156,,6,1,val,current_repo_v1
5983,239.32,-1.6727513294685499,,6,1,val,current_repo_v1
5984,239.36,-1.8429850773263916,,6,1,val,current_repo_v1
5985,239.4,-1.7530148127613676,,6,1,val,current_repo_v1
5986,239.44,-1.1957049357204694,,6,1,val,current_repo_v1
5987,239.48,-0.017217395977281558,,6,1,val,current_repo_v1
5988,239.52,-0.23727666684869433,,6,1,val,current_repo_v1
5989,239.56,-0.7987353831502448,,6,1,val,current_repo_v1
5990,239.6,-1.0451828351862473,,6,1,val,current_repo_v1
5991,239.64,-0.5103664286278257,,6,1,val,current_repo_v1
5992,239.68,-0.1644412684289958,,6,1,val,current_repo_v1
5993,239.72,0.2971470469259181,,6,1,val,current_repo_v1
5994,239.76,0.4865308462094712,,6,1,val,current_repo_v1
5995,239.8,0.7649629689661397,,6,1,val,current_repo_v1
5996,239.84,1.15434892475568,,6,1,val,current_repo_v1
5997,239.88,1.0358155296952614,,6,1,val,current_repo_v1
5998,239.92,0.17676945664049062,,6,1,val,current_repo_v1
5999,239.96,-0.04187756367692619,,6,1,val,current_repo_v1
6000,240.0,-0.23976103131072782,,6,1,val,current_repo_v1
6001,240.04,-0.023630010006883428,,6,1,val,current_repo_v1
6002,240.08,-0.6767768304996729,,6,1,val,current_repo_v1
6003,240.12,-1.076677700788968,,6,1,val,current_repo_v1
6004,240.16,-0.6347193985713495,,6,1,val,current_repo_v1
6005,240.2,-0.9689745570554094,,6,1,val,current_repo_v1
6006,240.24,-0.7198892112440222,,6,1,val,current_repo_v1
6007,240.28,-0.6578461166022788,,6,1,val,current_repo_v1
6008,240.32,-0.559061412073164,,6,1,val,current_repo_v1
6009,240.36,-0.1427704962850706,,6,1,val,current_repo_v1
6010,240.4,-0.15697200124799088,,6,1,val,current_repo_v1
6011,240.44,-0.05293289162061773,,6,1,val,current_repo_v1
6012,240.48,0.5476608344773829,,6,1,val,current_repo_v1
6013,240.52,0.3026706935358037,,6,1,val,current_repo_v1
6014,240.56,0.3589688562274849,,6,1,val,current_repo_v1
6015,240.6,0.5881555647767442,,6,1,val,current_repo_v1
6016,240.64,0.47236030623776315,,6,1,val,current_repo_v1
6017,240.68,0.6395630501481554,,6,1,val,current_repo_v1
6018,240.72,0.580471516555879,,6,1,val,current_repo_v1
6019,240.76,0.04648934738215825,,6,1,val,current_repo_v1
6020,240.8,0.09405479125195955,,6,1,val,current_repo_v1
6021,240.84,0.22562694324667543,,6,1,val,current_repo_v1
6022,240.88,-0.3213396006498735,,6,1,val,current_repo_v1
6023,240.92,-0.6477164514624415,,6,1,val,current_repo_v1
6024,240.96,0.02320464789648493,,6,1,val,current_repo_v1
6025,241.0,0.008757936028989005,,6,1,val,current_repo_v1
6026,241.04,-0.7097280332908873,,6,1,val,current_repo_v1
6027,241.08,-1.0367486707053617,,6,1,val,current_repo_v1
6028,241.12,-0.5511997303671868,,6,1,val,current_repo_v1
6029,241.16,-0.4607058522355141,,6,1,val,current_repo_v1
6030,241.2,-0.9605536098692844,,6,1,val,current_repo_v1
6031,241.24,-1.4753920753970144,,6,1,val,current_repo_v1
6032,241.28,-1.560891555226901,,6,1,val,current_repo_v1
6033,241.32,-1.538963924089598,,6,1,val,current_repo_v1
6034,241.36,-1.3543806462631056,,6,1,val,current_repo_v1
6035,241.4,-1.5595253043369075,,6,1,val,current_repo_v1
6036,241.44,-1.40661762122781,,6,1,val,current_repo_v1
6037,241.48,-1.516601652648798,,6,1,val,current_repo_v1
6038,241.52,-1.4977501729552585,,6,1,val,current_repo_v1
6039,241.56,-1.5569578100473005,,6,1,val,current_repo_v1
6040,241.6,-1.9015129280794818,,6,1,val,current_repo_v1
6041,241.64,-1.4858234426809405,,6,1,val,current_repo_v1
6042,241.68,-1.380405917035041,,6,1,val,current_repo_v1
6043,241.72,-1.771957839612302,,6,1,val,current_repo_v1
6044,241.76,-1.3789433885874225,,6,1,val,current_repo_v1
6045,241.8,-0.9936039423712035,,6,1,val,current_repo_v1
6046,241.84,-1.0393048955120676,,6,1,val,current_repo_v1
6047,241.88,-1.4382884855449751,,6,1,val,current_repo_v1
6048,241.92,-1.4396235714452172,,6,1,val,current_repo_v1
6049,241.96,-1.1160081961140458,,6,1,val,current_repo_v1
6050,242.0,-0.7561283900187163,,6,1,val,current_repo_v1
6051,242.04,-0.7287378422627174,,6,1,val,current_repo_v1
6052,242.08,-0.7977029733000212,,6,1,val,current_repo_v1
6053,242.12,-0.983167705557629,,6,1,val,current_repo_v1
6054,242.16,-1.1209758120027644,,6,1,val,current_repo_v1
6055,242.2,-1.2688462449491673,,6,1,val,current_repo_v1
6056,242.24,-1.2761167309734434,,6,1,val,current_repo_v1
6057,242.28,-0.8648225526004854,,6,1,val,current_repo_v1
6058,242.32,-0.9559116959493513,,6,1,val,current_repo_v1
6059,242.36,-0.7457358398425612,,6,1,val,current_repo_v1
6060,242.4,-1.1181933627615241,,6,1,val,current_repo_v1
6061,242.44,-0.8997747146890406,,6,1,val,current_repo_v1
6062,242.48,-0.8641384532495588,,6,1,val,current_repo_v1
6063,242.52,-0.6528895615023333,,6,1,val,current_repo_v1
6064,242.56,-0.5056173154909129,,6,1,val,current_repo_v1
6065,242.6,-0.49798815382565903,,6,1,val,current_repo_v1
6066,242.64,-1.0265609190332872,,6,1,val,current_repo_v1
6067,242.68,-0.6648023788347981,,6,1,val,current_repo_v1
6068,242.72,-0.787779845781996,,6,1,val,current_repo_v1
6069,242.76,-0.8511507915942179,,6,1,val,current_repo_v1
6070,242.8,-0.35837178232785083,,6,1,val,current_repo_v1
6071,242.84,-0.5548374777088585,,6,1,val,current_repo_v1
6072,242.88,-0.6893155215214081,,6,1,val,current_repo_v1
6073,242.92,-0.9954615983674554,,6,1,val,current_repo_v1
6074,242.96,-1.2082989306860714,,6,1,val,current_repo_v1
6075,243.0,-0.9146605885661357,,6,1,val,current_repo_v1
6076,243.04,-1.0575756490126507,,6,1,val,current_repo_v1
6077,243.08,-1.1514489807204886,,6,1,val,current_repo_v1
6078,243.12,-1.1557359754937442,,6,1,val,current_repo_v1
6079,243.16,-0.6916867737661743,,6,1,val,current_repo_v1
6080,243.2,-0.9403961223239761,,6,1,val,current_repo_v1
6081,243.24,-1.165722754720748,,6,1,val,current_repo_v1
6082,243.28,-1.399470542997773,,6,1,val,current_repo_v1
6083,243.32,-1.1675657325633448,,6,1,val,current_repo_v1
6084,243.36,-1.3484968631533474,,6,1,val,current_repo_v1
6085,243.4,-1.2387010738356345,,6,1,val,current_repo_v1
6086,243.44,-1.1847777111888922,,6,1,val,current_repo_v1
6087,243.48,-1.2274950339493171,,6,1,val,current_repo_v1
6088,243.52,-1.1992827878474628,,6,1,val,current_repo_v1
6089,243.56,-1.6128722538026679,,6,1,val,current_repo_v1
6090,243.6,-0.6819439579745679,,6,1,val,current_repo_v1
6091,243.64,-1.0225932262755646,,6,1,val,current_repo_v1
6092,243.68,-1.3005742914573493,,6,1,val,current_repo_v1
6093,243.72,-1.0658812579108117,,6,1,val,current_repo_v1
6094,243.76,-0.9080645323981982,,6,1,val,current_repo_v1
6095,243.8,-1.1085045987490179,,6,1,val,current_repo_v1
6096,243.84,-1.1537830854105067,,6,1,val,current_repo_v1
6097,243.88,-1.1938028974397057,,6,1,val,current_repo_v1
6098,243.92,-0.9473861930051989,,6,1,val,current_repo_v1
6099,243.96,-0.8131202519912029,,6,1,val,current_repo_v1
6100,244.0,-0.6273967390151237,,6,1,val,current_repo_v1
6101,244.04,-0.5406006425692195,,6,1,val,current_repo_v1
6102,244.08,-0.8775466335724157,,6,1,val,current_repo_v1
6103,244.12,-0.8637511169483632,,6,1,val,current_repo_v1
6104,244.16,-0.8543658637623864,,6,1,val,current_repo_v1
6105,244.2,-0.8567199335239638,,6,1,val,current_repo_v1
6106,244.24,-1.1661429255647175,,6,1,val,current_repo_v1
6107,244.28,-1.2859401026983803,,6,1,val,current_repo_v1
6108,244.32,-1.2492661444907707,,6,1,val,current_repo_v1
6109,244.36,-1.2830467673105692,,6,1,val,current_repo_v1
6110,244.4,-0.6061740766415271,,6,1,val,current_repo_v1
6111,244.44,-0.8999455656149989,,6,1,val,current_repo_v1
6112,244.48,-1.3466801112061442,,6,1,val,current_repo_v1
6113,244.52,-1.0530983947595514,,6,1,val,current_repo_v1
6114,244.56,-0.9118971304905251,,6,1,val,current_repo_v1
6115,244.6,-1.123112213789047,,6,1,val,current_repo_v1
6116,244.64,-0.9159541443349457,,6,1,val,current_repo_v1
6117,244.68,-0.4463568092198283,,6,1,val,current_repo_v1
6118,244.72,-0.2810685208908039,,6,1,val,current_repo_v1
6119,244.76,-0.29127794196981516,,6,1,val,current_repo_v1
6120,244.8,-0.3060863555431421,,6,1,val,current_repo_v1
6121,244.84,-0.10390170193539455,,6,1,val,current_repo_v1
6122,244.88,0.04620336686236379,,6,1,val,current_repo_v1
6123,244.92,-0.2810108169644674,,6,1,val,current_repo_v1
6124,244.96,-0.6169382414945839,,6,1,val,current_repo_v1
6125,245.0,-0.39744335780503864,,6,1,val,current_repo_v1
6126,245.04,-0.3262262779993607,,6,1,val,current_repo_v1
6127,245.08,-0.32669201372789974,,6,1,val,current_repo_v1
6128,245.12,-0.24172331262971644,,6,1,val,current_repo_v1
6129,245.16,-0.3966695199791584,,6,1,val,current_repo_v1
6130,245.2,-0.21825604056457326,,6,1,val,current_repo_v1
6131,245.24,-0.46058745310034255,,6,1,val,current_repo_v1
6132,245.28,-0.8539516059187046,,6,1,val,current_repo_v1
6133,245.32,-1.104307551144844,,6,1,val,current_repo_v1
6134,245.36,-1.7185354820016967,,6,1,val,current_repo_v1
6135,245.4,-1.6615519677943222,,6,1,val,current_repo_v1
6136,245.44,-1.3325846315557348,,6,1,val,current_repo_v1
6137,245.48,-1.2216756677603398,,6,1,val,current_repo_v1
6138,245.52,-1.1500047477914075,,6,1,val,current_repo_v1
6139,245.56,-0.25017107701126357,,6,1,val,current_repo_v1
6140,245.6,-0.2826281616725582,,6,1,val,current_repo_v1
6141,245.64,-0.09926545753926667,,6,1,val,current_repo_v1
6142,245.68,0.47763665030620645,,6,1,val,current_repo_v1
6143,245.72,0.4634723015936231,,6,1,val,current_repo_v1
6144,245.76,0.17482460128117325,,6,1,val,current_repo_v1
6145,245.8,1.0159422835520158,,6,1,val,current_repo_v1
6146,245.84,0.6133861283100193,,6,1,val,current_repo_v1
6147,245.88,0.47560751730161277,,6,1,val,current_repo_v1
6148,245.92,1.2382256686125075,,6,1,val,current_repo_v1
6149,245.96,1.0054640992187536,,6,1,val,current_repo_v1
6150,246.0,0.6861609706503013,,6,1,val,current_repo_v1
6151,246.04,0.6342243065355001,,6,1,val,current_repo_v1
6152,246.08,0.5665770789152497,,6,1,val,current_repo_v1
6153,246.12,0.7968133797979214,,6,1,val,current_repo_v1
6154,246.16,0.7799786505907261,,6,1,val,current_repo_v1
6155,246.2,1.0707676222191074,,6,1,val,current_repo_v1
6156,246.24,1.1326356920523364,,6,1,val,current_repo_v1
6157,246.28,0.9818325500926776,,6,1,val,current_repo_v1
6158,246.32,1.3078062386326916,,6,1,val,current_repo_v1
6159,246.36,1.8763357902429234,,6,1,val,current_repo_v1
6160,246.4,2.347009221845684,,6,1,val,current_repo_v1
6161,246.44,2.0127496807849403,,6,1,val,current_repo_v1
6162,246.48,2.0591095508519763,,6,1,val,current_repo_v1
6163,246.52,2.0664817404812,,6,1,val,current_repo_v1
6164,246.56,2.1492818313327104,,6,1,val,current_repo_v1
6165,246.6,1.3637334822945641,,6,1,val,current_repo_v1
6166,246.64,0.6737016529618393,,6,1,val,current_repo_v1
6167,246.68,0.402448469072052,,6,1,val,current_repo_v1
6168,246.72,0.48631241302237443,,6,1,val,current_repo_v1
6169,246.76,0.8075045017062484,,6,1,val,current_repo_v1
6170,246.8,0.4228091551331277,,6,1,val,current_repo_v1
6171,246.84,-0.10484781676377321,,6,1,val,current_repo_v1
6172,246.88,-0.20586500063825622,,6,1,val,current_repo_v1
6173,246.92,0.01135172577869866,,6,1,val,current_repo_v1
6174,246.96,0.07415241488670865,,6,1,val,current_repo_v1
6175,247.0,0.13876571684172045,,6,1,val,current_repo_v1
6176,247.04,0.18634034325314494,,6,1,val,current_repo_v1
6177,247.08,0.18010247577322044,,6,1,val,current_repo_v1
6178,247.12,0.2839662736376534,,6,1,val,current_repo_v1
6179,247.16,0.12606928784172358,,6,1,val,current_repo_v1
6180,247.2,-0.1938471058124445,,6,1,val,current_repo_v1
6181,247.24,-0.5937201850003878,,6,1,val,current_repo_v1
6182,247.28,-0.35808865396113626,,6,1,val,current_repo_v1
6183,247.32,-0.3498961572802425,,6,1,val,current_repo_v1
6184,247.36,-0.5217191109212768,,6,1,val,current_repo_v1
6185,247.4,-0.3294822542165779,,6,1,val,current_repo_v1
6186,247.44,-0.11698543245423251,,6,1,val,current_repo_v1
6187,247.48,-0.8109807197930032,,6,1,val,current_repo_v1
6188,247.52,-0.649262318431761,,6,1,val,current_repo_v1
6189,247.56,-0.8533703232080739,,6,1,val,current_repo_v1
6190,247.6,-0.936765818406196,,6,1,val,current_repo_v1
6191,247.64,-0.8749252266331272,,6,1,val,current_repo_v1
6192,247.68,-0.9732285781564726,,6,1,val,current_repo_v1
6193,247.72,-0.6942700592447847,,6,1,val,current_repo_v1
6194,247.76,-0.11473623149187433,,6,1,val,current_repo_v1
6195,247.8,1.0261637045433756,,6,1,val,current_repo_v1
6196,247.84,0.835128578191255,,6,1,val,current_repo_v1
6197,247.88,0.6711756888036644,,6,1,val,current_repo_v1
6198,247.92,0.8951965916075048,,6,1,val,current_repo_v1
6199,247.96,0.7215103472287681,,6,1,val,current_repo_v1
6200,248.0,0.61194551274582,,6,1,val,current_repo_v1
6201,248.04,0.6318180632419729,,6,1,val,current_repo_v1
6202,248.08,0.8575471970465607,,6,1,val,current_repo_v1
6203,248.12,1.0569790620659814,,6,1,val,current_repo_v1
6204,248.16,1.8957746743415091,,6,1,val,current_repo_v1
6205,248.2,0.9989271034889832,,6,1,val,current_repo_v1
6206,248.24,0.5591561244248303,,6,1,val,current_repo_v1
6207,248.28,-0.8399123345533824,,6,1,val,current_repo_v1
6208,248.32,-2.7300202676780447,,6,1,val,current_repo_v1
6209,248.36,-4.836101301520928,,6,1,val,current_repo_v1
6210,248.4,-3.5192488680952243,,6,1,val,current_repo_v1
6211,248.44,-2.7528383270939587,,6,1,val,current_repo_v1
6212,248.48,-2.8128186889765328,,6,1,val,current_repo_v1
6213,248.52,-0.745178696086046,,6,1,val,current_repo_v1
6214,248.56,-0.4435299429117213,,6,1,val,current_repo_v1
6215,248.6,0.12557943055024642,,6,1,val,current_repo_v1
6216,248.64,-0.12134004412489509,,6,1,val,current_repo_v1
6217,248.68,-0.9976641561922505,,6,1,val,current_repo_v1
6218,248.72,-0.43485324107197826,,6,1,val,current_repo_v1
6219,248.76,-0.9382093556881845,,6,1,val,current_repo_v1
6220,248.8,-1.240356574786758,,6,1,val,current_repo_v1
6221,248.84,-0.8566491166499306,,6,1,val,current_repo_v1
6222,248.88,-0.978475705047024,,6,1,val,current_repo_v1
6223,248.92,-0.7260093752358678,,6,1,val,current_repo_v1
6224,248.96,-0.7820736613749951,,6,1,val,current_repo_v1
6225,249.0,-0.5704584418687725,,6,1,val,current_repo_v1
6226,249.04,0.1974690619651126,,6,1,val,current_repo_v1
6227,249.08,0.21075571274088084,,6,1,val,current_repo_v1
6228,249.12,0.2975143485908451,,6,1,val,current_repo_v1
6229,249.16,0.22629984267941,,6,1,val,current_repo_v1
6230,249.2,0.13247078890902014,,6,1,val,current_repo_v1
6231,249.24,0.3825773794347937,,6,1,val,current_repo_v1
6232,249.28,1.2557490188767317,,6,1,val,current_repo_v1
6233,249.32,1.57918262162259,,6,1,val,current_repo_v1
6234,249.36,0.7683952221566381,,6,1,val,current_repo_v1
6235,249.4,0.646489329990981,,6,1,val,current_repo_v1
6236,249.44,0.45259126802899874,,6,1,val,current_repo_v1
6237,249.48,0.7634766493879523,,6,1,val,current_repo_v1
6238,249.52,0.9698775765463974,,6,1,val,current_repo_v1
6239,249.56,0.6548493384917884,,6,1,val,current_repo_v1
6240,249.6,0.8026127809153394,,6,1,val,current_repo_v1
6241,249.64,1.1990946848736062,,6,1,val,current_repo_v1
6242,249.68,1.5560509644973028,,6,1,val,current_repo_v1
6243,249.72,1.8403313227972944,,6,1,val,current_repo_v1
6244,249.76,1.9120018949426805,,6,1,val,current_repo_v1
6245,249.8,1.6751802508572982,,6,1,val,current_repo_v1
6246,249.84,1.5294357849907878,,6,1,val,current_repo_v1
6247,249.88,1.7853284549921549,,6,1,val,current_repo_v1
6248,249.92,1.7665534964788083,,6,1,val,current_repo_v1
6249,249.96,1.5409256488909124,,6,1,val,current_repo_v1
6250,250.0,1.5853477244166216,,6,1,val,current_repo_v1
6251,250.04,1.4268907253199195,,6,1,val,current_repo_v1
6252,250.08,1.8134289801709274,,6,1,val,current_repo_v1
6253,250.12,0.9953975988349303,,6,1,val,current_repo_v1
6254,250.16,0.7693184849780228,,6,1,val,current_repo_v1
6255,250.2,1.2951855308187314,,6,1,val,current_repo_v1
6256,250.24,1.1791424132206338,,6,1,val,current_repo_v1
6257,250.28,1.1993025442248944,,6,1,val,current_repo_v1
6258,250.32,1.0214544519848725,,6,1,val,current_repo_v1
6259,250.36,0.6276668587812054,,6,1,val,current_repo_v1
6260,250.4,0.48255042310995294,,6,1,val,current_repo_v1
6261,250.44,0.9392220091609765,,6,1,val,current_repo_v1
6262,250.48,1.2398417959381862,,6,1,val,current_repo_v1
6263,250.52,0.9751496771675755,,6,1,val,current_repo_v1
6264,250.56,1.1272140968709445,,6,1,val,current_repo_v1
6265,250.6,0.8908589537259032,,6,1,val,current_repo_v1
6266,250.64,0.9813165190793389,,6,1,val,current_repo_v1
6267,250.68,0.7405883296156793,,6,1,val,current_repo_v1
6268,250.72,0.866858989899552,,6,1,val,current_repo_v1
6269,250.76,0.8927826961959582,,6,1,val,current_repo_v1
6270,250.8,0.709389879239143,,6,1,val,current_repo_v1
6271,250.84,0.6356359136159353,,6,1,val,current_repo_v1
6272,250.88,0.291619748168796,,6,1,val,current_repo_v1
6273,250.92,0.7900683160227351,,6,1,val,current_repo_v1
6274,250.96,0.7734746285331481,,6,1,val,current_repo_v1
6275,251.0,0.7462219580309153,,6,1,val,current_repo_v1
6276,251.04,1.4928210959154733,,6,1,val,current_repo_v1
6277,251.08,0.7830812366240107,,6,1,val,current_repo_v1
6278,251.12,0.925850698134031,,6,1,val,current_repo_v1
6279,251.16,0.7122389019071513,,6,1,val,current_repo_v1
6280,251.2,0.8768123085013988,,6,1,val,current_repo_v1
6281,251.24,0.872723155761297,,6,1,val,current_repo_v1
6282,251.28,0.7272554878729581,,6,1,val,current_repo_v1
6283,251.32,0.8716405897556923,,6,1,val,current_repo_v1
6284,251.36,1.1658464407738238,,6,1,val,current_repo_v1
6285,251.4,0.7314631093129407,,6,1,val,current_repo_v1
6286,251.44,0.6383548502776154,,6,1,val,current_repo_v1
6287,251.48,0.8621957891785834,,6,1,val,current_repo_v1
6288,251.52,0.7472478983631772,,6,1,val,current_repo_v1
6289,251.56,0.8544053765172498,,6,1,val,current_repo_v1
6290,251.6,0.7705460934024482,,6,1,val,current_repo_v1
6291,251.64,0.7517491524409735,,6,1,val,current_repo_v1
6292,251.68,0.7063598491976233,,6,1,val,current_repo_v1
6293,251.72,0.27834774076432833,,6,1,val,current_repo_v1
6294,251.76,0.719687612716568,,6,1,val,current_repo_v1
6295,251.8,1.1175272111055885,,6,1,val,current_repo_v1
6296,251.84,0.8925548022084012,,6,1,val,current_repo_v1
6297,251.88,0.6103633329982633,,6,1,val,current_repo_v1
6298,251.92,1.0875569256711517,,6,1,val,current_repo_v1
6299,251.96,0.7648876999507134,,6,1,val,current_repo_v1
6300,252.0,0.48654065483347775,,6,1,val,current_repo_v1
6301,252.04,0.34744598387281345,,6,1,val,current_repo_v1
6302,252.08,0.5553003612843176,,6,1,val,current_repo_v1
6303,252.12,0.6868982870038167,,6,1,val,current_repo_v1
6304,252.16,0.4981425874802306,,6,1,val,current_repo_v1
6305,252.2,0.821521929752861,,6,1,val,current_repo_v1
6306,252.24,0.4810707817438551,,6,1,val,current_repo_v1
6307,252.28,0.7407706587186668,,6,1,val,current_repo_v1
6308,252.32,0.2386381873384577,,6,1,val,current_repo_v1
6309,252.36,0.40591908719971087,,6,1,val,current_repo_v1
6310,252.4,0.6185564557615405,,6,1,val,current_repo_v1
6311,252.44,1.1913229155543559,,6,1,val,current_repo_v1
6312,252.48,0.49979314933699615,,6,1,val,current_repo_v1
6313,252.52,0.41388184642825215,,6,1,val,current_repo_v1
6314,252.56,0.30798595905908166,,6,1,val,current_repo_v1
6315,252.6,0.16352200557839403,,6,1,val,current_repo_v1
6316,252.64,-0.17841520114113948,,6,1,val,current_repo_v1
6317,252.68,-0.2003778059360262,,6,1,val,current_repo_v1
6318,252.72,0.6454622766233707,,6,1,val,current_repo_v1
6319,252.76,0.6542265952144349,,6,1,val,current_repo_v1
6320,252.8,1.0827335869894517,,6,1,val,current_repo_v1
6321,252.84,1.0665635485792972,,6,1,val,current_repo_v1
6322,252.88,1.4242773183221966,,6,1,val,current_repo_v1
6323,252.92,0.8823745635249273,,6,1,val,current_repo_v1
6324,252.96,0.2063468058146358,,6,1,val,current_repo_v1
6325,253.0,-0.19126121165723659,,6,1,val,current_repo_v1
6326,253.04,0.7334617034101664,,6,1,val,current_repo_v1
6327,253.08,0.8027784144881028,,6,1,val,current_repo_v1
6328,253.12,1.015040168402248,,6,1,val,current_repo_v1
6329,253.16,1.0518578472992024,,6,1,val,current_repo_v1
6330,253.2,1.1993651524632343,,6,1,val,current_repo_v1
6331,253.24,0.5470830995669249,,6,1,val,current_repo_v1
6332,253.28,0.1321744780298996,,6,1,val,current_repo_v1
6333,253.32,0.4709758989586511,,6,1,val,current_repo_v1
6334,253.36,0.869276641805399,,6,1,val,current_repo_v1
6335,253.4,0.7487375570474094,,6,1,val,current_repo_v1
6336,253.44,0.39116660365263417,,6,1,val,current_repo_v1
6337,253.48,-1.287856471309253,,6,1,val,current_repo_v1
6338,253.52,-1.4483085862677176,,6,1,val,current_repo_v1
6339,253.56,-1.1119034608790683,,6,1,val,current_repo_v1
6340,253.6,-1.4573912329683854,,6,1,val,current_repo_v1
6341,253.64,-0.1266028578573861,,6,1,val,current_repo_v1
6342,253.68,-0.07257048731122312,,6,1,val,current_repo_v1
6343,253.72,-0.06326032922889954,,6,1,val,current_repo_v1
6344,253.76,0.49205310152517145,,6,1,val,current_repo_v1
6345,253.8,0.34958687258284377,,6,1,val,current_repo_v1
6346,253.84,-0.17650123251273642,,6,1,val,current_repo_v1
6347,253.88,-0.5090076907264329,,6,1,val,current_repo_v1
6348,253.92,-1.2672380480003451,,6,1,val,current_repo_v1
6349,253.96,-1.0475353745242209,,6,1,val,current_repo_v1
6350,254.0,0.4914316799772941,,6,1,val,current_repo_v1
6351,254.04,0.059990866153673314,,6,1,val,current_repo_v1
6352,254.08,-0.8706441448601593,,6,1,val,current_repo_v1
6353,254.12,-1.2698323942677288,,6,1,val,current_repo_v1
6354,254.16,-0.5718502230070668,,6,1,val,current_repo_v1
6355,254.2,-0.7020373764226417,,6,1,val,current_repo_v1
6356,254.24,-0.2617882095469911,,6,1,val,current_repo_v1
6357,254.28,-0.5243686915678181,,6,1,val,current_repo_v1
6358,254.32,-0.846257540379705,,6,1,val,current_repo_v1
6359,254.36,-0.9483398556045329,,6,1,val,current_repo_v1
6360,254.4,-0.9415355922617609,,6,1,val,current_repo_v1
6361,254.44,-0.9960925502805023,,6,1,val,current_repo_v1
6362,254.48,-0.7234341592635324,,6,1,val,current_repo_v1
6363,254.52,-0.4236565924214119,,6,1,val,current_repo_v1
6364,254.56,-0.6873850312745542,,6,1,val,current_repo_v1
6365,254.6,-1.2490374157267026,,6,1,val,current_repo_v1
6366,254.64,-1.028282576022923,,6,1,val,current_repo_v1
6367,254.68,-0.5625306389066376,,6,1,val,current_repo_v1
6368,254.72,-0.5597389375590648,,6,1,val,current_repo_v1
6369,254.76,-0.677298983207427,,6,1,val,current_repo_v1
6370,254.8,-0.6802545094453223,,6,1,val,current_repo_v1
6371,254.84,-0.5818955061545638,,6,1,val,current_repo_v1
6372,254.88,-0.6469120747291933,,6,1,val,current_repo_v1
6373,254.92,-0.34953024690950085,,6,1,val,current_repo_v1
6374,254.96,0.31011707392746,,6,1,val,current_repo_v1
6375,255.0,-0.2363529518566995,,6,1,val,current_repo_v1
6376,255.04,-0.9791095786778601,,6,1,val,current_repo_v1
6377,255.08,-1.4623130752784066,,6,1,val,current_repo_v1
6378,255.12,-1.696225244963428,,6,1,val,current_repo_v1
6379,255.16,-1.9778935875598822,,6,1,val,current_repo_v1
6380,255.2,-2.4618733567511333,,6,1,val,current_repo_v1
6381,255.24,-1.801407641892007,,6,1,val,current_repo_v1
6382,255.28,-1.6258677762701559,,6,1,val,current_repo_v1
6383,255.32,-1.8596168862766567,,6,1,val,current_repo_v1
6384,255.36,-2.263238007652814,,6,1,val,current_repo_v1
6385,255.4,-2.155784462096103,,6,1,val,current_repo_v1
6386,255.44,-2.1447386992999355,,6,1,val,current_repo_v1
6387,255.48,-1.8849451186617419,,6,1,val,current_repo_v1
6388,255.52,-2.4227966334854596,,6,1,val,current_repo_v1
6389,255.56,-2.1622915450008886,,6,1,val,current_repo_v1
6390,255.6,-2.062081076973003,,6,1,val,current_repo_v1
6391,255.64,-2.014454016161969,,6,1,val,current_repo_v1
6392,255.68,-2.1712311666593043,,6,1,val,current_repo_v1
6393,255.72,-2.1182295364103427,,6,1,val,current_repo_v1
6394,255.76,-2.194850611525968,,6,1,val,current_repo_v1
6395,255.8,-2.423697913858716,,6,1,val,current_repo_v1
6396,255.84,-2.3585920241973883,,6,1,val,current_repo_v1
6397,255.88,-2.16174420986838,,6,1,val,current_repo_v1
6398,255.92,-2.0745668292509865,,6,1,val,current_repo_v1
6399,255.96,-1.7826630135919008,,6,1,val,current_repo_v1
6400,256.0,-1.715449313239799,,6,1,val,current_repo_v1
6401,256.04,-2.0737949392369655,,6,1,val,current_repo_v1
6402,256.08,-2.3997362106224616,,6,1,val,current_repo_v1
6403,256.12,-2.147296732789082,,6,1,val,current_repo_v1
6404,256.16,-2.000563613274477,,6,1,val,current_repo_v1
6405,256.2,-2.0079959068125066,,6,1,val,current_repo_v1
6406,256.24,-2.1085555896809103,,6,1,val,current_repo_v1
6407,256.28,-2.0661392038527717,,6,1,val,current_repo_v1
6408,256.32,-2.0265148671957527,,6,1,val,current_repo_v1
6409,256.36,-1.9923736209231167,,6,1,val,current_repo_v1
6410,256.4,-1.647689947308211,,6,1,val,current_repo_v1
6411,256.44,-1.9451839830039501,,6,1,val,current_repo_v1
6412,256.48,-1.608915134880754,,6,1,val,current_repo_v1
6413,256.52,-1.682342633323374,,6,1,val,current_repo_v1
6414,256.56,-1.5030070389051071,,6,1,val,current_repo_v1
6415,256.6,-1.691579157160939,,6,1,val,current_repo_v1
6416,256.64,-1.6726787039120758,,6,1,val,current_repo_v1
6417,256.68,-1.8839834561208422,,6,1,val,current_repo_v1
6418,256.72,-1.6792920816926207,,6,1,val,current_repo_v1
6419,256.76,-2.053341801677275,,6,1,val,current_repo_v1
6420,256.8,-2.0898429611470664,,6,1,val,current_repo_v1
6421,256.84,-1.8669606935044996,,6,1,val,current_repo_v1
6422,256.88,-2.0814979786234606,,6,1,val,current_repo_v1
6423,256.92,-2.11662231336745,,6,1,val,current_repo_v1
6424,256.96,-1.575179311733723,,6,1,val,current_repo_v1
6425,257.0,-1.4378499496177592,,6,1,val,current_repo_v1
6426,257.04,-1.671075098234065,,6,1,val,current_repo_v1
6427,257.08,-1.8176192799983026,,6,1,val,current_repo_v1
6428,257.12,-1.394322476253217,,6,1,val,current_repo_v1
6429,257.16,-1.532523623305708,,6,1,val,current_repo_v1
6430,257.2,-1.7189172531261512,,6,1,val,current_repo_v1
6431,257.24,-1.6256810645904847,,6,1,val,current_repo_v1
6432,257.28,-1.5300226328781599,,6,1,val,current_repo_v1
6433,257.32,-1.8951597223115935,,6,1,val,current_repo_v1
6434,257.36,-1.9635270838021706,,6,1,val,current_repo_v1
6435,257.4,-1.8080073849895357,,6,1,val,current_repo_v1
6436,257.44,-2.091538948758983,,6,1,val,current_repo_v1
6437,257.48,-1.6304025605378187,,6,1,val,current_repo_v1
6438,257.52,-1.533613284911658,,6,1,val,current_repo_v1
6439,257.56,-1.868525342945321,,6,1,val,current_repo_v1
6440,257.6,-1.585687478456679,,6,1,val,current_repo_v1
6441,257.64,-1.8923220386911956,,6,1,val,current_repo_v1
6442,257.68,-1.9808523137744036,,6,1,val,current_repo_v1
6443,257.72,-2.27982891255403,,6,1,val,current_repo_v1
6444,257.76,-2.4030127084289123,,6,1,val,current_repo_v1
6445,257.8,-2.0061326856395136,,6,1,val,current_repo_v1
6446,257.84,-2.171018576907786,,6,1,val,current_repo_v1
6447,257.88,-2.006232302303183,,6,1,val,current_repo_v1
6448,257.92,-1.8659848397629095,,6,1,val,current_repo_v1
6449,257.96,-1.854347220420303,,6,1,val,current_repo_v1
6450,258.0,-1.9459633860065717,,6,1,val,current_repo_v1
6451,258.04,-1.6879239490772415,,6,1,val,current_repo_v1
6452,258.08,-1.7859395113983516,,6,1,val,current_repo_v1
6453,258.12,-1.8007963072269733,,6,1,val,current_repo_v1
6454,258.16,-1.6901169069721578,,6,1,val,current_repo_v1
6455,258.2,-1.5900297076090923,,6,1,val,current_repo_v1
6456,258.24,-1.86268830732019,,6,1,val,current_repo_v1
6457,258.28,-2.183300087199363,,6,1,val,current_repo_v1
6458,258.32,-1.834125594213051,,6,1,val,current_repo_v1
6459,258.36,-1.4022598095805214,,6,1,val,current_repo_v1
6460,258.4,-1.8154739043645247,,6,1,val,current_repo_v1
6461,258.44,-1.8658710318985496,,6,1,val,current_repo_v1
6462,258.48,-1.788352850292224,,6,1,val,current_repo_v1
6463,258.52,-1.6720826734830807,,6,1,val,current_repo_v1
6464,258.56,-1.8910704304420733,,6,1,val,current_repo_v1
6465,258.6,-1.8538750151738022,,6,1,val,current_repo_v1
6466,258.64,-1.8532391937311066,,6,1,val,current_repo_v1
6467,258.68,-2.131102903248359,,6,1,val,current_repo_v1
6468,258.72,-1.9381888340989508,,6,1,val,current_repo_v1
6469,258.76,-1.907016331358971,,6,1,val,current_repo_v1
6470,258.8,-2.04976979298586,,6,1,val,current_repo_v1
6471,258.84,-1.9889972281941593,,6,1,val,current_repo_v1
6472,258.88,-2.0992648053701175,,6,1,val,current_repo_v1
6473,258.92,-1.7431881019303859,,6,1,val,current_repo_v1
6474,258.96,-1.6838271442191204,,6,1,val,current_repo_v1
6475,259.0,-1.881457144139121,,6,1,val,current_repo_v1
6476,259.04,-1.7031984114202992,,6,1,val,current_repo_v1
6477,259.08,-2.19618096702598,,6,1,val,current_repo_v1
6478,259.12,-2.0461490889979586,,6,1,val,current_repo_v1
6479,259.16,-1.4162896201453832,,6,1,val,current_repo_v1
6480,259.2,-1.4995672031612985,,6,1,val,current_repo_v1
6481,259.24,-1.3991602843944444,,6,1,val,current_repo_v1
6482,259.28,-1.688048609036247,,6,1,val,current_repo_v1
6483,259.32,-1.748113005087615,,6,1,val,current_repo_v1
6484,259.36,-1.3581994705429978,,6,1,val,current_repo_v1
6485,259.4,-1.8872908406582074,,6,1,val,current_repo_v1
6486,259.44,-1.4408879796008447,,6,1,val,current_repo_v1
6487,259.48,-1.6320409485704626,,6,1,val,current_repo_v1
6488,259.52,-1.5957671265705538,,6,1,val,current_repo_v1
6489,259.56,-0.9973762278605965,,6,1,val,current_repo_v1
6490,259.6,-0.2254784225923915,,6,1,val,current_repo_v1
6491,259.64,-0.32210874285787827,,6,1,val,current_repo_v1
6492,259.68,-1.1899132562857802,,6,1,val,current_repo_v1
6493,259.72,-0.3337403100707786,,6,1,val,current_repo_v1
6494,259.76,-0.6268334039994838,,6,1,val,current_repo_v1
6495,259.8,-1.172178707564223,,6,1,val,current_repo_v1
6496,259.84,-2.136408742753531,,6,1,val,current_repo_v1
6497,259.88,-2.1282972193942236,,6,1,val,current_repo_v1
6498,259.92,-1.2069766446923345,,6,1,val,current_repo_v1
6499,259.96,-0.293660324568064,,6,1,val,current_repo_v1
6500,260.0,0.15746994543692028,,6,1,val,current_repo_v1
6501,260.04,-0.7686643680167902,,6,1,val,current_repo_v1
6502,260.08,-1.4496239157905282,,6,1,val,current_repo_v1
6503,260.12,-1.5349953965553642,,6,1,val,current_repo_v1
6504,260.16,-0.9618146789188671,,6,1,val,current_repo_v1
6505,260.2,-1.098317890547582,,6,1,val,current_repo_v1
6506,260.24,-1.6408600841524288,,6,1,val,current_repo_v1
6507,260.28,-1.0070693048850774,,6,1,val,current_repo_v1
6508,260.32,-0.5637242301882317,,6,1,val,current_repo_v1
6509,260.36,-0.5961504976833213,,6,1,val,current_repo_v1
6510,260.4,-0.5059579738721909,,6,1,val,current_repo_v1
6511,260.44,-0.20627842370542684,,6,1,val,current_repo_v1
6512,260.48,-1.0252301461450195,,6,1,val,current_repo_v1
6513,260.52,-1.2637282301590145,,6,1,val,current_repo_v1
6514,260.56,-2.229989137470648,,6,1,val,current_repo_v1
6515,260.6,-1.8399737601916646,,6,1,val,current_repo_v1
6516,260.64,-1.7321927039837275,,6,1,val,current_repo_v1
6517,260.68,-1.9328287341205508,,6,1,val,current_repo_v1
6518,260.72,-1.7931792498211316,,6,1,val,current_repo_v1
6519,260.76,-1.3997048369385823,,6,1,val,current_repo_v1
6520,260.8,-1.2650612291179786,,6,1,val,current_repo_v1
6521,260.84,-0.5448004727617641,,6,1,val,current_repo_v1
6522,260.88,0.11625198563767013,,6,1,val,current_repo_v1
6523,260.92,0.6518618124876305,,6,1,val,current_repo_v1
6524,260.96,0.6202260783486451,,6,1,val,current_repo_v1
6525,261.0,0.25023184178480784,,6,1,val,current_repo_v1
6526,261.04,0.03306928888519423,,6,1,val,current_repo_v1
6527,261.08,-0.47933691614774293,,6,1,val,current_repo_v1
6528,261.12,-1.0059854171499965,,6,1,val,current_repo_v1
6529,261.16,-1.4867352968900054,,6,1,val,current_repo_v1
6530,261.2,-1.4282803499522265,,6,1,val,current_repo_v1
6531,261.24,-1.5199112632568597,,6,1,val,current_repo_v1
6532,261.28,-1.1594853046290792,,6,1,val,current_repo_v1
6533,261.32,-0.47185599687793583,,6,1,val,current_repo_v1
6534,261.36,-0.43080909669877193,,6,1,val,current_repo_v1
6535,261.4,-0.7302582485484453,,6,1,val,current_repo_v1
6536,261.44,-1.9540785267307612,,6,1,val,current_repo_v1
6537,261.48,-2.3794990019203337,,6,1,val,current_repo_v1
6538,261.52,-2.0683004402402627,,6,1,val,current_repo_v1
6539,261.56,-1.0076152487234007,,6,1,val,current_repo_v1
6540,261.6,-1.1186963156095209,,6,1,val,current_repo_v1
6541,261.64,-1.2280438995054297,,6,1,val,current_repo_v1
6542,261.68,-2.2014503546234967,,6,1,val,current_repo_v1
6543,261.72,-2.0106549482595084,,6,1,val,current_repo_v1
6544,261.76,-1.6670055627419764,,6,1,val,current_repo_v1
6545,261.8,-0.9804645600849524,,6,1,val,current_repo_v1
6546,261.84,-0.2063803012221476,,6,1,val,current_repo_v1
6547,261.88,0.2447432557883925,,6,1,val,current_repo_v1
6548,261.92,-0.3097009726189826,,6,1,val,current_repo_v1
6549,261.96,-0.19236033406364683,,6,1,val,current_repo_v1
6550,262.0,0.008854630974869401,,6,1,val,current_repo_v1
6551,262.04,-0.8741232846647033,,6,1,val,current_repo_v1
6552,262.08,-1.681447196385696,,6,1,val,current_repo_v1
6553,262.12,-0.8753418496769241,,6,1,val,current_repo_v1
6554,262.16,-0.2752643198084466,,6,1,val,current_repo_v1
6555,262.2,0.7946383695979959,,6,1,val,current_repo_v1
6556,262.24,0.4434997170455451,,6,1,val,current_repo_v1
6557,262.28,0.2376309946953431,,6,1,val,current_repo_v1
6558,262.32,-1.032753708581607,,6,1,val,current_repo_v1
6559,262.36,-1.573210908720319,,6,1,val,current_repo_v1
6560,262.4,-2.166038578500818,,6,1,val,current_repo_v1
6561,262.44,-1.1972868372091892,,6,1,val,current_repo_v1
6562,262.48,0.5991186846983031,,6,1,val,current_repo_v1
6563,262.52,0.20382804160387002,,6,1,val,current_repo_v1
6564,262.56,-0.1853556200111234,,6,1,val,current_repo_v1
6565,262.6,-0.5372060238864342,,6,1,val,current_repo_v1
6566,262.64,-0.2366150368988609,,6,1,val,current_repo_v1
6567,262.68,0.12012025303467348,,6,1,val,current_repo_v1
6568,262.72,-0.33953741555279077,,6,1,val,current_repo_v1
6569,262.76,-0.7186268204649635,,6,1,val,current_repo_v1
6570,262.8,-0.6440798867208274,,6,1,val,current_repo_v1
6571,262.84,-0.19234182985098197,,6,1,val,current_repo_v1
6572,262.88,0.19146590581425318,,6,1,val,current_repo_v1
6573,262.92,0.23903804528732137,,6,1,val,current_repo_v1
6574,262.96,0.22453056864628118,,6,1,val,current_repo_v1
6575,263.0,0.2797067569245581,,6,1,val,current_repo_v1
6576,263.04,0.4040790658572581,,6,1,val,current_repo_v1
6577,263.08,0.5534295575580144,,6,1,val,current_repo_v1
6578,263.12,0.6110035370176427,,6,1,val,current_repo_v1
6579,263.16,0.01681975540352575,,6,1,val,current_repo_v1
6580,263.2,0.4178939910351959,,6,1,val,current_repo_v1
6581,263.24,1.5958099784314619,,6,1,val,current_repo_v1
6582,263.28,0.7884439104966537,,6,1,val,current_repo_v1
6583,263.32,0.3217382064339704,,6,1,val,current_repo_v1
6584,263.36,-0.2036086692931982,,6,1,val,current_repo_v1
6585,263.4,-0.9729302151184287,,6,1,val,current_repo_v1
6586,263.44,0.2995426816012822,,6,1,val,current_repo_v1
6587,263.48,0.642897704051553,,6,1,val,current_repo_v1
6588,263.52,-0.13119856341918895,,6,1,val,current_repo_v1
6589,263.56,-0.8957775960592983,,6,1,val,current_repo_v1
6590,263.6,0.566897215707294,,6,1,val,current_repo_v1
6591,263.64,1.2721401339329348,,6,1,val,current_repo_v1
6592,263.68,-0.5243091441766861,,6,1,val,current_repo_v1
6593,263.72,-0.46363849168406074,,6,1,val,current_repo_v1
6594,263.76,-0.26591924024207125,,6,1,val,current_repo_v1
6595,263.8,0.5413200807924533,,6,1,val,current_repo_v1
6596,263.84,0.897252228766329,,6,1,val,current_repo_v1
6597,263.88,0.2696623085535723,,6,1,val,current_repo_v1
6598,263.92,-0.30942041814651094,,6,1,val,current_repo_v1
6599,263.96,-0.17922463870698685,,6,1,val,current_repo_v1
6600,264.0,0.06295395755370135,,6,1,val,current_repo_v1
6601,264.04,0.28138604900625075,,6,1,val,current_repo_v1
6602,264.08,0.4096866075065191,,6,1,val,current_repo_v1
6603,264.12,0.8481291093178102,,6,1,val,current_repo_v1
6604,264.16,0.8662454291638217,,6,1,val,current_repo_v1
6605,264.2,0.7965552947265429,,6,1,val,current_repo_v1
6606,264.24,0.7515560408080497,,6,1,val,current_repo_v1
6607,264.28,0.3218161884730581,,6,1,val,current_repo_v1
6608,264.32,0.7897421966656939,,6,1,val,current_repo_v1
6609,264.36,1.0717534932788317,,6,1,val,current_repo_v1
6610,264.4,1.1153570704353115,,6,1,val,current_repo_v1
6611,264.44,1.2529107787386597,,6,1,val,current_repo_v1
6612,264.48,0.9758526981194224,,6,1,val,current_repo_v1
6613,264.52,1.0015538669108852,,6,1,val,current_repo_v1
6614,264.56,1.018753949971148,,6,1,val,current_repo_v1
6615,264.6,0.5490151898020919,,6,1,val,current_repo_v1
6616,264.64,0.2475292180474508,,6,1,val,current_repo_v1
6617,264.68,0.42208175175068285,,6,1,val,current_repo_v1
6618,264.72,0.7047919302154663,,6,1,val,current_repo_v1
6619,264.76,0.8375995166644,,6,1,val,current_repo_v1
6620,264.8,1.1007988463388616,,6,1,val,current_repo_v1
6621,264.84,1.1528845876256208,,6,1,val,current_repo_v1
6622,264.88,0.6790192489028776,,6,1,val,current_repo_v1
6623,264.92,0.24793731941436253,,6,1,val,current_repo_v1
6624,264.96,0.14720362042572907,,6,1,val,current_repo_v1
6625,265.0,-0.6548469732916733,,6,1,val,current_repo_v1
6626,265.04,-0.5455443281979505,,6,1,val,current_repo_v1
6627,265.08,-0.14772843398361263,,6,1,val,current_repo_v1
6628,265.12,-0.4215888510031753,,6,1,val,current_repo_v1
6629,265.16,-0.20538945628571062,,6,1,val,current_repo_v1
6630,265.2,-0.09167866078195602,,6,1,val,current_repo_v1
6631,265.24,-0.0875756994470649,,6,1,val,current_repo_v1
6632,265.28,0.23912934896823362,,6,1,val,current_repo_v1
6633,265.32,0.4448355681575891,,6,1,val,current_repo_v1
6634,265.36,0.3551694057191234,,6,1,val,current_repo_v1
6635,265.4,0.3929987641829399,,6,1,val,current_repo_v1
6636,265.44,0.4033455755627524,,6,1,val,current_repo_v1
6637,265.48,0.24904913738021392,,6,1,val,current_repo_v1
6638,265.52,0.3726097305028381,,6,1,val,current_repo_v1
6639,265.56,0.6095570084531556,,6,1,val,current_repo_v1
6640,265.6,0.311451985915929,,6,1,val,current_repo_v1
6641,265.64,0.2954157204416942,,6,1,val,current_repo_v1
6642,265.68,0.714125496822458,,6,1,val,current_repo_v1
6643,265.72,1.6072508687762628,,6,1,val,current_repo_v1
6644,265.76,1.4611118318787932,,6,1,val,current_repo_v1
6645,265.8,0.680075867271926,,6,1,val,current_repo_v1
6646,265.84,0.15250608604250196,,6,1,val,current_repo_v1
6647,265.88,-0.1578904814956134,,6,1,val,current_repo_v1
6648,265.92,-0.3699331587491013,,6,1,val,current_repo_v1
6649,265.96,0.676413702717302,,6,1,val,current_repo_v1
6650,266.0,1.4893545473233065,,6,1,val,current_repo_v1
6651,266.04,1.2975969219007444,,6,1,val,current_repo_v1
6652,266.08,0.8512565995170123,,6,1,val,current_repo_v1
6653,266.12,0.7041711347499723,,6,1,val,current_repo_v1
6654,266.16,0.6249588437788802,,6,1,val,current_repo_v1
6655,266.2,1.026467424064033,,6,1,val,current_repo_v1
6656,266.24,1.2510998702270348,,6,1,val,current_repo_v1
6657,266.28,0.9594379310620688,,6,1,val,current_repo_v1
6658,266.32,0.4922089264739284,,6,1,val,current_repo_v1
6659,266.36,0.6093632011731392,,6,1,val,current_repo_v1
6660,266.4,0.4953023299655898,,6,1,val,current_repo_v1
6661,266.44,0.7070698266203969,,6,1,val,current_repo_v1
6662,266.48,-0.10232470475867829,,6,1,val,current_repo_v1
6663,266.52,-0.6334720337694925,,6,1,val,current_repo_v1
6664,266.56,-0.5349602663771847,,6,1,val,current_repo_v1
6665,266.6,-0.11417004432315452,,6,1,val,current_repo_v1
6666,266.64,-0.3553264828326471,,6,1,val,current_repo_v1
6667,266.68,-0.12084015212410622,,6,1,val,current_repo_v1
6668,266.72,-0.391249316091952,,6,1,val,current_repo_v1
6669,266.76,-0.621987943740237,,6,1,val,current_repo_v1
6670,266.8,-1.5163659674138033,,6,1,val,current_repo_v1
6671,266.84,-0.45559427218096843,,6,1,val,current_repo_v1
6672,266.88,0.5403105577315783,,6,1,val,current_repo_v1
6673,266.92,0.5587283710275508,,6,1,val,current_repo_v1
6674,266.96,-0.04069209407513893,,6,1,val,current_repo_v1
6675,267.0,-0.26313745186556897,,6,1,val,current_repo_v1
6676,267.04,-0.4810130082528093,,6,1,val,current_repo_v1
6677,267.08,0.11957799612594135,,6,1,val,current_repo_v1
6678,267.12,0.5445079531592987,,6,1,val,current_repo_v1
6679,267.16,0.47498693053024654,,6,1,val,current_repo_v1
6680,267.2,0.05036321473825756,,6,1,val,current_repo_v1
6681,267.24,0.5355754966659374,,6,1,val,current_repo_v1
6682,267.28,0.9544985584453122,,6,1,val,current_repo_v1
6683,267.32,0.569011008963065,,6,1,val,current_repo_v1
6684,267.36,-0.2502406069381754,,6,1,val,current_repo_v1
6685,267.4,0.5903948527680319,,6,1,val,current_repo_v1
6686,267.44,1.0273769130729828,,6,1,val,current_repo_v1
6687,267.48,0.9455760497053761,,6,1,val,current_repo_v1
6688,267.52,0.7930266248490011,,6,1,val,current_repo_v1
6689,267.56,1.3926957750917297,,6,1,val,current_repo_v1
6690,267.6,1.4224307926794273,,6,1,val,current_repo_v1
6691,267.64,1.3337087972574808,,6,1,val,current_repo_v1
6692,267.68,1.537308562267893,,6,1,val,current_repo_v1
6693,267.72,1.655486203405123,,6,1,val,current_repo_v1
6694,267.76,1.3548901381937732,,6,1,val,current_repo_v1
6695,267.8,1.30055147423271,,6,1,val,current_repo_v1
6696,267.84,1.5069524709558644,,6,1,val,current_repo_v1
6697,267.88,1.3448369246694198,,6,1,val,current_repo_v1
6698,267.92,1.1959673338038226,,6,1,val,current_repo_v1
6699,267.96,1.316608956943271,,6,1,val,current_repo_v1
6700,268.0,1.1876679857294956,,6,1,val,current_repo_v1
6701,268.04,0.7673523080353152,,6,1,val,current_repo_v1
6702,268.08,0.6610220238391302,,6,1,val,current_repo_v1
6703,268.12,0.8426125583082698,,6,1,val,current_repo_v1
6704,268.16,1.2263949376369772,,6,1,val,current_repo_v1
6705,268.2,1.5149279257438468,,6,1,val,current_repo_v1
6706,268.24,0.8632286164170627,,6,1,val,current_repo_v1
6707,268.28,1.1761555828635686,,6,1,val,current_repo_v1
6708,268.32,1.2646836318760801,,6,1,val,current_repo_v1
6709,268.36,1.0389299417291213,,6,1,val,current_repo_v1
6710,268.4,1.2432713361050232,,6,1,val,current_repo_v1
6711,268.44,0.43097507809508173,,6,1,val,current_repo_v1
6712,268.48,0.7797191742251621,,6,1,val,current_repo_v1
6713,268.52,0.12689971655859208,,6,1,val,current_repo_v1
6714,268.56,0.17278736398795,,6,1,val,current_repo_v1
6715,268.6,0.3220995603162551,,6,1,val,current_repo_v1
6716,268.64,0.07518242475446266,,6,1,val,current_repo_v1
6717,268.68,-0.06119531822550166,,6,1,val,current_repo_v1
6718,268.72,-0.41536058345312954,,6,1,val,current_repo_v1
6719,268.76,-0.01715407470067175,,6,1,val,current_repo_v1
6720,268.8,-0.29374042833078434,,6,1,val,current_repo_v1
6721,268.84,-0.37274670341538374,,6,1,val,current_repo_v1
6722,268.88,-0.19316133690849563,,6,1,val,current_repo_v1
6723,268.92,-0.04982133173983773,,6,1,val,current_repo_v1
6724,268.96,0.07090972552896135,,6,1,val,current_repo_v1
6725,269.0,0.31227632772073666,,6,1,val,current_repo_v1
6726,269.04,-0.6827784562269285,,6,1,val,current_repo_v1
6727,269.08,-0.5686585245812118,,6,1,val,current_repo_v1
6728,269.12,-0.1231381179476602,,6,1,val,current_repo_v1
6729,269.16,0.3971911161692384,,6,1,val,current_repo_v1
6730,269.2,-0.06736500359475635,,6,1,val,current_repo_v1
6731,269.24,-0.5312895105809662,,6,1,val,current_repo_v1
6732,269.28,-0.26017110831538276,,6,1,val,current_repo_v1
6733,269.32,0.020526371807371147,,6,1,val,current_repo_v1
6734,269.36,0.06493705611193797,,6,1,val,current_repo_v1
6735,269.4,-0.25646243975261396,,6,1,val,current_repo_v1
6736,269.44,0.4497761233744032,,6,1,val,current_repo_v1
6737,269.48,0.22142846956596143,,6,1,val,current_repo_v1
6738,269.52,0.14702581302884396,,6,1,val,current_repo_v1
6739,269.56,0.10528397879528532,,6,1,val,current_repo_v1
6740,269.6,0.15338823612071006,,6,1,val,current_repo_v1
6741,269.64,0.4235802103706373,,6,1,val,current_repo_v1
6742,269.68,0.4267353177594181,,6,1,val,current_repo_v1
6743,269.72,0.2459472817763766,,6,1,val,current_repo_v1
6744,269.76,0.0003588669439284103,,6,1,val,current_repo_v1
6745,269.8,-0.23481630221135777,,6,1,val,current_repo_v1
6746,269.84,-0.125288919628761,,6,1,val,current_repo_v1
6747,269.88,0.3605126710378811,,6,1,val,current_repo_v1
6748,269.92,0.5348792234908892,,6,1,val,current_repo_v1
6749,269.96,0.5581302536572776,,6,1,val,current_repo_v1
6750,270.0,-0.1277954926242278,,6,1,val,current_repo_v1
6751,270.04,-0.15169720499432873,,6,1,val,current_repo_v1
6752,270.08,0.21438709491165456,,6,1,val,current_repo_v1
6753,270.12,0.23090015690320176,,6,1,val,current_repo_v1
6754,270.16,0.07003042760383316,,6,1,val,current_repo_v1
6755,270.2,0.09663138112730307,,6,1,val,current_repo_v1
6756,270.24,0.5413391415227924,,6,1,val,current_repo_v1
6757,270.28,0.2772960614896378,,6,1,val,current_repo_v1
6758,270.32,0.05311955982234565,,6,1,val,current_repo_v1
6759,270.36,0.07646521538451372,,6,1,val,current_repo_v1
6760,270.4,0.14905087649794557,,6,1,val,current_repo_v1
6761,270.44,0.15729836408151454,,6,1,val,current_repo_v1
6762,270.48,0.043273596958074395,,6,1,val,current_repo_v1
6763,270.52,0.5224575403101404,,6,1,val,current_repo_v1
6764,270.56,0.2467586845452607,,6,1,val,current_repo_v1
6765,270.6,-0.007891411923599862,,6,1,val,current_repo_v1
6766,270.64,0.4154837129885312,,6,1,val,current_repo_v1
6767,270.68,0.47579902894622333,,6,1,val,current_repo_v1
6768,270.72,0.3772478879284708,,6,1,val,current_repo_v1
6769,270.76,-0.011584584947379515,,6,1,val,current_repo_v1
6770,270.8,0.073167465559382,,6,1,val,current_repo_v1
6771,270.84,-0.16375736038101982,,6,1,val,current_repo_v1
6772,270.88,-0.7473667148866043,,6,1,val,current_repo_v1
6773,270.92,-0.5688841924980722,,6,1,val,current_repo_v1
6774,270.96,-0.19615988891907224,,6,1,val,current_repo_v1
6775,271.0,-0.1675614891160795,,6,1,val,current_repo_v1
6776,271.04,0.2020618632003036,,6,1,val,current_repo_v1
6777,271.08,-0.025209650642551828,,6,1,val,current_repo_v1
6778,271.12,0.220117974790445,,6,1,val,current_repo_v1
6779,271.16,0.10058143923122649,,6,1,val,current_repo_v1
6780,271.2,-0.2650421683876396,,6,1,val,current_repo_v1
6781,271.24,-0.7791836650932289,,6,1,val,current_repo_v1
6782,271.28,-0.4149598559454,,6,1,val,current_repo_v1
6783,271.32,0.061795722535591915,,6,1,val,current_repo_v1
6784,271.36,-0.49550591108725817,,6,1,val,current_repo_v1
6785,271.4,-1.3646762232345433,,6,1,val,current_repo_v1
6786,271.44,-0.9399212736185232,,6,1,val,current_repo_v1
6787,271.48,-0.841646721884814,,6,1,val,current_repo_v1
6788,271.52,-0.8098820147748486,,6,1,val,current_repo_v1
6789,271.56,-0.9579321333652867,,6,1,val,current_repo_v1
6790,271.6,-0.7107901472719678,,6,1,val,current_repo_v1
6791,271.64,0.006822524078954555,,6,1,val,current_repo_v1
6792,271.68,-0.3139297069482275,,6,1,val,current_repo_v1
6793,271.72,-0.6607354868016616,,6,1,val,current_repo_v1
6794,271.76,-0.9709811510942007,,6,1,val,current_repo_v1
6795,271.8,-0.7531839941343037,,6,1,val,current_repo_v1
6796,271.84,-0.7372079021335844,,6,1,val,current_repo_v1
6797,271.88,-0.7482014218330927,,6,1,val,current_repo_v1
6798,271.92,-0.10234090464034871,,6,1,val,current_repo_v1
6799,271.96,-0.18327495694814055,,6,1,val,current_repo_v1
6800,272.0,-0.6741199455586585,,6,1,val,current_repo_v1
6801,272.04,-0.3953141211838105,,6,1,val,current_repo_v1
6802,272.08,-0.4627045506798037,,6,1,val,current_repo_v1
6803,272.12,0.29897673790904483,,6,1,val,current_repo_v1
6804,272.16,0.0016074665193749895,,6,1,val,current_repo_v1
6805,272.2,0.10160358828683339,,6,1,val,current_repo_v1
6806,272.24,0.2772122360149717,,6,1,val,current_repo_v1
6807,272.28,0.08604523236525924,,6,1,val,current_repo_v1
6808,272.32,-0.14633538328937423,,6,1,val,current_repo_v1
6809,272.36,-0.46557569492535883,,6,1,val,current_repo_v1
6810,272.4,-0.11459699772627747,,6,1,val,current_repo_v1
6811,272.44,-0.17208079523593045,,6,1,val,current_repo_v1
6812,272.48,-0.47434693520499505,,6,1,val,current_repo_v1
6813,272.52,0.31905001737378613,,6,1,val,current_repo_v1
6814,272.56,0.4446843344796438,,6,1,val,current_repo_v1
6815,272.6,0.33805074815105696,,6,1,val,current_repo_v1
6816,272.64,0.4829032553153525,,6,1,val,current_repo_v1
6817,272.68,0.22903032708282828,,6,1,val,current_repo_v1
6818,272.72,0.14113933428660172,,6,1,val,current_repo_v1
6819,272.76,0.5994884211280543,,6,1,val,current_repo_v1
6820,272.8,0.29249786349386664,,6,1,val,current_repo_v1
6821,272.84,0.4027482929689905,,6,1,val,current_repo_v1
6822,272.88,0.20028942397290314,,6,1,val,current_repo_v1
6823,272.92,0.1059285306089938,,6,1,val,current_repo_v1
6824,272.96,0.6310423471689424,,6,1,val,current_repo_v1
6825,273.0,0.18441931380675133,,6,1,val,current_repo_v1
6826,273.04,0.24359529895607718,,6,1,val,current_repo_v1
6827,273.08,0.27076257877768545,,6,1,val,current_repo_v1
6828,273.12,1.01331684185959,,6,1,val,current_repo_v1
6829,273.16,1.2252805109945284,,6,1,val,current_repo_v1
6830,273.2,0.24990791371610852,,6,1,val,current_repo_v1
6831,273.24,-0.4796081489491729,,6,1,val,current_repo_v1
6832,273.28,-0.9328906467117979,,6,1,val,current_repo_v1
6833,273.32,-0.8558809135655009,,6,1,val,current_repo_v1
6834,273.36,-2.466736208187697,,6,1,val,current_repo_v1
6835,273.4,-2.349830209935858,,6,1,val,current_repo_v1
6836,273.44,-2.1781745594206097,,6,1,val,current_repo_v1
6837,273.48,-2.0966508418547205,,6,1,val,current_repo_v1
6838,273.52,-0.8397155359908676,,6,1,val,current_repo_v1
6839,273.56,-0.9126125339606215,,6,1,val,current_repo_v1
6840,273.6,0.5806722107421128,,6,1,val,current_repo_v1
6841,273.64,1.0375977775466683,,6,1,val,current_repo_v1
6842,273.68,1.0190974605055059,,6,1,val,current_repo_v1
6843,273.72,1.0005356482613519,,6,1,val,current_repo_v1
6844,273.76,0.2600367092970799,,6,1,val,current_repo_v1
6845,273.8,0.85063469101617,,6,1,val,current_repo_v1
6846,273.84,0.6709038994845603,,6,1,val,current_repo_v1
6847,273.88,0.6652266539966143,,6,1,val,current_repo_v1
6848,273.92,0.9096780162649247,,6,1,val,current_repo_v1
6849,273.96,1.0149372126325338,,6,1,val,current_repo_v1
6850,274.0,0.9080841496462113,,6,1,val,current_repo_v1
6851,274.04,0.6190808345399912,,6,1,val,current_repo_v1
6852,274.08,0.4881584517121788,,6,1,val,current_repo_v1
6853,274.12,-0.07128037499552177,,6,1,val,current_repo_v1
6854,274.16,0.4029349003015978,,6,1,val,current_repo_v1
6855,274.2,0.5893504082231051,,6,1,val,current_repo_v1
6856,274.24,0.5509380974956357,,6,1,val,current_repo_v1
6857,274.28,0.73748713487658,,6,1,val,current_repo_v1
6858,274.32,0.30006806906801725,,6,1,val,current_repo_v1
6859,274.36,0.3423936033858535,,6,1,val,current_repo_v1
6860,274.4,0.10437156806854628,,6,1,val,current_repo_v1
6861,274.44,-0.06849131710690114,,6,1,val,current_repo_v1
6862,274.48,0.08220004306055503,,6,1,val,current_repo_v1
6863,274.52,-0.3140038977106602,,6,1,val,current_repo_v1
6864,274.56,-0.35492474663663326,,6,1,val,current_repo_v1
6865,274.6,-0.3349493447178299,,6,1,val,current_repo_v1
6866,274.64,-0.40977279818130025,,6,1,val,current_repo_v1
6867,274.68,-0.19954796851918646,,6,1,val,current_repo_v1
6868,274.72,0.4107865299070859,,6,1,val,current_repo_v1
6869,274.76,0.5926289929708339,,6,1,val,current_repo_v1
6870,274.8,0.5089941951728353,,6,1,val,current_repo_v1
6871,274.84,0.13214753909623617,,6,1,val,current_repo_v1
6872,274.88,-0.34784406792159084,,6,1,val,current_repo_v1
6873,274.92,-0.26648546219314573,,6,1,val,current_repo_v1
6874,274.96,0.02146026063809621,,6,1,val,current_repo_v1
6875,275.0,0.2803393088259181,,6,1,val,current_repo_v1
6876,275.04,0.2940670694231451,,6,1,val,current_repo_v1
6877,275.08,0.3240254245099427,,6,1,val,current_repo_v1
6878,275.12,0.6501802247705321,,6,1,val,current_repo_v1
6879,275.16,0.43512857819125494,,6,1,val,current_repo_v1
6880,275.2,0.4446489260426272,,6,1,val,current_repo_v1
6881,275.24,0.0002887283258104905,,6,1,val,current_repo_v1
6882,275.28,-0.053365027594581046,,6,1,val,current_repo_v1
6883,275.32,0.011699044980888836,,6,1,val,current_repo_v1
6884,275.36,-0.2806577065002308,,6,1,val,current_repo_v1
6885,275.4,-0.6664372886319787,,6,1,val,current_repo_v1
6886,275.44,-0.4412877679849991,,6,1,val,current_repo_v1
6887,275.48,-0.4195088661961078,,6,1,val,current_repo_v1
6888,275.52,0.06590830119153912,,6,1,val,current_repo_v1
6889,275.56,-0.7697680121293027,,6,1,val,current_repo_v1
6890,275.6,-0.5216560505123267,,6,1,val,current_repo_v1
6891,275.64,-0.03013153643051651,,6,1,val,current_repo_v1
6892,275.68,-0.2747216455114589,,6,1,val,current_repo_v1
6893,275.72,-0.4401930281552726,,6,1,val,current_repo_v1
6894,275.76,-0.42718206232232736,,6,1,val,current_repo_v1
6895,275.8,-0.09340147428488349,,6,1,val,current_repo_v1
6896,275.84,-0.2063415884614408,,6,1,val,current_repo_v1
6897,275.88,-0.6369778864223948,,6,1,val,current_repo_v1
6898,275.92,-0.0445986742357708,,6,1,val,current_repo_v1
6899,275.96,0.3015564060227734,,6,1,val,current_repo_v1
6900,276.0,0.3219120138600727,,6,1,val,current_repo_v1
6901,276.04,0.6121809197219776,,6,1,val,current_repo_v1
6902,276.08,0.583664258452373,,6,1,val,current_repo_v1
6903,276.12,0.41575501535467047,,6,1,val,current_repo_v1
6904,276.16,-0.0004706400405423118,,6,1,val,current_repo_v1
6905,276.2,-0.28066709773598175,,6,1,val,current_repo_v1
6906,276.24,-0.21019585596070428,,6,1,val,current_repo_v1
6907,276.28,-0.25423035170873537,,6,1,val,current_repo_v1
6908,276.32,-0.02135659183011185,,6,1,val,current_repo_v1
6909,276.36,0.3904090091863677,,6,1,val,current_repo_v1
6910,276.4,0.7879140361061711,,6,1,val,current_repo_v1
6911,276.44,0.7957083443912236,,6,1,val,current_repo_v1
6912,276.48,0.7337481708829258,,6,1,val,current_repo_v1
6913,276.52,-0.3538663543674985,,6,1,val,current_repo_v1
6914,276.56,-0.40939269660986827,,6,1,val,current_repo_v1
6915,276.6,0.22844507918376944,,6,1,val,current_repo_v1
6916,276.64,0.964283252191897,,6,1,val,current_repo_v1
6917,276.68,1.1182992402490277,,6,1,val,current_repo_v1
6918,276.72,0.9998964181479022,,6,1,val,current_repo_v1
6919,276.76,1.0312410935433167,,6,1,val,current_repo_v1
6920,276.8,0.8010488966863198,,6,1,val,current_repo_v1
6921,276.84,0.9635317446376913,,6,1,val,current_repo_v1
6922,276.88,1.1232825777620408,,6,1,val,current_repo_v1
6923,276.92,0.7063077452303826,,6,1,val,current_repo_v1
6924,276.96,0.5469628917493125,,6,1,val,current_repo_v1
6925,277.0,0.5741123282229939,,6,1,val,current_repo_v1
6926,277.04,0.5562785802260227,,6,1,val,current_repo_v1
6927,277.08,0.9129003231628569,,6,1,val,current_repo_v1
6928,277.12,0.3145966585983198,,6,1,val,current_repo_v1
6929,277.16,0.7888457858220862,,6,1,val,current_repo_v1
6930,277.2,0.767160379002449,,6,1,val,current_repo_v1
6931,277.24,0.9761018789080149,,6,1,val,current_repo_v1
6932,277.28,0.5379548879816878,,6,1,val,current_repo_v1
6933,277.32,0.6267467959364471,,6,1,val,current_repo_v1
6934,277.36,0.7090122124325353,,6,1,val,current_repo_v1
6935,277.4,0.6734553938910359,,6,1,val,current_repo_v1
6936,277.44,0.4643529908129367,,6,1,val,current_repo_v1
6937,277.48,0.5692726418346161,,6,1,val,current_repo_v1
6938,277.52,0.5698135770138723,,6,1,val,current_repo_v1
6939,277.56,0.6650420988229303,,6,1,val,current_repo_v1
6940,277.6,-0.10939192270247765,,6,1,val,current_repo_v1
6941,277.64,-0.3797116612365614,,6,1,val,current_repo_v1
6942,277.68,0.44404336524846255,,6,1,val,current_repo_v1
6943,277.72,0.834134220237,,6,1,val,current_repo_v1
6944,277.76,0.025622891102360643,,6,1,val,current_repo_v1
6945,277.8,-0.4009117846443556,,6,1,val,current_repo_v1
6946,277.84,-0.8785279829260377,,6,1,val,current_repo_v1
6947,277.88,-0.6696329522462618,,6,1,val,current_repo_v1
6948,277.92,-0.4765830580020111,,6,1,val,current_repo_v1
6949,277.96,0.4424611855009059,,6,1,val,current_repo_v1
6950,278.0,0.32789106583917127,,6,1,val,current_repo_v1
6951,278.04,0.6225952436521334,,6,1,val,current_repo_v1
6952,278.08,0.5072542426646622,,6,1,val,current_repo_v1
6953,278.12,0.8489745987942349,,6,1,val,current_repo_v1
6954,278.16,0.6302321965648251,,6,1,val,current_repo_v1
6955,278.2,0.5542002649719776,,6,1,val,current_repo_v1
6956,278.24,-0.08062100242050406,,6,1,val,current_repo_v1
6957,278.28,0.3103038899541951,,6,1,val,current_repo_v1
6958,278.32,0.050535230873096235,,6,1,val,current_repo_v1
6959,278.36,0.7193836149370735,,6,1,val,current_repo_v1
6960,278.4,0.8509122542061431,,6,1,val,current_repo_v1
6961,278.44,0.5066962641316359,,6,1,val,current_repo_v1
6962,278.48,0.05676130713480006,,6,1,val,current_repo_v1
6963,278.52,0.038607039739883636,,6,1,val,current_repo_v1
6964,278.56,0.06221671076489528,,6,1,val,current_repo_v1
6965,278.6,0.10184289088671004,,6,1,val,current_repo_v1
6966,278.64,0.13513245642379657,,6,1,val,current_repo_v1
6967,278.68,-0.2630246526894934,,6,1,val,current_repo_v1
6968,278.72,0.0012177476268869,,6,1,val,current_repo_v1
6969,278.76,0.23530461168805375,,6,1,val,current_repo_v1
6970,278.8,0.30401510110708757,,6,1,val,current_repo_v1
6971,278.84,-0.13970777083019567,,6,1,val,current_repo_v1
6972,278.88,0.6332760699834888,,6,1,val,current_repo_v1
6973,278.92,0.9100793350726829,,6,1,val,current_repo_v1
6974,278.96,0.8896540233966986,,6,1,val,current_repo_v1
6975,279.0,0.6886956999618438,,6,1,val,current_repo_v1
6976,279.04,1.0795174713506441,,6,1,val,current_repo_v1
6977,279.08,0.3699636976564693,,6,1,val,current_repo_v1
6978,279.12,0.8335749199744976,,6,1,val,current_repo_v1
6979,279.16,1.0584321297131394,,6,1,val,current_repo_v1
6980,279.2,0.8588402658624059,,6,1,val,current_repo_v1
6981,279.24,1.2143774949817758,,6,1,val,current_repo_v1
6982,279.28,1.0424823331725228,,6,1,val,current_repo_v1
6983,279.32,0.9039031714898779,,6,1,val,current_repo_v1
6984,279.36,0.9838928480870227,,6,1,val,current_repo_v1
6985,279.4,0.8713478614590989,,6,1,val,current_repo_v1
6986,279.44,1.1391438879924702,,6,1,val,current_repo_v1
6987,279.48,0.5797394175555587,,6,1,val,current_repo_v1
6988,279.52,1.1685513253642321,,6,1,val,current_repo_v1
6989,279.56,0.8609910675435066,,6,1,val,current_repo_v1
6990,279.6,0.7485466714851822,,6,1,val,current_repo_v1
6991,279.64,0.9338013878855146,,6,1,val,current_repo_v1
6992,279.68,0.8311699288457371,,6,1,val,current_repo_v1
6993,279.72,0.7141406619290781,,6,1,val,current_repo_v1
6994,279.76,0.6345152261496525,,6,1,val,current_repo_v1
6995,279.8,0.8390957839960126,,6,1,val,current_repo_v1
6996,279.84,0.8851208391173491,,6,1,val,current_repo_v1
6997,279.88,0.43191016691704165,,6,1,val,current_repo_v1
6998,279.92,0.3324715889031767,,6,1,val,current_repo_v1
6999,279.96,0.7995130470351347,,6,1,val,current_repo_v1
7000,280.0,0.6397825268058912,,6,1,val,current_repo_v1
7001,280.04,0.6591398115005073,,6,1,val,current_repo_v1
7002,280.08,0.3641660704391377,,6,1,val,current_repo_v1
7003,280.12,0.7248848617105753,,6,1,val,current_repo_v1
7004,280.16,0.683567250465301,,6,1,val,current_repo_v1
7005,280.2,0.5098524149910557,,6,1,val,current_repo_v1
7006,280.24,0.27999315483260817,,6,1,val,current_repo_v1
7007,280.28,0.4663493588394659,,6,1,val,current_repo_v1
7008,280.32,0.6489969290659094,,6,1,val,current_repo_v1
7009,280.36,0.7341174203597122,,6,1,val,current_repo_v1
7010,280.4,0.25663332546092704,,6,1,val,current_repo_v1
7011,280.44,0.6184395174852636,,6,1,val,current_repo_v1
7012,280.48,0.43247917145648673,,6,1,val,current_repo_v1
7013,280.52,0.22505126049514074,,6,1,val,current_repo_v1
7014,280.56,0.783732640561582,,6,1,val,current_repo_v1
7015,280.6,0.3666044874107007,,6,1,val,current_repo_v1
7016,280.64,0.5538715021559842,,6,1,val,current_repo_v1
7017,280.68,0.32891669313024147,,6,1,val,current_repo_v1
7018,280.72,0.4119684690998779,,6,1,val,current_repo_v1
7019,280.76,0.49271911405168867,,6,1,val,current_repo_v1
7020,280.8,0.7450051321364262,,6,1,val,current_repo_v1
7021,280.84,0.7499472873415534,,6,1,val,current_repo_v1
7022,280.88,1.0118813740838764,,6,1,val,current_repo_v1
7023,280.92,0.8818663237590264,,6,1,val,current_repo_v1
7024,280.96,0.9650024121562938,,6,1,val,current_repo_v1
7025,281.0,0.585616174629681,,6,1,val,current_repo_v1
7026,281.04,0.8605188622970058,,6,1,val,current_repo_v1
7027,281.08,0.8592328195167965,,6,1,val,current_repo_v1
7028,281.12,1.080576524484517,,6,1,val,current_repo_v1
7029,281.16,0.8158153279576045,,6,1,val,current_repo_v1
7030,281.2,0.978227428599652,,6,1,val,current_repo_v1
7031,281.24,1.324928896171541,,6,1,val,current_repo_v1
7032,281.28,0.6059742172318046,,6,1,val,current_repo_v1
7033,281.32,0.25443862844827914,,6,1,val,current_repo_v1
7034,281.36,-0.3094497048891121,,6,1,val,current_repo_v1
7035,281.4,-1.2202843735750104,,6,1,val,current_repo_v1
7036,281.44,-0.6210490984239767,,6,1,val,current_repo_v1
7037,281.48,-1.3529153352271166,,6,1,val,current_repo_v1
7038,281.52,-1.3854468541273264,,6,1,val,current_repo_v1
7039,281.56,-1.6888224468621273,,6,1,val,current_repo_v1
7040,281.6,-2.6154903216359116,,6,1,val,current_repo_v1
7041,281.64,-1.906015712580882,,6,1,val,current_repo_v1
7042,281.68,-0.6008872978666938,,6,1,val,current_repo_v1
7043,281.72,0.730205935887077,,6,1,val,current_repo_v1
7044,281.76,0.4456007799595203,,6,1,val,current_repo_v1
7045,281.8,0.11294947062995365,,6,1,val,current_repo_v1
7046,281.84,0.04290154750173999,,6,1,val,current_repo_v1
7047,281.88,-0.03669626239251818,,6,1,val,current_repo_v1
7048,281.92,-0.3217359803632739,,6,1,val,current_repo_v1
7049,281.96,0.32334713381224,,6,1,val,current_repo_v1
7050,282.0,0.3766814920656232,,6,1,val,current_repo_v1
7051,282.04,0.5656867897660574,,6,1,val,current_repo_v1
7052,282.08,0.07322829989763553,,6,1,val,current_repo_v1
7053,282.12,0.28974932704839373,,6,1,val,current_repo_v1
7054,282.16,0.1769638552205358,,6,1,val,current_repo_v1
7055,282.2,0.10982778908397539,,6,1,val,current_repo_v1
7056,282.24,0.24376959333514434,,6,1,val,current_repo_v1
7057,282.28,0.5831215145906761,,6,1,val,current_repo_v1
7058,282.32,0.7349654141656704,,6,1,val,current_repo_v1
7059,282.36,0.6601765343627055,,6,1,val,current_repo_v1
7060,282.4,0.274295631231911,,6,1,val,current_repo_v1
7061,282.44,0.10722558200444449,,6,1,val,current_repo_v1
7062,282.48,0.19432943272414357,,6,1,val,current_repo_v1
7063,282.52,0.39566611861269885,,6,1,val,current_repo_v1
7064,282.56,0.11447283341582548,,6,1,val,current_repo_v1
7065,282.6,0.25960304289951275,,6,1,val,current_repo_v1
7066,282.64,0.17056181502674242,,6,1,val,current_repo_v1
7067,282.68,0.18515989970160218,,6,1,val,current_repo_v1
7068,282.72,0.2932212321231741,,6,1,val,current_repo_v1
7069,282.76,0.5575182233451512,,6,1,val,current_repo_v1
7070,282.8,0.524572794424806,,6,1,val,current_repo_v1
7071,282.84,-0.22139184374653265,,6,1,val,current_repo_v1
7072,282.88,0.03440948779156743,,6,1,val,current_repo_v1
7073,282.92,0.060697487079224816,,6,1,val,current_repo_v1
7074,282.96,0.09940014351199522,,6,1,val,current_repo_v1
7075,283.0,-0.31094771133845633,,6,1,val,current_repo_v1
7076,283.04,-0.1527573015988405,,6,1,val,current_repo_v1
7077,283.08,-0.18682218321187916,,6,1,val,current_repo_v1
7078,283.12,-0.7677987047746782,,6,1,val,current_repo_v1
7079,283.16,-1.402892570176009,,6,1,val,current_repo_v1
7080,283.2,-1.2393206171363618,,6,1,val,current_repo_v1
7081,283.24,-1.4029267960129683,,6,1,val,current_repo_v1
7082,283.28,-1.5357786951817047,,6,1,val,current_repo_v1
7083,283.32,-1.0072766077186914,,6,1,val,current_repo_v1
7084,283.36,-1.571627615937414,,6,1,val,current_repo_v1
7085,283.4,-1.456827758823327,,6,1,val,current_repo_v1
7086,283.44,-1.5160259351149088,,6,1,val,current_repo_v1
7087,283.48,-1.8937342022893051,,6,1,val,current_repo_v1
7088,283.52,-1.8428248002362417,,6,1,val,current_repo_v1
7089,283.56,-1.7643630429134256,,6,1,val,current_repo_v1
7090,283.6,-1.3879648183439355,,6,1,val,current_repo_v1
7091,283.64,-1.7250817994025087,,6,1,val,current_repo_v1
7092,283.68,-1.621776258329939,,6,1,val,current_repo_v1
7093,283.72,-1.7100271615407332,,6,1,val,current_repo_v1
7094,283.76,-1.6988289129018537,,6,1,val,current_repo_v1
7095,283.8,-1.5290871266679444,,6,1,val,current_repo_v1
7096,283.84,-1.5233280035171917,,6,1,val,current_repo_v1
7097,283.88,-1.9673631601299608,,6,1,val,current_repo_v1
7098,283.92,-2.0027713188877576,,6,1,val,current_repo_v1
7099,283.96,-2.078222872111195,,6,1,val,current_repo_v1
7100,284.0,-1.9425986801487711,,6,1,val,current_repo_v1
7101,284.04,-1.652863057348103,,6,1,val,current_repo_v1
7102,284.08,-1.7640129932963968,,6,1,val,current_repo_v1
7103,284.12,-1.7379189925917062,,6,1,val,current_repo_v1
7104,284.16,-1.992818000285911,,6,1,val,current_repo_v1
7105,284.2,-1.8950061234335331,,6,1,val,current_repo_v1
7106,284.24,-1.9219265528843095,,6,1,val,current_repo_v1
7107,284.28,-1.7918057642013745,,6,1,val,current_repo_v1
7108,284.32,-1.946906961723062,,6,1,val,current_repo_v1
7109,284.36,-2.2843959748467926,,6,1,val,current_repo_v1
7110,284.4,-1.8365216810590252,,6,1,val,current_repo_v1
7111,284.44,-1.6347932067278812,,6,1,val,current_repo_v1
7112,284.48,-1.7450991836233545,,6,1,val,current_repo_v1
7113,284.52,-1.8570816700121495,,6,1,val,current_repo_v1
7114,284.56,-1.998790547964693,,6,1,val,current_repo_v1
7115,284.6,-1.8904641044361068,,6,1,val,current_repo_v1
7116,284.64,-2.136056467065806,,6,1,val,current_repo_v1
7117,284.68,-2.1293743593525054,,6,1,val,current_repo_v1
7118,284.72,-1.9908315104480976,,6,1,val,current_repo_v1
7119,284.76,-2.4191628513322163,,6,1,val,current_repo_v1
7120,284.8,-2.450520117940008,,6,1,val,current_repo_v1
7121,284.84,-2.446904979128848,,6,1,val,current_repo_v1
7122,284.88,-1.1892988607735386,,6,1,val,current_repo_v1
7123,284.92,-0.6249701828264906,,6,1,val,current_repo_v1
7124,284.96,-0.2993044572543992,,6,1,val,current_repo_v1
7125,285.0,0.4641149403778268,,6,1,val,current_repo_v1
7126,285.04,1.1100844828611687,,6,1,val,current_repo_v1
7127,285.08,0.29913805846983377,,6,1,val,current_repo_v1
7128,285.12,0.5252166853737764,,6,1,val,current_repo_v1
7129,285.16,-0.021163671500138606,,6,1,val,current_repo_v1
7130,285.2,-0.2597311810939816,,6,1,val,current_repo_v1
7131,285.24,-0.4688921924396378,,6,1,val,current_repo_v1
7132,285.28,0.07180989286686949,,6,1,val,current_repo_v1
7133,285.32,-0.7472478983631772,,6,1,val,current_repo_v1
7134,285.36,-0.7184176393841993,,6,1,val,current_repo_v1
7135,285.4,-1.1515134672059786,,6,1,val,current_repo_v1
7136,285.44,-1.4524226431737368,,6,1,val,current_repo_v1
7137,285.48,-1.3102476816691078,,6,1,val,current_repo_v1
7138,285.52,-1.021999143658429,,6,1,val,current_repo_v1
7139,285.56,-0.42932138582639917,,6,1,val,current_repo_v1
7140,285.6,-0.26262743819958184,,6,1,val,current_repo_v1
7141,285.64,-0.14763643465560775,,6,1,val,current_repo_v1
7142,285.68,-0.22571897735703494,,6,1,val,current_repo_v1
7143,285.72,0.38899482821168957,,6,1,val,current_repo_v1
7144,285.76,0.4491141456010234,,6,1,val,current_repo_v1
7145,285.8,0.7703862337005538,,6,1,val,current_repo_v1
7146,285.84,0.7469240050768324,,6,1,val,current_repo_v1
7147,285.88,0.397248437489674,,6,1,val,current_repo_v1
7148,285.92,0.540466313115626,,6,1,val,current_repo_v1
7149,285.96,0.4632551205712932,,6,1,val,current_repo_v1
7150,286.0,0.42390813841011943,,6,1,val,current_repo_v1
7151,286.04,0.23064721962030885,,6,1,val,current_repo_v1
7152,286.08,0.004278281793419944,,6,1,val,current_repo_v1
7153,286.12,0.0525541726477824,,6,1,val,current_repo_v1
7154,286.16,0.4260624183266835,,6,1,val,current_repo_v1
7155,286.2,0.2243808306095851,,6,1,val,current_repo_v1
7156,286.24,0.28330276544066985,,6,1,val,current_repo_v1
7157,286.28,0.33129253664581926,,6,1,val,current_repo_v1
7158,286.32,0.05713766960310899,,6,1,val,current_repo_v1
7159,286.36,0.2406276684587695,,6,1,val,current_repo_v1
7160,286.4,0.17110525453553208,,6,1,val,current_repo_v1
7161,286.44,0.1618973217934756,,6,1,val,current_repo_v1
7162,286.48,0.36989823726504956,,6,1,val,current_repo_v1
7163,286.52,0.36242218752489114,,6,1,val,current_repo_v1
7164,286.56,0.31329385072317734,,6,1,val,current_repo_v1
7165,286.6,0.39234012551560493,,6,1,val,current_repo_v1
7166,286.64,0.4277773275395206,,6,1,val,current_repo_v1
7167,286.68,0.5628600973697235,,6,1,val,current_repo_v1
7168,286.72,0.23818226023392525,,6,1,val,current_repo_v1
7169,286.76,0.16683203357471127,,6,1,val,current_repo_v1
7170,286.8,0.10508484981501005,,6,1,val,current_repo_v1
7171,286.84,0.1294705499542438,,6,1,val,current_repo_v1
7172,286.88,0.27223853321419217,,6,1,val,current_repo_v1
7173,286.92,-0.010714939125662038,,6,1,val,current_repo_v1
7174,286.96,0.06982051609362158,,6,1,val,current_repo_v1
7175,287.0,-0.280246196462565,,6,1,val,current_repo_v1
7176,287.04,-0.8953041386480307,,6,1,val,current_repo_v1
7177,287.08,-1.05211224544099,,6,1,val,current_repo_v1
7178,287.12,-0.8834443296240271,,6,1,val,current_repo_v1
7179,287.16,-1.0735724712967314,,6,1,val,current_repo_v1
7180,287.2,-1.2760121056507066,,6,1,val,current_repo_v1
7181,287.24,-1.4271119410953867,,6,1,val,current_repo_v1
7182,287.28,-1.9101492476054958,,6,1,val,current_repo_v1
7183,287.32,-1.6479195108487903,,6,1,val,current_repo_v1
7184,287.36,-1.6639427677223924,,6,1,val,current_repo_v1
7185,287.4,-1.758029593522969,,6,1,val,current_repo_v1
7186,287.44,-1.518113711169414,,6,1,val,current_repo_v1
7187,287.48,-1.5467846669641718,,6,1,val,current_repo_v1
7188,287.52,-1.1709657772934527,,6,1,val,current_repo_v1
7189,287.56,-1.038772238533214,,6,1,val,current_repo_v1
7190,287.6,-1.3507176469319702,,6,1,val,current_repo_v1
7191,287.64,-1.2242682053452827,,6,1,val,current_repo_v1
7192,287.68,-1.5509104107413476,,6,1,val,current_repo_v1
7193,287.72,-1.634483504642227,,6,1,val,current_repo_v1
7194,287.76,-1.5132756247693495,,6,1,val,current_repo_v1
7195,287.8,-1.3856121398765435,,6,1,val,current_repo_v1
7196,287.84,-1.3288804499167137,,6,1,val,current_repo_v1
7197,287.88,-0.72598356672873,,6,1,val,current_repo_v1
7198,287.92,-0.5984190724172102,,6,1,val,current_repo_v1
7199,287.96,-1.1915544269067948,,6,1,val,current_repo_v1
7200,288.0,-1.3122472496722632,,6,1,val,current_repo_v1
7201,288.04,-1.2188473058109837,,6,1,val,current_repo_v1
7202,288.08,-0.8003880319482883,,6,1,val,current_repo_v1
7203,288.12,-0.8640390452800171,,6,1,val,current_repo_v1
7204,288.16,-1.5657212938618534,,6,1,val,current_repo_v1
7205,288.2,-1.1702069654447742,,6,1,val,current_repo_v1
7206,288.24,-1.203602060645818,,6,1,val,current_repo_v1
7207,288.28,-1.0999024354952538,,6,1,val,current_repo_v1
7208,288.32,-1.3266106925827672,,6,1,val,current_repo_v1
7209,288.36,-1.3128708277261278,,6,1,val,current_repo_v1
7210,288.4,-1.1767390916448959,,6,1,val,current_repo_v1
7211,288.44,-0.9165807136713089,,6,1,val,current_repo_v1
7212,288.48,-0.11433203444427015,,6,1,val,current_repo_v1
7213,288.52,0.6639504198404116,,6,1,val,current_repo_v1
7214,288.56,1.0100365179941295,,6,1,val,current_repo_v1
7215,288.6,0.3646269018556734,,6,1,val,current_repo_v1
7216,288.64,-0.680212144537379,,6,1,val,current_repo_v1
7217,288.68,-0.9896260931659282,,6,1,val,current_repo_v1
7218,288.72,-1.0896776753978492,,6,1,val,current_repo_v1
7219,288.76,-0.9549824505629698,,6,1,val,current_repo_v1
7220,288.8,-0.4924796723223935,,6,1,val,current_repo_v1
7221,288.84,-0.7607543040555182,,6,1,val,current_repo_v1
7222,288.88,-0.3472582635048579,,6,1,val,current_repo_v1
7223,288.92,-0.6391129664792013,,6,1,val,current_repo_v1
7224,288.96,-0.3698602897161447,,6,1,val,current_repo_v1
7225,289.0,-0.291557626883421,,6,1,val,current_repo_v1
7226,289.04,0.11972761242439621,,6,1,val,current_repo_v1
7227,289.08,-0.06545384364148993,,6,1,val,current_repo_v1
7228,289.12,-0.22835756677951222,,6,1,val,current_repo_v1
7229,289.16,-0.4419071373739531,,6,1,val,current_repo_v1
7230,289.2,-0.5839995603510374,,6,1,val,current_repo_v1
7231,289.24,-0.06755972391158187,,6,1,val,current_repo_v1
7232,289.28,0.6841570896351714,,6,1,val,current_repo_v1
7233,289.32,0.3074342065675346,,6,1,val,current_repo_v1
7234,289.36,-0.19610820234008725,,6,1,val,current_repo_v1
7235,289.4,-0.13623411794209503,,6,1,val,current_repo_v1
7236,289.44,-0.3964813474405926,,6,1,val,current_repo_v1
7237,289.48,-0.1823884938579579,,6,1,val,current_repo_v1
7238,289.52,-0.05341540983526729,,6,1,val,current_repo_v1
7239,289.56,-0.07005341874024572,,6,1,val,current_repo_v1
7240,289.6,-0.18768443778323707,,6,1,val,current_repo_v1
7241,289.64,-0.2671483095253913,,6,1,val,current_repo_v1
7242,289.68,-0.26483604815408307,,6,1,val,current_repo_v1
7243,289.72,-0.1422412479769713,,6,1,val,current_repo_v1
7244,289.76,0.09598971624902913,,6,1,val,current_repo_v1
7245,289.8,0.1499614785422437,,6,1,val,current_repo_v1
7246,289.84,0.21807124191440688,,6,1,val,current_repo_v1
7247,289.88,-0.048264343112624224,,6,1,val,current_repo_v1
7248,289.92,-0.11011372612582655,,6,1,val,current_repo_v1
7249,289.96,-0.21394268076650572,,6,1,val,current_repo_v1
7250,290.0,-0.26847723894886333,,6,1,val,current_repo_v1
7251,290.04,-0.8421516921093793,,6,1,val,current_repo_v1
7252,290.08,-0.7784546965048256,,6,1,val,current_repo_v1
7253,290.12,-0.6386728305636724,,6,1,val,current_repo_v1
7254,290.16,-0.3281869593300362,,6,1,val,current_repo_v1
7255,290.2,-0.41583682345276785,,6,1,val,current_repo_v1
7256,290.24,-0.37766802399008564,,6,1,val,current_repo_v1
7257,290.28,-0.38138378815319957,,6,1,val,current_repo_v1
7258,290.32,-0.24232988211216544,,6,1,val,current_repo_v1
7259,290.36,-0.7200842706888054,,6,1,val,current_repo_v1
7260,290.4,-0.11771888796638355,,6,1,val,current_repo_v1
7261,290.44,0.0782696369869994,,6,1,val,current_repo_v1
7262,290.48,0.21130819566187517,,6,1,val,current_repo_v1
7263,290.52,0.4712115841936459,,6,1,val,current_repo_v1
7264,290.56,0.25096453208515695,,6,1,val,current_repo_v1
7265,290.6,0.30353854806625763,,6,1,val,current_repo_v1
7266,290.64,0.256216911111258,,6,1,val,current_repo_v1
7267,290.68,0.49993506134389976,,6,1,val,current_repo_v1
7268,290.72,0.9089905082432441,,6,1,val,current_repo_v1
7269,290.76,0.36656796593833574,,6,1,val,current_repo_v1
7270,290.8,0.2877554633513981,,6,1,val,current_repo_v1
7271,290.84,0.20749250179389994,,6,1,val,current_repo_v1
7272,290.88,-0.27699696802214663,,6,1,val,current_repo_v1
7273,290.92,-0.21140548190778433,,6,1,val,current_repo_v1
7274,290.96,0.6823394333467477,,6,1,val,current_repo_v1
7275,291.0,0.27954223638714293,,6,1,val,current_repo_v1
7276,291.04,0.4707404224177841,,6,1,val,current_repo_v1
7277,291.08,0.3734849588924742,,6,1,val,current_repo_v1
7278,291.12,0.21629146361017884,,6,1,val,current_repo_v1
7279,291.16,0.8179162517421612,,6,1,val,current_repo_v1
7280,291.2,0.6632598509715233,,6,1,val,current_repo_v1
7281,291.24,-0.5383977021385236,,6,1,val,current_repo_v1
7282,291.28,0.3346956422231351,,6,1,val,current_repo_v1
7283,291.32,0.031475283137062306,,6,1,val,current_repo_v1
7284,291.36,-1.0351660040048403,,6,1,val,current_repo_v1
7285,291.4,-1.0376137078650904,,6,1,val,current_repo_v1
7286,291.44,-1.115021698971938,,6,1,val,current_repo_v1
7287,291.48,-1.2236685575514057,,6,1,val,current_repo_v1
7288,291.52,-0.8571823997111673,,6,1,val,current_repo_v1
7289,291.56,0.10412454378594105,,6,1,val,current_repo_v1
7290,291.6,0.038538275024773735,,6,1,val,current_repo_v1
7291,291.64,0.7489423555514899,,6,1,val,current_repo_v1
7292,291.68,0.8076766047969737,,6,1,val,current_repo_v1
7293,291.72,1.063042322125647,,6,1,val,current_repo_v1
7294,291.76,0.9279089787518073,,6,1,val,current_repo_v1
7295,291.8,0.15517295351929603,,6,1,val,current_repo_v1
7296,291.84,0.27571301218321537,,6,1,val,current_repo_v1
7297,291.88,-0.12415122359106247,,6,1,val,current_repo_v1
7298,291.92,-0.302919039547885,,6,1,val,current_repo_v1
7299,291.96,-0.08524416865128985,,6,1,val,current_repo_v1
7300,292.0,0.06051780143518952,,6,1,val,current_repo_v1
7301,292.04,0.32014051375624736,,6,1,val,current_repo_v1
7302,292.08,1.350978375462301,,6,1,val,current_repo_v1
7303,292.12,1.1359720155087563,,6,1,val,current_repo_v1
7304,292.16,0.8898549958417695,,6,1,val,current_repo_v1
7305,292.2,1.0579323768417692,,6,1,val,current_repo_v1
7306,292.24,0.9094226442172074,,6,1,val,current_repo_v1
7307,292.28,-0.4675881671820832,,6,1,val,current_repo_v1
7308,292.32,-0.31801489449990106,,6,1,val,current_repo_v1
7309,292.36,-0.8001684161611341,,6,1,val,current_repo_v1
7310,292.4,-0.4791084656425118,,6,1,val,current_repo_v1
7311,292.44,-0.9104090022298967,,6,1,val,current_repo_v1
7312,292.48,-0.8368924609594156,,6,1,val,current_repo_v1
7313,292.52,0.08509723928973041,,6,1,val,current_repo_v1
7314,292.56,0.3890096107124087,,6,1,val,current_repo_v1
7315,292.6,-0.2202668780506299,,6,1,val,current_repo_v1
7316,292.64,-0.6170999098789192,,6,1,val,current_repo_v1
7317,292.68,-0.13698048640340366,,6,1,val,current_repo_v1
7318,292.72,0.4562796584790163,,6,1,val,current_repo_v1
7319,292.76,0.7653880093397578,,6,1,val,current_repo_v1
7320,292.8,0.9971341426723491,,6,1,val,current_repo_v1
7321,292.84,1.4266530922730651,,6,1,val,current_repo_v1
7322,292.88,1.1285678261132701,,6,1,val,current_repo_v1
7323,292.92,0.2636331352014472,,6,1,val,current_repo_v1
7324,292.96,-0.6622827450651665,,6,1,val,current_repo_v1
7325,293.0,-1.05576056661847,,6,1,val,current_repo_v1
7326,293.04,-0.6013491379715139,,6,1,val,current_repo_v1
7327,293.08,-0.14336508324634847,,6,1,val,current_repo_v1
7328,293.12,-0.5400049599637707,,6,1,val,current_repo_v1
7329,293.16,-0.6786781035686348,,6,1,val,current_repo_v1
7330,293.2,-0.2727825640230106,,6,1,val,current_repo_v1
7331,293.24,0.14389133157636066,,6,1,val,current_repo_v1
7332,293.28,0.20249779045092192,,6,1,val,current_repo_v1
7333,293.32,-0.22497407845020959,,6,1,val,current_repo_v1
7334,293.36,0.39200618012877125,,6,1,val,current_repo_v1
7335,293.4,-0.3874517438307407,,6,1,val,current_repo_v1
7336,293.44,0.9046884179280777,,6,1,val,current_repo_v1
7337,293.48,-0.547826885438402,,6,1,val,current_repo_v1
7338,293.52,0.16907253894841115,,6,1,val,current_repo_v1
7339,293.56,0.44283787840158384,,6,1,val,current_repo_v1
7340,293.6,0.0018134824058676448,,6,1,val,current_repo_v1
7341,293.64,-0.1104756539169627,,6,1,val,current_repo_v1
7342,293.68,0.02740510417141301,,6,1,val,current_repo_v1
7343,293.72,-0.165619207651005,,6,1,val,current_repo_v1
7344,293.76,-0.4372669973541063,,6,1,val,current_repo_v1
7345,293.8,-0.4304760904355133,,6,1,val,current_repo_v1
7346,293.84,-0.59378446279175,,6,1,val,current_repo_v1
7347,293.88,-0.2957486571402435,,6,1,val,current_repo_v1
7348,293.92,-0.25887497865232983,,6,1,val,current_repo_v1
7349,293.96,-0.1752363547953215,,6,1,val,current_repo_v1
7350,294.0,-0.4549294074721541,,6,1,val,current_repo_v1
7351,294.04,-0.4279424741593192,,6,1,val,current_repo_v1
7352,294.08,-0.8859112333440347,,6,1,val,current_repo_v1
7353,294.12,-0.07214092523150266,,6,1,val,current_repo_v1
7354,294.16,0.32425279676218016,,6,1,val,current_repo_v1
7355,294.2,0.7388338380832696,,6,1,val,current_repo_v1
7356,294.24,0.4491675017330308,,6,1,val,current_repo_v1
7357,294.28,0.08060113300041982,,6,1,val,current_repo_v1
7358,294.32,0.4473723148457003,,6,1,val,current_repo_v1
7359,294.36,0.31241771799232076,,6,1,val,current_repo_v1
7360,294.4,0.5212610968754663,,6,1,val,current_repo_v1
7361,294.44,1.095675127242549,,6,1,val,current_repo_v1
7362,294.48,0.463543535855912,,6,1,val,current_repo_v1
7363,294.52,0.5155215214080175,,6,1,val,current_repo_v1
7364,294.56,0.9711396195019097,,6,1,val,current_repo_v1
7365,294.6,0.5196982561170858,,6,1,val,current_repo_v1
7366,294.64,0.050084608077645344,,6,1,val,current_repo_v1
7367,294.68,-0.2434321697128473,,6,1,val,current_repo_v1
7368,294.72,0.02293344987740959,,6,1,val,current_repo_v1
7369,294.76,-0.01089145957542571,,6,1,val,current_repo_v1
7370,294.8,0.10044140547147308,,6,1,val,current_repo_v1
7371,294.84,0.016358123992833443,,6,1,val,current_repo_v1
7372,294.88,0.26906572160690306,,6,1,val,current_repo_v1
7373,294.92,0.6696280827166132,,6,1,val,current_repo_v1
7374,294.96,0.2573096335644157,,6,1,val,current_repo_v1
7375,295.0,-0.33841429332168355,,6,1,val,current_repo_v1
7376,295.04,-0.5027640145932847,,6,1,val,current_repo_v1
7377,295.08,-0.5973445063531709,,6,1,val,current_repo_v1
7378,295.12,-0.9622607278346836,,6,1,val,current_repo_v1
7379,295.16,-0.6726124087441449,,6,1,val,current_repo_v1
7380,295.2,-0.7849478664677579,,6,1,val,current_repo_v1
7381,295.24,-0.44815863953689383,,6,1,val,current_repo_v1
7382,295.28,-0.1897885267620654,,6,1,val,current_repo_v1
7383,295.32,-0.4195052836135806,,6,1,val,current_repo_v1
7384,295.36,-1.0984833154262177,,6,1,val,current_repo_v1
7385,295.4,-0.6847321810866773,,6,1,val,current_repo_v1
7386,295.44,-0.40861798922512216,,6,1,val,current_repo_v1
7387,295.48,-0.6896242497011326,,6,1,val,current_repo_v1
7388,295.52,-0.5139612197615252,,6,1,val,current_repo_v1
7389,295.56,0.4365502025898246,,6,1,val,current_repo_v1
7390,295.6,-0.1325962749489482,,6,1,val,current_repo_v1
7391,295.64,-0.5252367547923997,,6,1,val,current_repo_v1
7392,295.68,-0.5041639695849178,,6,1,val,current_repo_v1
7393,295.72,-0.8278230315535087,,6,1,val,current_repo_v1
7394,295.76,-0.8555839418216423,,6,1,val,current_repo_v1
7395,295.8,-0.4226760082795917,,6,1,val,current_repo_v1
7396,295.84,-0.32866330367673835,,6,1,val,current_repo_v1
7397,295.88,-0.11663535675043765,,6,1,val,current_repo_v1
7398,295.92,-0.10950627838892307,,6,1,val,current_repo_v1
7399,295.96,-0.2011158179366342,,6,1,val,current_repo_v1
7400,296.0,-0.09988326172226221,,6,1,val,current_repo_v1
7401,296.04,-0.3286750253302498,,6,1,val,current_repo_v1
7402,296.08,-0.5958871256940385,,6,1,val,current_repo_v1
7403,296.12,-1.046763206251363,,6,1,val,current_repo_v1
7404,296.16,-0.7669221198732113,,6,1,val,current_repo_v1
7405,296.2,-0.6083309304523341,,6,1,val,current_repo_v1
7406,296.24,-0.4015357800864759,,6,1,val,current_repo_v1
7407,296.28,-0.5268396300409631,,6,1,val,current_repo_v1
7408,296.32,-0.1720095609736416,,6,1,val,current_repo_v1
7409,296.36,-0.19211410977519816,,6,1,val,current_repo_v1
7410,296.4,-0.3910085874155354,,6,1,val,current_repo_v1
7411,296.44,0.2899973252369287,,6,1,val,current_repo_v1
7412,296.48,0.3175480805183684,,6,1,val,current_repo_v1
7413,296.52,0.29582256964383913,,6,1,val,current_repo_v1
7414,296.56,0.3140992361447099,,6,1,val,current_repo_v1
7415,296.6,0.17716566244211782,,6,1,val,current_repo_v1
7416,296.64,0.17986317317334377,,6,1,val,current_repo_v1
7417,296.68,0.10828590469426136,,6,1,val,current_repo_v1
7418,296.72,-0.7048240691111474,,6,1,val,current_repo_v1
7419,296.76,-0.8614807335320334,,6,1,val,current_repo_v1
7420,296.8,-0.5015245801682839,,6,1,val,current_repo_v1
7421,296.84,-0.5373998311664506,,6,1,val,current_repo_v1
7422,296.88,-0.29994208737953565,,6,1,val,current_repo_v1
7423,296.92,0.11615315157697978,,6,1,val,current_repo_v1
7424,296.96,-0.10306897758312027,,6,1,val,current_repo_v1
7425,297.0,0.8866693495456207,,6,1,val,current_repo_v1
7426,297.04,0.6301572058082359,,6,1,val,current_repo_v1
7427,297.08,0.9700345840952118,,6,1,val,current_repo_v1
7428,297.12,-0.1030899513429641,,6,1,val,current_repo_v1
7429,297.16,-0.18085554853338462,,6,1,val,current_repo_v1
7430,297.2,-0.277096132515206,,6,1,val,current_repo_v1
7431,297.24,-0.3347551200495579,,6,1,val,current_repo_v1
7432,297.28,0.21564586832583135,,6,1,val,current_repo_v1
7433,297.32,0.5676354364020297,,6,1,val,current_repo_v1
7434,297.36,0.7727275035556262,,6,1,val,current_repo_v1
7435,297.4,0.8932999098093545,,6,1,val,current_repo_v1
7436,297.44,0.8548209560904076,,6,1,val,current_repo_v1
7437,297.48,0.8369159738311477,,6,1,val,current_repo_v1
7438,297.52,0.07808600354571323,,6,1,val,current_repo_v1
7439,297.56,-0.22134182672057004,,6,1,val,current_repo_v1
7440,297.6,-0.4567801765621886,,6,1,val,current_repo_v1
7441,297.64,-0.3017339351608214,,6,1,val,current_repo_v1
7442,297.68,-0.36046359313549364,,6,1,val,current_repo_v1
7443,297.72,0.06626436815591956,,6,1,val,current_repo_v1
7444,297.76,0.021199219066573776,,6,1,val,current_repo_v1
7445,297.8,0.25193130763218774,,6,1,val,current_repo_v1
7446,297.84,0.37281626812465024,,6,1,val,current_repo_v1
7447,297.88,0.08020252721632294,,6,1,val,current_repo_v1
7448,297.92,0.03421378487322353,,6,1,val,current_repo_v1
7449,297.96,-0.2223311760157578,,6,1,val,current_repo_v1
7450,298.0,-0.05633404069048539,,6,1,val,current_repo_v1
7451,298.04,-0.02737203484774546,,6,1,val,current_repo_v1
7452,298.08,-0.3566170821013133,,6,1,val,current_repo_v1
7453,298.12,-0.7263322946162828,,6,1,val,current_repo_v1
7454,298.16,-0.6222124290570399,,6,1,val,current_repo_v1
7455,298.2,-0.735356089572911,,6,1,val,current_repo_v1
7456,298.24,-0.6460583070523659,,6,1,val,current_repo_v1
7457,298.28,-0.8656637290649355,,6,1,val,current_repo_v1
7458,298.32,-0.690642746609503,,6,1,val,current_repo_v1
7459,298.36,-0.40631021477756163,,6,1,val,current_repo_v1
7460,298.4,-0.7535933128836276,,6,1,val,current_repo_v1
7461,298.44,0.2881729907364155,,6,1,val,current_repo_v1
7462,298.48,0.2322817468115885,,6,1,val,current_repo_v1
7463,298.52,-0.0676104626714031,,6,1,val,current_repo_v1
7464,298.56,0.14094533570363485,,6,1,val,current_repo_v1
7465,298.6,0.10656202163392893,,6,1,val,current_repo_v1
7466,298.64,-0.8304351168217554,,6,1,val,current_repo_v1
7467,298.68,-0.28109168593898964,,6,1,val,current_repo_v1
7468,298.72,-0.2711245239599989,,6,1,val,current_repo_v1
7469,298.76,-0.720293799593116,,6,1,val,current_repo_v1
7470,298.8,-1.3126651944455363,,6,1,val,current_repo_v1
7471,298.84,-0.8417750687734107,,6,1,val,current_repo_v1
7472,298.88,-0.6822364080123241,,6,1,val,current_repo_v1
7473,298.92,-0.0528401879499315,,6,1,val,current_repo_v1
7474,298.96,0.05285587479187109,,6,1,val,current_repo_v1
7475,299.0,-0.06838070921916745,,6,1,val,current_repo_v1
7476,299.04,0.2868179397646139,,6,1,val,current_repo_v1
7477,299.08,0.21530562733280906,,6,1,val,current_repo_v1
7478,299.12,-0.061416220959777335,,6,1,val,current_repo_v1
7479,299.16,-0.08479545888534379,,6,1,val,current_repo_v1
7480,299.2,-0.33100860828494816,,6,1,val,current_repo_v1
7481,299.24,-0.7500181042155866,,6,1,val,current_repo_v1
7482,299.28,-0.7219639091331854,,6,1,val,current_repo_v1
7483,299.32,-1.2146824666672,,6,1,val,current_repo_v1
7484,299.36,-1.6569707143008694,,6,1,val,current_repo_v1
7485,299.4,-1.6947752381634777,,6,1,val,current_repo_v1
7486,299.44,-1.5277186497072544,,6,1,val,current_repo_v1
7487,299.48,-0.9722257333076871,,6,1,val,current_repo_v1
7488,299.52,-0.9066286472342289,,6,1,val,current_repo_v1
7489,299.56,-0.9919903193750584,,6,1,val,current_repo_v1
7490,299.6,-0.41197667773557134,,6,1,val,current_repo_v1
7491,299.64,-0.4078346905987817,,6,1,val,current_repo_v1
7492,299.68,-0.1332658961447586,,6,1,val,current_repo_v1
7493,299.72,-0.6243632307381407,,6,1,val,current_repo_v1
7494,299.76,-0.5712483143601386,,6,1,val,current_repo_v1
7495,299.8,-0.4300718499099659,,6,1,val,current_repo_v1
7496,299.84,-1.3426765230584403,,6,1,val,current_repo_v1
7497,299.88,-0.7340335253203368,,6,1,val,current_repo_v1
7498,299.92,-1.0584021473234457,,6,1,val,current_repo_v1
7499,299.96,-0.9056809671998918,,6,1,val,current_repo_v1
7500,300.0,-1.1529599262057564,,6,1,val,current_repo_v1
7501,300.04,-1.067783435320994,,6,1,val,current_repo_v1
7502,300.08,-0.9352093776010679,,6,1,val,current_repo_v1
7503,300.12,-0.7618685915685486,,6,1,val,current_repo_v1
7504,300.16,-0.7296652094019487,,6,1,val,current_repo_v1
7505,300.2,-0.7334224689141401,,6,1,val,current_repo_v1
7506,300.24,-0.31928608521468194,,6,1,val,current_repo_v1
7507,300.28,0.2885884659625095,,6,1,val,current_repo_v1
7508,300.32,0.7277285278959702,,6,1,val,current_repo_v1
7509,300.36,0.5891728095203479,,6,1,val,current_repo_v1
7510,300.4,0.37431368327396564,,6,1,val,current_repo_v1
7511,300.44,0.3257673596123298,,6,1,val,current_repo_v1
7512,300.48,-0.17316812642412002,,6,1,val,current_repo_v1
7513,300.52,-0.08184276740935109,,6,1,val,current_repo_v1
7514,300.56,-0.6632278512052607,,6,1,val,current_repo_v1
7515,300.6,-0.6761387829862808,,6,1,val,current_repo_v1
7516,300.64,-0.17131742689879484,,6,1,val,current_repo_v1
7517,300.68,-0.5959708816039953,,6,1,val,current_repo_v1
7518,300.72,0.5480648663088026,,6,1,val,current_repo_v1
7519,300.76,-0.33299040250488604,,6,1,val,current_repo_v1
7520,300.8,-0.912671663963498,,6,1,val,current_repo_v1
7521,300.84,-0.18351980733358123,,6,1,val,current_repo_v1
7522,300.88,-0.5337653185837599,,6,1,val,current_repo_v1
7523,300.92,-1.0559826171704485,,6,1,val,current_repo_v1
7524,300.96,-0.3369578170037715,,6,1,val,current_repo_v1
7525,301.0,0.6259596016863876,,6,1,val,current_repo_v1
7526,301.04,0.8639297591217595,,6,1,val,current_repo_v1
7527,301.08,0.6349160580044458,,6,1,val,current_repo_v1
7528,301.12,0.17583857648344134,,6,1,val,current_repo_v1
7529,301.16,-0.07917309995300904,,6,1,val,current_repo_v1
7530,301.2,0.12994329432724144,,6,1,val,current_repo_v1
7531,301.24,-0.3536187040025099,,6,1,val,current_repo_v1
7532,301.28,-0.16856548178256786,,6,1,val,current_repo_v1
7533,301.32,0.27751181643542777,,6,1,val,current_repo_v1
7534,301.36,0.789429990250506,,6,1,val,current_repo_v1
7535,301.4,0.5320378529409002,,6,1,val,current_repo_v1
7536,301.44,0.760048361385882,,6,1,val,current_repo_v1
7537,301.48,-0.1491169281893941,,6,1,val,current_repo_v1
7538,301.52,-0.19652882535466698,,6,1,val,current_repo_v1
7539,301.56,-0.4360725017312917,,6,1,val,current_repo_v1
7540,301.6,-0.6638103860806582,,6,1,val,current_repo_v1
7541,301.64,-0.74457800482153,,6,1,val,current_repo_v1
7542,301.68,-0.8417429298777296,,6,1,val,current_repo_v1
7543,301.72,-1.3804651861673358,,6,1,val,current_repo_v1
7544,301.76,-1.956361918747724,,6,1,val,current_repo_v1
7545,301.8,-2.055631871906327,,6,1,val,current_repo_v1
7546,301.84,-1.4205447542817948,,6,1,val,current_repo_v1
7547,301.88,-0.6531687246806197,,6,1,val,current_repo_v1
7548,301.92,-0.6328621599633533,,6,1,val,current_repo_v1
7549,301.96,-0.17103791589696216,,6,1,val,current_repo_v1
7550,302.0,-0.2058202879213752,,6,1,val,current_repo_v1
7551,302.04,-0.0010736791139960363,,6,1,val,current_repo_v1
7552,302.08,-0.5374608394164773,,6,1,val,current_repo_v1
7553,302.12,-1.0992286317212987,,6,1,val,current_repo_v1
7554,302.16,-1.1626412467943712,,6,1,val,current_repo_v1
7555,302.2,-1.2060748078014039,,6,1,val,current_repo_v1
7556,302.24,-0.681868549829723,,6,1,val,current_repo_v1
7557,302.28,0.19956553360827625,,6,1,val,current_repo_v1
7558,302.32,0.4206247189150966,,6,1,val,current_repo_v1
7559,302.36,0.49129435924120207,,6,1,val,current_repo_v1
7560,302.4,0.7333274435212821,,6,1,val,current_repo_v1
7561,302.44,0.8575109538330329,,6,1,val,current_repo_v1
7562,302.48,0.7367055753679712,,6,1,val,current_repo_v1
7563,302.52,-0.4287885897181273,,6,1,val,current_repo_v1
7564,302.56,-1.0790934048829557,,6,1,val,current_repo_v1
7565,302.6,-1.2189286965208255,,6,1,val,current_repo_v1
7566,302.64,-1.4693602585859373,,6,1,val,current_repo_v1
7567,302.68,-0.6710640374452918,,6,1,val,current_repo_v1
7568,302.72,-0.5751426511319395,,6,1,val,current_repo_v1
7569,302.76,-0.44892183396225627,,6,1,val,current_repo_v1
7570,302.8,-0.23233894639378286,,6,1,val,current_repo_v1
7571,302.84,0.05252253809624347,,6,1,val,current_repo_v1
7572,302.88,-0.322531070207835,,6,1,val,current_repo_v1
7573,302.92,-0.05719426918968592,,6,1,val,current_repo_v1
7574,302.96,0.006065433956830229,,6,1,val,current_repo_v1
7575,303.0,0.20722314723962015,,6,1,val,current_repo_v1
7576,303.04,0.0756094477222949,,6,1,val,current_repo_v1
7577,303.08,-0.11529774912948462,,6,1,val,current_repo_v1
7578,303.12,-0.6468528751616075,,6,1,val,current_repo_v1
7579,303.16,0.13831215493730306,,6,1,val,current_repo_v1
7580,303.2,0.9321156958505694,,6,1,val,current_repo_v1
7581,303.24,1.2832960872285804,,6,1,val,current_repo_v1
7582,303.28,1.3447584556773673,,6,1,val,current_repo_v1
7583,303.32,0.754494314998047,,6,1,val,current_repo_v1
7584,303.36,0.28303866302193964,,6,1,val,current_repo_v1
7585,303.4,-0.21407290590225253,,6,1,val,current_repo_v1
7586,303.44,-0.0895251634683712,,6,1,val,current_repo_v1
7587,303.48,0.6813091800025113,,6,1,val,current_repo_v1
7588,303.52,0.5732568214284348,,6,1,val,current_repo_v1
7589,303.56,0.7032016113969255,,6,1,val,current_repo_v1
7590,303.6,0.3060415906527291,,6,1,val,current_repo_v1
7591,303.64,0.14923365777154324,,6,1,val,current_repo_v1
7592,303.68,-0.2240026072853033,,6,1,val,current_repo_v1
7593,303.72,-0.43705419890846015,,6,1,val,current_repo_v1
7594,303.76,-0.39570288356154615,,6,1,val,current_repo_v1
7595,303.8,-1.3320818178371567,,6,1,val,current_repo_v1
7596,303.84,-1.92860671278575,,6,1,val,current_repo_v1
7597,303.88,-2.7687010286185734,,6,1,val,current_repo_v1
7598,303.92,-2.396448025944854,,6,1,val,current_repo_v1
7599,303.96,-1.9210110813103627,,6,1,val,current_repo_v1
7600,304.0,-1.7126402902796187,,6,1,val,current_repo_v1
7601,304.04,-1.1966201290355791,,6,1,val,current_repo_v1
7602,304.08,-1.425879810964859,,6,1,val,current_repo_v1
7603,304.12,-1.1857772169316327,,6,1,val,current_repo_v1
7604,304.16,-1.236440359913893,,6,1,val,current_repo_v1
7605,304.2,-0.8102898031005686,,6,1,val,current_repo_v1
7606,304.24,-0.4599345535215221,,6,1,val,current_repo_v1
7607,304.28,-0.667907399632907,,6,1,val,current_repo_v1
7608,304.32,-0.8515671363791778,,6,1,val,current_repo_v1
7609,304.36,-0.3616779842651584,,6,1,val,current_repo_v1
7610,304.4,-0.5430332508875587,,6,1,val,current_repo_v1
7611,304.44,-0.2595983472816372,,6,1,val,current_repo_v1
7612,304.48,-1.3263090600033878,,6,1,val,current_repo_v1
7613,304.52,-1.172444723012458,,6,1,val,current_repo_v1
7614,304.56,-0.3133972934458566,,6,1,val,current_repo_v1
7615,304.6,-0.4753996579503245,,6,1,val,current_repo_v1
7616,304.64,-0.4130563915880962,,6,1,val,current_repo_v1
7617,304.68,-0.2678541826303182,,6,1,val,current_repo_v1
7618,304.72,0.06450605056450022,,6,1,val,current_repo_v1
7619,304.76,-0.25150871941457126,,6,1,val,current_repo_v1
7620,304.8,-0.8588813786055823,,6,1,val,current_repo_v1
7621,304.84,-0.2961052806222981,,6,1,val,current_repo_v1
7622,304.88,-0.1215581468796228,,6,1,val,current_repo_v1
7623,304.92,0.07994878993927348,,6,1,val,current_repo_v1
7624,304.96,0.25764041375697777,,6,1,val,current_repo_v1
7625,305.0,0.40950292189170096,,6,1,val,current_repo_v1
7626,305.04,0.5734413070374095,,6,1,val,current_repo_v1
7627,305.08,0.32698891590704904,,6,1,val,current_repo_v1
7628,305.12,0.0875824385282751,,6,1,val,current_repo_v1
7629,305.16,0.17230541968215188,,6,1,val,current_repo_v1
7630,305.2,0.45650915245488644,,6,1,val,current_repo_v1
7631,305.24,0.21700686708027525,,6,1,val,current_repo_v1
7632,305.28,0.11144499466264768,,6,1,val,current_repo_v1
7633,305.32,0.41762087998661573,,6,1,val,current_repo_v1
7634,305.36,0.7901833760518618,,6,1,val,current_repo_v1
7635,305.4,1.0537644768507777,,6,1,val,current_repo_v1
7636,305.44,0.7966288941889468,,6,1,val,current_repo_v1
7637,305.48,0.5748423402820362,,6,1,val,current_repo_v1
7638,305.52,0.320895534328271,,6,1,val,current_repo_v1
7639,305.56,0.24353004725878524,,6,1,val,current_repo_v1
7640,305.6,0.1443221110384933,,6,1,val,current_repo_v1
7641,305.64,0.07966656591377941,,6,1,val,current_repo_v1
7642,305.68,0.29226009131759384,,6,1,val,current_repo_v1
7643,305.72,0.30632332772525833,,6,1,val,current_repo_v1
7644,305.76,0.40510104100109184,,6,1,val,current_repo_v1
7645,305.8,-0.004823425637586646,,6,1,val,current_repo_v1
7646,305.84,-0.33264118766436834,,6,1,val,current_repo_v1
7647,305.88,-0.12632375554822034,,6,1,val,current_repo_v1
7648,305.92,0.2250140781580378,,6,1,val,current_repo_v1
7649,305.96,0.37293738028348317,,6,1,val,current_repo_v1
7650,306.0,0.17733953943292935,,6,1,val,current_repo_v1
7651,306.04,0.3301593970965777,,6,1,val,current_repo_v1
7652,306.08,0.38708565954822594,,6,1,val,current_repo_v1
7653,306.12,0.7577429869207912,,6,1,val,current_repo_v1
7654,306.16,0.9832369224433491,,6,1,val,current_repo_v1
7655,306.2,0.9305481246919588,,6,1,val,current_repo_v1
7656,306.24,-0.06419493109789459,,6,1,val,current_repo_v1
7657,306.28,-0.009577695258573764,,6,1,val,current_repo_v1
7658,306.32,0.4095501563292929,,6,1,val,current_repo_v1
7659,306.36,0.3845513128425845,,6,1,val,current_repo_v1
7660,306.4,0.3167363647082926,,6,1,val,current_repo_v1
7661,306.44,0.6970568910627087,,6,1,val,current_repo_v1
7662,306.48,0.5805615332896699,,6,1,val,current_repo_v1
7663,306.52,0.7900734638112209,,6,1,val,current_repo_v1
7664,306.56,0.6217517019875681,,6,1,val,current_repo_v1
7665,306.6,-0.3709498469750308,,6,1,val,current_repo_v1
7666,306.64,-0.7116227672771781,,6,1,val,current_repo_v1
7667,306.68,-0.5797740607807734,,6,1,val,current_repo_v1
7668,306.72,-0.7747661669253895,,6,1,val,current_repo_v1
7669,306.76,-1.3080664106453483,,6,1,val,current_repo_v1
7670,306.8,-0.5482247955754063,,6,1,val,current_repo_v1
7671,306.84,-0.1621999804523167,,6,1,val,current_repo_v1
7672,306.88,-0.12559151741848146,,6,1,val,current_repo_v1
7673,306.92,-0.19715511643219302,,6,1,val,current_repo_v1
7674,306.96,-0.40871318852975336,,6,1,val,current_repo_v1
7675,307.0,-0.4459927075315276,,6,1,val,current_repo_v1
7676,307.04,-0.5591651330546803,,6,1,val,current_repo_v1
7677,307.08,-0.663457901698805,,6,1,val,current_repo_v1
7678,307.12,-0.5314748309664521,,6,1,val,current_repo_v1
7679,307.16,-0.5784156011382178,,6,1,val,current_repo_v1
7680,307.2,-0.43752292591949765,,6,1,val,current_repo_v1
7681,307.24,-0.41900939158357453,,6,1,val,current_repo_v1
7682,307.28,-0.5534859049725201,,6,1,val,current_repo_v1
7683,307.32,-1.4323596245036123,,6,1,val,current_repo_v1
7684,307.36,-1.3715742598054066,,6,1,val,current_repo_v1
7685,307.4,-1.1413744803950998,,6,1,val,current_repo_v1
7686,307.44,-1.1445468398317786,,6,1,val,current_repo_v1
7687,307.48,-0.879858407990759,,6,1,val,current_repo_v1
7688,307.52,-0.5201963742177883,,6,1,val,current_repo_v1
7689,307.56,-0.7270094374962827,,6,1,val,current_repo_v1
7690,307.6,-0.8919721282035853,,6,1,val,current_repo_v1
7691,307.64,-1.1900170468320057,,6,1,val,current_repo_v1
7692,307.68,-0.6859620155817993,,6,1,val,current_repo_v1
7693,307.72,-0.5755383351982473,,6,1,val,current_repo_v1
7694,307.76,-0.6758133592763322,,6,1,val,current_repo_v1
7695,307.8,-0.35094317571941214,,6,1,val,current_repo_v1
7696,307.84,-0.7972055160640565,,6,1,val,current_repo_v1
7697,307.88,-0.5560569470622997,,6,1,val,current_repo_v1
7698,307.92,-0.8849258492372751,,6,1,val,current_repo_v1
7699,307.96,-0.2023071831475318,,6,1,val,current_repo_v1
7700,308.0,0.20733970290999615,,6,1,val,current_repo_v1
7701,308.04,0.1997097760329403,,6,1,val,current_repo_v1
7702,308.08,-0.6553744129173318,,6,1,val,current_repo_v1
7703,308.12,-1.356367414359756,,6,1,val,current_repo_v1
7704,308.16,-1.1423760730791184,,6,1,val,current_repo_v1
7705,308.2,-0.8657107548083997,,6,1,val,current_repo_v1
7706,308.24,-0.5965401991846321,,6,1,val,current_repo_v1
7707,308.28,-0.6669232676909143,,6,1,val,current_repo_v1
7708,308.32,-0.57226434172133,,6,1,val,current_repo_v1
7709,308.36,-0.9330403499661394,,6,1,val,current_repo_v1
7710,308.4,-0.6184373609792764,,6,1,val,current_repo_v1
7711,308.44,-0.7154339394390511,,6,1,val,current_repo_v1
7712,308.48,-1.0645710066117777,,6,1,val,current_repo_v1
7713,308.52,-1.1698903068881932,,6,1,val,current_repo_v1
7714,308.56,-1.2559504782747675,,6,1,val,current_repo_v1
7715,308.6,-1.5361298578340818,,6,1,val,current_repo_v1
7716,308.64,-1.6229944755186136,,6,1,val,current_repo_v1
7717,308.68,-1.2926973402976882,,6,1,val,current_repo_v1
7718,308.72,-0.9684092046632007,,6,1,val,current_repo_v1
7719,308.76,-0.8935217516672053,,6,1,val,current_repo_v1
7720,308.8,-0.9520331851489084,,6,1,val,current_repo_v1
7721,308.84,-0.4894027904491828,,6,1,val,current_repo_v1
7722,308.88,-0.7597086769105339,,6,1,val,current_repo_v1
7723,308.92,-0.19926024888166033,,6,1,val,current_repo_v1
7724,308.96,-0.26386478568330457,,6,1,val,current_repo_v1
7725,309.0,-0.28490943196588825,,6,1,val,current_repo_v1
7726,309.04,-0.46664612188919663,,6,1,val,current_repo_v1
7727,309.08,-0.5246480634402323,,6,1,val,current_repo_v1
7728,309.12,-0.5903308532355068,,6,1,val,current_repo_v1
7729,309.16,-0.5713701221660642,,6,1,val,current_repo_v1
7730,309.2,-0.34824135197621164,,6,1,val,current_repo_v1
7731,309.24,-0.659925266632835,,6,1,val,current_repo_v1
7732,309.28,-1.1187106459396297,,6,1,val,current_repo_v1
7733,309.32,-1.152436173509689,,6,1,val,current_repo_v1
7734,309.36,-1.0504912485856626,,6,1,val,current_repo_v1
7735,309.4,-0.6666222611939182,,6,1,val,current_repo_v1
7736,309.44,-0.09180624245875074,,6,1,val,current_repo_v1
7737,309.48,0.3917205126501685,,6,1,val,current_repo_v1
7738,309.52,0.2652241148847261,,6,1,val,current_repo_v1
7739,309.56,0.3542923686470464,,6,1,val,current_repo_v1
7740,309.6,1.2261403308010619,,6,1,val,current_repo_v1
7741,309.64,1.551896003542235,,6,1,val,current_repo_v1
7742,309.68,1.7880907304677078,,6,1,val,current_repo_v1
7743,309.72,1.5323421985439412,,6,1,val,current_repo_v1
7744,309.76,1.524671715441383,,6,1,val,current_repo_v1
7745,309.8,1.3656771202714693,,6,1,val,current_repo_v1
7746,309.84,1.2909882745204295,,6,1,val,current_repo_v1
7747,309.88,1.8137559343044798,,6,1,val,current_repo_v1
7748,309.92,0.6497422453609905,,6,1,val,current_repo_v1
7749,309.96,-0.11427526094592005,,6,1,val,current_repo_v1
7750,310.0,-0.8793690898257787,,6,1,val,current_repo_v1
7751,310.04,-0.8403761920347712,,6,1,val,current_repo_v1
7752,310.08,-1.8797402871144246,,6,1,val,current_repo_v1
7753,310.12,0.5469813959619774,,6,1,val,current_repo_v1
7754,310.16,0.4703900945419181,,6,1,val,current_repo_v1
7755,310.2,0.6440734172028656,,6,1,val,current_repo_v1
7756,310.24,0.2646069020017593,,6,1,val,current_repo_v1
7757,310.28,0.5228840415426531,,6,1,val,current_repo_v1
7758,310.32,0.33451894786159825,,6,1,val,current_repo_v1
7759,310.36,0.9573573897373271,,6,1,val,current_repo_v1
7760,310.4,-0.40504538923367867,,6,1,val,current_repo_v1
7761,310.44,-0.625471744380302,,6,1,val,current_repo_v1
7762,310.48,0.5704432071974431,,6,1,val,current_repo_v1
7763,310.52,1.2035259568538803,,6,1,val,current_repo_v1
7764,310.56,0.9072030430386422,,6,1,val,current_repo_v1
7765,310.6,0.5810950250450344,,6,1,val,current_repo_v1
7766,310.64,0.20531046555833854,,6,1,val,current_repo_v1
7767,310.68,0.024354482975950435,,6,1,val,current_repo_v1
7768,310.72,0.005769123077709694,,6,1,val,current_repo_v1
7769,310.76,0.3408130931913193,,6,1,val,current_repo_v1
7770,310.8,0.12828248906703638,,6,1,val,current_repo_v1
7771,310.84,0.6424432378059152,,6,1,val,current_repo_v1
7772,310.88,0.8402191149212476,,6,1,val,current_repo_v1
7773,310.92,0.6478354766799964,,6,1,val,current_repo_v1
7774,310.96,0.5142667827469782,,6,1,val,current_repo_v1
7775,311.0,0.47462881140694274,,6,1,val,current_repo_v1
7776,311.04,0.755987312788324,,6,1,val,current_repo_v1
7777,311.08,0.6104107761299831,,6,1,val,current_repo_v1
7778,311.12,0.5176147930745549,,6,1,val,current_repo_v1
7779,311.16,0.9452063132756248,,6,1,val,current_repo_v1
7780,311.2,0.47107920255191177,,6,1,val,current_repo_v1
7781,311.24,0.11409549704158682,,6,1,val,current_repo_v1
7782,311.28,-0.1373116492018667,,6,1,val,current_repo_v1
7783,311.32,-0.7558939569484884,,6,1,val,current_repo_v1
7784,311.36,-0.8023929564340574,,6,1,val,current_repo_v1
7785,311.4,-0.47009416626869854,,6,1,val,current_repo_v1
7786,311.44,0.11543432204495202,,6,1,val,current_repo_v1
7787,311.48,0.6321402869752951,,6,1,val,current_repo_v1
7788,311.52,1.0008314374051528,,6,1,val,current_repo_v1
7789,311.56,0.638367024101737,,6,1,val,current_repo_v1
7790,311.6,0.5440996083159044,,6,1,val,current_repo_v1
7791,311.64,0.7197516122490931,,6,1,val,current_repo_v1
7792,311.68,0.7990324244588126,,6,1,val,current_repo_v1
7793,311.72,0.7110980406751811,,6,1,val,current_repo_v1
7794,311.76,0.9529421176401842,,6,1,val,current_repo_v1
7795,311.8,0.39658673797513133,,6,1,val,current_repo_v1
7796,311.84,0.6856777741797364,,6,1,val,current_repo_v1
7797,311.88,0.4790614746814023,,6,1,val,current_repo_v1
7798,311.92,0.7143521386452482,,6,1,val,current_repo_v1
7799,311.96,1.1692864852117602,,6,1,val,current_repo_v1
7800,312.0,1.4906609725633309,,6,1,val,current_repo_v1
7801,312.04,1.2575997184020569,,6,1,val,current_repo_v1
7802,312.08,1.1020177591746287,,6,1,val,current_repo_v1
7803,312.12,1.0728512243910566,,6,1,val,current_repo_v1
7804,312.16,1.4755320395920586,,6,1,val,current_repo_v1
7805,312.2,1.1816456297188787,,6,1,val,current_repo_v1
7806,312.24,0.7330245587771359,,6,1,val,current_repo_v1
7807,312.28,0.848992616053935,,6,1,val,current_repo_v1
7808,312.32,-0.11395747196281349,,6,1,val,current_repo_v1
7809,312.36,-0.07896463191051474,,6,1,val,current_repo_v1
7810,312.4,-0.26684372044586807,,6,1,val,current_repo_v1
7811,312.44,-0.016004535271220626,,6,1,val,current_repo_v1
7812,312.48,0.30571519303685085,,6,1,val,current_repo_v1
7813,312.52,0.5263752160419002,,6,1,val,current_repo_v1
7814,312.56,0.4028279445611006,,6,1,val,current_repo_v1
7815,312.6,-0.22528089360042935,,6,1,val,current_repo_v1
7816,312.64,-0.4729933798744427,,6,1,val,current_repo_v1
7817,312.68,-0.07475474961748106,,6,1,val,current_repo_v1
7818,312.72,0.7031451248530011,,6,1,val,current_repo_v1
7819,312.76,0.8795014019028035,,6,1,val,current_repo_v1
7820,312.8,0.9102565163871846,,6,1,val,current_repo_v1
7821,312.84,0.8837767793696115,,6,1,val,current_repo_v1
7822,312.88,0.8477874074658933,,6,1,val,current_repo_v1
7823,312.92,0.13998334273036614,,6,1,val,current_repo_v1
7824,312.96,-0.6868108441642687,,6,1,val,current_repo_v1
7825,313.0,-0.8149879253055891,,6,1,val,current_repo_v1
7826,313.04,-0.5936285682782839,,6,1,val,current_repo_v1
7827,313.08,0.19790958048654253,,6,1,val,current_repo_v1
7828,313.12,0.5362026225199746,,6,1,val,current_repo_v1
7829,313.16,0.49711810800686324,,6,1,val,current_repo_v1
7830,313.2,0.665143315474913,,6,1,val,current_repo_v1
7831,313.24,0.9019418640768189,,6,1,val,current_repo_v1
7832,313.28,1.1499632872246845,,6,1,val,current_repo_v1
7833,313.32,0.8488834690250958,,6,1,val,current_repo_v1
7834,313.36,0.9180722506026913,,6,1,val,current_repo_v1
7835,313.4,0.8684472217768149,,6,1,val,current_repo_v1
7836,313.44,0.9999831653403575,,6,1,val,current_repo_v1
7837,313.48,1.736950930097554,,6,1,val,current_repo_v1
7838,313.52,1.2518848384063976,,6,1,val,current_repo_v1
7839,313.56,1.6211398803695696,,6,1,val,current_repo_v1
7840,313.6,1.3747313845707563,,6,1,val,current_repo_v1
7841,313.64,1.5082166008526547,,6,1,val,current_repo_v1
7842,313.68,1.6250435735947668,,6,1,val,current_repo_v1
7843,313.72,1.4592800539543884,,6,1,val,current_repo_v1
7844,313.76,1.30129025144512,,6,1,val,current_repo_v1
7845,313.8,1.4374832044705064,,6,1,val,current_repo_v1
7846,313.84,1.2941211907669543,,6,1,val,current_repo_v1
7847,313.88,1.0175529152656624,,6,1,val,current_repo_v1
7848,313.92,0.7350487526873717,,6,1,val,current_repo_v1
7849,313.96,0.9275224772271229,,6,1,val,current_repo_v1
7850,314.0,0.3087612925262111,,6,1,val,current_repo_v1
7851,314.04,0.05086260239490425,,6,1,val,current_repo_v1
7852,314.08,-0.23075782750804255,,6,1,val,current_repo_v1
7853,314.12,0.2809236523837565,,6,1,val,current_repo_v1
7854,314.16,0.1308002793718724,,6,1,val,current_repo_v1
7855,314.2,-0.24797624086919712,,6,1,val,current_repo_v1
7856,314.24,-0.7073814765179106,,6,1,val,current_repo_v1
7857,314.28,-1.0001117209230819,,6,1,val,current_repo_v1
7858,314.32,-0.7865326201095575,,6,1,val,current_repo_v1
7859,314.36,-0.45010398184917605,,6,1,val,current_repo_v1
7860,314.4,-0.04712921227357991,,6,1,val,current_repo_v1
7861,314.44,-0.28609502330591674,,6,1,val,current_repo_v1
7862,314.48,-0.01985525497031152,,6,1,val,current_repo_v1
7863,314.52,0.21461686714636172,,6,1,val,current_repo_v1
7864,314.56,0.27351024566429255,,6,1,val,current_repo_v1
7865,314.6,0.3720205521977057,,6,1,val,current_repo_v1
7866,314.64,1.0562081459578905,,6,1,val,current_repo_v1
7867,314.68,0.8477521381582952,,6,1,val,current_repo_v1
7868,314.72,0.6095491476410085,,6,1,val,current_repo_v1
7869,314.76,0.40035084961118544,,6,1,val,current_repo_v1
7870,314.8,0.35514262330605584,,6,1,val,current_repo_v1
7871,314.84,0.848143439647919,,6,1,val,current_repo_v1
7872,314.88,1.1969287180858852,,6,1,val,current_repo_v1
7873,314.92,1.1576109531026035,,6,1,val,current_repo_v1
7874,314.96,0.7740344853133246,,6,1,val,current_repo_v1
7875,315.0,0.8014591197768642,,6,1,val,current_repo_v1
7876,315.04,0.7799479029892303,,6,1,val,current_repo_v1
7877,315.08,0.35332145399981424,,6,1,val,current_repo_v1
7878,315.12,0.06591191855642098,,6,1,val,current_repo_v1
7879,315.16,0.5549561551028671,,6,1,val,current_repo_v1
7880,315.2,0.5561508594198095,,6,1,val,current_repo_v1
7881,315.24,0.18047576000314433,,6,1,val,current_repo_v1
7882,315.28,0.1486951921394661,,6,1,val,current_repo_v1
7883,315.32,0.29523446959170035,,6,1,val,current_repo_v1
7884,315.36,1.0076599092667498,,6,1,val,current_repo_v1
7885,315.4,0.8044074112849958,,6,1,val,current_repo_v1
7886,315.44,0.17785692695809874,,6,1,val,current_repo_v1
7887,315.48,0.08477557207408225,,6,1,val,current_repo_v1
7888,315.52,0.09729708061262857,,6,1,val,current_repo_v1
7889,315.56,0.4862444483014211,,6,1,val,current_repo_v1
7890,315.6,0.5495897247359237,,6,1,val,current_repo_v1
7891,315.64,0.5709767685175169,,6,1,val,current_repo_v1
7892,315.68,0.9929334777032933,,6,1,val,current_repo_v1
7893,315.72,1.8799370161122302,,6,1,val,current_repo_v1
7894,315.76,1.5742735792190736,,6,1,val,current_repo_v1
7895,315.8,1.4641760181925627,,6,1,val,current_repo_v1
7896,315.84,1.1198060118517394,,6,1,val,current_repo_v1
7897,315.88,0.5787838767090745,,6,1,val,current_repo_v1
7898,315.92,0.6253873623879617,,6,1,val,current_repo_v1
7899,315.96,0.22787092685583862,,6,1,val,current_repo_v1
7900,316.0,-0.07856440874692741,,6,1,val,current_repo_v1
7901,316.04,0.7194997880015485,,6,1,val,current_repo_v1
7902,316.08,1.3162088207355702,,6,1,val,current_repo_v1
7903,316.12,1.2019838463788612,,6,1,val,current_repo_v1
7904,316.16,0.8592616888711422,,6,1,val,current_repo_v1
7905,316.2,0.7368649481169007,,6,1,val,current_repo_v1
7906,316.24,0.8053813172147264,,6,1,val,current_repo_v1
7907,316.28,1.4026874934130915,,6,1,val,current_repo_v1
7908,316.32,1.3058364443251023,,6,1,val,current_repo_v1
7909,316.36,1.5274095041392741,,6,1,val,current_repo_v1
7910,316.4,1.5593747663060549,,6,1,val,current_repo_v1
7911,316.44,1.1411042214995994,,6,1,val,current_repo_v1
7912,316.48,1.1822772772790182,,6,1,val,current_repo_v1
7913,316.52,1.102531842376108,,6,1,val,current_repo_v1
7914,316.56,0.9491265629016274,,6,1,val,current_repo_v1
7915,316.6,0.6381952688345581,,6,1,val,current_repo_v1
7916,316.64,0.7573374246657677,,6,1,val,current_repo_v1
7917,316.68,0.774197475427136,,6,1,val,current_repo_v1
7918,316.72,0.3273591392897652,,6,1,val,current_repo_v1
7919,316.76,0.6646962926531667,,6,1,val,current_repo_v1
7920,316.8,0.6236346795379929,,6,1,val,current_repo_v1
7921,316.84,0.47427924874287875,,6,1,val,current_repo_v1
7922,316.88,0.47649008476807647,,6,1,val,current_repo_v1
7923,316.92,0.42025112164398104,,6,1,val,current_repo_v1
7924,316.96,0.3093088363528475,,6,1,val,current_repo_v1
7925,317.0,-0.09573796156619378,,6,1,val,current_repo_v1
7926,317.04,0.32378671321009483,,6,1,val,current_repo_v1
7927,317.08,-0.2536000780516038,,6,1,val,current_repo_v1
7928,317.12,0.06602889161505256,,6,1,val,current_repo_v1
7929,317.16,-0.44920103192289723,,6,1,val,current_repo_v1
7930,317.2,-0.10217040153793659,,6,1,val,current_repo_v1
7931,317.24,-0.21779667000693212,,6,1,val,current_repo_v1
7932,317.28,-0.7724621837544838,,6,1,val,current_repo_v1
7933,317.32,-0.6550302067358812,,6,1,val,current_repo_v1
7934,317.36,-0.4603503417888078,,6,1,val,current_repo_v1
7935,317.4,-0.24983358382425727,,6,1,val,current_repo_v1
7936,317.44,-0.7569326971872553,,6,1,val,current_repo_v1
7937,317.48,-0.42382758247678887,,6,1,val,current_repo_v1
7938,317.52,-0.23427209749076616,,6,1,val,current_repo_v1
7939,317.56,-0.32654867564445617,,6,1,val,current_repo_v1
7940,317.6,-0.4267314221356992,,6,1,val,current_repo_v1
7941,317.64,-0.11763947985075587,,6,1,val,current_repo_v1
7942,317.68,0.6150114381773212,,6,1,val,current_repo_v1
7943,317.72,0.10053307436710897,,6,1,val,current_repo_v1
7944,317.76,0.2815278914484451,,6,1,val,current_repo_v1
7945,317.8,0.12002314070053749,,6,1,val,current_repo_v1
7946,317.84,0.022603260984876285,,6,1,val,current_repo_v1
7947,317.88,-0.17531964114349077,,6,1,val,current_repo_v1
7948,317.92,-0.14695717005197528,,6,1,val,current_repo_v1
7949,317.96,0.10541079526027809,,6,1,val,current_repo_v1
7950,318.0,-0.006365840458208826,,6,1,val,current_repo_v1
7951,318.04,-0.28578194733186296,,6,1,val,current_repo_v1
7952,318.08,-0.43212421752745456,,6,1,val,current_repo_v1
7953,318.12,-0.7962934531608639,,6,1,val,current_repo_v1
7954,318.16,-0.21218154580436108,,6,1,val,current_repo_v1
7955,318.2,-0.5630824609628938,,6,1,val,current_repo_v1
7956,318.24,-0.40826247877841587,,6,1,val,current_repo_v1
7957,318.28,-0.3928164698623071,,6,1,val,current_repo_v1
7958,318.32,-0.09901458980647446,,6,1,val,current_repo_v1
7959,318.36,-0.3027101367259578,,6,1,val,current_repo_v1
7960,318.4,-0.6129158708753779,,6,1,val,current_repo_v1
7961,318.44,-0.4223917668775289,,6,1,val,current_repo_v1
7962,318.48,0.5719465005646915,,6,1,val,current_repo_v1
7963,318.52,0.5063050322067213,,6,1,val,current_repo_v1
7964,318.56,0.127319470014306,,6,1,val,current_repo_v1
7965,318.6,-0.01595653562182676,,6,1,val,current_repo_v1
7966,318.64,0.29679337994400734,,6,1,val,current_repo_v1
7967,318.68,0.1538364067601593,,6,1,val,current_repo_v1
7968,318.72,0.6147857006957514,,6,1,val,current_repo_v1
7969,318.76,0.050096747119412345,,6,1,val,current_repo_v1
7970,318.8,0.234157454849895,,6,1,val,current_repo_v1
7971,318.84,0.449380300178677,,6,1,val,current_repo_v1
7972,318.88,0.41953185733252035,,6,1,val,current_repo_v1
7973,318.92,0.3798148257004036,,6,1,val,current_repo_v1
7974,318.96,0.5607593822792947,,6,1,val,current_repo_v1
7975,319.0,0.959263880159484,,6,1,val,current_repo_v1
7976,319.04,0.8474259492365447,,6,1,val,current_repo_v1
7977,319.08,0.7783797753129456,,6,1,val,current_repo_v1
7978,319.12,1.0443302501094776,,6,1,val,current_repo_v1
7979,319.16,0.8873917094866437,,6,1,val,current_repo_v1
7980,319.2,0.3215526773543567,,6,1,val,current_repo_v1
7981,319.24,-0.1421838918741811,,6,1,val,current_repo_v1
7982,319.28,-0.012716367984790372,,6,1,val,current_repo_v1
7983,319.32,0.3489282686978634,,6,1,val,current_repo_v1
7984,319.36,0.412523247656278,,6,1,val,current_repo_v1
7985,319.4,0.4994565257088557,,6,1,val,current_repo_v1
7986,319.44,0.016259237758611156,,6,1,val,current_repo_v1
7987,319.48,0.29399809601390736,,6,1,val,current_repo_v1
7988,319.52,0.1120059470869952,,6,1,val,current_repo_v1
7989,319.56,0.11518065433261183,,6,1,val,current_repo_v1
7990,319.6,0.23801527014933108,,6,1,val,current_repo_v1
7991,319.64,0.307907211808192,,6,1,val,current_repo_v1
7992,319.68,0.13746388287250771,,6,1,val,current_repo_v1
7993,319.72,0.07375533952621563,,6,1,val,current_repo_v1
7994,319.76,-0.013752395199895932,,6,1,val,current_repo_v1
7995,319.8,-0.6854460541331698,,6,1,val,current_repo_v1
7996,319.84,-0.920819847924589,,6,1,val,current_repo_v1
7997,319.88,-0.5407903107490345,,6,1,val,current_repo_v1
7998,319.92,-0.5060393645820326,,6,1,val,current_repo_v1
7999,319.96,0.08529278568747846,,6,1,val,current_repo_v1
8000,320.0,0.3193571803475522,,6,1,val,current_repo_v1
8001,320.04,0.27837758402460366,,6,1,val,current_repo_v1
8002,320.08,0.2634613799342683,,6,1,val,current_repo_v1
8003,320.12,-0.3199176632101122,,6,1,val,current_repo_v1
8004,320.16,-1.0292594036704428,,6,1,val,current_repo_v1
8005,320.2,-0.9920973098979103,,6,1,val,current_repo_v1
8006,320.24,-0.08975226615736025,,6,1,val,current_repo_v1
8007,320.28,-0.03542046301574841,,6,1,val,current_repo_v1
8008,320.32,0.14225036964947385,,6,1,val,current_repo_v1
8009,320.36,-0.1284675051069192,,6,1,val,current_repo_v1
8010,320.4,-0.5650833506955254,,6,1,val,current_repo_v1
8011,320.44,-0.15489081644968855,,6,1,val,current_repo_v1
8012,320.48,0.038471458121523285,,6,1,val,current_repo_v1
8013,320.52,0.7311023467306847,,6,1,val,current_repo_v1
8014,320.56,0.46344364093340534,,6,1,val,current_repo_v1
8015,320.6,0.5868807914794362,,6,1,val,current_repo_v1
8016,320.64,0.4227855031319771,,6,1,val,current_repo_v1
8017,320.68,-0.48286085562505454,,6,1,val,current_repo_v1
8018,320.72,-0.2605144449379674,,6,1,val,current_repo_v1
8019,320.76,-0.0244246128984797,,6,1,val,current_repo_v1
8020,320.8,0.3632201295225322,,6,1,val,current_repo_v1
8021,320.84,0.8288520327329782,,6,1,val,current_repo_v1
8022,320.88,0.9943740237027834,,6,1,val,current_repo_v1
8023,320.92,1.265717641714617,,6,1,val,current_repo_v1
8024,320.96,1.7658408755970827,,6,1,val,current_repo_v1
8025,321.0,1.6987142702609825,,6,1,val,current_repo_v1
8026,321.04,1.459649859948849,,6,1,val,current_repo_v1
8027,321.08,1.7163814803439696,,6,1,val,current_repo_v1
8028,321.12,2.063419780238127,,6,1,val,current_repo_v1
8029,321.16,1.8511937130198353,,6,1,val,current_repo_v1
8030,321.2,1.721636676740796,,6,1,val,current_repo_v1
8031,321.24,1.18068007155426,,6,1,val,current_repo_v1
8032,321.28,1.0903217054762382,,6,1,val,current_repo_v1
8033,321.32,1.2312107633300766,,6,1,val,current_repo_v1
8034,321.36,1.3531977679467384,,6,1,val,current_repo_v1
8035,321.4,1.495923681948758,,6,1,val,current_repo_v1
8036,321.44,1.160922650651943,,6,1,val,current_repo_v1
8037,321.48,1.2698642549045729,,6,1,val,current_repo_v1
8038,321.52,1.2294424284205228,,6,1,val,current_repo_v1
8039,321.56,0.9887665516182317,,6,1,val,current_repo_v1
8040,321.6,1.2165924353248203,,6,1,val,current_repo_v1
8041,321.64,1.263411154214178,,6,1,val,current_repo_v1
8042,321.68,0.8623678227045993,,6,1,val,current_repo_v1
8043,321.72,0.8513970506650212,,6,1,val,current_repo_v1
8044,321.76,1.0647555617854618,,6,1,val,current_repo_v1
8045,321.8,0.8585639548371995,,6,1,val,current_repo_v1
8046,321.84,0.6850474483490729,,6,1,val,current_repo_v1
8047,321.88,0.621745162904897,,6,1,val,current_repo_v1
8048,321.92,0.5464373999355135,,6,1,val,current_repo_v1
8049,321.96,0.6209793250205825,,6,1,val,current_repo_v1
8050,322.0,0.47485246194723446,,6,1,val,current_repo_v1
8051,322.04,0.30397057969315705,,6,1,val,current_repo_v1
8052,322.08,-0.883497824885453,,6,1,val,current_repo_v1
8053,322.12,-0.925622525887637,,6,1,val,current_repo_v1
8054,322.16,-1.3751376424728723,,6,1,val,current_repo_v1
8055,322.2,-1.6240209723685497,,6,1,val,current_repo_v1
8056,322.24,-1.363813064321965,,6,1,val,current_repo_v1
8057,322.28,-1.2670564841091596,,6,1,val,current_repo_v1
8058,322.32,-1.2073111118144877,,6,1,val,current_repo_v1
8059,322.36,-0.10443628063934142,,6,1,val,current_repo_v1
8060,322.4,0.4740302766484141,,6,1,val,current_repo_v1
8061,322.44,0.602995665075142,,6,1,val,current_repo_v1
8062,322.48,0.5046948178813303,,6,1,val,current_repo_v1
8063,322.52,-0.040865101507084646,,6,1,val,current_repo_v1
8064,322.56,-0.7451144182946837,,6,1,val,current_repo_v1
8065,322.6,-0.4359216158768927,,6,1,val,current_repo_v1
8066,322.64,-0.03861790922570653,,6,1,val,current_repo_v1
8067,322.68,-0.20126788639109072,,6,1,val,current_repo_v1
8068,322.72,0.11609741285368003,,6,1,val,current_repo_v1
8069,322.76,0.3278394836072502,,6,1,val,current_repo_v1
8070,322.8,-0.16019295163409242,,6,1,val,current_repo_v1
8071,322.84,-0.20533651754195884,,6,1,val,current_repo_v1
8072,322.88,-0.27738684343523057,,6,1,val,current_repo_v1
8073,322.92,0.06869381127998717,,6,1,val,current_repo_v1
8074,322.96,0.5671952309217916,,6,1,val,current_repo_v1
8075,323.0,-0.29188325928749737,,6,1,val,current_repo_v1
8076,323.04,-0.9580890017846826,,6,1,val,current_repo_v1
8077,323.08,-0.41343544968888923,,6,1,val,current_repo_v1
8078,323.12,-0.20552649876296555,,6,1,val,current_repo_v1
8079,323.16,-0.5496967848234847,,6,1,val,current_repo_v1
8080,323.2,-0.8979615105420099,,6,1,val,current_repo_v1
8081,323.24,-1.7485582192269205,,6,1,val,current_repo_v1
8082,323.28,-2.0222054725861134,,6,1,val,current_repo_v1
8083,323.32,-1.4687007851420912,,6,1,val,current_repo_v1
8084,323.36,-0.9047289045888708,,6,1,val,current_repo_v1
8085,323.4,-0.4493140745754553,,6,1,val,current_repo_v1
8086,323.44,-0.8749848435889686,,6,1,val,current_repo_v1
8087,323.48,-1.2845360086065458,,6,1,val,current_repo_v1
8088,323.52,-0.9556652977491294,,6,1,val,current_repo_v1
8089,323.56,-0.5056688281581248,,6,1,val,current_repo_v1
8090,323.6,0.449893826862482,,6,1,val,current_repo_v1
8091,323.64,0.32325343014885805,,6,1,val,current_repo_v1
8092,323.68,-0.13834345036088433,,6,1,val,current_repo_v1
8093,323.72,-0.6772182881446779,,6,1,val,current_repo_v1
8094,323.76,-0.6325161450994619,,6,1,val,current_repo_v1
8095,323.8,-0.2867456272493314,,6,1,val,current_repo_v1
8096,323.84,0.23513497814450746,,6,1,val,current_repo_v1
8097,323.88,-0.09384222758720719,,6,1,val,current_repo_v1
8098,323.92,0.18155776949107502,,6,1,val,current_repo_v1
8099,323.96,0.9520082809829911,,6,1,val,current_repo_v1
8100,324.0,0.8559901301590492,,6,1,val,current_repo_v1
8101,324.04,0.7714659475530787,,6,1,val,current_repo_v1
8102,324.08,0.24725520265765016,,6,1,val,current_repo_v1
8103,324.12,-0.10103195767961347,,6,1,val,current_repo_v1
8104,324.16,0.3141411140996883,,6,1,val,current_repo_v1
8105,324.2,0.19656670333886256,,6,1,val,current_repo_v1
8106,324.24,0.4761956173537515,,6,1,val,current_repo_v1
8107,324.28,0.5134524582603048,,6,1,val,current_repo_v1
8108,324.32,0.5156181467891887,,6,1,val,current_repo_v1
8109,324.36,0.8798956251102166,,6,1,val,current_repo_v1
8110,324.4,0.9119696169175808,,6,1,val,current_repo_v1
8111,324.44,1.020096827118828,,6,1,val,current_repo_v1
8112,324.48,0.7936079075596317,,6,1,val,current_repo_v1
8113,324.52,0.30886633523720347,,6,1,val,current_repo_v1
8114,324.56,0.2955481716481375,,6,1,val,current_repo_v1
8115,324.6,-0.0370315990735372,,6,1,val,current_repo_v1
8116,324.64,0.014487772437140459,,6,1,val,current_repo_v1
8117,324.68,-0.17435931772324445,,6,1,val,current_repo_v1
8118,324.72,0.15529218743097878,,6,1,val,current_repo_v1
8119,324.76,0.07780866644104513,,6,1,val,current_repo_v1
8120,324.8,0.01882156686855505,,6,1,val,current_repo_v1
8121,324.84,-0.07103459418209467,,6,1,val,current_repo_v1
8122,324.88,0.004521966969980394,,6,1,val,current_repo_v1
8123,324.92,0.12501458250217998,,6,1,val,current_repo_v1
8124,324.96,-0.11575005886913521,,6,1,val,current_repo_v1
8125,325.0,-0.12906954418767724,,6,1,val,current_repo_v1
8126,325.04,-0.02773305829766113,,6,1,val,current_repo_v1
8127,325.08,0.5282767673696992,,6,1,val,current_repo_v1
8128,325.12,0.702025411292648,,6,1,val,current_repo_v1
8129,325.16,0.3158276756934993,,6,1,val,current_repo_v1
8130,325.2,0.4523704000770777,,6,1,val,current_repo_v1
8131,325.24,0.5411934730215884,,6,1,val,current_repo_v1
8132,325.28,0.4973950451144531,,6,1,val,current_repo_v1
8133,325.32,0.2334241384671625,,6,1,val,current_repo_v1
8134,325.36,0.357501458250218,,6,1,val,current_repo_v1
8135,325.4,-0.04550357197390906,,6,1,val,current_repo_v1
8136,325.44,0.30855920704579204,,6,1,val,current_repo_v1
8137,325.48,0.09864983594902438,,6,1,val,current_repo_v1
8138,325.52,0.0034709833423825433,,6,1,val,current_repo_v1
8139,325.56,0.059129655052954394,,6,1,val,current_repo_v1
8140,325.6,0.6760971832901395,,6,1,val,current_repo_v1
8141,325.64,1.140608364251948,,6,1,val,current_repo_v1
8142,325.68,1.2850705438325494,,6,1,val,current_repo_v1
8143,325.72,1.5960620809378436,,6,1,val,current_repo_v1
8144,325.76,1.8109380070615135,,6,1,val,current_repo_v1
8145,325.8,1.440411600471788,,6,1,val,current_repo_v1
8146,325.84,1.0430526246590894,,6,1,val,current_repo_v1
8147,325.88,0.8953886597697895,,6,1,val,current_repo_v1
8148,325.92,0.41682732056565847,,6,1,val,current_repo_v1
8149,325.96,0.10334578425688021,,6,1,val,current_repo_v1
8150,326.0,0.455753540582834,,6,1,val,current_repo_v1
8151,326.04,0.6510684269784465,,6,1,val,current_repo_v1
8152,326.08,0.3610170499624177,,6,1,val,current_repo_v1
8153,326.12,0.1331550795628971,,6,1,val,current_repo_v1
8154,326.16,0.08070353225246008,,6,1,val,current_repo_v1
8155,326.2,-0.049448290986396276,,6,1,val,current_repo_v1
8156,326.24,0.1471302992221622,,6,1,val,current_repo_v1
8157,326.28,0.3833198435767947,,6,1,val,current_repo_v1
8158,326.32,0.33666613217781716,,6,1,val,current_repo_v1
8159,326.36,0.48946167697557685,,6,1,val,current_repo_v1
8160,326.4,0.5913479588496919,,6,1,val,current_repo_v1
8161,326.44,0.323796556616456,,6,1,val,current_repo_v1
8162,326.48,-0.019410823433985352,,6,1,val,current_repo_v1
8163,326.52,-0.2478217376499163,,6,1,val,current_repo_v1
8164,326.56,0.5223883234244202,,6,1,val,current_repo_v1
8165,326.6,0.9141322445992568,,6,1,val,current_repo_v1
8166,326.64,1.1181965627381505,,6,1,val,current_repo_v1
8167,326.68,1.0939703744772646,,6,1,val,current_repo_v1
8168,326.72,1.1680243031268294,,6,1,val,current_repo_v1
8169,326.76,1.30692443637803,,6,1,val,current_repo_v1
8170,326.8,1.0804602122906233,,6,1,val,current_repo_v1
8171,326.84,1.1465013299033293,,6,1,val,current_repo_v1
8172,326.88,0.7201839569171843,,6,1,val,current_repo_v1
8173,326.92,1.214188278972571,,6,1,val,current_repo_v1
8174,326.96,1.569414901665066,,6,1,val,current_repo_v1
8175,327.0,1.7470328042821253,,6,1,val,current_repo_v1
8176,327.04,1.491240585720939,,6,1,val,current_repo_v1
8177,327.08,1.3835560853294637,,6,1,val,current_repo_v1
8178,327.12,0.8639926456189363,,6,1,val,current_repo_v1
8179,327.16,0.852542016214838,,6,1,val,current_repo_v1
8180,327.2,0.8850436222900633,,6,1,val,current_repo_v1
8181,327.24,1.1466571548520863,,6,1,val,current_repo_v1
8182,327.28,1.383747249150528,,6,1,val,current_repo_v1
8183,327.32,1.3186981242919618,,6,1,val,current_repo_v1
8184,327.36,1.4240983978899633,,6,1,val,current_repo_v1
8185,327.4,1.0805962808619485,,6,1,val,current_repo_v1
8186,327.44,1.1150259424192033,,6,1,val,current_repo_v1
8187,327.48,1.3716691460688462,,6,1,val,current_repo_v1
8188,327.52,1.3611367708270652,,6,1,val,current_repo_v1
8189,327.56,1.4182237973218283,,6,1,val,current_repo_v1
8190,327.6,1.4664588536918512,,6,1,val,current_repo_v1
8191,327.64,1.0739934769172121,,6,1,val,current_repo_v1
8192,327.68,-0.04384944492579359,,6,1,val,current_repo_v1
8193,327.72,0.21063473971146646,,6,1,val,current_repo_v1
8194,327.76,-0.389161226996255,,6,1,val,current_repo_v1
8195,327.8,-0.05621328505078745,,6,1,val,current_repo_v1
8196,327.84,0.3585666330785062,,6,1,val,current_repo_v1
8197,327.88,0.018442387029520828,,6,1,val,current_repo_v1
8198,327.92,0.19968734141420186,,6,1,val,current_repo_v1
8199,327.96,0.07392365134028586,,6,1,val,current_repo_v1
8200,328.0,0.37251070513919726,,6,1,val,current_repo_v1
8201,328.04,0.6212294101503955,,6,1,val,current_repo_v1
8202,328.08,-0.12902091845589997,,6,1,val,current_repo_v1
8203,328.12,-0.24057756447692033,,6,1,val,current_repo_v1
8204,328.16,0.4452233914117497,,6,1,val,current_repo_v1
8205,328.2,0.006982244651430373,,6,1,val,current_repo_v1
8206,328.24,-0.01956077886039789,,6,1,val,current_repo_v1
8207,328.28,-0.301388302902831,,6,1,val,current_repo_v1
8208,328.32,-0.5080873496228375,,6,1,val,current_repo_v1
8209,328.36,-0.4769517161787688,,6,1,val,current_repo_v1
8210,328.4,-0.35052530051084846,,6,1,val,current_repo_v1
8211,328.44,0.15654744782733762,,6,1,val,current_repo_v1
8212,328.48,-0.1309174785158091,,6,1,val,current_repo_v1
8213,328.52,0.4090976726778691,,6,1,val,current_repo_v1
8214,328.56,0.4812631281649769,,6,1,val,current_repo_v1
8215,328.6,0.415703085299203,,6,1,val,current_repo_v1
8216,328.64,0.25327641085056424,,6,1,val,current_repo_v1
8217,328.68,-0.6056035764608328,,6,1,val,current_repo_v1
8218,328.72,-1.013179521123498,,6,1,val,current_repo_v1
8219,328.76,-1.2018480560663731,,6,1,val,current_repo_v1
8220,328.8,-0.14854670626753683,,6,1,val,current_repo_v1
8221,328.84,0.29727414164974797,,6,1,val,current_repo_v1
8222,328.88,0.37780690993213617,,6,1,val,current_repo_v1
8223,328.92,0.1973420020236374,,6,1,val,current_repo_v1
8224,328.96,0.4295431929018953,,6,1,val,current_repo_v1
8225,329.0,0.1952545042279691,,6,1,val,current_repo_v1
8226,329.04,-0.06253806493935175,,6,1,val,current_repo_v1
8227,329.08,0.6841842198717852,,6,1,val,current_repo_v1
8228,329.12,0.9270890890883927,,6,1,val,current_repo_v1
8229,329.16,0.5878962275405988,,6,1,val,current_repo_v1
8230,329.2,0.034341157855890446,,6,1,val,current_repo_v1
8231,329.24,-0.08999344700438709,,6,1,val,current_repo_v1
8232,329.28,-0.08137859688677057,,6,1,val,current_repo_v1
8233,329.32,-0.5724647228663721,,6,1,val,current_repo_v1
8234,329.36,0.20085915894179557,,6,1,val,current_repo_v1
8235,329.4,0.08503899623689705,,6,1,val,current_repo_v1
8236,329.44,0.4363733690988692,,6,1,val,current_repo_v1
8237,329.48,0.14426503319454015,,6,1,val,current_repo_v1
8238,329.52,0.01116054456645708,,6,1,val,current_repo_v1
8239,329.56,-0.23095864343251754,,6,1,val,current_repo_v1
8240,329.6,-0.333251965811728,,6,1,val,current_repo_v1
8241,329.64,-0.18424717593367143,,6,1,val,current_repo_v1
8242,329.68,0.333501285729739,,6,1,val,current_repo_v1
8243,329.72,0.18448185248038187,,6,1,val,current_repo_v1
8244,329.76,0.33318525325554144,,6,1,val,current_repo_v1
8245,329.8,0.5269526726935212,,6,1,val,current_repo_v1
8246,329.84,0.2054451080531238,,6,1,val,current_repo_v1
8247,329.88,-0.31691406775811376,,6,1,val,current_repo_v1
8248,329.92,-0.536076362572656,,6,1,val,current_repo_v1
8249,329.96,-0.8605880096180167,,6,1,val,current_repo_v1
8250,330.0,-0.6165833223479064,,6,1,val,current_repo_v1
8251,330.04,-0.1541853085594853,,6,1,val,current_repo_v1
8252,330.08,0.3226752430677898,,6,1,val,current_repo_v1
8253,330.12,0.14914858013211033,,6,1,val,current_repo_v1
8254,330.16,0.3594714612519352,,6,1,val,current_repo_v1
8255,330.2,-0.13105873835356333,,6,1,val,current_repo_v1
8256,330.24,-0.4177429660513784,,6,1,val,current_repo_v1
8257,330.28,-0.5586178327045264,,6,1,val,current_repo_v1
8258,330.32,0.5531980462055756,,6,1,val,current_repo_v1
8259,330.36,1.1258542459342036,,6,1,val,current_repo_v1
8260,330.4,0.7305362986913835,,6,1,val,current_repo_v1
8261,330.44,0.10660002135636575,,6,1,val,current_repo_v1
8262,330.48,0.29765455626237164,,6,1,val,current_repo_v1
8263,330.52,0.3591673243430222,,6,1,val,current_repo_v1
8264,330.56,0.4257555336117545,,6,1,val,current_repo_v1
8265,330.6,0.2750233128731929,,6,1,val,current_repo_v1
8266,330.64,0.2838853698807765,,6,1,val,current_repo_v1
8267,330.68,0.4208698997329063,,6,1,val,current_repo_v1
8268,330.72,0.53991682147713,,6,1,val,current_repo_v1
8269,330.76,0.5339634040933962,,6,1,val,current_repo_v1
8270,330.8,0.4417527385017362,,6,1,val,current_repo_v1
8271,330.84,0.20897485618365919,,6,1,val,current_repo_v1
8272,330.88,0.3014708762127303,,6,1,val,current_repo_v1
8273,330.92,0.6790090228906154,,6,1,val,current_repo_v1
8274,330.96,0.7191898772217664,,6,1,val,current_repo_v1
8275,331.0,1.4466813285885565,,6,1,val,current_repo_v1
8276,331.04,1.4583328608730162,,6,1,val,current_repo_v1
8277,331.08,1.1409070751135384,,6,1,val,current_repo_v1
8278,331.12,1.011554698209161,,6,1,val,current_repo_v1
8279,331.16,1.390272975397397,,6,1,val,current_repo_v1
8280,331.2,0.9317337855966965,,6,1,val,current_repo_v1
8281,331.24,0.3563880402960535,,6,1,val,current_repo_v1
8282,331.28,-1.0448586636410655,,6,1,val,current_repo_v1
8283,331.32,-0.12260413054374211,,6,1,val,current_repo_v1
8284,331.36,-0.017019536552950396,,6,1,val,current_repo_v1
8285,331.4,1.4330961756453258,,6,1,val,current_repo_v1
8286,331.44,0.9644621726241304,,6,1,val,current_repo_v1
8287,331.48,0.3295343234014638,,6,1,val,current_repo_v1
8288,331.52,1.2042819861141885,,6,1,val,current_repo_v1
8289,331.56,1.7033781666290437,,6,1,val,current_repo_v1
8290,331.6,2.120912786376169,,6,1,val,current_repo_v1
8291,331.64,2.575134442496246,,6,1,val,current_repo_v1
8292,331.68,3.5897527009367933,,6,1,val,current_repo_v1
8293,331.72,3.8908245887595254,,6,1,val,current_repo_v1
8294,331.76,4.166599409186924,,6,1,val,current_repo_v1
8295,331.8,3.6509774363387257,,6,1,val,current_repo_v1
8296,331.84,2.818990469982654,,6,1,val,current_repo_v1
8297,331.88,1.5915562355892356,,6,1,val,current_repo_v1
8298,331.92,-0.4362673524819471,,6,1,val,current_repo_v1
8299,331.96,-0.8132737117398446,,6,1,val,current_repo_v1
8300,332.0,-0.24250841993849784,,6,1,val,current_repo_v1
8301,332.04,0.8698808808700875,,6,1,val,current_repo_v1
8302,332.08,0.4650753507539597,,6,1,val,current_repo_v1
8303,332.12,0.22810842077327434,,6,1,val,current_repo_v1
8304,332.16,0.9478750242172144,,6,1,val,current_repo_v1
8305,332.2,0.32677510877311855,,6,1,val,current_repo_v1
8306,332.24,0.32832692352508036,,6,1,val,current_repo_v1
8307,332.28,0.9246066028735095,,6,1,val,current_repo_v1
8308,332.32,1.1123514576067444,,6,1,val,current_repo_v1
8309,332.36,1.3289433364138905,,6,1,val,current_repo_v1
8310,332.4,1.2910558914178365,,6,1,val,current_repo_v1
8311,332.44,1.3069864880986957,,6,1,val,current_repo_v1
8312,332.48,1.0626001688335494,,6,1,val,current_repo_v1
8313,332.52,0.21816491079543418,,6,1,val,current_repo_v1
8314,332.56,-0.07891977136862653,,6,1,val,current_repo_v1
8315,332.6,0.39635244403432185,,6,1,val,current_repo_v1
8316,332.64,0.31629386359264855,,6,1,val,current_repo_v1
8317,332.68,1.2953697381688691,,6,1,val,current_repo_v1
8318,332.72,1.5537433639615155,,6,1,val,current_repo_v1
8319,332.76,1.6982504127795937,,6,1,val,current_repo_v1
8320,332.8,1.4183907526240678,,6,1,val,current_repo_v1
8321,332.84,0.797507426902273,,6,1,val,current_repo_v1
8322,332.88,0.8710462288797195,,6,1,val,current_repo_v1
8323,332.92,1.081957801351712,,6,1,val,current_repo_v1
8324,332.96,0.5208283348191196,,6,1,val,current_repo_v1
8325,333.0,0.39841768112302484,,6,1,val,current_repo_v1
8326,333.04,0.22522186794461677,,6,1,val,current_repo_v1
8327,333.08,-0.30174263074947977,,6,1,val,current_repo_v1
8328,333.12,-0.5600873871877805,,6,1,val,current_repo_v1
8329,333.16,-0.9690249219049183,,6,1,val,current_repo_v1
8330,333.2,-0.35836315630390175,,6,1,val,current_repo_v1
8331,333.24,-0.32172321523912345,,6,1,val,current_repo_v1
8332,333.28,-0.2887292649340648,,6,1,val,current_repo_v1
8333,333.32,-0.5256591169247111,,6,1,val,current_repo_v1
8334,333.36,0.018436474029233176,,6,1,val,current_repo_v1
8335,333.4,-0.021156532421850137,,6,1,val,current_repo_v1
8336,333.44,0.38763000339823606,,6,1,val,current_repo_v1
8337,333.48,0.29970546302096573,,6,1,val,current_repo_v1
8338,333.52,0.14758942630332092,,6,1,val,current_repo_v1
8339,333.56,0.20696780997425757,,6,1,val,current_repo_v1
8340,333.6,0.011219657178156263,,6,1,val,current_repo_v1
8341,333.64,-0.9060001996507155,,6,1,val,current_repo_v1
8342,333.68,-0.6671444834663817,,6,1,val,current_repo_v1
8343,333.72,-0.21862261180005294,,6,1,val,current_repo_v1
8344,333.76,-0.19401861760314099,,6,1,val,current_repo_v1
8345,333.8,0.12606652264453025,,6,1,val,current_repo_v1
8346,333.84,-0.21717778757094297,,6,1,val,current_repo_v1
8347,333.88,-0.09690604868625308,,6,1,val,current_repo_v1
8348,333.92,-0.11519785420697796,,6,1,val,current_repo_v1
8349,333.96,0.014996551329538114,,6,1,val,current_repo_v1
8350,334.0,0.11743265527451799,,6,1,val,current_repo_v1
8351,334.04,-0.2192959286210431,,6,1,val,current_repo_v1
8352,334.08,-0.01622274237301223,,6,1,val,current_repo_v1
8353,334.12,0.28694461710018815,,6,1,val,current_repo_v1
8354,334.16,-0.24116039500233216,,6,1,val,current_repo_v1
8355,334.2,-0.035233646989013295,,6,1,val,current_repo_v1
8356,334.24,0.13163119504170578,,6,1,val,current_repo_v1
8357,334.28,-0.2511080788627283,,6,1,val,current_repo_v1
8358,334.32,-0.10424831679490341,,6,1,val,current_repo_v1
8359,334.36,-0.3132065122306933,,6,1,val,current_repo_v1
8360,334.4,-0.14079616288020158,,6,1,val,current_repo_v1
8361,334.44,-0.054499071485043064,,6,1,val,current_repo_v1
8362,334.48,-0.1627029333003133,,6,1,val,current_repo_v1
8363,334.52,-0.041496749067224205,,6,1,val,current_repo_v1
8364,334.56,0.21709170124322572,,6,1,val,current_repo_v1
8365,334.6,-0.05578840119776517,,6,1,val,current_repo_v1
8366,334.64,0.19815976996341939,,6,1,val,current_repo_v1
8367,334.68,0.010400271858883814,,6,1,val,current_repo_v1
8368,334.72,0.5260802616746104,,6,1,val,current_repo_v1
8369,334.76,0.4803350653786529,,6,1,val,current_repo_v1
8370,334.8,-0.016341054552297184,,6,1,val,current_repo_v1
8371,334.84,-0.4557014366155934,,6,1,val,current_repo_v1
8372,334.88,-0.27868293831592883,,6,1,val,current_repo_v1
8373,334.92,1.0044286285213222,,6,1,val,current_repo_v1
8374,334.96,0.8684192567636897,,6,1,val,current_repo_v1
8375,335.0,-0.07820422007352294,,6,1,val,current_repo_v1
8376,335.04,-0.1630198353333767,,6,1,val,current_repo_v1
8377,335.08,-0.25194619447997074,,6,1,val,current_repo_v1
8378,335.12,-0.14105543055163772,,6,1,val,current_repo_v1
8379,335.16,0.0020307851664387853,,6,1,val,current_repo_v1
8380,335.2,0.3760265055455247,,6,1,val,current_repo_v1
8381,335.24,0.09816740469026139,,6,1,val,current_repo_v1
8382,335.28,-0.4390975926784535,,6,1,val,current_repo_v1
8383,335.32,0.1950685229777452,,6,1,val,current_repo_v1
8384,335.36,0.39698155248257316,,6,1,val,current_repo_v1
8385,335.4,1.0277003889710719,,6,1,val,current_repo_v1
8386,335.44,0.34310079822025646,,6,1,val,current_repo_v1
8387,335.48,0.14120364686031858,,6,1,val,current_repo_v1
8388,335.52,0.4188732186651854,,6,1,val,current_repo_v1
8389,335.56,0.7679165473921755,,6,1,val,current_repo_v1
8390,335.6,1.322445992568402,,6,1,val,current_repo_v1
8391,335.64,0.7683243357178956,,6,1,val,current_repo_v1
8392,335.68,-0.1475063138669248,,6,1,val,current_repo_v1
8393,335.72,0.06634812406587638,,6,1,val,current_repo_v1
8394,335.76,-0.8700492274665124,,6,1,val,current_repo_v1
8395,335.8,-1.325769794377154,,6,1,val,current_repo_v1
8396,335.84,-0.7937947583687215,,6,1,val,current_repo_v1
8397,335.88,0.09488982863081696,,6,1,val,current_repo_v1
8398,335.92,0.8606784437400631,,6,1,val,current_repo_v1
8399,335.96,0.6284134968057624,,6,1,val,current_repo_v1
8400,336.0,0.4056777672232655,,6,1,val,current_repo_v1
8401,336.04,0.739535398176222,,6,1,val,current_repo_v1
8402,336.08,0.5569066104212804,,6,1,val,current_repo_v1
8403,336.12,0.21539682666665738,,6,1,val,current_repo_v1
8404,336.16,0.24687068372717974,,6,1,val,current_repo_v1
8405,336.2,0.42416389306373764,,6,1,val,current_repo_v1
8406,336.24,0.4832552527442408,,6,1,val,current_repo_v1
8407,336.28,0.255376569423319,,6,1,val,current_repo_v1
8408,336.32,-0.14068932887794558,,6,1,val,current_repo_v1
8409,336.36,0.016839616128021324,,6,1,val,current_repo_v1
8410,336.4,0.07922065612738133,,6,1,val,current_repo_v1
8411,336.44,-0.09688676187060895,,6,1,val,current_repo_v1
8412,336.48,-0.2629880964347739,,6,1,val,current_repo_v1
8413,336.52,0.744631013129991,,6,1,val,current_repo_v1
8414,336.56,0.6368321483564816,,6,1,val,current_repo_v1
8415,336.6,0.019247355062797802,,6,1,val,current_repo_v1
8416,336.64,0.05574823627375244,,6,1,val,current_repo_v1
8417,336.68,-0.02138131338866742,,6,1,val,current_repo_v1
8418,336.72,-0.11165175836976494,,6,1,val,current_repo_v1
8419,336.76,0.0660805434116829,,6,1,val,current_repo_v1
8420,336.8,0.23896670667796863,,6,1,val,current_repo_v1
8421,336.84,-0.046944970141087665,,6,1,val,current_repo_v1
8422,336.88,0.10810079300290329,,6,1,val,current_repo_v1
8423,336.92,0.3978169550761542,,6,1,val,current_repo_v1
8424,336.96,0.4369472083856083,,6,1,val,current_repo_v1
8425,337.0,0.7226804256386301,,6,1,val,current_repo_v1
8426,337.04,0.861931999801045,,6,1,val,current_repo_v1
8427,337.08,0.7905708514824761,,6,1,val,current_repo_v1
8428,337.12,1.4236851835169204,,6,1,val,current_repo_v1
8429,337.16,1.2392012440952604,,6,1,val,current_repo_v1
8430,337.2,1.5502709719337702,,6,1,val,current_repo_v1
8431,337.24,1.8865815588825263,,6,1,val,current_repo_v1
8432,337.28,1.963605274535386,,6,1,val,current_repo_v1
8433,337.32,2.1686330638976203,,6,1,val,current_repo_v1
8434,337.36,2.0860630931043636,,6,1,val,current_repo_v1
8435,337.4,1.7892432785708348,,6,1,val,current_repo_v1
8436,337.44,1.5192821200262536,,6,1,val,current_repo_v1
8437,337.48,1.6264409894745118,,6,1,val,current_repo_v1
8438,337.52,1.5165078794207068,,6,1,val,current_repo_v1
8439,337.56,1.274776914672971,,6,1,val,current_repo_v1
8440,337.6,1.3013325467883539,,6,1,val,current_repo_v1
8441,337.64,1.3658418495030122,,6,1,val,current_repo_v1
8442,337.68,0.9919881628690712,,6,1,val,current_repo_v1
8443,337.72,1.0377344026356676,,6,1,val,current_repo_v1
8444,337.76,0.7230931530587081,,6,1,val,current_repo_v1
8445,337.8,0.5500490605112102,,6,1,val,current_repo_v1
8446,337.84,0.5163762629907747,,6,1,val,current_repo_v1
8447,337.88,0.8057797143046955,,6,1,val,current_repo_v1
8448,337.92,0.9884669364154209,,6,1,val,current_repo_v1
8449,337.96,1.3539243017703175,,6,1,val,current_repo_v1
8450,338.0,1.2463497136194832,,6,1,val,current_repo_v1
8451,338.04,1.1357584518513082,,6,1,val,current_repo_v1
8452,338.08,0.950812881018956,,6,1,val,current_repo_v1
8453,338.12,0.7174764984325331,,6,1,val,current_repo_v1
8454,338.16,0.27201509136802826,,6,1,val,current_repo_v1
8455,338.2,0.07674533507755248,,6,1,val,current_repo_v1
8456,338.24,-0.20413652630711218,,6,1,val,current_repo_v1
8457,338.28,-0.18214529563436233,,6,1,val,current_repo_v1
8458,338.32,-1.268198736635315,,6,1,val,current_repo_v1
8459,338.36,-3.170677362008834,,6,1,val,current_repo_v1
8460,338.4,-1.3395664240365548,,6,1,val,current_repo_v1
8461,338.44,-2.3049768332126965,,6,1,val,current_repo_v1
8462,338.48,-1.9718434056655587,,6,1,val,current_repo_v1
8463,338.52,-0.23405839470389955,,6,1,val,current_repo_v1
8464,338.56,-0.0681711455325022,,6,1,val,current_repo_v1
8465,338.6,-0.06118744002217723,,6,1,val,current_repo_v1
8466,338.64,-0.34938270016114664,,6,1,val,current_repo_v1
8467,338.68,0.16641224533664276,,6,1,val,current_repo_v1
8468,338.72,0.26318611237970085,,6,1,val,current_repo_v1
8469,338.76,0.023377759675494544,,6,1,val,current_repo_v1
8470,338.8,-0.011507455075980314,,6,1,val,current_repo_v1
8471,338.84,0.25967504237360356,,6,1,val,current_repo_v1
8472,338.88,0.5978642242961008,,6,1,val,current_repo_v1
8473,338.92,0.9365896805623333,,6,1,val,current_repo_v1
8474,338.96,1.2212443665628878,,6,1,val,current_repo_v1
8475,339.0,0.9389591241246585,,6,1,val,current_repo_v1
8476,339.04,0.6156787028686052,,6,1,val,current_repo_v1
8477,339.08,0.5058598876321251,,6,1,val,current_repo_v1
8478,339.12,1.2958219087791012,,6,1,val,current_repo_v1
8479,339.16,2.399125154216265,,6,1,val,current_repo_v1
8480,339.2,2.570247660799695,,6,1,val,current_repo_v1
8481,339.24,0.9585075726403389,,6,1,val,current_repo_v1
8482,339.28,1.8034795571927997,,6,1,val,current_repo_v1
8483,339.32,2.5865683763701206,,6,1,val,current_repo_v1
8484,339.36,2.30908003802407,,6,1,val,current_repo_v1
8485,339.4,2.6078137168389377,,6,1,val,current_repo_v1
8486,339.44,1.6834673555427944,,6,1,val,current_repo_v1
8487,339.48,0.7033090888727421,,6,1,val,current_repo_v1
8488,339.52,0.8990894327380565,,6,1,val,current_repo_v1
8489,339.56,1.2160860042413604,,6,1,val,current_repo_v1
8490,339.6,0.9816383949891149,,6,1,val,current_repo_v1
8491,339.64,0.747376314816483,,6,1,val,current_repo_v1
8492,339.68,0.8552117706270668,,6,1,val,current_repo_v1
8493,339.72,0.7071480869183216,,6,1,val,current_repo_v1
8494,339.76,0.808323069640187,,6,1,val,current_repo_v1
8495,339.8,0.9381907819108104,,6,1,val,current_repo_v1
8496,339.84,1.0790536138692552,,6,1,val,current_repo_v1
8497,339.88,1.0525194076843265,,6,1,val,current_repo_v1
8498,339.92,1.4495098296673312,,6,1,val,current_repo_v1
8499,339.96,1.6154272264446068,,6,1,val,current_repo_v1
8500,340.0,0.8857732865255593,,6,1,val,current_repo_v1
8501,340.04,1.6994026826238835,,6,1,val,current_repo_v1
8502,340.08,2.116841581331058,,6,1,val,current_repo_v1
8503,340.12,2.2097725199224634,,6,1,val,current_repo_v1
8504,340.16,2.5892438350885087,,6,1,val,current_repo_v1
8505,340.2,2.226395146331105,,6,1,val,current_repo_v1
8506,340.24,2.773850208398478,,6,1,val,current_repo_v1
8507,340.28,2.7552569529057354,,6,1,val,current_repo_v1
8508,340.32,2.311386247265672,,6,1,val,current_repo_v1
8509,340.36,2.1542509776450327,,6,1,val,current_repo_v1
8510,340.4,1.921785753912754,,6,1,val,current_repo_v1
8511,340.44,2.056332527658059,,6,1,val,current_repo_v1
8512,340.48,2.102262209562991,,6,1,val,current_repo_v1
8513,340.52,1.6604364281165251,,6,1,val,current_repo_v1
8514,340.56,1.3435647252663545,,6,1,val,current_repo_v1
8515,340.6,1.1305085423723862,,6,1,val,current_repo_v1
8516,340.64,0.3577606911392995,,6,1,val,current_repo_v1
8517,340.68,-0.8567273769478554,,6,1,val,current_repo_v1
8518,340.72,-0.7591095160696217,,6,1,val,current_repo_v1
8519,340.76,-0.0970932994924211,,6,1,val,current_repo_v1
8520,340.8,-0.39153536617645573,,6,1,val,current_repo_v1
8521,340.84,0.4100433005532829,,6,1,val,current_repo_v1
8522,340.88,0.5857287998939834,,6,1,val,current_repo_v1
8523,340.92,0.7527170062409979,,6,1,val,current_repo_v1
8524,340.96,1.1257805073423812,,6,1,val,current_repo_v1
8525,341.0,1.8326497093412535,,6,1,val,current_repo_v1
8526,341.04,1.4492886138918637,,6,1,val,current_repo_v1
8527,341.08,0.7964631214867648,,6,1,val,current_repo_v1
8528,341.12,0.8623474402447843,,6,1,val,current_repo_v1
8529,341.16,0.8462292971077429,,6,1,val,current_repo_v1
8530,341.2,0.6862957870568598,,6,1,val,current_repo_v1
8531,341.24,1.1708027176149323,,6,1,val,current_repo_v1
8532,341.28,0.7698910720999951,,6,1,val,current_repo_v1
8533,341.32,-0.04274580081328102,,6,1,val,current_repo_v1
8534,341.36,-0.49487829828025603,,6,1,val,current_repo_v1
8535,341.4,-0.5246684111176927,,6,1,val,current_repo_v1
8536,341.44,-1.126637544560544,,6,1,val,current_repo_v1
8537,341.48,-0.7165362618220875,,6,1,val,current_repo_v1
8538,341.52,0.8973626975246441,,6,1,val,current_repo_v1
8539,341.56,1.0429953033386539,,6,1,val,current_repo_v1
8540,341.6,1.1211630802001098,,6,1,val,current_repo_v1
8541,341.64,1.2463853307506276,,6,1,val,current_repo_v1
8542,341.68,1.519168868679568,,6,1,val,current_repo_v1
8543,341.72,1.1184571521390627,,6,1,val,current_repo_v1
8544,341.76,1.2239034080098894,,6,1,val,current_repo_v1
8545,341.8,1.053668199293153,,6,1,val,current_repo_v1
8546,341.84,0.9757729073978938,,6,1,val,current_repo_v1
8547,341.88,0.9987579916807564,,6,1,val,current_repo_v1
8548,341.92,1.2575078929858252,,6,1,val,current_repo_v1
8549,341.96,0.993378761407308,,6,1,val,current_repo_v1
8550,342.0,1.070040531877854,,6,1,val,current_repo_v1
8551,342.04,1.099664663318981,,6,1,val,current_repo_v1
8552,342.08,1.0060350167877035,,6,1,val,current_repo_v1
8553,342.12,0.8431605890878711,,6,1,val,current_repo_v1
8554,342.16,0.24613496736197754,,6,1,val,current_repo_v1
8555,342.2,0.6902217409890223,,6,1,val,current_repo_v1
8556,342.24,1.0579474028189708,,6,1,val,current_repo_v1
8557,342.28,0.5279173960816286,,6,1,val,current_repo_v1
8558,342.32,0.4898313438406189,,6,1,val,current_repo_v1
8559,342.36,-0.11233743162223858,,6,1,val,current_repo_v1
8560,342.4,-0.0417757557249147,,6,1,val,current_repo_v1
8561,342.44,0.5107755386830218,,6,1,val,current_repo_v1
8562,342.48,1.1681561978155985,,6,1,val,current_repo_v1
8563,342.52,1.3258613415345488,,6,1,val,current_repo_v1
8564,342.56,1.5910027787623116,,6,1,val,current_repo_v1
8565,342.6,1.0302932048148519,,6,1,val,current_repo_v1
8566,342.64,1.1266212664185757,,6,1,val,current_repo_v1
8567,342.68,1.1712273406002947,,6,1,val,current_repo_v1
8568,342.72,1.0277261279135004,,6,1,val,current_repo_v1
8569,342.76,1.0162974809575305,,6,1,val,current_repo_v1
8570,342.8,1.2310296168271466,,6,1,val,current_repo_v1
8571,342.84,1.1469498831486795,,6,1,val,current_repo_v1
8572,342.88,1.021334522426097,,6,1,val,current_repo_v1
8573,342.92,1.1989633467025111,,6,1,val,current_repo_v1
8574,342.96,0.7956120668335988,,6,1,val,current_repo_v1
8575,343.0,0.6286391647226229,,6,1,val,current_repo_v1
8576,343.04,0.7658478320680092,,6,1,val,current_repo_v1
8577,343.08,0.633500624865001,,6,1,val,current_repo_v1
8578,343.12,0.9485417323908243,,6,1,val,current_repo_v1
8579,343.16,0.9386731436048641,,6,1,val,current_repo_v1
8580,343.2,0.3668719289354756,,6,1,val,current_repo_v1
8581,343.24,-0.38637616907841715,,6,1,val,current_repo_v1
8582,343.28,-0.8476926603318724,,6,1,val,current_repo_v1
8583,343.32,-0.763342389499068,,6,1,val,current_repo_v1
8584,343.36,-0.7743880827305262,,6,1,val,current_repo_v1
8585,343.4,-1.0001234077942387,,6,1,val,current_repo_v1
8586,343.44,-0.5066625252476417,,6,1,val,current_repo_v1
8587,343.48,-0.005480890400452726,,6,1,val,current_repo_v1
8588,343.52,0.22287958940126001,,6,1,val,current_repo_v1
8589,343.56,0.5136175353153942,,6,1,val,current_repo_v1
8590,343.6,-0.15614068558107924,,6,1,val,current_repo_v1
8591,343.64,-0.5134297453827293,,6,1,val,current_repo_v1
8592,343.68,-0.32195090053255265,,6,1,val,current_repo_v1
8593,343.72,-0.755631489300426,,6,1,val,current_repo_v1
8594,343.76,-0.9746525677551573,,6,1,val,current_repo_v1
8595,343.8,-1.2458499607481128,,6,1,val,current_repo_v1
8596,343.84,-1.241766790573008,,6,1,val,current_repo_v1
8597,343.88,-0.5193065024568516,,6,1,val,current_repo_v1
8598,343.92,-0.25732777256235695,,6,1,val,current_repo_v1
8599,343.96,-0.4149943600411962,,6,1,val,current_repo_v1
8600,344.0,-0.33675524457038747,,6,1,val,current_repo_v1
8601,344.04,-0.3179023040179533,,6,1,val,current_repo_v1
8602,344.08,-1.0851207695526397,,6,1,val,current_repo_v1
8603,344.12,-1.5683296922005092,,6,1,val,current_repo_v1
8604,344.16,-1.3825334841032466,,6,1,val,current_repo_v1
8605,344.2,-1.117083527389887,,6,1,val,current_repo_v1
8606,344.24,-0.5835209899336388,,6,1,val,current_repo_v1
8607,344.28,-0.44852211514281115,,6,1,val,current_repo_v1
8608,344.32,-0.4538741456149364,,6,1,val,current_repo_v1
8609,344.36,0.028283497755320745,,6,1,val,current_repo_v1
8610,344.4,0.05813199277500929,,6,1,val,current_repo_v1
8611,344.44,-0.3694517361786227,,6,1,val,current_repo_v1
8612,344.48,-0.5016047534957137,,6,1,val,current_repo_v1
8613,344.52,0.21328038995193427,,6,1,val,current_repo_v1
8614,344.56,0.22725907045548538,,6,1,val,current_repo_v1
8615,344.6,-0.5986810531123077,,6,1,val,current_repo_v1
8616,344.64,-1.1513058165488184,,6,1,val,current_repo_v1
8617,344.68,-1.5320656092598977,,6,1,val,current_repo_v1
8618,344.72,-1.676712900531857,,6,1,val,current_repo_v1
8619,344.76,-0.8679291733869074,,6,1,val,current_repo_v1
8620,344.8,0.326202347739373,,6,1,val,current_repo_v1
8621,344.84,0.5801607014348765,,6,1,val,current_repo_v1
8622,344.88,0.33627180462334016,,6,1,val,current_repo_v1
8623,344.92,0.1525453901032375,,6,1,val,current_repo_v1
8624,344.96,-0.24779215525730072,,6,1,val,current_repo_v1
8625,345.0,-1.4705790322922858,,6,1,val,current_repo_v1
8626,345.04,-0.9389580806540195,,6,1,val,current_repo_v1
8627,345.08,-0.41007557857838256,,6,1,val,current_repo_v1
8628,345.12,-0.6681424587855185,,6,1,val,current_repo_v1
8629,345.16,-0.8273003223280804,,6,1,val,current_repo_v1
8630,345.2,-0.4715843814706049,,6,1,val,current_repo_v1
8631,345.24,0.40111324404239135,,6,1,val,current_repo_v1
8632,345.28,0.12640726798169474,,6,1,val,current_repo_v1
8633,345.32,0.05281702290174576,,6,1,val,current_repo_v1
8634,345.36,-0.6089007349859358,,6,1,val,current_repo_v1
8635,345.4,-1.03015205801975,,6,1,val,current_repo_v1
8636,345.44,-0.9772510879050971,,6,1,val,current_repo_v1
8637,345.48,-0.7313963967567542,,6,1,val,current_repo_v1
8638,345.52,-0.7597440853475506,,6,1,val,current_repo_v1
8639,345.56,-0.4033836622410758,,6,1,val,current_repo_v1
8640,345.6,-1.0461705149284126,,6,1,val,current_repo_v1
8641,345.64,-1.1443218675620108,,6,1,val,current_repo_v1
8642,345.68,-0.9526958585693809,,6,1,val,current_repo_v1
8643,345.72,-0.8510110360933015,,6,1,val,current_repo_v1
8644,345.76,-0.7846545120887812,,6,1,val,current_repo_v1
8645,345.8,-1.1881502082941306,,6,1,val,current_repo_v1
8646,345.84,-0.44970071522955835,,6,1,val,current_repo_v1
8647,345.88,-0.4094242789878752,,6,1,val,current_repo_v1
8648,345.92,-1.0327509259932361,,6,1,val,current_repo_v1
8649,345.96,-1.1850629264968848,,6,1,val,current_repo_v1
8650,346.0,-0.77396853796894,,6,1,val,current_repo_v1
8651,346.04,-0.5486346360600497,,6,1,val,current_repo_v1
8652,346.08,-0.8818236110275368,,6,1,val,current_repo_v1
8653,346.12,-0.8683608224079059,,6,1,val,current_repo_v1
8654,346.16,-0.5581407927107315,,6,1,val,current_repo_v1
8655,346.2,-1.3665842440803042,,6,1,val,current_repo_v1
8656,346.24,-1.098435594035661,,6,1,val,current_repo_v1
8657,346.28,-1.2542344560265821,,6,1,val,current_repo_v1
8658,346.32,-1.2368094702612606,,6,1,val,current_repo_v1
8659,346.36,-1.4282302633615547,,6,1,val,current_repo_v1
8660,346.4,-1.5921169271459235,,6,1,val,current_repo_v1
8661,346.44,-1.2619553039786493,,6,1,val,current_repo_v1
8662,346.48,-0.5498429750600082,,6,1,val,current_repo_v1
8663,346.52,-0.8581369666517219,,6,1,val,current_repo_v1
8664,346.56,-1.29262888862377,,6,1,val,current_repo_v1
8665,346.6,-0.8414467233456729,,6,1,val,current_repo_v1
8666,346.64,-0.8194602404643305,,6,1,val,current_repo_v1
8667,346.68,-0.7135529792651949,,6,1,val,current_repo_v1
8668,346.72,-0.6596150775942158,,6,1,val,current_repo_v1
8669,346.76,-0.6264448155335213,,6,1,val,current_repo_v1
8670,346.8,-0.7278417096779467,,6,1,val,current_repo_v1
8671,346.84,-1.1112943522847312,,6,1,val,current_repo_v1
8672,346.88,-0.6334609729807191,,6,1,val,current_repo_v1
8673,346.92,-0.9823007901507502,,6,1,val,current_repo_v1
8674,346.96,-1.0297563043887332,,6,1,val,current_repo_v1
8675,347.0,-0.6591878807146104,,6,1,val,current_repo_v1
8676,347.04,-0.8949530455603628,,6,1,val,current_repo_v1
8677,347.08,-0.4385634748407055,,6,1,val,current_repo_v1
8678,347.12,-0.6718876836030068,,6,1,val,current_repo_v1
8679,347.16,-0.9915968613794474,,6,1,val,current_repo_v1
8680,347.2,-1.0906030251605119,,6,1,val,current_repo_v1
8681,347.24,-0.7397072925728194,,6,1,val,current_repo_v1
8682,347.28,-0.6474445925786281,,6,1,val,current_repo_v1
8683,347.32,-0.299804070996351,,6,1,val,current_repo_v1
8684,347.36,-0.06791029526393025,,6,1,val,current_repo_v1
8685,347.4,-0.3746370548249908,,6,1,val,current_repo_v1
8686,347.44,-0.2519528031273511,,6,1,val,current_repo_v1
8687,347.48,-0.5544509761841739,,6,1,val,current_repo_v1
8688,347.52,-0.3303094481744655,,6,1,val,current_repo_v1
8689,347.56,-0.6702137480039276,,6,1,val,current_repo_v1
8690,347.6,-0.9511129831747316,,6,1,val,current_repo_v1
8691,347.64,-0.997803702999039,,6,1,val,current_repo_v1
8692,347.68,-0.7484488635039536,,6,1,val,current_repo_v1
8693,347.72,-1.0379314098923103,,6,1,val,current_repo_v1
8694,347.76,-0.8337706750663735,,6,1,val,current_repo_v1
8695,347.8,-0.5539917447559514,,6,1,val,current_repo_v1
8696,347.84,-0.6774733123688488,,6,1,val,current_repo_v1
8697,347.88,-0.9560516601443955,,6,1,val,current_repo_v1
8698,347.92,-0.8079765678233307,,6,1,val,current_repo_v1
8699,347.96,-1.0068112198136987,,6,1,val,current_repo_v1
8700,348.0,-1.112936635941094,,6,1,val,current_repo_v1
8701,348.04,-0.9981273180265466,,6,1,val,current_repo_v1
8702,348.08,-0.7812510586879191,,6,1,val,current_repo_v1
8703,348.12,-1.1275990679720251,,6,1,val,current_repo_v1
8704,348.16,-0.9997121412330553,,6,1,val,current_repo_v1
8705,348.2,-0.7797799737810611,,6,1,val,current_repo_v1
8706,348.24,-0.9717318934366045,,6,1,val,current_repo_v1
8707,348.28,-0.6593276362155268,,6,1,val,current_repo_v1
8708,348.32,-0.32598760148186745,,6,1,val,current_repo_v1
8709,348.36,-0.6185443515021282,,6,1,val,current_repo_v1
8710,348.4,-0.7025873550141025,,6,1,val,current_repo_v1
8711,348.44,-0.691066186994808,,6,1,val,current_repo_v1
8712,348.48,-0.7198124813697013,,6,1,val,current_repo_v1
8713,348.52,-1.151924455508325,,6,1,val,current_repo_v1
8714,348.56,-1.148640862101529,,6,1,val,current_repo_v1
8715,348.6,-0.46480943965278865,,6,1,val,current_repo_v1
8716,348.64,-0.3865669850759351,,6,1,val,current_repo_v1
8717,348.68,-0.7328755511698871,,6,1,val,current_repo_v1
8718,348.72,-1.3775384597190767,,6,1,val,current_repo_v1
8719,348.76,-0.7620223991407367,,6,1,val,current_repo_v1
8720,348.8,-0.695472346115037,,6,1,val,current_repo_v1
8721,348.84,-0.6895366677321662,,6,1,val,current_repo_v1
8722,348.88,0.07721333165914267,,6,1,val,current_repo_v1
8723,348.92,0.477066637078477,,6,1,val,current_repo_v1
8724,348.96,1.1433526920325103,,6,1,val,current_repo_v1
8725,349.0,1.7464000436866374,,6,1,val,current_repo_v1
8726,349.04,1.9493230832053052,,6,1,val,current_repo_v1
8727,349.08,1.5257302120575815,,6,1,val,current_repo_v1
8728,349.12,0.6026366416106178,,6,1,val,current_repo_v1
8729,349.16,1.4560759034455748,,6,1,val,current_repo_v1
8730,349.2,1.4739698944807706,,6,1,val,current_repo_v1
8731,349.24,0.7548935468645273,,6,1,val,current_repo_v1
8732,349.28,0.14763968680576595,,6,1,val,current_repo_v1
8733,349.32,0.593476917212083,,6,1,val,current_repo_v1
8734,349.36,0.04978904501914942,,6,1,val,current_repo_v1
8735,349.4,-0.1172260220012306,,6,1,val,current_repo_v1
8736,349.44,0.30042305777940403,,6,1,val,current_repo_v1
8737,349.48,0.23690779997780886,,6,1,val,current_repo_v1
8738,349.52,-0.024513690508695413,,6,1,val,current_repo_v1
8739,349.56,-0.2941470340564469,,6,1,val,current_repo_v1
8740,349.6,-0.27719414919056246,,6,1,val,current_repo_v1
8741,349.64,-0.16258279504741008,,6,1,val,current_repo_v1
8742,349.68,0.08988219564309269,,6,1,val,current_repo_v1
8743,349.72,0.2829058987743046,,6,1,val,current_repo_v1
8744,349.76,0.18304123691618251,,6,1,val,current_repo_v1
8745,349.8,0.3866566539861796,,6,1,val,current_repo_v1
8746,349.84,0.44758080027937186,,6,1,val,current_repo_v1
8747,349.88,0.36532435763077903,,6,1,val,current_repo_v1
8748,349.92,0.7061922678130004,,6,1,val,current_repo_v1
8749,349.96,0.8026909020838456,,6,1,val,current_repo_v1
8750,350.0,0.8664360364672119,,6,1,val,current_repo_v1
8751,350.04,0.6021389061158162,,6,1,val,current_repo_v1
8752,350.08,0.13768713341572114,,6,1,val,current_repo_v1
8753,350.12,0.0963965654511741,,6,1,val,current_repo_v1
8754,350.16,0.19472146464321477,,6,1,val,current_repo_v1
8755,350.2,0.24808604876277426,,6,1,val,current_repo_v1
8756,350.24,0.4688249581481318,,6,1,val,current_repo_v1
8757,350.28,0.20271531929679817,,6,1,val,current_repo_v1
8758,350.32,0.5530715079994198,,6,1,val,current_repo_v1
8759,350.36,0.27615572199298716,,6,1,val,current_repo_v1
8760,350.4,0.31139271678363395,,6,1,val,current_repo_v1
8761,350.44,0.4509361844661309,,6,1,val,current_repo_v1
8762,350.48,1.0882838768829863,,6,1,val,current_repo_v1
8763,350.52,0.6672558565659172,,6,1,val,current_repo_v1
8764,350.56,0.18047763825029453,,6,1,val,current_repo_v1
8765,350.6,0.20004893877296898,,6,1,val,current_repo_v1
8766,350.64,0.22848827886822393,,6,1,val,current_repo_v1
8767,350.68,0.4546220010219056,,6,1,val,current_repo_v1
8768,350.72,0.04016650660986476,,6,1,val,current_repo_v1
8769,350.76,0.40376654640087845,,6,1,val,current_repo_v1
8770,350.8,0.0887688994271694,,6,1,val,current_repo_v1
8771,350.84,0.11177754875529605,,6,1,val,current_repo_v1
8772,350.88,0.6883951804178126,,6,1,val,current_repo_v1
8773,350.92,0.5366998710618114,,6,1,val,current_repo_v1
8774,350.96,0.24934913518892557,,6,1,val,current_repo_v1
8775,351.0,0.25088522831659316,,6,1,val,current_repo_v1
8776,351.04,0.2143491473627497,,6,1,val,current_repo_v1
8777,351.08,-0.20629898007701508,,6,1,val,current_repo_v1
8778,351.12,-0.4817004119274259,,6,1,val,current_repo_v1
8779,351.16,0.12477326252573459,,6,1,val,current_repo_v1
8780,351.2,0.20691542774817992,,6,1,val,current_repo_v1
8781,351.24,0.5427329400376554,,6,1,val,current_repo_v1
8782,351.28,0.7036735383845892,,6,1,val,current_repo_v1
8783,351.32,0.7835834242602054,,6,1,val,current_repo_v1
8784,351.36,0.8705491194673013,,6,1,val,current_repo_v1
8785,351.4,1.3372387888644988,,6,1,val,current_repo_v1
8786,351.44,1.758092758278983,,6,1,val,current_repo_v1
8787,351.48,1.4971847509983405,,6,1,val,current_repo_v1
8788,351.52,0.7396723015240584,,6,1,val,current_repo_v1
8789,351.56,0.07269272120099296,,6,1,val,current_repo_v1
8790,351.6,-0.12796133489111905,,6,1,val,current_repo_v1
8791,351.64,-0.4490280244909515,,6,1,val,current_repo_v1
8792,351.68,-0.41688453753903015,,6,1,val,current_repo_v1
8793,351.72,-0.13760281229250151,,6,1,val,current_repo_v1
8794,351.76,0.4702977821727215,,6,1,val,current_repo_v1
8795,351.8,0.965590651337851,,6,1,val,current_repo_v1
8796,351.84,1.4708481085877285,,6,1,val,current_repo_v1
8797,351.88,2.4315676302886136,,6,1,val,current_repo_v1
8798,351.92,2.476083200783577,,6,1,val,current_repo_v1
8799,351.96,2.259376053253176,,6,1,val,current_repo_v1
8800,352.0,2.7696176132278687,,6,1,val,current_repo_v1
8801,352.04,2.778403357749387,,6,1,val,current_repo_v1
8802,352.08,2.7424169771281672,,6,1,val,current_repo_v1
8803,352.12,2.7384195106748788,,6,1,val,current_repo_v1
8804,352.16,2.7360378932884317,,6,1,val,current_repo_v1
8805,352.2,2.500579439245835,,6,1,val,current_repo_v1
8806,352.24,2.1934710042117955,,6,1,val,current_repo_v1
8807,352.28,1.8530054563079714,,6,1,val,current_repo_v1
8808,352.32,1.8271137497778278,,6,1,val,current_repo_v1
8809,352.36,1.7417375386127614,,6,1,val,current_repo_v1
8810,352.4,1.296986978529896,,6,1,val,current_repo_v1
8811,352.44,0.869875246128637,,6,1,val,current_repo_v1
8812,352.48,0.4620725205137632,,6,1,val,current_repo_v1
8813,352.52,1.0314076314573006,,6,1,val,current_repo_v1
8814,352.56,0.7371588590135516,,6,1,val,current_repo_v1
8815,352.6,0.9623840660642131,,6,1,val,current_repo_v1
8816,352.64,1.1958816300820063,,6,1,val,current_repo_v1
8817,352.68,1.092297064960569,,6,1,val,current_repo_v1
8818,352.72,0.8656042512385127,,6,1,val,current_repo_v1
8819,352.76,0.8809759650451249,,6,1,val,current_repo_v1
8820,352.8,0.9020432198582201,,6,1,val,current_repo_v1
8821,352.84,1.2856949566629252,,6,1,val,current_repo_v1
8822,352.88,0.86969667351995,,6,1,val,current_repo_v1
8823,352.92,0.7792736122623104,,6,1,val,current_repo_v1
8824,352.96,0.7216782764369374,,6,1,val,current_repo_v1
8825,353.0,0.823493741437019,,6,1,val,current_repo_v1
8826,353.04,1.3798736078797338,,6,1,val,current_repo_v1
8827,353.08,1.0834309036351386,,6,1,val,current_repo_v1
8828,353.12,1.1843338883437722,,6,1,val,current_repo_v1
8829,353.16,1.2738216520853238,,6,1,val,current_repo_v1
8830,353.2,1.559514730501099,,6,1,val,current_repo_v1
8831,353.24,1.8048561036597646,,6,1,val,current_repo_v1
8832,353.28,2.198956598925712,,6,1,val,current_repo_v1
8833,353.32,2.036961538715717,,6,1,val,current_repo_v1
8834,353.36,2.640203601991081,,6,1,val,current_repo_v1
8835,353.4,2.4435285863998906,,6,1,val,current_repo_v1
8836,353.44,2.0985485671235096,,6,1,val,current_repo_v1
8837,353.48,2.0062846149645517,,6,1,val,current_repo_v1
8838,353.52,1.9859077203262168,,6,1,val,current_repo_v1
8839,353.56,2.2937254371359375,,6,1,val,current_repo_v1
8840,353.6,2.2243115441591557,,6,1,val,current_repo_v1
8841,353.64,1.908498894442858,,6,1,val,current_repo_v1
8842,353.68,1.901141452531999,,6,1,val,current_repo_v1
8843,353.72,1.7698692287812854,,6,1,val,current_repo_v1
8844,353.76,1.726257442989112,,6,1,val,current_repo_v1
8845,353.8,2.1252772762355474,,6,1,val,current_repo_v1
8846,353.84,2.164582728265289,,6,1,val,current_repo_v1
8847,353.88,2.1708596911118216,,6,1,val,current_repo_v1
8848,353.92,2.2534012795036977,,6,1,val,current_repo_v1
8849,353.96,1.886470533606537,,6,1,val,current_repo_v1
8850,354.0,2.093494830124719,,6,1,val,current_repo_v1
8851,354.04,2.1164330973582453,,6,1,val,current_repo_v1
8852,354.08,2.276069913924107,,6,1,val,current_repo_v1
8853,354.12,2.1270592458281175,,6,1,val,current_repo_v1
8854,354.16,2.004462297840607,,6,1,val,current_repo_v1
8855,354.2,2.1747928797737477,,6,1,val,current_repo_v1
8856,354.24,1.2528306401935847,,6,1,val,current_repo_v1
8857,354.28,0.031060381819819752,,6,1,val,current_repo_v1
8858,354.32,-0.22336859452504867,,6,1,val,current_repo_v1
8859,354.36,-0.42577727258340026,,6,1,val,current_repo_v1
8860,354.4,-0.8674754723530715,,6,1,val,current_repo_v1
8861,354.44,-0.6918182510666878,,6,1,val,current_repo_v1
8862,354.48,-0.5846703032777848,,6,1,val,current_repo_v1
8863,354.52,0.5973461063414841,,6,1,val,current_repo_v1
8864,354.56,1.082233277600407,,6,1,val,current_repo_v1
8865,354.6,1.60384748494011,,6,1,val,current_repo_v1
8866,354.64,1.979235908189888,,6,1,val,current_repo_v1
8867,354.68,1.7512217128153151,,6,1,val,current_repo_v1
8868,354.72,1.7531528291445524,,6,1,val,current_repo_v1
8869,354.76,1.7578790554921164,,6,1,val,current_repo_v1
8870,354.8,1.5542851339172827,,6,1,val,current_repo_v1
8871,354.84,1.6478741546583486,,6,1,val,current_repo_v1
8872,354.88,1.2687629064274661,,6,1,val,current_repo_v1
8873,354.92,1.481442257291338,,6,1,val,current_repo_v1
8874,354.96,1.8588580744279781,,6,1,val,current_repo_v1
8875,355.0,1.7001339468476926,,6,1,val,current_repo_v1
8876,355.04,1.5240742937182024,,6,1,val,current_repo_v1
8877,355.08,1.7360148673696645,,6,1,val,current_repo_v1
8878,355.12,2.2057405493733784,,6,1,val,current_repo_v1
8879,355.16,2.4241598235282455,,6,1,val,current_repo_v1
8880,355.2,2.0586615541243005,,6,1,val,current_repo_v1
8881,355.24,1.4939280095693215,,6,1,val,current_repo_v1
8882,355.28,0.7087219884654755,,6,1,val,current_repo_v1
8883,355.32,0.5134678320610527,,6,1,val,current_repo_v1
8884,355.36,0.4023143830949409,,6,1,val,current_repo_v1
8885,355.4,0.8111376577771084,,6,1,val,current_repo_v1
8886,355.44,1.6441243385700488,,6,1,val,current_repo_v1
8887,355.48,1.2189879656531204,,6,1,val,current_repo_v1
8888,355.52,0.7450120190426435,,6,1,val,current_repo_v1
8889,355.56,0.54334608338513,,6,1,val,current_repo_v1
8890,355.6,0.643078363601518,,6,1,val,current_repo_v1
8891,355.64,0.47714927995308554,,6,1,val,current_repo_v1
8892,355.68,0.75945678309828,,6,1,val,current_repo_v1
8893,355.72,1.0845234869588778,,6,1,val,current_repo_v1
8894,355.76,1.5755744392823565,,6,1,val,current_repo_v1
8895,355.8,1.9933060662861246,,6,1,val,current_repo_v1
8896,355.84,2.6158996403852353,,6,1,val,current_repo_v1
8897,355.88,3.181036938512797,,6,1,val,current_repo_v1
8898,355.92,2.729986876617597,,6,1,val,current_repo_v1
8899,355.96,1.917202830866279,,6,1,val,current_repo_v1
8900,356.0,1.6171596659641791,,6,1,val,current_repo_v1
8901,356.04,1.2864654553827606,,6,1,val,current_repo_v1
8902,356.08,0.8755963173834208,,6,1,val,current_repo_v1
8903,356.12,1.030545446450652,,6,1,val,current_repo_v1
8904,356.16,1.2437076459615426,,6,1,val,current_repo_v1
8905,356.2,2.0970526476154436,,6,1,val,current_repo_v1
8906,356.24,1.8455865191941208,,6,1,val,current_repo_v1
8907,356.28,2.8351255869087564,,6,1,val,current_repo_v1
8908,356.32,2.6788949367674184,,6,1,val,current_repo_v1
8909,356.36,2.882556196980822,,6,1,val,current_repo_v1
8910,356.4,2.5785737217223805,,6,1,val,current_repo_v1
8911,356.44,1.6077283609406678,,6,1,val,current_repo_v1
8912,356.48,1.2681510152447582,,6,1,val,current_repo_v1
8913,356.52,1.376115444026322,,6,1,val,current_repo_v1
8914,356.56,1.394437118894088,,6,1,val,current_repo_v1
8915,356.6,1.5048468863357867,,6,1,val,current_repo_v1
8916,356.64,0.8896017803000396,,6,1,val,current_repo_v1
8917,356.68,1.2365658546494096,,6,1,val,current_repo_v1
8918,356.72,0.8889487068094459,,6,1,val,current_repo_v1
8919,356.76,0.9710133595545911,,6,1,val,current_repo_v1
8920,356.8,1.798578306036721,,6,1,val,current_repo_v1
8921,356.84,0.9967851365259592,,6,1,val,current_repo_v1
8922,356.88,0.4710970806821933,,6,1,val,current_repo_v1
8923,356.92,0.5756856732524737,,6,1,val,current_repo_v1
8924,356.96,1.2832593570620876,,6,1,val,current_repo_v1
8925,357.0,1.782410632826682,,6,1,val,current_repo_v1
8926,357.04,1.9079109335201379,,6,1,val,current_repo_v1
8927,357.08,2.189490511547568,,6,1,val,current_repo_v1
8928,357.12,1.7810627470199347,,6,1,val,current_repo_v1
8929,357.16,1.3524461908278236,,6,1,val,current_repo_v1
8930,357.2,1.2612894305815505,,6,1,val,current_repo_v1
8931,357.24,1.0254359185550297,,6,1,val,current_repo_v1
8932,357.28,1.2932379972181072,,6,1,val,current_repo_v1
8933,357.32,1.9498367490185289,,6,1,val,current_repo_v1
8934,357.36,1.8865445504571967,,6,1,val,current_repo_v1
8935,357.4,1.926773265308323,,6,1,val,current_repo_v1
8936,357.44,2.179262829732374,,6,1,val,current_repo_v1
8937,357.48,1.7674834375122825,,6,1,val,current_repo_v1
8938,357.52,1.8117360534062186,,6,1,val,current_repo_v1
8939,357.56,1.9388933854744017,,6,1,val,current_repo_v1
8940,357.6,2.147892206700403,,6,1,val,current_repo_v1
8941,357.64,0.010779556044981932,,6,1,val,current_repo_v1
8942,357.68,-1.5474419143373213,,6,1,val,current_repo_v1
8943,357.72,-1.343959296297314,,6,1,val,current_repo_v1
8944,357.76,-0.5471039341973503,,6,1,val,current_repo_v1
8945,357.8,0.6265305888200469,,6,1,val,current_repo_v1
8946,357.84,0.7390707754830312,,6,1,val,current_repo_v1
8947,357.88,0.15151117157057287,,6,1,val,current_repo_v1
8948,357.92,0.4223817495593945,,6,1,val,current_repo_v1
8949,357.96,-1.107487562699542,,6,1,val,current_repo_v1
8950,358.0,-1.9305138988549997,,6,1,val,current_repo_v1
8951,358.04,-1.9641553922562653,,6,1,val,current_repo_v1
8952,358.08,-2.4558729831886446,,6,1,val,current_repo_v1
8953,358.12,-3.4214202957126227,,6,1,val,current_repo_v1
8954,358.16,-2.129346811727636,,6,1,val,current_repo_v1
8955,358.2,-0.4321278348923364,,6,1,val,current_repo_v1
8956,358.24,0.38455632150165164,,6,1,val,current_repo_v1
8957,358.28,1.126542519167686,,6,1,val,current_repo_v1
8958,358.32,1.2805619158955708,,6,1,val,current_repo_v1
8959,358.36,1.1045878969231877,,6,1,val,current_repo_v1
8960,358.4,0.5324645628675408,,6,1,val,current_repo_v1
8961,358.44,0.021131897819181147,,6,1,val,current_repo_v1
8962,358.48,-0.5949991321802519,,6,1,val,current_repo_v1
8963,358.52,-0.9077884996318287,,6,1,val,current_repo_v1
8964,358.56,-0.5295987751045992,,6,1,val,current_repo_v1
8965,358.6,-0.13814917351908038,,6,1,val,current_repo_v1
8966,358.64,-0.156677099054233,,6,1,val,current_repo_v1
8967,358.68,-1.0679912946722825,,6,1,val,current_repo_v1
8968,358.72,-1.7038203199211415,,6,1,val,current_repo_v1
8969,358.76,-0.4172101699431065,,6,1,val,current_repo_v1
8970,358.8,-0.057423224039059195,,6,1,val,current_repo_v1
8971,358.84,-0.4002367287056338,,6,1,val,current_repo_v1
8972,358.88,0.0154055222553157,,6,1,val,current_repo_v1
8973,358.92,-0.22809534260793227,,6,1,val,current_repo_v1
8974,358.96,-1.3174167423472734,,6,1,val,current_repo_v1
8975,359.0,-0.7486614532554718,,6,1,val,current_repo_v1
8976,359.04,-0.21667003475800697,,6,1,val,current_repo_v1
8977,359.08,-0.4409779267699262,,6,1,val,current_repo_v1
8978,359.12,0.013067574115110812,,6,1,val,current_repo_v1
8979,359.16,0.4645705892235222,,6,1,val,current_repo_v1
8980,359.2,0.20829072205037807,,6,1,val,current_repo_v1
8981,359.24,-0.3167045040714485,,6,1,val,current_repo_v1
8982,359.28,1.2566280385430229,,6,1,val,current_repo_v1
8983,359.32,1.4703068951496354,,6,1,val,current_repo_v1
8984,359.36,1.6806522108881987,,6,1,val,current_repo_v1
8985,359.4,1.8996157593283667,,6,1,val,current_repo_v1
8986,359.44,1.67217282934629,,6,1,val,current_repo_v1
8987,359.48,1.3208944212929228,,6,1,val,current_repo_v1
8988,359.52,1.3976009218715273,,6,1,val,current_repo_v1
8989,359.56,1.2221859944675186,,6,1,val,current_repo_v1
8990,359.6,1.221355391838877,,6,1,val,current_repo_v1
8991,359.64,0.8035282524892862,,6,1,val,current_repo_v1
8992,359.68,0.2019770986020624,,6,1,val,current_repo_v1
8993,359.72,-0.297865441678513,,6,1,val,current_repo_v1
8994,359.76,-0.11401251503902059,,6,1,val,current_repo_v1
8995,359.8,0.6686424899157258,,6,1,val,current_repo_v1
8996,359.84,1.07648973694453,,6,1,val,current_repo_v1
8997,359.88,0.7327856040008056,,6,1,val,current_repo_v1
8998,359.92,-0.5380911652471408,,6,1,val,current_repo_v1
8999,359.96,-1.474836949017068,,6,1,val,current_repo_v1
9000,360.0,-1.4887596299296597,,6,1,val,current_repo_v1
9001,360.04,-0.8075017191178777,,6,1,val,current_repo_v1
9002,360.08,-0.6056842019588726,,6,1,val,current_repo_v1
9003,360.12,-0.9117280882470076,,6,1,val,current_repo_v1
9004,360.16,-1.48758649067259,,6,1,val,current_repo_v1
9005,360.2,-0.9026206069451319,,6,1,val,current_repo_v1
9006,360.24,1.040041446653781,,6,1,val,current_repo_v1
9007,360.28,1.5760229925277067,,6,1,val,current_repo_v1
9008,360.32,1.9240566242820487,,6,1,val,current_repo_v1
9009,360.36,2.358606771915753,,6,1,val,current_repo_v1
9010,360.4,2.5529761347830155,,6,1,val,current_repo_v1
9011,360.44,2.2029827260392185,,6,1,val,current_repo_v1
9012,360.48,2.04277659189272,,6,1,val,current_repo_v1
9013,360.52,2.1196255609959023,,6,1,val,current_repo_v1
9014,360.56,1.6593192188857055,,6,1,val,current_repo_v1
9015,360.6,1.8546811310247822,,6,1,val,current_repo_v1
9016,360.64,1.7611210492027711,,6,1,val,current_repo_v1
9017,360.68,1.6817404811999634,,6,1,val,current_repo_v1
9018,360.72,1.8313635969963349,,6,1,val,current_repo_v1
9019,360.76,2.2028611269274205,,6,1,val,current_repo_v1
9020,360.8,2.6502095115131334,,6,1,val,current_repo_v1
9021,360.84,3.268346492077797,,6,1,val,current_repo_v1
9022,360.88,3.0886449872887884,,6,1,val,current_repo_v1
9023,360.92,2.363011609306506,,6,1,val,current_repo_v1
9024,360.96,2.684331557926012,,6,1,val,current_repo_v1
9025,361.0,2.5627961674019075,,6,1,val,current_repo_v1
9026,361.04,2.0470648388307424,,6,1,val,current_repo_v1
9027,361.08,2.3898179526340853,,6,1,val,current_repo_v1
9028,361.12,1.755542237778437,,6,1,val,current_repo_v1
9029,361.16,1.9215500686777591,,6,1,val,current_repo_v1
9030,361.2,1.3836270413329155,,6,1,val,current_repo_v1
9031,361.24,1.4847193116154629,,6,1,val,current_repo_v1
9032,361.28,1.565060150864985,,6,1,val,current_repo_v1
9033,361.32,1.8776586327543348,,6,1,val,current_repo_v1
9034,361.36,1.6901466806677239,,6,1,val,current_repo_v1
9035,361.4,1.9577117523663305,,6,1,val,current_repo_v1
9036,361.44,1.8518192388855594,,6,1,val,current_repo_v1
9037,361.48,1.9443489282339155,,6,1,val,current_repo_v1
9038,361.52,1.8858246948457071,,6,1,val,current_repo_v1
9039,361.56,1.8527024324344066,,6,1,val,current_repo_v1
9040,361.6,1.3254962659403184,,6,1,val,current_repo_v1
9041,361.64,1.2081675925149764,,6,1,val,current_repo_v1
9042,361.68,1.4911123083970517,,6,1,val,current_repo_v1
9043,361.72,1.81100284137055,,6,1,val,current_repo_v1
9044,361.76,1.3024013389815239,,6,1,val,current_repo_v1
9045,361.8,1.6680412421335358,,6,1,val,current_repo_v1
9046,361.84,1.5963152964795735,,6,1,val,current_repo_v1
9047,361.88,1.9610614322469297,,6,1,val,current_repo_v1
9048,361.92,2.0914777318148285,,6,1,val,current_repo_v1
9049,361.96,2.0082808438616624,,6,1,val,current_repo_v1
9050,362.0,1.789645084331558,,6,1,val,current_repo_v1
9051,362.04,1.910328168037729,,6,1,val,current_repo_v1
9052,362.08,1.9006826037096773,,6,1,val,current_repo_v1
9053,362.12,2.2348308412355946,,6,1,val,current_repo_v1
9054,362.16,1.6135943354848539,,6,1,val,current_repo_v1
9055,362.2,1.6451505571611478,,6,1,val,current_repo_v1
9056,362.24,1.8059964083740605,,6,1,val,current_repo_v1
9057,362.28,1.8841531940114524,,6,1,val,current_repo_v1
9058,362.32,1.8052601354911841,,6,1,val,current_repo_v1
9059,362.36,2.0857094261224525,,6,1,val,current_repo_v1
9060,362.4,2.414565737085051,,6,1,val,current_repo_v1
9061,362.44,2.9373987876958116,,6,1,val,current_repo_v1
9062,362.48,2.731562656411901,,6,1,val,current_repo_v1
9063,362.52,2.606808924178293,,6,1,val,current_repo_v1
9064,362.56,2.5718081363579604,,6,1,val,current_repo_v1
9065,362.6,2.187020686109771,,6,1,val,current_repo_v1
9066,362.64,2.3245679248951574,,6,1,val,current_repo_v1
9067,362.68,1.9430224683576225,,6,1,val,current_repo_v1
9068,362.72,1.6412591073247813,,6,1,val,current_repo_v1
9069,362.76,1.5210638113599866,,6,1,val,current_repo_v1
9070,362.8,1.394390371409461,,6,1,val,current_repo_v1
9071,362.84,1.842200387405866,,6,1,val,current_repo_v1
9072,362.88,1.6444454492680227,,6,1,val,current_repo_v1
9073,362.92,1.9752136767001007,,6,1,val,current_repo_v1
9074,362.96,2.4973694453014432,,6,1,val,current_repo_v1
9075,363.0,2.2717427107488954,,6,1,val,current_repo_v1
9076,363.04,2.216686695505876,,6,1,val,current_repo_v1
9077,363.08,2.2548295821143567,,6,1,val,current_repo_v1
9078,363.12,1.8721922379001754,,6,1,val,current_repo_v1
9079,363.16,1.8829870112253093,,6,1,val,current_repo_v1
9080,363.2,1.7826190486956444,,6,1,val,current_repo_v1
9081,363.24,1.88711609410853,,6,1,val,current_repo_v1
9082,363.28,1.7001063992228231,,6,1,val,current_repo_v1
9083,363.32,1.510393141476184,,6,1,val,current_repo_v1
9084,363.36,2.015082881133738,,6,1,val,current_repo_v1
9085,363.4,1.9402017585262856,,6,1,val,current_repo_v1
9086,363.44,2.1728920936577505,,6,1,val,current_repo_v1
9087,363.48,2.05111267013354,,6,1,val,current_repo_v1
9088,363.52,1.8350936567072031,,6,1,val,current_repo_v1
9089,363.56,1.6924896200758186,,6,1,val,current_repo_v1
9090,363.6,1.5719773872956058,,6,1,val,current_repo_v1
9091,363.64,1.872786042258474,,6,1,val,current_repo_v1
9092,363.68,1.5516789616493236,,6,1,val,current_repo_v1
9093,363.72,1.0994097782242287,,6,1,val,current_repo_v1
9094,363.76,0.43833293739419643,,6,1,val,current_repo_v1
9095,363.8,-0.08548778426314103,,6,1,val,current_repo_v1
9096,363.84,-0.5287606942697114,,6,1,val,current_repo_v1
9097,363.88,-0.731804393776602,,6,1,val,current_repo_v1
9098,363.92,-0.9566865076811613,,6,1,val,current_repo_v1
9099,363.96,-0.28859229202151915,,6,1,val,current_repo_v1
9100,364.0,0.3298636079527767,,6,1,val,current_repo_v1
9101,364.04,0.5350880567481072,,6,1,val,current_repo_v1
9102,364.08,0.2938100626047601,,6,1,val,current_repo_v1
9103,364.12,0.15181976062087893,,6,1,val,current_repo_v1
9104,364.16,0.023300334154080962,,6,1,val,current_repo_v1
9105,364.2,-0.4221080819931402,,6,1,val,current_repo_v1
9106,364.24,-0.6223725670177713,,6,1,val,current_repo_v1
9107,364.28,-0.8346300774846515,,6,1,val,current_repo_v1
9108,364.32,-0.9519195859786763,,6,1,val,current_repo_v1
9109,364.36,-1.2059078524991644,,6,1,val,current_repo_v1
9110,364.4,-1.09377260200882,,6,1,val,current_repo_v1
9111,364.44,-0.8360781364727423,,6,1,val,current_repo_v1
9112,364.48,-0.41065230480055626,,6,1,val,current_repo_v1
9113,364.52,-0.10170554406385206,,6,1,val,current_repo_v1
9114,364.56,0.428714642432177,,6,1,val,current_repo_v1
9115,364.6,0.33678574869540084,,6,1,val,current_repo_v1
9116,364.64,0.48610949276544413,,6,1,val,current_repo_v1
9117,364.68,0.738196416652261,,6,1,val,current_repo_v1
9118,364.72,0.7414141322793816,,6,1,val,current_repo_v1
9119,364.76,0.6716110943189633,,6,1,val,current_repo_v1
9120,364.8,0.45175196981169874,,6,1,val,current_repo_v1
9121,364.84,0.07824201979742061,,6,1,val,current_repo_v1
9122,364.88,0.21833096175645325,,6,1,val,current_repo_v1
9123,364.92,0.013458284304705949,,6,1,val,current_repo_v1
9124,364.96,-0.35682661100562396,,6,1,val,current_repo_v1
9125,365.0,-0.11063215712163493,,6,1,val,current_repo_v1
9126,365.04,0.17242980138232034,,6,1,val,current_repo_v1
9127,365.08,0.4507283251148426,,6,1,val,current_repo_v1
9128,365.12,0.2825358493033616,,6,1,val,current_repo_v1
9129,365.16,-0.02143746950022278,,6,1,val,current_repo_v1
9130,365.2,0.008358808509572626,,6,1,val,current_repo_v1
9131,365.24,-0.2160447523687653,,6,1,val,current_repo_v1
9132,365.28,-0.1966553635608227,,6,1,val,current_repo_v1
9133,365.32,-0.48087304405776515,,6,1,val,current_repo_v1
9134,365.36,-0.9707250833993908,,6,1,val,current_repo_v1
9135,365.4,-0.8176942707548919,,6,1,val,current_repo_v1
9136,365.44,-0.5874153267054397,,6,1,val,current_repo_v1
9137,365.48,-0.4104625322736773,,6,1,val,current_repo_v1
9138,365.52,-0.31446504216838767,,6,1,val,current_repo_v1
9139,365.56,-0.08509658712058103,,6,1,val,current_repo_v1
9140,365.6,-0.11440538173460298,,6,1,val,current_repo_v1
9141,365.64,0.18443364413686023,,6,1,val,current_repo_v1
9142,365.68,0.23231350310136864,,6,1,val,current_repo_v1
9143,365.72,0.6515855710271333,,6,1,val,current_repo_v1
9144,365.76,0.8257230816748817,,6,1,val,current_repo_v1
9145,365.8,0.455743871088246,,6,1,val,current_repo_v1
9146,365.84,0.08324824409978222,,6,1,val,current_repo_v1
9147,365.88,-0.11844051747795929,,6,1,val,current_repo_v1
9148,365.92,-0.3907449719497701,,6,1,val,current_repo_v1
9149,365.96,-0.3946047698434203,,6,1,val,current_repo_v1
9150,366.0,-0.5519230294317851,,6,1,val,current_repo_v1
9151,366.04,-0.14241074239109905,,6,1,val,current_repo_v1
9152,366.08,0.6142624349526491,,6,1,val,current_repo_v1
9153,366.12,0.9269498901051505,,6,1,val,current_repo_v1
9154,366.16,1.532493293092468,,6,1,val,current_repo_v1
9155,366.2,1.5165429400341772,,6,1,val,current_repo_v1
9156,366.24,1.3223575062582151,,6,1,val,current_repo_v1
9157,366.28,1.2947094299485116,,6,1,val,current_repo_v1
9158,366.32,1.1697617513054688,,6,1,val,current_repo_v1
9159,366.36,1.0209346644772335,,6,1,val,current_repo_v1
9160,366.4,0.707304816208299,,6,1,val,current_repo_v1
9161,366.44,0.7339911604123935,,6,1,val,current_repo_v1
9162,366.48,0.7552240487982522,,6,1,val,current_repo_v1
9163,366.52,0.7185186473420542,,6,1,val,current_repo_v1
9164,366.56,1.1715509556278023,,6,1,val,current_repo_v1
9165,366.6,1.5060517471002821,,6,1,val,current_repo_v1
9166,366.64,2.1323506158737624,,6,1,val,current_repo_v1
9167,366.68,1.9695255095527997,,6,1,val,current_repo_v1
9168,366.72,1.901902212192537,,6,1,val,current_repo_v1
9169,366.76,2.093603072812338,,6,1,val,current_repo_v1
9170,366.8,1.5423664731492397,,6,1,val,current_repo_v1
9171,366.84,1.5479619801037976,,6,1,val,current_repo_v1
9172,366.88,1.0134329453593556,,6,1,val,current_repo_v1
9173,366.92,0.5611554837338579,,6,1,val,current_repo_v1
9174,366.96,0.7614116905580863,,6,1,val,current_repo_v1
9175,367.0,1.05192254247882,,6,1,val,current_repo_v1
9176,367.04,1.1868151223938885,,6,1,val,current_repo_v1
9177,367.08,1.0224963922002657,,6,1,val,current_repo_v1
9178,367.12,1.1425731499004703,,6,1,val,current_repo_v1
9179,367.16,1.1005683088923524,,6,1,val,current_repo_v1
9180,367.2,1.3316839077001525,,6,1,val,current_repo_v1
9181,367.24,1.9533575580839235,,6,1,val,current_repo_v1
9182,367.28,1.6058993656046339,,6,1,val,current_repo_v1
9183,367.32,1.2700075582056618,,6,1,val,current_repo_v1
9184,367.36,0.9882096861205536,,6,1,val,current_repo_v1
9185,367.4,0.9397464575041365,,6,1,val,current_repo_v1
9186,367.44,0.6816866381149912,,6,1,val,current_repo_v1
9187,367.48,0.5806832715308862,,6,1,val,current_repo_v1
9188,367.52,-0.1875391171055794,,6,1,val,current_repo_v1
9189,367.56,-1.0636738305563682,,6,1,val,current_repo_v1
9190,367.6,-1.2237695655092606,,6,1,val,current_repo_v1
9191,367.64,-0.7541334132863725,,6,1,val,current_repo_v1
9192,367.68,-0.4890219584483035,,6,1,val,current_repo_v1
9193,367.72,0.15315359435635426,,6,1,val,current_repo_v1
9194,367.76,0.5319517318308283,,6,1,val,current_repo_v1
9195,367.8,0.712760428532522,,6,1,val,current_repo_v1
9196,367.84,0.8944409101707431,,6,1,val,current_repo_v1
9197,367.88,0.9360248151230895,,6,1,val,current_repo_v1
9198,367.92,0.11180812244501866,,6,1,val,current_repo_v1
9199,367.96,0.5357911472646635,,6,1,val,current_repo_v1
9200,368.0,0.8006782559153481,,6,1,val,current_repo_v1
9201,368.04,0.1961164109757807,,6,1,val,current_repo_v1
9202,368.08,0.5005960652113498,,6,1,val,current_repo_v1
9203,368.12,0.2790203967205805,,6,1,val,current_repo_v1
9204,368.16,0.5907654239742944,,6,1,val,current_repo_v1
9205,368.2,0.9705925626282382,,6,1,val,current_repo_v1
9206,368.24,0.8031014034332271,,6,1,val,current_repo_v1
9207,368.28,0.7000168694419971,,6,1,val,current_repo_v1
9208,368.32,1.0507091948197944,,6,1,val,current_repo_v1
9209,368.36,0.5495569597578591,,6,1,val,current_repo_v1
9210,368.4,0.6766514748935747,,6,1,val,current_repo_v1
9211,368.44,0.7162084033473147,,6,1,val,current_repo_v1
9212,368.48,1.1882239468859532,,6,1,val,current_repo_v1
9213,368.52,1.3914881317388639,,6,1,val,current_repo_v1
9214,368.56,0.6962551577884126,,6,1,val,current_repo_v1
9215,368.6,0.18834331992705444,,6,1,val,current_repo_v1
9216,368.64,-0.1820368442526159,,6,1,val,current_repo_v1
9217,368.68,0.12698274203910162,,6,1,val,current_repo_v1
9218,368.72,-0.2220610562496761,,6,1,val,current_repo_v1
9219,368.76,-0.3406244336997886,,6,1,val,current_repo_v1
9220,368.8,-0.4139134983709684,,6,1,val,current_repo_v1
9221,368.84,-0.3395612066833599,,6,1,val,current_repo_v1
9222,368.88,-0.11812866758190636,,6,1,val,current_repo_v1
9223,368.92,-0.8213754264751457,,6,1,val,current_repo_v1
9224,368.96,-0.8276097461548977,,6,1,val,current_repo_v1
9225,369.0,-0.7702711041067178,,6,1,val,current_repo_v1
9226,369.04,-0.7291879259316715,,6,1,val,current_repo_v1
9227,369.08,-1.0506478387462213,,6,1,val,current_repo_v1
9228,369.12,-0.8977998421576747,,6,1,val,current_repo_v1
9229,369.16,-0.8368157310850947,,6,1,val,current_repo_v1
9230,369.2,-0.687834280166997,,6,1,val,current_repo_v1
9231,369.24,-0.5512829645418242,,6,1,val,current_repo_v1
9232,369.28,-0.6226529823608244,,6,1,val,current_repo_v1
9233,369.32,-0.27576379442097987,,6,1,val,current_repo_v1
9234,369.36,0.02905152692797722,,6,1,val,current_repo_v1
9235,369.4,0.04680506681516413,,6,1,val,current_repo_v1
9236,369.44,-0.25528084838336834,,6,1,val,current_repo_v1
9237,369.48,-0.4112145963455571,,6,1,val,current_repo_v1
9238,369.52,-0.8104225325658491,,6,1,val,current_repo_v1
9239,369.56,-0.7500354953929033,,6,1,val,current_repo_v1
9240,369.6,-0.7787426248364795,,6,1,val,current_repo_v1
9241,369.64,-0.3874013094165225,,6,1,val,current_repo_v1
9242,369.68,-0.4594482962037495,,6,1,val,current_repo_v1
9243,369.72,-0.25488620778769966,,6,1,val,current_repo_v1
9244,369.76,0.012034277314843961,,6,1,val,current_repo_v1
9245,369.8,0.3502622763451119,,6,1,val,current_repo_v1
9246,369.84,0.3890978535461132,,6,1,val,current_repo_v1
9247,369.88,0.19500786255126484,,6,1,val,current_repo_v1
9248,369.92,0.016365810893207388,,6,1,val,current_repo_v1
9249,369.96,-0.4001053209698294,,6,1,val,current_repo_v1
9250,370.0,-0.04295150365858197,,6,1,val,current_repo_v1
9251,370.04,-0.12115894979549714,,6,1,val,current_repo_v1
9252,370.08,-0.23478291115090985,,6,1,val,current_repo_v1
9253,370.12,-0.5754700226537476,,6,1,val,current_repo_v1
9254,370.16,-0.1545954273029658,,6,1,val,current_repo_v1
9255,370.2,0.2549697550035287,,6,1,val,current_repo_v1
9256,370.24,0.17066609252593284,,6,1,val,current_repo_v1
9257,370.28,-0.5901999324526673,,6,1,val,current_repo_v1
9258,370.32,-0.2348495193600325,,6,1,val,current_repo_v1
9259,370.36,-0.6910851781604378,,6,1,val,current_repo_v1
9260,370.4,-0.33533786361908313,,6,1,val,current_repo_v1
9261,370.44,-0.03866323932938229,,6,1,val,current_repo_v1
9262,370.48,0.3483674380117571,,6,1,val,current_repo_v1
9263,370.52,-0.13431135807355843,,6,1,val,current_repo_v1
9264,370.56,0.14346086515541973,,6,1,val,current_repo_v1
9265,370.6,0.1685204386333178,,6,1,val,current_repo_v1
9266,370.64,0.30499213744873516,,6,1,val,current_repo_v1
9267,370.68,0.39027847100942914,,6,1,val,current_repo_v1
9268,370.72,0.2668469552048489,,6,1,val,current_repo_v1
9269,370.76,0.2955123458228653,,6,1,val,current_repo_v1
9270,370.8,0.24914468450839142,,6,1,val,current_repo_v1
9271,370.84,-0.12221116819668448,,6,1,val,current_repo_v1
9272,370.88,-1.045413233503338,,6,1,val,current_repo_v1
9273,370.92,-0.8337436839591781,,6,1,val,current_repo_v1
9274,370.96,-0.43248880616872015,,6,1,val,current_repo_v1
9275,371.0,-0.288019496205419,,6,1,val,current_repo_v1
9276,371.04,-0.49703814337356145,,6,1,val,current_repo_v1
9277,371.08,-0.6908309191480688,,6,1,val,current_repo_v1
9278,371.12,-0.6998002449373413,,6,1,val,current_repo_v1
9279,371.16,-0.6675328632382164,,6,1,val,current_repo_v1
9280,371.2,-1.226026522936702,,6,1,val,current_repo_v1
9281,371.24,-1.4187619499127138,,6,1,val,current_repo_v1
9282,371.28,-1.262207684743868,,6,1,val,current_repo_v1
9283,371.32,-0.8906846245644815,,6,1,val,current_repo_v1
9284,371.36,-0.0991089195522398,,6,1,val,current_repo_v1
9285,371.4,-0.03749658698145161,,6,1,val,current_repo_v1
9286,371.44,-0.6752730501794596,,6,1,val,current_repo_v1
9287,371.48,-0.3018759167324343,,6,1,val,current_repo_v1
9288,371.52,-0.08487665829223508,,6,1,val,current_repo_v1
9289,371.56,-0.09913283242105014,,6,1,val,current_repo_v1
9290,371.6,-0.5069897228576765,,6,1,val,current_repo_v1
9291,371.64,-1.3222873850312746,,6,1,val,current_repo_v1
9292,371.68,-3.231789680840592,,6,1,val,current_repo_v1
9293,371.72,-4.202436086553803,,6,1,val,current_repo_v1
9294,371.76,-4.28426533232279,,6,1,val,current_repo_v1
9295,371.8,-3.478057099409013,,6,1,val,current_repo_v1
9296,371.84,-2.724450638795334,,6,1,val,current_repo_v1
9297,371.88,-1.463944228581287,,6,1,val,current_repo_v1
9298,371.92,-1.3139880369569474,,6,1,val,current_repo_v1
9299,371.96,-1.1799905461560107,,6,1,val,current_repo_v1
9300,372.0,-1.275802020228722,,6,1,val,current_repo_v1
9301,372.04,-1.9724583576954742,,6,1,val,current_repo_v1
9302,372.08,-2.0283761405568863,,6,1,val,current_repo_v1
9303,372.12,-1.6935854033761841,,6,1,val,current_repo_v1
9304,372.16,-1.164411459951075,,6,1,val,current_repo_v1
9305,372.2,-0.44195155444081974,,6,1,val,current_repo_v1
9306,372.24,-0.2288007635422489,,6,1,val,current_repo_v1
9307,372.28,-0.7253371714502259,,6,1,val,current_repo_v1
9308,372.32,-0.841376254295186,,6,1,val,current_repo_v1
9309,372.36,-1.6019998462619924,,6,1,val,current_repo_v1
9310,372.4,-1.8880991825798839,,6,1,val,current_repo_v1
9311,372.44,-1.3783913230546838,,6,1,val,current_repo_v1
9312,372.48,-0.7494268041868216,,6,1,val,current_repo_v1
9313,372.52,-0.5575003452148697,,6,1,val,current_repo_v1
9314,372.56,-0.7047416349306665,,6,1,val,current_repo_v1
9315,372.6,-0.8636145614240731,,6,1,val,current_repo_v1
9316,372.64,-0.9192630592959147,,6,1,val,current_repo_v1
9317,372.68,-0.6427677571746433,,6,1,val,current_repo_v1
9318,372.72,-0.16919693803975694,,6,1,val,current_repo_v1
9319,372.76,0.24574244848994148,,6,1,val,current_repo_v1
9320,372.8,0.3986080101675779,,6,1,val,current_repo_v1
9321,372.84,1.2158628406540335,,6,1,val,current_repo_v1
9322,372.88,1.183471564207705,,6,1,val,current_repo_v1
9323,372.92,0.7893972252724415,,6,1,val,current_repo_v1
9324,372.96,-0.09904660696391435,,6,1,val,current_repo_v1
9325,373.0,-1.0585359202593652,,6,1,val,current_repo_v1
9326,373.04,-0.959487322005648,,6,1,val,current_repo_v1
9327,373.08,0.18412724637489605,,6,1,val,current_repo_v1
9328,373.12,-0.09387314910047613,,6,1,val,current_repo_v1
9329,373.16,0.4321083567737418,,6,1,val,current_repo_v1
9330,373.2,0.5244885515618842,,6,1,val,current_repo_v1
9331,373.24,0.5439195748483229,,6,1,val,current_repo_v1
9332,373.28,0.41726109131028954,,6,1,val,current_repo_v1
9333,373.32,-0.2996890805319335,,6,1,val,current_repo_v1
9334,373.36,-0.2638296207227704,,6,1,val,current_repo_v1
9335,373.4,-0.09594871654850522,,6,1,val,current_repo_v1
9336,373.44,-1.3574370413294372,,6,1,val,current_repo_v1
9337,373.48,0.015581016625617691,,6,1,val,current_repo_v1
9338,373.52,0.10404680522333576,,6,1,val,current_repo_v1
9339,373.56,0.5082347572417731,,6,1,val,current_repo_v1
9340,373.6,-0.24438725838872133,,6,1,val,current_repo_v1
9341,373.64,-0.5250718864314382,,6,1,val,current_repo_v1
9342,373.68,-1.0335179464776083,,6,1,val,current_repo_v1
9343,373.72,-1.001051261886435,,6,1,val,current_repo_v1
9344,373.76,-1.2900216033204628,,6,1,val,current_repo_v1
9345,373.8,-0.9727520598979973,,6,1,val,current_repo_v1
9346,373.84,-0.7377957934915954,,6,1,val,current_repo_v1
9347,373.88,-0.4553925693064503,,6,1,val,current_repo_v1
9348,373.92,-0.6883443286153388,,6,1,val,current_repo_v1
9349,373.96,-0.5989464424781593,,6,1,val,current_repo_v1
9350,374.0,-0.00856554612992392,,6,1,val,current_repo_v1
9351,374.04,0.19063147712660186,,6,1,val,current_repo_v1
9352,374.08,0.11505444655882513,,6,1,val,current_repo_v1
9353,374.12,0.3537848940929475,,6,1,val,current_repo_v1
9354,374.16,0.2221231079703418,,6,1,val,current_repo_v1
9355,374.2,0.23915825310493385,,6,1,val,current_repo_v1
9356,374.24,0.29427392008614894,,6,1,val,current_repo_v1
9357,374.28,0.516733756031695,,6,1,val,current_repo_v1
9358,374.32,1.1220998385750922,,6,1,val,current_repo_v1
9359,374.36,0.7801150669855976,,6,1,val,current_repo_v1
9360,374.4,0.6172482914037846,,6,1,val,current_repo_v1
9361,374.44,0.7675698368811915,,6,1,val,current_repo_v1
9362,374.48,0.8562423717948495,,6,1,val,current_repo_v1
9363,374.52,1.2299224249144616,,6,1,val,current_repo_v1
9364,374.56,1.1319869315737172,,6,1,val,current_repo_v1
9365,374.6,0.7219099269187946,,6,1,val,current_repo_v1
9366,374.64,0.9803850476222609,,6,1,val,current_repo_v1
9367,374.68,1.2390150889332634,,6,1,val,current_repo_v1
9368,374.72,0.9822925815150567,,6,1,val,current_repo_v1
9369,374.76,0.7697723947059865,,6,1,val,current_repo_v1
9370,374.8,0.6149851427172184,,6,1,val,current_repo_v1
9371,374.84,0.6460712460882895,,6,1,val,current_repo_v1
9372,374.88,0.7761372177803223,,6,1,val,current_repo_v1
9373,374.92,0.4120480511272787,,6,1,val,current_repo_v1
9374,374.96,0.154895564241096,,6,1,val,current_repo_v1
9375,375.0,0.030268057172451956,,6,1,val,current_repo_v1
9376,375.04,0.227620806943671,,6,1,val,current_repo_v1
9377,375.08,0.4808535311568159,,6,1,val,current_repo_v1
9378,375.12,0.31270742022406095,,6,1,val,current_repo_v1
9379,375.16,0.40453721903248707,,6,1,val,current_repo_v1
9380,375.2,0.22563129104100457,,6,1,val,current_repo_v1
9381,375.24,0.046852022993919,,6,1,val,current_repo_v1
9382,375.28,0.061826417963555744,,6,1,val,current_repo_v1
9383,375.32,0.25661551689535483,,6,1,val,current_repo_v1
9384,375.36,0.6719638569596535,,6,1,val,current_repo_v1
9385,375.4,0.39256440213828003,,6,1,val,current_repo_v1
9386,375.44,0.39473137761428523,,6,1,val,current_repo_v1
9387,375.48,0.10689701049140163,,6,1,val,current_repo_v1
9388,375.52,0.32717110588061793,,6,1,val,current_repo_v1
9389,375.56,-0.3718129363228999,,6,1,val,current_repo_v1
9390,375.6,-0.5115743850218833,,6,1,val,current_repo_v1
9391,375.64,-0.7504903790267967,,6,1,val,current_repo_v1
9392,375.68,-0.7769619769733855,,6,1,val,current_repo_v1
9393,375.72,-1.0005207614135687,,6,1,val,current_repo_v1
9394,375.76,-1.1821377304722296,,6,1,val,current_repo_v1
9395,375.8,-1.4842729844408094,,6,1,val,current_repo_v1
9396,375.84,-1.1071277044585066,,6,1,val,current_repo_v1
9397,375.88,-1.3249094180529464,,6,1,val,current_repo_v1
9398,375.92,-1.5263860681365458,,6,1,val,current_repo_v1
9399,375.96,-1.5279676913664282,,6,1,val,current_repo_v1
9400,376.0,-1.2103661155866339,,6,1,val,current_repo_v1
9401,376.04,-0.23208738301389797,,6,1,val,current_repo_v1
9402,376.08,-0.4208320565310653,,6,1,val,current_repo_v1
9403,376.12,-0.4057505666915129,,6,1,val,current_repo_v1
9404,376.16,-0.5490869805820549,,6,1,val,current_repo_v1
9405,376.2,-0.785149951948177,,6,1,val,current_repo_v1
9406,376.24,-1.1696465521469235,,6,1,val,current_repo_v1
9407,376.28,-0.4236067840895771,,6,1,val,current_repo_v1
9408,376.32,-0.115254349446491,,6,1,val,current_repo_v1
9409,376.36,0.2848939886004311,,6,1,val,current_repo_v1
9410,376.4,0.4025352162645073,,6,1,val,current_repo_v1
9411,376.44,0.18824474673402386,,6,1,val,current_repo_v1
9412,376.48,-0.40133592067675333,,6,1,val,current_repo_v1
9413,376.52,-0.2002687284718964,,6,1,val,current_repo_v1
9414,376.56,-0.31022896876231515,,6,1,val,current_repo_v1
9415,376.6,-0.45855358969551874,,6,1,val,current_repo_v1
9416,376.64,-0.7790214401912194,,6,1,val,current_repo_v1
9417,376.68,-1.2102979421715527,,6,1,val,current_repo_v1
9418,376.72,-1.5135235533931752,,6,1,val,current_repo_v1
9419,376.76,-1.5971125080477673,,6,1,val,current_repo_v1
9420,376.8,-1.4803548217560845,,6,1,val,current_repo_v1
9421,376.84,-1.7284136707175357,,6,1,val,current_repo_v1
9422,376.88,-1.4043470291173525,,6,1,val,current_repo_v1
9423,376.92,-0.7259171324313805,,6,1,val,current_repo_v1
9424,376.96,-0.651488110869451,,6,1,val,current_repo_v1
9425,377.0,-0.8537151554719079,,6,1,val,current_repo_v1
9426,377.04,-0.8137403518096041,,6,1,val,current_repo_v1
9427,377.08,-1.1068672541870128,,6,1,val,current_repo_v1
9428,377.12,-1.3947437601325348,,6,1,val,current_repo_v1
9429,377.16,-1.6492050666760347,,6,1,val,current_repo_v1
9430,377.2,-1.59205181457805,,6,1,val,current_repo_v1
9431,377.24,-1.4251037470682824,,6,1,val,current_repo_v1
9432,377.28,-0.9646056846193471,,6,1,val,current_repo_v1
9433,377.32,-0.6205535194351623,,6,1,val,current_repo_v1
9434,377.36,-0.5376558988612605,,6,1,val,current_repo_v1
9435,377.4,-0.9715919988062696,,6,1,val,current_repo_v1
9436,377.44,-1.1360425541239525,,6,1,val,current_repo_v1
9437,377.48,-1.306814524137389,,6,1,val,current_repo_v1
9438,377.52,-0.9779774825992575,,6,1,val,current_repo_v1
9439,377.56,-1.1421739875986994,,6,1,val,current_repo_v1
9440,377.6,-0.732132043557247,,6,1,val,current_repo_v1
9441,377.64,-0.17520414633493112,,6,1,val,current_repo_v1
9442,377.68,0.18250468431361022,,6,1,val,current_repo_v1
9443,377.72,0.31989081123233537,,6,1,val,current_repo_v1
9444,377.76,0.585565809780172,,6,1,val,current_repo_v1
9445,377.8,0.45740458939256445,,6,1,val,current_repo_v1
9446,377.84,0.35677026359111813,,6,1,val,current_repo_v1
9447,377.88,0.8531255945608746,,6,1,val,current_repo_v1
9448,377.92,0.8722915067402985,,6,1,val,current_repo_v1
9449,377.96,1.2381741907276504,,6,1,val,current_repo_v1
9450,378.0,0.7053156829115336,,6,1,val,current_repo_v1
9451,378.04,-0.19229296064272225,,6,1,val,current_repo_v1
9452,378.08,-0.42120346251383906,,6,1,val,current_repo_v1
9453,378.12,-0.8136621610763887,,6,1,val,current_repo_v1
9454,378.16,-0.49488101130391743,,6,1,val,current_repo_v1
9455,378.2,-1.225803081090538,,6,1,val,current_repo_v1
9456,378.24,-1.5490015551190757,,6,1,val,current_repo_v1
9457,378.28,-1.81097724155754,,6,1,val,current_repo_v1
9458,378.32,-1.7917631905993034,,6,1,val,current_repo_v1
9459,378.36,-2.2979697191777033,,6,1,val,current_repo_v1
9460,378.4,-1.8508642545567493,,6,1,val,current_repo_v1
9461,378.44,-1.4421151010723052,,6,1,val,current_repo_v1
9462,378.48,-1.2688093756532561,,6,1,val,current_repo_v1
9463,378.52,-1.0465540251705987,,6,1,val,current_repo_v1
9464,378.56,-0.7663962106711568,,6,1,val,current_repo_v1
9465,378.6,-0.6529873694835621,,6,1,val,current_repo_v1
9466,378.64,0.09361627271592103,,6,1,val,current_repo_v1
9467,378.68,0.0041119351823864945,,6,1,val,current_repo_v1
9468,378.72,0.4203827380739132,,6,1,val,current_repo_v1
9469,378.76,0.004459671772832269,,6,1,val,current_repo_v1
9470,378.8,-0.40743445004401707,,6,1,val,current_repo_v1
9471,378.84,-0.07752552937874192,,6,1,val,current_repo_v1
9472,378.88,0.7883835978937197,,6,1,val,current_repo_v1
9473,378.92,0.8486852096036863,,6,1,val,current_repo_v1
9474,378.96,0.05120858247644104,,6,1,val,current_repo_v1
9475,379.0,-0.6504947268211259,,6,1,val,current_repo_v1
9476,379.04,-0.34747001847986503,,6,1,val,current_repo_v1
9477,379.08,0.037969531352988375,,6,1,val,current_repo_v1
9478,379.12,0.7941398688913924,,6,1,val,current_repo_v1
9479,379.16,1.3610672061177989,,6,1,val,current_repo_v1
9480,379.2,1.316748364620641,,6,1,val,current_repo_v1
9481,379.24,0.9357910776999542,,6,1,val,current_repo_v1
9482,379.28,0.8896573625027434,,6,1,val,current_repo_v1
9483,379.32,0.5976896864405512,,6,1,val,current_repo_v1
9484,379.36,0.24858134949275154,,6,1,val,current_repo_v1
9485,379.4,-0.03208222652982361,,6,1,val,current_repo_v1
9486,379.44,-0.4130398699696454,,6,1,val,current_repo_v1
9487,379.48,-0.25727681641281924,,6,1,val,current_repo_v1
9488,379.52,0.7171311792157344,,6,1,val,current_repo_v1
9489,379.56,1.7236668532160286,,6,1,val,current_repo_v1
9490,379.6,1.4989870334860163,,6,1,val,current_repo_v1
9491,379.64,0.7577114045427842,,6,1,val,current_repo_v1
9492,379.68,-0.19745334034081838,,6,1,val,current_repo_v1
9493,379.72,0.14088891872441975,,6,1,val,current_repo_v1
9494,379.76,0.6729022153229489,,6,1,val,current_repo_v1
9495,379.8,0.7407121547981736,,6,1,val,current_repo_v1
9496,379.84,0.9607259912188467,,6,1,val,current_repo_v1
9497,379.88,1.2377440025655464,,6,1,val,current_repo_v1
9498,379.92,0.4095346781814811,,6,1,val,current_repo_v1
9499,379.96,0.2755876913594718,,6,1,val,current_repo_v1
9500,380.0,0.19032292285865043,,6,1,val,current_repo_v1
9501,380.04,0.28905489733814116,,6,1,val,current_repo_v1
9502,380.08,0.29951022966440943,,6,1,val,current_repo_v1
9503,380.12,-0.15662515160758825,,6,1,val,current_repo_v1
9504,380.16,-0.22799715202080262,,6,1,val,current_repo_v1
9505,380.2,-0.28770628110194674,,6,1,val,current_repo_v1
9506,380.24,-0.3854738800168764,,6,1,val,current_repo_v1
9507,380.28,0.048380846609468245,,6,1,val,current_repo_v1
9508,380.32,0.1281019686464899,,6,1,val,current_repo_v1
9509,380.36,0.07474027146236498,,6,1,val,current_repo_v1
9510,380.4,0.06893594864176644,,6,1,val,current_repo_v1
9511,380.44,0.17878116368541308,,6,1,val,current_repo_v1
9512,380.48,0.7033023410959433,,6,1,val,current_repo_v1
9513,380.52,0.7464874865261854,,6,1,val,current_repo_v1
9514,380.56,0.6853631329997242,,6,1,val,current_repo_v1
9515,380.6,0.8375917949816715,,6,1,val,current_repo_v1
9516,380.64,1.3550479109543896,,6,1,val,current_repo_v1
9517,380.68,1.5092984712111668,,6,1,val,current_repo_v1
9518,380.72,0.3211701410181004,,6,1,val,current_repo_v1
9519,380.76,0.24275620943290502,,6,1,val,current_repo_v1
9520,380.8,0.9449855844531223,,6,1,val,current_repo_v1
9521,380.84,1.1755103006204128,,6,1,val,current_repo_v1
9522,380.88,1.0365861675445154,,6,1,val,current_repo_v1
9523,380.92,0.5034759746102724,,6,1,val,current_repo_v1
9524,380.96,0.6600877697936816,,6,1,val,current_repo_v1
9525,381.0,1.1444714316869338,,6,1,val,current_repo_v1
9526,381.04,1.6095779474306449,,6,1,val,current_repo_v1
9527,381.08,1.560874859696677,,6,1,val,current_repo_v1
9528,381.12,1.0659289793013687,,6,1,val,current_repo_v1
9529,381.16,0.9565486304273951,,6,1,val,current_repo_v1
9530,381.2,1.3951644874941782,,6,1,val,current_repo_v1
9531,381.24,1.1415188271668277,,6,1,val,current_repo_v1
9532,381.28,1.1743009877145245,,6,1,val,current_repo_v1
9533,381.32,1.5951505049876158,,6,1,val,current_repo_v1
9534,381.36,1.7172090221254035,,6,1,val,current_repo_v1
9535,381.4,1.465308253400584,,6,1,val,current_repo_v1
9536,381.44,0.8642127483590555,,6,1,val,current_repo_v1
9537,381.48,0.6849872748755574,,6,1,val,current_repo_v1
9538,381.52,0.6221043254988399,,6,1,val,current_repo_v1
9539,381.56,0.5536008954369377,,6,1,val,current_repo_v1
9540,381.6,0.6182964228783024,,6,1,val,current_repo_v1
9541,381.64,0.24627027072150082,,6,1,val,current_repo_v1
9542,381.68,0.3633510850877263,,6,1,val,current_repo_v1
9543,381.72,0.04126103774546343,,6,1,val,current_repo_v1
9544,381.76,-0.10045677927222096,,6,1,val,current_repo_v1
9545,381.8,0.045778743877001246,,6,1,val,current_repo_v1
9546,381.84,-0.14840783771666363,,6,1,val,current_repo_v1
9547,381.88,-0.06214019828029082,,6,1,val,current_repo_v1
9548,381.92,0.8705151718891793,,6,1,val,current_repo_v1
9549,381.96,1.0219586569976358,,6,1,val,current_repo_v1
