frame_idx,timestamp_s,y_pred,y_true,subject_id,story_id,split,manifest_id
0,0.0,0.5974359527654836,,4,1,val,current_repo_v1
1,0.04,0.5974359527654836,,4,1,val,current_repo_v1
2,0.08,0.5974359527654836,,4,1,val,current_repo_v1
3,0.12,0.5974359527654836,,4,1,val,current_repo_v1
4,0.16,0.01078759558032766,,4,1,val,current_repo_v1
5,0.2,0.1759692349477741,,4,1,val,current_repo_v1
6,0.24,1.1786058222515048,,4,1,val,current_repo_v1
7,0.28,1.2680775499081232,,4,1,val,current_repo_v1
8,0.32,1.630666902178541,,4,1,val,current_repo_v1
9,0.36,1.9086360800142548,,4,1,val,current_repo_v1
10,0.4,1.5823702564525322,,4,1,val,current_repo_v1
11,0.44,1.9722737745425187,,4,1,val,current_repo_v1
12,0.48,2.0366340270811953,,4,1,val,current_repo_v1
13,0.52,1.774649248608152,,4,1,val,current_repo_v1
14,0.56,1.7541747042415783,,4,1,val,current_repo_v1
15,0.6,0.7531906195120899,,4,1,val,current_repo_v1
16,0.64,0.5105290993053391,,4,1,val,current_repo_v1
17,0.68,0.648996966212531,,4,1,val,current_repo_v1
18,0.72,0.6324201907413598,,4,1,val,current_repo_v1
19,0.76,0.5272551801736904,,4,1,val,current_repo_v1
20,0.8,0.5741529680633752,,4,1,val,current_repo_v1
21,0.84,0.6778400425575297,,4,1,val,current_repo_v1
22,0.88,1.3933726235019228,,4,1,val,current_repo_v1
23,0.92,1.2729748444633153,,4,1,val,current_repo_v1
24,0.96,1.2755318366786312,,4,1,val,current_repo_v1
25,1.0,1.6441484494915541,,4,1,val,current_repo_v1
26,1.04,1.9987676974704396,,4,1,val,current_repo_v1
27,1.08,1.8106551722400241,,4,1,val,current_repo_v1
28,1.12,1.9322212934692875,,4,1,val,current_repo_v1
29,1.16,2.063420100163183,,4,1,val,current_repo_v1
30,1.2,1.8043437727374159,,4,1,val,current_repo_v1
31,1.24,1.9069444259598347,,4,1,val,current_repo_v1
32,1.28,2.00561029081797,,4,1,val,current_repo_v1
33,1.32,1.8911203796892457,,4,1,val,current_repo_v1
34,1.36,1.9688993821172835,,4,1,val,current_repo_v1
35,1.4,1.805319587847329,,4,1,val,current_repo_v1
36,1.44,2.0180070966257238,,4,1,val,current_repo_v1
37,1.48,1.676990080720532,,4,1,val,current_repo_v1
38,1.52,1.853948827335641,,4,1,val,current_repo_v1
39,1.56,1.727838420936816,,4,1,val,current_repo_v1
40,1.6,1.462769203574905,,4,1,val,current_repo_v1
41,1.64,1.2505530631123152,,4,1,val,current_repo_v1
42,1.68,1.5750086152638312,,4,1,val,current_repo_v1
43,1.72,1.5298677338955295,,4,1,val,current_repo_v1
44,1.76,1.0214358876422294,,4,1,val,current_repo_v1
45,1.8,0.33931005013327653,,4,1,val,current_repo_v1
46,1.84,0.9800421130376884,,4,1,val,current_repo_v1
47,1.88,1.580278301125534,,4,1,val,current_repo_v1
48,1.92,1.5803020762818136,,4,1,val,current_repo_v1
49,1.96,1.0101270536598816,,4,1,val,current_repo_v1
50,2.0,1.0526481453892154,,4,1,val,current_repo_v1
51,2.04,1.4328379615852913,,4,1,val,current_repo_v1
52,2.08,1.1342607625545424,,4,1,val,current_repo_v1
53,2.12,1.5688087264126869,,4,1,val,current_repo_v1
54,2.16,1.7434517211210347,,4,1,val,current_repo_v1
55,2.2,1.7694013997106408,,4,1,val,current_repo_v1
56,2.24,2.6471690572543234,,4,1,val,current_repo_v1
57,2.28,3.1602105703569543,,4,1,val,current_repo_v1
58,2.32,3.212523150089331,,4,1,val,current_repo_v1
59,2.36,1.6918729409131805,,4,1,val,current_repo_v1
60,2.4,1.0925449250313761,,4,1,val,current_repo_v1
61,2.44,0.8975201607510676,,4,1,val,current_repo_v1
62,2.48,2.5562391630834878,,4,1,val,current_repo_v1
63,2.52,4.61863680231384,,4,1,val,current_repo_v1
64,2.56,4.583309504338384,,4,1,val,current_repo_v1
65,2.6,4.094388662558303,,4,1,val,current_repo_v1
66,2.64,4.152882782923391,,4,1,val,current_repo_v1
67,2.68,4.937761938584895,,4,1,val,current_repo_v1
68,2.72,4.8054929914328035,,4,1,val,current_repo_v1
69,2.76,3.7748880338733954,,4,1,val,current_repo_v1
70,2.8,3.2568134235566055,,4,1,val,current_repo_v1
71,2.84,2.156205361013473,,4,1,val,current_repo_v1
72,2.88,1.5723782301747822,,4,1,val,current_repo_v1
73,2.92,1.441632572791065,,4,1,val,current_repo_v1
74,2.96,1.7151671671293993,,4,1,val,current_repo_v1
75,3.0,1.3240087342688254,,4,1,val,current_repo_v1
76,3.04,1.188985228521246,,4,1,val,current_repo_v1
77,3.08,1.7362080512240912,,4,1,val,current_repo_v1
78,3.12,0.8806586002557638,,4,1,val,current_repo_v1
79,3.16,0.8656407772873864,,4,1,val,current_repo_v1
80,3.2,0.7908781832059274,,4,1,val,current_repo_v1
81,3.24,0.7937263564792664,,4,1,val,current_repo_v1
82,3.28,0.42385327834208597,,4,1,val,current_repo_v1
83,3.32,-0.01483288108312893,,4,1,val,current_repo_v1
84,3.36,0.473558020620038,,4,1,val,current_repo_v1
85,3.4,0.7318990625740147,,4,1,val,current_repo_v1
86,3.44,1.1273557594217778,,4,1,val,current_repo_v1
87,3.48,0.7601153922041521,,4,1,val,current_repo_v1
88,3.52,1.6828363141220164,,4,1,val,current_repo_v1
89,3.56,1.8996265879123229,,4,1,val,current_repo_v1
90,3.6,2.072296244649459,,4,1,val,current_repo_v1
91,3.64,1.5746663305410877,,4,1,val,current_repo_v1
92,3.68,1.5053091603738953,,4,1,val,current_repo_v1
93,3.72,1.1682158205316822,,4,1,val,current_repo_v1
94,3.76,0.7375907574596814,,4,1,val,current_repo_v1
95,3.8,0.9915396623230059,,4,1,val,current_repo_v1
96,3.84,0.8692870980625703,,4,1,val,current_repo_v1
97,3.88,0.9360983883157511,,4,1,val,current_repo_v1
98,3.92,1.11883081534185,,4,1,val,current_repo_v1
99,3.96,0.9940836686513322,,4,1,val,current_repo_v1
100,4.0,0.9666242676379679,,4,1,val,current_repo_v1
101,4.04,1.089963640808557,,4,1,val,current_repo_v1
102,4.08,0.21087859410265,,4,1,val,current_repo_v1
103,4.12,0.21039567739232018,,4,1,val,current_repo_v1
104,4.16,0.9552799001340067,,4,1,val,current_repo_v1
105,4.2,0.8074627114454507,,4,1,val,current_repo_v1
106,4.24,0.6769366512253057,,4,1,val,current_repo_v1
107,4.28,0.7279101340440727,,4,1,val,current_repo_v1
108,4.32,0.6010292316838587,,4,1,val,current_repo_v1
109,4.36,0.6458273760845962,,4,1,val,current_repo_v1
110,4.4,0.4615526650076604,,4,1,val,current_repo_v1
111,4.44,0.10628791022966155,,4,1,val,current_repo_v1
112,4.48,0.49425894582249186,,4,1,val,current_repo_v1
113,4.52,0.045840831175587154,,4,1,val,current_repo_v1
114,4.56,0.10537192064886536,,4,1,val,current_repo_v1
115,4.6,0.25078275502634584,,4,1,val,current_repo_v1
116,4.64,0.21673660202106917,,4,1,val,current_repo_v1
117,4.68,0.13668624843668656,,4,1,val,current_repo_v1
118,4.72,-0.3356008350248366,,4,1,val,current_repo_v1
119,4.76,-0.1372528627420172,,4,1,val,current_repo_v1
120,4.8,-0.5019379659656054,,4,1,val,current_repo_v1
121,4.84,-0.07137346332055462,,4,1,val,current_repo_v1
122,4.88,0.458744935342558,,4,1,val,current_repo_v1
123,4.92,0.8788399300131758,,4,1,val,current_repo_v1
124,4.96,1.1845552966848776,,4,1,val,current_repo_v1
125,5.0,1.3631533661680302,,4,1,val,current_repo_v1
126,5.04,0.9715349357185673,,4,1,val,current_repo_v1
127,5.08,1.0333272775598317,,4,1,val,current_repo_v1
128,5.12,1.0558710357995709,,4,1,val,current_repo_v1
129,5.16,1.019324421181545,,4,1,val,current_repo_v1
130,5.2,1.4190274384685388,,4,1,val,current_repo_v1
131,5.24,0.9569572761733782,,4,1,val,current_repo_v1
132,5.28,0.975662897227623,,4,1,val,current_repo_v1
133,5.32,0.632390730221622,,4,1,val,current_repo_v1
134,5.36,0.48005077029568155,,4,1,val,current_repo_v1
135,5.4,0.8168396201608673,,4,1,val,current_repo_v1
136,5.44,1.5910178234852286,,4,1,val,current_repo_v1
137,5.48,1.9888879571209888,,4,1,val,current_repo_v1
138,5.52,1.7279154317691132,,4,1,val,current_repo_v1
139,5.56,1.5350384427479378,,4,1,val,current_repo_v1
140,5.6,1.3974565234441776,,4,1,val,current_repo_v1
141,5.64,1.0846124216663515,,4,1,val,current_repo_v1
142,5.68,0.4228021967727551,,4,1,val,current_repo_v1
143,5.72,0.15377553035073135,,4,1,val,current_repo_v1
144,5.76,-0.2474200240568402,,4,1,val,current_repo_v1
145,5.8,0.45318038585786513,,4,1,val,current_repo_v1
146,5.84,1.0991781936334009,,4,1,val,current_repo_v1
147,5.88,1.2003003939310812,,4,1,val,current_repo_v1
148,5.92,0.7300568756007588,,4,1,val,current_repo_v1
149,5.96,0.9514532628882344,,4,1,val,current_repo_v1
150,6.0,1.2519475277132395,,4,1,val,current_repo_v1
151,6.04,0.4471947318388494,,4,1,val,current_repo_v1
152,6.08,-0.04098594264812084,,4,1,val,current_repo_v1
153,6.12,-0.11261613162443368,,4,1,val,current_repo_v1
154,6.16,0.18692472036087587,,4,1,val,current_repo_v1
155,6.2,0.6494298937185908,,4,1,val,current_repo_v1
156,6.24,1.2355610180987084,,4,1,val,current_repo_v1
157,6.28,1.4454694178485008,,4,1,val,current_repo_v1
158,6.32,1.1470125159400149,,4,1,val,current_repo_v1
159,6.36,1.2385858898840716,,4,1,val,current_repo_v1
160,6.4,1.850174779701857,,4,1,val,current_repo_v1
161,6.44,1.094077518121773,,4,1,val,current_repo_v1
162,6.48,0.27200248579595926,,4,1,val,current_repo_v1
163,6.52,0.015691027743798398,,4,1,val,current_repo_v1
164,6.56,-0.19164893436260808,,4,1,val,current_repo_v1
165,6.6,0.5354771525270601,,4,1,val,current_repo_v1
166,6.64,0.797226279145402,,4,1,val,current_repo_v1
167,6.68,0.6169858502932678,,4,1,val,current_repo_v1
168,6.72,0.36626442289490696,,4,1,val,current_repo_v1
169,6.76,-0.021060098442714344,,4,1,val,current_repo_v1
170,6.8,-0.05297085033396988,,4,1,val,current_repo_v1
171,6.84,0.0923100888325119,,4,1,val,current_repo_v1
172,6.88,0.22623367864594282,,4,1,val,current_repo_v1
173,6.92,-0.028627769450371363,,4,1,val,current_repo_v1
174,6.96,-0.13779810847957746,,4,1,val,current_repo_v1
175,7.0,-0.14893660768059008,,4,1,val,current_repo_v1
176,7.04,-0.35380850222846866,,4,1,val,current_repo_v1
177,7.08,0.0373799766473696,,4,1,val,current_repo_v1
178,7.12,-0.03753411944896941,,4,1,val,current_repo_v1
179,7.16,-0.10543240839361219,,4,1,val,current_repo_v1
180,7.2,-0.005003856255243616,,4,1,val,current_repo_v1
181,7.24,0.4527770157811476,,4,1,val,current_repo_v1
182,7.28,0.03803217828498685,,4,1,val,current_repo_v1
183,7.32,0.0380670980457726,,4,1,val,current_repo_v1
184,7.36,0.46054570961153335,,4,1,val,current_repo_v1
185,7.4,0.2846618520252363,,4,1,val,current_repo_v1
186,7.44,0.11552181267218414,,4,1,val,current_repo_v1
187,7.48,0.41678708223400157,,4,1,val,current_repo_v1
188,7.52,0.9135952028970544,,4,1,val,current_repo_v1
189,7.56,1.068400220126936,,4,1,val,current_repo_v1
190,7.6,1.1323327782781902,,4,1,val,current_repo_v1
191,7.64,0.913202008328799,,4,1,val,current_repo_v1
192,7.68,0.8814800060626649,,4,1,val,current_repo_v1
193,7.72,0.703371459294542,,4,1,val,current_repo_v1
194,7.76,0.5995580792826518,,4,1,val,current_repo_v1
195,7.8,1.04670235352081,,4,1,val,current_repo_v1
196,7.84,1.2144566905163356,,4,1,val,current_repo_v1
197,7.88,1.032911793782564,,4,1,val,current_repo_v1
198,7.92,1.2815881701024567,,4,1,val,current_repo_v1
199,7.96,1.386610529732448,,4,1,val,current_repo_v1
200,8.0,1.420345925939613,,4,1,val,current_repo_v1
201,8.04,1.1196904681392879,,4,1,val,current_repo_v1
202,8.08,1.313871731222892,,4,1,val,current_repo_v1
203,8.12,0.8883836524609677,,4,1,val,current_repo_v1
204,8.16,0.46485815470416664,,4,1,val,current_repo_v1
205,8.2,0.7348841368151705,,4,1,val,current_repo_v1
206,8.24,0.25707444957605924,,4,1,val,current_repo_v1
207,8.28,0.279806325509541,,4,1,val,current_repo_v1
208,8.32,0.5414579287626543,,4,1,val,current_repo_v1
209,8.36,0.15971570146208167,,4,1,val,current_repo_v1
210,8.4,0.1374941838085759,,4,1,val,current_repo_v1
211,8.44,-0.042795923329514235,,4,1,val,current_repo_v1
212,8.48,0.10590795997400755,,4,1,val,current_repo_v1
213,8.52,0.41696836780063395,,4,1,val,current_repo_v1
214,8.56,0.2387829232614191,,4,1,val,current_repo_v1
215,8.6,0.08108714906286474,,4,1,val,current_repo_v1
216,8.64,0.266907414889786,,4,1,val,current_repo_v1
217,8.68,-0.1171161210289836,,4,1,val,current_repo_v1
218,8.72,0.0646100895367217,,4,1,val,current_repo_v1
219,8.76,0.21556945504886763,,4,1,val,current_repo_v1
220,8.8,-0.05210709502994571,,4,1,val,current_repo_v1
221,8.84,-0.07902454119439925,,4,1,val,current_repo_v1
222,8.88,-0.04767777695440507,,4,1,val,current_repo_v1
223,8.92,-0.30651209283268194,,4,1,val,current_repo_v1
224,8.96,-0.46108155511746673,,4,1,val,current_repo_v1
225,9.0,0.06959657726906408,,4,1,val,current_repo_v1
226,9.04,0.7601134540120641,,4,1,val,current_repo_v1
227,9.08,0.8960276882368926,,4,1,val,current_repo_v1
228,9.12,0.8459995263058537,,4,1,val,current_repo_v1
229,9.16,0.5911916147091206,,4,1,val,current_repo_v1
230,9.2,0.5281330519767556,,4,1,val,current_repo_v1
231,9.24,0.356068304990289,,4,1,val,current_repo_v1
232,9.28,0.6801264631573588,,4,1,val,current_repo_v1
233,9.32,0.22042388325571305,,4,1,val,current_repo_v1
234,9.36,0.17603863837612582,,4,1,val,current_repo_v1
235,9.4,0.34629765255219197,,4,1,val,current_repo_v1
236,9.44,0.6643724502275502,,4,1,val,current_repo_v1
237,9.48,0.06218085648320731,,4,1,val,current_repo_v1
238,9.52,0.3056570270898524,,4,1,val,current_repo_v1
239,9.56,0.21071803103975864,,4,1,val,current_repo_v1
240,9.6,0.29567058926595624,,4,1,val,current_repo_v1
241,9.64,0.7585558582437318,,4,1,val,current_repo_v1
242,9.68,0.5897333189820977,,4,1,val,current_repo_v1
243,9.72,0.2756991026558271,,4,1,val,current_repo_v1
244,9.76,0.4707311674596672,,4,1,val,current_repo_v1
245,9.8,0.14951176618270873,,4,1,val,current_repo_v1
246,9.84,-0.06896635796004508,,4,1,val,current_repo_v1
247,9.88,0.2492529400112751,,4,1,val,current_repo_v1
248,9.92,0.5372384522838428,,4,1,val,current_repo_v1
249,9.96,0.19093920072317824,,4,1,val,current_repo_v1
250,10.0,0.35066333332084276,,4,1,val,current_repo_v1
251,10.04,0.5840545453770177,,4,1,val,current_repo_v1
252,10.08,0.44249487445102326,,4,1,val,current_repo_v1
253,10.12,0.337685263705893,,4,1,val,current_repo_v1
254,10.16,-0.14166186210383516,,4,1,val,current_repo_v1
255,10.2,0.13910037974351516,,4,1,val,current_repo_v1
256,10.24,-0.046304632466448926,,4,1,val,current_repo_v1
257,10.28,0.008719221590400315,,4,1,val,current_repo_v1
258,10.32,0.21608284982978151,,4,1,val,current_repo_v1
259,10.36,-0.31320589763425566,,4,1,val,current_repo_v1
260,10.4,-0.6690593217283867,,4,1,val,current_repo_v1
261,10.44,-0.18200889991964256,,4,1,val,current_repo_v1
262,10.48,-0.3545125828076418,,4,1,val,current_repo_v1
263,10.52,-0.39314604884683385,,4,1,val,current_repo_v1
264,10.56,-0.3712323968549086,,4,1,val,current_repo_v1
265,10.6,-0.7033425802324306,,4,1,val,current_repo_v1
266,10.64,-0.7883674491751119,,4,1,val,current_repo_v1
267,10.68,-1.0331587194545773,,4,1,val,current_repo_v1
268,10.72,-0.4476533080868739,,4,1,val,current_repo_v1
269,10.76,-0.808802519029493,,4,1,val,current_repo_v1
270,10.8,-0.5201031867625099,,4,1,val,current_repo_v1
271,10.84,0.4803205666343333,,4,1,val,current_repo_v1
272,10.88,0.9695458337850398,,4,1,val,current_repo_v1
273,10.92,1.831723320236754,,4,1,val,current_repo_v1
274,10.96,2.2211769193367092,,4,1,val,current_repo_v1
275,11.0,2.16364310854483,,4,1,val,current_repo_v1
276,11.04,2.5453152540498203,,4,1,val,current_repo_v1
277,11.08,2.5735978698493676,,4,1,val,current_repo_v1
278,11.12,2.827503876061144,,4,1,val,current_repo_v1
279,11.16,2.8254124375853693,,4,1,val,current_repo_v1
280,11.2,2.834105358312925,,4,1,val,current_repo_v1
281,11.24,2.717934517792668,,4,1,val,current_repo_v1
282,11.28,2.5018917400843064,,4,1,val,current_repo_v1
283,11.32,2.51316504054504,,4,1,val,current_repo_v1
284,11.36,2.410175198351348,,4,1,val,current_repo_v1
285,11.4,1.8536693400365492,,4,1,val,current_repo_v1
286,11.44,1.4283956253195593,,4,1,val,current_repo_v1
287,11.48,0.04620750481543824,,4,1,val,current_repo_v1
288,11.52,-0.4352179322565686,,4,1,val,current_repo_v1
289,11.56,-0.802749674351426,,4,1,val,current_repo_v1
290,11.6,-0.7431602816374002,,4,1,val,current_repo_v1
291,11.64,0.24537810638891427,,4,1,val,current_repo_v1
292,11.68,-0.10467601277966335,,4,1,val,current_repo_v1
293,11.72,-0.03160357267270616,,4,1,val,current_repo_v1
294,11.76,0.6619224462154926,,4,1,val,current_repo_v1
295,11.8,1.0550403912770503,,4,1,val,current_repo_v1
296,11.84,1.8308812403809143,,4,1,val,current_repo_v1
297,11.88,2.168876485608084,,4,1,val,current_repo_v1
298,11.92,2.364158641797681,,4,1,val,current_repo_v1
299,11.96,2.247683892758023,,4,1,val,current_repo_v1
300,12.0,2.349129900347208,,4,1,val,current_repo_v1
301,12.04,2.782003653879724,,4,1,val,current_repo_v1
302,12.08,2.7264863381362163,,4,1,val,current_repo_v1
303,12.12,2.367770656572907,,4,1,val,current_repo_v1
304,12.16,2.148505569911816,,4,1,val,current_repo_v1
305,12.2,1.7852842378078997,,4,1,val,current_repo_v1
306,12.24,1.7960525746233027,,4,1,val,current_repo_v1
307,12.28,2.18393391230146,,4,1,val,current_repo_v1
308,12.32,2.041847246946734,,4,1,val,current_repo_v1
309,12.36,1.3323899937086285,,4,1,val,current_repo_v1
310,12.4,1.3933447135358554,,4,1,val,current_repo_v1
311,12.44,0.040487867660502656,,4,1,val,current_repo_v1
312,12.48,-0.8629989568650183,,4,1,val,current_repo_v1
313,12.52,-0.3628250041251188,,4,1,val,current_repo_v1
314,12.56,0.2056916528915048,,4,1,val,current_repo_v1
315,12.6,-0.19869264744247156,,4,1,val,current_repo_v1
316,12.64,-0.6242381774482048,,4,1,val,current_repo_v1
317,12.68,-0.7269097685010448,,4,1,val,current_repo_v1
318,12.72,-0.76673089404537,,4,1,val,current_repo_v1
319,12.76,-0.3583631244224995,,4,1,val,current_repo_v1
320,12.8,-0.5134562216030631,,4,1,val,current_repo_v1
321,12.84,-0.15400297719226,,4,1,val,current_repo_v1
322,12.88,0.5841294888044211,,4,1,val,current_repo_v1
323,12.92,0.6854656009022155,,4,1,val,current_repo_v1
324,12.96,0.3311107869305382,,4,1,val,current_repo_v1
325,13.0,0.34247650685066916,,4,1,val,current_repo_v1
326,13.04,0.5890739460337547,,4,1,val,current_repo_v1
327,13.08,1.2777234150789536,,4,1,val,current_repo_v1
328,13.12,0.7538577452287848,,4,1,val,current_repo_v1
329,13.16,1.247401562777202,,4,1,val,current_repo_v1
330,13.2,0.7624757225289376,,4,1,val,current_repo_v1
331,13.24,0.6396227063596347,,4,1,val,current_repo_v1
332,13.28,0.3684758677641313,,4,1,val,current_repo_v1
333,13.32,0.026899980227210383,,4,1,val,current_repo_v1
334,13.36,-0.026718521030870104,,4,1,val,current_repo_v1
335,13.4,-0.16053303706559785,,4,1,val,current_repo_v1
336,13.44,-0.06266061555559374,,4,1,val,current_repo_v1
337,13.48,0.26603729585507285,,4,1,val,current_repo_v1
338,13.52,0.6979064036703673,,4,1,val,current_repo_v1
339,13.56,0.2565715048808199,,4,1,val,current_repo_v1
340,13.6,0.7743108402695844,,4,1,val,current_repo_v1
341,13.64,0.45363718542980896,,4,1,val,current_repo_v1
342,13.68,0.0703877149761906,,4,1,val,current_repo_v1
343,13.72,0.1954225297515716,,4,1,val,current_repo_v1
344,13.76,0.05171109815896302,,4,1,val,current_repo_v1
345,13.8,0.6703085511355157,,4,1,val,current_repo_v1
346,13.84,0.7984235003981692,,4,1,val,current_repo_v1
347,13.88,0.27467043950831427,,4,1,val,current_repo_v1
348,13.92,0.525378848716484,,4,1,val,current_repo_v1
349,13.96,1.145969251745439,,4,1,val,current_repo_v1
350,14.0,0.8529578943274415,,4,1,val,current_repo_v1
351,14.04,0.45335346641132496,,4,1,val,current_repo_v1
352,14.08,0.3001446472755286,,4,1,val,current_repo_v1
353,14.12,0.4648222981505383,,4,1,val,current_repo_v1
354,14.16,0.5370441808302207,,4,1,val,current_repo_v1
355,14.2,0.40382112631960193,,4,1,val,current_repo_v1
356,14.24,-0.04593563299609222,,4,1,val,current_repo_v1
357,14.28,0.3834242711525563,,4,1,val,current_repo_v1
358,14.32,0.410300696289047,,4,1,val,current_repo_v1
359,14.36,0.49540955355554234,,4,1,val,current_repo_v1
360,14.4,1.0275887430320378,,4,1,val,current_repo_v1
361,14.44,0.6236194419273072,,4,1,val,current_repo_v1
362,14.48,0.3386506448817322,,4,1,val,current_repo_v1
363,14.52,0.2548530876239845,,4,1,val,current_repo_v1
364,14.56,0.15737827410713628,,4,1,val,current_repo_v1
365,14.6,0.8704415498765953,,4,1,val,current_repo_v1
366,14.64,0.8011745702478986,,4,1,val,current_repo_v1
367,14.68,0.26013201220130683,,4,1,val,current_repo_v1
368,14.72,-0.03893588457342524,,4,1,val,current_repo_v1
369,14.76,0.03271694692816582,,4,1,val,current_repo_v1
370,14.8,-0.2511527074411458,,4,1,val,current_repo_v1
371,14.84,0.04713050419095275,,4,1,val,current_repo_v1
372,14.88,0.09891945306545107,,4,1,val,current_repo_v1
373,14.92,0.3813042120402818,,4,1,val,current_repo_v1
374,14.96,0.7393636863689922,,4,1,val,current_repo_v1
375,15.0,0.40346979670044764,,4,1,val,current_repo_v1
376,15.04,0.33362717402161035,,4,1,val,current_repo_v1
377,15.08,0.6842032563952909,,4,1,val,current_repo_v1
378,15.12,0.626362306763864,,4,1,val,current_repo_v1
379,15.16,0.1509363373674002,,4,1,val,current_repo_v1
380,15.2,0.3825279542214534,,4,1,val,current_repo_v1
381,15.24,0.21811168470111333,,4,1,val,current_repo_v1
382,15.28,0.3650076991450376,,4,1,val,current_repo_v1
383,15.32,0.6066736346825777,,4,1,val,current_repo_v1
384,15.36,0.9300567205453918,,4,1,val,current_repo_v1
385,15.4,0.832785126468972,,4,1,val,current_repo_v1
386,15.44,1.2243832059015107,,4,1,val,current_repo_v1
387,15.48,1.086432513249804,,4,1,val,current_repo_v1
388,15.52,0.8741278620151952,,4,1,val,current_repo_v1
389,15.56,0.8875844712566759,,4,1,val,current_repo_v1
390,15.6,0.836498637903207,,4,1,val,current_repo_v1
391,15.64,1.1862286025208644,,4,1,val,current_repo_v1
392,15.68,1.2768733240291499,,4,1,val,current_repo_v1
393,15.72,1.5266859977638432,,4,1,val,current_repo_v1
394,15.76,1.406907018852536,,4,1,val,current_repo_v1
395,15.8,1.6059111499151524,,4,1,val,current_repo_v1
396,15.84,1.5995537506536552,,4,1,val,current_repo_v1
397,15.88,1.4613035427179475,,4,1,val,current_repo_v1
398,15.92,1.410529629077843,,4,1,val,current_repo_v1
399,15.96,1.2676105748277173,,4,1,val,current_repo_v1
400,16.0,1.2362948176232311,,4,1,val,current_repo_v1
401,16.04,1.0043682327215666,,4,1,val,current_repo_v1
402,16.08,0.6471654392957592,,4,1,val,current_repo_v1
403,16.12,0.4525981852578267,,4,1,val,current_repo_v1
404,16.16,-0.09612243191163498,,4,1,val,current_repo_v1
405,16.2,-0.02321368827811144,,4,1,val,current_repo_v1
406,16.24,-0.24347850047505087,,4,1,val,current_repo_v1
407,16.28,-0.21284676356162696,,4,1,val,current_repo_v1
408,16.32,-0.336102503743618,,4,1,val,current_repo_v1
409,16.36,-0.3610215163872203,,4,1,val,current_repo_v1
410,16.4,0.0445652746592626,,4,1,val,current_repo_v1
411,16.44,-0.31006008266260043,,4,1,val,current_repo_v1
412,16.48,-0.9537517002790092,,4,1,val,current_repo_v1
413,16.52,-0.7890332181573453,,4,1,val,current_repo_v1
414,16.56,-0.2427323126727656,,4,1,val,current_repo_v1
415,16.6,0.11172789856949794,,4,1,val,current_repo_v1
416,16.64,-0.0035223506779666703,,4,1,val,current_repo_v1
417,16.68,0.10949978524831665,,4,1,val,current_repo_v1
418,16.72,0.4577375277016104,,4,1,val,current_repo_v1
419,16.76,0.766183936238132,,4,1,val,current_repo_v1
420,16.8,0.8496329258004507,,4,1,val,current_repo_v1
421,16.84,0.4105300813226636,,4,1,val,current_repo_v1
422,16.88,0.06892657656743856,,4,1,val,current_repo_v1
423,16.92,-0.6175682124093136,,4,1,val,current_repo_v1
424,16.96,-0.9564658798726634,,4,1,val,current_repo_v1
425,17.0,-0.7458877701500587,,4,1,val,current_repo_v1
426,17.04,0.14880994682763826,,4,1,val,current_repo_v1
427,17.08,0.4693733346892064,,4,1,val,current_repo_v1
428,17.12,0.3116215548151087,,4,1,val,current_repo_v1
429,17.16,-0.034534331099545415,,4,1,val,current_repo_v1
430,17.2,-0.06033090866579896,,4,1,val,current_repo_v1
431,17.24,-0.09980260644195613,,4,1,val,current_repo_v1
432,17.28,-0.6009156536275009,,4,1,val,current_repo_v1
433,17.32,-0.6924326907881994,,4,1,val,current_repo_v1
434,17.36,-0.4598091966180874,,4,1,val,current_repo_v1
435,17.4,-0.06682729245160754,,4,1,val,current_repo_v1
436,17.44,0.05025569356847135,,4,1,val,current_repo_v1
437,17.48,0.3190950296872882,,4,1,val,current_repo_v1
438,17.52,0.42026503872313975,,4,1,val,current_repo_v1
439,17.56,0.3690242469122339,,4,1,val,current_repo_v1
440,17.6,0.41423890879268593,,4,1,val,current_repo_v1
441,17.64,-0.5325671832293148,,4,1,val,current_repo_v1
442,17.68,-0.7493120387183588,,4,1,val,current_repo_v1
443,17.72,-0.9199330264184626,,4,1,val,current_repo_v1
444,17.76,-0.5131381319782183,,4,1,val,current_repo_v1
445,17.8,-0.4667156533949179,,4,1,val,current_repo_v1
446,17.84,-0.38034632520718303,,4,1,val,current_repo_v1
447,17.88,-0.6873909363160473,,4,1,val,current_repo_v1
448,17.92,-0.8795157129878639,,4,1,val,current_repo_v1
449,17.96,-0.6279588601931654,,4,1,val,current_repo_v1
450,18.0,-0.12855390939158728,,4,1,val,current_repo_v1
451,18.04,-0.18907215643639352,,4,1,val,current_repo_v1
452,18.08,-0.17389152533262284,,4,1,val,current_repo_v1
453,18.12,-0.14677016117100913,,4,1,val,current_repo_v1
454,18.16,0.38849215891469513,,4,1,val,current_repo_v1
455,18.2,-0.6871620358304527,,4,1,val,current_repo_v1
456,18.24,-0.4313272377622875,,4,1,val,current_repo_v1
457,18.28,-0.035784933392736765,,4,1,val,current_repo_v1
458,18.32,0.6349991491336734,,4,1,val,current_repo_v1
459,18.36,0.8570775216105188,,4,1,val,current_repo_v1
460,18.4,0.5722265989470965,,4,1,val,current_repo_v1
461,18.44,0.2192831926055129,,4,1,val,current_repo_v1
462,18.48,0.13731740453854813,,4,1,val,current_repo_v1
463,18.52,0.03135518931872677,,4,1,val,current_repo_v1
464,18.56,-0.04259212243145939,,4,1,val,current_repo_v1
465,18.6,-0.3451424254613317,,4,1,val,current_repo_v1
466,18.64,-0.18012857901705492,,4,1,val,current_repo_v1
467,18.68,-0.3014004019293539,,4,1,val,current_repo_v1
468,18.72,-0.05490177420165545,,4,1,val,current_repo_v1
469,18.76,-0.30972887793796,,4,1,val,current_repo_v1
470,18.8,-0.8235212789586895,,4,1,val,current_repo_v1
471,18.84,-0.6286679800717674,,4,1,val,current_repo_v1
472,18.88,0.09416151452138737,,4,1,val,current_repo_v1
473,18.92,0.4833766756155149,,4,1,val,current_repo_v1
474,18.96,0.20758455589106378,,4,1,val,current_repo_v1
475,19.0,-0.7191092560172142,,4,1,val,current_repo_v1
476,19.04,-0.2080689747002618,,4,1,val,current_repo_v1
477,19.08,0.36588783217220555,,4,1,val,current_repo_v1
478,19.12,0.7571707615712329,,4,1,val,current_repo_v1
479,19.16,1.2035074557727177,,4,1,val,current_repo_v1
480,19.2,1.5999243329808839,,4,1,val,current_repo_v1
481,19.24,1.5296811506038566,,4,1,val,current_repo_v1
482,19.28,1.422206590344108,,4,1,val,current_repo_v1
483,19.32,1.2174659275521886,,4,1,val,current_repo_v1
484,19.36,0.800069477725715,,4,1,val,current_repo_v1
485,19.4,0.2656433260099822,,4,1,val,current_repo_v1
486,19.44,1.1529554005202882,,4,1,val,current_repo_v1
487,19.48,1.649631724121356,,4,1,val,current_repo_v1
488,19.52,1.8526131545613864,,4,1,val,current_repo_v1
489,19.56,1.5786807139937857,,4,1,val,current_repo_v1
490,19.6,1.4048951754651757,,4,1,val,current_repo_v1
491,19.64,0.4818294491748535,,4,1,val,current_repo_v1
492,19.68,0.19221814907565682,,4,1,val,current_repo_v1
493,19.72,0.43222597743350033,,4,1,val,current_repo_v1
494,19.76,0.007589999081458467,,4,1,val,current_repo_v1
495,19.8,0.08661878158526282,,4,1,val,current_repo_v1
496,19.84,-0.06913313938921882,,4,1,val,current_repo_v1
497,19.88,-0.0007934246728428658,,4,1,val,current_repo_v1
498,19.92,-0.2359435203072784,,4,1,val,current_repo_v1
499,19.96,0.3539053472264665,,4,1,val,current_repo_v1
500,20.0,1.0192147841157664,,4,1,val,current_repo_v1
501,20.04,0.7172520803584777,,4,1,val,current_repo_v1
502,20.08,0.18537415053886264,,4,1,val,current_repo_v1
503,20.12,0.07880849738298844,,4,1,val,current_repo_v1
504,20.16,0.2589577585247826,,4,1,val,current_repo_v1
505,20.2,0.37167915013119623,,4,1,val,current_repo_v1
506,20.24,1.0449371127734481,,4,1,val,current_repo_v1
507,20.28,1.3847090340812989,,4,1,val,current_repo_v1
508,20.32,0.22625034709789976,,4,1,val,current_repo_v1
509,20.36,0.4262605129154014,,4,1,val,current_repo_v1
510,20.4,0.7586094815581669,,4,1,val,current_repo_v1
511,20.44,0.35251081801913925,,4,1,val,current_repo_v1
512,20.48,0.46678953081667274,,4,1,val,current_repo_v1
513,20.52,1.1280409749312943,,4,1,val,current_repo_v1
514,20.56,1.0455941598912855,,4,1,val,current_repo_v1
515,20.6,0.5425389877029465,,4,1,val,current_repo_v1
516,20.64,0.14089543634583085,,4,1,val,current_repo_v1
517,20.68,-0.07378551914668896,,4,1,val,current_repo_v1
518,20.72,-0.15593940875579568,,4,1,val,current_repo_v1
519,20.76,-0.266834151228859,,4,1,val,current_repo_v1
520,20.8,0.177054251030246,,4,1,val,current_repo_v1
521,20.84,0.09447878041459479,,4,1,val,current_repo_v1
522,20.88,0.688115884763368,,4,1,val,current_repo_v1
523,20.92,1.2502870139450337,,4,1,val,current_repo_v1
524,20.96,1.2052965362827621,,4,1,val,current_repo_v1
525,21.0,1.2488477125004733,,4,1,val,current_repo_v1
526,21.04,1.1985575716055377,,4,1,val,current_repo_v1
527,21.08,1.22656767759751,,4,1,val,current_repo_v1
528,21.12,1.0019815429843844,,4,1,val,current_repo_v1
529,21.16,1.7161834258475488,,4,1,val,current_repo_v1
530,21.2,0.8467205983689985,,4,1,val,current_repo_v1
531,21.24,0.8002708558836599,,4,1,val,current_repo_v1
532,21.28,0.1645893500737999,,4,1,val,current_repo_v1
533,21.32,-0.5596850747967709,,4,1,val,current_repo_v1
534,21.36,-1.1407185601661987,,4,1,val,current_repo_v1
535,21.4,-1.0790804338087374,,4,1,val,current_repo_v1
536,21.44,-0.9642959820890377,,4,1,val,current_repo_v1
537,21.48,-0.8186721807800862,,4,1,val,current_repo_v1
538,21.52,-1.0118510109157686,,4,1,val,current_repo_v1
539,21.56,-0.9796263708348091,,4,1,val,current_repo_v1
540,21.6,-1.159922555012675,,4,1,val,current_repo_v1
541,21.64,-1.3238398531315563,,4,1,val,current_repo_v1
542,21.68,-1.1374512851570278,,4,1,val,current_repo_v1
543,21.72,-1.1115649208422969,,4,1,val,current_repo_v1
544,21.76,-0.7443565984005264,,4,1,val,current_repo_v1
545,21.8,-0.5699967735562375,,4,1,val,current_repo_v1
546,21.84,-0.674138935552658,,4,1,val,current_repo_v1
547,21.88,-0.7942143932470287,,4,1,val,current_repo_v1
548,21.92,-0.6205677584847266,,4,1,val,current_repo_v1
549,21.96,-0.7743755112789212,,4,1,val,current_repo_v1
550,22.0,-0.5860691668397041,,4,1,val,current_repo_v1
551,22.04,0.34984082920509185,,4,1,val,current_repo_v1
552,22.08,0.34140639869567424,,4,1,val,current_repo_v1
553,22.12,0.6244197214404489,,4,1,val,current_repo_v1
554,22.16,0.7134032831164991,,4,1,val,current_repo_v1
555,22.2,0.2835900964069666,,4,1,val,current_repo_v1
556,22.24,-0.3624157871689358,,4,1,val,current_repo_v1
557,22.28,-0.6912992360551279,,4,1,val,current_repo_v1
558,22.32,-0.5458815937779382,,4,1,val,current_repo_v1
559,22.36,-0.15844783310770624,,4,1,val,current_repo_v1
560,22.4,0.5436071899690548,,4,1,val,current_repo_v1
561,22.44,0.6055835954522778,,4,1,val,current_repo_v1
562,22.48,0.6281045476317813,,4,1,val,current_repo_v1
563,22.52,0.6458697578849207,,4,1,val,current_repo_v1
564,22.56,0.38323303619987203,,4,1,val,current_repo_v1
565,22.6,0.46550089150375407,,4,1,val,current_repo_v1
566,22.64,1.5647196579581972,,4,1,val,current_repo_v1
567,22.68,1.2063178343003405,,4,1,val,current_repo_v1
568,22.72,1.4253591243816683,,4,1,val,current_repo_v1
569,22.76,1.9103141667240586,,4,1,val,current_repo_v1
570,22.8,2.163556019113675,,4,1,val,current_repo_v1
571,22.84,1.529549999605901,,4,1,val,current_repo_v1
572,22.88,1.0031027871073013,,4,1,val,current_repo_v1
573,22.92,1.4982381187855909,,4,1,val,current_repo_v1
574,22.96,1.023057702175078,,4,1,val,current_repo_v1
575,23.0,2.232806071864803,,4,1,val,current_repo_v1
576,23.04,1.8955459182902148,,4,1,val,current_repo_v1
577,23.08,1.4468584555115787,,4,1,val,current_repo_v1
578,23.12,1.2204467377707509,,4,1,val,current_repo_v1
579,23.16,1.1589263242794352,,4,1,val,current_repo_v1
580,23.2,1.7848699815522877,,4,1,val,current_repo_v1
581,23.24,1.312962331495195,,4,1,val,current_repo_v1
582,23.28,0.39525628778586236,,4,1,val,current_repo_v1
583,23.32,0.33307575837256986,,4,1,val,current_repo_v1
584,23.36,-0.6679818161402559,,4,1,val,current_repo_v1
585,23.4,-0.7922754904885807,,4,1,val,current_repo_v1
586,23.44,-1.1488861016250966,,4,1,val,current_repo_v1
587,23.48,-1.2764573880070618,,4,1,val,current_repo_v1
588,23.52,-1.255300341599895,,4,1,val,current_repo_v1
589,23.56,-1.5844999419188437,,4,1,val,current_repo_v1
590,23.6,-1.393667357912107,,4,1,val,current_repo_v1
591,23.64,-1.3299284897568486,,4,1,val,current_repo_v1
592,23.68,-1.4981917313882844,,4,1,val,current_repo_v1
593,23.72,-1.6423998125897463,,4,1,val,current_repo_v1
594,23.76,-1.0047308684612344,,4,1,val,current_repo_v1
595,23.8,-1.2405093517122183,,4,1,val,current_repo_v1
596,23.84,-1.437953367356788,,4,1,val,current_repo_v1
597,23.88,-1.2401781792907793,,4,1,val,current_repo_v1
598,23.92,-0.9341703394329961,,4,1,val,current_repo_v1
599,23.96,-0.9281728624422435,,4,1,val,current_repo_v1
600,24.0,-0.831370763095944,,4,1,val,current_repo_v1
601,24.04,-0.9441425315450453,,4,1,val,current_repo_v1
602,24.08,-0.8551102566411829,,4,1,val,current_repo_v1
603,24.12,-0.6881668592152829,,4,1,val,current_repo_v1
604,24.16,-1.0806175493473396,,4,1,val,current_repo_v1
605,24.2,-1.1222021066597443,,4,1,val,current_repo_v1
606,24.24,-0.6293334906283891,,4,1,val,current_repo_v1
607,24.28,-0.5847892493911816,,4,1,val,current_repo_v1
608,24.32,-1.052086974173332,,4,1,val,current_repo_v1
609,24.36,-1.0376233449293213,,4,1,val,current_repo_v1
610,24.4,-1.2796698767865446,,4,1,val,current_repo_v1
611,24.44,-1.615486335681173,,4,1,val,current_repo_v1
612,24.48,-1.5299066269500958,,4,1,val,current_repo_v1
613,24.52,-1.1725289439915463,,4,1,val,current_repo_v1
614,24.56,-1.0254901332455375,,4,1,val,current_repo_v1
615,24.6,-1.08785475860399,,4,1,val,current_repo_v1
616,24.64,-1.7389247504674596,,4,1,val,current_repo_v1
617,24.68,-1.4985072690602133,,4,1,val,current_repo_v1
618,24.72,-0.4906234789230009,,4,1,val,current_repo_v1
619,24.76,-0.3573617897834277,,4,1,val,current_repo_v1
620,24.8,-0.6114895251700732,,4,1,val,current_repo_v1
621,24.84,-0.705717576210682,,4,1,val,current_repo_v1
622,24.88,0.014211920679230373,,4,1,val,current_repo_v1
623,24.92,0.10637248001110196,,4,1,val,current_repo_v1
624,24.96,-0.04730358474441255,,4,1,val,current_repo_v1
625,25.0,-0.25107529281883034,,4,1,val,current_repo_v1
626,25.04,0.011105039141143153,,4,1,val,current_repo_v1
627,25.08,0.23360050449847922,,4,1,val,current_repo_v1
628,25.12,0.1657361137258758,,4,1,val,current_repo_v1
629,25.16,-0.055402885690211526,,4,1,val,current_repo_v1
630,25.2,-0.3443678915997592,,4,1,val,current_repo_v1
631,25.24,-0.24481357564007825,,4,1,val,current_repo_v1
632,25.28,0.2156123537004157,,4,1,val,current_repo_v1
633,25.32,0.4090203912021068,,4,1,val,current_repo_v1
634,25.36,0.5092092550998033,,4,1,val,current_repo_v1
635,25.4,-0.1440274578504597,,4,1,val,current_repo_v1
636,25.44,0.035886256422037965,,4,1,val,current_repo_v1
637,25.48,0.8054573933047868,,4,1,val,current_repo_v1
638,25.52,0.6912286858631241,,4,1,val,current_repo_v1
639,25.56,0.5471976262057009,,4,1,val,current_repo_v1
640,25.6,0.4647734234067189,,4,1,val,current_repo_v1
641,25.64,0.6858730734855193,,4,1,val,current_repo_v1
642,25.68,1.0993765352904077,,4,1,val,current_repo_v1
643,25.72,1.1831112143665,,4,1,val,current_repo_v1
644,25.76,1.1145048998142049,,4,1,val,current_repo_v1
645,25.8,0.7070105441525972,,4,1,val,current_repo_v1
646,25.84,0.7304375365268451,,4,1,val,current_repo_v1
647,25.88,0.6241908209548542,,4,1,val,current_repo_v1
648,25.92,1.3221151205988342,,4,1,val,current_repo_v1
649,25.96,1.3958881384065553,,4,1,val,current_repo_v1
650,26.0,1.4652003425173057,,4,1,val,current_repo_v1
651,26.04,1.8017609379609263,,4,1,val,current_repo_v1
652,26.08,1.775855450150927,,4,1,val,current_repo_v1
653,26.12,1.4930380786262507,,4,1,val,current_repo_v1
654,26.16,1.7037585808609217,,4,1,val,current_repo_v1
655,26.2,1.277838156050564,,4,1,val,current_repo_v1
656,26.24,1.0326634467696862,,4,1,val,current_repo_v1
657,26.28,0.8240392930974132,,4,1,val,current_repo_v1
658,26.32,1.1869589132996285,,4,1,val,current_repo_v1
659,26.36,1.4041683534321698,,4,1,val,current_repo_v1
660,26.4,1.2438347724840295,,4,1,val,current_repo_v1
661,26.44,0.3168799345562981,,4,1,val,current_repo_v1
662,26.48,0.21497110284809576,,4,1,val,current_repo_v1
663,26.52,0.21612182364235136,,4,1,val,current_repo_v1
664,26.56,0.7916592746173976,,4,1,val,current_repo_v1
665,26.6,1.1278003806867687,,4,1,val,current_repo_v1
666,26.64,0.8493741771567006,,4,1,val,current_repo_v1
667,26.68,1.3595803736601764,,4,1,val,current_repo_v1
668,26.72,1.7036863509024416,,4,1,val,current_repo_v1
669,26.76,1.6731292020812047,,4,1,val,current_repo_v1
670,26.8,1.2586532846993561,,4,1,val,current_repo_v1
671,26.84,0.8001415138649863,,4,1,val,current_repo_v1
672,26.88,0.7972362931378567,,4,1,val,current_repo_v1
673,26.92,0.040145308360546625,,4,1,val,current_repo_v1
674,26.96,-0.5041551285014894,,4,1,val,current_repo_v1
675,27.0,-0.4825462572154046,,4,1,val,current_repo_v1
676,27.04,-0.49104196689800494,,4,1,val,current_repo_v1
677,27.08,-0.058357570694587316,,4,1,val,current_repo_v1
678,27.12,0.21471214423353613,,4,1,val,current_repo_v1
679,27.16,0.2155389285234814,,4,1,val,current_repo_v1
680,27.2,0.30012742966914674,,4,1,val,current_repo_v1
681,27.24,1.2551266795888087,,4,1,val,current_repo_v1
682,27.28,1.4399133964089952,,4,1,val,current_repo_v1
683,27.32,1.6578195519907752,,4,1,val,current_repo_v1
684,27.36,1.322393832621091,,4,1,val,current_repo_v1
685,27.4,1.018838257999468,,4,1,val,current_repo_v1
686,27.44,0.5221367702044573,,4,1,val,current_repo_v1
687,27.48,0.18025562750842436,,4,1,val,current_repo_v1
688,27.52,0.22249354937369906,,4,1,val,current_repo_v1
689,27.56,-0.14607034461442964,,4,1,val,current_repo_v1
690,27.6,-0.14237204798808556,,4,1,val,current_repo_v1
691,27.64,0.48749472004172023,,4,1,val,current_repo_v1
692,27.68,0.9558213663969952,,4,1,val,current_repo_v1
693,27.72,1.2204301985315997,,4,1,val,current_repo_v1
694,27.76,1.533426642207544,,4,1,val,current_repo_v1
695,27.8,1.1365206945291686,,4,1,val,current_repo_v1
696,27.84,0.6665596353924729,,4,1,val,current_repo_v1
697,27.88,0.5617030557924098,,4,1,val,current_repo_v1
698,27.92,0.48756533484012693,,4,1,val,current_repo_v1
699,27.96,0.19760462716226324,,4,1,val,current_repo_v1
700,28.0,0.4893323522635693,,4,1,val,current_repo_v1
701,28.04,0.6466691975148242,,4,1,val,current_repo_v1
702,28.08,0.5665157159597585,,4,1,val,current_repo_v1
703,28.12,0.36540971248729354,,4,1,val,current_repo_v1
704,28.16,0.854091478273319,,4,1,val,current_repo_v1
705,28.2,0.8623983111369422,,4,1,val,current_repo_v1
706,28.24,0.9013327784074031,,4,1,val,current_repo_v1
707,28.28,0.9785688932315877,,4,1,val,current_repo_v1
708,28.32,0.8152697491759776,,4,1,val,current_repo_v1
709,28.36,1.1423918660021855,,4,1,val,current_repo_v1
710,28.4,0.8609786500388736,,4,1,val,current_repo_v1
711,28.44,0.8242169607054812,,4,1,val,current_repo_v1
712,28.48,0.8850016364801863,,4,1,val,current_repo_v1
713,28.52,0.5999705911653845,,4,1,val,current_repo_v1
714,28.56,0.8547206154250888,,4,1,val,current_repo_v1
715,28.6,1.3164426784212417,,4,1,val,current_repo_v1
716,28.64,0.9825343696372648,,4,1,val,current_repo_v1
717,28.68,0.9358326621804842,,4,1,val,current_repo_v1
718,28.72,1.1241905625292425,,4,1,val,current_repo_v1
719,28.76,0.8163888612875979,,4,1,val,current_repo_v1
720,28.8,0.8048230876407821,,4,1,val,current_repo_v1
721,28.84,0.7531212968417418,,4,1,val,current_repo_v1
722,28.88,0.45069119806242813,,4,1,val,current_repo_v1
723,28.92,0.49552497289438363,,4,1,val,current_repo_v1
724,28.96,0.6796828109884121,,4,1,val,current_repo_v1
725,29.0,0.36339890280238024,,4,1,val,current_repo_v1
726,29.04,0.022613890509073906,,4,1,val,current_repo_v1
727,29.08,0.061222040933066345,,4,1,val,current_repo_v1
728,29.12,0.3051911180150949,,4,1,val,current_repo_v1
729,29.16,0.3777507952725169,,4,1,val,current_repo_v1
730,29.2,0.6512475302587318,,4,1,val,current_repo_v1
731,29.24,0.5614065770093464,,4,1,val,current_repo_v1
732,29.28,0.5257441656218734,,4,1,val,current_repo_v1
733,29.32,0.4665523284083011,,4,1,val,current_repo_v1
734,29.36,0.3126067378534471,,4,1,val,current_repo_v1
735,29.4,0.06271907627444852,,4,1,val,current_repo_v1
736,29.44,-0.20930857775335368,,4,1,val,current_repo_v1
737,29.48,-0.22512572729042943,,4,1,val,current_repo_v1
738,29.52,0.1437769626746844,,4,1,val,current_repo_v1
739,29.56,0.2583291059210347,,4,1,val,current_repo_v1
740,29.6,0.7193143813465293,,4,1,val,current_repo_v1
741,29.64,0.5656151027028605,,4,1,val,current_repo_v1
742,29.68,0.43268697642163484,,4,1,val,current_repo_v1
743,29.72,0.5361707991721594,,4,1,val,current_repo_v1
744,29.76,0.5047900479263219,,4,1,val,current_repo_v1
745,29.8,0.5549117599288089,,4,1,val,current_repo_v1
746,29.84,0.36179023567252877,,4,1,val,current_repo_v1
747,29.88,0.5924040830729803,,4,1,val,current_repo_v1
748,29.92,0.8658072033813441,,4,1,val,current_repo_v1
749,29.96,0.6401205633006429,,4,1,val,current_repo_v1
750,30.0,0.5134022752566134,,4,1,val,current_repo_v1
751,30.04,0.6748652407344404,,4,1,val,current_repo_v1
752,30.08,0.630332628649761,,4,1,val,current_repo_v1
753,30.12,0.5609174419327342,,4,1,val,current_repo_v1
754,30.16,0.6793402678400567,,4,1,val,current_repo_v1
755,30.2,0.6680058497221473,,4,1,val,current_repo_v1
756,30.24,0.4247357371997595,,4,1,val,current_repo_v1
757,30.28,0.4430508448514705,,4,1,val,current_repo_v1
758,30.32,0.5748524615879401,,4,1,val,current_repo_v1
759,30.36,0.7837597851242724,,4,1,val,current_repo_v1
760,30.4,0.8434530003278129,,4,1,val,current_repo_v1
761,30.44,0.3904806793905962,,4,1,val,current_repo_v1
762,30.48,0.43466577363389436,,4,1,val,current_repo_v1
763,30.52,0.5719304431960477,,4,1,val,current_repo_v1
764,30.56,0.6986833602720498,,4,1,val,current_repo_v1
765,30.6,1.0534154110304579,,4,1,val,current_repo_v1
766,30.64,0.9467782789655378,,4,1,val,current_repo_v1
767,30.68,1.2414712118390976,,4,1,val,current_repo_v1
768,30.72,1.2961297792748085,,4,1,val,current_repo_v1
769,30.76,1.4161524535379824,,4,1,val,current_repo_v1
770,30.8,1.2491914185640813,,4,1,val,current_repo_v1
771,30.84,1.6655438935255469,,4,1,val,current_repo_v1
772,30.88,1.9178656215245793,,4,1,val,current_repo_v1
773,30.92,1.633488522220274,,4,1,val,current_repo_v1
774,30.96,1.8271584902310596,,4,1,val,current_repo_v1
775,31.0,1.9745959870895733,,4,1,val,current_repo_v1
776,31.04,1.7616017271100484,,4,1,val,current_repo_v1
777,31.08,1.7764938906247194,,4,1,val,current_repo_v1
778,31.12,1.776303818587288,,4,1,val,current_repo_v1
779,31.16,1.644030348986991,,4,1,val,current_repo_v1
780,31.2,1.5706335988699565,,4,1,val,current_repo_v1
781,31.24,1.5643453284595985,,4,1,val,current_repo_v1
782,31.28,1.6046063590015003,,4,1,val,current_repo_v1
783,31.32,1.6035094714924893,,4,1,val,current_repo_v1
784,31.36,1.6150435233954645,,4,1,val,current_repo_v1
785,31.4,1.5701043432171224,,4,1,val,current_repo_v1
786,31.44,1.6045342582558262,,4,1,val,current_repo_v1
787,31.48,1.5380790784956166,,4,1,val,current_repo_v1
788,31.52,1.5068334838447166,,4,1,val,current_repo_v1
789,31.56,1.45763842147951,,4,1,val,current_repo_v1
790,31.6,1.330477902607398,,4,1,val,current_repo_v1
791,31.64,1.1940220729067752,,4,1,val,current_repo_v1
792,31.68,1.3230298180515716,,4,1,val,current_repo_v1
793,31.72,0.8501369203497378,,4,1,val,current_repo_v1
794,31.76,0.6626279481355303,,4,1,val,current_repo_v1
795,31.8,0.9569089505839837,,4,1,val,current_repo_v1
796,31.84,0.9310440355950269,,4,1,val,current_repo_v1
797,31.88,0.8664256158702269,,4,1,val,current_repo_v1
798,31.92,1.0510226482913998,,4,1,val,current_repo_v1
799,31.96,1.284336268057651,,4,1,val,current_repo_v1
800,32.0,1.4835191004307826,,4,1,val,current_repo_v1
801,32.04,1.4457355962285883,,4,1,val,current_repo_v1
802,32.08,1.1950716685288385,,4,1,val,current_repo_v1
803,32.12,1.2003887754902947,,4,1,val,current_repo_v1
804,32.16,1.425181585986406,,4,1,val,current_repo_v1
805,32.2,1.3710060160190285,,4,1,val,current_repo_v1
806,32.24,1.2888432107263168,,4,1,val,current_repo_v1
807,32.28,0.6766468915081473,,4,1,val,current_repo_v1
808,32.32,0.5562861965448237,,4,1,val,current_repo_v1
809,32.36,0.9179376576638506,,4,1,val,current_repo_v1
810,32.4,0.576631205073515,,4,1,val,current_repo_v1
811,32.44,0.869604767745796,,4,1,val,current_repo_v1
812,32.48,0.8091981686410599,,4,1,val,current_repo_v1
813,32.52,0.8687522216526808,,4,1,val,current_repo_v1
814,32.56,0.9311970235571743,,4,1,val,current_repo_v1
815,32.6,1.38341664759701,,4,1,val,current_repo_v1
816,32.64,1.4190178767209045,,4,1,val,current_repo_v1
817,32.68,0.7227010489883219,,4,1,val,current_repo_v1
818,32.72,0.6084398445259834,,4,1,val,current_repo_v1
819,32.76,0.9858625038779993,,4,1,val,current_repo_v1
820,32.8,1.1634240928388841,,4,1,val,current_repo_v1
821,32.84,1.4121380700852844,,4,1,val,current_repo_v1
822,32.88,1.2878353508405487,,4,1,val,current_repo_v1
823,32.92,1.2476512019181383,,4,1,val,current_repo_v1
824,32.96,1.4910046567003106,,4,1,val,current_repo_v1
825,33.0,1.534305547713056,,4,1,val,current_repo_v1
826,33.04,1.4911788355626203,,4,1,val,current_repo_v1
827,33.08,1.5183313561620488,,4,1,val,current_repo_v1
828,33.12,1.4057314407447516,,4,1,val,current_repo_v1
829,33.16,1.160891780269489,,4,1,val,current_repo_v1
830,33.2,0.9531495039972627,,4,1,val,current_repo_v1
831,33.24,1.1886609043785181,,4,1,val,current_repo_v1
832,33.28,1.5080837469542927,,4,1,val,current_repo_v1
833,33.32,1.4219206424047226,,4,1,val,current_repo_v1
834,33.36,1.2074050308489113,,4,1,val,current_repo_v1
835,33.4,0.9521833798477899,,4,1,val,current_repo_v1
836,33.44,0.6544918053884583,,4,1,val,current_repo_v1
837,33.48,1.098684729927792,,4,1,val,current_repo_v1
838,33.52,1.0542052243063242,,4,1,val,current_repo_v1
839,33.56,0.8576071649017705,,4,1,val,current_repo_v1
840,33.6,0.9263036053861583,,4,1,val,current_repo_v1
841,33.64,1.1006398488933764,,4,1,val,current_repo_v1
842,33.68,1.408265691506235,,4,1,val,current_repo_v1
843,33.72,1.249475169885767,,4,1,val,current_repo_v1
844,33.76,1.451946855806649,,4,1,val,current_repo_v1
845,33.8,1.1272604003710476,,4,1,val,current_repo_v1
846,33.84,1.2670164543463376,,4,1,val,current_repo_v1
847,33.88,1.3325093863412503,,4,1,val,current_repo_v1
848,33.92,1.4161116222913281,,4,1,val,current_repo_v1
849,33.96,1.0570918383894088,,4,1,val,current_repo_v1
850,34.0,0.7926450391133624,,4,1,val,current_repo_v1
851,34.04,0.9429663073732316,,4,1,val,current_repo_v1
852,34.08,0.9437656823967322,,4,1,val,current_repo_v1
853,34.12,0.564161329424043,,4,1,val,current_repo_v1
854,34.16,0.4615677829059469,,4,1,val,current_repo_v1
855,34.2,0.8257372785793207,,4,1,val,current_repo_v1
856,34.24,1.1740222563889595,,4,1,val,current_repo_v1
857,34.28,0.9650680286040972,,4,1,val,current_repo_v1
858,34.32,1.0385609776551004,,4,1,val,current_repo_v1
859,34.36,1.3042389165454542,,4,1,val,current_repo_v1
860,34.4,0.9086950010537305,,4,1,val,current_repo_v1
861,34.44,0.9704509048837401,,4,1,val,current_repo_v1
862,34.48,1.1059609614518144,,4,1,val,current_repo_v1
863,34.52,1.2839025006683533,,4,1,val,current_repo_v1
864,34.56,1.1297265559838385,,4,1,val,current_repo_v1
865,34.6,1.2602665065806145,,4,1,val,current_repo_v1
866,34.64,1.3033989040945082,,4,1,val,current_repo_v1
867,34.68,1.3875908672905664,,4,1,val,current_repo_v1
868,34.72,1.3982443339215531,,4,1,val,current_repo_v1
869,34.76,1.3179732041067447,,4,1,val,current_repo_v1
870,34.8,0.8601985923298503,,4,1,val,current_repo_v1
871,34.84,1.180283521322891,,4,1,val,current_repo_v1
872,34.88,1.4744524962686572,,4,1,val,current_repo_v1
873,34.92,1.4328377031596795,,4,1,val,current_repo_v1
874,34.96,1.2863773135391374,,4,1,val,current_repo_v1
875,35.0,1.3992028345154797,,4,1,val,current_repo_v1
876,35.04,1.659195022309237,,4,1,val,current_repo_v1
877,35.08,1.5300357105431577,,4,1,val,current_repo_v1
878,35.12,1.4455530185338972,,4,1,val,current_repo_v1
879,35.16,1.506466777901664,,4,1,val,current_repo_v1
880,35.2,1.3291074715883653,,4,1,val,current_repo_v1
881,35.24,1.3463936899701532,,4,1,val,current_repo_v1
882,35.28,1.6447960640745631,,4,1,val,current_repo_v1
883,35.32,1.3067303978681954,,4,1,val,current_repo_v1
884,35.36,1.4725020289640842,,4,1,val,current_repo_v1
885,35.4,1.5034134792990101,,4,1,val,current_repo_v1
886,35.44,1.3649875419473223,,4,1,val,current_repo_v1
887,35.48,1.417540715924225,,4,1,val,current_repo_v1
888,35.52,1.323888049508145,,4,1,val,current_repo_v1
889,35.56,1.4569800822336139,,4,1,val,current_repo_v1
890,35.6,1.5920539809754817,,4,1,val,current_repo_v1
891,35.64,1.600407718087635,,4,1,val,current_repo_v1
892,35.68,1.4352724600606448,,4,1,val,current_repo_v1
893,35.72,1.2110111018350673,,4,1,val,current_repo_v1
894,35.76,1.0993102491209976,,4,1,val,current_repo_v1
895,35.8,1.1495627890894258,,4,1,val,current_repo_v1
896,35.84,1.4723823779058507,,4,1,val,current_repo_v1
897,35.88,1.4604378169186338,,4,1,val,current_repo_v1
898,35.92,1.619445932904183,,4,1,val,current_repo_v1
899,35.96,1.530122283123089,,4,1,val,current_repo_v1
900,36.0,1.454066591886909,,4,1,val,current_repo_v1
901,36.04,1.3409120951068274,,4,1,val,current_repo_v1
902,36.08,1.39701086847674,,4,1,val,current_repo_v1
903,36.12,1.1092100174553579,,4,1,val,current_repo_v1
904,36.16,1.3124010310665057,,4,1,val,current_repo_v1
905,36.2,1.2067041805898848,,4,1,val,current_repo_v1
906,36.24,1.2624385738472506,,4,1,val,current_repo_v1
907,36.28,1.1460739141181917,,4,1,val,current_repo_v1
908,36.32,1.2434653530720539,,4,1,val,current_repo_v1
909,36.36,1.0996454271394185,,4,1,val,current_repo_v1
910,36.4,1.2851829995745023,,4,1,val,current_repo_v1
911,36.44,1.2406934799605798,,4,1,val,current_repo_v1
912,36.48,1.3052439337494934,,4,1,val,current_repo_v1
913,36.52,1.3957360549340492,,4,1,val,current_repo_v1
914,36.56,1.5279128733555571,,4,1,val,current_repo_v1
915,36.6,1.3132462120296864,,4,1,val,current_repo_v1
916,36.64,1.2579926196229545,,4,1,val,current_repo_v1
917,36.68,1.3454087007510236,,4,1,val,current_repo_v1
918,36.72,1.2746459536816024,,4,1,val,current_repo_v1
919,36.76,1.496171230742931,,4,1,val,current_repo_v1
920,36.8,1.2260633600162085,,4,1,val,current_repo_v1
921,36.84,1.2289230978356727,,4,1,val,current_repo_v1
922,36.88,1.3600353319496366,,4,1,val,current_repo_v1
923,36.92,1.096325820943871,,4,1,val,current_repo_v1
924,36.96,0.9497866115117498,,4,1,val,current_repo_v1
925,37.0,0.9853074702703946,,4,1,val,current_repo_v1
926,37.04,0.537788123560004,,4,1,val,current_repo_v1
927,37.08,0.35384959190073456,,4,1,val,current_repo_v1
928,37.12,0.7228453796924761,,4,1,val,current_repo_v1
929,37.16,1.1892290530859184,,4,1,val,current_repo_v1
930,37.2,1.2794862653894068,,4,1,val,current_repo_v1
931,37.24,1.0150870164259196,,4,1,val,current_repo_v1
932,37.28,0.9408028327581855,,4,1,val,current_repo_v1
933,37.32,1.2490787449973646,,4,1,val,current_repo_v1
934,37.36,1.4607719612346077,,4,1,val,current_repo_v1
935,37.4,1.4072177756506479,,4,1,val,current_repo_v1
936,37.44,1.1567193695552147,,4,1,val,current_repo_v1
937,37.48,1.0790607288558425,,4,1,val,current_repo_v1
938,37.52,1.0440716453997463,,4,1,val,current_repo_v1
939,37.56,1.2504636478506548,,4,1,val,current_repo_v1
940,37.6,1.6068339877746596,,4,1,val,current_repo_v1
941,37.64,1.75838471588236,,4,1,val,current_repo_v1
942,37.68,1.5935348889435315,,4,1,val,current_repo_v1
943,37.72,1.7010356794028714,,4,1,val,current_repo_v1
944,37.76,1.7746567429508924,,4,1,val,current_repo_v1
945,37.8,2.022067221411699,,4,1,val,current_repo_v1
946,37.84,1.8786527652638765,,4,1,val,current_repo_v1
947,37.88,1.6650588286523196,,4,1,val,current_repo_v1
948,37.92,2.060270279594546,,4,1,val,current_repo_v1
949,37.96,2.163288548605529,,4,1,val,current_repo_v1
950,38.0,1.9204397990430757,,4,1,val,current_repo_v1
951,38.04,1.067967615652891,,4,1,val,current_repo_v1
952,38.08,0.25174238623232387,,4,1,val,current_repo_v1
953,38.12,-0.5255012778500436,,4,1,val,current_repo_v1
954,38.16,-0.5897909478935147,,4,1,val,current_repo_v1
955,38.2,0.5015679973992047,,4,1,val,current_repo_v1
956,38.24,1.2028425266737226,,4,1,val,current_repo_v1
957,38.28,2.3428666972211882,,4,1,val,current_repo_v1
958,38.32,1.7146797764256663,,4,1,val,current_repo_v1
959,38.36,1.4484302000821534,,4,1,val,current_repo_v1
960,38.4,1.2591451978512944,,4,1,val,current_repo_v1
961,38.44,1.7230600021630225,,4,1,val,current_repo_v1
962,38.48,1.6210751771733691,,4,1,val,current_repo_v1
963,38.52,1.3331594559675708,,4,1,val,current_repo_v1
964,38.56,1.3500179799619365,,4,1,val,current_repo_v1
965,38.6,0.6727805859309738,,4,1,val,current_repo_v1
966,38.64,0.3988975692616173,,4,1,val,current_repo_v1
967,38.68,-0.6702489194256077,,4,1,val,current_repo_v1
968,38.72,-0.3433558969042033,,4,1,val,current_repo_v1
969,38.76,0.8100622146738973,,4,1,val,current_repo_v1
970,38.8,1.1768339270446408,,4,1,val,current_repo_v1
971,38.84,0.3711324830527714,,4,1,val,current_repo_v1
972,38.88,0.7692468611948231,,4,1,val,current_repo_v1
973,38.92,1.3118706124984187,,4,1,val,current_repo_v1
974,38.96,1.6891739438242157,,4,1,val,current_repo_v1
975,39.0,1.405610885196877,,4,1,val,current_repo_v1
976,39.04,0.9355089194953826,,4,1,val,current_repo_v1
977,39.08,0.3445412628820322,,4,1,val,current_repo_v1
978,39.12,0.5614143297776985,,4,1,val,current_repo_v1
979,39.16,1.106982130256587,,4,1,val,current_repo_v1
980,39.2,0.10446558972530778,,4,1,val,current_repo_v1
981,39.24,0.5579909656990394,,4,1,val,current_repo_v1
982,39.28,0.21309031354908683,,4,1,val,current_repo_v1
983,39.32,0.34903211855636734,,4,1,val,current_repo_v1
984,39.36,0.22929212960923076,,4,1,val,current_repo_v1
985,39.4,0.8810030169898042,,4,1,val,current_repo_v1
986,39.44,1.1645329971388407,,4,1,val,current_repo_v1
987,39.48,1.7761102578040981,,4,1,val,current_repo_v1
988,39.52,1.8064689357555221,,4,1,val,current_repo_v1
989,39.56,1.6567704732199353,,4,1,val,current_repo_v1
990,39.6,1.0153495768474428,,4,1,val,current_repo_v1
991,39.64,1.3378171899806839,,4,1,val,current_repo_v1
992,39.68,1.2658766681857785,,4,1,val,current_repo_v1
993,39.72,1.167444549293458,,4,1,val,current_repo_v1
994,39.76,1.3688347240292273,,4,1,val,current_repo_v1
995,39.8,1.8515229861182807,,4,1,val,current_repo_v1
996,39.84,1.2281121582660468,,4,1,val,current_repo_v1
997,39.88,0.911679364624454,,4,1,val,current_repo_v1
998,39.92,0.7373035173922375,,4,1,val,current_repo_v1
999,39.96,0.5913226364942705,,4,1,val,current_repo_v1
1000,40.0,0.8187390484071226,,4,1,val,current_repo_v1
1001,40.04,0.7286696469169631,,4,1,val,current_repo_v1
1002,40.08,0.9269305459202284,,4,1,val,current_repo_v1
1003,40.12,1.0397309996122324,,4,1,val,current_repo_v1
1004,40.16,1.085657107201792,,4,1,val,current_repo_v1
1005,40.2,0.9370115352148183,,4,1,val,current_repo_v1
1006,40.24,1.4689573340607154,,4,1,val,current_repo_v1
1007,40.28,1.2622654286873878,,4,1,val,current_repo_v1
1008,40.32,1.2893600619497876,,4,1,val,current_repo_v1
1009,40.36,1.0950807263465299,,4,1,val,current_repo_v1
1010,40.4,1.1957098505770192,,4,1,val,current_repo_v1
1011,40.44,0.6812077159168598,,4,1,val,current_repo_v1
1012,40.48,0.797090605699241,,4,1,val,current_repo_v1
1013,40.52,0.8618280304182451,,4,1,val,current_repo_v1
1014,40.56,0.7077075826338506,,4,1,val,current_repo_v1
1015,40.6,0.8182740761252077,,4,1,val,current_repo_v1
1016,40.64,0.6544879290042822,,4,1,val,current_repo_v1
1017,40.68,0.789251393980053,,4,1,val,current_repo_v1
1018,40.72,1.1201503365153709,,4,1,val,current_repo_v1
1019,40.76,1.0350874790077644,,4,1,val,current_repo_v1
1020,40.8,0.9524175780584251,,4,1,val,current_repo_v1
1021,40.84,0.7232344394509438,,4,1,val,current_repo_v1
1022,40.88,0.822526469566314,,4,1,val,current_repo_v1
1023,40.92,1.1342451278050323,,4,1,val,current_repo_v1
1024,40.96,0.4902196242982614,,4,1,val,current_repo_v1
1025,41.0,0.5563418872641527,,4,1,val,current_repo_v1
1026,41.04,0.6974236646276455,,4,1,val,current_repo_v1
1027,41.08,0.47062799103418185,,4,1,val,current_repo_v1
1028,41.12,0.6194590480039788,,4,1,val,current_repo_v1
1029,41.16,0.5223974570402954,,4,1,val,current_repo_v1
1030,41.2,0.7462593215733313,,4,1,val,current_repo_v1
1031,41.24,0.6080699728691872,,4,1,val,current_repo_v1
1032,41.28,0.4764990332943929,,4,1,val,current_repo_v1
1033,41.32,-0.1621744919449383,,4,1,val,current_repo_v1
1034,41.36,-0.025853513977789094,,4,1,val,current_repo_v1
1035,41.4,0.8182781463285925,,4,1,val,current_repo_v1
1036,41.44,0.8951470383585012,,4,1,val,current_repo_v1
1037,41.48,0.6234884201421573,,4,1,val,current_repo_v1
1038,41.52,0.35135681844993477,,4,1,val,current_repo_v1
1039,41.56,0.8001937804449598,,4,1,val,current_repo_v1
1040,41.6,1.2963301883367095,,4,1,val,current_repo_v1
1041,41.64,0.9449703333858368,,4,1,val,current_repo_v1
1042,41.68,0.8367657853793384,,4,1,val,current_repo_v1
1043,41.72,0.826374749957069,,4,1,val,current_repo_v1
1044,41.76,1.2312657260060542,,4,1,val,current_repo_v1
1045,41.8,0.9266122301729733,,4,1,val,current_repo_v1
1046,41.84,0.7220203559270107,,4,1,val,current_repo_v1
1047,41.88,0.4983524721187838,,4,1,val,current_repo_v1
1048,41.92,0.20144160143250486,,4,1,val,current_repo_v1
1049,41.96,-0.8256048354533063,,4,1,val,current_repo_v1
1050,42.0,-1.342459418457093,,4,1,val,current_repo_v1
1051,42.04,-0.8434703148437992,,4,1,val,current_repo_v1
1052,42.08,0.06477802580534789,,4,1,val,current_repo_v1
1053,42.12,-0.08717245845840595,,4,1,val,current_repo_v1
1054,42.16,-0.4018576408248377,,4,1,val,current_repo_v1
1055,42.2,-0.4506321478101466,,4,1,val,current_repo_v1
1056,42.24,-0.31604166647823134,,4,1,val,current_repo_v1
1057,42.28,-0.8290800784735213,,4,1,val,current_repo_v1
1058,42.32,-0.6801216822835418,,4,1,val,current_repo_v1
1059,42.36,-0.1939592916347242,,4,1,val,current_repo_v1
1060,42.4,0.05851898979231755,,4,1,val,current_repo_v1
1061,42.44,0.202576170626027,,4,1,val,current_repo_v1
1062,42.48,-0.10104679654965629,,4,1,val,current_repo_v1
1063,42.52,-0.4269142328034876,,4,1,val,current_repo_v1
1064,42.56,-0.19428014318329445,,4,1,val,current_repo_v1
1065,42.6,-0.027470898934136484,,4,1,val,current_repo_v1
1066,42.64,-0.24818438240995064,,4,1,val,current_repo_v1
1067,42.68,-1.045500028362211,,4,1,val,current_repo_v1
1068,42.72,-0.8913138758660327,,4,1,val,current_repo_v1
1069,42.76,-0.6457116660169416,,4,1,val,current_repo_v1
1070,42.8,-0.6968232773251812,,4,1,val,current_repo_v1
1071,42.84,-0.416135139021996,,4,1,val,current_repo_v1
1072,42.88,-0.9494087932673926,,4,1,val,current_repo_v1
1073,42.92,-0.9627709479477841,,4,1,val,current_repo_v1
1074,42.96,-0.6542198124321067,,4,1,val,current_repo_v1
1075,43.0,-0.7131139756441613,,4,1,val,current_repo_v1
1076,43.04,-0.34909178256947676,,4,1,val,current_repo_v1
1077,43.08,-0.48098507579170946,,4,1,val,current_repo_v1
1078,43.12,-0.9011304957598172,,4,1,val,current_repo_v1
1079,43.16,-1.1671126015951838,,4,1,val,current_repo_v1
1080,43.2,-0.9070239564418463,,4,1,val,current_repo_v1
1081,43.24,-0.6276599263667905,,4,1,val,current_repo_v1
1082,43.28,-0.3581270203229777,,4,1,val,current_repo_v1
1083,43.32,0.5529284079651425,,4,1,val,current_repo_v1
1084,43.36,1.2918364253742423,,4,1,val,current_repo_v1
1085,43.4,1.3364707925435424,,4,1,val,current_repo_v1
1086,43.44,1.1117164874635797,,4,1,val,current_repo_v1
1087,43.48,0.6524564452704301,,4,1,val,current_repo_v1
1088,43.52,0.8868973175550715,,4,1,val,current_repo_v1
1089,43.56,0.6229224680524568,,4,1,val,current_repo_v1
1090,43.6,0.33005214641206404,,4,1,val,current_repo_v1
1091,43.64,0.3170225208875731,,4,1,val,current_repo_v1
1092,43.68,0.2914978555196674,,4,1,val,current_repo_v1
1093,43.72,-0.1264706436257837,,4,1,val,current_repo_v1
1094,43.76,-0.12052407648054295,,4,1,val,current_repo_v1
1095,43.8,-0.23749825724228085,,4,1,val,current_repo_v1
1096,43.84,-0.7083877588439382,,4,1,val,current_repo_v1
1097,43.88,-0.3872262610556092,,4,1,val,current_repo_v1
1098,43.92,-0.1415793112724864,,4,1,val,current_repo_v1
1099,43.96,0.10591473557051524,,4,1,val,current_repo_v1
1100,44.0,0.06333381427416451,,4,1,val,current_repo_v1
1101,44.04,-0.21254771667404687,,4,1,val,current_repo_v1
1102,44.08,-0.6664431500479832,,4,1,val,current_repo_v1
1103,44.12,-0.7242963102895646,,4,1,val,current_repo_v1
1104,44.16,-0.7621338900510145,,4,1,val,current_repo_v1
1105,44.2,-0.8864769882975838,,4,1,val,current_repo_v1
1106,44.24,-0.27525422296522456,,4,1,val,current_repo_v1
1107,44.28,-0.4520852427217334,,4,1,val,current_repo_v1
1108,44.32,-0.4403392818171352,,4,1,val,current_repo_v1
1109,44.36,-0.06605879928870935,,4,1,val,current_repo_v1
1110,44.4,0.1730868687356824,,4,1,val,current_repo_v1
1111,44.44,-0.33292031536711103,,4,1,val,current_repo_v1
1112,44.48,-1.1529599229684937,,4,1,val,current_repo_v1
1113,44.52,-1.9815383327232334,,4,1,val,current_repo_v1
1114,44.56,-1.6151232476966848,,4,1,val,current_repo_v1
1115,44.6,-1.0498358932759078,,4,1,val,current_repo_v1
1116,44.64,-0.719813788841208,,4,1,val,current_repo_v1
1117,44.68,-1.3092837721249473,,4,1,val,current_repo_v1
1118,44.72,-1.1327927758670793,,4,1,val,current_repo_v1
1119,44.76,-1.1630683699843303,,4,1,val,current_repo_v1
1120,44.8,-1.174885139506544,,4,1,val,current_repo_v1
1121,44.84,-0.9064340999830602,,4,1,val,current_repo_v1
1122,44.88,-0.9083710645494201,,4,1,val,current_repo_v1
1123,44.92,-1.2931255815383844,,4,1,val,current_repo_v1
1124,44.96,-1.295138070989774,,4,1,val,current_repo_v1
1125,45.0,-1.0655038504770085,,4,1,val,current_repo_v1
1126,45.04,-0.23397061842928654,,4,1,val,current_repo_v1
1127,45.08,-0.2052922561085677,,4,1,val,current_repo_v1
1128,45.12,-0.26165998593389395,,4,1,val,current_repo_v1
1129,45.16,-0.07302754875166863,,4,1,val,current_repo_v1
1130,45.2,0.0393731326326812,,4,1,val,current_repo_v1
1131,45.24,-0.5532971813130889,,4,1,val,current_repo_v1
1132,45.28,-0.99251043813349,,4,1,val,current_repo_v1
1133,45.32,-0.679150454228237,,4,1,val,current_repo_v1
1134,45.36,-0.16224749718025355,,4,1,val,current_repo_v1
1135,45.4,-0.22413598950068425,,4,1,val,current_repo_v1
1136,45.44,-0.9257131028633429,,4,1,val,current_repo_v1
1137,45.48,-1.3779579234003227,,4,1,val,current_repo_v1
1138,45.52,-0.9971871664290659,,4,1,val,current_repo_v1
1139,45.56,-0.7186314916675184,,4,1,val,current_repo_v1
1140,45.6,-1.3082129856027216,,4,1,val,current_repo_v1
1141,45.64,-1.4768540454785144,,4,1,val,current_repo_v1
1142,45.68,-1.1500552190925875,,4,1,val,current_repo_v1
1143,45.72,-0.10735648398258676,,4,1,val,current_repo_v1
1144,45.76,-0.22740528345994682,,4,1,val,current_repo_v1
1145,45.8,-0.18316259260843312,,4,1,val,current_repo_v1
1146,45.84,0.07323042900848166,,4,1,val,current_repo_v1
1147,45.88,0.09331529985575975,,4,1,val,current_repo_v1
1148,45.92,0.6380368129868174,,4,1,val,current_repo_v1
1149,45.96,0.7380220051992649,,4,1,val,current_repo_v1
1150,46.0,1.008080322814937,,4,1,val,current_repo_v1
1151,46.04,0.4137969363902154,,4,1,val,current_repo_v1
1152,46.08,-0.09226432327183363,,4,1,val,current_repo_v1
1153,46.12,-0.41028754888604996,,4,1,val,current_repo_v1
1154,46.16,-0.6755730684849838,,4,1,val,current_repo_v1
1155,46.2,-0.7787595079628038,,4,1,val,current_repo_v1
1156,46.24,-0.6701582766422916,,4,1,val,current_repo_v1
1157,46.28,-0.3909073723787729,,4,1,val,current_repo_v1
1158,46.32,-0.5668216918840532,,4,1,val,current_repo_v1
1159,46.36,-0.8479998697534917,,4,1,val,current_repo_v1
1160,46.4,-0.5768745127869639,,4,1,val,current_repo_v1
1161,46.44,-1.3218342119588777,,4,1,val,current_repo_v1
1162,46.48,-1.6926081617785678,,4,1,val,current_repo_v1
1163,46.52,-1.0082339568411138,,4,1,val,current_repo_v1
1164,46.56,-0.4141895818040459,,4,1,val,current_repo_v1
1165,46.6,-0.11510922003144781,,4,1,val,current_repo_v1
1166,46.64,0.31010059087723996,,4,1,val,current_repo_v1
1167,46.68,0.07074169345786518,,4,1,val,current_repo_v1
1168,46.72,0.23615678604336304,,4,1,val,current_repo_v1
1169,46.76,-0.1209526107512032,,4,1,val,current_repo_v1
1170,46.8,0.12361924003229803,,4,1,val,current_repo_v1
1171,46.84,-0.18208014463047786,,4,1,val,current_repo_v1
1172,46.88,-0.23846153871002462,,4,1,val,current_repo_v1
1173,46.92,0.37257155837492156,,4,1,val,current_repo_v1
1174,46.96,0.42724217490477984,,4,1,val,current_repo_v1
1175,47.0,0.5291788035178445,,4,1,val,current_repo_v1
1176,47.04,0.9927342993196558,,4,1,val,current_repo_v1
1177,47.08,0.7717917074063876,,4,1,val,current_repo_v1
1178,47.12,0.3229683450591801,,4,1,val,current_repo_v1
1179,47.16,-0.31739152035792983,,4,1,val,current_repo_v1
1180,47.2,0.01570642021929739,,4,1,val,current_repo_v1
1181,47.24,0.528794040085172,,4,1,val,current_repo_v1
1182,47.28,0.5963547000059826,,4,1,val,current_repo_v1
1183,47.32,-0.0019856470051831123,,4,1,val,current_repo_v1
1184,47.36,0.20768272532032178,,4,1,val,current_repo_v1
1185,47.4,0.5343237990218849,,4,1,val,current_repo_v1
1186,47.44,0.35622054997880265,,4,1,val,current_repo_v1
1187,47.48,0.30262718061146343,,4,1,val,current_repo_v1
1188,47.52,0.5496237904550759,,4,1,val,current_repo_v1
1189,47.56,0.5512161444681866,,4,1,val,current_repo_v1
1190,47.6,0.2731868503745427,,4,1,val,current_repo_v1
1191,47.64,0.08433150495059484,,4,1,val,current_repo_v1
1192,47.68,0.3464617851188454,,4,1,val,current_repo_v1
1193,47.72,0.29255591458051516,,4,1,val,current_repo_v1
1194,47.76,-0.030345758689787318,,4,1,val,current_repo_v1
1195,47.8,-0.09621671688091657,,4,1,val,current_repo_v1
1196,47.84,0.1549035742975572,,4,1,val,current_repo_v1
1197,47.88,0.7792096853784468,,4,1,val,current_repo_v1
1198,47.92,0.4197336510590088,,4,1,val,current_repo_v1
1199,47.96,0.13929463504553652,,4,1,val,current_repo_v1
1200,48.0,-0.2359085843948919,,4,1,val,current_repo_v1
1201,48.04,-0.6370759219559821,,4,1,val,current_repo_v1
1202,48.08,-0.4139095130473277,,4,1,val,current_repo_v1
1203,48.12,-0.4374577070334794,,4,1,val,current_repo_v1
1204,48.16,-0.48878878629248534,,4,1,val,current_repo_v1
1205,48.2,-0.802350277568489,,4,1,val,current_repo_v1
1206,48.24,-1.1075188802521614,,4,1,val,current_repo_v1
1207,48.28,-1.1381175063840816,,4,1,val,current_repo_v1
1208,48.32,-0.9267154712048616,,4,1,val,current_repo_v1
1209,48.36,-0.7921002133174212,,4,1,val,current_repo_v1
1210,48.4,-0.5505735045782035,,4,1,val,current_repo_v1
1211,48.44,-0.6529798863470002,,4,1,val,current_repo_v1
1212,48.48,-0.42105217083328433,,4,1,val,current_repo_v1
1213,48.52,-0.44419857759959047,,4,1,val,current_repo_v1
1214,48.56,-0.25044793234314117,,4,1,val,current_repo_v1
1215,48.6,-0.12109369498361,,4,1,val,current_repo_v1
1216,48.64,-0.5305758200716847,,4,1,val,current_repo_v1
1217,48.68,-0.6403829945093602,,4,1,val,current_repo_v1
1218,48.72,-0.5793573368517119,,4,1,val,current_repo_v1
1219,48.76,-0.25948617429437854,,4,1,val,current_repo_v1
1220,48.8,-0.07266895091218427,,4,1,val,current_repo_v1
1221,48.84,-0.20622869361589244,,4,1,val,current_repo_v1
1222,48.88,-0.2919172479843125,,4,1,val,current_repo_v1
1223,48.92,-0.39248305793992666,,4,1,val,current_repo_v1
1224,48.96,-0.8990479729676473,,4,1,val,current_repo_v1
1225,49.0,-1.2752763829614309,,4,1,val,current_repo_v1
1226,49.04,-1.0836417750686733,,4,1,val,current_repo_v1
1227,49.08,-0.8683452013141976,,4,1,val,current_repo_v1
1228,49.12,-0.4138775974842784,,4,1,val,current_repo_v1
1229,49.16,-1.1451210988877232,,4,1,val,current_repo_v1
1230,49.2,-0.8751327500064283,,4,1,val,current_repo_v1
1231,49.24,-0.6051767689330033,,4,1,val,current_repo_v1
1232,49.28,-1.2113157856313035,,4,1,val,current_repo_v1
1233,49.32,-0.8221690669452839,,4,1,val,current_repo_v1
1234,49.36,-0.5235382122968985,,4,1,val,current_repo_v1
1235,49.4,-0.727061981186357,,4,1,val,current_repo_v1
1236,49.44,-0.9615184882205083,,4,1,val,current_repo_v1
1237,49.48,-0.6499785312923051,,4,1,val,current_repo_v1
1238,49.52,-1.0060671226931153,,4,1,val,current_repo_v1
1239,49.56,-0.8855028529541471,,4,1,val,current_repo_v1
1240,49.6,-0.5245903275686763,,4,1,val,current_repo_v1
1241,49.64,-0.3861881976764695,,4,1,val,current_repo_v1
1242,49.68,-1.1194600817064257,,4,1,val,current_repo_v1
1243,49.72,-1.532823089191336,,4,1,val,current_repo_v1
1244,49.76,-1.9280186469584404,,4,1,val,current_repo_v1
1245,49.8,-1.198437145270469,,4,1,val,current_repo_v1
1246,49.84,-1.1219065969727249,,4,1,val,current_repo_v1
1247,49.88,-1.5941711327996242,,4,1,val,current_repo_v1
1248,49.92,-1.326595574642297,,4,1,val,current_repo_v1
1249,49.96,-0.9867083955116123,,4,1,val,current_repo_v1
1250,50.0,-1.438774773163689,,4,1,val,current_repo_v1
1251,50.04,-1.5521148195329966,,4,1,val,current_repo_v1
1252,50.08,-1.3880555165404667,,4,1,val,current_repo_v1
1253,50.12,-0.2508590551882107,,4,1,val,current_repo_v1
1254,50.16,-0.30829697392653554,,4,1,val,current_repo_v1
1255,50.2,-1.0828755431298778,,4,1,val,current_repo_v1
1256,50.24,-0.7831953835882423,,4,1,val,current_repo_v1
1257,50.28,-0.8395833998240897,,4,1,val,current_repo_v1
1258,50.32,-0.9013712838235517,,4,1,val,current_repo_v1
1259,50.36,-0.8886768363174815,,4,1,val,current_repo_v1
1260,50.4,-1.0529976014226847,,4,1,val,current_repo_v1
1261,50.44,-0.9930099102345716,,4,1,val,current_repo_v1
1262,50.48,-1.1351254546514091,,4,1,val,current_repo_v1
1263,50.52,-1.1368508332481606,,4,1,val,current_repo_v1
1264,50.56,-0.9979364068838897,,4,1,val,current_repo_v1
1265,50.6,-1.1888822459149695,,4,1,val,current_repo_v1
1266,50.64,-1.1364876160508663,,4,1,val,current_repo_v1
1267,50.68,-1.1312065594622474,,4,1,val,current_repo_v1
1268,50.72,-0.98867966607793,,4,1,val,current_repo_v1
1269,50.76,-1.1622738404410498,,4,1,val,current_repo_v1
1270,50.8,-1.0483974317145854,,4,1,val,current_repo_v1
1271,50.84,-1.019741455512483,,4,1,val,current_repo_v1
1272,50.88,-1.1870501375405713,,4,1,val,current_repo_v1
1273,50.92,-0.9072736601891856,,4,1,val,current_repo_v1
1274,50.96,-0.6574178293773325,,4,1,val,current_repo_v1
1275,51.0,-0.6565422834047729,,4,1,val,current_repo_v1
1276,51.04,-0.8240624221896634,,4,1,val,current_repo_v1
1277,51.08,-0.6277723415078954,,4,1,val,current_repo_v1
1278,51.12,-0.46477432789636,,4,1,val,current_repo_v1
1279,51.16,-0.3026276651594854,,4,1,val,current_repo_v1
1280,51.2,-0.552071339423822,,4,1,val,current_repo_v1
1281,51.24,-0.5427052845840982,,4,1,val,current_repo_v1
1282,51.28,-0.5722957277982358,,4,1,val,current_repo_v1
1283,51.32,-0.8077611284206021,,4,1,val,current_repo_v1
1284,51.36,-0.8182544357787158,,4,1,val,current_repo_v1
1285,51.4,-1.173061559177333,,4,1,val,current_repo_v1
1286,51.44,-1.275909008858959,,4,1,val,current_repo_v1
1287,51.48,-1.3136282942966373,,4,1,val,current_repo_v1
1288,51.52,-0.9998186498269647,,4,1,val,current_repo_v1
1289,51.56,-1.0415329367964605,,4,1,val,current_repo_v1
1290,51.6,-1.0562265648349158,,4,1,val,current_repo_v1
1291,51.64,-0.7034222399272481,,4,1,val,current_repo_v1
1292,51.68,-0.5546959745430098,,4,1,val,current_repo_v1
1293,51.72,-1.2501271777041754,,4,1,val,current_repo_v1
1294,51.76,-1.3926328801883303,,4,1,val,current_repo_v1
1295,51.8,-0.8925718271375578,,4,1,val,current_repo_v1
1296,51.84,-0.7097342854938856,,4,1,val,current_repo_v1
1297,51.88,-0.7284390020584892,,4,1,val,current_repo_v1
1298,51.92,-1.1261164794007006,,4,1,val,current_repo_v1
1299,51.96,-1.0739261349826745,,4,1,val,current_repo_v1
1300,52.0,-1.2753528769425047,,4,1,val,current_repo_v1
1301,52.04,-1.528558678959284,,4,1,val,current_repo_v1
1302,52.08,-1.537354065441893,,4,1,val,current_repo_v1
1303,52.12,-1.5377944226842901,,4,1,val,current_repo_v1
1304,52.16,-1.0139934238434583,,4,1,val,current_repo_v1
1305,52.2,-1.2503239688075118,,4,1,val,current_repo_v1
1306,52.24,-1.659861114323485,,4,1,val,current_repo_v1
1307,52.28,-1.3123036046108814,,4,1,val,current_repo_v1
1308,52.32,-1.4524651283709844,,4,1,val,current_repo_v1
1309,52.36,-1.3897899400336289,,4,1,val,current_repo_v1
1310,52.4,-1.5034774396379147,,4,1,val,current_repo_v1
1311,52.44,-1.7069790808343683,,4,1,val,current_repo_v1
1312,52.48,-1.5837851366767837,,4,1,val,current_repo_v1
1313,52.52,-1.555741952206509,,4,1,val,current_repo_v1
1314,52.56,-1.7621156064389842,,4,1,val,current_repo_v1
1315,52.6,-1.5778330779872936,,4,1,val,current_repo_v1
1316,52.64,-1.1576407860738573,,4,1,val,current_repo_v1
1317,52.68,-1.3033432133751792,,4,1,val,current_repo_v1
1318,52.72,-1.3379063468167327,,4,1,val,current_repo_v1
1319,52.76,-1.2072414474366828,,4,1,val,current_repo_v1
1320,52.8,-1.1538292667263716,,4,1,val,current_repo_v1
1321,52.84,-1.856241062511734,,4,1,val,current_repo_v1
1322,52.88,-1.650549910319852,,4,1,val,current_repo_v1
1323,52.92,-1.148038853257022,,4,1,val,current_repo_v1
1324,52.96,-1.2678282984056044,,4,1,val,current_repo_v1
1325,53.0,-1.6460154453235365,,4,1,val,current_repo_v1
1326,53.04,-1.2610304126889043,,4,1,val,current_repo_v1
1327,53.08,-0.9730547367411833,,4,1,val,current_repo_v1
1328,53.12,-0.9436325932066885,,4,1,val,current_repo_v1
1329,53.16,-1.1583886697942196,,4,1,val,current_repo_v1
1330,53.2,-1.0612752967985848,,4,1,val,current_repo_v1
1331,53.24,-0.9988541408375652,,4,1,val,current_repo_v1
1332,53.28,-0.9158045480581835,,4,1,val,current_repo_v1
1333,53.32,-1.1236778461155594,,4,1,val,current_repo_v1
1334,53.36,-1.408501117238526,,4,1,val,current_repo_v1
1335,53.4,-1.3826842694133519,,4,1,val,current_repo_v1
1336,53.44,-1.3691474190194273,,4,1,val,current_repo_v1
1337,53.48,-1.6155112737527055,,4,1,val,current_repo_v1
1338,53.52,-1.4745056027318688,,4,1,val,current_repo_v1
1339,53.56,-1.0850296498164984,,4,1,val,current_repo_v1
1340,53.6,-1.4105680052811858,,4,1,val,current_repo_v1
1341,53.64,-1.6185115951049538,,4,1,val,current_repo_v1
1342,53.68,-1.3085829218659208,,4,1,val,current_repo_v1
1343,53.72,-1.7202367023548129,,4,1,val,current_repo_v1
1344,53.76,-1.249324507754125,,4,1,val,current_repo_v1
1345,53.8,-1.2707494123078558,,4,1,val,current_repo_v1
1346,53.84,-1.3443646612796125,,4,1,val,current_repo_v1
1347,53.88,-1.2242901726812858,,4,1,val,current_repo_v1
1348,53.92,-1.2394883121202516,,4,1,val,current_repo_v1
1349,53.96,-1.368247064188141,,4,1,val,current_repo_v1
1350,54.0,-1.4584381195350251,,4,1,val,current_repo_v1
1351,54.04,-1.1495700250065544,,4,1,val,current_repo_v1
1352,54.08,-1.3660043175166952,,4,1,val,current_repo_v1
1353,54.12,-1.1385921050200338,,4,1,val,current_repo_v1
1354,54.16,-0.6859230788413901,,4,1,val,current_repo_v1
1355,54.2,0.17002040657843068,,4,1,val,current_repo_v1
1356,54.24,-0.4949812131040909,,4,1,val,current_repo_v1
1357,54.28,-0.8534538776827647,,4,1,val,current_repo_v1
1358,54.32,-1.0992089462811974,,4,1,val,current_repo_v1
1359,54.36,-0.9247686864652558,,4,1,val,current_repo_v1
1360,54.4,-0.16887314222673203,,4,1,val,current_repo_v1
1361,54.44,-0.30502588713959156,,4,1,val,current_repo_v1
1362,54.48,-0.3899935794156764,,4,1,val,current_repo_v1
1363,54.52,-0.294678977890526,,4,1,val,current_repo_v1
1364,54.56,0.07287344632907064,,4,1,val,current_repo_v1
1365,54.6,0.10181889151951805,,4,1,val,current_repo_v1
1366,54.64,0.2651422710520287,,4,1,val,current_repo_v1
1367,54.68,0.2650473157913167,,4,1,val,current_repo_v1
1368,54.72,0.3548779643194342,,4,1,val,current_repo_v1
1369,54.76,0.49382443545956023,,4,1,val,current_repo_v1
1370,54.8,0.17203207229818285,,4,1,val,current_repo_v1
1371,54.84,-0.2705198011518288,,4,1,val,current_repo_v1
1372,54.88,-0.26311598813361275,,4,1,val,current_repo_v1
1373,54.92,-0.6309868330858692,,4,1,val,current_repo_v1
1374,54.96,-0.8221363761053994,,4,1,val,current_repo_v1
1375,55.0,-0.913549849202195,,4,1,val,current_repo_v1
1376,55.04,-1.506403592839595,,4,1,val,current_repo_v1
1377,55.08,-1.398264103480851,,4,1,val,current_repo_v1
1378,55.12,-1.8396029755641787,,4,1,val,current_repo_v1
1379,55.16,-1.7108636054171693,,4,1,val,current_repo_v1
1380,55.2,-1.7006340860022346,,4,1,val,current_repo_v1
1381,55.24,-1.344009584489088,,4,1,val,current_repo_v1
1382,55.28,-1.2388737760155448,,4,1,val,current_repo_v1
1383,55.32,-0.4609939811382899,,4,1,val,current_repo_v1
1384,55.36,-0.0786805767051794,,4,1,val,current_repo_v1
1385,55.4,-0.6000429503366704,,4,1,val,current_repo_v1
1386,55.44,-0.40145540136017155,,4,1,val,current_repo_v1
1387,55.48,-0.13957765954518903,,4,1,val,current_repo_v1
1388,55.52,-0.23143158679398607,,4,1,val,current_repo_v1
1389,55.56,0.1626285457447574,,4,1,val,current_repo_v1
1390,55.6,0.2066171719167337,,4,1,val,current_repo_v1
1391,55.64,0.6554195533345885,,4,1,val,current_repo_v1
1392,55.68,0.3941833692523398,,4,1,val,current_repo_v1
1393,55.72,0.7595631366718735,,4,1,val,current_repo_v1
1394,55.76,-0.33016065286579144,,4,1,val,current_repo_v1
1395,55.8,-0.8990496527341236,,4,1,val,current_repo_v1
1396,55.84,-0.875569618503067,,4,1,val,current_repo_v1
1397,55.88,-0.5504263957987231,,4,1,val,current_repo_v1
1398,55.92,-0.13321340392918052,,4,1,val,current_repo_v1
1399,55.96,-0.7796077900333253,,4,1,val,current_repo_v1
1400,56.0,-1.0249113244816532,,4,1,val,current_repo_v1
1401,56.04,-1.1203409254040257,,4,1,val,current_repo_v1
1402,56.08,-1.0485900234017314,,4,1,val,current_repo_v1
1403,56.12,-1.044849248065458,,4,1,val,current_repo_v1
1404,56.16,-0.673314622457625,,4,1,val,current_repo_v1
1405,56.2,-0.6242273235725119,,4,1,val,current_repo_v1
1406,56.24,-0.1780605926655452,,4,1,val,current_repo_v1
1407,56.28,-0.2990098681111969,,4,1,val,current_repo_v1
1408,56.32,-0.22898449007006047,,4,1,val,current_repo_v1
1409,56.36,-0.7513741458872016,,4,1,val,current_repo_v1
1410,56.4,-0.7686417576249446,,4,1,val,current_repo_v1
1411,56.44,-0.8413651798106024,,4,1,val,current_repo_v1
1412,56.48,-0.7533149222313346,,4,1,val,current_repo_v1
1413,56.52,-0.7755613618047721,,4,1,val,current_repo_v1
1414,56.56,-0.4693211650188373,,4,1,val,current_repo_v1
1415,56.6,-0.4116903477129527,,4,1,val,current_repo_v1
1416,56.64,-0.08268142511646273,,4,1,val,current_repo_v1
1417,56.68,0.5980261968626872,,4,1,val,current_repo_v1
1418,56.72,0.9733583868349723,,4,1,val,current_repo_v1
1419,56.76,1.0760204807465812,,4,1,val,current_repo_v1
1420,56.8,0.845431765236871,,4,1,val,current_repo_v1
1421,56.84,0.6302920558287186,,4,1,val,current_repo_v1
1422,56.88,0.19422421018995445,,4,1,val,current_repo_v1
1423,56.92,-0.28021315202881547,,4,1,val,current_repo_v1
1424,56.96,-0.817357698905994,,4,1,val,current_repo_v1
1425,57.0,-0.3099145890431934,,4,1,val,current_repo_v1
1426,57.04,-0.19346190309013717,,4,1,val,current_repo_v1
1427,57.08,-0.33476091948349507,,4,1,val,current_repo_v1
1428,57.12,0.1975832262912914,,4,1,val,current_repo_v1
1429,57.16,0.7271103067757516,,4,1,val,current_repo_v1
1430,57.2,1.2300966085385632,,4,1,val,current_repo_v1
1431,57.24,1.3162776736681487,,4,1,val,current_repo_v1
1432,57.28,1.3595116324474545,,4,1,val,current_repo_v1
1433,57.32,1.5418222442687983,,4,1,val,current_repo_v1
1434,57.36,1.1155848604456473,,4,1,val,current_repo_v1
1435,57.4,0.163857198012552,,4,1,val,current_repo_v1
1436,57.44,-0.42321199518656455,,4,1,val,current_repo_v1
1437,57.48,-0.3781298410385298,,4,1,val,current_repo_v1
1438,57.52,-0.018287660025214588,,4,1,val,current_repo_v1
1439,57.56,0.4724862003953653,,4,1,val,current_repo_v1
1440,57.6,0.9812650476388234,,4,1,val,current_repo_v1
1441,57.64,0.8708985755709494,,4,1,val,current_repo_v1
1442,57.68,0.7635000570474538,,4,1,val,current_repo_v1
1443,57.72,0.7589299939231218,,4,1,val,current_repo_v1
1444,57.76,0.6018184635020986,,4,1,val,current_repo_v1
1445,57.8,0.508951733977709,,4,1,val,current_repo_v1
1446,57.84,0.2859780782722077,,4,1,val,current_repo_v1
1447,57.88,0.4032439327157909,,4,1,val,current_repo_v1
1448,57.92,-0.19705510125050862,,4,1,val,current_repo_v1
1449,57.96,0.13964896886242725,,4,1,val,current_repo_v1
1450,58.0,0.10860931519667934,,4,1,val,current_repo_v1
1451,58.04,0.4012984724074452,,4,1,val,current_repo_v1
1452,58.08,0.7362068883088383,,4,1,val,current_repo_v1
1453,58.12,1.1706023810560588,,4,1,val,current_repo_v1
1454,58.16,0.6633275062664981,,4,1,val,current_repo_v1
1455,58.2,0.37612032348167523,,4,1,val,current_repo_v1
1456,58.24,1.3443737061760233,,4,1,val,current_repo_v1
1457,58.28,0.3435209339604978,,4,1,val,current_repo_v1
1458,58.32,-1.0091141544746847,,4,1,val,current_repo_v1
1459,58.36,-1.358522766844149,,4,1,val,current_repo_v1
1460,58.4,-1.206113161215846,,4,1,val,current_repo_v1
1461,58.44,-1.2303609779393685,,4,1,val,current_repo_v1
1462,58.48,-0.9345867276999048,,4,1,val,current_repo_v1
1463,58.52,-0.6498482847839905,,4,1,val,current_repo_v1
1464,58.56,-0.12190591052969368,,4,1,val,current_repo_v1
1465,58.6,-0.03176760227290494,,4,1,val,current_repo_v1
1466,58.64,-0.17245010802836636,,4,1,val,current_repo_v1
1467,58.68,-0.5196603421735997,,4,1,val,current_repo_v1
1468,58.72,-0.6290163377963868,,4,1,val,current_repo_v1
1469,58.76,-0.6051151990310073,,4,1,val,current_repo_v1
1470,58.8,-0.818602922716141,,4,1,val,current_repo_v1
1471,58.84,-1.0296393502611585,,4,1,val,current_repo_v1
1472,58.88,-0.9018237224632975,,4,1,val,current_repo_v1
1473,58.92,-0.5984706243084692,,4,1,val,current_repo_v1
1474,58.96,-0.2787386723978576,,4,1,val,current_repo_v1
1475,59.0,-0.02568495587253467,,4,1,val,current_repo_v1
1476,59.04,-0.08779175120952877,,4,1,val,current_repo_v1
1477,59.08,-0.3743440350394118,,4,1,val,current_repo_v1
1478,59.12,-0.9284201111462713,,4,1,val,current_repo_v1
1479,59.16,-1.273765368409614,,4,1,val,current_repo_v1
1480,59.2,-1.6123920766190591,,4,1,val,current_repo_v1
1481,59.24,-1.4771287519037892,,4,1,val,current_repo_v1
1482,59.28,-0.7352992975604234,,4,1,val,current_repo_v1
1483,59.32,-0.32365068558376603,,4,1,val,current_repo_v1
1484,59.36,-0.766202478275774,,4,1,val,current_repo_v1
1485,59.4,-1.0500243501532658,,4,1,val,current_repo_v1
1486,59.44,-1.064779483487314,,4,1,val,current_repo_v1
1487,59.48,-1.4132247497826318,,4,1,val,current_repo_v1
1488,59.52,-1.456982924915343,,4,1,val,current_repo_v1
1489,59.56,-1.382523011831629,,4,1,val,current_repo_v1
1490,59.6,-1.4466311701860575,,4,1,val,current_repo_v1
1491,59.64,-1.4818780977962627,,4,1,val,current_repo_v1
1492,59.68,-0.9137226713300429,,4,1,val,current_repo_v1
1493,59.72,-1.2893473990948126,,4,1,val,current_repo_v1
1494,59.76,-1.3030194060836748,,4,1,val,current_repo_v1
1495,59.8,-0.8877819084240418,,4,1,val,current_repo_v1
1496,59.84,-1.0726269002196747,,4,1,val,current_repo_v1
1497,59.88,-0.8090752226562767,,4,1,val,current_repo_v1
1498,59.92,-1.2826373780861025,,4,1,val,current_repo_v1
1499,59.96,-1.1037279057408087,,4,1,val,current_repo_v1
1500,60.0,-0.6386334531179114,,4,1,val,current_repo_v1
1501,60.04,-0.8997743427558327,,4,1,val,current_repo_v1
1502,60.08,-1.2953939123453921,,4,1,val,current_repo_v1
1503,60.12,-1.50953377306174,,4,1,val,current_repo_v1
1504,60.16,-1.4697600040107655,,4,1,val,current_repo_v1
1505,60.2,-0.7008105906950499,,4,1,val,current_repo_v1
1506,60.24,-0.5360601284039337,,4,1,val,current_repo_v1
1507,60.28,-0.3302070079598965,,4,1,val,current_repo_v1
1508,60.32,-0.41088683787966435,,4,1,val,current_repo_v1
1509,60.36,-0.3443212780800424,,4,1,val,current_repo_v1
1510,60.4,-0.7136500795757065,,4,1,val,current_repo_v1
1511,60.44,-0.17977170939884904,,4,1,val,current_repo_v1
1512,60.48,-0.03304756010042936,,4,1,val,current_repo_v1
1513,60.52,-0.8927775985309021,,4,1,val,current_repo_v1
1514,60.56,-1.2892286525262202,,4,1,val,current_repo_v1
1515,60.6,-1.1885588262618825,,4,1,val,current_repo_v1
1516,60.64,-1.1233120446621478,,4,1,val,current_repo_v1
1517,60.68,-0.9732398340855888,,4,1,val,current_repo_v1
1518,60.72,-0.7822556188511663,,4,1,val,current_repo_v1
1519,60.76,-0.7955945798329046,,4,1,val,current_repo_v1
1520,60.8,-0.8447296228497858,,4,1,val,current_repo_v1
1521,60.84,-1.1869660200039513,,4,1,val,current_repo_v1
1522,60.88,-1.3919568387880303,,4,1,val,current_repo_v1
1523,60.92,-1.6565020982221481,,4,1,val,current_repo_v1
1524,60.96,-1.8119050477111824,,4,1,val,current_repo_v1
1525,61.0,-1.9039052115530204,,4,1,val,current_repo_v1
1526,61.04,-2.100102582046578,,4,1,val,current_repo_v1
1527,61.08,-2.105361414032588,,4,1,val,current_repo_v1
1528,61.12,-1.8496172264445379,,4,1,val,current_repo_v1
1529,61.16,-1.55245335708437,,4,1,val,current_repo_v1
1530,61.2,-0.9723237152919867,,4,1,val,current_repo_v1
1531,61.24,-0.6135791546665658,,4,1,val,current_repo_v1
1532,61.28,-0.6552380093423443,,4,1,val,current_repo_v1
1533,61.32,-0.9929643627205033,,4,1,val,current_repo_v1
1534,61.36,-1.098173822493391,,4,1,val,current_repo_v1
1535,61.4,-1.2022725689870402,,4,1,val,current_repo_v1
1536,61.44,-1.0355809427133733,,4,1,val,current_repo_v1
1537,61.48,-0.49998391300566947,,4,1,val,current_repo_v1
1538,61.52,-0.3890805617294152,,4,1,val,current_repo_v1
1539,61.56,-0.6074208077325078,,4,1,val,current_repo_v1
1540,61.6,-0.8640740720162405,,4,1,val,current_repo_v1
1541,61.64,-1.0268046797260326,,4,1,val,current_repo_v1
1542,61.68,-1.1875739662555589,,4,1,val,current_repo_v1
1543,61.72,-1.5181275875671956,,4,1,val,current_repo_v1
1544,61.76,-1.4533904212738031,,4,1,val,current_repo_v1
1545,61.8,-1.1911720260477512,,4,1,val,current_repo_v1
1546,61.84,-1.5032090646401275,,4,1,val,current_repo_v1
1547,61.88,-1.3879186801790528,,4,1,val,current_repo_v1
1548,61.92,-1.288353623404884,,4,1,val,current_repo_v1
1549,61.96,-1.225352689583936,,4,1,val,current_repo_v1
1550,62.0,-0.8616039754128705,,4,1,val,current_repo_v1
1551,62.04,-0.5316576542888121,,4,1,val,current_repo_v1
1552,62.08,-0.6812864065156332,,4,1,val,current_repo_v1
1553,62.12,-1.272004068652831,,4,1,val,current_repo_v1
1554,62.16,-1.546031222207133,,4,1,val,current_repo_v1
1555,62.2,-1.406080702959012,,4,1,val,current_repo_v1
1556,62.24,-1.4441905987088282,,4,1,val,current_repo_v1
1557,62.28,-1.3356420216067069,,4,1,val,current_repo_v1
1558,62.32,-1.2928404088758343,,4,1,val,current_repo_v1
1559,62.36,-1.3714719573969874,,4,1,val,current_repo_v1
1560,62.4,-1.3330657766833165,,4,1,val,current_repo_v1
1561,62.44,-1.3329290695347085,,4,1,val,current_repo_v1
1562,62.48,-1.3495835665086093,,4,1,val,current_repo_v1
1563,62.52,-1.249065823716778,,4,1,val,current_repo_v1
1564,62.56,-1.2874487461253925,,4,1,val,current_repo_v1
1565,62.6,-1.4747831518388728,,4,1,val,current_repo_v1
1566,62.64,-1.527356353800685,,4,1,val,current_repo_v1
1567,62.68,-1.2846298395525826,,4,1,val,current_repo_v1
1568,62.72,-0.9884242769671325,,4,1,val,current_repo_v1
1569,62.76,-1.3219366777139308,,4,1,val,current_repo_v1
1570,62.8,-1.4853833827938419,,4,1,val,current_repo_v1
1571,62.84,-1.3246139670515098,,4,1,val,current_repo_v1
1572,62.88,-0.7874824706677239,,4,1,val,current_repo_v1
1573,62.92,-0.8361212072972674,,4,1,val,current_repo_v1
1574,62.96,-0.9180805024207374,,4,1,val,current_repo_v1
1575,63.0,-0.6964686527794773,,4,1,val,current_repo_v1
1576,63.04,-1.1620916503847765,,4,1,val,current_repo_v1
1577,63.08,-1.3459031981590792,,4,1,val,current_repo_v1
1578,63.12,-1.8077743727332036,,4,1,val,current_repo_v1
1579,63.16,-1.793621306468096,,4,1,val,current_repo_v1
1580,63.2,-1.3888712369839096,,4,1,val,current_repo_v1
1581,63.24,-0.6494191044493008,,4,1,val,current_repo_v1
1582,63.28,0.23400043428424053,,4,1,val,current_repo_v1
1583,63.32,0.47411828734628036,,4,1,val,current_repo_v1
1584,63.36,-0.05345244261303956,,4,1,val,current_repo_v1
1585,63.4,-0.3200041063829705,,4,1,val,current_repo_v1
1586,63.44,0.6330366650381546,,4,1,val,current_repo_v1
1587,63.48,0.15468719130253097,,4,1,val,current_repo_v1
1588,63.52,-0.11842123497465039,,4,1,val,current_repo_v1
1589,63.56,-0.19819180245532758,,4,1,val,current_repo_v1
1590,63.6,-0.2698673733918013,,4,1,val,current_repo_v1
1591,63.64,-0.3357193554710188,,4,1,val,current_repo_v1
1592,63.68,-0.49471080300461123,,4,1,val,current_repo_v1
1593,63.72,-1.005832019992839,,4,1,val,current_repo_v1
1594,63.76,-0.8637661578998578,,4,1,val,current_repo_v1
1595,63.8,-0.6337913970372279,,4,1,val,current_repo_v1
1596,63.84,-0.14531194620198984,,4,1,val,current_repo_v1
1597,63.88,-0.09694882048736228,,4,1,val,current_repo_v1
1598,63.92,-0.37867673423936493,,4,1,val,current_repo_v1
1599,63.96,-0.8427684954887287,,4,1,val,current_repo_v1
1600,64.0,-1.1148209543373573,,4,1,val,current_repo_v1
1601,64.04,-1.582589142945672,,4,1,val,current_repo_v1
1602,64.08,-1.8503346159427154,,4,1,val,current_repo_v1
1603,64.12,-1.4811418432284285,,4,1,val,current_repo_v1
1604,64.16,-1.8149204869617173,,4,1,val,current_repo_v1
1605,64.2,-1.6981035824121213,,4,1,val,current_repo_v1
1606,64.24,-1.2038611112223776,,4,1,val,current_repo_v1
1607,64.28,-1.3738780290550499,,4,1,val,current_repo_v1
1608,64.32,-1.1260226709036407,,4,1,val,current_repo_v1
1609,64.36,-1.0744074526845317,,4,1,val,current_repo_v1
1610,64.4,-1.1021685655995972,,4,1,val,current_repo_v1
1611,64.44,-1.2351656269127533,,4,1,val,current_repo_v1
1612,64.48,-1.0628593811921199,,4,1,val,current_repo_v1
1613,64.52,-0.5584711850920466,,4,1,val,current_repo_v1
1614,64.56,-0.2989884833918258,,4,1,val,current_repo_v1
1615,64.6,-0.1133756121941226,,4,1,val,current_repo_v1
1616,64.64,0.15810553223336193,,4,1,val,current_repo_v1
1617,64.68,-0.1287198509375229,,4,1,val,current_repo_v1
1618,64.72,-0.7981216592836623,,4,1,val,current_repo_v1
1619,64.76,-0.6324533984324677,,4,1,val,current_repo_v1
1620,64.8,-0.3538896478705536,,4,1,val,current_repo_v1
1621,64.84,-0.5924090577660062,,4,1,val,current_repo_v1
1622,64.88,-0.47510589312472873,,4,1,val,current_repo_v1
1623,64.92,-0.5552442890847095,,4,1,val,current_repo_v1
1624,64.96,-0.8915281753045643,,4,1,val,current_repo_v1
1625,65.0,-0.5807488941645041,,4,1,val,current_repo_v1
1626,65.04,-0.3007455514292164,,4,1,val,current_repo_v1
1627,65.08,-0.7397298754608214,,4,1,val,current_repo_v1
1628,65.12,-1.0738625622821876,,4,1,val,current_repo_v1
1629,65.16,-0.19895727526888862,,4,1,val,current_repo_v1
1630,65.2,-0.3949533483625055,,4,1,val,current_repo_v1
1631,65.24,0.10646598162774798,,4,1,val,current_repo_v1
1632,65.28,1.4023315933967604,,4,1,val,current_repo_v1
1633,65.32,1.9092556554183904,,4,1,val,current_repo_v1
1634,65.36,1.9354521304672039,,4,1,val,current_repo_v1
1635,65.4,1.8099611702597087,,4,1,val,current_repo_v1
1636,65.44,1.2579657433593339,,4,1,val,current_repo_v1
1637,65.48,1.655476794607588,,4,1,val,current_repo_v1
1638,65.52,1.9465193365025788,,4,1,val,current_repo_v1
1639,65.56,1.7993451753424237,,4,1,val,current_repo_v1
1640,65.6,0.9024769578033617,,4,1,val,current_repo_v1
1641,65.64,0.32457920880673136,,4,1,val,current_repo_v1
1642,65.68,0.0380334058066426,,4,1,val,current_repo_v1
1643,65.72,-0.8801345777215673,,4,1,val,current_repo_v1
1644,65.76,-0.3715521662462297,,4,1,val,current_repo_v1
1645,65.8,0.20051438648919892,,4,1,val,current_repo_v1
1646,65.84,0.5889088120678558,,4,1,val,current_repo_v1
1647,65.88,0.989905507967197,,4,1,val,current_repo_v1
1648,65.92,-0.10963376277640073,,4,1,val,current_repo_v1
1649,65.96,-0.8355666259344832,,4,1,val,current_repo_v1
1650,66.0,-0.6006638824752677,,4,1,val,current_repo_v1
1651,66.04,-0.5323673556250405,,4,1,val,current_repo_v1
1652,66.08,0.6426047440998526,,4,1,val,current_repo_v1
1653,66.12,0.11009166065719442,,4,1,val,current_repo_v1
1654,66.16,0.2766687801574613,,4,1,val,current_repo_v1
1655,66.2,0.7267042555333123,,4,1,val,current_repo_v1
1656,66.24,0.9508929961619921,,4,1,val,current_repo_v1
1657,66.28,1.3193289048659087,,4,1,val,current_repo_v1
1658,66.32,1.2346115624011926,,4,1,val,current_repo_v1
1659,66.36,1.4096632572145,,4,1,val,current_repo_v1
1660,66.4,1.5123020282146498,,4,1,val,current_repo_v1
1661,66.44,0.881463208397902,,4,1,val,current_repo_v1
1662,66.48,-0.03524966934442979,,4,1,val,current_repo_v1
1663,66.52,-1.0955029937961056,,4,1,val,current_repo_v1
1664,66.56,-0.975651138862289,,4,1,val,current_repo_v1
1665,66.6,-0.6066308652438356,,4,1,val,current_repo_v1
1666,66.64,-1.146716360188966,,4,1,val,current_repo_v1
1667,66.68,-1.1493988180387795,,4,1,val,current_repo_v1
1668,66.72,-0.2728844601056108,,4,1,val,current_repo_v1
1669,66.76,-0.18997121913962103,,4,1,val,current_repo_v1
1670,66.8,-0.4467587032254488,,4,1,val,current_repo_v1
1671,66.84,-1.0612415722562534,,4,1,val,current_repo_v1
1672,66.88,-0.6586487105660284,,4,1,val,current_repo_v1
1673,66.92,-0.7009964633162906,,4,1,val,current_repo_v1
1674,66.96,-0.9628014421699689,,4,1,val,current_repo_v1
1675,67.0,-0.8044865528878997,,4,1,val,current_repo_v1
1676,67.04,0.08431026559563033,,4,1,val,current_repo_v1
1677,67.08,-0.11793381196771592,,4,1,val,current_repo_v1
1678,67.12,0.431517665134935,,4,1,val,current_repo_v1
1679,67.16,-0.20583872936778372,,4,1,val,current_repo_v1
1680,67.2,-0.714516968290273,,4,1,val,current_repo_v1
1681,67.24,-0.043580955731563495,,4,1,val,current_repo_v1
1682,67.28,1.5325711242198938,,4,1,val,current_repo_v1
1683,67.32,1.7389667446293666,,4,1,val,current_repo_v1
1684,67.36,1.7542380185164534,,4,1,val,current_repo_v1
1685,67.4,1.5091019438645301,,4,1,val,current_repo_v1
1686,67.44,0.9383282137066101,,4,1,val,current_repo_v1
1687,67.48,0.3547979815926021,,4,1,val,current_repo_v1
1688,67.52,0.585995063295539,,4,1,val,current_repo_v1
1689,67.56,1.3673392150141146,,4,1,val,current_repo_v1
1690,67.6,1.820793725839628,,4,1,val,current_repo_v1
1691,67.64,1.1609711169322916,,4,1,val,current_repo_v1
1692,67.68,-0.0890567041999718,,4,1,val,current_repo_v1
1693,67.72,-0.6203921582815524,,4,1,val,current_repo_v1
1694,67.76,-0.7525050809705587,,4,1,val,current_repo_v1
1695,67.8,-0.7305161625192156,,4,1,val,current_repo_v1
1696,67.84,-0.6873436444290997,,4,1,val,current_repo_v1
1697,67.88,-0.7369917268916787,,4,1,val,current_repo_v1
1698,67.92,-1.1915426083749796,,4,1,val,current_repo_v1
1699,67.96,-1.0497518403456907,,4,1,val,current_repo_v1
1700,68.0,-1.0833006532611826,,4,1,val,current_repo_v1
1701,68.04,-0.5595424884654958,,4,1,val,current_repo_v1
1702,68.08,1.2627322745549878,,4,1,val,current_repo_v1
1703,68.12,1.4859821549362329,,4,1,val,current_repo_v1
1704,68.16,1.2392656784557416,,4,1,val,current_repo_v1
1705,68.2,1.1205034751138074,,4,1,val,current_repo_v1
1706,68.24,1.4611209650232564,,4,1,val,current_repo_v1
1707,68.28,1.5270855237595862,,4,1,val,current_repo_v1
1708,68.32,1.3234991189624832,,4,1,val,current_repo_v1
1709,68.36,1.0952572310393451,,4,1,val,current_repo_v1
1710,68.4,1.4612585766615054,,4,1,val,current_repo_v1
1711,68.44,0.866200979407226,,4,1,val,current_repo_v1
1712,68.48,0.9284465351650713,,4,1,val,current_repo_v1
1713,68.52,0.20718590208176044,,4,1,val,current_repo_v1
1714,68.56,0.13279268703327526,,4,1,val,current_repo_v1
1715,68.6,0.4106789667782247,,4,1,val,current_repo_v1
1716,68.64,0.46369553018017046,,4,1,val,current_repo_v1
1717,68.68,-0.08364813072356199,,4,1,val,current_repo_v1
1718,68.72,-0.20893331146191238,,4,1,val,current_repo_v1
1719,68.76,-0.7404307903262507,,4,1,val,current_repo_v1
1720,68.8,-0.6165812849980961,,4,1,val,current_repo_v1
1721,68.84,-0.2778641924309464,,4,1,val,current_repo_v1
1722,68.88,1.2851448817967712,,4,1,val,current_repo_v1
1723,68.92,1.4044938404901506,,4,1,val,current_repo_v1
1724,68.96,1.8967937263564794,,4,1,val,current_repo_v1
1725,69.0,1.8415100273659801,,4,1,val,current_repo_v1
1726,69.04,1.3885719801255199,,4,1,val,current_repo_v1
1727,69.08,1.3020068945368954,,4,1,val,current_repo_v1
1728,69.12,1.0249063497886273,,4,1,val,current_repo_v1
1729,69.16,0.7419927793299825,,4,1,val,current_repo_v1
1730,69.2,0.7614172112232692,,4,1,val,current_repo_v1
1731,69.24,0.8049885446386958,,4,1,val,current_repo_v1
1732,69.28,1.0358418233684201,,4,1,val,current_repo_v1
1733,69.32,1.0637681994621904,,4,1,val,current_repo_v1
1734,69.36,1.0279157160372863,,4,1,val,current_repo_v1
1735,69.4,0.7118097015817327,,4,1,val,current_repo_v1
1736,69.44,0.9064485718173174,,4,1,val,current_repo_v1
1737,69.48,0.879174720393179,,4,1,val,current_repo_v1
1738,69.52,0.8937326749854733,,4,1,val,current_repo_v1
1739,69.56,-0.09243540102680248,,4,1,val,current_repo_v1
1740,69.6,-0.22156824031927969,,4,1,val,current_repo_v1
1741,69.64,0.5679072732725507,,4,1,val,current_repo_v1
1742,69.68,0.6149932596139819,,4,1,val,current_repo_v1
1743,69.72,0.195779851614598,,4,1,val,current_repo_v1
1744,69.76,-0.005528718672678248,,4,1,val,current_repo_v1
1745,69.8,-0.23492495191022397,,4,1,val,current_repo_v1
1746,69.84,-0.46387009668089774,,4,1,val,current_repo_v1
1747,69.88,-0.6914122326538592,,4,1,val,current_repo_v1
1748,69.92,-0.4497943965833033,,4,1,val,current_repo_v1
1749,69.96,-0.1618695497230905,,4,1,val,current_repo_v1
1750,70.0,0.4015519233261547,,4,1,val,current_repo_v1
1751,70.04,0.9938067656083578,,4,1,val,current_repo_v1
1752,70.08,1.769892537585744,,4,1,val,current_repo_v1
1753,70.12,1.4055387844512028,,4,1,val,current_repo_v1
1754,70.16,1.1302952215424624,,4,1,val,current_repo_v1
1755,70.2,1.377030692305416,,4,1,val,current_repo_v1
1756,70.24,0.6452966344844945,,4,1,val,current_repo_v1
1757,70.28,0.379041469687128,,4,1,val,current_repo_v1
1758,70.32,0.2913783013710383,,4,1,val,current_repo_v1
1759,70.36,0.7261250591310103,,4,1,val,current_repo_v1
1760,70.4,1.2236855859626308,,4,1,val,current_repo_v1
1761,70.44,1.5775772366316754,,4,1,val,current_repo_v1
1762,70.48,1.2065425353697443,,4,1,val,current_repo_v1
1763,70.52,-0.4262961433466194,,4,1,val,current_repo_v1
1764,70.56,0.6153608700466755,,4,1,val,current_repo_v1
1765,70.6,0.6568540092989288,,4,1,val,current_repo_v1
1766,70.64,0.6358124145338048,,4,1,val,current_repo_v1
1767,70.68,0.9943900322140447,,4,1,val,current_repo_v1
1768,70.72,0.9653979735038805,,4,1,val,current_repo_v1
1769,70.76,0.7332239460789792,,4,1,val,current_repo_v1
1770,70.8,-0.029728113401939302,,4,1,val,current_repo_v1
1771,70.84,-1.3629169067332922,,4,1,val,current_repo_v1
1772,70.88,-0.4855163104678783,,4,1,val,current_repo_v1
1773,70.92,-0.034449906682511605,,4,1,val,current_repo_v1
1774,70.96,0.1782679469157614,,4,1,val,current_repo_v1
1775,71.0,0.2736750486583124,,4,1,val,current_repo_v1
1776,71.04,0.5960019490459637,,4,1,val,current_repo_v1
1777,71.08,0.42196816041408053,,4,1,val,current_repo_v1
1778,71.12,0.6877308952082852,,4,1,val,current_repo_v1
1779,71.16,1.0453848997521829,,4,1,val,current_repo_v1
1780,71.2,0.3227109854530931,,4,1,val,current_repo_v1
1781,71.24,-0.3262773235014448,,4,1,val,current_repo_v1
1782,71.28,-0.22957095469269254,,4,1,val,current_repo_v1
1783,71.32,-0.5282721495622722,,4,1,val,current_repo_v1
1784,71.36,0.13730950640578946,,4,1,val,current_repo_v1
1785,71.4,0.2813589465848474,,4,1,val,current_repo_v1
1786,71.44,0.02088388044081207,,4,1,val,current_repo_v1
1787,71.48,0.2776800964857864,,4,1,val,current_repo_v1
1788,71.52,-0.11263333307921482,,4,1,val,current_repo_v1
1789,71.56,0.40892441839054855,,4,1,val,current_repo_v1
1790,71.6,0.5882965371872517,,4,1,val,current_repo_v1
1791,71.64,0.9641998477614722,,4,1,val,current_repo_v1
1792,71.68,1.111685088751754,,4,1,val,current_repo_v1
1793,71.72,1.4843827588252023,,4,1,val,current_repo_v1
1794,71.76,0.5883358824866384,,4,1,val,current_repo_v1
1795,71.8,0.16157484761610771,,4,1,val,current_repo_v1
1796,71.84,0.03895482232528523,,4,1,val,current_repo_v1
1797,71.88,-0.884206848511294,,4,1,val,current_repo_v1
1798,71.92,-0.5181869931546932,,4,1,val,current_repo_v1
1799,71.96,-0.4010414681365743,,4,1,val,current_repo_v1
1800,72.0,-0.1312330723148513,,4,1,val,current_repo_v1
1801,72.04,0.9224275442421417,,4,1,val,current_repo_v1
1802,72.08,1.24775495980125,,4,1,val,current_repo_v1
1803,72.12,1.2924494109252787,,4,1,val,current_repo_v1
1804,72.16,0.8083664904160923,,4,1,val,current_repo_v1
1805,72.2,0.6248636966414103,,4,1,val,current_repo_v1
1806,72.24,0.8420480694896133,,4,1,val,current_repo_v1
1807,72.28,0.8662296000437256,,4,1,val,current_repo_v1
1808,72.32,0.8119142218203991,,4,1,val,current_repo_v1
1809,72.36,0.8813407792643424,,4,1,val,current_repo_v1
1810,72.4,0.9855106574076216,,4,1,val,current_repo_v1
1811,72.44,1.1440751212242242,,4,1,val,current_repo_v1
1812,72.48,0.353922467923244,,4,1,val,current_repo_v1
1813,72.52,0.06033243499206827,,4,1,val,current_repo_v1
1814,72.56,-0.38519041638955903,,4,1,val,current_repo_v1
1815,72.6,0.2609156394140923,,4,1,val,current_repo_v1
1816,72.64,1.0124771115666007,,4,1,val,current_repo_v1
1817,72.68,0.6344450846221126,,4,1,val,current_repo_v1
1818,72.72,0.2642519948196002,,4,1,val,current_repo_v1
1819,72.76,-0.02646855885791902,,4,1,val,current_repo_v1
1820,72.8,0.18655064928788884,,4,1,val,current_repo_v1
1821,72.84,1.0878530788375138,,4,1,val,current_repo_v1
1822,72.88,0.7479467116051577,,4,1,val,current_repo_v1
1823,72.92,0.3347273887603724,,4,1,val,current_repo_v1
1824,72.96,2.480743996999162,,4,1,val,current_repo_v1
1825,73.0,2.14812490898573,,4,1,val,current_repo_v1
1826,73.04,2.0105401470002406,,4,1,val,current_repo_v1
1827,73.08,2.103073313666283,,4,1,val,current_repo_v1
1828,73.12,1.4855240955394318,,4,1,val,current_repo_v1
1829,73.16,0.9538117196273348,,4,1,val,current_repo_v1
1830,73.2,1.0953320452539426,,4,1,val,current_repo_v1
1831,73.24,1.4342107184348298,,4,1,val,current_repo_v1
1832,73.28,1.01052625662361,,4,1,val,current_repo_v1
1833,73.32,1.173263777218516,,4,1,val,current_repo_v1
1834,73.36,1.3435207724444904,,4,1,val,current_repo_v1
1835,73.4,0.9521990145972999,,4,1,val,current_repo_v1
1836,73.44,0.571230820458677,,4,1,val,current_repo_v1
1837,73.48,0.9013008628443537,,4,1,val,current_repo_v1
1838,73.52,0.7817857364826284,,4,1,val,current_repo_v1
1839,73.56,1.2670797686212127,,4,1,val,current_repo_v1
1840,73.6,1.5734274381584281,,4,1,val,current_repo_v1
1841,73.64,1.3253916989300276,,4,1,val,current_repo_v1
1842,73.68,1.0143524416245615,,4,1,val,current_repo_v1
1843,73.72,0.22503581132914624,,4,1,val,current_repo_v1
1844,73.76,0.32870070967549364,,4,1,val,current_repo_v1
1845,73.8,0.2552495771187896,,4,1,val,current_repo_v1
1846,73.84,-0.0664667725716359,,4,1,val,current_repo_v1
1847,73.88,0.47853180915630367,,4,1,val,current_repo_v1
1848,73.92,1.113700937736096,,4,1,val,current_repo_v1
1849,73.96,1.3802367204446058,,4,1,val,current_repo_v1
1850,74.0,1.46803255800912,,4,1,val,current_repo_v1
1851,74.04,1.3126075131302823,,4,1,val,current_repo_v1
1852,74.08,-0.5167063436122551,,4,1,val,current_repo_v1
1853,74.12,-1.2092216336866055,,4,1,val,current_repo_v1
1854,74.16,-0.771678969233268,,4,1,val,current_repo_v1
1855,74.2,-0.3480900925951888,,4,1,val,current_repo_v1
1856,74.24,-0.2617132862163144,,4,1,val,current_repo_v1
1857,74.28,-0.9226003663699898,,4,1,val,current_repo_v1
1858,74.32,-0.6049837896074398,,4,1,val,current_repo_v1
1859,74.36,0.04071214878828753,,4,1,val,current_repo_v1
1860,74.4,0.38658019702627067,,4,1,val,current_repo_v1
1861,74.44,0.1432490799079126,,4,1,val,current_repo_v1
1862,74.48,-0.35110307680241204,,4,1,val,current_repo_v1
1863,74.52,-0.6196716030696311,,4,1,val,current_repo_v1
1864,74.56,-0.15884483945373476,,4,1,val,current_repo_v1
1865,74.6,-0.7609497192916399,,4,1,val,current_repo_v1
1866,74.64,-0.1071455763802092,,4,1,val,current_repo_v1
1867,74.68,-0.6147336710869937,,4,1,val,current_repo_v1
1868,74.72,-0.8046583413133008,,4,1,val,current_repo_v1
1869,74.76,-0.29991846025885716,,4,1,val,current_repo_v1
1870,74.8,0.718715803023347,,4,1,val,current_repo_v1
1871,74.84,1.1793314813692577,,4,1,val,current_repo_v1
1872,74.88,0.7982929308578399,,4,1,val,current_repo_v1
1873,74.92,0.2943782996912718,,4,1,val,current_repo_v1
1874,74.96,0.8632964693505286,,4,1,val,current_repo_v1
1875,75.0,1.2003868372982067,,4,1,val,current_repo_v1
1876,75.04,1.0369278570017384,,4,1,val,current_repo_v1
1877,75.08,0.7473832791651716,,4,1,val,current_repo_v1
1878,75.12,0.44960758716922006,,4,1,val,current_repo_v1
1879,75.16,0.1448281896084219,,4,1,val,current_repo_v1
1880,75.2,0.2545979892420002,,4,1,val,current_repo_v1
1881,75.24,0.12252156109485111,,4,1,val,current_repo_v1
1882,75.28,0.08607383465231612,,4,1,val,current_repo_v1
1883,75.32,0.4211601281325868,,4,1,val,current_repo_v1
1884,75.36,0.57096619263226,,4,1,val,current_repo_v1
1885,75.4,0.3602444951791348,,4,1,val,current_repo_v1
1886,75.44,-0.3585915080568707,,4,1,val,current_repo_v1
1887,75.48,0.1877163103128229,,4,1,val,current_repo_v1
1888,75.52,0.2757301460324368,,4,1,val,current_repo_v1
1889,75.56,0.40300498593454004,,4,1,val,current_repo_v1
1890,75.6,0.22545505842938474,,4,1,val,current_repo_v1
1891,75.64,0.2765150492216802,,4,1,val,current_repo_v1
1892,75.68,0.1865687390807103,,4,1,val,current_repo_v1
1893,75.72,0.05026720158399395,,4,1,val,current_repo_v1
1894,75.76,-0.17906069978296124,,4,1,val,current_repo_v1
1895,75.8,-0.04662926348959081,,4,1,val,current_repo_v1
1896,75.84,-0.047390399598354914,,4,1,val,current_repo_v1
1897,75.88,-0.22994455736925828,,4,1,val,current_repo_v1
1898,75.92,-0.43221373452014433,,4,1,val,current_repo_v1
1899,75.96,-0.16160918591926707,,4,1,val,current_repo_v1
1900,76.0,0.29718925967652093,,4,1,val,current_repo_v1
1901,76.04,0.11289927726109165,,4,1,val,current_repo_v1
1902,76.08,0.10923254086258076,,4,1,val,current_repo_v1
1903,76.12,-0.27417006291759155,,4,1,val,current_repo_v1
1904,76.16,-0.8491722175411294,,4,1,val,current_repo_v1
1905,76.2,-0.8410772290727263,,4,1,val,current_repo_v1
1906,76.24,-1.1170972963383288,,4,1,val,current_repo_v1
1907,76.28,-1.2065334904733336,,4,1,val,current_repo_v1
1908,76.32,-1.0235447052403934,,4,1,val,current_repo_v1
1909,76.36,-1.2772081144091532,,4,1,val,current_repo_v1
1910,76.4,-0.8787472844313687,,4,1,val,current_repo_v1
1911,76.44,-1.0547578028706175,,4,1,val,current_repo_v1
1912,76.48,-1.3236452586459195,,4,1,val,current_repo_v1
1913,76.52,-1.4239579407148388,,4,1,val,current_repo_v1
1914,76.56,-1.3039603337360035,,4,1,val,current_repo_v1
1915,76.6,-1.5141212153084613,,4,1,val,current_repo_v1
1916,76.64,-1.1327038774566422,,4,1,val,current_repo_v1
1917,76.68,-0.8806307548960993,,4,1,val,current_repo_v1
1918,76.72,-0.6695806307936599,,4,1,val,current_repo_v1
1919,76.76,-0.38292027660326927,,4,1,val,current_repo_v1
1920,76.8,-1.1048023102215987,,4,1,val,current_repo_v1
1921,76.84,-1.2527682874561112,,4,1,val,current_repo_v1
1922,76.88,-1.3877313216105447,,4,1,val,current_repo_v1
1923,76.92,-1.100671247605202,,4,1,val,current_repo_v1
1924,76.96,-1.219554006495011,,4,1,val,current_repo_v1
1925,77.0,-1.0135928641452683,,4,1,val,current_repo_v1
1926,77.04,-1.0166324015840973,,4,1,val,current_repo_v1
1927,77.08,-1.354828960362809,,4,1,val,current_repo_v1
1928,77.12,-1.420402650361389,,4,1,val,current_repo_v1
1929,77.16,-1.0669563962341704,,4,1,val,current_repo_v1
1930,77.2,-1.0401341435665397,,4,1,val,current_repo_v1
1931,77.24,-1.463603013811169,,4,1,val,current_repo_v1
1932,77.28,-1.4299655609108521,,4,1,val,current_repo_v1
1933,77.32,-1.3742396956986738,,4,1,val,current_repo_v1
1934,77.36,-0.3167439703813238,,4,1,val,current_repo_v1
1935,77.4,0.8888900374471632,,4,1,val,current_repo_v1
1936,77.44,0.6754713780067658,,4,1,val,current_repo_v1
1937,77.48,0.32161371030566455,,4,1,val,current_repo_v1
1938,77.52,0.5332181573452763,,4,1,val,current_repo_v1
1939,77.56,0.2528256579419165,,4,1,val,current_repo_v1
1940,77.6,0.08116529050721324,,4,1,val,current_repo_v1
1941,77.64,-0.04464503933948481,,4,1,val,current_repo_v1
1942,77.68,-0.5692806115797157,,4,1,val,current_repo_v1
1943,77.72,-0.999577086486395,,4,1,val,current_repo_v1
1944,77.76,-0.5946926356841062,,4,1,val,current_repo_v1
1945,77.8,-0.662034344505374,,4,1,val,current_repo_v1
1946,77.84,-0.48559299826816077,,4,1,val,current_repo_v1
1947,77.88,-0.5413269069775044,,4,1,val,current_repo_v1
1948,77.92,-0.9909872775779215,,4,1,val,current_repo_v1
1949,77.96,-0.8325517035351719,,4,1,val,current_repo_v1
1950,78.0,-0.6944533852527616,,4,1,val,current_repo_v1
1951,78.04,0.5075351739869813,,4,1,val,current_repo_v1
1952,78.08,0.897653508366723,,4,1,val,current_repo_v1
1953,78.12,-0.46079240916113623,,4,1,val,current_repo_v1
1954,78.16,-1.2185591971026355,,4,1,val,current_repo_v1
1955,78.2,-0.6084455944958446,,4,1,val,current_repo_v1
1956,78.24,-0.33862664360304223,,4,1,val,current_repo_v1
1957,78.28,-0.03482443000031916,,4,1,val,current_repo_v1
1958,78.32,0.2340765406268966,,4,1,val,current_repo_v1
1959,78.36,0.048421517789179226,,4,1,val,current_repo_v1
1960,78.4,0.0652755112595393,,4,1,val,current_repo_v1
1961,78.44,0.06147354558388747,,4,1,val,current_repo_v1
1962,78.48,-0.15772692256056883,,4,1,val,current_repo_v1
1963,78.52,-0.9858688353054869,,4,1,val,current_repo_v1
1964,78.56,-0.8722107962209389,,4,1,val,current_repo_v1
1965,78.6,-0.598372228756801,,4,1,val,current_repo_v1
1966,78.64,-0.5667477821590969,,4,1,val,current_repo_v1
1967,78.68,-0.19840149868765014,,4,1,val,current_repo_v1
1968,78.72,-0.3799667948931481,,4,1,val,current_repo_v1
1969,78.76,-0.1582973647952733,,4,1,val,current_repo_v1
1970,78.8,-0.17484918604331134,,4,1,val,current_repo_v1
1971,78.84,-0.1199564446243661,,4,1,val,current_repo_v1
1972,78.88,-0.19902378756070901,,4,1,val,current_repo_v1
1973,78.92,-0.5870241786878724,,4,1,val,current_repo_v1
1974,78.96,-0.7774179560058823,,4,1,val,current_repo_v1
1975,79.0,-0.7437784357006713,,4,1,val,current_repo_v1
1976,79.04,-0.34619541291954914,,4,1,val,current_repo_v1
1977,79.08,0.011612788937600682,,4,1,val,current_repo_v1
1978,79.12,0.17245736009709567,,4,1,val,current_repo_v1
1979,79.16,0.32716172055120635,,4,1,val,current_repo_v1
1980,79.2,0.6602287247561787,,4,1,val,current_repo_v1
1981,79.24,0.5806470744734804,,4,1,val,current_repo_v1
1982,79.28,0.14115799676735402,,4,1,val,current_repo_v1
1983,79.32,-0.3002166188083969,,4,1,val,current_repo_v1
1984,79.36,-0.7780027085588366,,4,1,val,current_repo_v1
1985,79.4,-0.8357144453843959,,4,1,val,current_repo_v1
1986,79.44,-0.7313412508910838,,4,1,val,current_repo_v1
1987,79.48,-0.6770758780236281,,4,1,val,current_repo_v1
1988,79.52,-0.6662160585416707,,4,1,val,current_repo_v1
1989,79.56,-0.29578029093813796,,4,1,val,current_repo_v1
1990,79.6,-0.18893530392337887,,4,1,val,current_repo_v1
1991,79.64,-0.3745210565834506,,4,1,val,current_repo_v1
1992,79.68,-0.7119713468018732,,4,1,val,current_repo_v1
1993,79.72,-1.0196602452639953,,4,1,val,current_repo_v1
1994,79.76,-1.0318211084882347,,4,1,val,current_repo_v1
1995,79.8,-1.0009519107408273,,4,1,val,current_repo_v1
1996,79.84,-0.3705518976128063,,4,1,val,current_repo_v1
1997,79.88,0.22033878047144842,,4,1,val,current_repo_v1
1998,79.92,0.45359066881969656,,4,1,val,current_repo_v1
1999,79.96,0.1463387357638176,,4,1,val,current_repo_v1
2000,80.0,0.26307040831634293,,4,1,val,current_repo_v1
2001,80.04,0.3959097169451353,,4,1,val,current_repo_v1
2002,80.08,-0.012529767803941792,,4,1,val,current_repo_v1
2003,80.12,-0.754397725544506,,4,1,val,current_repo_v1
2004,80.16,-0.8274704745508272,,4,1,val,current_repo_v1
2005,80.2,-0.709910725580298,,4,1,val,current_repo_v1
2006,80.24,-0.4215334562319401,,4,1,val,current_repo_v1
2007,80.28,-0.5047921153312157,,4,1,val,current_repo_v1
2008,80.32,-0.711042694366102,,4,1,val,current_repo_v1
2009,80.36,-1.0048108511880665,,4,1,val,current_repo_v1
2010,80.4,-0.07735821284992928,,4,1,val,current_repo_v1
2011,80.44,0.09491125567583401,,4,1,val,current_repo_v1
2012,80.48,-0.09628129905644933,,4,1,val,current_repo_v1
2013,80.52,-0.3650351568662845,,4,1,val,current_repo_v1
2014,80.56,-0.014216762121550227,,4,1,val,current_repo_v1
2015,80.6,0.4473184854036692,,4,1,val,current_repo_v1
2016,80.64,0.32107825243814875,,4,1,val,current_repo_v1
2017,80.68,0.016784555719856816,,4,1,val,current_repo_v1
2018,80.72,-0.36417253217431167,,4,1,val,current_repo_v1
2019,80.76,-0.7873455696999071,,4,1,val,current_repo_v1
2020,80.8,-0.7363915334084232,,4,1,val,current_repo_v1
2021,80.84,-1.059405458284873,,4,1,val,current_repo_v1
2022,80.88,-0.6359398829667933,,4,1,val,current_repo_v1
2023,80.92,-0.6785641511216124,,4,1,val,current_repo_v1
2024,80.96,-0.25511619719993267,,4,1,val,current_repo_v1
2025,81.0,-0.2649826932367821,,4,1,val,current_repo_v1
2026,81.04,-0.2285501573747369,,4,1,val,current_repo_v1
2027,81.08,0.1053939272048647,,4,1,val,current_repo_v1
2028,81.12,0.11580810787098515,,4,1,val,current_repo_v1
2029,81.16,0.04416114545731061,,4,1,val,current_repo_v1
2030,81.2,-0.9339278716027853,,4,1,val,current_repo_v1
2031,81.24,-1.4667235030728742,,4,1,val,current_repo_v1
2032,81.28,-1.2154434887147474,,4,1,val,current_repo_v1
2033,81.32,-0.9884128416338133,,4,1,val,current_repo_v1
2034,81.36,-1.0977205439704072,,4,1,val,current_repo_v1
2035,81.4,-0.9451792058865219,,4,1,val,current_repo_v1
2036,81.44,-0.10739114531776078,,4,1,val,current_repo_v1
2037,81.48,-0.013446742632382718,,4,1,val,current_repo_v1
2038,81.52,-0.5923708753818723,,4,1,val,current_repo_v1
2039,81.56,-0.8072430496754756,,4,1,val,current_repo_v1
2040,81.6,-0.36097981295412646,,4,1,val,current_repo_v1
2041,81.64,-0.09227592819696064,,4,1,val,current_repo_v1
2042,81.68,-0.7560715482317163,,4,1,val,current_repo_v1
2043,81.72,-0.7581075544137738,,4,1,val,current_repo_v1
2044,81.76,-1.0491336216760168,,4,1,val,current_repo_v1
2045,81.8,-1.172839830002464,,4,1,val,current_repo_v1
2046,81.84,-1.0501986582283813,,4,1,val,current_repo_v1
2047,81.88,-0.9425035317090164,,4,1,val,current_repo_v1
2048,81.92,-0.7269810939698839,,4,1,val,current_repo_v1
2049,81.96,-0.9315705131725349,,4,1,val,current_repo_v1
2050,82.0,-0.5004059220296334,,4,1,val,current_repo_v1
2051,82.04,0.0002360945095088357,,4,1,val,current_repo_v1
2052,82.08,0.7630802446411896,,4,1,val,current_repo_v1
2053,82.12,0.5469636218142744,,4,1,val,current_repo_v1
2054,82.16,-0.020882471213648078,,4,1,val,current_repo_v1
2055,82.2,-0.019501154015720806,,4,1,val,current_repo_v1
2056,82.24,-0.16389828768481793,,4,1,val,current_repo_v1
2057,82.28,-0.5870380690645032,,4,1,val,current_repo_v1
2058,82.32,-0.5645273246966632,,4,1,val,current_repo_v1
2059,82.36,-0.8096641746254217,,4,1,val,current_repo_v1
2060,82.4,-1.1005920401552052,,4,1,val,current_repo_v1
2061,82.44,-0.4243271663076058,,4,1,val,current_repo_v1
2062,82.48,-0.37720357903966717,,4,1,val,current_repo_v1
2063,82.52,-0.6593773415783163,,4,1,val,current_repo_v1
2064,82.56,-0.5755685589580589,,4,1,val,current_repo_v1
2065,82.6,-0.4165364093906182,,4,1,val,current_repo_v1
2066,82.64,-0.3396955242363814,,4,1,val,current_repo_v1
2067,82.68,-0.07458514452000091,,4,1,val,current_repo_v1
2068,82.72,-0.6577206395878835,,4,1,val,current_repo_v1
2069,82.76,-0.04768404377548965,,4,1,val,current_repo_v1
2070,82.8,-0.451856568358549,,4,1,val,current_repo_v1
2071,82.84,-0.15666521323795532,,4,1,val,current_repo_v1
2072,82.88,0.4767787790190965,,4,1,val,current_repo_v1
2073,82.92,-0.08014673018595919,,4,1,val,current_repo_v1
2074,82.96,-0.5443401496103394,,4,1,val,current_repo_v1
2075,83.0,-0.34021828694572065,,4,1,val,current_repo_v1
2076,83.04,0.019564052386877095,,4,1,val,current_repo_v1
2077,83.08,0.4952754629662531,,4,1,val,current_repo_v1
2078,83.12,0.1294889013306464,,4,1,val,current_repo_v1
2079,83.16,0.09877812655903326,,4,1,val,current_repo_v1
2080,83.2,0.005808445217355968,,4,1,val,current_repo_v1
2081,83.24,-0.2804592378175905,,4,1,val,current_repo_v1
2082,83.28,-0.7518791095325326,,4,1,val,current_repo_v1
2083,83.32,-0.9546457882892109,,4,1,val,current_repo_v1
2084,83.36,-0.3235570386027134,,4,1,val,current_repo_v1
2085,83.4,0.05695812332483673,,4,1,val,current_repo_v1
2086,83.44,-1.002785634275299,,4,1,val,current_repo_v1
2087,83.48,-1.3975331466380572,,4,1,val,current_repo_v1
2088,83.52,-1.6790328059684945,,4,1,val,current_repo_v1
2089,83.56,-1.442929740149171,,4,1,val,current_repo_v1
2090,83.6,-1.309803724455759,,4,1,val,current_repo_v1
2091,83.64,-1.0806222010083508,,4,1,val,current_repo_v1
2092,83.68,-0.029830970833310183,,4,1,val,current_repo_v1
2093,83.72,-0.017965564803387856,,4,1,val,current_repo_v1
2094,83.76,0.3556163832017667,,4,1,val,current_repo_v1
2095,83.8,1.1058432485856688,,4,1,val,current_repo_v1
2096,83.84,1.4921213137686193,,4,1,val,current_repo_v1
2097,83.88,1.3158389961922279,,4,1,val,current_repo_v1
2098,83.92,0.7427811066585814,,4,1,val,current_repo_v1
2099,83.96,0.8034143450248095,,4,1,val,current_repo_v1
2100,84.0,0.9255080421404308,,4,1,val,current_repo_v1
2101,84.04,0.8678898553863198,,4,1,val,current_repo_v1
2102,84.08,-0.7231522601064119,,4,1,val,current_repo_v1
2103,84.12,-0.6657402969904658,,4,1,val,current_repo_v1
2104,84.16,0.11458627965450047,,4,1,val,current_repo_v1
2105,84.2,0.3024865647754779,,4,1,val,current_repo_v1
2106,84.24,0.8329205414895213,,4,1,val,current_repo_v1
2107,84.28,0.2353530339360637,,4,1,val,current_repo_v1
2108,84.32,0.40100373799726097,,4,1,val,current_repo_v1
2109,84.36,0.6459350749582868,,4,1,val,current_repo_v1
2110,84.4,-0.362664651033037,,4,1,val,current_repo_v1
2111,84.44,-0.21915989128551366,,4,1,val,current_repo_v1
2112,84.48,-0.20772358887017744,,4,1,val,current_repo_v1
2113,84.52,-0.1769779831715826,,4,1,val,current_repo_v1
2114,84.56,-0.06805902563724202,,4,1,val,current_repo_v1
2115,84.6,-0.5484670774169481,,4,1,val,current_repo_v1
2116,84.64,-0.6849687130572513,,4,1,val,current_repo_v1
2117,84.68,-0.7044496755531051,,4,1,val,current_repo_v1
2118,84.72,-0.4150978186164901,,4,1,val,current_repo_v1
2119,84.76,-0.5505107717609548,,4,1,val,current_repo_v1
2120,84.8,-0.8372224880416779,,4,1,val,current_repo_v1
2121,84.84,0.04282892912561306,,4,1,val,current_repo_v1
2122,84.88,0.881432972601329,,4,1,val,current_repo_v1
2123,84.92,0.18348158672291903,,4,1,val,current_repo_v1
2124,84.96,0.051964952867690865,,4,1,val,current_repo_v1
2125,85.0,-0.3370498597330386,,4,1,val,current_repo_v1
2126,85.04,-0.5895228313213392,,4,1,val,current_repo_v1
2127,85.08,-0.12836719688710846,,4,1,val,current_repo_v1
2128,85.12,-0.23570245766633144,,4,1,val,current_repo_v1
2129,85.16,-0.6578583804389385,,4,1,val,current_repo_v1
2130,85.2,-0.17416579566467777,,4,1,val,current_repo_v1
2131,85.24,-0.40664749493195074,,4,1,val,current_repo_v1
2132,85.28,-0.5650014710877947,,4,1,val,current_repo_v1
2133,85.32,-0.12276304367741712,,4,1,val,current_repo_v1
2134,85.36,-0.2289747506548182,,4,1,val,current_repo_v1
2135,85.4,0.043736842906042524,,4,1,val,current_repo_v1
2136,85.44,-0.007253770199514909,,4,1,val,current_repo_v1
2137,85.48,0.04981740373096808,,4,1,val,current_repo_v1
2138,85.52,0.24716713844415636,,4,1,val,current_repo_v1
2139,85.56,0.496570692132271,,4,1,val,current_repo_v1
2140,85.6,0.4157712111542696,,4,1,val,current_repo_v1
2141,85.64,0.42832633495241285,,4,1,val,current_repo_v1
2142,85.68,-0.05745421974136506,,4,1,val,current_repo_v1
2143,85.72,-0.29595737708857967,,4,1,val,current_repo_v1
2144,85.76,-0.00677573531050677,,4,1,val,current_repo_v1
2145,85.8,-0.47947771150165824,,4,1,val,current_repo_v1
2146,85.84,-0.7508309352513338,,4,1,val,current_repo_v1
2147,85.88,-1.0043542131321301,,4,1,val,current_repo_v1
2148,85.92,-1.3621530006250024,,4,1,val,current_repo_v1
2149,85.96,-1.332303421128697,,4,1,val,current_repo_v1
2150,86.0,-1.1210669721601965,,4,1,val,current_repo_v1
2151,86.04,-0.8361578391277309,,4,1,val,current_repo_v1
2152,86.08,-1.0214526853069923,,4,1,val,current_repo_v1
2153,86.12,-1.344518553731401,,4,1,val,current_repo_v1
2154,86.16,-0.6806032584110107,,4,1,val,current_repo_v1
2155,86.2,-0.7903122957226297,,4,1,val,current_repo_v1
2156,86.24,0.3401516777442959,,4,1,val,current_repo_v1
2157,86.28,1.5266686832478569,,4,1,val,current_repo_v1
2158,86.32,1.023242411881066,,4,1,val,current_repo_v1
2159,86.36,1.0182922692882739,,4,1,val,current_repo_v1
2160,86.4,0.8660445673057231,,4,1,val,current_repo_v1
2161,86.44,1.2589065417988567,,4,1,val,current_repo_v1
2162,86.48,-0.49917433017050533,,4,1,val,current_repo_v1
2163,86.52,-0.5543437404342144,,4,1,val,current_repo_v1
2164,86.56,-0.5455437022905941,,4,1,val,current_repo_v1
2165,86.6,-0.24932313486806273,,4,1,val,current_repo_v1
2166,86.64,-0.4736219163525396,,4,1,val,current_repo_v1
2167,86.68,-0.11785108346875912,,4,1,val,current_repo_v1
2168,86.72,-0.09678425990328939,,4,1,val,current_repo_v1
2169,86.76,-0.03180695564809202,,4,1,val,current_repo_v1
2170,86.8,0.043041694162074984,,4,1,val,current_repo_v1
2171,86.84,0.44794794558745377,,4,1,val,current_repo_v1
2172,86.88,0.7009372192448002,,4,1,val,current_repo_v1
2173,86.92,-0.006127553402522052,,4,1,val,current_repo_v1
2174,86.96,0.6034838227505246,,4,1,val,current_repo_v1
2175,87.0,0.8386646967743703,,4,1,val,current_repo_v1
2176,87.04,1.0487800954391626,,4,1,val,current_repo_v1
2177,87.08,0.7482338870661986,,4,1,val,current_repo_v1
2178,87.12,0.45513175765207925,,4,1,val,current_repo_v1
2179,87.16,0.5007713035414258,,4,1,val,current_repo_v1
2180,87.2,0.6048768014041814,,4,1,val,current_repo_v1
2181,87.24,0.9128529399337474,,4,1,val,current_repo_v1
2182,87.28,0.6438654734467038,,4,1,val,current_repo_v1
2183,87.32,-0.33282172599623394,,4,1,val,current_repo_v1
2184,87.36,-0.4321455101586462,,4,1,val,current_repo_v1
2185,87.4,0.24861440262787837,,4,1,val,current_repo_v1
2186,87.44,0.13457281955651323,,4,1,val,current_repo_v1
2187,87.48,0.2033072566816265,,4,1,val,current_repo_v1
2188,87.52,-0.4575169614419942,,4,1,val,current_repo_v1
2189,87.56,-0.0846403881630216,,4,1,val,current_repo_v1
2190,87.6,0.2742446833129802,,4,1,val,current_repo_v1
2191,87.64,-0.42074887607471134,,4,1,val,current_repo_v1
2192,87.68,1.2406801710415754,,4,1,val,current_repo_v1
2193,87.72,1.2960516055272586,,4,1,val,current_repo_v1
2194,87.76,1.3369030093791698,,4,1,val,current_repo_v1
2195,87.8,1.662392780828851,,4,1,val,current_repo_v1
2196,87.84,1.5883357532738325,,4,1,val,current_repo_v1
2197,87.88,1.4850917494909985,,4,1,val,current_repo_v1
2198,87.92,1.487248828072154,,4,1,val,current_repo_v1
2199,87.96,1.3619542713295778,,4,1,val,current_repo_v1
2200,88.0,0.5909649754476287,,4,1,val,current_repo_v1
2201,88.04,-0.030322540763732964,,4,1,val,current_repo_v1
2202,88.08,-0.5534540456594124,,4,1,val,current_repo_v1
2203,88.12,-0.6072517327760298,,4,1,val,current_repo_v1
2204,88.16,0.04779037783891841,,4,1,val,current_repo_v1
2205,88.2,0.28168385218520176,,4,1,val,current_repo_v1
2206,88.24,0.44443797662566187,,4,1,val,current_repo_v1
2207,88.28,0.8574132164801631,,4,1,val,current_repo_v1
2208,88.32,0.6307090255532537,,4,1,val,current_repo_v1
2209,88.36,-0.02085009532997785,,4,1,val,current_repo_v1
2210,88.4,-0.6467049894620496,,4,1,val,current_repo_v1
2211,88.44,-0.3835864332239202,,4,1,val,current_repo_v1
2212,88.48,-0.6079508386621771,,4,1,val,current_repo_v1
2213,88.52,-0.41418370262137894,,4,1,val,current_repo_v1
2214,88.56,-0.6183013012634041,,4,1,val,current_repo_v1
2215,88.6,-0.47943290696122365,,4,1,val,current_repo_v1
2216,88.64,1.1391031416672406,,4,1,val,current_repo_v1
2217,88.68,1.7301276842183744,,4,1,val,current_repo_v1
2218,88.72,1.7325838904451136,,4,1,val,current_repo_v1
2219,88.76,1.4934892897443408,,4,1,val,current_repo_v1
2220,88.8,1.6712563916729584,,4,1,val,current_repo_v1
2221,88.84,1.4601078074124476,,4,1,val,current_repo_v1
2222,88.88,0.16412583143595097,,4,1,val,current_repo_v1
2223,88.92,-0.2853520745309801,,4,1,val,current_repo_v1
2224,88.96,-0.6392036046238028,,4,1,val,current_repo_v1
2225,89.0,0.08192341434244055,,4,1,val,current_repo_v1
2226,89.04,1.120326065931351,,4,1,val,current_repo_v1
2227,89.08,0.35095948907189156,,4,1,val,current_repo_v1
2228,89.12,-0.5478964090598334,,4,1,val,current_repo_v1
2229,89.16,-0.2073334308028599,,4,1,val,current_repo_v1
2230,89.2,0.15913747415582366,,4,1,val,current_repo_v1
2231,89.24,0.2608734675845772,,4,1,val,current_repo_v1
2232,89.28,1.037979003177472,,4,1,val,current_repo_v1
2233,89.32,0.7464303993283001,,4,1,val,current_repo_v1
2234,89.36,1.5374261661875672,,4,1,val,current_repo_v1
2235,89.4,1.255992663813734,,4,1,val,current_repo_v1
2236,89.44,1.1837565031190034,,4,1,val,current_repo_v1
2237,89.48,1.1069818718309752,,4,1,val,current_repo_v1
2238,89.52,1.5189405945417152,,4,1,val,current_repo_v1
2239,89.56,1.7211493324026566,,4,1,val,current_repo_v1
2240,89.6,1.2666666752808537,,4,1,val,current_repo_v1
2241,89.64,1.3007912604592922,,4,1,val,current_repo_v1
2242,89.68,1.3450001298588699,,4,1,val,current_repo_v1
2243,89.72,1.524526722564988,,4,1,val,current_repo_v1
2244,89.76,1.5124352466174995,,4,1,val,current_repo_v1
2245,89.8,1.1190792915675336,,4,1,val,current_repo_v1
2246,89.84,0.7689635621179581,,4,1,val,current_repo_v1
2247,89.88,1.0136314341678199,,4,1,val,current_repo_v1
2248,89.92,0.05355701615198837,,4,1,val,current_repo_v1
2249,89.96,-0.5421285432251077,,4,1,val,current_repo_v1
2250,90.0,-0.7554206387221577,,4,1,val,current_repo_v1
2251,90.04,-0.3788455507702311,,4,1,val,current_repo_v1
2252,90.08,0.48944628565514314,,4,1,val,current_repo_v1
2253,90.12,1.534214711110531,,4,1,val,current_repo_v1
2254,90.16,1.3749883546958712,,4,1,val,current_repo_v1
2255,90.2,0.8317434774344694,,4,1,val,current_repo_v1
2256,90.24,1.357948545134873,,4,1,val,current_repo_v1
2257,90.28,1.8784497719458584,,4,1,val,current_repo_v1
2258,90.32,1.199720357645541,,4,1,val,current_repo_v1
2259,90.36,1.154431656827327,,4,1,val,current_repo_v1
2260,90.4,1.3501465467037748,,4,1,val,current_repo_v1
2261,90.44,1.0184421561430805,,4,1,val,current_repo_v1
2262,90.48,0.33029125470932225,,4,1,val,current_repo_v1
2263,90.52,0.42046796743475495,,4,1,val,current_repo_v1
2264,90.56,-0.2413623662017547,,4,1,val,current_repo_v1
2265,90.6,-0.6159012380008143,,4,1,val,current_repo_v1
2266,90.64,-0.4687850933904936,,4,1,val,current_repo_v1
2267,90.68,-0.7673634553364953,,4,1,val,current_repo_v1
2268,90.72,-0.30491192144481627,,4,1,val,current_repo_v1
2269,90.76,-0.48647167765126265,,4,1,val,current_repo_v1
2270,90.8,-0.948909256559908,,4,1,val,current_repo_v1
2271,90.84,-0.7850215481735705,,4,1,val,current_repo_v1
2272,90.88,-0.8011545422629891,,4,1,val,current_repo_v1
2273,90.92,-0.8241192758242453,,4,1,val,current_repo_v1
2274,90.96,-0.652606073699625,,4,1,val,current_repo_v1
2275,91.0,0.15543530114530354,,4,1,val,current_repo_v1
2276,91.04,-0.2055817574001143,,4,1,val,current_repo_v1
2277,91.08,-0.2790902281394222,,4,1,val,current_repo_v1
2278,91.12,-0.5348357078555313,,4,1,val,current_repo_v1
2279,91.16,-0.0058665778568208395,,4,1,val,current_repo_v1
2280,91.2,-0.49833590057643123,,4,1,val,current_repo_v1
2281,91.24,0.3240445262160508,,4,1,val,current_repo_v1
2282,91.28,1.3241118460879078,,4,1,val,current_repo_v1
2283,91.32,1.2909443401625316,,4,1,val,current_repo_v1
2284,91.36,1.5521482856497162,,4,1,val,current_repo_v1
2285,91.4,2.04995793477105,,4,1,val,current_repo_v1
2286,91.44,1.9324210564671591,,4,1,val,current_repo_v1
2287,91.48,1.4335432050797172,,4,1,val,current_repo_v1
2288,91.52,1.4710906374855912,,4,1,val,current_repo_v1
2289,91.56,1.6354678039805555,,4,1,val,current_repo_v1
2290,91.6,0.8013886758672214,,4,1,val,current_repo_v1
2291,91.64,0.5283415045358217,,4,1,val,current_repo_v1
2292,91.68,1.0609663489797552,,4,1,val,current_repo_v1
2293,91.72,1.5046536638097285,,4,1,val,current_repo_v1
2294,91.76,1.728316120680109,,4,1,val,current_repo_v1
2295,91.8,1.5359125673796328,,4,1,val,current_repo_v1
2296,91.84,1.3380116552535148,,4,1,val,current_repo_v1
2297,91.88,1.2130429732073371,,4,1,val,current_repo_v1
2298,91.92,1.5274719992619366,,4,1,val,current_repo_v1
2299,91.96,1.2512179922113105,,4,1,val,current_repo_v1
2300,92.0,1.1751085484478894,,4,1,val,current_repo_v1
2301,92.04,1.1409141883542824,,4,1,val,current_repo_v1
2302,92.08,0.8552451548105088,,4,1,val,current_repo_v1
2303,92.12,1.6895652002003831,,4,1,val,current_repo_v1
2304,92.16,1.3037861548736938,,4,1,val,current_repo_v1
2305,92.2,1.1058183105141364,,4,1,val,current_repo_v1
2306,92.24,1.6409951401771585,,4,1,val,current_repo_v1
2307,92.28,1.7687734254741239,,4,1,val,current_repo_v1
2308,92.32,1.3358450149247252,,4,1,val,current_repo_v1
2309,92.36,1.5590429517580113,,4,1,val,current_repo_v1
2310,92.4,1.2459674298448762,,4,1,val,current_repo_v1
2311,92.44,1.3820406604273248,,4,1,val,current_repo_v1
2312,92.48,1.1977293175199255,,4,1,val,current_repo_v1
2313,92.52,1.2238158324709456,,4,1,val,current_repo_v1
2314,92.56,1.3984099847386755,,4,1,val,current_repo_v1
2315,92.6,0.9741950397529658,,4,1,val,current_repo_v1
2316,92.64,1.0684300036786887,,4,1,val,current_repo_v1
2317,92.68,0.8668431670523884,,4,1,val,current_repo_v1
2318,92.72,0.7228661829542208,,4,1,val,current_repo_v1
2319,92.76,0.915961347798104,,4,1,val,current_repo_v1
2320,92.8,0.9513406539279207,,4,1,val,current_repo_v1
2321,92.84,0.9222473569843592,,4,1,val,current_repo_v1
2322,92.88,0.9207762691895554,,4,1,val,current_repo_v1
2323,92.92,1.5848051425663032,,4,1,val,current_repo_v1
2324,92.96,1.3531426040334293,,4,1,val,current_repo_v1
2325,93.0,1.3272204477714733,,4,1,val,current_repo_v1
2326,93.04,1.544337500747819,,4,1,val,current_repo_v1
2327,93.08,1.401912039416108,,4,1,val,current_repo_v1
2328,93.12,0.8647490797140934,,4,1,val,current_repo_v1
2329,93.16,0.7044896023101183,,4,1,val,current_repo_v1
2330,93.2,0.7302955962595994,,4,1,val,current_repo_v1
2331,93.24,0.8035068613938108,,4,1,val,current_repo_v1
2332,93.28,0.8694441562281024,,4,1,val,current_repo_v1
2333,93.32,1.0537351481185775,,4,1,val,current_repo_v1
2334,93.36,0.5170626802276368,,4,1,val,current_repo_v1
2335,93.4,0.807474082172367,,4,1,val,current_repo_v1
2336,93.44,0.9145599703120657,,4,1,val,current_repo_v1
2337,93.48,0.8124215759026386,,4,1,val,current_repo_v1
2338,93.52,0.7259839587470027,,4,1,val,current_repo_v1
2339,93.56,1.0412787106009158,,4,1,val,current_repo_v1
2340,93.6,1.1609797741902848,,4,1,val,current_repo_v1
2341,93.64,0.4476940424239237,,4,1,val,current_repo_v1
2342,93.68,-0.4529144659033894,,4,1,val,current_repo_v1
2343,93.72,-0.9091392346803037,,4,1,val,current_repo_v1
2344,93.76,-0.6224434115747023,,4,1,val,current_repo_v1
2345,93.8,-0.736038200990778,,4,1,val,current_repo_v1
2346,93.84,-0.4989316685210858,,4,1,val,current_repo_v1
2347,93.88,-0.2290740345445268,,4,1,val,current_repo_v1
2348,93.92,0.35010972105410254,,4,1,val,current_repo_v1
2349,93.96,-0.07189351256097068,,4,1,val,current_repo_v1
2350,94.0,-0.38318574431292446,,4,1,val,current_repo_v1
2351,94.04,-0.18395765515453788,,4,1,val,current_repo_v1
2352,94.08,-0.6347961558156552,,4,1,val,current_repo_v1
2353,94.12,-0.3833794989153231,,4,1,val,current_repo_v1
2354,94.16,-0.6935968981690674,,4,1,val,current_repo_v1
2355,94.2,-0.7883694519736029,,4,1,val,current_repo_v1
2356,94.24,-0.41862335772138903,,4,1,val,current_repo_v1
2357,94.28,-0.10210574394854435,,4,1,val,current_repo_v1
2358,94.32,-0.17709217498876817,,4,1,val,current_repo_v1
2359,94.36,-0.6652092969647524,,4,1,val,current_repo_v1
2360,94.4,-0.3620092513784745,,4,1,val,current_repo_v1
2361,94.44,-0.009670086515080233,,4,1,val,current_repo_v1
2362,94.48,-0.8851371161071386,,4,1,val,current_repo_v1
2363,94.52,-1.3231572218781573,,4,1,val,current_repo_v1
2364,94.56,-0.936314367520759,,4,1,val,current_repo_v1
2365,94.6,-0.13966271387465143,,4,1,val,current_repo_v1
2366,94.64,-0.14795200609987813,,4,1,val,current_repo_v1
2367,94.68,-0.20276065420960462,,4,1,val,current_repo_v1
2368,94.72,-0.6972280364395618,,4,1,val,current_repo_v1
2369,94.76,-0.40324396501899235,,4,1,val,current_repo_v1
2370,94.8,-0.30295043874854294,,4,1,val,current_repo_v1
2371,94.84,-0.38735531234546955,,4,1,val,current_repo_v1
2372,94.88,-0.5411519528383596,,4,1,val,current_repo_v1
2373,94.92,-0.45469695656033443,,4,1,val,current_repo_v1
2374,94.96,-0.45113636848184385,,4,1,val,current_repo_v1
2375,95.0,-0.40826491622939975,,4,1,val,current_repo_v1
2376,95.04,-0.7087365042069751,,4,1,val,current_repo_v1
2377,95.08,-0.7654097577117756,,4,1,val,current_repo_v1
2378,95.12,-0.767110908907427,,4,1,val,current_repo_v1
2379,95.16,-0.8353218968801698,,4,1,val,current_repo_v1
2380,95.2,-0.7780217674477021,,4,1,val,current_repo_v1
2381,95.24,0.5947616999288425,,4,1,val,current_repo_v1
2382,95.28,1.2399803544849959,,4,1,val,current_repo_v1
2383,95.32,0.637144404743092,,4,1,val,current_repo_v1
2384,95.36,0.37208846399698364,,4,1,val,current_repo_v1
2385,95.4,0.03863886471173721,,4,1,val,current_repo_v1
2386,95.44,-0.22550705043214578,,4,1,val,current_repo_v1
2387,95.48,-0.051339893995106196,,4,1,val,current_repo_v1
2388,95.52,0.5046233311035511,,4,1,val,current_repo_v1
2389,95.56,0.7967863741478254,,4,1,val,current_repo_v1
2390,95.6,1.0672743889494107,,4,1,val,current_repo_v1
2391,95.64,1.0053987694547646,,4,1,val,current_repo_v1
2392,95.68,0.3525866659361836,,4,1,val,current_repo_v1
2393,95.72,0.13989978707021722,,4,1,val,current_repo_v1
2394,95.76,0.4643210170701746,,4,1,val,current_repo_v1
2395,95.8,0.27876697000234263,,4,1,val,current_repo_v1
2396,95.84,0.46232031828732045,,4,1,val,current_repo_v1
2397,95.88,0.7280645433470846,,4,1,val,current_repo_v1
2398,95.92,0.9048407768739055,,4,1,val,current_repo_v1
2399,95.96,1.1116729427480023,,4,1,val,current_repo_v1
2400,96.0,1.3365514213344039,,4,1,val,current_repo_v1
2401,96.04,0.6640773927853513,,4,1,val,current_repo_v1
2402,96.08,0.22315649182580408,,4,1,val,current_repo_v1
2403,96.12,-0.28477022926615786,,4,1,val,current_repo_v1
2404,96.16,-0.5104488581528952,,4,1,val,current_repo_v1
2405,96.2,-0.4231756217817128,,4,1,val,current_repo_v1
2406,96.24,-0.209271170646055,,4,1,val,current_repo_v1
2407,96.28,-0.4954168217758724,,4,1,val,current_repo_v1
2408,96.32,-0.3346939872500556,,4,1,val,current_repo_v1
2409,96.36,0.21604566884489307,,4,1,val,current_repo_v1
2410,96.4,-0.2803267623883747,,4,1,val,current_repo_v1
2411,96.44,0.6189776656957185,,4,1,val,current_repo_v1
2412,96.48,0.6292874262630972,,4,1,val,current_repo_v1
2413,96.52,-0.9524746901186186,,4,1,val,current_repo_v1
2414,96.56,-0.9314156516247024,,4,1,val,current_repo_v1
2415,96.6,-0.20446283910770288,,4,1,val,current_repo_v1
2416,96.64,0.5834908545114199,,4,1,val,current_repo_v1
2417,96.68,1.0308649337248137,,4,1,val,current_repo_v1
2418,96.72,0.8919163305733909,,4,1,val,current_repo_v1
2419,96.76,0.9964109851042185,,4,1,val,current_repo_v1
2420,96.8,1.2996742157525658,,4,1,val,current_repo_v1
2421,96.84,0.6727574568387235,,4,1,val,current_repo_v1
2422,96.88,-0.041773930793104326,,4,1,val,current_repo_v1
2423,96.92,-0.29626745551946065,,4,1,val,current_repo_v1
2424,96.96,-0.0965884055927954,,4,1,val,current_repo_v1
2425,97.0,-0.17095295154997867,,4,1,val,current_repo_v1
2426,97.04,0.00992390488270643,,4,1,val,current_repo_v1
2427,97.08,0.15820355629821334,,4,1,val,current_repo_v1
2428,97.12,-0.05303765335460348,,4,1,val,current_repo_v1
2429,97.16,-0.40367876611073716,,4,1,val,current_repo_v1
2430,97.2,-1.0242939456952171,,4,1,val,current_repo_v1
2431,97.24,0.5902387994786522,,4,1,val,current_repo_v1
2432,97.28,1.205124554038152,,4,1,val,current_repo_v1
2433,97.32,1.0676895496946637,,4,1,val,current_repo_v1
2434,97.36,1.051286113202564,,4,1,val,current_repo_v1
2435,97.4,0.9371821607249665,,4,1,val,current_repo_v1
2436,97.44,1.1829429792932602,,4,1,val,current_repo_v1
2437,97.48,1.2376414734859844,,4,1,val,current_repo_v1
2438,97.52,1.1337129002576634,,4,1,val,current_repo_v1
2439,97.56,1.460289222191886,,4,1,val,current_repo_v1
2440,97.6,1.328680035626555,,4,1,val,current_repo_v1
2441,97.64,1.0736270073370908,,4,1,val,current_repo_v1
2442,97.68,1.0722775087926084,,4,1,val,current_repo_v1
2443,97.72,0.6658538104404206,,4,1,val,current_repo_v1
2444,97.76,0.7645694868352179,,4,1,val,current_repo_v1
2445,97.8,0.7887992783723218,,4,1,val,current_repo_v1
2446,97.84,0.5579018088629907,,4,1,val,current_repo_v1
2447,97.88,0.3532862886735543,,4,1,val,current_repo_v1
2448,97.92,0.4660640655181285,,4,1,val,current_repo_v1
2449,97.96,0.8316456633404276,,4,1,val,current_repo_v1
2450,98.0,0.7220144767443438,,4,1,val,current_repo_v1
2451,98.04,1.0051918997525704,,4,1,val,current_repo_v1
2452,98.08,1.3928161039470506,,4,1,val,current_repo_v1
2453,98.12,1.1720619689111405,,4,1,val,current_repo_v1
2454,98.16,1.4280214250337666,,4,1,val,current_repo_v1
2455,98.2,1.3643670620535455,,4,1,val,current_repo_v1
2456,98.24,1.145682140890801,,4,1,val,current_repo_v1
2457,98.28,1.2153424443005587,,4,1,val,current_repo_v1
2458,98.32,1.024168286241511,,4,1,val,current_repo_v1
2459,98.36,0.7888692471066991,,4,1,val,current_repo_v1
2460,98.4,1.0992536539120275,,4,1,val,current_repo_v1
2461,98.44,1.2479406386032819,,4,1,val,current_repo_v1
2462,98.48,1.216457680028003,,4,1,val,current_repo_v1
2463,98.52,1.406184202416512,,4,1,val,current_repo_v1
2464,98.56,1.0137842929171612,,4,1,val,current_repo_v1
2465,98.6,0.765343988393589,,4,1,val,current_repo_v1
2466,98.64,0.7728250222149117,,4,1,val,current_repo_v1
2467,98.68,0.9617851188454164,,4,1,val,current_repo_v1
2468,98.72,1.2382341726264996,,4,1,val,current_repo_v1
2469,98.76,1.275064344747002,,4,1,val,current_repo_v1
2470,98.8,0.7766243309522428,,4,1,val,current_repo_v1
2471,98.84,0.31322162929337005,,4,1,val,current_repo_v1
2472,98.88,0.5919758072279317,,4,1,val,current_repo_v1
2473,98.92,0.6303002608418912,,4,1,val,current_repo_v1
2474,98.96,0.22518960687133027,,4,1,val,current_repo_v1
2475,99.0,0.07682031609070274,,4,1,val,current_repo_v1
2476,99.04,-0.5788192301216758,,4,1,val,current_repo_v1
2477,99.08,-0.4861045840697925,,4,1,val,current_repo_v1
2478,99.12,-0.2660226625048083,,4,1,val,current_repo_v1
2479,99.16,-0.28222748276268866,,4,1,val,current_repo_v1
2480,99.2,-0.5167006259455955,,4,1,val,current_repo_v1
2481,99.24,-0.26373995677314793,,4,1,val,current_repo_v1
2482,99.28,0.5948852919776549,,4,1,val,current_repo_v1
2483,99.32,0.8282591895178437,,4,1,val,current_repo_v1
2484,99.36,0.3792829038148918,,4,1,val,current_repo_v1
2485,99.4,-0.16299922498159042,,4,1,val,current_repo_v1
2486,99.44,-0.5105479320717943,,4,1,val,current_repo_v1
2487,99.48,-0.7233062817710062,,4,1,val,current_repo_v1
2488,99.52,0.025421608060475727,,4,1,val,current_repo_v1
2489,99.56,-0.4050861519922483,,4,1,val,current_repo_v1
2490,99.6,-0.9043663074507593,,4,1,val,current_repo_v1
2491,99.64,-1.3195388756754438,,4,1,val,current_repo_v1
2492,99.68,-0.8887197349690297,,4,1,val,current_repo_v1
2493,99.72,-0.6384549456266052,,4,1,val,current_repo_v1
2494,99.76,-0.4371939190903005,,4,1,val,current_repo_v1
2495,99.8,-0.5949174013599131,,4,1,val,current_repo_v1
2496,99.84,-0.43081639493428947,,4,1,val,current_repo_v1
2497,99.88,-0.2051300294308008,,4,1,val,current_repo_v1
2498,99.92,0.11503521339688708,,4,1,val,current_repo_v1
2499,99.96,-0.5057840497386606,,4,1,val,current_repo_v1
2500,100.0,0.11889074585637144,,4,1,val,current_repo_v1
2501,100.04,-0.45061189370282684,,4,1,val,current_repo_v1
2502,100.08,-1.2928055214182501,,4,1,val,current_repo_v1
2503,100.12,-1.3929171483612393,,4,1,val,current_repo_v1
2504,100.16,-0.8444910314037511,,4,1,val,current_repo_v1
2505,100.2,-0.5867464357616597,,4,1,val,current_repo_v1
2506,100.24,-0.9056153430386795,,4,1,val,current_repo_v1
2507,100.28,-0.8697866993764578,,4,1,val,current_repo_v1
2508,100.32,-1.2485940677625549,,4,1,val,current_repo_v1
2509,100.36,-0.8491467626183735,,4,1,val,current_repo_v1
2510,100.4,-0.48243639402721555,,4,1,val,current_repo_v1
2511,100.44,-0.8732555463627822,,4,1,val,current_repo_v1
2512,100.48,-1.0407934519084796,,4,1,val,current_repo_v1
2513,100.52,-0.8372514317101922,,4,1,val,current_repo_v1
2514,100.56,-1.0509683143065323,,4,1,val,current_repo_v1
2515,100.6,-1.2964675415493467,,4,1,val,current_repo_v1
2516,100.64,-1.1332143972526256,,4,1,val,current_repo_v1
2517,100.68,-0.85975552161853,,4,1,val,current_repo_v1
2518,100.72,-0.9588495977153109,,4,1,val,current_repo_v1
2519,100.76,-1.067290734369353,,4,1,val,current_repo_v1
2520,100.8,-1.2461965241496795,,4,1,val,current_repo_v1
2521,100.84,-0.8481035630302005,,4,1,val,current_repo_v1
2522,100.88,-1.0066239652800022,,4,1,val,current_repo_v1
2523,100.92,-1.1326834618333153,,4,1,val,current_repo_v1
2524,100.96,-1.5811667683786803,,4,1,val,current_repo_v1
2525,101.0,-1.5631847390372948,,4,1,val,current_repo_v1
2526,101.04,-1.3733712564304368,,4,1,val,current_repo_v1
2527,101.08,-1.1433051421140585,,4,1,val,current_repo_v1
2528,101.12,-1.097601409763397,,4,1,val,current_repo_v1
2529,101.16,-1.0372344143836594,,4,1,val,current_repo_v1
2530,101.2,-1.1179499716442498,,4,1,val,current_repo_v1
2531,101.24,-1.3689905546731038,,4,1,val,current_repo_v1
2532,101.28,-1.1883392937047133,,4,1,val,current_repo_v1
2533,101.32,-1.2195242875496612,,4,1,val,current_repo_v1
2534,101.36,-1.346104640923427,,4,1,val,current_repo_v1
2535,101.4,-1.0854010074205622,,4,1,val,current_repo_v1
2536,101.44,-1.1328727585939113,,4,1,val,current_repo_v1
2537,101.48,-1.1085056784505731,,4,1,val,current_repo_v1
2538,101.52,-1.4028532254940485,,4,1,val,current_repo_v1
2539,101.56,-1.1655593344558481,,4,1,val,current_repo_v1
2540,101.6,-1.498273006243175,,4,1,val,current_repo_v1
2541,101.64,-1.5837092887597393,,4,1,val,current_repo_v1
2542,101.68,-1.3310867533486468,,4,1,val,current_repo_v1
2543,101.72,-1.4244946907104132,,4,1,val,current_repo_v1
2544,101.76,-1.4825656391362847,,4,1,val,current_repo_v1
2545,101.8,-1.6799825200916223,,4,1,val,current_repo_v1
2546,101.84,-1.8191422569678328,,4,1,val,current_repo_v1
2547,101.88,-2.3039661483122678,,4,1,val,current_repo_v1
2548,101.92,-1.7691337999896888,,4,1,val,current_repo_v1
2549,101.96,-1.4619278989959001,,4,1,val,current_repo_v1
2550,102.0,-1.373639631428224,,4,1,val,current_repo_v1
2551,102.04,-1.5916707357932782,,4,1,val,current_repo_v1
2552,102.08,-1.6189575084980032,,4,1,val,current_repo_v1
2553,102.12,-1.8030464761665042,,4,1,val,current_repo_v1
2554,102.16,-2.1536094757435906,,4,1,val,current_repo_v1
2555,102.2,-2.250438968204734,,4,1,val,current_repo_v1
2556,102.24,-2.274026765915884,,4,1,val,current_repo_v1
2557,102.28,-2.4829651651320277,,4,1,val,current_repo_v1
2558,102.32,-2.366803627933793,,4,1,val,current_repo_v1
2559,102.36,-2.33960278174497,,4,1,val,current_repo_v1
2560,102.4,-1.9498974760991843,,4,1,val,current_repo_v1
2561,102.44,-1.2317488526871936,,4,1,val,current_repo_v1
2562,102.48,-0.7211622536832434,,4,1,val,current_repo_v1
2563,102.52,-0.4511788148885714,,4,1,val,current_repo_v1
2564,102.56,-0.2912918257007114,,4,1,val,current_repo_v1
2565,102.6,-0.37268261678156483,,4,1,val,current_repo_v1
2566,102.64,-0.09585295860499787,,4,1,val,current_repo_v1
2567,102.68,-0.40456720106068206,,4,1,val,current_repo_v1
2568,102.72,-0.6843599269224055,,4,1,val,current_repo_v1
2569,102.76,-0.5804857522853546,,4,1,val,current_repo_v1
2570,102.8,-0.4848200472634601,,4,1,val,current_repo_v1
2571,102.84,-0.7454609802522777,,4,1,val,current_repo_v1
2572,102.88,-0.9920959234522664,,4,1,val,current_repo_v1
2573,102.92,-1.546820583238179,,4,1,val,current_repo_v1
2574,102.96,-1.797247793077579,,4,1,val,current_repo_v1
2575,103.0,-1.4714056583062967,,4,1,val,current_repo_v1
2576,103.04,-1.148439283742406,,4,1,val,current_repo_v1
2577,103.08,-0.8728422592032145,,4,1,val,current_repo_v1
2578,103.12,-0.5411076974523499,,4,1,val,current_repo_v1
2579,103.16,-0.5743442030160595,,4,1,val,current_repo_v1
2580,103.2,-0.6723745346885345,,4,1,val,current_repo_v1
2581,103.24,-1.2922657995281406,,4,1,val,current_repo_v1
2582,103.28,-1.3221049127871707,,4,1,val,current_repo_v1
2583,103.32,-0.7219105250420232,,4,1,val,current_repo_v1
2584,103.36,-1.3942442930903065,,4,1,val,current_repo_v1
2585,103.4,-1.8461751265090278,,4,1,val,current_repo_v1
2586,103.44,-1.7763632564779872,,4,1,val,current_repo_v1
2587,103.48,-1.3576198277567455,,4,1,val,current_repo_v1
2588,103.52,-1.006584103129392,,4,1,val,current_repo_v1
2589,103.56,-1.2471417158246019,,4,1,val,current_repo_v1
2590,103.6,-1.1821887641454103,,4,1,val,current_repo_v1
2591,103.64,-1.4141388011713398,,4,1,val,current_repo_v1
2592,103.68,-1.5173362883440618,,4,1,val,current_repo_v1
2593,103.72,-1.0563150110005322,,4,1,val,current_repo_v1
2594,103.76,-0.12831864517530367,,4,1,val,current_repo_v1
2595,103.8,-0.6376765030776552,,4,1,val,current_repo_v1
2596,103.84,-0.922794508610806,,4,1,val,current_repo_v1
2597,103.88,-1.1405363701099251,,4,1,val,current_repo_v1
2598,103.92,-1.2400736461308324,,4,1,val,current_repo_v1
2599,103.96,-1.173604640600395,,4,1,val,current_repo_v1
2600,104.0,-1.2969004044490036,,4,1,val,current_repo_v1
2601,104.04,-1.1133962539398599,,4,1,val,current_repo_v1
2602,104.08,-0.8957040101581939,,4,1,val,current_repo_v1
2603,104.12,-1.3030341363435438,,4,1,val,current_repo_v1
2604,104.16,-1.082713251845708,,4,1,val,current_repo_v1
2605,104.2,-1.0677431730090987,,4,1,val,current_repo_v1
2606,104.24,-1.1175404962624549,,4,1,val,current_repo_v1
2607,104.28,-1.3516375332706823,,4,1,val,current_repo_v1
2608,104.32,-1.029167077455712,,4,1,val,current_repo_v1
2609,104.36,-0.701663072181762,,4,1,val,current_repo_v1
2610,104.4,-0.5000763647682678,,4,1,val,current_repo_v1
2611,104.44,-0.659443110896503,,4,1,val,current_repo_v1
2612,104.48,-0.742069402523862,,4,1,val,current_repo_v1
2613,104.52,-0.29348889564528297,,4,1,val,current_repo_v1
2614,104.56,-0.4710978410995183,,4,1,val,current_repo_v1
2615,104.6,-0.15359311417204763,,4,1,val,current_repo_v1
2616,104.64,0.11512227860064082,,4,1,val,current_repo_v1
2617,104.68,-0.06070896110836677,,4,1,val,current_repo_v1
2618,104.72,-0.21200910924438807,,4,1,val,current_repo_v1
2619,104.76,-0.02149799256599964,,4,1,val,current_repo_v1
2620,104.8,0.1569308101604164,,4,1,val,current_repo_v1
2621,104.84,0.6391638070795955,,4,1,val,current_repo_v1
2622,104.88,0.3140224902641381,,4,1,val,current_repo_v1
2623,104.92,0.3936614464262387,,4,1,val,current_repo_v1
2624,104.96,0.2432302342201768,,4,1,val,current_repo_v1
2625,105.0,0.3742368207137431,,4,1,val,current_repo_v1
2626,105.04,0.07675067038834005,,4,1,val,current_repo_v1
2627,105.08,0.06718400055380609,,4,1,val,current_repo_v1
2628,105.12,0.0770633169237377,,4,1,val,current_repo_v1
2629,105.16,0.37638598501053927,,4,1,val,current_repo_v1
2630,105.2,0.11340197968231998,,4,1,val,current_repo_v1
2631,105.24,-0.19287563228671392,,4,1,val,current_repo_v1
2632,105.28,-0.08911536681383575,,4,1,val,current_repo_v1
2633,105.32,-0.2577449025225053,,4,1,val,current_repo_v1
2634,105.36,0.017987769216496186,,4,1,val,current_repo_v1
2635,105.4,0.19656370494979372,,4,1,val,current_repo_v1
2636,105.44,-0.1370154826660375,,4,1,val,current_repo_v1
2637,105.48,0.052233852792501936,,4,1,val,current_repo_v1
2638,105.52,0.12503978946840688,,4,1,val,current_repo_v1
2639,105.56,0.5322518070733933,,4,1,val,current_repo_v1
2640,105.6,0.017472856185113367,,4,1,val,current_repo_v1
2641,105.64,0.03638949588399067,,4,1,val,current_repo_v1
2642,105.68,0.022062268927124106,,4,1,val,current_repo_v1
2643,105.72,-0.062287642791456606,,4,1,val,current_repo_v1
2644,105.76,0.33914733890748766,,4,1,val,current_repo_v1
2645,105.8,-0.5030889613370735,,4,1,val,current_repo_v1
2646,105.84,-1.0225866568912871,,4,1,val,current_repo_v1
2647,105.88,-0.8961201399994909,,4,1,val,current_repo_v1
2648,105.92,-0.38591297439997124,,4,1,val,current_repo_v1
2649,105.96,-0.5267832304002587,,4,1,val,current_repo_v1
2650,106.0,-0.3724355618967458,,4,1,val,current_repo_v1
2651,106.04,-0.046262751365747055,,4,1,val,current_repo_v1
2652,106.08,0.17166518868752223,,4,1,val,current_repo_v1
2653,106.12,0.18416967721736605,,4,1,val,current_repo_v1
2654,106.16,-0.02355918716940096,,4,1,val,current_repo_v1
2655,106.2,-0.182435786727028,,4,1,val,current_repo_v1
2656,106.24,-0.008409889666315682,,4,1,val,current_repo_v1
2657,106.28,0.05042472007014705,,4,1,val,current_repo_v1
2658,106.32,-0.13051435838541364,,4,1,val,current_repo_v1
2659,106.36,-0.17483345438419695,,4,1,val,current_repo_v1
2660,106.4,-0.30886844986368694,,4,1,val,current_repo_v1
2661,106.44,0.0012981975273902082,,4,1,val,current_repo_v1
2662,106.48,0.2079735025883263,,4,1,val,current_repo_v1
2663,106.52,0.36475744624327333,,4,1,val,current_repo_v1
2664,106.56,0.399103017622947,,4,1,val,current_repo_v1
2665,106.6,-0.057214974155500635,,4,1,val,current_repo_v1
2666,106.64,-0.045714138019433866,,4,1,val,current_repo_v1
2667,106.68,0.28519979723926503,,4,1,val,current_repo_v1
2668,106.72,0.122639855418623,,4,1,val,current_repo_v1
2669,106.76,-0.12241856233697382,,4,1,val,current_repo_v1
2670,106.8,-0.15600306221428625,,4,1,val,current_repo_v1
2671,106.84,-0.6342630237786451,,4,1,val,current_repo_v1
2672,106.88,-0.5468231674942963,,4,1,val,current_repo_v1
2673,106.92,-0.5469001783265933,,4,1,val,current_repo_v1
2674,106.96,-1.339495147477682,,4,1,val,current_repo_v1
2675,107.0,-1.2083896324296233,,4,1,val,current_repo_v1
2676,107.04,-0.9559434724985402,,4,1,val,current_repo_v1
2677,107.08,-0.5617958305870229,,4,1,val,current_repo_v1
2678,107.12,-0.13337883669969303,,4,1,val,current_repo_v1
2679,107.16,0.031138620580292126,,4,1,val,current_repo_v1
2680,107.2,0.30942412953532106,,4,1,val,current_repo_v1
2681,107.24,-0.002624257070783162,,4,1,val,current_repo_v1
2682,107.28,0.19250661666475646,,4,1,val,current_repo_v1
2683,107.32,0.5923424485645814,,4,1,val,current_repo_v1
2684,107.36,0.49078325055745636,,4,1,val,current_repo_v1
2685,107.4,-0.49730966016902844,,4,1,val,current_repo_v1
2686,107.44,-0.46624977662336187,,4,1,val,current_repo_v1
2687,107.48,-0.527457850459694,,4,1,val,current_repo_v1
2688,107.52,-0.5763820181773991,,4,1,val,current_repo_v1
2689,107.56,-0.1332863526338932,,4,1,val,current_repo_v1
2690,107.6,-0.47936587781817974,,4,1,val,current_repo_v1
2691,107.64,-0.6576191429288745,,4,1,val,current_repo_v1
2692,107.68,-1.1042394592392388,,4,1,val,current_repo_v1
2693,107.72,-1.9573703695137372,,4,1,val,current_repo_v1
2694,107.76,-1.6667624994976853,,4,1,val,current_repo_v1
2695,107.8,-1.8752870300966344,,4,1,val,current_repo_v1
2696,107.84,-1.8970799327214762,,4,1,val,current_repo_v1
2697,107.88,-1.6410421736384944,,4,1,val,current_repo_v1
2698,107.92,-1.43440582977169,,4,1,val,current_repo_v1
2699,107.96,-0.87701227948058,,4,1,val,current_repo_v1
2700,108.0,-0.15415980923538192,,4,1,val,current_repo_v1
2701,108.04,1.0254420014753518,,4,1,val,current_repo_v1
2702,108.08,1.597687400885702,,4,1,val,current_repo_v1
2703,108.12,1.274755655353784,,4,1,val,current_repo_v1
2704,108.16,0.9238438458072576,,4,1,val,current_repo_v1
2705,108.2,0.5691520448378773,,4,1,val,current_repo_v1
2706,108.24,0.5822450492436464,,4,1,val,current_repo_v1
2707,108.28,0.4671834683585619,,4,1,val,current_repo_v1
2708,108.32,0.6888161535647681,,4,1,val,current_repo_v1
2709,108.36,0.7308161946544404,,4,1,val,current_repo_v1
2710,108.4,0.726590225232134,,4,1,val,current_repo_v1
2711,108.44,1.3384323721494202,,4,1,val,current_repo_v1
2712,108.48,0.38949611011308577,,4,1,val,current_repo_v1
2713,108.52,0.1977978164586362,,4,1,val,current_repo_v1
2714,108.56,1.2877415423434888,,4,1,val,current_repo_v1
2715,108.6,1.0096908312272723,,4,1,val,current_repo_v1
2716,108.64,0.5835048741008565,,4,1,val,current_repo_v1
2717,108.68,0.2240539232173575,,4,1,val,current_repo_v1
2718,108.72,0.0358824365684645,,4,1,val,current_repo_v1
2719,108.76,0.7041016408605004,,4,1,val,current_repo_v1
2720,108.8,2.7149664996418865,,4,1,val,current_repo_v1
2721,108.84,-4.488613056876505,,4,1,val,current_repo_v1
2722,108.88,-0.8645028001061096,,4,1,val,current_repo_v1
2723,108.92,1.325505664624803,,4,1,val,current_repo_v1
2724,108.96,1.6940335082400944,,4,1,val,current_repo_v1
2725,109.0,2.1102873938306828,,4,1,val,current_repo_v1
2726,109.04,2.1279472956470404,,4,1,val,current_repo_v1
2727,109.08,2.2535395586943356,,4,1,val,current_repo_v1
2728,109.12,2.570397785499248,,4,1,val,current_repo_v1
2729,109.16,2.632790256217365,,4,1,val,current_repo_v1
2730,109.2,2.576691482847452,,4,1,val,current_repo_v1
2731,109.24,2.1849895809253987,,4,1,val,current_repo_v1
2732,109.28,1.4379509123134764,,4,1,val,current_repo_v1
2733,109.32,0.5731134510401695,,4,1,val,current_repo_v1
2734,109.36,1.0328682490669867,,4,1,val,current_repo_v1
2735,109.4,1.5933506314823642,,4,1,val,current_repo_v1
2736,109.44,1.8780152292797252,,4,1,val,current_repo_v1
2737,109.48,2.3103670922893422,,4,1,val,current_repo_v1
2738,109.52,2.113226339100144,,4,1,val,current_repo_v1
2739,109.56,2.380514657190027,,4,1,val,current_repo_v1
2740,109.6,2.499630774407233,,4,1,val,current_repo_v1
2741,109.64,2.5263145109469733,,4,1,val,current_repo_v1
2742,109.68,2.2779196893310667,,4,1,val,current_repo_v1
2743,109.72,2.1948578213351273,,4,1,val,current_repo_v1
2744,109.76,2.499178529586696,,4,1,val,current_repo_v1
2745,109.8,2.088434019612695,,4,1,val,current_repo_v1
2746,109.84,2.4710145311429352,,4,1,val,current_repo_v1
2747,109.88,2.5649333759391024,,4,1,val,current_repo_v1
2748,109.92,2.3187964188929278,,4,1,val,current_repo_v1
2749,109.96,1.7553909843832112,,4,1,val,current_repo_v1
2750,110.0,1.5808288768913363,,4,1,val,current_repo_v1
2751,110.04,1.9508938360452301,,4,1,val,current_repo_v1
2752,110.08,2.1058562990790617,,4,1,val,current_repo_v1
2753,110.12,1.5354616146871545,,4,1,val,current_repo_v1
2754,110.16,1.136167555930732,,4,1,val,current_repo_v1
2755,110.2,0.8434019612694952,,4,1,val,current_repo_v1
2756,110.24,1.2275273411066896,,4,1,val,current_repo_v1
2757,110.28,1.2593562023632763,,4,1,val,current_repo_v1
2758,110.32,1.7397276788431215,,4,1,val,current_repo_v1
2759,110.36,2.3745277110429526,,4,1,val,current_repo_v1
2760,110.4,1.9514267096566287,,4,1,val,current_repo_v1
2761,110.44,1.595149919804072,,4,1,val,current_repo_v1
2762,110.48,1.6771789898427105,,4,1,val,current_repo_v1
2763,110.52,1.026581723029508,,4,1,val,current_repo_v1
2764,110.56,1.0287174168912923,,4,1,val,current_repo_v1
2765,110.6,0.5524724805796383,,4,1,val,current_repo_v1
2766,110.64,0.5102496766126501,,4,1,val,current_repo_v1
2767,110.68,0.6974312881831917,,4,1,val,current_repo_v1
2768,110.72,1.049532695426939,,4,1,val,current_repo_v1
2769,110.76,1.174059857315467,,4,1,val,current_repo_v1
2770,110.8,1.007829456152345,,4,1,val,current_repo_v1
2771,110.84,1.0285548671815108,,4,1,val,current_repo_v1
2772,110.88,1.0229632476139887,,4,1,val,current_repo_v1
2773,110.92,0.90508641041786,,4,1,val,current_repo_v1
2774,110.96,1.2941038516916088,,4,1,val,current_repo_v1
2775,111.0,1.7836148083560888,,4,1,val,current_repo_v1
2776,111.04,2.184274517257727,,4,1,val,current_repo_v1
2777,111.08,1.8336226192702034,,4,1,val,current_repo_v1
2778,111.12,1.7216103636939926,,4,1,val,current_repo_v1
2779,111.16,1.814671623097616,,4,1,val,current_repo_v1
2780,111.2,1.188201940492076,,4,1,val,current_repo_v1
2781,111.24,1.1896399498085777,,4,1,val,current_repo_v1
2782,111.28,1.4041689994961992,,4,1,val,current_repo_v1
2783,111.32,1.2198505498844774,,4,1,val,current_repo_v1
2784,111.36,1.2755028930101169,,4,1,val,current_repo_v1
2785,111.4,1.1847182340330766,,4,1,val,current_repo_v1
2786,111.44,1.1902066771751134,,4,1,val,current_repo_v1
2787,111.48,0.5061091168550224,,4,1,val,current_repo_v1
2788,111.52,0.3908406016613407,,4,1,val,current_repo_v1
2789,111.56,0.5504271064691554,,4,1,val,current_repo_v1
2790,111.6,-0.14546965043155138,,4,1,val,current_repo_v1
2791,111.64,0.41680400911157023,,4,1,val,current_repo_v1
2792,111.68,0.9430119841001058,,4,1,val,current_repo_v1
2793,111.72,0.8549104936433114,,4,1,val,current_repo_v1
2794,111.76,0.667093865738333,,4,1,val,current_repo_v1
2795,111.8,0.3702293178429576,,4,1,val,current_repo_v1
2796,111.84,0.02008999696156087,,4,1,val,current_repo_v1
2797,111.88,0.025570420833833495,,4,1,val,current_repo_v1
2798,111.92,0.3894958193842726,,4,1,val,current_repo_v1
2799,111.96,0.6004417010555781,,4,1,val,current_repo_v1
2800,112.0,-0.14754652016346453,,4,1,val,current_repo_v1
2801,112.04,0.6285126662791144,,4,1,val,current_repo_v1
2802,112.08,0.8478733704165472,,4,1,val,current_repo_v1
2803,112.12,0.7212727952386632,,4,1,val,current_repo_v1
2804,112.16,1.133273447504907,,4,1,val,current_repo_v1
2805,112.2,0.3413288064057507,,4,1,val,current_repo_v1
2806,112.24,0.6533708842975559,,4,1,val,current_repo_v1
2807,112.28,0.6118986775198533,,4,1,val,current_repo_v1
2808,112.32,0.5776256268274729,,4,1,val,current_repo_v1
2809,112.36,0.45285890439686627,,4,1,val,current_repo_v1
2810,112.4,0.4199401331227854,,4,1,val,current_repo_v1
2811,112.44,0.6350432107004742,,4,1,val,current_repo_v1
2812,112.48,0.10195047861069358,,4,1,val,current_repo_v1
2813,112.52,0.04626870323061734,,4,1,val,current_repo_v1
2814,112.56,0.22522119940236493,,4,1,val,current_repo_v1
2815,112.6,0.018015323847347473,,4,1,val,current_repo_v1
2816,112.64,0.029919731955140933,,4,1,val,current_repo_v1
2817,112.68,0.209726322754724,,4,1,val,current_repo_v1
2818,112.72,0.6892785415905657,,4,1,val,current_repo_v1
2819,112.76,0.8054765814064582,,4,1,val,current_repo_v1
2820,112.8,0.03293662484974166,,4,1,val,current_repo_v1
2821,112.84,-0.30472239856180977,,4,1,val,current_repo_v1
2822,112.88,-0.47423528954199357,,4,1,val,current_repo_v1
2823,112.92,-0.3757449279774281,,4,1,val,current_repo_v1
2824,112.96,-0.2558828813835487,,4,1,val,current_repo_v1
2825,113.0,-0.7138528790745159,,4,1,val,current_repo_v1
2826,113.04,-0.470323597966759,,4,1,val,current_repo_v1
2827,113.08,0.038569235160975254,,4,1,val,current_repo_v1
2828,113.12,0.19283501101086925,,4,1,val,current_repo_v1
2829,113.16,0.2919805945623892,,4,1,val,current_repo_v1
2830,113.2,1.0246972834687333,,4,1,val,current_repo_v1
2831,113.24,0.9987916664459281,,4,1,val,current_repo_v1
2832,113.28,1.1640311346008507,,4,1,val,current_repo_v1
2833,113.32,0.8861643579137869,,4,1,val,current_repo_v1
2834,113.36,0.8473273817053532,,4,1,val,current_repo_v1
2835,113.4,0.676705812547623,,4,1,val,current_repo_v1
2836,113.44,0.6635876116447097,,4,1,val,current_repo_v1
2837,113.48,0.3838124910277858,,4,1,val,current_repo_v1
2838,113.52,0.5631502392181281,,4,1,val,current_repo_v1
2839,113.56,0.5672515182827721,,4,1,val,current_repo_v1
2840,113.6,0.5761856147124802,,4,1,val,current_repo_v1
2841,113.64,0.5736343078606223,,4,1,val,current_repo_v1
2842,113.68,0.9137389521435823,,4,1,val,current_repo_v1
2843,113.72,0.9698423771745062,,4,1,val,current_repo_v1
2844,113.76,1.1059833152672296,,4,1,val,current_repo_v1
2845,113.8,1.0708028030392402,,4,1,val,current_repo_v1
2846,113.84,1.1201978868279303,,4,1,val,current_repo_v1
2847,113.88,1.0942905900386488,,4,1,val,current_repo_v1
2848,113.92,0.17879196944995787,,4,1,val,current_repo_v1
2849,113.96,-0.0725745609574979,,4,1,val,current_repo_v1
2850,114.0,-0.9557866727586197,,4,1,val,current_repo_v1
2851,114.04,1.039064261533955,,4,1,val,current_repo_v1
2852,114.08,1.304105568929799,,4,1,val,current_repo_v1
2853,114.12,1.1472099531073807,,4,1,val,current_repo_v1
2854,114.16,1.2622997992937486,,4,1,val,current_repo_v1
2855,114.2,0.6507371396755544,,4,1,val,current_repo_v1
2856,114.24,1.169437010759938,,4,1,val,current_repo_v1
2857,114.28,0.9434870995872814,,4,1,val,current_repo_v1
2858,114.32,0.5612514570359022,,4,1,val,current_repo_v1
2859,114.36,0.1483901021181726,,4,1,val,current_repo_v1
2860,114.4,0.5527896980180436,,4,1,val,current_repo_v1
2861,114.44,0.41570799378899886,,4,1,val,current_repo_v1
2862,114.48,0.2672835533676669,,4,1,val,current_repo_v1
2863,114.52,0.15342768947733548,,4,1,val,current_repo_v1
2864,114.56,0.2386227962917475,,4,1,val,current_repo_v1
2865,114.6,-0.045170596275750985,,4,1,val,current_repo_v1
2866,114.64,-0.4368841313882327,,4,1,val,current_repo_v1
2867,114.68,-1.1554692356584446,,4,1,val,current_repo_v1
2868,114.72,-1.2142871633150372,,4,1,val,current_repo_v1
2869,114.76,-1.1571482268578897,,4,1,val,current_repo_v1
2870,114.8,-1.5135564261340135,,4,1,val,current_repo_v1
2871,114.84,-0.48575506342992036,,4,1,val,current_repo_v1
2872,114.88,0.5586217180108826,,4,1,val,current_repo_v1
2873,114.92,-0.10275558745245453,,4,1,val,current_repo_v1
2874,114.96,0.10492616877182323,,4,1,val,current_repo_v1
2875,115.0,-0.22582399329333852,,4,1,val,current_repo_v1
2876,115.04,0.1510566667928645,,4,1,val,current_repo_v1
2877,115.08,0.5905159609472385,,4,1,val,current_repo_v1
2878,115.12,0.19089297484187906,,4,1,val,current_repo_v1
2879,115.16,0.8844390439234383,,4,1,val,current_repo_v1
2880,115.2,0.09759309976481977,,4,1,val,current_repo_v1
2881,115.24,-0.6185912547997712,,4,1,val,current_repo_v1
2882,115.28,-0.906749831474198,,4,1,val,current_repo_v1
2883,115.32,-1.1644114078885193,,4,1,val,current_repo_v1
2884,115.36,-1.712272412639545,,4,1,val,current_repo_v1
2885,115.4,-1.6073848219660736,,4,1,val,current_repo_v1
2886,115.44,-1.428692814773055,,4,1,val,current_repo_v1
2887,115.48,-1.2481419521548238,,4,1,val,current_repo_v1
2888,115.52,-1.608609242514476,,4,1,val,current_repo_v1
2889,115.56,-1.6426798167400618,,4,1,val,current_repo_v1
2890,115.6,-1.420582126948739,,4,1,val,current_repo_v1
2891,115.64,-0.934983087981904,,4,1,val,current_repo_v1
2892,115.68,0.31528690217595656,,4,1,val,current_repo_v1
2893,115.72,-0.9970480042371463,,4,1,val,current_repo_v1
2894,115.76,-1.4680865689619729,,4,1,val,current_repo_v1
2895,115.8,-1.6781398162671428,,4,1,val,current_repo_v1
2896,115.84,-1.7183678975435484,,4,1,val,current_repo_v1
2897,115.88,-1.6075975062445318,,4,1,val,current_repo_v1
2898,115.92,-1.4175316710278143,,4,1,val,current_repo_v1
2899,115.96,-1.1387980702325868,,4,1,val,current_repo_v1
2900,116.0,-1.5944538504188628,,4,1,val,current_repo_v1
2901,116.04,-1.5982525776985674,,4,1,val,current_repo_v1
2902,116.08,-1.4258052962003294,,4,1,val,current_repo_v1
2903,116.12,-1.381868678182715,,4,1,val,current_repo_v1
2904,116.16,-1.663106810794076,,4,1,val,current_repo_v1
2905,116.2,-1.624813303647122,,4,1,val,current_repo_v1
2906,116.24,-1.5207034448521684,,4,1,val,current_repo_v1
2907,116.28,-1.8695603185405776,,4,1,val,current_repo_v1
2908,116.32,-1.6512802210986164,,4,1,val,current_repo_v1
2909,116.36,-1.5554875321917554,,4,1,val,current_repo_v1
2910,116.4,-1.335433084499619,,4,1,val,current_repo_v1
2911,116.44,-1.4982794668834685,,4,1,val,current_repo_v1
2912,116.48,-1.1946807997910887,,4,1,val,current_repo_v1
2913,116.52,-0.7262803729236633,,4,1,val,current_repo_v1
2914,116.56,-0.8515446938696664,,4,1,val,current_repo_v1
2915,116.6,-1.3996973319235355,,4,1,val,current_repo_v1
2916,116.64,-1.5569798108867217,,4,1,val,current_repo_v1
2917,116.68,-1.475082667122874,,4,1,val,current_repo_v1
2918,116.72,-1.4522977977873857,,4,1,val,current_repo_v1
2919,116.76,-1.5776588991249838,,4,1,val,current_repo_v1
2920,116.8,-1.7842078951350215,,4,1,val,current_repo_v1
2921,116.84,-1.8769726111491787,,4,1,val,current_repo_v1
2922,116.88,-2.0053037980424517,,4,1,val,current_repo_v1
2923,116.92,-1.82032494177994,,4,1,val,current_repo_v1
2924,116.96,-1.6869641464182663,,4,1,val,current_repo_v1
2925,117.0,-1.931123113832218,,4,1,val,current_repo_v1
2926,117.04,-1.8111765459117004,,4,1,val,current_repo_v1
2927,117.08,-1.620036047788581,,4,1,val,current_repo_v1
2928,117.12,-1.2402987348386538,,4,1,val,current_repo_v1
2929,117.16,-1.396192434564374,,4,1,val,current_repo_v1
2930,117.2,-1.5073438744278942,,4,1,val,current_repo_v1
2931,117.24,-1.6319598055140532,,4,1,val,current_repo_v1
2932,117.28,-1.6519814589960604,,4,1,val,current_repo_v1
2933,117.32,-1.7344614817271773,,4,1,val,current_repo_v1
2934,117.36,-1.6989848137481391,,4,1,val,current_repo_v1
2935,117.4,-1.733291588982851,,4,1,val,current_repo_v1
2936,117.44,-1.7008440568117695,,4,1,val,current_repo_v1
2937,117.48,-1.7645378296977803,,4,1,val,current_repo_v1
2938,117.52,-1.5547833223997765,,4,1,val,current_repo_v1
2939,117.56,-1.6671633176214868,,4,1,val,current_repo_v1
2940,117.6,-1.7752287680424685,,4,1,val,current_repo_v1
2941,117.64,-2.036819964308839,,4,1,val,current_repo_v1
2942,117.68,-1.8794467779559336,,4,1,val,current_repo_v1
2943,117.72,-1.9265058234273413,,4,1,val,current_repo_v1
2944,117.76,-1.7960160073992422,,4,1,val,current_repo_v1
2945,117.8,-1.62179308352277,,4,1,val,current_repo_v1
2946,117.84,-1.908404272240528,,4,1,val,current_repo_v1
2947,117.88,-1.808049466796896,,4,1,val,current_repo_v1
2948,117.92,-1.7601108697559467,,4,1,val,current_repo_v1
2949,117.96,-1.8776593772123655,,4,1,val,current_repo_v1
2950,118.0,-2.0188277271557897,,4,1,val,current_repo_v1
2951,118.04,-1.9297609524327606,,4,1,val,current_repo_v1
2952,118.08,-1.7776982831882122,,4,1,val,current_repo_v1
2953,118.12,-1.807126370511777,,4,1,val,current_repo_v1
2954,118.16,-1.6903363422258018,,4,1,val,current_repo_v1
2955,118.2,-1.8942190319867593,,4,1,val,current_repo_v1
2956,118.24,-1.951694050951969,,4,1,val,current_repo_v1
2957,118.28,-2.085107435925631,,4,1,val,current_repo_v1
2958,118.32,-2.8007508814574584,,4,1,val,current_repo_v1
2959,118.36,-2.9429206306463573,,4,1,val,current_repo_v1
2960,118.4,-2.764081837705873,,4,1,val,current_repo_v1
2961,118.44,-2.4637483782177703,,4,1,val,current_repo_v1
2962,118.48,-1.739823037893852,,4,1,val,current_repo_v1
2963,118.52,-1.5297924028297087,,4,1,val,current_repo_v1
2964,118.56,-1.0075789771281705,,4,1,val,current_repo_v1
2965,118.6,-1.1305185012710017,,4,1,val,current_repo_v1
2966,118.64,-1.9125521325216874,,4,1,val,current_repo_v1
2967,118.68,-2.0865503553287557,,4,1,val,current_repo_v1
2968,118.72,-2.427746330970074,,4,1,val,current_repo_v1
2969,118.76,-2.5083231782835655,,4,1,val,current_repo_v1
2970,118.8,-2.5380410899306916,,4,1,val,current_repo_v1
2971,118.84,-2.39527980451653,,4,1,val,current_repo_v1
2972,118.88,-1.77883936147683,,4,1,val,current_repo_v1
2973,118.92,-1.8225621323007335,,4,1,val,current_repo_v1
2974,118.96,-2.413386911853996,,4,1,val,current_repo_v1
2975,119.0,-2.8260776251099764,,4,1,val,current_repo_v1
2976,119.04,-2.6117027262997548,,4,1,val,current_repo_v1
2977,119.08,-2.1715266402564306,,4,1,val,current_repo_v1
2978,119.12,-2.3140320843149738,,4,1,val,current_repo_v1
2979,119.16,-2.185953508457172,,4,1,val,current_repo_v1
2980,119.2,-2.188185013614507,,4,1,val,current_repo_v1
2981,119.24,-1.7573405471981431,,4,1,val,current_repo_v1
2982,119.28,-1.7690523959219921,,4,1,val,current_repo_v1
2983,119.32,-2.118644232050177,,4,1,val,current_repo_v1
2984,119.36,-1.8949914661402365,,4,1,val,current_repo_v1
2985,119.4,-2.0024971666861995,,4,1,val,current_repo_v1
2986,119.44,-2.2861929268651644,,4,1,val,current_repo_v1
2987,119.48,-2.7171700948331545,,4,1,val,current_repo_v1
2988,119.52,-2.0587046080258466,,4,1,val,current_repo_v1
2989,119.56,-2.2573950103958165,,4,1,val,current_repo_v1
2990,119.6,-2.254208105751895,,4,1,val,current_repo_v1
2991,119.64,-1.6219473636129762,,4,1,val,current_repo_v1
2992,119.68,-1.2281718545823577,,4,1,val,current_repo_v1
2993,119.72,-1.0352121693654268,,4,1,val,current_repo_v1
2994,119.76,-0.5780760626687277,,4,1,val,current_repo_v1
2995,119.8,-0.6417613721159541,,4,1,val,current_repo_v1
2996,119.84,-0.8119293397186856,,4,1,val,current_repo_v1
2997,119.88,-1.1074277852240246,,4,1,val,current_repo_v1
2998,119.92,-1.364454539123118,,4,1,val,current_repo_v1
2999,119.96,-1.368247064188141,,4,1,val,current_repo_v1
3000,120.0,-1.5966074402542598,,4,1,val,current_repo_v1
3001,120.04,-1.805340003470656,,4,1,val,current_repo_v1
3002,120.08,-2.1012043796422124,,4,1,val,current_repo_v1
3003,120.12,-2.1546878858213625,,4,1,val,current_repo_v1
3004,120.16,-2.1628357869337687,,4,1,val,current_repo_v1
3005,120.2,-2.3083733386948033,,4,1,val,current_repo_v1
3006,120.24,-1.86118358154898,,4,1,val,current_repo_v1
3007,120.28,-1.74078993732016,,4,1,val,current_repo_v1
3008,120.32,-1.625906185559151,,4,1,val,current_repo_v1
3009,120.36,-1.6056091795878396,,4,1,val,current_repo_v1
3010,120.4,-1.4924983567361414,,4,1,val,current_repo_v1
3011,120.44,-1.1910496615205943,,4,1,val,current_repo_v1
3012,120.48,-1.0429133818079481,,4,1,val,current_repo_v1
3013,120.52,-1.1448668080857756,,4,1,val,current_repo_v1
3014,120.56,-0.8382131626242656,,4,1,val,current_repo_v1
3015,120.6,-0.7712389350228855,,4,1,val,current_repo_v1
3016,120.64,-0.6716457098570376,,4,1,val,current_repo_v1
3017,120.68,-0.4673071573169788,,4,1,val,current_repo_v1
3018,120.72,-0.701439598634014,,4,1,val,current_repo_v1
3019,120.76,-1.0897540576374394,,4,1,val,current_repo_v1
3020,120.8,-1.5307626617889694,,4,1,val,current_repo_v1
3021,120.84,-1.240623834258217,,4,1,val,current_repo_v1
3022,120.88,-1.1243566009847825,,4,1,val,current_repo_v1
3023,120.92,-1.1788050683981528,,4,1,val,current_repo_v1
3024,120.96,-1.1606501523225161,,4,1,val,current_repo_v1
3025,121.0,-1.357142774077482,,4,1,val,current_repo_v1
3026,121.04,-1.2586255039460945,,4,1,val,current_repo_v1
3027,121.08,-1.2142026581399998,,4,1,val,current_repo_v1
3028,121.12,-1.2852810720941559,,4,1,val,current_repo_v1
3029,121.16,-1.0756462158543854,,4,1,val,current_repo_v1
3030,121.2,-1.0607705915788654,,4,1,val,current_repo_v1
3031,121.24,-1.188480264875915,,4,1,val,current_repo_v1
3032,121.28,-1.4285155348034047,,4,1,val,current_repo_v1
3033,121.32,-1.258134753709409,,4,1,val,current_repo_v1
3034,121.36,-1.3634623139868598,,4,1,val,current_repo_v1
3035,121.4,-1.5211850209796371,,4,1,val,current_repo_v1
3036,121.44,-1.2853945209377076,,4,1,val,current_repo_v1
3037,121.48,-1.3881464823557976,,4,1,val,current_repo_v1
3038,121.52,-1.6072286036837795,,4,1,val,current_repo_v1
3039,121.56,-2.135671766394618,,4,1,val,current_repo_v1
3040,121.6,-2.399209682794191,,4,1,val,current_repo_v1
3041,121.64,-2.5352028014370016,,4,1,val,current_repo_v1
3042,121.68,-2.4224044151498916,,4,1,val,current_repo_v1
3043,121.72,-2.934747662249613,,4,1,val,current_repo_v1
3044,121.76,-2.720407392471364,,4,1,val,current_repo_v1
3045,121.8,-2.57599425054699,,4,1,val,current_repo_v1
3046,121.84,-3.026623652585012,,4,1,val,current_repo_v1
3047,121.88,-3.1627780288095457,,4,1,val,current_repo_v1
3048,121.92,-3.222667905903617,,4,1,val,current_repo_v1
3049,121.96,-2.870402786034835,,4,1,val,current_repo_v1
3050,122.0,-2.077073371295194,,4,1,val,current_repo_v1
3051,122.04,-1.2419123443583298,,4,1,val,current_repo_v1
3052,122.08,-0.7061035994682118,,4,1,val,current_repo_v1
3053,122.12,-0.27198895075454466,,4,1,val,current_repo_v1
3054,122.16,0.28502397091368054,,4,1,val,current_repo_v1
3055,122.2,0.07174402949618247,,4,1,val,current_repo_v1
3056,122.24,-0.10548436809317174,,4,1,val,current_repo_v1
3057,122.28,-0.2737251186205861,,4,1,val,current_repo_v1
3058,122.32,-0.08945062559026025,,4,1,val,current_repo_v1
3059,122.36,-0.1700407414437541,,4,1,val,current_repo_v1
3060,122.4,-0.38892699230964145,,4,1,val,current_repo_v1
3061,122.44,-1.0736456139811357,,4,1,val,current_repo_v1
3062,122.48,-1.4302653346204652,,4,1,val,current_repo_v1
3063,122.52,-2.3616020372207824,,4,1,val,current_repo_v1
3064,122.56,-1.73048741266991,,4,1,val,current_repo_v1
3065,122.6,-0.7481267696501344,,4,1,val,current_repo_v1
3066,122.64,-0.7296192318272848,,4,1,val,current_repo_v1
3067,122.68,-1.2071588804537334,,4,1,val,current_repo_v1
3068,122.72,-1.371693169720633,,4,1,val,current_repo_v1
3069,122.76,-0.9448716148021539,,4,1,val,current_repo_v1
3070,122.8,-1.433578609388525,,4,1,val,current_repo_v1
3071,122.84,-1.5977114344675936,,4,1,val,current_repo_v1
3072,122.88,-0.9546110946508354,,4,1,val,current_repo_v1
3073,122.92,-2.0420564424794336,,4,1,val,current_repo_v1
3074,122.96,-2.030320818599305,,4,1,val,current_repo_v1
3075,123.0,-1.878511664879869,,4,1,val,current_repo_v1
3076,123.04,-1.618775189228924,,4,1,val,current_repo_v1
3077,123.08,-1.346196640441205,,4,1,val,current_repo_v1
3078,123.12,-1.515846464692407,,4,1,val,current_repo_v1
3079,123.16,-1.6173950672494508,,4,1,val,current_repo_v1
3080,123.2,-1.6879711018143932,,4,1,val,current_repo_v1
3081,123.24,-1.6468266433187742,,4,1,val,current_repo_v1
3082,123.28,-1.854689345926069,,4,1,val,current_repo_v1
3083,123.32,-1.719990422746829,,4,1,val,current_repo_v1
3084,123.36,-1.4842612987876866,,4,1,val,current_repo_v1
3085,123.4,-1.3464577795218635,,4,1,val,current_repo_v1
3086,123.44,-1.395401264554046,,4,1,val,current_repo_v1
3087,123.48,-1.4835472688224618,,4,1,val,current_repo_v1
3088,123.52,-1.2098357821528947,,4,1,val,current_repo_v1
3089,123.56,-1.2683812000019123,,4,1,val,current_repo_v1
3090,123.6,-1.2105058797641246,,4,1,val,current_repo_v1
3091,123.64,-1.4520849842961217,,4,1,val,current_repo_v1
3092,123.68,-1.5900548004430965,,4,1,val,current_repo_v1
3093,123.72,-1.7206426889908493,,4,1,val,current_repo_v1
3094,123.76,-1.658382273760329,,4,1,val,current_repo_v1
3095,123.8,-1.5860461023538568,,4,1,val,current_repo_v1
3096,123.84,-1.4951666011773095,,4,1,val,current_repo_v1
3097,123.88,-1.4286800227052743,,4,1,val,current_repo_v1
3098,123.92,-1.5315624890572905,,4,1,val,current_repo_v1
3099,123.96,-1.5443204446574446,,4,1,val,current_repo_v1
3100,124.0,-1.2335390961124906,,4,1,val,current_repo_v1
3101,124.04,-1.45555589868734,,4,1,val,current_repo_v1
3102,124.08,-1.4499525853608868,,4,1,val,current_repo_v1
3103,124.12,-1.5848808612705418,,4,1,val,current_repo_v1
3104,124.16,-1.4555199775273089,,4,1,val,current_repo_v1
3105,124.2,-1.3552627277521068,,4,1,val,current_repo_v1
3106,124.24,-1.4922277851206545,,4,1,val,current_repo_v1
3107,124.28,-1.5603116922988263,,4,1,val,current_repo_v1
3108,124.32,-1.5739404129977228,,4,1,val,current_repo_v1
3109,124.36,-1.5447936219525322,,4,1,val,current_repo_v1
3110,124.4,-1.4686027741214143,,4,1,val,current_repo_v1
3111,124.44,-1.4767493831057616,,4,1,val,current_repo_v1
3112,124.48,-1.336110676453589,,4,1,val,current_repo_v1
3113,124.52,-1.3862495091528537,,4,1,val,current_repo_v1
3114,124.56,-1.4606679449258841,,4,1,val,current_repo_v1
3115,124.6,-1.8188203878684164,,4,1,val,current_repo_v1
3116,124.64,-1.7151868074758911,,4,1,val,current_repo_v1
3117,124.68,-1.844306580123375,,4,1,val,current_repo_v1
3118,124.72,-1.788946516364608,,4,1,val,current_repo_v1
3119,124.76,-1.9314694041519433,,4,1,val,current_repo_v1
3120,124.8,-1.7367940312987011,,4,1,val,current_repo_v1
3121,124.84,-1.1604050356297853,,4,1,val,current_repo_v1
3122,124.88,-1.0815181626042376,,4,1,val,current_repo_v1
3123,124.92,-0.29661516718005065,,4,1,val,current_repo_v1
3124,124.96,-0.15956064609504042,,4,1,val,current_repo_v1
3125,125.0,0.7544873992317782,,4,1,val,current_repo_v1
3126,125.04,0.10434226417790743,,4,1,val,current_repo_v1
3127,125.08,0.4332186225113775,,4,1,val,current_repo_v1
3128,125.12,0.6638101160964139,,4,1,val,current_repo_v1
3129,125.16,-0.6907474973740727,,4,1,val,current_repo_v1
3130,125.2,-1.2156280046015264,,4,1,val,current_repo_v1
3131,125.24,-1.3800839909080702,,4,1,val,current_repo_v1
3132,125.28,-0.4302121635508506,,4,1,val,current_repo_v1
3133,125.32,-0.08467585707823228,,4,1,val,current_repo_v1
3134,125.36,-0.424572638335553,,4,1,val,current_repo_v1
3135,125.4,-0.1465171786487209,,4,1,val,current_repo_v1
3136,125.44,-0.16906977181406121,,4,1,val,current_repo_v1
3137,125.48,-0.6069491809910906,,4,1,val,current_repo_v1
3138,125.52,-1.356100543585353,,4,1,val,current_repo_v1
3139,125.56,-1.1330004208461086,,4,1,val,current_repo_v1
3140,125.6,-0.9783094339174053,,4,1,val,current_repo_v1
3141,125.64,-0.7462614535846281,,4,1,val,current_repo_v1
3142,125.68,-0.5934045132224111,,4,1,val,current_repo_v1
3143,125.72,-0.916180169684841,,4,1,val,current_repo_v1
3144,125.76,-1.1752200590993531,,4,1,val,current_repo_v1
3145,125.8,-1.251231171917509,,4,1,val,current_repo_v1
3146,125.84,-0.5617241174797662,,4,1,val,current_repo_v1
3147,125.88,-1.2990189776140106,,4,1,val,current_repo_v1
3148,125.92,-1.3204486630415584,,4,1,val,current_repo_v1
3149,125.96,-0.7516864532389839,,4,1,val,current_repo_v1
3150,126.0,-1.3815446124655988,,4,1,val,current_repo_v1
3151,126.04,-1.101028004162203,,4,1,val,current_repo_v1
3152,126.08,-1.3152393195601957,,4,1,val,current_repo_v1
3153,126.12,-1.4884750575998384,,4,1,val,current_repo_v1
3154,126.16,-1.0520633282298582,,4,1,val,current_repo_v1
3155,126.2,-1.2999312200234365,,4,1,val,current_repo_v1
3156,126.24,-0.5464379841200045,,4,1,val,current_repo_v1
3157,126.28,-0.9666180008168833,,4,1,val,current_repo_v1
3158,126.32,-1.487718645834289,,4,1,val,current_repo_v1
3159,126.36,-1.4005766250674652,,4,1,val,current_repo_v1
3160,126.4,-0.9527263966644489,,4,1,val,current_repo_v1
3161,126.44,-0.7407851564463429,,4,1,val,current_repo_v1
3162,126.48,-0.6619245136203865,,4,1,val,current_repo_v1
3163,126.52,-0.5962869924957078,,4,1,val,current_repo_v1
3164,126.56,-0.7463285150308735,,4,1,val,current_repo_v1
3165,126.6,-1.1251117206222734,,4,1,val,current_repo_v1
3166,126.64,-0.8302950018806924,,4,1,val,current_repo_v1
3167,126.68,-0.9068592747207679,,4,1,val,current_repo_v1
3168,126.72,-0.26764302339359086,,4,1,val,current_repo_v1
3169,126.76,-0.40764950793825333,,4,1,val,current_repo_v1
3170,126.8,-0.8734867080724796,,4,1,val,current_repo_v1
3171,126.84,-0.6196047354425945,,4,1,val,current_repo_v1
3172,126.88,-1.0160487473399928,,4,1,val,current_repo_v1
3173,126.92,-0.9249205115121504,,4,1,val,current_repo_v1
3174,126.96,-0.6909871871289573,,4,1,val,current_repo_v1
3175,127.0,-0.9674985214824688,,4,1,val,current_repo_v1
3176,127.04,-1.3379533802780685,,4,1,val,current_repo_v1
3177,127.08,-1.0156449573216564,,4,1,val,current_repo_v1
3178,127.12,-0.7718599317678857,,4,1,val,current_repo_v1
3179,127.16,-0.724697322232575,,4,1,val,current_repo_v1
3180,127.2,-1.2992094372898595,,4,1,val,current_repo_v1
3181,127.24,-0.8675759974808671,,4,1,val,current_repo_v1
3182,127.28,-0.7506428014059904,,4,1,val,current_repo_v1
3183,127.32,-0.6432485469050884,,4,1,val,current_repo_v1
3184,127.36,-0.5363558965165649,,4,1,val,current_repo_v1
3185,127.4,-0.6735944973951344,,4,1,val,current_repo_v1
3186,127.44,-0.6287589458870982,,4,1,val,current_repo_v1
3187,127.48,-0.6376708177141971,,4,1,val,current_repo_v1
3188,127.52,-0.4868306308259631,,4,1,val,current_repo_v1
3189,127.56,-0.7306529342742265,,4,1,val,current_repo_v1
3190,127.6,-0.31137236791899287,,4,1,val,current_repo_v1
3191,127.64,0.6788281328840001,,4,1,val,current_repo_v1
3192,127.68,-0.5973413043851854,,4,1,val,current_repo_v1
3193,127.72,-0.8107268207408778,,4,1,val,current_repo_v1
3194,127.76,-1.3852300201145575,,4,1,val,current_repo_v1
3195,127.8,-1.4021481112124283,,4,1,val,current_repo_v1
3196,127.84,-1.561200805616002,,4,1,val,current_repo_v1
3197,127.88,-0.669216250681113,,4,1,val,current_repo_v1
3198,127.92,-0.7797872666206755,,4,1,val,current_repo_v1
3199,127.96,-0.1735418593283441,,4,1,val,current_repo_v1
3200,128.0,0.026603856779363062,,4,1,val,current_repo_v1
3201,128.04,0.8733412144530726,,4,1,val,current_repo_v1
3202,128.08,1.132337042300784,,4,1,val,current_repo_v1
3203,128.12,0.9426022502926993,,4,1,val,current_repo_v1
3204,128.16,1.0036973598335015,,4,1,val,current_repo_v1
3205,128.2,0.7785801605882594,,4,1,val,current_repo_v1
3206,128.24,-0.023304912519054043,,4,1,val,current_repo_v1
3207,128.28,-0.15769184128377575,,4,1,val,current_repo_v1
3208,128.32,-0.8023215277191834,,4,1,val,current_repo_v1
3209,128.36,-1.3646559818874657,,4,1,val,current_repo_v1
3210,128.4,-1.6365149445593075,,4,1,val,current_repo_v1
3211,128.44,-1.678194214858413,,4,1,val,current_repo_v1
3212,128.48,-1.3329173111693746,,4,1,val,current_repo_v1
3213,128.52,-0.9463129190452052,,4,1,val,current_repo_v1
3214,128.56,-0.6308918616735565,,4,1,val,current_repo_v1
3215,128.6,-0.7524887355506165,,4,1,val,current_repo_v1
3216,128.64,-0.1465195852372302,,4,1,val,current_repo_v1
3217,128.68,-1.070713129351968,,4,1,val,current_repo_v1
3218,128.72,-1.40599477644311,,4,1,val,current_repo_v1
3219,128.76,-1.2281594501529944,,4,1,val,current_repo_v1
3220,128.8,-1.700265441867094,,4,1,val,current_repo_v1
3221,128.84,-1.5040878409328338,,4,1,val,current_repo_v1
3222,128.88,0.3910250529417169,,4,1,val,current_repo_v1
3223,128.92,-0.35290255894332867,,4,1,val,current_repo_v1
3224,128.96,-0.8524431105088646,,4,1,val,current_repo_v1
3225,129.0,-0.7514117468137091,,4,1,val,current_repo_v1
3226,129.04,-0.7293081519971584,,4,1,val,current_repo_v1
3227,129.08,-0.36417841135697865,,4,1,val,current_repo_v1
3228,129.12,-0.12209532035149501,,4,1,val,current_repo_v1
3229,129.16,-0.0741588068670404,,4,1,val,current_repo_v1
3230,129.2,0.24809561321231952,,4,1,val,current_repo_v1
3231,129.24,0.5580025302451646,,4,1,val,current_repo_v1
3232,129.28,0.4660702354296087,,4,1,val,current_repo_v1
3233,129.32,0.09269281716349206,,4,1,val,current_repo_v1
3234,129.36,0.5696400816056397,,4,1,val,current_repo_v1
3235,129.4,0.5096819155436674,,4,1,val,current_repo_v1
3236,129.44,0.4993923767804071,,4,1,val,current_repo_v1
3237,129.48,0.842924455345411,,4,1,val,current_repo_v1
3238,129.52,0.6384256143196733,,4,1,val,current_repo_v1
3239,129.56,0.8859494124112259,,4,1,val,current_repo_v1
3240,129.6,1.083752639656108,,4,1,val,current_repo_v1
3241,129.64,0.6131704545616061,,4,1,val,current_repo_v1
3242,129.68,0.43041489844325703,,4,1,val,current_repo_v1
3243,129.72,-0.07503486969082347,,4,1,val,current_repo_v1
3244,129.76,-0.2791319638757174,,4,1,val,current_repo_v1
3245,129.8,-0.7316912237757766,,4,1,val,current_repo_v1
3246,129.84,-1.8604571471543916,,4,1,val,current_repo_v1
3247,129.88,-1.9164582356430682,,4,1,val,current_repo_v1
3248,129.92,-1.5771978678336478,,4,1,val,current_repo_v1
3249,129.96,-2.1734343381222616,,4,1,val,current_repo_v1
3250,130.0,-1.6618968620799308,,4,1,val,current_repo_v1
3251,130.04,-0.5362890288895283,,4,1,val,current_repo_v1
3252,130.08,0.6080032344549565,,4,1,val,current_repo_v1
3253,130.12,0.8704812182079967,,4,1,val,current_repo_v1
3254,130.16,0.8866511025534906,,4,1,val,current_repo_v1
3255,130.2,0.7320877132705815,,4,1,val,current_repo_v1
3256,130.24,0.811217894009578,,4,1,val,current_repo_v1
3257,130.28,0.9416948533634933,,4,1,val,current_repo_v1
3258,130.32,0.6313959208292464,,4,1,val,current_repo_v1
3259,130.36,0.21226997374783424,,4,1,val,current_repo_v1
3260,130.4,0.021540992165052304,,4,1,val,current_repo_v1
3261,130.44,-0.4236811345814687,,4,1,val,current_repo_v1
3262,130.48,0.018580113021795228,,4,1,val,current_repo_v1
3263,130.52,-0.15421335179181336,,4,1,val,current_repo_v1
3264,130.56,0.11873095807031528,,4,1,val,current_repo_v1
3265,130.6,-0.1390400535147757,,4,1,val,current_repo_v1
3266,130.64,-0.07865321589353692,,4,1,val,current_repo_v1
3267,130.68,-0.5296846393496151,,4,1,val,current_repo_v1
3268,130.72,-0.7532848156475674,,4,1,val,current_repo_v1
3269,130.76,-1.8576700269318251,,4,1,val,current_repo_v1
3270,130.8,-1.1571875075508733,,4,1,val,current_repo_v1
3271,130.84,-0.4017969108060799,,4,1,val,current_repo_v1
3272,130.88,0.26719660930091865,,4,1,val,current_repo_v1
3273,130.92,0.8559454236119088,,4,1,val,current_repo_v1
3274,130.96,0.6696783802812989,,4,1,val,current_repo_v1
3275,131.0,0.6892180699974196,,4,1,val,current_repo_v1
3276,131.04,0.550398162800641,,4,1,val,current_repo_v1
3277,131.08,0.18812266843567613,,4,1,val,current_repo_v1
3278,131.12,0.05994734852738103,,4,1,val,current_repo_v1
3279,131.16,0.507644940265566,,4,1,val,current_repo_v1
3280,131.2,1.036568774614232,,4,1,val,current_repo_v1
3281,131.24,1.4266698590843903,,4,1,val,current_repo_v1
3282,131.28,1.219243378909705,,4,1,val,current_repo_v1
3283,131.32,0.8426843133457059,,4,1,val,current_repo_v1
3284,131.36,0.7360299959776053,,4,1,val,current_repo_v1
3285,131.4,0.9583638867780542,,4,1,val,current_repo_v1
3286,131.44,0.9449469458679748,,4,1,val,current_repo_v1
3287,131.48,0.7414887201742926,,4,1,val,current_repo_v1
3288,131.52,0.8468098198114501,,4,1,val,current_repo_v1
3289,131.56,0.5053560000160224,,4,1,val,current_repo_v1
3290,131.6,0.9043683748556531,,4,1,val,current_repo_v1
3291,131.64,0.2566555255078354,,4,1,val,current_repo_v1
3292,131.68,-0.17893683315693631,,4,1,val,current_repo_v1
3293,131.72,-0.18869554956209134,,4,1,val,current_repo_v1
3294,131.76,0.1824617585010074,,4,1,val,current_repo_v1
3295,131.8,0.34383140002979645,,4,1,val,current_repo_v1
3296,131.84,0.0706644484273574,,4,1,val,current_repo_v1
3297,131.88,0.20530650182041463,,4,1,val,current_repo_v1
3298,131.92,0.5863335362405094,,4,1,val,current_repo_v1
3299,131.96,0.34157686268981524,,4,1,val,current_repo_v1
3300,132.0,0.5973997731798406,,4,1,val,current_repo_v1
3301,132.04,1.0948369017818576,,4,1,val,current_repo_v1
3302,132.08,1.1215873121294258,,4,1,val,current_repo_v1
3303,132.12,1.6239452520173026,,4,1,val,current_repo_v1
3304,132.16,1.8551030853304573,,4,1,val,current_repo_v1
3305,132.2,1.6453876002998253,,4,1,val,current_repo_v1
3306,132.24,1.4661598768136794,,4,1,val,current_repo_v1
3307,132.28,1.4987168522313308,,4,1,val,current_repo_v1
3308,132.32,1.214098900256888,,4,1,val,current_repo_v1
3309,132.36,1.7648958783828397,,4,1,val,current_repo_v1
3310,132.4,1.680388248302047,,4,1,val,current_repo_v1
3311,132.44,1.2168702565171385,,4,1,val,current_repo_v1
3312,132.48,1.494876130789719,,4,1,val,current_repo_v1
3313,132.52,1.5884530785015605,,4,1,val,current_repo_v1
3314,132.56,1.7823880619771808,,4,1,val,current_repo_v1
3315,132.6,2.1584203269316573,,4,1,val,current_repo_v1
3316,132.64,1.9493352711808538,,4,1,val,current_repo_v1
3317,132.68,1.7967529080311058,,4,1,val,current_repo_v1
3318,132.72,1.7413695859672826,,4,1,val,current_repo_v1
3319,132.76,1.8909796669436558,,4,1,val,current_repo_v1
3320,132.8,2.5608693747689513,,4,1,val,current_repo_v1
3321,132.84,2.043815804044128,,4,1,val,current_repo_v1
3322,132.88,2.3452953811202777,,4,1,val,current_repo_v1
3323,132.92,1.587903536438205,,4,1,val,current_repo_v1
3324,132.96,1.3057499310972713,,4,1,val,current_repo_v1
3325,133.0,1.2652408119681036,,4,1,val,current_repo_v1
3326,133.04,1.2757662287084754,,4,1,val,current_repo_v1
3327,133.08,1.012647672470346,,4,1,val,current_repo_v1
3328,133.12,0.8972479093691043,,4,1,val,current_repo_v1
3329,133.16,0.9354554900001564,,4,1,val,current_repo_v1
3330,133.2,1.108806615075439,,4,1,val,current_repo_v1
3331,133.24,1.0459867083955117,,4,1,val,current_repo_v1
3332,133.28,1.6570292864700884,,4,1,val,current_repo_v1
3333,133.32,1.5868943844243784,,4,1,val,current_repo_v1
3334,133.36,1.7817894190475956,,4,1,val,current_repo_v1
3335,133.4,1.3072658557357113,,4,1,val,current_repo_v1
3336,133.44,1.5791469137973564,,4,1,val,current_repo_v1
3337,133.48,1.756362018619307,,4,1,val,current_repo_v1
3338,133.52,1.2317936895308297,,4,1,val,current_repo_v1
3339,133.56,0.8692120254223611,,4,1,val,current_repo_v1
3340,133.6,-0.04277818887190889,,4,1,val,current_repo_v1
3341,133.64,0.3886149433834709,,4,1,val,current_repo_v1
3342,133.68,0.7224388762052163,,4,1,val,current_repo_v1
3343,133.72,0.9898388987657722,,4,1,val,current_repo_v1
3344,133.76,1.3304923744416552,,4,1,val,current_repo_v1
3345,133.8,1.5880274515190322,,4,1,val,current_repo_v1
3346,133.84,2.1336295579978786,,4,1,val,current_repo_v1
3347,133.88,1.5971227409240603,,4,1,val,current_repo_v1
3348,133.92,1.3407261578791838,,4,1,val,current_repo_v1
3349,133.96,1.2976236085234452,,4,1,val,current_repo_v1
3350,134.0,1.1529276197670266,,4,1,val,current_repo_v1
3351,134.04,1.5622903279950786,,4,1,val,current_repo_v1
3352,134.08,1.833723663684392,,4,1,val,current_repo_v1
3353,134.12,1.8112074277723027,,4,1,val,current_repo_v1
3354,134.16,1.7094263713775029,,4,1,val,current_repo_v1
3355,134.2,1.8636530966947236,,4,1,val,current_repo_v1
3356,134.24,1.9140436359398183,,4,1,val,current_repo_v1
3357,134.28,1.7845575449876996,,4,1,val,current_repo_v1
3358,134.32,1.8111419168797278,,4,1,val,current_repo_v1
3359,134.36,1.515598246892335,,4,1,val,current_repo_v1
3360,134.4,1.324244547639534,,4,1,val,current_repo_v1
3361,134.44,0.5080988325493777,,4,1,val,current_repo_v1
3362,134.48,-0.7368012672158297,,4,1,val,current_repo_v1
3363,134.52,0.37069700359379576,,4,1,val,current_repo_v1
3364,134.56,0.15665632985755193,,4,1,val,current_repo_v1
3365,134.6,0.2517127641965787,,4,1,val,current_repo_v1
3366,134.64,0.924346483622083,,4,1,val,current_repo_v1
3367,134.68,0.3760705442482147,,4,1,val,current_repo_v1
3368,134.72,-0.6109686683496204,,4,1,val,current_repo_v1
3369,134.76,-1.2951960875396085,,4,1,val,current_repo_v1
3370,134.8,-0.5304958373448526,,4,1,val,current_repo_v1
3371,134.84,0.20479244482387068,,4,1,val,current_repo_v1
3372,134.88,0.8518763831423288,,4,1,val,current_repo_v1
3373,134.92,0.003342782228387253,,4,1,val,current_repo_v1
3374,134.96,0.3595833455547112,,4,1,val,current_repo_v1
3375,135.0,-0.15061303077551846,,4,1,val,current_repo_v1
3376,135.04,-0.2506196884653408,,4,1,val,current_repo_v1
3377,135.08,0.26735772151823495,,4,1,val,current_repo_v1
3378,135.12,0.18820928947040969,,4,1,val,current_repo_v1
3379,135.16,0.03868825630678015,,4,1,val,current_repo_v1
3380,135.2,0.1597283643170567,,4,1,val,current_repo_v1
3381,135.24,-0.3475749857445972,,4,1,val,current_repo_v1
3382,135.28,0.0443589864146948,,4,1,val,current_repo_v1
3383,135.32,0.1068536685001533,,4,1,val,current_repo_v1
3384,135.36,0.10133324518866427,,4,1,val,current_repo_v1
3385,135.4,-0.06479766615183978,,4,1,val,current_repo_v1
3386,135.44,-0.35206290182759886,,4,1,val,current_repo_v1
3387,135.48,-0.6924144717825721,,4,1,val,current_repo_v1
3388,135.52,-0.6459122042916483,,4,1,val,current_repo_v1
3389,135.56,-1.1175690522925517,,4,1,val,current_repo_v1
3390,135.6,-1.461407429813865,,4,1,val,current_repo_v1
3391,135.64,-1.3284758793932838,,4,1,val,current_repo_v1
3392,135.68,-0.1168732978635567,,4,1,val,current_repo_v1
3393,135.72,0.922433100392794,,4,1,val,current_repo_v1
3394,135.76,0.41381030991562273,,4,1,val,current_repo_v1
3395,135.8,-0.08267257403926079,,4,1,val,current_repo_v1
3396,135.84,0.91028160509698,,4,1,val,current_repo_v1
3397,135.88,0.9242618492342397,,4,1,val,current_repo_v1
3398,135.92,0.016061319342213786,,4,1,val,current_repo_v1
3399,135.96,-0.44118565799877013,,4,1,val,current_repo_v1
3400,136.0,-0.7087421249640304,,4,1,val,current_repo_v1
3401,136.04,-0.5752535381373535,,4,1,val,current_repo_v1
3402,136.08,-0.9468968317149214,,4,1,val,current_repo_v1
3403,136.12,-1.1893616254247386,,4,1,val,current_repo_v1
3404,136.16,-0.15140878784045475,,4,1,val,current_repo_v1
3405,136.2,0.03939537338689118,,4,1,val,current_repo_v1
3406,136.24,0.32643063449560683,,4,1,val,current_repo_v1
3407,136.28,-0.02920137739881959,,4,1,val,current_repo_v1
3408,136.32,-0.023653464062882188,,4,1,val,current_repo_v1
3409,136.36,-0.2581510183713475,,4,1,val,current_repo_v1
3410,136.4,-0.625716694979346,,4,1,val,current_repo_v1
3411,136.44,-0.3244685703417071,,4,1,val,current_repo_v1
3412,136.48,-0.6036251169537409,,4,1,val,current_repo_v1
3413,136.52,-0.658451790249886,,4,1,val,current_repo_v1
3414,136.56,-0.07442566361435869,,4,1,val,current_repo_v1
3415,136.6,-0.1600775296217127,,4,1,val,current_repo_v1
3416,136.64,-0.15853474487125302,,4,1,val,current_repo_v1
3417,136.68,0.07179565001212662,,4,1,val,current_repo_v1
3418,136.72,-0.26369243876379006,,4,1,val,current_repo_v1
3419,136.76,-0.5273336123468522,,4,1,val,current_repo_v1
3420,136.8,0.23149012019504414,,4,1,val,current_repo_v1
3421,136.84,0.062044052424994875,,4,1,val,current_repo_v1
3422,136.88,1.0574036934963706,,4,1,val,current_repo_v1
3423,136.92,0.7821513441168311,,4,1,val,current_repo_v1
3424,136.96,-0.765076259459831,,4,1,val,current_repo_v1
3425,137.0,-1.3395693156282502,,4,1,val,current_repo_v1
3426,137.04,-1.6204006863267397,,4,1,val,current_repo_v1
3427,137.08,-0.7824605503612726,,4,1,val,current_repo_v1
3428,137.12,-0.37754534691118724,,4,1,val,current_repo_v1
3429,137.16,0.2842588372837349,,4,1,val,current_repo_v1
3430,137.2,0.4392671062572464,,4,1,val,current_repo_v1
3431,137.24,0.07995858826481544,,4,1,val,current_repo_v1
3432,137.28,0.6616732593193767,,4,1,val,current_repo_v1
3433,137.32,1.29889454568196,,4,1,val,current_repo_v1
3434,137.36,0.009977075952320991,,4,1,val,current_repo_v1
3435,137.4,-0.02048344591752786,,4,1,val,current_repo_v1
3436,137.44,-0.7241947490241526,,4,1,val,current_repo_v1
3437,137.48,-1.1611533069885651,,4,1,val,current_repo_v1
3438,137.52,-0.8504799803493165,,4,1,val,current_repo_v1
3439,137.56,-0.11637874392489841,,4,1,val,current_repo_v1
3440,137.6,-0.4406800159862083,,4,1,val,current_repo_v1
3441,137.64,0.6433223274172388,,4,1,val,current_repo_v1
3442,137.68,0.9004979344686918,,4,1,val,current_repo_v1
3443,137.72,0.3125128647499842,,4,1,val,current_repo_v1
3444,137.76,-1.4048458161733344,,4,1,val,current_repo_v1
3445,137.8,-1.6044482025271183,,4,1,val,current_repo_v1
3446,137.84,-0.5314244897806238,,4,1,val,current_repo_v1
3447,137.88,0.22400446701591165,,4,1,val,current_repo_v1
3448,137.92,0.3837672342425306,,4,1,val,current_repo_v1
3449,137.96,0.6219209395941762,,4,1,val,current_repo_v1
3450,138.0,0.5049192284289881,,4,1,val,current_repo_v1
3451,138.04,0.3083161943314084,,4,1,val,current_repo_v1
3452,138.08,0.6782817565343885,,4,1,val,current_repo_v1
3453,138.12,0.3953297452659981,,4,1,val,current_repo_v1
3454,138.16,-0.19005015201240547,,4,1,val,current_repo_v1
3455,138.2,-0.17038157252243166,,4,1,val,current_repo_v1
3456,138.24,0.16566869694441433,,4,1,val,current_repo_v1
3457,138.28,-0.12870075974545594,,4,1,val,current_repo_v1
3458,138.32,-0.010454989704323629,,4,1,val,current_repo_v1
3459,138.36,-0.030076374216954246,,4,1,val,current_repo_v1
3460,138.4,-0.2912690196404757,,4,1,val,current_repo_v1
3461,138.44,0.018223114190783485,,4,1,val,current_repo_v1
3462,138.48,0.046374463912220054,,4,1,val,current_repo_v1
3463,138.52,0.10918838238617547,,4,1,val,current_repo_v1
3464,138.56,0.6257226387684159,,4,1,val,current_repo_v1
3465,138.6,0.22423425583954665,,4,1,val,current_repo_v1
3466,138.64,0.5375343496092798,,4,1,val,current_repo_v1
3467,138.68,0.5085777275111248,,4,1,val,current_repo_v1
3468,138.72,-0.41835818074054704,,4,1,val,current_repo_v1
3469,138.76,-0.11126953229228298,,4,1,val,current_repo_v1
3470,138.8,0.06148360803114442,,4,1,val,current_repo_v1
3471,138.84,-0.9633730796231276,,4,1,val,current_repo_v1
3472,138.88,-0.43368217345242793,,4,1,val,current_repo_v1
3473,138.92,-0.2618458262519332,,4,1,val,current_repo_v1
3474,138.96,-0.2851364183579869,,4,1,val,current_repo_v1
3475,139.0,0.07268721837261381,,4,1,val,current_repo_v1
3476,139.04,-0.3140799253563463,,4,1,val,current_repo_v1
3477,139.08,0.006769869251015388,,4,1,val,current_repo_v1
3478,139.12,0.1416209500991773,,4,1,val,current_repo_v1
3479,139.16,0.3494796794126916,,4,1,val,current_repo_v1
3480,139.2,0.32097617432151326,,4,1,val,current_repo_v1
3481,139.24,-0.1388564098144362,,4,1,val,current_repo_v1
3482,139.28,-0.4159977212029557,,4,1,val,current_repo_v1
3483,139.32,-0.6594937623164031,,4,1,val,current_repo_v1
3484,139.36,-0.3842835040083751,,4,1,val,current_repo_v1
3485,139.4,0.699527119894366,,4,1,val,current_repo_v1
3486,139.44,0.8024719960316163,,4,1,val,current_repo_v1
3487,139.48,0.38387005533279983,,4,1,val,current_repo_v1
3488,139.52,0.08727557027748838,,4,1,val,current_repo_v1
3489,139.56,0.07146977531572826,,4,1,val,current_repo_v1
3490,139.6,0.8444270064584437,,4,1,val,current_repo_v1
3491,139.64,0.8691175062548689,,4,1,val,current_repo_v1
3492,139.68,1.0219345198600729,,4,1,val,current_repo_v1
3493,139.72,0.8105288021158855,,4,1,val,current_repo_v1
3494,139.76,0.7860266299840125,,4,1,val,current_repo_v1
3495,139.8,0.7413962038052913,,4,1,val,current_repo_v1
3496,139.84,0.7486606769639798,,4,1,val,current_repo_v1
3497,139.88,0.520795508976349,,4,1,val,current_repo_v1
3498,139.92,0.668214140765206,,4,1,val,current_repo_v1
3499,139.96,1.4599500385764832,,4,1,val,current_repo_v1
3500,140.0,1.261152648003255,,4,1,val,current_repo_v1
3501,140.04,1.2208901961204888,,4,1,val,current_repo_v1
3502,140.08,0.7094771520102089,,4,1,val,current_repo_v1
3503,140.12,0.15526532169918458,,4,1,val,current_repo_v1
3504,140.16,-0.015632579138644177,,4,1,val,current_repo_v1
3505,140.2,-0.6374436616014816,,4,1,val,current_repo_v1
3506,140.24,-1.167777659906985,,4,1,val,current_repo_v1
3507,140.28,0.15917646411999425,,4,1,val,current_repo_v1
3508,140.32,0.39857860745033286,,4,1,val,current_repo_v1
3509,140.36,0.6268480177011208,,4,1,val,current_repo_v1
3510,140.4,1.036931151928288,,4,1,val,current_repo_v1
3511,140.44,1.2393172343652827,,4,1,val,current_repo_v1
3512,140.48,1.8210033090107454,,4,1,val,current_repo_v1
3513,140.52,2.1923128459107573,,4,1,val,current_repo_v1
3514,140.56,2.4355549192542716,,4,1,val,current_repo_v1
3515,140.6,1.7909310958499303,,4,1,val,current_repo_v1
3516,140.64,1.0480161893308728,,4,1,val,current_repo_v1
3517,140.68,0.36827571712784224,,4,1,val,current_repo_v1
3518,140.72,0.23924424528156826,,4,1,val,current_repo_v1
3519,140.76,0.15217825009939695,,4,1,val,current_repo_v1
3520,140.8,0.6727560354978589,,4,1,val,current_repo_v1
3521,140.84,0.9506162869382263,,4,1,val,current_repo_v1
3522,140.88,0.6993338175367878,,4,1,val,current_repo_v1
3523,140.92,0.5049699444552911,,4,1,val,current_repo_v1
3524,140.96,1.2233566101588917,,4,1,val,current_repo_v1
3525,141.0,0.8621206974235354,,4,1,val,current_repo_v1
3526,141.04,0.17201856955996966,,4,1,val,current_repo_v1
3527,141.08,0.8677659403054927,,4,1,val,current_repo_v1
3528,141.12,0.7936165255942788,,4,1,val,current_repo_v1
3529,141.16,-0.03829944689812384,,4,1,val,current_repo_v1
3530,141.2,-0.20295137231106536,,4,1,val,current_repo_v1
3531,141.24,-0.577252395637724,,4,1,val,current_repo_v1
3532,141.28,-0.718522500665769,,4,1,val,current_repo_v1
3533,141.32,-0.7771125615392139,,4,1,val,current_repo_v1
3534,141.36,-0.3616508796614004,,4,1,val,current_repo_v1
3535,141.4,-0.4713834983100903,,4,1,val,current_repo_v1
3536,141.44,-0.6149591474332329,,4,1,val,current_repo_v1
3537,141.48,-0.48892701169156233,,4,1,val,current_repo_v1
3538,141.52,-1.1734061697305822,,4,1,val,current_repo_v1
3539,141.56,-1.1218490972741137,,4,1,val,current_repo_v1
3540,141.6,-0.6096545741139457,,4,1,val,current_repo_v1
3541,141.64,-0.6283224004224742,,4,1,val,current_repo_v1
3542,141.68,-0.1202053084884673,,4,1,val,current_repo_v1
3543,141.72,-0.5039886054979273,,4,1,val,current_repo_v1
3544,141.76,-0.5151498138495713,,4,1,val,current_repo_v1
3545,141.8,-0.9098055851201634,,4,1,val,current_repo_v1
3546,141.84,-0.21199733472745336,,4,1,val,current_repo_v1
3547,141.88,-0.2736010097205502,,4,1,val,current_repo_v1
3548,141.92,-0.8121968748332348,,4,1,val,current_repo_v1
3549,141.96,-0.6129958880608789,,4,1,val,current_repo_v1
3550,142.0,-0.5091073384991752,,4,1,val,current_repo_v1
3551,142.04,-0.8685584024438793,,4,1,val,current_repo_v1
3552,142.08,-0.4352934248383968,,4,1,val,current_repo_v1
3553,142.12,-0.5014744796309579,,4,1,val,current_repo_v1
3554,142.16,-0.5324324142727949,,4,1,val,current_repo_v1
3555,142.2,-0.9276626656782748,,4,1,val,current_repo_v1
3556,142.24,-0.8706536526974271,,4,1,val,current_repo_v1
3557,142.28,-0.4403208043858961,,4,1,val,current_repo_v1
3558,142.32,-0.4415346940906203,,4,1,val,current_repo_v1
3559,142.36,-0.7987621671623485,,4,1,val,current_repo_v1
3560,142.4,-0.5322055165856912,,4,1,val,current_repo_v1
3561,142.44,-0.5795035411415512,,4,1,val,current_repo_v1
3562,142.48,-0.5708469292124441,,4,1,val,current_repo_v1
3563,142.52,-0.658344285195404,,4,1,val,current_repo_v1
3564,142.56,-1.2794553835288043,,4,1,val,current_repo_v1
3565,142.6,-1.0145031037562033,,4,1,val,current_repo_v1
3566,142.64,-0.7689224078392892,,4,1,val,current_repo_v1
3567,142.68,-0.6334352865442565,,4,1,val,current_repo_v1
3568,142.72,-0.5990827699762675,,4,1,val,current_repo_v1
3569,142.76,-0.619570041804219,,4,1,val,current_repo_v1
3570,142.8,-0.6737420584194354,,4,1,val,current_repo_v1
3571,142.84,-0.6510089388126972,,4,1,val,current_repo_v1
3572,142.88,-0.16632438732779,,4,1,val,current_repo_v1
3573,142.92,-0.42329307622224654,,4,1,val,current_repo_v1
3574,142.96,-0.5169689363369797,,4,1,val,current_repo_v1
3575,143.0,-0.4130513461971573,,4,1,val,current_repo_v1
3576,143.04,-0.19337996601961632,,4,1,val,current_repo_v1
3577,143.08,0.034758446673422774,,4,1,val,current_repo_v1
3578,143.12,-0.052537890524708655,,4,1,val,current_repo_v1
3579,143.16,0.06271750956917738,,4,1,val,current_repo_v1
3580,143.2,0.8573969356666237,,4,1,val,current_repo_v1
3581,143.24,0.496284485767274,,4,1,val,current_repo_v1
3582,143.28,0.29378718340762855,,4,1,val,current_repo_v1
3583,143.32,-0.9919260086125503,,4,1,val,current_repo_v1
3584,143.36,-0.6964838352841667,,4,1,val,current_repo_v1
3585,143.4,-0.09079720069500984,,4,1,val,current_repo_v1
3586,143.44,-0.22350066628583345,,4,1,val,current_repo_v1
3587,143.48,0.035040243651419514,,4,1,val,current_repo_v1
3588,143.52,-0.3523964969891478,,4,1,val,current_repo_v1
3589,143.56,-0.08965743068605152,,4,1,val,current_repo_v1
3590,143.6,-0.3187585272376072,,4,1,val,current_repo_v1
3591,143.64,-0.4394215801666613,,4,1,val,current_repo_v1
3592,143.68,-0.7804732574070272,,4,1,val,current_repo_v1
3593,143.72,-0.6295295710612933,,4,1,val,current_repo_v1
3594,143.76,-0.3892807123657043,,4,1,val,current_repo_v1
3595,143.8,-0.11914300155662667,,4,1,val,current_repo_v1
3596,143.84,0.33591847240486095,,4,1,val,current_repo_v1
3597,143.88,0.5465718485868836,,4,1,val,current_repo_v1
3598,143.92,-0.02098271612360032,,4,1,val,current_repo_v1
3599,143.96,0.15582715513069811,,4,1,val,current_repo_v1
3600,144.0,0.1174436108854553,,4,1,val,current_repo_v1
3601,144.04,-0.31720981484967836,,4,1,val,current_repo_v1
3602,144.08,-0.4172293130620838,,4,1,val,current_repo_v1
3603,144.12,-0.5524423739958711,,4,1,val,current_repo_v1
3604,144.16,-0.14655867211100518,,4,1,val,current_repo_v1
3605,144.2,-0.2536091559418961,,4,1,val,current_repo_v1
3606,144.24,-0.22342323551191723,,4,1,val,current_repo_v1
3607,144.28,-0.01160650192701518,,4,1,val,current_repo_v1
3608,144.32,-0.12042002786861797,,4,1,val,current_repo_v1
3609,144.36,-0.21526745241835332,,4,1,val,current_repo_v1
3610,144.4,-0.544924643737682,,4,1,val,current_repo_v1
3611,144.44,-0.59183108888536,,4,1,val,current_repo_v1
3612,144.48,-0.4824391074961388,,4,1,val,current_repo_v1
3613,144.52,-0.7589744431283403,,4,1,val,current_repo_v1
3614,144.56,-0.6836480289684774,,4,1,val,current_repo_v1
3615,144.6,-0.41940538592570187,,4,1,val,current_repo_v1
3616,144.64,0.29306927705822755,,4,1,val,current_repo_v1
3617,144.68,0.2053844817487558,,4,1,val,current_repo_v1
3618,144.72,0.49576718229898264,,4,1,val,current_repo_v1
3619,144.76,0.47060269762743323,,4,1,val,current_repo_v1
3620,144.8,0.3294996324541737,,4,1,val,current_repo_v1
3621,144.84,-0.02947897496062563,,4,1,val,current_repo_v1
3622,144.88,-0.20355272870957367,,4,1,val,current_repo_v1
3623,144.92,-0.7157913941945462,,4,1,val,current_repo_v1
3624,144.96,-0.4744016187263468,,4,1,val,current_repo_v1
3625,145.0,0.040200046135432335,,4,1,val,current_repo_v1
3626,145.04,-0.17999051513398528,,4,1,val,current_repo_v1
3627,145.08,-0.44626191229008894,,4,1,val,current_repo_v1
3628,145.12,-0.6622000599288994,,4,1,val,current_repo_v1
3629,145.16,-0.35838211870496206,,4,1,val,current_repo_v1
3630,145.2,-0.8623160025796045,,4,1,val,current_repo_v1
3631,145.24,0.07806920631421634,,4,1,val,current_repo_v1
3632,145.28,0.32581021920823305,,4,1,val,current_repo_v1
3633,145.32,-0.26629097289619263,,4,1,val,current_repo_v1
3634,145.36,-0.1800330907535187,,4,1,val,current_repo_v1
3635,145.4,-0.03640360430723136,,4,1,val,current_repo_v1
3636,145.44,0.1444799610966084,,4,1,val,current_repo_v1
3637,145.48,0.018976909397014227,,4,1,val,current_repo_v1
3638,145.52,-0.6403226521290201,,4,1,val,current_repo_v1
3639,145.56,-0.8718634075923636,,4,1,val,current_repo_v1
3640,145.6,-0.6242111073653754,,4,1,val,current_repo_v1
3641,145.64,-0.43428398209575675,,4,1,val,current_repo_v1
3642,145.68,-0.828310680820982,,4,1,val,current_repo_v1
3643,145.72,-0.32499824593616033,,4,1,val,current_repo_v1
3644,145.76,-0.27910841484184806,,4,1,val,current_repo_v1
3645,145.8,-0.23451617104726075,,4,1,val,current_repo_v1
3646,145.84,-0.5631055961937008,,4,1,val,current_repo_v1
3647,145.88,-0.8557279584596335,,4,1,val,current_repo_v1
3648,145.92,-0.8818885123484156,,4,1,val,current_repo_v1
3649,145.96,-0.688665879071544,,4,1,val,current_repo_v1
3650,146.0,-0.8328279605141171,,4,1,val,current_repo_v1
3651,146.04,-0.22887375469543184,,4,1,val,current_repo_v1
3652,146.08,-0.39065808857305256,,4,1,val,current_repo_v1
3653,146.12,-0.7104923770259114,,4,1,val,current_repo_v1
3654,146.16,-0.9810068158462967,,4,1,val,current_repo_v1
3655,146.2,-0.8298943129696966,,4,1,val,current_repo_v1
3656,146.24,-0.9659735519476181,,4,1,val,current_repo_v1
3657,146.28,-0.7189070379760313,,4,1,val,current_repo_v1
3658,146.32,-0.6288950715780799,,4,1,val,current_repo_v1
3659,146.36,-0.603712012565687,,4,1,val,current_repo_v1
3660,146.4,-1.052540252696316,,4,1,val,current_repo_v1
3661,146.44,-0.782569476756619,,4,1,val,current_repo_v1
3662,146.48,-0.9062583059606771,,4,1,val,current_repo_v1
3663,146.52,-0.6888869621823837,,4,1,val,current_repo_v1
3664,146.56,-0.2069405108118169,,4,1,val,current_repo_v1
3665,146.6,-0.0276276623329553,,4,1,val,current_repo_v1
3666,146.64,-0.10565039039711101,,4,1,val,current_repo_v1
3667,146.68,-0.15934980309906577,,4,1,val,current_repo_v1
3668,146.72,-0.19936248662808975,,4,1,val,current_repo_v1
3669,146.76,-0.28880237947966264,,4,1,val,current_repo_v1
3670,146.8,-0.3405579874123469,,4,1,val,current_repo_v1
3671,146.84,-0.27006054653657346,,4,1,val,current_repo_v1
3672,146.88,0.046926557928491305,,4,1,val,current_repo_v1
3673,146.92,-0.18122477200723436,,4,1,val,current_repo_v1
3674,146.96,-0.5973492509727463,,4,1,val,current_repo_v1
3675,147.0,-0.43365293905510033,,4,1,val,current_repo_v1
3676,147.04,-0.8637514276399888,,4,1,val,current_repo_v1
3677,147.08,-1.4246448359908315,,4,1,val,current_repo_v1
3678,147.12,-0.9884163949859746,,4,1,val,current_repo_v1
3679,147.16,-0.6026900684840792,,4,1,val,current_repo_v1
3680,147.2,-0.9315984877450052,,4,1,val,current_repo_v1
3681,147.24,-1.27863126425298,,4,1,val,current_repo_v1
3682,147.28,-0.9007739976284281,,4,1,val,current_repo_v1
3683,147.32,-0.42147518125649375,,4,1,val,current_repo_v1
3684,147.36,-0.5427722814239406,,4,1,val,current_repo_v1
3685,147.4,-0.3977603350539741,,4,1,val,current_repo_v1
3686,147.44,-0.2626978877970263,,4,1,val,current_repo_v1
3687,147.48,-0.5379704751322848,,4,1,val,current_repo_v1
3688,147.52,-0.6878911836939641,,4,1,val,current_repo_v1
3689,147.56,-0.5299461660686914,,4,1,val,current_repo_v1
3690,147.6,-0.8644813507803355,,4,1,val,current_repo_v1
3691,147.64,-0.9938846163238931,,4,1,val,current_repo_v1
3692,147.68,-0.38778009944475966,,4,1,val,current_repo_v1
3693,147.72,-1.0807346161494558,,4,1,val,current_repo_v1
3694,147.76,-1.4623155374135033,,4,1,val,current_repo_v1
3695,147.8,-1.377895384402283,,4,1,val,current_repo_v1
3696,147.84,-1.688252656518379,,4,1,val,current_repo_v1
3697,147.88,-1.1576053817650496,,4,1,val,current_repo_v1
3698,147.92,-1.1441893453446113,,4,1,val,current_repo_v1
3699,147.96,-0.5415229228040057,,4,1,val,current_repo_v1
3700,148.0,-0.5817340125964396,,4,1,val,current_repo_v1
3701,148.04,-1.0148039111682634,,4,1,val,current_repo_v1
3702,148.08,-1.6559183147652379,,4,1,val,current_repo_v1
3703,148.12,-1.0385558091428655,,4,1,val,current_repo_v1
3704,148.16,-0.5002364271315365,,4,1,val,current_repo_v1
3705,148.2,0.10967454556825272,,4,1,val,current_repo_v1
3706,148.24,0.31792894872073507,,4,1,val,current_repo_v1
3707,148.28,0.09647434298841569,,4,1,val,current_repo_v1
3708,148.32,-0.13834597077645655,,4,1,val,current_repo_v1
3709,148.36,-0.5503935757460328,,4,1,val,current_repo_v1
3710,148.4,-0.4429861415389323,,4,1,val,current_repo_v1
3711,148.44,-0.36208561614674234,,4,1,val,current_repo_v1
3712,148.48,-0.7778696839751958,,4,1,val,current_repo_v1
3713,148.52,0.028029300150494155,,4,1,val,current_repo_v1
3714,148.56,-0.42773105155578034,,4,1,val,current_repo_v1
3715,148.6,0.3457504363193422,,4,1,val,current_repo_v1
3716,148.64,0.6441686066892695,,4,1,val,current_repo_v1
3717,148.68,-0.3920658943961827,,4,1,val,current_repo_v1
3718,148.72,-0.3291505963623236,,4,1,val,current_repo_v1
3719,148.76,-0.504150606053284,,4,1,val,current_repo_v1
3720,148.8,-0.38786831948796585,,4,1,val,current_repo_v1
3721,148.84,-0.046516347648863164,,4,1,val,current_repo_v1
3722,148.88,-0.08004822964888617,,4,1,val,current_repo_v1
3723,148.92,-1.181539728221537,,4,1,val,current_repo_v1
3724,148.96,-0.9439018726941167,,4,1,val,current_repo_v1
3725,149.0,0.0969648832542917,,4,1,val,current_repo_v1
3726,149.04,0.4739736982165144,,4,1,val,current_repo_v1
3727,149.08,0.24879439606645207,,4,1,val,current_repo_v1
3728,149.12,0.22433011558989974,,4,1,val,current_repo_v1
3729,149.16,0.664103041527316,,4,1,val,current_repo_v1
3730,149.2,1.3628919686617598,,4,1,val,current_repo_v1
3731,149.24,0.425753514168378,,4,1,val,current_repo_v1
3732,149.28,-0.35223381806656034,,4,1,val,current_repo_v1
3733,149.32,-0.3870624515209704,,4,1,val,current_repo_v1
3734,149.36,-0.06078596386486356,,4,1,val,current_repo_v1
3735,149.4,0.40684402760967553,,4,1,val,current_repo_v1
3736,149.44,0.39444712489231726,,4,1,val,current_repo_v1
3737,149.48,-0.010868179954287094,,4,1,val,current_repo_v1
3738,149.52,-0.10887622039879982,,4,1,val,current_repo_v1
3739,149.56,0.22623900867418487,,4,1,val,current_repo_v1
3740,149.6,-0.15582384405254776,,4,1,val,current_repo_v1
3741,149.64,0.0922344993410793,,4,1,val,current_repo_v1
3742,149.68,0.6122655772821146,,4,1,val,current_repo_v1
3743,149.72,-0.07435078479335835,,4,1,val,current_repo_v1
3744,149.76,0.07100708040951673,,4,1,val,current_repo_v1
3745,149.8,0.2686510770985678,,4,1,val,current_repo_v1
3746,149.84,0.717745996308907,,4,1,val,current_repo_v1
3747,149.88,0.810301710609573,,4,1,val,current_repo_v1
3748,149.92,0.2768305222872062,,4,1,val,current_repo_v1
3749,149.96,0.41301506970190993,,4,1,val,current_repo_v1
3750,150.0,-0.029241691794250315,,4,1,val,current_repo_v1
3751,150.04,-0.8306807021062075,,4,1,val,current_repo_v1
3752,150.08,0.040308229557145074,,4,1,val,current_repo_v1
3753,150.12,-0.08616390405380628,,4,1,val,current_repo_v1
3754,150.16,-0.7556591009553866,,4,1,val,current_repo_v1
3755,150.2,-0.15228011824522292,,4,1,val,current_repo_v1
3756,150.24,-0.5081000600710335,,4,1,val,current_repo_v1
3757,150.28,-0.23391521843877078,,4,1,val,current_repo_v1
3758,150.32,-0.8105621390197995,,4,1,val,current_repo_v1
3759,150.36,-0.8055932605701567,,4,1,val,current_repo_v1
3760,150.4,-0.9198439987952198,,4,1,val,current_repo_v1
3761,150.44,-0.713407288713481,,4,1,val,current_repo_v1
3762,150.48,-0.545029176897629,,4,1,val,current_repo_v1
3763,150.52,-0.7957779328044309,,4,1,val,current_repo_v1
3764,150.56,-0.8059721125169608,,4,1,val,current_repo_v1
3765,150.6,0.11568911095258136,,4,1,val,current_repo_v1
3766,150.64,0.41124630790558836,,4,1,val,current_repo_v1
3767,150.68,0.7599867608559108,,4,1,val,current_repo_v1
3768,150.72,0.27340040683944056,,4,1,val,current_repo_v1
3769,150.76,0.11040316042894,,4,1,val,current_repo_v1
3770,150.8,-0.24491888407686044,,4,1,val,current_repo_v1
3771,150.84,-0.46679896335150106,,4,1,val,current_repo_v1
3772,150.88,-0.3475144818482496,,4,1,val,current_repo_v1
3773,150.92,-0.3801488557366157,,4,1,val,current_repo_v1
3774,150.96,-0.13650426835122262,,4,1,val,current_repo_v1
3775,151.0,-0.0165240182863255,,4,1,val,current_repo_v1
3776,151.04,0.1245876415574743,,4,1,val,current_repo_v1
3777,151.08,0.07156684643613638,,4,1,val,current_repo_v1
3778,151.12,-0.04001539296004701,,4,1,val,current_repo_v1
3779,151.16,0.07423812737824245,,4,1,val,current_repo_v1
3780,151.2,-0.6603656257239955,,4,1,val,current_repo_v1
3781,151.24,-1.2601345803058235,,4,1,val,current_repo_v1
3782,151.28,-0.61032828968374,,4,1,val,current_repo_v1
3783,151.32,-0.29289787627124403,,4,1,val,current_repo_v1
3784,151.36,-0.01318515938270391,,4,1,val,current_repo_v1
3785,151.4,0.5029417233447872,,4,1,val,current_repo_v1
3786,151.44,0.24440607075357296,,4,1,val,current_repo_v1
3787,151.48,-0.012245200826419264,,4,1,val,current_repo_v1
3788,151.52,-0.49620479376925514,,4,1,val,current_repo_v1
3789,151.56,-0.46581513704762434,,4,1,val,current_repo_v1
3790,151.6,-0.40186035429376094,,4,1,val,current_repo_v1
3791,151.64,-0.06175984078268848,,4,1,val,current_repo_v1
3792,151.68,-0.9298702018601217,,4,1,val,current_repo_v1
3793,151.72,-0.428378924564401,,4,1,val,current_repo_v1
3794,151.76,-0.0025430952770975073,,4,1,val,current_repo_v1
3795,151.8,-0.06845848702658204,,4,1,val,current_repo_v1
3796,151.84,-0.29346327920651966,,4,1,val,current_repo_v1
3797,151.88,0.20088910362621526,,4,1,val,current_repo_v1
3798,151.92,0.0055182332553770945,,4,1,val,current_repo_v1
3799,151.96,-0.6037405039893807,,4,1,val,current_repo_v1
3800,152.0,-0.013917505263160615,,4,1,val,current_repo_v1
3801,152.04,0.11119131008993081,,4,1,val,current_repo_v1
3802,152.08,-0.026779251049627924,,4,1,val,current_repo_v1
3803,152.12,-0.41992029895708466,,4,1,val,current_repo_v1
3804,152.16,-0.9472328496165804,,4,1,val,current_repo_v1
3805,152.2,-0.6643285824799581,,4,1,val,current_repo_v1
3806,152.24,0.0051277521560448795,,4,1,val,current_repo_v1
3807,152.28,0.20328697027110526,,4,1,val,current_repo_v1
3808,152.32,-0.06464471049289387,,4,1,val,current_repo_v1
3809,152.36,0.44175374209976753,,4,1,val,current_repo_v1
3810,152.4,0.2924137804940607,,4,1,val,current_repo_v1
3811,152.44,0.37483249174879324,,4,1,val,current_repo_v1
3812,152.48,0.474437539886378,,4,1,val,current_repo_v1
3813,152.52,0.1626357332070838,,4,1,val,current_repo_v1
3814,152.56,0.3776031050354101,,4,1,val,current_repo_v1
3815,152.6,0.4054059213835694,,4,1,val,current_repo_v1
3816,152.64,0.12785693551673688,,4,1,val,current_repo_v1
3817,152.68,0.15290003283297396,,4,1,val,current_repo_v1
3818,152.72,0.8113794100169127,,4,1,val,current_repo_v1
3819,152.76,1.0733154752621437,,4,1,val,current_repo_v1
3820,152.8,1.1930117579776955,,4,1,val,current_repo_v1
3821,152.84,1.4497065641785147,,4,1,val,current_repo_v1
3822,152.88,1.5303657200493437,,4,1,val,current_repo_v1
3823,152.92,1.1899393358797732,,4,1,val,current_repo_v1
3824,152.96,1.0596559373090477,,4,1,val,current_repo_v1
3825,153.0,1.2123304937957826,,4,1,val,current_repo_v1
3826,153.04,1.2660449032590184,,4,1,val,current_repo_v1
3827,153.08,1.6121594935684973,,4,1,val,current_repo_v1
3828,153.12,1.61074448413144,,4,1,val,current_repo_v1
3829,153.16,1.5457970886029007,,4,1,val,current_repo_v1
3830,153.2,1.9950632955390184,,4,1,val,current_repo_v1
3831,153.24,1.3007627044291954,,4,1,val,current_repo_v1
3832,153.28,0.5560443101722394,,4,1,val,current_repo_v1
3833,153.32,1.0625028830607308,,4,1,val,current_repo_v1
3834,153.36,0.6935584573593219,,4,1,val,current_repo_v1
3835,153.4,0.9120151241005012,,4,1,val,current_repo_v1
3836,153.44,1.0377439650835987,,4,1,val,current_repo_v1
3837,153.48,0.9291241271190416,,4,1,val,current_repo_v1
3838,153.52,0.7704129421613762,,4,1,val,current_repo_v1
3839,153.56,0.17796058195380357,,4,1,val,current_repo_v1
3840,153.6,0.4567070878780169,,4,1,val,current_repo_v1
3841,153.64,0.4064101956139747,,4,1,val,current_repo_v1
3842,153.68,0.32341280480816353,,4,1,val,current_repo_v1
3843,153.72,1.1095790492289161,,4,1,val,current_repo_v1
3844,153.76,0.42382633747206255,,4,1,val,current_repo_v1
3845,153.8,0.16460007473668692,,4,1,val,current_repo_v1
3846,153.84,0.15587675669655057,,4,1,val,current_repo_v1
3847,153.88,0.20409172377765009,,4,1,val,current_repo_v1
3848,153.92,-0.06431504017032315,,4,1,val,current_repo_v1
3849,153.96,-0.004621426728877032,,4,1,val,current_repo_v1
3850,154.0,0.5397085811904143,,4,1,val,current_repo_v1
3851,154.04,-0.0334242235053341,,4,1,val,current_repo_v1
3852,154.08,-0.07098445201688915,,4,1,val,current_repo_v1
3853,154.12,0.03776482083804583,,4,1,val,current_repo_v1
3854,154.16,-0.19002812122900503,,4,1,val,current_repo_v1
3855,154.2,-0.057331944048012375,,4,1,val,current_repo_v1
3856,154.24,0.3570225738648235,,4,1,val,current_repo_v1
3857,154.28,0.21000900807076106,,4,1,val,current_repo_v1
3858,154.32,0.04921360844074901,,4,1,val,current_repo_v1
3859,154.36,0.09703937443687444,,4,1,val,current_repo_v1
3860,154.4,0.6757329047258421,,4,1,val,current_repo_v1
3861,154.44,0.18545209816400232,,4,1,val,current_repo_v1
3862,154.48,-0.15344606999897017,,4,1,val,current_repo_v1
3863,154.52,-0.03894278130693843,,4,1,val,current_repo_v1
3864,154.56,0.12093119372863062,,4,1,val,current_repo_v1
3865,154.6,0.3664669962713061,,4,1,val,current_repo_v1
3866,154.64,0.3275525246825532,,4,1,val,current_repo_v1
3867,154.68,0.4364151858125373,,4,1,val,current_repo_v1
3868,154.72,0.3054038992031575,,4,1,val,current_repo_v1
3869,154.76,0.28607705528150235,,4,1,val,current_repo_v1
3870,154.8,0.6062135078808828,,4,1,val,current_repo_v1
3871,154.84,-0.21363782051074978,,4,1,val,current_repo_v1
3872,154.88,-0.5831239547491586,,4,1,val,current_repo_v1
3873,154.92,0.2622822425037514,,4,1,val,current_repo_v1
3874,154.96,-0.04738233187378855,,4,1,val,current_repo_v1
3875,155.0,-0.24657132204469961,,4,1,val,current_repo_v1
3876,155.04,-0.3073188975925199,,4,1,val,current_repo_v1
3877,155.08,0.13525881034286488,,4,1,val,current_repo_v1
3878,155.12,0.5204876917695707,,4,1,val,current_repo_v1
3879,155.16,0.3436821592390193,,4,1,val,current_repo_v1
3880,155.2,0.8523017516992453,,4,1,val,current_repo_v1
3881,155.24,-0.6843152838979782,,4,1,val,current_repo_v1
3882,155.28,-0.4558683675551296,,4,1,val,current_repo_v1
3883,155.32,-0.03377258930575381,,4,1,val,current_repo_v1
3884,155.36,0.6384796898789289,,4,1,val,current_repo_v1
3885,155.4,1.1180388700546868,,4,1,val,current_repo_v1
3886,155.44,0.749667373934495,,4,1,val,current_repo_v1
3887,155.48,0.47745488502579925,,4,1,val,current_repo_v1
3888,155.52,0.4489311581305026,,4,1,val,current_repo_v1
3889,155.56,0.4473151904771196,,4,1,val,current_repo_v1
3890,155.6,0.18655562398091474,,4,1,val,current_repo_v1
3891,155.64,-0.1138424176827208,,4,1,val,current_repo_v1
3892,155.68,0.25618795281820234,,4,1,val,current_repo_v1
3893,155.72,-0.05225152264370435,,4,1,val,current_repo_v1
3894,155.76,-0.48232517410456494,,4,1,val,current_repo_v1
3895,155.8,-0.2707608153379735,,4,1,val,current_repo_v1
3896,155.84,-0.4645843204653315,,4,1,val,current_repo_v1
3897,155.88,0.2849252523299976,,4,1,val,current_repo_v1
3898,155.92,0.4880326329525475,,4,1,val,current_repo_v1
3899,155.96,-0.4707247068193738,,4,1,val,current_repo_v1
3900,156.0,-1.142225310695422,,4,1,val,current_repo_v1
3901,156.04,-0.042319814518893564,,4,1,val,current_repo_v1
3902,156.08,0.6865898169196675,,4,1,val,current_repo_v1
3903,156.12,0.3098992450224966,,4,1,val,current_repo_v1
3904,156.16,0.11091460086616513,,4,1,val,current_repo_v1
3905,156.2,-0.42681845381113814,,4,1,val,current_repo_v1
3906,156.24,0.5844652482804683,,4,1,val,current_repo_v1
3907,156.28,0.6542606436787609,,4,1,val,current_repo_v1
3908,156.32,-0.1881151256381336,,4,1,val,current_repo_v1
3909,156.36,-0.175541782834363,,4,1,val,current_repo_v1
3910,156.4,0.5098349035058147,,4,1,val,current_repo_v1
3911,156.44,0.17225645033557213,,4,1,val,current_repo_v1
3912,156.48,0.4174802443310789,,4,1,val,current_repo_v1
3913,156.52,-1.257142399360345,,4,1,val,current_repo_v1
3914,156.56,-1.0079239753198372,,4,1,val,current_repo_v1
3915,156.6,-1.1035604459444042,,4,1,val,current_repo_v1
3916,156.64,-0.3859537410402225,,4,1,val,current_repo_v1
3917,156.68,-0.0005748612117176367,,4,1,val,current_repo_v1
3918,156.72,0.5108808811693138,,4,1,val,current_repo_v1
3919,156.76,0.5218762448846266,,4,1,val,current_repo_v1
3920,156.8,0.24607819752270624,,4,1,val,current_repo_v1
3921,156.84,0.5609919331153169,,4,1,val,current_repo_v1
3922,156.88,0.35924910432913293,,4,1,val,current_repo_v1
3923,156.92,0.29227813935110103,,4,1,val,current_repo_v1
3924,156.96,1.9226864220986977,,4,1,val,current_repo_v1
3925,157.0,2.0422145989538154,,4,1,val,current_repo_v1
3926,157.04,1.622567714293947,,4,1,val,current_repo_v1
3927,157.08,1.2623114284462766,,4,1,val,current_repo_v1
3928,157.12,0.6744862595748304,,4,1,val,current_repo_v1
3929,157.16,0.2685242870328101,,4,1,val,current_repo_v1
3930,157.2,0.4524709429472485,,4,1,val,current_repo_v1
3931,157.24,0.11459965317990777,,4,1,val,current_repo_v1
3932,157.28,-0.05512683060627553,,4,1,val,current_repo_v1
3933,157.32,-0.12466996626641277,,4,1,val,current_repo_v1
3934,157.36,-0.4431911699586429,,4,1,val,current_repo_v1
3935,157.4,-0.306427555354443,,4,1,val,current_repo_v1
3936,157.44,-0.9040409496055843,,4,1,val,current_repo_v1
3937,157.48,-0.06921153925917906,,4,1,val,current_repo_v1
3938,157.52,0.2581387108515886,,4,1,val,current_repo_v1
3939,157.56,-0.3940627167948608,,4,1,val,current_repo_v1
3940,157.6,-0.1365834111948166,,4,1,val,current_repo_v1
3941,157.64,1.487232288833003,,4,1,val,current_repo_v1
3942,157.68,1.3259477016336763,,4,1,val,current_repo_v1
3943,157.72,-0.034266343740175786,,4,1,val,current_repo_v1
3944,157.76,0.9042878106711947,,4,1,val,current_repo_v1
3945,157.8,0.4863332261297754,,4,1,val,current_repo_v1
3946,157.84,0.745984162903236,,4,1,val,current_repo_v1
3947,157.88,1.056158986537447,,4,1,val,current_repo_v1
3948,157.92,0.8652433186965374,,4,1,val,current_repo_v1
3949,157.96,0.2139649227288039,,4,1,val,current_repo_v1
3950,158.0,0.37417612299818676,,4,1,val,current_repo_v1
3951,158.04,-0.2227202209383925,,4,1,val,current_repo_v1
3952,158.08,0.17446947806166838,,4,1,val,current_repo_v1
3953,158.12,0.07689328902281653,,4,1,val,current_repo_v1
3954,158.16,0.41363716475576,,4,1,val,current_repo_v1
3955,158.2,0.4188322948284771,,4,1,val,current_repo_v1
3956,158.24,0.10805051826610369,,4,1,val,current_repo_v1
3957,158.28,0.39401261452938563,,4,1,val,current_repo_v1
3958,158.32,0.5035843632347702,,4,1,val,current_repo_v1
3959,158.36,0.45330139365056027,,4,1,val,current_repo_v1
3960,158.4,-0.16953821669013386,,4,1,val,current_repo_v1
3961,158.44,0.5542782941480424,,4,1,val,current_repo_v1
3962,158.48,0.8071197806586777,,4,1,val,current_repo_v1
3963,158.52,0.6082011238671429,,4,1,val,current_repo_v1
3964,158.56,-0.2591853345791171,,4,1,val,current_repo_v1
3965,158.6,-0.49345246409466853,,4,1,val,current_repo_v1
3966,158.64,-0.11410417052420731,,4,1,val,current_repo_v1
3967,158.68,-0.03331564436940339,,4,1,val,current_repo_v1
3968,158.72,0.5276383607494911,,4,1,val,current_repo_v1
3969,158.76,-0.23106877338671028,,4,1,val,current_repo_v1
3970,158.8,-0.14989711107300768,,4,1,val,current_repo_v1
3971,158.84,-0.06141946194883147,,4,1,val,current_repo_v1
3972,158.88,-0.33482416915196733,,4,1,val,current_repo_v1
3973,158.92,-1.0986435110427202,,4,1,val,current_repo_v1
3974,158.96,-0.7063117612984646,,4,1,val,current_repo_v1
3975,159.0,-0.18909866121319713,,4,1,val,current_repo_v1
3976,159.04,-0.357714088498626,,4,1,val,current_repo_v1
3977,159.08,0.027435728823539368,,4,1,val,current_repo_v1
3978,159.12,-0.0964547026419238,,4,1,val,current_repo_v1
3979,159.16,0.19500226510048685,,4,1,val,current_repo_v1
3980,159.2,0.16342443202249957,,4,1,val,current_repo_v1
3981,159.24,0.4180608620742454,,4,1,val,current_repo_v1
3982,159.28,0.029568483093990298,,4,1,val,current_repo_v1
3983,159.32,-0.3983282576389642,,4,1,val,current_repo_v1
3984,159.36,-0.971417998129257,,4,1,val,current_repo_v1
3985,159.4,-1.4096938806494907,,4,1,val,current_repo_v1
3986,159.44,-1.45434672525003,,4,1,val,current_repo_v1
3987,159.48,-0.5000975233652286,,4,1,val,current_repo_v1
3988,159.52,0.3272090770445568,,4,1,val,current_repo_v1
3989,159.56,1.4920086402019028,,4,1,val,current_repo_v1
3990,159.6,1.3366268816130307,,4,1,val,current_repo_v1
3991,159.64,1.5758373862006667,,4,1,val,current_repo_v1
3992,159.68,0.4878364233068374,,4,1,val,current_repo_v1
3993,159.72,1.5397961874727926,,4,1,val,current_repo_v1
3994,159.76,0.8295665646876131,,4,1,val,current_repo_v1
3995,159.8,0.8082452888041884,,4,1,val,current_repo_v1
3996,159.84,0.4610544850346374,,4,1,val,current_repo_v1
3997,159.88,1.5250010627753283,,4,1,val,current_repo_v1
3998,159.92,1.2475623035077013,,4,1,val,current_repo_v1
3999,159.96,0.5057233843263057,,4,1,val,current_repo_v1
4000,160.0,1.4717367015149296,,4,1,val,current_repo_v1
4001,160.04,0.8301251516473793,,4,1,val,current_repo_v1
4002,160.08,0.5557416937808972,,4,1,val,current_repo_v1
4003,160.12,0.4880905202895762,,4,1,val,current_repo_v1
4004,160.16,0.7034454982323042,,4,1,val,current_repo_v1
4005,160.2,1.402551772017959,,4,1,val,current_repo_v1
4006,160.24,1.912632761312549,,4,1,val,current_repo_v1
4007,160.28,1.7695466349044362,,4,1,val,current_repo_v1
4008,160.32,2.3128541803766836,,4,1,val,current_repo_v1
4009,160.36,1.9808157747128212,,4,1,val,current_repo_v1
4010,160.4,1.607651000346161,,4,1,val,current_repo_v1
4011,160.44,1.1612551266795887,,4,1,val,current_repo_v1
4012,160.48,1.7490525794041765,,4,1,val,current_repo_v1
4013,160.52,0.9602568543840161,,4,1,val,current_repo_v1
4014,160.56,0.5822420773491114,,4,1,val,current_repo_v1
4015,160.6,0.5290255571300854,,4,1,val,current_repo_v1
4016,160.64,0.8062397122379128,,4,1,val,current_repo_v1
4017,160.68,1.1507791984438642,,4,1,val,current_repo_v1
4018,160.72,1.79931558560988,,4,1,val,current_repo_v1
4019,160.76,1.8805284183538522,,4,1,val,current_repo_v1
4020,160.8,1.69324660225236,,4,1,val,current_repo_v1
4021,160.84,0.8253506738641645,,4,1,val,current_repo_v1
4022,160.88,0.9023674499503888,,4,1,val,current_repo_v1
4023,160.92,1.3301876906454193,,4,1,val,current_repo_v1
4024,160.96,1.5382430495462627,,4,1,val,current_repo_v1
4025,161.0,1.595059212414353,,4,1,val,current_repo_v1
4026,161.04,1.5606621174283395,,4,1,val,current_repo_v1
4027,161.08,1.8032368066295472,,4,1,val,current_repo_v1
4028,161.12,1.450696721909879,,4,1,val,current_repo_v1
4029,161.16,1.368228715969708,,4,1,val,current_repo_v1
4030,161.2,1.6518466900395403,,4,1,val,current_repo_v1
4031,161.24,1.716013252582221,,4,1,val,current_repo_v1
4032,161.28,1.6506950163008416,,4,1,val,current_repo_v1
4033,161.32,1.1005244618577363,,4,1,val,current_repo_v1
4034,161.36,1.0117984213037805,,4,1,val,current_repo_v1
4035,161.4,0.9287988338802696,,4,1,val,current_repo_v1
4036,161.44,1.148587749256348,,4,1,val,current_repo_v1
4037,161.48,1.5290044631395274,,4,1,val,current_repo_v1
4038,161.52,1.481748884990395,,4,1,val,current_repo_v1
4039,161.56,1.4167703491756416,,4,1,val,current_repo_v1
4040,161.6,1.5446349486269266,,4,1,val,current_repo_v1
4041,161.64,1.54820044679204,,4,1,val,current_repo_v1
4042,161.68,1.9356936292013704,,4,1,val,current_repo_v1
4043,161.72,1.7572287781210676,,4,1,val,current_repo_v1
4044,161.76,1.8196844339012537,,4,1,val,current_repo_v1
4045,161.8,1.6438596588704397,,4,1,val,current_repo_v1
4046,161.84,1.6419398150008573,,4,1,val,current_repo_v1
4047,161.88,1.726376378038423,,4,1,val,current_repo_v1
4048,161.92,1.9941341262520236,,4,1,val,current_repo_v1
4049,161.96,1.899408605908824,,4,1,val,current_repo_v1
4050,162.0,2.1914217944014935,,4,1,val,current_repo_v1
4051,162.04,1.9339544248343912,,4,1,val,current_repo_v1
4052,162.08,1.196099685612322,,4,1,val,current_repo_v1
4053,162.12,0.5052475258654965,,4,1,val,current_repo_v1
4054,162.16,0.32667410372506306,,4,1,val,current_repo_v1
4055,162.2,0.2205569401425553,,4,1,val,current_repo_v1
4056,162.24,-0.1949154987013467,,4,1,val,current_repo_v1
4057,162.28,0.3630916670532283,,4,1,val,current_repo_v1
4058,162.32,0.6802899819631845,,4,1,val,current_repo_v1
4059,162.36,0.8638351575381911,,4,1,val,current_repo_v1
4060,162.4,0.8819580288379725,,4,1,val,current_repo_v1
4061,162.44,0.7762127235591513,,4,1,val,current_repo_v1
4062,162.48,-0.0014441565147933796,,4,1,val,current_repo_v1
4063,162.52,-0.706576195305673,,4,1,val,current_repo_v1
4064,162.56,-0.7783732908860652,,4,1,val,current_repo_v1
4065,162.6,1.021579766101563,,4,1,val,current_repo_v1
4066,162.64,0.6546205013431025,,4,1,val,current_repo_v1
4067,162.68,-0.10244166494059893,,4,1,val,current_repo_v1
4068,162.72,-1.0997843309057262,,4,1,val,current_repo_v1
4069,162.76,-1.2943600806856446,,4,1,val,current_repo_v1
4070,162.8,0.27821380998042294,,4,1,val,current_repo_v1
4071,162.84,-0.6291228737548247,,4,1,val,current_repo_v1
4072,162.88,0.16772731536749866,,4,1,val,current_repo_v1
4073,162.92,1.2211492677962537,,4,1,val,current_repo_v1
4074,162.96,1.7051681633601325,,4,1,val,current_repo_v1
4075,163.0,2.0598769558134844,,4,1,val,current_repo_v1
4076,163.04,1.9720046242678964,,4,1,val,current_repo_v1
4077,163.08,1.9508944821092595,,4,1,val,current_repo_v1
4078,163.12,2.039101345609239,,4,1,val,current_repo_v1
4079,163.16,1.8302468055041037,,4,1,val,current_repo_v1
4080,163.2,1.5669773933151239,,4,1,val,current_repo_v1
4081,163.24,1.4158663763857913,,4,1,val,current_repo_v1
4082,163.28,1.8756235002431139,,4,1,val,current_repo_v1
4083,163.32,2.2984565142700686,,4,1,val,current_repo_v1
4084,163.36,1.885916204720118,,4,1,val,current_repo_v1
4085,163.4,1.7473189311878494,,4,1,val,current_repo_v1
4086,163.44,1.7463588800402523,,4,1,val,current_repo_v1
4087,163.48,1.8660050281871274,,4,1,val,current_repo_v1
4088,163.52,1.6248965166941007,,4,1,val,current_repo_v1
4089,163.56,1.6188529753380563,,4,1,val,current_repo_v1
4090,163.6,1.8377454122670245,,4,1,val,current_repo_v1
4091,163.64,1.1354225148920989,,4,1,val,current_repo_v1
4092,163.68,0.4853853209859299,,4,1,val,current_repo_v1
4093,163.72,0.15319087470738144,,4,1,val,current_repo_v1
4094,163.76,0.7338211030612969,,4,1,val,current_repo_v1
4095,163.8,0.544733214965789,,4,1,val,current_repo_v1
4096,163.84,0.6533373535744332,,4,1,val,current_repo_v1
4097,163.88,0.7881326049004473,,4,1,val,current_repo_v1
4098,163.92,1.138627121690424,,4,1,val,current_repo_v1
4099,163.96,0.9665453832199857,,4,1,val,current_repo_v1
4100,164.0,0.8320621162137392,,4,1,val,current_repo_v1
4101,164.04,0.702281420064242,,4,1,val,current_repo_v1
4102,164.08,0.29796259831963917,,4,1,val,current_repo_v1
4103,164.12,0.4537303155596381,,4,1,val,current_repo_v1
4104,164.16,0.0315898236225818,,4,1,val,current_repo_v1
4105,164.2,0.6794701267099538,,4,1,val,current_repo_v1
4106,164.24,0.8060548087127162,,4,1,val,current_repo_v1
4107,164.28,0.6623482024108267,,4,1,val,current_repo_v1
4108,164.32,0.18564483521555475,,4,1,val,current_repo_v1
4109,164.36,0.7607184929755396,,4,1,val,current_repo_v1
4110,164.4,-0.00904925128608736,,4,1,val,current_repo_v1
4111,164.44,0.622580377148922,,4,1,val,current_repo_v1
4112,164.48,0.4697234367867049,,4,1,val,current_repo_v1
4113,164.52,0.39695185052765986,,4,1,val,current_repo_v1
4114,164.56,0.4020756874347395,,4,1,val,current_repo_v1
4115,164.6,0.11210831722157322,,4,1,val,current_repo_v1
4116,164.64,-0.028681740024222233,,4,1,val,current_repo_v1
4117,164.68,0.06099014432553564,,4,1,val,current_repo_v1
4118,164.72,0.5501900655767911,,4,1,val,current_repo_v1
4119,164.76,0.8589171889340602,,4,1,val,current_repo_v1
4120,164.8,0.8395582033269455,,4,1,val,current_repo_v1
4121,164.84,0.14780215154827306,,4,1,val,current_repo_v1
4122,164.88,-0.5004692040013071,,4,1,val,current_repo_v1
4123,164.92,-0.7111893509007619,,4,1,val,current_repo_v1
4124,164.96,-0.6708029839371684,,4,1,val,current_repo_v1
4125,165.0,-0.5527989367336631,,4,1,val,current_repo_v1
4126,165.04,-0.26475101467586126,,4,1,val,current_repo_v1
4127,165.08,-0.1759649224703783,,4,1,val,current_repo_v1
4128,165.12,0.004158801476443667,,4,1,val,current_repo_v1
4129,165.16,-0.3478328945051091,,4,1,val,current_repo_v1
4130,165.2,0.1978689642598671,,4,1,val,current_repo_v1
4131,165.24,-0.3456296869522588,,4,1,val,current_repo_v1
4132,165.28,-0.6322473040071088,,4,1,val,current_repo_v1
4133,165.32,-0.23533439498881728,,4,1,val,current_repo_v1
4134,165.36,-0.482610831315137,,4,1,val,current_repo_v1
4135,165.4,-0.0665911075940821,,4,1,val,current_repo_v1
4136,165.44,0.13237878611287954,,4,1,val,current_repo_v1
4137,165.48,-0.2712369968307975,,4,1,val,current_repo_v1
4138,165.52,-0.009357843769700915,,4,1,val,current_repo_v1
4139,165.56,-0.20846216926851727,,4,1,val,current_repo_v1
4140,165.6,-0.1906993494522863,,4,1,val,current_repo_v1
4141,165.64,-0.588362694143856,,4,1,val,current_repo_v1
4142,165.68,0.21533851946158059,,4,1,val,current_repo_v1
4143,165.72,0.13356993436377101,,4,1,val,current_repo_v1
4144,165.76,0.5309383912049495,,4,1,val,current_repo_v1
4145,165.8,0.46623359271942694,,4,1,val,current_repo_v1
4146,165.84,1.2200908857033912,,4,1,val,current_repo_v1
4147,165.88,1.521897112752774,,4,1,val,current_repo_v1
4148,165.92,1.2583792243381107,,4,1,val,current_repo_v1
4149,165.96,1.8240439447584245,,4,1,val,current_repo_v1
4150,166.0,1.2638542293483372,,4,1,val,current_repo_v1
4151,166.04,1.482877946488067,,4,1,val,current_repo_v1
4152,166.08,2.061609053476141,,4,1,val,current_repo_v1
4153,166.12,2.4297240621766854,,4,1,val,current_repo_v1
4154,166.16,1.4680133053010458,,4,1,val,current_repo_v1
4155,166.2,1.5634864509389959,,4,1,val,current_repo_v1
4156,166.24,1.0342963089974366,,4,1,val,current_repo_v1
4157,166.28,0.7750328814287731,,4,1,val,current_repo_v1
4158,166.32,0.7582271408656044,,4,1,val,current_repo_v1
4159,166.36,0.4502064562212154,,4,1,val,current_repo_v1
4160,166.4,0.3825009487450271,,4,1,val,current_repo_v1
4161,166.44,-0.5606824038388608,,4,1,val,current_repo_v1
4162,166.48,0.32821945658003937,,4,1,val,current_repo_v1
4163,166.52,0.7884418757512917,,4,1,val,current_repo_v1
4164,166.56,0.8065675251263992,,4,1,val,current_repo_v1
4165,166.6,0.8033603340719568,,4,1,val,current_repo_v1
4166,166.64,1.0283813343832304,,4,1,val,current_repo_v1
4167,166.68,0.9631596200678342,,4,1,val,current_repo_v1
4168,166.72,0.20301449276673172,,4,1,val,current_repo_v1
4169,166.76,1.1118838180471784,,4,1,val,current_repo_v1
4170,166.8,0.9871341517069464,,4,1,val,current_repo_v1
4171,166.84,1.4314739912065517,,4,1,val,current_repo_v1
4172,166.88,0.8946079625324211,,4,1,val,current_repo_v1
4173,166.92,0.989301825738183,,4,1,val,current_repo_v1
4174,166.96,1.0633041316699166,,4,1,val,current_repo_v1
4175,167.0,1.0378205882774783,,4,1,val,current_repo_v1
4176,167.04,1.1928140623847179,,4,1,val,current_repo_v1
4177,167.08,1.5650528977845302,,4,1,val,current_repo_v1
4178,167.12,1.332892631523454,,4,1,val,current_repo_v1
4179,167.16,1.3576862431389616,,4,1,val,current_repo_v1
4180,167.2,0.9568371082639213,,4,1,val,current_repo_v1
4181,167.24,0.8164956556716475,,4,1,val,current_repo_v1
4182,167.28,0.45739369242519645,,4,1,val,current_repo_v1
4183,167.32,-0.2051537238290768,,4,1,val,current_repo_v1
4184,167.36,-0.19491498185012324,,4,1,val,current_repo_v1
4185,167.4,0.38013903556336975,,4,1,val,current_repo_v1
4186,167.44,0.8611838399745916,,4,1,val,current_repo_v1
4187,167.48,0.890012509091736,,4,1,val,current_repo_v1
4188,167.52,1.0026396884110713,,4,1,val,current_repo_v1
4189,167.56,0.5739307220372828,,4,1,val,current_repo_v1
4190,167.6,0.4176737082046643,,4,1,val,current_repo_v1
4191,167.64,0.3157322018081782,,4,1,val,current_repo_v1
4192,167.68,0.26954311385547625,,4,1,val,current_repo_v1
4193,167.72,0.48454081838998003,,4,1,val,current_repo_v1
4194,167.76,0.7137976406000074,,4,1,val,current_repo_v1
4195,167.8,0.8968275801116166,,4,1,val,current_repo_v1
4196,167.84,0.6591822302414561,,4,1,val,current_repo_v1
4197,167.88,0.25376837842192657,,4,1,val,current_repo_v1
4198,167.92,0.03328769604328422,,4,1,val,current_repo_v1
4199,167.96,0.2239269716355925,,4,1,val,current_repo_v1
4200,168.0,0.2745952053520978,,4,1,val,current_repo_v1
4201,168.04,0.18687390742496837,,4,1,val,current_repo_v1
4202,168.08,0.04192161295441075,,4,1,val,current_repo_v1
4203,168.12,0.24436078166511632,,4,1,val,current_repo_v1
4204,168.16,-0.05589687432284414,,4,1,val,current_repo_v1
4205,168.2,-0.12269701593361873,,4,1,val,current_repo_v1
4206,168.24,-0.3507003204865224,,4,1,val,current_repo_v1
4207,168.28,-0.11293309871302754,,4,1,val,current_repo_v1
4208,168.32,-0.1421291117614535,,4,1,val,current_repo_v1
4209,168.36,0.086362197256011,,4,1,val,current_repo_v1
4210,168.4,-0.10938685325598826,,4,1,val,current_repo_v1
4211,168.44,-0.7116378485499286,,4,1,val,current_repo_v1
4212,168.48,-0.4293660134916259,,4,1,val,current_repo_v1
4213,168.52,-0.6342342739293395,,4,1,val,current_repo_v1
4214,168.56,-0.632343761366689,,4,1,val,current_repo_v1
4215,168.6,-0.4610776787332907,,4,1,val,current_repo_v1
4216,168.64,-0.540747064511173,,4,1,val,current_repo_v1
4217,168.68,-0.37723678673077515,,4,1,val,current_repo_v1
4218,168.72,-0.2826314666002341,,4,1,val,current_repo_v1
4219,168.76,-0.35150806203920293,,4,1,val,current_repo_v1
4220,168.8,-0.4093388684653692,,4,1,val,current_repo_v1
4221,168.84,-0.6569402588468455,,4,1,val,current_repo_v1
4222,168.88,-1.1277937908336695,,4,1,val,current_repo_v1
4223,168.92,-0.831443962150468,,4,1,val,current_repo_v1
4224,168.96,-0.2245441081480174,,4,1,val,current_repo_v1
4225,169.0,-0.11319551377014411,,4,1,val,current_repo_v1
4226,169.04,-0.12647666817285727,,4,1,val,current_repo_v1
4227,169.08,-0.21542646492757428,,4,1,val,current_repo_v1
4228,169.12,-0.4067872385814966,,4,1,val,current_repo_v1
4229,169.16,0.02375141948343046,,4,1,val,current_repo_v1
4230,169.2,0.37863842264242514,,4,1,val,current_repo_v1
4231,169.24,-0.013761884590093693,,4,1,val,current_repo_v1
4232,169.28,-0.48670561743628615,,4,1,val,current_repo_v1
4233,169.32,-0.6331217516708185,,4,1,val,current_repo_v1
4234,169.36,-0.6980255378773773,,4,1,val,current_repo_v1
4235,169.4,-0.6978273900395792,,4,1,val,current_repo_v1
4236,169.44,-0.9227435341588912,,4,1,val,current_repo_v1
4237,169.48,-1.1520877365288866,,4,1,val,current_repo_v1
4238,169.52,-1.0524773906662612,,4,1,val,current_repo_v1
4239,169.56,-0.31384860213064164,,4,1,val,current_repo_v1
4240,169.6,-0.6988723986070343,,4,1,val,current_repo_v1
4241,169.64,-0.6825743351581196,,4,1,val,current_repo_v1
4242,169.68,-0.8512401392862362,,4,1,val,current_repo_v1
4243,169.72,-0.2609595233132851,,4,1,val,current_repo_v1
4244,169.76,0.22982852426958908,,4,1,val,current_repo_v1
4245,169.8,-0.009353167881288578,,4,1,val,current_repo_v1
4246,169.84,-0.11003924871281433,,4,1,val,current_repo_v1
4247,169.88,0.7855593964779949,,4,1,val,current_repo_v1
4248,169.92,1.00825941176387,,4,1,val,current_repo_v1
4249,169.96,0.9318425061288864,,4,1,val,current_repo_v1
4250,170.0,0.9999656940000421,,4,1,val,current_repo_v1
4251,170.04,0.7331039719887311,,4,1,val,current_repo_v1
4252,170.08,0.43190685410620855,,4,1,val,current_repo_v1
4253,170.12,0.36392806154560997,,4,1,val,current_repo_v1
4254,170.16,0.2673632453656858,,4,1,val,current_repo_v1
4255,170.2,-0.09128058580176093,,4,1,val,current_repo_v1
4256,170.24,-0.03925922346850845,,4,1,val,current_repo_v1
4257,170.28,0.34643358442396477,,4,1,val,current_repo_v1
4258,170.32,0.17832145716899137,,4,1,val,current_repo_v1
4259,170.36,0.5795211140831492,,4,1,val,current_repo_v1
4260,170.4,0.8078410465410313,,4,1,val,current_repo_v1
4261,170.44,0.07801249804404115,,4,1,val,current_repo_v1
4262,170.48,-0.24687878391626183,,4,1,val,current_repo_v1
4263,170.52,0.5126790711821718,,4,1,val,current_repo_v1
4264,170.56,-0.5055329569536582,,4,1,val,current_repo_v1
4265,170.6,-0.6562030997893702,,4,1,val,current_repo_v1
4266,170.64,-1.0031015595856456,,4,1,val,current_repo_v1
4267,170.68,-0.8101500147754843,,4,1,val,current_repo_v1
4268,170.72,-0.7077634025659855,,4,1,val,current_repo_v1
4269,170.76,-0.8228774761534536,,4,1,val,current_repo_v1
4270,170.8,-1.0383616669020492,,4,1,val,current_repo_v1
4271,170.84,-1.010954855500673,,4,1,val,current_repo_v1
4272,170.88,-0.010920381927857648,,4,1,val,current_repo_v1
4273,170.92,0.1207626840781784,,4,1,val,current_repo_v1
4274,170.96,0.4039655539333606,,4,1,val,current_repo_v1
4275,171.0,0.1361526803064566,,4,1,val,current_repo_v1
4276,171.04,0.19699941053117964,,4,1,val,current_repo_v1
4277,171.08,0.7558976277950183,,4,1,val,current_repo_v1
4278,171.12,0.8450633149209392,,4,1,val,current_repo_v1
4279,171.16,0.655960179714339,,4,1,val,current_repo_v1
4280,171.2,0.9269731861461648,,4,1,val,current_repo_v1
4281,171.24,1.071727126846015,,4,1,val,current_repo_v1
4282,171.28,0.7736598661536229,,4,1,val,current_repo_v1
4283,171.32,-0.42811397370596926,,4,1,val,current_repo_v1
4284,171.36,-0.38568090820063283,,4,1,val,current_repo_v1
4285,171.4,0.05818209970421897,,4,1,val,current_repo_v1
4286,171.44,-0.15878029765720386,,4,1,val,current_repo_v1
4287,171.48,-0.46738051788751017,,4,1,val,current_repo_v1
4288,171.52,-0.2980562129974903,,4,1,val,current_repo_v1
4289,171.56,0.09064440655207127,,4,1,val,current_repo_v1
4290,171.6,-0.019607366942144062,,4,1,val,current_repo_v1
4291,171.64,0.4994538174695972,,4,1,val,current_repo_v1
4292,171.68,0.31453452831059037,,4,1,val,current_repo_v1
4293,171.72,0.4148464997090774,,4,1,val,current_repo_v1
4294,171.76,0.4838600284190645,,4,1,val,current_repo_v1
4295,171.8,0.056361806225757254,,4,1,val,current_repo_v1
4296,171.84,-0.03004804430926775,,4,1,val,current_repo_v1
4297,171.88,-0.11015051709026716,,4,1,val,current_repo_v1
4298,171.92,-0.014118269660277568,,4,1,val,current_repo_v1
4299,171.96,0.367224054100885,,4,1,val,current_repo_v1
4300,172.0,0.3922171379854509,,4,1,val,current_repo_v1
4301,172.04,0.3938854045220089,,4,1,val,current_repo_v1
4302,172.08,0.06056903979121278,,4,1,val,current_repo_v1
4303,172.12,0.21649642771816258,,4,1,val,current_repo_v1
4304,172.16,0.3508575078648605,,4,1,val,current_repo_v1
4305,172.2,0.3082320767947885,,4,1,val,current_repo_v1
4306,172.24,0.28771272788778024,,4,1,val,current_repo_v1
4307,172.28,0.41374838467841063,,4,1,val,current_repo_v1
4308,172.32,-0.05253320656049595,,4,1,val,current_repo_v1
4309,172.36,-0.43043179301762424,,4,1,val,current_repo_v1
4310,172.4,-0.6418396750763099,,4,1,val,current_repo_v1
4311,172.44,-0.542228812362461,,4,1,val,current_repo_v1
4312,172.48,-0.7728405277516158,,4,1,val,current_repo_v1
4313,172.52,-0.48098568955253734,,4,1,val,current_repo_v1
4314,172.56,-0.5617551285531744,,4,1,val,current_repo_v1
4315,172.6,-0.5967140408191006,,4,1,val,current_repo_v1
4316,172.64,-0.05515199480021827,,4,1,val,current_repo_v1
4317,172.68,0.07993840683969898,,4,1,val,current_repo_v1
4318,172.72,-0.08327205685208403,,4,1,val,current_repo_v1
4319,172.76,-0.06409210770119952,,4,1,val,current_repo_v1
4320,172.8,-0.43684795180258973,,4,1,val,current_repo_v1
4321,172.84,0.25452493555188277,,4,1,val,current_repo_v1
4322,172.88,-0.16346849358930046,,4,1,val,current_repo_v1
4323,172.92,-0.3453268444385064,,4,1,val,current_repo_v1
4324,172.96,-0.1442733821232274,,4,1,val,current_repo_v1
4325,173.0,0.06802022141647988,,4,1,val,current_repo_v1
4326,173.04,0.10946039956992809,,4,1,val,current_repo_v1
4327,173.08,0.09510173957908412,,4,1,val,current_repo_v1
4328,173.12,-0.14521921986217903,,4,1,val,current_repo_v1
4329,173.16,-0.5305665167496622,,4,1,val,current_repo_v1
4330,173.2,-0.7573027524524267,,4,1,val,current_repo_v1
4331,173.24,-1.0247686735439752,,4,1,val,current_repo_v1
4332,173.28,-0.7844807925810142,,4,1,val,current_repo_v1
4333,173.32,-1.0749319274635487,,4,1,val,current_repo_v1
4334,173.36,-1.3891141570589407,,4,1,val,current_repo_v1
4335,173.4,-1.3718399554680987,,4,1,val,current_repo_v1
4336,173.44,-1.309271238482778,,4,1,val,current_repo_v1
4337,173.48,-1.202697549905539,,4,1,val,current_repo_v1
4338,173.52,-1.4197717042303368,,4,1,val,current_repo_v1
4339,173.56,-1.1612153291353815,,4,1,val,current_repo_v1
4340,173.6,-0.9196413931156192,,4,1,val,current_repo_v1
4341,173.64,-0.5739856374797766,,4,1,val,current_repo_v1
4342,173.68,-0.5845339894931899,,4,1,val,current_repo_v1
4343,173.72,-0.5257782454994211,,4,1,val,current_repo_v1
4344,173.76,-0.7173619112434653,,4,1,val,current_repo_v1
4345,173.8,-0.7188799032867991,,4,1,val,current_repo_v1
4346,173.84,-0.38600813963149283,,4,1,val,current_repo_v1
4347,173.88,-0.9680239653575299,,4,1,val,current_repo_v1
4348,173.92,-1.0352263827740724,,4,1,val,current_repo_v1
4349,173.96,-0.6658585267078347,,4,1,val,current_repo_v1
4350,174.0,-0.31916157428231007,,4,1,val,current_repo_v1
4351,174.04,-0.9576913341235127,,4,1,val,current_repo_v1
4352,174.08,-1.135173521815192,,4,1,val,current_repo_v1
4353,174.12,-0.46523303335719035,,4,1,val,current_repo_v1
4354,174.16,-0.6181963804650394,,4,1,val,current_repo_v1
4355,174.2,-0.9127578393086287,,4,1,val,current_repo_v1
4356,174.24,-1.4399768398966764,,4,1,val,current_repo_v1
4357,174.28,-1.383038700139847,,4,1,val,current_repo_v1
4358,174.32,-0.9407839676885289,,4,1,val,current_repo_v1
4359,174.36,-1.115531237131212,,4,1,val,current_repo_v1
4360,174.4,-0.80349297101718,,4,1,val,current_repo_v1
4361,174.44,-0.657133173566006,,4,1,val,current_repo_v1
4362,174.48,-0.2713225357082819,,4,1,val,current_repo_v1
4363,174.52,-0.13438299786889318,,4,1,val,current_repo_v1
4364,174.56,-0.20103798908177634,,4,1,val,current_repo_v1
4365,174.6,-0.3404919596685485,,4,1,val,current_repo_v1
4366,174.64,-0.028246607824662356,,4,1,val,current_repo_v1
4367,174.68,-0.3216754740268693,,4,1,val,current_repo_v1
4368,174.72,-0.7382113019598611,,4,1,val,current_repo_v1
4369,174.76,-0.9388687754799577,,4,1,val,current_repo_v1
4370,174.8,-0.9209261560443619,,4,1,val,current_repo_v1
4371,174.84,-1.3852496604610494,,4,1,val,current_repo_v1
4372,174.88,-1.8121933214810733,,4,1,val,current_repo_v1
4373,174.92,-1.7294341990892823,,4,1,val,current_repo_v1
4374,174.96,-1.5492177392126365,,4,1,val,current_repo_v1
4375,175.0,-1.6523193504834044,,4,1,val,current_repo_v1
4376,175.04,-1.079582813197951,,4,1,val,current_repo_v1
4377,175.08,0.13588907003088574,,4,1,val,current_repo_v1
4378,175.12,0.2107345056725068,,4,1,val,current_repo_v1
4379,175.16,-0.2560448173325024,,4,1,val,current_repo_v1
4380,175.2,-0.7356723349309635,,4,1,val,current_repo_v1
4381,175.24,-0.41341953808747733,,4,1,val,current_repo_v1
4382,175.28,-1.210742985262892,,4,1,val,current_repo_v1
4383,175.32,-1.3337301889310884,,4,1,val,current_repo_v1
4384,175.36,-1.1806491935634966,,4,1,val,current_repo_v1
4385,175.4,-0.5739400253593053,,4,1,val,current_repo_v1
4386,175.44,-0.28608419428902654,,4,1,val,current_repo_v1
4387,175.48,-0.5704920462411284,,4,1,val,current_repo_v1
4388,175.52,-0.5010199412831168,,4,1,val,current_repo_v1
4389,175.56,-0.3635043404519683,,4,1,val,current_repo_v1
4390,175.6,-1.322139541819143,,4,1,val,current_repo_v1
4391,175.64,-0.8307366512511483,,4,1,val,current_repo_v1
4392,175.68,0.7711973284993962,,4,1,val,current_repo_v1
4393,175.72,0.609756910656193,,4,1,val,current_repo_v1
4394,175.76,-0.1664438768700162,,4,1,val,current_repo_v1
4395,175.8,-0.02795269714611552,,4,1,val,current_repo_v1
4396,175.84,-0.38116117346418626,,4,1,val,current_repo_v1
4397,175.88,-0.4411205024414114,,4,1,val,current_repo_v1
4398,175.92,-0.7613243072158504,,4,1,val,current_repo_v1
4399,175.96,-1.0983823719620616,,4,1,val,current_repo_v1
4400,176.0,-1.266447788787714,,4,1,val,current_repo_v1
4401,176.04,-0.46849003594829475,,4,1,val,current_repo_v1
4402,176.08,-0.6518132885292236,,4,1,val,current_repo_v1
4403,176.12,-0.4895957848715321,,4,1,val,current_repo_v1
4404,176.16,0.3092118005920789,,4,1,val,current_repo_v1
4405,176.2,0.27612980124098563,,4,1,val,current_repo_v1
4406,176.24,-0.02017181289507623,,4,1,val,current_repo_v1
4407,176.28,-0.5660318140017839,,4,1,val,current_repo_v1
4408,176.32,-0.5053152333757711,,4,1,val,current_repo_v1
4409,176.36,-0.6717008837251431,,4,1,val,current_repo_v1
4410,176.4,-0.7047471880386155,,4,1,val,current_repo_v1
4411,176.44,-0.0205714802173256,,4,1,val,current_repo_v1
4412,176.48,0.032858329965186193,,4,1,val,current_repo_v1
4413,176.52,-0.03198934759937466,,4,1,val,current_repo_v1
4414,176.56,-0.027491019790750196,,4,1,val,current_repo_v1
4415,176.6,-0.3316143615382061,,4,1,val,current_repo_v1
4416,176.64,-0.40326438064231945,,4,1,val,current_repo_v1
4417,176.68,0.05572535239885512,,4,1,val,current_repo_v1
4418,176.72,0.18163235765174332,,4,1,val,current_repo_v1
4419,176.76,0.13506117935629022,,4,1,val,current_repo_v1
4420,176.8,0.5225640769534619,,4,1,val,current_repo_v1
4421,176.84,1.1688010253294572,,4,1,val,current_repo_v1
4422,176.88,0.4015838711924055,,4,1,val,current_repo_v1
4423,176.92,-0.038460890223255176,,4,1,val,current_repo_v1
4424,176.96,-0.0368097847624765,,4,1,val,current_repo_v1
4425,177.0,0.13452691670722872,,4,1,val,current_repo_v1
4426,177.04,0.07083750475341609,,4,1,val,current_repo_v1
4427,177.08,0.019703884870227055,,4,1,val,current_repo_v1
4428,177.12,0.141569458796039,,4,1,val,current_repo_v1
4429,177.16,-0.2083544057884236,,4,1,val,current_repo_v1
4430,177.2,-0.7731465036759105,,4,1,val,current_repo_v1
4431,177.24,-1.501293226367527,,4,1,val,current_repo_v1
4432,177.28,-2.154319370899028,,4,1,val,current_repo_v1
4433,177.32,-2.051852582143488,,4,1,val,current_repo_v1
4434,177.36,-1.8522300385919888,,4,1,val,current_repo_v1
4435,177.4,-1.2816635011682775,,4,1,val,current_repo_v1
4436,177.44,0.39550799433169265,,4,1,val,current_repo_v1
4437,177.48,1.8562193547603483,,4,1,val,current_repo_v1
4438,177.52,2.26481285915507,,4,1,val,current_repo_v1
4439,177.56,1.649649555488566,,4,1,val,current_repo_v1
4440,177.6,1.3776983348733347,,4,1,val,current_repo_v1
4441,177.64,1.2227538324195188,,4,1,val,current_repo_v1
4442,177.68,1.0028943022450338,,4,1,val,current_repo_v1
4443,177.72,0.9375996473007251,,4,1,val,current_repo_v1
4444,177.76,1.1429787505664366,,4,1,val,current_repo_v1
4445,177.8,0.9270789468277675,,4,1,val,current_repo_v1
4446,177.84,1.2720281022347226,,4,1,val,current_repo_v1
4447,177.88,1.6188204137109776,,4,1,val,current_repo_v1
4448,177.92,1.4473790539064197,,4,1,val,current_repo_v1
4449,177.96,1.8316146522670194,,4,1,val,current_repo_v1
4450,178.0,1.6867607654618304,,4,1,val,current_repo_v1
4451,178.04,2.0689704362392303,,4,1,val,current_repo_v1
4452,178.08,1.2125293523040128,,4,1,val,current_repo_v1
4453,178.12,0.2540417604159412,,4,1,val,current_repo_v1
4454,178.16,0.8036653409002076,,4,1,val,current_repo_v1
4455,178.2,0.6305049985327886,,4,1,val,current_repo_v1
4456,178.24,0.048017905438450706,,4,1,val,current_repo_v1
4457,178.28,-0.23068853240224307,,4,1,val,current_repo_v1
4458,178.32,-0.27204102351530934,,4,1,val,current_repo_v1
4459,178.36,0.009293314086870544,,4,1,val,current_repo_v1
4460,178.4,0.6447587861800702,,4,1,val,current_repo_v1
4461,178.44,0.9459046065786633,,4,1,val,current_repo_v1
4462,178.48,1.2568468896733256,,4,1,val,current_repo_v1
4463,178.52,1.52432153262927,,4,1,val,current_repo_v1
4464,178.56,1.9456501219575069,,4,1,val,current_repo_v1
4465,178.6,1.919207108875098,,4,1,val,current_repo_v1
4466,178.64,1.986157690533004,,4,1,val,current_repo_v1
4467,178.68,1.9995330249195942,,4,1,val,current_repo_v1
4468,178.72,1.968142195074899,,4,1,val,current_repo_v1
4469,178.76,1.7302798969036866,,4,1,val,current_repo_v1
4470,178.8,1.487780021917076,,4,1,val,current_repo_v1
4471,178.84,1.7813220563287722,,4,1,val,current_repo_v1
4472,178.88,1.8167474268238808,,4,1,val,current_repo_v1
4473,178.92,1.7317323780544454,,4,1,val,current_repo_v1
4474,178.96,2.082023772313598,,4,1,val,current_repo_v1
4475,179.0,1.9407797036659353,,4,1,val,current_repo_v1
4476,179.04,1.9776167240651485,,4,1,val,current_repo_v1
4477,179.08,2.0229339809134594,,4,1,val,current_repo_v1
4478,179.12,1.8664486157496714,,4,1,val,current_repo_v1
4479,179.16,1.453887632150782,,4,1,val,current_repo_v1
4480,179.2,1.4460321396180547,,4,1,val,current_repo_v1
4481,179.24,1.604685695664303,,4,1,val,current_repo_v1
4482,179.28,1.8305392140837824,,4,1,val,current_repo_v1
4483,179.32,1.9762787254603884,,4,1,val,current_repo_v1
4484,179.36,1.9518390277201525,,4,1,val,current_repo_v1
4485,179.4,1.8261038553095674,,4,1,val,current_repo_v1
4486,179.44,1.9737400814635055,,4,1,val,current_repo_v1
4487,179.48,2.1674908074779586,,4,1,val,current_repo_v1
4488,179.52,1.9397264900853075,,4,1,val,current_repo_v1
4489,179.56,1.7752102906112295,,4,1,val,current_repo_v1
4490,179.6,1.979863734759188,,4,1,val,current_repo_v1
4491,179.64,1.8638559607999359,,4,1,val,current_repo_v1
4492,179.68,1.5808990394449225,,4,1,val,current_repo_v1
4493,179.72,1.7173999644147933,,4,1,val,current_repo_v1
4494,179.76,1.419672727221042,,4,1,val,current_repo_v1
4495,179.8,0.8472848060858198,,4,1,val,current_repo_v1
4496,179.84,0.7307647033513021,,4,1,val,current_repo_v1
4497,179.88,-0.5334404679777718,,4,1,val,current_repo_v1
4498,179.92,-1.182370824988878,,4,1,val,current_repo_v1
4499,179.96,-1.5696838847468289,,4,1,val,current_repo_v1
4500,180.0,-1.5833101504024139,,4,1,val,current_repo_v1
4501,180.04,-0.8410876953100016,,4,1,val,current_repo_v1
4502,180.08,-1.2417288621739977,,4,1,val,current_repo_v1
4503,180.12,-1.0558096597167836,,4,1,val,current_repo_v1
4504,180.16,-0.5264320946003131,,4,1,val,current_repo_v1
4505,180.2,-0.016449704771350833,,4,1,val,current_repo_v1
4506,180.24,1.3372569232544416,,4,1,val,current_repo_v1
4507,180.28,1.1835060887012316,,4,1,val,current_repo_v1
4508,180.32,1.7097550887556303,,4,1,val,current_repo_v1
4509,180.36,2.2517158491523186,,4,1,val,current_repo_v1
4510,180.4,2.324072436182118,,4,1,val,current_repo_v1
4511,180.44,1.76741552809726,,4,1,val,current_repo_v1
4512,180.48,1.5775501019424432,,4,1,val,current_repo_v1
4513,180.52,1.8399163166184078,,4,1,val,current_repo_v1
4514,180.56,1.9577276429219614,,4,1,val,current_repo_v1
4515,180.6,1.6833311991684898,,4,1,val,current_repo_v1
4516,180.64,1.7313593406839054,,4,1,val,current_repo_v1
4517,180.68,1.7201687364189264,,4,1,val,current_repo_v1
4518,180.72,1.7884440077625885,,4,1,val,current_repo_v1
4519,180.76,1.7932512409920907,,4,1,val,current_repo_v1
4520,180.8,1.9046682131716692,,4,1,val,current_repo_v1
4521,180.84,1.602385578507052,,4,1,val,current_repo_v1
4522,180.88,1.5244737453145822,,4,1,val,current_repo_v1
4523,180.92,1.5025888431719625,,4,1,val,current_repo_v1
4524,180.96,1.5488518085464194,,4,1,val,current_repo_v1
4525,181.0,1.65213031214842,,4,1,val,current_repo_v1
4526,181.04,1.449764839153961,,4,1,val,current_repo_v1
4527,181.08,1.789281694383029,,4,1,val,current_repo_v1
4528,181.12,1.4936315530436013,,4,1,val,current_repo_v1
4529,181.16,1.4837627957826491,,4,1,val,current_repo_v1
4530,181.2,1.5364462162678665,,4,1,val,current_repo_v1
4531,181.24,1.5585239039168408,,4,1,val,current_repo_v1
4532,181.28,1.5440695133884494,,4,1,val,current_repo_v1
4533,181.32,1.2839003040506536,,4,1,val,current_repo_v1
4534,181.36,1.4687996944375568,,4,1,val,current_repo_v1
4535,181.4,1.6160515124940384,,4,1,val,current_repo_v1
4536,181.44,1.9392268241650172,,4,1,val,current_repo_v1
4537,181.48,1.9245308056896533,,4,1,val,current_repo_v1
4538,181.52,1.612962680369771,,4,1,val,current_repo_v1
4539,181.56,1.684546057969258,,4,1,val,current_repo_v1
4540,181.6,1.3727434114067256,,4,1,val,current_repo_v1
4541,181.64,0.8907076093809014,,4,1,val,current_repo_v1
4542,181.68,-0.48610345345774114,,4,1,val,current_repo_v1
4543,181.72,-0.8276129316692964,,4,1,val,current_repo_v1
4544,181.76,-0.5351305714785214,,4,1,val,current_repo_v1
4545,181.8,-0.9390846254721598,,4,1,val,current_repo_v1
4546,181.84,-1.081353674702368,,4,1,val,current_repo_v1
4547,181.88,-1.4921866954483884,,4,1,val,current_repo_v1
4548,181.92,-1.3796725773341874,,4,1,val,current_repo_v1
4549,181.96,-1.100219261210277,,4,1,val,current_repo_v1
4550,182.0,-0.5859331703615284,,4,1,val,current_repo_v1
4551,182.04,-0.49890240182055673,,4,1,val,current_repo_v1
4552,182.08,0.06515347784019761,,4,1,val,current_repo_v1
4553,182.12,0.48419452807025454,,4,1,val,current_repo_v1
4554,182.16,0.7093410909256301,,4,1,val,current_repo_v1
4555,182.2,0.7848809000343835,,4,1,val,current_repo_v1
4556,182.24,0.9947887183265495,,4,1,val,current_repo_v1
4557,182.28,0.9816015177853028,,4,1,val,current_repo_v1
4558,182.32,0.8123051551645518,,4,1,val,current_repo_v1
4559,182.36,0.7565352929919755,,4,1,val,current_repo_v1
4560,182.4,0.46287874373107923,,4,1,val,current_repo_v1
4561,182.44,-0.9972374948169513,,4,1,val,current_repo_v1
4562,182.48,-1.9098944835306004,,4,1,val,current_repo_v1
4563,182.52,-1.585170685594103,,4,1,val,current_repo_v1
4564,182.56,-1.498261506303453,,4,1,val,current_repo_v1
4565,182.6,-1.6565057161807124,,4,1,val,current_repo_v1
4566,182.64,-2.0493851344026384,,4,1,val,current_repo_v1
4567,182.68,-1.4485652274642853,,4,1,val,current_repo_v1
4568,182.72,-1.5126227343988135,,4,1,val,current_repo_v1
4569,182.76,-1.2166179039072789,,4,1,val,current_repo_v1
4570,182.8,-1.3828492741664449,,4,1,val,current_repo_v1
4571,182.84,-1.654011392176242,,4,1,val,current_repo_v1
4572,182.88,-1.4715873315113466,,4,1,val,current_repo_v1
4573,182.92,-1.5721797593049696,,4,1,val,current_repo_v1
4574,182.96,-1.580434648620634,,4,1,val,current_repo_v1
4575,183.0,-0.9360518717056387,,4,1,val,current_repo_v1
4576,183.04,-0.24206457319524274,,4,1,val,current_repo_v1
4577,183.08,-0.16029126375421865,,4,1,val,current_repo_v1
4578,183.12,-0.9168585369156463,,4,1,val,current_repo_v1
4579,183.16,-1.6787454366882448,,4,1,val,current_repo_v1
4580,183.2,-1.0523322846852718,,4,1,val,current_repo_v1
4581,183.24,-0.28016095005524494,,4,1,val,current_repo_v1
4582,183.28,-0.06490002692148811,,4,1,val,current_repo_v1
4583,183.32,0.400923626057623,,4,1,val,current_repo_v1
4584,183.36,0.13209413837735334,,4,1,val,current_repo_v1
4585,183.4,0.12881231885172198,,4,1,val,current_repo_v1
4586,183.44,0.26764832111863146,,4,1,val,current_repo_v1
4587,183.48,0.15720236702354812,,4,1,val,current_repo_v1
4588,183.52,0.06621840940715744,,4,1,val,current_repo_v1
4589,183.56,0.330802291356529,,4,1,val,current_repo_v1
4590,183.6,0.12031560776987613,,4,1,val,current_repo_v1
4591,183.64,-0.5983530406551296,,4,1,val,current_repo_v1
4592,183.68,-1.0180746749231926,,4,1,val,current_repo_v1
4593,183.72,-0.9103973797710375,,4,1,val,current_repo_v1
4594,183.76,-1.3029015640047235,,4,1,val,current_repo_v1
4595,183.8,-1.4159715556097674,,4,1,val,current_repo_v1
4596,183.84,-1.214386140324332,,4,1,val,current_repo_v1
4597,183.88,-0.5558068170350545,,4,1,val,current_repo_v1
4598,183.92,-1.0004207168959052,,4,1,val,current_repo_v1
4599,183.96,-1.4959577711876375,,4,1,val,current_repo_v1
4600,184.0,-1.7148854832126077,,4,1,val,current_repo_v1
4601,184.04,-1.1635907773584535,,4,1,val,current_repo_v1
4602,184.08,-0.5971584036584797,,4,1,val,current_repo_v1
4603,184.12,-1.327708872177653,,4,1,val,current_repo_v1
4604,184.16,-1.3729687585401589,,4,1,val,current_repo_v1
4605,184.2,-1.1864102757259143,,4,1,val,current_repo_v1
4606,184.24,-1.8055470023856561,,4,1,val,current_repo_v1
4607,184.28,-0.9866722159259693,,4,1,val,current_repo_v1
4608,184.32,-0.6678335444455227,,4,1,val,current_repo_v1
4609,184.36,-0.6852003270117691,,4,1,val,current_repo_v1
4610,184.4,-0.9567699176048701,,4,1,val,current_repo_v1
4611,184.44,-0.7828514190990223,,4,1,val,current_repo_v1
4612,184.48,-0.05489222860562197,,4,1,val,current_repo_v1
4613,184.52,0.5875086621034734,,4,1,val,current_repo_v1
4614,184.56,0.8433736636650101,,4,1,val,current_repo_v1
4615,184.6,0.8954098572056362,,4,1,val,current_repo_v1
4616,184.64,1.0061155128889128,,4,1,val,current_repo_v1
4617,184.68,0.9640896938444699,,4,1,val,current_repo_v1
4618,184.72,1.3097378259247663,,4,1,val,current_repo_v1
4619,184.76,1.3191048498605342,,4,1,val,current_repo_v1
4620,184.8,1.347926153847744,,4,1,val,current_repo_v1
4621,184.84,0.999197071624338,,4,1,val,current_repo_v1
4622,184.88,1.1736629155758413,,4,1,val,current_repo_v1
4623,184.92,0.9315736142798757,,4,1,val,current_repo_v1
4624,184.96,1.2170735082607684,,4,1,val,current_repo_v1
4625,185.0,0.9985651563972421,,4,1,val,current_repo_v1
4626,185.04,0.9071107874473894,,4,1,val,current_repo_v1
4627,185.08,0.9634435652087284,,4,1,val,current_repo_v1
4628,185.12,0.8825491128184143,,4,1,val,current_repo_v1
4629,185.16,0.6281250278615113,,4,1,val,current_repo_v1
4630,185.2,0.5839159000363218,,4,1,val,current_repo_v1
4631,185.24,-0.09232271938428548,,4,1,val,current_repo_v1
4632,185.28,-0.1485189595888242,,4,1,val,current_repo_v1
4633,185.32,-0.6048070264890129,,4,1,val,current_repo_v1
4634,185.36,-0.6272805575687629,,4,1,val,current_repo_v1
4635,185.4,-0.8031115994206615,,4,1,val,current_repo_v1
4636,185.44,-0.8552653766146271,,4,1,val,current_repo_v1
4637,185.48,-0.7499785183710245,,4,1,val,current_repo_v1
4638,185.52,-0.5156233787830764,,4,1,val,current_repo_v1
4639,185.56,-0.7819581709720589,,4,1,val,current_repo_v1
4640,185.6,-0.3562454557471336,,4,1,val,current_repo_v1
4641,185.64,-0.5136619929964075,,4,1,val,current_repo_v1
4642,185.68,-0.44518330839310827,,4,1,val,current_repo_v1
4643,185.72,-0.24417285779058248,,4,1,val,current_repo_v1
4644,185.76,-0.23724470941396694,,4,1,val,current_repo_v1
4645,185.8,0.15536953182711688,,4,1,val,current_repo_v1
4646,185.84,0.48470543550465545,,4,1,val,current_repo_v1
4647,185.88,0.8933537584322662,,4,1,val,current_repo_v1
4648,185.92,0.22565351314759682,,4,1,val,current_repo_v1
4649,185.96,0.1828575857801824,,4,1,val,current_repo_v1
4650,186.0,0.026621704298173537,,4,1,val,current_repo_v1
4651,186.04,-0.16373793459273608,,4,1,val,current_repo_v1
4652,186.08,-0.7170634296619108,,4,1,val,current_repo_v1
4653,186.12,-0.8983446676653094,,4,1,val,current_repo_v1
4654,186.16,-0.7975776733709592,,4,1,val,current_repo_v1
4655,186.2,-0.355744045453964,,4,1,val,current_repo_v1
4656,186.24,-0.0890761991820571,,4,1,val,current_repo_v1
4657,186.28,0.18832511259926935,,4,1,val,current_repo_v1
4658,186.32,-0.8571100832375974,,4,1,val,current_repo_v1
4659,186.36,-0.7332806058943523,,4,1,val,current_repo_v1
4660,186.4,-0.8689824788727372,,4,1,val,current_repo_v1
4661,186.44,0.011555563816202019,,4,1,val,current_repo_v1
4662,186.48,0.3665808327532755,,4,1,val,current_repo_v1
4663,186.52,0.768549564287958,,4,1,val,current_repo_v1
4664,186.56,0.36642542205101813,,4,1,val,current_repo_v1
4665,186.6,0.0019177749504759624,,4,1,val,current_repo_v1
4666,186.64,0.9544444747376689,,4,1,val,current_repo_v1
4667,186.68,1.4840765244752958,,4,1,val,current_repo_v1
4668,186.72,1.2443128598657403,,4,1,val,current_repo_v1
4669,186.76,0.8460466889799954,,4,1,val,current_repo_v1
4670,186.8,0.9486939880253324,,4,1,val,current_repo_v1
4671,186.84,0.39852301364060827,,4,1,val,current_repo_v1
4672,186.88,-0.5408577998858017,,4,1,val,current_repo_v1
4673,186.92,-0.22014114948487376,,4,1,val,current_repo_v1
4674,186.96,-0.3535242986619626,,4,1,val,current_repo_v1
4675,187.0,-0.08678801805774805,,4,1,val,current_repo_v1
4676,187.04,-0.04527044547148525,,4,1,val,current_repo_v1
4677,187.08,0.27758909836725404,,4,1,val,current_repo_v1
4678,187.12,0.2641708976323175,,4,1,val,current_repo_v1
4679,187.16,0.1340817947426152,,4,1,val,current_repo_v1
4680,187.2,0.1714773294193913,,4,1,val,current_repo_v1
4681,187.24,0.6537866265004353,,4,1,val,current_repo_v1
4682,187.28,1.6789865477839938,,4,1,val,current_repo_v1
4683,187.32,1.876550343699603,,4,1,val,current_repo_v1
4684,187.36,1.8076261656448733,,4,1,val,current_repo_v1
4685,187.4,1.747288953816888,,4,1,val,current_repo_v1
4686,187.44,1.666676702194589,,4,1,val,current_repo_v1
4687,187.48,1.8436059882899603,,4,1,val,current_repo_v1
4688,187.52,1.9644160853920918,,4,1,val,current_repo_v1
4689,187.56,1.8445257250421265,,4,1,val,current_repo_v1
4690,187.6,1.8441619909936091,,4,1,val,current_repo_v1
4691,187.64,2.4030408424881684,,4,1,val,current_repo_v1
4692,187.68,1.8241447307470011,,4,1,val,current_repo_v1
4693,187.72,1.3023777352897359,,4,1,val,current_repo_v1
4694,187.76,0.4165249740572989,,4,1,val,current_repo_v1
4695,187.8,0.3172444438816509,,4,1,val,current_repo_v1
4696,187.84,-0.0479589440199732,,4,1,val,current_repo_v1
4697,187.88,-0.07763012504827714,,4,1,val,current_repo_v1
4698,187.92,-0.1341938464727036,,4,1,val,current_repo_v1
4699,187.96,-0.15873444326272154,,4,1,val,current_repo_v1
4700,188.0,-0.4644281990926418,,4,1,val,current_repo_v1
4701,188.04,0.19757915608790658,,4,1,val,current_repo_v1
4702,188.08,0.41463623817072914,,4,1,val,current_repo_v1
4703,188.12,0.19218352004368427,,4,1,val,current_repo_v1
4704,188.16,0.8231782189591107,,4,1,val,current_repo_v1
4705,188.2,1.7688348015569109,,4,1,val,current_repo_v1
4706,188.24,1.9097476977831347,,4,1,val,current_repo_v1
4707,188.28,1.2674133960859633,,4,1,val,current_repo_v1
4708,188.32,0.8691335932491995,,4,1,val,current_repo_v1
4709,188.36,0.4957304212557133,,4,1,val,current_repo_v1
4710,188.4,0.46766236332030914,,4,1,val,current_repo_v1
4711,188.44,0.2379841619987464,,4,1,val,current_repo_v1
4712,188.48,0.6924730697900331,,4,1,val,current_repo_v1
4713,188.52,0.909593094660914,,4,1,val,current_repo_v1
4714,188.56,1.1460315323178671,,4,1,val,current_repo_v1
4715,188.6,1.157524623761382,,4,1,val,current_repo_v1
4716,188.64,1.2963450478093843,,4,1,val,current_repo_v1
4717,188.68,1.349070074818091,,4,1,val,current_repo_v1
4718,188.72,1.4541814620713251,,4,1,val,current_repo_v1
4719,188.76,1.0420385465058208,,4,1,val,current_repo_v1
4720,188.8,1.1452814519798051,,4,1,val,current_repo_v1
4721,188.84,1.6870587301921613,,4,1,val,current_repo_v1
4722,188.88,0.5006337242063782,,4,1,val,current_repo_v1
4723,188.92,1.4032112741791078,,4,1,val,current_repo_v1
4724,188.96,0.7691777323436838,,4,1,val,current_repo_v1
4725,189.0,0.687007303495426,,4,1,val,current_repo_v1
4726,189.04,-0.26674308850392375,,4,1,val,current_repo_v1
4727,189.08,0.06888768351287237,,4,1,val,current_repo_v1
4728,189.12,0.27176664012204926,,4,1,val,current_repo_v1
4729,189.16,0.27797764127449825,,4,1,val,current_repo_v1
4730,189.2,-0.07748571358611923,,4,1,val,current_repo_v1
4731,189.24,0.8984698102677923,,4,1,val,current_repo_v1
4732,189.28,1.225846024076739,,4,1,val,current_repo_v1
4733,189.32,1.3252737276382702,,4,1,val,current_repo_v1
4734,189.36,1.632119254116494,,4,1,val,current_repo_v1
4735,189.4,1.723958031163803,,4,1,val,current_repo_v1
4736,189.44,1.6147301823412352,,4,1,val,current_repo_v1
4737,189.48,1.398877476670305,,4,1,val,current_repo_v1
4738,189.52,1.4199109956350622,,4,1,val,current_repo_v1
4739,189.56,1.4943893861500153,,4,1,val,current_repo_v1
4740,189.6,1.3697271968793556,,4,1,val,current_repo_v1
4741,189.64,1.3968768747970552,,4,1,val,current_repo_v1
4742,189.68,1.393636217625893,,4,1,val,current_repo_v1
4743,189.72,1.2743780955350386,,4,1,val,current_repo_v1
4744,189.76,1.8927598317700953,,4,1,val,current_repo_v1
4745,189.8,1.651381136299999,,4,1,val,current_repo_v1
4746,189.84,1.0588946154568752,,4,1,val,current_repo_v1
4747,189.88,1.227391150809305,,4,1,val,current_repo_v1
4748,189.92,1.2704859473966914,,4,1,val,current_repo_v1
4749,189.96,1.1266868247258008,,4,1,val,current_repo_v1
4750,190.0,1.0234010206002684,,4,1,val,current_repo_v1
4751,190.04,1.2162501642617796,,4,1,val,current_repo_v1
4752,190.08,1.4376139253157736,,4,1,val,current_repo_v1
4753,190.12,1.5186660173292463,,4,1,val,current_repo_v1
4754,190.16,1.2171546539028535,,4,1,val,current_repo_v1
4755,190.2,0.8467844294950971,,4,1,val,current_repo_v1
4756,190.24,1.0821516283850041,,4,1,val,current_repo_v1
4757,190.28,1.1983507019033435,,4,1,val,current_repo_v1
4758,190.32,0.7170164608069779,,4,1,val,current_repo_v1
4759,190.36,0.548449569081753,,4,1,val,current_repo_v1
4760,190.4,0.6741199412701955,,4,1,val,current_repo_v1
4761,190.44,0.74635926767867,,4,1,val,current_repo_v1
4762,190.48,0.585130694230687,,4,1,val,current_repo_v1
4763,190.52,0.46732418110415186,,4,1,val,current_repo_v1
4764,190.56,0.627287276634668,,4,1,val,current_repo_v1
4765,190.6,0.5142301740070093,,4,1,val,current_repo_v1
4766,190.64,0.6563398715443812,,4,1,val,current_repo_v1
4767,190.68,0.7029548772084245,,4,1,val,current_repo_v1
4768,190.72,0.7687075269431313,,4,1,val,current_repo_v1
4769,190.76,0.5320766268118381,,4,1,val,current_repo_v1
4770,190.8,0.7920149328655485,,4,1,val,current_repo_v1
4771,190.84,0.4631624950527647,,4,1,val,current_repo_v1
4772,190.88,0.31637568158139934,,4,1,val,current_repo_v1
4773,190.92,0.6318303342825736,,4,1,val,current_repo_v1
4774,190.96,0.38624030274043564,,4,1,val,current_repo_v1
4775,191.0,0.18299829852577235,,4,1,val,current_repo_v1
4776,191.04,0.46851196982209076,,4,1,val,current_repo_v1
4777,191.08,0.9143745499356456,,4,1,val,current_repo_v1
4778,191.12,1.1005313101364473,,4,1,val,current_repo_v1
4779,191.16,1.1678413618202776,,4,1,val,current_repo_v1
4780,191.2,1.0105552648985272,,4,1,val,current_repo_v1
4781,191.24,1.3087267357188515,,4,1,val,current_repo_v1
4782,191.28,1.3503292536112719,,4,1,val,current_repo_v1
4783,191.32,1.26233572045378,,4,1,val,current_repo_v1
4784,191.36,1.2230999935264384,,4,1,val,current_repo_v1
4785,191.4,1.3919334512701684,,4,1,val,current_repo_v1
4786,191.44,1.3027353963363777,,4,1,val,current_repo_v1
4787,191.48,1.7203741847802563,,4,1,val,current_repo_v1
4788,191.52,1.6610469002429329,,4,1,val,current_repo_v1
4789,191.56,1.3684634956379695,,4,1,val,current_repo_v1
4790,191.6,1.4407053416961584,,4,1,val,current_repo_v1
4791,191.64,1.6659709418489397,,4,1,val,current_repo_v1
4792,191.68,1.3435021658004456,,4,1,val,current_repo_v1
4793,191.72,0.740828959587532,,4,1,val,current_repo_v1
4794,191.76,0.587358646035861,,4,1,val,current_repo_v1
4795,191.8,0.6437674009270502,,4,1,val,current_repo_v1
4796,191.84,0.012668514092142428,,4,1,val,current_repo_v1
4797,191.88,-0.23453755576663185,,4,1,val,current_repo_v1
4798,191.92,-0.054387168050686566,,4,1,val,current_repo_v1
4799,191.96,-0.3105677274736532,,4,1,val,current_repo_v1
4800,192.0,-0.2051422400409553,,4,1,val,current_repo_v1
4801,192.04,0.9751234337631253,,4,1,val,current_repo_v1
4802,192.08,1.0780823940962152,,4,1,val,current_repo_v1
4803,192.12,0.5675198286741564,,4,1,val,current_repo_v1
4804,192.16,-0.4698988754738718,,4,1,val,current_repo_v1
4805,192.2,-1.1363381168344775,,4,1,val,current_repo_v1
4806,192.24,-0.8150850394699898,,4,1,val,current_repo_v1
4807,192.28,-1.170007485297844,,4,1,val,current_repo_v1
4808,192.32,-1.3048092618705545,,4,1,val,current_repo_v1
4809,192.36,-0.9632676419735395,,4,1,val,current_repo_v1
4810,192.4,-0.7114603747610694,,4,1,val,current_repo_v1
4811,192.44,-0.15110231121653728,,4,1,val,current_repo_v1
4812,192.48,0.2858891152553678,,4,1,val,current_repo_v1
4813,192.52,-0.148688583699727,,4,1,val,current_repo_v1
4814,192.56,-0.151340902662572,,4,1,val,current_repo_v1
4815,192.6,0.12745939616788413,,4,1,val,current_repo_v1
4816,192.64,0.09805408260135355,,4,1,val,current_repo_v1
4817,192.68,0.3061370849668524,,4,1,val,current_repo_v1
4818,192.72,0.3330096337191671,,4,1,val,current_repo_v1
4819,192.76,0.4056297825697352,,4,1,val,current_repo_v1
4820,192.8,-0.11745042686096482,,4,1,val,current_repo_v1
4821,192.84,-0.14017397664426848,,4,1,val,current_repo_v1
4822,192.88,-0.9965585461285195,,4,1,val,current_repo_v1
4823,192.92,-0.010106244341286683,,4,1,val,current_repo_v1
4824,192.96,0.26318896106572653,,4,1,val,current_repo_v1
4825,193.0,-0.18888597693473888,,4,1,val,current_repo_v1
4826,193.04,-1.3486982003628036,,4,1,val,current_repo_v1
4827,193.08,-1.5136645772525248,,4,1,val,current_repo_v1
4828,193.12,-0.6379963693785807,,4,1,val,current_repo_v1
4829,193.16,0.1999456563241722,,4,1,val,current_repo_v1
4830,193.2,0.5155262430562654,,4,1,val,current_repo_v1
4831,193.24,0.21700071299626278,,4,1,val,current_repo_v1
4832,193.28,-1.875757235497187,,4,1,val,current_repo_v1
4833,193.32,-1.6179461598664766,,4,1,val,current_repo_v1
4834,193.36,-1.3097852470245197,,4,1,val,current_repo_v1
4835,193.4,-1.0012250666124318,,4,1,val,current_repo_v1
4836,193.44,-0.5820102695753847,,4,1,val,current_repo_v1
4837,193.48,-0.7665075497104277,,4,1,val,current_repo_v1
4838,193.52,-0.5885373252509862,,4,1,val,current_repo_v1
4839,193.56,-0.43010107284100585,,4,1,val,current_repo_v1
4840,193.6,-0.2636593602854879,,4,1,val,current_repo_v1
4841,193.64,-0.0697672512340146,,4,1,val,current_repo_v1
4842,193.68,-0.15884243286522548,,4,1,val,current_repo_v1
4843,193.72,-0.36943330235240956,,4,1,val,current_repo_v1
4844,193.76,-0.4300654747129893,,4,1,val,current_repo_v1
4845,193.8,-0.8766935114885044,,4,1,val,current_repo_v1
4846,193.84,-0.7685913646306561,,4,1,val,current_repo_v1
4847,193.88,-1.1257380150923142,,4,1,val,current_repo_v1
4848,193.92,-1.231635920694865,,4,1,val,current_repo_v1
4849,193.96,-0.8608725663252563,,4,1,val,current_repo_v1
4850,194.0,-0.38652285884366683,,4,1,val,current_repo_v1
4851,194.04,-0.3877571641717181,,4,1,val,current_repo_v1
4852,194.08,-0.4342172759847276,,4,1,val,current_repo_v1
4853,194.12,1.1404461795714296,,4,1,val,current_repo_v1
4854,194.16,0.7726813375747867,,4,1,val,current_repo_v1
4855,194.2,-0.11815153554560301,,4,1,val,current_repo_v1
4856,194.24,-0.8036382062109753,,4,1,val,current_repo_v1
4857,194.28,-0.5928929597239808,,4,1,val,current_repo_v1
4858,194.32,0.6375992338197464,,4,1,val,current_repo_v1
4859,194.36,0.4799901694897296,,4,1,val,current_repo_v1
4860,194.4,0.291670160796292,,4,1,val,current_repo_v1
4861,194.44,0.5253051974171394,,4,1,val,current_repo_v1
4862,194.48,-0.21930884134747766,,4,1,val,current_repo_v1
4863,194.52,-0.6506205897246617,,4,1,val,current_repo_v1
4864,194.56,-1.1795483004575038,,4,1,val,current_repo_v1
4865,194.6,-0.8639621737263591,,4,1,val,current_repo_v1
4866,194.64,-0.039619097284450754,,4,1,val,current_repo_v1
4867,194.68,0.4126187740263137,,4,1,val,current_repo_v1
4868,194.72,-0.3751242542644425,,4,1,val,current_repo_v1
4869,194.76,-1.477505794871311,,4,1,val,current_repo_v1
4870,194.8,-0.5922007667229474,,4,1,val,current_repo_v1
4871,194.84,-0.4941052148867107,,4,1,val,current_repo_v1
4872,194.88,-0.35467280668691775,,4,1,val,current_repo_v1
4873,194.92,-0.720364558426219,,4,1,val,current_repo_v1
4874,194.96,-0.8694657993730853,,4,1,val,current_repo_v1
4875,195.0,-0.6955856124641774,,4,1,val,current_repo_v1
4876,195.04,-0.9485446180217494,,4,1,val,current_repo_v1
4877,195.08,-0.7038105244088805,,4,1,val,current_repo_v1
4878,195.12,-0.7245158428467339,,4,1,val,current_repo_v1
4879,195.16,-0.8136056820556103,,4,1,val,current_repo_v1
4880,195.2,-1.2212532841049772,,4,1,val,current_repo_v1
4881,195.24,-1.5969630338960077,,4,1,val,current_repo_v1
4882,195.28,-1.6256419453711515,,4,1,val,current_repo_v1
4883,195.32,-0.6323368484815751,,4,1,val,current_repo_v1
4884,195.36,0.42161133925067684,,4,1,val,current_repo_v1
4885,195.4,-1.085712927133927,,4,1,val,current_repo_v1
4886,195.44,-0.6906255204853337,,4,1,val,current_repo_v1
4887,195.48,-0.4808264347693054,,4,1,val,current_repo_v1
4888,195.52,-1.0801973493026578,,4,1,val,current_repo_v1
4889,195.56,-0.8062955321700477,,4,1,val,current_repo_v1
4890,195.6,0.03268884314288959,,4,1,val,current_repo_v1
4891,195.64,0.05245988636896639,,4,1,val,current_repo_v1
4892,195.68,-0.23499052740920184,,4,1,val,current_repo_v1
4893,195.72,-1.0141122350184535,,4,1,val,current_repo_v1
4894,195.76,-1.7105134387132679,,4,1,val,current_repo_v1
4895,195.8,-1.6332480571885541,,4,1,val,current_repo_v1
4896,195.84,-2.0086373592210327,,4,1,val,current_repo_v1
4897,195.88,-2.0627192499041564,,4,1,val,current_repo_v1
4898,195.92,-1.9093453291056626,,4,1,val,current_repo_v1
4899,195.96,-2.2809096736588454,,4,1,val,current_repo_v1
4900,196.0,-2.1787816808802907,,4,1,val,current_repo_v1
4901,196.04,-2.476737107889204,,4,1,val,current_repo_v1
4902,196.08,-2.8548194632215775,,4,1,val,current_repo_v1
4903,196.12,-2.4732263959537786,,4,1,val,current_repo_v1
4904,196.16,-1.6831225204870135,,4,1,val,current_repo_v1
4905,196.2,-1.1580558176063043,,4,1,val,current_repo_v1
4906,196.24,-1.1465752598049583,,4,1,val,current_repo_v1
4907,196.28,-1.7051408994580943,,4,1,val,current_repo_v1
4908,196.32,-1.7209303166967107,,4,1,val,current_repo_v1
4909,196.36,-1.3271811670784894,,4,1,val,current_repo_v1
4910,196.4,-1.2789181166820063,,4,1,val,current_repo_v1
4911,196.44,-0.9773728995004762,,4,1,val,current_repo_v1
4912,196.48,-0.8088685467732913,,4,1,val,current_repo_v1
4913,196.52,-0.03581579910173842,,4,1,val,current_repo_v1
4914,196.56,0.45228910822619117,,4,1,val,current_repo_v1
4915,196.6,0.5504973982355474,,4,1,val,current_repo_v1
4916,196.64,0.4449548924555356,,4,1,val,current_repo_v1
4917,196.68,0.33865972208134437,,4,1,val,current_repo_v1
4918,196.72,0.6070637281434924,,4,1,val,current_repo_v1
4919,196.76,0.4427064604206316,,4,1,val,current_repo_v1
4920,196.8,-0.23587466603335164,,4,1,val,current_repo_v1
4921,196.84,-0.7726277142603517,,4,1,val,current_repo_v1
4922,196.88,-0.5658056915915154,,4,1,val,current_repo_v1
4923,196.92,-0.5817579169655251,,4,1,val,current_repo_v1
4924,196.96,-0.43779162522704307,,4,1,val,current_repo_v1
4925,197.0,-0.30319297118515665,,4,1,val,current_repo_v1
4926,197.04,-0.6088902157608354,,4,1,val,current_repo_v1
4927,197.08,0.39252537513384833,,4,1,val,current_repo_v1
4928,197.12,0.7545134356121606,,4,1,val,current_repo_v1
4929,197.16,-0.0493150324175548,,4,1,val,current_repo_v1
4930,197.2,-0.7216205715056561,,4,1,val,current_repo_v1
4931,197.24,-0.8981085312625862,,4,1,val,current_repo_v1
4932,197.28,-1.0572660818581214,,4,1,val,current_repo_v1
4933,197.32,-1.369780561768179,,4,1,val,current_repo_v1
4934,197.36,-1.5868619520101055,,4,1,val,current_repo_v1
4935,197.4,-1.5361902456994425,,4,1,val,current_repo_v1
4936,197.44,-0.41951657354515104,,4,1,val,current_repo_v1
4937,197.48,0.14000574157102874,,4,1,val,current_repo_v1
4938,197.52,0.5563157216709645,,4,1,val,current_repo_v1
4939,197.56,-0.42681028110116703,,4,1,val,current_repo_v1
4940,197.6,-0.25669947401343113,,4,1,val,current_repo_v1
4941,197.64,0.42739629347897856,,4,1,val,current_repo_v1
4942,197.68,-0.16034616304511168,,4,1,val,current_repo_v1
4943,197.72,-0.7230067664870049,,4,1,val,current_repo_v1
4944,197.76,-0.7335549246812094,,4,1,val,current_repo_v1
4945,197.8,-1.507243476077735,,4,1,val,current_repo_v1
4946,197.84,-1.3808874361349555,,4,1,val,current_repo_v1
4947,197.88,-0.7410879020504909,,4,1,val,current_repo_v1
4948,197.92,-0.5189893077695272,,4,1,val,current_repo_v1
4949,197.96,-0.2035068420118899,,4,1,val,current_repo_v1
4950,198.0,0.20254486882380554,,4,1,val,current_repo_v1
4951,198.04,0.3724605645746812,,4,1,val,current_repo_v1
4952,198.08,0.6969985544963407,,4,1,val,current_repo_v1
4953,198.12,0.008703651447293256,,4,1,val,current_repo_v1
4954,198.16,-0.5153151093314775,,4,1,val,current_repo_v1
4955,198.2,-0.7456221086211947,,4,1,val,current_repo_v1
4956,198.24,-0.49051972103988917,,4,1,val,current_repo_v1
4957,198.28,-0.7204095890890639,,4,1,val,current_repo_v1
4958,198.32,-1.0339144851560975,,4,1,val,current_repo_v1
4959,198.36,-0.9806876602158034,,4,1,val,current_repo_v1
4960,198.4,-1.2638263193822699,,4,1,val,current_repo_v1
4961,198.44,-0.43280355867572895,,4,1,val,current_repo_v1
4962,198.48,0.1883434285145011,,4,1,val,current_repo_v1
4963,198.52,0.10105921713062033,,4,1,val,current_repo_v1
4964,198.56,-0.618749734306168,,4,1,val,current_repo_v1
4965,198.6,-1.2466778418515367,,4,1,val,current_repo_v1
4966,198.64,-0.5411558292225356,,4,1,val,current_repo_v1
4967,198.68,-0.48640829876998454,,4,1,val,current_repo_v1
4968,198.72,-0.8390054955498464,,4,1,val,current_repo_v1
4969,198.76,-0.8294713994560916,,4,1,val,current_repo_v1
4970,198.8,-0.9484535229936126,,4,1,val,current_repo_v1
4971,198.84,-0.38271637879561005,,4,1,val,current_repo_v1
4972,198.88,-0.4351679592038992,,4,1,val,current_repo_v1
4973,198.92,-0.4776291284945119,,4,1,val,current_repo_v1
4974,198.96,-0.5021875405001388,,4,1,val,current_repo_v1
4975,199.0,-1.219702213583341,,4,1,val,current_repo_v1
4976,199.04,-1.4335978620965992,,4,1,val,current_repo_v1
4977,199.08,-1.0909716299071308,,4,1,val,current_repo_v1
4978,199.12,-0.5909487592404923,,4,1,val,current_repo_v1
4979,199.16,-0.9267241284628548,,4,1,val,current_repo_v1
4980,199.2,-0.4748913352605854,,4,1,val,current_repo_v1
4981,199.24,0.06628061729738237,,4,1,val,current_repo_v1
4982,199.28,0.7141197681250356,,4,1,val,current_repo_v1
4983,199.32,0.3378649341124521,,4,1,val,current_repo_v1
4984,199.36,0.12523969783068498,,4,1,val,current_repo_v1
4985,199.4,-0.19058913092888113,,4,1,val,current_repo_v1
4986,199.44,-0.2987229510757677,,4,1,val,current_repo_v1
4987,199.48,-0.8578773488788398,,4,1,val,current_repo_v1
4988,199.52,-0.2790074996404654,,4,1,val,current_repo_v1
4989,199.56,-0.11205902253613469,,4,1,val,current_repo_v1
4990,199.6,-0.7754382220007802,,4,1,val,current_repo_v1
4991,199.64,-1.154660105068101,,4,1,val,current_repo_v1
4992,199.68,-0.07913556729784108,,4,1,val,current_repo_v1
4993,199.72,0.260767254658154,,4,1,val,current_repo_v1
4994,199.76,-0.013288303504987808,,4,1,val,current_repo_v1
4995,199.8,-0.5707926598339796,,4,1,val,current_repo_v1
4996,199.84,-1.1099659123696841,,4,1,val,current_repo_v1
4997,199.88,-1.0814207361486132,,4,1,val,current_repo_v1
4998,199.92,-1.2112152580683384,,4,1,val,current_repo_v1
4999,199.96,-0.9318534246109822,,4,1,val,current_repo_v1
5000,200.0,-1.1038608657180466,,4,1,val,current_repo_v1
5001,200.04,-1.2440226479037613,,4,1,val,current_repo_v1
5002,200.08,-1.4816875089076078,,4,1,val,current_repo_v1
5003,200.12,-1.4552132263261788,,4,1,val,current_repo_v1
5004,200.16,-1.2141538156993819,,4,1,val,current_repo_v1
5005,200.2,-1.043939202273732,,4,1,val,current_repo_v1
5006,200.24,-1.6188602112551849,,4,1,val,current_repo_v1
5007,200.28,-1.3126842655369677,,4,1,val,current_repo_v1
5008,200.32,-1.0066616954193155,,4,1,val,current_repo_v1
5009,200.36,-0.9434320549319817,,4,1,val,current_repo_v1
5010,200.4,0.6351944542897424,,4,1,val,current_repo_v1
5011,200.44,0.5053146196149433,,4,1,val,current_repo_v1
5012,200.48,0.014056025428950982,,4,1,val,current_repo_v1
5013,200.52,-0.49826034338820013,,4,1,val,current_repo_v1
5014,200.56,-0.7543712369193031,,4,1,val,current_repo_v1
5015,200.6,0.056636141164215136,,4,1,val,current_repo_v1
5016,200.64,0.321148285778929,,4,1,val,current_repo_v1
5017,200.68,-0.08591570240533515,,4,1,val,current_repo_v1
5018,200.72,-0.6197170213708936,,4,1,val,current_repo_v1
5019,200.76,-1.098746235223385,,4,1,val,current_repo_v1
5020,200.8,-1.7025351940149662,,4,1,val,current_repo_v1
5021,200.84,-1.9364223894264645,,4,1,val,current_repo_v1
5022,200.88,-1.5734547020604661,,4,1,val,current_repo_v1
5023,200.92,-1.6850213026692393,,4,1,val,current_repo_v1
5024,200.96,-1.695327057639636,,4,1,val,current_repo_v1
5025,201.0,-1.5974157955677681,,4,1,val,current_repo_v1
5026,201.04,-1.3430963083772152,,4,1,val,current_repo_v1
5027,201.08,-1.2848880067387063,,4,1,val,current_repo_v1
5028,201.12,-1.2971913916878177,,4,1,val,current_repo_v1
5029,201.16,-1.1763175926723934,,4,1,val,current_repo_v1
5030,201.2,-1.3949245985132,,4,1,val,current_repo_v1
5031,201.24,-1.3526610279059605,,4,1,val,current_repo_v1
5032,201.28,-1.692338365439916,,4,1,val,current_repo_v1
5033,201.32,-1.3185283023207524,,4,1,val,current_repo_v1
5034,201.36,-1.238210268257414,,4,1,val,current_repo_v1
5035,201.4,-1.4662596290998093,,4,1,val,current_repo_v1
5036,201.44,-1.0687826900323045,,4,1,val,current_repo_v1
5037,201.48,-0.8814812335843206,,4,1,val,current_repo_v1
5038,201.52,-0.9214552824843901,,4,1,val,current_repo_v1
5039,201.56,-1.0712688736300051,,4,1,val,current_repo_v1
5040,201.6,-0.10858838272212877,,4,1,val,current_repo_v1
5041,201.64,0.15476165018191224,,4,1,val,current_repo_v1
5042,201.68,-0.30842631594520914,,4,1,val,current_repo_v1
5043,201.72,0.1711932712172919,,4,1,val,current_repo_v1
5044,201.76,-0.3131189374159067,,4,1,val,current_repo_v1
5045,201.8,0.27541470527011225,,4,1,val,current_repo_v1
5046,201.84,0.21129876184413032,,4,1,val,current_repo_v1
5047,201.88,0.6987103011420732,,4,1,val,current_repo_v1
5048,201.92,0.5435941394756622,,4,1,val,current_repo_v1
5049,201.96,0.59247960795801,,4,1,val,current_repo_v1
5050,202.0,0.15579233227951675,,4,1,val,current_repo_v1
5051,202.04,0.015558196979366395,,4,1,val,current_repo_v1
5052,202.08,0.23372679386461417,,4,1,val,current_repo_v1
5053,202.12,0.6204089559463152,,4,1,val,current_repo_v1
5054,202.16,0.505639686731305,,4,1,val,current_repo_v1
5055,202.2,-0.006144094660623211,,4,1,val,current_repo_v1
5056,202.24,-0.6390543638330255,,4,1,val,current_repo_v1
5057,202.28,-0.43108402695844295,,4,1,val,current_repo_v1
5058,202.32,-0.19261987168909953,,4,1,val,current_repo_v1
5059,202.36,0.18943136803670574,,4,1,val,current_repo_v1
5060,202.4,0.6422957962810228,,4,1,val,current_repo_v1
5061,202.44,0.11993223337486664,,4,1,val,current_repo_v1
5062,202.48,-0.1913935129486091,,4,1,val,current_repo_v1
5063,202.52,-1.326699978589438,,4,1,val,current_repo_v1
5064,202.56,-0.7805923916140373,,4,1,val,current_repo_v1
5065,202.6,-0.2366289134844029,,4,1,val,current_repo_v1
5066,202.64,-0.551068325018274,,4,1,val,current_repo_v1
5067,202.68,-0.3172875040492063,,4,1,val,current_repo_v1
5068,202.72,-0.07325050544819335,,4,1,val,current_repo_v1
5069,202.76,0.42461363109821454,,4,1,val,current_repo_v1
5070,202.8,0.9487427012531445,,4,1,val,current_repo_v1
5071,202.84,0.3962547151368021,,4,1,val,current_repo_v1
5072,202.88,0.028211094492549653,,4,1,val,current_repo_v1
5073,202.92,0.1560383696134896,,4,1,val,current_repo_v1
5074,202.96,-0.2494995749544751,,4,1,val,current_repo_v1
5075,203.0,0.5806368666618169,,4,1,val,current_repo_v1
5076,203.04,1.032227224337077,,4,1,val,current_repo_v1
5077,203.08,1.0881065943626262,,4,1,val,current_repo_v1
5078,203.12,0.3063406920456984,,4,1,val,current_repo_v1
5079,203.16,0.1833891349603207,,4,1,val,current_repo_v1
5080,203.2,0.15072783635353193,,4,1,val,current_repo_v1
5081,203.24,0.23874593609573946,,4,1,val,current_repo_v1
5082,203.28,0.22461089501705028,,4,1,val,current_repo_v1
5083,203.32,0.5685630282623294,,4,1,val,current_repo_v1
5084,203.36,0.5457178165465009,,4,1,val,current_repo_v1
5085,203.4,0.34744661282196765,,4,1,val,current_repo_v1
5086,203.44,0.2648861712707989,,4,1,val,current_repo_v1
5087,203.48,0.2747704825232573,,4,1,val,current_repo_v1
5088,203.52,0.7208698451035647,,4,1,val,current_repo_v1
5089,203.56,1.228961861677433,,4,1,val,current_repo_v1
5090,203.6,0.6659235207491861,,4,1,val,current_repo_v1
5091,203.64,0.4091753819627451,,4,1,val,current_repo_v1
5092,203.68,0.12646544281034752,,4,1,val,current_repo_v1
5093,203.72,0.5265193132442738,,4,1,val,current_repo_v1
5094,203.76,0.3244302264415659,,4,1,val,current_repo_v1
5095,203.8,0.10724136344835901,,4,1,val,current_repo_v1
5096,203.84,0.31030552238734616,,4,1,val,current_repo_v1
5097,203.88,0.6280690787165706,,4,1,val,current_repo_v1
5098,203.92,0.5520483395443776,,4,1,val,current_repo_v1
5099,203.96,0.48788575029547737,,4,1,val,current_repo_v1
5100,204.0,0.5540795648526179,,4,1,val,current_repo_v1
5101,204.04,0.49105682637067977,,4,1,val,current_repo_v1
5102,204.08,0.7883100140829037,,4,1,val,current_repo_v1
5103,204.12,0.2784249437052108,,4,1,val,current_repo_v1
5104,204.16,0.4003536683709405,,4,1,val,current_repo_v1
5105,204.2,0.6742515445129718,,4,1,val,current_repo_v1
5106,204.24,1.1344420481211748,,4,1,val,current_repo_v1
5107,204.28,1.5449926096735684,,4,1,val,current_repo_v1
5108,204.32,1.1864300452852121,,4,1,val,current_repo_v1
5109,204.36,0.6557947227164254,,4,1,val,current_repo_v1
5110,204.4,0.6618342584754878,,4,1,val,current_repo_v1
5111,204.44,0.6019321707712622,,4,1,val,current_repo_v1
5112,204.48,0.26856639425592227,,4,1,val,current_repo_v1
5113,204.52,-0.012461244637830073,,4,1,val,current_repo_v1
5114,204.56,-0.24386381306214838,,4,1,val,current_repo_v1
5115,204.6,0.11611473793510958,,4,1,val,current_repo_v1
5116,204.64,0.2765277443798567,,4,1,val,current_repo_v1
5117,204.68,0.11074704416015617,,4,1,val,current_repo_v1
5118,204.72,0.31692451297432245,,4,1,val,current_repo_v1
5119,204.76,0.34698703517469764,,4,1,val,current_repo_v1
5120,204.8,-0.016296603747998333,,4,1,val,current_repo_v1
5121,204.84,-0.11632999031808446,,4,1,val,current_repo_v1
5122,204.88,0.2830867802249104,,4,1,val,current_repo_v1
5123,204.92,0.5403253462160224,,4,1,val,current_repo_v1
5124,204.96,0.5176384524905833,,4,1,val,current_repo_v1
5125,205.0,0.3784753560814201,,4,1,val,current_repo_v1
5126,205.04,0.24784135471357333,,4,1,val,current_repo_v1
5127,205.08,0.5700657085881679,,4,1,val,current_repo_v1
5128,205.12,0.9439310747882428,,4,1,val,current_repo_v1
5129,205.16,0.8422933153951502,,4,1,val,current_repo_v1
5130,205.2,0.25919179521941044,,4,1,val,current_repo_v1
5131,205.24,-0.20787615689070574,,4,1,val,current_repo_v1
5132,205.28,-0.6376515003997199,,4,1,val,current_repo_v1
5133,205.32,-0.48019119231245827,,4,1,val,current_repo_v1
5134,205.36,-0.2653737234905392,,4,1,val,current_repo_v1
5135,205.4,-0.41838922411715673,,4,1,val,current_repo_v1
5136,205.44,-0.13422388845006783,,4,1,val,current_repo_v1
5137,205.48,-0.34129301445852533,,4,1,val,current_repo_v1
5138,205.52,-0.5051235461782664,,4,1,val,current_repo_v1
5139,205.56,-0.7597024280765989,,4,1,val,current_repo_v1
5140,205.6,-0.755476006409472,,4,1,val,current_repo_v1
5141,205.64,-0.9946061406318584,,4,1,val,current_repo_v1
5142,205.68,-0.8379496977131013,,4,1,val,current_repo_v1
5143,205.72,-0.5169316261392854,,4,1,val,current_repo_v1
5144,205.76,-0.8739814639061471,,4,1,val,current_repo_v1
5145,205.8,-0.6563877448889551,,4,1,val,current_repo_v1
5146,205.84,-0.7233693376202697,,4,1,val,current_repo_v1
5147,205.88,-0.4112033769508388,,4,1,val,current_repo_v1
5148,205.92,-0.9187046648794813,,4,1,val,current_repo_v1
5149,205.96,-0.5697722663060424,,4,1,val,current_repo_v1
5150,206.0,-0.5566352003334724,,4,1,val,current_repo_v1
5151,206.04,-0.305546582444037,,4,1,val,current_repo_v1
5152,206.08,-0.2028006455730207,,4,1,val,current_repo_v1
5153,206.12,-0.26810237491845057,,4,1,val,current_repo_v1
5154,206.16,-0.5972082798015447,,4,1,val,current_repo_v1
5155,206.2,-0.8314530070468787,,4,1,val,current_repo_v1
5156,206.24,-0.4885489027183919,,4,1,val,current_repo_v1
5157,206.28,-0.3348152857715639,,4,1,val,current_repo_v1
5158,206.32,-0.5825978002036653,,4,1,val,current_repo_v1
5159,206.36,-0.045197682510181,,4,1,val,current_repo_v1
5160,206.4,0.42114920965049096,,4,1,val,current_repo_v1
5161,206.44,0.6543841711211704,,4,1,val,current_repo_v1
5162,206.48,0.8032826771756303,,4,1,val,current_repo_v1
5163,206.52,0.3690297061532818,,4,1,val,current_repo_v1
5164,206.56,0.32597774361104054,,4,1,val,current_repo_v1
5165,206.6,0.27852240246403653,,4,1,val,current_repo_v1
5166,206.64,0.18533953765849082,,4,1,val,current_repo_v1
5167,206.68,0.3158627713485075,,4,1,val,current_repo_v1
5168,206.72,0.625234149755833,,4,1,val,current_repo_v1
5169,206.76,0.01467677182413982,,4,1,val,current_repo_v1
5170,206.8,-0.4331466509785092,,4,1,val,current_repo_v1
5171,206.84,-0.3657586516695393,,4,1,val,current_repo_v1
5172,206.88,0.04543112967138212,,4,1,val,current_repo_v1
5173,206.92,0.36685059678872584,,4,1,val,current_repo_v1
5174,206.96,0.39025756117806415,,4,1,val,current_repo_v1
5175,207.0,0.8182866097673769,,4,1,val,current_repo_v1
5176,207.04,0.37222953207778975,,4,1,val,current_repo_v1
5177,207.08,0.32232241024264746,,4,1,val,current_repo_v1
5178,207.12,0.17809856507886956,,4,1,val,current_repo_v1
5179,207.16,0.15140397466343616,,4,1,val,current_repo_v1
5180,207.2,-0.3686722066226473,,4,1,val,current_repo_v1
5181,207.24,-0.7533492928376954,,4,1,val,current_repo_v1
5182,207.28,-1.518432659001849,,4,1,val,current_repo_v1
5183,207.32,-1.7972244055597169,,4,1,val,current_repo_v1
5184,207.36,-1.738948913262157,,4,1,val,current_repo_v1
5185,207.4,-1.6590663263545928,,4,1,val,current_repo_v1
5186,207.44,-1.7425181585986407,,4,1,val,current_repo_v1
5187,207.48,-1.311622265485541,,4,1,val,current_repo_v1
5188,207.52,-1.7373402138291039,,4,1,val,current_repo_v1
5189,207.56,-1.724045895871793,,4,1,val,current_repo_v1
5190,207.6,-1.4783640263278846,,4,1,val,current_repo_v1
5191,207.64,-1.7852696367608365,,4,1,val,current_repo_v1
5192,207.68,-1.5321537668569412,,4,1,val,current_repo_v1
5193,207.72,-1.0168013473277693,,4,1,val,current_repo_v1
5194,207.76,-1.6381772673067956,,4,1,val,current_repo_v1
5195,207.8,-1.8332469976435462,,4,1,val,current_repo_v1
5196,207.84,-1.8457080222158162,,4,1,val,current_repo_v1
5197,207.88,-1.6226430453597678,,4,1,val,current_repo_v1
5198,207.92,-2.01320115552428,,4,1,val,current_repo_v1
5199,207.96,-1.8093020557369774,,4,1,val,current_repo_v1
5200,208.0,-1.9676754784201047,,4,1,val,current_repo_v1
5201,208.04,-2.1298297970157267,,4,1,val,current_repo_v1
5202,208.08,-2.3848182189022573,,4,1,val,current_repo_v1
5203,208.12,-2.2725271220909837,,4,1,val,current_repo_v1
5204,208.16,-2.2081287517745762,,4,1,val,current_repo_v1
5205,208.2,-2.0613368020941776,,4,1,val,current_repo_v1
5206,208.24,-1.9127508618171118,,4,1,val,current_repo_v1
5207,208.28,-1.8921124756126981,,4,1,val,current_repo_v1
5208,208.32,-2.3240181668036537,,4,1,val,current_repo_v1
5209,208.36,-2.6971979298557947,,4,1,val,current_repo_v1
5210,208.4,-2.376965439838453,,4,1,val,current_repo_v1
5211,208.44,-2.0229929019529354,,4,1,val,current_repo_v1
5212,208.48,-1.7590999087628378,,4,1,val,current_repo_v1
5213,208.52,-1.1521190060279065,,4,1,val,current_repo_v1
5214,208.56,-0.9784345765198882,,4,1,val,current_repo_v1
5215,208.6,-0.8817518698062106,,4,1,val,current_repo_v1
5216,208.64,-1.0213808429869298,,4,1,val,current_repo_v1
5217,208.68,-0.6497328331419476,,4,1,val,current_repo_v1
5218,208.72,-0.5150834630737582,,4,1,val,current_repo_v1
5219,208.76,-0.5123218623803506,,4,1,val,current_repo_v1
5220,208.8,-1.1968199177922287,,4,1,val,current_repo_v1
5221,208.84,-1.1768167417414603,,4,1,val,current_repo_v1
5222,208.88,-1.068540932872526,,4,1,val,current_repo_v1
5223,208.92,-1.3756861038475567,,4,1,val,current_repo_v1
5224,208.96,-1.2931640869545329,,4,1,val,current_repo_v1
5225,209.0,-0.9450967035099754,,4,1,val,current_repo_v1
5226,209.04,-0.8781329421458707,,4,1,val,current_repo_v1
5227,209.08,-0.630271187960571,,4,1,val,current_repo_v1
5228,209.12,-0.46455964081941076,,4,1,val,current_repo_v1
5229,209.16,-0.27377625458850824,,4,1,val,current_repo_v1
5230,209.2,0.07190194369655355,,4,1,val,current_repo_v1
5231,209.24,0.3417706818986168,,4,1,val,current_repo_v1
5232,209.28,0.8453645099714169,,4,1,val,current_repo_v1
5233,209.32,1.104956331886193,,4,1,val,current_repo_v1
5234,209.36,1.3931583886697942,,4,1,val,current_repo_v1
5235,209.4,0.7494833748989395,,4,1,val,current_repo_v1
5236,209.44,0.8565184824059321,,4,1,val,current_repo_v1
5237,209.48,0.8384607343603081,,4,1,val,current_repo_v1
5238,209.52,1.3201251141756656,,4,1,val,current_repo_v1
5239,209.56,0.5193819854865592,,4,1,val,current_repo_v1
5240,209.6,0.5606988784716089,,4,1,val,current_repo_v1
5241,209.64,0.47710190794337015,,4,1,val,current_repo_v1
5242,209.68,-0.30644696957852463,,4,1,val,current_repo_v1
5243,209.72,-0.1653427899448145,,4,1,val,current_repo_v1
5244,209.76,-0.18463099923751522,,4,1,val,current_repo_v1
5245,209.8,0.5948887807234134,,4,1,val,current_repo_v1
5246,209.84,0.15390505003701302,,4,1,val,current_repo_v1
5247,209.88,-0.3085954555080899,,4,1,val,current_repo_v1
5248,209.92,-0.46205297699198017,,4,1,val,current_repo_v1
5249,209.96,-0.5288638796067434,,4,1,val,current_repo_v1
5250,210.0,-0.26500543469061477,,4,1,val,current_repo_v1
5251,210.04,-0.35279424630881007,,4,1,val,current_repo_v1
5252,210.08,-0.4710102994235429,,4,1,val,current_repo_v1
5253,210.12,-0.11881916196192073,,4,1,val,current_repo_v1
5254,210.16,-0.5671811619099771,,4,1,val,current_repo_v1
5255,210.2,-1.030180945736953,,4,1,val,current_repo_v1
5256,210.24,-0.8163964848431441,,4,1,val,current_repo_v1
5257,210.28,-0.9039760201706358,,4,1,val,current_repo_v1
5258,210.32,-1.555655767264995,,4,1,val,current_repo_v1
5259,210.36,-1.8353862448574918,,4,1,val,current_repo_v1
5260,210.4,-1.94241024006318,,4,1,val,current_repo_v1
5261,210.44,-1.6221354974583195,,4,1,val,current_repo_v1
5262,210.48,-1.8172713847516744,,4,1,val,current_repo_v1
5263,210.52,-2.3739604668251935,,4,1,val,current_repo_v1
5264,210.56,-2.466208073190268,,4,1,val,current_repo_v1
5265,210.6,-2.58441375697733,,4,1,val,current_repo_v1
5266,210.64,-2.247237333300944,,4,1,val,current_repo_v1
5267,210.68,-2.1672830332861235,,4,1,val,current_repo_v1
5268,210.72,-2.2885210832012888,,4,1,val,current_repo_v1
5269,210.76,-2.378349567414908,,4,1,val,current_repo_v1
5270,210.8,-1.9939086499057845,,4,1,val,current_repo_v1
5271,210.84,-2.1087315424352298,,4,1,val,current_repo_v1
5272,210.88,-1.7629297763287566,,4,1,val,current_repo_v1
5273,210.92,-1.5716903011963426,,4,1,val,current_repo_v1
5274,210.96,-1.7686425329017799,,4,1,val,current_repo_v1
5275,211.0,-1.5508321240091478,,4,1,val,current_repo_v1
5276,211.04,-0.9463195735047074,,4,1,val,current_repo_v1
5277,211.08,-0.8969007145597377,,4,1,val,current_repo_v1
5278,211.12,-0.8493075679552758,,4,1,val,current_repo_v1
5279,211.16,-0.8951856729874557,,4,1,val,current_repo_v1
5280,211.2,-0.6134005179624537,,4,1,val,current_repo_v1
5281,211.24,-0.9106461790287358,,4,1,val,current_repo_v1
5282,211.28,-1.206931724341018,,4,1,val,current_repo_v1
5283,211.32,-0.7020123990024254,,4,1,val,current_repo_v1
5284,211.36,-1.1700782939154595,,4,1,val,current_repo_v1
5285,211.4,-1.4845308367007268,,4,1,val,current_repo_v1
5286,211.44,-1.7375868810755053,,4,1,val,current_repo_v1
5287,211.48,-0.7271216775026679,,4,1,val,current_repo_v1
5288,211.52,-0.7789966780679739,,4,1,val,current_repo_v1
5289,211.56,-1.2388113662303106,,4,1,val,current_repo_v1
5290,211.6,-0.7087106616458015,,4,1,val,current_repo_v1
5291,211.64,-0.13045702020280983,,4,1,val,current_repo_v1
5292,211.68,0.07429337392855126,,4,1,val,current_repo_v1
5293,211.72,-0.26442006837683263,,4,1,val,current_repo_v1
5294,211.76,-0.21623076618929857,,4,1,val,current_repo_v1
5295,211.8,-0.2734061245061002,,4,1,val,current_repo_v1
5296,211.84,-0.08651680037823173,,4,1,val,current_repo_v1
5297,211.88,-0.08311916579954107,,4,1,val,current_repo_v1
5298,211.92,-0.15152593540057455,,4,1,val,current_repo_v1
5299,211.96,-0.6421988220702192,,4,1,val,current_repo_v1
5300,212.0,-0.5406996434114196,,4,1,val,current_repo_v1
5301,212.04,-1.261999767158524,,4,1,val,current_repo_v1
5302,212.08,-1.105876197851165,,4,1,val,current_repo_v1
5303,212.12,-1.111287500948099,,4,1,val,current_repo_v1
5304,212.16,-0.4152860816746393,,4,1,val,current_repo_v1
5305,212.2,-0.1493268949607135,,4,1,val,current_repo_v1
5306,212.24,-0.6281941567126504,,4,1,val,current_repo_v1
5307,212.28,-1.463361773502614,,4,1,val,current_repo_v1
5308,212.32,-1.8390694558887508,,4,1,val,current_repo_v1
5309,212.36,-1.86127519342834,,4,1,val,current_repo_v1
5310,212.4,-1.9842246669572232,,4,1,val,current_repo_v1
5311,212.44,-1.4482586054759612,,4,1,val,current_repo_v1
5312,212.48,-0.956636182350797,,4,1,val,current_repo_v1
5313,212.52,-0.5722257590638584,,4,1,val,current_repo_v1
5314,212.56,-0.06660404502626961,,4,1,val,current_repo_v1
5315,212.6,0.28926089112128417,,4,1,val,current_repo_v1
5316,212.64,-0.11159947719206618,,4,1,val,current_repo_v1
5317,212.68,-0.27613025348580617,,4,1,val,current_repo_v1
5318,212.72,0.007909493895567108,,4,1,val,current_repo_v1
5319,212.76,0.20413622143767077,,4,1,val,current_repo_v1
5320,212.8,0.1321690575773555,,4,1,val,current_repo_v1
5321,212.84,0.019288021530342203,,4,1,val,current_repo_v1
5322,212.88,0.1977896599002658,,4,1,val,current_repo_v1
5323,212.92,0.1691587671341026,,4,1,val,current_repo_v1
5324,212.96,0.2299508403419436,,4,1,val,current_repo_v1
5325,213.0,0.10562548462878,,4,1,val,current_repo_v1
5326,213.04,0.0924262672965877,,4,1,val,current_repo_v1
5327,213.08,-0.0662425722018547,,4,1,val,current_repo_v1
5328,213.12,0.0472980608969617,,4,1,val,current_repo_v1
5329,213.16,0.0611014530819903,,4,1,val,current_repo_v1
5330,213.2,-0.5810246342922258,,4,1,val,current_repo_v1
5331,213.24,-0.3917348511875497,,4,1,val,current_repo_v1
5332,213.28,-0.12858928139719358,,4,1,val,current_repo_v1
5333,213.32,0.016002935343462497,,4,1,val,current_repo_v1
5334,213.36,0.1580331084556731,,4,1,val,current_repo_v1
5335,213.4,0.7322179597788963,,4,1,val,current_repo_v1
5336,213.44,1.0646367033368302,,4,1,val,current_repo_v1
5337,213.48,0.4818406583857625,,4,1,val,current_repo_v1
5338,213.52,0.48345326650619297,,4,1,val,current_repo_v1
5339,213.56,0.39669071144700124,,4,1,val,current_repo_v1
5340,213.6,-0.1085465500762291,,4,1,val,current_repo_v1
5341,213.64,0.34158432472935407,,4,1,val,current_repo_v1
5342,213.68,0.4467959811199417,,4,1,val,current_repo_v1
5343,213.72,0.5860959784969217,,4,1,val,current_repo_v1
5344,213.76,0.48607706174214266,,4,1,val,current_repo_v1
5345,213.8,-0.07768027576855453,,4,1,val,current_repo_v1
5346,213.84,0.08035389869276696,,4,1,val,current_repo_v1
5347,213.88,0.43615814923846496,,4,1,val,current_repo_v1
5348,213.92,0.16932811666779296,,4,1,val,current_repo_v1
5349,213.96,0.48059262419708776,,4,1,val,current_repo_v1
5350,214.0,0.2751298556395769,,4,1,val,current_repo_v1
5351,214.04,0.10981161612787727,,4,1,val,current_repo_v1
5352,214.08,0.2914395482410196,,4,1,val,current_repo_v1
5353,214.12,0.16111275031912334,,4,1,val,current_repo_v1
5354,214.16,-0.5104451432847265,,4,1,val,current_repo_v1
5355,214.2,-0.5551532586629757,,4,1,val,current_repo_v1
5356,214.24,-0.3855028206509457,,4,1,val,current_repo_v1
5357,214.28,-0.18040351156473994,,4,1,val,current_repo_v1
5358,214.32,0.13866448034292045,,4,1,val,current_repo_v1
5359,214.36,0.0017523906347656623,,4,1,val,current_repo_v1
5360,214.4,0.033214723111170436,,4,1,val,current_repo_v1
5361,214.44,0.05699716174380951,,4,1,val,current_repo_v1
5362,214.48,-0.009645196898349966,,4,1,val,current_repo_v1
5363,214.52,-0.4603630996136408,,4,1,val,current_repo_v1
5364,214.56,-1.666845712544664,,4,1,val,current_repo_v1
5365,214.6,-1.60540373122651,,4,1,val,current_repo_v1
5366,214.64,-0.8865750608172374,,4,1,val,current_repo_v1
5367,214.68,-0.6212869569621863,,4,1,val,current_repo_v1
5368,214.72,-0.6812374994686123,,4,1,val,current_repo_v1
5369,214.76,-0.5078061978472889,,4,1,val,current_repo_v1
5370,214.8,0.4634719274196164,,4,1,val,current_repo_v1
5371,214.84,0.6692110821688783,,4,1,val,current_repo_v1
5372,214.88,-0.14203659539245225,,4,1,val,current_repo_v1
5373,214.92,0.04378679980711112,,4,1,val,current_repo_v1
5374,214.96,0.3883236654158436,,4,1,val,current_repo_v1
5375,215.0,0.3177625872331804,,4,1,val,current_repo_v1
5376,215.04,0.39599157325765255,,4,1,val,current_repo_v1
5377,215.08,0.2912637542186366,,4,1,val,current_repo_v1
5378,215.12,0.16378887674144943,,4,1,val,current_repo_v1
5379,215.16,0.13279911537036718,,4,1,val,current_repo_v1
5380,215.2,-0.05065390320875453,,4,1,val,current_repo_v1
5381,215.24,0.19478635050188192,,4,1,val,current_repo_v1
5382,215.28,-0.25168895673709757,,4,1,val,current_repo_v1
5383,215.32,0.06950504614770756,,4,1,val,current_repo_v1
5384,215.36,-0.05443672116173683,,4,1,val,current_repo_v1
5385,215.4,0.16120413607607326,,4,1,val,current_repo_v1
5386,215.44,0.1289132502047054,,4,1,val,current_repo_v1
5387,215.48,-0.2540892138188961,,4,1,val,current_repo_v1
5388,215.52,-0.27806411694482525,,4,1,val,current_repo_v1
5389,215.56,-0.36189564101891536,,4,1,val,current_repo_v1
5390,215.6,-0.044545416266160806,,4,1,val,current_repo_v1
5391,215.64,0.2841173169581083,,4,1,val,current_repo_v1
5392,215.68,0.6149654788607204,,4,1,val,current_repo_v1
5393,215.72,0.3290646698464215,,4,1,val,current_repo_v1
5394,215.76,0.41580519412221284,,4,1,val,current_repo_v1
5395,215.8,0.2461222913927086,,4,1,val,current_repo_v1
5396,215.84,-0.04599243817587181,,4,1,val,current_repo_v1
5397,215.88,0.18288757930274444,,4,1,val,current_repo_v1
5398,215.92,0.18138066725751376,,4,1,val,current_repo_v1
5399,215.96,0.448520584439858,,4,1,val,current_repo_v1
5400,216.0,0.6371685029313863,,4,1,val,current_repo_v1
5401,216.04,0.18758249430074617,,4,1,val,current_repo_v1
5402,216.08,-0.12253419164662468,,4,1,val,current_repo_v1
5403,216.12,-0.011750687266762809,,4,1,val,current_repo_v1
5404,216.16,0.30839717845748593,,4,1,val,current_repo_v1
5405,216.2,0.4456205322249631,,4,1,val,current_repo_v1
5406,216.24,0.26139934755285804,,4,1,val,current_repo_v1
5407,216.28,0.4700744433738446,,4,1,val,current_repo_v1
5408,216.32,0.9725788459771725,,4,1,val,current_repo_v1
5409,216.36,1.2201784919857694,,4,1,val,current_repo_v1
5410,216.4,1.2218554157803208,,4,1,val,current_repo_v1
5411,216.44,0.9381934447500901,,4,1,val,current_repo_v1
5412,216.48,1.0490011785500024,,4,1,val,current_repo_v1
5413,216.52,1.1417127234945448,,4,1,val,current_repo_v1
5414,216.56,0.7382020632442415,,4,1,val,current_repo_v1
5415,216.6,0.7507833849387745,,4,1,val,current_repo_v1
5416,216.64,0.6621184620419939,,4,1,val,current_repo_v1
5417,216.68,0.6617927165584014,,4,1,val,current_repo_v1
5418,216.72,0.7012840910221522,,4,1,val,current_repo_v1
5419,216.76,0.8571096309927769,,4,1,val,current_repo_v1
5420,216.8,0.700697141851498,,4,1,val,current_repo_v1
5421,216.84,0.9763721463190308,,4,1,val,current_repo_v1
5422,216.88,0.9199852283920332,,4,1,val,current_repo_v1
5423,216.92,0.52960459201638,,4,1,val,current_repo_v1
5424,216.96,0.5398968119453621,,4,1,val,current_repo_v1
5425,217.0,0.30076289824840413,,4,1,val,current_repo_v1
5426,217.04,-0.06590619088917922,,4,1,val,current_repo_v1
5427,217.08,0.01449364497502381,,4,1,val,current_repo_v1
5428,217.12,0.5355493178791372,,4,1,val,current_repo_v1
5429,217.16,0.2789164692187316,,4,1,val,current_repo_v1
5430,217.2,0.6398081913424577,,4,1,val,current_repo_v1
5431,217.24,0.4535511620043025,,4,1,val,current_repo_v1
5432,217.28,0.7610054746173718,,4,1,val,current_repo_v1
5433,217.32,0.9638662849031246,,4,1,val,current_repo_v1
5434,217.36,0.9407092180803345,,4,1,val,current_repo_v1
5435,217.4,0.6096263411158637,,4,1,val,current_repo_v1
5436,217.44,0.536087198486763,,4,1,val,current_repo_v1
5437,217.48,0.28877317738553654,,4,1,val,current_repo_v1
5438,217.52,-0.3209390256398263,,4,1,val,current_repo_v1
5439,217.56,0.11069145035043158,,4,1,val,current_repo_v1
5440,217.6,-0.1366382943341089,,4,1,val,current_repo_v1
5441,217.64,-0.3388547365086002,,4,1,val,current_repo_v1
5442,217.68,-0.25151703909889056,,4,1,val,current_repo_v1
5443,217.72,-0.2290790576923549,,4,1,val,current_repo_v1
5444,217.76,-0.36029828000957725,,4,1,val,current_repo_v1
5445,217.8,-0.6781144905571928,,4,1,val,current_repo_v1
5446,217.84,-0.5797773430771849,,4,1,val,current_repo_v1
5447,217.88,-0.3453263921936859,,4,1,val,current_repo_v1
5448,217.92,-0.3642498014322206,,4,1,val,current_repo_v1
5449,217.96,-0.2675503778117837,,4,1,val,current_repo_v1
5450,218.0,-0.23865674695648928,,4,1,val,current_repo_v1
5451,218.04,-0.31780923305609865,,4,1,val,current_repo_v1
5452,218.08,0.014437631223680159,,4,1,val,current_repo_v1
5453,218.12,0.17007947298231296,,4,1,val,current_repo_v1
5454,218.16,0.1499888198619723,,4,1,val,current_repo_v1
5455,218.2,0.3588361078983783,,4,1,val,current_repo_v1
5456,218.24,0.2921620416450289,,4,1,val,current_repo_v1
5457,218.28,-0.08434762424812683,,4,1,val,current_repo_v1
5458,218.32,-0.23640710355153027,,4,1,val,current_repo_v1
5459,218.36,-0.5265884420954131,,4,1,val,current_repo_v1
5460,218.4,-0.5725408444909668,,4,1,val,current_repo_v1
5461,218.44,-0.8887798189237581,,4,1,val,current_repo_v1
5462,218.48,-0.7521742961875374,,4,1,val,current_repo_v1
5463,218.52,-0.23190001551845799,,4,1,val,current_repo_v1
5464,218.56,0.0555899050751043,,4,1,val,current_repo_v1
5465,218.6,0.2872891360069444,,4,1,val,current_repo_v1
5466,218.64,-0.0549416686554671,,4,1,val,current_repo_v1
5467,218.68,-0.2642168166332027,,4,1,val,current_repo_v1
5468,218.72,-0.05820905672584312,,4,1,val,current_repo_v1
5469,218.76,-0.2218026323491237,,4,1,val,current_repo_v1
5470,218.8,0.16642633623161965,,4,1,val,current_repo_v1
5471,218.84,0.6272834648568949,,4,1,val,current_repo_v1
5472,218.88,0.7360514453033794,,4,1,val,current_repo_v1
5473,218.92,-0.0762866187476669,,4,1,val,current_repo_v1
5474,218.96,-0.21873768844234093,,4,1,val,current_repo_v1
5475,219.0,1.003849378699605,,4,1,val,current_repo_v1
5476,219.04,0.9155670549209987,,4,1,val,current_repo_v1
5477,219.08,0.1397838508801524,,4,1,val,current_repo_v1
5478,219.12,-0.1982750639571086,,4,1,val,current_repo_v1
5479,219.16,0.3414000349649853,,4,1,val,current_repo_v1
5480,219.2,0.6677237135605351,,4,1,val,current_repo_v1
5481,219.24,0.6782468044704013,,4,1,val,current_repo_v1
5482,219.28,1.6279803095189394,,4,1,val,current_repo_v1
5483,219.32,1.970691434521863,,4,1,val,current_repo_v1
5484,219.36,1.837232049789312,,4,1,val,current_repo_v1
5485,219.4,1.3410507404475234,,4,1,val,current_repo_v1
5486,219.44,0.31473613259094546,,4,1,val,current_repo_v1
5487,219.48,-0.9185263512073838,,4,1,val,current_repo_v1
5488,219.52,-1.439353904959588,,4,1,val,current_repo_v1
5489,219.56,-1.188623820303234,,4,1,val,current_repo_v1
5490,219.6,-0.3842162164397194,,4,1,val,current_repo_v1
5491,219.64,1.2012064341258257,,4,1,val,current_repo_v1
5492,219.68,1.4091121645974742,,4,1,val,current_repo_v1
5493,219.72,1.3257387645265881,,4,1,val,current_repo_v1
5494,219.76,0.8619432236346761,,4,1,val,current_repo_v1
5495,219.8,0.9626941955410987,,4,1,val,current_repo_v1
5496,219.84,1.197293353512928,,4,1,val,current_repo_v1
5497,219.88,2.3544074681900686,,4,1,val,current_repo_v1
5498,219.92,2.1816315985265087,,4,1,val,current_repo_v1
5499,219.96,1.3006942216420854,,4,1,val,current_repo_v1
5500,220.0,1.267380446820467,,4,1,val,current_repo_v1
5501,220.04,1.1515017564542767,,4,1,val,current_repo_v1
5502,220.08,1.1157285450857721,,4,1,val,current_repo_v1
5503,220.12,0.7713812629285488,,4,1,val,current_repo_v1
5504,220.16,0.6798984671614052,,4,1,val,current_repo_v1
5505,220.2,0.5675627273257046,,4,1,val,current_repo_v1
5506,220.24,0.33514351860166935,,4,1,val,current_repo_v1
5507,220.28,0.22584109783851528,,4,1,val,current_repo_v1
5508,220.32,0.5768923441541736,,4,1,val,current_repo_v1
5509,220.36,0.8806248111070294,,4,1,val,current_repo_v1
5510,220.4,1.5500559426843004,,4,1,val,current_repo_v1
5511,220.44,2.0696590112816993,,4,1,val,current_repo_v1
5512,220.48,1.7435581924730699,,4,1,val,current_repo_v1
5513,220.52,1.3594036105417493,,4,1,val,current_repo_v1
5514,220.56,1.1111270186432112,,4,1,val,current_repo_v1
5515,220.6,1.0227271112112655,,4,1,val,current_repo_v1
5516,220.64,0.5702626289043103,,4,1,val,current_repo_v1
5517,220.68,0.6540049315359487,,4,1,val,current_repo_v1
5518,220.72,0.46840543386365285,,4,1,val,current_repo_v1
5519,220.76,0.5090692853278471,,4,1,val,current_repo_v1
5520,220.8,1.0573997525057917,,4,1,val,current_repo_v1
5521,220.84,0.9907138632807054,,4,1,val,current_repo_v1
5522,220.88,0.9408873379332231,,4,1,val,current_repo_v1
5523,220.92,1.5747722850418993,,4,1,val,current_repo_v1
5524,220.96,1.5662623296474518,,4,1,val,current_repo_v1
5525,221.0,1.8645512549083099,,4,1,val,current_repo_v1
5526,221.04,1.82194436587588,,4,1,val,current_repo_v1
5527,221.08,2.27035247056823,,4,1,val,current_repo_v1
5528,221.12,1.458617079271152,,4,1,val,current_repo_v1
5529,221.16,1.4971308942521104,,4,1,val,current_repo_v1
5530,221.2,1.6669919814409062,,4,1,val,current_repo_v1
5531,221.24,0.8006376264331154,,4,1,val,current_repo_v1
5532,221.28,0.6490558226456038,,4,1,val,current_repo_v1
5533,221.32,1.5647374893254071,,4,1,val,current_repo_v1
5534,221.36,1.21621075435599,,4,1,val,current_repo_v1
5535,221.4,1.0124857042181907,,4,1,val,current_repo_v1
5536,221.44,1.148350514544775,,4,1,val,current_repo_v1
5537,221.48,0.9256899737710925,,4,1,val,current_repo_v1
5538,221.52,1.1648763155640314,,4,1,val,current_repo_v1
5539,221.56,1.3123953457030475,,4,1,val,current_repo_v1
5540,221.6,1.9891020627403115,,4,1,val,current_repo_v1
5541,221.64,1.9210618294905228,,4,1,val,current_repo_v1
5542,221.68,2.0826070389192846,,4,1,val,current_repo_v1
5543,221.72,1.3811147214604769,,4,1,val,current_repo_v1
5544,221.76,1.0401115313255127,,4,1,val,current_repo_v1
5545,221.8,1.5612187661960177,,4,1,val,current_repo_v1
5546,221.84,0.9326285722333826,,4,1,val,current_repo_v1
5547,221.88,0.07775345867147786,,4,1,val,current_repo_v1
5548,221.92,-0.23669920525079494,,4,1,val,current_repo_v1
5549,221.96,0.023176196374908888,,4,1,val,current_repo_v1
5550,222.0,0.5155421039281856,,4,1,val,current_repo_v1
5551,222.04,1.2906520607956589,,4,1,val,current_repo_v1
5552,222.08,0.6228877098076784,,4,1,val,current_repo_v1
5553,222.12,1.6565126936722292,,4,1,val,current_repo_v1
5554,222.16,1.3739378545841667,,4,1,val,current_repo_v1
5555,222.2,1.8570429571849492,,4,1,val,current_repo_v1
5556,222.24,2.3037247787909068,,4,1,val,current_repo_v1
5557,222.28,1.8308725831229211,,4,1,val,current_repo_v1
5558,222.32,0.8122847395412247,,4,1,val,current_repo_v1
5559,222.36,0.7548159873970998,,4,1,val,current_repo_v1
5560,222.4,0.4734700266992421,,4,1,val,current_repo_v1
5561,222.44,0.08141296722866054,,4,1,val,current_repo_v1
5562,222.48,0.6142433730951287,,4,1,val,current_repo_v1
5563,222.52,1.0933662016254713,,4,1,val,current_repo_v1
5564,222.56,1.4604462157510152,,4,1,val,current_repo_v1
5565,222.6,1.0506462513879071,,4,1,val,current_repo_v1
5566,222.64,1.2079385505243392,,4,1,val,current_repo_v1
5567,222.68,0.8425383028750754,,4,1,val,current_repo_v1
5568,222.72,1.0489590551752894,,4,1,val,current_repo_v1
5569,222.76,1.411968284458374,,4,1,val,current_repo_v1
5570,222.8,1.4746563940763164,,4,1,val,current_repo_v1
5571,222.84,2.0347504920100614,,4,1,val,current_repo_v1
5572,222.88,2.3706291022643122,,4,1,val,current_repo_v1
5573,222.92,1.6569688148769421,,4,1,val,current_repo_v1
5574,222.96,1.346361774407104,,4,1,val,current_repo_v1
5575,223.0,0.24982104026387322,,4,1,val,current_repo_v1
5576,223.04,0.34884666587674573,,4,1,val,current_repo_v1
5577,223.08,0.7572564296615232,,4,1,val,current_repo_v1
5578,223.12,0.9767606246198721,,4,1,val,current_repo_v1
5579,223.16,0.525666508725547,,4,1,val,current_repo_v1
5580,223.2,0.6397183238359767,,4,1,val,current_repo_v1
5581,223.24,0.8471591466321134,,4,1,val,current_repo_v1
5582,223.28,0.8934491174829966,,4,1,val,current_repo_v1
5583,223.32,1.3231127726729388,,4,1,val,current_repo_v1
5584,223.36,1.2355250969386773,,4,1,val,current_repo_v1
5585,223.4,1.324002402841338,,4,1,val,current_repo_v1
5586,223.44,1.0504838308909314,,4,1,val,current_repo_v1
5587,223.48,1.0931656633507645,,4,1,val,current_repo_v1
5588,223.52,1.140917418674429,,4,1,val,current_repo_v1
5589,223.56,0.5956922259502988,,4,1,val,current_repo_v1
5590,223.6,0.7664196850024376,,4,1,val,current_repo_v1
5591,223.64,0.38226394015586423,,4,1,val,current_repo_v1
5592,223.68,0.08385613103780754,,4,1,val,current_repo_v1
5593,223.72,0.4612391947406253,,4,1,val,current_repo_v1
5594,223.76,0.4061818119796035,,4,1,val,current_repo_v1
5595,223.8,-0.1280243791615407,,4,1,val,current_repo_v1
5596,223.84,-0.0022564528188807292,,4,1,val,current_repo_v1
5597,223.88,0.28754743240587394,,4,1,val,current_repo_v1
5598,223.92,-0.06017985889573961,,4,1,val,current_repo_v1
5599,223.96,0.5301409220703355,,4,1,val,current_repo_v1
5600,224.0,0.541884621750831,,4,1,val,current_repo_v1
5601,224.04,0.4395281484283007,,4,1,val,current_repo_v1
5602,224.08,-0.005628826294024255,,4,1,val,current_repo_v1
5603,224.12,1.3926211218229962,,4,1,val,current_repo_v1
5604,224.16,0.8977943503251188,,4,1,val,current_repo_v1
5605,224.2,0.6063887204456394,,4,1,val,current_repo_v1
5606,224.24,0.33419147864803606,,4,1,val,current_repo_v1
5607,224.28,0.45719383251772056,,4,1,val,current_repo_v1
5608,224.32,0.6452769941380027,,4,1,val,current_repo_v1
5609,224.36,1.1184620419939035,,4,1,val,current_repo_v1
5610,224.4,1.079169590644786,,4,1,val,current_repo_v1
5611,224.44,1.1910606446090932,,4,1,val,current_repo_v1
5612,224.48,1.0400312901730688,,4,1,val,current_repo_v1
5613,224.52,0.9807439323927588,,4,1,val,current_repo_v1
5614,224.56,0.8040685494609177,,4,1,val,current_repo_v1
5615,224.6,0.619278085469361,,4,1,val,current_repo_v1
5616,224.64,0.7310038762549632,,4,1,val,current_repo_v1
5617,224.68,0.7911884877592187,,4,1,val,current_repo_v1
5618,224.72,0.5917047187612213,,4,1,val,current_repo_v1
5619,224.76,0.4068216414910589,,4,1,val,current_repo_v1
5620,224.8,0.5737110602673077,,4,1,val,current_repo_v1
5621,224.84,0.6333948429360199,,4,1,val,current_repo_v1
5622,224.88,0.4339637604596151,,4,1,val,current_repo_v1
5623,224.92,0.623866690631335,,4,1,val,current_repo_v1
5624,224.96,0.7968867078915817,,4,1,val,current_repo_v1
5625,225.0,0.6997352171182158,,4,1,val,current_repo_v1
5626,225.04,0.5225579070419816,,4,1,val,current_repo_v1
5627,225.08,0.5280063911238039,,4,1,val,current_repo_v1
5628,225.12,0.17508079999782922,,4,1,val,current_repo_v1
5629,225.16,0.31941476677540787,,4,1,val,current_repo_v1
5630,225.2,0.45910101353232796,,4,1,val,current_repo_v1
5631,225.24,0.5474661950226969,,4,1,val,current_repo_v1
5632,225.28,0.9861377917609004,,4,1,val,current_repo_v1
5633,225.32,0.7726483237028876,,4,1,val,current_repo_v1
5634,225.36,0.7192022246310361,,4,1,val,current_repo_v1
5635,225.4,0.8306341854960951,,4,1,val,current_repo_v1
5636,225.44,0.9771167351128435,,4,1,val,current_repo_v1
5637,225.48,1.1656280756685697,,4,1,val,current_repo_v1
5638,225.52,1.0560609786241963,,4,1,val,current_repo_v1
5639,225.56,0.9009857774172453,,4,1,val,current_repo_v1
5640,225.6,1.1149354368833562,,4,1,val,current_repo_v1
5641,225.64,1.5724126007811432,,4,1,val,current_repo_v1
5642,225.68,1.7473800488450248,,4,1,val,current_repo_v1
5643,225.72,1.7388562676803498,,4,1,val,current_repo_v1
5644,225.76,1.664729206784551,,4,1,val,current_repo_v1
5645,225.8,1.2537402261818482,,4,1,val,current_repo_v1
5646,225.84,1.1571424122816256,,4,1,val,current_repo_v1
5647,225.88,1.0508487278547018,,4,1,val,current_repo_v1
5648,225.92,0.8661107242623273,,4,1,val,current_repo_v1
5649,225.96,0.8783051828160923,,4,1,val,current_repo_v1
5650,226.0,0.7188080609667367,,4,1,val,current_repo_v1
5651,226.04,1.210140207523519,,4,1,val,current_repo_v1
5652,226.08,1.0286960321719212,,4,1,val,current_repo_v1
5653,226.12,0.3706465459931044,,4,1,val,current_repo_v1
5654,226.16,0.4555938226458622,,4,1,val,current_repo_v1
5655,226.2,0.19686754886279165,,4,1,val,current_repo_v1
5656,226.24,0.3372687462261785,,4,1,val,current_repo_v1
5657,226.28,0.24073639476372857,,4,1,val,current_repo_v1
5658,226.32,0.3569242106163567,,4,1,val,current_repo_v1
5659,226.36,0.9157550595535362,,4,1,val,current_repo_v1
5660,226.4,0.8602690779154512,,4,1,val,current_repo_v1
5661,226.44,0.8455035429505305,,4,1,val,current_repo_v1
5662,226.48,0.6980021503595153,,4,1,val,current_repo_v1
5663,226.52,0.6957783333641291,,4,1,val,current_repo_v1
5664,226.56,0.6395785801864308,,4,1,val,current_repo_v1
5665,226.6,0.7299029185425674,,4,1,val,current_repo_v1
5666,226.64,0.6694321652797179,,4,1,val,current_repo_v1
5667,226.68,1.1267565996409692,,4,1,val,current_repo_v1
5668,226.72,1.0083116137374404,,4,1,val,current_repo_v1
5669,226.76,0.8334427550444357,,4,1,val,current_repo_v1
5670,226.8,0.5468840267258599,,4,1,val,current_repo_v1
5671,226.84,0.5004040807471498,,4,1,val,current_repo_v1
5672,226.88,0.35853404066146105,,4,1,val,current_repo_v1
5673,226.92,0.17076832260199445,,4,1,val,current_repo_v1
5674,226.96,0.2738772020930924,,4,1,val,current_repo_v1
5675,227.0,0.08321459753247473,,4,1,val,current_repo_v1
5676,227.04,0.5603876694286766,,4,1,val,current_repo_v1
5677,227.08,0.46521126099940163,,4,1,val,current_repo_v1
5678,227.12,0.22778680042087196,,4,1,val,current_repo_v1
5679,227.16,-0.12005887807621772,,4,1,val,current_repo_v1
5680,227.2,-0.01472628051828807,,4,1,val,current_repo_v1
5681,227.24,-0.16129466579818433,,4,1,val,current_repo_v1
5682,227.28,-0.41910251110874797,,4,1,val,current_repo_v1
5683,227.32,-0.11289546548331857,,4,1,val,current_repo_v1
5684,227.36,0.27772622545748116,,4,1,val,current_repo_v1
5685,227.4,0.5489166733749649,,4,1,val,current_repo_v1
5686,227.44,0.7118655215138676,,4,1,val,current_repo_v1
5687,227.48,0.9515215518561355,,4,1,val,current_repo_v1
5688,227.52,1.0841993283259925,,4,1,val,current_repo_v1
5689,227.56,1.00885882997029,,4,1,val,current_repo_v1
5690,227.6,0.7919631831367985,,4,1,val,current_repo_v1
5691,227.64,1.080023493472363,,4,1,val,current_repo_v1
5692,227.68,0.5602815857150591,,4,1,val,current_repo_v1
5693,227.72,0.4644864740680882,,4,1,val,current_repo_v1
5694,227.76,0.6136221179245167,,4,1,val,current_repo_v1
5695,227.8,0.5043075996124132,,4,1,val,current_repo_v1
5696,227.84,0.15227666180266594,,4,1,val,current_repo_v1
5697,227.88,-0.2808264283086651,,4,1,val,current_repo_v1
5698,227.92,0.2393466787334199,,4,1,val,current_repo_v1
5699,227.96,0.8627020258371343,,4,1,val,current_repo_v1
5700,228.0,0.7451046759400974,,4,1,val,current_repo_v1
5701,228.04,1.2206875904408883,,4,1,val,current_repo_v1
5702,228.08,1.352170148456469,,4,1,val,current_repo_v1
5703,228.12,0.8177944381898268,,4,1,val,current_repo_v1
5704,228.16,0.809611261981419,,4,1,val,current_repo_v1
5705,228.2,0.9730309615849037,,4,1,val,current_repo_v1
5706,228.24,1.0459661635593787,,4,1,val,current_repo_v1
5707,228.28,0.12415410029058668,,4,1,val,current_repo_v1
5708,228.32,0.4190660730974933,,4,1,val,current_repo_v1
5709,228.36,-0.06695954175841315,,4,1,val,current_repo_v1
5710,228.4,-0.014180534081105069,,4,1,val,current_repo_v1
5711,228.44,0.35805469345489327,,4,1,val,current_repo_v1
5712,228.48,0.6307377754025593,,4,1,val,current_repo_v1
5713,228.52,0.7776100308418046,,4,1,val,current_repo_v1
5714,228.56,0.4221025094289815,,4,1,val,current_repo_v1
5715,228.6,0.30556799946660956,,4,1,val,current_repo_v1
5716,228.64,0.6177824472414423,,4,1,val,current_repo_v1
5717,228.68,1.0832557518111436,,4,1,val,current_repo_v1
5718,228.72,0.9804705827019458,,4,1,val,current_repo_v1
5719,228.76,0.43709293928251486,,4,1,val,current_repo_v1
5720,228.8,0.15414108953013184,,4,1,val,current_repo_v1
5721,228.84,0.5040967566164386,,4,1,val,current_repo_v1
5722,228.88,-0.20422650888577085,,4,1,val,current_repo_v1
5723,228.92,-0.4925199998811242,,4,1,val,current_repo_v1
5724,228.96,-0.19946693903003307,,4,1,val,current_repo_v1
5725,229.0,0.1710360353841516,,4,1,val,current_repo_v1
5726,229.04,-0.08181162911376426,,4,1,val,current_repo_v1
5727,229.08,0.13546001083320164,,4,1,val,current_repo_v1
5728,229.12,0.40739964267490664,,4,1,val,current_repo_v1
5729,229.16,0.529497151568301,,4,1,val,current_repo_v1
5730,229.2,0.6205950223867647,,4,1,val,current_repo_v1
5731,229.24,0.756445037847077,,4,1,val,current_repo_v1
5732,229.28,0.6608012020925755,,4,1,val,current_repo_v1
5733,229.32,0.24010695073154475,,4,1,val,current_repo_v1
5734,229.36,-0.20209753408989153,,4,1,val,current_repo_v1
5735,229.4,0.3049450645295213,,4,1,val,current_repo_v1
5736,229.44,-0.12249203596871035,,4,1,val,current_repo_v1
5737,229.48,0.08864656660254697,,4,1,val,current_repo_v1
5738,229.52,0.21563325387176482,,4,1,val,current_repo_v1
5739,229.56,0.41852841861227774,,4,1,val,current_repo_v1
5740,229.6,0.3781862747314926,,4,1,val,current_repo_v1
5741,229.64,-0.0773889654977258,,4,1,val,current_repo_v1
5742,229.68,-0.10076693776374757,,4,1,val,current_repo_v1
5743,229.72,0.2445491093296685,,4,1,val,current_repo_v1
5744,229.76,0.637250876095127,,4,1,val,current_repo_v1
5745,229.8,0.6781956361992777,,4,1,val,current_repo_v1
5746,229.84,0.6171639055397535,,4,1,val,current_repo_v1
5747,229.88,0.8539498610380879,,4,1,val,current_repo_v1
5748,229.92,0.6240061758552693,,4,1,val,current_repo_v1
5749,229.96,0.6136948001278173,,4,1,val,current_repo_v1
5750,230.0,0.5872321466989164,,4,1,val,current_repo_v1
5751,230.04,0.6327133745978736,,4,1,val,current_repo_v1
5752,230.08,0.2630393972429347,,4,1,val,current_repo_v1
5753,230.12,0.10205859742600339,,4,1,val,current_repo_v1
5754,230.16,0.32451925406480875,,4,1,val,current_repo_v1
5755,230.2,0.48753687571963455,,4,1,val,current_repo_v1
5756,230.24,0.45890880948359974,,4,1,val,current_repo_v1
5757,230.28,0.33839024877470725,,4,1,val,current_repo_v1
5758,230.32,-0.08437107637239183,,4,1,val,current_repo_v1
5759,230.36,-0.3045177577805168,,4,1,val,current_repo_v1
5760,230.4,-0.18086220087396956,,4,1,val,current_repo_v1
5761,230.44,-0.15557233132592624,,4,1,val,current_repo_v1
5762,230.48,-0.2994813333366067,,4,1,val,current_repo_v1
5763,230.52,0.5966958864198763,,4,1,val,current_repo_v1
5764,230.56,0.7286416077380897,,4,1,val,current_repo_v1
5765,230.6,0.1628371436682301,,4,1,val,current_repo_v1
5766,230.64,0.5915632307387961,,4,1,val,current_repo_v1
5767,230.68,0.4610868528425073,,4,1,val,current_repo_v1
5768,230.72,0.49389960500937374,,4,1,val,current_repo_v1
5769,230.76,1.0335582454503203,,4,1,val,current_repo_v1
5770,230.8,1.0592280491024169,,4,1,val,current_repo_v1
5771,230.84,1.0565238835012174,,4,1,val,current_repo_v1
5772,230.88,0.6449431728540435,,4,1,val,current_repo_v1
5773,230.92,0.6772596832399749,,4,1,val,current_repo_v1
5774,230.96,0.8768744740231221,,4,1,val,current_repo_v1
5775,231.0,0.538469914930165,,4,1,val,current_repo_v1
5776,231.04,-0.12762010459518208,,4,1,val,current_repo_v1
5777,231.08,0.358757223480396,,4,1,val,current_repo_v1
5778,231.12,0.2651076904748583,,4,1,val,current_repo_v1
5779,231.16,0.39153482976406645,,4,1,val,current_repo_v1
5780,231.2,1.0039748443341026,,4,1,val,current_repo_v1
5781,231.24,0.5393311505844748,,4,1,val,current_repo_v1
5782,231.28,-1.0765841716121791,,4,1,val,current_repo_v1
5783,231.32,0.8982940162454093,,4,1,val,current_repo_v1
5784,231.36,0.8647194899815497,,4,1,val,current_repo_v1
5785,231.4,0.23221125686459182,,4,1,val,current_repo_v1
5786,231.44,-0.7498894907477817,,4,1,val,current_repo_v1
5787,231.48,-1.0924683018374965,,4,1,val,current_repo_v1
5788,231.52,-0.9900210242156428,,4,1,val,current_repo_v1
5789,231.56,-0.16001011284025124,,4,1,val,current_repo_v1
5790,231.6,-0.35149181352886505,,4,1,val,current_repo_v1
5791,231.64,-0.6995015357588041,,4,1,val,current_repo_v1
5792,231.68,-0.14004847870656947,,4,1,val,current_repo_v1
5793,231.72,0.0839617140518022,,4,1,val,current_repo_v1
5794,231.76,-0.4699383822892659,,4,1,val,current_repo_v1
5795,231.8,-0.5150279984768394,,4,1,val,current_repo_v1
5796,231.84,-0.6067286793378774,,4,1,val,current_repo_v1
5797,231.88,-0.2567700565086364,,4,1,val,current_repo_v1
5798,231.92,0.8249321535859591,,4,1,val,current_repo_v1
5799,231.96,0.9831072346120793,,4,1,val,current_repo_v1
5800,232.0,-0.34680552348565497,,4,1,val,current_repo_v1
5801,232.04,-0.29664853638716604,,4,1,val,current_repo_v1
5802,232.08,0.3295659509267853,,4,1,val,current_repo_v1
5803,232.12,-0.6671351492298077,,4,1,val,current_repo_v1
5804,232.16,-0.5539495767699151,,4,1,val,current_repo_v1
5805,232.2,-0.8702676940463003,,4,1,val,current_repo_v1
5806,232.24,-1.066490971707435,,4,1,val,current_repo_v1
5807,232.28,-0.30019733379712116,,4,1,val,current_repo_v1
5808,232.32,-0.17440493626513745,,4,1,val,current_repo_v1
5809,232.36,0.16150042103992793,,4,1,val,current_repo_v1
5810,232.4,0.026629376308521933,,4,1,val,current_repo_v1
5811,232.44,0.6531014755973217,,4,1,val,current_repo_v1
5812,232.48,0.6474782634987649,,4,1,val,current_repo_v1
5813,232.52,0.4068221583422824,,4,1,val,current_repo_v1
5814,232.56,0.15717458627028658,,4,1,val,current_repo_v1
5815,232.6,0.023973124430898347,,4,1,val,current_repo_v1
5816,232.64,-0.44372711237418067,,4,1,val,current_repo_v1
5817,232.68,-1.0002593301013765,,4,1,val,current_repo_v1
5818,232.72,0.15294225311729123,,4,1,val,current_repo_v1
5819,232.76,-0.11677351327422536,,4,1,val,current_repo_v1
5820,232.8,-0.8669055768376225,,4,1,val,current_repo_v1
5821,232.84,-0.3733709657016236,,4,1,val,current_repo_v1
5822,232.88,-0.6013452862070111,,4,1,val,current_repo_v1
5823,232.92,-0.2547407047860811,,4,1,val,current_repo_v1
5824,232.96,-0.08688328019887401,,4,1,val,current_repo_v1
5825,233.0,-0.002504815983359199,,4,1,val,current_repo_v1
5826,233.04,-0.0010489752996477265,,4,1,val,current_repo_v1
5827,233.08,-1.1316230123355588,,4,1,val,current_repo_v1
5828,233.12,-1.009440093777486,,4,1,val,current_repo_v1
5829,233.16,-0.13888769546505692,,4,1,val,current_repo_v1
5830,233.2,-0.059034621569933006,,4,1,val,current_repo_v1
5831,233.24,-0.8781639532192789,,4,1,val,current_repo_v1
5832,233.28,0.31936724876605,,4,1,val,current_repo_v1
5833,233.32,-0.039494762262004546,,4,1,val,current_repo_v1
5834,233.36,-0.27895119516030853,,4,1,val,current_repo_v1
5835,233.4,0.13497943610497817,,4,1,val,current_repo_v1
5836,233.44,1.08682725837173,,4,1,val,current_repo_v1
5837,233.48,0.760378211051287,,4,1,val,current_repo_v1
5838,233.52,0.6000571637453159,,4,1,val,current_repo_v1
5839,233.56,0.12210073113774073,,4,1,val,current_repo_v1
5840,233.6,-0.9981521922696889,,4,1,val,current_repo_v1
5841,233.64,-0.9035921289244029,,4,1,val,current_repo_v1
5842,233.68,0.2706889245631089,,4,1,val,current_repo_v1
5843,233.72,0.6062536284571047,,4,1,val,current_repo_v1
5844,233.76,0.28970092533166664,,4,1,val,current_repo_v1
5845,233.8,0.33111340348985696,,4,1,val,current_repo_v1
5846,233.84,-0.280124770469602,,4,1,val,current_repo_v1
5847,233.88,-0.23916245357545401,,4,1,val,current_repo_v1
5848,233.92,0.1760287858996784,,4,1,val,current_repo_v1
5849,233.96,-0.1403810401656715,,4,1,val,current_repo_v1
5850,234.0,0.9138393504937415,,4,1,val,current_repo_v1
5851,234.04,1.6213528554931789,,4,1,val,current_repo_v1
5852,234.08,1.5524489638489705,,4,1,val,current_repo_v1
5853,234.12,1.2124040158823213,,4,1,val,current_repo_v1
5854,234.16,1.2536555917940049,,4,1,val,current_repo_v1
5855,234.2,1.3336878071307638,,4,1,val,current_repo_v1
5856,234.24,0.6651389405919574,,4,1,val,current_repo_v1
5857,234.28,-0.6363421870378623,,4,1,val,current_repo_v1
5858,234.32,-0.5526553813063441,,4,1,val,current_repo_v1
5859,234.36,-0.2296251917679555,,4,1,val,current_repo_v1
5860,234.4,-0.5689181696592568,,4,1,val,current_repo_v1
5861,234.44,0.6348958434953821,,4,1,val,current_repo_v1
5862,234.48,0.6074759169942103,,4,1,val,current_repo_v1
5863,234.52,0.26541235811949365,,4,1,val,current_repo_v1
5864,234.56,0.11047663406067652,,4,1,val,current_repo_v1
5865,234.6,-0.8595680984436188,,4,1,val,current_repo_v1
5866,234.64,-1.019670323862853,,4,1,val,current_repo_v1
5867,234.68,0.02536929302570004,,4,1,val,current_repo_v1
5868,234.72,-0.5241868928855559,,4,1,val,current_repo_v1
5869,234.76,0.43120148139897674,,4,1,val,current_repo_v1
5870,234.8,-0.04923095525993675,,4,1,val,current_repo_v1
5871,234.84,-0.28996710371175416,,4,1,val,current_repo_v1
5872,234.88,0.7504626787546108,,4,1,val,current_repo_v1
5873,234.92,0.9089081375770092,,4,1,val,current_repo_v1
5874,234.96,1.0896867377655823,,4,1,val,current_repo_v1
5875,235.0,1.0589273062967597,,4,1,val,current_repo_v1
5876,235.04,0.8546007059412436,,4,1,val,current_repo_v1
5877,235.08,0.5101788356918331,,4,1,val,current_repo_v1
5878,235.12,0.042705660108815276,,4,1,val,current_repo_v1
5879,235.16,-0.1571935644011484,,4,1,val,current_repo_v1
5880,235.2,-0.6975082990154888,,4,1,val,current_repo_v1
5881,235.24,-0.6559683201211086,,4,1,val,current_repo_v1
5882,235.28,-0.500980660590133,,4,1,val,current_repo_v1
5883,235.32,-0.06901589491949461,,4,1,val,current_repo_v1
5884,235.36,0.007257227651546917,,4,1,val,current_repo_v1
5885,235.4,-0.6772562591006195,,4,1,val,current_repo_v1
5886,235.44,-0.7650062261190508,,4,1,val,current_repo_v1
5887,235.48,0.04843807317993103,,4,1,val,current_repo_v1
5888,235.52,-0.7148182925535564,,4,1,val,current_repo_v1
5889,235.56,-0.9369569428043392,,4,1,val,current_repo_v1
5890,235.6,-0.5004491437131962,,4,1,val,current_repo_v1
5891,235.64,-0.7479079477633974,,4,1,val,current_repo_v1
5892,235.68,0.28051489623371806,,4,1,val,current_repo_v1
5893,235.72,0.34278135216291256,,4,1,val,current_repo_v1
5894,235.76,0.06129586182421864,,4,1,val,current_repo_v1
5895,235.8,-0.07697622749258286,,4,1,val,current_repo_v1
5896,235.84,-0.26189079230837514,,4,1,val,current_repo_v1
5897,235.88,-0.05283027487698618,,4,1,val,current_repo_v1
5898,235.92,-0.24457291678914964,,4,1,val,current_repo_v1
5899,235.96,-0.643762684659636,,4,1,val,current_repo_v1
5900,236.0,-1.0960919457652505,,4,1,val,current_repo_v1
5901,236.04,-1.7319822756209935,,4,1,val,current_repo_v1
5902,236.08,-1.731904618724667,,4,1,val,current_repo_v1
5903,236.12,-0.7130544731470593,,4,1,val,current_repo_v1
5904,236.16,-1.3261202007295096,,4,1,val,current_repo_v1
5905,236.2,-0.4952519139323837,,4,1,val,current_repo_v1
5906,236.24,-0.4060536974825857,,4,1,val,current_repo_v1
5907,236.28,-0.694199094450814,,4,1,val,current_repo_v1
5908,236.32,-0.4639016246055295,,4,1,val,current_repo_v1
5909,236.36,-0.6594702455857352,,4,1,val,current_repo_v1
5910,236.4,-0.604960208270369,,4,1,val,current_repo_v1
5911,236.44,-0.35821737237748075,,4,1,val,current_repo_v1
5912,236.48,-0.9973242612160915,,4,1,val,current_repo_v1
5913,236.52,-0.92041809129169,,4,1,val,current_repo_v1
5914,236.56,-1.2933628162499575,,4,1,val,current_repo_v1
5915,236.6,-0.8781089085639793,,4,1,val,current_repo_v1
5916,236.64,-0.30611301908175953,,4,1,val,current_repo_v1
5917,236.68,-0.8121391813154147,,4,1,val,current_repo_v1
5918,236.72,-0.5854107629874052,,4,1,val,current_repo_v1
5919,236.76,0.12221174916538219,,4,1,val,current_repo_v1
5920,236.8,0.14547483509538683,,4,1,val,current_repo_v1
5921,236.84,-0.003110371798058215,,4,1,val,current_repo_v1
5922,236.88,-0.5664685532856167,,4,1,val,current_repo_v1
5923,236.92,-0.30659298004915514,,4,1,val,current_repo_v1
5924,236.96,-0.35365855076725916,,4,1,val,current_repo_v1
5925,237.0,0.33262160766314636,,4,1,val,current_repo_v1
5926,237.04,-0.03870105645036141,,4,1,val,current_repo_v1
5927,237.08,-0.3568239091758019,,4,1,val,current_repo_v1
5928,237.12,-1.1208328385559643,,4,1,val,current_repo_v1
5929,237.16,-1.0900980221266594,,4,1,val,current_repo_v1
5930,237.2,-0.900377508133623,,4,1,val,current_repo_v1
5931,237.24,-1.178392621121823,,4,1,val,current_repo_v1
5932,237.28,-0.6797301674817626,,4,1,val,current_repo_v1
5933,237.32,-0.660349538729665,,4,1,val,current_repo_v1
5934,237.36,-1.148261486921532,,4,1,val,current_repo_v1
5935,237.4,-0.9012357395901964,,4,1,val,current_repo_v1
5936,237.44,0.07941905211811445,,4,1,val,current_repo_v1
5937,237.48,-0.47814446146751377,,4,1,val,current_repo_v1
5938,237.52,-0.9664506702332847,,4,1,val,current_repo_v1
5939,237.56,-0.9633889081918464,,4,1,val,current_repo_v1
5940,237.6,-0.319055167536678,,4,1,val,current_repo_v1
5941,237.64,-0.4205495976248619,,4,1,val,current_repo_v1
5942,237.68,-0.4685455651516164,,4,1,val,current_repo_v1
5943,237.72,-0.37330487335142226,,4,1,val,current_repo_v1
5944,237.76,-0.21226822937495501,,4,1,val,current_repo_v1
5945,237.8,-0.3193785871897649,,4,1,val,current_repo_v1
5946,237.84,-0.6294681949785061,,4,1,val,current_repo_v1
5947,237.88,-0.7961727425327596,,4,1,val,current_repo_v1
5948,237.92,-0.8532165137583857,,4,1,val,current_repo_v1
5949,237.96,-0.901635588617954,,4,1,val,current_repo_v1
5950,238.0,-0.3460744374300555,,4,1,val,current_repo_v1
5951,238.04,-0.7546836088774883,,4,1,val,current_repo_v1
5952,238.08,-1.6521113178659574,,4,1,val,current_repo_v1
5953,238.12,-0.7362099894161791,,4,1,val,current_repo_v1
5954,238.16,-1.2902122204044852,,4,1,val,current_repo_v1
5955,238.2,-0.5288870086989937,,4,1,val,current_repo_v1
5956,238.24,0.1951165861304783,,4,1,val,current_repo_v1
5957,238.28,0.011531219315996507,,4,1,val,current_repo_v1
5958,238.32,0.12178306145451497,,4,1,val,current_repo_v1
5959,238.36,0.07988146437131316,,4,1,val,current_repo_v1
5960,238.4,-0.3499158372388981,,4,1,val,current_repo_v1
5961,238.44,0.05233599551554036,,4,1,val,current_repo_v1
5962,238.48,0.015224585666216704,,4,1,val,current_repo_v1
5963,238.52,0.18073037150878304,,4,1,val,current_repo_v1
5964,238.56,-0.10036038582168555,,4,1,val,current_repo_v1
5965,238.6,-0.10866502206760904,,4,1,val,current_repo_v1
5966,238.64,-0.039878871554847414,,4,1,val,current_repo_v1
5967,238.68,-0.08128612063230028,,4,1,val,current_repo_v1
5968,238.72,-0.5249072542782683,,4,1,val,current_repo_v1
5969,238.76,-0.3594781663307349,,4,1,val,current_repo_v1
5970,238.8,-0.01611543931837144,,4,1,val,current_repo_v1
5971,238.84,-0.1821638583770794,,4,1,val,current_repo_v1
5972,238.88,-0.5490458861808325,,4,1,val,current_repo_v1
5973,238.92,-0.6638899050040372,,4,1,val,current_repo_v1
5974,238.96,-0.9178702731855906,,4,1,val,current_repo_v1
5975,239.0,-1.1419525424622352,,4,1,val,current_repo_v1
5976,239.04,-1.3069043183048934,,4,1,val,current_repo_v1
5977,239.08,-1.6764031961562809,,4,1,val,current_repo_v1
5978,239.12,-1.6079357853702936,,4,1,val,current_repo_v1
5979,239.16,-1.7080223450289442,,4,1,val,current_repo_v1
5980,239.2,-1.8651882740412378,,4,1,val,current_repo_v1
5981,239.24,-1.7542455128591938,,4,1,val,current_repo_v1
5982,239.28,-1.2416926825883547,,4,1,val,current_repo_v1
5983,239.32,-1.0616730138150456,,4,1,val,current_repo_v1
5984,239.36,-0.12740737186192164,,4,1,val,current_repo_v1
5985,239.4,0.16892973743570208,,4,1,val,current_repo_v1
5986,239.44,-0.33371361738873584,,4,1,val,current_repo_v1
5987,239.48,-0.8046393470308383,,4,1,val,current_repo_v1
5988,239.52,-0.9536458103846006,,4,1,val,current_repo_v1
5989,239.56,-0.7936878510631178,,4,1,val,current_repo_v1
5990,239.6,-0.9062720025180991,,4,1,val,current_repo_v1
5991,239.64,-1.2123469038221277,,4,1,val,current_repo_v1
5992,239.68,-1.5524894074572069,,4,1,val,current_repo_v1
5993,239.72,-1.7177992319849245,,4,1,val,current_repo_v1
5994,239.76,-1.9587121152898677,,4,1,val,current_repo_v1
5995,239.8,-2.0722307337568844,,4,1,val,current_repo_v1
5996,239.84,-0.8482673402616379,,4,1,val,current_repo_v1
5997,239.88,-0.2613850856894104,,4,1,val,current_repo_v1
5998,239.92,-0.24894056805308992,,4,1,val,current_repo_v1
5999,239.96,-0.2552572329775373,,4,1,val,current_repo_v1
6000,240.0,-0.38099087098605267,,4,1,val,current_repo_v1
6001,240.04,0.3404058716366391,,4,1,val,current_repo_v1
6002,240.08,0.2581632612847035,,4,1,val,current_repo_v1
6003,240.12,-0.015267262233254699,,4,1,val,current_repo_v1
6004,240.16,-0.09977178918775667,,4,1,val,current_repo_v1
6005,240.2,0.2884455906194604,,4,1,val,current_repo_v1
6006,240.24,0.590209726597332,,4,1,val,current_repo_v1
6007,240.28,0.3590020171411124,,4,1,val,current_repo_v1
6008,240.32,0.25042989100512186,,4,1,val,current_repo_v1
6009,240.36,-0.4487282940252903,,4,1,val,current_repo_v1
6010,240.4,-0.19892190326328232,,4,1,val,current_repo_v1
6011,240.44,0.4833728315345403,,4,1,val,current_repo_v1
6012,240.48,0.5297246630162327,,4,1,val,current_repo_v1
6013,240.52,0.3862146539984709,,4,1,val,current_repo_v1
6014,240.56,0.4029204161530996,,4,1,val,current_repo_v1
6015,240.6,0.4874107317179062,,4,1,val,current_repo_v1
6016,240.64,0.7829772723719375,,4,1,val,current_repo_v1
6017,240.68,0.4726355057925455,,4,1,val,current_repo_v1
6018,240.72,1.0051878941555885,,4,1,val,current_repo_v1
6019,240.76,0.682487051907756,,4,1,val,current_repo_v1
6020,240.8,0.48012138509408825,,4,1,val,current_repo_v1
6021,240.84,-0.3814375919591388,,4,1,val,current_repo_v1
6022,240.88,-0.386386991578297,,4,1,val,current_repo_v1
6023,240.92,-0.40337240254802487,,4,1,val,current_repo_v1
6024,240.96,0.40983901893368163,,4,1,val,current_repo_v1
6025,241.0,0.5036042620068739,,4,1,val,current_repo_v1
6026,241.04,0.33547549860314496,,4,1,val,current_repo_v1
6027,241.08,0.4959136773176352,,4,1,val,current_repo_v1
6028,241.12,1.1561587151905546,,4,1,val,current_repo_v1
6029,241.16,0.9639879387598491,,4,1,val,current_repo_v1
6030,241.2,1.4840563672775806,,4,1,val,current_repo_v1
6031,241.24,1.4111526932277372,,4,1,val,current_repo_v1
6032,241.28,1.4418367290243361,,4,1,val,current_repo_v1
6033,241.32,1.5518702196914889,,4,1,val,current_repo_v1
6034,241.36,1.2530148254897069,,4,1,val,current_repo_v1
6035,241.4,1.389385503951263,,4,1,val,current_repo_v1
6036,241.44,1.392416319525696,,4,1,val,current_repo_v1
6037,241.48,1.2196187421107507,,4,1,val,current_repo_v1
6038,241.52,0.7728297384823258,,4,1,val,current_repo_v1
6039,241.56,1.0441235889477052,,4,1,val,current_repo_v1
6040,241.6,1.204536635771454,,4,1,val,current_repo_v1
6041,241.64,1.0234939892140902,,4,1,val,current_repo_v1
6042,241.68,0.898835417901995,,4,1,val,current_repo_v1
6043,241.72,0.9527283994629399,,4,1,val,current_repo_v1
6044,241.76,1.0612774934162845,,4,1,val,current_repo_v1
6045,241.8,1.0885137439139154,,4,1,val,current_repo_v1
6046,241.84,1.6947404315009966,,4,1,val,current_repo_v1
6047,241.88,1.90657965820887,,4,1,val,current_repo_v1
6048,241.92,1.3431311958347993,,4,1,val,current_repo_v1
6049,241.96,1.5329595379143321,,4,1,val,current_repo_v1
6050,242.0,1.4055761269520985,,4,1,val,current_repo_v1
6051,242.04,0.5978658437706054,,4,1,val,current_repo_v1
6052,242.08,-0.35727579866112275,,4,1,val,current_repo_v1
6053,242.12,-0.8285014635288457,,4,1,val,current_repo_v1
6054,242.16,-1.1217304799183272,,4,1,val,current_repo_v1
6055,242.2,-0.8986788765876862,,4,1,val,current_repo_v1
6056,242.24,-0.737996485670106,,4,1,val,current_repo_v1
6057,242.28,-0.22545559143220895,,4,1,val,current_repo_v1
6058,242.32,-0.528198239837316,,4,1,val,current_repo_v1
6059,242.36,-0.7660010355114262,,4,1,val,current_repo_v1
6060,242.4,-1.0177582327616226,,4,1,val,current_repo_v1
6061,242.44,-0.06490793313004713,,4,1,val,current_repo_v1
6062,242.48,0.4510794825440606,,4,1,val,current_repo_v1
6063,242.52,1.241189527922306,,4,1,val,current_repo_v1
6064,242.56,0.690424982210627,,4,1,val,current_repo_v1
6065,242.6,0.09486356807466846,,4,1,val,current_repo_v1
6066,242.64,-0.16224016435352054,,4,1,val,current_repo_v1
6067,242.68,0.18446111670100065,,4,1,val,current_repo_v1
6068,242.72,0.05507236740860229,,4,1,val,current_repo_v1
6069,242.76,0.07857430724815358,,4,1,val,current_repo_v1
6070,242.8,0.5507124729509143,,4,1,val,current_repo_v1
6071,242.84,0.174077672531076,,4,1,val,current_repo_v1
6072,242.88,-0.3120331622082003,,4,1,val,current_repo_v1
6073,242.92,0.313213391976996,,4,1,val,current_repo_v1
6074,242.96,0.0759025902128277,,4,1,val,current_repo_v1
6075,243.0,-0.627337992660971,,4,1,val,current_repo_v1
6076,243.04,-1.093330151252634,,4,1,val,current_repo_v1
6077,243.08,-0.22714640560339086,,4,1,val,current_repo_v1
6078,243.12,0.6909136650424186,,4,1,val,current_repo_v1
6079,243.16,1.7533218997228515,,4,1,val,current_repo_v1
6080,243.2,1.4794432116824916,,4,1,val,current_repo_v1
6081,243.24,0.24216556915462908,,4,1,val,current_repo_v1
6082,243.28,-0.5685562445900213,,4,1,val,current_repo_v1
6083,243.32,-0.1730695380680954,,4,1,val,current_repo_v1
6084,243.36,-0.4719390487689185,,4,1,val,current_repo_v1
6085,243.4,0.24171661926064175,,4,1,val,current_repo_v1
6086,243.44,0.528581517322721,,4,1,val,current_repo_v1
6087,243.48,0.46164311397176777,,4,1,val,current_repo_v1
6088,243.52,0.6865529912699952,,4,1,val,current_repo_v1
6089,243.56,0.5945251758877017,,4,1,val,current_repo_v1
6090,243.6,0.5806169678897133,,4,1,val,current_repo_v1
6091,243.64,0.6115501259760251,,4,1,val,current_repo_v1
6092,243.68,0.2903089038864757,,4,1,val,current_repo_v1
6093,243.72,-0.23446308073564986,,4,1,val,current_repo_v1
6094,243.76,-0.8144778684952174,,4,1,val,current_repo_v1
6095,243.8,-0.3244948974509027,,4,1,val,current_repo_v1
6096,243.84,0.3082649291506804,,4,1,val,current_repo_v1
6097,243.88,0.03144223029507941,,4,1,val,current_repo_v1
6098,243.92,-0.25232442531635496,,4,1,val,current_repo_v1
6099,243.96,-0.0719015883613374,,4,1,val,current_repo_v1
6100,244.0,-0.25073459095295864,,4,1,val,current_repo_v1
6101,244.04,0.11371121822996287,,4,1,val,current_repo_v1
6102,244.08,0.0642049427839235,,4,1,val,current_repo_v1
6103,244.12,-0.6481264595394003,,4,1,val,current_repo_v1
6104,244.16,-0.6408108827159912,,4,1,val,current_repo_v1
6105,244.2,-0.25228036374955404,,4,1,val,current_repo_v1
6106,244.24,-0.24623901901120934,,4,1,val,current_repo_v1
6107,244.28,-1.0018134371239504,,4,1,val,current_repo_v1
6108,244.32,-0.9273603077125444,,4,1,val,current_repo_v1
6109,244.36,-0.5050681138845491,,4,1,val,current_repo_v1
6110,244.4,0.381641489766798,,4,1,val,current_repo_v1
6111,244.44,0.10899039606438467,,4,1,val,current_repo_v1
6112,244.48,-0.1869566359239252,,4,1,val,current_repo_v1
6113,244.52,-0.30687191819382204,,4,1,val,current_repo_v1
6114,244.56,-0.09121370202312366,,4,1,val,current_repo_v1
6115,244.6,-0.22318215671936956,,4,1,val,current_repo_v1
6116,244.64,-0.5462543727228666,,4,1,val,current_repo_v1
6117,244.68,0.07319983787669247,,4,1,val,current_repo_v1
6118,244.72,-0.4992348017636514,,4,1,val,current_repo_v1
6119,244.76,-0.47222955145971063,,4,1,val,current_repo_v1
6120,244.8,0.08360928612379802,,4,1,val,current_repo_v1
6121,244.84,0.4267267127189721,,4,1,val,current_repo_v1
6122,244.88,0.13207909316127012,,4,1,val,current_repo_v1
6123,244.92,-0.0889899980889426,,4,1,val,current_repo_v1
6124,244.96,-0.6550607293726938,,4,1,val,current_repo_v1
6125,245.0,-0.28261970823490007,,4,1,val,current_repo_v1
6126,245.04,-0.5128374214757627,,4,1,val,current_repo_v1
6127,245.08,-0.9142523146212947,,4,1,val,current_repo_v1
6128,245.12,-0.8728505934291929,,4,1,val,current_repo_v1
6129,245.16,-0.955257998563412,,4,1,val,current_repo_v1
6130,245.2,-0.5069018051158193,,4,1,val,current_repo_v1
6131,245.24,0.5729306795262696,,4,1,val,current_repo_v1
6132,245.28,0.05196606732814148,,4,1,val,current_repo_v1
6133,245.32,-0.4394583412099306,,4,1,val,current_repo_v1
6134,245.36,-0.2878830303659139,,4,1,val,current_repo_v1
6135,245.4,-0.34693186130659215,,4,1,val,current_repo_v1
6136,245.44,-0.6118125571847424,,4,1,val,current_repo_v1
6137,245.48,-0.3499756950712163,,4,1,val,current_repo_v1
6138,245.52,-0.04675960690750986,,4,1,val,current_repo_v1
6139,245.56,0.26067318773548226,,4,1,val,current_repo_v1
6140,245.6,1.3873982109970175,,4,1,val,current_repo_v1
6141,245.64,1.5759485092137129,,4,1,val,current_repo_v1
6142,245.68,0.8852169696211648,,4,1,val,current_repo_v1
6143,245.72,0.3076188005149389,,4,1,val,current_repo_v1
6144,245.76,-0.21281018018596565,,4,1,val,current_repo_v1
6145,245.8,-0.45658759833579077,,4,1,val,current_repo_v1
6146,245.84,-0.3584642980494939,,4,1,val,current_repo_v1
6147,245.88,-0.05035543777880085,,4,1,val,current_repo_v1
6148,245.92,-0.13275190424142327,,4,1,val,current_repo_v1
6149,245.96,-0.038608830810173335,,4,1,val,current_repo_v1
6150,246.0,0.08418778800726848,,4,1,val,current_repo_v1
6151,246.04,0.09288647485628629,,4,1,val,current_repo_v1
6152,246.08,0.10258555955153337,,4,1,val,current_repo_v1
6153,246.12,0.45298427312175943,,4,1,val,current_repo_v1
6154,246.16,0.6282763360571824,,4,1,val,current_repo_v1
6155,246.2,0.929110042923202,,4,1,val,current_repo_v1
6156,246.24,1.1493785316282583,,4,1,val,current_repo_v1
6157,246.28,1.2459105762102944,,4,1,val,current_repo_v1
6158,246.32,1.1190159772926584,,4,1,val,current_repo_v1
6159,246.36,0.6988712356917814,,4,1,val,current_repo_v1
6160,246.4,0.6045111937699787,,4,1,val,current_repo_v1
6161,246.44,1.005279247609337,,4,1,val,current_repo_v1
6162,246.48,0.856376994383507,,4,1,val,current_repo_v1
6163,246.52,1.0206019481931592,,4,1,val,current_repo_v1
6164,246.56,0.6442797297023156,,4,1,val,current_repo_v1
6165,246.6,0.4490051001586604,,4,1,val,current_repo_v1
6166,246.64,0.2823221634461882,,4,1,val,current_repo_v1
6167,246.68,0.2466292416849298,,4,1,val,current_repo_v1
6168,246.72,0.1736809246106592,,4,1,val,current_repo_v1
6169,246.76,0.0053252054750114715,,4,1,val,current_repo_v1
6170,246.8,-0.3044971160347794,,4,1,val,current_repo_v1
6171,246.84,-0.32233998318424545,,4,1,val,current_repo_v1
6172,246.88,-0.01677343938065201,,4,1,val,current_repo_v1
6173,246.92,-0.01566924327230914,,4,1,val,current_repo_v1
6174,246.96,-0.25675800741448923,,4,1,val,current_repo_v1
6175,247.0,-0.21965316117191364,,4,1,val,current_repo_v1
6176,247.04,-0.2746478272672874,,4,1,val,current_repo_v1
6177,247.08,-0.569615272746913,,4,1,val,current_repo_v1
6178,247.12,-0.6545557657273627,,4,1,val,current_repo_v1
6179,247.16,-0.5905191912673851,,4,1,val,current_repo_v1
6180,247.2,-0.5772765584324212,,4,1,val,current_repo_v1
6181,247.24,-0.5208563036015098,,4,1,val,current_repo_v1
6182,247.28,-0.4992761498615291,,4,1,val,current_repo_v1
6183,247.32,-0.4928607986566003,,4,1,val,current_repo_v1
6184,247.36,-0.16243902286175096,,4,1,val,current_repo_v1
6185,247.4,-0.34976162175509495,,4,1,val,current_repo_v1
6186,247.44,-0.2687969422047917,,4,1,val,current_repo_v1
6187,247.48,-0.1534030259830155,,4,1,val,current_repo_v1
6188,247.52,0.1508046210634188,,4,1,val,current_repo_v1
6189,247.56,0.23163109136624582,,4,1,val,current_repo_v1
6190,247.6,0.3395930584813283,,4,1,val,current_repo_v1
6191,247.64,0.33589837981354853,,4,1,val,current_repo_v1
6192,247.68,0.32689744806000537,,4,1,val,current_repo_v1
6193,247.72,0.6540824592194694,,4,1,val,current_repo_v1
6194,247.76,0.7908409699178375,,4,1,val,current_repo_v1
6195,247.8,0.7380223282312796,,4,1,val,current_repo_v1
6196,247.84,0.7123937434642548,,4,1,val,current_repo_v1
6197,247.88,1.1757256688087134,,4,1,val,current_repo_v1
6198,247.92,0.6917717672861861,,4,1,val,current_repo_v1
6199,247.96,0.6379718835518688,,4,1,val,current_repo_v1
6200,248.0,0.3658513941609508,,4,1,val,current_repo_v1
6201,248.04,0.3208596243706206,,4,1,val,current_repo_v1
6202,248.08,0.3214864679950863,,4,1,val,current_repo_v1
6203,248.12,0.2993138412370007,,4,1,val,current_repo_v1
6204,248.16,0.885299859636129,,4,1,val,current_repo_v1
6205,248.2,1.0807379756824083,,4,1,val,current_repo_v1
6206,248.24,1.3067106283088976,,4,1,val,current_repo_v1
6207,248.28,0.9131897977186445,,4,1,val,current_repo_v1
6208,248.32,1.2375534795651886,,4,1,val,current_repo_v1
6209,248.36,1.4194259307618349,,4,1,val,current_repo_v1
6210,248.4,1.343739271299213,,4,1,val,current_repo_v1
6211,248.44,1.3983639849797866,,4,1,val,current_repo_v1
6212,248.48,1.9701993921571186,,4,1,val,current_repo_v1
6213,248.52,1.9406063000804608,,4,1,val,current_repo_v1
6214,248.56,2.1784720869974317,,4,1,val,current_repo_v1
6215,248.6,2.1706004428639707,,4,1,val,current_repo_v1
6216,248.64,2.249876375647986,,4,1,val,current_repo_v1
6217,248.68,2.41550212548605,,4,1,val,current_repo_v1
6218,248.72,2.3707660678385323,,4,1,val,current_repo_v1
6219,248.76,1.6280321238540925,,4,1,val,current_repo_v1
6220,248.8,0.8131966589186361,,4,1,val,current_repo_v1
6221,248.84,0.5166535278778567,,4,1,val,current_repo_v1
6222,248.88,-0.027129345071326114,,4,1,val,current_repo_v1
6223,248.92,0.11558201776391812,,4,1,val,current_repo_v1
6224,248.96,0.691369398608714,,4,1,val,current_repo_v1
6225,249.0,0.5770920425456422,,4,1,val,current_repo_v1
6226,249.04,0.11653893550097291,,4,1,val,current_repo_v1
6227,249.08,0.7253705855575487,,4,1,val,current_repo_v1
6228,249.12,1.057039119564615,,4,1,val,current_repo_v1
6229,249.16,0.6155315601632267,,4,1,val,current_repo_v1
6230,249.2,0.862136719811463,,4,1,val,current_repo_v1
6231,249.24,0.3710310833033667,,4,1,val,current_repo_v1
6232,249.28,0.9909215728661377,,4,1,val,current_repo_v1
6233,249.32,0.07295129704460594,,4,1,val,current_repo_v1
6234,249.36,0.97977877733933,,4,1,val,current_repo_v1
6235,249.4,0.9551669681416782,,4,1,val,current_repo_v1
6236,249.44,1.1521055678960963,,4,1,val,current_repo_v1
6237,249.48,0.7928626334784437,,4,1,val,current_repo_v1
6238,249.52,0.7081186085693157,,4,1,val,current_repo_v1
6239,249.56,1.2106628733232538,,4,1,val,current_repo_v1
6240,249.6,1.3637407675835047,,4,1,val,current_repo_v1
6241,249.64,1.0883008012098454,,4,1,val,current_repo_v1
6242,249.68,1.192769096328276,,4,1,val,current_repo_v1
6243,249.72,2.546324406063647,,4,1,val,current_repo_v1
6244,249.76,1.9645348319606841,,4,1,val,current_repo_v1
6245,249.8,1.372611097493517,,4,1,val,current_repo_v1
6246,249.84,0.20554021548302784,,4,1,val,current_repo_v1
6247,249.88,-0.08376695805015809,,4,1,val,current_repo_v1
6248,249.92,0.7272976007378568,,4,1,val,current_repo_v1
6249,249.96,0.8399947487915695,,4,1,val,current_repo_v1
6250,250.0,0.6704833114554517,,4,1,val,current_repo_v1
6251,250.04,0.3935322013171695,,4,1,val,current_repo_v1
6252,250.08,0.36600464054870996,,4,1,val,current_repo_v1
6253,250.12,0.6727152688576076,,4,1,val,current_repo_v1
6254,250.16,0.6429630512105237,,4,1,val,current_repo_v1
6255,250.2,0.9812859801133739,,4,1,val,current_repo_v1
6256,250.24,0.8368304563886753,,4,1,val,current_repo_v1
6257,250.28,0.7202339888858897,,4,1,val,current_repo_v1
6258,250.32,0.5554741586663481,,4,1,val,current_repo_v1
6259,250.36,0.6833567186976486,,4,1,val,current_repo_v1
6260,250.4,0.6483536802585187,,4,1,val,current_repo_v1
6261,250.44,0.6000382986756592,,4,1,val,current_repo_v1
6262,250.48,1.2054855746177466,,4,1,val,current_repo_v1
6263,250.52,1.6100603023243705,,4,1,val,current_repo_v1
6264,250.56,1.6149424789812759,,4,1,val,current_repo_v1
6265,250.6,1.5419218673421222,,4,1,val,current_repo_v1
6266,250.64,0.9519727629742255,,4,1,val,current_repo_v1
6267,250.68,0.6731356627214982,,4,1,val,current_repo_v1
6268,250.72,0.9249815645629228,,4,1,val,current_repo_v1
6269,250.76,1.2806779950979246,,4,1,val,current_repo_v1
6270,250.8,1.120211712598158,,4,1,val,current_repo_v1
6271,250.84,0.8311015482149187,,4,1,val,current_repo_v1
6272,250.88,1.0519776601395678,,4,1,val,current_repo_v1
6273,250.92,1.1054050879609716,,4,1,val,current_repo_v1
6274,250.96,1.1282075302380579,,4,1,val,current_repo_v1
6275,251.0,1.0974104332363246,,4,1,val,current_repo_v1
6276,251.04,0.9884996726393563,,4,1,val,current_repo_v1
6277,251.08,1.069671092679048,,4,1,val,current_repo_v1
6278,251.12,1.354866819714928,,4,1,val,current_repo_v1
6279,251.16,1.0845042705478403,,4,1,val,current_repo_v1
6280,251.2,0.9312298436098647,,4,1,val,current_repo_v1
6281,251.24,1.1455274731621772,,4,1,val,current_repo_v1
6282,251.28,1.622742668433092,,4,1,val,current_repo_v1
6283,251.32,1.8023245642201213,,4,1,val,current_repo_v1
6284,251.36,1.5881272038051621,,4,1,val,current_repo_v1
6285,251.4,1.5779940771434047,,4,1,val,current_repo_v1
6286,251.44,1.3685663490314401,,4,1,val,current_repo_v1
6287,251.48,1.8356141762470424,,4,1,val,current_repo_v1
6288,251.52,2.121283274397219,,4,1,val,current_repo_v1
6289,251.56,1.3272751047883553,,4,1,val,current_repo_v1
6290,251.6,1.1682877920645507,,4,1,val,current_repo_v1
6291,251.64,0.6808072854314758,,4,1,val,current_repo_v1
6292,251.68,0.9897855984833518,,4,1,val,current_repo_v1
6293,251.72,1.175560017991591,,4,1,val,current_repo_v1
6294,251.76,0.67559522848119,,4,1,val,current_repo_v1
6295,251.8,0.7792567188397828,,4,1,val,current_repo_v1
6296,251.84,1.2871615060579487,,4,1,val,current_repo_v1
6297,251.88,1.4563266530743408,,4,1,val,current_repo_v1
6298,251.92,1.1665246833284857,,4,1,val,current_repo_v1
6299,251.96,0.9103434980309907,,4,1,val,current_repo_v1
6300,252.0,0.8492378576465102,,4,1,val,current_repo_v1
6301,252.04,0.744079501538343,,4,1,val,current_repo_v1
6302,252.08,0.9536431615220803,,4,1,val,current_repo_v1
6303,252.12,0.6687315088399003,,4,1,val,current_repo_v1
6304,252.16,0.6789355733320791,,4,1,val,current_repo_v1
6305,252.2,0.8554478897029152,,4,1,val,current_repo_v1
6306,252.24,1.334302860086694,,4,1,val,current_repo_v1
6307,252.28,0.9442219974206539,,4,1,val,current_repo_v1
6308,252.32,0.4285378563156183,,4,1,val,current_repo_v1
6309,252.36,0.2941882922602434,,4,1,val,current_repo_v1
6310,252.4,0.037935704773805874,,4,1,val,current_repo_v1
6311,252.44,-0.09334482498190051,,4,1,val,current_repo_v1
6312,252.48,0.5253819821270262,,4,1,val,current_repo_v1
6313,252.52,0.47239552530884765,,4,1,val,current_repo_v1
6314,252.56,1.3916372955191196,,4,1,val,current_repo_v1
6315,252.6,1.1634050985564217,,4,1,val,current_repo_v1
6316,252.64,1.171922935932027,,4,1,val,current_repo_v1
6317,252.68,1.0442444029211915,,4,1,val,current_repo_v1
6318,252.72,1.1274052479264252,,4,1,val,current_repo_v1
6319,252.76,1.1762940759417255,,4,1,val,current_repo_v1
6320,252.8,0.6522184998884247,,4,1,val,current_repo_v1
6321,252.84,0.7408483415084122,,4,1,val,current_repo_v1
6322,252.88,0.557675751059125,,4,1,val,current_repo_v1
6323,252.92,0.006526190050749623,,4,1,val,current_repo_v1
6324,252.96,-0.04180710618101086,,4,1,val,current_repo_v1
6325,253.0,0.12462290050187545,,4,1,val,current_repo_v1
6326,253.04,0.2795573001294325,,4,1,val,current_repo_v1
6327,253.08,0.5195192740927936,,4,1,val,current_repo_v1
6328,253.12,0.11066975067484618,,4,1,val,current_repo_v1
6329,253.16,0.20824585087989397,,4,1,val,current_repo_v1
6330,253.2,0.15319715768006675,,4,1,val,current_repo_v1
6331,253.24,-0.23673286518672348,,4,1,val,current_repo_v1
6332,253.28,-0.2596739851077073,,4,1,val,current_repo_v1
6333,253.32,-0.15504535304879555,,4,1,val,current_repo_v1
6334,253.36,0.20764187792206684,,4,1,val,current_repo_v1
6335,253.4,0.5402033693272833,,4,1,val,current_repo_v1
6336,253.44,-0.01766419208530216,,4,1,val,current_repo_v1
6337,253.48,0.2179759466485493,,4,1,val,current_repo_v1
6338,253.52,0.507775703625104,,4,1,val,current_repo_v1
6339,253.56,0.37674235392912236,,4,1,val,current_repo_v1
6340,253.6,0.6205642697389682,,4,1,val,current_repo_v1
6341,253.64,0.8276056957521678,,4,1,val,current_repo_v1
6342,253.68,0.8408777891068695,,4,1,val,current_repo_v1
6343,253.72,0.10788460902336956,,4,1,val,current_repo_v1
6344,253.76,0.027348922045397368,,4,1,val,current_repo_v1
6345,253.8,0.000372543232505136,,4,1,val,current_repo_v1
6346,253.84,0.16971549665978436,,4,1,val,current_repo_v1
6347,253.88,0.2857850020370399,,4,1,val,current_repo_v1
6348,253.92,0.8308634090137045,,4,1,val,current_repo_v1
6349,253.96,0.5186984820467205,,4,1,val,current_repo_v1
6350,254.0,0.1231610837258926,,4,1,val,current_repo_v1
6351,254.04,-0.0005340461166641742,,4,1,val,current_repo_v1
6352,254.08,-0.14691849747214528,,4,1,val,current_repo_v1
6353,254.12,-0.3635794453953789,,4,1,val,current_repo_v1
6354,254.16,-0.5847440249091279,,4,1,val,current_repo_v1
6355,254.2,-0.638696444360772,,4,1,val,current_repo_v1
6356,254.24,-0.3429460338839909,,4,1,val,current_repo_v1
6357,254.28,-0.3549676703099079,,4,1,val,current_repo_v1
6358,254.32,-0.15184278135216292,,4,1,val,current_repo_v1
6359,254.36,-0.5026081604864397,,4,1,val,current_repo_v1
6360,254.4,-0.8816174884881081,,4,1,val,current_repo_v1
6361,254.44,-1.2843425994851387,,4,1,val,current_repo_v1
6362,254.48,-1.3446662439685078,,4,1,val,current_repo_v1
6363,254.52,-1.41740297507317,,4,1,val,current_repo_v1
6364,254.56,-1.4534263424338343,,4,1,val,current_repo_v1
6365,254.6,-1.7055626500564467,,4,1,val,current_repo_v1
6366,254.64,-1.8485606533309575,,4,1,val,current_repo_v1
6367,254.68,-1.9474248598460997,,4,1,val,current_repo_v1
6368,254.72,-1.5466692750425077,,4,1,val,current_repo_v1
6369,254.76,-1.3512281871016933,,4,1,val,current_repo_v1
6370,254.8,-0.7972789333637931,,4,1,val,current_repo_v1
6371,254.84,-0.45000304296157817,,4,1,val,current_repo_v1
6372,254.88,-0.48208877927622995,,4,1,val,current_repo_v1
6373,254.92,-0.7662449246825015,,4,1,val,current_repo_v1
6374,254.96,-1.2710754162170599,,4,1,val,current_repo_v1
6375,255.0,-0.9789033605795763,,4,1,val,current_repo_v1
6376,255.04,-2.7048935861476635,,4,1,val,current_repo_v1
6377,255.08,-0.9440227512740059,,4,1,val,current_repo_v1
6378,255.12,-0.304405278033009,,4,1,val,current_repo_v1
6379,255.16,0.3550574409067845,,4,1,val,current_repo_v1
6380,255.2,0.4142106111882009,,4,1,val,current_repo_v1
6381,255.24,0.06642842059569429,,4,1,val,current_repo_v1
6382,255.28,0.20008174971195236,,4,1,val,current_repo_v1
6383,255.32,0.9964063980496102,,4,1,val,current_repo_v1
6384,255.36,0.6878995179199426,,4,1,val,current_repo_v1
6385,255.4,0.5566272537459116,,4,1,val,current_repo_v1
6386,255.44,0.28277463438913547,,4,1,val,current_repo_v1
6387,255.48,0.969309245137496,,4,1,val,current_repo_v1
6388,255.52,0.47388405683244367,,4,1,val,current_repo_v1
6389,255.56,0.31563483995895686,,4,1,val,current_repo_v1
6390,255.6,0.7236670439249888,,4,1,val,current_repo_v1
6391,255.64,1.7501122536250975,,4,1,val,current_repo_v1
6392,255.68,0.950432029477059,,4,1,val,current_repo_v1
6393,255.72,0.08293216256624902,,4,1,val,current_repo_v1
6394,255.76,-0.7474153885474297,,4,1,val,current_repo_v1
6395,255.8,-0.5752599341712439,,4,1,val,current_repo_v1
6396,255.84,-0.4508219291187648,,4,1,val,current_repo_v1
6397,255.88,-0.16990749073770303,,4,1,val,current_repo_v1
6398,255.92,0.12411557872283736,,4,1,val,current_repo_v1
6399,255.96,0.07573404825917401,,4,1,val,current_repo_v1
6400,256.0,0.2218019055270907,,4,1,val,current_repo_v1
6401,256.04,0.49863176559866684,,4,1,val,current_repo_v1
6402,256.08,0.4373860262294243,,4,1,val,current_repo_v1
6403,256.12,0.3505664883228449,,4,1,val,current_repo_v1
6404,256.16,0.6380565179397122,,4,1,val,current_repo_v1
6405,256.2,0.6761826945030676,,4,1,val,current_repo_v1
6406,256.24,0.5755715308525939,,4,1,val,current_repo_v1
6407,256.28,0.6391986945371798,,4,1,val,current_repo_v1
6408,256.32,1.1881291936823724,,4,1,val,current_repo_v1
6409,256.36,1.1546214704391464,,4,1,val,current_repo_v1
6410,256.4,1.2529982862505558,,4,1,val,current_repo_v1
6411,256.44,0.7115054700303172,,4,1,val,current_repo_v1
6412,256.48,1.183438381190957,,4,1,val,current_repo_v1
6413,256.52,1.0339538950618872,,4,1,val,current_repo_v1
6414,256.56,0.8016224218330361,,4,1,val,current_repo_v1
6415,256.6,0.3877355856331382,,4,1,val,current_repo_v1
6416,256.64,0.2223981903229687,,4,1,val,current_repo_v1
6417,256.68,0.03777047389830254,,4,1,val,current_repo_v1
6418,256.72,0.18494676303185445,,4,1,val,current_repo_v1
6419,256.76,0.3009768100485181,,4,1,val,current_repo_v1
6420,256.8,0.8963199029973624,,4,1,val,current_repo_v1
6421,256.84,1.3212700688484593,,4,1,val,current_repo_v1
6422,256.88,0.9657778591531315,,4,1,val,current_repo_v1
6423,256.92,0.3387112133844827,,4,1,val,current_repo_v1
6424,256.96,-0.11569591077649015,,4,1,val,current_repo_v1
6425,257.0,0.008901468177276353,,4,1,val,current_repo_v1
6426,257.04,-0.17075985916321013,,4,1,val,current_repo_v1
6427,257.08,0.11700089550935107,,4,1,val,current_repo_v1
6428,257.12,0.6125652217789218,,4,1,val,current_repo_v1
6429,257.16,0.8679410236574434,,4,1,val,current_repo_v1
6430,257.2,0.09110887005856312,,4,1,val,current_repo_v1
6431,257.24,-0.27660210634963356,,4,1,val,current_repo_v1
6432,257.28,-0.4715552221290885,,4,1,val,current_repo_v1
6433,257.32,-0.7835372806725681,,4,1,val,current_repo_v1
6434,257.36,-0.7708456112418243,,4,1,val,current_repo_v1
6435,257.4,-0.5195890167047608,,4,1,val,current_repo_v1
6436,257.44,-0.005806461598890888,,4,1,val,current_repo_v1
6437,257.48,0.03570764394532696,,4,1,val,current_repo_v1
6438,257.52,0.04756514376669026,,4,1,val,current_repo_v1
6439,257.56,0.3003962569117545,,4,1,val,current_repo_v1
6440,257.6,0.8140136068837347,,4,1,val,current_repo_v1
6441,257.64,-0.11300337432781883,,4,1,val,current_repo_v1
6442,257.68,1.0016537947023008,,4,1,val,current_repo_v1
6443,257.72,1.1290279023425118,,4,1,val,current_repo_v1
6444,257.76,0.8347027091144517,,4,1,val,current_repo_v1
6445,257.8,0.22552438109973277,,4,1,val,current_repo_v1
6446,257.84,-0.30685353767218737,,4,1,val,current_repo_v1
6447,257.88,0.34116638590877496,,4,1,val,current_repo_v1
6448,257.92,1.351529511364977,,4,1,val,current_repo_v1
6449,257.96,1.3524737985502582,,4,1,val,current_repo_v1
6450,258.0,1.136570183033816,,4,1,val,current_repo_v1
6451,258.04,1.8458209542081445,,4,1,val,current_repo_v1
6452,258.08,1.139309752943823,,4,1,val,current_repo_v1
6453,258.12,1.2430233160631805,,4,1,val,current_repo_v1
6454,258.16,0.3431015737990542,,4,1,val,current_repo_v1
6455,258.2,-0.566880483710723,,4,1,val,current_repo_v1
6456,258.24,-0.3451794772334143,,4,1,val,current_repo_v1
6457,258.28,0.17812565131329958,,4,1,val,current_repo_v1
6458,258.32,0.021773914399229582,,4,1,val,current_repo_v1
6459,258.36,-0.6222830584826204,,4,1,val,current_repo_v1
6460,258.4,0.18174428824482622,,4,1,val,current_repo_v1
6461,258.44,0.020013890618904788,,4,1,val,current_repo_v1
6462,258.48,-0.08465925323267828,,4,1,val,current_repo_v1
6463,258.52,-0.4403819866494745,,4,1,val,current_repo_v1
6464,258.56,-0.34326053785347294,,4,1,val,current_repo_v1
6465,258.6,0.4228927103432654,,4,1,val,current_repo_v1
6466,258.64,0.06778780795772571,,4,1,val,current_repo_v1
6467,258.68,-0.6668588922508625,,4,1,val,current_repo_v1
6468,258.72,-0.40316394998895877,,4,1,val,current_repo_v1
6469,258.76,-0.34382009390928303,,4,1,val,current_repo_v1
6470,258.8,0.0995890419012579,,4,1,val,current_repo_v1
6471,258.84,0.10964458434889215,,4,1,val,current_repo_v1
6472,258.88,-0.03208292189822398,,4,1,val,current_repo_v1
6473,258.92,0.2613186380039929,,4,1,val,current_repo_v1
6474,258.96,-0.3165831650444214,,4,1,val,current_repo_v1
6475,259.0,-0.11488489044886074,,4,1,val,current_repo_v1
6476,259.04,-0.04891305137850036,,4,1,val,current_repo_v1
6477,259.08,0.18790408882295015,,4,1,val,current_repo_v1
6478,259.12,0.025051344727361625,,4,1,val,current_repo_v1
6479,259.16,-0.20240210482492246,,4,1,val,current_repo_v1
6480,259.2,-0.1860949480247949,,4,1,val,current_repo_v1
6481,259.24,-0.270349627886501,,4,1,val,current_repo_v1
6482,259.28,-0.14593906440366805,,4,1,val,current_repo_v1
6483,259.32,0.24545282369390728,,4,1,val,current_repo_v1
6484,259.36,0.5822445323924229,,4,1,val,current_repo_v1
6485,259.4,0.02534527559540938,,4,1,val,current_repo_v1
6486,259.44,0.0006062084403161534,,4,1,val,current_repo_v1
6487,259.48,0.07532000197437168,,4,1,val,current_repo_v1
6488,259.52,0.010575468532094717,,4,1,val,current_repo_v1
6489,259.56,-0.05054686655069387,,4,1,val,current_repo_v1
6490,259.6,-0.2838787255120736,,4,1,val,current_repo_v1
6491,259.64,-0.9838789580951242,,4,1,val,current_repo_v1
6492,259.68,-1.3345995326889664,,4,1,val,current_repo_v1
6493,259.72,-1.4131001886377752,,4,1,val,current_repo_v1
6494,259.76,-1.5471667443450985,,4,1,val,current_repo_v1
6495,259.8,-1.2917842234006718,,4,1,val,current_repo_v1
6496,259.84,-1.1757600394150742,,4,1,val,current_repo_v1
6497,259.88,-1.2703399369260608,,4,1,val,current_repo_v1
6498,259.92,-1.2718916535117262,,4,1,val,current_repo_v1
6499,259.96,-1.222905011402384,,4,1,val,current_repo_v1
6500,260.0,-1.3375078545234367,,4,1,val,current_repo_v1
6501,260.04,-1.660909159391878,,4,1,val,current_repo_v1
6502,260.08,-1.5306024379096934,,4,1,val,current_repo_v1
6503,260.12,-1.337374765333393,,4,1,val,current_repo_v1
6504,260.16,-1.2524422835469071,,4,1,val,current_repo_v1
6505,260.2,-0.8850347149584884,,4,1,val,current_repo_v1
6506,260.24,-0.7839679469545252,,4,1,val,current_repo_v1
6507,260.28,-0.9566084015975355,,4,1,val,current_repo_v1
6508,260.32,-1.380786391720767,,4,1,val,current_repo_v1
6509,260.36,-1.4612329925259437,,4,1,val,current_repo_v1
6510,260.4,-0.9670425940969647,,4,1,val,current_repo_v1
6511,260.44,-0.6443961504404024,,4,1,val,current_repo_v1
6512,260.48,-1.375650699538749,,4,1,val,current_repo_v1
6513,260.52,-0.6876321120181994,,4,1,val,current_repo_v1
6514,260.56,-0.48035538948551465,,4,1,val,current_repo_v1
6515,260.6,-0.5349422438139693,,4,1,val,current_repo_v1
6516,260.64,-0.686990699649872,,4,1,val,current_repo_v1
6517,260.68,-0.6413151356908899,,4,1,val,current_repo_v1
6518,260.72,-1.6424574415011635,,4,1,val,current_repo_v1
6519,260.76,-1.930359336936734,,4,1,val,current_repo_v1
6520,260.8,-1.6130710899138938,,4,1,val,current_repo_v1
6521,260.84,-1.25487523146859,,4,1,val,current_repo_v1
6522,260.88,-1.2017809142607134,,4,1,val,current_repo_v1
6523,260.92,-1.3334214995378704,,4,1,val,current_repo_v1
6524,260.96,-1.062710915678178,,4,1,val,current_repo_v1
6525,261.0,-0.8970525396066323,,4,1,val,current_repo_v1
6526,261.04,-0.7386222632889233,,4,1,val,current_repo_v1
6527,261.08,-0.40187566601125624,,4,1,val,current_repo_v1
6528,261.12,0.09999032034568044,,4,1,val,current_repo_v1
6529,261.16,-0.9100405586076338,,4,1,val,current_repo_v1
6530,261.2,-1.1246173524270235,,4,1,val,current_repo_v1
6531,261.24,-1.205336721465387,,4,1,val,current_repo_v1
6532,261.28,-1.1199801632500432,,4,1,val,current_repo_v1
6533,261.32,-1.2203580977859256,,4,1,val,current_repo_v1
6534,261.36,-1.1130272221663018,,4,1,val,current_repo_v1
6535,261.4,-1.460007021423871,,4,1,val,current_repo_v1
6536,261.44,-1.8093197578913813,,4,1,val,current_repo_v1
6537,261.48,-1.4443952717933226,,4,1,val,current_repo_v1
6538,261.52,-1.18033546487085,,4,1,val,current_repo_v1
6539,261.56,-0.9472590798161715,,4,1,val,current_repo_v1
6540,261.6,-1.0283628569519914,,4,1,val,current_repo_v1
6541,261.64,-0.9819086566248504,,4,1,val,current_repo_v1
6542,261.68,-1.0451961198428101,,4,1,val,current_repo_v1
6543,261.72,-1.1349471409793117,,4,1,val,current_repo_v1
6544,261.76,-0.42510098949874603,,4,1,val,current_repo_v1
6545,261.8,0.6039457585315017,,4,1,val,current_repo_v1
6546,261.84,1.1866311004111423,,4,1,val,current_repo_v1
6547,261.88,0.7854875541579324,,4,1,val,current_repo_v1
6548,261.92,0.0434317876229896,,4,1,val,current_repo_v1
6549,261.96,-0.18837968885814774,,4,1,val,current_repo_v1
6550,262.0,-0.2013817759033881,,4,1,val,current_repo_v1
6551,262.04,-0.5120229931603786,,4,1,val,current_repo_v1
6552,262.08,-1.1679051929463764,,4,1,val,current_repo_v1
6553,262.12,-0.3257760747242825,,4,1,val,current_repo_v1
6554,262.16,-0.24481396327849586,,4,1,val,current_repo_v1
6555,262.2,-0.24648717220487829,,4,1,val,current_repo_v1
6556,262.24,-0.7547272181994686,,4,1,val,current_repo_v1
6557,262.28,-1.2869866811316095,,4,1,val,current_repo_v1
6558,262.32,-2.135295757129543,,4,1,val,current_repo_v1
6559,262.36,-1.8811154321309091,,4,1,val,current_repo_v1
6560,262.4,-1.4815823296836315,,4,1,val,current_repo_v1
6561,262.44,-1.9434222347587358,,4,1,val,current_repo_v1
6562,262.48,-1.7638576534876926,,4,1,val,current_repo_v1
6563,262.52,-1.7478515463736362,,4,1,val,current_repo_v1
6564,262.56,-1.6541272960631055,,4,1,val,current_repo_v1
6565,262.6,-1.4219846027436271,,4,1,val,current_repo_v1
6566,262.64,-1.460937870477342,,4,1,val,current_repo_v1
6567,262.68,-1.1686972674463454,,4,1,val,current_repo_v1
6568,262.72,-1.2601055074245031,,4,1,val,current_repo_v1
6569,262.76,-1.110444516602618,,4,1,val,current_repo_v1
6570,262.8,-0.9691680155406825,,4,1,val,current_repo_v1
6571,262.84,-2.0348294410344465,,4,1,val,current_repo_v1
6572,262.88,-2.5804885303606806,,4,1,val,current_repo_v1
6573,262.92,-2.071041329878872,,4,1,val,current_repo_v1
6574,262.96,-1.7985841119158628,,4,1,val,current_repo_v1
6575,263.0,-1.5229187984087702,,4,1,val,current_repo_v1
6576,263.04,-1.8224768518488608,,4,1,val,current_repo_v1
6577,263.08,-1.8740335366669116,,4,1,val,current_repo_v1
6578,263.12,-1.2665791982112813,,4,1,val,current_repo_v1
6579,263.16,-1.9694447893708513,,4,1,val,current_repo_v1
6580,263.2,-1.9748727609197418,,4,1,val,current_repo_v1
6581,263.24,-0.7119290296079516,,4,1,val,current_repo_v1
6582,263.28,-0.35781661886008204,,4,1,val,current_repo_v1
6583,263.32,-0.7508464407880379,,4,1,val,current_repo_v1
6584,263.36,-0.5637378344528116,,4,1,val,current_repo_v1
6585,263.4,-0.5463407514835892,,4,1,val,current_repo_v1
6586,263.44,-1.040205921280199,,4,1,val,current_repo_v1
6587,263.48,-0.8378675183685694,,4,1,val,current_repo_v1
6588,263.52,-0.7943511650020396,,4,1,val,current_repo_v1
6589,263.56,-1.127934762004871,,4,1,val,current_repo_v1
6590,263.6,-0.5754639611917091,,4,1,val,current_repo_v1
6591,263.64,-0.6597649799959194,,4,1,val,current_repo_v1
6592,263.68,0.21535635082879032,,4,1,val,current_repo_v1
6593,263.72,0.9842554196050197,,4,1,val,current_repo_v1
6594,263.76,0.4077508430812551,,4,1,val,current_repo_v1
6595,263.8,1.007448536800647,,4,1,val,current_repo_v1
6596,263.84,0.3475823185713302,,4,1,val,current_repo_v1
6597,263.88,-0.1735128510534268,,4,1,val,current_repo_v1
6598,263.92,-0.3264649404955647,,4,1,val,current_repo_v1
6599,263.96,-0.39060207482170894,,4,1,val,current_repo_v1
6600,264.0,-0.4472331403453936,,4,1,val,current_repo_v1
6601,264.04,-0.5409402376559453,,4,1,val,current_repo_v1
6602,264.08,-0.3559303703200252,,4,1,val,current_repo_v1
6603,264.12,-0.4218004744952657,,4,1,val,current_repo_v1
6604,264.16,-0.16546392695031548,,4,1,val,current_repo_v1
6605,264.2,-0.4849015159375597,,4,1,val,current_repo_v1
6606,264.24,-0.39671267762399876,,4,1,val,current_repo_v1
6607,264.28,-0.2570735127832167,,4,1,val,current_repo_v1
6608,264.32,-0.3033310673714278,,4,1,val,current_repo_v1
6609,264.36,-0.11371960091074354,,4,1,val,current_repo_v1
6610,264.4,-0.11833766659245544,,4,1,val,current_repo_v1
6611,264.44,-0.6503903971110084,,4,1,val,current_repo_v1
6612,264.48,-0.7726720988591672,,4,1,val,current_repo_v1
6613,264.52,-0.7821357093673211,,4,1,val,current_repo_v1
6614,264.56,-0.8481590599303207,,4,1,val,current_repo_v1
6615,264.6,-0.9220322822689924,,4,1,val,current_repo_v1
6616,264.64,-1.2209082859133102,,4,1,val,current_repo_v1
6617,264.68,-0.49773179840579823,,4,1,val,current_repo_v1
6618,264.72,-0.7797851992157816,,4,1,val,current_repo_v1
6619,264.76,-1.5385226660581606,,4,1,val,current_repo_v1
6620,264.8,-1.609925921006268,,4,1,val,current_repo_v1
6621,264.84,-0.8091166353605573,,4,1,val,current_repo_v1
6622,264.88,-1.1730951545068586,,4,1,val,current_repo_v1
6623,264.92,-1.6595693518078358,,4,1,val,current_repo_v1
6624,264.96,-0.628458332294247,,4,1,val,current_repo_v1
6625,265.0,-0.6445267845871347,,4,1,val,current_repo_v1
6626,265.04,-1.3382358394716953,,4,1,val,current_repo_v1
6627,265.08,0.06738228568021046,,4,1,val,current_repo_v1
6628,265.12,-0.2674991126310557,,4,1,val,current_repo_v1
6629,265.16,-0.11673371573001812,,4,1,val,current_repo_v1
6630,265.2,-0.7040341271694346,,4,1,val,current_repo_v1
6631,265.24,-0.5642253543693504,,4,1,val,current_repo_v1
6632,265.28,-0.3259194686355942,,4,1,val,current_repo_v1
6633,265.32,0.05619601004422825,,4,1,val,current_repo_v1
6634,265.36,-0.09375796677706177,,4,1,val,current_repo_v1
6635,265.4,-0.6158505865809142,,4,1,val,current_repo_v1
6636,265.44,-1.1779544604971255,,4,1,val,current_repo_v1
6637,265.48,-1.6605768240551864,,4,1,val,current_repo_v1
6638,265.52,-1.6922145795718948,,4,1,val,current_repo_v1
6639,265.56,-1.7878372244262337,,4,1,val,current_repo_v1
6640,265.6,-1.5831328704327634,,4,1,val,current_repo_v1
6641,265.64,-0.700137521189285,,4,1,val,current_repo_v1
6642,265.68,-0.5937616574178294,,4,1,val,current_repo_v1
6643,265.72,-0.4738452606874819,,4,1,val,current_repo_v1
6644,265.76,-1.2907397962908431,,4,1,val,current_repo_v1
6645,265.8,-1.4354249311715686,,4,1,val,current_repo_v1
6646,265.84,-2.2325747809422998,,4,1,val,current_repo_v1
6647,265.88,-1.5048697076211393,,4,1,val,current_repo_v1
6648,265.92,-1.6782017092011534,,4,1,val,current_repo_v1
6649,265.96,-2.1367211035910696,,4,1,val,current_repo_v1
6650,266.0,-1.63099587798228,,4,1,val,current_repo_v1
6651,266.04,-0.8938196352038222,,4,1,val,current_repo_v1
6652,266.08,-1.240509480925024,,4,1,val,current_repo_v1
6653,266.12,-1.2800195266392227,,4,1,val,current_repo_v1
6654,266.16,-0.9348537459632305,,4,1,val,current_repo_v1
6655,266.2,-1.5198514156102767,,4,1,val,current_repo_v1
6656,266.24,-1.049715337728033,,4,1,val,current_repo_v1
6657,266.28,-0.7597680681819797,,4,1,val,current_repo_v1
6658,266.32,-0.588075454076412,,4,1,val,current_repo_v1
6659,266.36,-0.3693382663336939,,4,1,val,current_repo_v1
6660,266.4,-0.37118862601692093,,4,1,val,current_repo_v1
6661,266.44,-0.5307649230130721,,4,1,val,current_repo_v1
6662,266.48,0.08666827008991014,,4,1,val,current_repo_v1
6663,266.52,0.4376099197187916,,4,1,val,current_repo_v1
6664,266.56,-0.3473645303870402,,4,1,val,current_repo_v1
6665,266.6,-0.603343626856158,,4,1,val,current_repo_v1
6666,266.64,-0.2218861845797179,,4,1,val,current_repo_v1
6667,266.68,0.16259029875422057,,4,1,val,current_repo_v1
6668,266.72,0.1987232708774622,,4,1,val,current_repo_v1
6669,266.76,-0.6934645842558589,,4,1,val,current_repo_v1
6670,266.8,-1.1173990082400298,,4,1,val,current_repo_v1
6671,266.84,-0.42502730589619997,,4,1,val,current_repo_v1
6672,266.88,-0.283951601534583,,4,1,val,current_repo_v1
6673,266.92,-0.5691603790638559,,4,1,val,current_repo_v1
6674,266.96,-0.5847320081181822,,4,1,val,current_repo_v1
6675,267.0,-0.5288963120210162,,4,1,val,current_repo_v1
6676,267.04,-0.09217061976017844,,4,1,val,current_repo_v1
6677,267.08,-0.48776496862519253,,4,1,val,current_repo_v1
6678,267.12,-0.5426116699062471,,4,1,val,current_repo_v1
6679,267.16,-0.3444806297728788,,4,1,val,current_repo_v1
6680,267.2,0.12292893676855053,,4,1,val,current_repo_v1
6681,267.24,-0.5142054297546856,,4,1,val,current_repo_v1
6682,267.28,-0.07410612034544785,,4,1,val,current_repo_v1
6683,267.32,-0.1631308928307696,,4,1,val,current_repo_v1
6684,267.36,-0.4336124631436623,,4,1,val,current_repo_v1
6685,267.4,0.4631344558738914,,4,1,val,current_repo_v1
6686,267.44,0.1405139678397079,,4,1,val,current_repo_v1
6687,267.48,0.1186841022765875,,4,1,val,current_repo_v1
6688,267.52,-1.2319449977265007,,4,1,val,current_repo_v1
6689,267.56,-1.0585268112049728,,4,1,val,current_repo_v1
6690,267.6,-1.1437190107312527,,4,1,val,current_repo_v1
6691,267.64,-0.48485073530485373,,4,1,val,current_repo_v1
6692,267.68,-0.10873004841216198,,4,1,val,current_repo_v1
6693,267.72,-0.473669337452293,,4,1,val,current_repo_v1
6694,267.76,-0.31128495545582335,,4,1,val,current_repo_v1
6695,267.8,-0.20808997178121533,,4,1,val,current_repo_v1
6696,267.84,0.5004838696547731,,4,1,val,current_repo_v1
6697,267.88,0.3534366277731814,,4,1,val,current_repo_v1
6698,267.92,0.33707899722076173,,4,1,val,current_repo_v1
6699,267.96,-0.13614402304846346,,4,1,val,current_repo_v1
6700,268.0,0.12087658516655078,,4,1,val,current_repo_v1
6701,268.04,-0.39844577668590087,,4,1,val,current_repo_v1
6702,268.08,0.3116344114892926,,4,1,val,current_repo_v1
6703,268.12,-0.11143925331279023,,4,1,val,current_repo_v1
6704,268.16,-1.1385923634456456,,4,1,val,current_repo_v1
6705,268.2,-0.2266388577019425,,4,1,val,current_repo_v1
6706,268.24,0.5159642421649554,,4,1,val,current_repo_v1
6707,268.28,0.8569744097914364,,4,1,val,current_repo_v1
6708,268.32,-0.6595458996835708,,4,1,val,current_repo_v1
6709,268.36,-0.8039878560636533,,4,1,val,current_repo_v1
6710,268.4,0.17925778161511097,,4,1,val,current_repo_v1
6711,268.44,0.3864115420114118,,4,1,val,current_repo_v1
6712,268.48,0.1489804915797829,,4,1,val,current_repo_v1
6713,268.52,0.8514097957003405,,4,1,val,current_repo_v1
6714,268.56,0.9958741705022411,,4,1,val,current_repo_v1
6715,268.6,0.7762681558528685,,4,1,val,current_repo_v1
6716,268.64,0.5768261225911664,,4,1,val,current_repo_v1
6717,268.68,0.6549306120771851,,4,1,val,current_repo_v1
6718,268.72,0.7649790268234156,,4,1,val,current_repo_v1
6719,268.76,0.6492938326340121,,4,1,val,current_repo_v1
6720,268.8,0.3588604645122843,,4,1,val,current_repo_v1
6721,268.84,-0.8788314665743915,,4,1,val,current_repo_v1
6722,268.88,-0.3054910532407153,,4,1,val,current_repo_v1
6723,268.92,0.3463060836877748,,4,1,val,current_repo_v1
6724,268.96,0.3417609909381767,,4,1,val,current_repo_v1
6725,269.0,0.3196948678353276,,4,1,val,current_repo_v1
6726,269.04,0.8503549669596395,,4,1,val,current_repo_v1
6727,269.08,0.3325013105408835,,4,1,val,current_repo_v1
6728,269.12,0.9881053151558481,,4,1,val,current_repo_v1
6729,269.16,0.9074611479704997,,4,1,val,current_repo_v1
6730,269.2,0.2254438815216772,,4,1,val,current_repo_v1
6731,269.24,-0.09130079953007887,,4,1,val,current_repo_v1
6732,269.28,0.29530666139822986,,4,1,val,current_repo_v1
6733,269.32,0.7251224969702827,,4,1,val,current_repo_v1
6734,269.36,0.956264953959539,,4,1,val,current_repo_v1
6735,269.4,0.7603643206746562,,4,1,val,current_repo_v1
6736,269.44,1.067735291027941,,4,1,val,current_repo_v1
6737,269.48,0.4762699712927909,,4,1,val,current_repo_v1
6738,269.52,0.3364475988448892,,4,1,val,current_repo_v1
6739,269.56,0.4966573616218068,,4,1,val,current_repo_v1
6740,269.6,0.023161853753457574,,4,1,val,current_repo_v1
6741,269.64,0.4760736324342749,,4,1,val,current_repo_v1
6742,269.68,0.8284670283160819,,4,1,val,current_repo_v1
6743,269.72,0.6687903652729731,,4,1,val,current_repo_v1
6744,269.76,1.0815224266268313,,4,1,val,current_repo_v1
6745,269.8,1.4927656980314816,,4,1,val,current_repo_v1
6746,269.84,1.2643001427413867,,4,1,val,current_repo_v1
6747,269.88,0.8289599751704673,,4,1,val,current_repo_v1
6748,269.92,0.3254066553123067,,4,1,val,current_repo_v1
6749,269.96,0.3199897960647206,,4,1,val,current_repo_v1
6750,270.0,0.2858607207412784,,4,1,val,current_repo_v1
6751,270.04,0.3167948479236342,,4,1,val,current_repo_v1
6752,270.08,0.6224496783957868,,4,1,val,current_repo_v1
6753,270.12,0.7523361352268867,,4,1,val,current_repo_v1
6754,270.16,1.2678310118745277,,4,1,val,current_repo_v1
6755,270.2,0.9739956643935119,,4,1,val,current_repo_v1
6756,270.24,0.9082184642256903,,4,1,val,current_repo_v1
6757,270.28,0.6235371979763724,,4,1,val,current_repo_v1
6758,270.32,0.20583524062202527,,4,1,val,current_repo_v1
6759,270.36,-0.19211497265017144,,4,1,val,current_repo_v1
6760,270.4,0.04410291893666647,,4,1,val,current_repo_v1
6761,270.44,0.48333439072479467,,4,1,val,current_repo_v1
6762,270.48,0.32857178759843914,,4,1,val,current_repo_v1
6763,270.52,0.3227388954191605,,4,1,val,current_repo_v1
6764,270.56,0.7215003389897962,,4,1,val,current_repo_v1
6765,270.6,0.9843668010436777,,4,1,val,current_repo_v1
6766,270.64,0.6880585142775628,,4,1,val,current_repo_v1
6767,270.68,0.46470235636349166,,4,1,val,current_repo_v1
6768,270.72,0.622654609905893,,4,1,val,current_repo_v1
6769,270.76,0.5726183075680845,,4,1,val,current_repo_v1
6770,270.8,0.20372135142123105,,4,1,val,current_repo_v1
6771,270.84,0.31438470606218677,,4,1,val,current_repo_v1
6772,270.88,0.22240227667795426,,4,1,val,current_repo_v1
6773,270.92,0.11805841349157423,,4,1,val,current_repo_v1
6774,270.96,0.03832931120788002,,4,1,val,current_repo_v1
6775,271.0,0.1080920521073898,,4,1,val,current_repo_v1
6776,271.04,0.5103756914015726,,4,1,val,current_repo_v1
6777,271.08,0.3374505163408329,,4,1,val,current_repo_v1
6778,271.12,0.014209683682528788,,4,1,val,current_repo_v1
6779,271.16,-0.25957287608711577,,4,1,val,current_repo_v1
6780,271.2,-0.34727999290880124,,4,1,val,current_repo_v1
6781,271.24,-1.0828971216684578,,4,1,val,current_repo_v1
6782,271.28,-1.4356164245498646,,4,1,val,current_repo_v1
6783,271.32,-0.8692871626689732,,4,1,val,current_repo_v1
6784,271.36,-1.404719058410778,,4,1,val,current_repo_v1
6785,271.4,-1.1211549660809923,,4,1,val,current_repo_v1
6786,271.44,-0.8585382077744502,,4,1,val,current_repo_v1
6787,271.48,-1.0284215195658553,,4,1,val,current_repo_v1
6788,271.52,-0.7098045772602776,,4,1,val,current_repo_v1
6789,271.56,-0.4567678501999762,,4,1,val,current_repo_v1
6790,271.6,-0.7896321841189451,,4,1,val,current_repo_v1
6791,271.64,-0.20478579036436848,,4,1,val,current_repo_v1
6792,271.68,-0.37957957641716406,,4,1,val,current_repo_v1
6793,271.72,-1.0923026510203742,,4,1,val,current_repo_v1
6794,271.76,-0.7093538829934111,,4,1,val,current_repo_v1
6795,271.8,-0.41962672746215324,,4,1,val,current_repo_v1
6796,271.84,-0.2265871241247932,,4,1,val,current_repo_v1
6797,271.88,-0.0865217104648547,,4,1,val,current_repo_v1
6798,271.92,-0.1304106651087048,,4,1,val,current_repo_v1
6799,271.96,0.09124731350425,,4,1,val,current_repo_v1
6800,272.0,0.30381299883411284,,4,1,val,current_repo_v1
6801,272.04,0.6523025528186417,,4,1,val,current_repo_v1
6802,272.08,0.9105051432511312,,4,1,val,current_repo_v1
6803,272.12,0.21849202259518494,,4,1,val,current_repo_v1
6804,272.16,-0.8822340919977087,,4,1,val,current_repo_v1
6805,272.2,0.09404470614488296,,4,1,val,current_repo_v1
6806,272.24,0.3061177353491737,,4,1,val,current_repo_v1
6807,272.28,-0.972461133111027,,4,1,val,current_repo_v1
6808,272.32,-1.4722544572280416,,4,1,val,current_repo_v1
6809,272.36,-1.6613244493499368,,4,1,val,current_repo_v1
6810,272.4,-0.5311256205606518,,4,1,val,current_repo_v1
6811,272.44,0.2726909316256224,,4,1,val,current_repo_v1
6812,272.48,-0.0589259455243979,,4,1,val,current_repo_v1
6813,272.52,0.1506491619063592,,4,1,val,current_repo_v1
6814,272.56,0.6379035945839677,,4,1,val,current_repo_v1
6815,272.6,0.5219084834796905,,4,1,val,current_repo_v1
6816,272.64,0.3846441692527533,,4,1,val,current_repo_v1
6817,272.68,0.9114076300937142,,4,1,val,current_repo_v1
6818,272.72,1.3236543035423303,,4,1,val,current_repo_v1
6819,272.76,0.4228735222415941,,4,1,val,current_repo_v1
6820,272.8,-0.2278608716618356,,4,1,val,current_repo_v1
6821,272.84,-0.4644543000794271,,4,1,val,current_repo_v1
6822,272.88,-1.0038055109520128,,4,1,val,current_repo_v1
6823,272.92,-0.8943939861259042,,4,1,val,current_repo_v1
6824,272.96,-1.1089624457193155,,4,1,val,current_repo_v1
6825,273.0,-0.3463559598308398,,4,1,val,current_repo_v1
6826,273.04,0.11732518734887755,,4,1,val,current_repo_v1
6827,273.08,0.31201623533063166,,4,1,val,current_repo_v1
6828,273.12,-0.1984980529568348,,4,1,val,current_repo_v1
6829,273.16,-0.5722422983030094,,4,1,val,current_repo_v1
6830,273.2,0.007818689596243577,,4,1,val,current_repo_v1
6831,273.24,0.05746983026347396,,4,1,val,current_repo_v1
6832,273.28,-0.6023668426502011,,4,1,val,current_repo_v1
6833,273.32,-0.4002694862279177,,4,1,val,current_repo_v1
6834,273.36,-0.7840375926568879,,4,1,val,current_repo_v1
6835,273.4,-0.5741719623458378,,4,1,val,current_repo_v1
6836,273.44,-0.6369886387056185,,4,1,val,current_repo_v1
6837,273.48,0.7107688278240654,,4,1,val,current_repo_v1
6838,273.52,-0.7112746313526346,,4,1,val,current_repo_v1
6839,273.56,-0.42168260011311287,,4,1,val,current_repo_v1
6840,273.6,-0.5162788430440418,,4,1,val,current_repo_v1
6841,273.64,-0.5631786014290161,,4,1,val,current_repo_v1
6842,273.68,-0.05074160640073724,,4,1,val,current_repo_v1
6843,273.72,0.6536869388207083,,4,1,val,current_repo_v1
6844,273.76,1.0502215935014227,,4,1,val,current_repo_v1
6845,273.8,1.0906978279714972,,4,1,val,current_repo_v1
6846,273.84,0.9116062947827358,,4,1,val,current_repo_v1
6847,273.88,0.8014255015168937,,4,1,val,current_repo_v1
6848,273.92,0.4535593670174751,,4,1,val,current_repo_v1
6849,273.96,0.11418697978116778,,4,1,val,current_repo_v1
6850,274.0,0.04487841381848263,,4,1,val,current_repo_v1
6851,274.04,0.6414323317058119,,4,1,val,current_repo_v1
6852,274.08,0.37773474058138784,,4,1,val,current_repo_v1
6853,274.12,-0.20774003119972412,,4,1,val,current_repo_v1
6854,274.16,0.15351038567309083,,4,1,val,current_repo_v1
6855,274.2,0.34026438361421396,,4,1,val,current_repo_v1
6856,274.24,0.0015244107904128239,,4,1,val,current_repo_v1
6857,274.28,0.3246858093715722,,4,1,val,current_repo_v1
6858,274.32,0.9347038591084239,,4,1,val,current_repo_v1
6859,274.36,1.168584206241211,,4,1,val,current_repo_v1
6860,274.4,0.6159574455713668,,4,1,val,current_repo_v1
6861,274.44,0.2860274375640492,,4,1,val,current_repo_v1
6862,274.48,-0.5073489137273229,,4,1,val,current_repo_v1
6863,274.52,-0.030993882048219377,,4,1,val,current_repo_v1
6864,274.56,0.033987482315612355,,4,1,val,current_repo_v1
6865,274.6,-0.1839285661216169,,4,1,val,current_repo_v1
6866,274.64,-0.21680749139668834,,4,1,val,current_repo_v1
6867,274.68,0.21037761990270018,,4,1,val,current_repo_v1
6868,274.72,0.3304873997486294,,4,1,val,current_repo_v1
6869,274.76,0.42869155494819794,,4,1,val,current_repo_v1
6870,274.8,0.5513629948220552,,4,1,val,current_repo_v1
6871,274.84,-0.3409381314872097,,4,1,val,current_repo_v1
6872,274.88,-0.796735012057493,,4,1,val,current_repo_v1
6873,274.92,-0.034896240017180134,,4,1,val,current_repo_v1
6874,274.96,0.09977232219058088,,4,1,val,current_repo_v1
6875,275.0,-0.43512887233012426,,4,1,val,current_repo_v1
6876,275.04,-0.3651675999922989,,4,1,val,current_repo_v1
6877,275.08,-0.05525703673558835,,4,1,val,current_repo_v1
6878,275.12,0.02513877738003205,,4,1,val,current_repo_v1
6879,275.16,-0.023396710141822683,,4,1,val,current_repo_v1
6880,275.2,1.1426258703936119,,4,1,val,current_repo_v1
6881,275.24,0.5573560139710054,,4,1,val,current_repo_v1
6882,275.28,0.4705995642168909,,4,1,val,current_repo_v1
6883,275.32,0.2331695313361082,,4,1,val,current_repo_v1
6884,275.36,-0.01023972520764821,,4,1,val,current_repo_v1
6885,275.4,-0.1432553951837994,,4,1,val,current_repo_v1
6886,275.44,-0.22434269768687112,,4,1,val,current_repo_v1
6887,275.48,-0.5882582901967148,,4,1,val,current_repo_v1
6888,275.52,-1.1602609633512426,,4,1,val,current_repo_v1
6889,275.56,-0.9126875475422368,,4,1,val,current_repo_v1
6890,275.6,-0.6607241266538755,,4,1,val,current_repo_v1
6891,275.64,-0.540781435117534,,4,1,val,current_repo_v1
6892,275.68,-0.6217037974739155,,4,1,val,current_repo_v1
6893,275.72,-0.9231902228287758,,4,1,val,current_repo_v1
6894,275.76,-0.8710665522185774,,4,1,val,current_repo_v1
6895,275.8,-0.5856103967724708,,4,1,val,current_repo_v1
6896,275.84,-0.6140879946960728,,4,1,val,current_repo_v1
6897,275.88,-0.1259725767139659,,4,1,val,current_repo_v1
6898,275.92,-0.09625988203387675,,4,1,val,current_repo_v1
6899,275.96,-0.16538764294005134,,4,1,val,current_repo_v1
6900,276.0,0.1307833794472302,,4,1,val,current_repo_v1
6901,276.04,-0.030455581498974503,,4,1,val,current_repo_v1
6902,276.08,-0.38708661431566765,,4,1,val,current_repo_v1
6903,276.12,-0.24890706963316872,,4,1,val,current_repo_v1
6904,276.16,0.01657382578508732,,4,1,val,current_repo_v1
6905,276.2,0.5487729887348399,,4,1,val,current_repo_v1
6906,276.24,0.4348399847994055,,4,1,val,current_repo_v1
6907,276.28,0.22026866637266446,,4,1,val,current_repo_v1
6908,276.32,-0.48713457164856544,,4,1,val,current_repo_v1
6909,276.36,-0.772782640414587,,4,1,val,current_repo_v1
6910,276.4,-0.22017652149048006,,4,1,val,current_repo_v1
6911,276.44,0.13088135505727938,,4,1,val,current_repo_v1
6912,276.48,-0.3776133774534766,,4,1,val,current_repo_v1
6913,276.52,-0.5534986886838397,,4,1,val,current_repo_v1
6914,276.56,-0.31875361715098427,,4,1,val,current_repo_v1
6915,276.6,-0.0795195393020777,,4,1,val,current_repo_v1
6916,276.64,-0.3575182664913335,,4,1,val,current_repo_v1
6917,276.68,0.06589804240660918,,4,1,val,current_repo_v1
6918,276.72,0.09047499241197797,,4,1,val,current_repo_v1
6919,276.76,-0.5688860602769986,,4,1,val,current_repo_v1
6920,276.8,-0.9051349298264634,,4,1,val,current_repo_v1
6921,276.84,-1.3436639402333919,,4,1,val,current_repo_v1
6922,276.88,-1.903157198619852,,4,1,val,current_repo_v1
6923,276.92,-1.912406897327892,,4,1,val,current_repo_v1
6924,276.96,-2.0017759008038456,,4,1,val,current_repo_v1
6925,277.0,-1.6934074721956653,,4,1,val,current_repo_v1
6926,277.04,-1.5447533075571014,,4,1,val,current_repo_v1
6927,277.08,-1.4403341133049006,,4,1,val,current_repo_v1
6928,277.12,-1.0462077268999483,,4,1,val,current_repo_v1
6929,277.16,-1.1861307884268224,,4,1,val,current_repo_v1
6930,277.2,-0.9697158778375616,,4,1,val,current_repo_v1
6931,277.24,-1.5421377819407271,,4,1,val,current_repo_v1
6932,277.28,-1.74021364820599,,4,1,val,current_repo_v1
6933,277.32,-1.4897704159786622,,4,1,val,current_repo_v1
6934,277.36,-1.5435418082892858,,4,1,val,current_repo_v1
6935,277.4,-1.6698893201868779,,4,1,val,current_repo_v1
6936,277.44,-0.9529229939485767,,4,1,val,current_repo_v1
6937,277.48,-0.28963945233927507,,4,1,val,current_repo_v1
6938,277.52,-0.4607476692271046,,4,1,val,current_repo_v1
6939,277.56,-1.1016736805531238,,4,1,val,current_repo_v1
6940,277.6,-0.8662760520474351,,4,1,val,current_repo_v1
6941,277.64,-0.6083282692681167,,4,1,val,current_repo_v1
6942,277.68,-0.2811157357810029,,4,1,val,current_repo_v1
6943,277.72,-0.10946614146398884,,4,1,val,current_repo_v1
6944,277.76,-0.049067525287915206,,4,1,val,current_repo_v1
6945,277.8,-0.30149056016464815,,4,1,val,current_repo_v1
6946,277.84,-0.4091629775333818,,4,1,val,current_repo_v1
6947,277.88,0.00016811242202168755,,4,1,val,current_repo_v1
6948,277.92,-0.09821629312751973,,4,1,val,current_repo_v1
6949,277.96,0.061530948372894204,,4,1,val,current_repo_v1
6950,278.0,-0.10495612999118381,,4,1,val,current_repo_v1
6951,278.04,-0.39463351436478145,,4,1,val,current_repo_v1
6952,278.08,-1.3093636256389736,,4,1,val,current_repo_v1
6953,278.12,-1.3259779374302494,,4,1,val,current_repo_v1
6954,278.16,-1.2674926035359602,,4,1,val,current_repo_v1
6955,278.2,-0.8920667342794208,,4,1,val,current_repo_v1
6956,278.24,-1.0711657618109227,,4,1,val,current_repo_v1
6957,278.28,-0.9801740393124794,,4,1,val,current_repo_v1
6958,278.32,-1.1504579754084772,,4,1,val,current_repo_v1
6959,278.36,-0.7532925038095165,,4,1,val,current_repo_v1
6960,278.4,0.1430596377829098,,4,1,val,current_repo_v1
6961,278.44,1.147913775260942,,4,1,val,current_repo_v1
6962,278.48,0.9461720770868094,,4,1,val,current_repo_v1
6963,278.52,1.100861836493857,,4,1,val,current_repo_v1
6964,278.56,1.1272553610716187,,4,1,val,current_repo_v1
6965,278.6,0.9930107501178098,,4,1,val,current_repo_v1
6966,278.64,0.3750376493813097,,4,1,val,current_repo_v1
6967,278.68,-0.635268105589087,,4,1,val,current_repo_v1
6968,278.72,-0.5644581312391211,,4,1,val,current_repo_v1
6969,278.76,0.1770243221140869,,4,1,val,current_repo_v1
6970,278.8,-0.08209179478008691,,4,1,val,current_repo_v1
6971,278.84,-0.3746005224590592,,4,1,val,current_repo_v1
6972,278.88,-0.18596783492702254,,4,1,val,current_repo_v1
6973,278.92,0.6731618283146864,,4,1,val,current_repo_v1
6974,278.96,0.693214557476505,,4,1,val,current_repo_v1
6975,279.0,0.3700128863931292,,4,1,val,current_repo_v1
6976,279.04,0.3559452620959015,,4,1,val,current_repo_v1
6977,279.08,1.3534222205453272,,4,1,val,current_repo_v1
6978,279.12,0.8626855512043861,,4,1,val,current_repo_v1
6979,279.16,-0.27824782525156766,,4,1,val,current_repo_v1
6980,279.2,-0.9831003863333683,,4,1,val,current_repo_v1
6981,279.24,-0.935264384260278,,4,1,val,current_repo_v1
6982,279.28,-0.5224045960478196,,4,1,val,current_repo_v1
6983,279.32,-0.40818797000350554,,4,1,val,current_repo_v1
6984,279.36,-0.5077882372672732,,4,1,val,current_repo_v1
6985,279.4,-0.34664232771184406,,4,1,val,current_repo_v1
6986,279.44,-0.44868975630594027,,4,1,val,current_repo_v1
6987,279.48,-0.06557890292771668,,4,1,val,current_repo_v1
6988,279.52,-0.3166296816545338,,4,1,val,current_repo_v1
6989,279.56,-0.6146744270155033,,4,1,val,current_repo_v1
6990,279.6,-0.6199180764968237,,4,1,val,current_repo_v1
6991,279.64,-0.45441708162282496,,4,1,val,current_repo_v1
6992,279.68,0.13098758413530337,,4,1,val,current_repo_v1
6993,279.72,-0.06518679051671038,,4,1,val,current_repo_v1
6994,279.76,-0.0931274244360281,,4,1,val,current_repo_v1
6995,279.8,-0.2312307577904662,,4,1,val,current_repo_v1
6996,279.84,-0.15805179585772172,,4,1,val,current_repo_v1
6997,279.88,-0.3666683744292509,,4,1,val,current_repo_v1
6998,279.92,0.1756877933049935,,4,1,val,current_repo_v1
6999,279.96,0.2966284114926521,,4,1,val,current_repo_v1
7000,280.0,-0.4039453644324437,,4,1,val,current_repo_v1
7001,280.04,-0.5160845392872182,,4,1,val,current_repo_v1
7002,280.08,0.04357928404088758,,4,1,val,current_repo_v1
7003,280.12,-0.2120083985739558,,4,1,val,current_repo_v1
7004,280.16,-0.21207956252678742,,4,1,val,current_repo_v1
7005,280.2,-0.07667913494869154,,4,1,val,current_repo_v1
7006,280.24,-0.5921422333218894,,4,1,val,current_repo_v1
7007,280.28,-0.23981378302663167,,4,1,val,current_repo_v1
7008,280.32,-0.3449954458946572,,4,1,val,current_repo_v1
7009,280.36,-0.15355648234158414,,4,1,val,current_repo_v1
7010,280.4,-0.7549703967001117,,4,1,val,current_repo_v1
7011,280.44,-0.643947329759221,,4,1,val,current_repo_v1
7012,280.48,0.6038443910852984,,4,1,val,current_repo_v1
7013,280.52,-0.608707896491756,,4,1,val,current_repo_v1
7014,280.56,-0.9210142791779636,,4,1,val,current_repo_v1
7015,280.6,-1.251090459171919,,4,1,val,current_repo_v1
7016,280.64,-1.4063837069887717,,4,1,val,current_repo_v1
7017,280.68,-2.0008446641119573,,4,1,val,current_repo_v1
7018,280.72,-2.1693026294418356,,4,1,val,current_repo_v1
7019,280.76,-2.2922191537052226,,4,1,val,current_repo_v1
7020,280.8,-2.3220649860301577,,4,1,val,current_repo_v1
7021,280.84,-2.3553119578311423,,4,1,val,current_repo_v1
7022,280.88,-2.6635144771965886,,4,1,val,current_repo_v1
7023,280.92,-2.01534621731449,,4,1,val,current_repo_v1
7024,280.96,-2.1052137237954813,,4,1,val,current_repo_v1
7025,281.0,-2.1335926031354004,,4,1,val,current_repo_v1
7026,281.04,-1.8135624603720475,,4,1,val,current_repo_v1
7027,281.08,-1.5324298946230803,,4,1,val,current_repo_v1
7028,281.12,-1.9068423478431993,,4,1,val,current_repo_v1
7029,281.16,-1.8902107215359372,,4,1,val,current_repo_v1
7030,281.2,-2.133023549938359,,4,1,val,current_repo_v1
7031,281.24,-1.8718888625151195,,4,1,val,current_repo_v1
7032,281.28,-1.6891488765398774,,4,1,val,current_repo_v1
7033,281.32,-1.9676024731847894,,4,1,val,current_repo_v1
7034,281.36,-2.2336299327150155,,4,1,val,current_repo_v1
7035,281.4,-1.972557009012981,,4,1,val,current_repo_v1
7036,281.44,-2.0020630116584837,,4,1,val,current_repo_v1
7037,281.48,-2.4624696882909034,,4,1,val,current_repo_v1
7038,281.52,-2.3200818278857,,4,1,val,current_repo_v1
7039,281.56,-2.63500832324289,,4,1,val,current_repo_v1
7040,281.6,-1.7679808341229313,,4,1,val,current_repo_v1
7041,281.64,-0.08509846371142335,,4,1,val,current_repo_v1
7042,281.68,-0.07510781031973579,,4,1,val,current_repo_v1
7043,281.72,0.22178308891223622,,4,1,val,current_repo_v1
7044,281.76,0.6087032448307448,,4,1,val,current_repo_v1
7045,281.8,0.8751901204922335,,4,1,val,current_repo_v1
7046,281.84,1.2502782274742346,,4,1,val,current_repo_v1
7047,281.88,0.6702796720734042,,4,1,val,current_repo_v1
7048,281.92,0.5830685224554413,,4,1,val,current_repo_v1
7049,281.96,0.8332387280239705,,4,1,val,current_repo_v1
7050,282.0,-0.8994574483494421,,4,1,val,current_repo_v1
7051,282.04,-1.4184567055050212,,4,1,val,current_repo_v1
7052,282.08,-1.55570564340806,,4,1,val,current_repo_v1
7053,282.12,-2.1136376234612206,,4,1,val,current_repo_v1
7054,282.16,-1.9092920934296451,,4,1,val,current_repo_v1
7055,282.2,-1.6663218838296763,,4,1,val,current_repo_v1
7056,282.24,-1.2165184100467608,,4,1,val,current_repo_v1
7057,282.28,0.1137818976347725,,4,1,val,current_repo_v1
7058,282.32,0.022495915179416504,,4,1,val,current_repo_v1
7059,282.36,0.6233128199389831,,4,1,val,current_repo_v1
7060,282.4,0.9936855639964539,,4,1,val,current_repo_v1
7061,282.44,-0.020080455403427577,,4,1,val,current_repo_v1
7062,282.48,-0.086138529889054,,4,1,val,current_repo_v1
7063,282.52,-0.5252584869878182,,4,1,val,current_repo_v1
7064,282.56,-0.782103664591466,,4,1,val,current_repo_v1
7065,282.6,-0.5886461870399298,,4,1,val,current_repo_v1
7066,282.64,-0.8637886409280787,,4,1,val,current_repo_v1
7067,282.68,-0.6634158878257116,,4,1,val,current_repo_v1
7068,282.72,-0.10094029289441983,,4,1,val,current_repo_v1
7069,282.76,0.0249552951956999,,4,1,val,current_repo_v1
7070,282.8,-0.7125874334602504,,4,1,val,current_repo_v1
7071,282.84,0.37728420783052863,,4,1,val,current_repo_v1
7072,282.88,0.8427239170707044,,4,1,val,current_repo_v1
7073,282.92,-0.3743567625007898,,4,1,val,current_repo_v1
7074,282.96,-1.4372162082993127,,4,1,val,current_repo_v1
7075,283.0,-0.6485318647178102,,4,1,val,current_repo_v1
7076,283.04,-0.6717452683239588,,4,1,val,current_repo_v1
7077,283.08,-0.896546865290869,,4,1,val,current_repo_v1
7078,283.12,-0.9640510592155155,,4,1,val,current_repo_v1
7079,283.16,-0.799637842347714,,4,1,val,current_repo_v1
7080,283.2,-0.8909281756405175,,4,1,val,current_repo_v1
7081,283.24,-0.7220409007631438,,4,1,val,current_repo_v1
7082,283.28,0.25061256560941736,,4,1,val,current_repo_v1
7083,283.32,0.6306123097680617,,4,1,val,current_repo_v1
7084,283.36,0.6628934804515885,,4,1,val,current_repo_v1
7085,283.4,0.5594741994975948,,4,1,val,current_repo_v1
7086,283.44,0.4091504761944141,,4,1,val,current_repo_v1
7087,283.48,-0.051029637896617096,,4,1,val,current_repo_v1
7088,283.52,0.7974861907044049,,4,1,val,current_repo_v1
7089,283.56,0.6445053998677636,,4,1,val,current_repo_v1
7090,283.6,0.5269236847202369,,4,1,val,current_repo_v1
7091,283.64,-0.03423016415453283,,4,1,val,current_repo_v1
7092,283.68,0.6031443807095102,,4,1,val,current_repo_v1
7093,283.72,-0.17045360866170292,,4,1,val,current_repo_v1
7094,283.76,-1.260008080968879,,4,1,val,current_repo_v1
7095,283.8,-2.012139026260048,,4,1,val,current_repo_v1
7096,283.84,-1.8640788528900576,,4,1,val,current_repo_v1
7097,283.88,-1.4901043018690245,,4,1,val,current_repo_v1
7098,283.92,-1.4867563980689922,,4,1,val,current_repo_v1
7099,283.96,-1.624335474691023,,4,1,val,current_repo_v1
7100,284.0,-1.402496210511436,,4,1,val,current_repo_v1
7101,284.04,-0.7504971785737775,,4,1,val,current_repo_v1
7102,284.08,-1.007444725022874,,4,1,val,current_repo_v1
7103,284.12,-1.515269271088596,,4,1,val,current_repo_v1
7104,284.16,-2.2104295149958566,,4,1,val,current_repo_v1
7105,284.2,-2.538810164551216,,4,1,val,current_repo_v1
7106,284.24,-2.5422627307240013,,4,1,val,current_repo_v1
7107,284.28,-2.086572192292947,,4,1,val,current_repo_v1
7108,284.32,-1.7002916720666852,,4,1,val,current_repo_v1
7109,284.36,-1.5380935503298738,,4,1,val,current_repo_v1
7110,284.4,-0.8540195713468536,,4,1,val,current_repo_v1
7111,284.44,0.25098198502139313,,4,1,val,current_repo_v1
7112,284.48,-0.5125556083461652,,4,1,val,current_repo_v1
7113,284.52,-0.6886508257796604,,4,1,val,current_repo_v1
7114,284.56,-1.3306483342983377,,4,1,val,current_repo_v1
7115,284.6,-0.30393397432360647,,4,1,val,current_repo_v1
7116,284.64,0.9168242955220914,,4,1,val,current_repo_v1
7117,284.68,0.40030049730132594,,4,1,val,current_repo_v1
7118,284.72,-0.8246000120684761,,4,1,val,current_repo_v1
7119,284.76,-1.5653092559913717,,4,1,val,current_repo_v1
7120,284.8,-1.476008606089722,,4,1,val,current_repo_v1
7121,284.84,-0.6595418294801859,,4,1,val,current_repo_v1
7122,284.88,0.2541665315316072,,4,1,val,current_repo_v1
7123,284.92,0.17521330773024657,,4,1,val,current_repo_v1
7124,284.96,0.7542970041623321,,4,1,val,current_repo_v1
7125,285.0,0.507920228148467,,4,1,val,current_repo_v1
7126,285.04,0.8666388816063115,,4,1,val,current_repo_v1
7127,285.08,0.08655285075106882,,4,1,val,current_repo_v1
7128,285.12,-0.12117928231589663,,4,1,val,current_repo_v1
7129,285.16,-0.3412465947580174,,4,1,val,current_repo_v1
7130,285.2,-0.2005388077095079,,4,1,val,current_repo_v1
7131,285.24,0.35950077857176177,,4,1,val,current_repo_v1
7132,285.28,-0.8872261641460047,,4,1,val,current_repo_v1
7133,285.32,-0.23375935549169286,,4,1,val,current_repo_v1
7134,285.36,-0.35828779335667865,,4,1,val,current_repo_v1
7135,285.4,0.012445945034035299,,4,1,val,current_repo_v1
7136,285.44,0.5315617783868583,,4,1,val,current_repo_v1
7137,285.48,0.4298193243178113,,4,1,val,current_repo_v1
7138,285.52,0.5137996046346566,,4,1,val,current_repo_v1
7139,285.56,0.8043216127412096,,4,1,val,current_repo_v1
7140,285.6,0.8916532533006443,,4,1,val,current_repo_v1
7141,285.64,1.0390541829350972,,4,1,val,current_repo_v1
7142,285.68,-0.09249838419386262,,4,1,val,current_repo_v1
7143,285.72,-2.053927998231335,,4,1,val,current_repo_v1
7144,285.76,-1.6724952840556178,,4,1,val,current_repo_v1
7145,285.8,-1.4921100722545089,,4,1,val,current_repo_v1
7146,285.84,-0.9185192445030611,,4,1,val,current_repo_v1
7147,285.88,-0.5735449572053648,,4,1,val,current_repo_v1
7148,285.92,0.14677981982824775,,4,1,val,current_repo_v1
7149,285.96,-0.9437612891613326,,4,1,val,current_repo_v1
7150,286.0,-1.7050507089195988,,4,1,val,current_repo_v1
7151,286.04,-1.4109602953598002,,4,1,val,current_repo_v1
7152,286.08,-0.38896594997061057,,4,1,val,current_repo_v1
7153,286.12,-0.17929019787778303,,4,1,val,current_repo_v1
7154,286.16,-0.03739977850986882,,4,1,val,current_repo_v1
7155,286.2,0.7532945066080075,,4,1,val,current_repo_v1
7156,286.24,0.009387574828751038,,4,1,val,current_repo_v1
7157,286.28,-0.22709933983885355,,4,1,val,current_repo_v1
7158,286.32,0.38022819239941846,,4,1,val,current_repo_v1
7159,286.36,0.29717155752211705,,4,1,val,current_repo_v1
7160,286.4,0.3646822766934598,,4,1,val,current_repo_v1
7161,286.44,0.5119308644297949,,4,1,val,current_repo_v1
7162,286.48,0.7040360653615225,,4,1,val,current_repo_v1
7163,286.52,1.3419260279944711,,4,1,val,current_repo_v1
7164,286.56,0.5402977592819697,,4,1,val,current_repo_v1
7165,286.6,0.07118973886221147,,4,1,val,current_repo_v1
7166,286.64,0.288621287732239,,4,1,val,current_repo_v1
7167,286.68,0.9866300925512564,,4,1,val,current_repo_v1
7168,286.72,-0.14736557378044754,,4,1,val,current_repo_v1
7169,286.76,-0.6834772742455232,,4,1,val,current_repo_v1
7170,286.8,-1.1290985817473216,,4,1,val,current_repo_v1
7171,286.84,-1.4208100583382897,,4,1,val,current_repo_v1
7172,286.88,-0.8830531073677013,,4,1,val,current_repo_v1
7173,286.92,0.2151981297480053,,4,1,val,current_repo_v1
7174,286.96,-0.6480292915093878,,4,1,val,current_repo_v1
7175,287.0,-0.6238369070795825,,4,1,val,current_repo_v1
7176,287.04,-0.9147665169822452,,4,1,val,current_repo_v1
7177,287.08,-0.19320313829478636,,4,1,val,current_repo_v1
7178,287.12,-0.5699448946146816,,4,1,val,current_repo_v1
7179,287.16,-1.3205763252937557,,4,1,val,current_repo_v1
7180,287.2,-1.4288742295524934,,4,1,val,current_repo_v1
7181,287.24,-0.39643399790494355,,4,1,val,current_repo_v1
7182,287.28,0.5883485453416135,,4,1,val,current_repo_v1
7183,287.32,0.6874137423762829,,4,1,val,current_repo_v1
7184,287.36,0.37202944604790356,,4,1,val,current_repo_v1
7185,287.4,-0.28901916626470714,,4,1,val,current_repo_v1
7186,287.44,-0.5503721910266617,,4,1,val,current_repo_v1
7187,287.48,-0.8366246203889279,,4,1,val,current_repo_v1
7188,287.52,0.0918420962012598,,4,1,val,current_repo_v1
7189,287.56,-0.3054301294027487,,4,1,val,current_repo_v1
7190,287.6,0.030921922629051614,,4,1,val,current_repo_v1
7191,287.64,0.33602265022959177,,4,1,val,current_repo_v1
7192,287.68,-0.25740009815004733,,4,1,val,current_repo_v1
7193,287.72,-0.16663396505904832,,4,1,val,current_repo_v1
7194,287.76,-0.2588373967961168,,4,1,val,current_repo_v1
7195,287.8,-0.9279814982767535,,4,1,val,current_repo_v1
7196,287.84,-1.1503666219547288,,4,1,val,current_repo_v1
7197,287.88,-1.0303864587046856,,4,1,val,current_repo_v1
7198,287.92,-0.7024464248173351,,4,1,val,current_repo_v1
7199,287.96,-0.26966667360108726,,4,1,val,current_repo_v1
7200,288.0,-0.47565039588865526,,4,1,val,current_repo_v1
7201,288.04,-1.0383562399642028,,4,1,val,current_repo_v1
7202,288.08,0.049759387181133485,,4,1,val,current_repo_v1
7203,288.12,0.5396962090642525,,4,1,val,current_repo_v1
7204,288.16,0.6401736051574516,,4,1,val,current_repo_v1
7205,288.2,0.6336455157794032,,4,1,val,current_repo_v1
7206,288.24,0.48019749143674434,,4,1,val,current_repo_v1
7207,288.28,0.04069027144509405,,4,1,val,current_repo_v1
7208,288.32,-0.18965311336317547,,4,1,val,current_repo_v1
7209,288.36,0.12471972934827258,,4,1,val,current_repo_v1
7210,288.4,0.2079270021298147,,4,1,val,current_repo_v1
7211,288.44,0.1625864062184438,,4,1,val,current_repo_v1
7212,288.48,0.4417022507966292,,4,1,val,current_repo_v1
7213,288.52,0.8032284077971659,,4,1,val,current_repo_v1
7214,288.56,0.7134442435759593,,4,1,val,current_repo_v1
7215,288.6,-0.08331015847821427,,4,1,val,current_repo_v1
7216,288.64,-0.10973025243918244,,4,1,val,current_repo_v1
7217,288.68,-0.007663895683239199,,4,1,val,current_repo_v1
7218,288.72,-0.015438566110633814,,4,1,val,current_repo_v1
7219,288.76,0.5081956775473756,,4,1,val,current_repo_v1
7220,288.8,1.3486494871349917,,4,1,val,current_repo_v1
7221,288.84,1.7307742650989364,,4,1,val,current_repo_v1
7222,288.88,1.4727285390127702,,4,1,val,current_repo_v1
7223,288.92,1.3121216729802196,,4,1,val,current_repo_v1
7224,288.96,0.4774565001858726,,4,1,val,current_repo_v1
7225,289.0,0.31596006859132586,,4,1,val,current_repo_v1
7226,289.04,0.018149051025620186,,4,1,val,current_repo_v1
7227,289.08,0.1001427510776025,,4,1,val,current_repo_v1
7228,289.12,-0.2779032470015199,,4,1,val,current_repo_v1
7229,289.16,-0.24175664292725926,,4,1,val,current_repo_v1
7230,289.2,-0.46913047922057804,,4,1,val,current_repo_v1
7231,289.24,-0.3575189771617658,,4,1,val,current_repo_v1
7232,289.28,-0.08833035056338721,,4,1,val,current_repo_v1
7233,289.32,-0.4179937360215971,,4,1,val,current_repo_v1
7234,289.36,-0.48734709441101637,,4,1,val,current_repo_v1
7235,289.4,-0.5094373157021598,,4,1,val,current_repo_v1
7236,289.44,-0.45991376208123586,,4,1,val,current_repo_v1
7237,289.48,-1.0577398406108354,,4,1,val,current_repo_v1
7238,289.52,-1.2743075453430348,,4,1,val,current_repo_v1
7239,289.56,-1.6348933238456678,,4,1,val,current_repo_v1
7240,289.6,-0.6375883799440535,,4,1,val,current_repo_v1
7241,289.64,-0.34944123860294596,,4,1,val,current_repo_v1
7242,289.68,-0.3224183184478027,,4,1,val,current_repo_v1
7243,289.72,-0.2993742159205424,,4,1,val,current_repo_v1
7244,289.76,-0.5500015440930301,,4,1,val,current_repo_v1
7245,289.8,-0.28310761578985655,,4,1,val,current_repo_v1
7246,289.84,0.3652649295383188,,4,1,val,current_repo_v1
7247,289.88,0.6654038914503891,,4,1,val,current_repo_v1
7248,289.92,-0.059134236567456644,,4,1,val,current_repo_v1
7249,289.96,-0.44600532796083714,,4,1,val,current_repo_v1
7250,290.0,-0.3877506389250218,,4,1,val,current_repo_v1
7251,290.04,-0.776488463686873,,4,1,val,current_repo_v1
7252,290.08,-0.9765396707218383,,4,1,val,current_repo_v1
7253,290.12,-0.37184967873174013,,4,1,val,current_repo_v1
7254,290.16,-0.8699384598169494,,4,1,val,current_repo_v1
7255,290.2,-1.2220594428007858,,4,1,val,current_repo_v1
7256,290.24,-0.7219573000777474,,4,1,val,current_repo_v1
7257,290.28,-1.3827656734810485,,4,1,val,current_repo_v1
7258,290.32,-0.35366520522676137,,4,1,val,current_repo_v1
7259,290.36,-0.8833152801508068,,4,1,val,current_repo_v1
7260,290.4,-1.255452554285207,,4,1,val,current_repo_v1
7261,290.44,-0.8582030297560295,,4,1,val,current_repo_v1
7262,290.48,-0.9217468511808307,,4,1,val,current_repo_v1
7263,290.52,-1.1124075175493602,,4,1,val,current_repo_v1
7264,290.56,-0.9778620991834913,,4,1,val,current_repo_v1
7265,290.6,-1.3772795561695175,,4,1,val,current_repo_v1
7266,290.64,-1.1282643838726396,,4,1,val,current_repo_v1
7267,290.68,-0.8682957128095503,,4,1,val,current_repo_v1
7268,290.72,-0.5989432201459304,,4,1,val,current_repo_v1
7269,290.76,-0.8432846360417673,,4,1,val,current_repo_v1
7270,290.8,-0.9384833982864573,,4,1,val,current_repo_v1
7271,290.84,-0.5965828898211449,,4,1,val,current_repo_v1
7272,290.88,-0.7763381891936488,,4,1,val,current_repo_v1
7273,290.92,-0.7849102959477184,,4,1,val,current_repo_v1
7274,290.96,-0.547826504931859,,4,1,val,current_repo_v1
7275,291.0,-0.7507381604567207,,4,1,val,current_repo_v1
7276,291.04,-0.8316436605419366,,4,1,val,current_repo_v1
7277,291.08,-0.885449358852518,,4,1,val,current_repo_v1
7278,291.12,-0.7508438565319205,,4,1,val,current_repo_v1
7279,291.16,-0.2038086992779976,,4,1,val,current_repo_v1
7280,291.2,-0.11590911190617187,,4,1,val,current_repo_v1
7281,291.24,-0.5581944112618781,,4,1,val,current_repo_v1
7282,291.28,-0.5081228338280677,,4,1,val,current_repo_v1
7283,291.32,-0.33112897363296406,,4,1,val,current_repo_v1
7284,291.36,-0.637235176739214,,4,1,val,current_repo_v1
7285,291.4,-1.004002625087364,,4,1,val,current_repo_v1
7286,291.44,-1.1091925737265658,,4,1,val,current_repo_v1
7287,291.48,-0.5993777628120635,,4,1,val,current_repo_v1
7288,291.52,-0.23281048125180331,,4,1,val,current_repo_v1
7289,291.56,-0.6299344593884797,,4,1,val,current_repo_v1
7290,291.6,0.4464737243821076,,4,1,val,current_repo_v1
7291,291.64,0.07506521854860165,,4,1,val,current_repo_v1
7292,291.68,0.074057875514057,,4,1,val,current_repo_v1
7293,291.72,0.3738295742528496,,4,1,val,current_repo_v1
7294,291.76,-0.622127227838744,,4,1,val,current_repo_v1
7295,291.8,-0.11565204302889806,,4,1,val,current_repo_v1
7296,291.84,-0.36470931447308763,,4,1,val,current_repo_v1
7297,291.88,-0.4954213765272792,,4,1,val,current_repo_v1
7298,291.92,-0.7274902570314056,,4,1,val,current_repo_v1
7299,291.96,-1.4950933375163826,,4,1,val,current_repo_v1
7300,292.0,-1.705076809906384,,4,1,val,current_repo_v1
7301,292.04,-0.3451767960676925,,4,1,val,current_repo_v1
7302,292.08,0.21781317081635745,,4,1,val,current_repo_v1
7303,292.12,0.09467122673733401,,4,1,val,current_repo_v1
7304,292.16,0.17688892324513827,,4,1,val,current_repo_v1
7305,292.2,0.37675882856187054,,4,1,val,current_repo_v1
7306,292.24,-0.03731681581270139,,4,1,val,current_repo_v1
7307,292.28,0.27874342096847327,,4,1,val,current_repo_v1
7308,292.32,-0.8354579579647484,,4,1,val,current_repo_v1
7309,292.36,0.5774923438182203,,4,1,val,current_repo_v1
7310,292.4,1.2391907350283382,,4,1,val,current_repo_v1
7311,292.44,1.004030018202208,,4,1,val,current_repo_v1
7312,292.48,-0.20975319901834447,,4,1,val,current_repo_v1
7313,292.52,-0.7763217145609006,,4,1,val,current_repo_v1
7314,292.56,-0.7913080096046463,,4,1,val,current_repo_v1
7315,292.6,-0.9741080795346169,,4,1,val,current_repo_v1
7316,292.64,-1.3990594083009666,,4,1,val,current_repo_v1
7317,292.68,-1.192279767432455,,4,1,val,current_repo_v1
7318,292.72,-1.3672154291460934,,4,1,val,current_repo_v1
7319,292.76,-1.264155424398815,,4,1,val,current_repo_v1
7320,292.8,-0.7403800742999477,,4,1,val,current_repo_v1
7321,292.84,-0.4493365310057111,,4,1,val,current_repo_v1
7322,292.88,0.7822150460301239,,4,1,val,current_repo_v1
7323,292.92,0.27161084178137423,,4,1,val,current_repo_v1
7324,292.96,-1.1297508479913416,,4,1,val,current_repo_v1
7325,293.0,-0.8066778082562073,,4,1,val,current_repo_v1
7326,293.04,-0.07833680603516836,,4,1,val,current_repo_v1
7327,293.08,-0.2339415778511678,,4,1,val,current_repo_v1
7328,293.12,-1.3958986046438306,,4,1,val,current_repo_v1
7329,293.16,-0.7304286208432402,,4,1,val,current_repo_v1
7330,293.2,0.21359366203434452,,4,1,val,current_repo_v1
7331,293.24,0.6483000569440835,,4,1,val,current_repo_v1
7332,293.28,-0.014313542513145141,,4,1,val,current_repo_v1
7333,293.32,-0.3568304990289012,,4,1,val,current_repo_v1
7334,293.36,-0.10947771408591438,,4,1,val,current_repo_v1
7335,293.4,-0.8717163634192862,,4,1,val,current_repo_v1
7336,293.44,-1.1981324614742328,,4,1,val,current_repo_v1
7337,293.48,-0.45164982786916064,,4,1,val,current_repo_v1
7338,293.52,0.31242002534896823,,4,1,val,current_repo_v1
7339,293.56,0.4562482855075821,,4,1,val,current_repo_v1
7340,293.6,-1.0587430488355924,,4,1,val,current_repo_v1
7341,293.64,-0.42006495269325356,,4,1,val,current_repo_v1
7342,293.68,-0.6389515104395548,,4,1,val,current_repo_v1
7343,293.72,-0.6794235454934385,,4,1,val,current_repo_v1
7344,293.76,-0.5394615263055953,,4,1,val,current_repo_v1
7345,293.8,-0.4649570348038569,,4,1,val,current_repo_v1
7346,293.84,-0.39886529836335183,,4,1,val,current_repo_v1
7347,293.88,-0.04104458103458368,,4,1,val,current_repo_v1
7348,293.92,-0.47944107967119476,,4,1,val,current_repo_v1
7349,293.96,0.042957891581669405,,4,1,val,current_repo_v1
7350,294.0,-0.5218636466360544,,4,1,val,current_repo_v1
7351,294.04,-0.724678780194933,,4,1,val,current_repo_v1
7352,294.08,-0.8727495490150043,,4,1,val,current_repo_v1
7353,294.12,-1.124099209075494,,4,1,val,current_repo_v1
7354,294.16,-0.8018283870455892,,4,1,val,current_repo_v1
7355,294.2,-0.8661991058215408,,4,1,val,current_repo_v1
7356,294.24,-1.4996946055333318,,4,1,val,current_repo_v1
7357,294.28,-1.1782312343272943,,4,1,val,current_repo_v1
7358,294.32,-0.9164871793115826,,4,1,val,current_repo_v1
7359,294.36,-0.7108393134096662,,4,1,val,current_repo_v1
7360,294.4,-0.27611012859129225,,4,1,val,current_repo_v1
7361,294.44,-0.7318855598358015,,4,1,val,current_repo_v1
7362,294.48,-0.8487109278241817,,4,1,val,current_repo_v1
7363,294.52,-1.0408287916108845,,4,1,val,current_repo_v1
7364,294.56,-1.2056076807192915,,4,1,val,current_repo_v1
7365,294.6,-1.1605542764205623,,4,1,val,current_repo_v1
7366,294.64,-0.9639321188277142,,4,1,val,current_repo_v1
7367,294.68,-1.1072218200114714,,4,1,val,current_repo_v1
7368,294.72,-0.9665199929036327,,4,1,val,current_repo_v1
7369,294.76,-0.9710486433236841,,4,1,val,current_repo_v1
7370,294.8,-0.6408808514503685,,4,1,val,current_repo_v1
7371,294.84,-0.7334991047490745,,4,1,val,current_repo_v1
7372,294.88,-1.084443023677859,,4,1,val,current_repo_v1
7373,294.92,0.6609516057986056,,4,1,val,current_repo_v1
7374,294.96,0.7587897334223523,,4,1,val,current_repo_v1
7375,295.0,0.5837897237313919,,4,1,val,current_repo_v1
7376,295.04,-0.6197910603086558,,4,1,val,current_repo_v1
7377,295.08,-1.0563031880287954,,4,1,val,current_repo_v1
7378,295.12,-1.5171897610222076,,4,1,val,current_repo_v1
7379,295.16,-0.9975059344211414,,4,1,val,current_repo_v1
7380,295.2,-1.0692903671465588,,4,1,val,current_repo_v1
7381,295.24,-0.6962641735141917,,4,1,val,current_repo_v1
7382,295.28,-1.1501348141810022,,4,1,val,current_repo_v1
7383,295.32,-0.5251240733665143,,4,1,val,current_repo_v1
7384,295.36,0.3846774092470628,,4,1,val,current_repo_v1
7385,295.4,0.7308523742400833,,4,1,val,current_repo_v1
7386,295.44,0.8738043131493024,,4,1,val,current_repo_v1
7387,295.48,0.64292267220869,,4,1,val,current_repo_v1
7388,295.52,0.2955083302849879,,4,1,val,current_repo_v1
7389,295.56,-1.0463890770729836,,4,1,val,current_repo_v1
7390,295.6,-2.1678549291648936,,4,1,val,current_repo_v1
7391,295.64,-1.0439805503716095,,4,1,val,current_repo_v1
7392,295.68,-0.8754777481980951,,4,1,val,current_repo_v1
7393,295.72,-0.11016017574750578,,4,1,val,current_repo_v1
7394,295.76,0.8346723441050727,,4,1,val,current_repo_v1
7395,295.8,0.04714597742445541,,4,1,val,current_repo_v1
7396,295.84,-0.6016979079542241,,4,1,val,current_repo_v1
7397,295.88,-0.778306100227014,,4,1,val,current_repo_v1
7398,295.92,-0.3640760748147315,,4,1,val,current_repo_v1
7399,295.96,-0.40024745544451723,,4,1,val,current_repo_v1
7400,296.0,-0.6388374155319736,,4,1,val,current_repo_v1
7401,296.04,0.0486944959931755,,4,1,val,current_repo_v1
7402,296.08,-0.4063959175989263,,4,1,val,current_repo_v1
7403,296.12,-0.9745156167243235,,4,1,val,current_repo_v1
7404,296.16,-1.4251941196285751,,4,1,val,current_repo_v1
7405,296.2,-0.8534181503419423,,4,1,val,current_repo_v1
7406,296.24,0.19167482537858382,,4,1,val,current_repo_v1
7407,296.28,-0.384046204690399,,4,1,val,current_repo_v1
7408,296.32,-1.3919901756919442,,4,1,val,current_repo_v1
7409,296.36,-1.451377544183996,,4,1,val,current_repo_v1
7410,296.4,-0.7305213310314502,,4,1,val,current_repo_v1
7411,296.44,-0.5497692840744829,,4,1,val,current_repo_v1
7412,296.48,-0.4043252500816948,,4,1,val,current_repo_v1
7413,296.52,-0.3275498758200329,,4,1,val,current_repo_v1
7414,296.56,-0.03556067649235299,,4,1,val,current_repo_v1
7415,296.6,0.6125568229465403,,4,1,val,current_repo_v1
7416,296.64,0.24923438182203236,,4,1,val,current_repo_v1
7417,296.68,0.5405665219181744,,4,1,val,current_repo_v1
7418,296.72,0.6792555042394075,,4,1,val,current_repo_v1
7419,296.76,0.7808694238698176,,4,1,val,current_repo_v1
7420,296.8,1.2655987314403572,,4,1,val,current_repo_v1
7421,296.84,1.1498416303244883,,4,1,val,current_repo_v1
7422,296.88,0.05004189482956249,,4,1,val,current_repo_v1
7423,296.92,-0.1246816115705416,,4,1,val,current_repo_v1
7424,296.96,-0.583353049053962,,4,1,val,current_repo_v1
7425,297.0,-0.6738812206113549,,4,1,val,current_repo_v1
7426,297.04,-0.740906164239038,,4,1,val,current_repo_v1
7427,297.08,-1.40474838971771,,4,1,val,current_repo_v1
7428,297.12,-2.0907962881295683,,4,1,val,current_repo_v1
7429,297.16,-1.8740412894352638,,4,1,val,current_repo_v1
7430,297.2,-1.6123719194213437,,4,1,val,current_repo_v1
7431,297.24,-2.0349631762885196,,4,1,val,current_repo_v1
7432,297.28,-1.7211545009148912,,4,1,val,current_repo_v1
7433,297.32,-1.6882592463714783,,4,1,val,current_repo_v1
7434,297.36,-2.007628207207206,,4,1,val,current_repo_v1
7435,297.4,-1.3974858547511098,,4,1,val,current_repo_v1
7436,297.44,-0.047379085402041124,,4,1,val,current_repo_v1
7437,297.48,0.21299495449835648,,4,1,val,current_repo_v1
7438,297.52,1.1559048120270246,,4,1,val,current_repo_v1
7439,297.56,1.0072965179345437,,4,1,val,current_repo_v1
7440,297.6,0.3268412727926544,,4,1,val,current_repo_v1
7441,297.64,-1.1982186464157465,,4,1,val,current_repo_v1
7442,297.68,-1.0641254728704146,,4,1,val,current_repo_v1
7443,297.72,-1.8785064963676341,,4,1,val,current_repo_v1
7444,297.76,-1.1006220175261665,,4,1,val,current_repo_v1
7445,297.8,-0.8706006754470214,,4,1,val,current_repo_v1
7446,297.84,-0.27524575952644026,,4,1,val,current_repo_v1
7447,297.88,0.2139764549717276,,4,1,val,current_repo_v1
7448,297.92,0.3696545146760551,,4,1,val,current_repo_v1
7449,297.96,0.09026487623803635,,4,1,val,current_repo_v1
7450,298.0,0.6908062892007426,,4,1,val,current_repo_v1
7451,298.04,0.362779424307849,,4,1,val,current_repo_v1
7452,298.08,-0.1366402163745962,,4,1,val,current_repo_v1
7453,298.12,-0.3918982407805694,,4,1,val,current_repo_v1
7454,298.16,-0.7281000122622953,,4,1,val,current_repo_v1
7455,298.2,-0.5853151455110631,,4,1,val,current_repo_v1
7456,298.24,-0.4880733349863958,,4,1,val,current_repo_v1
7457,298.28,-0.6479286993400197,,4,1,val,current_repo_v1
7458,298.32,-0.8660148483603735,,4,1,val,current_repo_v1
7459,298.36,-1.051705021119187,,4,1,val,current_repo_v1
7460,298.4,-1.3832201149192853,,4,1,val,current_repo_v1
7461,298.44,-1.3845388608159712,,4,1,val,current_repo_v1
7462,298.48,-1.5774444058672434,,4,1,val,current_repo_v1
7463,298.52,-1.373963955570952,,4,1,val,current_repo_v1
7464,298.56,-1.3652433833029403,,4,1,val,current_repo_v1
7465,298.6,-1.5550069897667333,,4,1,val,current_repo_v1
7466,298.64,-1.5613939787607742,,4,1,val,current_repo_v1
7467,298.68,-1.09748938226071,,4,1,val,current_repo_v1
7468,298.72,-1.2223778231544438,,4,1,val,current_repo_v1
7469,298.76,-1.1656616709980954,,4,1,val,current_repo_v1
7470,298.8,-1.8970935000660925,,4,1,val,current_repo_v1
7471,298.84,-2.196610205408305,,4,1,val,current_repo_v1
7472,298.88,-1.829244501768988,,4,1,val,current_repo_v1
7473,298.92,-0.7101471850150358,,4,1,val,current_repo_v1
7474,298.96,-1.243011945336264,,4,1,val,current_repo_v1
7475,299.0,-1.7968260424792268,,4,1,val,current_repo_v1
7476,299.04,-2.001009927290662,,4,1,val,current_repo_v1
7477,299.08,-1.730216841054423,,4,1,val,current_repo_v1
7478,299.12,-1.6119531407175265,,4,1,val,current_repo_v1
7479,299.16,-1.3771573208551666,,4,1,val,current_repo_v1
7480,299.2,-0.7436168550869338,,4,1,val,current_repo_v1
7481,299.24,0.2103563966993364,,4,1,val,current_repo_v1
7482,299.28,0.7672582761125191,,4,1,val,current_repo_v1
7483,299.32,0.4623243561875038,,4,1,val,current_repo_v1
7484,299.36,-0.5086498605600005,,4,1,val,current_repo_v1
7485,299.4,-1.16500268568817,,4,1,val,current_repo_v1
7486,299.44,-0.9279240631845452,,4,1,val,current_repo_v1
7487,299.48,-0.5982859792088843,,4,1,val,current_repo_v1
7488,299.52,0.75353238738361,,4,1,val,current_repo_v1
7489,299.56,1.1041786000076752,,4,1,val,current_repo_v1
7490,299.6,0.5268645375583509,,4,1,val,current_repo_v1
7491,299.64,0.15047792263538304,,4,1,val,current_repo_v1
7492,299.68,-1.823206258137984,,4,1,val,current_repo_v1
7493,299.72,-2.1336548837078286,,4,1,val,current_repo_v1
7494,299.76,-2.258626150010124,,4,1,val,current_repo_v1
7495,299.8,-2.2629098129502503,,4,1,val,current_repo_v1
7496,299.84,-2.423932744217695,,4,1,val,current_repo_v1
7497,299.88,-2.269800731887175,,4,1,val,current_repo_v1
7498,299.92,-2.3090979641101095,,4,1,val,current_repo_v1
7499,299.96,-2.2465196853771547,,4,1,val,current_repo_v1
7500,300.0,-2.0281514648015917,,4,1,val,current_repo_v1
7501,300.04,-1.3559640948623568,,4,1,val,current_repo_v1
7502,300.08,-1.4297400845646129,,4,1,val,current_repo_v1
7503,300.12,-1.7494406054601972,,4,1,val,current_repo_v1
7504,300.16,-1.8003991641998864,,4,1,val,current_repo_v1
7505,300.2,-1.5981197469341355,,4,1,val,current_repo_v1
7506,300.24,-1.5038755442927931,,4,1,val,current_repo_v1
7507,300.28,-1.4585756019604683,,4,1,val,current_repo_v1
7508,300.32,-1.902565274756172,,4,1,val,current_repo_v1
7509,300.36,-1.6513023164884197,,4,1,val,current_repo_v1
7510,300.4,-1.4012717899630336,,4,1,val,current_repo_v1
7511,300.44,-1.673547980785022,,4,1,val,current_repo_v1
7512,300.48,-1.446716579850736,,4,1,val,current_repo_v1
7513,300.52,-1.6069483411078525,,4,1,val,current_repo_v1
7514,300.56,-1.9237375682744315,,4,1,val,current_repo_v1
7515,300.6,-1.3802564900039036,,4,1,val,current_repo_v1
7516,300.64,-1.4090077606503333,,4,1,val,current_repo_v1
7517,300.68,-1.6563603517741112,,4,1,val,current_repo_v1
7518,300.72,-1.9716655698652996,,4,1,val,current_repo_v1
7519,300.76,-1.9911331588357462,,4,1,val,current_repo_v1
7520,300.8,-2.06344426295788,,4,1,val,current_repo_v1
7521,300.84,-2.3746042050240264,,4,1,val,current_repo_v1
7522,300.88,-2.563299609221711,,4,1,val,current_repo_v1
7523,300.92,-2.34916892261458,,4,1,val,current_repo_v1
7524,300.96,-2.5300053455337785,,4,1,val,current_repo_v1
7525,301.0,-2.9567598390060126,,4,1,val,current_repo_v1
7526,301.04,-2.658447009376069,,4,1,val,current_repo_v1
7527,301.08,-0.49088109695469967,,4,1,val,current_repo_v1
7528,301.12,-0.49273368555882796,,4,1,val,current_repo_v1
7529,301.16,0.4862003307589405,,4,1,val,current_repo_v1
7530,301.2,0.1296177022706954,,4,1,val,current_repo_v1
7531,301.24,0.265427912111,,4,1,val,current_repo_v1
7532,301.28,-0.1751584084393535,,4,1,val,current_repo_v1
7533,301.32,0.5212811553072028,,4,1,val,current_repo_v1
7534,301.36,0.28481525992900275,,4,1,val,current_repo_v1
7535,301.4,0.12699229187467237,,4,1,val,current_repo_v1
7536,301.44,0.11101361017866125,,4,1,val,current_repo_v1
7537,301.48,0.12063589401242071,,4,1,val,current_repo_v1
7538,301.52,-0.11419969109094501,,4,1,val,current_repo_v1
7539,301.56,-0.4428317322359204,,4,1,val,current_repo_v1
7540,301.6,-0.4603900404836642,,4,1,val,current_repo_v1
7541,301.64,-0.7900676958811221,,4,1,val,current_repo_v1
7542,301.68,0.31414592079694326,,4,1,val,current_repo_v1
7543,301.72,0.7068436658138191,,4,1,val,current_repo_v1
7544,301.76,0.24630837398475883,,4,1,val,current_repo_v1
7545,301.8,0.0459249810154085,,4,1,val,current_repo_v1
7546,301.84,0.3164836711839033,,4,1,val,current_repo_v1
7547,301.88,0.6749650576269732,,4,1,val,current_repo_v1
7548,301.92,0.7727148036915065,,4,1,val,current_repo_v1
7549,301.96,0.19155619187119655,,4,1,val,current_repo_v1
7550,302.0,0.20987433602384545,,4,1,val,current_repo_v1
7551,302.04,-0.6288150242448448,,4,1,val,current_repo_v1
7552,302.08,-1.540510734289241,,4,1,val,current_repo_v1
7553,302.12,-1.6567622036003598,,4,1,val,current_repo_v1
7554,302.16,-1.7749115506040634,,4,1,val,current_repo_v1
7555,302.2,-1.755717246718027,,4,1,val,current_repo_v1
7556,302.24,-1.6607294243789161,,4,1,val,current_repo_v1
7557,302.28,-1.5720944788530968,,4,1,val,current_repo_v1
7558,302.32,-1.548456417360464,,4,1,val,current_repo_v1
7559,302.36,-1.686969314930501,,4,1,val,current_repo_v1
7560,302.4,-1.9353628444183493,,4,1,val,current_repo_v1
7561,302.44,-1.6401108077337998,,4,1,val,current_repo_v1
7562,302.48,-1.7928969394784016,,4,1,val,current_repo_v1
7563,302.52,-1.849914932749257,,4,1,val,current_repo_v1
7564,302.56,-2.0592926555053506,,4,1,val,current_repo_v1
7565,302.6,-1.7044815265097515,,4,1,val,current_repo_v1
7566,302.64,-1.9419216864441942,,4,1,val,current_repo_v1
7567,302.68,-1.9020719402633692,,4,1,val,current_repo_v1
7568,302.72,-1.5679108266247122,,4,1,val,current_repo_v1
7569,302.76,-1.8062262741061026,,4,1,val,current_repo_v1
7570,302.8,-1.974980912038253,,4,1,val,current_repo_v1
7571,302.84,-1.8143803774331901,,4,1,val,current_repo_v1
7572,302.88,-2.197133775697681,,4,1,val,current_repo_v1
7573,302.92,-0.20925241863760344,,4,1,val,current_repo_v1
7574,302.96,-0.17036391882283,,4,1,val,current_repo_v1
7575,303.0,-0.7350353157980357,,4,1,val,current_repo_v1
7576,303.04,-1.7137750283589805,,4,1,val,current_repo_v1
7577,303.08,-1.6672965360243364,,4,1,val,current_repo_v1
7578,303.12,-2.296171256585492,,4,1,val,current_repo_v1
7579,303.16,-1.451785727437732,,4,1,val,current_repo_v1
7580,303.2,-1.642033881923529,,4,1,val,current_repo_v1
7581,303.24,-1.613957877400564,,4,1,val,current_repo_v1
7582,303.28,-2.7797186546207597,,4,1,val,current_repo_v1
7583,303.32,-3.225812945598437,,4,1,val,current_repo_v1
7584,303.36,-2.938299980708528,,4,1,val,current_repo_v1
7585,303.4,-2.850743057622063,,4,1,val,current_repo_v1
7586,303.44,-1.5232298136324938,,4,1,val,current_repo_v1
7587,303.48,-0.8448194903562668,,4,1,val,current_repo_v1
7588,303.52,-1.898268948961071,,4,1,val,current_repo_v1
7589,303.56,-2.5463412037284097,,4,1,val,current_repo_v1
7590,303.6,-1.627608693489264,,4,1,val,current_repo_v1
7591,303.64,-0.699843562055936,,4,1,val,current_repo_v1
7592,303.68,-2.3238341677680983,,4,1,val,current_repo_v1
7593,303.72,-2.757268188026857,,4,1,val,current_repo_v1
7594,303.76,-1.990597184117007,,4,1,val,current_repo_v1
7595,303.8,-1.0646197764592615,,4,1,val,current_repo_v1
7596,303.84,-0.495411330231623,,4,1,val,current_repo_v1
7597,303.88,-1.0958718963568579,,4,1,val,current_repo_v1
7598,303.92,-2.169160753780993,,4,1,val,current_repo_v1
7599,303.96,-1.5965947773992848,,4,1,val,current_repo_v1
7600,304.0,-1.73444700989292,,4,1,val,current_repo_v1
7601,304.04,-2.3696982532108413,,4,1,val,current_repo_v1
7602,304.08,-2.4132334070406247,,4,1,val,current_repo_v1
7603,304.12,-1.6196497014990365,,4,1,val,current_repo_v1
7604,304.16,-1.797418612406936,,4,1,val,current_repo_v1
7605,304.2,-2.1431480193421235,,4,1,val,current_repo_v1
7606,304.24,-2.0611194661547083,,4,1,val,current_repo_v1
7607,304.28,-2.2638812348247637,,4,1,val,current_repo_v1
7608,304.32,-2.177090802102706,,4,1,val,current_repo_v1
7609,304.36,-2.2887655538299905,,4,1,val,current_repo_v1
7610,304.4,-3.129655876579029,,4,1,val,current_repo_v1
7611,304.44,-2.5778804990870468,,4,1,val,current_repo_v1
7612,304.48,-1.7443264918167591,,4,1,val,current_repo_v1
7613,304.52,-1.8696335822015044,,4,1,val,current_repo_v1
7614,304.56,-2.4759403817282237,,4,1,val,current_repo_v1
7615,304.6,-1.7633041058273553,,4,1,val,current_repo_v1
7616,304.64,-0.0550399349943295,,4,1,val,current_repo_v1
7617,304.68,-0.4732136038859976,,4,1,val,current_repo_v1
7618,304.72,0.6586629239746737,,4,1,val,current_repo_v1
7619,304.76,1.1220010515338141,,4,1,val,current_repo_v1
7620,304.8,0.9413346726671371,,4,1,val,current_repo_v1
7621,304.84,1.4328190965156347,,4,1,val,current_repo_v1
7622,304.88,0.48553643536239216,,4,1,val,current_repo_v1
7623,304.92,-1.4543025344704232,,4,1,val,current_repo_v1
7624,304.96,-1.4862041425367136,,4,1,val,current_repo_v1
7625,305.0,-1.5666462208936849,,4,1,val,current_repo_v1
7626,305.04,-1.7985972916220614,,4,1,val,current_repo_v1
7627,305.08,-1.811689520750995,,4,1,val,current_repo_v1
7628,305.12,-2.168227837322628,,4,1,val,current_repo_v1
7629,305.16,-2.307397265159279,,4,1,val,current_repo_v1
7630,305.2,-2.6565860865459623,,4,1,val,current_repo_v1
7631,305.24,-2.467373572699195,,4,1,val,current_repo_v1
7632,305.28,-3.3054752246719965,,4,1,val,current_repo_v1
7633,305.32,-2.137037158114222,,4,1,val,current_repo_v1
7634,305.36,-1.2994130766719072,,4,1,val,current_repo_v1
7635,305.4,-0.7298160875370243,,4,1,val,current_repo_v1
7636,305.44,-0.6702871664161446,,4,1,val,current_repo_v1
7637,305.48,-0.8017189437990193,,4,1,val,current_repo_v1
7638,305.52,-0.3564640838146618,,4,1,val,current_repo_v1
7639,305.56,-0.695140603560769,,4,1,val,current_repo_v1
7640,305.6,-0.6011090851978849,,4,1,val,current_repo_v1
7641,305.64,-0.939191807494627,,4,1,val,current_repo_v1
7642,305.68,-1.1757194665940318,,4,1,val,current_repo_v1
7643,305.72,-1.0385597501334445,,4,1,val,current_repo_v1
7644,305.76,-0.670756596539862,,4,1,val,current_repo_v1
7645,305.8,-0.7506219981442457,,4,1,val,current_repo_v1
7646,305.84,-0.6354519754118367,,4,1,val,current_repo_v1
7647,305.88,-0.9278584230791644,,4,1,val,current_repo_v1
7648,305.92,-0.8117626551991163,,4,1,val,current_repo_v1
7649,305.96,-0.5285118393171568,,4,1,val,current_repo_v1
7650,306.0,-0.21473997344159987,,4,1,val,current_repo_v1
7651,306.04,-0.5796849559209895,,4,1,val,current_repo_v1
7652,306.08,-0.12407419832175824,,4,1,val,current_repo_v1
7653,306.12,-0.5367947032052917,,4,1,val,current_repo_v1
7654,306.16,-0.32920770842251706,,4,1,val,current_repo_v1
7655,306.2,-0.29558485656926303,,4,1,val,current_repo_v1
7656,306.24,-0.1824067299973085,,4,1,val,current_repo_v1
7657,306.28,-0.21928513079760092,,4,1,val,current_repo_v1
7658,306.32,-0.0021569428067618602,,4,1,val,current_repo_v1
7659,306.36,-0.35651554281459863,,4,1,val,current_repo_v1
7660,306.4,-1.0085429046599435,,4,1,val,current_repo_v1
7661,306.44,-0.9233589101468361,,4,1,val,current_repo_v1
7662,306.48,-0.5477832186418933,,4,1,val,current_repo_v1
7663,306.52,-2.1763367161676617,,4,1,val,current_repo_v1
7664,306.56,-2.2410128940166847,,4,1,val,current_repo_v1
7665,306.6,-1.725909402958017,,4,1,val,current_repo_v1
7666,306.64,-1.0165444722697043,,4,1,val,current_repo_v1
7667,306.68,-0.6707329505963882,,4,1,val,current_repo_v1
7668,306.72,-1.052541157185957,,4,1,val,current_repo_v1
7669,306.76,-2.149428666196935,,4,1,val,current_repo_v1
7670,306.8,-1.746147229464241,,4,1,val,current_repo_v1
7671,306.84,-1.2287052450449796,,4,1,val,current_repo_v1
7672,306.88,-1.410044305779004,,4,1,val,current_repo_v1
7673,306.92,-0.7550072869561869,,4,1,val,current_repo_v1
7674,306.96,-0.3954223908478053,,4,1,val,current_repo_v1
7675,307.0,-1.1526279752702195,,4,1,val,current_repo_v1
7676,307.04,-1.2266047616727942,,4,1,val,current_repo_v1
7677,307.08,-1.3953070684185684,,4,1,val,current_repo_v1
7678,307.12,-1.7942435953411549,,4,1,val,current_repo_v1
7679,307.16,-1.6171719167337173,,4,1,val,current_repo_v1
7680,307.2,-1.1171190040897145,,4,1,val,current_repo_v1
7681,307.24,-1.6179707102995915,,4,1,val,current_repo_v1
7682,307.28,-0.523323363703942,,4,1,val,current_repo_v1
7683,307.32,0.05102743320311697,,4,1,val,current_repo_v1
7684,307.36,-0.011800644167831413,,4,1,val,current_repo_v1
7685,307.4,-0.5096099763140005,,4,1,val,current_repo_v1
7686,307.44,-0.37003763064545286,,4,1,val,current_repo_v1
7687,307.48,-1.2391046792996303,,4,1,val,current_repo_v1
7688,307.52,-1.1701329509323415,,4,1,val,current_repo_v1
7689,307.56,-1.127190496243073,,4,1,val,current_repo_v1
7690,307.6,-1.3599756356333257,,4,1,val,current_repo_v1
7691,307.64,-0.99811103799102,,4,1,val,current_repo_v1
7692,307.68,-1.5936489838511128,,4,1,val,current_repo_v1
7693,307.72,-2.024511927698716,,4,1,val,current_repo_v1
7694,307.76,-0.3928384577624658,,4,1,val,current_repo_v1
7695,307.8,0.19431401309003252,,4,1,val,current_repo_v1
7696,307.84,0.21661985825096772,,4,1,val,current_repo_v1
7697,307.88,-0.3698048214724807,,4,1,val,current_repo_v1
7698,307.92,-1.3098250445687272,,4,1,val,current_repo_v1
7699,307.96,-1.436983625248751,,4,1,val,current_repo_v1
7700,308.0,-1.6627795147568132,,4,1,val,current_repo_v1
7701,308.04,-1.3614555098989285,,4,1,val,current_repo_v1
7702,308.08,-1.8226634351405337,,4,1,val,current_repo_v1
7703,308.12,-2.1835863298536755,,4,1,val,current_repo_v1
7704,308.16,-1.8170876441417305,,4,1,val,current_repo_v1
7705,308.2,-1.6310078947732256,,4,1,val,current_repo_v1
7706,308.24,-1.2845277614359472,,4,1,val,current_repo_v1
7707,308.28,-2.1522643704345077,,4,1,val,current_repo_v1
7708,308.32,-1.0609113689308585,,4,1,val,current_repo_v1
7709,308.36,-1.1039818089043387,,4,1,val,current_repo_v1
7710,308.4,-0.522569342375301,,4,1,val,current_repo_v1
7711,308.44,-0.0324734999071606,,4,1,val,current_repo_v1
7712,308.48,-0.993825178433194,,4,1,val,current_repo_v1
7713,308.52,-1.5898527116147194,,4,1,val,current_repo_v1
7714,308.56,-1.524873271310325,,4,1,val,current_repo_v1
7715,308.6,-1.6359035095619414,,4,1,val,current_repo_v1
7716,308.64,-3.0824461689759795,,4,1,val,current_repo_v1
7717,308.68,-1.8165377144399575,,4,1,val,current_repo_v1
7718,308.72,-0.9065790121448408,,4,1,val,current_repo_v1
7719,308.76,-0.9009413282120269,,4,1,val,current_repo_v1
7720,308.8,-1.5726661163062556,,4,1,val,current_repo_v1
7721,308.84,-1.1249309519068644,,4,1,val,current_repo_v1
7722,308.88,-0.767442921212104,,4,1,val,current_repo_v1
7723,308.92,-0.24573105116814192,,4,1,val,current_repo_v1
7724,308.96,0.5108324586703149,,4,1,val,current_repo_v1
7725,309.0,-0.0824714543069277,,4,1,val,current_repo_v1
7726,309.04,-1.3891965948290843,,4,1,val,current_repo_v1
7727,309.08,-0.9726530141277405,,4,1,val,current_repo_v1
7728,309.12,-0.4379730400064813,,4,1,val,current_repo_v1
7729,309.16,-1.2562089660507565,,4,1,val,current_repo_v1
7730,309.2,-1.1883670744579748,,4,1,val,current_repo_v1
7731,309.24,-0.6087229497836396,,4,1,val,current_repo_v1
7732,309.28,0.747251029858366,,4,1,val,current_repo_v1
7733,309.32,1.0276436584745317,,4,1,val,current_repo_v1
7734,309.36,0.5511851333947784,,4,1,val,current_repo_v1
7735,309.4,0.5951155491977113,,4,1,val,current_repo_v1
7736,309.44,0.24433694190243374,,4,1,val,current_repo_v1
7737,309.48,-0.6153647464308516,,4,1,val,current_repo_v1
7738,309.52,-0.9651451040427973,,4,1,val,current_repo_v1
7739,309.56,-0.6971110988502516,,4,1,val,current_repo_v1
7740,309.6,-1.0960008507371137,,4,1,val,current_repo_v1
7741,309.64,-1.1352814145080914,,4,1,val,current_repo_v1
7742,309.68,-0.5406429835960467,,4,1,val,current_repo_v1
7743,309.72,0.29089837270684415,,4,1,val,current_repo_v1
7744,309.76,-1.4259458797331135,,4,1,val,current_repo_v1
7745,309.8,-0.8721876025222857,,4,1,val,current_repo_v1
7746,309.84,-0.34345468009428914,,4,1,val,current_repo_v1
7747,309.88,-0.007085619922179003,,4,1,val,current_repo_v1
7748,309.92,-0.2288289986097994,,4,1,val,current_repo_v1
7749,309.96,0.4440719490498401,,4,1,val,current_repo_v1
7750,310.0,0.8815397669853786,,4,1,val,current_repo_v1
7751,310.04,0.3029954371081864,,4,1,val,current_repo_v1
7752,310.08,-0.20091555994821667,,4,1,val,current_repo_v1
7753,310.12,0.06600135612070078,,4,1,val,current_repo_v1
7754,310.16,-0.01750681088775529,,4,1,val,current_repo_v1
7755,310.2,0.778805249296081,,4,1,val,current_repo_v1
7756,310.24,-0.4736548010116329,,4,1,val,current_repo_v1
7757,310.28,0.03981289226585121,,4,1,val,current_repo_v1
7758,310.32,-0.015836799978318092,,4,1,val,current_repo_v1
7759,310.36,-1.0889268372542744,,4,1,val,current_repo_v1
7760,310.4,-0.9947120951326699,,4,1,val,current_repo_v1
7761,310.44,-0.14250226219319873,,4,1,val,current_repo_v1
7762,310.48,-0.25228443395293887,,4,1,val,current_repo_v1
7763,310.52,-1.6251064875036356,,4,1,val,current_repo_v1
7764,310.56,-1.5158247569410213,,4,1,val,current_repo_v1
7765,310.6,-1.4416244323842955,,4,1,val,current_repo_v1
7766,310.64,-1.5043635810605553,,4,1,val,current_repo_v1
7767,310.68,-1.315494127213367,,4,1,val,current_repo_v1
7768,310.72,-1.7783889256355752,,4,1,val,current_repo_v1
7769,310.76,-0.7261078738278299,,4,1,val,current_repo_v1
7770,310.8,-0.7242710491860175,,4,1,val,current_repo_v1
7771,310.84,0.5221100554568442,,4,1,val,current_repo_v1
7772,310.88,1.1831618657864,,4,1,val,current_repo_v1
7773,310.92,0.45351020154484245,,4,1,val,current_repo_v1
7774,310.96,0.9482029793630351,,4,1,val,current_repo_v1
7775,311.0,0.9190791881972888,,4,1,val,current_repo_v1
7776,311.04,0.07827014837894136,,4,1,val,current_repo_v1
7777,311.08,0.8885624183778857,,4,1,val,current_repo_v1
7778,311.12,0.7897813603033194,,4,1,val,current_repo_v1
7779,311.16,0.3716259790615817,,4,1,val,current_repo_v1
7780,311.2,0.5672257403280015,,4,1,val,current_repo_v1
7781,311.24,0.064391493772395,,4,1,val,current_repo_v1
7782,311.28,-0.17440567923877118,,4,1,val,current_repo_v1
7783,311.32,0.398718641828692,,4,1,val,current_repo_v1
7784,311.36,0.5641069308327726,,4,1,val,current_repo_v1
7785,311.4,0.4969121692749779,,4,1,val,current_repo_v1
7786,311.44,0.8113538904877537,,4,1,val,current_repo_v1
7787,311.48,1.2712242693694196,,4,1,val,current_repo_v1
7788,311.52,0.8744504417850439,,4,1,val,current_repo_v1
7789,311.56,0.4579945319724813,,4,1,val,current_repo_v1
7790,311.6,0.6096453353983262,,4,1,val,current_repo_v1
7791,311.64,0.22315537736535349,,4,1,val,current_repo_v1
7792,311.68,0.8249535383053301,,4,1,val,current_repo_v1
7793,311.72,-0.10425650725381311,,4,1,val,current_repo_v1
7794,311.76,-1.464984298705895,,4,1,val,current_repo_v1
7795,311.8,-1.0267011156621297,,4,1,val,current_repo_v1
7796,311.84,0.6629743676680616,,4,1,val,current_repo_v1
7797,311.88,0.2237869049540319,,4,1,val,current_repo_v1
7798,311.92,0.43009806864326944,,4,1,val,current_repo_v1
7799,311.96,-0.019447280351474337,,4,1,val,current_repo_v1
7800,312.0,-0.21110734922383806,,4,1,val,current_repo_v1
7801,312.04,-0.5284606064396303,,4,1,val,current_repo_v1
7802,312.08,-0.7774274531471136,,4,1,val,current_repo_v1
7803,312.12,0.15447499157209474,,4,1,val,current_repo_v1
7804,312.16,0.6528701846748185,,4,1,val,current_repo_v1
7805,312.2,0.383257037478562,,4,1,val,current_repo_v1
7806,312.24,0.4535415033470639,,4,1,val,current_repo_v1
7807,312.28,0.6278531641179657,,4,1,val,current_repo_v1
7808,312.32,0.46359561637803326,,4,1,val,current_repo_v1
7809,312.36,0.41602275618409257,,4,1,val,current_repo_v1
7810,312.4,0.05597150279403311,,4,1,val,current_repo_v1
7811,312.44,0.2657642691962744,,4,1,val,current_repo_v1
7812,312.48,0.2641191317519667,,4,1,val,current_repo_v1
7813,312.52,0.1035864257941839,,4,1,val,current_repo_v1
7814,312.56,0.9250767944008473,,4,1,val,current_repo_v1
7815,312.6,1.1216578623214295,,4,1,val,current_repo_v1
7816,312.64,0.7857016597772553,,4,1,val,current_repo_v1
7817,312.68,0.4507102892544951,,4,1,val,current_repo_v1
7818,312.72,-0.3089048232685387,,4,1,val,current_repo_v1
7819,312.76,-0.5228019254258628,,4,1,val,current_repo_v1
7820,312.8,0.5649729150576981,,4,1,val,current_repo_v1
7821,312.84,-0.004996604186514291,,4,1,val,current_repo_v1
7822,312.88,0.6052523584244359,,4,1,val,current_repo_v1
7823,312.92,1.1931307629718997,,4,1,val,current_repo_v1
7824,312.96,1.0379329388121803,,4,1,val,current_repo_v1
7825,313.0,0.9320913699929876,,4,1,val,current_repo_v1
7826,313.04,0.6100518388855861,,4,1,val,current_repo_v1
7827,313.08,1.071042234368513,,4,1,val,current_repo_v1
7828,313.12,1.0059937944257853,,4,1,val,current_repo_v1
7829,313.16,1.22026790724743,,4,1,val,current_repo_v1
7830,313.2,1.024406360836322,,4,1,val,current_repo_v1
7831,313.24,0.9916931671363768,,4,1,val,current_repo_v1
7832,313.28,1.2092928299426386,,4,1,val,current_repo_v1
7833,313.32,1.3312571850395862,,4,1,val,current_repo_v1
7834,313.36,1.2909386547990735,,4,1,val,current_repo_v1
7835,313.4,1.155138580088229,,4,1,val,current_repo_v1
7836,313.44,1.384959965350294,,4,1,val,current_repo_v1
7837,313.48,1.0969203290636684,,4,1,val,current_repo_v1
7838,313.52,1.199210613126393,,4,1,val,current_repo_v1
7839,313.56,0.8144713432485211,,4,1,val,current_repo_v1
7840,313.6,0.6275395646381247,,4,1,val,current_repo_v1
7841,313.64,0.698086332502538,,4,1,val,current_repo_v1
7842,313.68,0.714727972802255,,4,1,val,current_repo_v1
7843,313.72,0.6227449942635975,,4,1,val,current_repo_v1
7844,313.76,0.8437378499583482,,4,1,val,current_repo_v1
7845,313.8,1.226042427541658,,4,1,val,current_repo_v1
7846,313.84,0.9586505453878716,,4,1,val,current_repo_v1
7847,313.88,1.3884359190409412,,4,1,val,current_repo_v1
7848,313.92,1.3223528721616307,,4,1,val,current_repo_v1
7849,313.96,1.0733231634240927,,4,1,val,current_repo_v1
7850,314.0,1.0617905974683852,,4,1,val,current_repo_v1
7851,314.04,0.6321779167303578,,4,1,val,current_repo_v1
7852,314.08,0.5187593089750827,,4,1,val,current_repo_v1
7853,314.12,0.5011424996294823,,4,1,val,current_repo_v1
7854,314.16,0.9141251692203208,,4,1,val,current_repo_v1
7855,314.2,0.8892115835145651,,4,1,val,current_repo_v1
7856,314.24,1.0631760171728988,,4,1,val,current_repo_v1
7857,314.28,0.9256684598389155,,4,1,val,current_repo_v1
7858,314.32,0.8691792053696707,,4,1,val,current_repo_v1
7859,314.36,0.48600050315466603,,4,1,val,current_repo_v1
7860,314.4,-0.09210764466891867,,4,1,val,current_repo_v1
7861,314.44,-0.5697574068333675,,4,1,val,current_repo_v1
7862,314.48,-0.12020485624364677,,4,1,val,current_repo_v1
7863,314.52,-0.06645305178681282,,4,1,val,current_repo_v1
7864,314.56,0.25175944232269837,,4,1,val,current_repo_v1
7865,314.6,0.5773713360255253,,4,1,val,current_repo_v1
7866,314.64,0.2665726891161857,,4,1,val,current_repo_v1
7867,314.68,-0.010267760348621318,,4,1,val,current_repo_v1
7868,314.72,-0.444292289187046,,4,1,val,current_repo_v1
7869,314.76,-0.5045131771865488,,4,1,val,current_repo_v1
7870,314.8,-0.11206903652858943,,4,1,val,current_repo_v1
7871,314.84,-0.7453342224897215,,4,1,val,current_repo_v1
7872,314.88,-0.8290156012833932,,4,1,val,current_repo_v1
7873,314.92,-0.4926846169957997,,4,1,val,current_repo_v1
7874,314.96,-0.36350579409603434,,4,1,val,current_repo_v1
7875,315.0,-0.5423936879027482,,4,1,val,current_repo_v1
7876,315.04,-0.15920879962466264,,4,1,val,current_repo_v1
7877,315.08,-0.2338505151262325,,4,1,val,current_repo_v1
7878,315.12,0.06267205896471341,,4,1,val,current_repo_v1
7879,315.16,-0.16743640888668826,,4,1,val,current_repo_v1
7880,315.2,0.4262731111639735,,4,1,val,current_repo_v1
7881,315.24,0.2818339328592171,,4,1,val,current_repo_v1
7882,315.28,0.37008698993729433,,4,1,val,current_repo_v1
7883,315.32,0.7597400936095093,,4,1,val,current_repo_v1
7884,315.36,0.9482600268168258,,4,1,val,current_repo_v1
7885,315.4,0.7827152288016378,,4,1,val,current_repo_v1
7886,315.44,0.5842977884840638,,4,1,val,current_repo_v1
7887,315.48,0.5315493739574949,,4,1,val,current_repo_v1
7888,315.52,0.33543240613238806,,4,1,val,current_repo_v1
7889,315.56,0.15002897274139568,,4,1,val,current_repo_v1
7890,315.6,0.38324272716031216,,4,1,val,current_repo_v1
7891,315.64,0.17562470515252862,,4,1,val,current_repo_v1
7892,315.68,-0.8972011989397831,,4,1,val,current_repo_v1
7893,315.72,-0.15054341737635724,,4,1,val,current_repo_v1
7894,315.76,-0.39112383613180274,,4,1,val,current_repo_v1
7895,315.8,-0.09671729536664844,,4,1,val,current_repo_v1
7896,315.84,0.39390643390616387,,4,1,val,current_repo_v1
7897,315.88,1.3153889479893905,,4,1,val,current_repo_v1
7898,315.92,0.7266696911077427,,4,1,val,current_repo_v1
7899,315.96,0.12644708651611394,,4,1,val,current_repo_v1
7900,316.0,0.1404284935686264,,4,1,val,current_repo_v1
7901,316.04,0.5718533677573476,,4,1,val,current_repo_v1
7902,316.08,0.37505399480125196,,4,1,val,current_repo_v1
7903,316.12,0.917748683935269,,4,1,val,current_repo_v1
7904,316.16,0.7995444860954746,,4,1,val,current_repo_v1
7905,316.2,0.5095980887358608,,4,1,val,current_repo_v1
7906,316.24,0.6207146088385952,,4,1,val,current_repo_v1
7907,316.28,0.010666458574826683,,4,1,val,current_repo_v1
7908,316.32,0.6188035514398118,,4,1,val,current_repo_v1
7909,316.36,1.2859837313324645,,4,1,val,current_repo_v1
7910,316.4,1.0128162305756003,,4,1,val,current_repo_v1
7911,316.44,-0.4386511165084736,,4,1,val,current_repo_v1
7912,316.48,-0.7696779151151978,,4,1,val,current_repo_v1
7913,316.52,0.18107860002059653,,4,1,val,current_repo_v1
7914,316.56,0.2839845508000792,,4,1,val,current_repo_v1
7915,316.6,-0.19579379044603099,,4,1,val,current_repo_v1
7916,316.64,-0.07873597669569518,,4,1,val,current_repo_v1
7917,316.68,-0.039467837543581866,,4,1,val,current_repo_v1
7918,316.72,0.2830938869292331,,4,1,val,current_repo_v1
7919,316.76,0.626157181434549,,4,1,val,current_repo_v1
7920,316.8,0.8388772518400227,,4,1,val,current_repo_v1
7921,316.84,1.0909225290409013,,4,1,val,current_repo_v1
7922,316.88,1.0528522370160835,,4,1,val,current_repo_v1
7923,316.92,0.6517106289549617,,4,1,val,current_repo_v1
7924,316.96,0.21530608704730778,,4,1,val,current_repo_v1
7925,317.0,0.4143905723235732,,4,1,val,current_repo_v1
7926,317.04,0.9017768182147674,,4,1,val,current_repo_v1
7927,317.08,0.6593769539398987,,4,1,val,current_repo_v1
7928,317.12,0.4319558903660353,,4,1,val,current_repo_v1
7929,317.16,-0.11435133039443114,,4,1,val,current_repo_v1
7930,317.2,-0.6351773335929649,,4,1,val,current_repo_v1
7931,317.24,-0.22375276047008136,,4,1,val,current_repo_v1
7932,317.28,0.7194915321033739,,4,1,val,current_repo_v1
7933,317.32,-1.343833855073108,,4,1,val,current_repo_v1
7934,317.36,-2.0185947564668103,,4,1,val,current_repo_v1
7935,317.4,-1.5478815495871587,,4,1,val,current_repo_v1
7936,317.44,-1.3456707443213234,,4,1,val,current_repo_v1
7937,317.48,-1.366205889493849,,4,1,val,current_repo_v1
7938,317.52,-0.9731589468691155,,4,1,val,current_repo_v1
7939,317.56,-0.8637456130637248,,4,1,val,current_repo_v1
7940,317.6,-0.972150505525721,,4,1,val,current_repo_v1
7941,317.64,-1.9007397562348731,,4,1,val,current_repo_v1
7942,317.68,-1.6568818546585933,,4,1,val,current_repo_v1
7943,317.72,-0.5042571743149233,,4,1,val,current_repo_v1
7944,317.76,0.19762098873380624,,4,1,val,current_repo_v1
7945,317.8,0.6625016426177945,,4,1,val,current_repo_v1
7946,317.84,0.6855084995537636,,4,1,val,current_repo_v1
7947,317.88,0.8940986056516906,,4,1,val,current_repo_v1
7948,317.92,1.3469254006662987,,4,1,val,current_repo_v1
7949,317.96,0.852706446207223,,4,1,val,current_repo_v1
7950,318.0,0.7784676808407516,,4,1,val,current_repo_v1
7951,318.04,0.28521394604150757,,4,1,val,current_repo_v1
7952,318.08,0.002241170376161737,,4,1,val,current_repo_v1
7953,318.12,0.5212298255200718,,4,1,val,current_repo_v1
7954,318.16,-0.3295290606707101,,4,1,val,current_repo_v1
7955,318.2,-0.7179679839093878,,4,1,val,current_repo_v1
7956,318.24,-0.3766380145883842,,4,1,val,current_repo_v1
7957,318.28,-0.03295100583124472,,4,1,val,current_repo_v1
7958,318.32,-0.8490545046749839,,4,1,val,current_repo_v1
7959,318.36,-0.617436932198552,,4,1,val,current_repo_v1
7960,318.4,-0.4906396305237344,,4,1,val,current_repo_v1
7961,318.44,-0.7181314381088104,,4,1,val,current_repo_v1
7962,318.48,-0.9711515613235577,,4,1,val,current_repo_v1
7963,318.52,-1.3923645051905431,,4,1,val,current_repo_v1
7964,318.56,-1.2477230442382008,,4,1,val,current_repo_v1
7965,318.6,-1.0903966329210195,,4,1,val,current_repo_v1
7966,318.64,-0.34054871639352585,,4,1,val,current_repo_v1
7967,318.68,-0.022640597180886686,,4,1,val,current_repo_v1
7968,318.72,-0.05686366068794707,,4,1,val,current_repo_v1
7969,318.76,0.504140301332016,,4,1,val,current_repo_v1
7970,318.8,1.1243927805704255,,4,1,val,current_repo_v1
7971,318.84,0.7402128083227519,,4,1,val,current_repo_v1
7972,318.88,-0.7695324214957907,,4,1,val,current_repo_v1
7973,318.92,-0.3616596661321994,,4,1,val,current_repo_v1
7974,318.96,0.36616014816057174,,4,1,val,current_repo_v1
7975,319.0,0.3558994884594229,,4,1,val,current_repo_v1
7976,319.04,0.5548558107838681,,4,1,val,current_repo_v1
7977,319.08,-0.40631209079111963,,4,1,val,current_repo_v1
7978,319.12,-0.6622365625465569,,4,1,val,current_repo_v1
7979,319.16,-1.1069774785955757,,4,1,val,current_repo_v1
7980,319.2,-1.3728263660280926,,4,1,val,current_repo_v1
7981,319.24,-1.2175172250361181,,4,1,val,current_repo_v1
7982,319.28,-1.1261774678450702,,4,1,val,current_repo_v1
7983,319.32,-0.9047742322788836,,4,1,val,current_repo_v1
7984,319.36,-1.095825767385163,,4,1,val,current_repo_v1
7985,319.4,-0.8922742500456444,,4,1,val,current_repo_v1
7986,319.44,-0.9049981580714523,,4,1,val,current_repo_v1
7987,319.48,-0.9391797907036813,,4,1,val,current_repo_v1
7988,319.52,-0.7142413573753571,,4,1,val,current_repo_v1
7989,319.56,-0.8839652205643215,,4,1,val,current_repo_v1
7990,319.6,-0.6403050145810191,,4,1,val,current_repo_v1
7991,319.64,-0.44810002905996005,,4,1,val,current_repo_v1
7992,319.68,0.5488942549531468,,4,1,val,current_repo_v1
7993,319.72,0.8659603205562973,,4,1,val,current_repo_v1
7994,319.76,0.24332255676996928,,4,1,val,current_repo_v1
7995,319.8,-0.46490386373424236,,4,1,val,current_repo_v1
7996,319.84,-0.5418888534702231,,4,1,val,current_repo_v1
7997,319.88,-0.5463134229751481,,4,1,val,current_repo_v1
7998,319.92,-0.7900440499376483,,4,1,val,current_repo_v1
7999,319.96,-0.3869541388864518,,4,1,val,current_repo_v1
8000,320.0,0.057801834492350664,,4,1,val,current_repo_v1
8001,320.04,-0.6401764478391807,,4,1,val,current_repo_v1
8002,320.08,-0.9501742499293528,,4,1,val,current_repo_v1
8003,320.12,-0.04842052446573412,,4,1,val,current_repo_v1
8004,320.16,-0.30291600353577924,,4,1,val,current_repo_v1
8005,320.2,-0.26406563765033747,,4,1,val,current_repo_v1
8006,320.24,0.050365346785850834,,4,1,val,current_repo_v1
8007,320.28,0.16240481377139748,,4,1,val,current_repo_v1
8008,320.32,-1.2299040814578202,,4,1,val,current_repo_v1
8009,320.36,-0.8996427395130564,,4,1,val,current_repo_v1
8010,320.4,-0.4842106473677866,,4,1,val,current_repo_v1
8011,320.44,-0.6537873371708676,,4,1,val,current_repo_v1
8012,320.48,-0.4143540050995126,,4,1,val,current_repo_v1
8013,320.52,-0.03936270677440775,,4,1,val,current_repo_v1
8014,320.56,0.2799923919499905,,4,1,val,current_repo_v1
8015,320.6,0.28927323094424456,,4,1,val,current_repo_v1
8016,320.64,-0.1950125213669526,,4,1,val,current_repo_v1
8017,320.68,-0.942934585629391,,4,1,val,current_repo_v1
8018,320.72,-1.4771349541184708,,4,1,val,current_repo_v1
8019,320.76,-0.9731389188842061,,4,1,val,current_repo_v1
8020,320.8,-1.8948941688974181,,4,1,val,current_repo_v1
8021,320.84,-1.8572326415839628,,4,1,val,current_repo_v1
8022,320.88,-0.08232361062961395,,4,1,val,current_repo_v1
8023,320.92,-1.6668300777951541,,4,1,val,current_repo_v1
8024,320.96,-0.6303434825254539,,4,1,val,current_repo_v1
8025,321.0,-0.7599729996920859,,4,1,val,current_repo_v1
8026,321.04,-1.229678475898775,,4,1,val,current_repo_v1
8027,321.08,-1.382324799387428,,4,1,val,current_repo_v1
8028,321.12,-1.201969952595698,,4,1,val,current_repo_v1
8029,321.16,-0.8655541401010521,,4,1,val,current_repo_v1
8030,321.2,-0.8825887165434128,,4,1,val,current_repo_v1
8031,321.24,-0.4454053605999919,,4,1,val,current_repo_v1
8032,321.28,-0.8141098058177032,,4,1,val,current_repo_v1
8033,321.32,-1.1634942553924703,,4,1,val,current_repo_v1
8034,321.36,-1.3341147262413506,,4,1,val,current_repo_v1
8035,321.4,-1.786617067900425,,4,1,val,current_repo_v1
8036,321.44,-1.5874196344802305,,4,1,val,current_repo_v1
8037,321.48,-1.3378624144627376,,4,1,val,current_repo_v1
8038,321.52,-1.2559929222393458,,4,1,val,current_repo_v1
8039,321.56,-1.22093800485866,,4,1,val,current_repo_v1
8040,321.6,-1.4258304926974736,,4,1,val,current_repo_v1
8041,321.64,-0.5727504276620842,,4,1,val,current_repo_v1
8042,321.68,-0.6658746783085682,,4,1,val,current_repo_v1
8043,321.72,-2.7488843443309365,,4,1,val,current_repo_v1
8044,321.76,-2.0143078632065374,,4,1,val,current_repo_v1
8045,321.8,-1.7589272804541984,,4,1,val,current_repo_v1
8046,321.84,-1.341776657990888,,4,1,val,current_repo_v1
8047,321.88,-1.2988821412525966,,4,1,val,current_repo_v1
8048,321.92,-1.574389556710919,,4,1,val,current_repo_v1
8049,321.96,-1.0808381156069558,,4,1,val,current_repo_v1
8050,322.0,-1.0571325404232572,,4,1,val,current_repo_v1
8051,322.04,-0.788480639593052,,4,1,val,current_repo_v1
8052,322.08,-1.3651159794763548,,4,1,val,current_repo_v1
8053,322.12,-0.9700312216902818,,4,1,val,current_repo_v1
8054,322.16,0.7167041534551957,,4,1,val,current_repo_v1
8055,322.2,0.44726925532463363,,4,1,val,current_repo_v1
8056,322.24,0.08198495194123505,,4,1,val,current_repo_v1
8057,322.28,0.32730986303313364,,4,1,val,current_repo_v1
8058,322.32,-0.5740143227226792,,4,1,val,current_repo_v1
8059,322.36,-1.0831842325230958,,4,1,val,current_repo_v1
8060,322.4,-1.209895090830788,,4,1,val,current_repo_v1
8061,322.44,-0.735006824374342,,4,1,val,current_repo_v1
8062,322.48,-1.0198777750226735,,4,1,val,current_repo_v1
8063,322.52,-0.660545748375375,,4,1,val,current_repo_v1
8064,322.56,-1.1098873509837164,,4,1,val,current_repo_v1
8065,322.6,-1.1319815778718418,,4,1,val,current_repo_v1
8066,322.64,-0.617123397325114,,4,1,val,current_repo_v1
8067,322.68,-0.7415991971233095,,4,1,val,current_repo_v1
8068,322.72,-0.6807957854917536,,4,1,val,current_repo_v1
8069,322.76,0.19046621724729948,,4,1,val,current_repo_v1
8070,322.8,-0.2640261631381449,,4,1,val,current_repo_v1
8071,322.84,-0.33900433263459356,,4,1,val,current_repo_v1
8072,322.88,0.5541500504382187,,4,1,val,current_repo_v1
8073,322.92,0.5139714576664607,,4,1,val,current_repo_v1
8074,322.96,0.5757146340350924,,4,1,val,current_repo_v1
8075,323.0,0.6481323387220672,,4,1,val,current_repo_v1
8076,323.04,0.8561940290503983,,4,1,val,current_repo_v1
8077,323.08,0.2804475440586595,,4,1,val,current_repo_v1
8078,323.12,-0.5269691676279022,,4,1,val,current_repo_v1
8079,323.16,-0.06490481587110558,,4,1,val,current_repo_v1
8080,323.2,-0.30124369909903786,,4,1,val,current_repo_v1
8081,323.24,0.10032163813152598,,4,1,val,current_repo_v1
8082,323.28,-0.8038023064744273,,4,1,val,current_repo_v1
8083,323.32,-0.8815777555503038,,4,1,val,current_repo_v1
8084,323.36,-0.78150786434361,,4,1,val,current_repo_v1
8085,323.4,-1.335083305434135,,4,1,val,current_repo_v1
8086,323.44,-0.7475218598994647,,4,1,val,current_repo_v1
8087,323.48,-0.2951153295359413,,4,1,val,current_repo_v1
8088,323.52,-0.29432738984575996,,4,1,val,current_repo_v1
8089,323.56,0.16060617151371898,,4,1,val,current_repo_v1
8090,323.6,0.2800234999330032,,4,1,val,current_repo_v1
8091,323.64,-0.06347644098444136,,4,1,val,current_repo_v1
8092,323.68,0.4778583843153227,,4,1,val,current_repo_v1
8093,323.72,0.3796373022381855,,4,1,val,current_repo_v1
8094,323.76,0.4106585834580991,,4,1,val,current_repo_v1
8095,323.8,0.3562234895701361,,4,1,val,current_repo_v1
8096,323.84,0.25223089139650745,,4,1,val,current_repo_v1
8097,323.88,0.22048353111722171,,4,1,val,current_repo_v1
8098,323.92,-0.11263539240830833,,4,1,val,current_repo_v1
8099,323.96,-0.26329523859855275,,4,1,val,current_repo_v1
8100,324.0,-0.1869391275887301,,4,1,val,current_repo_v1
8101,324.04,0.6340403901141349,,4,1,val,current_repo_v1
8102,324.08,0.6898417156049401,,4,1,val,current_repo_v1
8103,324.12,0.5664905194626143,,4,1,val,current_repo_v1
8104,324.16,0.03259181240148331,,4,1,val,current_repo_v1
8105,324.2,-0.18089258203494923,,4,1,val,current_repo_v1
8106,324.24,-0.1493392509352746,,4,1,val,current_repo_v1
8107,324.28,-0.4836168499184215,,4,1,val,current_repo_v1
8108,324.32,-0.14652346162140623,,4,1,val,current_repo_v1
8109,324.36,0.3144910805046174,,4,1,val,current_repo_v1
8110,324.4,0.7568222100274048,,4,1,val,current_repo_v1
8111,324.44,0.7587133686540846,,4,1,val,current_repo_v1
8112,324.48,0.6303921311468631,,4,1,val,current_repo_v1
8113,324.52,0.21377971232319326,,4,1,val,current_repo_v1
8114,324.56,0.006502931745693435,,4,1,val,current_repo_v1
8115,324.6,0.4435263479770637,,4,1,val,current_repo_v1
8116,324.64,-0.20729208270498223,,4,1,val,current_repo_v1
8117,324.68,0.22101910204594263,,4,1,val,current_repo_v1
8118,324.72,-0.47114600517290545,,4,1,val,current_repo_v1
8119,324.76,-0.7102188335158895,,4,1,val,current_repo_v1
8120,324.8,-0.7133004943294314,,4,1,val,current_repo_v1
8121,324.84,-0.6088142386309852,,4,1,val,current_repo_v1
8122,324.88,-0.40297733439408434,,4,1,val,current_repo_v1
8123,324.92,0.03142557799472321,,4,1,val,current_repo_v1
8124,324.96,0.2849130417198431,,4,1,val,current_repo_v1
8125,325.0,-0.19181823544149626,,4,1,val,current_repo_v1
8126,325.04,0.53597636620253,,4,1,val,current_repo_v1
8127,325.08,0.7807471885554668,,4,1,val,current_repo_v1
8128,325.12,0.39726160592652626,,4,1,val,current_repo_v1
8129,325.16,0.08470281409985643,,4,1,val,current_repo_v1
8130,325.2,0.3084172387455969,,4,1,val,current_repo_v1
8131,325.24,1.209322678100794,,4,1,val,current_repo_v1
8132,325.28,0.019629950917869628,,4,1,val,current_repo_v1
8133,325.32,0.6411191198643886,,4,1,val,current_repo_v1
8134,325.36,0.46592619545426767,,4,1,val,current_repo_v1
8135,325.4,0.261384261957773,,4,1,val,current_repo_v1
8136,325.44,0.20177479280403546,,4,1,val,current_repo_v1
8137,325.48,0.7035348488875617,,4,1,val,current_repo_v1
8138,325.52,0.5556837418374655,,4,1,val,current_repo_v1
8139,325.56,0.8129441124895677,,4,1,val,current_repo_v1
8140,325.6,0.6294661275736122,,4,1,val,current_repo_v1
8141,325.64,0.33044262751139625,,4,1,val,current_repo_v1
8142,325.68,0.6185047468262428,,4,1,val,current_repo_v1
8143,325.72,0.40249705039467404,,4,1,val,current_repo_v1
8144,325.76,1.1280582894472806,,4,1,val,current_repo_v1
8145,325.8,0.8002656873714252,,4,1,val,current_repo_v1
8146,325.84,0.5853344628255404,,4,1,val,current_repo_v1
8147,325.88,0.25585364698622115,,4,1,val,current_repo_v1
8148,325.92,-0.15585072031616823,,4,1,val,current_repo_v1
8149,325.96,-0.3162713099374597,,4,1,val,current_repo_v1
8150,326.0,0.06840586511139242,,4,1,val,current_repo_v1
8151,326.04,-0.41764783334028927,,4,1,val,current_repo_v1
8152,326.08,-0.8719344746355908,,4,1,val,current_repo_v1
8153,326.12,-1.6374054792173478,,4,1,val,current_repo_v1
8154,326.16,-1.0851409020423506,,4,1,val,current_repo_v1
8155,326.2,-0.8419554239078062,,4,1,val,current_repo_v1
8156,326.24,-0.6595137256949097,,4,1,val,current_repo_v1
8157,326.28,-0.9527794385212577,,4,1,val,current_repo_v1
8158,326.32,-0.48948595398654454,,4,1,val,current_repo_v1
8159,326.36,0.27543108299325597,,4,1,val,current_repo_v1
8160,326.4,0.10506581551176476,,4,1,val,current_repo_v1
8161,326.44,0.2089584110494522,,4,1,val,current_repo_v1
8162,326.48,0.6002460728674944,,4,1,val,current_repo_v1
8163,326.52,-0.6175976729290514,,4,1,val,current_repo_v1
8164,326.56,-1.5251835112572134,,4,1,val,current_repo_v1
8165,326.6,-1.092441554786682,,4,1,val,current_repo_v1
8166,326.64,-0.9941433003612402,,4,1,val,current_repo_v1
8167,326.68,-1.1303926479980866,,4,1,val,current_repo_v1
8168,326.72,-0.6015765125231113,,4,1,val,current_repo_v1
8169,326.76,-0.0050012719991262625,,4,1,val,current_repo_v1
8170,326.8,0.07944378829463776,,4,1,val,current_repo_v1
8171,326.84,0.22371587021400613,,4,1,val,current_repo_v1
8172,326.88,0.06167527907704844,,4,1,val,current_repo_v1
8173,326.92,-0.2613717121640031,,4,1,val,current_repo_v1
8174,326.96,0.7554729053021312,,4,1,val,current_repo_v1
8175,327.0,0.21683467454072278,,4,1,val,current_repo_v1
8176,327.04,0.14193802217317592,,4,1,val,current_repo_v1
8177,327.08,1.0175983319143613,,4,1,val,current_repo_v1
8178,327.12,1.5386733281898022,,4,1,val,current_repo_v1
8179,327.16,-0.4123426139569729,,4,1,val,current_repo_v1
8180,327.2,-0.22944503681337444,,4,1,val,current_repo_v1
8181,327.24,-4.807564014285251,,4,1,val,current_repo_v1
8182,327.28,-1.698158756280227,,4,1,val,current_repo_v1
8183,327.32,-0.5645271308774544,,4,1,val,current_repo_v1
8184,327.36,-0.34559567168111416,,4,1,val,current_repo_v1
8185,327.4,-0.3660301600778688,,4,1,val,current_repo_v1
8186,327.44,-0.7469252197683706,,4,1,val,current_repo_v1
8187,327.48,-0.24831750390319585,,4,1,val,current_repo_v1
8188,327.52,0.1816012658203314,,4,1,val,current_repo_v1
8189,327.56,-0.016823695086334182,,4,1,val,current_repo_v1
8190,327.6,0.5492083712842112,,4,1,val,current_repo_v1
8191,327.64,1.1540161084436562,,4,1,val,current_repo_v1
8192,327.68,0.6319059237740063,,4,1,val,current_repo_v1
8193,327.72,0.17023719336347523,,4,1,val,current_repo_v1
8194,327.76,-0.45581248301659183,,4,1,val,current_repo_v1
8195,327.8,0.07346035512072288,,4,1,val,current_repo_v1
8196,327.84,0.3068715628586059,,4,1,val,current_repo_v1
8197,327.88,0.33286472155738644,,4,1,val,current_repo_v1
8198,327.92,0.7852683446327778,,4,1,val,current_repo_v1
8199,327.96,-0.35336704667722163,,4,1,val,current_repo_v1
8200,328.0,-0.9639277901987177,,4,1,val,current_repo_v1
8201,328.04,-0.46385375126095546,,4,1,val,current_repo_v1
8202,328.08,-0.03879032634761527,,4,1,val,current_repo_v1
8203,328.12,0.06770924253385796,,4,1,val,current_repo_v1
8204,328.16,0.36806054550287104,,4,1,val,current_repo_v1
8205,328.2,0.4134822709047261,,4,1,val,current_repo_v1
8206,328.24,0.37854758603990013,,4,1,val,current_repo_v1
8207,328.28,0.7297936691152063,,4,1,val,current_repo_v1
8208,328.32,0.8129967021015558,,4,1,val,current_repo_v1
8209,328.36,0.42747650232822093,,4,1,val,current_repo_v1
8210,328.4,0.6045642356267874,,4,1,val,current_repo_v1
8211,328.44,0.25200824158039664,,4,1,val,current_repo_v1
8212,328.48,0.19910444865477195,,4,1,val,current_repo_v1
8213,328.52,0.3815808889608461,,4,1,val,current_repo_v1
8214,328.56,0.2848398426653191,,4,1,val,current_repo_v1
8215,328.6,0.09136347581672508,,4,1,val,current_repo_v1
8216,328.64,0.13332065055805073,,4,1,val,current_repo_v1
8217,328.68,0.027597051011665204,,4,1,val,current_repo_v1
8218,328.72,0.35189343923270333,,4,1,val,current_repo_v1
8219,328.76,-0.56420816906617,,4,1,val,current_repo_v1
8220,328.8,-1.0899735901946086,,4,1,val,current_repo_v1
8221,328.84,-0.8918050783475387,,4,1,val,current_repo_v1
8222,328.88,-0.39855935474225856,,4,1,val,current_repo_v1
8223,328.92,-0.42486902020901207,,4,1,val,current_repo_v1
8224,328.96,-0.3056274373573087,,4,1,val,current_repo_v1
8225,329.0,-0.6143604398972448,,4,1,val,current_repo_v1
8226,329.04,-0.7828549724511837,,4,1,val,current_repo_v1
8227,329.08,-0.776722726503911,,4,1,val,current_repo_v1
8228,329.12,-0.5210939905579034,,4,1,val,current_repo_v1
8229,329.16,-0.179781045024073,,4,1,val,current_repo_v1
8230,329.2,-0.5232856335646285,,4,1,val,current_repo_v1
8231,329.24,-0.26340881665491045,,4,1,val,current_repo_v1
8232,329.28,-0.09363818650602242,,4,1,val,current_repo_v1
8233,329.32,-0.4087895525244241,,4,1,val,current_repo_v1
8234,329.36,-0.642096420921569,,4,1,val,current_repo_v1
8235,329.4,-0.9289452965957207,,4,1,val,current_repo_v1
8236,329.44,-0.5520266963993947,,4,1,val,current_repo_v1
8237,329.48,-0.7471208479564543,,4,1,val,current_repo_v1
8238,329.52,-0.29597213965165003,,4,1,val,current_repo_v1
8239,329.56,-0.13897250752050833,,4,1,val,current_repo_v1
8240,329.6,0.05321390769760741,,4,1,val,current_repo_v1
8241,329.64,-0.21164164417610104,,4,1,val,current_repo_v1
8242,329.68,-0.1362107937658956,,4,1,val,current_repo_v1
8243,329.72,-0.17692689565846265,,4,1,val,current_repo_v1
8244,329.76,-0.08141208696642056,,4,1,val,current_repo_v1
8245,329.8,-0.49870196045545445,,4,1,val,current_repo_v1
8246,329.84,0.03220049949471332,,4,1,val,current_repo_v1
8247,329.88,-0.16347096478421266,,4,1,val,current_repo_v1
8248,329.92,-0.2642452434504936,,4,1,val,current_repo_v1
8249,329.96,-0.2765253216397467,,4,1,val,current_repo_v1
8250,330.0,-0.17210977764931154,,4,1,val,current_repo_v1
8251,330.04,-0.1687626329745137,,4,1,val,current_repo_v1
8252,330.08,-0.8671426823363898,,4,1,val,current_repo_v1
8253,330.12,-1.1324784011104032,,4,1,val,current_repo_v1
8254,330.16,-1.0616376741126408,,4,1,val,current_repo_v1
8255,330.2,-0.6099065390853878,,4,1,val,current_repo_v1
8256,330.24,-0.5384614837945821,,4,1,val,current_repo_v1
8257,330.28,-0.4419981804252678,,4,1,val,current_repo_v1
8258,330.32,-0.47045704249201886,,4,1,val,current_repo_v1
8259,330.36,-0.671520373435346,,4,1,val,current_repo_v1
8260,330.4,-0.5413282637119661,,4,1,val,current_repo_v1
8261,330.44,-0.5685386070420204,,4,1,val,current_repo_v1
8262,330.48,-0.30595004943035886,,4,1,val,current_repo_v1
8263,330.52,0.211672186853088,,4,1,val,current_repo_v1
8264,330.56,0.4618677181315673,,4,1,val,current_repo_v1
8265,330.6,0.06524848155571185,,4,1,val,current_repo_v1
8266,330.64,-0.029367028215941993,,4,1,val,current_repo_v1
8267,330.68,0.15341129560259104,,4,1,val,current_repo_v1
8268,330.72,0.7880633468365023,,4,1,val,current_repo_v1
8269,330.76,0.5457147154391601,,4,1,val,current_repo_v1
8270,330.8,0.46936584034646606,,4,1,val,current_repo_v1
8271,330.84,0.49129767904081717,,4,1,val,current_repo_v1
8272,330.88,0.7650506753242692,,4,1,val,current_repo_v1
8273,330.92,1.3399945549723606,,4,1,val,current_repo_v1
8274,330.96,1.6922771185699348,,4,1,val,current_repo_v1
8275,331.0,1.6818367238558238,,4,1,val,current_repo_v1
8276,331.04,1.4414605905464553,,4,1,val,current_repo_v1
8277,331.08,1.0943677300837518,,4,1,val,current_repo_v1
8278,331.12,0.9262184541470915,,4,1,val,current_repo_v1
8279,331.16,0.6724713796865324,,4,1,val,current_repo_v1
8280,331.2,0.7592933403332217,,4,1,val,current_repo_v1
8281,331.24,0.6374662738425084,,4,1,val,current_repo_v1
8282,331.28,0.6548611601940311,,4,1,val,current_repo_v1
8283,331.32,1.194859242675992,,4,1,val,current_repo_v1
8284,331.36,1.6923819101554933,,4,1,val,current_repo_v1
8285,331.4,1.3902660892232515,,4,1,val,current_repo_v1
8286,331.44,1.4768935845971098,,4,1,val,current_repo_v1
8287,331.48,1.5252080616903283,,4,1,val,current_repo_v1
8288,331.52,1.382149845248283,,4,1,val,current_repo_v1
8289,331.56,1.192214385752686,,4,1,val,current_repo_v1
8290,331.6,1.077897102932601,,4,1,val,current_repo_v1
8291,331.64,1.0115110520235306,,4,1,val,current_repo_v1
8292,331.68,1.4521444221868207,,4,1,val,current_repo_v1
8293,331.72,1.412140525128596,,4,1,val,current_repo_v1
8294,331.76,1.203733836608598,,4,1,val,current_repo_v1
8295,331.8,0.9784265653259244,,4,1,val,current_repo_v1
8296,331.84,1.2759906713522675,,4,1,val,current_repo_v1
8297,331.88,1.4255880894736659,,4,1,val,current_repo_v1
8298,331.92,1.3840412623005747,,4,1,val,current_repo_v1
8299,331.96,1.3762286684193954,,4,1,val,current_repo_v1
8300,332.0,1.5835145650612965,,4,1,val,current_repo_v1
8301,332.04,1.7103135465025905,,4,1,val,current_repo_v1
8302,332.08,1.5834960876300574,,4,1,val,current_repo_v1
8303,332.12,1.6905339086059734,,4,1,val,current_repo_v1
8304,332.16,1.217317203612635,,4,1,val,current_repo_v1
8305,332.2,0.4963175319423747,,4,1,val,current_repo_v1
8306,332.24,0.5933326709023485,,4,1,val,current_repo_v1
8307,332.28,0.9320978952396839,,4,1,val,current_repo_v1
8308,332.32,1.1369004509656138,,4,1,val,current_repo_v1
8309,332.36,1.5421121978051655,,4,1,val,current_repo_v1
8310,332.4,1.3496351224181504,,4,1,val,current_repo_v1
8311,332.44,1.3026600652705567,,4,1,val,current_repo_v1
8312,332.48,1.631939519103532,,4,1,val,current_repo_v1
8313,332.52,1.3250455378231079,,4,1,val,current_repo_v1
8314,332.56,0.9087329250122526,,4,1,val,current_repo_v1
8315,332.6,1.270052826071423,,4,1,val,current_repo_v1
8316,332.64,1.6558787756466422,,4,1,val,current_repo_v1
8317,332.68,1.5431145015402812,,4,1,val,current_repo_v1
8318,332.72,1.3372491704860896,,4,1,val,current_repo_v1
8319,332.76,1.497675397016037,,4,1,val,current_repo_v1
8320,332.8,1.750567987191393,,4,1,val,current_repo_v1
8321,332.84,1.5615262926739828,,4,1,val,current_repo_v1
8322,332.88,1.5726398861066644,,4,1,val,current_repo_v1
8323,332.92,1.6478144752196326,,4,1,val,current_repo_v1
8324,332.96,1.6815586578975965,,4,1,val,current_repo_v1
8325,333.0,1.5592008498067815,,4,1,val,current_repo_v1
8326,333.04,1.4789683546209278,,4,1,val,current_repo_v1
8327,333.08,1.457203749600571,,4,1,val,current_repo_v1
8328,333.12,0.42949538781350094,,4,1,val,current_repo_v1
8329,333.16,0.17681535270379733,,4,1,val,current_repo_v1
8330,333.2,-0.19579039860987696,,4,1,val,current_repo_v1
8331,333.24,-0.3648853346178809,,4,1,val,current_repo_v1
8332,333.28,-0.33543809149584625,,4,1,val,current_repo_v1
8333,333.32,0.41088745164049223,,4,1,val,current_repo_v1
8334,333.36,-0.09847961267427739,,4,1,val,current_repo_v1
8335,333.4,-0.9640413036486725,,4,1,val,current_repo_v1
8336,333.44,-0.7697071172093238,,4,1,val,current_repo_v1
8337,333.48,-0.7094423937654304,,4,1,val,current_repo_v1
8338,333.52,-0.9776432772967544,,4,1,val,current_repo_v1
8339,333.56,-1.0211932259928098,,4,1,val,current_repo_v1
8340,333.6,-0.5857588622864128,,4,1,val,current_repo_v1
8341,333.64,-0.25955171749015493,,4,1,val,current_repo_v1
8342,333.68,0.040068313679850205,,4,1,val,current_repo_v1
8343,333.72,0.2647544065120153,,4,1,val,current_repo_v1
8344,333.76,0.3906710744600423,,4,1,val,current_repo_v1
8345,333.8,0.4116782663156041,,4,1,val,current_repo_v1
8346,333.84,0.027277572349157293,,4,1,val,current_repo_v1
8347,333.88,-0.05394643932147255,,4,1,val,current_repo_v1
8348,333.92,-0.16023222965353784,,4,1,val,current_repo_v1
8349,333.96,0.2089046908254127,,4,1,val,current_repo_v1
8350,334.0,-0.25226558503488294,,4,1,val,current_repo_v1
8351,334.04,-0.16575966275974519,,4,1,val,current_repo_v1
8352,334.08,-0.20573338862780005,,4,1,val,current_repo_v1
8353,334.12,-0.5452107208898731,,4,1,val,current_repo_v1
8354,334.16,-1.0034091506700136,,4,1,val,current_repo_v1
8355,334.2,-0.4764640812304057,,4,1,val,current_repo_v1
8356,334.24,-0.32633598611530873,,4,1,val,current_repo_v1
8357,334.28,-0.29047226117629393,,4,1,val,current_repo_v1
8358,334.32,0.20493998969657087,,4,1,val,current_repo_v1
8359,334.36,-0.03153651122646082,,4,1,val,current_repo_v1
8360,334.4,-0.13313647385488706,,4,1,val,current_repo_v1
8361,334.44,-0.6283164566334043,,4,1,val,current_repo_v1
8362,334.48,-0.1299931139265433,,4,1,val,current_repo_v1
8363,334.52,-0.31396599196477243,,4,1,val,current_repo_v1
8364,334.56,-0.4265901670863714,,4,1,val,current_repo_v1
8365,334.6,-0.1724687146724113,,4,1,val,current_repo_v1
8366,334.64,-0.11027679030480138,,4,1,val,current_repo_v1
8367,334.68,-0.25375946273832173,,4,1,val,current_repo_v1
8368,334.72,-0.13501069752819778,,4,1,val,current_repo_v1
8369,334.76,-0.12021238288958856,,4,1,val,current_repo_v1
8370,334.8,-0.4402251223031511,,4,1,val,current_repo_v1
8371,334.84,-0.5840520903337063,,4,1,val,current_repo_v1
8372,334.88,-0.38200199349516895,,4,1,val,current_repo_v1
8373,334.92,-0.9458196491588052,,4,1,val,current_repo_v1
8374,334.96,-0.5722863598698104,,4,1,val,current_repo_v1
8375,335.0,-0.6816701685490604,,4,1,val,current_repo_v1
8376,335.04,-0.46672431065291103,,4,1,val,current_repo_v1
8377,335.08,-1.010395299444863,,4,1,val,current_repo_v1
8378,335.12,-0.6705029518019436,,4,1,val,current_repo_v1
8379,335.16,-0.5092314150960097,,4,1,val,current_repo_v1
8380,335.2,-0.8824848294474951,,4,1,val,current_repo_v1
8381,335.24,-0.7341525339083476,,4,1,val,current_repo_v1
8382,335.28,-0.7553186898183281,,4,1,val,current_repo_v1
8383,335.32,-0.8977916368561956,,4,1,val,current_repo_v1
8384,335.36,-0.8474264233210508,,4,1,val,current_repo_v1
8385,335.4,-0.8496385465575059,,4,1,val,current_repo_v1
8386,335.44,-0.6099216569836744,,4,1,val,current_repo_v1
8387,335.48,-0.5286185044884006,,4,1,val,current_repo_v1
8388,335.52,-1.1195480756272216,,4,1,val,current_repo_v1
8389,335.56,-0.8506786450383381,,4,1,val,current_repo_v1
8390,335.6,-0.4269291891857668,,4,1,val,current_repo_v1
8391,335.64,-0.7521124032535268,,4,1,val,current_repo_v1
8392,335.68,-1.4188504169245,,4,1,val,current_repo_v1
8393,335.72,-1.3058853461178206,,4,1,val,current_repo_v1
8394,335.76,-1.2797706627751215,,4,1,val,current_repo_v1
8395,335.8,-0.7462344481082017,,4,1,val,current_repo_v1
8396,335.84,-0.5552597300150106,,4,1,val,current_repo_v1
8397,335.88,0.0549787608065515,,4,1,val,current_repo_v1
8398,335.92,0.691017875170351,,4,1,val,current_repo_v1
8399,335.96,0.8750581942174427,,4,1,val,current_repo_v1
8400,336.0,1.597787153171832,,4,1,val,current_repo_v1
8401,336.04,0.3393766916379028,,4,1,val,current_repo_v1
8402,336.08,2.1008154490965505,,4,1,val,current_repo_v1
8403,336.12,1.4724688212729762,,4,1,val,current_repo_v1
8404,336.16,2.549320592606107,,4,1,val,current_repo_v1
8405,336.2,2.5723010901296792,,4,1,val,current_repo_v1
8406,336.24,1.4066093125478167,,4,1,val,current_repo_v1
8407,336.28,0.690943577806977,,4,1,val,current_repo_v1
8408,336.32,0.5059502174070065,,4,1,val,current_repo_v1
8409,336.36,0.6987702558839959,,4,1,val,current_repo_v1
8410,336.4,2.502481725755898,,4,1,val,current_repo_v1
8411,336.44,2.408039052244743,,4,1,val,current_repo_v1
8412,336.48,0.7938038841627869,,4,1,val,current_repo_v1
8413,336.52,0.39221555512857903,,4,1,val,current_repo_v1
8414,336.56,0.31068243614206226,,4,1,val,current_repo_v1
8415,336.6,0.6060020511240803,,4,1,val,current_repo_v1
8416,336.64,0.9121117752792902,,4,1,val,current_repo_v1
8417,336.68,1.1394648083108643,,4,1,val,current_repo_v1
8418,336.72,1.251573973491476,,4,1,val,current_repo_v1
8419,336.76,0.7053594629192197,,4,1,val,current_repo_v1
8420,336.8,0.662886050715251,,4,1,val,current_repo_v1
8421,336.84,0.4278964762504925,,4,1,val,current_repo_v1
8422,336.88,0.7066530123187613,,4,1,val,current_repo_v1
8423,336.92,0.686994640640451,,4,1,val,current_repo_v1
8424,336.96,0.20273652371810882,,4,1,val,current_repo_v1
8425,337.0,0.542340193801119,,4,1,val,current_repo_v1
8426,337.04,0.853393987547245,,4,1,val,current_repo_v1
8427,337.08,1.4329987023157906,,4,1,val,current_repo_v1
8428,337.12,1.7681015188836118,,4,1,val,current_repo_v1
8429,337.16,1.9731064218635304,,4,1,val,current_repo_v1
8430,337.2,1.538506514457427,,4,1,val,current_repo_v1
8431,337.24,1.5516929397218384,,4,1,val,current_repo_v1
8432,337.28,1.1529993328742834,,4,1,val,current_repo_v1
8433,337.32,1.436082753566241,,4,1,val,current_repo_v1
8434,337.36,1.6700457968947837,,4,1,val,current_repo_v1
8435,337.4,1.6509981495434072,,4,1,val,current_repo_v1
8436,337.44,1.690173017239185,,4,1,val,current_repo_v1
8437,337.48,1.7990027614068742,,4,1,val,current_repo_v1
8438,337.52,1.4510525739772386,,4,1,val,current_repo_v1
8439,337.56,1.0136818271621082,,4,1,val,current_repo_v1
8440,337.6,1.1153801873611529,,4,1,val,current_repo_v1
8441,337.64,1.086568574334383,,4,1,val,current_repo_v1
8442,337.68,0.8728244278360047,,4,1,val,current_repo_v1
8443,337.72,0.5461110111147564,,4,1,val,current_repo_v1
8444,337.76,0.9269897253853158,,4,1,val,current_repo_v1
8445,337.8,1.0549434816726495,,4,1,val,current_repo_v1
8446,337.84,0.7438376151657587,,4,1,val,current_repo_v1
8447,337.88,0.8921978852773766,,4,1,val,current_repo_v1
8448,337.92,0.9780085618989424,,4,1,val,current_repo_v1
8449,337.96,1.1836794922867062,,4,1,val,current_repo_v1
8450,338.0,1.206224542654504,,4,1,val,current_repo_v1
8451,338.04,1.4479611575968536,,4,1,val,current_repo_v1
8452,338.08,1.8040031677811486,,4,1,val,current_repo_v1
8453,338.12,1.5218703657019597,,4,1,val,current_repo_v1
8454,338.16,1.3354912302622595,,4,1,val,current_repo_v1
8455,338.2,1.3195001118336835,,4,1,val,current_repo_v1
8456,338.24,0.9311554816400878,,4,1,val,current_repo_v1
8457,338.28,0.6581992438208175,,4,1,val,current_repo_v1
8458,338.32,0.858475927202022,,4,1,val,current_repo_v1
8459,338.36,1.3267923657456335,,4,1,val,current_repo_v1
8460,338.4,1.3037619920789967,,4,1,val,current_repo_v1
8461,338.44,1.1379099906178582,,4,1,val,current_repo_v1
8462,338.48,1.094747615733003,,4,1,val,current_repo_v1
8463,338.52,1.0891963751673144,,4,1,val,current_repo_v1
8464,338.56,0.90073704276595,,4,1,val,current_repo_v1
8465,338.6,1.0940788102498316,,4,1,val,current_repo_v1
8466,338.64,1.4283591873083048,,4,1,val,current_repo_v1
8467,338.68,1.3781057428502355,,4,1,val,current_repo_v1
8468,338.72,1.1271346763109382,,4,1,val,current_repo_v1
8469,338.76,1.0461942887681381,,4,1,val,current_repo_v1
8470,338.8,1.183489291036469,,4,1,val,current_repo_v1
8471,338.84,1.0357640372592878,,4,1,val,current_repo_v1
8472,338.88,1.6135500817852455,,4,1,val,current_repo_v1
8473,338.92,1.7925879916595717,,4,1,val,current_repo_v1
8474,338.96,1.190804803253475,,4,1,val,current_repo_v1
8475,339.0,1.3899311696304424,,4,1,val,current_repo_v1
8476,339.04,1.355982313867984,,4,1,val,current_repo_v1
8477,339.08,0.9860458568495256,,4,1,val,current_repo_v1
8478,339.12,1.0179320885919176,,4,1,val,current_repo_v1
8479,339.16,0.8610069476433587,,4,1,val,current_repo_v1
8480,339.2,0.8563520563119745,,4,1,val,current_repo_v1
8481,339.24,0.7861105537014236,,4,1,val,current_repo_v1
8482,339.28,1.0721327904500366,,4,1,val,current_repo_v1
8483,339.32,1.1751593290805953,,4,1,val,current_repo_v1
8484,339.36,1.5053116154172068,,4,1,val,current_repo_v1
8485,339.4,1.3390285600356937,,4,1,val,current_repo_v1
8486,339.44,1.3385953094976193,,4,1,val,current_repo_v1
8487,339.48,1.281549793899114,,4,1,val,current_repo_v1
8488,339.52,1.3062303443094874,,4,1,val,current_repo_v1
8489,339.56,0.9443413900532758,,4,1,val,current_repo_v1
8490,339.6,1.2153358544474595,,4,1,val,current_repo_v1
8491,339.64,0.6888991081861352,,4,1,val,current_repo_v1
8492,339.68,0.22177780733879637,,4,1,val,current_repo_v1
8493,339.72,0.5784618275006458,,4,1,val,current_repo_v1
8494,339.76,0.9076974781924317,,4,1,val,current_repo_v1
8495,339.8,0.7857186512612269,,4,1,val,current_repo_v1
8496,339.84,0.7523490565074735,,4,1,val,current_repo_v1
8497,339.88,0.6051180417127364,,4,1,val,current_repo_v1
8498,339.92,0.5741322940144364,,4,1,val,current_repo_v1
8499,339.96,0.174935984745653,,4,1,val,current_repo_v1
8500,340.0,0.02311417422809239,,4,1,val,current_repo_v1
8501,340.04,0.32981781898862295,,4,1,val,current_repo_v1
8502,340.08,0.3931971525115545,,4,1,val,current_repo_v1
8503,340.12,0.7416521743737152,,4,1,val,current_repo_v1
8504,340.16,0.8978111479898816,,4,1,val,current_repo_v1
8505,340.2,1.0258405583750507,,4,1,val,current_repo_v1
8506,340.24,0.9616586841148749,,4,1,val,current_repo_v1
8507,340.28,0.93123921153829,,4,1,val,current_repo_v1
8508,340.32,1.1620394484112058,,4,1,val,current_repo_v1
8509,340.36,1.2619998963713297,,4,1,val,current_repo_v1
8510,340.4,1.1572285972231393,,4,1,val,current_repo_v1
8511,340.44,0.9206776152122753,,4,1,val,current_repo_v1
8512,340.48,0.5945238837596429,,4,1,val,current_repo_v1
8513,340.52,0.8525524245426287,,4,1,val,current_repo_v1
8514,340.56,1.1435192477333813,,4,1,val,current_repo_v1
8515,340.6,0.9294447686968023,,4,1,val,current_repo_v1
8516,340.64,0.9612958545559983,,4,1,val,current_repo_v1
8517,340.68,1.3311185396988903,,4,1,val,current_repo_v1
8518,340.72,1.3008444961353096,,4,1,val,current_repo_v1
8519,340.76,1.0055162885017013,,4,1,val,current_repo_v1
8520,340.8,0.4759527538543857,,4,1,val,current_repo_v1
8521,340.84,0.4745721473268907,,4,1,val,current_repo_v1
8522,340.88,0.6490007779903041,,4,1,val,current_repo_v1
8523,340.92,0.37454082614274836,,4,1,val,current_repo_v1
8524,340.96,0.720149742136464,,4,1,val,current_repo_v1
8525,341.0,0.9331848333626431,,4,1,val,current_repo_v1
8526,341.04,1.0429524040753202,,4,1,val,current_repo_v1
8527,341.08,0.9609291486129458,,4,1,val,current_repo_v1
8528,341.12,0.26571568518126815,,4,1,val,current_repo_v1
8529,341.16,0.05311243526599942,,4,1,val,current_repo_v1
8530,341.2,-0.018669193137740462,,4,1,val,current_repo_v1
8531,341.24,0.47845370001515664,,4,1,val,current_repo_v1
8532,341.28,0.07256105821928473,,4,1,val,current_repo_v1
8533,341.32,-0.6739517061969558,,4,1,val,current_repo_v1
8534,341.36,0.01606479193637148,,4,1,val,current_repo_v1
8535,341.4,-0.06875740470135626,,4,1,val,current_repo_v1
8536,341.44,0.10401111598386958,,4,1,val,current_repo_v1
8537,341.48,0.18389971936270694,,4,1,val,current_repo_v1
8538,341.52,0.5863207441727286,,4,1,val,current_repo_v1
8539,341.56,0.4070050913721896,,4,1,val,current_repo_v1
8540,341.6,0.4217998930376393,,4,1,val,current_repo_v1
8541,341.64,0.4243959075203274,,4,1,val,current_repo_v1
8542,341.68,0.5555930344477464,,4,1,val,current_repo_v1
8543,341.72,0.626030229852784,,4,1,val,current_repo_v1
8544,341.76,0.6122450324459816,,4,1,val,current_repo_v1
8545,341.8,0.36596006213068555,,4,1,val,current_repo_v1
8546,341.84,-0.19672551168594155,,4,1,val,current_repo_v1
8547,341.88,-0.06482588299832114,,4,1,val,current_repo_v1
8548,341.92,-0.22907348539010186,,4,1,val,current_repo_v1
8549,341.96,0.010635883594638237,,4,1,val,current_repo_v1
8550,342.0,0.1934532781353455,,4,1,val,current_repo_v1
8551,342.04,0.20122980549208694,,4,1,val,current_repo_v1
8552,342.08,0.40610147391755524,,4,1,val,current_repo_v1
8553,342.12,0.09824273329792041,,4,1,val,current_repo_v1
8554,342.16,0.1458839712935662,,4,1,val,current_repo_v1
8555,342.2,0.009966335137833238,,4,1,val,current_repo_v1
8556,342.24,-0.26387811756582197,,4,1,val,current_repo_v1
8557,342.28,-0.059202081366337554,,4,1,val,current_repo_v1
8558,342.32,0.45766239045499835,,4,1,val,current_repo_v1
8559,342.36,0.34270563345867405,,4,1,val,current_repo_v1
8560,342.4,-0.0032569314231136633,,4,1,val,current_repo_v1
8561,342.44,0.23931481162517276,,4,1,val,current_repo_v1
8562,342.48,0.5820985865281953,,4,1,val,current_repo_v1
8563,342.52,-0.11176926281897635,,4,1,val,current_repo_v1
8564,342.56,-0.537723226428257,,4,1,val,current_repo_v1
8565,342.6,-0.27528571858665485,,4,1,val,current_repo_v1
8566,342.64,0.12457092465071518,,4,1,val,current_repo_v1
8567,342.68,-0.16713589220344144,,4,1,val,current_repo_v1
8568,342.72,-0.40235966487883523,,4,1,val,current_repo_v1
8569,342.76,-0.35871141754071595,,4,1,val,current_repo_v1
8570,342.8,0.4198715857292726,,4,1,val,current_repo_v1
8571,342.84,1.1984516171047261,,4,1,val,current_repo_v1
8572,342.88,0.9783620881357965,,4,1,val,current_repo_v1
8573,342.92,0.8684093554723109,,4,1,val,current_repo_v1
8574,342.96,0.46238234043413695,,4,1,val,current_repo_v1
8575,343.0,0.21706267053667636,,4,1,val,current_repo_v1
8576,343.04,-0.07517433876315693,,4,1,val,current_repo_v1
8577,343.08,-0.3341070380794015,,4,1,val,current_repo_v1
8578,343.12,0.10595168235719304,,4,1,val,current_repo_v1
8579,343.16,-0.7219074239346824,,4,1,val,current_repo_v1
8580,343.2,-0.12465035822312234,,4,1,val,current_repo_v1
8581,343.24,-0.8467863030807822,,4,1,val,current_repo_v1
8582,343.28,-0.3671849026207071,,4,1,val,current_repo_v1
8583,343.32,-0.167982656023494,,4,1,val,current_repo_v1
8584,343.36,-0.8977850470030964,,4,1,val,current_repo_v1
8585,343.4,-0.779972428571484,,4,1,val,current_repo_v1
8586,343.44,-0.40937782612633833,,4,1,val,current_repo_v1
8587,343.48,-0.26857132049414595,,4,1,val,current_repo_v1
8588,343.52,0.5836811203680601,,4,1,val,current_repo_v1
8589,343.56,0.44573333500448564,,4,1,val,current_repo_v1
8590,343.6,0.4960681835302515,,4,1,val,current_repo_v1
8591,343.64,0.5305836697496411,,4,1,val,current_repo_v1
8592,343.68,-0.4490648610813742,,4,1,val,current_repo_v1
8593,343.72,-1.0310060341088212,,4,1,val,current_repo_v1
8594,343.76,-0.7423191062712013,,4,1,val,current_repo_v1
8595,343.8,-0.2677752080939935,,4,1,val,current_repo_v1
8596,343.84,-0.24437262078845395,,4,1,val,current_repo_v1
8597,343.88,-0.22206575807667256,,4,1,val,current_repo_v1
8598,343.92,-0.303544785352333,,4,1,val,current_repo_v1
8599,343.96,-0.5034987274476814,,4,1,val,current_repo_v1
8600,344.0,-0.009698093390752059,,4,1,val,current_repo_v1
8601,344.04,-1.0392806929837834,,4,1,val,current_repo_v1
8602,344.08,-0.05302088799304215,,4,1,val,current_repo_v1
8603,344.12,0.7580137459167138,,4,1,val,current_repo_v1
8604,344.16,2.2503332721295344,,4,1,val,current_repo_v1
8605,344.2,2.214964109204978,,4,1,val,current_repo_v1
8606,344.24,3.0936975032597163,,4,1,val,current_repo_v1
8607,344.28,1.9198768188479103,,4,1,val,current_repo_v1
8608,344.32,1.8113579606911385,,4,1,val,current_repo_v1
8609,344.36,2.2050891497293446,,4,1,val,current_repo_v1
8610,344.4,2.302559020856368,,4,1,val,current_repo_v1
8611,344.44,2.4953318643560145,,4,1,val,current_repo_v1
8612,344.48,0.9624101211873985,,4,1,val,current_repo_v1
8613,344.52,0.1944180132471553,,4,1,val,current_repo_v1
8614,344.56,0.05919146976465567,,4,1,val,current_repo_v1
8615,344.6,0.06692328949056689,,4,1,val,current_repo_v1
8616,344.64,0.27809474037981585,,4,1,val,current_repo_v1
8617,344.68,0.2654409464527919,,4,1,val,current_repo_v1
8618,344.72,0.1843180135185022,,4,1,val,current_repo_v1
8619,344.76,-0.405044416255953,,4,1,val,current_repo_v1
8620,344.8,-0.3441716173476462,,4,1,val,current_repo_v1
8621,344.84,-0.07221210288543825,,4,1,val,current_repo_v1
8622,344.88,-0.1823104341537356,,4,1,val,current_repo_v1
8623,344.92,0.13848355011150418,,4,1,val,current_repo_v1
8624,344.96,0.8990671610693186,,4,1,val,current_repo_v1
8625,345.0,0.765913300016242,,4,1,val,current_repo_v1
8626,345.04,0.8655498760784586,,4,1,val,current_repo_v1
8627,345.08,1.2583811625301986,,4,1,val,current_repo_v1
8628,345.12,0.9735690037085367,,4,1,val,current_repo_v1
8629,345.16,1.0820887017485465,,4,1,val,current_repo_v1
8630,345.2,0.762958784603674,,4,1,val,current_repo_v1
8631,345.24,0.6178810366123193,,4,1,val,current_repo_v1
8632,345.28,1.4742423962463163,,4,1,val,current_repo_v1
8633,345.32,1.7610794489487311,,4,1,val,current_repo_v1
8634,345.36,1.784056199300933,,4,1,val,current_repo_v1
8635,345.4,1.751920845268828,,4,1,val,current_repo_v1
8636,345.44,1.9491970134785754,,4,1,val,current_repo_v1
8637,345.48,0.8916058322008907,,4,1,val,current_repo_v1
8638,345.52,1.017044978073233,,4,1,val,current_repo_v1
8639,345.56,1.2906222126375033,,4,1,val,current_repo_v1
8640,345.6,1.8395988407543908,,4,1,val,current_repo_v1
8641,345.64,1.0858474376648353,,4,1,val,current_repo_v1
8642,345.68,1.3751453482550005,,4,1,val,current_repo_v1
8643,345.72,2.1280067335377395,,4,1,val,current_repo_v1
8644,345.76,1.7309892752079001,,4,1,val,current_repo_v1
8645,345.8,1.3095296640945135,,4,1,val,current_repo_v1
8646,345.84,1.0845022031429465,,4,1,val,current_repo_v1
8647,345.88,1.6227515841166968,,4,1,val,current_repo_v1
8648,345.92,1.1600463408806965,,4,1,val,current_repo_v1
8649,345.96,0.9883435835698682,,4,1,val,current_repo_v1
