frame_idx,timestamp_s,y_pred,y_true,subject_id,story_id,split,manifest_id
0,0.0,0.3193543227513804,,8,1,val,current_repo_v1
1,0.04,0.3193543227513804,,8,1,val,current_repo_v1
2,0.08,0.3193543227513804,,8,1,val,current_repo_v1
3,0.12,0.3193543227513804,,8,1,val,current_repo_v1
4,0.16,0.30594090041220584,,8,1,val,current_repo_v1
5,0.2,0.6661421343568236,,8,1,val,current_repo_v1
6,0.24,0.732680187611358,,8,1,val,current_repo_v1
7,0.28,0.742201457613919,,8,1,val,current_repo_v1
8,0.32,0.8930965517934493,,8,1,val,current_repo_v1
9,0.36,0.934509799644909,,8,1,val,current_repo_v1
10,0.4,0.6662919600009722,,8,1,val,current_repo_v1
11,0.44,0.46097266494559624,,8,1,val,current_repo_v1
12,0.48,-0.1980038548384809,,8,1,val,current_repo_v1
13,0.52,-0.3963652384262719,,8,1,val,current_repo_v1
14,0.56,-0.5640576619173648,,8,1,val,current_repo_v1
15,0.6,-1.0308752732874633,,8,1,val,current_repo_v1
16,0.64,-1.6831012283208102,,8,1,val,current_repo_v1
17,0.68,-1.6786251337436218,,8,1,val,current_repo_v1
18,0.72,-0.68600800262815,,8,1,val,current_repo_v1
19,0.76,-1.0323900661463825,,8,1,val,current_repo_v1
20,0.8,-0.9456387372991226,,8,1,val,current_repo_v1
21,0.84,-0.35108054439881964,,8,1,val,current_repo_v1
22,0.88,0.010144874920534317,,8,1,val,current_repo_v1
23,0.92,0.30469475305889865,,8,1,val,current_repo_v1
24,0.96,0.4636019196784864,,8,1,val,current_repo_v1
25,1.0,0.22640344111442337,,8,1,val,current_repo_v1
26,1.04,0.36003594104795694,,8,1,val,current_repo_v1
27,1.08,0.44792714225545754,,8,1,val,current_repo_v1
28,1.12,0.5584240537587526,,8,1,val,current_repo_v1
29,1.16,0.3249520069686744,,8,1,val,current_repo_v1
30,1.2,-0.13489647561188486,,8,1,val,current_repo_v1
31,1.24,-0.3610871439974836,,8,1,val,current_repo_v1
32,1.28,-0.5832875908941647,,8,1,val,current_repo_v1
33,1.32,-0.6562834359054519,,8,1,val,current_repo_v1
34,1.36,-0.8028651624086461,,8,1,val,current_repo_v1
35,1.4,-0.9847512135200038,,8,1,val,current_repo_v1
36,1.44,-0.8055191148511925,,8,1,val,current_repo_v1
37,1.48,-0.9269485940516938,,8,1,val,current_repo_v1
38,1.52,-0.7753063674259377,,8,1,val,current_repo_v1
39,1.56,-1.209683127315945,,8,1,val,current_repo_v1
40,1.6,-1.3530451705784916,,8,1,val,current_repo_v1
41,1.64,-1.3764625908816912,,8,1,val,current_repo_v1
42,1.68,-1.5263970047416038,,8,1,val,current_repo_v1
43,1.72,-1.6395474410214772,,8,1,val,current_repo_v1
44,1.76,-1.3785553030188014,,8,1,val,current_repo_v1
45,1.8,-1.3155310246356269,,8,1,val,current_repo_v1
46,1.84,-0.9318771592231049,,8,1,val,current_repo_v1
47,1.88,-1.2013199767549292,,8,1,val,current_repo_v1
48,1.92,-1.2650390697809017,,8,1,val,current_repo_v1
49,1.96,-1.1451762735767794,,8,1,val,current_repo_v1
50,2.0,-1.0524758260029605,,8,1,val,current_repo_v1
51,2.04,-1.3210742883584834,,8,1,val,current_repo_v1
52,2.08,-1.241811248056882,,8,1,val,current_repo_v1
53,2.12,-1.2216932706973755,,8,1,val,current_repo_v1
54,2.16,-1.5367426721752895,,8,1,val,current_repo_v1
55,2.2,-1.4946016081238287,,8,1,val,current_repo_v1
56,2.24,-1.1913299848513585,,8,1,val,current_repo_v1
57,2.28,-1.1089274486781238,,8,1,val,current_repo_v1
58,2.32,-1.061655818562998,,8,1,val,current_repo_v1
59,2.36,-1.126107503392282,,8,1,val,current_repo_v1
60,2.4,-1.1958866231858678,,8,1,val,current_repo_v1
61,2.44,-0.8542682596083535,,8,1,val,current_repo_v1
62,2.48,-1.0832845972323881,,8,1,val,current_repo_v1
63,2.52,-1.3580836459036978,,8,1,val,current_repo_v1
64,2.56,-1.2581807332062167,,8,1,val,current_repo_v1
65,2.6,-1.18476859101384,,8,1,val,current_repo_v1
66,2.64,-1.1344529058156227,,8,1,val,current_repo_v1
67,2.68,-0.7840776538758191,,8,1,val,current_repo_v1
68,2.72,-1.0824024648955737,,8,1,val,current_repo_v1
69,2.76,-1.0277866696660307,,8,1,val,current_repo_v1
70,2.8,-0.7907205893579173,,8,1,val,current_repo_v1
71,2.84,-1.0084236652954983,,8,1,val,current_repo_v1
72,2.88,-0.9986092302718224,,8,1,val,current_repo_v1
73,2.92,-1.2354035288572245,,8,1,val,current_repo_v1
74,2.96,-1.1906472874109892,,8,1,val,current_repo_v1
75,3.0,-1.2652032935126423,,8,1,val,current_repo_v1
76,3.04,-1.006545784029684,,8,1,val,current_repo_v1
77,3.08,-0.8194761362746202,,8,1,val,current_repo_v1
78,3.12,-1.0804916533502176,,8,1,val,current_repo_v1
79,3.16,-1.0956676653379798,,8,1,val,current_repo_v1
80,3.2,-1.0826547878167374,,8,1,val,current_repo_v1
81,3.24,-0.02615457159595174,,8,1,val,current_repo_v1
82,3.28,1.0522319138458354,,8,1,val,current_repo_v1
83,3.32,1.1304319191061267,,8,1,val,current_repo_v1
84,3.36,0.5438176572016348,,8,1,val,current_repo_v1
85,3.4,0.34890033893240746,,8,1,val,current_repo_v1
86,3.44,1.7736527969603784,,8,1,val,current_repo_v1
87,3.48,2.1564135532762383,,8,1,val,current_repo_v1
88,3.52,2.3556950601943414,,8,1,val,current_repo_v1
89,3.56,2.4627643715188436,,8,1,val,current_repo_v1
90,3.6,1.9272866639994566,,8,1,val,current_repo_v1
91,3.64,1.3157320276406217,,8,1,val,current_repo_v1
92,3.68,-0.05026911415623536,,8,1,val,current_repo_v1
93,3.72,-0.17909513864253548,,8,1,val,current_repo_v1
94,3.76,0.016502000345197713,,8,1,val,current_repo_v1
95,3.8,0.012176230355787436,,8,1,val,current_repo_v1
96,3.84,0.40551632789463393,,8,1,val,current_repo_v1
97,3.88,0.4347755940440671,,8,1,val,current_repo_v1
98,3.92,1.5376066999861222,,8,1,val,current_repo_v1
99,3.96,1.7800840377882798,,8,1,val,current_repo_v1
100,4.0,1.6220801373320957,,8,1,val,current_repo_v1
101,4.04,1.5293051333245091,,8,1,val,current_repo_v1
102,4.08,1.0001781941533643,,8,1,val,current_repo_v1
103,4.12,0.4381941775986998,,8,1,val,current_repo_v1
104,4.16,0.5221316069313534,,8,1,val,current_repo_v1
105,4.2,0.5491610940009085,,8,1,val,current_repo_v1
106,4.24,0.5525029471531024,,8,1,val,current_repo_v1
107,4.28,0.5026310010355931,,8,1,val,current_repo_v1
108,4.32,0.5552928973734966,,8,1,val,current_repo_v1
109,4.36,0.7642628204100161,,8,1,val,current_repo_v1
110,4.4,0.591523546468509,,8,1,val,current_repo_v1
111,4.44,-0.21763564726994797,,8,1,val,current_repo_v1
112,4.48,-1.262418047617897,,8,1,val,current_repo_v1
113,4.52,-1.1757843981895189,,8,1,val,current_repo_v1
114,4.56,-0.5020580355548656,,8,1,val,current_repo_v1
115,4.6,0.30939547918581806,,8,1,val,current_repo_v1
116,4.64,0.042747155825298734,,8,1,val,current_repo_v1
117,4.68,-0.4386051645940192,,8,1,val,current_repo_v1
118,4.72,-0.5167769439004177,,8,1,val,current_repo_v1
119,4.76,-0.597840244094628,,8,1,val,current_repo_v1
120,4.8,-0.612773341812524,,8,1,val,current_repo_v1
121,4.84,-0.363351314548961,,8,1,val,current_repo_v1
122,4.88,-0.021889779645822727,,8,1,val,current_repo_v1
123,4.92,-0.052236324151131164,,8,1,val,current_repo_v1
124,4.96,-0.26054469248357814,,8,1,val,current_repo_v1
125,5.0,-0.24697556409319382,,8,1,val,current_repo_v1
126,5.04,-0.5853579218456124,,8,1,val,current_repo_v1
127,5.08,-1.0663775359611838,,8,1,val,current_repo_v1
128,5.12,-1.0642401327304098,,8,1,val,current_repo_v1
129,5.16,-1.0732201914503727,,8,1,val,current_repo_v1
130,5.2,-1.2141650666613637,,8,1,val,current_repo_v1
131,5.24,-1.4700039723040668,,8,1,val,current_repo_v1
132,5.28,-1.3381994592734054,,8,1,val,current_repo_v1
133,5.32,-1.2206399294180086,,8,1,val,current_repo_v1
134,5.36,-1.362520537767146,,8,1,val,current_repo_v1
135,5.4,-1.1905413688062296,,8,1,val,current_repo_v1
136,5.44,-0.8058020158890737,,8,1,val,current_repo_v1
137,5.48,-0.2789832968641179,,8,1,val,current_repo_v1
138,5.52,-0.23032326700305447,,8,1,val,current_repo_v1
139,5.56,-0.5333901630127242,,8,1,val,current_repo_v1
140,5.6,-1.563909582575919,,8,1,val,current_repo_v1
141,5.64,-1.5147850183764502,,8,1,val,current_repo_v1
142,5.68,-0.47979645380804825,,8,1,val,current_repo_v1
143,5.72,0.3161603351076482,,8,1,val,current_repo_v1
144,5.76,0.5419755216829854,,8,1,val,current_repo_v1
145,5.8,0.1656787939192457,,8,1,val,current_repo_v1
146,5.84,-0.30423515469854145,,8,1,val,current_repo_v1
147,5.88,-0.029987536744525395,,8,1,val,current_repo_v1
148,5.92,0.5184181833305642,,8,1,val,current_repo_v1
149,5.96,0.13549232122190438,,8,1,val,current_repo_v1
150,6.0,0.14238418502654487,,8,1,val,current_repo_v1
151,6.04,-0.3426744846856737,,8,1,val,current_repo_v1
152,6.08,-0.4916050952408547,,8,1,val,current_repo_v1
153,6.12,-0.50805352040013,,8,1,val,current_repo_v1
154,6.16,-0.34070230307389904,,8,1,val,current_repo_v1
155,6.2,-0.2371539478451373,,8,1,val,current_repo_v1
156,6.24,0.06359119417239543,,8,1,val,current_repo_v1
157,6.28,0.1450454077905486,,8,1,val,current_repo_v1
158,6.32,0.20934459406338338,,8,1,val,current_repo_v1
159,6.36,0.0052939623063056294,,8,1,val,current_repo_v1
160,6.4,-0.47919807784105095,,8,1,val,current_repo_v1
161,6.44,-0.6885249594055899,,8,1,val,current_repo_v1
162,6.48,-0.7795786078916773,,8,1,val,current_repo_v1
163,6.52,-0.6466763475986307,,8,1,val,current_repo_v1
164,6.56,-0.908114327373024,,8,1,val,current_repo_v1
165,6.6,-0.8666248837015859,,8,1,val,current_repo_v1
166,6.64,-1.1227698556221075,,8,1,val,current_repo_v1
167,6.68,-0.949414457575928,,8,1,val,current_repo_v1
168,6.72,-0.8253076468599588,,8,1,val,current_repo_v1
169,6.76,-1.1048371088041384,,8,1,val,current_repo_v1
170,6.8,-1.1883957686444009,,8,1,val,current_repo_v1
171,6.84,-1.2549256249678804,,8,1,val,current_repo_v1
172,6.88,-1.5188190488979725,,8,1,val,current_repo_v1
173,6.92,-1.4390329731174163,,8,1,val,current_repo_v1
174,6.96,-1.3401930954612453,,8,1,val,current_repo_v1
175,7.0,-1.4147267203772356,,8,1,val,current_repo_v1
176,7.04,-1.3642922153175552,,8,1,val,current_repo_v1
177,7.08,-1.3973050343911153,,8,1,val,current_repo_v1
178,7.12,-1.2857111596797095,,8,1,val,current_repo_v1
179,7.16,-1.3128040838678623,,8,1,val,current_repo_v1
180,7.2,-0.806778306016526,,8,1,val,current_repo_v1
181,7.24,-0.6468934593550897,,8,1,val,current_repo_v1
182,7.28,-0.7431145244557577,,8,1,val,current_repo_v1
183,7.32,-0.41307749784901837,,8,1,val,current_repo_v1
184,7.36,-0.363554705355611,,8,1,val,current_repo_v1
185,7.4,-0.3773673895148137,,8,1,val,current_repo_v1
186,7.44,-0.3251587834642383,,8,1,val,current_repo_v1
187,7.48,0.05561335282919926,,8,1,val,current_repo_v1
188,7.52,0.012539461318005214,,8,1,val,current_repo_v1
189,7.56,0.0955560712494354,,8,1,val,current_repo_v1
190,7.6,0.05599945501100135,,8,1,val,current_repo_v1
191,7.64,0.12459289763722393,,8,1,val,current_repo_v1
192,7.68,0.16920896265271507,,8,1,val,current_repo_v1
193,7.72,-0.04088840370184811,,8,1,val,current_repo_v1
194,7.76,-0.02657975175558662,,8,1,val,current_repo_v1
195,7.8,0.060063466698827145,,8,1,val,current_repo_v1
196,7.84,0.07527836065085343,,8,1,val,current_repo_v1
197,7.88,-0.1680616774156944,,8,1,val,current_repo_v1
198,7.92,-0.38621847130657155,,8,1,val,current_repo_v1
199,7.96,-0.16245230366193975,,8,1,val,current_repo_v1
200,8.0,0.11623069150522099,,8,1,val,current_repo_v1
201,8.04,-0.4181227089132217,,8,1,val,current_repo_v1
202,8.08,-0.32641957837695207,,8,1,val,current_repo_v1
203,8.12,-0.04048313673885169,,8,1,val,current_repo_v1
204,8.16,0.27832679396429316,,8,1,val,current_repo_v1
205,8.2,0.49548548676334625,,8,1,val,current_repo_v1
206,8.24,0.5537780688757468,,8,1,val,current_repo_v1
207,8.28,0.8815896999787807,,8,1,val,current_repo_v1
208,8.32,0.9981444286421869,,8,1,val,current_repo_v1
209,8.36,1.2874058573558653,,8,1,val,current_repo_v1
210,8.4,1.1534026423056727,,8,1,val,current_repo_v1
211,8.44,1.0015637606122636,,8,1,val,current_repo_v1
212,8.48,0.9862694277066676,,8,1,val,current_repo_v1
213,8.52,0.5334431223151042,,8,1,val,current_repo_v1
214,8.56,0.6472847737158777,,8,1,val,current_repo_v1
215,8.6,0.5500424066446177,,8,1,val,current_repo_v1
216,8.64,0.339071470182309,,8,1,val,current_repo_v1
217,8.68,0.43122236698715244,,8,1,val,current_repo_v1
218,8.72,0.3410273292096355,,8,1,val,current_repo_v1
219,8.76,0.8036324664330328,,8,1,val,current_repo_v1
220,8.8,1.3171250782539625,,8,1,val,current_repo_v1
221,8.84,1.1960653875605227,,8,1,val,current_repo_v1
222,8.88,1.280042304717562,,8,1,val,current_repo_v1
223,8.92,1.4245705930750474,,8,1,val,current_repo_v1
224,8.96,1.4313512369988655,,8,1,val,current_repo_v1
225,9.0,1.6466970181204208,,8,1,val,current_repo_v1
226,9.04,1.516390618975924,,8,1,val,current_repo_v1
227,9.08,1.3131195587969784,,8,1,val,current_repo_v1
228,9.12,1.5555080846330993,,8,1,val,current_repo_v1
229,9.16,1.555559119438623,,8,1,val,current_repo_v1
230,9.2,1.4576169126494398,,8,1,val,current_repo_v1
231,9.24,1.508425767986508,,8,1,val,current_repo_v1
232,9.28,1.7059669595251938,,8,1,val,current_repo_v1
233,9.32,1.7529134209492603,,8,1,val,current_repo_v1
234,9.36,1.6519151131522183,,8,1,val,current_repo_v1
235,9.4,1.5523710122019516,,8,1,val,current_repo_v1
236,9.44,1.172724020521979,,8,1,val,current_repo_v1
237,9.48,0.4776448663226664,,8,1,val,current_repo_v1
238,9.52,-0.1830330334183177,,8,1,val,current_repo_v1
239,9.56,-0.7251557612913972,,8,1,val,current_repo_v1
240,9.6,-1.367596932808188,,8,1,val,current_repo_v1
241,9.64,-1.04718659586514,,8,1,val,current_repo_v1
242,9.68,-0.9587797720554646,,8,1,val,current_repo_v1
243,9.72,-0.839781003662175,,8,1,val,current_repo_v1
244,9.76,-1.4610333935130628,,8,1,val,current_repo_v1
245,9.8,-1.512420168128322,,8,1,val,current_repo_v1
246,9.84,-1.8137749925318831,,8,1,val,current_repo_v1
247,9.88,-1.5191576177893646,,8,1,val,current_repo_v1
248,9.92,-1.4443696741776928,,8,1,val,current_repo_v1
249,9.96,-1.62280759714379,,8,1,val,current_repo_v1
250,10.0,-1.3878958128721897,,8,1,val,current_repo_v1
251,10.04,-1.6341062469096679,,8,1,val,current_repo_v1
252,10.08,-1.8016155937275944,,8,1,val,current_repo_v1
253,10.12,-1.8008075901585792,,8,1,val,current_repo_v1
254,10.16,-2.008065495047236,,8,1,val,current_repo_v1
255,10.2,-1.9947243126178353,,8,1,val,current_repo_v1
256,10.24,-1.906454627028589,,8,1,val,current_repo_v1
257,10.28,-1.7577869597661124,,8,1,val,current_repo_v1
258,10.32,-1.303692232752071,,8,1,val,current_repo_v1
259,10.36,-1.344740610255102,,8,1,val,current_repo_v1
260,10.4,-1.6778313857068758,,8,1,val,current_repo_v1
261,10.44,-1.7625883655896826,,8,1,val,current_repo_v1
262,10.48,-2.0249447580305153,,8,1,val,current_repo_v1
263,10.52,-1.8895174865842967,,8,1,val,current_repo_v1
264,10.56,-1.1788073550848521,,8,1,val,current_repo_v1
265,10.6,-1.0829149512806493,,8,1,val,current_repo_v1
266,10.64,-1.105857591081625,,8,1,val,current_repo_v1
267,10.68,-1.1457721548256294,,8,1,val,current_repo_v1
268,10.72,-1.2443939228380827,,8,1,val,current_repo_v1
269,10.76,-1.763871648604551,,8,1,val,current_repo_v1
270,10.8,-1.8137305152712033,,8,1,val,current_repo_v1
271,10.84,-1.61786107000172,,8,1,val,current_repo_v1
272,10.88,-1.4758307785637566,,8,1,val,current_repo_v1
273,10.92,-1.2776344027619808,,8,1,val,current_repo_v1
274,10.96,-1.4273739434957744,,8,1,val,current_repo_v1
275,11.0,-1.2819057878957845,,8,1,val,current_repo_v1
276,11.04,-1.2326004635471428,,8,1,val,current_repo_v1
277,11.08,-0.9451368000079261,,8,1,val,current_repo_v1
278,11.12,-0.8277743528861501,,8,1,val,current_repo_v1
279,11.16,-0.8611293760118309,,8,1,val,current_repo_v1
280,11.2,-0.5278139690103261,,8,1,val,current_repo_v1
281,11.24,-0.6471080763934016,,8,1,val,current_repo_v1
282,11.28,-0.5988429782344395,,8,1,val,current_repo_v1
283,11.32,-0.7812806471669518,,8,1,val,current_repo_v1
284,11.36,-0.9793979047646337,,8,1,val,current_repo_v1
285,11.4,-1.3046705899317024,,8,1,val,current_repo_v1
286,11.44,-1.6136213321495538,,8,1,val,current_repo_v1
287,11.48,-1.4466673808688333,,8,1,val,current_repo_v1
288,11.52,-1.2433538392037258,,8,1,val,current_repo_v1
289,11.56,-1.220542279021965,,8,1,val,current_repo_v1
290,11.6,-1.1966139404422393,,8,1,val,current_repo_v1
291,11.64,-1.1772707512615612,,8,1,val,current_repo_v1
292,11.68,-1.3784683442719596,,8,1,val,current_repo_v1
293,11.72,-1.4853918215013484,,8,1,val,current_repo_v1
294,11.76,-1.2905990965841536,,8,1,val,current_repo_v1
295,11.8,-1.3729984965402893,,8,1,val,current_repo_v1
296,11.84,-1.391895630116266,,8,1,val,current_repo_v1
297,11.88,-1.3389514386006027,,8,1,val,current_repo_v1
298,11.92,-1.360780650053697,,8,1,val,current_repo_v1
299,11.96,-1.7382737020854633,,8,1,val,current_repo_v1
300,12.0,-1.817880300714751,,8,1,val,current_repo_v1
301,12.04,-1.8910402625412868,,8,1,val,current_repo_v1
302,12.08,-1.429976148356184,,8,1,val,current_repo_v1
303,12.12,-0.7261223576569066,,8,1,val,current_repo_v1
304,12.16,-0.4714104231177405,,8,1,val,current_repo_v1
305,12.2,-0.9173821340118397,,8,1,val,current_repo_v1
306,12.24,-1.0847023811942158,,8,1,val,current_repo_v1
307,12.28,-0.8284564088275673,,8,1,val,current_repo_v1
308,12.32,-0.6476142190666176,,8,1,val,current_repo_v1
309,12.36,-0.5260164176688484,,8,1,val,current_repo_v1
310,12.4,-0.4971526712622226,,8,1,val,current_repo_v1
311,12.44,-0.16022427088476462,,8,1,val,current_repo_v1
312,12.48,-0.31937834332325393,,8,1,val,current_repo_v1
313,12.52,-0.4396375146021199,,8,1,val,current_repo_v1
314,12.56,-0.7279527680002645,,8,1,val,current_repo_v1
315,12.6,-1.054924641336154,,8,1,val,current_repo_v1
316,12.64,-1.3869680628321137,,8,1,val,current_repo_v1
317,12.68,-0.8938082592419863,,8,1,val,current_repo_v1
318,12.72,-1.2096316648444532,,8,1,val,current_repo_v1
319,12.76,-1.4227842323264008,,8,1,val,current_repo_v1
320,12.8,-1.5954693352452853,,8,1,val,current_repo_v1
321,12.84,-1.8550675673026844,,8,1,val,current_repo_v1
322,12.88,-1.4587324080495003,,8,1,val,current_repo_v1
323,12.92,-1.2717715300056502,,8,1,val,current_repo_v1
324,12.96,-0.9523201627183475,,8,1,val,current_repo_v1
325,13.0,-0.9665597287913497,,8,1,val,current_repo_v1
326,13.04,-0.8728114283180874,,8,1,val,current_repo_v1
327,13.08,-0.7546766164579692,,8,1,val,current_repo_v1
328,13.12,-0.7510467302762772,,8,1,val,current_repo_v1
329,13.16,-0.7674204920852928,,8,1,val,current_repo_v1
330,13.2,-0.6365299012284064,,8,1,val,current_repo_v1
331,13.24,-0.4959312216185717,,8,1,val,current_repo_v1
332,13.28,-0.2595715029343944,,8,1,val,current_repo_v1
333,13.32,-0.2816122130281167,,8,1,val,current_repo_v1
334,13.36,-0.3396614710240982,,8,1,val,current_repo_v1
335,13.4,0.06761705449198593,,8,1,val,current_repo_v1
336,13.44,0.14649143552568453,,8,1,val,current_repo_v1
337,13.48,0.42068189770500897,,8,1,val,current_repo_v1
338,13.52,0.3022018881309935,,8,1,val,current_repo_v1
339,13.56,0.16028699522674886,,8,1,val,current_repo_v1
340,13.6,0.23067724968871264,,8,1,val,current_repo_v1
341,13.64,0.5808529954544097,,8,1,val,current_repo_v1
342,13.68,0.6625062608515785,,8,1,val,current_repo_v1
343,13.72,0.9658720419146862,,8,1,val,current_repo_v1
344,13.76,0.8323076834253991,,8,1,val,current_repo_v1
345,13.8,0.5616468732164993,,8,1,val,current_repo_v1
346,13.84,0.42952050590603136,,8,1,val,current_repo_v1
347,13.88,0.7617824290728465,,8,1,val,current_repo_v1
348,13.92,0.83593856749435,,8,1,val,current_repo_v1
349,13.96,0.7088679603419645,,8,1,val,current_repo_v1
350,14.0,0.4585378913116879,,8,1,val,current_repo_v1
351,14.04,0.37523034267234634,,8,1,val,current_repo_v1
352,14.08,0.305337463731253,,8,1,val,current_repo_v1
353,14.12,0.5305183503982747,,8,1,val,current_repo_v1
354,14.16,0.3052026063959869,,8,1,val,current_repo_v1
355,14.2,0.6316395408834766,,8,1,val,current_repo_v1
356,14.24,0.7652743217021732,,8,1,val,current_repo_v1
357,14.28,0.4640978696461299,,8,1,val,current_repo_v1
358,14.32,0.6837874183665854,,8,1,val,current_repo_v1
359,14.36,0.898439881676231,,8,1,val,current_repo_v1
360,14.4,0.7754847041346247,,8,1,val,current_repo_v1
361,14.44,0.8736256330436395,,8,1,val,current_repo_v1
362,14.48,0.7161212464381662,,8,1,val,current_repo_v1
363,14.52,0.6411710748692714,,8,1,val,current_repo_v1
364,14.56,0.4539135391989004,,8,1,val,current_repo_v1
365,14.6,0.24338076434029923,,8,1,val,current_repo_v1
366,14.64,0.4409596795812523,,8,1,val,current_repo_v1
367,14.68,0.6839878511502896,,8,1,val,current_repo_v1
368,14.72,1.0278824668428792,,8,1,val,current_repo_v1
369,14.76,0.6905580121401539,,8,1,val,current_repo_v1
370,14.8,0.4108174970407297,,8,1,val,current_repo_v1
371,14.84,0.4107007798702761,,8,1,val,current_repo_v1
372,14.88,0.14904969770787435,,8,1,val,current_repo_v1
373,14.92,0.2619275503913464,,8,1,val,current_repo_v1
374,14.96,0.16592541462750188,,8,1,val,current_repo_v1
375,15.0,-0.07231242588459676,,8,1,val,current_repo_v1
376,15.04,-0.2835163244733062,,8,1,val,current_repo_v1
377,15.08,1.0511968196477728,,8,1,val,current_repo_v1
378,15.12,2.0026903040498327,,8,1,val,current_repo_v1
379,15.16,1.4238455567038386,,8,1,val,current_repo_v1
380,15.2,0.6115311147305907,,8,1,val,current_repo_v1
381,15.24,-1.2968712456719313,,8,1,val,current_repo_v1
382,15.28,-2.5816084673870128,,8,1,val,current_repo_v1
383,15.32,-2.3216990370601787,,8,1,val,current_repo_v1
384,15.36,-2.665534777404497,,8,1,val,current_repo_v1
385,15.4,-1.8131161018304032,,8,1,val,current_repo_v1
386,15.44,-2.6343043275305478,,8,1,val,current_repo_v1
387,15.48,-2.8130384804571977,,8,1,val,current_repo_v1
388,15.52,-3.4740224642954156,,8,1,val,current_repo_v1
389,15.56,-3.6944255380447726,,8,1,val,current_repo_v1
390,15.6,-3.42233874694299,,8,1,val,current_repo_v1
391,15.64,-3.255693285380574,,8,1,val,current_repo_v1
392,15.68,-2.76776832707266,,8,1,val,current_repo_v1
393,15.72,-2.4394297758581276,,8,1,val,current_repo_v1
394,15.76,-0.6377206658388479,,8,1,val,current_repo_v1
395,15.8,-0.11615437094933505,,8,1,val,current_repo_v1
396,15.84,0.5583978948570387,,8,1,val,current_repo_v1
397,15.88,0.28727745064895105,,8,1,val,current_repo_v1
398,15.92,0.5937509733855627,,8,1,val,current_repo_v1
399,15.96,1.7042149546093162,,8,1,val,current_repo_v1
400,16.0,1.383883735870362,,8,1,val,current_repo_v1
401,16.04,0.2158039539286857,,8,1,val,current_repo_v1
402,16.08,0.18296319912961423,,8,1,val,current_repo_v1
403,16.12,-0.6102560286467772,,8,1,val,current_repo_v1
404,16.16,-0.4385867036797306,,8,1,val,current_repo_v1
405,16.2,-0.5043047074404826,,8,1,val,current_repo_v1
406,16.24,0.08224219707403775,,8,1,val,current_repo_v1
407,16.28,0.0948405504460164,,8,1,val,current_repo_v1
408,16.32,0.10340737692432757,,8,1,val,current_repo_v1
409,16.36,-0.03520686131598093,,8,1,val,current_repo_v1
410,16.4,0.3625814445287659,,8,1,val,current_repo_v1
411,16.44,0.7582459166275174,,8,1,val,current_repo_v1
412,16.48,1.113871908768015,,8,1,val,current_repo_v1
413,16.52,1.0063891157300462,,8,1,val,current_repo_v1
414,16.56,0.7728188483226335,,8,1,val,current_repo_v1
415,16.6,0.890476242407058,,8,1,val,current_repo_v1
416,16.64,0.599503437044469,,8,1,val,current_repo_v1
417,16.68,0.714733042705797,,8,1,val,current_repo_v1
418,16.72,0.718466637884747,,8,1,val,current_repo_v1
419,16.76,0.6108990957074383,,8,1,val,current_repo_v1
420,16.8,0.4928379136714902,,8,1,val,current_repo_v1
421,16.84,0.8503032258630139,,8,1,val,current_repo_v1
422,16.88,0.4417063487226794,,8,1,val,current_repo_v1
423,16.92,0.25480473805423814,,8,1,val,current_repo_v1
424,16.96,0.6321774021159914,,8,1,val,current_repo_v1
425,17.0,0.5697939099083148,,8,1,val,current_repo_v1
426,17.04,0.7071309950126308,,8,1,val,current_repo_v1
427,17.08,0.7914473363929982,,8,1,val,current_repo_v1
428,17.12,0.6574589470963654,,8,1,val,current_repo_v1
429,17.16,0.7165176927905711,,8,1,val,current_repo_v1
430,17.2,1.1219446028590467,,8,1,val,current_repo_v1
431,17.24,1.1464632630300375,,8,1,val,current_repo_v1
432,17.28,1.3091436908471143,,8,1,val,current_repo_v1
433,17.32,1.6750375864927691,,8,1,val,current_repo_v1
434,17.36,1.3681260981660186,,8,1,val,current_repo_v1
435,17.4,1.237889266018995,,8,1,val,current_repo_v1
436,17.44,1.5282141574399517,,8,1,val,current_repo_v1
437,17.48,1.352340947284396,,8,1,val,current_repo_v1
438,17.52,1.141967495818318,,8,1,val,current_repo_v1
439,17.56,1.0808879571472998,,8,1,val,current_repo_v1
440,17.6,0.939046836622548,,8,1,val,current_repo_v1
441,17.64,1.1603918446665884,,8,1,val,current_repo_v1
442,17.68,0.5362961889046198,,8,1,val,current_repo_v1
443,17.72,0.9093198464593641,,8,1,val,current_repo_v1
444,17.76,1.0049183724658386,,8,1,val,current_repo_v1
445,17.8,0.8295133139900016,,8,1,val,current_repo_v1
446,17.84,0.6423394582940505,,8,1,val,current_repo_v1
447,17.88,0.8451005980837286,,8,1,val,current_repo_v1
448,17.92,0.9712991943272105,,8,1,val,current_repo_v1
449,17.96,0.6446495672982652,,8,1,val,current_repo_v1
450,18.0,0.841428943192488,,8,1,val,current_repo_v1
451,18.04,0.5637196276084327,,8,1,val,current_repo_v1
452,18.08,0.7032606180015583,,8,1,val,current_repo_v1
453,18.12,0.8158488160887367,,8,1,val,current_repo_v1
454,18.16,0.29836880715622016,,8,1,val,current_repo_v1
455,18.2,0.6189047887968053,,8,1,val,current_repo_v1
456,18.24,0.687378672055828,,8,1,val,current_repo_v1
457,18.28,0.7362787828997193,,8,1,val,current_repo_v1
458,18.32,0.8792102378100766,,8,1,val,current_repo_v1
459,18.36,0.7114097217455528,,8,1,val,current_repo_v1
460,18.4,0.7049283727217254,,8,1,val,current_repo_v1
461,18.44,0.34025218464250084,,8,1,val,current_repo_v1
462,18.48,0.3798426844991971,,8,1,val,current_repo_v1
463,18.52,1.10885203691242,,8,1,val,current_repo_v1
464,18.56,0.2755258313452212,,8,1,val,current_repo_v1
465,18.6,0.560008983836436,,8,1,val,current_repo_v1
466,18.64,1.010405540669216,,8,1,val,current_repo_v1
467,18.68,1.3432223960684382,,8,1,val,current_repo_v1
468,18.72,1.3087468168287413,,8,1,val,current_repo_v1
469,18.76,1.1252585864456546,,8,1,val,current_repo_v1
470,18.8,1.1465738859604462,,8,1,val,current_repo_v1
471,18.84,1.076772384981198,,8,1,val,current_repo_v1
472,18.88,1.190595682384175,,8,1,val,current_repo_v1
473,18.92,1.152611032598767,,8,1,val,current_repo_v1
474,18.96,1.1491678226121396,,8,1,val,current_repo_v1
475,19.0,0.9048840237608361,,8,1,val,current_repo_v1
476,19.04,1.1709741539359417,,8,1,val,current_repo_v1
477,19.08,1.186632786968676,,8,1,val,current_repo_v1
478,19.12,1.3255231548690376,,8,1,val,current_repo_v1
479,19.16,1.621621251748352,,8,1,val,current_repo_v1
480,19.2,1.7452986858323745,,8,1,val,current_repo_v1
481,19.24,1.7110393630172005,,8,1,val,current_repo_v1
482,19.28,1.5715194708118334,,8,1,val,current_repo_v1
483,19.32,0.6834991715041033,,8,1,val,current_repo_v1
484,19.36,0.6297058492088287,,8,1,val,current_repo_v1
485,19.4,0.44867156615055226,,8,1,val,current_repo_v1
486,19.44,1.0251802594236017,,8,1,val,current_repo_v1
487,19.48,1.047495798360058,,8,1,val,current_repo_v1
488,19.52,0.9912150282391402,,8,1,val,current_repo_v1
489,19.56,0.6430982089990755,,8,1,val,current_repo_v1
490,19.6,0.6621268498602352,,8,1,val,current_repo_v1
491,19.64,0.4451829879324781,,8,1,val,current_repo_v1
492,19.68,0.7928698959581361,,8,1,val,current_repo_v1
493,19.72,0.5173543642349794,,8,1,val,current_repo_v1
494,19.76,0.7453333980534498,,8,1,val,current_repo_v1
495,19.8,0.7347417514104602,,8,1,val,current_repo_v1
496,19.84,1.1185245581123566,,8,1,val,current_repo_v1
497,19.88,1.0104401103349687,,8,1,val,current_repo_v1
498,19.92,1.071875181980779,,8,1,val,current_repo_v1
499,19.96,0.7792174439816386,,8,1,val,current_repo_v1
500,20.0,0.720991435204935,,8,1,val,current_repo_v1
501,20.04,1.2133804421652699,,8,1,val,current_repo_v1
502,20.08,1.3046844177980035,,8,1,val,current_repo_v1
503,20.12,1.7273727816698945,,8,1,val,current_repo_v1
504,20.16,1.8143523415887834,,8,1,val,current_repo_v1
505,20.2,1.7559110742748156,,8,1,val,current_repo_v1
506,20.24,1.2791251037713651,,8,1,val,current_repo_v1
507,20.28,1.454850911723258,,8,1,val,current_repo_v1
508,20.32,1.2910873485643717,,8,1,val,current_repo_v1
509,20.36,1.1679819177126485,,8,1,val,current_repo_v1
510,20.4,1.2880470711973315,,8,1,val,current_repo_v1
511,20.44,0.5048595327563977,,8,1,val,current_repo_v1
512,20.48,0.8911267936221604,,8,1,val,current_repo_v1
513,20.52,0.370247891588958,,8,1,val,current_repo_v1
514,20.56,0.29617334827028,,8,1,val,current_repo_v1
515,20.6,0.35701647675802967,,8,1,val,current_repo_v1
516,20.64,0.3927349245786118,,8,1,val,current_repo_v1
517,20.68,0.23458622355340383,,8,1,val,current_repo_v1
518,20.72,-0.31960090782080597,,8,1,val,current_repo_v1
519,20.76,-0.7523229568026722,,8,1,val,current_repo_v1
520,20.8,-1.2190773805259878,,8,1,val,current_repo_v1
521,20.84,-0.8824368349838745,,8,1,val,current_repo_v1
522,20.88,0.0051121864504587115,,8,1,val,current_repo_v1
523,20.92,1.117760176472085,,8,1,val,current_repo_v1
524,20.96,2.000372924724161,,8,1,val,current_repo_v1
525,21.0,1.7334125655816852,,8,1,val,current_repo_v1
526,21.04,1.517479456530641,,8,1,val,current_repo_v1
527,21.08,1.3736943090703462,,8,1,val,current_repo_v1
528,21.12,1.7210480296680435,,8,1,val,current_repo_v1
529,21.16,1.391826348229438,,8,1,val,current_repo_v1
530,21.2,0.8974430635823112,,8,1,val,current_repo_v1
531,21.24,0.7241144659367976,,8,1,val,current_repo_v1
532,21.28,0.707320308481165,,8,1,val,current_repo_v1
533,21.32,0.6782504983555887,,8,1,val,current_repo_v1
534,21.36,0.3006077275961659,,8,1,val,current_repo_v1
535,21.4,0.18244839622054476,,8,1,val,current_repo_v1
536,21.44,0.31221921501769007,,8,1,val,current_repo_v1
537,21.48,0.16754539549515202,,8,1,val,current_repo_v1
538,21.52,0.05379764350349378,,8,1,val,current_repo_v1
539,21.56,-0.1043270636789637,,8,1,val,current_repo_v1
540,21.6,-0.07100288596123022,,8,1,val,current_repo_v1
541,21.64,-0.05797332946723298,,8,1,val,current_repo_v1
542,21.68,-0.02206801834772536,,8,1,val,current_repo_v1
543,21.72,0.16744172213672467,,8,1,val,current_repo_v1
544,21.76,0.2023196103164721,,8,1,val,current_repo_v1
545,21.8,0.3360147989531592,,8,1,val,current_repo_v1
546,21.84,0.48520810332922987,,8,1,val,current_repo_v1
547,21.88,0.3666982996927719,,8,1,val,current_repo_v1
548,21.92,0.2755452188691072,,8,1,val,current_repo_v1
549,21.96,0.30308384227365476,,8,1,val,current_repo_v1
550,22.0,0.8735007545809619,,8,1,val,current_repo_v1
551,22.04,1.282117625105304,,8,1,val,current_repo_v1
552,22.08,0.5830044047456382,,8,1,val,current_repo_v1
553,22.12,0.31018958361087073,,8,1,val,current_repo_v1
554,22.16,0.3214288234460169,,8,1,val,current_repo_v1
555,22.2,0.5695549159098227,,8,1,val,current_repo_v1
556,22.24,0.6670370966726804,,8,1,val,current_repo_v1
557,22.28,0.8989101004081288,,8,1,val,current_repo_v1
558,22.32,1.3002717603394127,,8,1,val,current_repo_v1
559,22.36,1.0816939649417971,,8,1,val,current_repo_v1
560,22.4,1.0741961251895185,,8,1,val,current_repo_v1
561,22.44,0.7460473151094885,,8,1,val,current_repo_v1
562,22.48,0.44298596093798837,,8,1,val,current_repo_v1
563,22.52,0.32745178582973006,,8,1,val,current_repo_v1
564,22.56,0.22015591845864052,,8,1,val,current_repo_v1
565,22.6,-0.013282350515954043,,8,1,val,current_repo_v1
566,22.64,0.1864597604457591,,8,1,val,current_repo_v1
567,22.68,0.41302240021679815,,8,1,val,current_repo_v1
568,22.72,0.10309076155262989,,8,1,val,current_repo_v1
569,22.76,0.273694779502911,,8,1,val,current_repo_v1
570,22.8,0.4049260419421994,,8,1,val,current_repo_v1
571,22.84,0.24142045045913862,,8,1,val,current_repo_v1
572,22.88,0.28889714640595576,,8,1,val,current_repo_v1
573,22.92,0.7232383922011975,,8,1,val,current_repo_v1
574,22.96,0.7983572067168362,,8,1,val,current_repo_v1
575,23.0,0.6312319752159018,,8,1,val,current_repo_v1
576,23.04,-0.38574408283148515,,8,1,val,current_repo_v1
577,23.08,-0.4490730019392513,,8,1,val,current_repo_v1
578,23.12,-0.3212656332403659,,8,1,val,current_repo_v1
579,23.16,-0.005049459881047561,,8,1,val,current_repo_v1
580,23.2,0.4488498315815779,,8,1,val,current_repo_v1
581,23.24,0.8952176324397751,,8,1,val,current_repo_v1
582,23.28,1.6417179883647772,,8,1,val,current_repo_v1
583,23.32,1.650165246566181,,8,1,val,current_repo_v1
584,23.36,1.7654034055468704,,8,1,val,current_repo_v1
585,23.4,1.5546024306680406,,8,1,val,current_repo_v1
586,23.44,1.5549622403025138,,8,1,val,current_repo_v1
587,23.48,1.2239456447959003,,8,1,val,current_repo_v1
588,23.52,1.1315007989156671,,8,1,val,current_repo_v1
589,23.56,1.4368791047468712,,8,1,val,current_repo_v1
590,23.6,1.433895706953585,,8,1,val,current_repo_v1
591,23.64,1.604472844315831,,8,1,val,current_repo_v1
592,23.68,1.6679195141201404,,8,1,val,current_repo_v1
593,23.72,1.708917569594261,,8,1,val,current_repo_v1
594,23.76,1.3628810601782326,,8,1,val,current_repo_v1
595,23.8,1.414953383340315,,8,1,val,current_repo_v1
596,23.84,1.4146695556928364,,8,1,val,current_repo_v1
597,23.88,0.8975849774060505,,8,1,val,current_repo_v1
598,23.92,1.0954246797904523,,8,1,val,current_repo_v1
599,23.96,1.615223083755315,,8,1,val,current_repo_v1
600,24.0,1.7528194769916066,,8,1,val,current_repo_v1
601,24.04,1.7816036775281705,,8,1,val,current_repo_v1
602,24.08,2.0199315149974257,,8,1,val,current_repo_v1
603,24.12,1.715581033042827,,8,1,val,current_repo_v1
604,24.16,1.6244935989452616,,8,1,val,current_repo_v1
605,24.2,1.5539603614946385,,8,1,val,current_repo_v1
606,24.24,1.5367874345466146,,8,1,val,current_repo_v1
607,24.28,2.055772489117861,,8,1,val,current_repo_v1
608,24.32,2.092212623259569,,8,1,val,current_repo_v1
609,24.36,1.8336695857007317,,8,1,val,current_repo_v1
610,24.4,1.2128474278137267,,8,1,val,current_repo_v1
611,24.44,1.9300733354474289,,8,1,val,current_repo_v1
612,24.48,2.091259926038022,,8,1,val,current_repo_v1
613,24.52,1.500561703610235,,8,1,val,current_repo_v1
614,24.56,0.8979521999173037,,8,1,val,current_repo_v1
615,24.6,0.975666661748508,,8,1,val,current_repo_v1
616,24.64,1.1199361409176471,,8,1,val,current_repo_v1
617,24.68,1.0271294183507618,,8,1,val,current_repo_v1
618,24.72,1.0367604559517951,,8,1,val,current_repo_v1
619,24.76,0.8813816404853125,,8,1,val,current_repo_v1
620,24.8,1.1013968924792872,,8,1,val,current_repo_v1
621,24.84,0.8638497592347516,,8,1,val,current_repo_v1
622,24.88,0.9423918972695025,,8,1,val,current_repo_v1
623,24.92,0.842693408904761,,8,1,val,current_repo_v1
624,24.96,0.9232318204008214,,8,1,val,current_repo_v1
625,25.0,0.7152745390990404,,8,1,val,current_repo_v1
626,25.04,0.7134504724675421,,8,1,val,current_repo_v1
627,25.08,0.705275494932479,,8,1,val,current_repo_v1
628,25.12,0.8288697479857111,,8,1,val,current_repo_v1
629,25.16,0.8105925875081195,,8,1,val,current_repo_v1
630,25.2,1.2936234077550524,,8,1,val,current_repo_v1
631,25.24,0.9499700669461179,,8,1,val,current_repo_v1
632,25.28,0.9339220440494521,,8,1,val,current_repo_v1
633,25.32,0.6594455980733933,,8,1,val,current_repo_v1
634,25.36,1.0679890526065492,,8,1,val,current_repo_v1
635,25.4,0.6458863060002747,,8,1,val,current_repo_v1
636,25.44,0.80494005513042,,8,1,val,current_repo_v1
637,25.48,0.8418993757573697,,8,1,val,current_repo_v1
638,25.52,0.6657049884597902,,8,1,val,current_repo_v1
639,25.56,0.6468047186667143,,8,1,val,current_repo_v1
640,25.6,0.5027601917967822,,8,1,val,current_repo_v1
641,25.64,0.7705301226168225,,8,1,val,current_repo_v1
642,25.68,1.5507779564708748,,8,1,val,current_repo_v1
643,25.72,1.5001184991119874,,8,1,val,current_repo_v1
644,25.76,1.802851120709361,,8,1,val,current_repo_v1
645,25.8,1.8279829113232477,,8,1,val,current_repo_v1
646,25.84,1.519940103955618,,8,1,val,current_repo_v1
647,25.88,1.6260741098079416,,8,1,val,current_repo_v1
648,25.92,1.814010208814324,,8,1,val,current_repo_v1
649,25.96,1.362479481834211,,8,1,val,current_repo_v1
650,26.0,1.323163151501881,,8,1,val,current_repo_v1
651,26.04,1.3680374287553045,,8,1,val,current_repo_v1
652,26.08,1.315148833815491,,8,1,val,current_repo_v1
653,26.12,1.0331994952686245,,8,1,val,current_repo_v1
654,26.16,1.1237052323719474,,8,1,val,current_repo_v1
655,26.2,1.4788600791709496,,8,1,val,current_repo_v1
656,26.24,1.5748873403104184,,8,1,val,current_repo_v1
657,26.28,1.5819733377354417,,8,1,val,current_repo_v1
658,26.32,1.9830906578436327,,8,1,val,current_repo_v1
659,26.36,1.3076874882258214,,8,1,val,current_repo_v1
660,26.4,1.561294262625822,,8,1,val,current_repo_v1
661,26.44,0.8972078472998704,,8,1,val,current_repo_v1
662,26.48,0.6119944908069993,,8,1,val,current_repo_v1
663,26.52,0.5173649133288585,,8,1,val,current_repo_v1
664,26.56,0.20910813042186896,,8,1,val,current_repo_v1
665,26.6,0.4148855982843752,,8,1,val,current_repo_v1
666,26.64,0.8607674280475174,,8,1,val,current_repo_v1
667,26.68,0.8096293411926934,,8,1,val,current_repo_v1
668,26.72,0.23564209518974863,,8,1,val,current_repo_v1
669,26.76,0.0256108388660836,,8,1,val,current_repo_v1
670,26.8,-0.03566645967633812,,8,1,val,current_repo_v1
671,26.84,-0.015118712544034449,,8,1,val,current_repo_v1
672,26.88,0.331696869506497,,8,1,val,current_repo_v1
673,26.92,0.6986586470744334,,8,1,val,current_repo_v1
674,26.96,0.4105818174534901,,8,1,val,current_repo_v1
675,27.0,0.1899733571229656,,8,1,val,current_repo_v1
676,27.04,0.16806062607018954,,8,1,val,current_repo_v1
677,27.08,0.021273628812027337,,8,1,val,current_repo_v1
678,27.12,0.027265888343115836,,8,1,val,current_repo_v1
679,27.16,0.1304923536532403,,8,1,val,current_repo_v1
680,27.2,0.30070477213208807,,8,1,val,current_repo_v1
681,27.24,0.685199001171876,,8,1,val,current_repo_v1
682,27.28,0.5728072086805357,,8,1,val,current_repo_v1
683,27.32,0.6148348343339648,,8,1,val,current_repo_v1
684,27.36,0.8551451886758898,,8,1,val,current_repo_v1
685,27.4,0.749497296473944,,8,1,val,current_repo_v1
686,27.44,0.45920540661019055,,8,1,val,current_repo_v1
687,27.48,0.3748091629714545,,8,1,val,current_repo_v1
688,27.52,0.3236069974990807,,8,1,val,current_repo_v1
689,27.56,0.16520306898800904,,8,1,val,current_repo_v1
690,27.6,0.3798721221733329,,8,1,val,current_repo_v1
691,27.64,0.7348632085453933,,8,1,val,current_repo_v1
692,27.68,0.4029015068881663,,8,1,val,current_repo_v1
693,27.72,0.28193264175469634,,8,1,val,current_repo_v1
694,27.76,0.2441408871403053,,8,1,val,current_repo_v1
695,27.8,0.5194883104991781,,8,1,val,current_repo_v1
696,27.84,0.5187330167607282,,8,1,val,current_repo_v1
697,27.88,0.30303262927397784,,8,1,val,current_repo_v1
698,27.92,-0.030394594558763123,,8,1,val,current_repo_v1
699,27.96,-0.18288659346308292,,8,1,val,current_repo_v1
700,28.0,0.014945982268897685,,8,1,val,current_repo_v1
701,28.04,0.1258946593857961,,8,1,val,current_repo_v1
702,28.08,0.2531606831564685,,8,1,val,current_repo_v1
703,28.12,0.03145810181457957,,8,1,val,current_repo_v1
704,28.16,0.256683973595618,,8,1,val,current_repo_v1
705,28.2,0.5174749660379763,,8,1,val,current_repo_v1
706,28.24,0.26879411953591686,,8,1,val,current_repo_v1
707,28.28,0.20801669123251265,,8,1,val,current_repo_v1
708,28.32,-0.5732666288467395,,8,1,val,current_repo_v1
709,28.36,-0.928969315750845,,8,1,val,current_repo_v1
710,28.4,-0.1821468560742217,,8,1,val,current_repo_v1
711,28.44,0.7043725495185514,,8,1,val,current_repo_v1
712,28.48,0.27108983045253976,,8,1,val,current_repo_v1
713,28.52,0.3814420126644723,,8,1,val,current_repo_v1
714,28.56,0.8950327381862444,,8,1,val,current_repo_v1
715,28.6,1.1252878102868062,,8,1,val,current_repo_v1
716,28.64,0.9652758042775292,,8,1,val,current_repo_v1
717,28.68,0.8008475769265943,,8,1,val,current_repo_v1
718,28.72,0.9783067150470921,,8,1,val,current_repo_v1
719,28.76,0.944397864492755,,8,1,val,current_repo_v1
720,28.8,1.4297452087334237,,8,1,val,current_repo_v1
721,28.84,1.0473849615966653,,8,1,val,current_repo_v1
722,28.88,0.8901467970563182,,8,1,val,current_repo_v1
723,28.92,0.5534494432181123,,8,1,val,current_repo_v1
724,28.96,0.22815897427453774,,8,1,val,current_repo_v1
725,29.0,0.5745358701623228,,8,1,val,current_repo_v1
726,29.04,0.24183402126968181,,8,1,val,current_repo_v1
727,29.08,0.5689925351618049,,8,1,val,current_repo_v1
728,29.12,0.19207980802930025,,8,1,val,current_repo_v1
729,29.16,0.5195902375549025,,8,1,val,current_repo_v1
730,29.2,0.30324810164422594,,8,1,val,current_repo_v1
731,29.24,0.5961116182516716,,8,1,val,current_repo_v1
732,29.28,0.5936465516116913,,8,1,val,current_repo_v1
733,29.32,0.6961963602632455,,8,1,val,current_repo_v1
734,29.36,1.0716361879822869,,8,1,val,current_repo_v1
735,29.4,0.9015162968175736,,8,1,val,current_repo_v1
736,29.44,0.7359541131522895,,8,1,val,current_repo_v1
737,29.48,0.8426094438196957,,8,1,val,current_repo_v1
738,29.52,0.6400557220245336,,8,1,val,current_repo_v1
739,29.56,0.3051084129665185,,8,1,val,current_repo_v1
740,29.6,0.5085366047499006,,8,1,val,current_repo_v1
741,29.64,0.6829081371362247,,8,1,val,current_repo_v1
742,29.68,0.8120182832903564,,8,1,val,current_repo_v1
743,29.72,0.5608476724386604,,8,1,val,current_repo_v1
744,29.76,0.32260868257427255,,8,1,val,current_repo_v1
745,29.8,0.49250091288864767,,8,1,val,current_repo_v1
746,29.84,0.24599346483634185,,8,1,val,current_repo_v1
747,29.88,0.36802459877626237,,8,1,val,current_repo_v1
748,29.92,0.46209671366501825,,8,1,val,current_repo_v1
749,29.96,0.4317071263619646,,8,1,val,current_repo_v1
750,30.0,0.36788567861429955,,8,1,val,current_repo_v1
751,30.04,-0.03894302249073943,,8,1,val,current_repo_v1
752,30.08,0.14059777081965247,,8,1,val,current_repo_v1
753,30.12,0.0336057422994644,,8,1,val,current_repo_v1
754,30.16,-0.1902210113573113,,8,1,val,current_repo_v1
755,30.2,-0.06490583935825585,,8,1,val,current_repo_v1
756,30.24,0.01725857708155184,,8,1,val,current_repo_v1
757,30.28,0.18505986717692918,,8,1,val,current_repo_v1
758,30.32,0.1615353343681424,,8,1,val,current_repo_v1
759,30.36,-0.019960141888163783,,8,1,val,current_repo_v1
760,30.4,0.0888179622700253,,8,1,val,current_repo_v1
761,30.44,0.5569322835844481,,8,1,val,current_repo_v1
762,30.48,0.13704863331855746,,8,1,val,current_repo_v1
763,30.52,0.7250513395175258,,8,1,val,current_repo_v1
764,30.56,0.8654582109406791,,8,1,val,current_repo_v1
765,30.6,0.40040112216698914,,8,1,val,current_repo_v1
766,30.64,0.7067847281338132,,8,1,val,current_repo_v1
767,30.68,0.9446364308252791,,8,1,val,current_repo_v1
768,30.72,0.7983589886583699,,8,1,val,current_repo_v1
769,30.76,0.5400347378810334,,8,1,val,current_repo_v1
770,30.8,0.17465272276033292,,8,1,val,current_repo_v1
771,30.84,0.4009660689108153,,8,1,val,current_repo_v1
772,30.88,0.3457275920317562,,8,1,val,current_repo_v1
773,30.92,0.25134905447687506,,8,1,val,current_repo_v1
774,30.96,0.3928340718055437,,8,1,val,current_repo_v1
775,31.0,-0.14802995493612417,,8,1,val,current_repo_v1
776,31.04,0.2866452534316452,,8,1,val,current_repo_v1
777,31.08,0.36952666857263133,,8,1,val,current_repo_v1
778,31.12,0.35931008498364286,,8,1,val,current_repo_v1
779,31.16,0.14606207671315324,,8,1,val,current_repo_v1
780,31.2,0.012735492706121275,,8,1,val,current_repo_v1
781,31.24,0.01928540972644988,,8,1,val,current_repo_v1
782,31.28,0.4056814069583106,,8,1,val,current_repo_v1
783,31.32,0.5897586402959277,,8,1,val,current_repo_v1
784,31.36,0.38979183430281644,,8,1,val,current_repo_v1
785,31.4,0.8062839241574321,,8,1,val,current_repo_v1
786,31.44,0.6637538337581126,,8,1,val,current_repo_v1
787,31.48,0.3221125900513064,,8,1,val,current_repo_v1
788,31.52,0.6571700587349313,,8,1,val,current_repo_v1
789,31.56,0.5889971097621101,,8,1,val,current_repo_v1
790,31.6,0.5222277604965088,,8,1,val,current_repo_v1
791,31.64,0.6769487544264319,,8,1,val,current_repo_v1
792,31.68,0.6743451952904568,,8,1,val,current_repo_v1
793,31.72,0.5699452680221825,,8,1,val,current_repo_v1
794,31.76,0.8017372646955114,,8,1,val,current_repo_v1
795,31.8,0.7637210389061274,,8,1,val,current_repo_v1
796,31.84,0.4382387617758715,,8,1,val,current_repo_v1
797,31.88,0.5732834860136479,,8,1,val,current_repo_v1
798,31.92,0.8115707308547667,,8,1,val,current_repo_v1
799,31.96,0.9111745624852411,,8,1,val,current_repo_v1
800,32.0,0.713163437325303,,8,1,val,current_repo_v1
801,32.04,0.8220944498864939,,8,1,val,current_repo_v1
802,32.08,0.8406885108464286,,8,1,val,current_repo_v1
803,32.12,0.9417273756327763,,8,1,val,current_repo_v1
804,32.16,0.7551846123503801,,8,1,val,current_repo_v1
805,32.2,1.136967011486609,,8,1,val,current_repo_v1
806,32.24,0.9602427460545855,,8,1,val,current_repo_v1
807,32.28,0.8333883953267229,,8,1,val,current_repo_v1
808,32.32,1.0163044086445263,,8,1,val,current_repo_v1
809,32.36,1.038266053992401,,8,1,val,current_repo_v1
810,32.4,0.8404763885262638,,8,1,val,current_repo_v1
811,32.44,0.45420649038703126,,8,1,val,current_repo_v1
812,32.48,0.46953460890410526,,8,1,val,current_repo_v1
813,32.52,0.4346085192058728,,8,1,val,current_repo_v1
814,32.56,0.7942853277571393,,8,1,val,current_repo_v1
815,32.6,0.852145610853478,,8,1,val,current_repo_v1
816,32.64,1.1989371645361417,,8,1,val,current_repo_v1
817,32.68,1.121776387578271,,8,1,val,current_repo_v1
818,32.72,0.2820028680705372,,8,1,val,current_repo_v1
819,32.76,0.731589140449139,,8,1,val,current_repo_v1
820,32.8,0.8278454167145118,,8,1,val,current_repo_v1
821,32.84,1.4606209809645165,,8,1,val,current_repo_v1
822,32.88,1.994203843134689,,8,1,val,current_repo_v1
823,32.92,1.1356999797785274,,8,1,val,current_repo_v1
824,32.96,0.46743505411150577,,8,1,val,current_repo_v1
825,33.0,0.8830178904791648,,8,1,val,current_repo_v1
826,33.04,1.1549633379784985,,8,1,val,current_repo_v1
827,33.08,1.2555839454480695,,8,1,val,current_repo_v1
828,33.12,1.514800842017269,,8,1,val,current_repo_v1
829,33.16,1.579118097177255,,8,1,val,current_repo_v1
830,33.2,2.0018275592369044,,8,1,val,current_repo_v1
831,33.24,2.0933570573901354,,8,1,val,current_repo_v1
832,33.28,1.9205298268145279,,8,1,val,current_repo_v1
833,33.32,2.024466342367563,,8,1,val,current_repo_v1
834,33.36,2.08902252024838,,8,1,val,current_repo_v1
835,33.4,2.2203104127896074,,8,1,val,current_repo_v1
836,33.44,1.8824473128000923,,8,1,val,current_repo_v1
837,33.48,1.7346468095655476,,8,1,val,current_repo_v1
838,33.52,1.7917058604706992,,8,1,val,current_repo_v1
839,33.56,1.5322216726714533,,8,1,val,current_repo_v1
840,33.6,1.2154279642650871,,8,1,val,current_repo_v1
841,33.64,0.8704147169553377,,8,1,val,current_repo_v1
842,33.68,0.633416635536148,,8,1,val,current_repo_v1
843,33.72,1.0867971603835052,,8,1,val,current_repo_v1
844,33.76,0.7402453134759471,,8,1,val,current_repo_v1
845,33.8,0.6472338101880155,,8,1,val,current_repo_v1
846,33.84,1.5013242320313114,,8,1,val,current_repo_v1
847,33.88,1.0639722000014114,,8,1,val,current_repo_v1
848,33.92,1.1431139970010638,,8,1,val,current_repo_v1
849,33.96,0.6932552301231372,,8,1,val,current_repo_v1
850,34.0,0.6425371825266235,,8,1,val,current_repo_v1
851,34.04,1.0804669200017307,,8,1,val,current_repo_v1
852,34.08,1.1915151642155348,,8,1,val,current_repo_v1
853,34.12,0.8653803757344896,,8,1,val,current_repo_v1
854,34.16,0.5236080880472993,,8,1,val,current_repo_v1
855,34.2,0.18801977898080213,,8,1,val,current_repo_v1
856,34.24,0.4178463297813536,,8,1,val,current_repo_v1
857,34.28,0.3943203535999246,,8,1,val,current_repo_v1
858,34.32,0.47132464045231093,,8,1,val,current_repo_v1
859,34.36,0.7025471998891489,,8,1,val,current_repo_v1
860,34.4,0.5664781800190041,,8,1,val,current_repo_v1
861,34.44,0.640719887272953,,8,1,val,current_repo_v1
862,34.48,0.45008304203935084,,8,1,val,current_repo_v1
863,34.52,0.5503733488262458,,8,1,val,current_repo_v1
864,34.56,0.3380217640636706,,8,1,val,current_repo_v1
865,34.6,0.2782029133888743,,8,1,val,current_repo_v1
866,34.64,0.5470509901144299,,8,1,val,current_repo_v1
867,34.68,0.9577127454651192,,8,1,val,current_repo_v1
868,34.72,0.5838466215920992,,8,1,val,current_repo_v1
869,34.76,0.4580351699662165,,8,1,val,current_repo_v1
870,34.8,0.17363434317385598,,8,1,val,current_repo_v1
871,34.84,-0.04469074618516611,,8,1,val,current_repo_v1
872,34.88,0.29801405823570254,,8,1,val,current_repo_v1
873,34.92,0.1191466606308743,,8,1,val,current_repo_v1
874,34.96,0.586453031834528,,8,1,val,current_repo_v1
875,35.0,0.35095563029731125,,8,1,val,current_repo_v1
876,35.04,0.2665108109323681,,8,1,val,current_repo_v1
877,35.08,0.7036121594273154,,8,1,val,current_repo_v1
878,35.12,0.38908668439912325,,8,1,val,current_repo_v1
879,35.16,0.3410389474684349,,8,1,val,current_repo_v1
880,35.2,0.5994797728609021,,8,1,val,current_repo_v1
881,35.24,0.9642156916203344,,8,1,val,current_repo_v1
882,35.28,0.5684806546368506,,8,1,val,current_repo_v1
883,35.32,0.5556028482838584,,8,1,val,current_repo_v1
884,35.36,0.5367378252943179,,8,1,val,current_repo_v1
885,35.4,0.8594526403063343,,8,1,val,current_repo_v1
886,35.44,0.49598061703788426,,8,1,val,current_repo_v1
887,35.48,0.5222014590394722,,8,1,val,current_repo_v1
888,35.52,0.8423225512327792,,8,1,val,current_repo_v1
889,35.56,0.8825945011707712,,8,1,val,current_repo_v1
890,35.6,0.621763949626366,,8,1,val,current_repo_v1
891,35.64,0.6728108010746675,,8,1,val,current_repo_v1
892,35.68,0.655118188697772,,8,1,val,current_repo_v1
893,35.72,0.5426111402280358,,8,1,val,current_repo_v1
894,35.76,0.7232991920463253,,8,1,val,current_repo_v1
895,35.8,0.5777893033756174,,8,1,val,current_repo_v1
896,35.84,0.5273495950466587,,8,1,val,current_repo_v1
897,35.88,0.3930495441757918,,8,1,val,current_repo_v1
898,35.92,0.6052890448159008,,8,1,val,current_repo_v1
899,35.96,0.6334371635026156,,8,1,val,current_repo_v1
900,36.0,0.7934612154366601,,8,1,val,current_repo_v1
901,36.04,0.0919609329276494,,8,1,val,current_repo_v1
902,36.08,0.48563174210943816,,8,1,val,current_repo_v1
903,36.12,0.29990639104735467,,8,1,val,current_repo_v1
904,36.16,0.17873231752687044,,8,1,val,current_repo_v1
905,36.2,-0.014892619802245832,,8,1,val,current_repo_v1
906,36.24,-0.04734250683962619,,8,1,val,current_repo_v1
907,36.28,-0.2190833856689562,,8,1,val,current_repo_v1
908,36.32,-0.6407121892855276,,8,1,val,current_repo_v1
909,36.36,-1.1358408244373466,,8,1,val,current_repo_v1
910,36.4,-0.5863201702737796,,8,1,val,current_repo_v1
911,36.44,-0.11658761439440966,,8,1,val,current_repo_v1
912,36.48,-0.019611932693074614,,8,1,val,current_repo_v1
913,36.52,-0.016600610762242597,,8,1,val,current_repo_v1
914,36.56,0.2711882649028582,,8,1,val,current_repo_v1
915,36.6,0.19361910258430703,,8,1,val,current_repo_v1
916,36.64,0.57056060807258,,8,1,val,current_repo_v1
917,36.68,0.37736500171315857,,8,1,val,current_repo_v1
918,36.72,0.4333429130510182,,8,1,val,current_repo_v1
919,36.76,0.31444307805167643,,8,1,val,current_repo_v1
920,36.8,0.6438163314371337,,8,1,val,current_repo_v1
921,36.84,-0.016549005735428297,,8,1,val,current_repo_v1
922,36.88,0.2480577371865752,,8,1,val,current_repo_v1
923,36.92,0.11859673565417675,,8,1,val,current_repo_v1
924,36.96,0.018004907654087514,,8,1,val,current_repo_v1
925,37.0,0.14799644552558402,,8,1,val,current_repo_v1
926,37.04,0.2659956872738226,,8,1,val,current_repo_v1
927,37.08,0.07575121665622092,,8,1,val,current_repo_v1
928,37.12,0.26532988263919227,,8,1,val,current_repo_v1
929,37.16,0.4475699698944542,,8,1,val,current_repo_v1
930,37.2,0.3588663102641044,,8,1,val,current_repo_v1
931,37.24,0.4619071150858386,,8,1,val,current_repo_v1
932,37.28,0.03679825984143144,,8,1,val,current_repo_v1
933,37.32,-0.03293837846599211,,8,1,val,current_repo_v1
934,37.36,0.23872545990307237,,8,1,val,current_repo_v1
935,37.4,0.6856339374614075,,8,1,val,current_repo_v1
936,37.44,0.37975052248307706,,8,1,val,current_repo_v1
937,37.48,0.10499216444668827,,8,1,val,current_repo_v1
938,37.52,0.466639987438025,,8,1,val,current_repo_v1
939,37.56,0.21700982940333255,,8,1,val,current_repo_v1
940,37.6,-0.019879811963827158,,8,1,val,current_repo_v1
941,37.64,-0.2400425641682492,,8,1,val,current_repo_v1
942,37.68,0.5873805324027892,,8,1,val,current_repo_v1
943,37.72,0.1851885055362429,,8,1,val,current_repo_v1
944,37.76,-0.11646763627094948,,8,1,val,current_repo_v1
945,37.8,-0.059692234819123315,,8,1,val,current_repo_v1
946,37.84,0.37283648241605044,,8,1,val,current_repo_v1
947,37.88,-0.22674295443482836,,8,1,val,current_repo_v1
948,37.92,-0.24905879630134514,,8,1,val,current_repo_v1
949,37.96,-0.4221280145372216,,8,1,val,current_repo_v1
950,38.0,-0.33276432376281045,,8,1,val,current_repo_v1
951,38.04,-0.14081462419458915,,8,1,val,current_repo_v1
952,38.08,-0.09724749015316927,,8,1,val,current_repo_v1
953,38.12,-0.06508025579556882,,8,1,val,current_repo_v1
954,38.16,0.13524169114519752,,8,1,val,current_repo_v1
955,38.2,0.1730905658954495,,8,1,val,current_repo_v1
956,38.24,0.356836358107809,,8,1,val,current_repo_v1
957,38.28,0.15820048424617564,,8,1,val,current_repo_v1
958,38.32,0.21727184608643943,,8,1,val,current_repo_v1
959,38.36,-0.12585089490172985,,8,1,val,current_repo_v1
960,38.4,0.4028951988151372,,8,1,val,current_repo_v1
961,38.44,-0.04197200234845638,,8,1,val,current_repo_v1
962,38.48,0.36373368356325014,,8,1,val,current_repo_v1
963,38.52,0.02959643621672144,,8,1,val,current_repo_v1
964,38.56,-0.3950886198727394,,8,1,val,current_repo_v1
965,38.6,-0.08535254929188851,,8,1,val,current_repo_v1
966,38.64,-0.613834523634639,,8,1,val,current_repo_v1
967,38.68,-0.6294729138115508,,8,1,val,current_repo_v1
968,38.72,-0.3399629042539292,,8,1,val,current_repo_v1
969,38.76,-0.41117089168568177,,8,1,val,current_repo_v1
970,38.8,-0.6057801479025728,,8,1,val,current_repo_v1
971,38.84,-0.7169405118776738,,8,1,val,current_repo_v1
972,38.88,-0.8058140618138412,,8,1,val,current_repo_v1
973,38.92,-0.47117239136767647,,8,1,val,current_repo_v1
974,38.96,-0.3335383635261943,,8,1,val,current_repo_v1
975,39.0,-0.22173929824718966,,8,1,val,current_repo_v1
976,39.04,-0.11216214477619206,,8,1,val,current_repo_v1
977,39.08,-0.052227432262878286,,8,1,val,current_repo_v1
978,39.12,-0.02512958991609265,,8,1,val,current_repo_v1
979,39.16,0.08494944738785547,,8,1,val,current_repo_v1
980,39.2,-0.26277988866571855,,8,1,val,current_repo_v1
981,39.24,-0.8115226897110197,,8,1,val,current_repo_v1
982,39.28,-0.7909656419576239,,8,1,val,current_repo_v1
983,39.32,-0.7065043218140792,,8,1,val,current_repo_v1
984,39.36,-1.3490540492090994,,8,1,val,current_repo_v1
985,39.4,-1.0917827476839927,,8,1,val,current_repo_v1
986,39.44,-0.9625725989709929,,8,1,val,current_repo_v1
987,39.48,-0.9033702287891757,,8,1,val,current_repo_v1
988,39.52,-1.1714087338371666,,8,1,val,current_repo_v1
989,39.56,-1.511787222495572,,8,1,val,current_repo_v1
990,39.6,-1.6128126158039253,,8,1,val,current_repo_v1
991,39.64,-1.4333686799255947,,8,1,val,current_repo_v1
992,39.68,-1.4326023025108054,,8,1,val,current_repo_v1
993,39.72,-1.521330731128473,,8,1,val,current_repo_v1
994,39.76,-1.6734433903191108,,8,1,val,current_repo_v1
995,39.8,-1.5005207902326225,,8,1,val,current_repo_v1
996,39.84,-1.8189985046659427,,8,1,val,current_repo_v1
997,39.88,-1.6756184994327368,,8,1,val,current_repo_v1
998,39.92,-1.7459012671813912,,8,1,val,current_repo_v1
999,39.96,-1.5795833977505198,,8,1,val,current_repo_v1
1000,40.0,-1.813510267297645,,8,1,val,current_repo_v1
1001,40.04,-1.836580993056059,,8,1,val,current_repo_v1
1002,40.08,-1.8198966031988986,,8,1,val,current_repo_v1
1003,40.12,-1.6472665266345732,,8,1,val,current_repo_v1
1004,40.16,-1.813354596885266,,8,1,val,current_repo_v1
1005,40.2,-1.0911148759971834,,8,1,val,current_repo_v1
1006,40.24,-0.7748488361177596,,8,1,val,current_repo_v1
1007,40.28,-1.027343465167783,,8,1,val,current_repo_v1
1008,40.32,-1.1845231107481653,,8,1,val,current_repo_v1
1009,40.36,-1.3231845348002846,,8,1,val,current_repo_v1
1010,40.4,-1.7642700907314735,,8,1,val,current_repo_v1
1011,40.44,-1.7398647620420222,,8,1,val,current_repo_v1
1012,40.48,-1.6207337023092752,,8,1,val,current_repo_v1
1013,40.52,-1.280117573927943,,8,1,val,current_repo_v1
1014,40.56,-0.7735526518461876,,8,1,val,current_repo_v1
1015,40.6,-0.12835612650387845,,8,1,val,current_repo_v1
1016,40.64,0.426028684554366,,8,1,val,current_repo_v1
1017,40.68,0.6068159548772488,,8,1,val,current_repo_v1
1018,40.72,0.9513780858683412,,8,1,val,current_repo_v1
1019,40.76,0.8203254096095545,,8,1,val,current_repo_v1
1020,40.8,0.6205987736963476,,8,1,val,current_repo_v1
1021,40.84,0.6029623993942539,,8,1,val,current_repo_v1
1022,40.88,-0.040779277602327815,,8,1,val,current_repo_v1
1023,40.92,-0.32985198979788577,,8,1,val,current_repo_v1
1024,40.96,-0.6000273991330213,,8,1,val,current_repo_v1
1025,41.0,-0.808366657421954,,8,1,val,current_repo_v1
1026,41.04,-1.1235308159346344,,8,1,val,current_repo_v1
1027,41.08,-1.2766316686221693,,8,1,val,current_repo_v1
1028,41.12,-1.436898207160112,,8,1,val,current_repo_v1
1029,41.16,-1.1790071463696041,,8,1,val,current_repo_v1
1030,41.2,-1.0863409120732312,,8,1,val,current_repo_v1
1031,41.24,-0.9259426524171217,,8,1,val,current_repo_v1
1032,41.28,-0.8276897463021328,,8,1,val,current_repo_v1
1033,41.32,-0.7782704489729994,,8,1,val,current_repo_v1
1034,41.36,-0.374938531926797,,8,1,val,current_repo_v1
1035,41.4,-0.1622607805859038,,8,1,val,current_repo_v1
1036,41.44,0.3844780846494932,,8,1,val,current_repo_v1
1037,41.48,0.10141456042959332,,8,1,val,current_repo_v1
1038,41.52,-0.3524171431043745,,8,1,val,current_repo_v1
1039,41.56,-0.5694326034429534,,8,1,val,current_repo_v1
1040,41.6,-0.46407666454187957,,8,1,val,current_repo_v1
1041,41.64,0.4117261803063956,,8,1,val,current_repo_v1
1042,41.68,0.7086398718256582,,8,1,val,current_repo_v1
1043,41.72,0.7989361238822861,,8,1,val,current_repo_v1
1044,41.76,-0.4754711114846061,,8,1,val,current_repo_v1
1045,41.8,-0.8943278021155352,,8,1,val,current_repo_v1
1046,41.84,-1.4221233458504035,,8,1,val,current_repo_v1
1047,41.88,-1.8988822308425426,,8,1,val,current_repo_v1
1048,41.92,-1.675622063315804,,8,1,val,current_repo_v1
1049,41.96,-1.588249335816932,,8,1,val,current_repo_v1
1050,42.0,-1.3094772703022124,,8,1,val,current_repo_v1
1051,42.04,-0.9134659254645219,,8,1,val,current_repo_v1
1052,42.08,-0.19983465720897634,,8,1,val,current_repo_v1
1053,42.12,0.14280743177961575,,8,1,val,current_repo_v1
1054,42.16,0.014411139199855505,,8,1,val,current_repo_v1
1055,42.2,-0.6554526947624676,,8,1,val,current_repo_v1
1056,42.24,-0.7586223339570841,,8,1,val,current_repo_v1
1057,42.28,-0.27243998973316563,,8,1,val,current_repo_v1
1058,42.32,0.2549853378286729,,8,1,val,current_repo_v1
1059,42.36,0.5782767356627301,,8,1,val,current_repo_v1
1060,42.4,-0.16316636327330114,,8,1,val,current_repo_v1
1061,42.44,-0.9188219427710231,,8,1,val,current_repo_v1
1062,42.48,-1.059371797182836,,8,1,val,current_repo_v1
1063,42.52,-0.9870104302740177,,8,1,val,current_repo_v1
1064,42.56,-0.8148071643458303,,8,1,val,current_repo_v1
1065,42.6,-0.8079264465854828,,8,1,val,current_repo_v1
1066,42.64,-0.7401881487915478,,8,1,val,current_repo_v1
1067,42.68,-1.2665507264227218,,8,1,val,current_repo_v1
1068,42.72,-1.2579487956961979,,8,1,val,current_repo_v1
1069,42.76,-0.9184703300676047,,8,1,val,current_repo_v1
1070,42.8,-0.8843720234894107,,8,1,val,current_repo_v1
1071,42.84,-0.8717992855269782,,8,1,val,current_repo_v1
1072,42.88,-0.9680110845316712,,8,1,val,current_repo_v1
1073,42.92,-1.1169935139466505,,8,1,val,current_repo_v1
1074,42.96,-1.2799409478831283,,8,1,val,current_repo_v1
1075,43.0,-1.2078167930312687,,8,1,val,current_repo_v1
1076,43.04,-1.0023455340019036,,8,1,val,current_repo_v1
1077,43.08,-0.9264214244683809,,8,1,val,current_repo_v1
1078,43.12,-0.7997939505365818,,8,1,val,current_repo_v1
1079,43.16,-0.5623256860243252,,8,1,val,current_repo_v1
1080,43.2,-0.8348517969918119,,8,1,val,current_repo_v1
1081,43.24,-1.4173637087363817,,8,1,val,current_repo_v1
1082,43.28,-1.155432273712492,,8,1,val,current_repo_v1
1083,43.32,-1.194919955542697,,8,1,val,current_repo_v1
1084,43.36,-1.2963838490236492,,8,1,val,current_repo_v1
1085,43.4,-1.1380919868156285,,8,1,val,current_repo_v1
1086,43.44,-0.9570495068262973,,8,1,val,current_repo_v1
1087,43.48,-0.9854936416405808,,8,1,val,current_repo_v1
1088,43.52,-1.0227994429793321,,8,1,val,current_repo_v1
1089,43.56,-0.9590124936197584,,8,1,val,current_repo_v1
1090,43.6,-0.9833099792075934,,8,1,val,current_repo_v1
1091,43.64,-0.7153381900506222,,8,1,val,current_repo_v1
1092,43.68,-0.8979326698380949,,8,1,val,current_repo_v1
1093,43.72,-0.9482724468858469,,8,1,val,current_repo_v1
1094,43.76,-1.1239784396478856,,8,1,val,current_repo_v1
1095,43.8,-1.2461358063260493,,8,1,val,current_repo_v1
1096,43.84,-1.1492933425737692,,8,1,val,current_repo_v1
1097,43.88,-1.2849014454468222,,8,1,val,current_repo_v1
1098,43.92,-1.0226797677859327,,8,1,val,current_repo_v1
1099,43.96,-1.0371521267008899,,8,1,val,current_repo_v1
1100,44.0,-1.0378623373185387,,8,1,val,current_repo_v1
1101,44.04,-1.2601467136614544,,8,1,val,current_repo_v1
1102,44.08,-1.2548313958995814,,8,1,val,current_repo_v1
1103,44.12,-0.9925616058172836,,8,1,val,current_repo_v1
1104,44.16,-0.7602457539718942,,8,1,val,current_repo_v1
1105,44.2,-1.1385288476020163,,8,1,val,current_repo_v1
1106,44.24,-1.0054664976815872,,8,1,val,current_repo_v1
1107,44.28,-0.7934136732365425,,8,1,val,current_repo_v1
1108,44.32,-0.7934214425016293,,8,1,val,current_repo_v1
1109,44.36,-0.4992923910169904,,8,1,val,current_repo_v1
1110,44.4,-0.6134668021797565,,8,1,val,current_repo_v1
1111,44.44,-0.7205570691366943,,8,1,val,current_repo_v1
1112,44.48,-0.945049556150439,,8,1,val,current_repo_v1
1113,44.52,-0.9803769034432172,,8,1,val,current_repo_v1
1114,44.56,-0.9761989633234378,,8,1,val,current_repo_v1
1115,44.6,-1.0610049822372505,,8,1,val,current_repo_v1
1116,44.64,-0.9629584249518572,,8,1,val,current_repo_v1
1117,44.68,-0.8380069739489414,,8,1,val,current_repo_v1
1118,44.72,-0.91388532322388,,8,1,val,current_repo_v1
1119,44.76,-0.9268084621694882,,8,1,val,current_repo_v1
1120,44.8,-0.18835214671565723,,8,1,val,current_repo_v1
1121,44.84,-0.09832353336767491,,8,1,val,current_repo_v1
1122,44.88,0.09269728462759667,,8,1,val,current_repo_v1
1123,44.92,0.5617137316628416,,8,1,val,current_repo_v1
1124,44.96,0.4597832546107203,,8,1,val,current_repo_v1
1125,45.0,0.2937482683983147,,8,1,val,current_repo_v1
1126,45.04,0.02738305099895286,,8,1,val,current_repo_v1
1127,45.08,0.03385724552752276,,8,1,val,current_repo_v1
1128,45.12,0.18017784631837694,,8,1,val,current_repo_v1
1129,45.16,-0.11844731985658079,,8,1,val,current_repo_v1
1130,45.2,-0.09541754311461,,8,1,val,current_repo_v1
1131,45.24,-0.386660392806915,,8,1,val,current_repo_v1
1132,45.28,-0.4856850578001248,,8,1,val,current_repo_v1
1133,45.32,-0.33232275865077376,,8,1,val,current_repo_v1
1134,45.36,-0.06779095416625415,,8,1,val,current_repo_v1
1135,45.4,-0.5409534000192877,,8,1,val,current_repo_v1
1136,45.44,-0.4342177394275449,,8,1,val,current_repo_v1
1137,45.48,-0.030760150954682305,,8,1,val,current_repo_v1
1138,45.52,0.2255688153388957,,8,1,val,current_repo_v1
1139,45.56,0.5252365331372343,,8,1,val,current_repo_v1
1140,45.6,-0.12001359300640693,,8,1,val,current_repo_v1
1141,45.64,-0.32741874863369635,,8,1,val,current_repo_v1
1142,45.68,0.14535535870091046,,8,1,val,current_repo_v1
1143,45.72,0.3021784021415801,,8,1,val,current_repo_v1
1144,45.76,0.16272754235122625,,8,1,val,current_repo_v1
1145,45.8,0.39480090759271746,,8,1,val,current_repo_v1
1146,45.84,0.3163796564716089,,8,1,val,current_repo_v1
1147,45.88,0.12761689696835435,,8,1,val,current_repo_v1
1148,45.92,-0.8448325940770687,,8,1,val,current_repo_v1
1149,45.96,-0.5252650442017726,,8,1,val,current_repo_v1
1150,46.0,-0.18351298155098908,,8,1,val,current_repo_v1
1151,46.04,0.14906555698752377,,8,1,val,current_repo_v1
1152,46.08,0.28773555217841995,,8,1,val,current_repo_v1
1153,46.12,0.04005388484281244,,8,1,val,current_repo_v1
1154,46.16,-0.15182963341684938,,8,1,val,current_repo_v1
1155,46.2,0.18472398901725282,,8,1,val,current_repo_v1
1156,46.24,0.2747555514784733,,8,1,val,current_repo_v1
1157,46.28,0.5804336689727129,,8,1,val,current_repo_v1
1158,46.32,0.2517652447414727,,8,1,val,current_repo_v1
1159,46.36,-0.21572216281229148,,8,1,val,current_repo_v1
1160,46.4,-0.2367806310938391,,8,1,val,current_repo_v1
1161,46.44,0.31907477176358257,,8,1,val,current_repo_v1
1162,46.48,0.5448512189299783,,8,1,val,current_repo_v1
1163,46.52,0.5877923747300448,,8,1,val,current_repo_v1
1164,46.56,0.7212399804100476,,8,1,val,current_repo_v1
1165,46.6,0.6666176989133221,,8,1,val,current_repo_v1
1166,46.64,0.4896977763009046,,8,1,val,current_repo_v1
1167,46.68,0.49084156893251935,,8,1,val,current_repo_v1
1168,46.72,0.5779454014539646,,8,1,val,current_repo_v1
1169,46.76,0.9230256141265483,,8,1,val,current_repo_v1
1170,46.8,0.9823179367169838,,8,1,val,current_repo_v1
1171,46.84,0.4151693546541925,,8,1,val,current_repo_v1
1172,46.88,0.6384125580975308,,8,1,val,current_repo_v1
1173,46.92,1.1940161547968333,,8,1,val,current_repo_v1
1174,46.96,1.3294204748360987,,8,1,val,current_repo_v1
1175,47.0,1.4003190815787803,,8,1,val,current_repo_v1
1176,47.04,1.0804807478680316,,8,1,val,current_repo_v1
1177,47.08,1.1556113231977925,,8,1,val,current_repo_v1
1178,47.12,1.0958884122551675,,8,1,val,current_repo_v1
1179,47.16,1.2819311627432235,,8,1,val,current_repo_v1
1180,47.2,1.0117149113081367,,8,1,val,current_repo_v1
1181,47.24,1.2091763431437768,,8,1,val,current_repo_v1
1182,47.28,1.0982152715097984,,8,1,val,current_repo_v1
1183,47.32,1.097325156074913,,8,1,val,current_repo_v1
1184,47.36,1.1196239447609528,,8,1,val,current_repo_v1
1185,47.4,1.4345722745150784,,8,1,val,current_repo_v1
1186,47.44,1.6650597117916275,,8,1,val,current_repo_v1
1187,47.48,1.448826951452286,,8,1,val,current_repo_v1
1188,47.52,1.25120949281596,,8,1,val,current_repo_v1
1189,47.56,1.1000556607257448,,8,1,val,current_repo_v1
1190,47.6,1.0775161673773406,,8,1,val,current_repo_v1
1191,47.64,1.4306778056544711,,8,1,val,current_repo_v1
1192,47.68,1.60213379658111,,8,1,val,current_repo_v1
1193,47.72,1.0690168764831545,,8,1,val,current_repo_v1
1194,47.76,1.2696433215931897,,8,1,val,current_repo_v1
1195,47.8,0.8621131502937246,,8,1,val,current_repo_v1
1196,47.84,0.7800558118343869,,8,1,val,current_repo_v1
1197,47.88,1.2063469050989972,,8,1,val,current_repo_v1
1198,47.92,1.1269533553994717,,8,1,val,current_repo_v1
1199,47.96,0.8353901571679561,,8,1,val,current_repo_v1
1200,48.0,0.6652575785795232,,8,1,val,current_repo_v1
1201,48.04,0.8100104628479089,,8,1,val,current_repo_v1
1202,48.08,0.2789731754362068,,8,1,val,current_repo_v1
1203,48.12,-0.38454430159688335,,8,1,val,current_repo_v1
1204,48.16,-0.3588124956297884,,8,1,val,current_repo_v1
1205,48.2,0.2770165323546055,,8,1,val,current_repo_v1
1206,48.24,0.48075613624040703,,8,1,val,current_repo_v1
1207,48.28,0.2301898530404306,,8,1,val,current_repo_v1
1208,48.32,0.32318303796939635,,8,1,val,current_repo_v1
1209,48.36,0.901869548907203,,8,1,val,current_repo_v1
1210,48.4,1.381331140262249,,8,1,val,current_repo_v1
1211,48.44,0.7972192588534518,,8,1,val,current_repo_v1
1212,48.48,-0.0037336386137749346,,8,1,val,current_repo_v1
1213,48.52,-0.5295982983456241,,8,1,val,current_repo_v1
1214,48.56,-0.8995829615312323,,8,1,val,current_repo_v1
1215,48.6,-0.6294560210058119,,8,1,val,current_repo_v1
1216,48.64,-0.25966309472922366,,8,1,val,current_repo_v1
1217,48.68,-0.4343551627586194,,8,1,val,current_repo_v1
1218,48.72,-0.45566105362211334,,8,1,val,current_repo_v1
1219,48.76,-0.6715166838552747,,8,1,val,current_repo_v1
1220,48.8,-0.7190378570627716,,8,1,val,current_repo_v1
1221,48.84,-0.6841617686439732,,8,1,val,current_repo_v1
1222,48.88,-0.36134338719002146,,8,1,val,current_repo_v1
1223,48.92,-0.4351464873548796,,8,1,val,current_repo_v1
1224,48.96,-0.5123600454209769,,8,1,val,current_repo_v1
1225,49.0,-0.3940239098063878,,8,1,val,current_repo_v1
1226,49.04,-0.24730725469026613,,8,1,val,current_repo_v1
1227,49.08,-0.032013925017753485,,8,1,val,current_repo_v1
1228,49.12,0.31209223386400264,,8,1,val,current_repo_v1
1229,49.16,0.5734274312507355,,8,1,val,current_repo_v1
1230,49.2,1.1675449856485993,,8,1,val,current_repo_v1
1231,49.24,1.600794916990392,,8,1,val,current_repo_v1
1232,49.28,1.46985001255556,,8,1,val,current_repo_v1
1233,49.32,1.0454801373748623,,8,1,val,current_repo_v1
1234,49.36,1.3664144364064625,,8,1,val,current_repo_v1
1235,49.4,1.1965442308894434,,8,1,val,current_repo_v1
1236,49.44,1.2320124228410407,,8,1,val,current_repo_v1
1237,49.48,1.0464055352521138,,8,1,val,current_repo_v1
1238,49.52,1.2931452772027452,,8,1,val,current_repo_v1
1239,49.56,1.444882445673414,,8,1,val,current_repo_v1
1240,49.6,1.4599196087768747,,8,1,val,current_repo_v1
1241,49.64,1.5895317634998642,,8,1,val,current_repo_v1
1242,49.68,1.5134909011570574,,8,1,val,current_repo_v1
1243,49.72,1.4843823872613704,,8,1,val,current_repo_v1
1244,49.76,1.6036818048302162,,8,1,val,current_repo_v1
1245,49.8,1.4005517318654126,,8,1,val,current_repo_v1
1246,49.84,1.5755932742683865,,8,1,val,current_repo_v1
1247,49.88,1.9044895019052874,,8,1,val,current_repo_v1
1248,49.92,1.8076037726125709,,8,1,val,current_repo_v1
1249,49.96,1.912940609100404,,8,1,val,current_repo_v1
1250,50.0,1.8865032968413091,,8,1,val,current_repo_v1
1251,50.04,1.7306621031856766,,8,1,val,current_repo_v1
1252,50.08,1.261078740361211,,8,1,val,current_repo_v1
1253,50.12,1.3259321460898394,,8,1,val,current_repo_v1
1254,50.16,1.0466917150624169,,8,1,val,current_repo_v1
1255,50.2,0.7514150219524506,,8,1,val,current_repo_v1
1256,50.24,0.6629350672622343,,8,1,val,current_repo_v1
1257,50.28,0.7153884408018708,,8,1,val,current_repo_v1
1258,50.32,0.2944013856092255,,8,1,val,current_repo_v1
1259,50.36,0.5050623889805876,,8,1,val,current_repo_v1
1260,50.4,0.09500406140114348,,8,1,val,current_repo_v1
1261,50.44,-0.4689468889474791,,8,1,val,current_repo_v1
1262,50.48,-0.7340440143835469,,8,1,val,current_repo_v1
1263,50.52,-0.7952135054631833,,8,1,val,current_repo_v1
1264,50.56,-1.0296774521885486,,8,1,val,current_repo_v1
1265,50.6,-1.1500787511241377,,8,1,val,current_repo_v1
1266,50.64,-1.215301802804505,,8,1,val,current_repo_v1
1267,50.68,-1.0792668180176528,,8,1,val,current_repo_v1
1268,50.72,-1.1485096446872731,,8,1,val,current_repo_v1
1269,50.76,-1.2201630818636058,,8,1,val,current_repo_v1
1270,50.8,-1.443136000415121,,8,1,val,current_repo_v1
1271,50.84,-1.33128866233997,,8,1,val,current_repo_v1
1272,50.88,-1.4164486461200254,,8,1,val,current_repo_v1
1273,50.92,-1.5250873489920376,,8,1,val,current_repo_v1
1274,50.96,-1.6391229112705021,,8,1,val,current_repo_v1
1275,51.0,-1.6760061073551347,,8,1,val,current_repo_v1
1276,51.04,-1.7098136723526995,,8,1,val,current_repo_v1
1277,51.08,-1.7512382533523132,,8,1,val,current_repo_v1
1278,51.12,-1.572091545321794,,8,1,val,current_repo_v1
1279,51.16,-1.5184137641155608,,8,1,val,current_repo_v1
1280,51.2,-1.4483032031967176,,8,1,val,current_repo_v1
1281,51.24,-1.4580797897822189,,8,1,val,current_repo_v1
1282,51.28,-1.6132119132627842,,8,1,val,current_repo_v1
1283,51.32,-1.2634520013733779,,8,1,val,current_repo_v1
1284,51.36,-1.0372713742283213,,8,1,val,current_repo_v1
1285,51.4,-1.089818763003273,,8,1,val,current_repo_v1
1286,51.44,-1.3043655215411427,,8,1,val,current_repo_v1
1287,51.48,-0.9359915909466251,,8,1,val,current_repo_v1
1288,51.52,-1.2314608762975474,,8,1,val,current_repo_v1
1289,51.56,-0.8593594091252941,,8,1,val,current_repo_v1
1290,51.6,-0.635215683708514,,8,1,val,current_repo_v1
1291,51.64,-0.7622686140008857,,8,1,val,current_repo_v1
1292,51.68,-0.6170648272468269,,8,1,val,current_repo_v1
1293,51.72,-0.6148025455533752,,8,1,val,current_repo_v1
1294,51.76,-0.6204402521775148,,8,1,val,current_repo_v1
1295,51.8,-0.8744544496897675,,8,1,val,current_repo_v1
1296,51.84,-0.994659093557704,,8,1,val,current_repo_v1
1297,51.88,-0.693572700826771,,8,1,val,current_repo_v1
1298,51.92,-0.89233281165213,,8,1,val,current_repo_v1
1299,51.96,-0.5201319834199606,,8,1,val,current_repo_v1
1300,52.0,-0.7114364508685576,,8,1,val,current_repo_v1
1301,52.04,-0.7957623434555453,,8,1,val,current_repo_v1
1302,52.08,-0.6978663245909144,,8,1,val,current_repo_v1
1303,52.12,-0.5080835282955565,,8,1,val,current_repo_v1
1304,52.16,-1.07499229666675,,8,1,val,current_repo_v1
1305,52.2,-0.5328139187595748,,8,1,val,current_repo_v1
1306,52.24,-0.6419760847765099,,8,1,val,current_repo_v1
1307,52.28,-0.28633448282817786,,8,1,val,current_repo_v1
1308,52.32,-0.4397659925866956,,8,1,val,current_repo_v1
1309,52.36,-0.6090066025210481,,8,1,val,current_repo_v1
1310,52.4,-1.1116210315003783,,8,1,val,current_repo_v1
1311,52.44,-0.8191131904230479,,8,1,val,current_repo_v1
1312,52.48,-1.1934038796858737,,8,1,val,current_repo_v1
1313,52.52,-1.0660579269277097,,8,1,val,current_repo_v1
1314,52.56,-0.6215178991394007,,8,1,val,current_repo_v1
1315,52.6,-0.8189368494888786,,8,1,val,current_repo_v1
1316,52.64,-0.6550290203434286,,8,1,val,current_repo_v1
1317,52.68,-1.0072611266389497,,8,1,val,current_repo_v1
1318,52.72,-1.1237708790980467,,8,1,val,current_repo_v1
1319,52.76,-1.607976141370973,,8,1,val,current_repo_v1
1320,52.8,-1.5246360188403965,,8,1,val,current_repo_v1
1321,52.84,-1.2613973515074264,,8,1,val,current_repo_v1
1322,52.88,-1.2934104301029514,,8,1,val,current_repo_v1
1323,52.92,-0.9893707187518198,,8,1,val,current_repo_v1
1324,52.96,-1.1060687867921923,,8,1,val,current_repo_v1
1325,53.0,-0.9533764263818297,,8,1,val,current_repo_v1
1326,53.04,-0.7928780216115294,,8,1,val,current_repo_v1
1327,53.08,-1.1745078152748172,,8,1,val,current_repo_v1
1328,53.12,-1.3686300312317328,,8,1,val,current_repo_v1
1329,53.16,-1.4004974182874672,,8,1,val,current_repo_v1
1330,53.2,-1.207246999406471,,8,1,val,current_repo_v1
1331,53.24,-0.6188102746178609,,8,1,val,current_repo_v1
1332,53.28,-0.4349799114603146,,8,1,val,current_repo_v1
1333,53.32,-1.0020728256695948,,8,1,val,current_repo_v1
1334,53.36,-0.8406704063204469,,8,1,val,current_repo_v1
1335,53.4,-0.7155089000495451,,8,1,val,current_repo_v1
1336,53.44,-1.0082872398516827,,8,1,val,current_repo_v1
1337,53.48,-1.1335283632703075,,8,1,val,current_repo_v1
1338,53.52,-1.2687288291981242,,8,1,val,current_repo_v1
1339,53.56,-1.151013557652687,,8,1,val,current_repo_v1
1340,53.6,-0.950340568229793,,8,1,val,current_repo_v1
1341,53.64,-0.919999164625809,,8,1,val,current_repo_v1
1342,53.68,-0.6619761688841503,,8,1,val,current_repo_v1
1343,53.72,-1.3471133010459784,,8,1,val,current_repo_v1
1344,53.76,-1.3890439534411465,,8,1,val,current_repo_v1
1345,53.8,-0.918352650648723,,8,1,val,current_repo_v1
1346,53.84,-0.486081682346683,,8,1,val,current_repo_v1
1347,53.88,-0.9772008421313133,,8,1,val,current_repo_v1
1348,53.92,-0.8934484496075131,,8,1,val,current_repo_v1
1349,53.96,-1.162534308611318,,8,1,val,current_repo_v1
1350,54.0,-1.3957072743343897,,8,1,val,current_repo_v1
1351,54.04,-1.116077595998358,,8,1,val,current_repo_v1
1352,54.08,-0.920530040647512,,8,1,val,current_repo_v1
1353,54.12,-1.1238724497654644,,8,1,val,current_repo_v1
1354,54.16,-1.1811023532248615,,8,1,val,current_repo_v1
1355,54.2,-1.3273822188322566,,8,1,val,current_repo_v1
1356,54.24,-1.2315238857501771,,8,1,val,current_repo_v1
1357,54.28,-1.3251522259193944,,8,1,val,current_repo_v1
1358,54.32,-1.1589446943082864,,8,1,val,current_repo_v1
1359,54.36,-1.1368141209030225,,8,1,val,current_repo_v1
1360,54.4,-1.1476607277406456,,8,1,val,current_repo_v1
1361,54.44,-0.6126387695879032,,8,1,val,current_repo_v1
1362,54.48,-1.0972675637245457,,8,1,val,current_repo_v1
1363,54.52,-1.203291374312429,,8,1,val,current_repo_v1
1364,54.56,-1.0570909832974344,,8,1,val,current_repo_v1
1365,54.6,-0.9269139531082798,,8,1,val,current_repo_v1
1366,54.64,-1.1677370076682647,,8,1,val,current_repo_v1
1367,54.68,-1.2757070547991927,,8,1,val,current_repo_v1
1368,54.72,-1.5286602130446532,,8,1,val,current_repo_v1
1369,54.76,-1.2469108796155226,,8,1,val,current_repo_v1
1370,54.8,-1.4001146572460408,,8,1,val,current_repo_v1
1371,54.84,-0.7147675410938883,,8,1,val,current_repo_v1
1372,54.88,-0.6119058926739466,,8,1,val,current_repo_v1
1373,54.92,-0.0608087102870273,,8,1,val,current_repo_v1
1374,54.96,0.6195717338740172,,8,1,val,current_repo_v1
1375,55.0,0.5411799204270444,,8,1,val,current_repo_v1
1376,55.04,0.40960370974567345,,8,1,val,current_repo_v1
1377,55.08,0.2666577498312323,,8,1,val,current_repo_v1
1378,55.12,-0.17063701059777653,,8,1,val,current_repo_v1
1379,55.16,-0.6501436494347931,,8,1,val,current_repo_v1
1380,55.2,-0.9511620432768023,,8,1,val,current_repo_v1
1381,55.24,-0.8251819843430064,,8,1,val,current_repo_v1
1382,55.28,-0.4582690319730918,,8,1,val,current_repo_v1
1383,55.32,-1.002174895280642,,8,1,val,current_repo_v1
1384,55.36,-1.178550612948685,,8,1,val,current_repo_v1
1385,55.4,-1.6374092537364284,,8,1,val,current_repo_v1
1386,55.44,-1.2036687182515933,,8,1,val,current_repo_v1
1387,55.48,-1.201949215949289,,8,1,val,current_repo_v1
1388,55.52,-1.1790294562776054,,8,1,val,current_repo_v1
1389,55.56,-1.178309409342691,,8,1,val,current_repo_v1
1390,55.6,-1.1301069642480517,,8,1,val,current_repo_v1
1391,55.64,-1.156672790130553,,8,1,val,current_repo_v1
1392,55.68,-1.3540474770523352,,8,1,val,current_repo_v1
1393,55.72,-1.1102125136345256,,8,1,val,current_repo_v1
1394,55.76,-1.083744338148068,,8,1,val,current_repo_v1
1395,55.8,-0.9715809549225102,,8,1,val,current_repo_v1
1396,55.84,-0.9056442000190882,,8,1,val,current_repo_v1
1397,55.88,-0.8401922044904784,,8,1,val,current_repo_v1
1398,55.92,-0.8996196695268254,,8,1,val,current_repo_v1
1399,55.96,-0.8344907756370957,,8,1,val,current_repo_v1
1400,56.0,-1.1456313101668103,,8,1,val,current_repo_v1
1401,56.04,-1.0278766933523102,,8,1,val,current_repo_v1
1402,56.08,-0.9363017913288016,,8,1,val,current_repo_v1
1403,56.12,-1.1699464013369978,,8,1,val,current_repo_v1
1404,56.16,-1.1080674836939877,,8,1,val,current_repo_v1
1405,56.2,-1.53178188950095,,8,1,val,current_repo_v1
1406,56.24,-1.5210688570006887,,8,1,val,current_repo_v1
1407,56.28,-1.3670793144314954,,8,1,val,current_repo_v1
1408,56.32,-1.2208564709531768,,8,1,val,current_repo_v1
1409,56.36,-1.4194309034707302,,8,1,val,current_repo_v1
1410,56.4,-1.3849400708115054,,8,1,val,current_repo_v1
1411,56.44,-1.315557254815002,,8,1,val,current_repo_v1
1412,56.48,-1.2521455110647521,,8,1,val,current_repo_v1
1413,56.52,-1.4423234350757799,,8,1,val,current_repo_v1
1414,56.56,-1.293979796061781,,8,1,val,current_repo_v1
1415,56.6,-1.1079190123254046,,8,1,val,current_repo_v1
1416,56.64,-1.181014824256729,,8,1,val,current_repo_v1
1417,56.68,-1.1661530754778402,,8,1,val,current_repo_v1
1418,56.72,-1.2929766342560012,,8,1,val,current_repo_v1
1419,56.76,-1.327725349493975,,8,1,val,current_repo_v1
1420,56.8,-1.4416937682154518,,8,1,val,current_repo_v1
1421,56.84,-1.3593740566847006,,8,1,val,current_repo_v1
1422,56.88,-1.3584574259597948,,8,1,val,current_repo_v1
1423,56.92,-1.5409500499692046,,8,1,val,current_repo_v1
1424,56.96,-1.3933467007459421,,8,1,val,current_repo_v1
1425,57.0,-1.6423536425486582,,8,1,val,current_repo_v1
1426,57.04,-1.2592047080891093,,8,1,val,current_repo_v1
1427,57.08,-1.0723987876810248,,8,1,val,current_repo_v1
1428,57.12,-1.3624773435043704,,8,1,val,current_repo_v1
1429,57.16,-1.4827857676472262,,8,1,val,current_repo_v1
1430,57.2,-1.8576302843387082,,8,1,val,current_repo_v1
1431,57.24,-1.6385447068816656,,8,1,val,current_repo_v1
1432,57.28,-1.502756627913715,,8,1,val,current_repo_v1
1433,57.32,-1.8403810902930446,,8,1,val,current_repo_v1
1434,57.36,-1.4791784052065196,,8,1,val,current_repo_v1
1435,57.4,-1.5694501377476444,,8,1,val,current_repo_v1
1436,57.44,-1.3994978203647548,,8,1,val,current_repo_v1
1437,57.48,-1.4188787867059465,,8,1,val,current_repo_v1
1438,57.52,-1.5192357381061996,,8,1,val,current_repo_v1
1439,57.56,-1.5899996300689376,,8,1,val,current_repo_v1
1440,57.6,-1.4052529212971308,,8,1,val,current_repo_v1
1441,57.64,-1.1377872748133755,,8,1,val,current_repo_v1
1442,57.68,-1.2189596298294447,,8,1,val,current_repo_v1
1443,57.72,-1.4672191540752897,,8,1,val,current_repo_v1
1444,57.76,-1.3557672644652845,,8,1,val,current_repo_v1
1445,57.8,-1.1717532900521117,,8,1,val,current_repo_v1
1446,57.84,-1.216179230815671,,8,1,val,current_repo_v1
1447,57.88,-1.1676697928336157,,8,1,val,current_repo_v1
1448,57.92,-0.9937035452297033,,8,1,val,current_repo_v1
1449,57.96,-1.0630778079068453,,8,1,val,current_repo_v1
1450,58.0,-0.6811742367463287,,8,1,val,current_repo_v1
1451,58.04,-0.949216733343355,,8,1,val,current_repo_v1
1452,58.08,-0.930431291862707,,8,1,val,current_repo_v1
1453,58.12,-0.9927909773314941,,8,1,val,current_repo_v1
1454,58.16,-1.1236668137124821,,8,1,val,current_repo_v1
1455,58.2,-0.8629027642261125,,8,1,val,current_repo_v1
1456,58.24,-1.0553903695753868,,8,1,val,current_repo_v1
1457,58.28,-1.3177146870686143,,8,1,val,current_repo_v1
1458,58.32,-1.0234221959065097,,8,1,val,current_repo_v1
1459,58.36,-0.8973064243055114,,8,1,val,current_repo_v1
1460,58.4,-0.7397576317170197,,8,1,val,current_repo_v1
1461,58.44,-0.695291989296091,,8,1,val,current_repo_v1
1462,58.48,-0.9076105368626325,,8,1,val,current_repo_v1
1463,58.52,-0.7833749986902729,,8,1,val,current_repo_v1
1464,58.56,-1.2070464240674441,,8,1,val,current_repo_v1
1465,58.6,-1.5698140814864756,,8,1,val,current_repo_v1
1466,58.64,-0.8199377304094951,,8,1,val,current_repo_v1
1467,58.68,-0.9722474010560926,,8,1,val,current_repo_v1
1468,58.72,-1.0273193733182482,,8,1,val,current_repo_v1
1469,58.76,-1.0395230355502325,,8,1,val,current_repo_v1
1470,58.8,-0.7593435926122415,,8,1,val,current_repo_v1
1471,58.84,-0.5162253617180939,,8,1,val,current_repo_v1
1472,58.88,-0.09703396009919285,,8,1,val,current_repo_v1
1473,58.92,-0.7969379972017816,,8,1,val,current_repo_v1
1474,58.96,-0.8032908326022027,,8,1,val,current_repo_v1
1475,59.0,-0.3436500976753432,,8,1,val,current_repo_v1
1476,59.04,-0.4436385792052698,,8,1,val,current_repo_v1
1477,59.08,-0.7633656484866577,,8,1,val,current_repo_v1
1478,59.12,-0.898332466240583,,8,1,val,current_repo_v1
1479,59.16,-0.676422012509087,,8,1,val,current_repo_v1
1480,59.2,-0.7498323014822689,,8,1,val,current_repo_v1
1481,59.24,-1.1317012316993713,,8,1,val,current_repo_v1
1482,59.28,-1.3493765093490275,,8,1,val,current_repo_v1
1483,59.32,-1.6777452822919703,,8,1,val,current_repo_v1
1484,59.36,-1.585213620220218,,8,1,val,current_repo_v1
1485,59.4,-1.0872479203138554,,8,1,val,current_repo_v1
1486,59.44,-1.1968016858022241,,8,1,val,current_repo_v1
1487,59.48,-1.5904945821493224,,8,1,val,current_repo_v1
1488,59.52,-1.3500430980379328,,8,1,val,current_repo_v1
1489,59.56,-0.9785494154839742,,8,1,val,current_repo_v1
1490,59.6,-0.8168934614934196,,8,1,val,current_repo_v1
1491,59.64,-0.9593718755882634,,8,1,val,current_repo_v1
1492,59.68,-1.362561166034113,,8,1,val,current_repo_v1
1493,59.72,-1.2713722325467915,,8,1,val,current_repo_v1
1494,59.76,-1.4072377190549636,,8,1,val,current_repo_v1
1495,59.8,-1.142653472031109,,8,1,val,current_repo_v1
1496,59.84,-0.6385963831861414,,8,1,val,current_repo_v1
1497,59.88,-1.14202323494949,,8,1,val,current_repo_v1
1498,59.92,-1.1473491018052422,,8,1,val,current_repo_v1
1499,59.96,-1.1377491412645555,,8,1,val,current_repo_v1
1500,60.0,-0.9935464492640973,,8,1,val,current_repo_v1
1501,60.04,-0.6361365198154393,,8,1,val,current_repo_v1
1502,60.08,-0.4326267507486471,,8,1,val,current_repo_v1
1503,60.12,-1.1922393452548072,,8,1,val,current_repo_v1
1504,60.16,-1.0328379036926176,,8,1,val,current_repo_v1
1505,60.2,-0.9355442523440194,,8,1,val,current_repo_v1
1506,60.24,-1.1420167486823076,,8,1,val,current_repo_v1
1507,60.28,-1.1639706247650956,,8,1,val,current_repo_v1
1508,60.32,-1.236856737816741,,8,1,val,current_repo_v1
1509,60.36,-1.3068556779179168,,8,1,val,current_repo_v1
1510,60.4,-1.1855925607789963,,8,1,val,current_repo_v1
1511,60.44,-1.5126301521186465,,8,1,val,current_repo_v1
1512,60.48,-1.6772092742786504,,8,1,val,current_repo_v1
1513,60.52,-1.6531596211193145,,8,1,val,current_repo_v1
1514,60.56,-1.4281477337873436,,8,1,val,current_repo_v1
1515,60.6,-0.9175299638814707,,8,1,val,current_repo_v1
1516,60.64,-1.1865627923052344,,8,1,val,current_repo_v1
1517,60.68,-1.0534204688487752,,8,1,val,current_repo_v1
1518,60.72,-1.2937346009067516,,8,1,val,current_repo_v1
1519,60.76,-1.6348903011844709,,8,1,val,current_repo_v1
1520,60.8,-1.3345801221855926,,8,1,val,current_repo_v1
1521,60.84,-0.860830437500147,,8,1,val,current_repo_v1
1522,60.88,-1.1471298517189428,,8,1,val,current_repo_v1
1523,60.92,-1.0258305968057202,,8,1,val,current_repo_v1
1524,60.96,-1.4403660079399039,,8,1,val,current_repo_v1
1525,61.0,-1.0238993285715579,,8,1,val,current_repo_v1
1526,61.04,-0.44786049764209934,,8,1,val,current_repo_v1
1527,61.08,-0.07938432815208885,,8,1,val,current_repo_v1
1528,61.12,0.26345941425015795,,8,1,val,current_repo_v1
1529,61.16,0.3570915321354267,,8,1,val,current_repo_v1
1530,61.2,0.3222406760087446,,8,1,val,current_repo_v1
1531,61.24,0.3720453716527743,,8,1,val,current_repo_v1
1532,61.28,-0.04961966774488385,,8,1,val,current_repo_v1
1533,61.32,-0.6194522012359404,,8,1,val,current_repo_v1
1534,61.36,-0.7109881856563542,,8,1,val,current_repo_v1
1535,61.4,-0.9152904197619882,,8,1,val,current_repo_v1
1536,61.44,-1.1036353674338495,,8,1,val,current_repo_v1
1537,61.48,-1.0999961438785213,,8,1,val,current_repo_v1
1538,61.52,-1.2727045545926656,,8,1,val,current_repo_v1
1539,61.56,-1.5628697840522077,,8,1,val,current_repo_v1
1540,61.6,-1.1873221132315503,,8,1,val,current_repo_v1
1541,61.64,-1.2691991192076832,,8,1,val,current_repo_v1
1542,61.68,-1.2065118416073513,,8,1,val,current_repo_v1
1543,61.72,-1.3335639878454482,,8,1,val,current_repo_v1
1544,61.76,-1.5563445992666527,,8,1,val,current_repo_v1
1545,61.8,-1.2666791687684666,,8,1,val,current_repo_v1
1546,61.84,-1.3556957016932936,,8,1,val,current_repo_v1
1547,61.88,-1.2698694143349782,,8,1,val,current_repo_v1
1548,61.92,-1.5115716788476625,,8,1,val,current_repo_v1
1549,61.96,-1.5858984559904277,,8,1,val,current_repo_v1
1550,62.0,-1.473540912415364,,8,1,val,current_repo_v1
1551,62.04,-1.238800337086316,,8,1,val,current_repo_v1
1552,62.08,-0.9793606265477499,,8,1,val,current_repo_v1
1553,62.12,-1.1556357001579727,,8,1,val,current_repo_v1
1554,62.16,-1.1002941557806076,,8,1,val,current_repo_v1
1555,62.2,-1.08578893786377,,8,1,val,current_repo_v1
1556,62.24,-1.1017392390867307,,8,1,val,current_repo_v1
1557,62.28,-1.4062994199210086,,8,1,val,current_repo_v1
1558,62.32,-1.2056051897550337,,8,1,val,current_repo_v1
1559,62.36,-1.170259167714983,,8,1,val,current_repo_v1
1560,62.4,-1.2448114673782458,,8,1,val,current_repo_v1
1561,62.44,-1.0746152378382312,,8,1,val,current_repo_v1
1562,62.48,-1.0951514012368528,,8,1,val,current_repo_v1
1563,62.52,-1.3992283908048682,,8,1,val,current_repo_v1
1564,62.56,-1.615274403671484,,8,1,val,current_repo_v1
1565,62.6,-1.171346722271796,,8,1,val,current_repo_v1
1566,62.64,-1.251699312904728,,8,1,val,current_repo_v1
1567,62.68,-1.264106187749209,,8,1,val,current_repo_v1
1568,62.72,-0.8871199198896108,,8,1,val,current_repo_v1
1569,62.76,-0.8311066548317237,,8,1,val,current_repo_v1
1570,62.8,-0.7712795359482114,,8,1,val,current_repo_v1
1571,62.84,-1.2693211465639072,,8,1,val,current_repo_v1
1572,62.88,-1.1588758400874264,,8,1,val,current_repo_v1
1573,62.92,-1.314818533132815,,8,1,val,current_repo_v1
1574,62.96,-1.4455664261116874,,8,1,val,current_repo_v1
1575,63.0,-1.616343853702315,,8,1,val,current_repo_v1
1576,63.04,-1.3452837460345564,,8,1,val,current_repo_v1
1577,63.08,-1.3321819139919546,,8,1,val,current_repo_v1
1578,63.12,-1.3084197949184873,,8,1,val,current_repo_v1
1579,63.16,-1.4915362410199948,,8,1,val,current_repo_v1
1580,63.2,-1.6117394593347043,,8,1,val,current_repo_v1
1581,63.24,-1.5004228547259335,,8,1,val,current_repo_v1
1582,63.28,-1.6143649007127125,,8,1,val,current_repo_v1
1583,63.32,-1.6073587342683964,,8,1,val,current_repo_v1
1584,63.36,-1.5530843590366996,,8,1,val,current_repo_v1
1585,63.4,-1.6871371120615275,,8,1,val,current_repo_v1
1586,63.44,-1.8020181699588749,,8,1,val,current_repo_v1
1587,63.48,-1.6617947672360256,,8,1,val,current_repo_v1
1588,63.52,-1.7784694562034766,,8,1,val,current_repo_v1
1589,63.56,-1.4967618914838947,,8,1,val,current_repo_v1
1590,63.6,-1.7601605058889247,,8,1,val,current_repo_v1
1591,63.64,-1.588527033585535,,8,1,val,current_repo_v1
1592,63.68,-1.5576003691042415,,8,1,val,current_repo_v1
1593,63.72,-1.6079476303064348,,8,1,val,current_repo_v1
1594,63.76,-1.8290646211118302,,8,1,val,current_repo_v1
1595,63.8,-1.960505332958983,,8,1,val,current_repo_v1
1596,63.84,-1.9281680835596577,,8,1,val,current_repo_v1
1597,63.88,-1.5869515121591493,,8,1,val,current_repo_v1
1598,63.92,-1.2773075234070494,,8,1,val,current_repo_v1
1599,63.96,-1.3900243063952955,,8,1,val,current_repo_v1
1600,64.0,-1.7296620775969962,,8,1,val,current_repo_v1
1601,64.04,-2.024516806951796,,8,1,val,current_repo_v1
1602,64.08,-2.0186056079410726,,8,1,val,current_repo_v1
1603,64.12,-1.7538547137449918,,8,1,val,current_repo_v1
1604,64.16,-1.6004678950801379,,8,1,val,current_repo_v1
1605,64.2,-1.467324787569404,,8,1,val,current_repo_v1
1606,64.24,-1.4428027060706685,,8,1,val,current_repo_v1
1607,64.28,-1.5701707549038497,,8,1,val,current_repo_v1
1608,64.32,-1.4546456320585823,,8,1,val,current_repo_v1
1609,64.36,-1.2390941436063831,,8,1,val,current_repo_v1
1610,64.4,-1.3778077429066076,,8,1,val,current_repo_v1
1611,64.44,-1.5307848575740464,,8,1,val,current_repo_v1
1612,64.48,-1.7316685437638781,,8,1,val,current_repo_v1
1613,64.52,-2.0084820417001406,,8,1,val,current_repo_v1
1614,64.56,-1.7513853704453306,,8,1,val,current_repo_v1
1615,64.6,-1.9901668189513901,,8,1,val,current_repo_v1
1616,64.64,-1.884645658431317,,8,1,val,current_repo_v1
1617,64.68,-1.5154555986143907,,8,1,val,current_repo_v1
1618,64.72,-1.2489718019156726,,8,1,val,current_repo_v1
1619,64.76,-1.416107938898793,,8,1,val,current_repo_v1
1620,64.8,-1.5976964770516937,,8,1,val,current_repo_v1
1621,64.84,-1.4991763509843195,,8,1,val,current_repo_v1
1622,64.88,-1.528425139317535,,8,1,val,current_repo_v1
1623,64.92,-1.5144852245328302,,8,1,val,current_repo_v1
1624,64.96,-1.5018268820991214,,8,1,val,current_repo_v1
1625,65.0,-1.7649234217753682,,8,1,val,current_repo_v1
1626,65.04,-1.8140333027766,,8,1,val,current_repo_v1
1627,65.08,-1.3355600474737737,,8,1,val,current_repo_v1
1628,65.12,-1.5025867019690669,,8,1,val,current_repo_v1
1629,65.16,-1.2877005192078685,,8,1,val,current_repo_v1
1630,65.2,-1.4647060462915622,,8,1,val,current_repo_v1
1631,65.24,-1.317896302549723,,8,1,val,current_repo_v1
1632,65.28,-1.6144568488958484,,8,1,val,current_repo_v1
1633,65.32,-1.3580837884590204,,8,1,val,current_repo_v1
1634,65.36,-1.4468930459446538,,8,1,val,current_repo_v1
1635,65.4,-1.5240960192780415,,8,1,val,current_repo_v1
1636,65.44,-1.5258146662484093,,8,1,val,current_repo_v1
1637,65.48,-1.482646776207602,,8,1,val,current_repo_v1
1638,65.52,-1.573308397556288,,8,1,val,current_repo_v1
1639,65.56,-1.4668753106369579,,8,1,val,current_repo_v1
1640,65.6,-1.3921567914674366,,8,1,val,current_repo_v1
1641,65.64,-1.4635781485784276,,8,1,val,current_repo_v1
1642,65.68,-1.7735413186980338,,8,1,val,current_repo_v1
1643,65.72,-1.2766804225425297,,8,1,val,current_repo_v1
1644,65.76,-1.229227747167586,,8,1,val,current_repo_v1
1645,65.8,-1.2853262603084428,,8,1,val,current_repo_v1
1646,65.84,-1.359306913127713,,8,1,val,current_repo_v1
1647,65.88,-1.3978399019618535,,8,1,val,current_repo_v1
1648,65.92,-1.4286699139343622,,8,1,val,current_repo_v1
1649,65.96,-1.3168519422556857,,8,1,val,current_repo_v1
1650,66.0,-1.5472174947313335,,8,1,val,current_repo_v1
1651,66.04,-1.5140156472998845,,8,1,val,current_repo_v1
1652,66.08,-1.368174994641702,,8,1,val,current_repo_v1
1653,66.12,-1.1878906238584437,,8,1,val,current_repo_v1
1654,66.16,-1.1810205264696367,,8,1,val,current_repo_v1
1655,66.2,-1.3870383426062007,,8,1,val,current_repo_v1
1656,66.24,-1.52748684018358,,8,1,val,current_repo_v1
1657,66.28,-1.681824360295463,,8,1,val,current_repo_v1
1658,66.32,-1.5720911176558259,,8,1,val,current_repo_v1
1659,66.36,-1.3746596937156126,,8,1,val,current_repo_v1
1660,66.4,-1.528543317680046,,8,1,val,current_repo_v1
1661,66.44,-1.7388437808209063,,8,1,val,current_repo_v1
1662,66.48,-1.142805863671066,,8,1,val,current_repo_v1
1663,66.52,-0.9583940173522616,,8,1,val,current_repo_v1
1664,66.56,-1.0761380137952212,,8,1,val,current_repo_v1
1665,66.6,-1.0016930582899448,,8,1,val,current_repo_v1
1666,66.64,-1.067044338483073,,8,1,val,current_repo_v1
1667,66.68,-0.6898092403077171,,8,1,val,current_repo_v1
1668,66.72,-1.0764824274548437,,8,1,val,current_repo_v1
1669,66.76,-0.9822222820954577,,8,1,val,current_repo_v1
1670,66.8,-0.765408893926794,,8,1,val,current_repo_v1
1671,66.84,-1.15122981407721,,8,1,val,current_repo_v1
1672,66.88,-1.2064288744095448,,8,1,val,current_repo_v1
1673,66.92,-1.0719463170868022,,8,1,val,current_repo_v1
1674,66.96,-1.3626273117038419,,8,1,val,current_repo_v1
1675,67.0,-1.2908467151796685,,8,1,val,current_repo_v1
1676,67.04,-1.0748732629723028,,8,1,val,current_repo_v1
1677,67.08,-0.4423829519230036,,8,1,val,current_repo_v1
1678,67.12,-0.32340991476545977,,8,1,val,current_repo_v1
1679,67.16,-0.5116129486135818,,8,1,val,current_repo_v1
1680,67.2,0.11506332378711615,,8,1,val,current_repo_v1
1681,67.24,0.8294561493056023,,8,1,val,current_repo_v1
1682,67.28,1.265464454863813,,8,1,val,current_repo_v1
1683,67.32,0.5180755516124753,,8,1,val,current_repo_v1
1684,67.36,0.5208029913238692,,8,1,val,current_repo_v1
1685,67.4,0.446987488845937,,8,1,val,current_repo_v1
1686,67.44,0.2388426760171554,,8,1,val,current_repo_v1
1687,67.48,0.19979351217896452,,8,1,val,current_repo_v1
1688,67.52,0.24153508275799787,,8,1,val,current_repo_v1
1689,67.56,0.15657052450593711,,8,1,val,current_repo_v1
1690,67.6,-0.2820496618552107,,8,1,val,current_repo_v1
1691,67.64,-0.8445028636156834,,8,1,val,current_repo_v1
1692,67.68,-0.6614839253548969,,8,1,val,current_repo_v1
1693,67.72,-0.468591213417364,,8,1,val,current_repo_v1
1694,67.76,-0.41795214146962134,,8,1,val,current_repo_v1
1695,67.8,-0.5588600235743737,,8,1,val,current_repo_v1
1696,67.84,-0.7554983053379627,,8,1,val,current_repo_v1
1697,67.88,-0.6863858455109436,,8,1,val,current_repo_v1
1698,67.92,-0.9303108326150327,,8,1,val,current_repo_v1
1699,67.96,-0.6262525177942899,,8,1,val,current_repo_v1
1700,68.0,-0.5636241155422295,,8,1,val,current_repo_v1
1701,68.04,-0.47704837921369475,,8,1,val,current_repo_v1
1702,68.08,-0.5547022193939246,,8,1,val,current_repo_v1
1703,68.12,-0.7761380351785195,,8,1,val,current_repo_v1
1704,68.16,-0.8651676831930339,,8,1,val,current_repo_v1
1705,68.2,-1.1105768137616636,,8,1,val,current_repo_v1
1706,68.24,-0.839263527840805,,8,1,val,current_repo_v1
1707,68.28,-0.8540597724489173,,8,1,val,current_repo_v1
1708,68.32,-0.7774576698006742,,8,1,val,current_repo_v1
1709,68.36,-0.9410550134533022,,8,1,val,current_repo_v1
1710,68.4,-1.1261811332164522,,8,1,val,current_repo_v1
1711,68.44,-1.467879185219351,,8,1,val,current_repo_v1
1712,68.48,-1.0982215439439968,,8,1,val,current_repo_v1
1713,68.52,-1.1510854768129848,,8,1,val,current_repo_v1
1714,68.56,-0.9134606509175823,,8,1,val,current_repo_v1
1715,68.6,-0.5093437173481489,,8,1,val,current_repo_v1
1716,68.64,-0.2392635349685712,,8,1,val,current_repo_v1
1717,68.68,-0.3503590719106783,,8,1,val,current_repo_v1
1718,68.72,-0.22158767284209197,,8,1,val,current_repo_v1
1719,68.76,-0.17007063830072344,,8,1,val,current_repo_v1
1720,68.8,-0.0453573526934866,,8,1,val,current_repo_v1
1721,68.84,-0.2695329481345959,,8,1,val,current_repo_v1
1722,68.88,-0.32673526713905227,,8,1,val,current_repo_v1
1723,68.92,-0.5928818135831131,,8,1,val,current_repo_v1
1724,68.96,-0.4533190835032771,,8,1,val,current_repo_v1
1725,69.0,-0.6151245067496738,,8,1,val,current_repo_v1
1726,69.04,-0.6663730027019223,,8,1,val,current_repo_v1
1727,69.08,-0.883180403547033,,8,1,val,current_repo_v1
1728,69.12,-0.8522928705018182,,8,1,val,current_repo_v1
1729,69.16,-0.7199044508694128,,8,1,val,current_repo_v1
1730,69.2,-0.728221484783538,,8,1,val,current_repo_v1
1731,69.24,-0.4648267906498819,,8,1,val,current_repo_v1
1732,69.28,-0.8416463400595924,,8,1,val,current_repo_v1
1733,69.32,-0.7156203783118898,,8,1,val,current_repo_v1
1734,69.36,-0.8187258676112953,,8,1,val,current_repo_v1
1735,69.4,-1.0123795755001856,,8,1,val,current_repo_v1
1736,69.44,-1.1732037904604973,,8,1,val,current_repo_v1
1737,69.48,-1.2745298329444068,,8,1,val,current_repo_v1
1738,69.52,-0.8183178742777524,,8,1,val,current_repo_v1
1739,69.56,-0.6374664896984891,,8,1,val,current_repo_v1
1740,69.6,-0.6701364632209762,,8,1,val,current_repo_v1
1741,69.64,-0.6367498640913193,,8,1,val,current_repo_v1
1742,69.68,-0.3783417907842403,,8,1,val,current_repo_v1
1743,69.72,-0.03445650355557922,,8,1,val,current_repo_v1
1744,69.76,-0.24039301860967077,,8,1,val,current_repo_v1
1745,69.8,-0.20006545427641378,,8,1,val,current_repo_v1
1746,69.84,-0.01144527571126018,,8,1,val,current_repo_v1
1747,69.88,0.267231303352666,,8,1,val,current_repo_v1
1748,69.92,0.4807798717016351,,8,1,val,current_repo_v1
1749,69.96,0.22476334212685842,,8,1,val,current_repo_v1
1750,70.0,0.33615867291258555,,8,1,val,current_repo_v1
1751,70.04,0.3477748290209279,,8,1,val,current_repo_v1
1752,70.08,0.07799391481221793,,8,1,val,current_repo_v1
1753,70.12,0.31083845980093144,,8,1,val,current_repo_v1
1754,70.16,0.32368141137752565,,8,1,val,current_repo_v1
1755,70.2,0.05719315091526576,,8,1,val,current_repo_v1
1756,70.24,-0.246289766074556,,8,1,val,current_repo_v1
1757,70.28,-0.7558708736738168,,8,1,val,current_repo_v1
1758,70.32,-0.5937002236906846,,8,1,val,current_repo_v1
1759,70.36,-0.5061851190632747,,8,1,val,current_repo_v1
1760,70.4,-0.40966058931942734,,8,1,val,current_repo_v1
1761,70.44,-0.285101700036373,,8,1,val,current_repo_v1
1762,70.48,-0.46286900712569906,,8,1,val,current_repo_v1
1763,70.52,-0.6884261685669647,,8,1,val,current_repo_v1
1764,70.56,-0.6914799174119993,,8,1,val,current_repo_v1
1765,70.6,-0.57086728021052,,8,1,val,current_repo_v1
1766,70.64,-0.5246029816443628,,8,1,val,current_repo_v1
1767,70.68,-0.8957467977976058,,8,1,val,current_repo_v1
1768,70.72,-0.889898323128867,,8,1,val,current_repo_v1
1769,70.76,-0.8820795913452097,,8,1,val,current_repo_v1
1770,70.8,-0.736377074794715,,8,1,val,current_repo_v1
1771,70.84,-1.0969968511667547,,8,1,val,current_repo_v1
1772,70.88,-1.2034032802407417,,8,1,val,current_repo_v1
1773,70.92,-0.927661370665151,,8,1,val,current_repo_v1
1774,70.96,-0.8330306527444288,,8,1,val,current_repo_v1
1775,71.0,-0.9152030333491784,,8,1,val,current_repo_v1
1776,71.04,-0.8832938775838954,,8,1,val,current_repo_v1
1777,71.08,-0.39614377873247075,,8,1,val,current_repo_v1
1778,71.12,-0.25723104746586173,,8,1,val,current_repo_v1
1779,71.16,-0.4493928248057096,,8,1,val,current_repo_v1
1780,71.2,-0.4607584755732524,,8,1,val,current_repo_v1
1781,71.24,-0.2749698299478939,,8,1,val,current_repo_v1
1782,71.28,-0.5205984244358071,,8,1,val,current_repo_v1
1783,71.32,-1.1069214101772098,,8,1,val,current_repo_v1
1784,71.36,-1.3467102971487297,,8,1,val,current_repo_v1
1785,71.4,-1.3074364483025618,,8,1,val,current_repo_v1
1786,71.44,-1.2115448998302951,,8,1,val,current_repo_v1
1787,71.48,-1.0199978032224772,,8,1,val,current_repo_v1
1788,71.52,-1.0498446824120446,,8,1,val,current_repo_v1
1789,71.56,-0.983002915042516,,8,1,val,current_repo_v1
1790,71.6,-0.9817368812216934,,8,1,val,current_repo_v1
1791,71.64,-1.1184982566553199,,8,1,val,current_repo_v1
1792,71.68,-1.3231357808799242,,8,1,val,current_repo_v1
1793,71.72,-1.4789521699094081,,8,1,val,current_repo_v1
1794,71.76,-1.606950598379531,,8,1,val,current_repo_v1
1795,71.8,-1.153769080762651,,8,1,val,current_repo_v1
1796,71.84,-1.2983783405434253,,8,1,val,current_repo_v1
1797,71.88,-1.3795902546615413,,8,1,val,current_repo_v1
1798,71.92,-1.1176799178254098,,8,1,val,current_repo_v1
1799,71.96,-1.2278252879029479,,8,1,val,current_repo_v1
1800,72.0,-1.0807642191272036,,8,1,val,current_repo_v1
1801,72.04,-1.0278188871689589,,8,1,val,current_repo_v1
1802,72.08,-1.023631752230866,,8,1,val,current_repo_v1
1803,72.12,-0.7814734532408919,,8,1,val,current_repo_v1
1804,72.16,-0.9918858223100648,,8,1,val,current_repo_v1
1805,72.2,-0.8426199929135749,,8,1,val,current_repo_v1
1806,72.24,-0.809922434936147,,8,1,val,current_repo_v1
1807,72.28,-1.2961791395802644,,8,1,val,current_repo_v1
1808,72.32,-1.0535347982175738,,8,1,val,current_repo_v1
1809,72.36,-1.0546217112754346,,8,1,val,current_repo_v1
1810,72.4,-1.1281045609078664,,8,1,val,current_repo_v1
1811,72.44,-1.0650554778985435,,8,1,val,current_repo_v1
1812,72.48,-1.0206207699826388,,8,1,val,current_repo_v1
1813,72.52,-1.0648515525094335,,8,1,val,current_repo_v1
1814,72.56,-1.227666766384115,,8,1,val,current_repo_v1
1815,72.6,-1.040469888003549,,8,1,val,current_repo_v1
1816,72.64,-0.9586680086824745,,8,1,val,current_repo_v1
1817,72.68,-1.0803990636681295,,8,1,val,current_repo_v1
1818,72.72,-0.9863402777020452,,8,1,val,current_repo_v1
1819,72.76,-0.7086287525104883,,8,1,val,current_repo_v1
1820,72.8,0.07010367371481566,,8,1,val,current_repo_v1
1821,72.84,0.20131979856077573,,8,1,val,current_repo_v1
1822,72.88,0.2653841783977224,,8,1,val,current_repo_v1
1823,72.92,-0.6479415973651785,,8,1,val,current_repo_v1
1824,72.96,-1.1001298607712058,,8,1,val,current_repo_v1
1825,73.0,-1.066999789944732,,8,1,val,current_repo_v1
1826,73.04,-1.0938427433745455,,8,1,val,current_repo_v1
1827,73.08,-1.2196856640879121,,8,1,val,current_repo_v1
1828,73.12,-1.2019643268134943,,8,1,val,current_repo_v1
1829,73.16,-0.4796833361594926,,8,1,val,current_repo_v1
1830,73.2,-0.8526950903447922,,8,1,val,current_repo_v1
1831,73.24,-1.8202812174595202,,8,1,val,current_repo_v1
1832,73.28,-1.2982486151997759,,8,1,val,current_repo_v1
1833,73.32,-0.8889159744002003,,8,1,val,current_repo_v1
1834,73.36,-0.6592064615195784,,8,1,val,current_repo_v1
1835,73.4,-0.6864678860991525,,8,1,val,current_repo_v1
1836,73.44,-0.8284653898128969,,8,1,val,current_repo_v1
1837,73.48,-0.6938178247041389,,8,1,val,current_repo_v1
1838,73.52,-0.878298240133158,,8,1,val,current_repo_v1
1839,73.56,-1.0133846618028217,,8,1,val,current_repo_v1
1840,73.6,-0.9657397505752285,,8,1,val,current_repo_v1
1841,73.64,-1.3665373190946226,,8,1,val,current_repo_v1
1842,73.68,-0.779714605669525,,8,1,val,current_repo_v1
1843,73.72,-0.048963556872196515,,8,1,val,current_repo_v1
1844,73.76,-0.07954719760826381,,8,1,val,current_repo_v1
1845,73.8,-0.05730414805339638,,8,1,val,current_repo_v1
1846,73.84,0.4407906802462016,,8,1,val,current_repo_v1
1847,73.88,-0.37386958083959526,,8,1,val,current_repo_v1
1848,73.92,-0.7291662701846754,,8,1,val,current_repo_v1
1849,73.96,-0.48124809465901514,,8,1,val,current_repo_v1
1850,74.0,0.3746667145652551,,8,1,val,current_repo_v1
1851,74.04,0.3730769732454309,,8,1,val,current_repo_v1
1852,74.08,-0.21042145697099449,,8,1,val,current_repo_v1
1853,74.12,-0.5239047100349895,,8,1,val,current_repo_v1
1854,74.16,-0.9674511985018006,,8,1,val,current_repo_v1
1855,74.2,-1.0110875966106332,,8,1,val,current_repo_v1
1856,74.24,-0.3506691297375321,,8,1,val,current_repo_v1
1857,74.28,-0.3099842326685337,,8,1,val,current_repo_v1
1858,74.32,-0.5130525435397812,,8,1,val,current_repo_v1
1859,74.36,-0.1171639477446358,,8,1,val,current_repo_v1
1860,74.4,0.05737323392665571,,8,1,val,current_repo_v1
1861,74.44,-0.9029762771549179,,8,1,val,current_repo_v1
1862,74.48,-0.894880916767578,,8,1,val,current_repo_v1
1863,74.52,-0.81946287862961,,8,1,val,current_repo_v1
1864,74.56,-0.8028223245341773,,8,1,val,current_repo_v1
1865,74.6,-1.0645819091165625,,8,1,val,current_repo_v1
1866,74.64,-1.1089129793128705,,8,1,val,current_repo_v1
1867,74.68,-1.0337761315489113,,8,1,val,current_repo_v1
1868,74.72,-1.137971670123277,,8,1,val,current_repo_v1
1869,74.76,-1.109846645398838,,8,1,val,current_repo_v1
1870,74.8,-1.3165508654141613,,8,1,val,current_repo_v1
1871,74.84,-1.7357719987275513,,8,1,val,current_repo_v1
1872,74.88,-1.7182184490679413,,8,1,val,current_repo_v1
1873,74.92,-1.7872806581437115,,8,1,val,current_repo_v1
1874,74.96,-2.0300291361696283,,8,1,val,current_repo_v1
1875,75.0,-1.6632696446045911,,8,1,val,current_repo_v1
1876,75.04,-1.4090216563631244,,8,1,val,current_repo_v1
1877,75.08,-1.263931557478912,,8,1,val,current_repo_v1
1878,75.12,-0.9323934946018932,,8,1,val,current_repo_v1
1879,75.16,-0.8095217832017227,,8,1,val,current_repo_v1
1880,75.2,-0.6789875093739034,,8,1,val,current_repo_v1
1881,75.24,-0.5227750303803212,,8,1,val,current_repo_v1
1882,75.28,-1.3212098584703629,,8,1,val,current_repo_v1
1883,75.32,-1.5417060208454372,,8,1,val,current_repo_v1
1884,75.36,-1.3912076581289572,,8,1,val,current_repo_v1
1885,75.4,-1.2028359100564299,,8,1,val,current_repo_v1
1886,75.44,-1.0611483216142166,,8,1,val,current_repo_v1
1887,75.48,-1.1725093322060058,,8,1,val,current_repo_v1
1888,75.52,-1.4330134320614476,,8,1,val,current_repo_v1
1889,75.56,-0.9417533919791675,,8,1,val,current_repo_v1
1890,75.6,-1.0991510046479451,,8,1,val,current_repo_v1
1891,75.64,-1.1726528141382948,,8,1,val,current_repo_v1
1892,75.68,-1.5808850704020152,,8,1,val,current_repo_v1
1893,75.72,-1.6374414712393568,,8,1,val,current_repo_v1
1894,75.76,-1.8145805726604123,,8,1,val,current_repo_v1
1895,75.8,-1.7888732862088204,,8,1,val,current_repo_v1
1896,75.84,-1.8726303830582693,,8,1,val,current_repo_v1
1897,75.88,-1.5671597013779612,,8,1,val,current_repo_v1
1898,75.92,-0.9650392337195228,,8,1,val,current_repo_v1
1899,75.96,-1.2715834995350201,,8,1,val,current_repo_v1
1900,76.0,-1.3738076405518858,,8,1,val,current_repo_v1
1901,76.04,-1.3393799599006133,,8,1,val,current_repo_v1
1902,76.08,-0.8081963038113378,,8,1,val,current_repo_v1
1903,76.12,-0.6907116155003539,,8,1,val,current_repo_v1
1904,76.16,-0.34756741102641187,,8,1,val,current_repo_v1
1905,76.2,-0.2746572774028929,,8,1,val,current_repo_v1
1906,76.24,-0.24814551562652246,,8,1,val,current_repo_v1
1907,76.28,-0.5169714606382302,,8,1,val,current_repo_v1
1908,76.32,-0.6345942137792406,,8,1,val,current_repo_v1
1909,76.36,-0.4090509871207681,,8,1,val,current_repo_v1
1910,76.4,-0.06700676624583622,,8,1,val,current_repo_v1
1911,76.44,-0.16661561404172778,,8,1,val,current_repo_v1
1912,76.48,-0.363395328504842,,8,1,val,current_repo_v1
1913,76.52,-0.9226201867888137,,8,1,val,current_repo_v1
1914,76.56,-1.1688272707762088,,8,1,val,current_repo_v1
1915,76.6,-1.3238100675562547,,8,1,val,current_repo_v1
1916,76.64,-1.4454998527759906,,8,1,val,current_repo_v1
1917,76.68,-1.0357015550148432,,8,1,val,current_repo_v1
1918,76.72,-1.2341650082136812,,8,1,val,current_repo_v1
1919,76.76,-1.006940590995878,,8,1,val,current_repo_v1
1920,76.8,-0.7976249713018316,,8,1,val,current_repo_v1
1921,76.84,-0.6780893395632861,,8,1,val,current_repo_v1
1922,76.88,-0.5939529030001551,,8,1,val,current_repo_v1
1923,76.92,-0.6382427034305439,,8,1,val,current_repo_v1
1924,76.96,-0.7822694821628009,,8,1,val,current_repo_v1
1925,77.0,-0.8323751120930322,,8,1,val,current_repo_v1
1926,77.04,-0.9227985234975008,,8,1,val,current_repo_v1
1927,77.08,-0.9175413683072859,,8,1,val,current_repo_v1
1928,77.12,-0.7787713170992757,,8,1,val,current_repo_v1
1929,77.16,-0.61135363335384,,8,1,val,current_repo_v1
1930,77.2,-0.2674674640641197,,8,1,val,current_repo_v1
1931,77.24,-0.4898724065712016,,8,1,val,current_repo_v1
1932,77.28,-0.5384320240268443,,8,1,val,current_repo_v1
1933,77.32,-0.830221813943778,,8,1,val,current_repo_v1
1934,77.36,-0.6633330104455274,,8,1,val,current_repo_v1
1935,77.4,-0.7981545643256303,,8,1,val,current_repo_v1
1936,77.44,-1.0188354783989126,,8,1,val,current_repo_v1
1937,77.48,-0.8858474710792671,,8,1,val,current_repo_v1
1938,77.52,-0.7164316606533268,,8,1,val,current_repo_v1
1939,77.56,-1.1080715465206843,,8,1,val,current_repo_v1
1940,77.6,-1.2907949675975317,,8,1,val,current_repo_v1
1941,77.64,-1.3605499955415823,,8,1,val,current_repo_v1
1942,77.68,-1.0176202655506295,,8,1,val,current_repo_v1
1943,77.72,-0.7662770558419848,,8,1,val,current_repo_v1
1944,77.76,-0.9432939873514938,,8,1,val,current_repo_v1
1945,77.8,-0.9286805699447335,,8,1,val,current_repo_v1
1946,77.84,-1.054357912650794,,8,1,val,current_repo_v1
1947,77.88,-1.2219428850674083,,8,1,val,current_repo_v1
1948,77.92,-1.027987102449735,,8,1,val,current_repo_v1
1949,77.96,-1.2880063003750417,,8,1,val,current_repo_v1
1950,78.0,-1.461961856329752,,8,1,val,current_repo_v1
1951,78.04,-1.3274934119839559,,8,1,val,current_repo_v1
1952,78.08,-1.4028919200427152,,8,1,val,current_repo_v1
1953,78.12,-1.4593753325548386,,8,1,val,current_repo_v1
1954,78.16,-1.1910274824566074,,8,1,val,current_repo_v1
1955,78.2,-1.1265739444081284,,8,1,val,current_repo_v1
1956,78.24,-0.6844798095688978,,8,1,val,current_repo_v1
1957,78.28,-0.9665159643072834,,8,1,val,current_repo_v1
1958,78.32,-0.8429155100975143,,8,1,val,current_repo_v1
1959,78.36,-0.7483031105357578,,8,1,val,current_repo_v1
1960,78.4,-0.7592871407044557,,8,1,val,current_repo_v1
1961,78.44,-1.0013353157076508,,8,1,val,current_repo_v1
1962,78.48,-1.05207909453991,,8,1,val,current_repo_v1
1963,78.52,-1.0950767735254239,,8,1,val,current_repo_v1
1964,78.56,-1.2017453618378404,,8,1,val,current_repo_v1
1965,78.6,-1.5189715830932524,,8,1,val,current_repo_v1
1966,78.64,-1.2980734147081883,,8,1,val,current_repo_v1
1967,78.68,-1.1651197632213113,,8,1,val,current_repo_v1
1968,78.72,-1.2320121377303952,,8,1,val,current_repo_v1
1969,78.76,-1.4968092198510283,,8,1,val,current_repo_v1
1970,78.8,-1.570904629705065,,8,1,val,current_repo_v1
1971,78.84,-1.520885815966353,,8,1,val,current_repo_v1
1972,78.88,-1.454304354616059,,8,1,val,current_repo_v1
1973,78.92,-1.0032376452113065,,8,1,val,current_repo_v1
1974,78.96,-0.6124062618565935,,8,1,val,current_repo_v1
1975,79.0,-0.39198579635786834,,8,1,val,current_repo_v1
1976,79.04,-0.31343318050689967,,8,1,val,current_repo_v1
1977,79.08,-0.04020878902033202,,8,1,val,current_repo_v1
1978,79.12,-0.21066793512392798,,8,1,val,current_repo_v1
1979,79.16,-0.5803420771778836,,8,1,val,current_repo_v1
1980,79.2,-0.4532348333075665,,8,1,val,current_repo_v1
1981,79.24,-0.46710357734741753,,8,1,val,current_repo_v1
1982,79.28,-0.8160259410771808,,8,1,val,current_repo_v1
1983,79.32,-1.263981024175886,,8,1,val,current_repo_v1
1984,79.36,-1.519345505704672,,8,1,val,current_repo_v1
1985,79.4,-1.5429493883699519,,8,1,val,current_repo_v1
1986,79.44,-1.4831740883462379,,8,1,val,current_repo_v1
1987,79.48,-1.040563475572896,,8,1,val,current_repo_v1
1988,79.52,-0.9960469409017665,,8,1,val,current_repo_v1
1989,79.56,-0.6998109930254096,,8,1,val,current_repo_v1
1990,79.6,-0.6205510176632459,,8,1,val,current_repo_v1
1991,79.64,-0.8172047310405163,,8,1,val,current_repo_v1
1992,79.68,-0.9043443093091263,,8,1,val,current_repo_v1
1993,79.72,-0.39499068436605045,,8,1,val,current_repo_v1
1994,79.76,-0.6797977225504203,,8,1,val,current_repo_v1
1995,79.8,-0.7413630897611706,,8,1,val,current_repo_v1
1996,79.84,-0.8567378880186599,,8,1,val,current_repo_v1
1997,79.88,-1.3566032088775473,,8,1,val,current_repo_v1
1998,79.92,-0.8863629511261193,,8,1,val,current_repo_v1
1999,79.96,-1.153807214311471,,8,1,val,current_repo_v1
2000,80.0,-1.1373780697595897,,8,1,val,current_repo_v1
2001,80.04,-0.9711077425288359,,8,1,val,current_repo_v1
2002,80.08,-1.0771386808828536,,8,1,val,current_repo_v1
2003,80.12,-1.1639411158132984,,8,1,val,current_repo_v1
2004,80.16,-0.9617309523458227,,8,1,val,current_repo_v1
2005,80.2,-0.46396668311042316,,8,1,val,current_repo_v1
2006,80.24,0.18710476982269184,,8,1,val,current_repo_v1
2007,80.28,-0.021017153967090106,,8,1,val,current_repo_v1
2008,80.32,-0.0632709792787998,,8,1,val,current_repo_v1
2009,80.36,-0.6481123786417629,,8,1,val,current_repo_v1
2010,80.4,-1.6876982098116409,,8,1,val,current_repo_v1
2011,80.44,-1.1251481060705688,,8,1,val,current_repo_v1
2012,80.48,-0.46675880729948827,,8,1,val,current_repo_v1
2013,80.52,-0.37368375997646697,,8,1,val,current_repo_v1
2014,80.56,-0.39869042265586124,,8,1,val,current_repo_v1
2015,80.6,-0.3928407006280489,,8,1,val,current_repo_v1
2016,80.64,-0.437974963151231,,8,1,val,current_repo_v1
2017,80.68,-0.2533615436061407,,8,1,val,current_repo_v1
2018,80.72,-0.015054491371161957,,8,1,val,current_repo_v1
2019,80.76,-0.2684023062314994,,8,1,val,current_repo_v1
2020,80.8,-0.5884296683001369,,8,1,val,current_repo_v1
2021,80.84,-1.2620394206808285,,8,1,val,current_repo_v1
2022,80.88,-1.2782642121776315,,8,1,val,current_repo_v1
2023,80.92,-1.0451915341240734,,8,1,val,current_repo_v1
2024,80.96,-1.1561490418749845,,8,1,val,current_repo_v1
2025,81.0,-1.1103048894836296,,8,1,val,current_repo_v1
2026,81.04,-0.9595013870989286,,8,1,val,current_repo_v1
2027,81.08,-1.0037880513122182,,8,1,val,current_repo_v1
2028,81.12,-0.7526672991846335,,8,1,val,current_repo_v1
2029,81.16,-0.5846131059233803,,8,1,val,current_repo_v1
2030,81.2,-0.49528879605686277,,8,1,val,current_repo_v1
2031,81.24,-1.0504635863455094,,8,1,val,current_repo_v1
2032,81.28,-1.576850612214525,,8,1,val,current_repo_v1
2033,81.32,-1.0453702984987285,,8,1,val,current_repo_v1
2034,81.36,-0.7151648427782293,,8,1,val,current_repo_v1
2035,81.4,-0.3106749488458044,,8,1,val,current_repo_v1
2036,81.44,-0.5585570578748238,,8,1,val,current_repo_v1
2037,81.48,-0.7639595339609901,,8,1,val,current_repo_v1
2038,81.52,-1.094720385218695,,8,1,val,current_repo_v1
2039,81.56,-0.7851335611509945,,8,1,val,current_repo_v1
2040,81.6,-0.8251571797168581,,8,1,val,current_repo_v1
2041,81.64,-1.1711199167533937,,8,1,val,current_repo_v1
2042,81.68,-1.1218682644837454,,8,1,val,current_repo_v1
2043,81.72,-1.2414820878167874,,8,1,val,current_repo_v1
2044,81.76,-1.2232267383035673,,8,1,val,current_repo_v1
2045,81.8,-0.9970182415929246,,8,1,val,current_repo_v1
2046,81.84,-1.03361133759588,,8,1,val,current_repo_v1
2047,81.88,-1.2560845997413619,,8,1,val,current_repo_v1
2048,81.92,-1.1781391982873974,,8,1,val,current_repo_v1
2049,81.96,-0.8409973569530397,,8,1,val,current_repo_v1
2050,82.0,-0.8038031764319558,,8,1,val,current_repo_v1
2051,82.04,-1.1557239419027188,,8,1,val,current_repo_v1
2052,82.08,-1.2098946794148189,,8,1,val,current_repo_v1
2053,82.12,-0.7326334294655152,,8,1,val,current_repo_v1
2054,82.16,-0.8384800437872929,,8,1,val,current_repo_v1
2055,82.2,-0.5674133072970292,,8,1,val,current_repo_v1
2056,82.24,-0.6911441283493996,,8,1,val,current_repo_v1
2057,82.28,-0.8444439169897505,,8,1,val,current_repo_v1
2058,82.32,-1.0662348380831699,,8,1,val,current_repo_v1
2059,82.36,-1.1171959425048723,,8,1,val,current_repo_v1
2060,82.4,-1.0951471958548333,,8,1,val,current_repo_v1
2061,82.44,-1.2309030573198558,,8,1,val,current_repo_v1
2062,82.48,-1.1915202249294903,,8,1,val,current_repo_v1
2063,82.52,-0.8732070906162175,,8,1,val,current_repo_v1
2064,82.56,-1.1806571529520962,,8,1,val,current_repo_v1
2065,82.6,-1.218184271429326,,8,1,val,current_repo_v1
2066,82.64,-1.15396659116224,,8,1,val,current_repo_v1
2067,82.68,-1.3261214595583737,,8,1,val,current_repo_v1
2068,82.72,-1.3175832510610928,,8,1,val,current_repo_v1
2069,82.76,-1.5253285525980316,,8,1,val,current_repo_v1
2070,82.8,-1.1000893750595615,,8,1,val,current_repo_v1
2071,82.84,-1.4111430221200956,,8,1,val,current_repo_v1
2072,82.88,-1.1474079058758524,,8,1,val,current_repo_v1
2073,82.92,-1.0893965141374609,,8,1,val,current_repo_v1
2074,82.96,-1.200339196134812,,8,1,val,current_repo_v1
2075,83.0,-1.0719560108487451,,8,1,val,current_repo_v1
2076,83.04,-0.6498820604176543,,8,1,val,current_repo_v1
2077,83.08,-1.0098692475452509,,8,1,val,current_repo_v1
2078,83.12,-1.0988148591970386,,8,1,val,current_repo_v1
2079,83.16,-1.3316188204673234,,8,1,val,current_repo_v1
2080,83.2,-1.0237590541340296,,8,1,val,current_repo_v1
2081,83.24,-1.3268090038797145,,8,1,val,current_repo_v1
2082,83.28,-1.3998416638030866,,8,1,val,current_repo_v1
2083,83.32,-1.3762225277182787,,8,1,val,current_repo_v1
2084,83.36,-1.3290150474983644,,8,1,val,current_repo_v1
2085,83.4,-1.3599442779754665,,8,1,val,current_repo_v1
2086,83.44,-1.158206115181422,,8,1,val,current_repo_v1
2087,83.48,-1.0041272617025625,,8,1,val,current_repo_v1
2088,83.52,-0.8807511895707096,,8,1,val,current_repo_v1
2089,83.56,-1.0796665431424795,,8,1,val,current_repo_v1
2090,83.6,-1.082772823623926,,8,1,val,current_repo_v1
2091,83.64,-1.3055055364567063,,8,1,val,current_repo_v1
2092,83.68,-1.0997696234707646,,8,1,val,current_repo_v1
2093,83.72,-1.2165577151974167,,8,1,val,current_repo_v1
2094,83.76,-1.290375284727528,,8,1,val,current_repo_v1
2095,83.8,-1.1292621101281208,,8,1,val,current_repo_v1
2096,83.84,-1.355420569920499,,8,1,val,current_repo_v1
2097,83.88,-1.155752025301289,,8,1,val,current_repo_v1
2098,83.92,-1.2644712719306217,,8,1,val,current_repo_v1
2099,83.96,-1.31688130865216,,8,1,val,current_repo_v1
2100,84.0,-1.3090484638915565,,8,1,val,current_repo_v1
2101,84.04,-1.539631270678986,,8,1,val,current_repo_v1
2102,84.08,-1.5234076196247646,,8,1,val,current_repo_v1
2103,84.12,-1.3442554944919831,,8,1,val,current_repo_v1
2104,84.16,-1.3851483441379577,,8,1,val,current_repo_v1
2105,84.2,-1.230238179294823,,8,1,val,current_repo_v1
2106,84.24,-1.2000911498733289,,8,1,val,current_repo_v1
2107,84.28,-1.2104854286720523,,8,1,val,current_repo_v1
2108,84.32,-1.1937373165856489,,8,1,val,current_repo_v1
2109,84.36,-1.1442411106599235,,8,1,val,current_repo_v1
2110,84.4,-1.0542097263928565,,8,1,val,current_repo_v1
2111,84.44,-1.13897925114406,,8,1,val,current_repo_v1
2112,84.48,-0.8473476976353137,,8,1,val,current_repo_v1
2113,84.52,-0.8451818546176627,,8,1,val,current_repo_v1
2114,84.56,-1.208951675955215,,8,1,val,current_repo_v1
2115,84.6,-1.2089694953705514,,8,1,val,current_repo_v1
2116,84.64,-0.88170089313048,,8,1,val,current_repo_v1
2117,84.68,-1.0940312727888049,,8,1,val,current_repo_v1
2118,84.72,-1.3603598267411119,,8,1,val,current_repo_v1
2119,84.76,-1.328986536433826,,8,1,val,current_repo_v1
2120,84.8,-0.9165799752110549,,8,1,val,current_repo_v1
2121,84.84,-1.0628688218037796,,8,1,val,current_repo_v1
2122,84.88,-1.4465762880176336,,8,1,val,current_repo_v1
2123,84.92,-1.1336324286558723,,8,1,val,current_repo_v1
2124,84.96,-1.2527924271191258,,8,1,val,current_repo_v1
2125,85.0,-1.2422744103003063,,8,1,val,current_repo_v1
2126,85.04,-1.2805044690737275,,8,1,val,current_repo_v1
2127,85.08,-1.276671584112523,,8,1,val,current_repo_v1
2128,85.12,-1.9214773920444579,,8,1,val,current_repo_v1
2129,85.16,-1.708880220099716,,8,1,val,current_repo_v1
2130,85.2,-0.9306148318406722,,8,1,val,current_repo_v1
2131,85.24,-0.1550154241295269,,8,1,val,current_repo_v1
2132,85.28,0.1523041644472585,,8,1,val,current_repo_v1
2133,85.32,0.176878635027083,,8,1,val,current_repo_v1
2134,85.36,0.40021747527253193,,8,1,val,current_repo_v1
2135,85.4,0.2641936276202648,,8,1,val,current_repo_v1
2136,85.44,0.42868331413469524,,8,1,val,current_repo_v1
2137,85.48,-0.030641616203864377,,8,1,val,current_repo_v1
2138,85.52,-0.5921093775671096,,8,1,val,current_repo_v1
2139,85.56,-1.0432568445621666,,8,1,val,current_repo_v1
2140,85.6,-0.5369905046037885,,8,1,val,current_repo_v1
2141,85.64,-0.5261001689209296,,8,1,val,current_repo_v1
2142,85.68,0.13665371052616385,,8,1,val,current_repo_v1
2143,85.72,0.08779489617731487,,8,1,val,current_repo_v1
2144,85.76,-0.5177639613159025,,8,1,val,current_repo_v1
2145,85.8,-0.7860228925316051,,8,1,val,current_repo_v1
2146,85.84,-0.157179841593951,,8,1,val,current_repo_v1
2147,85.88,-0.474076350207393,,8,1,val,current_repo_v1
2148,85.92,-0.8523861729605198,,8,1,val,current_repo_v1
2149,85.96,-0.9283176953708224,,8,1,val,current_repo_v1
2150,86.0,-0.24372102607614834,,8,1,val,current_repo_v1
2151,86.04,0.5837982596988761,,8,1,val,current_repo_v1
2152,86.08,0.4434362932023706,,8,1,val,current_repo_v1
2153,86.12,-0.06482465410198308,,8,1,val,current_repo_v1
2154,86.16,0.012515921870345791,,8,1,val,current_repo_v1
2155,86.2,0.17542056136717968,,8,1,val,current_repo_v1
2156,86.24,0.29171058261576327,,8,1,val,current_repo_v1
2157,86.28,0.6350114732087585,,8,1,val,current_repo_v1
2158,86.32,0.5938474120613635,,8,1,val,current_repo_v1
2159,86.36,0.6491206724391594,,8,1,val,current_repo_v1
2160,86.4,0.6613802163576388,,8,1,val,current_repo_v1
2161,86.44,0.377152416088195,,8,1,val,current_repo_v1
2162,86.48,0.7294029120203432,,8,1,val,current_repo_v1
2163,86.52,0.46206381902430715,,8,1,val,current_repo_v1
2164,86.56,0.35723526353953033,,8,1,val,current_repo_v1
2165,86.6,0.17922333151646574,,8,1,val,current_repo_v1
2166,86.64,0.304781319778603,,8,1,val,current_repo_v1
2167,86.68,0.0803145194520658,,8,1,val,current_repo_v1
2168,86.72,0.3571880420888888,,8,1,val,current_repo_v1
2169,86.76,0.643155801349443,,8,1,val,current_repo_v1
2170,86.8,0.37523034267234634,,8,1,val,current_repo_v1
2171,86.84,0.6915707964302151,,8,1,val,current_repo_v1
2172,86.88,0.7170548412464723,,8,1,val,current_repo_v1
2173,86.92,0.7472004451147396,,8,1,val,current_repo_v1
2174,86.96,0.5849992882925514,,8,1,val,current_repo_v1
2175,87.0,0.5668715257931404,,8,1,val,current_repo_v1
2176,87.04,0.579001629478616,,8,1,val,current_repo_v1
2177,87.08,0.9594062314210321,,8,1,val,current_repo_v1
2178,87.12,0.5970754347883884,,8,1,val,current_repo_v1
2179,87.16,0.7343321186907064,,8,1,val,current_repo_v1
2180,87.2,1.1730219611464043,,8,1,val,current_repo_v1
2181,87.24,0.8038077382022819,,8,1,val,current_repo_v1
2182,87.28,0.41669975732094644,,8,1,val,current_repo_v1
2183,87.32,-0.15398868723725717,,8,1,val,current_repo_v1
2184,87.36,-0.28284479980635285,,8,1,val,current_repo_v1
2185,87.4,0.1267172570559717,,8,1,val,current_repo_v1
2186,87.44,0.3409472843959443,,8,1,val,current_repo_v1
2187,87.48,0.019359395938926733,,8,1,val,current_repo_v1
2188,87.52,0.5009174504180114,,8,1,val,current_repo_v1
2189,87.56,0.5277114360944802,,8,1,val,current_repo_v1
2190,87.6,0.5277053774932658,,8,1,val,current_repo_v1
2191,87.64,0.5381428505547647,,8,1,val,current_repo_v1
2192,87.68,0.18127860506195417,,8,1,val,current_repo_v1
2193,87.72,0.5144042531095414,,8,1,val,current_repo_v1
2194,87.76,-0.07584222041034407,,8,1,val,current_repo_v1
2195,87.8,0.028031365877430506,,8,1,val,current_repo_v1
2196,87.84,0.1422387251391536,,8,1,val,current_repo_v1
2197,87.88,0.27387960247878046,,8,1,val,current_repo_v1
2198,87.92,-0.27301272356149386,,8,1,val,current_repo_v1
2199,87.96,0.044735027432277134,,8,1,val,current_repo_v1
2200,88.0,0.13739862445518028,,8,1,val,current_repo_v1
2201,88.04,-0.2530198028588187,,8,1,val,current_repo_v1
2202,88.08,0.3381710907641899,,8,1,val,current_repo_v1
2203,88.12,0.2947500402896981,,8,1,val,current_repo_v1
2204,88.16,0.1756071841039981,,8,1,val,current_repo_v1
2205,88.2,-0.18681379658966327,,8,1,val,current_repo_v1
2206,88.24,0.12959691021316938,,8,1,val,current_repo_v1
2207,88.28,0.17858771297141532,,8,1,val,current_repo_v1
2208,88.32,0.07646344086780267,,8,1,val,current_repo_v1
2209,88.36,-0.30312878283913325,,8,1,val,current_repo_v1
2210,88.4,-0.23111503708469802,,8,1,val,current_repo_v1
2211,88.44,-0.46149170887551577,,8,1,val,current_repo_v1
2212,88.48,-0.30683286906628615,,8,1,val,current_repo_v1
2213,88.52,-0.2790307856059895,,8,1,val,current_repo_v1
2214,88.56,-0.020387335641731674,,8,1,val,current_repo_v1
2215,88.6,0.6060089491954926,,8,1,val,current_repo_v1
2216,88.64,0.4096904546595312,,8,1,val,current_repo_v1
2217,88.68,0.10605544895981302,,8,1,val,current_repo_v1
2218,88.72,-0.08885173006208784,,8,1,val,current_repo_v1
2219,88.76,-0.16310214210042864,,8,1,val,current_repo_v1
2220,88.8,0.007887150542554866,,8,1,val,current_repo_v1
2221,88.84,0.27383610528594426,,8,1,val,current_repo_v1
2222,88.88,-0.16762896855307988,,8,1,val,current_repo_v1
2223,88.92,-0.1429869534794226,,8,1,val,current_repo_v1
2224,88.96,-0.7101490337493311,,8,1,val,current_repo_v1
2225,89.0,-0.10993108269840975,,8,1,val,current_repo_v1
2226,89.04,-0.18462375480598542,,8,1,val,current_repo_v1
2227,89.08,0.5606764991349387,,8,1,val,current_repo_v1
2228,89.12,0.6144505051839887,,8,1,val,current_repo_v1
2229,89.16,0.8304978010485087,,8,1,val,current_repo_v1
2230,89.2,0.5746968151216414,,8,1,val,current_repo_v1
2231,89.24,0.6676937777666585,,8,1,val,current_repo_v1
2232,89.28,0.7121113077661788,,8,1,val,current_repo_v1
2233,89.32,0.3874003262093449,,8,1,val,current_repo_v1
2234,89.36,0.6661278788245544,,8,1,val,current_repo_v1
2235,89.4,0.6733140926414297,,8,1,val,current_repo_v1
2236,89.44,0.5008717970759194,,8,1,val,current_repo_v1
2237,89.48,0.8757350241535047,,8,1,val,current_repo_v1
2238,89.52,1.1676134834811525,,8,1,val,current_repo_v1
2239,89.56,0.9223186110036601,,8,1,val,current_repo_v1
2240,89.6,0.9529174695204247,,8,1,val,current_repo_v1
2241,89.64,0.6722943231405565,,8,1,val,current_repo_v1
2242,89.68,0.8167747129096176,,8,1,val,current_repo_v1
2243,89.72,0.7873645519511155,,8,1,val,current_repo_v1
2244,89.76,0.7689032812742678,,8,1,val,current_repo_v1
2245,89.8,0.3861525038309961,,8,1,val,current_repo_v1
2246,89.84,0.9720562343683634,,8,1,val,current_repo_v1
2247,89.88,0.8892162671874497,,8,1,val,current_repo_v1
2248,89.92,0.7409771925026449,,8,1,val,current_repo_v1
2249,89.96,0.23611338308656651,,8,1,val,current_repo_v1
2250,90.0,0.4090939319117289,,8,1,val,current_repo_v1
2251,90.04,-0.04949933323311694,,8,1,val,current_repo_v1
2252,90.08,-0.11245529197789167,,8,1,val,current_repo_v1
2253,90.12,0.10683833606291138,,8,1,val,current_repo_v1
2254,90.16,0.6352833262091311,,8,1,val,current_repo_v1
2255,90.2,0.4041650816296725,,8,1,val,current_repo_v1
2256,90.24,-0.006600960735559804,,8,1,val,current_repo_v1
2257,90.28,0.2129173868383375,,8,1,val,current_repo_v1
2258,90.32,-0.14456956703311225,,8,1,val,current_repo_v1
2259,90.36,0.3609490078897956,,8,1,val,current_repo_v1
2260,90.4,-0.38793512250242185,,8,1,val,current_repo_v1
2261,90.44,0.2466649360450492,,8,1,val,current_repo_v1
2262,90.48,0.5463178993674892,,8,1,val,current_repo_v1
2263,90.52,0.5321945158824806,,8,1,val,current_repo_v1
2264,90.56,0.6163240385124609,,8,1,val,current_repo_v1
2265,90.6,0.07222794403648675,,8,1,val,current_repo_v1
2266,90.64,0.7674330369536897,,8,1,val,current_repo_v1
2267,90.68,0.2442506012805317,,8,1,val,current_repo_v1
2268,90.72,0.5861647136943846,,8,1,val,current_repo_v1
2269,90.76,0.8889134796820531,,8,1,val,current_repo_v1
2270,90.8,0.6898602751132406,,8,1,val,current_repo_v1
2271,90.84,0.3740020147343756,,8,1,val,current_repo_v1
2272,90.88,-0.09939357143921217,,8,1,val,current_repo_v1
2273,90.92,0.0641276298516833,,8,1,val,current_repo_v1
2274,90.96,0.1820176118547866,,8,1,val,current_repo_v1
2275,91.0,0.5136621813772712,,8,1,val,current_repo_v1
2276,91.04,0.5691087890274598,,8,1,val,current_repo_v1
2277,91.08,0.3086669145703728,,8,1,val,current_repo_v1
2278,91.12,0.22046337465085528,,8,1,val,current_repo_v1
2279,91.16,0.22903301659678962,,8,1,val,current_repo_v1
2280,91.2,0.11646807284662523,,8,1,val,current_repo_v1
2281,91.24,0.1036661504738432,,8,1,val,current_repo_v1
2282,91.28,0.24205776184864602,,8,1,val,current_repo_v1
2283,91.32,-0.0928591027382668,,8,1,val,current_repo_v1
2284,91.36,0.8776024276031011,,8,1,val,current_repo_v1
2285,91.4,0.859000454822757,,8,1,val,current_repo_v1
2286,91.44,1.410815715099196,,8,1,val,current_repo_v1
2287,91.48,1.1595214731438959,,8,1,val,current_repo_v1
2288,91.52,0.7847961327021838,,8,1,val,current_repo_v1
2289,91.56,0.39481352373877565,,8,1,val,current_repo_v1
2290,91.6,0.4394888650393834,,8,1,val,current_repo_v1
2291,91.64,0.42917074642180797,,8,1,val,current_repo_v1
2292,91.68,0.5420681826427348,,8,1,val,current_repo_v1
2293,91.72,-0.27751176954563556,,8,1,val,current_repo_v1
2294,91.76,-0.3654847262306997,,8,1,val,current_repo_v1
2295,91.8,-0.31713199218711297,,8,1,val,current_repo_v1
2296,91.84,-0.2944080500705613,,8,1,val,current_repo_v1
2297,91.88,0.21109176991770495,,8,1,val,current_repo_v1
2298,91.92,0.6040979950948139,,8,1,val,current_repo_v1
2299,91.96,0.36433676385589625,,8,1,val,current_repo_v1
2300,92.0,0.23205886023740735,,8,1,val,current_repo_v1
2301,92.04,0.1844644314134624,,8,1,val,current_repo_v1
2302,92.08,0.41330366186846834,,8,1,val,current_repo_v1
2303,92.12,0.8760026717718579,,8,1,val,current_repo_v1
2304,92.16,0.8483691065223978,,8,1,val,current_repo_v1
2305,92.2,0.9952764293826193,,8,1,val,current_repo_v1
2306,92.24,0.966460011343127,,8,1,val,current_repo_v1
2307,92.28,0.9985973269023776,,8,1,val,current_repo_v1
2308,92.32,0.765116940625922,,8,1,val,current_repo_v1
2309,92.36,0.6894171418926542,,8,1,val,current_repo_v1
2310,92.4,0.9792038869704507,,8,1,val,current_repo_v1
2311,92.44,0.8609548882968566,,8,1,val,current_repo_v1
2312,92.48,0.6813448754675904,,8,1,val,current_repo_v1
2313,92.52,0.2689364253867936,,8,1,val,current_repo_v1
2314,92.56,0.40235651788951693,,8,1,val,current_repo_v1
2315,92.6,0.8029196185419142,,8,1,val,current_repo_v1
2316,92.64,0.8104884508448933,,8,1,val,current_repo_v1
2317,92.68,0.6117063864998399,,8,1,val,current_repo_v1
2318,92.72,0.20212495102333694,,8,1,val,current_repo_v1
2319,92.76,0.119052841409128,,8,1,val,current_repo_v1
2320,92.8,0.1733576432925119,,8,1,val,current_repo_v1
2321,92.84,0.13684666806513437,,8,1,val,current_repo_v1
2322,92.88,-0.0896538710434572,,8,1,val,current_repo_v1
2323,92.92,-0.23891295579124228,,8,1,val,current_repo_v1
2324,92.96,0.12041353196421777,,8,1,val,current_repo_v1
2325,93.0,-0.2619120653194191,,8,1,val,current_repo_v1
2326,93.04,-0.5116288078932312,,8,1,val,current_repo_v1
2327,93.08,-0.5657006476502143,,8,1,val,current_repo_v1
2328,93.12,-0.3931722130309678,,8,1,val,current_repo_v1
2329,93.16,-0.6326381409189301,,8,1,val,current_repo_v1
2330,93.2,-0.5805191308886664,,8,1,val,current_repo_v1
2331,93.24,-0.8211353376754259,,8,1,val,current_repo_v1
2332,93.28,-0.7436009232167808,,8,1,val,current_repo_v1
2333,93.32,-0.25092826680312064,,8,1,val,current_repo_v1
2334,93.36,-0.0008528450139957245,,8,1,val,current_repo_v1
2335,93.4,0.5799543267001629,,8,1,val,current_repo_v1
2336,93.44,-0.04210530939458822,,8,1,val,current_repo_v1
2337,93.48,0.057368244490361514,,8,1,val,current_repo_v1
2338,93.52,-0.2711821350239824,,8,1,val,current_repo_v1
2339,93.56,-0.09405366288417501,,8,1,val,current_repo_v1
2340,93.6,-0.27712606830067854,,8,1,val,current_repo_v1
2341,93.64,-0.11259943322854804,,8,1,val,current_repo_v1
2342,93.68,-0.3394493130651027,,8,1,val,current_repo_v1
2343,93.72,-0.10334777098002722,,8,1,val,current_repo_v1
2344,93.76,0.6471948925849207,,8,1,val,current_repo_v1
2345,93.8,0.5300579679836427,,8,1,val,current_repo_v1
2346,93.84,0.2996639400822872,,8,1,val,current_repo_v1
2347,93.88,0.38751739976810523,,8,1,val,current_repo_v1
2348,93.92,1.1957588936167363,,8,1,val,current_repo_v1
2349,93.96,1.4309217178115963,,8,1,val,current_repo_v1
2350,94.0,1.339486733837309,,8,1,val,current_repo_v1
2351,94.04,1.16584216231905,,8,1,val,current_repo_v1
2352,94.08,1.1482960968138813,,8,1,val,current_repo_v1
2353,94.12,1.049274318565956,,8,1,val,current_repo_v1
2354,94.16,0.8148352477444006,,8,1,val,current_repo_v1
2355,94.2,1.058470419877458,,8,1,val,current_repo_v1
2356,94.24,0.9757030133557943,,8,1,val,current_repo_v1
2357,94.28,0.6050924610259094,,8,1,val,current_repo_v1
2358,94.32,0.313615294931638,,8,1,val,current_repo_v1
2359,94.36,0.5074054995420054,,8,1,val,current_repo_v1
2360,94.4,0.5777161724950767,,8,1,val,current_repo_v1
2361,94.44,0.1721620139816835,,8,1,val,current_repo_v1
2362,94.48,0.12076088582737078,,8,1,val,current_repo_v1
2363,94.52,-0.1530973244432983,,8,1,val,current_repo_v1
2364,94.56,0.2223904375029981,,8,1,val,current_repo_v1
2365,94.6,-0.1035685178972149,,8,1,val,current_repo_v1
2366,94.64,-0.3380757925309707,,8,1,val,current_repo_v1
2367,94.68,0.3751283799777913,,8,1,val,current_repo_v1
2368,94.72,0.23027709689791778,,8,1,val,current_repo_v1
2369,94.76,0.5787041877978203,,8,1,val,current_repo_v1
2370,94.8,0.7046459706274737,,8,1,val,current_repo_v1
2371,94.84,1.5243748574892257,,8,1,val,current_repo_v1
2372,94.88,1.4210236740911617,,8,1,val,current_repo_v1
2373,94.92,1.5722111492375321,,8,1,val,current_repo_v1
2374,94.96,1.5625950799453814,,8,1,val,current_repo_v1
2375,95.0,1.5771106331231142,,8,1,val,current_repo_v1
2376,95.04,1.4724071699339991,,8,1,val,current_repo_v1
2377,95.08,1.2959591767173515,,8,1,val,current_repo_v1
2378,95.12,1.3605149269322,,8,1,val,current_repo_v1
2379,95.16,1.6219990233534842,,8,1,val,current_repo_v1
2380,95.2,1.2459819891328652,,8,1,val,current_repo_v1
2381,95.24,0.2644783996967563,,8,1,val,current_repo_v1
2382,95.28,0.5605066444679518,,8,1,val,current_repo_v1
2383,95.32,1.0297349732612544,,8,1,val,current_repo_v1
2384,95.36,1.418549483910529,,8,1,val,current_repo_v1
2385,95.4,0.9444568823963493,,8,1,val,current_repo_v1
2386,95.44,1.0799835861801452,,8,1,val,current_repo_v1
2387,95.48,1.4586751008097785,,8,1,val,current_repo_v1
2388,95.52,1.3158906917147772,,8,1,val,current_repo_v1
2389,95.56,1.0323597018626491,,8,1,val,current_repo_v1
2390,95.6,1.4372980748402615,,8,1,val,current_repo_v1
2391,95.64,1.8728316711739095,,8,1,val,current_repo_v1
2392,95.68,1.9070870024400481,,8,1,val,current_repo_v1
2393,95.72,2.0874278964087534,,8,1,val,current_repo_v1
2394,95.76,1.904772901886798,,8,1,val,current_repo_v1
2395,95.8,1.7858856117558533,,8,1,val,current_repo_v1
2396,95.84,1.5889757977413677,,8,1,val,current_repo_v1
2397,95.88,1.4844922974151655,,8,1,val,current_repo_v1
2398,95.92,1.5502623338686998,,8,1,val,current_repo_v1
2399,95.96,1.987203236347958,,8,1,val,current_repo_v1
2400,96.0,1.7611707954608389,,8,1,val,current_repo_v1
2401,96.04,1.5629878198593963,,8,1,val,current_repo_v1
2402,96.08,1.110532764166952,,8,1,val,current_repo_v1
2403,96.12,0.8263780947780488,,8,1,val,current_repo_v1
2404,96.16,0.5378770917944372,,8,1,val,current_repo_v1
2405,96.2,-0.12192405707316388,,8,1,val,current_repo_v1
2406,96.24,0.042757678190054896,,8,1,val,current_repo_v1
2407,96.28,0.1257794034074001,,8,1,val,current_repo_v1
2408,96.32,0.25700458051635106,,8,1,val,current_repo_v1
2409,96.36,0.44689219061271773,,8,1,val,current_repo_v1
2410,96.4,0.5670541391615082,,8,1,val,current_repo_v1
2411,96.44,0.4951336602269438,,8,1,val,current_repo_v1
2412,96.48,0.4614036453249231,,8,1,val,current_repo_v1
2413,96.52,0.1699518897169215,,8,1,val,current_repo_v1
2414,96.56,0.4170112407010272,,8,1,val,current_repo_v1
2415,96.6,0.6099704903354263,,8,1,val,current_repo_v1
2416,96.64,0.43756928634168185,,8,1,val,current_repo_v1
2417,96.68,0.34614495837776604,,8,1,val,current_repo_v1
2418,96.72,0.36709738331864655,,8,1,val,current_repo_v1
2419,96.76,0.5886886913214672,,8,1,val,current_repo_v1
2420,96.8,0.23315569870961061,,8,1,val,current_repo_v1
2421,96.84,-0.21444534824519032,,8,1,val,current_repo_v1
2422,96.88,-0.16536813023227037,,8,1,val,current_repo_v1
2423,96.92,0.053291251358463125,,8,1,val,current_repo_v1
2424,96.96,0.343988488372582,,8,1,val,current_repo_v1
2425,97.0,0.03928647390193377,,8,1,val,current_repo_v1
2426,97.04,0.14662639977744263,,8,1,val,current_repo_v1
2427,97.08,0.5040486068032675,,8,1,val,current_repo_v1
2428,97.12,1.0353219301905159,,8,1,val,current_repo_v1
2429,97.16,0.341264113600626,,8,1,val,current_repo_v1
2430,97.2,0.6842276292030566,,8,1,val,current_repo_v1
2431,97.24,1.0592983099139885,,8,1,val,current_repo_v1
2432,97.28,1.2802994745196972,,8,1,val,current_repo_v1
2433,97.32,0.968144445036049,,8,1,val,current_repo_v1
2434,97.36,0.9268188687080446,,8,1,val,current_repo_v1
2435,97.4,0.79415082681018,,8,1,val,current_repo_v1
2436,97.44,0.3951405100101991,,8,1,val,current_repo_v1
2437,97.48,0.5840713600583223,,8,1,val,current_repo_v1
2438,97.52,1.3508716295734153,,8,1,val,current_repo_v1
2439,97.56,1.582901372886163,,8,1,val,current_repo_v1
2440,97.6,1.294998496397734,,8,1,val,current_repo_v1
2441,97.64,1.0215429603651298,,8,1,val,current_repo_v1
2442,97.68,1.0600033885400204,,8,1,val,current_repo_v1
2443,97.72,1.496068787504969,,8,1,val,current_repo_v1
2444,97.76,1.2680933175695657,,8,1,val,current_repo_v1
2445,97.8,1.4204533102450734,,8,1,val,current_repo_v1
2446,97.84,1.2927699290380987,,8,1,val,current_repo_v1
2447,97.88,1.2317035054567682,,8,1,val,current_repo_v1
2448,97.92,1.1657176402446792,,8,1,val,current_repo_v1
2449,97.96,0.2982956406368488,,8,1,val,current_repo_v1
2450,98.0,0.4959832543113541,,8,1,val,current_repo_v1
2451,98.04,0.45871334127509034,,8,1,val,current_repo_v1
2452,98.08,0.5598581603050284,,8,1,val,current_repo_v1
2453,98.12,0.13416511334823178,,8,1,val,current_repo_v1
2454,98.16,0.20138373462300282,,8,1,val,current_repo_v1
2455,98.2,0.24070391394904544,,8,1,val,current_repo_v1
2456,98.24,0.3740876192056518,,8,1,val,current_repo_v1
2457,98.28,0.2202762707898228,,8,1,val,current_repo_v1
2458,98.32,0.6495059994763943,,8,1,val,current_repo_v1
2459,98.36,0.6057768691301509,,8,1,val,current_repo_v1
2460,98.4,0.6954016856169021,,8,1,val,current_repo_v1
2461,98.44,1.5096457564381014,,8,1,val,current_repo_v1
2462,98.48,1.5752006769096942,,8,1,val,current_repo_v1
2463,98.52,1.2713551259080684,,8,1,val,current_repo_v1
2464,98.56,1.4046104244577606,,8,1,val,current_repo_v1
2465,98.6,1.2460502731324343,,8,1,val,current_repo_v1
2466,98.64,1.242616970740734,,8,1,val,current_repo_v1
2467,98.68,1.412514974545678,,8,1,val,current_repo_v1
2468,98.72,1.1906802176905311,,8,1,val,current_repo_v1
2469,98.76,1.2771119375043167,,8,1,val,current_repo_v1
2470,98.8,1.2674794743500564,,8,1,val,current_repo_v1
2471,98.84,0.9767125901510951,,8,1,val,current_repo_v1
2472,98.88,0.40005278823599266,,8,1,val,current_repo_v1
2473,98.92,0.35115228536496407,,8,1,val,current_repo_v1
2474,98.96,0.2346079276012836,,8,1,val,current_repo_v1
2475,99.0,0.46055497785011035,,8,1,val,current_repo_v1
2476,99.04,0.5382718631218005,,8,1,val,current_repo_v1
2477,99.08,0.5367267772568094,,8,1,val,current_repo_v1
2478,99.12,0.8418064296869748,,8,1,val,current_repo_v1
2479,99.16,0.7059236227070956,,8,1,val,current_repo_v1
2480,99.2,0.9156300578183005,,8,1,val,current_repo_v1
2481,99.24,0.8310941099633269,,8,1,val,current_repo_v1
2482,99.28,0.6819909361900279,,8,1,val,current_repo_v1
2483,99.32,0.7684306391018844,,8,1,val,current_repo_v1
2484,99.36,0.7784924788880913,,8,1,val,current_repo_v1
2485,99.4,0.8059941091864005,,8,1,val,current_repo_v1
2486,99.44,1.1148125600647942,,8,1,val,current_repo_v1
2487,99.48,1.1447066963438337,,8,1,val,current_repo_v1
2488,99.52,1.16196978953346,,8,1,val,current_repo_v1
2489,99.56,1.260295683973667,,8,1,val,current_repo_v1
2490,99.6,1.0111272269903413,,8,1,val,current_repo_v1
2491,99.64,0.6918096478733846,,8,1,val,current_repo_v1
2492,99.68,1.0689155909263823,,8,1,val,current_repo_v1
2493,99.72,1.2549805087671166,,8,1,val,current_repo_v1
2494,99.76,1.8388201095095733,,8,1,val,current_repo_v1
2495,99.8,1.6024477034016764,,8,1,val,current_repo_v1
2496,99.84,1.384337346907166,,8,1,val,current_repo_v1
2497,99.88,1.053056738942928,,8,1,val,current_repo_v1
2498,99.92,0.4905611626127853,,8,1,val,current_repo_v1
2499,99.96,1.1367277323774714,,8,1,val,current_repo_v1
2500,100.0,1.7658307864042992,,8,1,val,current_repo_v1
2501,100.04,1.7768118229112206,,8,1,val,current_repo_v1
2502,100.08,2.2322317442050013,,8,1,val,current_repo_v1
2503,100.12,2.0797482986200433,,8,1,val,current_repo_v1
2504,100.16,1.8656289209396022,,8,1,val,current_repo_v1
2505,100.2,1.606005741700732,,8,1,val,current_repo_v1
2506,100.24,1.6795825352908176,,8,1,val,current_repo_v1
2507,100.28,1.8847825115411008,,8,1,val,current_repo_v1
2508,100.32,1.5653204526045963,,8,1,val,current_repo_v1
2509,100.36,1.4878541795901976,,8,1,val,current_repo_v1
2510,100.4,2.048279068580586,,8,1,val,current_repo_v1
2511,100.44,1.2397537470844764,,8,1,val,current_repo_v1
2512,100.48,0.7562628295335568,,8,1,val,current_repo_v1
2513,100.52,0.9706120776718378,,8,1,val,current_repo_v1
2514,100.56,0.6051950295805858,,8,1,val,current_repo_v1
2515,100.6,0.6829223213908324,,8,1,val,current_repo_v1
2516,100.64,0.5573090573023216,,8,1,val,current_repo_v1
2517,100.68,0.4599037138583945,,8,1,val,current_repo_v1
2518,100.72,0.4760204484205975,,8,1,val,current_repo_v1
2519,100.76,0.47090182136520814,,8,1,val,current_repo_v1
2520,100.8,0.4070758474860476,,8,1,val,current_repo_v1
2521,100.84,0.5983497368179271,,8,1,val,current_repo_v1
2522,100.88,0.7010421720698341,,8,1,val,current_repo_v1
2523,100.92,0.6940367184021315,,8,1,val,current_repo_v1
2524,100.96,0.8412162506510323,,8,1,val,current_repo_v1
2525,101.0,0.5279006070076918,,8,1,val,current_repo_v1
2526,101.04,0.3863627372931353,,8,1,val,current_repo_v1
2527,101.08,0.817767325621518,,8,1,val,current_repo_v1
2528,101.12,1.0441265033082456,,8,1,val,current_repo_v1
2529,101.16,0.9818708832250234,,8,1,val,current_repo_v1
2530,101.2,1.19703875530386,,8,1,val,current_repo_v1
2531,101.24,1.2342891738997455,,8,1,val,current_repo_v1
2532,101.28,1.4805542066258146,,8,1,val,current_repo_v1
2533,101.32,1.4168344008232285,,8,1,val,current_repo_v1
2534,101.36,1.471468015468108,,8,1,val,current_repo_v1
2535,101.4,1.0566001653214077,,8,1,val,current_repo_v1
2536,101.44,1.2841052739695906,,8,1,val,current_repo_v1
2537,101.48,1.4862728133955816,,8,1,val,current_repo_v1
2538,101.52,1.6651265702379698,,8,1,val,current_repo_v1
2539,101.56,1.4998989639150424,,8,1,val,current_repo_v1
2540,101.6,1.3004036240129024,,8,1,val,current_repo_v1
2541,101.64,1.162821129920573,,8,1,val,current_repo_v1
2542,101.68,1.4003004068315077,,8,1,val,current_repo_v1
2543,101.72,1.5287618549897322,,8,1,val,current_repo_v1
2544,101.76,1.3795962419850942,,8,1,val,current_repo_v1
2545,101.8,1.2582897880280757,,8,1,val,current_repo_v1
2546,101.84,1.2908856327827634,,8,1,val,current_repo_v1
2547,101.88,1.423266069317098,,8,1,val,current_repo_v1
2548,101.92,1.4465078614627416,,8,1,val,current_repo_v1
2549,101.96,1.3732205977330425,,8,1,val,current_repo_v1
2550,102.0,1.1457757187086968,,8,1,val,current_repo_v1
2551,102.04,1.3439461494417426,,8,1,val,current_repo_v1
2552,102.08,1.3290823336106747,,8,1,val,current_repo_v1
2553,102.12,1.2546363802181395,,8,1,val,current_repo_v1
2554,102.16,1.3335595686304447,,8,1,val,current_repo_v1
2555,102.2,1.486194978189392,,8,1,val,current_repo_v1
2556,102.24,1.74645523716537,,8,1,val,current_repo_v1
2557,102.28,1.5615789456052367,,8,1,val,current_repo_v1
2558,102.32,0.8155025492099192,,8,1,val,current_repo_v1
2559,102.36,0.5935384946770912,,8,1,val,current_repo_v1
2560,102.4,0.46142463659618943,,8,1,val,current_repo_v1
2561,102.44,0.7608131954338675,,8,1,val,current_repo_v1
2562,102.48,0.9389072036839716,,8,1,val,current_repo_v1
2563,102.52,0.47279449274575164,,8,1,val,current_repo_v1
2564,102.56,0.3718745190985286,,8,1,val,current_repo_v1
2565,102.6,0.217221399321622,,8,1,val,current_repo_v1
2566,102.64,0.3531722586486711,,8,1,val,current_repo_v1
2567,102.68,0.3743848470534635,,8,1,val,current_repo_v1
2568,102.72,0.7042072566218908,,8,1,val,current_repo_v1
2569,102.76,0.410429746563009,,8,1,val,current_repo_v1
2570,102.8,0.34631606040382645,,8,1,val,current_repo_v1
2571,102.84,0.1473772208426431,,8,1,val,current_repo_v1
2572,102.88,0.5686687920239727,,8,1,val,current_repo_v1
2573,102.92,0.8718312891969224,,8,1,val,current_repo_v1
2574,102.96,0.9594035941475623,,8,1,val,current_repo_v1
2575,103.0,0.4951862987798476,,8,1,val,current_repo_v1
2576,103.04,0.6320148177704619,,8,1,val,current_repo_v1
2577,103.08,1.0367296640020938,,8,1,val,current_repo_v1
2578,103.12,1.2795246863408694,,8,1,val,current_repo_v1
2579,103.16,1.3888157223695174,,8,1,val,current_repo_v1
2580,103.2,1.585128657247894,,8,1,val,current_repo_v1
2581,103.24,1.3593081961256173,,8,1,val,current_repo_v1
2582,103.28,1.2032658569096673,,8,1,val,current_repo_v1
2583,103.32,1.3546353752031146,,8,1,val,current_repo_v1
2584,103.36,1.6891080819530593,,8,1,val,current_repo_v1
2585,103.4,1.1308183865859434,,8,1,val,current_repo_v1
2586,103.44,1.5317466783362454,,8,1,val,current_repo_v1
2587,103.48,1.527722911797957,,8,1,val,current_repo_v1
2588,103.52,1.1542908332437016,,8,1,val,current_repo_v1
2589,103.56,1.4640049592145659,,8,1,val,current_repo_v1
2590,103.6,1.312370430576235,,8,1,val,current_repo_v1
2591,103.64,1.0576006898537176,,8,1,val,current_repo_v1
2592,103.68,0.5893506469623848,,8,1,val,current_repo_v1
2593,103.72,0.9009457191385011,,8,1,val,current_repo_v1
2594,103.76,0.9231503500339032,,8,1,val,current_repo_v1
2595,103.8,1.1356846550813382,,8,1,val,current_repo_v1
2596,103.84,0.6081657399501527,,8,1,val,current_repo_v1
2597,103.88,0.5929746170981852,,8,1,val,current_repo_v1
2598,103.92,0.9916521741361736,,8,1,val,current_repo_v1
2599,103.96,1.0340022242906999,,8,1,val,current_repo_v1
2600,104.0,0.7369497908036279,,8,1,val,current_repo_v1
2601,104.04,0.69491799540701,,8,1,val,current_repo_v1
2602,104.08,0.9292696798157558,,8,1,val,current_repo_v1
2603,104.12,0.5182275868641257,,8,1,val,current_repo_v1
2604,104.16,0.9052359928525612,,8,1,val,current_repo_v1
2605,104.2,1.002209536224056,,8,1,val,current_repo_v1
2606,104.24,0.6202396768384879,,8,1,val,current_repo_v1
2607,104.28,0.6002329639083424,,8,1,val,current_repo_v1
2608,104.32,0.6530910520090999,,8,1,val,current_repo_v1
2609,104.36,0.7150353312675641,,8,1,val,current_repo_v1
2610,104.4,0.589155417447959,,8,1,val,current_repo_v1
2611,104.44,0.818402338306447,,8,1,val,current_repo_v1
2612,104.48,0.555962836112485,,8,1,val,current_repo_v1
2613,104.52,0.5657980842132739,,8,1,val,current_repo_v1
2614,104.56,1.2384594873097607,,8,1,val,current_repo_v1
2615,104.6,1.551599787906191,,8,1,val,current_repo_v1
2616,104.64,1.2205931712721658,,8,1,val,current_repo_v1
2617,104.68,0.8787136463434809,,8,1,val,current_repo_v1
2618,104.72,1.1330713309057587,,8,1,val,current_repo_v1
2619,104.76,0.9744882281734792,,8,1,val,current_repo_v1
2620,104.8,1.0179485704587878,,8,1,val,current_repo_v1
2621,104.84,1.321268876373957,,8,1,val,current_repo_v1
2622,104.88,1.8053062084767528,,8,1,val,current_repo_v1
2623,104.92,1.7819161587955101,,8,1,val,current_repo_v1
2624,104.96,1.6806149209377488,,8,1,val,current_repo_v1
2625,105.0,1.7412982983670073,,8,1,val,current_repo_v1
2626,105.04,1.9653160048785283,,8,1,val,current_repo_v1
2627,105.08,1.009703099316654,,8,1,val,current_repo_v1
2628,105.12,0.44958388457694676,,8,1,val,current_repo_v1
2629,105.16,-0.016557665971281804,,8,1,val,current_repo_v1
2630,105.2,0.0019599140580289984,,8,1,val,current_repo_v1
2631,105.24,0.3134040992210706,,8,1,val,current_repo_v1
2632,105.28,0.5062720421712857,,8,1,val,current_repo_v1
2633,105.32,0.1401872827679625,,8,1,val,current_repo_v1
2634,105.36,-0.2854538829610822,,8,1,val,current_repo_v1
2635,105.4,-0.3261516812867842,,8,1,val,current_repo_v1
2636,105.44,-0.6763900088391428,,8,1,val,current_repo_v1
2637,105.48,-0.43879483445086015,,8,1,val,current_repo_v1
2638,105.52,-0.4349823349008004,,8,1,val,current_repo_v1
2639,105.56,-0.22228833225312036,,8,1,val,current_repo_v1
2640,105.6,0.044252673678535324,,8,1,val,current_repo_v1
2641,105.64,-0.014447223515911775,,8,1,val,current_repo_v1
2642,105.68,0.04461136068984231,,8,1,val,current_repo_v1
2643,105.72,0.23698072530865189,,8,1,val,current_repo_v1
2644,105.76,0.1261617724216892,,8,1,val,current_repo_v1
2645,105.8,0.43737056422185,,8,1,val,current_repo_v1
2646,105.84,0.12319507142057305,,8,1,val,current_repo_v1
2647,105.88,-0.3104801826361772,,8,1,val,current_repo_v1
2648,105.92,-0.12978013835136623,,8,1,val,current_repo_v1
2649,105.96,0.2296310361754802,,8,1,val,current_repo_v1
2650,106.0,0.322752877283175,,8,1,val,current_repo_v1
2651,106.04,0.3563442214950475,,8,1,val,current_repo_v1
2652,106.08,0.2968068284854901,,8,1,val,current_repo_v1
2653,106.12,0.4015022194794578,,8,1,val,current_repo_v1
2654,106.16,0.22591226675009005,,8,1,val,current_repo_v1
2655,106.2,0.04880932983245972,,8,1,val,current_repo_v1
2656,106.24,-0.05930648011592029,,8,1,val,current_repo_v1
2657,106.28,-0.025140637953601237,,8,1,val,current_repo_v1
2658,106.32,-0.2413059250767714,,8,1,val,current_repo_v1
2659,106.36,-0.15778805387821399,,8,1,val,current_repo_v1
2660,106.4,-0.12871016264778265,,8,1,val,current_repo_v1
2661,106.44,-0.2343535732667714,,8,1,val,current_repo_v1
2662,106.48,-0.1023264690094351,,8,1,val,current_repo_v1
2663,106.52,-0.09796750144925305,,8,1,val,current_repo_v1
2664,106.56,0.007461609539759429,,8,1,val,current_repo_v1
2665,106.6,0.3088338468532445,,8,1,val,current_repo_v1
2666,106.64,0.4090098955490023,,8,1,val,current_repo_v1
2667,106.68,0.3566482563595177,,8,1,val,current_repo_v1
2668,106.72,0.29811242140835964,,8,1,val,current_repo_v1
2669,106.76,0.6905381969502997,,8,1,val,current_repo_v1
2670,106.8,0.6501865585869232,,8,1,val,current_repo_v1
2671,106.84,0.2825073000798809,,8,1,val,current_repo_v1
2672,106.88,0.12360544364606336,,8,1,val,current_repo_v1
2673,106.92,0.033595478316230616,,8,1,val,current_repo_v1
2674,106.96,0.04116398986973366,,8,1,val,current_repo_v1
2675,107.0,0.29899460720342025,,8,1,val,current_repo_v1
2676,107.04,0.3237487687674973,,8,1,val,current_repo_v1
2677,107.08,-0.027100987473592516,,8,1,val,current_repo_v1
2678,107.12,-0.743950611423343,,8,1,val,current_repo_v1
2679,107.16,-0.539445200344043,,8,1,val,current_repo_v1
2680,107.2,-0.6053735088445955,,8,1,val,current_repo_v1
2681,107.24,-0.8517845182211006,,8,1,val,current_repo_v1
2682,107.28,-0.7394005306336776,,8,1,val,current_repo_v1
2683,107.32,-0.5526374481000619,,8,1,val,current_repo_v1
2684,107.36,-0.4651985392926305,,8,1,val,current_repo_v1
2685,107.4,-0.08039859145362309,,8,1,val,current_repo_v1
2686,107.44,0.3611098815714529,,8,1,val,current_repo_v1
2687,107.48,0.5046477668245396,,8,1,val,current_repo_v1
2688,107.52,0.5822487546188816,,8,1,val,current_repo_v1
2689,107.56,0.6887724354457823,,8,1,val,current_repo_v1
2690,107.6,0.4839414992871165,,8,1,val,current_repo_v1
2691,107.64,1.0731597479935517,,8,1,val,current_repo_v1
2692,107.68,1.38701553375457,,8,1,val,current_repo_v1
2693,107.72,1.791735939643787,,8,1,val,current_repo_v1
2694,107.76,1.7609486942680856,,8,1,val,current_repo_v1
2695,107.8,1.5631105599922337,,8,1,val,current_repo_v1
2696,107.84,1.7486856577442003,,8,1,val,current_repo_v1
2697,107.88,1.4003473075326731,,8,1,val,current_repo_v1
2698,107.92,0.763760954396481,,8,1,val,current_repo_v1
2699,107.96,0.015433886770516794,,8,1,val,current_repo_v1
2700,108.0,0.16184831457911147,,8,1,val,current_repo_v1
2701,108.04,0.7320000561667971,,8,1,val,current_repo_v1
2702,108.08,0.46938136193221197,,8,1,val,current_repo_v1
2703,108.12,0.24667288350428923,,8,1,val,current_repo_v1
2704,108.16,0.15308224921792368,,8,1,val,current_repo_v1
2705,108.2,0.34521489181369647,,8,1,val,current_repo_v1
2706,108.24,-0.11352083955676413,,8,1,val,current_repo_v1
2707,108.28,-0.18557370783757046,,8,1,val,current_repo_v1
2708,108.32,0.024481319586153346,,8,1,val,current_repo_v1
2709,108.36,0.20404755902164567,,8,1,val,current_repo_v1
2710,108.4,-0.15446982927075611,,8,1,val,current_repo_v1
2711,108.44,0.008467635816554393,,8,1,val,current_repo_v1
2712,108.48,0.16418570510820626,,8,1,val,current_repo_v1
2713,108.52,0.10970026781155698,,8,1,val,current_repo_v1
2714,108.56,0.38208083870428333,,8,1,val,current_repo_v1
2715,108.6,0.5850799033275335,,8,1,val,current_repo_v1
2716,108.64,0.524793613749632,,8,1,val,current_repo_v1
2717,108.68,0.20618904289853177,,8,1,val,current_repo_v1
2718,108.72,0.4580479286675974,,8,1,val,current_repo_v1
2719,108.76,0.22690388157473168,,8,1,val,current_repo_v1
2720,108.8,0.15414213022271916,,8,1,val,current_repo_v1
2721,108.84,0.3122987608877519,,8,1,val,current_repo_v1
2722,108.88,-0.2081047191442746,,8,1,val,current_repo_v1
2723,108.92,-0.3519265389613319,,8,1,val,current_repo_v1
2724,108.96,-0.3732416246431395,,8,1,val,current_repo_v1
2725,109.0,-0.5419051706312371,,8,1,val,current_repo_v1
2726,109.04,-0.18241993861425249,,8,1,val,current_repo_v1
2727,109.08,-0.24535198370364572,,8,1,val,current_repo_v1
2728,109.12,-0.25910301268578434,,8,1,val,current_repo_v1
2729,109.16,-0.3810272835919323,,8,1,val,current_repo_v1
2730,109.2,-0.5664383714451424,,8,1,val,current_repo_v1
2731,109.24,-0.47627384050668153,,8,1,val,current_repo_v1
2732,109.28,-0.0452537506127206,,8,1,val,current_repo_v1
2733,109.32,0.3813789319341814,,8,1,val,current_repo_v1
2734,109.36,0.5575718580397032,,8,1,val,current_repo_v1
2735,109.4,0.47127296414783526,,8,1,val,current_repo_v1
2736,109.44,0.4908780630951284,,8,1,val,current_repo_v1
2737,109.48,0.5875403369195263,,8,1,val,current_repo_v1
2738,109.52,0.20254741372213303,,8,1,val,current_repo_v1
2739,109.56,0.3674019884044075,,8,1,val,current_repo_v1
2740,109.6,0.6090513648923732,,8,1,val,current_repo_v1
2741,109.64,0.6847396879221642,,8,1,val,current_repo_v1
2742,109.68,0.2811244778109433,,8,1,val,current_repo_v1
2743,109.72,-0.2910536698693858,,8,1,val,current_repo_v1
2744,109.76,-0.5864948005440767,,8,1,val,current_repo_v1
2745,109.8,-0.48122186447963994,,8,1,val,current_repo_v1
2746,109.84,-0.20802798874183595,,8,1,val,current_repo_v1
2747,109.88,-0.27491790417160356,,8,1,val,current_repo_v1
2748,109.92,-0.7515991321517065,,8,1,val,current_repo_v1
2749,109.96,-0.8684280659783098,,8,1,val,current_repo_v1
2750,110.0,-0.7747955917047343,,8,1,val,current_repo_v1
2751,110.04,-0.7749367214741988,,8,1,val,current_repo_v1
2752,110.08,-0.7316443093590207,,8,1,val,current_repo_v1
2753,110.12,-0.6344182292333781,,8,1,val,current_repo_v1
2754,110.16,-0.567174099465553,,8,1,val,current_repo_v1
2755,110.2,-0.5315933600866908,,8,1,val,current_repo_v1
2756,110.24,-0.24808052821879048,,8,1,val,current_repo_v1
2757,110.28,-0.21694632100707353,,8,1,val,current_repo_v1
2758,110.32,-0.3042608146566259,,8,1,val,current_repo_v1
2759,110.36,-0.5273824184097085,,8,1,val,current_repo_v1
2760,110.4,-0.6910970850929115,,8,1,val,current_repo_v1
2761,110.44,-0.5300417879545172,,8,1,val,current_repo_v1
2762,110.48,-0.5169850033938859,,8,1,val,current_repo_v1
2763,110.52,-0.7187271577369656,,8,1,val,current_repo_v1
2764,110.56,-0.7933749694664318,,8,1,val,current_repo_v1
2765,110.6,-0.3322923230893791,,8,1,val,current_repo_v1
2766,110.64,-0.34228252882593363,,8,1,val,current_repo_v1
2767,110.68,-0.3105835352451285,,8,1,val,current_repo_v1
2768,110.72,0.29698758863466285,,8,1,val,current_repo_v1
2769,110.76,0.3509623660363084,,8,1,val,current_repo_v1
2770,110.8,0.3462422880243336,,8,1,val,current_repo_v1
2771,110.84,0.2819916062000446,,8,1,val,current_repo_v1
2772,110.88,0.10184511314295212,,8,1,val,current_repo_v1
2773,110.92,-0.033809872611850866,,8,1,val,current_repo_v1
2774,110.96,-0.20391911667590068,,8,1,val,current_repo_v1
2775,111.0,-0.03298065502887779,,8,1,val,current_repo_v1
2776,111.04,-0.024521600374521342,,8,1,val,current_repo_v1
2777,111.08,0.0882858210698335,,8,1,val,current_repo_v1
2778,111.12,0.59246904464626,,8,1,val,current_repo_v1
2779,111.16,0.8065102307322047,,8,1,val,current_repo_v1
2780,111.2,0.7575595127487581,,8,1,val,current_repo_v1
2781,111.24,0.4380965272026561,,8,1,val,current_repo_v1
2782,111.28,0.623640334061292,,8,1,val,current_repo_v1
2783,111.32,0.5841306274337312,,8,1,val,current_repo_v1
2784,111.36,0.7895034520127778,,8,1,val,current_repo_v1
2785,111.4,1.0157240659258495,,8,1,val,current_repo_v1
2786,111.44,1.0758986634084222,,8,1,val,current_repo_v1
2787,111.48,0.9306796945124968,,8,1,val,current_repo_v1
2788,111.52,0.9916074117648485,,8,1,val,current_repo_v1
2789,111.56,0.9785294577387974,,8,1,val,current_repo_v1
2790,111.6,0.9162823196972752,,8,1,val,current_repo_v1
2791,111.64,0.6893840690577898,,8,1,val,current_repo_v1
2792,111.68,0.7627179483780091,,8,1,val,current_repo_v1
2793,111.72,1.0002041392220942,,8,1,val,current_repo_v1
2794,111.76,0.8222012238231897,,8,1,val,current_repo_v1
2795,111.8,0.4400790084364953,,8,1,val,current_repo_v1
2796,111.84,0.6084606869128013,,8,1,val,current_repo_v1
2797,111.88,0.1451142798308239,,8,1,val,current_repo_v1
2798,111.92,0.05537027818459503,,8,1,val,current_repo_v1
2799,111.96,0.6842755277914809,,8,1,val,current_repo_v1
2800,112.0,0.6789758198374427,,8,1,val,current_repo_v1
2801,112.04,0.6620053214476408,,8,1,val,current_repo_v1
2802,112.08,0.758926832126353,,8,1,val,current_repo_v1
2803,112.12,0.3563415485827471,,8,1,val,current_repo_v1
2804,112.16,0.9550029826137391,,8,1,val,current_repo_v1
2805,112.2,0.8444124122634357,,8,1,val,current_repo_v1
2806,112.24,1.2213499974803346,,8,1,val,current_repo_v1
2807,112.28,0.8735982624216828,,8,1,val,current_repo_v1
2808,112.32,0.8621497870116562,,8,1,val,current_repo_v1
2809,112.36,0.9257849149525637,,8,1,val,current_repo_v1
2810,112.4,0.7748972336498133,,8,1,val,current_repo_v1
2811,112.44,1.1292187733100227,,8,1,val,current_repo_v1
2812,112.48,1.3385854990872539,,8,1,val,current_repo_v1
2813,112.52,1.556814746720889,,8,1,val,current_repo_v1
2814,112.56,2.0201992338934405,,8,1,val,current_repo_v1
2815,112.6,1.7590775131024379,,8,1,val,current_repo_v1
2816,112.64,1.2070457112908306,,8,1,val,current_repo_v1
2817,112.68,0.6761726832496997,,8,1,val,current_repo_v1
2818,112.72,1.8710088162626541,,8,1,val,current_repo_v1
2819,112.76,1.7388750004365756,,8,1,val,current_repo_v1
2820,112.8,1.711998760338914,,8,1,val,current_repo_v1
2821,112.84,2.067858757041609,,8,1,val,current_repo_v1
2822,112.88,2.2780805296443436,,8,1,val,current_repo_v1
2823,112.92,2.154923422488145,,8,1,val,current_repo_v1
2824,112.96,1.8406004829346667,,8,1,val,current_repo_v1
2825,113.0,1.5516254478642753,,8,1,val,current_repo_v1
2826,113.04,1.5525614661130673,,8,1,val,current_repo_v1
2827,113.08,1.5944633223330518,,8,1,val,current_repo_v1
2828,113.12,1.3157043719080197,,8,1,val,current_repo_v1
2829,113.16,1.2437579835435562,,8,1,val,current_repo_v1
2830,113.2,1.0390690681251216,,8,1,val,current_repo_v1
2831,113.24,1.1952275899290652,,8,1,val,current_repo_v1
2832,113.28,1.0775292111893668,,8,1,val,current_repo_v1
2833,113.32,0.8589849162925837,,8,1,val,current_repo_v1
2834,113.36,0.3794417476541274,,8,1,val,current_repo_v1
2835,113.4,0.28083352239733006,,8,1,val,current_repo_v1
2836,113.44,0.22724722606943398,,8,1,val,current_repo_v1
2837,113.48,0.05717490383396125,,8,1,val,current_repo_v1
2838,113.52,-0.11597792309867373,,8,1,val,current_repo_v1
2839,113.56,0.08916210863841777,,8,1,val,current_repo_v1
2840,113.6,0.2835175540129644,,8,1,val,current_repo_v1
2841,113.64,0.3249991927804853,,8,1,val,current_repo_v1
2842,113.68,0.6182086198784417,,8,1,val,current_repo_v1
2843,113.72,0.19258896218370805,,8,1,val,current_repo_v1
2844,113.76,-0.650559697144068,,8,1,val,current_repo_v1
2845,113.8,-1.2214331072334639,,8,1,val,current_repo_v1
2846,113.84,-1.2280385506656941,,8,1,val,current_repo_v1
2847,113.88,-0.9270680554121092,,8,1,val,current_repo_v1
2848,113.92,-0.8009110140451919,,8,1,val,current_repo_v1
2849,113.96,-2.0362244479384755,,8,1,val,current_repo_v1
2850,114.0,-2.4354447843676112,,8,1,val,current_repo_v1
2851,114.04,-2.5488349987002517,,8,1,val,current_repo_v1
2852,114.08,-0.4707115812870764,,8,1,val,current_repo_v1
2853,114.12,-0.2552518271850292,,8,1,val,current_repo_v1
2854,114.16,-1.0077853738381475,,8,1,val,current_repo_v1
2855,114.2,-1.5150500287213335,,8,1,val,current_repo_v1
2856,114.24,-0.8894508419709385,,8,1,val,current_repo_v1
2857,114.28,-1.439918669337298,,8,1,val,current_repo_v1
2858,114.32,-1.597854713459881,,8,1,val,current_repo_v1
2859,114.36,-1.6744965890431551,,8,1,val,current_repo_v1
2860,114.4,0.48837144157858353,,8,1,val,current_repo_v1
2861,114.44,-1.7992742651077103,,8,1,val,current_repo_v1
2862,114.48,-0.689724277335393,,8,1,val,current_repo_v1
2863,114.52,0.21821916184455467,,8,1,val,current_repo_v1
2864,114.56,-0.2005147530147065,,8,1,val,current_repo_v1
2865,114.6,-0.7254832108676195,,8,1,val,current_repo_v1
2866,114.64,-1.1437343264877555,,8,1,val,current_repo_v1
2867,114.68,-1.2145606576818324,,8,1,val,current_repo_v1
2868,114.72,-1.0840087782716608,,8,1,val,current_repo_v1
2869,114.76,-1.2776480880729593,,8,1,val,current_repo_v1
2870,114.8,-1.3147971498344113,,8,1,val,current_repo_v1
2871,114.84,-1.1118723565342834,,8,1,val,current_repo_v1
2872,114.88,-0.9810308047084028,,8,1,val,current_repo_v1
2873,114.92,-1.0673579601929943,,8,1,val,current_repo_v1
2874,114.96,-1.180556508894276,,8,1,val,current_repo_v1
2875,115.0,-1.1196866691029372,,8,1,val,current_repo_v1
2876,115.04,-0.963866145969095,,8,1,val,current_repo_v1
2877,115.08,-0.6695926146649084,,8,1,val,current_repo_v1
2878,115.12,-0.7878224396476003,,8,1,val,current_repo_v1
2879,115.16,-0.9575608527687914,,8,1,val,current_repo_v1
2880,115.2,-0.880891464008238,,8,1,val,current_repo_v1
2881,115.24,-0.9092579061716547,,8,1,val,current_repo_v1
2882,115.28,-0.8672726550878956,,8,1,val,current_repo_v1
2883,115.32,-1.1525378304405651,,8,1,val,current_repo_v1
2884,115.36,-1.1563505438236088,,8,1,val,current_repo_v1
2885,115.4,-1.0006001579085309,,8,1,val,current_repo_v1
2886,115.44,-1.2739740097412329,,8,1,val,current_repo_v1
2887,115.48,-1.7074824651607265,,8,1,val,current_repo_v1
2888,115.52,-1.4983952903712932,,8,1,val,current_repo_v1
2889,115.56,-1.437988470268056,,8,1,val,current_repo_v1
2890,115.6,-1.4947521465445908,,8,1,val,current_repo_v1
2891,115.64,-1.5071426275269624,,8,1,val,current_repo_v1
2892,115.68,-1.6173937736539374,,8,1,val,current_repo_v1
2893,115.72,-1.2510729248168218,,8,1,val,current_repo_v1
2894,115.76,-1.3082207876880099,,8,1,val,current_repo_v1
2895,115.8,-0.92355748803551,,8,1,val,current_repo_v1
2896,115.84,-1.0031194668487953,,8,1,val,current_repo_v1
2897,115.88,-1.2394814664181357,,8,1,val,current_repo_v1
2898,115.92,-0.9611990784368609,,8,1,val,current_repo_v1
2899,115.96,-0.6711905172769567,,8,1,val,current_repo_v1
2900,116.0,-0.947904654153303,,8,1,val,current_repo_v1
2901,116.04,-1.215762969273412,,8,1,val,current_repo_v1
2902,116.08,-1.3002941415250753,,8,1,val,current_repo_v1
2903,116.12,-1.1869258807121295,,8,1,val,current_repo_v1
2904,116.16,-0.8585613131512061,,8,1,val,current_repo_v1
2905,116.2,-0.8142938939064799,,8,1,val,current_repo_v1
2906,116.24,-0.9008475697988281,,8,1,val,current_repo_v1
2907,116.28,-0.7767265035505898,,8,1,val,current_repo_v1
2908,116.32,-0.9065942599671653,,8,1,val,current_repo_v1
2909,116.36,-1.0727309415828958,,8,1,val,current_repo_v1
2910,116.4,-0.760008827025581,,8,1,val,current_repo_v1
2911,116.44,-0.7021779103257169,,8,1,val,current_repo_v1
2912,116.48,-0.964326742216711,,8,1,val,current_repo_v1
2913,116.52,-1.212175564577882,,8,1,val,current_repo_v1
2914,116.56,-1.0632324804319655,,8,1,val,current_repo_v1
2915,116.6,-0.8161567355857502,,8,1,val,current_repo_v1
2916,116.64,-1.0800232165598536,,8,1,val,current_repo_v1
2917,116.68,-0.7593577055891879,,8,1,val,current_repo_v1
2918,116.72,-0.5581324568461873,,8,1,val,current_repo_v1
2919,116.76,-0.15784908537574127,,8,1,val,current_repo_v1
2920,116.8,0.002449841063288791,,8,1,val,current_repo_v1
2921,116.84,0.11061447509597715,,8,1,val,current_repo_v1
2922,116.88,-0.20396498385097667,,8,1,val,current_repo_v1
2923,116.92,0.01169904423249319,,8,1,val,current_repo_v1
2924,116.96,0.03858515517253792,,8,1,val,current_repo_v1
2925,117.0,0.7210387635720686,,8,1,val,current_repo_v1
2926,117.04,1.2499306290160952,,8,1,val,current_repo_v1
2927,117.08,1.3016361573328925,,8,1,val,current_repo_v1
2928,117.12,1.6414640973350636,,8,1,val,current_repo_v1
2929,117.16,1.2311208818529285,,8,1,val,current_repo_v1
2930,117.2,1.1368621620467694,,8,1,val,current_repo_v1
2931,117.24,1.4069392082092478,,8,1,val,current_repo_v1
2932,117.28,0.6701080234340993,,8,1,val,current_repo_v1
2933,117.32,-0.035539264689666686,,8,1,val,current_repo_v1
2934,117.36,-0.15926065036161652,,8,1,val,current_repo_v1
2935,117.4,0.13227871440188668,,8,1,val,current_repo_v1
2936,117.44,0.06752164043256702,,8,1,val,current_repo_v1
2937,117.48,-0.37032882737341605,,8,1,val,current_repo_v1
2938,117.52,-0.8469679302556637,,8,1,val,current_repo_v1
2939,117.56,-0.9206874217237633,,8,1,val,current_repo_v1
2940,117.6,-0.9186443901166109,,8,1,val,current_repo_v1
2941,117.64,-0.62762646599439,,8,1,val,current_repo_v1
2942,117.68,-0.5801689437384748,,8,1,val,current_repo_v1
2943,117.72,-0.3635838579191014,,8,1,val,current_repo_v1
2944,117.76,-0.299240728968047,,8,1,val,current_repo_v1
2945,117.8,-0.22441686141505687,,8,1,val,current_repo_v1
2946,117.84,0.03687274499753771,,8,1,val,current_repo_v1
2947,117.88,0.02939436404680633,,8,1,val,current_repo_v1
2948,117.92,-0.04469552178847627,,8,1,val,current_repo_v1
2949,117.96,-0.261313012214639,,8,1,val,current_repo_v1
2950,118.0,-0.12898958889967319,,8,1,val,current_repo_v1
2951,118.04,0.004734610858895107,,8,1,val,current_repo_v1
2952,118.08,-0.005915447827567362,,8,1,val,current_repo_v1
2953,118.12,0.07538317445186231,,8,1,val,current_repo_v1
2954,118.16,0.3316246295967231,,8,1,val,current_repo_v1
2955,118.2,0.5628075586538529,,8,1,val,current_repo_v1
2956,118.24,0.7241878819279838,,8,1,val,current_repo_v1
2957,118.28,0.9710077399699679,,8,1,val,current_repo_v1
2958,118.32,1.4338813088659932,,8,1,val,current_repo_v1
2959,118.36,1.2272690370338057,,8,1,val,current_repo_v1
2960,118.4,1.1880416612228353,,8,1,val,current_repo_v1
2961,118.44,1.1251437581332266,,8,1,val,current_repo_v1
2962,118.48,1.1929861925903877,,8,1,val,current_repo_v1
2963,118.52,1.3107568468786905,,8,1,val,current_repo_v1
2964,118.56,1.117787760927026,,8,1,val,current_repo_v1
2965,118.6,0.49852473060429703,,8,1,val,current_repo_v1
2966,118.64,0.7689767685431153,,8,1,val,current_repo_v1
2967,118.68,1.206391810025645,,8,1,val,current_repo_v1
2968,118.72,1.3347044304269795,,8,1,val,current_repo_v1
2969,118.76,0.8113856940459132,,8,1,val,current_repo_v1
2970,118.8,0.865701267765868,,8,1,val,current_repo_v1
2971,118.84,0.5173838375479458,,8,1,val,current_repo_v1
2972,118.88,0.9561832694079627,,8,1,val,current_repo_v1
2973,118.92,0.966246606025058,,8,1,val,current_repo_v1
2974,118.96,0.8362233930290874,,8,1,val,current_repo_v1
2975,119.0,0.8902098065089478,,8,1,val,current_repo_v1
2976,119.04,0.6769589471320043,,8,1,val,current_repo_v1
2977,119.08,1.0453663782273546,,8,1,val,current_repo_v1
2978,119.12,0.48712058989962753,,8,1,val,current_repo_v1
2979,119.16,0.20392766999526218,,8,1,val,current_repo_v1
2980,119.2,0.4271095746498431,,8,1,val,current_repo_v1
2981,119.24,0.6676269193203161,,8,1,val,current_repo_v1
2982,119.28,0.8474970956134943,,8,1,val,current_repo_v1
2983,119.32,0.40033668716113263,,8,1,val,current_repo_v1
2984,119.36,0.37083707273764166,,8,1,val,current_repo_v1
2985,119.4,0.41622294540537425,,8,1,val,current_repo_v1
2986,119.44,0.42853509223792685,,8,1,val,current_repo_v1
2987,119.48,0.35718650961916987,,8,1,val,current_repo_v1
2988,119.52,1.0143348643062213,,8,1,val,current_repo_v1
2989,119.56,0.9990793064483974,,8,1,val,current_repo_v1
2990,119.6,0.9299913661368812,,8,1,val,current_repo_v1
2991,119.64,1.213617369111583,,8,1,val,current_repo_v1
2992,119.68,0.8493932239606131,,8,1,val,current_repo_v1
2993,119.72,0.5533159757972425,,8,1,val,current_repo_v1
2994,119.76,0.5947037418847709,,8,1,val,current_repo_v1
2995,119.8,0.6291478876758144,,8,1,val,current_repo_v1
2996,119.84,0.3301556326352185,,8,1,val,current_repo_v1
2997,119.88,0.3865599269432482,,8,1,val,current_repo_v1
2998,119.92,0.569453131409421,,8,1,val,current_repo_v1
2999,119.96,0.5267225654598005,,8,1,val,current_repo_v1
3000,120.0,0.6027762221428189,,8,1,val,current_repo_v1
3001,120.04,0.722157323911567,,8,1,val,current_repo_v1
3002,120.08,0.7141941835860234,,8,1,val,current_repo_v1
3003,120.12,0.9515870006937455,,8,1,val,current_repo_v1
3004,120.16,0.4462003696316962,,8,1,val,current_repo_v1
3005,120.2,0.011710341741816488,,8,1,val,current_repo_v1
3006,120.24,-0.14585719798532265,,8,1,val,current_repo_v1
3007,120.28,0.42446528033040903,,8,1,val,current_repo_v1
3008,120.32,0.6477995409861165,,8,1,val,current_repo_v1
3009,120.36,0.3970807948685216,,8,1,val,current_repo_v1
3010,120.4,0.36058538490044045,,8,1,val,current_repo_v1
3011,120.44,0.4969281466289836,,8,1,val,current_repo_v1
3012,120.48,0.3864471656829993,,8,1,val,current_repo_v1
3013,120.52,0.631014079405168,,8,1,val,current_repo_v1
3014,120.56,0.48453310387628595,,8,1,val,current_repo_v1
3015,120.6,0.41598765784527203,,8,1,val,current_repo_v1
3016,120.64,0.2769930107263614,,8,1,val,current_repo_v1
3017,120.68,0.454490959533462,,8,1,val,current_repo_v1
3018,120.72,0.32796587596218607,,8,1,val,current_repo_v1
3019,120.76,0.01800996836804306,,8,1,val,current_repo_v1
3020,120.8,0.1294302095826971,,8,1,val,current_repo_v1
3021,120.84,0.2470710761593971,,8,1,val,current_repo_v1
3022,120.88,0.6262801735268921,,8,1,val,current_repo_v1
3023,120.92,0.3583153695807327,,8,1,val,current_repo_v1
3024,120.96,0.6054188414372114,,8,1,val,current_repo_v1
3025,121.0,0.22470984824201845,,8,1,val,current_repo_v1
3026,121.04,0.49925062230744177,,8,1,val,current_repo_v1
3027,121.08,0.4091837417650245,,8,1,val,current_repo_v1
3028,121.12,0.31863210184779495,,8,1,val,current_repo_v1
3029,121.16,0.18760879198548275,,8,1,val,current_repo_v1
3030,121.2,0.44246891278258654,,8,1,val,current_repo_v1
3031,121.24,0.011842454887120775,,8,1,val,current_repo_v1
3032,121.28,0.16750396535449483,,8,1,val,current_repo_v1
3033,121.32,0.6018062757272263,,8,1,val,current_repo_v1
3034,121.36,0.6395342546541284,,8,1,val,current_repo_v1
3035,121.4,0.7005370985615383,,8,1,val,current_repo_v1
3036,121.44,0.7404915065182353,,8,1,val,current_repo_v1
3037,121.48,0.31458962492340325,,8,1,val,current_repo_v1
3038,121.52,0.21995719633880867,,8,1,val,current_repo_v1
3039,121.56,0.1973410082267964,,8,1,val,current_repo_v1
3040,121.6,0.18891545407327243,,8,1,val,current_repo_v1
3041,121.64,0.435676543683477,,8,1,val,current_repo_v1
3042,121.68,0.16765535910719312,,8,1,val,current_repo_v1
3043,121.72,0.1606377882370618,,8,1,val,current_repo_v1
3044,121.76,0.4687891158440904,,8,1,val,current_repo_v1
3045,121.8,0.7301074917027457,,8,1,val,current_repo_v1
3046,121.84,0.6061177189067062,,8,1,val,current_repo_v1
3047,121.88,1.0090249636466109,,8,1,val,current_repo_v1
3048,121.92,1.1871129132955005,,8,1,val,current_repo_v1
3049,121.96,1.4494922571432869,,8,1,val,current_repo_v1
3050,122.0,1.276498807061421,,8,1,val,current_repo_v1
3051,122.04,1.1692870829695499,,8,1,val,current_repo_v1
3052,122.08,0.5823408097185095,,8,1,val,current_repo_v1
3053,122.12,0.2626563110203604,,8,1,val,current_repo_v1
3054,122.16,0.5280118714370524,,8,1,val,current_repo_v1
3055,122.2,0.7451254098376431,,8,1,val,current_repo_v1
3056,122.24,0.14993086779626077,,8,1,val,current_repo_v1
3057,122.28,-0.12914632847697244,,8,1,val,current_repo_v1
3058,122.32,0.22960136684894503,,8,1,val,current_repo_v1
3059,122.36,-0.361129803677799,,8,1,val,current_repo_v1
3060,122.4,-0.447367683891555,,8,1,val,current_repo_v1
3061,122.44,-0.17500260698046372,,8,1,val,current_repo_v1
3062,122.48,-0.266231830165861,,8,1,val,current_repo_v1
3063,122.52,-0.09250153835012599,,8,1,val,current_repo_v1
3064,122.56,-0.35842274937755,,8,1,val,current_repo_v1
3065,122.6,-0.30033961667301395,,8,1,val,current_repo_v1
3066,122.64,-0.518468434081813,,8,1,val,current_repo_v1
3067,122.68,-0.5175492373610986,,8,1,val,current_repo_v1
3068,122.72,-0.25770064251822267,,8,1,val,current_repo_v1
3069,122.76,-0.14134149084784137,,8,1,val,current_repo_v1
3070,122.8,-0.6267352101169231,,8,1,val,current_repo_v1
3071,122.84,-1.0881540019448823,,8,1,val,current_repo_v1
3072,122.88,-1.0354727537219235,,8,1,val,current_repo_v1
3073,122.92,-0.7714577301015757,,8,1,val,current_repo_v1
3074,122.96,-0.5891775848006374,,8,1,val,current_repo_v1
3075,123.0,-0.8445653028470222,,8,1,val,current_repo_v1
3076,123.04,-0.8364619593616116,,8,1,val,current_repo_v1
3077,123.08,-1.1069229782857595,,8,1,val,current_repo_v1
3078,123.12,-1.013397563059525,,8,1,val,current_repo_v1
3079,123.16,-1.019921037181208,,8,1,val,current_repo_v1
3080,123.2,-0.8226197662506118,,8,1,val,current_repo_v1
3081,123.24,-0.7868800064092873,,8,1,val,current_repo_v1
3082,123.28,-0.7161341476948697,,8,1,val,current_repo_v1
3083,123.32,-1.013437763660524,,8,1,val,current_repo_v1
3084,123.36,-1.2541900395027927,,8,1,val,current_repo_v1
3085,123.4,-0.7554501929165544,,8,1,val,current_repo_v1
3086,123.44,-0.5902446113909828,,8,1,val,current_repo_v1
3087,123.48,-0.7984932044946838,,8,1,val,current_repo_v1
3088,123.52,-0.8061911919200213,,8,1,val,current_repo_v1
3089,123.56,-0.6132117707074615,,8,1,val,current_repo_v1
3090,123.6,-0.9258667417077885,,8,1,val,current_repo_v1
3091,123.64,-0.9557613056527962,,8,1,val,current_repo_v1
3092,123.68,-0.9001608808094235,,8,1,val,current_repo_v1
3093,123.72,-0.8894715837703902,,8,1,val,current_repo_v1
3094,123.76,-1.1013783602873373,,8,1,val,current_repo_v1
3095,123.8,-1.2556284227087493,,8,1,val,current_repo_v1
3096,123.84,-1.077424931970818,,8,1,val,current_repo_v1
3097,123.88,-0.9000856828767037,,8,1,val,current_repo_v1
3098,123.92,-0.8952316741390602,,8,1,val,current_repo_v1
3099,123.96,-0.985018861138357,,8,1,val,current_repo_v1
3100,124.0,-1.0013999645464913,,8,1,val,current_repo_v1
3101,124.04,-1.0420723523859234,,8,1,val,current_repo_v1
3102,124.08,-1.156534083801574,,8,1,val,current_repo_v1
3103,124.12,-1.1272931360111067,,8,1,val,current_repo_v1
3104,124.16,-1.0252895280784449,,8,1,val,current_repo_v1
3105,124.2,-0.9578434686960272,,8,1,val,current_repo_v1
3106,124.24,-1.180651094350882,,8,1,val,current_repo_v1
3107,124.28,-1.034209642285216,,8,1,val,current_repo_v1
3108,124.32,-1.4983853114987047,,8,1,val,current_repo_v1
3109,124.36,-1.4788918690079098,,8,1,val,current_repo_v1
3110,124.4,-1.294425994221805,,8,1,val,current_repo_v1
3111,124.44,-1.4655630888915832,,8,1,val,current_repo_v1
3112,124.48,-1.4440912636324763,,8,1,val,current_repo_v1
3113,124.52,-1.6285398892245353,,8,1,val,current_repo_v1
3114,124.56,-1.5684895999833495,,8,1,val,current_repo_v1
3115,124.6,-1.3034175286452447,,8,1,val,current_repo_v1
3116,124.64,-1.2681412161579901,,8,1,val,current_repo_v1
3117,124.68,-1.2506743401345766,,8,1,val,current_repo_v1
3118,124.72,-1.07148486550725,,8,1,val,current_repo_v1
3119,124.76,-1.3217768009887068,,8,1,val,current_repo_v1
3120,124.8,-1.3165961980067773,,8,1,val,current_repo_v1
3121,124.84,-1.119675478510106,,8,1,val,current_repo_v1
3122,124.88,-0.6304457826112585,,8,1,val,current_repo_v1
3123,124.92,-0.47452290475572395,,8,1,val,current_repo_v1
3124,124.96,-0.5920690344107878,,8,1,val,current_repo_v1
3125,125.0,-0.8957812249080358,,8,1,val,current_repo_v1
3126,125.04,-0.7373050386677749,,8,1,val,current_repo_v1
3127,125.08,-0.7484555734533763,,8,1,val,current_repo_v1
3128,125.12,-1.0356820249356344,,8,1,val,current_repo_v1
3129,125.16,-1.026826987233672,,8,1,val,current_repo_v1
3130,125.2,-0.35151131094516247,,8,1,val,current_repo_v1
3131,125.24,-0.43259781201814074,,8,1,val,current_repo_v1
3132,125.28,-0.8922703011431298,,8,1,val,current_repo_v1
3133,125.32,-1.145241136248604,,8,1,val,current_repo_v1
3134,125.36,-1.2347395061641278,,8,1,val,current_repo_v1
3135,125.4,-1.320370777841001,,8,1,val,current_repo_v1
3136,125.44,-1.5055746615326793,,8,1,val,current_repo_v1
3137,125.48,-1.3616411139814626,,8,1,val,current_repo_v1
3138,125.52,-1.526782759444807,,8,1,val,current_repo_v1
3139,125.56,-1.4645376884554637,,8,1,val,current_repo_v1
3140,125.6,-1.363171017704587,,8,1,val,current_repo_v1
3141,125.64,-1.2450064830596876,,8,1,val,current_repo_v1
3142,125.68,-1.0454391527195885,,8,1,val,current_repo_v1
3143,125.72,-0.9411235825635168,,8,1,val,current_repo_v1
3144,125.76,-0.5525099680027451,,8,1,val,current_repo_v1
3145,125.8,-0.7806549005779977,,8,1,val,current_repo_v1
3146,125.84,-0.6658101230102752,,8,1,val,current_repo_v1
3147,125.88,-0.7084463529751046,,8,1,val,current_repo_v1
3148,125.92,-0.915831987432893,,8,1,val,current_repo_v1
3149,125.96,-1.138209024735558,,8,1,val,current_repo_v1
3150,126.0,-1.145106136358015,,8,1,val,current_repo_v1
3151,126.04,-0.9765849318596249,,8,1,val,current_repo_v1
3152,126.08,-0.9033353027351163,,8,1,val,current_repo_v1
3153,126.12,-1.0410510147765006,,8,1,val,current_repo_v1
3154,126.16,-1.1119715037612152,,8,1,val,current_repo_v1
3155,126.2,-1.0601865721296788,,8,1,val,current_repo_v1
3156,126.24,-0.7581776326279482,,8,1,val,current_repo_v1
3157,126.28,-0.9586347932922874,,8,1,val,current_repo_v1
3158,126.32,-1.105099695708536,,8,1,val,current_repo_v1
3159,126.36,-1.5727090949796934,,8,1,val,current_repo_v1
3160,126.4,-1.4010704906846867,,8,1,val,current_repo_v1
3161,126.44,-1.0727881775449564,,8,1,val,current_repo_v1
3162,126.48,-0.4085011868799779,,8,1,val,current_repo_v1
3163,126.52,-0.29748662136115955,,8,1,val,current_repo_v1
3164,126.56,-0.3277000459241972,,8,1,val,current_repo_v1
3165,126.6,-0.02309718313533468,,8,1,val,current_repo_v1
3166,126.64,-0.15295036772501877,,8,1,val,current_repo_v1
3167,126.68,0.020233598635916627,,8,1,val,current_repo_v1
3168,126.72,-0.24991427079281645,,8,1,val,current_repo_v1
3169,126.76,-0.2992407646068777,,8,1,val,current_repo_v1
3170,126.8,-0.20973451850977512,,8,1,val,current_repo_v1
3171,126.84,-0.3406079314502773,,8,1,val,current_repo_v1
3172,126.88,-0.5857253938286803,,8,1,val,current_repo_v1
3173,126.92,-1.1497577165374366,,8,1,val,current_repo_v1
3174,126.96,-1.473130638196658,,8,1,val,current_repo_v1
3175,127.0,-1.3103648197412892,,8,1,val,current_repo_v1
3176,127.04,-1.331413968468616,,8,1,val,current_repo_v1
3177,127.08,-1.1904374459759877,,8,1,val,current_repo_v1
3178,127.12,-0.7178510840013654,,8,1,val,current_repo_v1
3179,127.16,-1.0506027916181178,,8,1,val,current_repo_v1
3180,127.2,-1.1474468947566085,,8,1,val,current_repo_v1
3181,127.24,-1.0358645670263409,,8,1,val,current_repo_v1
3182,127.28,-1.3047820681940472,,8,1,val,current_repo_v1
3183,127.32,-1.1798480089404997,,8,1,val,current_repo_v1
3184,127.36,-1.0511091481243175,,8,1,val,current_repo_v1
3185,127.4,-0.8495967929614164,,8,1,val,current_repo_v1
3186,127.44,-1.2942631960432915,,8,1,val,current_repo_v1
3187,127.48,-1.267789674732233,,8,1,val,current_repo_v1
3188,127.52,-1.2484899649249757,,8,1,val,current_repo_v1
3189,127.56,-1.5035309884265748,,8,1,val,current_repo_v1
3190,127.6,-1.5780142913136552,,8,1,val,current_repo_v1
3191,127.64,-1.5965815518729238,,8,1,val,current_repo_v1
3192,127.68,-1.480169164699225,,8,1,val,current_repo_v1
3193,127.72,-1.5580736527755772,,8,1,val,current_repo_v1
3194,127.76,-1.3799791455818435,,8,1,val,current_repo_v1
3195,127.8,-1.24826985950674,,8,1,val,current_repo_v1
3196,127.84,-1.2016414390075982,,8,1,val,current_repo_v1
3197,127.88,-1.421260173371507,,8,1,val,current_repo_v1
3198,127.92,-1.4313509518882201,,8,1,val,current_repo_v1
3199,127.96,-1.5822483269529135,,8,1,val,current_repo_v1
3200,128.0,-1.2894054808672581,,8,1,val,current_repo_v1
3201,128.04,-1.6250474263739179,,8,1,val,current_repo_v1
3202,128.08,-1.5885930366999412,,8,1,val,current_repo_v1
3203,128.12,-1.332353978266443,,8,1,val,current_repo_v1
3204,128.16,-1.5600742741742286,,8,1,val,current_repo_v1
3205,128.2,-1.1647206795954366,,8,1,val,current_repo_v1
3206,128.24,-1.1081910078810997,,8,1,val,current_repo_v1
3207,128.28,-1.2358346161530434,,8,1,val,current_repo_v1
3208,128.32,-1.3436799986542778,,8,1,val,current_repo_v1
3209,128.36,-1.4845597260827985,,8,1,val,current_repo_v1
3210,128.4,-1.4027646181395519,,8,1,val,current_repo_v1
3211,128.44,-1.301229874663222,,8,1,val,current_repo_v1
3212,128.48,-1.4288865980248533,,8,1,val,current_repo_v1
3213,128.52,-1.4947856470454233,,8,1,val,current_repo_v1
3214,128.56,-1.7356569565821391,,8,1,val,current_repo_v1
3215,128.6,-1.6177046868127274,,8,1,val,current_repo_v1
3216,128.64,-1.3670751803271375,,8,1,val,current_repo_v1
3217,128.68,-1.3907923944739569,,8,1,val,current_repo_v1
3218,128.72,-1.5150913697649142,,8,1,val,current_repo_v1
3219,128.76,-1.4844272921880182,,8,1,val,current_repo_v1
3220,128.8,-1.3440027439048512,,8,1,val,current_repo_v1
3221,128.84,-1.2867023468383831,,8,1,val,current_repo_v1
3222,128.88,-1.2112720489426636,,8,1,val,current_repo_v1
3223,128.92,-1.3126069298565801,,8,1,val,current_repo_v1
3224,128.96,-1.1029650723065545,,8,1,val,current_repo_v1
3225,129.0,-1.1870734967487764,,8,1,val,current_repo_v1
3226,129.04,-1.2140962124405037,,8,1,val,current_repo_v1
3227,129.08,-1.222374542584518,,8,1,val,current_repo_v1
3228,129.12,-1.4546069995661328,,8,1,val,current_repo_v1
3229,129.16,-1.1844213262477636,,8,1,val,current_repo_v1
3230,129.2,-1.2565861093665904,,8,1,val,current_repo_v1
3231,129.24,-1.3547247573904422,,8,1,val,current_repo_v1
3232,129.28,-1.4506825940877603,,8,1,val,current_repo_v1
3233,129.32,-1.3982548805062083,,8,1,val,current_repo_v1
3234,129.36,-1.4167634082725282,,8,1,val,current_repo_v1
3235,129.4,-1.2173192457312343,,8,1,val,current_repo_v1
3236,129.44,-1.5713424171010506,,8,1,val,current_repo_v1
3237,129.48,-1.1694359107264398,,8,1,val,current_repo_v1
3238,129.52,-1.2540972359877205,,8,1,val,current_repo_v1
3239,129.56,-1.193594048486344,,8,1,val,current_repo_v1
3240,129.6,-1.4762889513708868,,8,1,val,current_repo_v1
3241,129.64,-1.2626819175201989,,8,1,val,current_repo_v1
3242,129.68,-1.3172613611424555,,8,1,val,current_repo_v1
3243,129.72,-1.2359763161437987,,8,1,val,current_repo_v1
3244,129.76,-1.1528863782045455,,8,1,val,current_repo_v1
3245,129.8,-1.2792495545680749,,8,1,val,current_repo_v1
3246,129.84,-1.0708422973902183,,8,1,val,current_repo_v1
3247,129.88,-1.0672034302231967,,8,1,val,current_repo_v1
3248,129.92,-1.3028230729496215,,8,1,val,current_repo_v1
3249,129.96,-1.1984060034037933,,8,1,val,current_repo_v1
3250,130.0,-1.3983716333154925,,8,1,val,current_repo_v1
3251,130.04,-1.5616594893625575,,8,1,val,current_repo_v1
3252,130.08,-1.60959357406223,,8,1,val,current_repo_v1
3253,130.12,-1.5931009211140899,,8,1,val,current_repo_v1
3254,130.16,-1.277313653285925,,8,1,val,current_repo_v1
3255,130.2,-1.371175499073711,,8,1,val,current_repo_v1
3256,130.24,-1.2235911097083667,,8,1,val,current_repo_v1
3257,130.28,-1.2550902763655891,,8,1,val,current_repo_v1
3258,130.32,-1.1893535978575647,,8,1,val,current_repo_v1
3259,130.36,-1.3303559228636,,8,1,val,current_repo_v1
3260,130.4,-1.418910291432261,,8,1,val,current_repo_v1
3261,130.44,-1.4666162876156275,,8,1,val,current_repo_v1
3262,130.48,-1.2589422637400345,,8,1,val,current_repo_v1
3263,130.52,-1.673742186275472,,8,1,val,current_repo_v1
3264,130.56,-1.5377907389077168,,8,1,val,current_repo_v1
3265,130.6,-1.3353379462810202,,8,1,val,current_repo_v1
3266,130.64,-1.2400904627566736,,8,1,val,current_repo_v1
3267,130.68,-1.2232552493681057,,8,1,val,current_repo_v1
3268,130.72,-1.1455701539333758,,8,1,val,current_repo_v1
3269,130.76,-1.1470990597692414,,8,1,val,current_repo_v1
3270,130.8,-1.0828294893646957,,8,1,val,current_repo_v1
3271,130.84,-1.0017445207614364,,8,1,val,current_repo_v1
3272,130.88,-1.2108170123526325,,8,1,val,current_repo_v1
3273,130.92,-1.1469123122965157,,8,1,val,current_repo_v1
3274,130.96,-1.2145516766965028,,8,1,val,current_repo_v1
3275,131.0,-1.310099239175115,,8,1,val,current_repo_v1
3276,131.04,-0.8814195602011484,,8,1,val,current_repo_v1
3277,131.08,-1.1782260857565778,,8,1,val,current_repo_v1
3278,131.12,-1.1012677373569288,,8,1,val,current_repo_v1
3279,131.16,-0.840915173809508,,8,1,val,current_repo_v1
3280,131.2,-1.178194153364295,,8,1,val,current_repo_v1
3281,131.24,-1.3078874933435574,,8,1,val,current_repo_v1
3282,131.28,-1.08293405369389,,8,1,val,current_repo_v1
3283,131.32,-0.7429676924733855,,8,1,val,current_repo_v1
3284,131.36,-0.7194510536655927,,8,1,val,current_repo_v1
3285,131.4,-0.900969597155052,,8,1,val,current_repo_v1
3286,131.44,-1.6546427666965962,,8,1,val,current_repo_v1
3287,131.48,-1.2742842101234095,,8,1,val,current_repo_v1
3288,131.52,-0.8195057877817401,,8,1,val,current_repo_v1
3289,131.56,-0.9505561831553637,,8,1,val,current_repo_v1
3290,131.6,-0.9409168773456142,,8,1,val,current_repo_v1
3291,131.64,-0.6504280473035625,,8,1,val,current_repo_v1
3292,131.68,-0.681770545661147,,8,1,val,current_repo_v1
3293,131.72,-0.5651995656909539,,8,1,val,current_repo_v1
3294,131.76,-0.862269319649733,,8,1,val,current_repo_v1
3295,131.8,-1.1738922613914355,,8,1,val,current_repo_v1
3296,131.84,-1.0162709794213551,,8,1,val,current_repo_v1
3297,131.88,-1.0744632738642421,,8,1,val,current_repo_v1
3298,131.92,-1.1946575111936222,,8,1,val,current_repo_v1
3299,131.96,-1.0534638056668735,,8,1,val,current_repo_v1
3300,132.0,-1.110310520418876,,8,1,val,current_repo_v1
3301,132.04,-1.0024838126649143,,8,1,val,current_repo_v1
3302,132.08,-0.8201940448796944,,8,1,val,current_repo_v1
3303,132.12,-1.16719280272389,,8,1,val,current_repo_v1
3304,132.16,-1.3614781732476262,,8,1,val,current_repo_v1
3305,132.2,-1.3195187246772744,,8,1,val,current_repo_v1
3306,132.24,-1.0413819569581289,,8,1,val,current_repo_v1
3307,132.28,-1.3134311847323819,,8,1,val,current_repo_v1
3308,132.32,-1.062539661563685,,8,1,val,current_repo_v1
3309,132.36,-0.8021327131606575,,8,1,val,current_repo_v1
3310,132.4,-0.6251491395966583,,8,1,val,current_repo_v1
3311,132.44,0.019406403556584236,,8,1,val,current_repo_v1
3312,132.48,0.32350004536823146,,8,1,val,current_repo_v1
3313,132.52,0.07049575431046311,,8,1,val,current_repo_v1
3314,132.56,-0.6786999752880348,,8,1,val,current_repo_v1
3315,132.6,-0.5654090507376489,,8,1,val,current_repo_v1
3316,132.64,-0.26122231139057656,,8,1,val,current_repo_v1
3317,132.68,-0.5462467642614661,,8,1,val,current_repo_v1
3318,132.72,-0.778941243043924,,8,1,val,current_repo_v1
3319,132.76,-1.0973287199579804,,8,1,val,current_repo_v1
3320,132.8,-1.4403171114642206,,8,1,val,current_repo_v1
3321,132.84,-1.1493601297424503,,8,1,val,current_repo_v1
3322,132.88,-0.9319616945294609,,8,1,val,current_repo_v1
3323,132.92,-1.0775627829678607,,8,1,val,current_repo_v1
3324,132.96,-1.1118491200166847,,8,1,val,current_repo_v1
3325,133.0,-0.7774906000802159,,8,1,val,current_repo_v1
3326,133.04,-0.6260076790275674,,8,1,val,current_repo_v1
3327,133.08,-0.8212343423470351,,8,1,val,current_repo_v1
3328,133.12,-0.645517729213456,,8,1,val,current_repo_v1
3329,133.16,-0.6442008031424326,,8,1,val,current_repo_v1
3330,133.2,-0.5452930691526604,,8,1,val,current_repo_v1
3331,133.24,-0.5921075243479146,,8,1,val,current_repo_v1
3332,133.28,-0.9121097254020969,,8,1,val,current_repo_v1
3333,133.32,-0.7635975859966766,,8,1,val,current_repo_v1
3334,133.36,-1.3420066842765257,,8,1,val,current_repo_v1
3335,133.4,-1.2422612952106187,,8,1,val,current_repo_v1
3336,133.44,-0.9365140562042892,,8,1,val,current_repo_v1
3337,133.48,-0.6015578730774366,,8,1,val,current_repo_v1
3338,133.52,-0.8019575126690697,,8,1,val,current_repo_v1
3339,133.56,-0.883201002791162,,8,1,val,current_repo_v1
3340,133.6,-0.9209966954963423,,8,1,val,current_repo_v1
3341,133.64,-1.1037675874956459,,8,1,val,current_repo_v1
3342,133.68,-1.1310235236952964,,8,1,val,current_repo_v1
3343,133.72,-0.6729108036335356,,8,1,val,current_repo_v1
3344,133.76,-1.2782260073511502,,8,1,val,current_repo_v1
3345,133.8,-1.1695944322452727,,8,1,val,current_repo_v1
3346,133.84,-1.1406862085779672,,8,1,val,current_repo_v1
3347,133.88,-1.0470432564881738,,8,1,val,current_repo_v1
3348,133.92,-1.1677979500687152,,8,1,val,current_repo_v1
3349,133.96,-1.0336227420216955,,8,1,val,current_repo_v1
3350,134.0,-1.144804275462216,,8,1,val,current_repo_v1
3351,134.04,-1.2637828722773448,,8,1,val,current_repo_v1
3352,134.08,-1.0297994082671111,,8,1,val,current_repo_v1
3353,134.12,-1.2238029469178862,,8,1,val,current_repo_v1
3354,134.16,-1.0337655824550323,,8,1,val,current_repo_v1
3355,134.2,-0.7996677890759999,,8,1,val,current_repo_v1
3356,134.24,-0.9308171891212327,,8,1,val,current_repo_v1
3357,134.28,-0.6676983395369845,,8,1,val,current_repo_v1
3358,134.32,-0.9449330171741387,,8,1,val,current_repo_v1
3359,134.36,-1.0591898965910818,,8,1,val,current_repo_v1
3360,134.4,-0.9718093285494618,,8,1,val,current_repo_v1
3361,134.44,-0.8149343236936711,,8,1,val,current_repo_v1
3362,134.48,-0.8881075431652171,,8,1,val,current_repo_v1
3363,134.52,-0.8867355907396347,,8,1,val,current_repo_v1
3364,134.56,-0.7821086797588049,,8,1,val,current_repo_v1
3365,134.6,-1.2524802309624317,,8,1,val,current_repo_v1
3366,134.64,-0.9974487586674528,,8,1,val,current_repo_v1
3367,134.68,-0.9265579924675194,,8,1,val,current_repo_v1
3368,134.72,-1.0207873458772039,,8,1,val,current_repo_v1
3369,134.76,-1.0847247623798784,,8,1,val,current_repo_v1
3370,134.8,-0.8178378905062503,,8,1,val,current_repo_v1
3371,134.84,-0.7392733000081756,,8,1,val,current_repo_v1
3372,134.88,-0.9301260096391633,,8,1,val,current_repo_v1
3373,134.92,-0.7052546105777048,,8,1,val,current_repo_v1
3374,134.96,-0.9283648099049719,,8,1,val,current_repo_v1
3375,135.0,-1.1484936072134704,,8,1,val,current_repo_v1
3376,135.04,-0.7206944924677687,,8,1,val,current_repo_v1
3377,135.08,-0.6322046301826255,,8,1,val,current_repo_v1
3378,135.12,-0.6644735955823816,,8,1,val,current_repo_v1
3379,135.16,-0.7636413504807429,,8,1,val,current_repo_v1
3380,135.2,-0.9885900145271002,,8,1,val,current_repo_v1
3381,135.24,-0.8370856388983866,,8,1,val,current_repo_v1
3382,135.28,-0.7798533119985037,,8,1,val,current_repo_v1
3383,135.32,-0.5747139573991951,,8,1,val,current_repo_v1
3384,135.36,-0.6753444368248624,,8,1,val,current_repo_v1
3385,135.4,-0.34723105174252145,,8,1,val,current_repo_v1
3386,135.44,-0.6507275560365372,,8,1,val,current_repo_v1
3387,135.48,-0.6619718922244696,,8,1,val,current_repo_v1
3388,135.52,-0.8027253156370858,,8,1,val,current_repo_v1
3389,135.56,-0.5823811885136619,,8,1,val,current_repo_v1
3390,135.6,-0.6423008258016011,,8,1,val,current_repo_v1
3391,135.64,-0.6163591783995043,,8,1,val,current_repo_v1
3392,135.68,-0.535446559181379,,8,1,val,current_repo_v1
3393,135.72,-0.7368405934264461,,8,1,val,current_repo_v1
3394,135.76,-0.8074825293106217,,8,1,val,current_repo_v1
3395,135.8,-0.7863381536277372,,8,1,val,current_repo_v1
3396,135.84,-0.3953272931217556,,8,1,val,current_repo_v1
3397,135.88,-0.5679636421202795,,8,1,val,current_repo_v1
3398,135.92,-0.2967548136121231,,8,1,val,current_repo_v1
3399,135.96,-0.3119894514763421,,8,1,val,current_repo_v1
3400,136.0,-0.29623719523543046,,8,1,val,current_repo_v1
3401,136.04,0.2231669007068677,,8,1,val,current_repo_v1
3402,136.08,0.19127647314710333,,8,1,val,current_repo_v1
3403,136.12,0.6320110400544106,,8,1,val,current_repo_v1
3404,136.16,-0.0641041438622699,,8,1,val,current_repo_v1
3405,136.2,0.11525076621704006,,8,1,val,current_repo_v1
3406,136.24,-0.3566429461737474,,8,1,val,current_repo_v1
3407,136.28,0.24595080515602644,,8,1,val,current_repo_v1
3408,136.32,0.36854300120722977,,8,1,val,current_repo_v1
3409,136.36,-0.19792972607068135,,8,1,val,current_repo_v1
3410,136.4,-0.8242018452218414,,8,1,val,current_repo_v1
3411,136.44,-0.7778184773224062,,8,1,val,current_repo_v1
3412,136.48,-0.5529154666181408,,8,1,val,current_repo_v1
3413,136.52,-1.098088397272603,,8,1,val,current_repo_v1
3414,136.56,0.03635154491836249,,8,1,val,current_repo_v1
3415,136.6,1.0526793237261025,,8,1,val,current_repo_v1
3416,136.64,0.9364866855823324,,8,1,val,current_repo_v1
3417,136.68,0.222115483924357,,8,1,val,current_repo_v1
3418,136.72,-0.12591144527504303,,8,1,val,current_repo_v1
3419,136.76,0.062087182059754775,,8,1,val,current_repo_v1
3420,136.8,-0.05005307156469649,,8,1,val,current_repo_v1
3421,136.84,-0.16668919040765193,,8,1,val,current_repo_v1
3422,136.88,-0.933119386305038,,8,1,val,current_repo_v1
3423,136.92,-1.3091049157993422,,8,1,val,current_repo_v1
3424,136.96,-1.022322524147268,,8,1,val,current_repo_v1
3425,137.0,-0.37467587374473804,,8,1,val,current_repo_v1
3426,137.04,-0.7307716569511651,,8,1,val,current_repo_v1
3427,137.08,-1.2204279496531665,,8,1,val,current_repo_v1
3428,137.12,-1.1358749664371313,,8,1,val,current_repo_v1
3429,137.16,-0.9747212348484184,,8,1,val,current_repo_v1
3430,137.2,-0.7929770975608,,8,1,val,current_repo_v1
3431,137.24,0.46035237109773514,,8,1,val,current_repo_v1
3432,137.28,1.1216724647480287,,8,1,val,current_repo_v1
3433,137.32,1.1747138789937674,,8,1,val,current_repo_v1
3434,137.36,1.2842619422692285,,8,1,val,current_repo_v1
3435,137.4,1.4734636474304652,,8,1,val,current_repo_v1
3436,137.44,1.8866830591032229,,8,1,val,current_repo_v1
3437,137.48,1.4520325929936482,,8,1,val,current_repo_v1
3438,137.52,1.6348193086337706,,8,1,val,current_repo_v1
3439,137.56,2.3821316596768227,,8,1,val,current_repo_v1
3440,137.6,2.377517143881301,,8,1,val,current_repo_v1
3441,137.64,2.3600442805343342,,8,1,val,current_repo_v1
3442,137.68,2.3433201177421434,,8,1,val,current_repo_v1
3443,137.72,1.8984651139683475,,8,1,val,current_repo_v1
3444,137.76,2.0409696869649054,,8,1,val,current_repo_v1
3445,137.8,1.7353908057946743,,8,1,val,current_repo_v1
3446,137.84,1.700301383335468,,8,1,val,current_repo_v1
3447,137.88,1.4524283265694398,,8,1,val,current_repo_v1
3448,137.92,1.1844774217672427,,8,1,val,current_repo_v1
3449,137.96,0.817680937095967,,8,1,val,current_repo_v1
3450,138.0,1.0615966581040812,,8,1,val,current_repo_v1
3451,138.04,1.1281030640769782,,8,1,val,current_repo_v1
3452,138.08,1.7053656611740813,,8,1,val,current_repo_v1
3453,138.12,1.5516910233127135,,8,1,val,current_repo_v1
3454,138.16,1.3839766819407566,,8,1,val,current_repo_v1
3455,138.2,1.5397862283147516,,8,1,val,current_repo_v1
3456,138.24,1.287260023260752,,8,1,val,current_repo_v1
3457,138.28,1.7256769435511572,,8,1,val,current_repo_v1
3458,138.32,1.678547441092755,,8,1,val,current_repo_v1
3459,138.36,1.5153331435921988,,8,1,val,current_repo_v1
3460,138.4,1.8017869452254693,,8,1,val,current_repo_v1
3461,138.44,2.318022250177321,,8,1,val,current_repo_v1
3462,138.48,2.2679839063594,,8,1,val,current_repo_v1
3463,138.52,2.4759028402793772,,8,1,val,current_repo_v1
3464,138.56,2.388424906952359,,8,1,val,current_repo_v1
3465,138.6,1.9450824151523194,,8,1,val,current_repo_v1
3466,138.64,1.6177551513969601,,8,1,val,current_repo_v1
3467,138.68,1.221550287708716,,8,1,val,current_repo_v1
3468,138.72,1.5788931448780479,,8,1,val,current_repo_v1
3469,138.76,2.1849363073509864,,8,1,val,current_repo_v1
3470,138.8,2.320560732808487,,8,1,val,current_repo_v1
3471,138.84,1.7401594238940254,,8,1,val,current_repo_v1
3472,138.88,1.580426469928917,,8,1,val,current_repo_v1
3473,138.92,1.7100095433660776,,8,1,val,current_repo_v1
3474,138.96,2.216372892221547,,8,1,val,current_repo_v1
3475,139.0,2.063237113479953,,8,1,val,current_repo_v1
3476,139.04,2.1321302519430114,,8,1,val,current_repo_v1
3477,139.08,2.4174337746774848,,8,1,val,current_repo_v1
3478,139.12,2.4104365892184982,,8,1,val,current_repo_v1
3479,139.16,2.4394406100626522,,8,1,val,current_repo_v1
3480,139.2,2.406123150264501,,8,1,val,current_repo_v1
3481,139.24,2.04386826434119,,8,1,val,current_repo_v1
3482,139.28,3.048999471903807,,8,1,val,current_repo_v1
3483,139.32,3.452527972740001,,8,1,val,current_repo_v1
3484,139.36,3.7498037191400693,,8,1,val,current_repo_v1
3485,139.4,4.164154164743061,,8,1,val,current_repo_v1
3486,139.44,3.383056772443429,,8,1,val,current_repo_v1
3487,139.48,2.9663561597905463,,8,1,val,current_repo_v1
3488,139.52,2.888878767460978,,8,1,val,current_repo_v1
3489,139.56,2.9038832853955423,,8,1,val,current_repo_v1
3490,139.6,2.6437280896923876,,8,1,val,current_repo_v1
3491,139.64,1.883853335947798,,8,1,val,current_repo_v1
3492,139.68,1.0340575357559043,,8,1,val,current_repo_v1
3493,139.72,1.5724777276909652,,8,1,val,current_repo_v1
3494,139.76,1.7909061251104001,,8,1,val,current_repo_v1
3495,139.8,1.749006834886224,,8,1,val,current_repo_v1
3496,139.84,1.6884084204292897,,8,1,val,current_repo_v1
3497,139.88,1.6623574330946886,,8,1,val,current_repo_v1
3498,139.92,1.5546329375070966,,8,1,val,current_repo_v1
3499,139.96,1.3369696345045465,,8,1,val,current_repo_v1
3500,140.0,1.473034555909164,,8,1,val,current_repo_v1
3501,140.04,1.5758940659992655,,8,1,val,current_repo_v1
3502,140.08,1.1707186235200173,,8,1,val,current_repo_v1
3503,140.12,1.2805730381839422,,8,1,val,current_repo_v1
3504,140.16,1.1388404022597585,,8,1,val,current_repo_v1
3505,140.2,1.8434066844618475,,8,1,val,current_repo_v1
3506,140.24,1.7382640083235201,,8,1,val,current_repo_v1
3507,140.28,1.284292591663607,,8,1,val,current_repo_v1
3508,140.32,0.9963237833384333,,8,1,val,current_repo_v1
3509,140.36,0.6991687100190233,,8,1,val,current_repo_v1
3510,140.4,0.3777161154729476,,8,1,val,current_repo_v1
3511,140.44,1.2716456536557137,,8,1,val,current_repo_v1
3512,140.48,1.6878980723740544,,8,1,val,current_repo_v1
3513,140.52,3.212899888172477,,8,1,val,current_repo_v1
3514,140.56,3.2294830637505263,,8,1,val,current_repo_v1
3515,140.6,3.16902649183967,,8,1,val,current_repo_v1
3516,140.64,2.9647427186483246,,8,1,val,current_repo_v1
3517,140.68,2.8704654666502156,,8,1,val,current_repo_v1
3518,140.72,2.636318349129532,,8,1,val,current_repo_v1
3519,140.76,2.8645317438985076,,8,1,val,current_repo_v1
3520,140.8,3.2334575061471638,,8,1,val,current_repo_v1
3521,140.84,3.3691955481968496,,8,1,val,current_repo_v1
3522,140.88,2.9925720836335015,,8,1,val,current_repo_v1
3523,140.92,3.131598876977679,,8,1,val,current_repo_v1
3524,140.96,2.7246943809895066,,8,1,val,current_repo_v1
3525,141.0,3.00509642406388,,8,1,val,current_repo_v1
3526,141.04,3.1049313378724372,,8,1,val,current_repo_v1
3527,141.08,1.9732493511416294,,8,1,val,current_repo_v1
3528,141.12,1.1832092496165796,,8,1,val,current_repo_v1
3529,141.16,0.9815431485381557,,8,1,val,current_repo_v1
3530,141.2,0.8204876375667773,,8,1,val,current_repo_v1
3531,141.24,0.42236654523091505,,8,1,val,current_repo_v1
3532,141.28,0.6199185709741254,,8,1,val,current_repo_v1
3533,141.32,1.78655334088734,,8,1,val,current_repo_v1
3534,141.36,1.9535626036332647,,8,1,val,current_repo_v1
3535,141.4,2.329994901508884,,8,1,val,current_repo_v1
3536,141.44,2.5067441141223785,,8,1,val,current_repo_v1
3537,141.48,1.5304896255007523,,8,1,val,current_repo_v1
3538,141.52,1.4535145981283484,,8,1,val,current_repo_v1
3539,141.56,2.129915084783709,,8,1,val,current_repo_v1
3540,141.6,2.0712830784479803,,8,1,val,current_repo_v1
3541,141.64,2.5482203001488064,,8,1,val,current_repo_v1
3542,141.68,2.3247204971246234,,8,1,val,current_repo_v1
3543,141.72,2.4550324559267054,,8,1,val,current_repo_v1
3544,141.76,2.7390784981597176,,8,1,val,current_repo_v1
3545,141.8,2.7539723931638735,,8,1,val,current_repo_v1
3546,141.84,2.1676179739738175,,8,1,val,current_repo_v1
3547,141.88,2.4968296765398343,,8,1,val,current_repo_v1
3548,141.92,2.175842133095209,,8,1,val,current_repo_v1
3549,141.96,2.468310058682186,,8,1,val,current_repo_v1
3550,142.0,2.3573546892611152,,8,1,val,current_repo_v1
3551,142.04,2.8204459401348903,,8,1,val,current_repo_v1
3552,142.08,3.0498442547460765,,8,1,val,current_repo_v1
3553,142.12,3.1032149717872324,,8,1,val,current_repo_v1
3554,142.16,2.946742258052077,,8,1,val,current_repo_v1
3555,142.2,3.246145214977347,,8,1,val,current_repo_v1
3556,142.24,2.971850812148365,,8,1,val,current_repo_v1
3557,142.28,2.792495688236071,,8,1,val,current_repo_v1
3558,142.32,2.6564668333280945,,8,1,val,current_repo_v1
3559,142.36,2.9238661203091367,,8,1,val,current_repo_v1
3560,142.4,2.324624272281807,,8,1,val,current_repo_v1
3561,142.44,1.0905723104390197,,8,1,val,current_repo_v1
3562,142.48,1.5078438571592816,,8,1,val,current_repo_v1
3563,142.52,1.4430799761733033,,8,1,val,current_repo_v1
3564,142.56,1.8671023727549407,,8,1,val,current_repo_v1
3565,142.6,1.7541329817348854,,8,1,val,current_repo_v1
3566,142.64,1.357877938573054,,8,1,val,current_repo_v1
3567,142.68,1.0261033764156902,,8,1,val,current_repo_v1
3568,142.72,1.0176517702769443,,8,1,val,current_repo_v1
3569,142.76,1.009166663637366,,8,1,val,current_repo_v1
3570,142.8,1.072328935572906,,8,1,val,current_repo_v1
3571,142.84,0.6215105575402821,,8,1,val,current_repo_v1
3572,142.88,-0.17301116258071036,,8,1,val,current_repo_v1
3573,142.92,-0.6159780567442887,,8,1,val,current_repo_v1
3574,142.96,-1.0035122067628102,,8,1,val,current_repo_v1
3575,143.0,-0.8416923854288217,,8,1,val,current_repo_v1
3576,143.04,-0.6926388209078194,,8,1,val,current_repo_v1
3577,143.08,-0.5924643759594419,,8,1,val,current_repo_v1
3578,143.12,-0.6075639426554108,,8,1,val,current_repo_v1
3579,143.16,-0.8924488516848008,,8,1,val,current_repo_v1
3580,143.2,-0.7047717756997488,,8,1,val,current_repo_v1
3581,143.24,-0.7249642382153613,,8,1,val,current_repo_v1
3582,143.28,-0.8334511196687071,,8,1,val,current_repo_v1
3583,143.32,-0.956296101945873,,8,1,val,current_repo_v1
3584,143.36,-0.6221774313398326,,8,1,val,current_repo_v1
3585,143.4,-0.1444557722467738,,8,1,val,current_repo_v1
3586,143.44,-0.195226627680637,,8,1,val,current_repo_v1
3587,143.48,-0.6503158562646043,,8,1,val,current_repo_v1
3588,143.52,-0.9323749624099433,,8,1,val,current_repo_v1
3589,143.56,-0.7425294061337706,,8,1,val,current_repo_v1
3590,143.6,-0.7065908528949529,,8,1,val,current_repo_v1
3591,143.64,-0.5724539565909064,,8,1,val,current_repo_v1
3592,143.68,-0.3098862971618447,,8,1,val,current_repo_v1
3593,143.72,-0.4456981472298543,,8,1,val,current_repo_v1
3594,143.76,-0.5830192661380288,,8,1,val,current_repo_v1
3595,143.8,-1.0466772456971636,,8,1,val,current_repo_v1
3596,143.84,-0.9399151410930615,,8,1,val,current_repo_v1
3597,143.88,-0.48453663212052256,,8,1,val,current_repo_v1
3598,143.92,0.019074570404189244,,8,1,val,current_repo_v1
3599,143.96,-0.10567217115534175,,8,1,val,current_repo_v1
3600,144.0,-0.5903585487326439,,8,1,val,current_repo_v1
3601,144.04,-1.2174238813380898,,8,1,val,current_repo_v1
3602,144.08,-1.3151720703330898,,8,1,val,current_repo_v1
3603,144.12,-0.9993256420460082,,8,1,val,current_repo_v1
3604,144.16,-0.29774208049942263,,8,1,val,current_repo_v1
3605,144.2,-0.18698382945080347,,8,1,val,current_repo_v1
3606,144.24,0.1586566969176189,,8,1,val,current_repo_v1
3607,144.28,0.4748331407767312,,8,1,val,current_repo_v1
3608,144.32,0.5058200348818619,,8,1,val,current_repo_v1
3609,144.36,0.339913580112278,,8,1,val,current_repo_v1
3610,144.4,0.026487126434667857,,8,1,val,current_repo_v1
3611,144.44,0.40934101592478384,,8,1,val,current_repo_v1
3612,144.48,0.4111196430471742,,8,1,val,current_repo_v1
3613,144.52,0.3496088745250146,,8,1,val,current_repo_v1
3614,144.56,0.42178235351852555,,8,1,val,current_repo_v1
3615,144.6,0.3661498180887166,,8,1,val,current_repo_v1
3616,144.64,0.20999200906138654,,8,1,val,current_repo_v1
3617,144.68,0.298515354027947,,8,1,val,current_repo_v1
3618,144.72,0.17585605005858668,,8,1,val,current_repo_v1
3619,144.76,0.3136712478957943,,8,1,val,current_repo_v1
3620,144.8,0.6549124813671283,,8,1,val,current_repo_v1
3621,144.84,0.7009150127219934,,8,1,val,current_repo_v1
3622,144.88,0.8227265401873077,,8,1,val,current_repo_v1
3623,144.92,0.7203193581361063,,8,1,val,current_repo_v1
3624,144.96,0.5987625770324415,,8,1,val,current_repo_v1
3625,145.0,0.386309385963618,,8,1,val,current_repo_v1
3626,145.04,0.4829893722868604,,8,1,val,current_repo_v1
3627,145.08,0.2470542011730735,,8,1,val,current_repo_v1
3628,145.12,-0.10347382552411712,,8,1,val,current_repo_v1
3629,145.16,-0.07934541054899409,,8,1,val,current_repo_v1
3630,145.2,0.07420591695824576,,8,1,val,current_repo_v1
3631,145.24,-0.511625778592624,,8,1,val,current_repo_v1
3632,145.28,-1.0842305943537687,,8,1,val,current_repo_v1
3633,145.32,-0.7334047250389372,,8,1,val,current_repo_v1
3634,145.36,-0.6230766703153702,,8,1,val,current_repo_v1
3635,145.4,-1.0440652045194885,,8,1,val,current_repo_v1
3636,145.44,-0.8637613036570216,,8,1,val,current_repo_v1
3637,145.48,-1.0412373345832584,,8,1,val,current_repo_v1
3638,145.52,-1.02673154644513,,8,1,val,current_repo_v1
3639,145.56,-0.9148761539942469,,8,1,val,current_repo_v1
3640,145.6,-0.9187649206419466,,8,1,val,current_repo_v1
3641,145.64,-0.7363395827448471,,8,1,val,current_repo_v1
3642,145.68,-0.4896384376478343,,8,1,val,current_repo_v1
3643,145.72,-0.9819351756755572,,8,1,val,current_repo_v1
3644,145.76,-0.9376857896791514,,8,1,val,current_repo_v1
3645,145.8,-0.6412486249648156,,8,1,val,current_repo_v1
3646,145.84,-0.620499270081109,,8,1,val,current_repo_v1
3647,145.88,-0.6827538922770725,,8,1,val,current_repo_v1
3648,145.92,-0.6910346458615727,,8,1,val,current_repo_v1
3649,145.96,-0.6804668059574724,,8,1,val,current_repo_v1
3650,146.0,-0.8562824950403222,,8,1,val,current_repo_v1
3651,146.04,-0.9998965761133873,,8,1,val,current_repo_v1
3652,146.08,-1.0299642022201423,,8,1,val,current_repo_v1
3653,146.12,-0.8330425561138735,,8,1,val,current_repo_v1
3654,146.16,-1.1295234853122755,,8,1,val,current_repo_v1
3655,146.2,-1.0019889318621908,,8,1,val,current_repo_v1
3656,146.24,-1.2028153820899623,,8,1,val,current_repo_v1
3657,146.28,-1.3673572973107437,,8,1,val,current_repo_v1
3658,146.32,-1.4261302908606144,,8,1,val,current_repo_v1
3659,146.36,-0.9561978813285387,,8,1,val,current_repo_v1
3660,146.4,-0.5838653319782025,,8,1,val,current_repo_v1
3661,146.44,-0.6123505227254211,,8,1,val,current_repo_v1
3662,146.48,-1.075451823749446,,8,1,val,current_repo_v1
3663,146.52,-0.803914369583655,,8,1,val,current_repo_v1
3664,146.56,-0.5207721280965065,,8,1,val,current_repo_v1
3665,146.6,-0.8248387111259654,,8,1,val,current_repo_v1
3666,146.64,-0.7976741528881601,,8,1,val,current_repo_v1
3667,146.68,-0.8642097827022088,,8,1,val,current_repo_v1
3668,146.72,-1.0274622850292463,,8,1,val,current_repo_v1
3669,146.76,-1.072412259159019,,8,1,val,current_repo_v1
3670,146.8,-1.0747369800838098,,8,1,val,current_repo_v1
3671,146.84,-0.595826365050966,,8,1,val,current_repo_v1
3672,146.88,-0.6043646448259082,,8,1,val,current_repo_v1
3673,146.92,-0.7407486763203706,,8,1,val,current_repo_v1
3674,146.96,-0.6780060159771729,,8,1,val,current_repo_v1
3675,147.0,-0.576689702894037,,8,1,val,current_repo_v1
3676,147.04,-0.716636227541389,,8,1,val,current_repo_v1
3677,147.08,-0.8039932739547647,,8,1,val,current_repo_v1
3678,147.12,-1.158363638812996,,8,1,val,current_repo_v1
3679,147.16,-0.7340032435612572,,8,1,val,current_repo_v1
3680,147.2,-0.7647984007573679,,8,1,val,current_repo_v1
3681,147.24,-0.6156615126502524,,8,1,val,current_repo_v1
3682,147.28,-0.6740557367077319,,8,1,val,current_repo_v1
3683,147.32,-0.7254339580036296,,8,1,val,current_repo_v1
3684,147.36,-0.8853453199550865,,8,1,val,current_repo_v1
3685,147.4,-1.1641329952776411,,8,1,val,current_repo_v1
3686,147.44,-1.0370302418999888,,8,1,val,current_repo_v1
3687,147.48,-0.594517992299304,,8,1,val,current_repo_v1
3688,147.52,-0.42775257043284287,,8,1,val,current_repo_v1
3689,147.56,0.04197038078166077,,8,1,val,current_repo_v1
3690,147.6,0.0685330882664781,,8,1,val,current_repo_v1
3691,147.64,-0.3473272053076768,,8,1,val,current_repo_v1
3692,147.68,-0.5209770513728754,,8,1,val,current_repo_v1
3693,147.72,-0.3076645724576987,,8,1,val,current_repo_v1
3694,147.76,-0.24866520105539408,,8,1,val,current_repo_v1
3695,147.8,0.009880893646886617,,8,1,val,current_repo_v1
3696,147.84,-0.23146522423488955,,8,1,val,current_repo_v1
3697,147.88,-0.7245953050402358,,8,1,val,current_repo_v1
3698,147.92,-0.1672629043038236,,8,1,val,current_repo_v1
3699,147.96,-0.36388333101324544,,8,1,val,current_repo_v1
3700,148.0,-0.20212842580932755,,8,1,val,current_repo_v1
3701,148.04,-0.09366477196387278,,8,1,val,current_repo_v1
3702,148.08,-0.1516623625650863,,8,1,val,current_repo_v1
3703,148.12,-0.23095489399906954,,8,1,val,current_repo_v1
3704,148.16,-0.5736752636792346,,8,1,val,current_repo_v1
3705,148.2,-0.6749287455038943,,8,1,val,current_repo_v1
3706,148.24,-0.34097447682374765,,8,1,val,current_repo_v1
3707,148.28,-0.4175689171233961,,8,1,val,current_repo_v1
3708,148.32,-0.751056994259511,,8,1,val,current_repo_v1
3709,148.36,-0.4767258121572747,,8,1,val,current_repo_v1
3710,148.4,-0.4596323598016514,,8,1,val,current_repo_v1
3711,148.44,-0.27884172160926995,,8,1,val,current_repo_v1
3712,148.48,-0.10455861807155294,,8,1,val,current_repo_v1
3713,148.52,-0.25658792694695465,,8,1,val,current_repo_v1
3714,148.56,-0.406090113068467,,8,1,val,current_repo_v1
3715,148.6,-0.12413388731757284,,8,1,val,current_repo_v1
3716,148.64,-0.2225272015157052,,8,1,val,current_repo_v1
3717,148.68,-0.22332747145846427,,8,1,val,current_repo_v1
3718,148.72,-0.10607178936367652,,8,1,val,current_repo_v1
3719,148.76,-0.14800661150203345,,8,1,val,current_repo_v1
3720,148.8,-0.26277710883692607,,8,1,val,current_repo_v1
3721,148.84,-0.1844184038636484,,8,1,val,current_repo_v1
3722,148.88,-0.424534348384253,,8,1,val,current_repo_v1
3723,148.92,-0.46898705390964746,,8,1,val,current_repo_v1
3724,148.96,-0.7899478682312684,,8,1,val,current_repo_v1
3725,149.0,-0.9966839493612132,,8,1,val,current_repo_v1
3726,149.04,-0.4569585921692508,,8,1,val,current_repo_v1
3727,149.08,-0.46933987833330876,,8,1,val,current_repo_v1
3728,149.12,-0.16847136359369425,,8,1,val,current_repo_v1
3729,149.16,-0.2219339040820788,,8,1,val,current_repo_v1
3730,149.2,-0.5441362683478501,,8,1,val,current_repo_v1
3731,149.24,-0.468180832282166,,8,1,val,current_repo_v1
3732,149.28,-0.5771627370935578,,8,1,val,current_repo_v1
3733,149.32,-0.2885165058749543,,8,1,val,current_repo_v1
3734,149.36,-0.3850856910736347,,8,1,val,current_repo_v1
3735,149.4,-0.5163251860828085,,8,1,val,current_repo_v1
3736,149.44,-0.6370505132668755,,8,1,val,current_repo_v1
3737,149.48,-0.5089587466992206,,8,1,val,current_repo_v1
3738,149.52,-0.4146088984030311,,8,1,val,current_repo_v1
3739,149.56,-0.0060876902962092895,,8,1,val,current_repo_v1
3740,149.6,-0.4081690686169375,,8,1,val,current_repo_v1
3741,149.64,-0.5960441895840385,,8,1,val,current_repo_v1
3742,149.68,-0.4393679781257411,,8,1,val,current_repo_v1
3743,149.72,-0.6933574422895069,,8,1,val,current_repo_v1
3744,149.76,-0.5957943613810218,,8,1,val,current_repo_v1
3745,149.8,-0.44510269364697214,,8,1,val,current_repo_v1
3746,149.84,-0.43536898057477025,,8,1,val,current_repo_v1
3747,149.88,-0.46072878842730186,,8,1,val,current_repo_v1
3748,149.92,-0.7519581577319049,,8,1,val,current_repo_v1
3749,149.96,0.10201418375566416,,8,1,val,current_repo_v1
3750,150.0,1.8868306038622087,,8,1,val,current_repo_v1
3751,150.04,1.8496977934075434,,8,1,val,current_repo_v1
3752,150.08,1.3514364337619187,,8,1,val,current_repo_v1
3753,150.12,0.375675400389789,,8,1,val,current_repo_v1
3754,150.16,-0.3574326670226273,,8,1,val,current_repo_v1
3755,150.2,-0.7754269692289346,,8,1,val,current_repo_v1
3756,150.24,-1.396925409566788,,8,1,val,current_repo_v1
3757,150.28,-0.775055327502678,,8,1,val,current_repo_v1
3758,150.32,-0.6812298333221783,,8,1,val,current_repo_v1
3759,150.36,-0.9774781835116094,,8,1,val,current_repo_v1
3760,150.4,-1.5813040404954055,,8,1,val,current_repo_v1
3761,150.44,-1.0355396834459272,,8,1,val,current_repo_v1
3762,150.48,-0.021742404171282786,,8,1,val,current_repo_v1
3763,150.52,0.8504628878244282,,8,1,val,current_repo_v1
3764,150.56,0.9875403084084617,,8,1,val,current_repo_v1
3765,150.6,1.2779269262841437,,8,1,val,current_repo_v1
3766,150.64,1.0984383705898104,,8,1,val,current_repo_v1
3767,150.68,1.086409908849414,,8,1,val,current_repo_v1
3768,150.72,0.9957098688412626,,8,1,val,current_repo_v1
3769,150.76,0.8609213877960241,,8,1,val,current_repo_v1
3770,150.8,1.0333193130173466,,8,1,val,current_repo_v1
3771,150.84,1.2263524063088997,,8,1,val,current_repo_v1
3772,150.88,1.2289181170067003,,8,1,val,current_repo_v1
3773,150.92,0.6409811911794464,,8,1,val,current_repo_v1
3774,150.96,0.4437563299018129,,8,1,val,current_repo_v1
3775,151.0,0.6166611818506261,,8,1,val,current_repo_v1
3776,151.04,0.655213629486314,,8,1,val,current_repo_v1
3777,151.08,0.47387712914393176,,8,1,val,current_repo_v1
3778,151.12,0.7607431294927647,,8,1,val,current_repo_v1
3779,151.16,0.4885642832913544,,8,1,val,current_repo_v1
3780,151.2,0.3844462235348716,,8,1,val,current_repo_v1
3781,151.24,0.4699727526883974,,8,1,val,current_repo_v1
3782,151.28,0.7372483729270051,,8,1,val,current_repo_v1
3783,151.32,0.8326151039787832,,8,1,val,current_repo_v1
3784,151.36,0.9278183240754343,,8,1,val,current_repo_v1
3785,151.4,0.7612846258860081,,8,1,val,current_repo_v1
3786,151.44,0.9013214949691157,,8,1,val,current_repo_v1
3787,151.48,1.0627937664263825,,8,1,val,current_repo_v1
3788,151.52,1.0395691521971233,,8,1,val,current_repo_v1
3789,151.56,0.9831116847537297,,8,1,val,current_repo_v1
3790,151.6,0.6253873495408756,,8,1,val,current_repo_v1
3791,151.64,0.707462792526195,,8,1,val,current_repo_v1
3792,151.68,1.455506523652316,,8,1,val,current_repo_v1
3793,151.72,1.2116367054581083,,8,1,val,current_repo_v1
3794,151.76,0.9669979438533032,,8,1,val,current_repo_v1
3795,151.8,1.1679472767692345,,8,1,val,current_repo_v1
3796,151.84,1.1450404183542544,,8,1,val,current_repo_v1
3797,151.88,1.2695230049008381,,8,1,val,current_repo_v1
3798,151.92,1.7359489098830112,,8,1,val,current_repo_v1
3799,151.96,1.4346771952325794,,8,1,val,current_repo_v1
3800,152.0,1.172277608528971,,8,1,val,current_repo_v1
3801,152.04,1.4089959964050398,,8,1,val,current_repo_v1
3802,152.08,1.3576434350672266,,8,1,val,current_repo_v1
3803,152.12,1.1841020023249347,,8,1,val,current_repo_v1
3804,152.16,1.0135436109876226,,8,1,val,current_repo_v1
3805,152.2,0.5940688717551647,,8,1,val,current_repo_v1
3806,152.24,0.6731497976320278,,8,1,val,current_repo_v1
3807,152.28,0.7032735905359232,,8,1,val,current_repo_v1
3808,152.32,0.8241277164540418,,8,1,val,current_repo_v1
3809,152.36,0.5555796474050904,,8,1,val,current_repo_v1
3810,152.4,0.6229401735938931,,8,1,val,current_repo_v1
3811,152.44,0.558030529790463,,8,1,val,current_repo_v1
3812,152.48,0.3590988536342448,,8,1,val,current_repo_v1
3813,152.52,0.2256337849272123,,8,1,val,current_repo_v1
3814,152.56,-0.5892881364533846,,8,1,val,current_repo_v1
3815,152.6,-0.8795850157534323,,8,1,val,current_repo_v1
3816,152.64,-1.119350808762676,,8,1,val,current_repo_v1
3817,152.68,-1.1446957908616477,,8,1,val,current_repo_v1
3818,152.72,-0.9639915946530635,,8,1,val,current_repo_v1
3819,152.76,-0.6028192738502717,,8,1,val,current_repo_v1
3820,152.8,-0.7003283262914568,,8,1,val,current_repo_v1
3821,152.84,-0.7666658042069644,,8,1,val,current_repo_v1
3822,152.88,0.04701735596798236,,8,1,val,current_repo_v1
3823,152.92,0.6535041773342597,,8,1,val,current_repo_v1
3824,152.96,0.7665570344957509,,8,1,val,current_repo_v1
3825,153.0,0.9115761408292629,,8,1,val,current_repo_v1
3826,153.04,0.7309052312885269,,8,1,val,current_repo_v1
3827,153.08,0.7603492491361682,,8,1,val,current_repo_v1
3828,153.12,0.819060017287684,,8,1,val,current_repo_v1
3829,153.16,0.7578086281751615,,8,1,val,current_repo_v1
3830,153.2,0.37843840765419445,,8,1,val,current_repo_v1
3831,153.24,0.6274315928682709,,8,1,val,current_repo_v1
3832,153.28,0.4770353710404992,,8,1,val,current_repo_v1
3833,153.32,0.6113902700717716,,8,1,val,current_repo_v1
3834,153.36,0.4180188929994716,,8,1,val,current_repo_v1
3835,153.4,0.6611421489687441,,8,1,val,current_repo_v1
3836,153.44,0.8166649453111452,,8,1,val,current_repo_v1
3837,153.48,0.9525684940904761,,8,1,val,current_repo_v1
3838,153.52,0.9065513508150351,,8,1,val,current_repo_v1
3839,153.56,1.10489598415241,,8,1,val,current_repo_v1
3840,153.6,1.1954140522911456,,8,1,val,current_repo_v1
3841,153.64,1.1807306402209437,,8,1,val,current_repo_v1
3842,153.68,0.7724546194731569,,8,1,val,current_repo_v1
3843,153.72,0.8589730842008003,,8,1,val,current_repo_v1
3844,153.76,0.82910168549573,,8,1,val,current_repo_v1
3845,153.8,0.6205067542355502,,8,1,val,current_repo_v1
3846,153.84,0.4494462117740575,,8,1,val,current_repo_v1
3847,153.88,0.6928798819584906,,8,1,val,current_repo_v1
3848,153.92,0.8241801768127923,,8,1,val,current_repo_v1
3849,153.96,0.7100405491487629,,8,1,val,current_repo_v1
3850,154.0,0.8535698098048268,,8,1,val,current_repo_v1
3851,154.04,0.4006310639024904,,8,1,val,current_repo_v1
3852,154.08,0.49089966022651615,,8,1,val,current_repo_v1
3853,154.12,0.2754000975506073,,8,1,val,current_repo_v1
3854,154.16,-0.1414255717591063,,8,1,val,current_repo_v1
3855,154.2,-0.3924892661187838,,8,1,val,current_repo_v1
3856,154.24,-0.13741917024106318,,8,1,val,current_repo_v1
3857,154.28,0.24166924513606586,,8,1,val,current_repo_v1
3858,154.32,0.07781048175074473,,8,1,val,current_repo_v1
3859,154.36,0.04727338532753618,,8,1,val,current_repo_v1
3860,154.4,0.16162452054190124,,8,1,val,current_repo_v1
3861,154.44,0.5317533071587506,,8,1,val,current_repo_v1
3862,154.48,0.46479852905715835,,8,1,val,current_repo_v1
3863,154.52,0.4021009874735925,,8,1,val,current_repo_v1
3864,154.56,0.45921021785233135,,8,1,val,current_repo_v1
3865,154.6,0.5422639823784514,,8,1,val,current_repo_v1
3866,154.64,0.5966558944737075,,8,1,val,current_repo_v1
3867,154.68,0.7016944339488088,,8,1,val,current_repo_v1
3868,154.72,0.5567101111140335,,8,1,val,current_repo_v1
3869,154.76,0.7616919777205988,,8,1,val,current_repo_v1
3870,154.8,0.8734621220885125,,8,1,val,current_repo_v1
3871,154.84,0.7757251949640052,,8,1,val,current_repo_v1
3872,154.88,0.7934555132237525,,8,1,val,current_repo_v1
3873,154.92,0.7762648381380536,,8,1,val,current_repo_v1
3874,154.96,0.5537949973203163,,8,1,val,current_repo_v1
3875,155.0,0.8892681573249095,,8,1,val,current_repo_v1
3876,155.04,1.1699067709572897,,8,1,val,current_repo_v1
3877,155.08,1.6824057009013986,,8,1,val,current_repo_v1
3878,155.12,1.5206644275502132,,8,1,val,current_repo_v1
3879,155.16,1.8656659853235018,,8,1,val,current_repo_v1
3880,155.2,1.7683808160166037,,8,1,val,current_repo_v1
3881,155.24,1.4446935598708477,,8,1,val,current_repo_v1
3882,155.28,1.9015045360034515,,8,1,val,current_repo_v1
3883,155.32,2.0026807528432125,,8,1,val,current_repo_v1
3884,155.36,2.2278846621948487,,8,1,val,current_repo_v1
3885,155.4,2.051503384869221,,8,1,val,current_repo_v1
3886,155.44,1.7627236505909167,,8,1,val,current_repo_v1
3887,155.48,1.4384450749666366,,8,1,val,current_repo_v1
3888,155.52,1.1524106710927242,,8,1,val,current_repo_v1
3889,155.56,0.6032507888120587,,8,1,val,current_repo_v1
3890,155.6,0.6523827658883075,,8,1,val,current_repo_v1
3891,155.64,1.0925504080966861,,8,1,val,current_repo_v1
3892,155.68,0.7461087564535686,,8,1,val,current_repo_v1
3893,155.72,1.058572917154473,,8,1,val,current_repo_v1
3894,155.76,1.3569417777689394,,8,1,val,current_repo_v1
3895,155.8,1.492617238031964,,8,1,val,current_repo_v1
3896,155.84,1.6339555659335832,,8,1,val,current_repo_v1
3897,155.88,1.3887103739860485,,8,1,val,current_repo_v1
3898,155.92,1.2748294842327041,,8,1,val,current_repo_v1
3899,155.96,1.6198079480437169,,8,1,val,current_repo_v1
3900,156.0,1.8282346640231208,,8,1,val,current_repo_v1
3901,156.04,1.874160571892039,,8,1,val,current_repo_v1
3902,156.08,1.348595021070033,,8,1,val,current_repo_v1
3903,156.12,1.4498979695916667,,8,1,val,current_repo_v1
3904,156.16,1.5825819064080113,,8,1,val,current_repo_v1
3905,156.2,1.5638470007892575,,8,1,val,current_repo_v1
3906,156.24,1.6985198694677932,,8,1,val,current_repo_v1
3907,156.28,1.7172775839381778,,8,1,val,current_repo_v1
3908,156.32,1.59981598958947,,8,1,val,current_repo_v1
3909,156.36,1.7539028974440614,,8,1,val,current_repo_v1
3910,156.4,1.5304391609165195,,8,1,val,current_repo_v1
3911,156.44,1.8804799067916278,,8,1,val,current_repo_v1
3912,156.48,2.5461603757359152,,8,1,val,current_repo_v1
3913,156.52,1.8041265631814813,,8,1,val,current_repo_v1
3914,156.56,1.7769367013738984,,8,1,val,current_repo_v1
3915,156.6,1.713480765473614,,8,1,val,current_repo_v1
3916,156.64,1.466900257818429,,8,1,val,current_repo_v1
3917,156.68,1.7247935282164384,,8,1,val,current_repo_v1
3918,156.72,1.6207472450649307,,8,1,val,current_repo_v1
3919,156.76,2.169560717911456,,8,1,val,current_repo_v1
3920,156.8,2.0183049587655164,,8,1,val,current_repo_v1
3921,156.84,2.267641060808327,,8,1,val,current_repo_v1
3922,156.88,2.118093827204844,,8,1,val,current_repo_v1
3923,156.92,1.9546022596016535,,8,1,val,current_repo_v1
3924,156.96,1.9512617607250249,,8,1,val,current_repo_v1
3925,157.0,1.6930858031221183,,8,1,val,current_repo_v1
3926,157.04,1.9483236955243546,,8,1,val,current_repo_v1
3927,157.08,1.9400439398271132,,8,1,val,current_repo_v1
3928,157.12,1.940576669068011,,8,1,val,current_repo_v1
3929,157.16,1.6827948769323464,,8,1,val,current_repo_v1
3930,157.2,1.6802555389692437,,8,1,val,current_repo_v1
3931,157.24,1.6617756648227848,,8,1,val,current_repo_v1
3932,157.28,1.6572592270892748,,8,1,val,current_repo_v1
3933,157.32,1.633751426711489,,8,1,val,current_repo_v1
3934,157.36,1.862407883423389,,8,1,val,current_repo_v1
3935,157.4,1.6096819583622988,,8,1,val,current_repo_v1
3936,157.44,1.5474723836483057,,8,1,val,current_repo_v1
3937,157.48,1.4171416075436285,,8,1,val,current_repo_v1
3938,157.52,1.3736572446864463,,8,1,val,current_repo_v1
3939,157.56,1.4582631159272001,,8,1,val,current_repo_v1
3940,157.6,1.2699824607058727,,8,1,val,current_repo_v1
3941,157.64,1.4547920363749864,,8,1,val,current_repo_v1
3942,157.68,1.6279038073746863,,8,1,val,current_repo_v1
3943,157.72,1.9442111170200291,,8,1,val,current_repo_v1
3944,157.76,1.975135928282128,,8,1,val,current_repo_v1
3945,157.8,1.7371127315374641,,8,1,val,current_repo_v1
3946,157.84,1.6411610247190216,,8,1,val,current_repo_v1
3947,157.88,1.5046705756761702,,8,1,val,current_repo_v1
3948,157.92,1.5687446314556446,,8,1,val,current_repo_v1
3949,157.96,1.512195643495083,,8,1,val,current_repo_v1
3950,158.0,1.4394184427099739,,8,1,val,current_repo_v1
3951,158.04,1.4979931418059806,,8,1,val,current_repo_v1
3952,158.08,1.5109706656071955,,8,1,val,current_repo_v1
3953,158.12,1.1153159229092178,,8,1,val,current_repo_v1
3954,158.16,1.0357643506344887,,8,1,val,current_repo_v1
3955,158.2,0.9431651886174421,,8,1,val,current_repo_v1
3956,158.24,1.0852298358881742,,8,1,val,current_repo_v1
3957,158.28,0.6840183579893455,,8,1,val,current_repo_v1
3958,158.32,0.787070032654435,,8,1,val,current_repo_v1
3959,158.36,0.9159227951734474,,8,1,val,current_repo_v1
3960,158.4,1.0153504997027365,,8,1,val,current_repo_v1
3961,158.44,0.7522765550451362,,8,1,val,current_repo_v1
3962,158.48,0.8036150746836644,,8,1,val,current_repo_v1
3963,158.52,0.9421077845113784,,8,1,val,current_repo_v1
3964,158.56,0.7870919861741295,,8,1,val,current_repo_v1
3965,158.6,0.8185338455916299,,8,1,val,current_repo_v1
3966,158.64,0.7116765140319699,,8,1,val,current_repo_v1
3967,158.68,0.7437890249650722,,8,1,val,current_repo_v1
3968,158.72,0.6805137779362993,,8,1,val,current_repo_v1
3969,158.76,0.5122613614988437,,8,1,val,current_repo_v1
3970,158.8,0.3958524669305508,,8,1,val,current_repo_v1
3971,158.84,0.684009377004016,,8,1,val,current_repo_v1
3972,158.88,0.8867586847019108,,8,1,val,current_repo_v1
3973,158.92,0.8958935585023167,,8,1,val,current_repo_v1
3974,158.96,0.5559739197888243,,8,1,val,current_repo_v1
3975,159.0,0.6576180388364892,,8,1,val,current_repo_v1
3976,159.04,0.6316872969165782,,8,1,val,current_repo_v1
3977,159.08,0.7599373355312513,,8,1,val,current_repo_v1
3978,159.12,0.4813599293096666,,8,1,val,current_repo_v1
3979,159.16,0.5926009083197495,,8,1,val,current_repo_v1
3980,159.2,0.33713599656612736,,8,1,val,current_repo_v1
3981,159.24,0.17900215693330998,,8,1,val,current_repo_v1
3982,159.28,0.23362832306257872,,8,1,val,current_repo_v1
3983,159.32,0.29410668811839163,,8,1,val,current_repo_v1
3984,159.36,0.2295718044389019,,8,1,val,current_repo_v1
3985,159.4,0.4726684025628311,,8,1,val,current_repo_v1
3986,159.44,0.8965161688741715,,8,1,val,current_repo_v1
3987,159.48,0.8306922465086598,,8,1,val,current_repo_v1
3988,159.52,0.4292528939265089,,8,1,val,current_repo_v1
3989,159.56,0.9601569990279866,,8,1,val,current_repo_v1
3990,159.6,0.7034485059168656,,8,1,val,current_repo_v1
3991,159.64,1.0409418886769803,,8,1,val,current_repo_v1
3992,159.68,1.115583214139264,,8,1,val,current_repo_v1
3993,159.72,1.2131380981166946,,8,1,val,current_repo_v1
3994,159.76,0.661081919344907,,8,1,val,current_repo_v1
3995,159.8,0.6112097950332442,,8,1,val,current_repo_v1
3996,159.84,0.7610277411945181,,8,1,val,current_repo_v1
3997,159.88,0.8401169352800973,,8,1,val,current_repo_v1
3998,159.92,0.625600184637654,,8,1,val,current_repo_v1
3999,159.96,0.7938960804485303,,8,1,val,current_repo_v1
4000,160.0,0.515211543901943,,8,1,val,current_repo_v1
4001,160.04,1.0460041707410759,,8,1,val,current_repo_v1
4002,160.08,0.5821521021100967,,8,1,val,current_repo_v1
4003,160.12,0.5372440748840259,,8,1,val,current_repo_v1
4004,160.16,-0.0007210704375828283,,8,1,val,current_repo_v1
4005,160.2,-0.27217941642270105,,8,1,val,current_repo_v1
4006,160.24,-0.003989039838938144,,8,1,val,current_repo_v1
4007,160.28,0.19141010094271121,,8,1,val,current_repo_v1
4008,160.32,0.018754800995977018,,8,1,val,current_repo_v1
4009,160.36,0.001877481442682675,,8,1,val,current_repo_v1
4010,160.4,0.17562243752352608,,8,1,val,current_repo_v1
4011,160.44,0.4261126852782619,,8,1,val,current_repo_v1
4012,160.48,0.2966950294736694,,8,1,val,current_repo_v1
4013,160.52,0.2582450078373352,,8,1,val,current_repo_v1
4014,160.56,0.18542944185100674,,8,1,val,current_repo_v1
4015,160.6,0.6205582879847032,,8,1,val,current_repo_v1
4016,160.64,0.7435703451000635,,8,1,val,current_repo_v1
4017,160.68,0.6803933186886251,,8,1,val,current_repo_v1
4018,160.72,1.0483226192316681,,8,1,val,current_repo_v1
4019,160.76,0.709676676687593,,8,1,val,current_repo_v1
4020,160.8,0.6665750035941761,,8,1,val,current_repo_v1
4021,160.84,0.11090446826116221,,8,1,val,current_repo_v1
4022,160.88,-0.3037770175302419,,8,1,val,current_repo_v1
4023,160.92,-0.6327519000664379,,8,1,val,current_repo_v1
4024,160.96,-0.6295632226084759,,8,1,val,current_repo_v1
4025,161.0,-0.6490100495087507,,8,1,val,current_repo_v1
4026,161.04,-0.33703164606991726,,8,1,val,current_repo_v1
4027,161.08,-0.04676955917831397,,8,1,val,current_repo_v1
4028,161.12,-0.18940358131758325,,8,1,val,current_repo_v1
4029,161.16,-0.5894877139051526,,8,1,val,current_repo_v1
4030,161.2,-0.19614664409445687,,8,1,val,current_repo_v1
4031,161.24,-0.3204286553020138,,8,1,val,current_repo_v1
4032,161.28,-0.591235727271995,,8,1,val,current_repo_v1
4033,161.32,-0.22025107413653708,,8,1,val,current_repo_v1
4034,161.36,-0.33741127089424455,,8,1,val,current_repo_v1
4035,161.4,-0.26298680771660515,,8,1,val,current_repo_v1
4036,161.44,-0.3626614537036265,,8,1,val,current_repo_v1
4037,161.48,-0.6488971456931791,,8,1,val,current_repo_v1
4038,161.52,-0.6171968334756391,,8,1,val,current_repo_v1
4039,161.56,-0.49468421893332837,,8,1,val,current_repo_v1
4040,161.6,-0.1185218228321024,,8,1,val,current_repo_v1
4041,161.64,-0.23755180193135378,,8,1,val,current_repo_v1
4042,161.68,-0.18504258234405285,,8,1,val,current_repo_v1
4043,161.72,-0.07453559396138504,,8,1,val,current_repo_v1
4044,161.76,0.7777381473980696,,8,1,val,current_repo_v1
4045,161.8,0.5799078180261348,,8,1,val,current_repo_v1
4046,161.84,0.7205512243684639,,8,1,val,current_repo_v1
4047,161.88,0.7573802494304737,,8,1,val,current_repo_v1
4048,161.92,0.9179254836242781,,8,1,val,current_repo_v1
4049,161.96,0.9650119343752274,,8,1,val,current_repo_v1
4050,162.0,0.6437493304354688,,8,1,val,current_repo_v1
4051,162.04,0.6726943333760287,,8,1,val,current_repo_v1
4052,162.08,0.6743764861837876,,8,1,val,current_repo_v1
4053,162.12,0.13589398866300284,,8,1,val,current_repo_v1
4054,162.16,-0.10146642383792999,,8,1,val,current_repo_v1
4055,162.2,-0.18663955834650367,,8,1,val,current_repo_v1
4056,162.24,0.17929391422061333,,8,1,val,current_repo_v1
4057,162.28,0.4829840977399208,,8,1,val,current_repo_v1
4058,162.32,0.40171334391236385,,8,1,val,current_repo_v1
4059,162.36,0.04339256613907654,,8,1,val,current_repo_v1
4060,162.4,0.16647275578897563,,8,1,val,current_repo_v1
4061,162.44,-0.1722679147670279,,8,1,val,current_repo_v1
4062,162.48,0.17662242747337584,,8,1,val,current_repo_v1
4063,162.52,0.2615906030667499,,8,1,val,current_repo_v1
4064,162.56,0.06661990673888234,,8,1,val,current_repo_v1
4065,162.6,-0.027842524623402694,,8,1,val,current_repo_v1
4066,162.64,-0.11734773719441574,,8,1,val,current_repo_v1
4067,162.68,-0.0772791067854124,,8,1,val,current_repo_v1
4068,162.72,-0.4953403298060157,,8,1,val,current_repo_v1
4069,162.76,0.019501577053896105,,8,1,val,current_repo_v1
4070,162.8,1.0865656505394543,,8,1,val,current_repo_v1
4071,162.84,0.7092668301348551,,8,1,val,current_repo_v1
4072,162.88,0.6976611874815614,,8,1,val,current_repo_v1
4073,162.92,0.4726855804792154,,8,1,val,current_repo_v1
4074,162.96,0.24865823366399753,,8,1,val,current_repo_v1
4075,163.0,0.1818055786316984,,8,1,val,current_repo_v1
4076,163.04,0.11102621050674069,,8,1,val,current_repo_v1
4077,163.08,-0.16725773667337604,,8,1,val,current_repo_v1
4078,163.12,0.0038802768100053317,,8,1,val,current_repo_v1
4079,163.16,-0.05423472703257339,,8,1,val,current_repo_v1
4080,163.2,0.1657651824447967,,8,1,val,current_repo_v1
4081,163.24,0.09625245400078306,,8,1,val,current_repo_v1
4082,163.28,-0.04895478971985099,,8,1,val,current_repo_v1
4083,163.32,-0.16253911985345884,,8,1,val,current_repo_v1
4084,163.36,-0.16477166094271406,,8,1,val,current_repo_v1
4085,163.4,-0.15722643936505573,,8,1,val,current_repo_v1
4086,163.44,-0.21055615393152255,,8,1,val,current_repo_v1
4087,163.48,-0.2858162229525331,,8,1,val,current_repo_v1
4088,163.52,-0.30700111998589275,,8,1,val,current_repo_v1
4089,163.56,-0.16382892477434027,,8,1,val,current_repo_v1
4090,163.6,0.06594954033392586,,8,1,val,current_repo_v1
4091,163.64,-0.18777012897193876,,8,1,val,current_repo_v1
4092,163.68,0.1282237015188058,,8,1,val,current_repo_v1
4093,163.72,0.18474180843258925,,8,1,val,current_repo_v1
4094,163.76,0.5081306071908753,,8,1,val,current_repo_v1
4095,163.8,0.25534112027528005,,8,1,val,current_repo_v1
4096,163.84,0.5056888483461551,,8,1,val,current_repo_v1
4097,163.88,0.3076352417000549,,8,1,val,current_repo_v1
4098,163.92,0.1329279647996695,,8,1,val,current_repo_v1
4099,163.96,0.07532586721214035,,8,1,val,current_repo_v1
4100,164.0,-0.19508489205105106,,8,1,val,current_repo_v1
4101,164.04,0.10060737655368374,,8,1,val,current_repo_v1
4102,164.08,-0.12978836201154398,,8,1,val,current_repo_v1
4103,164.12,-0.022790604549325248,,8,1,val,current_repo_v1
4104,164.16,0.387918871195635,,8,1,val,current_repo_v1
4105,164.2,0.6811171433395908,,8,1,val,current_repo_v1
4106,164.24,0.3500180795788003,,8,1,val,current_repo_v1
4107,164.28,0.11244187395814334,,8,1,val,current_repo_v1
4108,164.32,0.39428720948739887,,8,1,val,current_repo_v1
4109,164.36,1.046603758428316,,8,1,val,current_repo_v1
4110,164.4,1.2987328756309588,,8,1,val,current_repo_v1
4111,164.44,1.1660150819254749,,8,1,val,current_repo_v1
4112,164.48,1.2416139514902769,,8,1,val,current_repo_v1
4113,164.52,1.4406153371992911,,8,1,val,current_repo_v1
4114,164.56,1.6741111194505975,,8,1,val,current_repo_v1
4115,164.6,1.6244407109205432,,8,1,val,current_repo_v1
4116,164.64,1.3335126679292792,,8,1,val,current_repo_v1
4117,164.68,1.5993810532999384,,8,1,val,current_repo_v1
4118,164.72,1.6204665536345513,,8,1,val,current_repo_v1
4119,164.76,1.946396917782857,,8,1,val,current_repo_v1
4120,164.8,1.6826588791544987,,8,1,val,current_repo_v1
4121,164.84,1.4967302442022572,,8,1,val,current_repo_v1
4122,164.88,1.1930127078804083,,8,1,val,current_repo_v1
4123,164.92,1.2396602307927909,,8,1,val,current_repo_v1
4124,164.96,1.6888648825725476,,8,1,val,current_repo_v1
4125,165.0,1.1697434025574853,,8,1,val,current_repo_v1
4126,165.04,1.384890889225177,,8,1,val,current_repo_v1
4127,165.08,1.435859549078982,,8,1,val,current_repo_v1
4128,165.12,1.595184509710548,,8,1,val,current_repo_v1
4129,165.16,0.852398575273594,,8,1,val,current_repo_v1
4130,165.2,0.45927205122354875,,8,1,val,current_repo_v1
4131,165.24,0.6341051064670864,,8,1,val,current_repo_v1
4132,165.28,0.9760112179634532,,8,1,val,current_repo_v1
4133,165.32,1.1179928267587176,,8,1,val,current_repo_v1
4134,165.36,1.1045715282379642,,8,1,val,current_repo_v1
4135,165.4,0.8847325459004974,,8,1,val,current_repo_v1
4136,165.44,1.2897560244057564,,8,1,val,current_repo_v1
4137,165.48,1.1613279341930418,,8,1,val,current_repo_v1
4138,165.52,0.9952928945223901,,8,1,val,current_repo_v1
4139,165.56,0.6976020983003057,,8,1,val,current_repo_v1
4140,165.6,0.505298531872626,,8,1,val,current_repo_v1
4141,165.64,0.471890691999888,,8,1,val,current_repo_v1
4142,165.68,0.3154430323626955,,8,1,val,current_repo_v1
4143,165.72,-0.0049404406980192855,,8,1,val,current_repo_v1
4144,165.76,0.27894379122031704,,8,1,val,current_repo_v1
4145,165.8,0.2959898082923148,,8,1,val,current_repo_v1
4146,165.84,-0.08771860235055196,,8,1,val,current_repo_v1
4147,165.88,0.06385705984921496,,8,1,val,current_repo_v1
4148,165.92,0.1541771275544399,,8,1,val,current_repo_v1
4149,165.96,0.31985077166265335,,8,1,val,current_repo_v1
4150,166.0,0.39714451709776466,,8,1,val,current_repo_v1
4151,166.04,0.5168381001338523,,8,1,val,current_repo_v1
4152,166.08,0.3690629004690854,,8,1,val,current_repo_v1
4153,166.12,0.3260651502059105,,8,1,val,current_repo_v1
4154,166.16,0.47224244725862907,,8,1,val,current_repo_v1
4155,166.2,0.3916307623267053,,8,1,val,current_repo_v1
4156,166.24,-0.1054402871035688,,8,1,val,current_repo_v1
4157,166.28,-0.4590624948991924,,8,1,val,current_repo_v1
4158,166.32,-0.12819489643391446,,8,1,val,current_repo_v1
4159,166.36,0.4919289096563483,,8,1,val,current_repo_v1
4160,166.4,0.4181301217900016,,8,1,val,current_repo_v1
4161,166.44,0.817581148370083,,8,1,val,current_repo_v1
4162,166.48,0.24320388882366983,,8,1,val,current_repo_v1
4163,166.52,-0.14827696767151774,,8,1,val,current_repo_v1
4164,166.56,-0.4834536749728664,,8,1,val,current_repo_v1
4165,166.6,-0.9882963505623558,,8,1,val,current_repo_v1
4166,166.64,-1.1306419030964512,,8,1,val,current_repo_v1
4167,166.68,-1.2648895292473985,,8,1,val,current_repo_v1
4168,166.72,-0.9714243579005336,,8,1,val,current_repo_v1
4169,166.76,-1.036822253684182,,8,1,val,current_repo_v1
4170,166.8,-1.3071345161291013,,8,1,val,current_repo_v1
4171,166.84,-1.4359130073249915,,8,1,val,current_repo_v1
4172,166.88,-1.4457074133258292,,8,1,val,current_repo_v1
4173,166.92,-1.447927855032071,,8,1,val,current_repo_v1
4174,166.96,-1.2340840367903925,,8,1,val,current_repo_v1
4175,167.0,-1.1558034877727805,,8,1,val,current_repo_v1
4176,167.04,-0.7845978382483201,,8,1,val,current_repo_v1
4177,167.08,-0.4798223988767781,,8,1,val,current_repo_v1
4178,167.12,-0.5194084082408096,,8,1,val,current_repo_v1
4179,167.16,-0.20150303560868021,,8,1,val,current_repo_v1
4180,167.2,0.5247932930001559,,8,1,val,current_repo_v1
4181,167.24,0.1407422328197849,,8,1,val,current_repo_v1
4182,167.28,-0.739275652171,,8,1,val,current_repo_v1
4183,167.32,-1.1245710421243138,,8,1,val,current_repo_v1
4184,167.36,-0.5060646954544311,,8,1,val,current_repo_v1
4185,167.4,-0.2836915962425553,,8,1,val,current_repo_v1
4186,167.44,-0.40011850623975337,,8,1,val,current_repo_v1
4187,167.48,-0.1697806985937844,,8,1,val,current_repo_v1
4188,167.52,-0.4636576231708281,,8,1,val,current_repo_v1
4189,167.56,-0.49318874232063387,,8,1,val,current_repo_v1
4190,167.6,0.5425557218463395,,8,1,val,current_repo_v1
4191,167.64,0.4495696290446776,,8,1,val,current_repo_v1
4192,167.68,0.5932411955516181,,8,1,val,current_repo_v1
4193,167.72,0.029503953451125373,,8,1,val,current_repo_v1
4194,167.76,-0.5796155439757867,,8,1,val,current_repo_v1
4195,167.8,-0.4284524814284271,,8,1,val,current_repo_v1
4196,167.84,-0.053893850526895166,,8,1,val,current_repo_v1
4197,167.88,-0.22891073976875104,,8,1,val,current_repo_v1
4198,167.92,-1.0905149319216365,,8,1,val,current_repo_v1
4199,167.96,-0.9678780804156001,,8,1,val,current_repo_v1
4200,168.0,-0.5990479015108084,,8,1,val,current_repo_v1
4201,168.04,-0.16759495128920263,,8,1,val,current_repo_v1
4202,168.08,-1.019530150486388,,8,1,val,current_repo_v1
4203,168.12,-1.4812125271060037,,8,1,val,current_repo_v1
4204,168.16,-1.9836718558942457,,8,1,val,current_repo_v1
4205,168.2,-1.867897831455559,,8,1,val,current_repo_v1
4206,168.24,-1.511571963958308,,8,1,val,current_repo_v1
4207,168.28,-1.442103472212867,,8,1,val,current_repo_v1
4208,168.32,-0.9575821647895338,,8,1,val,current_repo_v1
4209,168.36,-1.3319223207493336,,8,1,val,current_repo_v1
4210,168.4,-1.5463434880479123,,8,1,val,current_repo_v1
4211,168.44,-1.7590328932864354,,8,1,val,current_repo_v1
4212,168.48,-1.637087934039082,,8,1,val,current_repo_v1
4213,168.52,-1.0175839139433431,,8,1,val,current_repo_v1
4214,168.56,-0.6117249899694511,,8,1,val,current_repo_v1
4215,168.6,-0.5866134422113866,,8,1,val,current_repo_v1
4216,168.64,-1.1582450327845166,,8,1,val,current_repo_v1
4217,168.68,-0.7377647083057934,,8,1,val,current_repo_v1
4218,168.72,-1.0370949620164907,,8,1,val,current_repo_v1
4219,168.76,-0.7320706210515294,,8,1,val,current_repo_v1
4220,168.8,-0.5714247784387355,,8,1,val,current_repo_v1
4221,168.84,-0.8199576168770106,,8,1,val,current_repo_v1
4222,168.88,-1.0945758341214862,,8,1,val,current_repo_v1
4223,168.92,-1.1176399310573948,,8,1,val,current_repo_v1
4224,168.96,-0.45790241532196013,,8,1,val,current_repo_v1
4225,169.0,0.02757747863968864,,8,1,val,current_repo_v1
4226,169.04,0.11995641050259233,,8,1,val,current_repo_v1
4227,169.08,0.14114169065338164,,8,1,val,current_repo_v1
4228,169.12,-0.027674184606719446,,8,1,val,current_repo_v1
4229,169.16,-0.1265239876772328,,8,1,val,current_repo_v1
4230,169.2,0.05329044948477299,,8,1,val,current_repo_v1
4231,169.24,-0.1745626099769766,,8,1,val,current_repo_v1
4232,169.28,-0.17391147072116814,,8,1,val,current_repo_v1
4233,169.32,0.0456729523585101,,8,1,val,current_repo_v1
4234,169.36,0.15623475326275277,,8,1,val,current_repo_v1
4235,169.4,-0.25039174202675607,,8,1,val,current_repo_v1
4236,169.44,-0.6060773044727231,,8,1,val,current_repo_v1
4237,169.48,-0.6825940877603354,,8,1,val,current_repo_v1
4238,169.52,-0.5731752508848943,,8,1,val,current_repo_v1
4239,169.56,-0.2780867129814655,,8,1,val,current_repo_v1
4240,169.6,-0.9232576229142285,,8,1,val,current_repo_v1
4241,169.64,-1.2404170570009596,,8,1,val,current_repo_v1
4242,169.68,-1.3748140811300873,,8,1,val,current_repo_v1
4243,169.72,-0.5610874148525967,,8,1,val,current_repo_v1
4244,169.76,-0.3108829370616112,,8,1,val,current_repo_v1
4245,169.8,-0.1806320988541332,,8,1,val,current_repo_v1
4246,169.84,-0.6556786449489335,,8,1,val,current_repo_v1
4247,169.88,-0.740041174253853,,8,1,val,current_repo_v1
4248,169.92,-1.4105402982157562,,8,1,val,current_repo_v1
4249,169.96,-0.6473971073101585,,8,1,val,current_repo_v1
4250,170.0,-0.24269735412331647,,8,1,val,current_repo_v1
4251,170.04,-0.4605438585349404,,8,1,val,current_repo_v1
4252,170.08,-0.24980343402942384,,8,1,val,current_repo_v1
4253,170.12,-0.09823990685150105,,8,1,val,current_repo_v1
4254,170.16,0.4123457613776432,,8,1,val,current_repo_v1
4255,170.2,0.03804921843687946,,8,1,val,current_repo_v1
4256,170.24,-0.05769021459636779,,8,1,val,current_repo_v1
4257,170.28,0.2778632575131466,,8,1,val,current_repo_v1
4258,170.32,-0.053036852475412594,,8,1,val,current_repo_v1
4259,170.36,0.1378241342739989,,8,1,val,current_repo_v1
4260,170.4,0.5654947264865865,,8,1,val,current_repo_v1
4261,170.44,0.658996691362238,,8,1,val,current_repo_v1
4262,170.48,0.4700034377216067,,8,1,val,current_repo_v1
4263,170.52,0.12002528254286764,,8,1,val,current_repo_v1
4264,170.56,0.3955739138300118,,8,1,val,current_repo_v1
4265,170.6,0.5105169120150687,,8,1,val,current_repo_v1
4266,170.64,0.17087910517453725,,8,1,val,current_repo_v1
4267,170.68,0.09314733178133354,,8,1,val,current_repo_v1
4268,170.72,-0.12109475930282179,,8,1,val,current_repo_v1
4269,170.76,0.22065238518932878,,8,1,val,current_repo_v1
4270,170.8,-0.2045280060979465,,8,1,val,current_repo_v1
4271,170.84,0.15718267488098947,,8,1,val,current_repo_v1
4272,170.88,0.4681518222739983,,8,1,val,current_repo_v1
4273,170.92,0.5647473089297153,,8,1,val,current_repo_v1
4274,170.96,0.6374399031308071,,8,1,val,current_repo_v1
4275,171.0,0.8497347865137818,,8,1,val,current_repo_v1
4276,171.04,1.011773715378747,,8,1,val,current_repo_v1
4277,171.08,0.9875889910511609,,8,1,val,current_repo_v1
4278,171.12,0.594024822160453,,8,1,val,current_repo_v1
4279,171.16,0.16702387466650073,,8,1,val,current_repo_v1
4280,171.2,-0.04077786986851624,,8,1,val,current_repo_v1
4281,171.24,0.40105509470983614,,8,1,val,current_repo_v1
4282,171.28,0.6393933387176479,,8,1,val,current_repo_v1
4283,171.32,0.9224640174328053,,8,1,val,current_repo_v1
4284,171.36,0.6388278930301923,,8,1,val,current_repo_v1
4285,171.4,0.733965466400744,,8,1,val,current_repo_v1
4286,171.44,0.5876035602051399,,8,1,val,current_repo_v1
4287,171.48,0.53301652551195,,8,1,val,current_repo_v1
4288,171.52,0.5358660282183985,,8,1,val,current_repo_v1
4289,171.56,0.47105057784443666,,8,1,val,current_repo_v1
4290,171.6,0.6256934158186942,,8,1,val,current_repo_v1
4291,171.64,0.6614919797306289,,8,1,val,current_repo_v1
4292,171.68,0.8465541634315518,,8,1,val,current_repo_v1
4293,171.72,0.554996097191653,,8,1,val,current_repo_v1
4294,171.76,0.8117048754134193,,8,1,val,current_repo_v1
4295,171.8,0.5923626983755322,,8,1,val,current_repo_v1
4296,171.84,0.8392841270849339,,8,1,val,current_repo_v1
4297,171.88,0.6324960132622068,,8,1,val,current_repo_v1
4298,171.92,0.9849094499281913,,8,1,val,current_repo_v1
4299,171.96,0.8452953286545251,,8,1,val,current_repo_v1
4300,172.0,0.7110921084865963,,8,1,val,current_repo_v1
4301,172.04,0.761299879305536,,8,1,val,current_repo_v1
4302,172.08,0.676157501107833,,8,1,val,current_repo_v1
4303,172.12,0.7568550043440171,,8,1,val,current_repo_v1
4304,172.16,0.7519776165334523,,8,1,val,current_repo_v1
4305,172.2,0.20548961302716157,,8,1,val,current_repo_v1
4306,172.24,0.4473187161382105,,8,1,val,current_repo_v1
4307,172.28,0.3328712758936597,,8,1,val,current_repo_v1
4308,172.32,0.7192959534745045,,8,1,val,current_repo_v1
4309,172.36,0.7069875843580031,,8,1,val,current_repo_v1
4310,172.4,0.2662037645867061,,8,1,val,current_repo_v1
4311,172.44,0.38110636615719534,,8,1,val,current_repo_v1
4312,172.48,-0.09590650787144162,,8,1,val,current_repo_v1
4313,172.52,-0.27860299490200785,,8,1,val,current_repo_v1
4314,172.56,0.37566153688465725,,8,1,val,current_repo_v1
4315,172.6,0.03927485564313442,,8,1,val,current_repo_v1
4316,172.64,-0.18772408360270942,,8,1,val,current_repo_v1
4317,172.68,-0.007853629994880125,,8,1,val,current_repo_v1
4318,172.72,-0.34253460227528276,,8,1,val,current_repo_v1
4319,172.76,-0.17298787260486564,,8,1,val,current_repo_v1
4320,172.8,-0.33203900228095645,,8,1,val,current_repo_v1
4321,172.84,-0.9879732489234757,,8,1,val,current_repo_v1
4322,172.88,-0.7118698190495395,,8,1,val,current_repo_v1
4323,172.92,-0.40032734978749634,,8,1,val,current_repo_v1
4324,172.96,-0.3110734622503883,,8,1,val,current_repo_v1
4325,173.0,-0.3470859660628522,,8,1,val,current_repo_v1
4326,173.04,-0.8366448578406247,,8,1,val,current_repo_v1
4327,173.08,-0.9281527588624684,,8,1,val,current_repo_v1
4328,173.12,-0.4985694573367914,,8,1,val,current_repo_v1
4329,173.16,-0.9953900459748043,,8,1,val,current_repo_v1
4330,173.2,-1.444317784040233,,8,1,val,current_repo_v1
4331,173.24,-0.08435263061970011,,8,1,val,current_repo_v1
4332,173.28,0.02416322520298274,,8,1,val,current_repo_v1
4333,173.32,-0.2124692285426263,,8,1,val,current_repo_v1
4334,173.36,-0.8542421007066396,,8,1,val,current_repo_v1
4335,173.4,-1.0747605017120538,,8,1,val,current_repo_v1
4336,173.44,-0.9441548076675661,,8,1,val,current_repo_v1
4337,173.48,-1.081847354469013,,8,1,val,current_repo_v1
4338,173.52,-0.5725929836693612,,8,1,val,current_repo_v1
4339,173.56,-0.4851158343966179,,8,1,val,current_repo_v1
4340,173.6,-0.28197332347990944,,8,1,val,current_repo_v1
4341,173.64,-0.008836575673960581,,8,1,val,current_repo_v1
4342,173.68,0.35518959465890826,,8,1,val,current_repo_v1
4343,173.72,0.09946292460370156,,8,1,val,current_repo_v1
4344,173.76,-0.7225336699634723,,8,1,val,current_repo_v1
4345,173.8,-1.380659419581727,,8,1,val,current_repo_v1
4346,173.84,-0.9210922075625456,,8,1,val,current_repo_v1
4347,173.88,-0.8816251962541308,,8,1,val,current_repo_v1
4348,173.92,-1.0557997884621566,,8,1,val,current_repo_v1
4349,173.96,-0.7227011724676348,,8,1,val,current_repo_v1
4350,174.0,-0.4519875098728471,,8,1,val,current_repo_v1
4351,174.04,-0.7691640862371318,,8,1,val,current_repo_v1
4352,174.08,-1.0399755774221164,,8,1,val,current_repo_v1
4353,174.12,-1.279849142255315,,8,1,val,current_repo_v1
4354,174.16,-1.1446489614381437,,8,1,val,current_repo_v1
4355,174.2,-1.4109139357165303,,8,1,val,current_repo_v1
4356,174.24,-1.4121473243684568,,8,1,val,current_repo_v1
4357,174.28,-1.4188826356996591,,8,1,val,current_repo_v1
4358,174.32,-1.766380194617952,,8,1,val,current_repo_v1
4359,174.36,-1.612610472356349,,8,1,val,current_repo_v1
4360,174.4,-1.6240665031984782,,8,1,val,current_repo_v1
4361,174.44,-1.447350791085816,,8,1,val,current_repo_v1
4362,174.48,-1.6344798844104422,,8,1,val,current_repo_v1
4363,174.52,-1.6282423762660783,,8,1,val,current_repo_v1
4364,174.56,-1.3582083818110529,,8,1,val,current_repo_v1
4365,174.6,-0.777150035414306,,8,1,val,current_repo_v1
4366,174.64,-0.6289408260696051,,8,1,val,current_repo_v1
4367,174.68,-0.15840474820417713,,8,1,val,current_repo_v1
4368,174.72,0.0905322791224665,,8,1,val,current_repo_v1
4369,174.76,0.3866432148905307,,8,1,val,current_repo_v1
4370,174.8,0.22628994925814566,,8,1,val,current_repo_v1
4371,174.84,0.213188919089234,,8,1,val,current_repo_v1
4372,174.88,-0.20036088236327643,,8,1,val,current_repo_v1
4373,174.92,-0.4966414678750511,,8,1,val,current_repo_v1
4374,174.96,-0.7635714983726241,,8,1,val,current_repo_v1
4375,175.0,-0.7301672223829534,,8,1,val,current_repo_v1
4376,175.04,-0.4686771386381163,,8,1,val,current_repo_v1
4377,175.08,-0.38436639255416444,,8,1,val,current_repo_v1
4378,175.12,-0.29961910643330075,,8,1,val,current_repo_v1
4379,175.16,-0.3762771620457002,,8,1,val,current_repo_v1
4380,175.2,-0.3227369110870335,,8,1,val,current_repo_v1
4381,175.24,-0.6486406886676572,,8,1,val,current_repo_v1
4382,175.28,-0.912453853951074,,8,1,val,current_repo_v1
4383,175.32,-1.3572809168816222,,8,1,val,current_repo_v1
4384,175.36,-1.4786368375356147,,8,1,val,current_repo_v1
4385,175.4,-1.3714432179697256,,8,1,val,current_repo_v1
4386,175.44,-0.8664047782833503,,8,1,val,current_repo_v1
4387,175.48,-0.09473311719095306,,8,1,val,current_repo_v1
4388,175.52,-0.00775401500829565,,8,1,val,current_repo_v1
4389,175.56,0.2172465959749077,,8,1,val,current_repo_v1
4390,175.6,0.2731456920387343,,8,1,val,current_repo_v1
4391,175.64,0.4966165206935801,,8,1,val,current_repo_v1
4392,175.68,0.5883054313364112,,8,1,val,current_repo_v1
4393,175.72,0.6585693817824704,,8,1,val,current_repo_v1
4394,175.76,0.7631972193728978,,8,1,val,current_repo_v1
4395,175.8,1.0333972195011976,,8,1,val,current_repo_v1
4396,175.84,1.0178955398787468,,8,1,val,current_repo_v1
4397,175.88,0.9131757541051835,,8,1,val,current_repo_v1
4398,175.92,1.2699221598043742,,8,1,val,current_repo_v1
4399,175.96,1.5207673524931964,,8,1,val,current_repo_v1
4400,176.0,1.8223264586741743,,8,1,val,current_repo_v1
4401,176.04,1.785486171741672,,8,1,val,current_repo_v1
4402,176.08,1.4417207111714405,,8,1,val,current_repo_v1
4403,176.12,1.3527787346803812,,8,1,val,current_repo_v1
4404,176.16,0.7734920658340438,,8,1,val,current_repo_v1
4405,176.2,1.022394086919259,,8,1,val,current_repo_v1
4406,176.24,0.8661263677381339,,8,1,val,current_repo_v1
4407,176.28,0.7632962240445069,,8,1,val,current_repo_v1
4408,176.32,0.5503780175130639,,8,1,val,current_repo_v1
4409,176.36,0.1004066586593342,,8,1,val,current_repo_v1
4410,176.4,-0.3020411926434896,,8,1,val,current_repo_v1
4411,176.44,-0.2718028921766423,,8,1,val,current_repo_v1
4412,176.48,0.06265093490275339,,8,1,val,current_repo_v1
4413,176.52,0.010943661396966608,,8,1,val,current_repo_v1
4414,176.56,-0.06323443165794478,,8,1,val,current_repo_v1
4415,176.6,-0.1022142601510616,,8,1,val,current_repo_v1
4416,176.64,-0.6985560072420955,,8,1,val,current_repo_v1
4417,176.68,-0.7575447582728596,,8,1,val,current_repo_v1
4418,176.72,-0.6716057809319569,,8,1,val,current_repo_v1
4419,176.76,-0.5963504696948411,,8,1,val,current_repo_v1
4420,176.8,-1.0143977312035284,,8,1,val,current_repo_v1
4421,176.84,-0.43577422971835134,,8,1,val,current_repo_v1
4422,176.88,-0.10367456123788199,,8,1,val,current_repo_v1
4423,176.92,-0.08062821243964831,,8,1,val,current_repo_v1
4424,176.96,0.03803150593803505,,8,1,val,current_repo_v1
4425,177.0,0.30097833579633293,,8,1,val,current_repo_v1
4426,177.04,-0.10747227067321252,,8,1,val,current_repo_v1
4427,177.08,-0.0810012797191318,,8,1,val,current_repo_v1
4428,177.12,0.3855959322123781,,8,1,val,current_repo_v1
4429,177.16,0.4714220057377092,,8,1,val,current_repo_v1
4430,177.2,0.22874448462366215,,8,1,val,current_repo_v1
4431,177.24,0.2349851646239558,,8,1,val,current_repo_v1
4432,177.28,0.3918589933983343,,8,1,val,current_repo_v1
4433,177.32,0.09792954609458646,,8,1,val,current_repo_v1
4434,177.36,-0.054892397104102666,,8,1,val,current_repo_v1
4435,177.4,0.010959289024216657,,8,1,val,current_repo_v1
4436,177.44,0.6252336749030143,,8,1,val,current_repo_v1
4437,177.48,0.5668380965699693,,8,1,val,current_repo_v1
4438,177.52,0.40866722819208273,,8,1,val,current_repo_v1
4439,177.56,0.3512990104308442,,8,1,val,current_repo_v1
4440,177.6,0.1351002228068416,,8,1,val,current_repo_v1
4441,177.64,0.4337721471276421,,8,1,val,current_repo_v1
4442,177.68,0.7906421126527756,,8,1,val,current_repo_v1
4443,177.72,0.7954431620880392,,8,1,val,current_repo_v1
4444,177.76,0.6611379435867247,,8,1,val,current_repo_v1
4445,177.8,0.24247527074997857,,8,1,val,current_repo_v1
4446,177.84,0.07164977528648096,,8,1,val,current_repo_v1
4447,177.88,0.08561383537896658,,8,1,val,current_repo_v1
4448,177.92,-0.09089727420680259,,8,1,val,current_repo_v1
4449,177.96,-0.12383849486954085,,8,1,val,current_repo_v1
4450,178.0,-0.0012196754981114622,,8,1,val,current_repo_v1
4451,178.04,0.42378910479605286,,8,1,val,current_repo_v1
4452,178.08,1.030691519476514,,8,1,val,current_repo_v1
4453,178.12,0.7943071387215112,,8,1,val,current_repo_v1
4454,178.16,0.849156724680268,,8,1,val,current_repo_v1
4455,178.2,0.7837589714519424,,8,1,val,current_repo_v1
4456,178.24,0.5630043562768284,,8,1,val,current_repo_v1
4457,178.28,0.5794354966032275,,8,1,val,current_repo_v1
4458,178.32,0.15343478853093961,,8,1,val,current_repo_v1
4459,178.36,0.1361375622512365,,8,1,val,current_repo_v1
4460,178.4,0.36497006587695296,,8,1,val,current_repo_v1
4461,178.44,1.0034556835773631,,8,1,val,current_repo_v1
4462,178.48,1.3665812261340116,,8,1,val,current_repo_v1
4463,178.52,1.5607669504871864,,8,1,val,current_repo_v1
4464,178.56,1.2271711015271167,,8,1,val,current_repo_v1
4465,178.6,0.8238785297499772,,8,1,val,current_repo_v1
4466,178.64,0.959657342621953,,8,1,val,current_repo_v1
4467,178.68,0.6911263089340632,,8,1,val,current_repo_v1
4468,178.72,0.7100790390858897,,8,1,val,current_repo_v1
4469,178.76,0.9566499955344545,,8,1,val,current_repo_v1
4470,178.8,1.1001332108212891,,8,1,val,current_repo_v1
4471,178.84,0.9076959275009246,,8,1,val,current_repo_v1
4472,178.88,0.5964536084708083,,8,1,val,current_repo_v1
4473,178.92,0.7682482395665007,,8,1,val,current_repo_v1
4474,178.96,0.7672006005000414,,8,1,val,current_repo_v1
4475,179.0,0.3899869212619197,,8,1,val,current_repo_v1
4476,179.04,0.1109199711525049,,8,1,val,current_repo_v1
4477,179.08,0.08488127921448596,,8,1,val,current_repo_v1
4478,179.12,0.49472035670763065,,8,1,val,current_repo_v1
4479,179.16,0.6714240941731866,,8,1,val,current_repo_v1
4480,179.2,0.7681088204609084,,8,1,val,current_repo_v1
4481,179.24,0.8210291339600208,,8,1,val,current_repo_v1
4482,179.28,1.2671429012331819,,8,1,val,current_repo_v1
4483,179.32,0.8202028833097013,,8,1,val,current_repo_v1
4484,179.36,0.8110730702232509,,8,1,val,current_repo_v1
4485,179.4,0.7961235786432453,,8,1,val,current_repo_v1
4486,179.44,0.7997926675386776,,8,1,val,current_repo_v1
4487,179.48,1.0579304203151028,,8,1,val,current_repo_v1
4488,179.52,1.1369414940838471,,8,1,val,current_repo_v1
4489,179.56,1.509228782119229,,8,1,val,current_repo_v1
4490,179.6,1.7849417529643132,,8,1,val,current_repo_v1
4491,179.64,1.2440053170284258,,8,1,val,current_repo_v1
4492,179.68,0.7504750834322845,,8,1,val,current_repo_v1
4493,179.72,0.6829227490568005,,8,1,val,current_repo_v1
4494,179.76,0.602377922571219,,8,1,val,current_repo_v1
4495,179.8,-0.0711930280325776,,8,1,val,current_repo_v1
4496,179.84,-0.16507696098567312,,8,1,val,current_repo_v1
4497,179.88,0.20900990980453454,,8,1,val,current_repo_v1
4498,179.92,0.07045956307791483,,8,1,val,current_repo_v1
4499,179.96,0.1970518703935475,,8,1,val,current_repo_v1
4500,180.0,-0.313233888165777,,8,1,val,current_repo_v1
4501,180.04,-0.7912443376134857,,8,1,val,current_repo_v1
4502,180.08,0.07713243517777825,,8,1,val,current_repo_v1
4503,180.12,0.9507779992374715,,8,1,val,current_repo_v1
4504,180.16,1.2642165255689721,,8,1,val,current_repo_v1
4505,180.2,0.01651050020631319,,8,1,val,current_repo_v1
4506,180.24,-0.10121760243187976,,8,1,val,current_repo_v1
4507,180.28,0.20336354294454148,,8,1,val,current_repo_v1
4508,180.32,0.43589105380529697,,8,1,val,current_repo_v1
4509,180.36,0.40568842780795317,,8,1,val,current_repo_v1
4510,180.4,0.19692061258017934,,8,1,val,current_repo_v1
4511,180.44,0.3559672695830207,,8,1,val,current_repo_v1
4512,180.48,0.5517195343772517,,8,1,val,current_repo_v1
4513,180.52,0.4453853095742079,,8,1,val,current_repo_v1
4514,180.56,0.18795687644466455,,8,1,val,current_repo_v1
4515,180.6,0.030853239580399813,,8,1,val,current_repo_v1
4516,180.64,0.822506220936088,,8,1,val,current_repo_v1
4517,180.68,1.554792599468511,,8,1,val,current_repo_v1
4518,180.72,1.349141578177232,,8,1,val,current_repo_v1
4519,180.76,1.2316586005301204,,8,1,val,current_repo_v1
4520,180.8,0.6841634793078455,,8,1,val,current_repo_v1
4521,180.84,-0.9421351551333352,,8,1,val,current_repo_v1
4522,180.88,-1.2501632793027277,,8,1,val,current_repo_v1
4523,180.92,0.11017893294632414,,8,1,val,current_repo_v1
4524,180.96,0.31265504227798846,,8,1,val,current_repo_v1
4525,181.0,0.14762330696843917,,8,1,val,current_repo_v1
4526,181.04,0.046511872613133866,,8,1,val,current_repo_v1
4527,181.08,-0.2975268932398199,,8,1,val,current_repo_v1
4528,181.12,0.022197904066112596,,8,1,val,current_repo_v1
4529,181.16,0.8244110451578911,,8,1,val,current_repo_v1
4530,181.2,1.025732447466047,,8,1,val,current_repo_v1
4531,181.24,1.5500643245254815,,8,1,val,current_repo_v1
4532,181.28,1.9133143891565008,,8,1,val,current_repo_v1
4533,181.32,1.6199132964271858,,8,1,val,current_repo_v1
4534,181.36,1.6215531103041054,,8,1,val,current_repo_v1
4535,181.4,1.409517606330768,,8,1,val,current_repo_v1
4536,181.44,1.2000308489718303,,8,1,val,current_repo_v1
4537,181.48,0.6560505717858355,,8,1,val,current_repo_v1
4538,181.52,0.6107668756456419,,8,1,val,current_repo_v1
4539,181.56,0.7367227714522417,,8,1,val,current_repo_v1
4540,181.6,0.6399827336993156,,8,1,val,current_repo_v1
4541,181.64,0.5508568252031538,,8,1,val,current_repo_v1
4542,181.68,0.07781206767870967,,8,1,val,current_repo_v1
4543,181.72,0.6843815889515633,,8,1,val,current_repo_v1
4544,181.76,1.0705114977639127,,8,1,val,current_repo_v1
4545,181.8,1.6816895029601968,,8,1,val,current_repo_v1
4546,181.84,1.149166896002542,,8,1,val,current_repo_v1
4547,181.88,1.040158761011775,,8,1,val,current_repo_v1
4548,181.92,0.7306373698371897,,8,1,val,current_repo_v1
4549,181.96,0.5510253255945751,,8,1,val,current_repo_v1
4550,182.0,0.9518493737651591,,8,1,val,current_repo_v1
4551,182.04,1.3470656875681994,,8,1,val,current_repo_v1
4552,182.08,1.3118687783956837,,8,1,val,current_repo_v1
4553,182.12,1.1168971465485111,,8,1,val,current_repo_v1
4554,182.16,1.3396515277903405,,8,1,val,current_repo_v1
4555,182.2,1.4351968093837897,,8,1,val,current_repo_v1
4556,182.24,1.0054325695147865,,8,1,val,current_repo_v1
4557,182.28,1.1856813727450333,,8,1,val,current_repo_v1
4558,182.32,0.8645477100946489,,8,1,val,current_repo_v1
4559,182.36,-0.04652235042935168,,8,1,val,current_repo_v1
4560,182.4,-0.7260718217950124,,8,1,val,current_repo_v1
4561,182.44,-1.0885215095667808,,8,1,val,current_repo_v1
4562,182.48,-1.25124285076147,,8,1,val,current_repo_v1
4563,182.52,-0.057349070799459514,,8,1,val,current_repo_v1
4564,182.56,0.25184307994766225,,8,1,val,current_repo_v1
4565,182.6,-0.04251415806006725,,8,1,val,current_repo_v1
4566,182.64,-0.1274087572875172,,8,1,val,current_repo_v1
4567,182.68,0.39309544698969845,,8,1,val,current_repo_v1
4568,182.72,0.4155545034972741,,8,1,val,current_repo_v1
4569,182.76,0.5642145796888174,,8,1,val,current_repo_v1
4570,182.8,0.8966222300342539,,8,1,val,current_repo_v1
4571,182.84,1.8568794454540924,,8,1,val,current_repo_v1
4572,182.88,1.7164014389249163,,8,1,val,current_repo_v1
4573,182.92,1.41450290852061,,8,1,val,current_repo_v1
4574,182.96,1.177090561333679,,8,1,val,current_repo_v1
4575,183.0,1.1378346744581704,,8,1,val,current_repo_v1
4576,183.04,0.9101735390093018,,8,1,val,current_repo_v1
4577,183.08,1.0485274712303758,,8,1,val,current_repo_v1
4578,183.12,1.0869759247581603,,8,1,val,current_repo_v1
4579,183.16,1.1891377690990097,,8,1,val,current_repo_v1
4580,183.2,1.1366384214678051,,8,1,val,current_repo_v1
4581,183.24,1.163878320193653,,8,1,val,current_repo_v1
4582,183.28,1.2091633706094118,,8,1,val,current_repo_v1
4583,183.32,1.3859254132019487,,8,1,val,current_repo_v1
4584,183.36,0.5616913148383483,,8,1,val,current_repo_v1
4585,183.4,0.08642248044693375,,8,1,val,current_repo_v1
4586,183.44,0.04688775536024051,,8,1,val,current_repo_v1
4587,183.48,0.03467735738925893,,8,1,val,current_repo_v1
4588,183.52,0.2307902247819456,,8,1,val,current_repo_v1
4589,183.56,0.3675781867832541,,8,1,val,current_repo_v1
4590,183.6,0.45283425285080353,,8,1,val,current_repo_v1
4591,183.64,0.33289964440287534,,8,1,val,current_repo_v1
4592,183.68,0.21176653771824952,,8,1,val,current_repo_v1
4593,183.72,-0.07705183796221157,,8,1,val,current_repo_v1
4594,183.76,-0.11618156337713845,,8,1,val,current_repo_v1
4595,183.8,0.13211363533821,,8,1,val,current_repo_v1
4596,183.84,0.6864906949507831,,8,1,val,current_repo_v1
4597,183.88,0.6666146339738843,,8,1,val,current_repo_v1
4598,183.92,0.42320551894378483,,8,1,val,current_repo_v1
4599,183.96,0.49610795457987844,,8,1,val,current_repo_v1
4600,184.0,0.40145635230438187,,8,1,val,current_repo_v1
4601,184.04,0.46386924654736356,,8,1,val,current_repo_v1
4602,184.08,0.5846126069797509,,8,1,val,current_repo_v1
4603,184.12,0.7065784505818787,,8,1,val,current_repo_v1
4604,184.16,0.6016459009891985,,8,1,val,current_repo_v1
4605,184.2,0.6251907657508842,,8,1,val,current_repo_v1
4606,184.24,0.26234566515280044,,8,1,val,current_repo_v1
4607,184.28,0.012119582434432927,,8,1,val,current_repo_v1
4608,184.32,0.10557207949939702,,8,1,val,current_repo_v1
4609,184.36,0.2672464320362866,,8,1,val,current_repo_v1
4610,184.4,0.2784553075876995,,8,1,val,current_repo_v1
4611,184.44,0.0579479278906709,,8,1,val,current_repo_v1
4612,184.48,0.0027751523096706475,,8,1,val,current_repo_v1
4613,184.52,0.20625893064548123,,8,1,val,current_repo_v1
4614,184.56,0.5210960137896615,,8,1,val,current_repo_v1
4615,184.6,0.3799544122333565,,8,1,val,current_repo_v1
4616,184.64,0.00655187047373486,,8,1,val,current_repo_v1
4617,184.68,-0.23019683825124249,,8,1,val,current_repo_v1
4618,184.72,0.011570815719732244,,8,1,val,current_repo_v1
4619,184.76,0.10503126024393639,,8,1,val,current_repo_v1
4620,184.8,0.1517978613993045,,8,1,val,current_repo_v1
4621,184.84,0.07455205910115591,,8,1,val,current_repo_v1
4622,184.88,-0.05640774236489729,,8,1,val,current_repo_v1
4623,184.92,0.06497545981397529,,8,1,val,current_repo_v1
4624,184.96,0.41199871044455094,,8,1,val,current_repo_v1
4625,185.0,0.6507730311844758,,8,1,val,current_repo_v1
4626,185.04,0.7037623414597708,,8,1,val,current_repo_v1
4627,185.08,0.49587191860433205,,8,1,val,current_repo_v1
4628,185.12,0.6850099728139872,,8,1,val,current_repo_v1
4629,185.16,0.7130669986495022,,8,1,val,current_repo_v1
4630,185.2,0.521622898262329,,8,1,val,current_repo_v1
4631,185.24,0.17145648987026824,,8,1,val,current_repo_v1
4632,185.28,0.96874830938297,,8,1,val,current_repo_v1
4633,185.32,0.8530413572236096,,8,1,val,current_repo_v1
4634,185.36,1.370435922059588,,8,1,val,current_repo_v1
4635,185.4,1.3892684780743856,,8,1,val,current_repo_v1
4636,185.44,1.0982600338811235,,8,1,val,current_repo_v1
4637,185.48,0.7229827905076117,,8,1,val,current_repo_v1
4638,185.52,0.8304769879713957,,8,1,val,current_repo_v1
4639,185.56,1.2029242943564984,,8,1,val,current_repo_v1
4640,185.6,1.4450010517018932,,8,1,val,current_repo_v1
4641,185.64,1.2712309602220042,,8,1,val,current_repo_v1
4642,185.68,1.5083775842874383,,8,1,val,current_repo_v1
4643,185.72,1.3771488522051276,,8,1,val,current_repo_v1
4644,185.76,1.5936691466303379,,8,1,val,current_repo_v1
4645,185.8,1.3323278906423905,,8,1,val,current_repo_v1
4646,185.84,1.6043570893938055,,8,1,val,current_repo_v1
4647,185.88,1.1524049688798166,,8,1,val,current_repo_v1
4648,185.92,1.5326166934706311,,8,1,val,current_repo_v1
4649,185.96,1.349160110369182,,8,1,val,current_repo_v1
4650,186.0,1.3985553871264418,,8,1,val,current_repo_v1
4651,186.04,1.2285518923827061,,8,1,val,current_repo_v1
4652,186.08,1.3501656956154473,,8,1,val,current_repo_v1
4653,186.12,1.1746146604891743,,8,1,val,current_repo_v1
4654,186.16,0.6684825363671102,,8,1,val,current_repo_v1
4655,186.2,0.02208783353757947,,8,1,val,current_repo_v1
4656,186.24,0.028003808151612717,,8,1,val,current_repo_v1
4657,186.28,0.5663395093288559,,8,1,val,current_repo_v1
4658,186.32,0.12254311247165911,,8,1,val,current_repo_v1
4659,186.36,0.6661085625783297,,8,1,val,current_repo_v1
4660,186.4,0.7702310415498158,,8,1,val,current_repo_v1
4661,186.44,1.0387569432460888,,8,1,val,current_repo_v1
4662,186.48,0.8783919702578277,,8,1,val,current_repo_v1
4663,186.52,1.1792137803098455,,8,1,val,current_repo_v1
4664,186.56,1.097643482110483,,8,1,val,current_repo_v1
4665,186.6,1.2371609508753645,,8,1,val,current_repo_v1
4666,186.64,1.451228866084314,,8,1,val,current_repo_v1
4667,186.68,1.9345554173481703,,8,1,val,current_repo_v1
4668,186.72,1.6648066760938502,,8,1,val,current_repo_v1
4669,186.76,1.1378776548879619,,8,1,val,current_repo_v1
4670,186.8,1.592617658570166,,8,1,val,current_repo_v1
4671,186.84,1.2032139667722075,,8,1,val,current_repo_v1
4672,186.88,1.0810407051755637,,8,1,val,current_repo_v1
4673,186.92,0.9916197428002612,,8,1,val,current_repo_v1
4674,186.96,0.4973781225050591,,8,1,val,current_repo_v1
4675,187.0,-0.17876897206421746,,8,1,val,current_repo_v1
4676,187.04,-0.8482906298172562,,8,1,val,current_repo_v1
4677,187.08,0.5069259790753021,,8,1,val,current_repo_v1
4678,187.12,0.4325451734652369,,8,1,val,current_repo_v1
4679,187.16,0.41852175690026566,,8,1,val,current_repo_v1
4680,187.2,0.297103699944995,,8,1,val,current_repo_v1
4681,187.24,0.2133353590444688,,8,1,val,current_repo_v1
4682,187.28,0.1788256378049873,,8,1,val,current_repo_v1
4683,187.32,-0.20883064648625008,,8,1,val,current_repo_v1
4684,187.36,-1.0864686416423628,,8,1,val,current_repo_v1
4685,187.4,-0.9311000901591139,,8,1,val,current_repo_v1
4686,187.44,-0.34020984571166146,,8,1,val,current_repo_v1
4687,187.48,-0.000488010304397667,,8,1,val,current_repo_v1
4688,187.52,0.7534889167869655,,8,1,val,current_repo_v1
4689,187.56,1.5859289628294837,,8,1,val,current_repo_v1
4690,187.6,1.7899210678306023,,8,1,val,current_repo_v1
4691,187.64,1.810092360880795,,8,1,val,current_repo_v1
4692,187.68,1.426060296197173,,8,1,val,current_repo_v1
4693,187.72,1.1536775602454832,,8,1,val,current_repo_v1
4694,187.76,0.7768883038418446,,8,1,val,current_repo_v1
4695,187.8,0.337680415343486,,8,1,val,current_repo_v1
4696,187.84,-0.2958907145236289,,8,1,val,current_repo_v1
4697,187.88,-0.42121794135715945,,8,1,val,current_repo_v1
4698,187.92,-0.639756640957527,,8,1,val,current_repo_v1
4699,187.96,-0.4787042662032478,,8,1,val,current_repo_v1
4700,188.0,-0.9119844905511124,,8,1,val,current_repo_v1
4701,188.04,-0.9095616202866488,,8,1,val,current_repo_v1
4702,188.08,-1.5086478691792613,,8,1,val,current_repo_v1
4703,188.12,-1.5557547053413554,,8,1,val,current_repo_v1
4704,188.16,-1.3712958157660626,,8,1,val,current_repo_v1
4705,188.2,-0.972374275293288,,8,1,val,current_repo_v1
4706,188.24,-0.8845491484778548,,8,1,val,current_repo_v1
4707,188.28,0.015269698677606932,,8,1,val,current_repo_v1
4708,188.32,-0.3641343352976744,,8,1,val,current_repo_v1
4709,188.36,0.3698067541428893,,8,1,val,current_repo_v1
4710,188.4,0.4293389973414145,,8,1,val,current_repo_v1
4711,188.44,0.600006728611231,,8,1,val,current_repo_v1
4712,188.48,-0.9130307753420063,,8,1,val,current_repo_v1
4713,188.52,-1.1052674833233438,,8,1,val,current_repo_v1
4714,188.56,-1.2274124476884334,,8,1,val,current_repo_v1
4715,188.6,-1.419318712431772,,8,1,val,current_repo_v1
4716,188.64,-1.8092773721009683,,8,1,val,current_repo_v1
4717,188.68,-1.9634652091240254,,8,1,val,current_repo_v1
4718,188.72,-2.312709783521902,,8,1,val,current_repo_v1
4719,188.76,-1.8122473696939216,,8,1,val,current_repo_v1
4720,188.8,-1.6611039441422628,,8,1,val,current_repo_v1
4721,188.84,-1.8340195590179393,,8,1,val,current_repo_v1
4722,188.88,-1.3131339568845704,,8,1,val,current_repo_v1
4723,188.92,-0.5496311345386529,,8,1,val,current_repo_v1
4724,188.96,-0.9649348119456513,,8,1,val,current_repo_v1
4725,189.0,-0.23980045177207315,,8,1,val,current_repo_v1
4726,189.04,0.15759800981365096,,8,1,val,current_repo_v1
4727,189.08,1.161370843345172,,8,1,val,current_repo_v1
4728,189.12,2.146517790440967,,8,1,val,current_repo_v1
4729,189.16,1.7615743695793784,,8,1,val,current_repo_v1
4730,189.2,1.795486427628476,,8,1,val,current_repo_v1
4731,189.24,1.741090595261846,,8,1,val,current_repo_v1
4732,189.28,1.570738410198807,,8,1,val,current_repo_v1
4733,189.32,1.3174308594211355,,8,1,val,current_repo_v1
4734,189.36,1.8357718490444623,,8,1,val,current_repo_v1
4735,189.4,1.5045947362444982,,8,1,val,current_repo_v1
4736,189.44,1.5537317027570414,,8,1,val,current_repo_v1
4737,189.48,1.8748867487058294,,8,1,val,current_repo_v1
4738,189.52,2.2990127830070635,,8,1,val,current_repo_v1
4739,189.56,2.3882814962977315,,8,1,val,current_repo_v1
4740,189.6,1.8435394034672734,,8,1,val,current_repo_v1
4741,189.64,1.5330466403238685,,8,1,val,current_repo_v1
4742,189.68,2.124225559299771,,8,1,val,current_repo_v1
4743,189.72,2.1114812560064795,,8,1,val,current_repo_v1
4744,189.76,2.548559581816812,,8,1,val,current_repo_v1
4745,189.8,2.7864011630803667,,8,1,val,current_repo_v1
4746,189.84,2.9997158159642145,,8,1,val,current_repo_v1
4747,189.88,3.0178049459711764,,8,1,val,current_repo_v1
4748,189.92,3.0247987101024183,,8,1,val,current_repo_v1
4749,189.96,2.6495260997768937,,8,1,val,current_repo_v1
4750,190.0,2.869084390683981,,8,1,val,current_repo_v1
4751,190.04,2.0907601270766656,,8,1,val,current_repo_v1
4752,190.08,2.0852667577167514,,8,1,val,current_repo_v1
4753,190.12,1.906626406192432,,8,1,val,current_repo_v1
4754,190.16,1.6222822807796722,,8,1,val,current_repo_v1
4755,190.2,1.2757837495628006,,8,1,val,current_repo_v1
4756,190.24,0.6573871704913903,,8,1,val,current_repo_v1
4757,190.28,0.8568783762891723,,8,1,val,current_repo_v1
4758,190.32,0.9718044816684903,,8,1,val,current_repo_v1
4759,190.36,0.5230306677127377,,8,1,val,current_repo_v1
4760,190.4,1.209004849090579,,8,1,val,current_repo_v1
4761,190.44,0.5783113766061441,,8,1,val,current_repo_v1
4762,190.48,0.6435723480023473,,8,1,val,current_repo_v1
4763,190.52,0.8376889330240168,,8,1,val,current_repo_v1
4764,190.56,1.0386495278104408,,8,1,val,current_repo_v1
4765,190.6,0.838365429307849,,8,1,val,current_repo_v1
4766,190.64,1.586484500922012,,8,1,val,current_repo_v1
4767,190.68,2.116837344590642,,8,1,val,current_repo_v1
4768,190.72,1.8483428050653612,,8,1,val,current_repo_v1
4769,190.76,1.7612966718107754,,8,1,val,current_repo_v1
4770,190.8,1.5185020058603067,,8,1,val,current_repo_v1
4771,190.84,1.1680095734452507,,8,1,val,current_repo_v1
4772,190.88,1.4393788123302655,,8,1,val,current_repo_v1
4773,190.92,1.4584809404602725,,8,1,val,current_repo_v1
4774,190.96,1.3349045781000384,,8,1,val,current_repo_v1
4775,191.0,1.2926919512765864,,8,1,val,current_repo_v1
4776,191.04,1.4049019500926645,,8,1,val,current_repo_v1
4777,191.08,0.9289442260140512,,8,1,val,current_repo_v1
4778,191.12,1.0655870666968599,,8,1,val,current_repo_v1
4779,191.16,0.9799284243980299,,8,1,val,current_repo_v1
4780,191.2,0.2740351303358368,,8,1,val,current_repo_v1
4781,191.24,1.1297176456617815,,8,1,val,current_repo_v1
4782,191.28,1.572015848445445,,8,1,val,current_repo_v1
4783,191.32,2.1339583814012064,,8,1,val,current_repo_v1
4784,191.36,2.249171165534457,,8,1,val,current_repo_v1
4785,191.4,1.9738255597559482,,8,1,val,current_repo_v1
4786,191.44,1.572993777959108,,8,1,val,current_repo_v1
4787,191.48,2.376071205243242,,8,1,val,current_repo_v1
4788,191.52,2.9546369718227288,,8,1,val,current_repo_v1
4789,191.56,3.1002580892839666,,8,1,val,current_repo_v1
4790,191.6,3.192043474241429,,8,1,val,current_repo_v1
4791,191.64,2.903739304519624,,8,1,val,current_repo_v1
4792,191.68,2.5598491080420374,,8,1,val,current_repo_v1
4793,191.72,2.477981011773573,,8,1,val,current_repo_v1
4794,191.76,2.4655513280774612,,8,1,val,current_repo_v1
4795,191.8,2.4598399916291513,,8,1,val,current_repo_v1
4796,191.84,2.6413360113776254,,8,1,val,current_repo_v1
4797,191.88,2.1980097708843727,,8,1,val,current_repo_v1
4798,191.92,2.2166121000530237,,8,1,val,current_repo_v1
4799,191.96,2.4177816096648517,,8,1,val,current_repo_v1
4800,192.0,1.595209884557987,,8,1,val,current_repo_v1
4801,192.04,1.472122629509907,,8,1,val,current_repo_v1
4802,192.08,1.3568657957819448,,8,1,val,current_repo_v1
4803,192.12,1.2340434085234255,,8,1,val,current_repo_v1
4804,192.16,0.9127238537322516,,8,1,val,current_repo_v1
4805,192.2,1.3967218405659845,,8,1,val,current_repo_v1
4806,192.24,1.534499421617417,,8,1,val,current_repo_v1
4807,192.28,-0.4871180951814804,,8,1,val,current_repo_v1
4808,192.32,-1.7363831333959294,,8,1,val,current_repo_v1
4809,192.36,0.4862290132726846,,8,1,val,current_repo_v1
4810,192.4,0.7812614734760498,,8,1,val,current_repo_v1
4811,192.44,0.9034187688765521,,8,1,val,current_repo_v1
4812,192.48,1.0580759692995707,,8,1,val,current_repo_v1
4813,192.52,2.2214264784109585,,8,1,val,current_repo_v1
4814,192.56,1.7680056104072799,,8,1,val,current_repo_v1
4815,192.6,1.7837822079695411,,8,1,val,current_repo_v1
4816,192.64,1.8148835027211316,,8,1,val,current_repo_v1
4817,192.68,1.929376097364145,,8,1,val,current_repo_v1
4818,192.72,1.800060172601708,,8,1,val,current_repo_v1
4819,192.76,1.7295349182491555,,8,1,val,current_repo_v1
4820,192.8,1.5337193588916496,,8,1,val,current_repo_v1
4821,192.84,1.4777592669691262,,8,1,val,current_repo_v1
4822,192.88,1.6376634298767874,,8,1,val,current_repo_v1
4823,192.92,1.6398557881844589,,8,1,val,current_repo_v1
4824,192.96,1.8704363140867253,,8,1,val,current_repo_v1
4825,193.0,2.2648103397656434,,8,1,val,current_repo_v1
4826,193.04,2.222340543140056,,8,1,val,current_repo_v1
4827,193.08,1.9964733238719365,,8,1,val,current_repo_v1
4828,193.12,2.2334547263183713,,8,1,val,current_repo_v1
4829,193.16,2.3637300484025214,,8,1,val,current_repo_v1
4830,193.2,2.5158693654385025,,8,1,val,current_repo_v1
4831,193.24,2.5458119705272573,,8,1,val,current_repo_v1
4832,193.28,1.8364911832027633,,8,1,val,current_repo_v1
4833,193.32,1.293740445674982,,8,1,val,current_repo_v1
4834,193.36,1.4143596404213052,,8,1,val,current_repo_v1
4835,193.4,1.5274346649354749,,8,1,val,current_repo_v1
4836,193.44,1.2809831698473253,,8,1,val,current_repo_v1
4837,193.48,0.9458773036316468,,8,1,val,current_repo_v1
4838,193.52,0.7468007199899128,,8,1,val,current_repo_v1
4839,193.56,0.8304293744936168,,8,1,val,current_repo_v1
4840,193.6,0.943035249440809,,8,1,val,current_repo_v1
4841,193.64,0.9418268079703537,,8,1,val,current_repo_v1
4842,193.68,0.7816999736486486,,8,1,val,current_repo_v1
4843,193.72,0.6766148185830272,,8,1,val,current_repo_v1
4844,193.76,1.23846632996525,,8,1,val,current_repo_v1
4845,193.8,1.660271848723713,,8,1,val,current_repo_v1
4846,193.84,1.5658779864716423,,8,1,val,current_repo_v1
4847,193.88,1.9029011504998596,,8,1,val,current_repo_v1
4848,193.92,2.3859997558027324,,8,1,val,current_repo_v1
4849,193.96,2.425612743761583,,8,1,val,current_repo_v1
4850,194.0,2.2795946097266495,,8,1,val,current_repo_v1
4851,194.04,2.0156137993837477,,8,1,val,current_repo_v1
4852,194.08,1.6210544517853307,,8,1,val,current_repo_v1
4853,194.12,2.1284365009767536,,8,1,val,current_repo_v1
4854,194.16,2.0600279080555235,,8,1,val,current_repo_v1
4855,194.2,1.9921966641911935,,8,1,val,current_repo_v1
4856,194.24,1.6734041876053707,,8,1,val,current_repo_v1
4857,194.28,1.9396764322052147,,8,1,val,current_repo_v1
4858,194.32,1.8282463535595814,,8,1,val,current_repo_v1
4859,194.36,1.6573213812099683,,8,1,val,current_repo_v1
4860,194.4,1.45337803012921,,8,1,val,current_repo_v1
4861,194.44,1.1147205406039968,,8,1,val,current_repo_v1
4862,194.48,1.6305263976462405,,8,1,val,current_repo_v1
4863,194.52,1.9831207370167205,,8,1,val,current_repo_v1
4864,194.56,1.9592799274051276,,8,1,val,current_repo_v1
4865,194.6,1.0363774810773847,,8,1,val,current_repo_v1
4866,194.64,1.5849246605811225,,8,1,val,current_repo_v1
4867,194.68,3.1418386258066047,,8,1,val,current_repo_v1
4868,194.72,3.4401028508142155,,8,1,val,current_repo_v1
4869,194.76,2.5163911179195533,,8,1,val,current_repo_v1
4870,194.8,0.9727553256708422,,8,1,val,current_repo_v1
4871,194.84,-0.025692327052417092,,8,1,val,current_repo_v1
4872,194.88,1.1357532241915527,,8,1,val,current_repo_v1
4873,194.92,2.20033484819747,,8,1,val,current_repo_v1
4874,194.96,1.3093552429459885,,8,1,val,current_repo_v1
4875,195.0,1.2536476164999517,,8,1,val,current_repo_v1
4876,195.04,1.4177349227966702,,8,1,val,current_repo_v1
4877,195.08,1.4896495213241736,,8,1,val,current_repo_v1
4878,195.12,1.7259798736118765,,8,1,val,current_repo_v1
4879,195.16,0.9918106956550065,,8,1,val,current_repo_v1
4880,195.2,1.0518386037105296,,8,1,val,current_repo_v1
4881,195.24,1.5968676604055656,,8,1,val,current_repo_v1
4882,195.28,1.2750036868370331,,8,1,val,current_repo_v1
4883,195.32,1.8412635077405046,,8,1,val,current_repo_v1
4884,195.36,1.3782415387535576,,8,1,val,current_repo_v1
4885,195.4,1.0824961237425819,,8,1,val,current_repo_v1
4886,195.44,0.8720528201683849,,8,1,val,current_repo_v1
4887,195.48,0.6274350854736768,,8,1,val,current_repo_v1
4888,195.52,0.6634868276387115,,8,1,val,current_repo_v1
4889,195.56,0.8510100864305794,,8,1,val,current_repo_v1
4890,195.6,0.7050062079279149,,8,1,val,current_repo_v1
4891,195.64,0.44162398738499437,,8,1,val,current_repo_v1
4892,195.68,-0.11561586821786815,,8,1,val,current_repo_v1
4893,195.72,-0.04999463279210067,,8,1,val,current_repo_v1
4894,195.76,0.11055759552222327,,8,1,val,current_repo_v1
4895,195.8,0.13378331455523346,,8,1,val,current_repo_v1
4896,195.84,-0.35061474488192534,,8,1,val,current_repo_v1
4897,195.88,-0.12696286205755372,,8,1,val,current_repo_v1
4898,195.92,0.13794199188703404,,8,1,val,current_repo_v1
4899,195.96,-0.05174453501696872,,8,1,val,current_repo_v1
4900,196.0,-0.19631188353287157,,8,1,val,current_repo_v1
4901,196.04,-0.05022399539660352,,8,1,val,current_repo_v1
4902,196.08,0.18961891113250867,,8,1,val,current_repo_v1
4903,196.12,0.3408533760771213,,8,1,val,current_repo_v1
4904,196.16,0.09434659625289057,,8,1,val,current_repo_v1
4905,196.2,0.10231702471930679,,8,1,val,current_repo_v1
4906,196.24,0.1339669614496907,,8,1,val,current_repo_v1
4907,196.28,0.12949345068772608,,8,1,val,current_repo_v1
4908,196.32,0.22411606968417794,,8,1,val,current_repo_v1
4909,196.36,0.16763267499146983,,8,1,val,current_repo_v1
4910,196.4,0.17317504774355952,,8,1,val,current_repo_v1
4911,196.44,-0.0790373752257809,,8,1,val,current_repo_v1
4912,196.48,-0.060966011175909635,,8,1,val,current_repo_v1
4913,196.52,-0.20521323389529356,,8,1,val,current_repo_v1
4914,196.56,-0.1770208696002984,,8,1,val,current_repo_v1
4915,196.6,-0.19854820233817816,,8,1,val,current_repo_v1
4916,196.64,-0.12768055682964374,,8,1,val,current_repo_v1
4917,196.68,-0.30384351958827743,,8,1,val,current_repo_v1
4918,196.72,-0.365338500108449,,8,1,val,current_repo_v1
4919,196.76,-0.2885527862045793,,8,1,val,current_repo_v1
4920,196.8,-0.04592527527967394,,8,1,val,current_repo_v1
4921,196.84,-0.25979545734634263,,8,1,val,current_repo_v1
4922,196.88,-0.5286211528862357,,8,1,val,current_repo_v1
4923,196.92,-0.3355384859812165,,8,1,val,current_repo_v1
4924,196.96,-0.37558608948012284,,8,1,val,current_repo_v1
4925,197.0,-0.08040886434656454,,8,1,val,current_repo_v1
4926,197.04,-0.16027432562244465,,8,1,val,current_repo_v1
4927,197.08,-0.3553730989980428,,8,1,val,current_repo_v1
4928,197.12,-0.3363944237774865,,8,1,val,current_repo_v1
4929,197.16,-0.4415692461410809,,8,1,val,current_repo_v1
4930,197.2,-0.5970279638659322,,8,1,val,current_repo_v1
4931,197.24,-0.7547404099648737,,8,1,val,current_repo_v1
4932,197.28,-0.6867658267235776,,8,1,val,current_repo_v1
4933,197.32,-0.8465952193644869,,8,1,val,current_repo_v1
4934,197.36,-1.0661950651481389,,8,1,val,current_repo_v1
4935,197.4,-1.2640929301041988,,8,1,val,current_repo_v1
4936,197.44,-1.0288317427366815,,8,1,val,current_repo_v1
4937,197.48,-0.8759951876174166,,8,1,val,current_repo_v1
4938,197.52,-0.7049886736232238,,8,1,val,current_repo_v1
4939,197.56,-0.7524351478416305,,8,1,val,current_repo_v1
4940,197.6,-0.27147836498453526,,8,1,val,current_repo_v1
4941,197.64,-0.46864028808720054,,8,1,val,current_repo_v1
4942,197.68,-0.651386019072049,,8,1,val,current_repo_v1
4943,197.72,-0.44654446254184266,,8,1,val,current_repo_v1
4944,197.76,-0.3135346086189946,,8,1,val,current_repo_v1
4945,197.8,0.13358722970887138,,8,1,val,current_repo_v1
4946,197.84,0.759548658443933,,8,1,val,current_repo_v1
4947,197.88,0.9987739529471923,,8,1,val,current_repo_v1
4948,197.92,1.0782781968547877,,8,1,val,current_repo_v1
4949,197.96,0.9849718891595302,,8,1,val,current_repo_v1
4950,198.0,0.9350411746102413,,8,1,val,current_repo_v1
4951,198.04,0.8485417410181771,,8,1,val,current_repo_v1
4952,198.08,0.8472871116231698,,8,1,val,current_repo_v1
4953,198.12,1.0320185669754487,,8,1,val,current_repo_v1
4954,198.16,1.1679045814500884,,8,1,val,current_repo_v1
4955,198.2,1.1441400389361354,,8,1,val,current_repo_v1
4956,198.24,1.0938076747651633,,8,1,val,current_repo_v1
4957,198.28,1.189334067778356,,8,1,val,current_repo_v1
4958,198.32,0.9871367342899223,,8,1,val,current_repo_v1
4959,198.36,1.0721800365383547,,8,1,val,current_repo_v1
4960,198.4,1.0673336545104755,,8,1,val,current_repo_v1
4961,198.44,0.8292347608894626,,8,1,val,current_repo_v1
4962,198.48,0.6704898578659283,,8,1,val,current_repo_v1
4963,198.52,0.7418720122631791,,8,1,val,current_repo_v1
4964,198.56,0.4803515998734394,,8,1,val,current_repo_v1
4965,198.6,1.0433468682484464,,8,1,val,current_repo_v1
4966,198.64,0.8489448874707486,,8,1,val,current_repo_v1
4967,198.68,0.48797107495480463,,8,1,val,current_repo_v1
4968,198.72,0.47972015107157767,,8,1,val,current_repo_v1
4969,198.76,0.5194846396996188,,8,1,val,current_repo_v1
4970,198.8,-0.15010539115006577,,8,1,val,current_repo_v1
4971,198.84,-0.1536364152154713,,8,1,val,current_repo_v1
4972,198.88,-0.19137121897844714,,8,1,val,current_repo_v1
4973,198.92,0.13853357865678814,,8,1,val,current_repo_v1
4974,198.96,-0.23511784799055085,,8,1,val,current_repo_v1
4975,199.0,0.041461387001991,,8,1,val,current_repo_v1
4976,199.04,-0.6486644954065468,,8,1,val,current_repo_v1
4977,199.08,-1.451647408511736,,8,1,val,current_repo_v1
4978,199.12,-1.3822300941271413,,8,1,val,current_repo_v1
4979,199.16,-1.329515131570366,,8,1,val,current_repo_v1
4980,199.2,-1.7353781183709547,,8,1,val,current_repo_v1
4981,199.24,-1.088431272047517,,8,1,val,current_repo_v1
4982,199.28,-0.5697730968312019,,8,1,val,current_repo_v1
4983,199.32,-0.07725423088160274,,8,1,val,current_repo_v1
4984,199.36,-0.1693899188154565,,8,1,val,current_repo_v1
4985,199.4,-0.34376114827171983,,8,1,val,current_repo_v1
4986,199.44,-0.5870937467323647,,8,1,val,current_repo_v1
4987,199.48,-0.6359748620795073,,8,1,val,current_repo_v1
4988,199.52,-0.5352675096960785,,8,1,val,current_repo_v1
4989,199.56,-0.733524257677014,,8,1,val,current_repo_v1
4990,199.6,-0.5920158612754239,,8,1,val,current_repo_v1
4991,199.64,-0.5823007873116639,,8,1,val,current_repo_v1
4992,199.68,-0.5422905333073027,,8,1,val,current_repo_v1
4993,199.72,-0.5614556352511088,,8,1,val,current_repo_v1
4994,199.76,-0.29353889026811164,,8,1,val,current_repo_v1
4995,199.8,-0.6621959179140792,,8,1,val,current_repo_v1
4996,199.84,-0.7436220214045391,,8,1,val,current_repo_v1
4997,199.88,-0.4193693195713276,,8,1,val,current_repo_v1
4998,199.92,-0.1118801168896624,,8,1,val,current_repo_v1
4999,199.96,-0.19915623642828778,,8,1,val,current_repo_v1
5000,200.0,0.1842039650194898,,8,1,val,current_repo_v1
5001,200.04,0.08495629895305233,,8,1,val,current_repo_v1
5002,200.08,0.009652840769410993,,8,1,val,current_repo_v1
5003,200.12,-0.017235752637932786,,8,1,val,current_repo_v1
5004,200.16,0.13743059248629383,,8,1,val,current_repo_v1
5005,200.2,0.29639181430230466,,8,1,val,current_repo_v1
5006,200.24,0.4332986852621532,,8,1,val,current_repo_v1
5007,200.28,0.5763419748231619,,8,1,val,current_repo_v1
5008,200.32,0.5261507760604851,,8,1,val,current_repo_v1
5009,200.36,0.649949417807626,,8,1,val,current_repo_v1
5010,200.4,0.7318951354492963,,8,1,val,current_repo_v1
5011,200.44,0.44463325896934924,,8,1,val,current_repo_v1
5012,200.48,0.38532625318067654,,8,1,val,current_repo_v1
5013,200.52,0.3705113338252918,,8,1,val,current_repo_v1
5014,200.56,0.708709082434825,,8,1,val,current_repo_v1
5015,200.6,0.6870458766550049,,8,1,val,current_repo_v1
5016,200.64,0.6795863130068688,,8,1,val,current_repo_v1
5017,200.68,0.6338559197630217,,8,1,val,current_repo_v1
5018,200.72,0.7382954417721737,,8,1,val,current_repo_v1
5019,200.76,0.669841801368973,,8,1,val,current_repo_v1
5020,200.8,0.6730400300335554,,8,1,val,current_repo_v1
5021,200.84,0.7541930688033999,,8,1,val,current_repo_v1
5022,200.88,0.9274946522152634,,8,1,val,current_repo_v1
5023,200.92,0.7617209877287665,,8,1,val,current_repo_v1
5024,200.96,0.838303987963769,,8,1,val,current_repo_v1
5025,201.0,0.7838452174221707,,8,1,val,current_repo_v1
5026,201.04,0.610272279953564,,8,1,val,current_repo_v1
5027,201.08,0.6689467677754548,,8,1,val,current_repo_v1
5028,201.12,0.6969715048303802,,8,1,val,current_repo_v1
5029,201.16,0.5224929490355456,,8,1,val,current_repo_v1
5030,201.2,0.13222431172686458,,8,1,val,current_repo_v1
5031,201.24,-0.06641227491138227,,8,1,val,current_repo_v1
5032,201.28,-0.16219153433790642,,8,1,val,current_repo_v1
5033,201.32,-0.027243328963299916,,8,1,val,current_repo_v1
5034,201.36,-0.05476411513309571,,8,1,val,current_repo_v1
5035,201.4,0.12262869912351998,,8,1,val,current_repo_v1
5036,201.44,0.3745884160542668,,8,1,val,current_repo_v1
5037,201.48,0.02564432154750075,,8,1,val,current_repo_v1
5038,201.52,0.1845582506352087,,8,1,val,current_repo_v1
5039,201.56,0.509880438138082,,8,1,val,current_repo_v1
5040,201.6,0.989799168774169,,8,1,val,current_repo_v1
5041,201.64,1.25076457765384,,8,1,val,current_repo_v1
5042,201.68,1.0600863557378268,,8,1,val,current_repo_v1
5043,201.72,0.7223380127830783,,8,1,val,current_repo_v1
5044,201.76,1.0437009043923504,,8,1,val,current_repo_v1
5045,201.8,0.9399158538696749,,8,1,val,current_repo_v1
5046,201.84,1.393427672169231,,8,1,val,current_repo_v1
5047,201.88,1.275425080370909,,8,1,val,current_repo_v1
5048,201.92,1.2227697059390188,,8,1,val,current_repo_v1
5049,201.96,1.257067661246642,,8,1,val,current_repo_v1
5050,202.0,1.1519041007535402,,8,1,val,current_repo_v1
5051,202.04,0.5916720891147536,,8,1,val,current_repo_v1
5052,202.08,0.08537153587892947,,8,1,val,current_repo_v1
5053,202.12,0.14467617168536245,,8,1,val,current_repo_v1
5054,202.16,0.4131317401493025,,8,1,val,current_repo_v1
5055,202.2,0.07612648463349846,,8,1,val,current_repo_v1
5056,202.24,0.041842579934867896,,8,1,val,current_repo_v1
5057,202.28,-0.34097169699495516,,8,1,val,current_repo_v1
5058,202.32,-0.27452224187347346,,8,1,val,current_repo_v1
5059,202.36,-0.5496845215070008,,8,1,val,current_repo_v1
5060,202.4,-0.38249902474339864,,8,1,val,current_repo_v1
5061,202.44,-0.2811216267044894,,8,1,val,current_repo_v1
5062,202.48,-0.14504003523682465,,8,1,val,current_repo_v1
5063,202.52,0.260052680606724,,8,1,val,current_repo_v1
5064,202.56,0.26086038124567834,,8,1,val,current_repo_v1
5065,202.6,0.271427080707197,,8,1,val,current_repo_v1
5066,202.64,0.762713172774699,,8,1,val,current_repo_v1
5067,202.68,0.6477720990864984,,8,1,val,current_repo_v1
5068,202.72,0.37114941144965863,,8,1,val,current_repo_v1
5069,202.76,0.2736009424617494,,8,1,val,current_repo_v1
5070,202.8,-0.2142568722891769,,8,1,val,current_repo_v1
5071,202.84,-0.2939527818281309,,8,1,val,current_repo_v1
5072,202.88,-0.5987984296960984,,8,1,val,current_repo_v1
5073,202.92,-0.9324044713617404,,8,1,val,current_repo_v1
5074,202.96,-0.8944532507995037,,8,1,val,current_repo_v1
5075,203.0,-0.2671513298166361,,8,1,val,current_repo_v1
5076,203.04,-0.49024533129536246,,8,1,val,current_repo_v1
5077,203.08,-0.9996214443405929,,8,1,val,current_repo_v1
5078,203.12,-0.9769126665464926,,8,1,val,current_repo_v1
5079,203.16,-0.672612150232497,,8,1,val,current_repo_v1
5080,203.2,-1.050997099640682,,8,1,val,current_repo_v1
5081,203.24,-1.411195482478846,,8,1,val,current_repo_v1
5082,203.28,-1.3801707399355407,,8,1,val,current_repo_v1
5083,203.32,-1.0574247765855163,,8,1,val,current_repo_v1
5084,203.36,-1.0393607363153483,,8,1,val,current_repo_v1
5085,203.4,-0.8332970173648777,,8,1,val,current_repo_v1
5086,203.44,-0.9937200816471355,,8,1,val,current_repo_v1
5087,203.48,-0.9676166339537839,,8,1,val,current_repo_v1
5088,203.52,-0.9328031985993084,,8,1,val,current_repo_v1
5089,203.56,-0.8962081780994966,,8,1,val,current_repo_v1
5090,203.6,-0.6543620752662167,,8,1,val,current_repo_v1
5091,203.64,-0.5047219668700005,,8,1,val,current_repo_v1
5092,203.68,-0.7287154389766638,,8,1,val,current_repo_v1
5093,203.72,-0.7585987410511787,,8,1,val,current_repo_v1
5094,203.76,-0.5591819134930109,,8,1,val,current_repo_v1
5095,203.8,-0.42464917669668095,,8,1,val,current_repo_v1
5096,203.84,-0.6007527918925367,,8,1,val,current_repo_v1
5097,203.88,-0.8230857796004901,,8,1,val,current_repo_v1
5098,203.92,-0.5881348638928109,,8,1,val,current_repo_v1
5099,203.96,-0.810271481643757,,8,1,val,current_repo_v1
5100,204.0,-0.8642479162510288,,8,1,val,current_repo_v1
5101,204.04,-0.8494938680184333,,8,1,val,current_repo_v1
5102,204.08,-1.064937655924339,,8,1,val,current_repo_v1
5103,204.12,-0.915103601011601,,8,1,val,current_repo_v1
5104,204.16,-0.619244711963763,,8,1,val,current_repo_v1
5105,204.2,-0.18121894565940783,,8,1,val,current_repo_v1
5106,204.24,-0.02134930786896115,,8,1,val,current_repo_v1
5107,204.28,0.3677001428618166,,8,1,val,current_repo_v1
5108,204.32,0.275899130277104,,8,1,val,current_repo_v1
5109,204.36,0.09718013276319758,,8,1,val,current_repo_v1
5110,204.4,0.3893808829463277,,8,1,val,current_repo_v1
5111,204.44,0.5161663794533303,,8,1,val,current_repo_v1
5112,204.48,0.4276360314565426,,8,1,val,current_repo_v1
5113,204.52,0.40642180366553926,,8,1,val,current_repo_v1
5114,204.56,0.09267281857033975,,8,1,val,current_repo_v1
5115,204.6,0.4791261230419225,,8,1,val,current_repo_v1
5116,204.64,-0.2001172731362121,,8,1,val,current_repo_v1
5117,204.68,-0.5243790985100759,,8,1,val,current_repo_v1
5118,204.72,-0.296927269913749,,8,1,val,current_repo_v1
5119,204.76,0.1060240867888209,,8,1,val,current_repo_v1
5120,204.8,0.026509062134947,,8,1,val,current_repo_v1
5121,204.84,0.4717736540799583,,8,1,val,current_repo_v1
5122,204.88,0.8067482981210995,,8,1,val,current_repo_v1
5123,204.92,0.39281226084117193,,8,1,val,current_repo_v1
5124,204.96,-0.1167782999579248,,8,1,val,current_repo_v1
5125,205.0,-0.35230520153723105,,8,1,val,current_repo_v1
5126,205.04,-0.5832941484390085,,8,1,val,current_repo_v1
5127,205.08,-0.34259996389073677,,8,1,val,current_repo_v1
5128,205.12,-0.1504170883631306,,8,1,val,current_repo_v1
5129,205.16,0.1527589337460595,,8,1,val,current_repo_v1
5130,205.2,0.31959684499410923,,8,1,val,current_repo_v1
5131,205.24,0.47222576828587415,,8,1,val,current_repo_v1
5132,205.28,0.47918706544237305,,8,1,val,current_repo_v1
5133,205.32,0.3122767717292267,,8,1,val,current_repo_v1
5134,205.36,-0.0645526941851185,,8,1,val,current_repo_v1
5135,205.4,0.10947877247892515,,8,1,val,current_repo_v1
5136,205.44,-0.2678717153204419,,8,1,val,current_repo_v1
5137,205.48,-0.14207830585258738,,8,1,val,current_repo_v1
5138,205.52,0.08986127121855791,,8,1,val,current_repo_v1
5139,205.56,0.0695366242799798,,8,1,val,current_repo_v1
5140,205.6,0.59130272827366,,8,1,val,current_repo_v1
5141,205.64,0.7247960229345854,,8,1,val,current_repo_v1
5142,205.68,0.4690647465605143,,8,1,val,current_repo_v1
5143,205.72,1.0044708200302488,,8,1,val,current_repo_v1
5144,205.76,0.9156553613880782,,8,1,val,current_repo_v1
5145,205.8,0.6957023347924584,,8,1,val,current_repo_v1
5146,205.84,0.31220699089876924,,8,1,val,current_repo_v1
5147,205.88,0.10281281431221227,,8,1,val,current_repo_v1
5148,205.92,0.4170001926635186,,8,1,val,current_repo_v1
5149,205.96,0.651424794119821,,8,1,val,current_repo_v1
5150,206.0,0.44294109165017126,,8,1,val,current_repo_v1
5151,206.04,0.5433955152523148,,8,1,val,current_repo_v1
5152,206.08,0.8002141323502148,,8,1,val,current_repo_v1
5153,206.12,0.5471496383977323,,8,1,val,current_repo_v1
5154,206.16,0.49156642710957466,,8,1,val,current_repo_v1
5155,206.2,0.2719197875412493,,8,1,val,current_repo_v1
5156,206.24,0.23820406381032844,,8,1,val,current_repo_v1
5157,206.28,0.10290789871244746,,8,1,val,current_repo_v1
5158,206.32,0.15410597462900155,,8,1,val,current_repo_v1
5159,206.36,-0.051080111387026936,,8,1,val,current_repo_v1
5160,206.4,-0.028973130887668473,,8,1,val,current_repo_v1
5161,206.44,0.02464010839621627,,8,1,val,current_repo_v1
5162,206.48,-0.049181167572284995,,8,1,val,current_repo_v1
5163,206.52,0.06013068153347616,,8,1,val,current_repo_v1
5164,206.56,-0.06706512483106303,,8,1,val,current_repo_v1
5165,206.6,-0.003387300457296091,,8,1,val,current_repo_v1
5166,206.64,-0.022914422756790426,,8,1,val,current_repo_v1
5167,206.68,0.02977794478133831,,8,1,val,current_repo_v1
5168,206.72,-0.01629311893119717,,8,1,val,current_repo_v1
5169,206.76,-0.015873471700024257,,8,1,val,current_repo_v1
5170,206.8,0.2891760558948016,,8,1,val,current_repo_v1
5171,206.84,0.21348835654454737,,8,1,val,current_repo_v1
5172,206.88,-0.36453149442669275,,8,1,val,current_repo_v1
5173,206.92,-0.5643495083017449,,8,1,val,current_repo_v1
5174,206.96,-0.028585380409947767,,8,1,val,current_repo_v1
5175,207.0,0.04053794926042655,,8,1,val,current_repo_v1
5176,207.04,-0.48426221312434153,,8,1,val,current_repo_v1
5177,207.08,-0.4640223866027648,,8,1,val,current_repo_v1
5178,207.12,-0.4246075149036244,,8,1,val,current_repo_v1
5179,207.16,-0.05612058248675073,,8,1,val,current_repo_v1
5180,207.2,-0.014123284364510824,,8,1,val,current_repo_v1
5181,207.24,-0.4864849357157464,,8,1,val,current_repo_v1
5182,207.28,-0.6144934143361188,,8,1,val,current_repo_v1
5183,207.32,-0.551084699886476,,8,1,val,current_repo_v1
5184,207.36,-0.25332832821595364,,8,1,val,current_repo_v1
5185,207.4,-0.7559420800575011,,8,1,val,current_repo_v1
5186,207.44,-1.0643895307085904,,8,1,val,current_repo_v1
5187,207.48,-1.6769894539710604,,8,1,val,current_repo_v1
5188,207.52,-1.829012588419048,,8,1,val,current_repo_v1
5189,207.56,-1.6764830974648604,,8,1,val,current_repo_v1
5190,207.6,-0.8555367881473233,,8,1,val,current_repo_v1
5191,207.64,-0.6888176254830755,,8,1,val,current_repo_v1
5192,207.68,-0.8401577773800484,,8,1,val,current_repo_v1
5193,207.72,-1.3511108374048915,,8,1,val,current_repo_v1
5194,207.76,-1.2408893427850363,,8,1,val,current_repo_v1
5195,207.8,-0.5009166663637366,,8,1,val,current_repo_v1
5196,207.84,-0.11205439077165268,,8,1,val,current_repo_v1
5197,207.88,0.4699345478619161,,8,1,val,current_repo_v1
5198,207.92,0.5659237467302264,,8,1,val,current_repo_v1
5199,207.96,0.16124890508602466,,8,1,val,current_repo_v1
5200,208.0,0.6582689464398982,,8,1,val,current_repo_v1
5201,208.04,0.6196816440278122,,8,1,val,current_repo_v1
5202,208.08,0.7809276801879678,,8,1,val,current_repo_v1
5203,208.12,0.5999358073381921,,8,1,val,current_repo_v1
5204,208.16,0.4438211212959761,,8,1,val,current_repo_v1
5205,208.2,0.6044112604164283,,8,1,val,current_repo_v1
5206,208.24,0.5999767207158044,,8,1,val,current_repo_v1
5207,208.28,0.8365035142381761,,8,1,val,current_repo_v1
5208,208.32,1.13672766109981,,8,1,val,current_repo_v1
5209,208.36,1.1769624040985796,,8,1,val,current_repo_v1
5210,208.4,0.4473179677227664,,8,1,val,current_repo_v1
5211,208.44,-0.4684248513557831,,8,1,val,current_repo_v1
5212,208.48,-0.8323727599302078,,8,1,val,current_repo_v1
5213,208.52,-0.9555508939965035,,8,1,val,current_repo_v1
5214,208.56,-1.215135013076956,,8,1,val,current_repo_v1
5215,208.6,-1.2140809590209756,,8,1,val,current_repo_v1
5216,208.64,-0.7063432342994379,,8,1,val,current_repo_v1
5217,208.68,-0.14467710720466762,,8,1,val,current_repo_v1
5218,208.72,0.30545357504158516,,8,1,val,current_repo_v1
5219,208.76,0.26929338391481294,,8,1,val,current_repo_v1
5220,208.8,0.3783070785631649,,8,1,val,current_repo_v1
5221,208.84,0.7072742631119356,,8,1,val,current_repo_v1
5222,208.88,0.7253783614277799,,8,1,val,current_repo_v1
5223,208.92,0.3636866759455926,,8,1,val,current_repo_v1
5224,208.96,0.6541915791002778,,8,1,val,current_repo_v1
5225,209.0,0.7227194908266006,,8,1,val,current_repo_v1
5226,209.04,1.0770110225913836,,8,1,val,current_repo_v1
5227,209.08,0.6788810205478529,,8,1,val,current_repo_v1
5228,209.12,0.7568129505238231,,8,1,val,current_repo_v1
5229,209.16,0.8256043044864797,,8,1,val,current_repo_v1
5230,209.2,0.8847932031903026,,8,1,val,current_repo_v1
5231,209.24,0.7905495942483489,,8,1,val,current_repo_v1
5232,209.28,0.5740154719568377,,8,1,val,current_repo_v1
5233,209.32,0.5186927092432372,,8,1,val,current_repo_v1
5234,209.36,0.25806807886245986,,8,1,val,current_repo_v1
5235,209.4,0.4344897349832401,,8,1,val,current_repo_v1
5236,209.44,0.4363732471843007,,8,1,val,current_repo_v1
5237,209.48,0.6578341527056893,,8,1,val,current_repo_v1
5238,209.52,0.6831870466250705,,8,1,val,current_repo_v1
5239,209.56,0.6898671177687298,,8,1,val,current_repo_v1
5240,209.6,0.7871653308876542,,8,1,val,current_repo_v1
5241,209.64,0.6314631999493073,,8,1,val,current_repo_v1
5242,209.68,0.7032087278640986,,8,1,val,current_repo_v1
5243,209.72,0.967319120995327,,8,1,val,current_repo_v1
5244,209.76,1.2254651419804683,,8,1,val,current_repo_v1
5245,209.8,0.7255470043745239,,8,1,val,current_repo_v1
5246,209.84,0.4402124045797038,,8,1,val,current_repo_v1
5247,209.88,-0.01823785864335374,,8,1,val,current_repo_v1
5248,209.92,-0.187326282974739,,8,1,val,current_repo_v1
5249,209.96,-1.031144061348398,,8,1,val,current_repo_v1
5250,210.0,-0.31148074280731775,,8,1,val,current_repo_v1
5251,210.04,0.17363648150369634,,8,1,val,current_repo_v1
5252,210.08,0.25737609750670026,,8,1,val,current_repo_v1
5253,210.12,0.4881326614130754,,8,1,val,current_repo_v1
5254,210.16,-0.17872479773359845,,8,1,val,current_repo_v1
5255,210.2,-0.5640906991133986,,8,1,val,current_repo_v1
5256,210.24,-0.5631988730146409,,8,1,val,current_repo_v1
5257,210.28,-0.14522822608219269,,8,1,val,current_repo_v1
5258,210.32,-0.6353026424553557,,8,1,val,current_repo_v1
5259,210.36,-0.33612791660171487,,8,1,val,current_repo_v1
5260,210.4,-1.156604791241629,,8,1,val,current_repo_v1
5261,210.44,-0.36857311601914833,,8,1,val,current_repo_v1
5262,210.48,-0.9928798605751922,,8,1,val,current_repo_v1
5263,210.52,-1.2827203490096433,,8,1,val,current_repo_v1
5264,210.56,-0.8816619755273852,,8,1,val,current_repo_v1
5265,210.6,-0.471449910942126,,8,1,val,current_repo_v1
5266,210.64,-0.6137900463739593,,8,1,val,current_repo_v1
5267,210.68,-0.4889187827400573,,8,1,val,current_repo_v1
5268,210.72,-0.6304720127906338,,8,1,val,current_repo_v1
5269,210.76,-1.195720118568964,,8,1,val,current_repo_v1
5270,210.8,-0.738076761907165,,8,1,val,current_repo_v1
5271,210.84,-0.625406166843471,,8,1,val,current_repo_v1
5272,210.88,-0.2937875602091315,,8,1,val,current_repo_v1
5273,210.92,-0.25299941744767385,,8,1,val,current_repo_v1
5274,210.96,-0.43114944993959575,,8,1,val,current_repo_v1
5275,211.0,-0.5136848476735791,,8,1,val,current_repo_v1
5276,211.04,-0.4819943361344741,,8,1,val,current_repo_v1
5277,211.08,-0.3727526955251385,,8,1,val,current_repo_v1
5278,211.12,-0.6819367651674052,,8,1,val,current_repo_v1
5279,211.16,-0.3344715306685324,,8,1,val,current_repo_v1
5280,211.2,-0.057175153305775966,,8,1,val,current_repo_v1
5281,211.24,-0.18800930116458434,,8,1,val,current_repo_v1
5282,211.28,-0.7737531559075531,,8,1,val,current_repo_v1
5283,211.32,-0.9687769630028309,,8,1,val,current_repo_v1
5284,211.36,-1.0887917231809423,,8,1,val,current_repo_v1
5285,211.4,-0.8097492302190769,,8,1,val,current_repo_v1
5286,211.44,-0.21215776298196085,,8,1,val,current_repo_v1
5287,211.48,-0.049944676061204986,,8,1,val,current_repo_v1
5288,211.52,0.007215305126125466,,8,1,val,current_repo_v1
5289,211.56,0.0021906042089744142,,8,1,val,current_repo_v1
5290,211.6,0.13515439382946434,,8,1,val,current_repo_v1
5291,211.64,0.10630907269829641,,8,1,val,current_repo_v1
5292,211.68,-0.030653145365587046,,8,1,val,current_repo_v1
5293,211.72,-0.1907947965311443,,8,1,val,current_repo_v1
5294,211.76,-0.314085478024705,,8,1,val,current_repo_v1
5295,211.8,-0.2398788393801381,,8,1,val,current_repo_v1
5296,211.84,-0.4384575129185415,,8,1,val,current_repo_v1
5297,211.88,-0.19496368438793266,,8,1,val,current_repo_v1
5298,211.92,-0.1307467079877525,,8,1,val,current_repo_v1
5299,211.96,-0.4560649841289595,,8,1,val,current_repo_v1
5300,212.0,-0.3146952940563483,,8,1,val,current_repo_v1
5301,212.04,-0.4017784204171725,,8,1,val,current_repo_v1
5302,212.08,0.09294645351224597,,8,1,val,current_repo_v1
5303,212.12,0.27534499991838707,,8,1,val,current_repo_v1
5304,212.16,-0.37525022913986184,,8,1,val,current_repo_v1
5305,212.2,-0.6202497269887376,,8,1,val,current_repo_v1
5306,212.24,-0.6419559131983491,,8,1,val,current_repo_v1
5307,212.28,-0.2854840868700774,,8,1,val,current_repo_v1
5308,212.32,-0.32702536722072933,,8,1,val,current_repo_v1
5309,212.36,-0.8720965846524512,,8,1,val,current_repo_v1
5310,212.4,-0.7058630366949518,,8,1,val,current_repo_v1
5311,212.44,-0.5856469171235387,,8,1,val,current_repo_v1
5312,212.48,-0.7372238534115021,,8,1,val,current_repo_v1
5313,212.52,-0.3921754305758786,,8,1,val,current_repo_v1
5314,212.56,-0.014068168912875248,,8,1,val,current_repo_v1
5315,212.6,0.20882877544763975,,8,1,val,current_repo_v1
5316,212.64,-0.003795026499608934,,8,1,val,current_repo_v1
5317,212.68,0.12295094543046398,,8,1,val,current_repo_v1
5318,212.72,-0.19422432120679353,,8,1,val,current_repo_v1
5319,212.76,-0.009107760446258033,,8,1,val,current_repo_v1
5320,212.8,-0.12193584461640893,,8,1,val,current_repo_v1
5321,212.84,0.037563853201945795,,8,1,val,current_repo_v1
5322,212.88,-0.19724932733489048,,8,1,val,current_repo_v1
5323,212.92,-0.35292129000307276,,8,1,val,current_repo_v1
5324,212.96,-0.05808838052235264,,8,1,val,current_repo_v1
5325,213.0,0.07566001688852908,,8,1,val,current_repo_v1
5326,213.04,0.15248506715175392,,8,1,val,current_repo_v1
5327,213.08,-0.19187828826126058,,8,1,val,current_repo_v1
5328,213.12,0.06991995554269706,,8,1,val,current_repo_v1
5329,213.16,-0.4292693590662797,,8,1,val,current_repo_v1
5330,213.2,-0.11367180564349437,,8,1,val,current_repo_v1
5331,213.24,-0.34197817321198737,,8,1,val,current_repo_v1
5332,213.28,-0.48835882543252535,,8,1,val,current_repo_v1
5333,213.32,-0.5242749262080192,,8,1,val,current_repo_v1
5334,213.36,-0.458584506902208,,8,1,val,current_repo_v1
5335,213.4,-0.013034625003947,,8,1,val,current_repo_v1
5336,213.44,0.10463550884872963,,8,1,val,current_repo_v1
5337,213.48,-0.15000193162462247,,8,1,val,current_repo_v1
5338,213.52,-0.1876873399682857,,8,1,val,current_repo_v1
5339,213.56,-0.2964138925579065,,8,1,val,current_repo_v1
5340,213.6,-0.3768065768753456,,8,1,val,current_repo_v1
5341,213.64,-0.5643859668255232,,8,1,val,current_repo_v1
5342,213.68,-0.6141658222045738,,8,1,val,current_repo_v1
5343,213.72,-0.5446949070186472,,8,1,val,current_repo_v1
5344,213.76,-0.31734913958240274,,8,1,val,current_repo_v1
5345,213.8,-0.41664993423566576,,8,1,val,current_repo_v1
5346,213.84,-0.2162938809339455,,8,1,val,current_repo_v1
5347,213.88,-0.500961393096231,,8,1,val,current_repo_v1
5348,213.92,-0.07358982849240404,,8,1,val,current_repo_v1
5349,213.96,-0.11760330324917082,,8,1,val,current_repo_v1
5350,214.0,-0.08111152844181829,,8,1,val,current_repo_v1
5351,214.04,-0.3153041478395634,,8,1,val,current_repo_v1
5352,214.08,-0.37949053721331855,,8,1,val,current_repo_v1
5353,214.12,-0.7091174321566746,,8,1,val,current_repo_v1
5354,214.16,-0.43910945404804014,,8,1,val,current_repo_v1
5355,214.2,-0.49579714833758043,,8,1,val,current_repo_v1
5356,214.24,-0.6216972337353465,,8,1,val,current_repo_v1
5357,214.28,-0.3428002897579489,,8,1,val,current_repo_v1
5358,214.32,0.04629119697360752,,8,1,val,current_repo_v1
5359,214.36,-0.017720489738475845,,8,1,val,current_repo_v1
5360,214.4,-0.24253810200845483,,8,1,val,current_repo_v1
5361,214.44,-0.5539246870251349,,8,1,val,current_repo_v1
5362,214.48,-0.458730590469136,,8,1,val,current_repo_v1
5363,214.52,0.21080532281617184,,8,1,val,current_repo_v1
5364,214.56,0.13529833906655203,,8,1,val,current_repo_v1
5365,214.6,0.05175245574708576,,8,1,val,current_repo_v1
5366,214.64,-0.27230240602735306,,8,1,val,current_repo_v1
5367,214.68,-0.4761731608100307,,8,1,val,current_repo_v1
5368,214.72,-0.07741227127622154,,8,1,val,current_repo_v1
5369,214.76,-0.07768257398745984,,8,1,val,current_repo_v1
5370,214.8,-0.10734721401638146,,8,1,val,current_repo_v1
5371,214.84,-0.6021605969817759,,8,1,val,current_repo_v1
5372,214.88,-0.2635868765280594,,8,1,val,current_repo_v1
5373,214.92,0.032980307550278726,,8,1,val,current_repo_v1
5374,214.96,0.34719990340451334,,8,1,val,current_repo_v1
5375,215.0,0.13758528283082938,,8,1,val,current_repo_v1
5376,215.04,0.07401993572037945,,8,1,val,current_repo_v1
5377,215.08,0.5789358045583632,,8,1,val,current_repo_v1
5378,215.12,0.7350383377593197,,8,1,val,current_repo_v1
5379,215.16,0.5471713068067814,,8,1,val,current_repo_v1
5380,215.2,0.40571993253426797,,8,1,val,current_repo_v1
5381,215.24,0.06997818939201651,,8,1,val,current_repo_v1
5382,215.28,0.026792123547566184,,8,1,val,current_repo_v1
5383,215.32,-0.08599839618134206,,8,1,val,current_repo_v1
5384,215.36,-0.41406725945446504,,8,1,val,current_repo_v1
5385,215.4,-0.4941409405985513,,8,1,val,current_repo_v1
5386,215.44,-0.5051137088967566,,8,1,val,current_repo_v1
5387,215.48,-0.1562480287271784,,8,1,val,current_repo_v1
5388,215.52,-0.22359112752778207,,8,1,val,current_repo_v1
5389,215.56,-0.23795760347681028,,8,1,val,current_repo_v1
5390,215.6,-0.029993826998139152,,8,1,val,current_repo_v1
5391,215.64,0.585992007920944,,8,1,val,current_repo_v1
5392,215.68,0.2974389900639653,,8,1,val,current_repo_v1
5393,215.72,0.14736941593872574,,8,1,val,current_repo_v1
5394,215.76,0.0489926559774409,,8,1,val,current_repo_v1
5395,215.8,-0.49557625886507,,8,1,val,current_repo_v1
5396,215.84,-0.2957976258979114,,8,1,val,current_repo_v1
5397,215.88,-0.5927751822017399,,8,1,val,current_repo_v1
5398,215.92,-1.0432972589961496,,8,1,val,current_repo_v1
5399,215.96,-0.8873996134327314,,8,1,val,current_repo_v1
5400,216.0,-0.9046025482761818,,8,1,val,current_repo_v1
5401,216.04,-1.024412100067279,,8,1,val,current_repo_v1
5402,216.08,-1.317381677834807,,8,1,val,current_repo_v1
5403,216.12,-1.7702223456751316,,8,1,val,current_repo_v1
5404,216.16,-1.3113028337645989,,8,1,val,current_repo_v1
5405,216.2,-1.6749722961549764,,8,1,val,current_repo_v1
5406,216.24,-1.5349285131387183,,8,1,val,current_repo_v1
5407,216.28,-0.9725633036511768,,8,1,val,current_repo_v1
5408,216.32,-0.6363379504864023,,8,1,val,current_repo_v1
5409,216.36,-0.3820881803034019,,8,1,val,current_repo_v1
5410,216.4,-1.0029769828037653,,8,1,val,current_repo_v1
5411,216.44,-0.7303154799185524,,8,1,val,current_repo_v1
5412,216.48,-0.38689699900375213,,8,1,val,current_repo_v1
5413,216.52,0.03799351494453778,,8,1,val,current_repo_v1
5414,216.56,0.038874720671754896,,8,1,val,current_repo_v1
5415,216.6,0.028777847914996543,,8,1,val,current_repo_v1
5416,216.64,0.5101159395311683,,8,1,val,current_repo_v1
5417,216.68,0.469920613079123,,8,1,val,current_repo_v1
5418,216.72,0.3998052765569696,,8,1,val,current_repo_v1
5419,216.76,0.49568089447192554,,8,1,val,current_repo_v1
5420,216.8,0.6116602698529492,,8,1,val,current_repo_v1
5421,216.84,-0.051860566139931875,,8,1,val,current_repo_v1
5422,216.88,-0.17849943558783862,,8,1,val,current_repo_v1
5423,216.92,-0.32896985746107116,,8,1,val,current_repo_v1
5424,216.96,-0.2466684642892858,,8,1,val,current_repo_v1
5425,217.0,-0.19850632671213753,,8,1,val,current_repo_v1
5426,217.04,0.36464717807105684,,8,1,val,current_repo_v1
5427,217.08,0.7253722315489042,,8,1,val,current_repo_v1
5428,217.12,-0.033457190743512256,,8,1,val,current_repo_v1
5429,217.16,-0.3685533364681249,,8,1,val,current_repo_v1
5430,217.2,-0.2713696309121523,,8,1,val,current_repo_v1
5431,217.24,0.29460114125514686,,8,1,val,current_repo_v1
5432,217.28,0.1336499540508556,,8,1,val,current_repo_v1
5433,217.32,0.6502993198471722,,8,1,val,current_repo_v1
5434,217.36,0.675583502101016,,8,1,val,current_repo_v1
5435,217.4,0.5460908087384417,,8,1,val,current_repo_v1
5436,217.44,-0.09834734010656437,,8,1,val,current_repo_v1
5437,217.48,0.34353665927731153,,8,1,val,current_repo_v1
5438,217.52,0.21660343981716995,,8,1,val,current_repo_v1
5439,217.56,-0.26725808593391664,,8,1,val,current_repo_v1
5440,217.6,-0.4170151609724012,,8,1,val,current_repo_v1
5441,217.64,-0.9606391211293289,,8,1,val,current_repo_v1
5442,217.68,-0.7151641300016158,,8,1,val,current_repo_v1
5443,217.72,-0.5166603336464561,,8,1,val,current_repo_v1
5444,217.76,0.16429825253547115,,8,1,val,current_repo_v1
5445,217.8,0.5435822983638712,,8,1,val,current_repo_v1
5446,217.84,0.5837402753213714,,8,1,val,current_repo_v1
5447,217.88,1.280501475411951,,8,1,val,current_repo_v1
5448,217.92,1.270057159694963,,8,1,val,current_repo_v1
5449,217.96,0.3090476085596203,,8,1,val,current_repo_v1
5450,218.0,0.45371816712915175,,8,1,val,current_repo_v1
5451,218.04,-0.22986340135146724,,8,1,val,current_repo_v1
5452,218.08,-0.5390045262027731,,8,1,val,current_repo_v1
5453,218.12,-0.8874865721795733,,8,1,val,current_repo_v1
5454,218.16,-0.366959639238096,,8,1,val,current_repo_v1
5455,218.2,-0.14982821014450762,,8,1,val,current_repo_v1
5456,218.24,-0.014463492642113936,,8,1,val,current_repo_v1
5457,218.28,-0.19672761049267048,,8,1,val,current_repo_v1
5458,218.32,-0.5481304902955108,,8,1,val,current_repo_v1
5459,218.36,-0.2769240674084248,,8,1,val,current_repo_v1
5460,218.4,-0.6631208881253626,,8,1,val,current_repo_v1
5461,218.44,-2.214858669583919,,8,1,val,current_repo_v1
5462,218.48,-1.4345584466487773,,8,1,val,current_repo_v1
5463,218.52,-0.3072888679047454,,8,1,val,current_repo_v1
5464,218.56,0.67121346868391,,8,1,val,current_repo_v1
5465,218.6,1.0807971494067454,,8,1,val,current_repo_v1
5466,218.64,1.2104627623757442,,8,1,val,current_repo_v1
5467,218.68,0.8158988530070014,,8,1,val,current_repo_v1
5468,218.72,0.22371381420237338,,8,1,val,current_repo_v1
5469,218.76,-0.1607481973344863,,8,1,val,current_repo_v1
5470,218.8,-0.19301898031460676,,8,1,val,current_repo_v1
5471,218.84,-0.15921763429299438,,8,1,val,current_repo_v1
5472,218.88,0.2006574865315513,,8,1,val,current_repo_v1
5473,218.92,-0.18555120191600055,,8,1,val,current_repo_v1
5474,218.96,0.31304567950099366,,8,1,val,current_repo_v1
5475,219.0,0.26294910183375325,,8,1,val,current_repo_v1
5476,219.04,0.16775578933202923,,8,1,val,current_repo_v1
5477,219.08,0.43344701407541364,,8,1,val,current_repo_v1
5478,219.12,0.48232798686723344,,8,1,val,current_repo_v1
5479,219.16,-0.3541113418369009,,8,1,val,current_repo_v1
5480,219.2,-0.06016407511781663,,8,1,val,current_repo_v1
5481,219.24,-0.20323089521677712,,8,1,val,current_repo_v1
5482,219.28,-0.24901317859808386,,8,1,val,current_repo_v1
5483,219.32,0.03492287329376425,,8,1,val,current_repo_v1
5484,219.36,-0.24134026309012468,,8,1,val,current_repo_v1
5485,219.4,0.11908124555717427,,8,1,val,current_repo_v1
5486,219.44,0.11229097914907445,,8,1,val,current_repo_v1
5487,219.48,-0.17111845556133617,,8,1,val,current_repo_v1
5488,219.52,-0.20365093447508742,,8,1,val,current_repo_v1
5489,219.56,-0.16157125830946067,,8,1,val,current_repo_v1
5490,219.6,0.20627765885099983,,8,1,val,current_repo_v1
5491,219.64,0.9841157018914454,,8,1,val,current_repo_v1
5492,219.68,0.8331557450400905,,8,1,val,current_repo_v1
5493,219.72,0.5716814136584107,,8,1,val,current_repo_v1
5494,219.76,0.33864783140210075,,8,1,val,current_repo_v1
5495,219.8,0.2094011528876612,,8,1,val,current_repo_v1
5496,219.84,0.28315824332212064,,8,1,val,current_repo_v1
5497,219.88,0.262819269573612,,8,1,val,current_repo_v1
5498,219.92,0.26049367549747,,8,1,val,current_repo_v1
5499,219.96,0.5572133314031342,,8,1,val,current_repo_v1
5500,220.0,0.4760252240239077,,8,1,val,current_repo_v1
5501,220.04,-0.06393161628298258,,8,1,val,current_repo_v1
5502,220.08,-0.4009805382760685,,8,1,val,current_repo_v1
5503,220.12,-0.36493289457656114,,8,1,val,current_repo_v1
5504,220.16,0.14198032579736003,,8,1,val,current_repo_v1
5505,220.2,0.17630550917161744,,8,1,val,current_repo_v1
5506,220.24,0.11797147018943678,,8,1,val,current_repo_v1
5507,220.28,0.2404536937188913,,8,1,val,current_repo_v1
5508,220.32,0.30140967256396656,,8,1,val,current_repo_v1
5509,220.36,-0.25802219386796854,,8,1,val,current_repo_v1
5510,220.4,-0.21307608655132373,,8,1,val,current_repo_v1
5511,220.44,0.18026795910173324,,8,1,val,current_repo_v1
5512,220.48,1.479404497948308,,8,1,val,current_repo_v1
5513,220.52,2.004849732077963,,8,1,val,current_repo_v1
5514,220.56,1.828508085132043,,8,1,val,current_repo_v1
5515,220.6,1.7254291824003194,,8,1,val,current_repo_v1
5516,220.64,1.472072735146965,,8,1,val,current_repo_v1
5517,220.68,1.7085626068407596,,8,1,val,current_repo_v1
5518,220.72,1.792658557692246,,8,1,val,current_repo_v1
5519,220.76,1.7720014361023209,,8,1,val,current_repo_v1
5520,220.8,1.831229751352868,,8,1,val,current_repo_v1
5521,220.84,1.8398788678912026,,8,1,val,current_repo_v1
5522,220.88,1.8801604403134764,,8,1,val,current_repo_v1
5523,220.92,1.521633233523224,,8,1,val,current_repo_v1
5524,220.96,1.4509039825039,,8,1,val,current_repo_v1
5525,221.0,1.421395458372741,,8,1,val,current_repo_v1
5526,221.04,1.4916096570111808,,8,1,val,current_repo_v1
5527,221.08,1.4726740334980775,,8,1,val,current_repo_v1
5528,221.12,0.9198417122718964,,8,1,val,current_repo_v1
5529,221.16,1.1689564971762285,,8,1,val,current_repo_v1
5530,221.2,1.4674737578816166,,8,1,val,current_repo_v1
5531,221.24,1.2392696292086163,,8,1,val,current_repo_v1
5532,221.28,1.491706594630611,,8,1,val,current_repo_v1
5533,221.32,1.183720809392058,,8,1,val,current_repo_v1
5534,221.36,1.2334090373374487,,8,1,val,current_repo_v1
5535,221.4,1.4983335639165678,,8,1,val,current_repo_v1
5536,221.44,1.3643106049541824,,8,1,val,current_repo_v1
5537,221.48,1.19720454714415,,8,1,val,current_repo_v1
5538,221.52,1.2143225902929375,,8,1,val,current_repo_v1
5539,221.56,0.9958910566564034,,8,1,val,current_repo_v1
5540,221.6,0.8118703108654027,,8,1,val,current_repo_v1
5541,221.64,0.7304931751282873,,8,1,val,current_repo_v1
5542,221.68,0.4789134305004668,,8,1,val,current_repo_v1
5543,221.72,0.39587488375504404,,8,1,val,current_repo_v1
5544,221.76,0.9068539244874477,,8,1,val,current_repo_v1
5545,221.8,1.014648414738481,,8,1,val,current_repo_v1
5546,221.84,0.853561185207804,,8,1,val,current_repo_v1
5547,221.88,0.9932475820300748,,8,1,val,current_repo_v1
5548,221.92,0.8222288795557919,,8,1,val,current_repo_v1
5549,221.96,0.6138550516011065,,8,1,val,current_repo_v1
5550,222.0,0.3287951559131128,,8,1,val,current_repo_v1
5551,222.04,0.46040080426861957,,8,1,val,current_repo_v1
5552,222.08,0.3512464075167711,,8,1,val,current_repo_v1
5553,222.12,0.41058591591901744,,8,1,val,current_repo_v1
5554,222.16,-0.05277520109032013,,8,1,val,current_repo_v1
5555,222.2,-0.06179731363047707,,8,1,val,current_repo_v1
5556,222.24,0.022571274275656805,,8,1,val,current_repo_v1
5557,222.28,0.026585667801478315,,8,1,val,current_repo_v1
5558,222.32,-0.01212177199509239,,8,1,val,current_repo_v1
5559,222.36,-0.3990455636035163,,8,1,val,current_repo_v1
5560,222.4,-0.8964668447325203,,8,1,val,current_repo_v1
5561,222.44,-0.8562644617920017,,8,1,val,current_repo_v1
5562,222.48,-0.8391303098917499,,8,1,val,current_repo_v1
5563,222.52,-1.3680476927385383,,8,1,val,current_repo_v1
5564,222.56,-1.636629618676629,,8,1,val,current_repo_v1
5565,222.6,-1.8431704702921479,,8,1,val,current_repo_v1
5566,222.64,-1.3076256192157731,,8,1,val,current_repo_v1
5567,222.68,-0.8988627007633339,,8,1,val,current_repo_v1
5568,222.72,-0.6322044876273027,,8,1,val,current_repo_v1
5569,222.76,-0.5860641765530565,,8,1,val,current_repo_v1
5570,222.8,-1.0124075163434332,,8,1,val,current_repo_v1
5571,222.84,-1.6044521737940407,,8,1,val,current_repo_v1
5572,222.88,-0.820548579967228,,8,1,val,current_repo_v1
5573,222.92,-0.44480133169480246,,8,1,val,current_repo_v1
5574,222.96,0.5171474095452621,,8,1,val,current_repo_v1
5575,223.0,0.8121923433393627,,8,1,val,current_repo_v1
5576,223.04,0.6621199359270846,,8,1,val,current_repo_v1
5577,223.08,0.2803788778344364,,8,1,val,current_repo_v1
5578,223.12,0.8713463872667875,,8,1,val,current_repo_v1
5579,223.16,0.05097424624051321,,8,1,val,current_repo_v1
5580,223.2,0.9556748458495837,,8,1,val,current_repo_v1
5581,223.24,0.3125159082830416,,8,1,val,current_repo_v1
5582,223.28,0.6081250404055243,,8,1,val,current_repo_v1
5583,223.32,1.0192333503045445,,8,1,val,current_repo_v1
5584,223.36,1.253211397212516,,8,1,val,current_repo_v1
5585,223.4,2.1772939165014984,,8,1,val,current_repo_v1
5586,223.44,2.5166043806822995,,8,1,val,current_repo_v1
5587,223.48,2.3546772151903244,,8,1,val,current_repo_v1
5588,223.52,2.2224111080247884,,8,1,val,current_repo_v1
5589,223.56,2.1948585854762785,,8,1,val,current_repo_v1
5590,223.6,1.3509256580407154,,8,1,val,current_repo_v1
5591,223.64,0.41082505247283235,,8,1,val,current_repo_v1
5592,223.68,0.3593104057331189,,8,1,val,current_repo_v1
5593,223.72,0.6915885445678902,,8,1,val,current_repo_v1
5594,223.76,0.9346146490847485,,8,1,val,current_repo_v1
5595,223.8,0.7714084772375858,,8,1,val,current_repo_v1
5596,223.84,0.7031976085489287,,8,1,val,current_repo_v1
5597,223.88,-0.040396436373532296,,8,1,val,current_repo_v1
5598,223.92,-0.17705460175353024,,8,1,val,current_repo_v1
5599,223.96,0.008456231390739078,,8,1,val,current_repo_v1
5600,224.0,0.10009809766336858,,8,1,val,current_repo_v1
5601,224.04,0.5379355751155713,,8,1,val,current_repo_v1
5602,224.08,0.6802217533577659,,8,1,val,current_repo_v1
5603,224.12,0.855520037896907,,8,1,val,current_repo_v1
5604,224.16,1.2799378116660292,,8,1,val,current_repo_v1
5605,224.2,1.2448575127474752,,8,1,val,current_repo_v1
5606,224.24,1.2891401854117293,,8,1,val,current_repo_v1
5607,224.28,0.7362021594137726,,8,1,val,current_repo_v1
5608,224.32,0.2579887646447974,,8,1,val,current_repo_v1
5609,224.36,-0.09810074612743121,,8,1,val,current_repo_v1
5610,224.4,0.5750045207856709,,8,1,val,current_repo_v1
5611,224.44,1.1136326296588772,,8,1,val,current_repo_v1
5612,224.48,0.7126993484722809,,8,1,val,current_repo_v1
5613,224.52,0.1341853740234693,,8,1,val,current_repo_v1
5614,224.56,0.35402552353264066,,8,1,val,current_repo_v1
5615,224.6,0.7777808427172156,,8,1,val,current_repo_v1
5616,224.64,0.919430939109561,,8,1,val,current_repo_v1
5617,224.68,0.9831622206156237,,8,1,val,current_repo_v1
5618,224.72,1.304879576034768,,8,1,val,current_repo_v1
5619,224.76,1.41364272970349,,8,1,val,current_repo_v1
5620,224.8,1.8786570518803725,,8,1,val,current_repo_v1
5621,224.84,1.7427248494811807,,8,1,val,current_repo_v1
5622,224.88,1.350608472447727,,8,1,val,current_repo_v1
5623,224.92,0.9915877391303171,,8,1,val,current_repo_v1
5624,224.96,1.1379843575469963,,8,1,val,current_repo_v1
5625,225.0,1.5872426101280852,,8,1,val,current_repo_v1
5626,225.04,1.5802209051535958,,8,1,val,current_repo_v1
5627,225.08,1.1923448361935989,,8,1,val,current_repo_v1
5628,225.12,0.8960569981797823,,8,1,val,current_repo_v1
5629,225.16,0.860281171841817,,8,1,val,current_repo_v1
5630,225.2,0.5501006048551064,,8,1,val,current_repo_v1
5631,225.24,0.5436005810840063,,8,1,val,current_repo_v1
5632,225.28,0.8215294318650064,,8,1,val,current_repo_v1
5633,225.32,0.9727241773328341,,8,1,val,current_repo_v1
5634,225.36,1.0104934973033166,,8,1,val,current_repo_v1
5635,225.4,1.5052174178940145,,8,1,val,current_repo_v1
5636,225.44,1.3498191436259845,,8,1,val,current_repo_v1
5637,225.48,0.9302952940848593,,8,1,val,current_repo_v1
5638,225.52,0.9259857754022359,,8,1,val,current_repo_v1
5639,225.56,1.363859417357864,,8,1,val,current_repo_v1
5640,225.6,1.6103086315608504,,8,1,val,current_repo_v1
5641,225.64,1.0520486589785156,,8,1,val,current_repo_v1
5642,225.68,1.2443666947714485,,8,1,val,current_repo_v1
5643,225.72,1.462918687655657,,8,1,val,current_repo_v1
5644,225.76,1.5248475709392706,,8,1,val,current_repo_v1
5645,225.8,1.5943464269684449,,8,1,val,current_repo_v1
5646,225.84,2.1302269958297577,,8,1,val,current_repo_v1
5647,225.88,1.781702325811473,,8,1,val,current_repo_v1
5648,225.92,1.1432010270255668,,8,1,val,current_repo_v1
5649,225.96,0.8115906173222822,,8,1,val,current_repo_v1
5650,226.0,0.14315350264486454,,8,1,val,current_repo_v1
5651,226.04,-0.02415355817016273,,8,1,val,current_repo_v1
5652,226.08,-0.07803329572011145,,8,1,val,current_repo_v1
5653,226.12,0.6159282336590081,,8,1,val,current_repo_v1
5654,226.16,0.9383058340551979,,8,1,val,current_repo_v1
5655,226.2,1.1873029395406483,,8,1,val,current_repo_v1
5656,226.24,0.9244247946187647,,8,1,val,current_repo_v1
5657,226.28,1.1934671742491487,,8,1,val,current_repo_v1
5658,226.32,0.6189360796901361,,8,1,val,current_repo_v1
5659,226.36,-0.2641120325174393,,8,1,val,current_repo_v1
5660,226.4,-0.9095681778314926,,8,1,val,current_repo_v1
5661,226.44,-1.345623027702562,,8,1,val,current_repo_v1
5662,226.48,-1.1477201020325467,,8,1,val,current_repo_v1
5663,226.52,-0.851472036953761,,8,1,val,current_repo_v1
5664,226.56,-0.718714256480262,,8,1,val,current_repo_v1
5665,226.6,-0.5543296510580705,,8,1,val,current_repo_v1
5666,226.64,-0.2401391275799573,,8,1,val,current_repo_v1
5667,226.68,-0.31735042258030693,,8,1,val,current_repo_v1
5668,226.72,-0.0771686620491572,,8,1,val,current_repo_v1
5669,226.76,-0.4867574658539017,,8,1,val,current_repo_v1
5670,226.8,-0.3982432622474089,,8,1,val,current_repo_v1
5671,226.84,0.22315966602424112,,8,1,val,current_repo_v1
5672,226.88,0.12611009611721355,,8,1,val,current_repo_v1
5673,226.92,0.06329583736319411,,8,1,val,current_repo_v1
5674,226.96,-0.07121401930384391,,8,1,val,current_repo_v1
5675,227.0,0.4719433661916224,,8,1,val,current_repo_v1
5676,227.04,0.6773342952966509,,8,1,val,current_repo_v1
5677,227.08,0.725029528553154,,8,1,val,current_repo_v1
5678,227.12,0.395151201659401,,8,1,val,current_repo_v1
5679,227.16,0.22342104120839584,,8,1,val,current_repo_v1
5680,227.2,0.06869955724455101,,8,1,val,current_repo_v1
5681,227.24,0.376638219039247,,8,1,val,current_repo_v1
5682,227.28,0.47225912623138394,,8,1,val,current_repo_v1
5683,227.32,0.19618586462761237,,8,1,val,current_repo_v1
5684,227.36,0.005809103784266469,,8,1,val,current_repo_v1
5685,227.4,-0.3290255965922435,,8,1,val,current_repo_v1
5686,227.44,-0.004599359269064689,,8,1,val,current_repo_v1
5687,227.48,-0.13454363336880823,,8,1,val,current_repo_v1
5688,227.52,0.5367891452104868,,8,1,val,current_repo_v1
5689,227.56,-0.08278968970054187,,8,1,val,current_repo_v1
5690,227.6,-0.439133545897575,,8,1,val,current_repo_v1
5691,227.64,-0.11710535750700962,,8,1,val,current_repo_v1
5692,227.68,-0.3798334896808835,,8,1,val,current_repo_v1
5693,227.72,0.008985931331029783,,8,1,val,current_repo_v1
5694,227.76,-0.02864809584222433,,8,1,val,current_repo_v1
5695,227.8,0.1256557010261346,,8,1,val,current_repo_v1
5696,227.84,0.15392108037547075,,8,1,val,current_repo_v1
5697,227.88,0.16919707710268567,,8,1,val,current_repo_v1
5698,227.92,-0.0992076614790072,,8,1,val,current_repo_v1
5699,227.96,0.26376136424303376,,8,1,val,current_repo_v1
5700,228.0,0.5136452885715322,,8,1,val,current_repo_v1
5701,228.04,0.6960805340635587,,8,1,val,current_repo_v1
5702,228.08,0.889838948836966,,8,1,val,current_repo_v1
5703,228.12,0.7402823065821855,,8,1,val,current_repo_v1
5704,228.16,0.9013053149399902,,8,1,val,current_repo_v1
5705,228.2,1.5274263967267587,,8,1,val,current_repo_v1
5706,228.24,1.5423088873050992,,8,1,val,current_repo_v1
5707,228.28,1.0934959775520985,,8,1,val,current_repo_v1
5708,228.32,0.6443472074588367,,8,1,val,current_repo_v1
5709,228.36,0.719738730306784,,8,1,val,current_repo_v1
5710,228.4,0.9068952655310282,,8,1,val,current_repo_v1
5711,228.44,0.9324927843841478,,8,1,val,current_repo_v1
5712,228.48,1.144875624401223,,8,1,val,current_repo_v1
5713,228.52,0.7780958899803637,,8,1,val,current_repo_v1
5714,228.56,0.47853148915214583,,8,1,val,current_repo_v1
5715,228.6,0.6273346552488407,,8,1,val,current_repo_v1
5716,228.64,1.0465296296605167,,8,1,val,current_repo_v1
5717,228.68,1.6384367925023884,,8,1,val,current_repo_v1
5718,228.72,1.1995855061437424,,8,1,val,current_repo_v1
5719,228.76,0.9988632638568585,,8,1,val,current_repo_v1
5720,228.8,0.48809891144042816,,8,1,val,current_repo_v1
5721,228.84,0.4272755803231173,,8,1,val,current_repo_v1
5722,228.88,0.4573268125677628,,8,1,val,current_repo_v1
5723,228.92,0.24441694552269727,,8,1,val,current_repo_v1
5724,228.96,0.023510482199793993,,8,1,val,current_repo_v1
5725,229.0,0.38638437006335374,,8,1,val,current_repo_v1
5726,229.04,0.3831480078499514,,8,1,val,current_repo_v1
5727,229.08,0.1935418019605776,,8,1,val,current_repo_v1
5728,229.12,0.17900616630176067,,8,1,val,current_repo_v1
5729,229.16,0.7323299291835051,,8,1,val,current_repo_v1
5730,229.2,0.6272516880510343,,8,1,val,current_repo_v1
5731,229.24,0.8363473448821677,,8,1,val,current_repo_v1
5732,229.28,0.8608347141598277,,8,1,val,current_repo_v1
5733,229.32,1.3763367145317547,,8,1,val,current_repo_v1
5734,229.36,1.2677248120604083,,8,1,val,current_repo_v1
5735,229.4,1.2814503236397852,,8,1,val,current_repo_v1
5736,229.44,1.500356566500882,,8,1,val,current_repo_v1
5737,229.48,1.9325962795484217,,8,1,val,current_repo_v1
5738,229.52,1.9256067920768607,,8,1,val,current_repo_v1
5739,229.56,1.8698583948085343,,8,1,val,current_repo_v1
5740,229.6,1.9809115571809714,,8,1,val,current_repo_v1
5741,229.64,0.9271347713031288,,8,1,val,current_repo_v1
5742,229.68,0.6990643595228132,,8,1,val,current_repo_v1
5743,229.72,0.6876191628852085,,8,1,val,current_repo_v1
5744,229.76,1.1071450794785127,,8,1,val,current_repo_v1
5745,229.8,0.9349788779342251,,8,1,val,current_repo_v1
5746,229.84,1.1394960854664777,,8,1,val,current_repo_v1
5747,229.88,0.8038074530916365,,8,1,val,current_repo_v1
5748,229.92,0.7084390826536474,,8,1,val,current_repo_v1
5749,229.96,1.0019973426262296,,8,1,val,current_repo_v1
5750,230.0,1.0435870739671813,,8,1,val,current_repo_v1
5751,230.04,0.9712010449875375,,8,1,val,current_repo_v1
5752,230.08,1.0341734332332524,,8,1,val,current_repo_v1
5753,230.12,0.8092728816083035,,8,1,val,current_repo_v1
5754,230.16,0.4457895251916995,,8,1,val,current_repo_v1
5755,230.2,0.3797166299551072,,8,1,val,current_repo_v1
5756,230.24,0.48902299068094474,,8,1,val,current_repo_v1
5757,230.28,0.9037187765531562,,8,1,val,current_repo_v1
5758,230.32,0.30607326302932486,,8,1,val,current_repo_v1
5759,230.36,-0.08982867950790759,,8,1,val,current_repo_v1
5760,230.4,-0.4141972699087596,,8,1,val,current_repo_v1
5761,230.44,-1.3930846840628353,,8,1,val,current_repo_v1
5762,230.48,-0.9849067413770601,,8,1,val,current_repo_v1
5763,230.52,-1.0073113773901983,,8,1,val,current_repo_v1
5764,230.56,-1.1203531152365196,,8,1,val,current_repo_v1
5765,230.6,-1.1267888465570859,,8,1,val,current_repo_v1
5766,230.64,-1.0934884221199959,,8,1,val,current_repo_v1
5767,230.68,-0.5155630853277001,,8,1,val,current_repo_v1
5768,230.72,-0.5797255966849045,,8,1,val,current_repo_v1
5769,230.76,-0.8730476424877871,,8,1,val,current_repo_v1
5770,230.8,-0.4847553476243619,,8,1,val,current_repo_v1
5771,230.84,-0.0751882478674971,,8,1,val,current_repo_v1
5772,230.88,0.14796568921471334,,8,1,val,current_repo_v1
5773,230.92,-0.03527468201075138,,8,1,val,current_repo_v1
5774,230.96,-0.12534879723579528,,8,1,val,current_repo_v1
5775,231.0,0.15972910497139592,,8,1,val,current_repo_v1
5776,231.04,-0.19110807967217408,,8,1,val,current_repo_v1
5777,231.08,-0.18213561202314443,,8,1,val,current_repo_v1
5778,231.12,0.03629331106904304,,8,1,val,current_repo_v1
5779,231.16,0.4247668204767321,,8,1,val,current_repo_v1
5780,231.2,0.3238268890843322,,8,1,val,current_repo_v1
5781,231.24,0.23889481562642978,,8,1,val,current_repo_v1
5782,231.28,0.034928967533809314,,8,1,val,current_repo_v1
5783,231.32,0.04855422708250339,,8,1,val,current_repo_v1
5784,231.36,0.030117636295896665,,8,1,val,current_repo_v1
5785,231.4,0.2403892587130348,,8,1,val,current_repo_v1
5786,231.44,0.19539298974221792,,8,1,val,current_repo_v1
5787,231.48,0.34221488632531655,,8,1,val,current_repo_v1
5788,231.52,0.08800603842963622,,8,1,val,current_repo_v1
5789,231.56,0.1511917518060512,,8,1,val,current_repo_v1
5790,231.6,0.1609662000617122,,8,1,val,current_repo_v1
5791,231.64,0.05809930382395387,,8,1,val,current_repo_v1
5792,231.68,0.3950005919609775,,8,1,val,current_repo_v1
5793,231.72,0.4154117343415986,,8,1,val,current_repo_v1
5794,231.76,0.694159672367953,,8,1,val,current_repo_v1
5795,231.8,1.2102219864357184,,8,1,val,current_repo_v1
5796,231.84,1.2295285388984651,,8,1,val,current_repo_v1
5797,231.88,1.6137536234890115,,8,1,val,current_repo_v1
5798,231.92,2.1455916085094406,,8,1,val,current_repo_v1
5799,231.96,2.437754465705858,,8,1,val,current_repo_v1
5800,232.0,2.4153136919184175,,8,1,val,current_repo_v1
5801,232.04,2.619657053234648,,8,1,val,current_repo_v1
5802,232.08,2.5209614415650408,,8,1,val,current_repo_v1
5803,232.12,2.376315687621658,,8,1,val,current_repo_v1
5804,232.16,2.2234061441771744,,8,1,val,current_repo_v1
5805,232.2,1.6448782973135236,,8,1,val,current_repo_v1
5806,232.24,1.290876509242111,,8,1,val,current_repo_v1
5807,232.28,1.1308629351242843,,8,1,val,current_repo_v1
5808,232.32,1.0545623369835337,,8,1,val,current_repo_v1
5809,232.36,1.3825874803211287,,8,1,val,current_repo_v1
5810,232.4,1.262060518868587,,8,1,val,current_repo_v1
5811,232.44,0.6436136177682665,,8,1,val,current_repo_v1
5812,232.48,0.45493437786469376,,8,1,val,current_repo_v1
5813,232.52,0.6526396505797974,,8,1,val,current_repo_v1
5814,232.56,1.037933757535207,,8,1,val,current_repo_v1
5815,232.6,0.9405239948762766,,8,1,val,current_repo_v1
5816,232.64,0.640899863367851,,8,1,val,current_repo_v1
5817,232.68,0.6094746829231055,,8,1,val,current_repo_v1
5818,232.72,0.7355365686121262,,8,1,val,current_repo_v1
5819,232.76,1.0969225798436324,,8,1,val,current_repo_v1
5820,232.8,1.5860046597058328,,8,1,val,current_repo_v1
5821,232.84,0.8077347096764629,,8,1,val,current_repo_v1
5822,232.88,0.713820546085249,,8,1,val,current_repo_v1
5823,232.92,0.34276632595231765,,8,1,val,current_repo_v1
5824,232.96,0.8145010980680119,,8,1,val,current_repo_v1
5825,233.0,0.8424496393029587,,8,1,val,current_repo_v1
5826,233.04,0.2720633229317842,,8,1,val,current_repo_v1
5827,233.08,-0.047409899868428564,,8,1,val,current_repo_v1
5828,233.12,-0.23893694072428512,,8,1,val,current_repo_v1
5829,233.16,-0.5752347476318175,,8,1,val,current_repo_v1
5830,233.2,-0.18812755080475688,,8,1,val,current_repo_v1
5831,233.24,-0.2778868325996367,,8,1,val,current_repo_v1
5832,233.28,-0.03838559554018524,,8,1,val,current_repo_v1
5833,233.32,-0.015359737955874994,,8,1,val,current_repo_v1
5834,233.36,-0.26229500455499893,,8,1,val,current_repo_v1
5835,233.4,-0.4151651136333424,,8,1,val,current_repo_v1
5836,233.44,0.1002946992727754,,8,1,val,current_repo_v1
5837,233.48,0.10395126111922608,,8,1,val,current_repo_v1
5838,233.52,-0.2775685600223128,,8,1,val,current_repo_v1
5839,233.56,-0.034387364224073874,,8,1,val,current_repo_v1
5840,233.6,0.17253178466932975,,8,1,val,current_repo_v1
5841,233.64,0.025193650714227113,,8,1,val,current_repo_v1
5842,233.68,-0.26187188253783544,,8,1,val,current_repo_v1
5843,233.72,-0.2342518778634464,,8,1,val,current_repo_v1
5844,233.76,-0.3932039315902666,,8,1,val,current_repo_v1
5845,233.8,-0.5747460679856313,,8,1,val,current_repo_v1
5846,233.84,-0.42139089660241486,,8,1,val,current_repo_v1
5847,233.88,-0.7664374305800127,,8,1,val,current_repo_v1
5848,233.92,-0.86895138656791,,8,1,val,current_repo_v1
5849,233.96,-0.5752007481873556,,8,1,val,current_repo_v1
5850,234.0,-0.9534639553499623,,8,1,val,current_repo_v1
5851,234.04,-0.913274830054454,,8,1,val,current_repo_v1
5852,234.08,-0.5900414700561476,,8,1,val,current_repo_v1
5853,234.12,-0.3796819533728625,,8,1,val,current_repo_v1
5854,234.16,-0.47266897278412184,,8,1,val,current_repo_v1
5855,234.2,-0.569778086267496,,8,1,val,current_repo_v1
5856,234.24,-0.799063710896095,,8,1,val,current_repo_v1
5857,234.28,-0.8042850134226528,,8,1,val,current_repo_v1
5858,234.32,-0.6224457917347992,,8,1,val,current_repo_v1
5859,234.36,-0.4485062019762302,,8,1,val,current_repo_v1
5860,234.4,-0.5647431035476959,,8,1,val,current_repo_v1
5861,234.44,-1.0058688600798837,,8,1,val,current_repo_v1
5862,234.48,-1.0632346900394671,,8,1,val,current_repo_v1
5863,234.52,-1.1620995861547705,,8,1,val,current_repo_v1
5864,234.56,-1.3266874041894585,,8,1,val,current_repo_v1
5865,234.6,-1.322387365435794,,8,1,val,current_repo_v1
5866,234.64,-0.9517542180872626,,8,1,val,current_repo_v1
5867,234.68,-0.6395350387084031,,8,1,val,current_repo_v1
5868,234.72,-0.6911690042532094,,8,1,val,current_repo_v1
5869,234.76,-0.9719959334668649,,8,1,val,current_repo_v1
5870,234.8,-0.5933079470814684,,8,1,val,current_repo_v1
5871,234.84,-0.7004909106369863,,8,1,val,current_repo_v1
5872,234.88,-1.0129339018724712,,8,1,val,current_repo_v1
5873,234.92,-1.0031230307318626,,8,1,val,current_repo_v1
5874,234.96,-0.6856782721667647,,8,1,val,current_repo_v1
5875,235.0,-0.7387867586918296,,8,1,val,current_repo_v1
5876,235.04,-0.8229800748287144,,8,1,val,current_repo_v1
5877,235.08,-0.928727684478883,,8,1,val,current_repo_v1
5878,235.12,-0.8346919924750748,,8,1,val,current_repo_v1
5879,235.16,-0.8313025971227631,,8,1,val,current_repo_v1
5880,235.2,-0.705102931714361,,8,1,val,current_repo_v1
5881,235.24,-0.7316302676597356,,8,1,val,current_repo_v1
5882,235.28,-0.6701030339978051,,8,1,val,current_repo_v1
5883,235.32,-0.8676095133154156,,8,1,val,current_repo_v1
5884,235.36,-1.49383366260049,,8,1,val,current_repo_v1
5885,235.4,-1.418707577763394,,8,1,val,current_repo_v1
5886,235.44,-1.0374026676805201,,8,1,val,current_repo_v1
5887,235.48,-0.6682934367315599,,8,1,val,current_repo_v1
5888,235.52,-1.4054227046864562,,8,1,val,current_repo_v1
5889,235.56,-1.1703455562405338,,8,1,val,current_repo_v1
5890,235.6,-0.844608140721491,,8,1,val,current_repo_v1
5891,235.64,-0.7228773708464814,,8,1,val,current_repo_v1
5892,235.68,-0.8739020478143382,,8,1,val,current_repo_v1
5893,235.72,-1.0494393976296328,,8,1,val,current_repo_v1
5894,235.76,-0.726017722050051,,8,1,val,current_repo_v1
5895,235.8,-0.440320996096764,,8,1,val,current_repo_v1
5896,235.84,-0.3156838795803827,,8,1,val,current_repo_v1
5897,235.88,-0.24872345272412885,,8,1,val,current_repo_v1
5898,235.92,-0.10276128947276698,,8,1,val,current_repo_v1
5899,235.96,-0.16773921727576635,,8,1,val,current_repo_v1
5900,236.0,0.021120604582825747,,8,1,val,current_repo_v1
5901,236.04,-0.12166759113793432,,8,1,val,current_repo_v1
5902,236.08,0.5192149250290866,,8,1,val,current_repo_v1
5903,236.12,-0.5175512687744469,,8,1,val,current_repo_v1
5904,236.16,-0.14887912135456638,,8,1,val,current_repo_v1
5905,236.2,-0.30810132632759457,,8,1,val,current_repo_v1
5906,236.24,-0.15122142113258635,,8,1,val,current_repo_v1
5907,236.28,-0.21969407485195094,,8,1,val,current_repo_v1
5908,236.32,0.1359516879298622,,8,1,val,current_repo_v1
5909,236.36,0.8039781630905595,,8,1,val,current_repo_v1
5910,236.4,1.0010717309159942,,8,1,val,current_repo_v1
5911,236.44,1.000297299125473,,8,1,val,current_repo_v1
5912,236.48,1.0999122500711174,,8,1,val,current_repo_v1
5913,236.52,1.0834683510433374,,8,1,val,current_repo_v1
5914,236.56,1.0341272453087003,,8,1,val,current_repo_v1
5915,236.6,0.8672243288335033,,8,1,val,current_repo_v1
5916,236.64,0.7805766377058401,,8,1,val,current_repo_v1
5917,236.68,0.5804085792359192,,8,1,val,current_repo_v1
5918,236.72,0.19704978552195312,,8,1,val,current_repo_v1
5919,236.76,-0.07664712340109059,,8,1,val,current_repo_v1
5920,236.8,0.13702406034480855,,8,1,val,current_repo_v1
5921,236.84,-0.08338582042120679,,8,1,val,current_repo_v1
5922,236.88,-0.1867616747998042,,8,1,val,current_repo_v1
5923,236.92,-0.10455057260552854,,8,1,val,current_repo_v1
5924,236.96,-0.04531883157238307,,8,1,val,current_repo_v1
5925,237.0,-0.16167897667516937,,8,1,val,current_repo_v1
5926,237.04,-0.2374593191657577,,8,1,val,current_repo_v1
5927,237.08,-0.2463661579081033,,8,1,val,current_repo_v1
5928,237.12,-0.44323782055435346,,8,1,val,current_repo_v1
5929,237.16,-0.3013463067230302,,8,1,val,current_repo_v1
5930,237.2,-0.40024409747904455,,8,1,val,current_repo_v1
5931,237.24,-0.18372517514881528,,8,1,val,current_repo_v1
5932,237.28,-0.052413965902620034,,8,1,val,current_repo_v1
5933,237.32,-0.32778907172321803,,8,1,val,current_repo_v1
5934,237.36,-0.5551886894326091,,8,1,val,current_repo_v1
5935,237.4,-0.6897037493689254,,8,1,val,current_repo_v1
5936,237.44,-0.4250997227940473,,8,1,val,current_repo_v1
5937,237.48,-0.36873815944399435,,8,1,val,current_repo_v1
5938,237.52,-0.3938540907782316,,8,1,val,current_repo_v1
5939,237.56,-0.30692410447280866,,8,1,val,current_repo_v1
5940,237.6,-0.15450482660247686,,8,1,val,current_repo_v1
5941,237.64,-0.19286628574458892,,8,1,val,current_repo_v1
5942,237.68,-0.32735859028752057,,8,1,val,current_repo_v1
5943,237.72,-0.4183903921704055,,8,1,val,current_repo_v1
5944,237.76,-0.42463830685332576,,8,1,val,current_repo_v1
5945,237.8,-0.4880540777914417,,8,1,val,current_repo_v1
5946,237.84,-0.5668607272274465,,8,1,val,current_repo_v1
5947,237.88,-0.5946224140731755,,8,1,val,current_repo_v1
5948,237.92,-0.5924430995775302,,8,1,val,current_repo_v1
5949,237.96,-0.5345879484728084,,8,1,val,current_repo_v1
5950,238.0,-0.4831185630480495,,8,1,val,current_repo_v1
5951,238.04,-0.41796857097056156,,8,1,val,current_repo_v1
5952,238.08,-0.401388246498966,,8,1,val,current_repo_v1
5953,238.12,-0.2141848283929717,,8,1,val,current_repo_v1
5954,238.16,-0.1331153537713474,,8,1,val,current_repo_v1
5955,238.2,-0.08162057567973408,,8,1,val,current_repo_v1
5956,238.24,-0.24518367932579316,,8,1,val,current_repo_v1
5957,238.28,0.00019866977529931168,,8,1,val,current_repo_v1
5958,238.32,0.08883105954029757,,8,1,val,current_repo_v1
5959,238.36,0.12315011303567924,,8,1,val,current_repo_v1
5960,238.4,-0.05494783330521429,,8,1,val,current_repo_v1
5961,238.44,-0.24498150023938603,,8,1,val,current_repo_v1
5962,238.48,-0.20723693143680583,,8,1,val,current_repo_v1
5963,238.52,-0.011284794056740297,,8,1,val,current_repo_v1
5964,238.56,0.19972367789026105,,8,1,val,current_repo_v1
5965,238.6,0.041765885171259905,,8,1,val,current_repo_v1
5966,238.64,-0.07909969863092006,,8,1,val,current_repo_v1
5967,238.68,-0.07831649968805332,,8,1,val,current_repo_v1
5968,238.72,0.1289579416180357,,8,1,val,current_repo_v1
5969,238.76,0.24312530520203618,,8,1,val,current_repo_v1
5970,238.8,0.23943647239441124,,8,1,val,current_repo_v1
5971,238.84,0.21698605830327375,,8,1,val,current_repo_v1
5972,238.88,-0.014457255846746186,,8,1,val,current_repo_v1
5973,238.92,-0.1042057758284763,,8,1,val,current_repo_v1
5974,238.96,-0.18669428177100184,,8,1,val,current_repo_v1
5975,239.0,-0.16939713567866777,,8,1,val,current_repo_v1
5976,239.04,-0.30776165263245153,,8,1,val,current_repo_v1
5977,239.08,-0.4225286306328152,,8,1,val,current_repo_v1
5978,239.12,-0.5375503193559977,,8,1,val,current_repo_v1
5979,239.16,-0.6918360918857439,,8,1,val,current_repo_v1
5980,239.2,-0.6093391128112259,,8,1,val,current_repo_v1
5981,239.24,-0.44306493658675944,,8,1,val,current_repo_v1
5982,239.28,-0.41734524782209326,,8,1,val,current_repo_v1
5983,239.32,-0.520209177127198,,8,1,val,current_repo_v1
5984,239.36,-0.8783497026046497,,8,1,val,current_repo_v1
5985,239.4,-0.9953261099125772,,8,1,val,current_repo_v1
5986,239.44,-0.886700593407914,,8,1,val,current_repo_v1
5987,239.48,-0.45493213261836135,,8,1,val,current_repo_v1
5988,239.52,-0.30865572397754154,,8,1,val,current_repo_v1
5989,239.56,-0.24380320921967996,,8,1,val,current_repo_v1
5990,239.6,-0.531257143358123,,8,1,val,current_repo_v1
5991,239.64,-0.5091163059696253,,8,1,val,current_repo_v1
5992,239.68,0.03539267326940155,,8,1,val,current_repo_v1
5993,239.72,0.28592750520130916,,8,1,val,current_repo_v1
5994,239.76,0.3132855644702527,,8,1,val,current_repo_v1
5995,239.8,0.19696893883457176,,8,1,val,current_repo_v1
5996,239.84,0.10541694366947807,,8,1,val,current_repo_v1
5997,239.88,0.11061985655940876,,8,1,val,current_repo_v1
5998,239.92,0.1374861890621435,,8,1,val,current_repo_v1
5999,239.96,-0.053959417065625556,,8,1,val,current_repo_v1
6000,240.0,0.14084266304462104,,8,1,val,current_repo_v1
6001,240.04,0.43347709324850153,,8,1,val,current_repo_v1
6002,240.08,0.26154220553469615,,8,1,val,current_repo_v1
6003,240.12,0.07246071905902653,,8,1,val,current_repo_v1
6004,240.16,0.644188329551697,,8,1,val,current_repo_v1
6005,240.2,0.8436726214163285,,8,1,val,current_repo_v1
6006,240.24,0.7327366395191438,,8,1,val,current_repo_v1
6007,240.28,0.9217102561640743,,8,1,val,current_repo_v1
6008,240.32,0.818421298164365,,8,1,val,current_repo_v1
6009,240.36,0.9034673089639286,,8,1,val,current_repo_v1
6010,240.4,0.9252302321919713,,8,1,val,current_repo_v1
6011,240.44,0.5542600840605971,,8,1,val,current_repo_v1
6012,240.48,0.4206162153400789,,8,1,val,current_repo_v1
6013,240.52,0.25974492148444855,,8,1,val,current_repo_v1
6014,240.56,-0.08024732243683214,,8,1,val,current_repo_v1
6015,240.6,0.3929230976045645,,8,1,val,current_repo_v1
6016,240.64,0.3681256705000506,,8,1,val,current_repo_v1
6017,240.68,-0.06668965193050913,,8,1,val,current_repo_v1
6018,240.72,-0.3260439807404908,,8,1,val,current_repo_v1
6019,240.76,-0.10506160670825433,,8,1,val,current_repo_v1
6020,240.8,-0.157939590186235,,8,1,val,current_repo_v1
6021,240.84,-0.06962377904039027,,8,1,val,current_repo_v1
6022,240.88,-0.30341556850955775,,8,1,val,current_repo_v1
6023,240.92,0.17571149896137755,,8,1,val,current_repo_v1
6024,240.96,0.8472487642413659,,8,1,val,current_repo_v1
6025,241.0,0.9484284024088714,,8,1,val,current_repo_v1
6026,241.04,1.0480851220640641,,8,1,val,current_repo_v1
6027,241.08,0.9787107168315996,,8,1,val,current_repo_v1
6028,241.12,1.0733162737378668,,8,1,val,current_repo_v1
6029,241.16,1.0966842273440924,,8,1,val,current_repo_v1
6030,241.2,0.9081711356691166,,8,1,val,current_repo_v1
6031,241.24,1.1480719998466105,,8,1,val,current_repo_v1
6032,241.28,1.0121746522238166,,8,1,val,current_repo_v1
6033,241.32,0.945084624759821,,8,1,val,current_repo_v1
6034,241.36,1.02220769583484,,8,1,val,current_repo_v1
6035,241.4,0.4837174379586762,,8,1,val,current_repo_v1
6036,241.44,0.08180409783828396,,8,1,val,current_repo_v1
6037,241.48,-0.3420778550213794,,8,1,val,current_repo_v1
6038,241.52,-0.7331653033744769,,8,1,val,current_repo_v1
6039,241.56,-0.6708552271579864,,8,1,val,current_repo_v1
6040,241.6,-0.6562410256969512,,8,1,val,current_repo_v1
6041,241.64,-0.8380878740945688,,8,1,val,current_repo_v1
6042,241.68,-1.095775152051289,,8,1,val,current_repo_v1
6043,241.72,-1.3672081844432085,,8,1,val,current_repo_v1
6044,241.76,-1.1572311793295353,,8,1,val,current_repo_v1
6045,241.8,-0.9742765335192825,,8,1,val,current_repo_v1
6046,241.84,-0.9120827824461082,,8,1,val,current_repo_v1
6047,241.88,-0.8101821707340908,,8,1,val,current_repo_v1
6048,241.92,-0.626267985046802,,8,1,val,current_repo_v1
6049,241.96,-0.4075327372952736,,8,1,val,current_repo_v1
6050,242.0,-0.8113506967141925,,8,1,val,current_repo_v1
6051,242.04,-1.0020917142498513,,8,1,val,current_repo_v1
6052,242.08,-0.8543698302757712,,8,1,val,current_repo_v1
6053,242.12,-0.619279139074193,,8,1,val,current_repo_v1
6054,242.16,-0.7798883806078858,,8,1,val,current_repo_v1
6055,242.2,-0.31355845099671475,,8,1,val,current_repo_v1
6056,242.24,-0.46816329797747497,,8,1,val,current_repo_v1
6057,242.28,-0.32152711534101264,,8,1,val,current_repo_v1
6058,242.32,-0.28648797927188585,,8,1,val,current_repo_v1
6059,242.36,-0.5551220804580815,,8,1,val,current_repo_v1
6060,242.4,-0.8241000607214397,,8,1,val,current_repo_v1
6061,242.44,-1.1882234192592669,,8,1,val,current_repo_v1
6062,242.48,-1.3320469141013658,,8,1,val,current_repo_v1
6063,242.52,-1.0936412414259211,,8,1,val,current_repo_v1
6064,242.56,-0.7621008976637392,,8,1,val,current_repo_v1
6065,242.6,-0.7226633953071215,,8,1,val,current_repo_v1
6066,242.64,-0.8938706984733251,,8,1,val,current_repo_v1
6067,242.68,-0.7922506356363644,,8,1,val,current_repo_v1
6068,242.72,-0.8785654600855431,,8,1,val,current_repo_v1
6069,242.76,-0.8547154556556366,,8,1,val,current_repo_v1
6070,242.8,-0.5994342264353022,,8,1,val,current_repo_v1
6071,242.84,-0.6137403658440013,,8,1,val,current_repo_v1
6072,242.88,-0.614060473821105,,8,1,val,current_repo_v1
6073,242.92,-0.5179931546359596,,8,1,val,current_repo_v1
6074,242.96,-0.7568977709408246,,8,1,val,current_repo_v1
6075,243.0,-0.4889119044457374,,8,1,val,current_repo_v1
6076,243.04,-0.7618991106044695,,8,1,val,current_repo_v1
6077,243.08,-0.5714512224510948,,8,1,val,current_repo_v1
6078,243.12,-0.9352666971307392,,8,1,val,current_repo_v1
6079,243.16,-1.2892449635739076,,8,1,val,current_repo_v1
6080,243.2,-1.5575597408372746,,8,1,val,current_repo_v1
6081,243.24,-1.4687834136311828,,8,1,val,current_repo_v1
6082,243.28,-1.2329448772067653,,8,1,val,current_repo_v1
6083,243.32,-1.317475479237138,,8,1,val,current_repo_v1
6084,243.36,-1.2973716148545782,,8,1,val,current_repo_v1
6085,243.4,-1.433412444409661,,8,1,val,current_repo_v1
6086,243.44,-0.8983147893805693,,8,1,val,current_repo_v1
6087,243.48,-1.1210989646848413,,8,1,val,current_repo_v1
6088,243.52,-0.9243495254083836,,8,1,val,current_repo_v1
6089,243.56,-0.8991873705107636,,8,1,val,current_repo_v1
6090,243.6,-0.8285906959415427,,8,1,val,current_repo_v1
6091,243.64,-0.6982572112857343,,8,1,val,current_repo_v1
6092,243.68,-0.9980600358911536,,8,1,val,current_repo_v1
6093,243.72,-1.2125835579114248,,8,1,val,current_repo_v1
6094,243.76,-1.0026766900165158,,8,1,val,current_repo_v1
6095,243.8,-0.5262670299261399,,8,1,val,current_repo_v1
6096,243.84,-0.6687791227159697,,8,1,val,current_repo_v1
6097,243.88,-0.7666475571256599,,8,1,val,current_repo_v1
6098,243.92,-0.7486161620243882,,8,1,val,current_repo_v1
6099,243.96,-0.3699031215410287,,8,1,val,current_repo_v1
6100,244.0,-0.10460774619963548,,8,1,val,current_repo_v1
6101,244.04,0.10087293930044254,,8,1,val,current_repo_v1
6102,244.08,-0.4083960166906623,,8,1,val,current_repo_v1
6103,244.12,-0.7182025541494611,,8,1,val,current_repo_v1
6104,244.16,-0.4003165512218025,,8,1,val,current_repo_v1
6105,244.2,-0.590000342845551,,8,1,val,current_repo_v1
6106,244.24,-1.3533995631107025,,8,1,val,current_repo_v1
6107,244.28,-2.0221515290376995,,8,1,val,current_repo_v1
6108,244.32,-1.8392201197450455,,8,1,val,current_repo_v1
6109,244.36,-1.4097903146630766,,8,1,val,current_repo_v1
6110,244.4,-0.7218389265983356,,8,1,val,current_repo_v1
6111,244.44,-1.451456099268684,,8,1,val,current_repo_v1
6112,244.48,-0.6880158943482588,,8,1,val,current_repo_v1
6113,244.52,0.17673076951862132,,8,1,val,current_repo_v1
6114,244.56,0.21933729451808495,,8,1,val,current_repo_v1
6115,244.6,0.5636896197130062,,8,1,val,current_repo_v1
6116,244.64,0.4237566378213099,,8,1,val,current_repo_v1
6117,244.68,0.46323366364114377,,8,1,val,current_repo_v1
6118,244.72,0.41623381524872943,,8,1,val,current_repo_v1
6119,244.76,0.19038200977487593,,8,1,val,current_repo_v1
6120,244.8,0.19587710761807803,,8,1,val,current_repo_v1
6121,244.84,0.36846908627241426,,8,1,val,current_repo_v1
6122,244.88,-0.15565442836349128,,8,1,val,current_repo_v1
6123,244.92,-0.7816189309476985,,8,1,val,current_repo_v1
6124,244.96,-1.728767828057753,,8,1,val,current_repo_v1
6125,245.0,-2.2306780337429872,,8,1,val,current_repo_v1
6126,245.04,-2.223857331773493,,8,1,val,current_repo_v1
6127,245.08,-2.0537141328135196,,8,1,val,current_repo_v1
6128,245.12,-1.5187866888397215,,8,1,val,current_repo_v1
6129,245.16,-1.275791875216194,,8,1,val,current_repo_v1
6130,245.2,-0.9916456165913298,,8,1,val,current_repo_v1
6131,245.24,-1.101323262655117,,8,1,val,current_repo_v1
6132,245.28,-1.3048497819723255,,8,1,val,current_repo_v1
6133,245.32,-1.42003576570491,,8,1,val,current_repo_v1
6134,245.36,-1.3159415839649782,,8,1,val,current_repo_v1
6135,245.4,-1.264571488322474,,8,1,val,current_repo_v1
6136,245.44,-1.4731185209942292,,8,1,val,current_repo_v1
6137,245.48,-1.2119886745498334,,8,1,val,current_repo_v1
6138,245.52,-1.1454941719463811,,8,1,val,current_repo_v1
6139,245.56,-1.621374060818805,,8,1,val,current_repo_v1
6140,245.6,-1.3393771087941595,,8,1,val,current_repo_v1
6141,245.64,-0.8965128901017496,,8,1,val,current_repo_v1
6142,245.68,-1.1935541329959904,,8,1,val,current_repo_v1
6143,245.72,-1.3719190676368698,,8,1,val,current_repo_v1
6144,245.76,-1.316334751544961,,8,1,val,current_repo_v1
6145,245.8,-1.0033635928389044,,8,1,val,current_repo_v1
6146,245.84,-0.7092678280221141,,8,1,val,current_repo_v1
6147,245.88,-1.0325066051226828,,8,1,val,current_repo_v1
6148,245.92,-0.9514816523102765,,8,1,val,current_repo_v1
6149,245.96,-1.01208954669617,,8,1,val,current_repo_v1
6150,246.0,-0.3501353669705447,,8,1,val,current_repo_v1
6151,246.04,-0.25833807864363745,,8,1,val,current_repo_v1
6152,246.08,-0.24258452158540622,,8,1,val,current_repo_v1
6153,246.12,-0.8194034330600477,,8,1,val,current_repo_v1
6154,246.16,-0.97930025436859,,8,1,val,current_repo_v1
6155,246.2,-0.835290582275056,,8,1,val,current_repo_v1
6156,246.24,-0.2136248889048551,,8,1,val,current_repo_v1
6157,246.28,-0.18380846309609775,,8,1,val,current_repo_v1
6158,246.32,-0.12412014854834846,,8,1,val,current_repo_v1
6159,246.36,-0.10871465812988372,,8,1,val,current_repo_v1
6160,246.4,-0.29316744455542376,,8,1,val,current_repo_v1
6161,246.44,0.049744546207561545,,8,1,val,current_repo_v1
6162,246.48,0.052512471630599813,,8,1,val,current_repo_v1
6163,246.52,0.00041710907820093263,,8,1,val,current_repo_v1
6164,246.56,0.254608172083662,,8,1,val,current_repo_v1
6165,246.6,-0.05919899340261094,,8,1,val,current_repo_v1
6166,246.64,0.030018168319488718,,8,1,val,current_repo_v1
6167,246.68,-0.14250085764846016,,8,1,val,current_repo_v1
6168,246.72,0.05393248301934454,,8,1,val,current_repo_v1
6169,246.76,0.07514865312661956,,8,1,val,current_repo_v1
6170,246.8,0.09995946261205116,,8,1,val,current_repo_v1
6171,246.84,0.03812717837897634,,8,1,val,current_repo_v1
6172,246.88,-0.18425097263714732,,8,1,val,current_repo_v1
6173,246.92,-0.2908981954705755,,8,1,val,current_repo_v1
6174,246.96,-0.014168510040634682,,8,1,val,current_repo_v1
6175,247.0,0.13284355422922084,,8,1,val,current_repo_v1
6176,247.04,-0.24617547234458814,,8,1,val,current_repo_v1
6177,247.08,-0.2172174434114173,,8,1,val,current_repo_v1
6178,247.12,-0.18134355683085548,,8,1,val,current_repo_v1
6179,247.16,-0.07648367481391719,,8,1,val,current_repo_v1
6180,247.2,-0.263960478390003,,8,1,val,current_repo_v1
6181,247.24,-0.3286547032814311,,8,1,val,current_repo_v1
6182,247.28,-0.20540274337739647,,8,1,val,current_repo_v1
6183,247.32,0.05406180742614868,,8,1,val,current_repo_v1
6184,247.36,0.11103430052130343,,8,1,val,current_repo_v1
6185,247.4,-0.02768567812961144,,8,1,val,current_repo_v1
6186,247.44,-0.3596939508288202,,8,1,val,current_repo_v1
6187,247.48,-0.3710569643228932,,8,1,val,current_repo_v1
6188,247.52,-0.4734528132259407,,8,1,val,current_repo_v1
6189,247.56,-0.5912242159296878,,8,1,val,current_repo_v1
6190,247.6,-0.3410814289545969,,8,1,val,current_repo_v1
6191,247.64,-0.5637270404852127,,8,1,val,current_repo_v1
6192,247.68,-0.6122061141835347,,8,1,val,current_repo_v1
6193,247.72,-0.597673454367079,,8,1,val,current_repo_v1
6194,247.76,-0.6096798913101198,,8,1,val,current_repo_v1
6195,247.8,0.033734906331530506,,8,1,val,current_repo_v1
6196,247.84,0.3021063404259596,,8,1,val,current_repo_v1
6197,247.88,0.3530801679102124,,8,1,val,current_repo_v1
6198,247.92,0.3317485814498033,,8,1,val,current_repo_v1
6199,247.96,0.48705529956183485,,8,1,val,current_repo_v1
6200,248.0,0.1560222745542812,,8,1,val,current_repo_v1
6201,248.04,0.08550581408319714,,8,1,val,current_repo_v1
6202,248.08,-0.018914356040899406,,8,1,val,current_repo_v1
6203,248.12,0.8651738130719097,,8,1,val,current_repo_v1
6204,248.16,0.5320313969544909,,8,1,val,current_repo_v1
6205,248.2,0.28795517647244145,,8,1,val,current_repo_v1
6206,248.24,0.13680395492657296,,8,1,val,current_repo_v1
6207,248.28,-0.44043026475160696,,8,1,val,current_repo_v1
6208,248.32,-0.25479572143007795,,8,1,val,current_repo_v1
6209,248.36,-0.05354640756666546,,8,1,val,current_repo_v1
6210,248.4,-0.18991346606801984,,8,1,val,current_repo_v1
6211,248.44,-1.300649104278577,,8,1,val,current_repo_v1
6212,248.48,-0.020691700165385556,,8,1,val,current_repo_v1
6213,248.52,-0.2642542670906547,,8,1,val,current_repo_v1
6214,248.56,-0.3752913563504583,,8,1,val,current_repo_v1
6215,248.6,-0.7277958145899813,,8,1,val,current_repo_v1
6216,248.64,-0.8859945881722847,,8,1,val,current_repo_v1
6217,248.68,-0.7953122963018084,,8,1,val,current_repo_v1
6218,248.72,-1.0302351998885788,,8,1,val,current_repo_v1
6219,248.76,-1.439704836353261,,8,1,val,current_repo_v1
6220,248.8,-1.1375440754328638,,8,1,val,current_repo_v1
6221,248.84,-1.6917661684999639,,8,1,val,current_repo_v1
6222,248.88,-1.0790884100313045,,8,1,val,current_repo_v1
6223,248.92,0.033486913528293416,,8,1,val,current_repo_v1
6224,248.96,-0.6273585332653915,,8,1,val,current_repo_v1
6225,249.0,-0.7804702914351123,,8,1,val,current_repo_v1
6226,249.04,-0.1239758647423694,,8,1,val,current_repo_v1
6227,249.08,-0.051152351296800826,,8,1,val,current_repo_v1
6228,249.12,-0.26255928430385356,,8,1,val,current_repo_v1
6229,249.16,-0.43541620202541176,,8,1,val,current_repo_v1
6230,249.2,-0.7196497045077632,,8,1,val,current_repo_v1
6231,249.24,-1.1125439346594828,,8,1,val,current_repo_v1
6232,249.28,-1.186251380202815,,8,1,val,current_repo_v1
6233,249.32,-1.114470498567996,,8,1,val,current_repo_v1
6234,249.36,-1.2144269407891477,,8,1,val,current_repo_v1
6235,249.4,-1.110249079074796,,8,1,val,current_repo_v1
6236,249.44,-1.202011655180628,,8,1,val,current_repo_v1
6237,249.48,-1.312290029374237,,8,1,val,current_repo_v1
6238,249.52,-0.8313096536112364,,8,1,val,current_repo_v1
6239,249.56,-0.9060605328390084,,8,1,val,current_repo_v1
6240,249.6,-0.6168730903378069,,8,1,val,current_repo_v1
6241,249.64,-0.05450699878920637,,8,1,val,current_repo_v1
6242,249.68,-0.0552916589241307,,8,1,val,current_repo_v1
6243,249.72,0.11615932474679858,,8,1,val,current_repo_v1
6244,249.76,-0.1762542248942792,,8,1,val,current_repo_v1
6245,249.8,0.06149145227593493,,8,1,val,current_repo_v1
6246,249.84,0.42450006382914574,,8,1,val,current_repo_v1
6247,249.88,0.5082390205137822,,8,1,val,current_repo_v1
6248,249.92,0.030765853167589962,,8,1,val,current_repo_v1
6249,249.96,-0.02764257296391262,,8,1,val,current_repo_v1
6250,250.0,-0.8365701588515344,,8,1,val,current_repo_v1
6251,250.04,-1.2346764967114983,,8,1,val,current_repo_v1
6252,250.08,-1.1888230782241684,,8,1,val,current_repo_v1
6253,250.12,-0.6587244819735587,,8,1,val,current_repo_v1
6254,250.16,-0.47344130188363337,,8,1,val,current_repo_v1
6255,250.2,-0.4872764741449906,,8,1,val,current_repo_v1
6256,250.24,-0.27669401875643146,,8,1,val,current_repo_v1
6257,250.28,-0.3900873158479251,,8,1,val,current_repo_v1
6258,250.32,-0.3320666223747279,,8,1,val,current_repo_v1
6259,250.36,-0.38234000428093634,,8,1,val,current_repo_v1
6260,250.4,-0.6545533132316073,,8,1,val,current_repo_v1
6261,250.44,-0.8981369516155118,,8,1,val,current_repo_v1
6262,250.48,-0.776587797221611,,8,1,val,current_repo_v1
6263,250.52,-0.7772081979859642,,8,1,val,current_repo_v1
6264,250.56,-0.5941793521302505,,8,1,val,current_repo_v1
6265,250.6,-0.6721896162560396,,8,1,val,current_repo_v1
6266,250.64,-0.6914834100174053,,8,1,val,current_repo_v1
6267,250.68,-0.7254293962333035,,8,1,val,current_repo_v1
6268,250.72,-0.4118832406331709,,8,1,val,current_repo_v1
6269,250.76,-0.308092238425773,,8,1,val,current_repo_v1
6270,250.8,-0.5710241623431419,,8,1,val,current_repo_v1
6271,250.84,-0.5932689225618817,,8,1,val,current_repo_v1
6272,250.88,-0.7918781385781718,,8,1,val,current_repo_v1
6273,250.92,-1.1443458888221016,,8,1,val,current_repo_v1
6274,250.96,-1.170244128128439,,8,1,val,current_repo_v1
6275,251.0,-1.0648248233864288,,8,1,val,current_repo_v1
6276,251.04,-0.7971221074010375,,8,1,val,current_repo_v1
6277,251.08,-0.9088321647004367,,8,1,val,current_repo_v1
6278,251.12,-1.0242394655714997,,8,1,val,current_repo_v1
6279,251.16,-1.0755901024124566,,8,1,val,current_repo_v1
6280,251.2,-0.7585549765671125,,8,1,val,current_repo_v1
6281,251.24,-0.657759453716599,,8,1,val,current_repo_v1
6282,251.28,-0.5737482520044526,,8,1,val,current_repo_v1
6283,251.32,-0.8776021424924558,,8,1,val,current_repo_v1
6284,251.36,-0.9326448909134596,,8,1,val,current_repo_v1
6285,251.4,-0.6972948915799058,,8,1,val,current_repo_v1
6286,251.44,-0.8109731389420443,,8,1,val,current_repo_v1
6287,251.48,-0.5372613597169023,,8,1,val,current_repo_v1
6288,251.52,-0.47578783377279577,,8,1,val,current_repo_v1
6289,251.56,-0.611995274861274,,8,1,val,current_repo_v1
6290,251.6,-0.6909134025596236,,8,1,val,current_repo_v1
6291,251.64,-1.0460001079143793,,8,1,val,current_repo_v1
6292,251.68,-1.072124226129521,,8,1,val,current_repo_v1
6293,251.72,-0.6903873021412309,,8,1,val,current_repo_v1
6294,251.76,-0.8484999723086286,,8,1,val,current_repo_v1
6295,251.8,-0.6427886501158512,,8,1,val,current_repo_v1
6296,251.84,-0.5963183234695741,,8,1,val,current_repo_v1
6297,251.88,-0.7069660585042767,,8,1,val,current_repo_v1
6298,251.92,-0.5711652921126065,,8,1,val,current_repo_v1
6299,251.96,-1.0057155418303292,,8,1,val,current_repo_v1
6300,252.0,-0.7386162625258907,,8,1,val,current_repo_v1
6301,252.04,-0.45255466622417495,,8,1,val,current_repo_v1
6302,252.08,-0.187203614119563,,8,1,val,current_repo_v1
6303,252.12,-0.40645950954839116,,8,1,val,current_repo_v1
6304,252.16,-0.5140492190783784,,8,1,val,current_repo_v1
6305,252.2,-0.6313555706806753,,8,1,val,current_repo_v1
6306,252.24,-0.5593456739199527,,8,1,val,current_repo_v1
6307,252.28,-0.5477365386612529,,8,1,val,current_repo_v1
6308,252.32,-0.6569441085484653,,8,1,val,current_repo_v1
6309,252.36,-0.580643688601868,,8,1,val,current_repo_v1
6310,252.4,-0.35024602553978396,,8,1,val,current_repo_v1
6311,252.44,-0.18108189653605533,,8,1,val,current_repo_v1
6312,252.48,-0.3808341924073467,,8,1,val,current_repo_v1
6313,252.52,-0.6200140117626673,,8,1,val,current_repo_v1
6314,252.56,-0.7443330160764627,,8,1,val,current_repo_v1
6315,252.6,0.32821221155979685,,8,1,val,current_repo_v1
6316,252.64,0.15501423022869937,,8,1,val,current_repo_v1
6317,252.68,-0.19708182483072803,,8,1,val,current_repo_v1
6318,252.72,-0.374689380861563,,8,1,val,current_repo_v1
6319,252.76,0.055580279994334854,,8,1,val,current_repo_v1
6320,252.8,-0.8020764038081943,,8,1,val,current_repo_v1
6321,252.84,-0.8646705927828089,,8,1,val,current_repo_v1
6322,252.88,-0.8413877447042302,,8,1,val,current_repo_v1
6323,252.92,-0.6909657916407127,,8,1,val,current_repo_v1
6324,252.96,-0.6024376532514267,,8,1,val,current_repo_v1
6325,253.0,-0.2661222229421266,,8,1,val,current_repo_v1
6326,253.04,0.019731892997119457,,8,1,val,current_repo_v1
6327,253.08,-0.12613602336652804,,8,1,val,current_repo_v1
6328,253.12,-0.13654930657170772,,8,1,val,current_repo_v1
6329,253.16,0.033281170558819004,,8,1,val,current_repo_v1
6330,253.2,-0.49222677900311207,,8,1,val,current_repo_v1
6331,253.24,0.039884279647640304,,8,1,val,current_repo_v1
6332,253.28,0.1861371221116777,,8,1,val,current_repo_v1
6333,253.32,0.4031775296317276,,8,1,val,current_repo_v1
6334,253.36,0.026983878276001502,,8,1,val,current_repo_v1
6335,253.4,0.03961315724329653,,8,1,val,current_repo_v1
6336,253.44,-0.07381700821852819,,8,1,val,current_repo_v1
6337,253.48,0.17508887077010737,,8,1,val,current_repo_v1
6338,253.52,0.05461015538458896,,8,1,val,current_repo_v1
6339,253.56,0.14515407058527013,,8,1,val,current_repo_v1
6340,253.6,0.06755779602628463,,8,1,val,current_repo_v1
6341,253.64,-0.13714327223340925,,8,1,val,current_repo_v1
6342,253.68,0.004550393743147099,,8,1,val,current_repo_v1
6343,253.72,0.25555639663195945,,8,1,val,current_repo_v1
6344,253.76,0.4665425152361347,,8,1,val,current_repo_v1
6345,253.8,0.27160377802967306,,8,1,val,current_repo_v1
6346,253.84,0.16228932728927276,,8,1,val,current_repo_v1
6347,253.88,-0.07691938624801589,,8,1,val,current_repo_v1
6348,253.92,-0.17082653789929478,,8,1,val,current_repo_v1
6349,253.96,-0.223933973078855,,8,1,val,current_repo_v1
6350,254.0,-0.6205498772206645,,8,1,val,current_repo_v1
6351,254.04,-0.37115097955820825,,8,1,val,current_repo_v1
6352,254.08,-0.34972748055349384,,8,1,val,current_repo_v1
6353,254.12,0.039473007541675514,,8,1,val,current_repo_v1
6354,254.16,0.32725965689357267,,8,1,val,current_repo_v1
6355,254.2,0.21569190544505024,,8,1,val,current_repo_v1
6356,254.24,0.34290200298068924,,8,1,val,current_repo_v1
6357,254.28,0.27999002255296485,,8,1,val,current_repo_v1
6358,254.32,0.026574459389231697,,8,1,val,current_repo_v1
6359,254.36,0.3216414803486419,,8,1,val,current_repo_v1
6360,254.4,0.06352134206427662,,8,1,val,current_repo_v1
6361,254.44,-0.45408417792016204,,8,1,val,current_repo_v1
6362,254.48,-0.5752044902645763,,8,1,val,current_repo_v1
6363,254.52,-0.8477348778917436,,8,1,val,current_repo_v1
6364,254.56,-0.7907084008778271,,8,1,val,current_repo_v1
6365,254.6,-0.5560299796694727,,8,1,val,current_repo_v1
6366,254.64,-0.4111227436254427,,8,1,val,current_repo_v1
6367,254.68,-0.8193904605256828,,8,1,val,current_repo_v1
6368,254.72,-0.7649645489859648,,8,1,val,current_repo_v1
6369,254.76,-0.9312487040830196,,8,1,val,current_repo_v1
6370,254.8,-0.6804614601328716,,8,1,val,current_repo_v1
6371,254.84,-0.27381497145935524,,8,1,val,current_repo_v1
6372,254.88,-0.6546930174478449,,8,1,val,current_repo_v1
6373,254.92,-0.7207316994069912,,8,1,val,current_repo_v1
6374,254.96,-0.5740475469044433,,8,1,val,current_repo_v1
6375,255.0,-0.4190078705506435,,8,1,val,current_repo_v1
6376,255.04,-0.4985006743935928,,8,1,val,current_repo_v1
6377,255.08,-0.8919397153498083,,8,1,val,current_repo_v1
6378,255.12,-0.8065213500473747,,8,1,val,current_repo_v1
6379,255.16,-0.9203457166152719,,8,1,val,current_repo_v1
6380,255.2,-0.9621930454243269,,8,1,val,current_repo_v1
6381,255.24,-0.7981552771022438,,8,1,val,current_repo_v1
6382,255.28,-0.7494507521610853,,8,1,val,current_repo_v1
6383,255.32,-0.6149580021327702,,8,1,val,current_repo_v1
6384,255.36,-0.6394613376065716,,8,1,val,current_repo_v1
6385,255.4,-0.5879111945915081,,8,1,val,current_repo_v1
6386,255.44,-0.7290609218012064,,8,1,val,current_repo_v1
6387,255.48,-0.25398354811787416,,8,1,val,current_repo_v1
6388,255.52,-0.22859018630626401,,8,1,val,current_repo_v1
6389,255.56,0.07100182570601771,,8,1,val,current_repo_v1
6390,255.6,0.2338510301154534,,8,1,val,current_repo_v1
6391,255.64,0.4630494821642264,,8,1,val,current_repo_v1
6392,255.68,0.5599382051187197,,8,1,val,current_repo_v1
6393,255.72,0.7671943993435042,,8,1,val,current_repo_v1
6394,255.76,1.1457995254475863,,8,1,val,current_repo_v1
6395,255.8,1.2234534012666467,,8,1,val,current_repo_v1
6396,255.84,1.1086698512100204,,8,1,val,current_repo_v1
6397,255.88,1.1935462924532423,,8,1,val,current_repo_v1
6398,255.92,1.3289420591731465,,8,1,val,current_repo_v1
6399,255.96,1.4005044034982792,,8,1,val,current_repo_v1
6400,256.0,1.564653008583755,,8,1,val,current_repo_v1
6401,256.04,1.0943009161816757,,8,1,val,current_repo_v1
6402,256.08,0.6626492438402379,,8,1,val,current_repo_v1
6403,256.12,0.5357152759646523,,8,1,val,current_repo_v1
6404,256.16,0.167535755191455,,8,1,val,current_repo_v1
6405,256.2,0.15410210781587355,,8,1,val,current_repo_v1
6406,256.24,0.01429597454596308,,8,1,val,current_repo_v1
6407,256.28,-0.04610895781296186,,8,1,val,current_repo_v1
6408,256.32,0.1302759903122254,,8,1,val,current_repo_v1
6409,256.36,0.03725702068926782,,8,1,val,current_repo_v1
6410,256.4,-0.36734307741730526,,8,1,val,current_repo_v1
6411,256.44,-0.4397086140693123,,8,1,val,current_repo_v1
6412,256.48,-0.43185602539651585,,8,1,val,current_repo_v1
6413,256.52,-0.38528448447112795,,8,1,val,current_repo_v1
6414,256.56,-0.4109197804847608,,8,1,val,current_repo_v1
6415,256.6,-0.2768422941114459,,8,1,val,current_repo_v1
6416,256.64,-0.13892439407394672,,8,1,val,current_repo_v1
6417,256.68,-0.08025083286165341,,8,1,val,current_repo_v1
6418,256.72,-0.37359345117954196,,8,1,val,current_repo_v1
6419,256.76,-0.30561327264183025,,8,1,val,current_repo_v1
6420,256.8,-0.3376985198694678,,8,1,val,current_repo_v1
6421,256.84,-0.6005822957265977,,8,1,val,current_repo_v1
6422,256.88,-0.6840593426446193,,8,1,val,current_repo_v1
6423,256.92,-0.5919426591172219,,8,1,val,current_repo_v1
6424,256.96,-0.4933020381633429,,8,1,val,current_repo_v1
6425,257.0,-0.37765699065286135,,8,1,val,current_repo_v1
6426,257.04,-0.02491229105577256,,8,1,val,current_repo_v1
6427,257.08,0.14267301992973305,,8,1,val,current_repo_v1
6428,257.12,0.02221509980191225,,8,1,val,current_repo_v1
6429,257.16,-0.031015485357038002,,8,1,val,current_repo_v1
6430,257.2,0.004139763136134418,,8,1,val,current_repo_v1
6431,257.24,0.1476996275243251,,8,1,val,current_repo_v1
6432,257.28,0.3015653073375149,,8,1,val,current_repo_v1
6433,257.32,0.46826714953005566,,8,1,val,current_repo_v1
6434,257.36,0.48589211940633403,,8,1,val,current_repo_v1
6435,257.4,0.32171129681793,,8,1,val,current_repo_v1
6436,257.44,0.2746305126410576,,8,1,val,current_repo_v1
6437,257.48,0.4492189429508567,,8,1,val,current_repo_v1
6438,257.52,0.474511678524062,,8,1,val,current_repo_v1
6439,257.56,0.48086490595162057,,8,1,val,current_repo_v1
6440,257.6,0.3231377053767805,,8,1,val,current_repo_v1
6441,257.64,0.45858956761616354,,8,1,val,current_repo_v1
6442,257.68,0.25349485065227256,,8,1,val,current_repo_v1
6443,257.72,0.24499449059316628,,8,1,val,current_repo_v1
6444,257.76,0.2789155474470088,,8,1,val,current_repo_v1
6445,257.8,0.05736746934579438,,8,1,val,current_repo_v1
6446,257.84,0.04500568653182216,,8,1,val,current_repo_v1
6447,257.88,0.1734588932104535,,8,1,val,current_repo_v1
6448,257.92,0.5250121510593179,,8,1,val,current_repo_v1
6449,257.96,0.28473413895622846,,8,1,val,current_repo_v1
6450,258.0,0.23650977598072537,,8,1,val,current_repo_v1
6451,258.04,0.09795386959652068,,8,1,val,current_repo_v1
6452,258.08,0.2164769219682813,,8,1,val,current_repo_v1
6453,258.12,-0.2695196904895856,,8,1,val,current_repo_v1
6454,258.16,-0.42521451546764455,,8,1,val,current_repo_v1
6455,258.2,-0.47839370943276455,,8,1,val,current_repo_v1
6456,258.24,-0.5113846819031221,,8,1,val,current_repo_v1
6457,258.28,-0.286281576984044,,8,1,val,current_repo_v1
6458,258.32,-0.3124556073815431,,8,1,val,current_repo_v1
6459,258.36,-0.34373438350988456,,8,1,val,current_repo_v1
6460,258.4,-0.0023201669504586742,,8,1,val,current_repo_v1
6461,258.44,0.0031970091483452794,,8,1,val,current_repo_v1
6462,258.48,-0.0019006979134391245,,8,1,val,current_repo_v1
6463,258.52,-0.05231235959637171,,8,1,val,current_repo_v1
6464,258.56,0.018434213008372773,,8,1,val,current_repo_v1
6465,258.6,0.003339350638052678,,8,1,val,current_repo_v1
6466,258.64,-0.06339653487926028,,8,1,val,current_repo_v1
6467,258.68,0.18904239958812916,,8,1,val,current_repo_v1
6468,258.72,0.20372734412805002,,8,1,val,current_repo_v1
6469,258.76,0.3004728346220691,,8,1,val,current_repo_v1
6470,258.8,0.3356227718157578,,8,1,val,current_repo_v1
6471,258.84,0.1939252401397869,,8,1,val,current_repo_v1
6472,258.88,-0.1606576390657466,,8,1,val,current_repo_v1
6473,258.92,-0.32621077046803976,,8,1,val,current_repo_v1
6474,258.96,-0.18143502388977736,,8,1,val,current_repo_v1
6475,259.0,0.0503186343114553,,8,1,val,current_repo_v1
6476,259.04,0.23645325279527823,,8,1,val,current_repo_v1
6477,259.08,0.17048438730542,,8,1,val,current_repo_v1
6478,259.12,0.1673163269110022,,8,1,val,current_repo_v1
6479,259.16,0.2751629745907255,,8,1,val,current_repo_v1
6480,259.2,-0.05049210631975544,,8,1,val,current_repo_v1
6481,259.24,0.06527309750833966,,8,1,val,current_repo_v1
6482,259.28,-0.038159734450796,,8,1,val,current_repo_v1
6483,259.32,0.009878265283124493,,8,1,val,current_repo_v1
6484,259.36,0.01922815594497393,,8,1,val,current_repo_v1
6485,259.4,-0.06650203130643186,,8,1,val,current_repo_v1
6486,259.44,-0.06587857451234853,,8,1,val,current_repo_v1
6487,259.48,-0.10459020298523676,,8,1,val,current_repo_v1
6488,259.52,-0.3420821316810601,,8,1,val,current_repo_v1
6489,259.56,-0.446454545772055,,8,1,val,current_repo_v1
6490,259.6,-0.5215335873526629,,8,1,val,current_repo_v1
6491,259.64,-0.34454281474486764,,8,1,val,current_repo_v1
6492,259.68,-0.3079876740965788,,8,1,val,current_repo_v1
6493,259.72,-0.5326695102176884,,8,1,val,current_repo_v1
6494,259.76,-0.6415536933553753,,8,1,val,current_repo_v1
6495,259.8,-0.5183994373056303,,8,1,val,current_repo_v1
6496,259.84,-0.7007026052911831,,8,1,val,current_repo_v1
6497,259.88,-0.7362862670541606,,8,1,val,current_repo_v1
6498,259.92,-0.6725514929426918,,8,1,val,current_repo_v1
6499,259.96,-0.65494063604336,,8,1,val,current_repo_v1
6500,260.0,-0.565136912626631,,8,1,val,current_repo_v1
6501,260.04,-0.6698532057947884,,8,1,val,current_repo_v1
6502,260.08,-0.654609123640441,,8,1,val,current_repo_v1
6503,260.12,-0.9438241505965833,,8,1,val,current_repo_v1
6504,260.16,-0.8063614029753149,,8,1,val,current_repo_v1
6505,260.2,-0.7187869596948346,,8,1,val,current_repo_v1
6506,260.24,-0.5359499933034637,,8,1,val,current_repo_v1
6507,260.28,-0.9529405634827006,,8,1,val,current_repo_v1
6508,260.32,-1.0049617092839367,,8,1,val,current_repo_v1
6509,260.36,-0.6304938237550055,,8,1,val,current_repo_v1
6510,260.4,-0.6323100498437558,,8,1,val,current_repo_v1
6511,260.44,-0.8999215304226245,,8,1,val,current_repo_v1
6512,260.48,-0.8157888002978836,,8,1,val,current_repo_v1
6513,260.52,-0.8247881752640712,,8,1,val,current_repo_v1
6514,260.56,-0.716778497753435,,8,1,val,current_repo_v1
6515,260.6,-0.9170037921854166,,8,1,val,current_repo_v1
6516,260.64,-0.8451678129183776,,8,1,val,current_repo_v1
6517,260.68,-0.8306074973693197,,8,1,val,current_repo_v1
6518,260.72,-0.7868617593279829,,8,1,val,current_repo_v1
6519,260.76,-0.6803824132064391,,8,1,val,current_repo_v1
6520,260.8,-0.5971713032428984,,8,1,val,current_repo_v1
6521,260.84,-0.6559798643457805,,8,1,val,current_repo_v1
6522,260.88,-1.0959319629062496,,8,1,val,current_repo_v1
6523,260.92,-0.9518775284413906,,8,1,val,current_repo_v1
6524,260.96,-0.9850883568581691,,8,1,val,current_repo_v1
6525,261.0,-1.19141480526836,,8,1,val,current_repo_v1
6526,261.04,-1.1068542666202221,,8,1,val,current_repo_v1
6527,261.08,-0.9056310136517391,,8,1,val,current_repo_v1
6528,261.12,-0.839246421202082,,8,1,val,current_repo_v1
6529,261.16,-0.4715125640064489,,8,1,val,current_repo_v1
6530,261.2,-1.013152795570464,,8,1,val,current_repo_v1
6531,261.24,-1.0908114469928347,,8,1,val,current_repo_v1
6532,261.28,-0.9693413395253663,,8,1,val,current_repo_v1
6533,261.32,-1.0377439451230435,,8,1,val,current_repo_v1
6534,261.36,-1.1966437345046819,,8,1,val,current_repo_v1
6535,261.4,-0.9385210213148005,,8,1,val,current_repo_v1
6536,261.44,-0.7669955346683497,,8,1,val,current_repo_v1
6537,261.48,-0.9490498723381446,,8,1,val,current_repo_v1
6538,261.52,-1.1957199760136414,,8,1,val,current_repo_v1
6539,261.56,-1.1468149470111173,,8,1,val,current_repo_v1
6540,261.6,-1.0223125452746795,,8,1,val,current_repo_v1
6541,261.64,-0.9437581474821772,,8,1,val,current_repo_v1
6542,261.68,-0.6337163581021068,,8,1,val,current_repo_v1
6543,261.72,-0.7718273047756532,,8,1,val,current_repo_v1
6544,261.76,-1.0357690549601377,,8,1,val,current_repo_v1
6545,261.8,-0.8646142121526844,,8,1,val,current_repo_v1
6546,261.84,-0.890452720778814,,8,1,val,current_repo_v1
6547,261.88,-1.1851329624186393,,8,1,val,current_repo_v1
6548,261.92,-1.1156614057337604,,8,1,val,current_repo_v1
6549,261.96,-0.8372916313396758,,8,1,val,current_repo_v1
6550,262.0,-0.7085699484398781,,8,1,val,current_repo_v1
6551,262.04,-0.7314366775315206,,8,1,val,current_repo_v1
6552,262.08,-0.8675266886729318,,8,1,val,current_repo_v1
6553,262.12,-0.5963250235697407,,8,1,val,current_repo_v1
6554,262.16,-0.7937628624994753,,8,1,val,current_repo_v1
6555,262.2,-0.8411506039249329,,8,1,val,current_repo_v1
6556,262.24,-0.7476221237592608,,8,1,val,current_repo_v1
6557,262.28,-0.4262537081312344,,8,1,val,current_repo_v1
6558,262.32,-0.32890524426106127,,8,1,val,current_repo_v1
6559,262.36,-0.14932403651668635,,8,1,val,current_repo_v1
6560,262.4,-0.13430864873876672,,8,1,val,current_repo_v1
6561,262.44,-0.3261343608150772,,8,1,val,current_repo_v1
6562,262.48,-0.2386434549536941,,8,1,val,current_repo_v1
6563,262.52,0.18618837075018527,,8,1,val,current_repo_v1
6564,262.56,0.033186879122566286,,8,1,val,current_repo_v1
6565,262.6,0.20547639102098195,,8,1,val,current_repo_v1
6566,262.64,0.17419025547410658,,8,1,val,current_repo_v1
6567,262.68,0.2507445129921714,,8,1,val,current_repo_v1
6568,262.72,0.2576086943350867,,8,1,val,current_repo_v1
6569,262.76,-0.16711646434858882,,8,1,val,current_repo_v1
6570,262.8,0.23393838088943258,,8,1,val,current_repo_v1
6571,262.84,-0.03343006068366254,,8,1,val,current_repo_v1
6572,262.88,0.1302801065971681,,8,1,val,current_repo_v1
6573,262.92,0.14469261900571798,,8,1,val,current_repo_v1
6574,262.96,0.3212407929753869,,8,1,val,current_repo_v1
6575,263.0,0.44840680527748356,,8,1,val,current_repo_v1
6576,263.04,0.12988788344619795,,8,1,val,current_repo_v1
6577,263.08,0.04314337943501192,,8,1,val,current_repo_v1
6578,263.12,-0.23808871873485574,,8,1,val,current_repo_v1
6579,263.16,-0.18241942185120774,,8,1,val,current_repo_v1
6580,263.2,-0.1754085332618276,,8,1,val,current_repo_v1
6581,263.24,-0.1577108245321459,,8,1,val,current_repo_v1
6582,263.28,-0.21457619621200572,,8,1,val,current_repo_v1
6583,263.32,-0.2829179841451396,,8,1,val,current_repo_v1
6584,263.36,-0.42076187124103887,,8,1,val,current_repo_v1
6585,263.4,-0.04732748507249758,,8,1,val,current_repo_v1
6586,263.44,0.07567072635714628,,8,1,val,current_repo_v1
6587,263.48,-0.1379732827803648,,8,1,val,current_repo_v1
6588,263.52,0.0900829982035891,,8,1,val,current_repo_v1
6589,263.56,-0.18219785524091459,,8,1,val,current_repo_v1
6590,263.6,-0.40274858066574903,,8,1,val,current_repo_v1
6591,263.64,-0.3635048466314997,,8,1,val,current_repo_v1
6592,263.68,-0.5593853042996609,,8,1,val,current_repo_v1
6593,263.72,-0.8194201120328025,,8,1,val,current_repo_v1
6594,263.76,-0.23675452565037125,,8,1,val,current_repo_v1
6595,263.8,0.11085131294521364,,8,1,val,current_repo_v1
6596,263.84,-0.2393857226995331,,8,1,val,current_repo_v1
6597,263.88,-0.14189459659017647,,8,1,val,current_repo_v1
6598,263.92,-0.1346004594843161,,8,1,val,current_repo_v1
6599,263.96,0.01084677723578244,,8,1,val,current_repo_v1
6600,264.0,0.046641571227660064,,8,1,val,current_repo_v1
6601,264.04,0.23420319522074728,,8,1,val,current_repo_v1
6602,264.08,0.20613859613371432,,8,1,val,current_repo_v1
6603,264.12,0.5140173579637569,,8,1,val,current_repo_v1
6604,264.16,0.21567574323534008,,8,1,val,current_repo_v1
6605,264.2,-0.6419884158119228,,8,1,val,current_repo_v1
6606,264.24,-0.44420281317248245,,8,1,val,current_repo_v1
6607,264.28,0.07425568658528041,,8,1,val,current_repo_v1
6608,264.32,0.03056662319442101,,8,1,val,current_repo_v1
6609,264.36,-0.1342976897983348,,8,1,val,current_repo_v1
6610,264.4,-0.24732947550119067,,8,1,val,current_repo_v1
6611,264.44,-0.20197437696374412,,8,1,val,current_repo_v1
6612,264.48,-0.12645905372774685,,8,1,val,current_repo_v1
6613,264.52,-0.218424263315077,,8,1,val,current_repo_v1
6614,264.56,-0.08060453934637386,,8,1,val,current_repo_v1
6615,264.6,0.29381256084884855,,8,1,val,current_repo_v1
6616,264.64,-0.05776137643151382,,8,1,val,current_repo_v1
6617,264.68,-0.1264739507589681,,8,1,val,current_repo_v1
6618,264.72,0.02271832900072069,,8,1,val,current_repo_v1
6619,264.76,0.016283872882064482,,8,1,val,current_repo_v1
6620,264.8,-0.2508390449905311,,8,1,val,current_repo_v1
6621,264.84,-0.33858450119999506,,8,1,val,current_repo_v1
6622,264.88,-0.256639959639737,,8,1,val,current_repo_v1
6623,264.92,-0.2713724463797755,,8,1,val,current_repo_v1
6624,264.96,-0.38590043038164695,,8,1,val,current_repo_v1
6625,265.0,-0.3129353060423998,,8,1,val,current_repo_v1
6626,265.04,-0.18008864232520277,,8,1,val,current_repo_v1
6627,265.08,0.028860440905080893,,8,1,val,current_repo_v1
6628,265.12,-0.25916764370520956,,8,1,val,current_repo_v1
6629,265.16,-0.03199601650534037,,8,1,val,current_repo_v1
6630,265.2,-0.13875261491010354,,8,1,val,current_repo_v1
6631,265.24,0.19958999663640717,,8,1,val,current_repo_v1
6632,265.28,0.5369854438898329,,8,1,val,current_repo_v1
6633,265.32,0.8409904430198891,,8,1,val,current_repo_v1
6634,265.36,1.4577782852747265,,8,1,val,current_repo_v1
6635,265.4,1.2033873140446003,,8,1,val,current_repo_v1
6636,265.44,1.7296471092881136,,8,1,val,current_repo_v1
6637,265.48,1.1138031971024775,,8,1,val,current_repo_v1
6638,265.52,1.0473214532004063,,8,1,val,current_repo_v1
6639,265.56,0.9855121738325308,,8,1,val,current_repo_v1
6640,265.6,1.1019854321290188,,8,1,val,current_repo_v1
6641,265.64,1.0348239131706933,,8,1,val,current_repo_v1
6642,265.68,1.0086821180955379,,8,1,val,current_repo_v1
6643,265.72,1.2481553875826188,,8,1,val,current_repo_v1
6644,265.76,1.4512529579338487,,8,1,val,current_repo_v1
6645,265.8,1.7193229677081545,,8,1,val,current_repo_v1
6646,265.84,1.2046966846835212,,8,1,val,current_repo_v1
6647,265.88,0.7809621072983978,,8,1,val,current_repo_v1
6648,265.92,0.6919767939892404,,8,1,val,current_repo_v1
6649,265.96,0.040867127319936414,,8,1,val,current_repo_v1
6650,266.0,0.09226731995494397,,8,1,val,current_repo_v1
6651,266.04,0.098544672312,,8,1,val,current_repo_v1
6652,266.08,-0.16346875875156036,,8,1,val,current_repo_v1
6653,266.12,-0.23558371878510648,,8,1,val,current_repo_v1
6654,266.16,-0.3689973962983087,,8,1,val,current_repo_v1
6655,266.2,-0.29789857060490715,,8,1,val,current_repo_v1
6656,266.24,-0.5761214061001276,,8,1,val,current_repo_v1
6657,266.28,-0.6422852159937663,,8,1,val,current_repo_v1
6658,266.32,-0.6474670306959387,,8,1,val,current_repo_v1
6659,266.36,-0.7931241433761562,,8,1,val,current_repo_v1
6660,266.4,-0.6514394773180583,,8,1,val,current_repo_v1
6661,266.44,-0.6874595009237942,,8,1,val,current_repo_v1
6662,266.48,-0.7499635949344676,,8,1,val,current_repo_v1
6663,266.52,-0.708778364321653,,8,1,val,current_repo_v1
6664,266.56,-0.652212982498982,,8,1,val,current_repo_v1
6665,266.6,-0.671493447337676,,8,1,val,current_repo_v1
6666,266.64,-0.6737953594108359,,8,1,val,current_repo_v1
6667,266.68,-0.7502276073920923,,8,1,val,current_repo_v1
6668,266.72,-0.7117279765034615,,8,1,val,current_repo_v1
6669,266.76,-0.664454920835109,,8,1,val,current_repo_v1
6670,266.8,-0.7457649130152368,,8,1,val,current_repo_v1
6671,266.84,-0.5525000247689873,,8,1,val,current_repo_v1
6672,266.88,-0.5989145410064306,,8,1,val,current_repo_v1
6673,266.92,-0.39220084106214836,,8,1,val,current_repo_v1
6674,266.96,-0.30006491256618756,,8,1,val,current_repo_v1
6675,267.0,-0.3342168199457135,,8,1,val,current_repo_v1
6676,267.04,-0.5919830735512049,,8,1,val,current_repo_v1
6677,267.08,-0.40610679204122185,,8,1,val,current_repo_v1
6678,267.12,-0.25144791659316157,,8,1,val,current_repo_v1
6679,267.16,-0.030190018760993243,,8,1,val,current_repo_v1
6680,267.2,0.037700189548684815,,8,1,val,current_repo_v1
6681,267.24,0.2872922764025109,,8,1,val,current_repo_v1
6682,267.28,0.2891392766215472,,8,1,val,current_repo_v1
6683,267.32,0.21876821366990074,,8,1,val,current_repo_v1
6684,267.36,0.015994289563432164,,8,1,val,current_repo_v1
6685,267.4,-0.03706635294516802,,8,1,val,current_repo_v1
6686,267.44,0.070727210696268,,8,1,val,current_repo_v1
6687,267.48,0.17897189956606874,,8,1,val,current_repo_v1
6688,267.52,-0.00107180998964977,,8,1,val,current_repo_v1
6689,267.56,-0.012243371685348186,,8,1,val,current_repo_v1
6690,267.6,0.0767555723628281,,8,1,val,current_repo_v1
6691,267.64,-0.13678339132127473,,8,1,val,current_repo_v1
6692,267.68,-0.2764004617081791,,8,1,val,current_repo_v1
6693,267.72,-0.16881700679297496,,8,1,val,current_repo_v1
6694,267.76,0.10282969820824353,,8,1,val,current_repo_v1
6695,267.8,0.1940030753459764,,8,1,val,current_repo_v1
6696,267.84,0.03957568301284402,,8,1,val,current_repo_v1
6697,267.88,-0.09061761630251265,,8,1,val,current_repo_v1
6698,267.92,-0.13873716547700685,,8,1,val,current_repo_v1
6699,267.96,-0.3018338459266349,,8,1,val,current_repo_v1
6700,268.0,-0.11387484006183765,,8,1,val,current_repo_v1
6701,268.04,-0.04546777070061878,,8,1,val,current_repo_v1
6702,268.08,-0.06520909016845121,,8,1,val,current_repo_v1
6703,268.12,-0.10094377147640485,,8,1,val,current_repo_v1
6704,268.16,0.079214393297733,,8,1,val,current_repo_v1
6705,268.2,0.04140605771737139,,8,1,val,current_repo_v1
6706,268.24,-0.02059765820094755,,8,1,val,current_repo_v1
6707,268.28,0.0066687836577571736,,8,1,val,current_repo_v1
6708,268.32,-0.006279587579967299,,8,1,val,current_repo_v1
6709,268.36,0.058346254191393776,,8,1,val,current_repo_v1
6710,268.4,0.033755095729106684,,8,1,val,current_repo_v1
6711,268.44,-0.15647025465583903,,8,1,val,current_repo_v1
6712,268.48,-0.209638008556313,,8,1,val,current_repo_v1
6713,268.52,0.07719711965544948,,8,1,val,current_repo_v1
6714,268.56,0.10245378873201388,,8,1,val,current_repo_v1
6715,268.6,0.24131798882095415,,8,1,val,current_repo_v1
6716,268.64,0.20166513882999573,,8,1,val,current_repo_v1
6717,268.68,0.2592037992989272,,8,1,val,current_repo_v1
6718,268.72,0.19620220503147587,,8,1,val,current_repo_v1
6719,268.76,0.5360482139207982,,8,1,val,current_repo_v1
6720,268.8,0.6650716151610722,,8,1,val,current_repo_v1
6721,268.84,1.1314747112916146,,8,1,val,current_repo_v1
6722,268.88,0.8797254327462833,,8,1,val,current_repo_v1
6723,268.92,1.0165172437413046,,8,1,val,current_repo_v1
6724,268.96,1.7668586102809045,,8,1,val,current_repo_v1
6725,269.0,1.8190094814257898,,8,1,val,current_repo_v1
6726,269.04,1.8662910904135037,,8,1,val,current_repo_v1
6727,269.08,1.4974917747360748,,8,1,val,current_repo_v1
6728,269.12,1.8145566233662003,,8,1,val,current_repo_v1
6729,269.16,1.9107379868094985,,8,1,val,current_repo_v1
6730,269.2,1.8345602713569078,,8,1,val,current_repo_v1
6731,269.24,1.6598973558910024,,8,1,val,current_repo_v1
6732,269.28,0.8544311290645284,,8,1,val,current_repo_v1
6733,269.32,0.7399381780332084,,8,1,val,current_repo_v1
6734,269.36,0.44255451725386274,,8,1,val,current_repo_v1
6735,269.4,0.12103587504484256,,8,1,val,current_repo_v1
6736,269.44,0.22027415027939773,,8,1,val,current_repo_v1
6737,269.48,-0.2107164752113044,,8,1,val,current_repo_v1
6738,269.52,-0.3515215036507349,,8,1,val,current_repo_v1
6739,269.56,-0.25034215059387477,,8,1,val,current_repo_v1
6740,269.6,-0.26351312196798193,,8,1,val,current_repo_v1
6741,269.64,-0.5395759948526124,,8,1,val,current_repo_v1
6742,269.68,-0.3643910774338417,,8,1,val,current_repo_v1
6743,269.72,0.11978546885126996,,8,1,val,current_repo_v1
6744,269.76,0.6871538623119436,,8,1,val,current_repo_v1
6745,269.8,0.1271708859121912,,8,1,val,current_repo_v1
6746,269.84,0.6861807084015906,,8,1,val,current_repo_v1
6747,269.88,-0.12182618393442854,,8,1,val,current_repo_v1
6748,269.92,-0.5311953099869056,,8,1,val,current_repo_v1
6749,269.96,-1.1321824271911163,,8,1,val,current_repo_v1
6750,270.0,-0.6220387250108538,,8,1,val,current_repo_v1
6751,270.04,-1.0018115217631014,,8,1,val,current_repo_v1
6752,270.08,0.8581486867696757,,8,1,val,current_repo_v1
6753,270.12,1.8096634119148167,,8,1,val,current_repo_v1
6754,270.16,1.5653133248384616,,8,1,val,current_repo_v1
6755,270.2,1.5413015913949615,,8,1,val,current_repo_v1
6756,270.24,1.534547035095196,,8,1,val,current_repo_v1
6757,270.28,0.8479240488049552,,8,1,val,current_repo_v1
6758,270.32,0.9904593424735529,,8,1,val,current_repo_v1
6759,270.36,1.0426494876098398,,8,1,val,current_repo_v1
6760,270.4,0.7269945823987941,,8,1,val,current_repo_v1
6761,270.44,0.14731825639729484,,8,1,val,current_repo_v1
6762,270.48,0.019940941468138778,,8,1,val,current_repo_v1
6763,270.52,0.3677518904439536,,8,1,val,current_repo_v1
6764,270.56,0.3031252902337273,,8,1,val,current_repo_v1
6765,270.6,0.12284148076205229,,8,1,val,current_repo_v1
6766,270.64,0.33937094327645306,,8,1,val,current_repo_v1
6767,270.68,0.12011828207150846,,8,1,val,current_repo_v1
6768,270.72,0.4702078620543462,,8,1,val,current_repo_v1
6769,270.76,-0.24323851194766852,,8,1,val,current_repo_v1
6770,270.8,-0.46163419292054586,,8,1,val,current_repo_v1
6771,270.84,1.7215483988506906,,8,1,val,current_repo_v1
6772,270.88,2.1460288256841356,,8,1,val,current_repo_v1
6773,270.92,1.7984870746158081,,8,1,val,current_repo_v1
6774,270.96,2.1794741576067413,,8,1,val,current_repo_v1
6775,271.0,2.4224092405500612,,8,1,val,current_repo_v1
6776,271.04,2.828266240027097,,8,1,val,current_repo_v1
6777,271.08,2.365980141615883,,8,1,val,current_repo_v1
6778,271.12,3.6808069429574144,,8,1,val,current_repo_v1
6779,271.16,3.525721577622692,,8,1,val,current_repo_v1
6780,271.2,3.6057763701865215,,8,1,val,current_repo_v1
6781,271.24,3.744977366135028,,8,1,val,current_repo_v1
6782,271.28,3.1467650526481754,,8,1,val,current_repo_v1
6783,271.32,3.39884448932086,,8,1,val,current_repo_v1
6784,271.36,3.148460320545622,,8,1,val,current_repo_v1
6785,271.4,2.793819742073229,,8,1,val,current_repo_v1
6786,271.44,1.1099130049015509,,8,1,val,current_repo_v1
6787,271.48,0.6756355347937983,,8,1,val,current_repo_v1
6788,271.52,-0.7945417847826612,,8,1,val,current_repo_v1
6789,271.56,-0.23609720305744103,,8,1,val,current_repo_v1
6790,271.6,-1.8339460004714305,,8,1,val,current_repo_v1
6791,271.64,-1.997427589202033,,8,1,val,current_repo_v1
6792,271.68,-0.7744902382035292,,8,1,val,current_repo_v1
6793,271.72,0.6909844663879853,,8,1,val,current_repo_v1
6794,271.76,0.9514080224861063,,8,1,val,current_repo_v1
6795,271.8,1.0998448214034842,,8,1,val,current_repo_v1
6796,271.84,0.8477478504261086,,8,1,val,current_repo_v1
6797,271.88,1.7316480157974106,,8,1,val,current_repo_v1
6798,271.92,2.525754151513927,,8,1,val,current_repo_v1
6799,271.96,2.4217648904914957,,8,1,val,current_repo_v1
6800,272.0,2.556312880707354,,8,1,val,current_repo_v1
6801,272.04,2.1660970512360223,,8,1,val,current_repo_v1
6802,272.08,2.8631084715567563,,8,1,val,current_repo_v1
6803,272.12,2.7643139264932013,,8,1,val,current_repo_v1
6804,272.16,2.557267716258741,,8,1,val,current_repo_v1
6805,272.2,2.5645976258408894,,8,1,val,current_repo_v1
6806,272.24,2.6873280649162727,,8,1,val,current_repo_v1
6807,272.28,2.934209364302337,,8,1,val,current_repo_v1
6808,272.32,2.9764524979648446,,8,1,val,current_repo_v1
6809,272.36,2.9568625455205875,,8,1,val,current_repo_v1
6810,272.4,3.0230375816458883,,8,1,val,current_repo_v1
6811,272.44,2.82712551233492,,8,1,val,current_repo_v1
6812,272.48,2.6173505081135007,,8,1,val,current_repo_v1
6813,272.52,2.3249279151191393,,8,1,val,current_repo_v1
6814,272.56,2.5172877908992826,,8,1,val,current_repo_v1
6815,272.6,2.453665065271449,,8,1,val,current_repo_v1
6816,272.64,2.3201545926941396,,8,1,val,current_repo_v1
6817,272.68,2.425633556838696,,8,1,val,current_repo_v1
6818,272.72,2.186660656534262,,8,1,val,current_repo_v1
6819,272.76,2.1545258356931587,,8,1,val,current_repo_v1
6820,272.8,1.523321943875827,,8,1,val,current_repo_v1
6821,272.84,1.5176838808633806,,8,1,val,current_repo_v1
6822,272.88,0.8946978757332422,,8,1,val,current_repo_v1
6823,272.92,1.411283724223592,,8,1,val,current_repo_v1
6824,272.96,1.3736608085695137,,8,1,val,current_repo_v1
6825,273.0,1.0634559359002842,,8,1,val,current_repo_v1
6826,273.04,0.48737209312768587,,8,1,val,current_repo_v1
6827,273.08,1.5010345596156025,,8,1,val,current_repo_v1
6828,273.12,1.7524643716827821,,8,1,val,current_repo_v1
6829,273.16,-0.43398573063986456,,8,1,val,current_repo_v1
6830,273.2,-1.9957378809621715,,8,1,val,current_repo_v1
6831,273.24,-2.0484626798362124,,8,1,val,current_repo_v1
6832,273.28,-2.464100685113753,,8,1,val,current_repo_v1
6833,273.32,-1.122127929004028,,8,1,val,current_repo_v1
6834,273.36,-0.3822449911583625,,8,1,val,current_repo_v1
6835,273.4,-0.3140174078581198,,8,1,val,current_repo_v1
6836,273.44,0.06880342661654706,,8,1,val,current_repo_v1
6837,273.48,0.6390988906986287,,8,1,val,current_repo_v1
6838,273.52,0.44521417190931684,,8,1,val,current_repo_v1
6839,273.56,0.5967595321933041,,8,1,val,current_repo_v1
6840,273.6,0.5382555405373524,,8,1,val,current_repo_v1
6841,273.64,0.33605642510738515,,8,1,val,current_repo_v1
6842,273.68,0.8043495197061706,,8,1,val,current_repo_v1
6843,273.72,1.0984326683769028,,8,1,val,current_repo_v1
6844,273.76,1.0040951867549568,,8,1,val,current_repo_v1
6845,273.8,1.1125284674069706,,8,1,val,current_repo_v1
6846,273.84,1.1964582700298603,,8,1,val,current_repo_v1
6847,273.88,0.9182009717853793,,8,1,val,current_repo_v1
6848,273.92,0.19148191318651703,,8,1,val,current_repo_v1
6849,273.96,0.29270458524206,,8,1,val,current_repo_v1
6850,274.0,0.495990560271642,,8,1,val,current_repo_v1
6851,274.04,0.37157561622567536,,8,1,val,current_repo_v1
6852,274.08,-0.15585021027979262,,8,1,val,current_repo_v1
6853,274.12,0.22883800091534773,,8,1,val,current_repo_v1
6854,274.16,0.4520989524963611,,8,1,val,current_repo_v1
6855,274.2,0.08842516889776439,,8,1,val,current_repo_v1
6856,274.24,0.2871789805598019,,8,1,val,current_repo_v1
6857,274.28,0.5647243218839313,,8,1,val,current_repo_v1
6858,274.32,0.7830924540406985,,8,1,val,current_repo_v1
6859,274.36,0.04191765313168028,,8,1,val,current_repo_v1
6860,274.4,-0.3073518060797137,,8,1,val,current_repo_v1
6861,274.44,0.5054652146836829,,8,1,val,current_repo_v1
6862,274.48,1.730056670730206,,8,1,val,current_repo_v1
6863,274.52,2.61595745750016,,8,1,val,current_repo_v1
6864,274.56,2.0804036254384557,,8,1,val,current_repo_v1
6865,274.6,1.6060138673541255,,8,1,val,current_repo_v1
6866,274.64,1.8429435222184232,,8,1,val,current_repo_v1
6867,274.68,2.362024944187809,,8,1,val,current_repo_v1
6868,274.72,2.685387031642506,,8,1,val,current_repo_v1
6869,274.76,3.1220408277018636,,8,1,val,current_repo_v1
6870,274.8,2.9183882894793958,,8,1,val,current_repo_v1
6871,274.84,2.4570022853756557,,8,1,val,current_repo_v1
6872,274.88,1.670025911568229,,8,1,val,current_repo_v1
6873,274.92,1.8967450414447526,,8,1,val,current_repo_v1
6874,274.96,1.5890192771147886,,8,1,val,current_repo_v1
6875,275.0,1.0245162367305052,,8,1,val,current_repo_v1
6876,275.04,0.6979676814253479,,8,1,val,current_repo_v1
6877,275.08,0.6404602940303319,,8,1,val,current_repo_v1
6878,275.12,1.2237705868596354,,8,1,val,current_repo_v1
6879,275.16,1.1776562208541188,,8,1,val,current_repo_v1
6880,275.2,1.3961429234005347,,8,1,val,current_repo_v1
6881,275.24,1.374012635105916,,8,1,val,current_repo_v1
6882,275.28,1.2514787798205242,,8,1,val,current_repo_v1
6883,275.32,1.5107360195460453,,8,1,val,current_repo_v1
6884,275.36,1.8344835765932999,,8,1,val,current_repo_v1
6885,275.4,1.8308749311546888,,8,1,val,current_repo_v1
6886,275.44,1.996845108153516,,8,1,val,current_repo_v1
6887,275.48,2.171264966794232,,8,1,val,current_repo_v1
6888,275.52,2.009183984109073,,8,1,val,current_repo_v1
6889,275.56,1.8635866733867246,,8,1,val,current_repo_v1
6890,275.6,2.0287438573802423,,8,1,val,current_repo_v1
6891,275.64,2.038119435843013,,8,1,val,current_repo_v1
6892,275.68,2.315571866735578,,8,1,val,current_repo_v1
6893,275.72,2.5696035985525216,,8,1,val,current_repo_v1
6894,275.76,2.5044258794647702,,8,1,val,current_repo_v1
6895,275.8,2.450593853399385,,8,1,val,current_repo_v1
6896,275.84,2.4914427960059706,,8,1,val,current_repo_v1
6897,275.88,2.2607574919415256,,8,1,val,current_repo_v1
6898,275.92,1.6711840310097743,,8,1,val,current_repo_v1
6899,275.96,1.5333244806477941,,8,1,val,current_repo_v1
6900,276.0,1.1993863563579426,,8,1,val,current_repo_v1
6901,276.04,1.3190857841622605,,8,1,val,current_repo_v1
6902,276.08,1.2681188349723276,,8,1,val,current_repo_v1
6903,276.12,1.1263966055867003,,8,1,val,current_repo_v1
6904,276.16,1.3184488469804752,,8,1,val,current_repo_v1
6905,276.2,1.270935870704033,,8,1,val,current_repo_v1
6906,276.24,1.3893614241447803,,8,1,val,current_repo_v1
6907,276.28,0.7279742225763296,,8,1,val,current_repo_v1
6908,276.32,0.7718928802240913,,8,1,val,current_repo_v1
6909,276.36,0.1196527320264289,,8,1,val,current_repo_v1
6910,276.4,0.06873934799899727,,8,1,val,current_repo_v1
6911,276.44,-0.3955392372477671,,8,1,val,current_repo_v1
6912,276.48,-0.7555606020139788,,8,1,val,current_repo_v1
6913,276.52,-0.845135524137788,,8,1,val,current_repo_v1
6914,276.56,-0.8020489619085763,,8,1,val,current_repo_v1
6915,276.6,-0.15433826852732724,,8,1,val,current_repo_v1
6916,276.64,-0.6063850814144139,,8,1,val,current_repo_v1
6917,276.68,-0.7937096893641113,,8,1,val,current_repo_v1
6918,276.72,-1.1648105607263934,,8,1,val,current_repo_v1
6919,276.76,-1.3722107358270963,,8,1,val,current_repo_v1
6920,276.8,-0.9638233793722876,,8,1,val,current_repo_v1
6921,276.84,-0.7511597053695102,,8,1,val,current_repo_v1
6922,276.88,-0.783776434478972,,8,1,val,current_repo_v1
6923,276.92,-0.8761683923344866,,8,1,val,current_repo_v1
6924,276.96,-0.4323030432496455,,8,1,val,current_repo_v1
6925,277.0,-0.843374823347226,,8,1,val,current_repo_v1
6926,277.04,-0.815326635941718,,8,1,val,current_repo_v1
6927,277.08,-0.5572650789852712,,8,1,val,current_repo_v1
6928,277.12,-0.3304726756728843,,8,1,val,current_repo_v1
6929,277.16,0.28900114051385917,,8,1,val,current_repo_v1
6930,277.2,0.18602624970945444,,8,1,val,current_repo_v1
6931,277.24,0.22331236059425896,,8,1,val,current_repo_v1
6932,277.28,0.1741451723533054,,8,1,val,current_repo_v1
6933,277.32,0.41440978425606184,,8,1,val,current_repo_v1
6934,277.36,0.05010199476950265,,8,1,val,current_repo_v1
6935,277.4,0.5668641841940217,,8,1,val,current_repo_v1
6936,277.44,1.069852820895417,,8,1,val,current_repo_v1
6937,277.48,1.49969967157392,,8,1,val,current_repo_v1
6938,277.52,1.36468495523157,,8,1,val,current_repo_v1
6939,277.56,1.1474866676916395,,8,1,val,current_repo_v1
6940,277.6,1.122994665365992,,8,1,val,current_repo_v1
6941,277.64,1.3913859948376441,,8,1,val,current_repo_v1
6942,277.68,0.9611080568633225,,8,1,val,current_repo_v1
6943,277.72,0.3153370068414438,,8,1,val,current_repo_v1
6944,277.76,0.14263315789762546,,8,1,val,current_repo_v1
6945,277.8,0.39261696004908464,,8,1,val,current_repo_v1
6946,277.84,0.6041941486599692,,8,1,val,current_repo_v1
6947,277.88,0.9297237897961894,,8,1,val,current_repo_v1
6948,277.92,0.514727639859067,,8,1,val,current_repo_v1
6949,277.96,0.5788164857532705,,8,1,val,current_repo_v1
6950,278.0,0.6353561007013651,,8,1,val,current_repo_v1
6951,278.04,0.8080801212233442,,8,1,val,current_repo_v1
6952,278.08,0.7456332631747312,,8,1,val,current_repo_v1
6953,278.12,0.7661680010201259,,8,1,val,current_repo_v1
6954,278.16,0.8607275125571638,,8,1,val,current_repo_v1
6955,278.2,1.4492985244597492,,8,1,val,current_repo_v1
6956,278.24,2.0229036509202194,,8,1,val,current_repo_v1
6957,278.28,1.2999190784710741,,8,1,val,current_repo_v1
6958,278.32,0.8300689946378528,,8,1,val,current_repo_v1
6959,278.36,0.19077369834338598,,8,1,val,current_repo_v1
6960,278.4,-0.19174385859196255,,8,1,val,current_repo_v1
6961,278.44,0.28306950263374525,,8,1,val,current_repo_v1
6962,278.48,0.5411550088844042,,8,1,val,current_repo_v1
6963,278.52,0.8906810944057656,,8,1,val,current_repo_v1
6964,278.56,1.8464925795321492,,8,1,val,current_repo_v1
6965,278.6,1.9738000423531863,,8,1,val,current_repo_v1
6966,278.64,2.1448101202304466,,8,1,val,current_repo_v1
6967,278.68,2.4144386873477375,,8,1,val,current_repo_v1
6968,278.72,1.9505820569464323,,8,1,val,current_repo_v1
6969,278.76,1.988318018971405,,8,1,val,current_repo_v1
6970,278.8,1.5996571829599917,,8,1,val,current_repo_v1
6971,278.84,1.3922126731539317,,8,1,val,current_repo_v1
6972,278.88,1.1657668218310075,,8,1,val,current_repo_v1
6973,278.92,1.2499678359553177,,8,1,val,current_repo_v1
6974,278.96,1.071631483656638,,8,1,val,current_repo_v1
6975,279.0,1.1491669672802034,,8,1,val,current_repo_v1
6976,279.04,1.2412836508076008,,8,1,val,current_repo_v1
6977,279.08,1.2105629787675964,,8,1,val,current_repo_v1
6978,279.12,1.3372230978682917,,8,1,val,current_repo_v1
6979,279.16,1.664166887805611,,8,1,val,current_repo_v1
6980,279.2,1.5137430815228985,,8,1,val,current_repo_v1
6981,279.24,1.575802260371452,,8,1,val,current_repo_v1
6982,279.28,1.5669055252376023,,8,1,val,current_repo_v1
6983,279.32,1.415707786107998,,8,1,val,current_repo_v1
6984,279.36,1.5176049052146094,,8,1,val,current_repo_v1
6985,279.4,1.4563018397976113,,8,1,val,current_repo_v1
6986,279.44,1.3282937175655456,,8,1,val,current_repo_v1
6987,279.48,1.396290610714843,,8,1,val,current_repo_v1
6988,279.52,1.2759676459290725,,8,1,val,current_repo_v1
6989,279.56,1.3784814593616472,,8,1,val,current_repo_v1
6990,279.6,1.0817662404904018,,8,1,val,current_repo_v1
6991,279.64,0.32119239544333317,,8,1,val,current_repo_v1
6992,279.68,0.2062300097343902,,8,1,val,current_repo_v1
6993,279.72,0.20852650470528789,,8,1,val,current_repo_v1
6994,279.76,0.13591530068374522,,8,1,val,current_repo_v1
6995,279.8,0.24068117637507616,,8,1,val,current_repo_v1
6996,279.84,-0.0006566888899723086,,8,1,val,current_repo_v1
6997,279.88,-0.1764650998553705,,8,1,val,current_repo_v1
6998,279.92,-0.5882112022681122,,8,1,val,current_repo_v1
6999,279.96,-0.7878294248584122,,8,1,val,current_repo_v1
7000,280.0,-1.2893996360990279,,8,1,val,current_repo_v1
7001,280.04,-1.2788235992638728,,8,1,val,current_repo_v1
7002,280.08,-1.1811668595083795,,8,1,val,current_repo_v1
7003,280.12,-0.30384031209351686,,8,1,val,current_repo_v1
7004,280.16,0.2256457061160724,,8,1,val,current_repo_v1
7005,280.2,0.6315904305748095,,8,1,val,current_repo_v1
7006,280.24,0.552168120338931,,8,1,val,current_repo_v1
7007,280.28,0.21373640280603046,,8,1,val,current_repo_v1
7008,280.32,0.027828251271718216,,8,1,val,current_repo_v1
7009,280.36,-0.19954206240915218,,8,1,val,current_repo_v1
7010,280.4,-0.09339380993426703,,8,1,val,current_repo_v1
7011,280.44,-0.05263075690960303,,8,1,val,current_repo_v1
7012,280.48,-0.2589246937965127,,8,1,val,current_repo_v1
7013,280.52,-0.07188549051255125,,8,1,val,current_repo_v1
7014,280.56,-0.09828413464036606,,8,1,val,current_repo_v1
7015,280.6,-0.27120146908962245,,8,1,val,current_repo_v1
7016,280.64,0.34712513313776167,,8,1,val,current_repo_v1
7017,280.68,1.1088657222233984,,8,1,val,current_repo_v1
7018,280.72,1.1945649927891955,,8,1,val,current_repo_v1
7019,280.76,1.2254387692457704,,8,1,val,current_repo_v1
7020,280.8,0.5925850846789309,,8,1,val,current_repo_v1
7021,280.84,0.48485453049012445,,8,1,val,current_repo_v1
7022,280.88,0.6043744098655126,,8,1,val,current_repo_v1
7023,280.92,0.6365987554492663,,8,1,val,current_repo_v1
7024,280.96,0.20187932820233961,,8,1,val,current_repo_v1
7025,281.0,-0.1936928036861385,,8,1,val,current_repo_v1
7026,281.04,0.09155472153564015,,8,1,val,current_repo_v1
7027,281.08,0.3527582067139138,,8,1,val,current_repo_v1
7028,281.12,0.35032207880443983,,8,1,val,current_repo_v1
7029,281.16,0.23022866372703335,,8,1,val,current_repo_v1
7030,281.2,-0.08651270014678208,,8,1,val,current_repo_v1
7031,281.24,-0.7780812780597879,,8,1,val,current_repo_v1
7032,281.28,-1.0787993078368863,,8,1,val,current_repo_v1
7033,281.32,-0.6925624112548567,,8,1,val,current_repo_v1
7034,281.36,-0.12807181773218573,,8,1,val,current_repo_v1
7035,281.4,-0.44617064684691504,,8,1,val,current_repo_v1
7036,281.44,-0.8197194069327932,,8,1,val,current_repo_v1
7037,281.48,-0.34527804382164873,,8,1,val,current_repo_v1
7038,281.52,-0.016892492785453312,,8,1,val,current_repo_v1
7039,281.56,0.2487386883242415,,8,1,val,current_repo_v1
7040,281.6,0.7140574730315622,,8,1,val,current_repo_v1
7041,281.64,1.0354960615171835,,8,1,val,current_repo_v1
7042,281.68,0.789903034582282,,8,1,val,current_repo_v1
7043,281.72,0.4781849371626829,,8,1,val,current_repo_v1
7044,281.76,0.28926928707584176,,8,1,val,current_repo_v1
7045,281.8,0.14263301534230277,,8,1,val,current_repo_v1
7046,281.84,-0.29458382078343986,,8,1,val,current_repo_v1
7047,281.88,-0.5628975823401325,,8,1,val,current_repo_v1
7048,281.92,-0.3666666167723037,,8,1,val,current_repo_v1
7049,281.96,-0.32762114155308747,,8,1,val,current_repo_v1
7050,282.0,-0.7188046365548484,,8,1,val,current_repo_v1
7051,282.04,-0.8452060890225203,,8,1,val,current_repo_v1
7052,282.08,-0.6585837798700622,,8,1,val,current_repo_v1
7053,282.12,-0.6338490771075326,,8,1,val,current_repo_v1
7054,282.16,-0.7759805115469455,,8,1,val,current_repo_v1
7055,282.2,-0.7464766917414352,,8,1,val,current_repo_v1
7056,282.24,-0.7479451541204797,,8,1,val,current_repo_v1
7057,282.28,-0.7864644576436418,,8,1,val,current_repo_v1
7058,282.32,-0.6041436840757365,,8,1,val,current_repo_v1
7059,282.36,-0.6305515586606956,,8,1,val,current_repo_v1
7060,282.4,-0.9995389048087545,,8,1,val,current_repo_v1
7061,282.44,-1.0707462863803856,,8,1,val,current_repo_v1
7062,282.48,-1.0421062092750628,,8,1,val,current_repo_v1
7063,282.52,-0.9688761815074242,,8,1,val,current_repo_v1
7064,282.56,-0.550020916429722,,8,1,val,current_repo_v1
7065,282.6,0.41340238142943214,,8,1,val,current_repo_v1
7066,282.64,0.7757430856570029,,8,1,val,current_repo_v1
7067,282.68,0.09190636987788925,,8,1,val,current_repo_v1
7068,282.72,0.0505275491368596,,8,1,val,current_repo_v1
7069,282.76,0.1448531719378992,,8,1,val,current_repo_v1
7070,282.8,0.5836584129273158,,8,1,val,current_repo_v1
7071,282.84,0.7079100598511394,,8,1,val,current_repo_v1
7072,282.88,1.1729526079819148,,8,1,val,current_repo_v1
7073,282.92,0.8025910998007718,,8,1,val,current_repo_v1
7074,282.96,0.4047751827719612,,8,1,val,current_repo_v1
7075,283.0,0.28834061042616843,,8,1,val,current_repo_v1
7076,283.04,0.16836630032087066,,8,1,val,current_repo_v1
7077,283.08,0.13964740794151467,,8,1,val,current_repo_v1
7078,283.12,0.27114286103258095,,8,1,val,current_repo_v1
7079,283.16,-0.08274925744714351,,8,1,val,current_repo_v1
7080,283.2,-0.6174063897999956,,8,1,val,current_repo_v1
7081,283.24,-1.1226627252971049,,8,1,val,current_repo_v1
7082,283.28,-1.5151252979317147,,8,1,val,current_repo_v1
7083,283.32,-1.8655043275875698,,8,1,val,current_repo_v1
7084,283.36,-1.0869311623868352,,8,1,val,current_repo_v1
7085,283.4,-0.7827091227779813,,8,1,val,current_repo_v1
7086,283.44,-1.007624856544797,,8,1,val,current_repo_v1
7087,283.48,-0.5423830873505602,,8,1,val,current_repo_v1
7088,283.52,1.1244792364965006,,8,1,val,current_repo_v1
7089,283.56,1.9958006053041557,,8,1,val,current_repo_v1
7090,283.6,1.9026970112777655,,8,1,val,current_repo_v1
7091,283.64,1.8796438198240426,,8,1,val,current_repo_v1
7092,283.68,1.6234063294990941,,8,1,val,current_repo_v1
7093,283.72,0.8072007687153221,,8,1,val,current_repo_v1
7094,283.76,0.421856268453341,,8,1,val,current_repo_v1
7095,283.8,0.44083540697869605,,8,1,val,current_repo_v1
7096,283.84,-0.18091236261854454,,8,1,val,current_repo_v1
7097,283.88,0.15282386769554546,,8,1,val,current_repo_v1
7098,283.92,0.3419501610910785,,8,1,val,current_repo_v1
7099,283.96,0.17887578163974402,,8,1,val,current_repo_v1
7100,284.0,0.39151422335040503,,8,1,val,current_repo_v1
7101,284.04,0.16872504079042364,,8,1,val,current_repo_v1
7102,284.08,0.08445976094470271,,8,1,val,current_repo_v1
7103,284.12,0.3227942183267555,,8,1,val,current_repo_v1
7104,284.16,0.3681732127001682,,8,1,val,current_repo_v1
7105,284.2,0.0969124851448444,,8,1,val,current_repo_v1
7106,284.24,0.148819381764651,,8,1,val,current_repo_v1
7107,284.28,0.011925065696620463,,8,1,val,current_repo_v1
7108,284.32,-0.09836505260540879,,8,1,val,current_repo_v1
7109,284.36,-0.2192689926991004,,8,1,val,current_repo_v1
7110,284.4,-0.4205689582506067,,8,1,val,current_repo_v1
7111,284.44,-0.5929266115932689,,8,1,val,current_repo_v1
7112,284.48,-0.2659175669569877,,8,1,val,current_repo_v1
7113,284.52,-0.06851136639918298,,8,1,val,current_repo_v1
7114,284.56,-0.3319585654401278,,8,1,val,current_repo_v1
7115,284.6,-0.26484841985621727,,8,1,val,current_repo_v1
7116,284.64,-0.3108805848987868,,8,1,val,current_repo_v1
7117,284.68,-0.4557420606842328,,8,1,val,current_repo_v1
7118,284.72,-0.30532502577934817,,8,1,val,current_repo_v1
7119,284.76,-0.206608547574382,,8,1,val,current_repo_v1
7120,284.8,-0.2415432084113913,,8,1,val,current_repo_v1
7121,284.84,0.07975670047437422,,8,1,val,current_repo_v1
7122,284.88,1.0125722390188032,,8,1,val,current_repo_v1
7123,284.92,0.34326641002431924,,8,1,val,current_repo_v1
7124,284.96,0.6953971238465759,,8,1,val,current_repo_v1
7125,285.0,0.6387131359954257,,8,1,val,current_repo_v1
7126,285.04,0.32668141686590557,,8,1,val,current_repo_v1
7127,285.08,0.25376750552633526,,8,1,val,current_repo_v1
7128,285.12,0.6297369975468368,,8,1,val,current_repo_v1
7129,285.16,0.16857241749806712,,8,1,val,current_repo_v1
7130,285.2,0.41219525859571177,,8,1,val,current_repo_v1
7131,285.24,-0.5839347207815225,,8,1,val,current_repo_v1
7132,285.28,-0.8246782651102762,,8,1,val,current_repo_v1
7133,285.32,-0.3576205549379346,,8,1,val,current_repo_v1
7134,285.36,-0.5018257772953706,,8,1,val,current_repo_v1
7135,285.4,-0.8402823707320808,,8,1,val,current_repo_v1
7136,285.44,-0.6996233189430863,,8,1,val,current_repo_v1
7137,285.48,-0.3432366159618767,,8,1,val,current_repo_v1
7138,285.52,-0.5725258757512042,,8,1,val,current_repo_v1
7139,285.56,-0.8193466960416165,,8,1,val,current_repo_v1
7140,285.6,-0.7653881521273423,,8,1,val,current_repo_v1
7141,285.64,-0.8513586341945599,,8,1,val,current_repo_v1
7142,285.68,-0.7255203465291806,,8,1,val,current_repo_v1
7143,285.72,-0.45737007810819963,,8,1,val,current_repo_v1
7144,285.76,-0.37042401869014324,,8,1,val,current_repo_v1
7145,285.8,-0.6265223750201449,,8,1,val,current_repo_v1
7146,285.84,-0.9783779927084378,,8,1,val,current_repo_v1
7147,285.88,-1.4911876932560142,,8,1,val,current_repo_v1
7148,285.92,-1.0911077482310487,,8,1,val,current_repo_v1
7149,285.96,-0.6465390668228788,,8,1,val,current_repo_v1
7150,286.0,-0.47205983389026135,,8,1,val,current_repo_v1
7151,286.04,-0.27462616470371554,,8,1,val,current_repo_v1
7152,286.08,-0.9933837223632451,,8,1,val,current_repo_v1
7153,286.12,-0.556813000418186,,8,1,val,current_repo_v1
7154,286.16,-0.6197336767205947,,8,1,val,current_repo_v1
7155,286.2,-1.0301087533173514,,8,1,val,current_repo_v1
7156,286.24,-0.9327806748583232,,8,1,val,current_repo_v1
7157,286.28,-0.9210036094294929,,8,1,val,current_repo_v1
7158,286.32,-0.641702093446297,,8,1,val,current_repo_v1
7159,286.36,0.10836163769265372,,8,1,val,current_repo_v1
7160,286.4,-0.5262343847572436,,8,1,val,current_repo_v1
7161,286.44,-0.2885793905916766,,8,1,val,current_repo_v1
7162,286.48,-0.2500832523084518,,8,1,val,current_repo_v1
7163,286.52,-0.07948910631426706,,8,1,val,current_repo_v1
7164,286.56,-0.10071270711773737,,8,1,val,current_repo_v1
7165,286.6,-0.5625955432501801,,8,1,val,current_repo_v1
7166,286.64,-0.9990207162107712,,8,1,val,current_repo_v1
7167,286.68,-1.0224639390273778,,8,1,val,current_repo_v1
7168,286.72,-0.9818817887072092,,8,1,val,current_repo_v1
7169,286.76,-0.7855630803382638,,8,1,val,current_repo_v1
7170,286.8,-0.909503101326684,,8,1,val,current_repo_v1
7171,286.84,-1.1409189301422609,,8,1,val,current_repo_v1
7172,286.88,-1.4578308881887998,,8,1,val,current_repo_v1
7173,286.92,-1.5571544560548627,,8,1,val,current_repo_v1
7174,286.96,-1.1820757209681987,,8,1,val,current_repo_v1
7175,287.0,-0.9832465420889958,,8,1,val,current_repo_v1
7176,287.04,-1.1739831404096512,,8,1,val,current_repo_v1
7177,287.08,-1.2440523602849138,,8,1,val,current_repo_v1
7178,287.12,-1.3008207408870975,,8,1,val,current_repo_v1
7179,287.16,-1.4917083052944833,,8,1,val,current_repo_v1
7180,287.2,-1.728802326445844,,8,1,val,current_repo_v1
7181,287.24,-1.8159806084845649,,8,1,val,current_repo_v1
7182,287.28,-1.2870501818257503,,8,1,val,current_repo_v1
7183,287.32,-1.1649447765627075,,8,1,val,current_repo_v1
7184,287.36,-1.484416743094139,,8,1,val,current_repo_v1
7185,287.4,-1.158905847982853,,8,1,val,current_repo_v1
7186,287.44,-1.3250796652601446,,8,1,val,current_repo_v1
7187,287.48,-1.0716801662993372,,8,1,val,current_repo_v1
7188,287.52,-0.640106329164089,,8,1,val,current_repo_v1
7189,287.56,-0.8577347773902412,,8,1,val,current_repo_v1
7190,287.6,-0.9964654120515272,,8,1,val,current_repo_v1
7191,287.64,-1.115516213137599,,8,1,val,current_repo_v1
7192,287.68,-1.2066705056815068,,8,1,val,current_repo_v1
7193,287.72,-0.6369143729337051,,8,1,val,current_repo_v1
7194,287.76,-0.7388163389212882,,8,1,val,current_repo_v1
7195,287.8,-0.740902992457184,,8,1,val,current_repo_v1
7196,287.84,-0.3612077458004806,,8,1,val,current_repo_v1
7197,287.88,-0.01321214201952851,,8,1,val,current_repo_v1
7198,287.92,0.20152828572021195,,8,1,val,current_repo_v1
7199,287.96,0.4749904862141519,,8,1,val,current_repo_v1
7200,288.0,0.6032641890123916,,8,1,val,current_repo_v1
7201,288.04,0.6738447548301485,,8,1,val,current_repo_v1
7202,288.08,0.9672726479601296,,8,1,val,current_repo_v1
7203,288.12,0.811835313533682,,8,1,val,current_repo_v1
7204,288.16,0.4475736050551828,,8,1,val,current_repo_v1
7205,288.2,1.409413113279235,,8,1,val,current_repo_v1
7206,288.24,1.6966237411206744,,8,1,val,current_repo_v1
7207,288.28,1.3662399486914882,,8,1,val,current_repo_v1
7208,288.32,1.3809747519555204,,8,1,val,current_repo_v1
7209,288.36,1.704603988084941,,8,1,val,current_repo_v1
7210,288.4,1.498499783422826,,8,1,val,current_repo_v1
7211,288.44,0.9554697800178921,,8,1,val,current_repo_v1
7212,288.48,0.8993903692902762,,8,1,val,current_repo_v1
7213,288.52,1.5740796218520487,,8,1,val,current_repo_v1
7214,288.56,1.9844757253589027,,8,1,val,current_repo_v1
7215,288.6,2.135647519419777,,8,1,val,current_repo_v1
7216,288.64,1.8453601200486884,,8,1,val,current_repo_v1
7217,288.68,1.6842787352862414,,8,1,val,current_repo_v1
7218,288.72,1.7580032161906352,,8,1,val,current_repo_v1
7219,288.76,1.7276034361820092,,8,1,val,current_repo_v1
7220,288.8,1.3963249665476116,,8,1,val,current_repo_v1
7221,288.84,1.7991322800063094,,8,1,val,current_repo_v1
7222,288.88,2.0634659147728724,,8,1,val,current_repo_v1
7223,288.92,1.9096291915096046,,8,1,val,current_repo_v1
7224,288.96,1.9737823654931725,,8,1,val,current_repo_v1
7225,289.0,1.733341573030985,,8,1,val,current_repo_v1
7226,289.04,1.1541915434614471,,8,1,val,current_repo_v1
7227,289.08,1.5782191433123627,,8,1,val,current_repo_v1
7228,289.12,1.3834420994806638,,8,1,val,current_repo_v1
7229,289.16,0.9065629690738345,,8,1,val,current_repo_v1
7230,289.2,0.9021014151395605,,8,1,val,current_repo_v1
7231,289.24,1.0336831854785165,,8,1,val,current_repo_v1
7232,289.28,1.4909781369316577,,8,1,val,current_repo_v1
7233,289.32,1.231399720064113,,8,1,val,current_repo_v1
7234,289.36,1.1584151012844877,,8,1,val,current_repo_v1
7235,289.4,0.7894599013616955,,8,1,val,current_repo_v1
7236,289.44,-0.21325780894892463,,8,1,val,current_repo_v1
7237,289.48,-0.24347449446496885,,8,1,val,current_repo_v1
7238,289.52,-0.10132977565142258,,8,1,val,current_repo_v1
7239,289.56,-0.4260605100301569,,8,1,val,current_repo_v1
7240,289.6,-0.8615221872035072,,8,1,val,current_repo_v1
7241,289.64,-1.2288468393453547,,8,1,val,current_repo_v1
7242,289.68,-1.1167850267872144,,8,1,val,current_repo_v1
7243,289.72,-0.8656632054947094,,8,1,val,current_repo_v1
7244,289.76,-0.9082443378273186,,8,1,val,current_repo_v1
7245,289.8,-0.7717298682125936,,8,1,val,current_repo_v1
7246,289.84,-0.7397229907736057,,8,1,val,current_repo_v1
7247,289.88,-0.499186329856908,,8,1,val,current_repo_v1
7248,289.92,-0.47828533174868837,,8,1,val,current_repo_v1
7249,289.96,-0.8032271103729597,,8,1,val,current_repo_v1
7250,290.0,-0.5857782105757374,,8,1,val,current_repo_v1
7251,290.04,-0.8589230472825355,,8,1,val,current_repo_v1
7252,290.08,-0.8893571831239303,,8,1,val,current_repo_v1
7253,290.12,-0.6205801702267364,,8,1,val,current_repo_v1
7254,290.16,-0.7466739170303788,,8,1,val,current_repo_v1
7255,290.2,-0.4659039386681384,,8,1,val,current_repo_v1
7256,290.24,-0.7555410006571087,,8,1,val,current_repo_v1
7257,290.28,-0.7573087579361439,,8,1,val,current_repo_v1
7258,290.32,-1.0425325209675715,,8,1,val,current_repo_v1
7259,290.36,-1.0324969113607398,,8,1,val,current_repo_v1
7260,290.4,-0.976704108109395,,8,1,val,current_repo_v1
7261,290.44,-0.8393966032345375,,8,1,val,current_repo_v1
7262,290.48,-0.8259428021002105,,8,1,val,current_repo_v1
7263,290.52,-0.9866950979002242,,8,1,val,current_repo_v1
7264,290.56,-1.0282380710953332,,8,1,val,current_repo_v1
7265,290.6,-0.7324357052329422,,8,1,val,current_repo_v1
7266,290.64,-0.7601809625777309,,8,1,val,current_repo_v1
7267,290.68,-0.39025392738132075,,8,1,val,current_repo_v1
7268,290.72,0.018122729628291985,,8,1,val,current_repo_v1
7269,290.76,-0.0574351029367038,,8,1,val,current_repo_v1
7270,290.8,0.6061677558249708,,8,1,val,current_repo_v1
7271,290.84,1.0459439411172389,,8,1,val,current_repo_v1
7272,290.88,0.5621370496935738,,8,1,val,current_repo_v1
7273,290.92,1.0744393245700299,,8,1,val,current_repo_v1
7274,290.96,1.3885971850598315,,8,1,val,current_repo_v1
7275,291.0,1.723203893813106,,8,1,val,current_repo_v1
7276,291.04,1.925834880593167,,8,1,val,current_repo_v1
7277,291.08,2.419966697651066,,8,1,val,current_repo_v1
7278,291.12,2.1730075630588126,,8,1,val,current_repo_v1
7279,291.16,2.044384457164656,,8,1,val,current_repo_v1
7280,291.2,1.635717692277372,,8,1,val,current_repo_v1
7281,291.24,1.2421938665429857,,8,1,val,current_repo_v1
7282,291.28,0.2627235793132554,,8,1,val,current_repo_v1
7283,291.32,-0.35056014619333453,,8,1,val,current_repo_v1
7284,291.36,-0.11913370591592472,,8,1,val,current_repo_v1
7285,291.4,-0.13961694565099705,,8,1,val,current_repo_v1
7286,291.44,0.02923096000817127,,8,1,val,current_repo_v1
7287,291.48,-0.4087726122143824,,8,1,val,current_repo_v1
7288,291.52,-0.23071360129599894,,8,1,val,current_repo_v1
7289,291.56,0.0614231771860734,,8,1,val,current_repo_v1
7290,291.6,0.26544659980964586,,8,1,val,current_repo_v1
7291,291.64,-0.32879041594863334,,8,1,val,current_repo_v1
7292,291.68,-1.0416557344553579,,8,1,val,current_repo_v1
7293,291.72,-0.9521472431119228,,8,1,val,current_repo_v1
7294,291.76,-1.201913292007971,,8,1,val,current_repo_v1
7295,291.8,-0.8071039023735532,,8,1,val,current_repo_v1
7296,291.84,-0.7787387432080407,,8,1,val,current_repo_v1
7297,291.88,-0.8916139764374584,,8,1,val,current_repo_v1
7298,291.92,-0.305237568088877,,8,1,val,current_repo_v1
7299,291.96,-0.28796392580537167,,8,1,val,current_repo_v1
7300,292.0,-0.46311919171702254,,8,1,val,current_repo_v1
7301,292.04,-0.4137534595503905,,8,1,val,current_repo_v1
7302,292.08,-0.6810360293609794,,8,1,val,current_repo_v1
7303,292.12,-0.8537330356493085,,8,1,val,current_repo_v1
7304,292.16,-0.8051365676427501,,8,1,val,current_repo_v1
7305,292.2,-0.5095960759081434,,8,1,val,current_repo_v1
7306,292.24,0.4203107192835512,,8,1,val,current_repo_v1
7307,292.28,1.1418940085494704,,8,1,val,current_repo_v1
7308,292.32,1.1680578284219818,,8,1,val,current_repo_v1
7309,292.36,0.7530797117331798,,8,1,val,current_repo_v1
7310,292.4,-0.2203842386273462,,8,1,val,current_repo_v1
7311,292.44,-0.6803421413277788,,8,1,val,current_repo_v1
7312,292.48,-1.0335191043020986,,8,1,val,current_repo_v1
7313,292.52,-1.355206736936462,,8,1,val,current_repo_v1
7314,292.56,-1.567028550481085,,8,1,val,current_repo_v1
7315,292.6,-2.1247706908537434,,8,1,val,current_repo_v1
7316,292.64,-1.8513300518523603,,8,1,val,current_repo_v1
7317,292.68,-1.75957973550428,,8,1,val,current_repo_v1
7318,292.72,-2.0791746560015327,,8,1,val,current_repo_v1
7319,292.76,-2.186851965777314,,8,1,val,current_repo_v1
7320,292.8,-1.9851889296383278,,8,1,val,current_repo_v1
7321,292.84,-1.633220978355754,,8,1,val,current_repo_v1
7322,292.88,-1.5002204261677117,,8,1,val,current_repo_v1
7323,292.92,-1.5193318203936936,,8,1,val,current_repo_v1
7324,292.96,-1.4929850307645078,,8,1,val,current_repo_v1
7325,293.0,-1.3459581752662095,,8,1,val,current_repo_v1
7326,293.04,-1.6806392978979292,,8,1,val,current_repo_v1
7327,293.08,-1.769020176638875,,8,1,val,current_repo_v1
7328,293.12,-1.8367948260400961,,8,1,val,current_repo_v1
7329,293.16,-2.0035520509755025,,8,1,val,current_repo_v1
7330,293.2,-2.2135502968322567,,8,1,val,current_repo_v1
7331,293.24,-2.141196485355541,,8,1,val,current_repo_v1
7332,293.28,-2.298263227120352,,8,1,val,current_repo_v1
7333,293.32,-2.1318154897905086,,8,1,val,current_repo_v1
7334,293.36,-2.159586692204027,,8,1,val,current_repo_v1
7335,293.4,-1.7424490049317727,,8,1,val,current_repo_v1
7336,293.44,-1.7076974385873451,,8,1,val,current_repo_v1
7337,293.48,-1.9520747537303342,,8,1,val,current_repo_v1
7338,293.52,-2.0123018115716573,,8,1,val,current_repo_v1
7339,293.56,-1.7635942359465933,,8,1,val,current_repo_v1
7340,293.6,-1.7968143304593467,,8,1,val,current_repo_v1
7341,293.64,-2.4399121830701156,,8,1,val,current_repo_v1
7342,293.68,-2.3217341056695604,,8,1,val,current_repo_v1
7343,293.72,-2.060701624510563,,8,1,val,current_repo_v1
7344,293.76,-2.031015048781362,,8,1,val,current_repo_v1
7345,293.8,-2.3119846045953705,,8,1,val,current_repo_v1
7346,293.84,-2.18436765416877,,8,1,val,current_repo_v1
7347,293.88,-1.968362554679767,,8,1,val,current_repo_v1
7348,293.92,-1.8253310972105417,,8,1,val,current_repo_v1
7349,293.96,-1.9285337379623613,,8,1,val,current_repo_v1
7350,294.0,-2.424326609640261,,8,1,val,current_repo_v1
7351,294.04,-2.2113077590509977,,8,1,val,current_repo_v1
7352,294.08,-1.7511531478246665,,8,1,val,current_repo_v1
7353,294.12,-1.9473687174176446,,8,1,val,current_repo_v1
7354,294.16,-2.4599831171731337,,8,1,val,current_repo_v1
7355,294.2,-2.470044671848695,,8,1,val,current_repo_v1
7356,294.24,-2.3891356877912986,,8,1,val,current_repo_v1
7357,294.28,-2.235712517519158,,8,1,val,current_repo_v1
7358,294.32,-1.8690502486841964,,8,1,val,current_repo_v1
7359,294.36,-2.2234089952836285,,8,1,val,current_repo_v1
7360,294.4,-2.304817350636413,,8,1,val,current_repo_v1
7361,294.44,-1.9395157723565415,,8,1,val,current_repo_v1
7362,294.48,-2.2811158175750896,,8,1,val,current_repo_v1
7363,294.52,-2.264797082120633,,8,1,val,current_repo_v1
7364,294.56,-2.294702052604197,,8,1,val,current_repo_v1
7365,294.6,-2.456978050970798,,8,1,val,current_repo_v1
7366,294.64,-2.358848954153567,,8,1,val,current_repo_v1
7367,294.68,-2.152858651194282,,8,1,val,current_repo_v1
7368,294.72,-2.007293557974862,,8,1,val,current_repo_v1
7369,294.76,-2.528234043907467,,8,1,val,current_repo_v1
7370,294.8,-2.8848253494155696,,8,1,val,current_repo_v1
7371,294.84,-2.5803861980502565,,8,1,val,current_repo_v1
7372,294.88,-2.136910987244791,,8,1,val,current_repo_v1
7373,294.92,-1.8828001372237537,,8,1,val,current_repo_v1
7374,294.96,-2.200525444663908,,8,1,val,current_repo_v1
7375,295.0,-2.3633622556699776,,8,1,val,current_repo_v1
7376,295.04,-2.0169083442691087,,8,1,val,current_repo_v1
7377,295.08,-1.80471759754936,,8,1,val,current_repo_v1
7378,295.12,-2.250317595439541,,8,1,val,current_repo_v1
7379,295.16,-1.8798924363068164,,8,1,val,current_repo_v1
7380,295.2,-2.1960695929425422,,8,1,val,current_repo_v1
7381,295.24,-1.985200334064143,,8,1,val,current_repo_v1
7382,295.28,-2.2255936556038747,,8,1,val,current_repo_v1
7383,295.32,-2.0415105418591963,,8,1,val,current_repo_v1
7384,295.36,-1.9908761742371026,,8,1,val,current_repo_v1
7385,295.4,-1.9688746133988746,,8,1,val,current_repo_v1
7386,295.44,-1.9740456651741838,,8,1,val,current_repo_v1
7387,295.48,-1.7114504925678427,,8,1,val,current_repo_v1
7388,295.52,-1.6834476377549503,,8,1,val,current_repo_v1
7389,295.56,-2.357707798795422,,8,1,val,current_repo_v1
7390,295.6,-2.4023103656037956,,8,1,val,current_repo_v1
7391,295.64,-2.0104990569609016,,8,1,val,current_repo_v1
7392,295.68,-1.7766503077306113,,8,1,val,current_repo_v1
7393,295.72,-1.412650829768203,,8,1,val,current_repo_v1
7394,295.76,-1.7870251990054484,,8,1,val,current_repo_v1
7395,295.8,-2.0909759558352206,,8,1,val,current_repo_v1
7396,295.84,-1.3587920033021514,,8,1,val,current_repo_v1
7397,295.88,-0.6308389501912415,,8,1,val,current_repo_v1
7398,295.92,-0.3828482140063313,,8,1,val,current_repo_v1
7399,295.96,-0.6848811740799354,,8,1,val,current_repo_v1
7400,296.0,-0.6900732527653416,,8,1,val,current_repo_v1
7401,296.04,-0.9103121027829579,,8,1,val,current_repo_v1
7402,296.08,-0.8342326079477016,,8,1,val,current_repo_v1
7403,296.12,-0.8027464851025055,,8,1,val,current_repo_v1
7404,296.16,-0.7380359910848753,,8,1,val,current_repo_v1
7405,296.2,-1.0802668436063332,,8,1,val,current_repo_v1
7406,296.24,-1.1500787511241377,,8,1,val,current_repo_v1
7407,296.28,-1.421522902831227,,8,1,val,current_repo_v1
7408,296.32,-1.45414868420368,,8,1,val,current_repo_v1
7409,296.36,-1.448514612740269,,8,1,val,current_repo_v1
7410,296.4,-1.3179841166285011,,8,1,val,current_repo_v1
7411,296.44,-1.5021493422390495,,8,1,val,current_repo_v1
7412,296.48,-1.7090873529835866,,8,1,val,current_repo_v1
7413,296.52,-1.4677364873413368,,8,1,val,current_repo_v1
7414,296.56,-1.4652064154742093,,8,1,val,current_repo_v1
7415,296.6,-1.294364125211757,,8,1,val,current_repo_v1
7416,296.64,-0.9806702110196548,,8,1,val,current_repo_v1
7417,296.68,-1.059388333600268,,8,1,val,current_repo_v1
7418,296.72,-1.198811858407496,,8,1,val,current_repo_v1
7419,296.76,-1.4869505213996566,,8,1,val,current_repo_v1
7420,296.8,-1.1723399764826483,,8,1,val,current_repo_v1
7421,296.84,-0.9441424766321533,,8,1,val,current_repo_v1
7422,296.88,-1.3599076412575346,,8,1,val,current_repo_v1
7423,296.92,-1.6179833824685892,,8,1,val,current_repo_v1
7424,296.96,-1.4924128136992243,,8,1,val,current_repo_v1
7425,297.0,-1.0063040102023992,,8,1,val,current_repo_v1
7426,297.04,-1.3850441361970702,,8,1,val,current_repo_v1
7427,297.08,-1.7785206335643229,,8,1,val,current_repo_v1
7428,297.12,-1.7596962032029186,,8,1,val,current_repo_v1
7429,297.16,-1.499872448625022,,8,1,val,current_repo_v1
7430,297.2,-2.16797935171684,,8,1,val,current_repo_v1
7431,297.24,-1.9397502758623688,,8,1,val,current_repo_v1
7432,297.28,-1.1202301612706982,,8,1,val,current_repo_v1
7433,297.32,-1.4684665131488397,,8,1,val,current_repo_v1
7434,297.36,-1.7244103395090438,,8,1,val,current_repo_v1
7435,297.4,-1.8648887737041882,,8,1,val,current_repo_v1
7436,297.44,-1.9424077921879825,,8,1,val,current_repo_v1
7437,297.48,-2.0358030544045995,,8,1,val,current_repo_v1
7438,297.52,-1.6900797390325242,,8,1,val,current_repo_v1
7439,297.56,-1.6765736200947694,,8,1,val,current_repo_v1
7440,297.6,-1.2927395647543654,,8,1,val,current_repo_v1
7441,297.64,-1.441409085236037,,8,1,val,current_repo_v1
7442,297.68,-1.3745978247055644,,8,1,val,current_repo_v1
7443,297.72,-1.8224541882433056,,8,1,val,current_repo_v1
7444,297.76,-1.9891723530202947,,8,1,val,current_repo_v1
7445,297.8,-1.5531365342848045,,8,1,val,current_repo_v1
7446,297.84,-1.6082907609681532,,8,1,val,current_repo_v1
7447,297.88,-1.5480672670098972,,8,1,val,current_repo_v1
7448,297.92,-1.7392246886431377,,8,1,val,current_repo_v1
7449,297.96,-2.1933437926173593,,8,1,val,current_repo_v1
7450,298.0,-2.420805208059137,,8,1,val,current_repo_v1
7451,298.04,-1.8711609227919659,,8,1,val,current_repo_v1
7452,298.08,-1.4295483398327868,,8,1,val,current_repo_v1
7453,298.12,-1.478697708658404,,8,1,val,current_repo_v1
7454,298.16,-1.36738623604125,,8,1,val,current_repo_v1
7455,298.2,-0.5225765220934734,,8,1,val,current_repo_v1
7456,298.24,-0.2987703676808266,,8,1,val,current_repo_v1
7457,298.28,-0.5610766875645642,,8,1,val,current_repo_v1
7458,298.32,-0.9249520354797389,,8,1,val,current_repo_v1
7459,298.36,-0.9845626841057444,,8,1,val,current_repo_v1
7460,298.4,-0.9177837123558614,,8,1,val,current_repo_v1
7461,298.44,-0.8398501429936803,,8,1,val,current_repo_v1
7462,298.48,-1.2473254304939092,,8,1,val,current_repo_v1
7463,298.52,-1.3546904015576735,,8,1,val,current_repo_v1
7464,298.56,-1.8555399956420837,,8,1,val,current_repo_v1
7465,298.6,-1.9979433543595306,,8,1,val,current_repo_v1
7466,298.64,-1.600046073880294,,8,1,val,current_repo_v1
7467,298.68,-1.574143344081292,,8,1,val,current_repo_v1
7468,298.72,-1.002477967896684,,8,1,val,current_repo_v1
7469,298.76,-0.9495801068608954,,8,1,val,current_repo_v1
7470,298.8,-1.4096550296618424,,8,1,val,current_repo_v1
7471,298.84,-1.556043237314483,,8,1,val,current_repo_v1
7472,298.88,-1.1882967639727917,,8,1,val,current_repo_v1
7473,298.92,-1.166198194237472,,8,1,val,current_repo_v1
7474,298.96,-1.2180823443736015,,8,1,val,current_repo_v1
7475,299.0,-1.2063755587188583,,8,1,val,current_repo_v1
7476,299.04,-1.157988005537704,,8,1,val,current_repo_v1
7477,299.08,-1.2870352135168677,,8,1,val,current_repo_v1
7478,299.12,-1.805428663498945,,8,1,val,current_repo_v1
7479,299.16,-1.5770422065682221,,8,1,val,current_repo_v1
7480,299.2,-1.548575049069324,,8,1,val,current_repo_v1
7481,299.24,-1.6079245363441588,,8,1,val,current_repo_v1
7482,299.28,-1.6454530803746155,,8,1,val,current_repo_v1
7483,299.32,-1.945275720169889,,8,1,val,current_repo_v1
7484,299.36,-1.961394735617255,,8,1,val,current_repo_v1
7485,299.4,-1.728871750887995,,8,1,val,current_repo_v1
7486,299.44,-1.3569470523158789,,8,1,val,current_repo_v1
7487,299.48,-2.021604259153887,,8,1,val,current_repo_v1
7488,299.52,-2.2167193016556874,,8,1,val,current_repo_v1
7489,299.56,-1.9567883454751265,,8,1,val,current_repo_v1
7490,299.6,-1.0401918338466394,,8,1,val,current_repo_v1
7491,299.64,-1.338382642863064,,8,1,val,current_repo_v1
7492,299.68,-1.533895557270496,,8,1,val,current_repo_v1
7493,299.72,-1.798829492500913,,8,1,val,current_repo_v1
7494,299.76,-1.891604211397854,,8,1,val,current_repo_v1
7495,299.8,-1.6384122729868853,,8,1,val,current_repo_v1
7496,299.84,-1.4774617540106694,,8,1,val,current_repo_v1
7497,299.88,-1.600828560046547,,8,1,val,current_repo_v1
7498,299.92,-2.2146334321740664,,8,1,val,current_repo_v1
7499,299.96,-2.2901506888166274,,8,1,val,current_repo_v1
7500,300.0,-1.8784416507877857,,8,1,val,current_repo_v1
7501,300.04,-1.704694083048882,,8,1,val,current_repo_v1
7502,300.08,-1.883797454261303,,8,1,val,current_repo_v1
7503,300.12,-2.0263075869154457,,8,1,val,current_repo_v1
7504,300.16,-1.768148308285294,,8,1,val,current_repo_v1
7505,300.2,-1.783643216529917,,8,1,val,current_repo_v1
7506,300.24,-1.3007088349587848,,8,1,val,current_repo_v1
7507,300.28,-1.2972962030888744,,8,1,val,current_repo_v1
7508,300.32,-1.2567292349105725,,8,1,val,current_repo_v1
7509,300.36,-1.5292136128073412,,8,1,val,current_repo_v1
7510,300.4,-1.3984024252651939,,8,1,val,current_repo_v1
7511,300.44,-1.4380858355534543,,8,1,val,current_repo_v1
7512,300.48,-1.3795549009415138,,8,1,val,current_repo_v1
7513,300.52,-1.8739592837763988,,8,1,val,current_repo_v1
7514,300.56,-1.6120252827567005,,8,1,val,current_repo_v1
7515,300.6,-1.719845718076464,,8,1,val,current_repo_v1
7516,300.64,-2.0420003619479643,,8,1,val,current_repo_v1
7517,300.68,-1.733623832569914,,8,1,val,current_repo_v1
7518,300.72,-1.6683695612738771,,8,1,val,current_repo_v1
7519,300.76,-1.4015677236502346,,8,1,val,current_repo_v1
7520,300.8,-1.6739490340486973,,8,1,val,current_repo_v1
7521,300.84,-1.7348336995935962,,8,1,val,current_repo_v1
7522,300.88,-1.9515414542681455,,8,1,val,current_repo_v1
7523,300.92,-2.2928378566493612,,8,1,val,current_repo_v1
7524,300.96,-1.7335903320690815,,8,1,val,current_repo_v1
7525,301.0,-0.5720473531717597,,8,1,val,current_repo_v1
7526,301.04,0.05915297476250461,,8,1,val,current_repo_v1
7527,301.08,0.9661986361589723,,8,1,val,current_repo_v1
7528,301.12,1.5360738026012213,,8,1,val,current_repo_v1
7529,301.16,1.40376293306436,,8,1,val,current_repo_v1
7530,301.2,1.6175607059368091,,8,1,val,current_repo_v1
7531,301.24,2.0140320055231635,,8,1,val,current_repo_v1
7532,301.28,1.7992779715461003,,8,1,val,current_repo_v1
7533,301.32,1.0980711480785574,,8,1,val,current_repo_v1
7534,301.36,0.17632835366207875,,8,1,val,current_repo_v1
7535,301.4,0.06302797591185691,,8,1,val,current_repo_v1
7536,301.44,-0.20105086794451832,,8,1,val,current_repo_v1
7537,301.48,-0.09166358034393039,,8,1,val,current_repo_v1
7538,301.52,-0.08363999656156562,,8,1,val,current_repo_v1
7539,301.56,-0.12339621698089068,,8,1,val,current_repo_v1
7540,301.6,-0.28530972389101045,,8,1,val,current_repo_v1
7541,301.64,-0.49291681804259996,,8,1,val,current_repo_v1
7542,301.68,0.08483858389533987,,8,1,val,current_repo_v1
7543,301.72,0.031182257265171646,,8,1,val,current_repo_v1
7544,301.76,0.057815155426999165,,8,1,val,current_repo_v1
7545,301.8,0.5427206583546935,,8,1,val,current_repo_v1
7546,301.84,0.6853657908994251,,8,1,val,current_repo_v1
7547,301.88,0.6797588049473254,,8,1,val,current_repo_v1
7548,301.92,0.4832703844667159,,8,1,val,current_repo_v1
7549,301.96,0.5959481785742059,,8,1,val,current_repo_v1
7550,302.0,0.5517959440302144,,8,1,val,current_repo_v1
7551,302.04,0.939081263732978,,8,1,val,current_repo_v1
7552,302.08,1.2835424655556047,,8,1,val,current_repo_v1
7553,302.12,1.6401413264958098,,8,1,val,current_repo_v1
7554,302.16,1.530694905165428,,8,1,val,current_repo_v1
7555,302.2,1.3716299654424515,,8,1,val,current_repo_v1
7556,302.24,1.5228523666428813,,8,1,val,current_repo_v1
7557,302.28,1.2159923407876225,,8,1,val,current_repo_v1
7558,302.32,1.357085616089535,,8,1,val,current_repo_v1
7559,302.36,1.4766781274018344,,8,1,val,current_repo_v1
7560,302.4,0.9105297134830463,,8,1,val,current_repo_v1
7561,302.44,0.45052421512425017,,8,1,val,current_repo_v1
7562,302.48,0.5073218908452468,,8,1,val,current_repo_v1
7563,302.52,0.5312243199950732,,8,1,val,current_repo_v1
7564,302.56,0.3785011319961787,,8,1,val,current_repo_v1
7565,302.6,0.45510508786361675,,8,1,val,current_repo_v1
7566,302.64,0.4880203634576252,,8,1,val,current_repo_v1
7567,302.68,0.08513680963041036,,8,1,val,current_repo_v1
7568,302.72,-0.5447257346071792,,8,1,val,current_repo_v1
7569,302.76,-0.7734468757967506,,8,1,val,current_repo_v1
7570,302.8,-0.8917968749164715,,8,1,val,current_repo_v1
7571,302.84,-1.0494326975294663,,8,1,val,current_repo_v1
7572,302.88,-1.0558305091341966,,8,1,val,current_repo_v1
7573,302.92,-1.0033273837869408,,8,1,val,current_repo_v1
7574,302.96,-0.8817574163159271,,8,1,val,current_repo_v1
7575,303.0,-1.115210859636394,,8,1,val,current_repo_v1
7576,303.04,-0.9527071291417935,,8,1,val,current_repo_v1
7577,303.08,-1.0106041915113866,,8,1,val,current_repo_v1
7578,303.12,-1.1485735807495003,,8,1,val,current_repo_v1
7579,303.16,-1.4996460707725878,,8,1,val,current_repo_v1
7580,303.2,-1.5106453543608136,,8,1,val,current_repo_v1
7581,303.24,-1.6402113211592513,,8,1,val,current_repo_v1
7582,303.28,-0.987096676244246,,8,1,val,current_repo_v1
7583,303.32,-0.8842815008595016,,8,1,val,current_repo_v1
7584,303.36,-0.9857201620483376,,8,1,val,current_repo_v1
7585,303.4,-0.5758249266677601,,8,1,val,current_repo_v1
7586,303.44,-0.7641415058304057,,8,1,val,current_repo_v1
7587,303.48,-0.7381086230217865,,8,1,val,current_repo_v1
7588,303.52,-0.6462890960645393,,8,1,val,current_repo_v1
7589,303.56,-0.61052153793529,,8,1,val,current_repo_v1
7590,303.6,-0.748384580902676,,8,1,val,current_repo_v1
7591,303.64,-0.7761766676709689,,8,1,val,current_repo_v1
7592,303.68,-1.0900353758161025,,8,1,val,current_repo_v1
7593,303.72,-1.118101596469931,,8,1,val,current_repo_v1
7594,303.76,-1.1663203641490185,,8,1,val,current_repo_v1
7595,303.8,-0.8148497883873151,,8,1,val,current_repo_v1
7596,303.84,-0.6675485138928359,,8,1,val,current_repo_v1
7597,303.88,-0.30705215479141623,,8,1,val,current_repo_v1
7598,303.92,-0.49255216152715525,,8,1,val,current_repo_v1
7599,303.96,-0.9665069120442925,,8,1,val,current_repo_v1
7600,304.0,-0.9566135013718455,,8,1,val,current_repo_v1
7601,304.04,-1.0822199940825286,,8,1,val,current_repo_v1
7602,304.08,-0.94581179946087,,8,1,val,current_repo_v1
7603,304.12,-0.7779750030667214,,8,1,val,current_repo_v1
7604,304.16,-0.3871444394051138,,8,1,val,current_repo_v1
7605,304.2,-0.23598531494854358,,8,1,val,current_repo_v1
7606,304.24,-0.29411976756924857,,8,1,val,current_repo_v1
7607,304.28,-0.9891302992001006,,8,1,val,current_repo_v1
7608,304.32,-1.2176596678418214,,8,1,val,current_repo_v1
7609,304.36,-0.9562462788605923,,8,1,val,current_repo_v1
7610,304.4,-0.989818770131039,,8,1,val,current_repo_v1
7611,304.44,-0.7424361749527304,,8,1,val,current_repo_v1
7612,304.48,-1.3846407046338534,,8,1,val,current_repo_v1
7613,304.52,-1.888205264838922,,8,1,val,current_repo_v1
7614,304.56,-1.547943101323833,,8,1,val,current_repo_v1
7615,304.6,-1.2505367742481792,,8,1,val,current_repo_v1
7616,304.64,-1.3176040641382056,,8,1,val,current_repo_v1
7617,304.68,-1.4559357577289398,,8,1,val,current_repo_v1
7618,304.72,-1.074742397186072,,8,1,val,current_repo_v1
7619,304.76,-1.0526620032543954,,8,1,val,current_repo_v1
7620,304.8,-1.0056978649703154,,8,1,val,current_repo_v1
7621,304.84,-1.5703113144520233,,8,1,val,current_repo_v1
7622,304.88,-1.2663281975640004,,8,1,val,current_repo_v1
7623,304.92,-1.1587704917039574,,8,1,val,current_repo_v1
7624,304.96,-1.2333470257720778,,8,1,val,current_repo_v1
7625,305.0,-1.1993146510306287,,8,1,val,current_repo_v1
7626,305.04,-1.1575936975151395,,8,1,val,current_repo_v1
7627,305.08,-0.8806296611581151,,8,1,val,current_repo_v1
7628,305.12,-1.1486764344148221,,8,1,val,current_repo_v1
7629,305.16,-1.152372893932211,,8,1,val,current_repo_v1
7630,305.2,-1.4084223537865295,,8,1,val,current_repo_v1
7631,305.24,-1.229811368658685,,8,1,val,current_repo_v1
7632,305.28,-1.425181014966812,,8,1,val,current_repo_v1
7633,305.32,-1.6424534312745422,,8,1,val,current_repo_v1
7634,305.36,-1.2383621220243626,,8,1,val,current_repo_v1
7635,305.4,-1.023529682619819,,8,1,val,current_repo_v1
7636,305.44,-0.9405761701243817,,8,1,val,current_repo_v1
7637,305.48,-1.0301885842980587,,8,1,val,current_repo_v1
7638,305.52,-1.5012834612090216,,8,1,val,current_repo_v1
7639,305.56,-1.4140490123731606,,8,1,val,current_repo_v1
7640,305.6,-1.2701211670348513,,8,1,val,current_repo_v1
7641,305.64,-1.0313504101779938,,8,1,val,current_repo_v1
7642,305.68,-1.2266229763113683,,8,1,val,current_repo_v1
7643,305.72,-1.0494965623140322,,8,1,val,current_repo_v1
7644,305.76,-0.7866194152794074,,8,1,val,current_repo_v1
7645,305.8,-0.4603282792482003,,8,1,val,current_repo_v1
7646,305.84,-0.9152441605597749,,8,1,val,current_repo_v1
7647,305.88,-1.049541253407696,,8,1,val,current_repo_v1
7648,305.92,-0.5599826823793994,,8,1,val,current_repo_v1
7649,305.96,-0.6519864620912252,,8,1,val,current_repo_v1
7650,306.0,-1.3941812196049779,,8,1,val,current_repo_v1
7651,306.04,-1.26699450114226,,8,1,val,current_repo_v1
7652,306.08,-1.409347110164829,,8,1,val,current_repo_v1
7653,306.12,-1.2252668475266046,,8,1,val,current_repo_v1
7654,306.16,-0.7599560102785239,,8,1,val,current_repo_v1
7655,306.2,-0.6462769788621106,,8,1,val,current_repo_v1
7656,306.24,-0.28762065258833064,,8,1,val,current_repo_v1
7657,306.28,-0.28170442850248273,,8,1,val,current_repo_v1
7658,306.32,-0.8785809273380552,,8,1,val,current_repo_v1
7659,306.36,-0.9971590862517438,,8,1,val,current_repo_v1
7660,306.4,-1.361907977545541,,8,1,val,current_repo_v1
7661,306.44,-1.5696909136876702,,8,1,val,current_repo_v1
7662,306.48,-1.7895880585967952,,8,1,val,current_repo_v1
7663,306.52,-1.681332829542823,,8,1,val,current_repo_v1
7664,306.56,-1.2233372186786533,,8,1,val,current_repo_v1
7665,306.6,-1.3814571591675082,,8,1,val,current_repo_v1
7666,306.64,-1.471489256211189,,8,1,val,current_repo_v1
7667,306.68,-1.6180003465519894,,8,1,val,current_repo_v1
7668,306.72,-1.436926860779973,,8,1,val,current_repo_v1
7669,306.76,-1.4883055097418387,,8,1,val,current_repo_v1
7670,306.8,-1.703467964718413,,8,1,val,current_repo_v1
7671,306.84,-1.2347661640094711,,8,1,val,current_repo_v1
7672,306.88,-0.9146147788100921,,8,1,val,current_repo_v1
7673,306.92,-1.5176900107422564,,8,1,val,current_repo_v1
7674,306.96,-1.4382198375567843,,8,1,val,current_repo_v1
7675,307.0,-1.291559776903771,,8,1,val,current_repo_v1
7676,307.04,-0.5148989200792807,,8,1,val,current_repo_v1
7677,307.08,-0.5963852531935778,,8,1,val,current_repo_v1
7678,307.12,-0.9047205840833703,,8,1,val,current_repo_v1
7679,307.16,-0.6548164703572956,,8,1,val,current_repo_v1
7680,307.2,-0.48684135966130565,,8,1,val,current_repo_v1
7681,307.24,-0.883471501515969,,8,1,val,current_repo_v1
7682,307.28,-1.0846659583092682,,8,1,val,current_repo_v1
7683,307.32,-1.1996899991952752,,8,1,val,current_repo_v1
7684,307.36,-1.5006569305657929,,8,1,val,current_repo_v1
7685,307.4,-1.1081337006413778,,8,1,val,current_repo_v1
7686,307.44,-1.1791444984230173,,8,1,val,current_repo_v1
7687,307.48,-1.5091100335354268,,8,1,val,current_repo_v1
7688,307.52,-1.0103092445487378,,8,1,val,current_repo_v1
7689,307.56,-0.20260969257873385,,8,1,val,current_repo_v1
7690,307.6,0.3905721465003987,,8,1,val,current_repo_v1
7691,307.64,-0.2594745118567182,,8,1,val,current_repo_v1
7692,307.68,-0.7653112435307503,,8,1,val,current_repo_v1
7693,307.72,-0.9164627947358026,,8,1,val,current_repo_v1
7694,307.76,-1.1053525175733292,,8,1,val,current_repo_v1
7695,307.8,-1.1322152149153353,,8,1,val,current_repo_v1
7696,307.84,-1.3652839726975194,,8,1,val,current_repo_v1
7697,307.88,-1.236642334611413,,8,1,val,current_repo_v1
7698,307.92,-1.0297937060542033,,8,1,val,current_repo_v1
7699,307.96,-0.9376142269071603,,8,1,val,current_repo_v1
7700,308.0,-0.9978646638214049,,8,1,val,current_repo_v1
7701,308.04,-1.180785310187196,,8,1,val,current_repo_v1
7702,308.08,-1.5317773277306241,,8,1,val,current_repo_v1
7703,308.12,-1.2920262179196176,,8,1,val,current_repo_v1
7704,308.16,-1.6029338170520544,,8,1,val,current_repo_v1
7705,308.2,-2.165784569968683,,8,1,val,current_repo_v1
7706,308.24,-2.005162213345302,,8,1,val,current_repo_v1
7707,308.28,-1.4673199406884325,,8,1,val,current_repo_v1
7708,308.32,-1.138925008843776,,8,1,val,current_repo_v1
7709,308.36,-0.7446978864248914,,8,1,val,current_repo_v1
7710,308.4,-1.0633480927986683,,8,1,val,current_repo_v1
7711,308.44,-1.5160923932408534,,8,1,val,current_repo_v1
7712,308.48,-1.470280672185411,,8,1,val,current_repo_v1
7713,308.52,-1.5069674270353746,,8,1,val,current_repo_v1
7714,308.56,-1.8662095487689243,,8,1,val,current_repo_v1
7715,308.6,-1.9058541840094125,,8,1,val,current_repo_v1
7716,308.64,-1.6449638305071383,,8,1,val,current_repo_v1
7717,308.68,-1.298812706611666,,8,1,val,current_repo_v1
7718,308.72,-1.7307878369802905,,8,1,val,current_repo_v1
7719,308.76,-1.7040401817836963,,8,1,val,current_repo_v1
7720,308.8,-1.5289805348547407,,8,1,val,current_repo_v1
7721,308.84,-1.686713152531843,,8,1,val,current_repo_v1
7722,308.88,-1.6658755559033906,,8,1,val,current_repo_v1
7723,308.92,-1.560071850733743,,8,1,val,current_repo_v1
7724,308.96,-1.5106011622107793,,8,1,val,current_repo_v1
7725,309.0,-2.058381964299728,,8,1,val,current_repo_v1
7726,309.04,-2.5496082187705302,,8,1,val,current_repo_v1
7727,309.08,-2.781910955526232,,8,1,val,current_repo_v1
7728,309.12,-2.7938528149080937,,8,1,val,current_repo_v1
7729,309.16,-2.343312989976009,,8,1,val,current_repo_v1
7730,309.2,-2.13025465156236,,8,1,val,current_repo_v1
7731,309.24,-2.1929879745319214,,8,1,val,current_repo_v1
7732,309.28,-2.5151123966750113,,8,1,val,current_repo_v1
7733,309.32,-2.215567169537695,,8,1,val,current_repo_v1
7734,309.36,-1.7449689553709893,,8,1,val,current_repo_v1
7735,309.4,-2.6391751577962688,,8,1,val,current_repo_v1
7736,309.44,-2.967205789513787,,8,1,val,current_repo_v1
7737,309.48,-2.0629673988094206,,8,1,val,current_repo_v1
7738,309.52,-1.330588288039587,,8,1,val,current_repo_v1
7739,309.56,-1.2653113504472424,,8,1,val,current_repo_v1
7740,309.6,-0.8950615343614281,,8,1,val,current_repo_v1
7741,309.64,-0.9580863829658934,,8,1,val,current_repo_v1
7742,309.68,-1.2963681679381531,,8,1,val,current_repo_v1
7743,309.72,-0.9590597507092306,,8,1,val,current_repo_v1
7744,309.76,-1.0911664810239976,,8,1,val,current_repo_v1
7745,309.8,-1.319654722455122,,8,1,val,current_repo_v1
7746,309.84,-1.1728704961160445,,8,1,val,current_repo_v1
7747,309.88,-1.2201790480597472,,8,1,val,current_repo_v1
7748,309.92,-1.4155619520128848,,8,1,val,current_repo_v1
7749,309.96,-1.3143961417116803,,8,1,val,current_repo_v1
7750,310.0,-1.1463601242540704,,8,1,val,current_repo_v1
7751,310.04,-1.1792990283928149,,8,1,val,current_repo_v1
7752,310.08,-1.8630275714111288,,8,1,val,current_repo_v1
7753,310.12,-2.216079228256803,,8,1,val,current_repo_v1
7754,310.16,-2.1130275535917136,,8,1,val,current_repo_v1
7755,310.2,-2.1068278226078627,,8,1,val,current_repo_v1
7756,310.24,-2.425675753214213,,8,1,val,current_repo_v1
7757,310.28,-2.216868699633868,,8,1,val,current_repo_v1
7758,310.32,-2.0235311794507074,,8,1,val,current_repo_v1
7759,310.36,-2.2003945788776775,,8,1,val,current_repo_v1
7760,310.4,-1.8079798335538309,,8,1,val,current_repo_v1
7761,310.44,-1.3499434518673714,,8,1,val,current_repo_v1
7762,310.48,-1.7464425497416505,,8,1,val,current_repo_v1
7763,310.52,-1.7402087480356767,,8,1,val,current_repo_v1
7764,310.56,-1.7901273453825368,,8,1,val,current_repo_v1
7765,310.6,-1.7701402338092613,,8,1,val,current_repo_v1
7766,310.64,-1.7580640873134246,,8,1,val,current_repo_v1
7767,310.68,-2.1172650105587163,,8,1,val,current_repo_v1
7768,310.72,-1.857918673756513,,8,1,val,current_repo_v1
7769,310.76,-2.014903161100131,,8,1,val,current_repo_v1
7770,310.8,-2.1511884730336295,,8,1,val,current_repo_v1
7771,310.84,-2.270562732146888,,8,1,val,current_repo_v1
7772,310.88,-2.264351311626577,,8,1,val,current_repo_v1
7773,310.92,-2.16605613785841,,8,1,val,current_repo_v1
7774,310.96,-2.4880448473342973,,8,1,val,current_repo_v1
7775,311.0,-2.8321708303156155,,8,1,val,current_repo_v1
7776,311.04,-2.3675770463406725,,8,1,val,current_repo_v1
7777,311.08,-2.0545688945283773,,8,1,val,current_repo_v1
7778,311.12,-2.2540683685348757,,8,1,val,current_repo_v1
7779,311.16,-2.1706854794074917,,8,1,val,current_repo_v1
7780,311.2,-2.061462014601799,,8,1,val,current_repo_v1
7781,311.24,-1.933074410100729,,8,1,val,current_repo_v1
7782,311.28,-2.06678303457658,,8,1,val,current_repo_v1
7783,311.32,-2.5336899212175137,,8,1,val,current_repo_v1
7784,311.36,-1.9777827529585397,,8,1,val,current_repo_v1
7785,311.4,-1.701048088115726,,8,1,val,current_repo_v1
7786,311.44,-1.7974224714659484,,8,1,val,current_repo_v1
7787,311.48,-1.7190324399605093,,8,1,val,current_repo_v1
7788,311.52,-2.2452143999978333,,8,1,val,current_repo_v1
7789,311.56,-2.371765891942638,,8,1,val,current_repo_v1
7790,311.6,-2.742202455501178,,8,1,val,current_repo_v1
7791,311.64,-2.2533813944348253,,8,1,val,current_repo_v1
7792,311.68,-1.8680586338595548,,8,1,val,current_repo_v1
7793,311.72,-1.5761878725193326,,8,1,val,current_repo_v1
7794,311.76,-1.472136885042176,,8,1,val,current_repo_v1
7795,311.8,-1.3095705014832526,,8,1,val,current_repo_v1
7796,311.84,-0.5598475755723187,,8,1,val,current_repo_v1
7797,311.88,-0.24131335577296667,,8,1,val,current_repo_v1
7798,311.92,-0.28019874136480044,,8,1,val,current_repo_v1
7799,311.96,-0.37069123864252834,,8,1,val,current_repo_v1
7800,312.0,-0.12591570411530845,,8,1,val,current_repo_v1
7801,312.04,0.03487187412707139,,8,1,val,current_repo_v1
7802,312.08,-0.7201726687090568,,8,1,val,current_repo_v1
7803,312.12,-1.1338572383997567,,8,1,val,current_repo_v1
7804,312.16,-1.1567107811240502,,8,1,val,current_repo_v1
7805,312.2,-0.7950241207169877,,8,1,val,current_repo_v1
7806,312.24,-0.8014577849853749,,8,1,val,current_repo_v1
7807,312.28,-0.8556937415576065,,8,1,val,current_repo_v1
7808,312.32,-1.4803275436627352,,8,1,val,current_repo_v1
7809,312.36,-1.8574592179514786,,8,1,val,current_repo_v1
7810,312.4,-1.5966049309458452,,8,1,val,current_repo_v1
7811,312.44,-1.7327518216610105,,8,1,val,current_repo_v1
7812,312.48,-1.454617120994044,,8,1,val,current_repo_v1
7813,312.52,-1.2205094912977459,,8,1,val,current_repo_v1
7814,312.56,-1.6169815036607138,,8,1,val,current_repo_v1
7815,312.6,-1.673483020698819,,8,1,val,current_repo_v1
7816,312.64,-1.3378064342487452,,8,1,val,current_repo_v1
7817,312.68,-1.4136579831230178,,8,1,val,current_repo_v1
7818,312.72,-2.003751343316625,,8,1,val,current_repo_v1
7819,312.76,-1.9043872897389178,,8,1,val,current_repo_v1
7820,312.8,-1.6151526614259053,,8,1,val,current_repo_v1
7821,312.84,-0.5476782691731029,,8,1,val,current_repo_v1
7822,312.88,-0.38855491740665354,,8,1,val,current_repo_v1
7823,312.92,-0.3254817069089651,,8,1,val,current_repo_v1
7824,312.96,-0.35531956947437215,,8,1,val,current_repo_v1
7825,313.0,-0.7705763105413745,,8,1,val,current_repo_v1
7826,313.04,-1.3918086713694242,,8,1,val,current_repo_v1
7827,313.08,-1.2397510385333452,,8,1,val,current_repo_v1
7828,313.12,-0.9155716814136584,,8,1,val,current_repo_v1
7829,313.16,-1.3544737174671826,,8,1,val,current_repo_v1
7830,313.2,-1.722188899915543,,8,1,val,current_repo_v1
7831,313.24,-1.5339270619968108,,8,1,val,current_repo_v1
7832,313.28,-1.706532904156279,,8,1,val,current_repo_v1
7833,313.32,-1.81376159233155,,8,1,val,current_repo_v1
7834,313.36,-1.6037620634768914,,8,1,val,current_repo_v1
7835,313.4,-1.737223639578518,,8,1,val,current_repo_v1
7836,313.44,-1.7248409991388947,,8,1,val,current_repo_v1
7837,313.48,-1.9485579139195366,,8,1,val,current_repo_v1
7838,313.52,-1.848777171133602,,8,1,val,current_repo_v1
7839,313.56,-1.5373830306848193,,8,1,val,current_repo_v1
7840,313.6,-1.3854417229920566,,8,1,val,current_repo_v1
7841,313.64,-1.064022664585644,,8,1,val,current_repo_v1
7842,313.68,-1.1165430391269455,,8,1,val,current_repo_v1
7843,313.72,-1.383199042655475,,8,1,val,current_repo_v1
7844,313.76,-1.3915090200811269,,8,1,val,current_repo_v1
7845,313.8,-0.8841961102212095,,8,1,val,current_repo_v1
7846,313.84,-1.2669588623115873,,8,1,val,current_repo_v1
7847,313.88,-1.7062691768092997,,8,1,val,current_repo_v1
7848,313.92,-1.613508143223337,,8,1,val,current_repo_v1
7849,313.96,-1.0251606580667316,,8,1,val,current_repo_v1
7850,314.0,-1.249501109828826,,8,1,val,current_repo_v1
7851,314.04,-1.7470810550319855,,8,1,val,current_repo_v1
7852,314.08,-1.398789890632269,,8,1,val,current_repo_v1
7853,314.12,-1.912355704611401,,8,1,val,current_repo_v1
7854,314.16,-2.081438434525873,,8,1,val,current_repo_v1
7855,314.2,-2.068198894041551,,8,1,val,current_repo_v1
7856,314.24,-2.1142753403312318,,8,1,val,current_repo_v1
7857,314.28,-1.717787931993413,,8,1,val,current_repo_v1
7858,314.32,-1.7044065489630134,,8,1,val,current_repo_v1
7859,314.36,-1.6087844300506335,,8,1,val,current_repo_v1
7860,314.4,-1.6552146986512342,,8,1,val,current_repo_v1
7861,314.44,-1.3624625177508105,,8,1,val,current_repo_v1
7862,314.48,-1.5313262826896283,,8,1,val,current_repo_v1
7863,314.52,-1.4312430375089427,,8,1,val,current_repo_v1
7864,314.56,-0.22951945099664348,,8,1,val,current_repo_v1
7865,314.6,-0.5816760386099687,,8,1,val,current_repo_v1
7866,314.64,-1.094082663982635,,8,1,val,current_repo_v1
7867,314.68,-1.20815849813976,,8,1,val,current_repo_v1
7868,314.72,-0.5585172136621315,,8,1,val,current_repo_v1
7869,314.76,-0.04002441152984599,,8,1,val,current_repo_v1
7870,314.8,-0.45118249996560855,,8,1,val,current_repo_v1
7871,314.84,0.9506745040731976,,8,1,val,current_repo_v1
7872,314.88,1.4692330331189516,,8,1,val,current_repo_v1
7873,314.92,0.6072471847283905,,8,1,val,current_repo_v1
7874,314.96,0.31298170779993584,,8,1,val,current_repo_v1
7875,315.0,0.6081476354241708,,8,1,val,current_repo_v1
7876,315.04,0.10702888798081148,,8,1,val,current_repo_v1
7877,315.08,-0.6082897630808942,,8,1,val,current_repo_v1
7878,315.12,-0.4408942823269676,,8,1,val,current_repo_v1
7879,315.16,-0.8802708494109008,,8,1,val,current_repo_v1
7880,315.2,-0.7868969704926876,,8,1,val,current_repo_v1
7881,315.24,-1.6362545556226278,,8,1,val,current_repo_v1
7882,315.28,-2.2354604797086397,,8,1,val,current_repo_v1
7883,315.32,-1.9444851083502421,,8,1,val,current_repo_v1
7884,315.36,-1.9525055559155078,,8,1,val,current_repo_v1
7885,315.4,-1.6634469834260193,,8,1,val,current_repo_v1
7886,315.44,-1.3416753857065908,,8,1,val,current_repo_v1
7887,315.48,-1.3318350768918463,,8,1,val,current_repo_v1
7888,315.52,-1.2530038366626772,,8,1,val,current_repo_v1
7889,315.56,-1.2509908129509515,,8,1,val,current_repo_v1
7890,315.6,-1.4121805397586438,,8,1,val,current_repo_v1
7891,315.64,-1.4604510550198684,,8,1,val,current_repo_v1
7892,315.68,-1.4607534148592969,,8,1,val,current_repo_v1
7893,315.72,-1.1326486543739787,,8,1,val,current_repo_v1
7894,315.76,-1.2650231035847603,,8,1,val,current_repo_v1
7895,315.8,-0.9011172844693602,,8,1,val,current_repo_v1
7896,315.84,-1.0222815394919942,,8,1,val,current_repo_v1
7897,315.88,-1.5609884814586488,,8,1,val,current_repo_v1
7898,315.92,-1.6363097245325093,,8,1,val,current_repo_v1
7899,315.96,-1.6686090542159988,,8,1,val,current_repo_v1
7900,316.0,-1.6766815344740467,,8,1,val,current_repo_v1
7901,316.04,-1.4086507274134812,,8,1,val,current_repo_v1
7902,316.08,-0.8406887246794127,,8,1,val,current_repo_v1
7903,316.12,-1.349453489223281,,8,1,val,current_repo_v1
7904,316.16,-2.1013779326213693,,8,1,val,current_repo_v1
7905,316.2,-1.955752395945128,,8,1,val,current_repo_v1
7906,316.24,-1.2564821865363482,,8,1,val,current_repo_v1
7907,316.28,-1.1591219618520532,,8,1,val,current_repo_v1
7908,316.32,-1.7911101217771717,,8,1,val,current_repo_v1
7909,316.36,-1.9953179129815224,,8,1,val,current_repo_v1
7910,316.4,-1.641795681015644,,8,1,val,current_repo_v1
7911,316.44,-1.548740413243646,,8,1,val,current_repo_v1
7912,316.48,-1.5791678489848742,,8,1,val,current_repo_v1
7913,316.52,-1.1827633365672008,,8,1,val,current_repo_v1
7914,316.56,-1.2879676678825922,,8,1,val,current_repo_v1
7915,316.6,-1.2995669668240264,,8,1,val,current_repo_v1
7916,316.64,-1.6409614472672536,,8,1,val,current_repo_v1
7917,316.68,-1.437925603370749,,8,1,val,current_repo_v1
7918,316.72,-1.1007269537402988,,8,1,val,current_repo_v1
7919,316.76,-0.9723675751931214,,8,1,val,current_repo_v1
7920,316.8,-1.2702910929794997,,8,1,val,current_repo_v1
7921,316.84,-1.1788685113182868,,8,1,val,current_repo_v1
7922,316.88,-0.3568717118278365,,8,1,val,current_repo_v1
7923,316.92,0.02399041251305005,,8,1,val,current_repo_v1
7924,316.96,0.031602688550619366,,8,1,val,current_repo_v1
7925,317.0,-0.681446232302024,,8,1,val,current_repo_v1
7926,317.04,-0.9714977738917197,,8,1,val,current_repo_v1
7927,317.08,-0.7450776538045414,,8,1,val,current_repo_v1
7928,317.12,-0.8757143536317145,,8,1,val,current_repo_v1
7929,317.16,-1.2052639123125104,,8,1,val,current_repo_v1
7930,317.2,-1.4038292212894115,,8,1,val,current_repo_v1
7931,317.24,-1.3727028368010272,,8,1,val,current_repo_v1
7932,317.28,-1.5201153044472058,,8,1,val,current_repo_v1
7933,317.32,-1.7666095661321626,,8,1,val,current_repo_v1
7934,317.36,-1.406853675015633,,8,1,val,current_repo_v1
7935,317.4,-1.5397684088994152,,8,1,val,current_repo_v1
7936,317.44,-1.288578517440325,,8,1,val,current_repo_v1
7937,317.48,-0.9043295548332277,,8,1,val,current_repo_v1
7938,317.52,-1.30342522663267,,8,1,val,current_repo_v1
7939,317.56,-1.7082525490139056,,8,1,val,current_repo_v1
7940,317.6,-1.4015417785815047,,8,1,val,current_repo_v1
7941,317.64,-1.3497634044948121,,8,1,val,current_repo_v1
7942,317.68,-1.0454025160016567,,8,1,val,current_repo_v1
7943,317.72,-0.7880546622682647,,8,1,val,current_repo_v1
7944,317.76,-0.889160029112648,,8,1,val,current_repo_v1
7945,317.8,-1.0357523759873828,,8,1,val,current_repo_v1
7946,317.84,-1.3779776688512557,,8,1,val,current_repo_v1
7947,317.88,-1.674473067414911,,8,1,val,current_repo_v1
7948,317.92,-1.4926705537226506,,8,1,val,current_repo_v1
7949,317.96,-1.637274966622453,,8,1,val,current_repo_v1
7950,318.0,-1.9106785412399363,,8,1,val,current_repo_v1
7951,318.04,-1.823833553545668,,8,1,val,current_repo_v1
7952,318.08,-2.05758279916072,,8,1,val,current_repo_v1
7953,318.12,-2.1281529584399204,,8,1,val,current_repo_v1
7954,318.16,-2.422574604724383,,8,1,val,current_repo_v1
7955,318.2,-2.7305542600840607,,8,1,val,current_repo_v1
7956,318.24,-2.459402061677843,,8,1,val,current_repo_v1
7957,318.28,-1.5967285264106188,,8,1,val,current_repo_v1
7958,318.32,-1.248624679704919,,8,1,val,current_repo_v1
7959,318.36,-0.9737257710300641,,8,1,val,current_repo_v1
7960,318.4,-1.4329651058070552,,8,1,val,current_repo_v1
7961,318.44,-0.6038733991839136,,8,1,val,current_repo_v1
7962,318.48,0.7347867988924307,,8,1,val,current_repo_v1
7963,318.52,0.7908677777285962,,8,1,val,current_repo_v1
7964,318.56,0.410172968788011,,8,1,val,current_repo_v1
7965,318.6,1.186929302039874,,8,1,val,current_repo_v1
7966,318.64,0.9595617592780884,,8,1,val,current_repo_v1
7967,318.68,-0.1041058980055156,,8,1,val,current_repo_v1
7968,318.72,-0.5195935876049858,,8,1,val,current_repo_v1
7969,318.76,-1.0034828403663358,,8,1,val,current_repo_v1
7970,318.8,-1.5544905247397278,,8,1,val,current_repo_v1
7971,318.84,-0.09301053212979576,,8,1,val,current_repo_v1
7972,318.88,0.794582341771967,,8,1,val,current_repo_v1
7973,318.92,0.819264940564053,,8,1,val,current_repo_v1
7974,318.96,0.6628008514259203,,8,1,val,current_repo_v1
7975,319.0,0.6006669735882765,,8,1,val,current_repo_v1
7976,319.04,0.0909255536189415,,8,1,val,current_repo_v1
7977,319.08,-0.22702690681821439,,8,1,val,current_repo_v1
7978,319.12,-0.1822759755577495,,8,1,val,current_repo_v1
7979,319.16,-0.8544776020997259,,8,1,val,current_repo_v1
7980,319.2,-0.9208175747333806,,8,1,val,current_repo_v1
7981,319.24,-0.724926461054848,,8,1,val,current_repo_v1
7982,319.28,0.23589995994908208,,8,1,val,current_repo_v1
7983,319.32,-0.03997449934748865,,8,1,val,current_repo_v1
7984,319.36,-0.4674216539111728,,8,1,val,current_repo_v1
7985,319.4,-0.2664629658021898,,8,1,val,current_repo_v1
7986,319.44,0.48097178680480845,,8,1,val,current_repo_v1
7987,319.48,0.7251719413205228,,8,1,val,current_repo_v1
7988,319.52,0.6412183319587437,,8,1,val,current_repo_v1
7989,319.56,0.6906420485028805,,8,1,val,current_repo_v1
7990,319.6,0.9261726654302843,,8,1,val,current_repo_v1
7991,319.64,0.8200898369388069,,8,1,val,current_repo_v1
7992,319.68,0.921885028989694,,8,1,val,current_repo_v1
7993,319.72,1.4425086144399561,,8,1,val,current_repo_v1
7994,319.76,1.0596124305675392,,8,1,val,current_repo_v1
7995,319.8,1.1114062719067437,,8,1,val,current_repo_v1
7996,319.84,1.3929694993621005,,8,1,val,current_repo_v1
7997,319.88,1.5480896481955597,,8,1,val,current_repo_v1
7998,319.92,1.8749843991018729,,8,1,val,current_repo_v1
7999,319.96,1.1818550453286722,,8,1,val,current_repo_v1
8000,320.0,0.8165477648358928,,8,1,val,current_repo_v1
8001,320.04,0.533672672023468,,8,1,val,current_repo_v1
8002,320.08,0.2186013883035211,,8,1,val,current_repo_v1
8003,320.12,-0.4546002638271357,,8,1,val,current_repo_v1
8004,320.16,-0.6059162882357432,,8,1,val,current_repo_v1
8005,320.2,-0.7989235077362279,,8,1,val,current_repo_v1
8006,320.24,-0.41826647595615596,,8,1,val,current_repo_v1
8007,320.28,-0.6193965333824294,,8,1,val,current_repo_v1
8008,320.32,-0.9689907959868681,,8,1,val,current_repo_v1
8009,320.36,-0.5190777868086575,,8,1,val,current_repo_v1
8010,320.4,-1.0263135029613373,,8,1,val,current_repo_v1
8011,320.44,-1.6964297233264913,,8,1,val,current_repo_v1
8012,320.48,-1.9099402472237172,,8,1,val,current_repo_v1
8013,320.52,-1.5611584074032971,,8,1,val,current_repo_v1
8014,320.56,-1.767851222992805,,8,1,val,current_repo_v1
8015,320.6,-1.7986826605185406,,8,1,val,current_repo_v1
8016,320.64,-1.7436323566654344,,8,1,val,current_repo_v1
8017,320.68,-1.6000027370621956,,8,1,val,current_repo_v1
8018,320.72,-1.6777581122710126,,8,1,val,current_repo_v1
8019,320.76,-1.4874111176472726,,8,1,val,current_repo_v1
8020,320.8,-1.6914263166106673,,8,1,val,current_repo_v1
8021,320.84,-0.994426728381717,,8,1,val,current_repo_v1
8022,320.88,-0.5527372011871152,,8,1,val,current_repo_v1
8023,320.92,-0.1498468314335342,,8,1,val,current_repo_v1
8024,320.96,0.20844460667240167,,8,1,val,current_repo_v1
8025,321.0,0.256141122926809,,8,1,val,current_repo_v1
8026,321.04,0.5234709141880395,,8,1,val,current_repo_v1
8027,321.08,0.45939265302654575,,8,1,val,current_repo_v1
8028,321.12,0.11618282855562734,,8,1,val,current_repo_v1
8029,321.16,0.012600831384423878,,8,1,val,current_repo_v1
8030,321.2,0.10827654998442227,,8,1,val,current_repo_v1
8031,321.24,0.14609249445513253,,8,1,val,current_repo_v1
8032,321.28,0.5738870296110927,,8,1,val,current_repo_v1
8033,321.32,0.6530203445690449,,8,1,val,current_repo_v1
8034,321.36,0.6777142052316235,,8,1,val,current_repo_v1
8035,321.4,0.1982509744903665,,8,1,val,current_repo_v1
8036,321.44,0.023481784031394674,,8,1,val,current_repo_v1
8037,321.48,0.1149360218839527,,8,1,val,current_repo_v1
8038,321.52,-0.06836667274665117,,8,1,val,current_repo_v1
8039,321.56,-0.039417544611440876,,8,1,val,current_repo_v1
8040,321.6,0.35277135744243204,,8,1,val,current_repo_v1
8041,321.64,0.4289705274710878,,8,1,val,current_repo_v1
8042,321.68,0.5255135181292236,,8,1,val,current_repo_v1
8043,321.72,0.5094044815544461,,8,1,val,current_repo_v1
8044,321.76,0.6962810381249243,,8,1,val,current_repo_v1
8045,321.8,0.5636947160657925,,8,1,val,current_repo_v1
8046,321.84,0.32696396151547996,,8,1,val,current_repo_v1
8047,321.88,0.09205904662849178,,8,1,val,current_repo_v1
8048,321.92,0.43634505686923847,,8,1,val,current_repo_v1
8049,321.96,0.3832185727346837,,8,1,val,current_repo_v1
8050,322.0,0.4849281246754639,,8,1,val,current_repo_v1
8051,322.04,0.050508642737187644,,8,1,val,current_repo_v1
8052,322.08,-0.18578511738112186,,8,1,val,current_repo_v1
8053,322.12,0.10989449052901638,,8,1,val,current_repo_v1
8054,322.16,0.3171611091117727,,8,1,val,current_repo_v1
8055,322.2,0.535510495243606,,8,1,val,current_repo_v1
8056,322.24,0.6923763765587444,,8,1,val,current_repo_v1
8057,322.28,0.5204082556353367,,8,1,val,current_repo_v1
8058,322.32,0.43358183577184906,,8,1,val,current_repo_v1
8059,322.36,0.6675763121807607,,8,1,val,current_repo_v1
8060,322.4,0.8671315253184312,,8,1,val,current_repo_v1
8061,322.44,0.529068740960656,,8,1,val,current_repo_v1
8062,322.48,0.10576622202948742,,8,1,val,current_repo_v1
8063,322.52,0.2290361884527195,,8,1,val,current_repo_v1
8064,322.56,0.5158018298543776,,8,1,val,current_repo_v1
8065,322.6,0.022387467006461534,,8,1,val,current_repo_v1
8066,322.64,-0.18755102144096203,,8,1,val,current_repo_v1
8067,322.68,-0.8059560469152418,,8,1,val,current_repo_v1
8068,322.72,-0.9852056798887441,,8,1,val,current_repo_v1
8069,322.76,-0.5794436935342822,,8,1,val,current_repo_v1
8070,322.8,-0.32860014023167095,,8,1,val,current_repo_v1
8071,322.84,-0.003148573750033945,,8,1,val,current_repo_v1
8072,322.88,-0.08186183274397399,,8,1,val,current_repo_v1
8073,322.92,-0.564440030931654,,8,1,val,current_repo_v1
8074,322.96,-0.43522232678655143,,8,1,val,current_repo_v1
8075,323.0,-0.29541821490656817,,8,1,val,current_repo_v1
8076,323.04,-0.6189317317527939,,8,1,val,current_repo_v1
8077,323.08,-0.6358460633454556,,8,1,val,current_repo_v1
8078,323.12,-0.2033562191648382,,8,1,val,current_repo_v1
8079,323.16,-0.5255321215988349,,8,1,val,current_repo_v1
8080,323.2,0.06327391057262263,,8,1,val,current_repo_v1
8081,323.24,0.38397383083430286,,8,1,val,current_repo_v1
8082,323.28,0.7462179538307502,,8,1,val,current_repo_v1
8083,323.32,0.2938957062408083,,8,1,val,current_repo_v1
8084,323.36,-0.11463852674491101,,8,1,val,current_repo_v1
8085,323.4,-0.14729428037395967,,8,1,val,current_repo_v1
8086,323.44,-0.03507694886847069,,8,1,val,current_repo_v1
8087,323.48,-0.008310947470074253,,8,1,val,current_repo_v1
8088,323.52,-0.08665794620118933,,8,1,val,current_repo_v1
8089,323.56,-0.26779058352241514,,8,1,val,current_repo_v1
8090,323.6,-0.4270257521201006,,8,1,val,current_repo_v1
8091,323.64,-0.2718090933331794,,8,1,val,current_repo_v1
8092,323.68,-0.1287902609197199,,8,1,val,current_repo_v1
8093,323.72,-0.25265525325986604,,8,1,val,current_repo_v1
8094,323.76,-0.051421139357735526,,8,1,val,current_repo_v1
8095,323.8,-0.2591928047196646,,8,1,val,current_repo_v1
8096,323.84,-0.040958638927396644,,8,1,val,current_repo_v1
8097,323.88,-0.3694254542935204,,8,1,val,current_repo_v1
8098,323.92,-0.42145383477738313,,8,1,val,current_repo_v1
8099,323.96,-0.3265790621442131,,8,1,val,current_repo_v1
8100,324.0,-0.3523209539003885,,8,1,val,current_repo_v1
8101,324.04,-0.23466812158629005,,8,1,val,current_repo_v1
8102,324.08,-0.14001391767615437,,8,1,val,current_repo_v1
8103,324.12,-0.008521394765197485,,8,1,val,current_repo_v1
8104,324.16,-0.07512328718888815,,8,1,val,current_repo_v1
8105,324.2,-0.25030779476110615,,8,1,val,current_repo_v1
8106,324.24,-0.3084912507739863,,8,1,val,current_repo_v1
8107,324.28,-0.39744274283283515,,8,1,val,current_repo_v1
8108,324.32,-0.20708639301604367,,8,1,val,current_repo_v1
8109,324.36,-0.07261850998183061,,8,1,val,current_repo_v1
8110,324.4,-0.2523995090109576,,8,1,val,current_repo_v1
8111,324.44,-0.3110237817204303,,8,1,val,current_repo_v1
8112,324.48,-0.4050339919603075,,8,1,val,current_repo_v1
8113,324.52,-0.21629678549864534,,8,1,val,current_repo_v1
8114,324.56,-0.20229865468403646,,8,1,val,current_repo_v1
8115,324.6,-0.5246712300051013,,8,1,val,current_repo_v1
8116,324.64,-0.6428642044368776,,8,1,val,current_repo_v1
8117,324.68,-0.4059411783950851,,8,1,val,current_repo_v1
8118,324.72,-0.3268928976871183,,8,1,val,current_repo_v1
8119,324.76,-0.3812683090037728,,8,1,val,current_repo_v1
8120,324.8,-0.5351090950937376,,8,1,val,current_repo_v1
8121,324.84,-0.14280847421541293,,8,1,val,current_repo_v1
8122,324.88,0.17281368781995204,,8,1,val,current_repo_v1
8123,324.92,0.27918488790981894,,8,1,val,current_repo_v1
8124,324.96,0.4146771824026003,,8,1,val,current_repo_v1
8125,325.0,0.5281815122710553,,8,1,val,current_repo_v1
8126,325.04,0.33581400978114834,,8,1,val,current_repo_v1
8127,325.08,-0.15049959225613826,,8,1,val,current_repo_v1
8128,325.12,-0.5106906869534296,,8,1,val,current_repo_v1
8129,325.16,-0.7944758529459164,,8,1,val,current_repo_v1
8130,325.2,-0.6388311005249528,,8,1,val,current_repo_v1
8131,325.24,0.10696805249685291,,8,1,val,current_repo_v1
8132,325.28,0.43318499739230676,,8,1,val,current_repo_v1
8133,325.32,0.08041603666123745,,8,1,val,current_repo_v1
8134,325.36,0.11852315928825263,,8,1,val,current_repo_v1
8135,325.4,0.2628040874317454,,8,1,val,current_repo_v1
8136,325.44,0.34678524560963464,,8,1,val,current_repo_v1
8137,325.48,0.3299688138848314,,8,1,val,current_repo_v1
8138,325.52,0.5020248914423399,,8,1,val,current_repo_v1
8139,325.56,-0.1749078967879506,,8,1,val,current_repo_v1
8140,325.6,-0.4291629415178906,,8,1,val,current_repo_v1
8141,325.64,-0.11449869779276604,,8,1,val,current_repo_v1
8142,325.68,0.30005888960380384,,8,1,val,current_repo_v1
8143,325.72,0.36260507307350204,,8,1,val,current_repo_v1
8144,325.76,0.3107137238935765,,8,1,val,current_repo_v1
8145,325.8,0.4585184325101405,,8,1,val,current_repo_v1
8146,325.84,0.039362455888928304,,8,1,val,current_repo_v1
8147,325.88,0.14824686176930685,,8,1,val,current_repo_v1
8148,325.92,0.2597894165645436,,8,1,val,current_repo_v1
8149,325.96,0.26541609297058993,,8,1,val,current_repo_v1
8150,326.0,0.1500096830702938,,8,1,val,current_repo_v1
8151,326.04,0.43445912122769215,,8,1,val,current_repo_v1
8152,326.08,0.43021621151959627,,8,1,val,current_repo_v1
8153,326.12,0.9138551727731309,,8,1,val,current_repo_v1
8154,326.16,0.6842557838792881,,8,1,val,current_repo_v1
8155,326.2,0.4200069695297264,,8,1,val,current_repo_v1
8156,326.24,0.824142185819295,,8,1,val,current_repo_v1
8157,326.28,0.5724075904722009,,8,1,val,current_repo_v1
8158,326.32,0.6181173131942578,,8,1,val,current_repo_v1
8159,326.36,0.3761020684706045,,8,1,val,current_repo_v1
8160,326.4,0.19493344484010675,,8,1,val,current_repo_v1
8161,326.44,-0.05132628660989971,,8,1,val,current_repo_v1
8162,326.48,-0.022769729104258618,,8,1,val,current_repo_v1
8163,326.52,-0.4922672647147564,,8,1,val,current_repo_v1
8164,326.56,-1.3927866008830874,,8,1,val,current_repo_v1
8165,326.6,-1.564296335166381,,8,1,val,current_repo_v1
8166,326.64,-1.685388243362749,,8,1,val,current_repo_v1
8167,326.68,-1.4356432926544593,,8,1,val,current_repo_v1
8168,326.72,-1.0419400610464657,,8,1,val,current_repo_v1
8169,326.76,-0.5259570077381167,,8,1,val,current_repo_v1
8170,326.8,-0.3712725079708027,,8,1,val,current_repo_v1
8171,326.84,-0.46906752638930677,,8,1,val,current_repo_v1
8172,326.88,-0.5930299998410509,,8,1,val,current_repo_v1
8173,326.92,-0.6262423250887176,,8,1,val,current_repo_v1
8174,326.96,-0.4674056877150313,,8,1,val,current_repo_v1
8175,327.0,0.08273485935955167,,8,1,val,current_repo_v1
8176,327.04,0.6216094196565686,,8,1,val,current_repo_v1
8177,327.08,0.7202850023033376,,8,1,val,current_repo_v1
8178,327.12,0.3578772614352712,,8,1,val,current_repo_v1
8179,327.16,-0.28032235464898925,,8,1,val,current_repo_v1
8180,327.2,-0.2173012837605752,,8,1,val,current_repo_v1
8181,327.24,-0.7558427902752465,,8,1,val,current_repo_v1
8182,327.28,-0.7512427438449779,,8,1,val,current_repo_v1
8183,327.32,-0.7650117347977756,,8,1,val,current_repo_v1
8184,327.36,-0.7613226881571666,,8,1,val,current_repo_v1
8185,327.4,-0.5705157387847629,,8,1,val,current_repo_v1
8186,327.44,-0.5055691731527556,,8,1,val,current_repo_v1
8187,327.48,-0.3511242019663939,,8,1,val,current_repo_v1
8188,327.52,0.5322434123581636,,8,1,val,current_repo_v1
8189,327.56,0.3829071606322642,,8,1,val,current_repo_v1
8190,327.6,0.36716014329946145,,8,1,val,current_repo_v1
8191,327.64,0.6516851714167169,,8,1,val,current_repo_v1
8192,327.68,0.6949006036576417,,8,1,val,current_repo_v1
8193,327.72,0.5307380994282035,,8,1,val,current_repo_v1
8194,327.76,0.3811458896204115,,8,1,val,current_repo_v1
8195,327.8,-0.0002340479970228739,,8,1,val,current_repo_v1
8196,327.84,-0.0591870365749202,,8,1,val,current_repo_v1
8197,327.88,-0.43233109100938505,,8,1,val,current_repo_v1
8198,327.92,0.45271208293925697,,8,1,val,current_repo_v1
8199,327.96,0.4439942547353849,,8,1,val,current_repo_v1
8200,328.0,1.2551865012084058,,8,1,val,current_repo_v1
8201,328.04,0.8412781196610805,,8,1,val,current_repo_v1
8202,328.08,0.5169693223083898,,8,1,val,current_repo_v1
8203,328.12,0.11740531172536774,,8,1,val,current_repo_v1
8204,328.16,-0.23284622892346282,,8,1,val,current_repo_v1
8205,328.2,-0.18831636532966167,,8,1,val,current_repo_v1
8206,328.24,-0.5478966995662968,,8,1,val,current_repo_v1
8207,328.28,-0.5022503070463457,,8,1,val,current_repo_v1
8208,328.32,-0.6849298567226346,,8,1,val,current_repo_v1
8209,328.36,-0.5770623781463831,,8,1,val,current_repo_v1
8210,328.4,-0.275779793652596,,8,1,val,current_repo_v1
8211,328.44,-0.04912519678871327,,8,1,val,current_repo_v1
8212,328.48,0.15384764656486932,,8,1,val,current_repo_v1
8213,328.52,-0.006651006563532166,,8,1,val,current_repo_v1
8214,328.56,0.13008665902427582,,8,1,val,current_repo_v1
8215,328.6,0.6276328097062498,,8,1,val,current_repo_v1
8216,328.64,0.8566550633761763,,8,1,val,current_repo_v1
8217,328.68,1.22122739990282,,8,1,val,current_repo_v1
8218,328.72,0.4227229335376436,,8,1,val,current_repo_v1
8219,328.76,-0.07457823582228512,,8,1,val,current_repo_v1
8220,328.8,-0.29382882997505066,,8,1,val,current_repo_v1
8221,328.84,-0.3192214968294627,,8,1,val,current_repo_v1
8222,328.88,0.027055280673254575,,8,1,val,current_repo_v1
8223,328.92,0.4438406157363542,,8,1,val,current_repo_v1
8224,328.96,0.7148583488344428,,8,1,val,current_repo_v1
8225,329.0,0.2062645794001429,,8,1,val,current_repo_v1
8226,329.04,0.1845525840611317,,8,1,val,current_repo_v1
8227,329.08,-0.1260349249136168,,8,1,val,current_repo_v1
8228,329.12,0.2536927174401683,,8,1,val,current_repo_v1
8229,329.16,0.36772423471135146,,8,1,val,current_repo_v1
8230,329.2,0.567602228738426,,8,1,val,current_repo_v1
8231,329.24,0.8903624832595503,,8,1,val,current_repo_v1
8232,329.28,0.7416388630329173,,8,1,val,current_repo_v1
8233,329.32,-0.08615225792306445,,8,1,val,current_repo_v1
8234,329.36,-0.29009216985666275,,8,1,val,current_repo_v1
8235,329.4,0.39024091920812515,,8,1,val,current_repo_v1
8236,329.44,0.13054413687420796,,8,1,val,current_repo_v1
8237,329.48,0.5661124186998086,,8,1,val,current_repo_v1
8238,329.52,0.42320601788741424,,8,1,val,current_repo_v1
8239,329.56,0.37718531072890604,,8,1,val,current_repo_v1
8240,329.6,-0.3612649817625412,,8,1,val,current_repo_v1
8241,329.64,-0.8532154172726159,,8,1,val,current_repo_v1
8242,329.68,-0.6989029868975265,,8,1,val,current_repo_v1
8243,329.72,-0.13739254803455056,,8,1,val,current_repo_v1
8244,329.76,-0.31473178821895725,,8,1,val,current_repo_v1
8245,329.8,-0.4904372820373665,,8,1,val,current_repo_v1
8246,329.84,0.04305985983533007,,8,1,val,current_repo_v1
8247,329.88,0.04240588729248311,,8,1,val,current_repo_v1
8248,329.92,0.48022101919785404,,8,1,val,current_repo_v1
8249,329.96,0.4752872151183341,,8,1,val,current_repo_v1
8250,330.0,0.3157983871433346,,8,1,val,current_repo_v1
8251,330.04,0.130287198724472,,8,1,val,current_repo_v1
8252,330.08,0.4259111476908069,,8,1,val,current_repo_v1
8253,330.12,0.38623650455489206,,8,1,val,current_repo_v1
8254,330.16,-0.014934584525363122,,8,1,val,current_repo_v1
8255,330.2,0.14538582990113574,,8,1,val,current_repo_v1
8256,330.24,0.5906302948165245,,8,1,val,current_repo_v1
8257,330.28,0.8166782742338168,,8,1,val,current_repo_v1
8258,330.32,0.8406734712598847,,8,1,val,current_repo_v1
8259,330.36,0.32986931026959276,,8,1,val,current_repo_v1
8260,330.4,0.30093959638739154,,8,1,val,current_repo_v1
8261,330.44,0.7753777163649448,,8,1,val,current_repo_v1
8262,330.48,0.609660147397927,,8,1,val,current_repo_v1
8263,330.52,0.507558497042084,,8,1,val,current_repo_v1
8264,330.56,0.4825895046067109,,8,1,val,current_repo_v1
8265,330.6,0.6312432370863944,,8,1,val,current_repo_v1
8266,330.64,0.6908205277668901,,8,1,val,current_repo_v1
8267,330.68,0.4501713194229275,,8,1,val,current_repo_v1
8268,330.72,0.4378067835092858,,8,1,val,current_repo_v1
8269,330.76,0.4938890809821862,,8,1,val,current_repo_v1
8270,330.8,0.8284991754243747,,8,1,val,current_repo_v1
8271,330.84,1.2671873784938616,,8,1,val,current_repo_v1
8272,330.88,1.015869115966688,,8,1,val,current_repo_v1
8273,330.92,0.8420157009006859,,8,1,val,current_repo_v1
8274,330.96,0.5640898437814624,,8,1,val,current_repo_v1
8275,331.0,0.5865969057939544,,8,1,val,current_repo_v1
8276,331.04,0.4741359383322781,,8,1,val,current_repo_v1
8277,331.08,0.33017502015910455,,8,1,val,current_repo_v1
8278,331.12,0.7222129204874166,,8,1,val,current_repo_v1
8279,331.16,0.5427776804837701,,8,1,val,current_repo_v1
8280,331.2,0.2699167248826966,,8,1,val,current_repo_v1
8281,331.24,-0.11389975160447798,,8,1,val,current_repo_v1
8282,331.28,-0.03040722852423665,,8,1,val,current_repo_v1
8283,331.32,0.05837986160871828,,8,1,val,current_repo_v1
8284,331.36,0.31078810213319075,,8,1,val,current_repo_v1
8285,331.4,0.37160213151569593,,8,1,val,current_repo_v1
8286,331.44,0.5230644533242155,,8,1,val,current_repo_v1
8287,331.48,0.35954929281511905,,8,1,val,current_repo_v1
8288,331.52,0.5842038295919333,,8,1,val,current_repo_v1
8289,331.56,0.5422114507420397,,8,1,val,current_repo_v1
8290,331.6,0.7011854401691391,,8,1,val,current_repo_v1
8291,331.64,0.5515765157497615,,8,1,val,current_repo_v1
8292,331.68,0.7476735149530911,,8,1,val,current_repo_v1
8293,331.72,0.5315168791560668,,8,1,val,current_repo_v1
8294,331.76,0.65598143245433,,8,1,val,current_repo_v1
8295,331.8,0.6729862153992394,,8,1,val,current_repo_v1
8296,331.84,0.6563811575791568,,8,1,val,current_repo_v1
8297,331.88,0.46370627017469657,,8,1,val,current_repo_v1
8298,331.92,0.6992790478387865,,8,1,val,current_repo_v1
8299,331.96,0.6312698236540764,,8,1,val,current_repo_v1
8300,332.0,0.44891134420331924,,8,1,val,current_repo_v1
8301,332.04,0.5662870489701055,,8,1,val,current_repo_v1
8302,332.08,0.3445298065716721,,8,1,val,current_repo_v1
8303,332.12,0.3897952912693917,,8,1,val,current_repo_v1
8304,332.16,0.5857158069832293,,8,1,val,current_repo_v1
8305,332.2,0.6891790745037596,,8,1,val,current_repo_v1
8306,332.24,0.7183329209920625,,8,1,val,current_repo_v1
8307,332.28,0.8095014690682392,,8,1,val,current_repo_v1
8308,332.32,0.6174320497580801,,8,1,val,current_repo_v1
8309,332.36,0.6242573847755619,,8,1,val,current_repo_v1
8310,332.4,0.5145646991252306,,8,1,val,current_repo_v1
8311,332.44,0.8697733605585488,,8,1,val,current_repo_v1
8312,332.48,0.7248470577401089,,8,1,val,current_repo_v1
8313,332.52,0.7198950422181152,,8,1,val,current_repo_v1
8314,332.56,0.4533791349329609,,8,1,val,current_repo_v1
8315,332.6,0.4844481409039618,,8,1,val,current_repo_v1
8316,332.64,0.6319966419668187,,8,1,val,current_repo_v1
8317,332.68,0.7472072164925674,,8,1,val,current_repo_v1
8318,332.72,1.0561303029778168,,8,1,val,current_repo_v1
8319,332.76,0.6932440395303059,,8,1,val,current_repo_v1
8320,332.8,0.7797720554645696,,8,1,val,current_repo_v1
8321,332.84,0.3561604320452676,,8,1,val,current_repo_v1
8322,332.88,0.7095589972687113,,8,1,val,current_repo_v1
8323,332.92,0.9447370748830993,,8,1,val,current_repo_v1
8324,332.96,0.7954103743638201,,8,1,val,current_repo_v1
8325,333.0,0.6960621444269315,,8,1,val,current_repo_v1
8326,333.04,0.5134974587019012,,8,1,val,current_repo_v1
8327,333.08,0.8486993359274125,,8,1,val,current_repo_v1
8328,333.12,0.6504786544431179,,8,1,val,current_repo_v1
8329,333.16,0.5541428679465141,,8,1,val,current_repo_v1
8330,333.2,0.22685168850721127,,8,1,val,current_repo_v1
8331,333.24,0.16318831679299564,,8,1,val,current_repo_v1
8332,333.28,0.21991950827537213,,8,1,val,current_repo_v1
8333,333.32,0.6465325805556963,,8,1,val,current_repo_v1
8334,333.36,0.9480653852796376,,8,1,val,current_repo_v1
8335,333.4,1.0589925287468154,,8,1,val,current_repo_v1
8336,333.44,1.3310530183915612,,8,1,val,current_repo_v1
8337,333.48,1.0206446479991897,,8,1,val,current_repo_v1
8338,333.52,1.0256051455628836,,8,1,val,current_repo_v1
8339,333.56,1.1378159997108979,,8,1,val,current_repo_v1
8340,333.6,0.9798347655510216,,8,1,val,current_repo_v1
8341,333.64,1.0679381603563485,,8,1,val,current_repo_v1
8342,333.68,1.1153154239655882,,8,1,val,current_repo_v1
8343,333.72,1.077138538327531,,8,1,val,current_repo_v1
8344,333.76,1.1104173656332332,,8,1,val,current_repo_v1
8345,333.8,0.8245362087312141,,8,1,val,current_repo_v1
8346,333.84,0.9228771427579651,,8,1,val,current_repo_v1
8347,333.88,0.8139949553947959,,8,1,val,current_repo_v1
8348,333.92,1.1212278346965543,,8,1,val,current_repo_v1
8349,333.96,1.3816446194168475,,8,1,val,current_repo_v1
8350,334.0,1.2574594032733981,,8,1,val,current_repo_v1
8351,334.04,1.5458856003514274,,8,1,val,current_repo_v1
8352,334.08,1.25540546618406,,8,1,val,current_repo_v1
8353,334.12,0.6575461909538526,,8,1,val,current_repo_v1
8354,334.16,0.6683612930651611,,8,1,val,current_repo_v1
8355,334.2,0.490921898856856,,8,1,val,current_repo_v1
8356,334.24,0.6817642732269485,,8,1,val,current_repo_v1
8357,334.28,0.8010404542781957,,8,1,val,current_repo_v1
8358,334.32,0.8706376022023657,,8,1,val,current_repo_v1
8359,334.36,0.9860987889854059,,8,1,val,current_repo_v1
8360,334.4,1.0173272430848372,,8,1,val,current_repo_v1
8361,334.44,1.2020837881739097,,8,1,val,current_repo_v1
8362,334.48,1.1072512831939179,,8,1,val,current_repo_v1
8363,334.52,0.9390707859167601,,8,1,val,current_repo_v1
8364,334.56,0.9149291132966267,,8,1,val,current_repo_v1
8365,334.6,0.9233321080703348,,8,1,val,current_repo_v1
8366,334.64,0.9786796397712528,,8,1,val,current_repo_v1
8367,334.68,0.95050778562331,,8,1,val,current_repo_v1
8368,334.72,1.1378006750137084,,8,1,val,current_repo_v1
8369,334.76,1.084303653956648,,8,1,val,current_repo_v1
8370,334.8,1.1547675382427818,,8,1,val,current_repo_v1
8371,334.84,1.0764891275550101,,8,1,val,current_repo_v1
8372,334.88,1.055078458529338,,8,1,val,current_repo_v1
8373,334.92,0.8380190911513702,,8,1,val,current_repo_v1
8374,334.96,0.45537665575334396,,8,1,val,current_repo_v1
8375,335.0,0.479817944022944,,8,1,val,current_repo_v1
8376,335.04,0.6456439619516993,,8,1,val,current_repo_v1
8377,335.08,0.7283869915131826,,8,1,val,current_repo_v1
8378,335.12,0.7078720688576422,,8,1,val,current_repo_v1
8379,335.16,0.6775876873827349,,8,1,val,current_repo_v1
8380,335.2,0.6425676893656794,,8,1,val,current_repo_v1
8381,335.24,0.4768280243236445,,8,1,val,current_repo_v1
8382,335.28,0.6295526735145967,,8,1,val,current_repo_v1
8383,335.32,0.5271701891730516,,8,1,val,current_repo_v1
8384,335.36,0.6915846955741776,,8,1,val,current_repo_v1
8385,335.4,0.7403754664855644,,8,1,val,current_repo_v1
8386,335.44,0.7609481953244562,,8,1,val,current_repo_v1
8387,335.48,0.7995142569934612,,8,1,val,current_repo_v1
8388,335.52,0.6886137713716267,,8,1,val,current_repo_v1
8389,335.56,0.6861584697712507,,8,1,val,current_repo_v1
8390,335.6,0.9175874849541766,,8,1,val,current_repo_v1
8391,335.64,0.8697200448678623,,8,1,val,current_repo_v1
8392,335.68,0.7566802315183974,,8,1,val,current_repo_v1
8393,335.72,0.9994196572813232,,8,1,val,current_repo_v1
8394,335.76,1.0551237911219538,,8,1,val,current_repo_v1
8395,335.8,0.8815601910269835,,8,1,val,current_repo_v1
8396,335.84,0.3868394779310461,,8,1,val,current_repo_v1
8397,335.88,1.2319057914596674,,8,1,val,current_repo_v1
8398,335.92,1.4779391717863628,,8,1,val,current_repo_v1
8399,335.96,1.210294261984323,,8,1,val,current_repo_v1
8400,336.0,1.0201782782610047,,8,1,val,current_repo_v1
8401,336.04,0.9489846532780133,,8,1,val,current_repo_v1
8402,336.08,0.6159990836543857,,8,1,val,current_repo_v1
8403,336.12,0.9786298879636336,,8,1,val,current_repo_v1
8404,336.16,1.0262972516545505,,8,1,val,current_repo_v1
8405,336.2,1.1216763137417416,,8,1,val,current_repo_v1
8406,336.24,0.7152187999678681,,8,1,val,current_repo_v1
8407,336.28,1.1441153055876483,,8,1,val,current_repo_v1
8408,336.32,1.136344401114754,,8,1,val,current_repo_v1
8409,336.36,1.0016202125200495,,8,1,val,current_repo_v1
8410,336.4,1.1418486046791931,,8,1,val,current_repo_v1
8411,336.44,1.1920677086462867,,8,1,val,current_repo_v1
8412,336.48,0.9696709274314289,,8,1,val,current_repo_v1
8413,336.52,1.086039051177432,,8,1,val,current_repo_v1
8414,336.56,1.124949241395414,,8,1,val,current_repo_v1
8415,336.6,1.3268232594119835,,8,1,val,current_repo_v1
8416,336.64,1.1774615615609836,,8,1,val,current_repo_v1
8417,336.68,0.7840653941180676,,8,1,val,current_repo_v1
8418,336.72,0.9652730244487367,,8,1,val,current_repo_v1
8419,336.76,1.001991640413322,,8,1,val,current_repo_v1
8420,336.8,1.1001883084535093,,8,1,val,current_repo_v1
8421,336.84,1.047082886867882,,8,1,val,current_repo_v1
8422,336.88,0.5914225460223822,,8,1,val,current_repo_v1
8423,336.92,1.2744728108153303,,8,1,val,current_repo_v1
8424,336.96,0.9328708410999255,,8,1,val,current_repo_v1
8425,337.0,0.9271267882050581,,8,1,val,current_repo_v1
8426,337.04,0.7593887113718734,,8,1,val,current_repo_v1
8427,337.08,0.2659157137377927,,8,1,val,current_repo_v1
8428,337.12,0.39259568366717296,,8,1,val,current_repo_v1
8429,337.16,0.8847802306559377,,8,1,val,current_repo_v1
8430,337.2,0.9772528748240956,,8,1,val,current_repo_v1
8431,337.24,1.1006423471562814,,8,1,val,current_repo_v1
8432,337.28,1.133449102510891,,8,1,val,current_repo_v1
8433,337.32,1.4522418642073593,,8,1,val,current_repo_v1
8434,337.36,1.1838105479676921,,8,1,val,current_repo_v1
8435,337.4,0.8979110014290458,,8,1,val,current_repo_v1
8436,337.44,0.8292439557077761,,8,1,val,current_repo_v1
8437,337.48,0.8441772672586562,,8,1,val,current_repo_v1
8438,337.52,0.7494480436099541,,8,1,val,current_repo_v1
8439,337.56,0.7133169694078416,,8,1,val,current_repo_v1
8440,337.6,0.48667082785653604,,8,1,val,current_repo_v1
8441,337.64,0.49838139122733077,,8,1,val,current_repo_v1
8442,337.68,0.18054016849041254,,8,1,val,current_repo_v1
8443,337.72,0.13635148433235034,,8,1,val,current_repo_v1
8444,337.76,0.4584144027634064,,8,1,val,current_repo_v1
8445,337.8,0.6133072114960033,,8,1,val,current_repo_v1
8446,337.84,0.28121783372789083,,8,1,val,current_repo_v1
8447,337.88,0.17481972632086595,,8,1,val,current_repo_v1
8448,337.92,0.17132466183560935,,8,1,val,current_repo_v1
8449,337.96,0.08333220180045947,,8,1,val,current_repo_v1
8450,338.0,-0.09610032965205596,,8,1,val,current_repo_v1
8451,338.04,0.35923752432439293,,8,1,val,current_repo_v1
8452,338.08,0.6764592907259708,,8,1,val,current_repo_v1
8453,338.12,1.160023552990415,,8,1,val,current_repo_v1
8454,338.16,1.138408388354342,,8,1,val,current_repo_v1
8455,338.2,0.922938156436077,,8,1,val,current_repo_v1
8456,338.24,0.4201324894913562,,8,1,val,current_repo_v1
8457,338.28,0.729695435542506,,8,1,val,current_repo_v1
8458,338.32,1.074690649603935,,8,1,val,current_repo_v1
8459,338.36,0.883120601589164,,8,1,val,current_repo_v1
8460,338.4,0.39644913223367584,,8,1,val,current_repo_v1
8461,338.44,-0.18346923488633815,,8,1,val,current_repo_v1
8462,338.48,-0.23186129637957237,,8,1,val,current_repo_v1
8463,338.52,-0.20006329812715806,,8,1,val,current_repo_v1
8464,338.56,0.2925006242141192,,8,1,val,current_repo_v1
8465,338.6,0.6956220048681218,,8,1,val,current_repo_v1
8466,338.64,1.0034755700448785,,8,1,val,current_repo_v1
8467,338.68,1.3733131161374692,,8,1,val,current_repo_v1
8468,338.72,1.1674535364090928,,8,1,val,current_repo_v1
8469,338.76,1.1149742178007263,,8,1,val,current_repo_v1
8470,338.8,0.9083669354048333,,8,1,val,current_repo_v1
8471,338.84,0.5613084468804298,,8,1,val,current_repo_v1
8472,338.88,0.3396855272348024,,8,1,val,current_repo_v1
8473,338.92,0.0460146218281708,,8,1,val,current_repo_v1
8474,338.96,-0.12206977534207754,,8,1,val,current_repo_v1
8475,339.0,0.08174199717583651,,8,1,val,current_repo_v1
8476,339.04,0.3568243478218723,,8,1,val,current_repo_v1
8477,339.08,0.5079169880398222,,8,1,val,current_repo_v1
8478,339.12,0.4153291591709296,,8,1,val,current_repo_v1
8479,339.16,0.8172886248479202,,8,1,val,current_repo_v1
8480,339.2,0.8215210923786289,,8,1,val,current_repo_v1
8481,339.24,0.931716998318061,,8,1,val,current_repo_v1
8482,339.28,1.1652866242265216,,8,1,val,current_repo_v1
8483,339.32,0.8942827546335648,,8,1,val,current_repo_v1
8484,339.36,0.921537407835311,,8,1,val,current_repo_v1
8485,339.4,1.0932176382845433,,8,1,val,current_repo_v1
8486,339.44,0.7833473429576708,,8,1,val,current_repo_v1
8487,339.48,0.7652583555060318,,8,1,val,current_repo_v1
8488,339.52,0.8261604840779604,,8,1,val,current_repo_v1
8489,339.56,0.988794937803469,,8,1,val,current_repo_v1
8490,339.6,0.7953996827146183,,8,1,val,current_repo_v1
8491,339.64,0.6441998765328351,,8,1,val,current_repo_v1
8492,339.68,0.585414837058197,,8,1,val,current_repo_v1
8493,339.72,0.66281831445295,,8,1,val,current_repo_v1
8494,339.76,0.5883312338498184,,8,1,val,current_repo_v1
8495,339.8,0.6967973022260513,,8,1,val,current_repo_v1
8496,339.84,0.669866962383428,,8,1,val,current_repo_v1
8497,339.88,0.7534673196555778,,8,1,val,current_repo_v1
8498,339.92,1.0203997379548058,,8,1,val,current_repo_v1
8499,339.96,0.9244734772614638,,8,1,val,current_repo_v1
8500,340.0,0.8804238112721487,,8,1,val,current_repo_v1
8501,340.04,0.7915149788936153,,8,1,val,current_repo_v1
8502,340.08,0.7945940313084277,,8,1,val,current_repo_v1
8503,340.12,0.647919857678468,,8,1,val,current_repo_v1
8504,340.16,0.9803788992177348,,8,1,val,current_repo_v1
8505,340.2,0.5212318690121864,,8,1,val,current_repo_v1
8506,340.24,0.8152545742260975,,8,1,val,current_repo_v1
8507,340.28,0.6220600370315962,,8,1,val,current_repo_v1
8508,340.32,0.8729964651269408,,8,1,val,current_repo_v1
8509,340.36,0.8515670500763348,,8,1,val,current_repo_v1
8510,340.4,1.092051250634282,,8,1,val,current_repo_v1
8511,340.44,0.7747156181687044,,8,1,val,current_repo_v1
8512,340.48,1.1446961472499546,,8,1,val,current_repo_v1
8513,340.52,1.1124185572531755,,8,1,val,current_repo_v1
8514,340.56,0.8595109454333151,,8,1,val,current_repo_v1
8515,340.6,0.8171780019175117,,8,1,val,current_repo_v1
8516,340.64,0.7382028520900855,,8,1,val,current_repo_v1
8517,340.68,1.2158931222830291,,8,1,val,current_repo_v1
8518,340.72,1.1652437863520528,,8,1,val,current_repo_v1
8519,340.76,1.2397583088548025,,8,1,val,current_repo_v1
8520,340.8,1.2630651062275935,,8,1,val,current_repo_v1
8521,340.84,1.1878845652572294,,8,1,val,current_repo_v1
8522,340.88,1.0645144091712682,,8,1,val,current_repo_v1
8523,340.92,1.1101050981988776,,8,1,val,current_repo_v1
8524,340.96,1.2583768893302403,,8,1,val,current_repo_v1
8525,341.0,1.3479683478714815,,8,1,val,current_repo_v1
8526,341.04,1.1184551336702058,,8,1,val,current_repo_v1
8527,341.08,0.6840289070832247,,8,1,val,current_repo_v1
8528,341.12,-0.1769142916771712,,8,1,val,current_repo_v1
8529,341.16,-0.9881396822627179,,8,1,val,current_repo_v1
8530,341.2,-0.9243840237964749,,8,1,val,current_repo_v1
8531,341.24,-1.2716775860479965,,8,1,val,current_repo_v1
8532,341.28,0.13720328802426235,,8,1,val,current_repo_v1
8533,341.32,0.8193330107306381,,8,1,val,current_repo_v1
8534,341.36,0.6632714265461247,,8,1,val,current_repo_v1
8535,341.4,0.8343771590449107,,8,1,val,current_repo_v1
8536,341.44,0.7291719723975831,,8,1,val,current_repo_v1
8537,341.48,0.8411357068937116,,8,1,val,current_repo_v1
8538,341.52,0.6444168457339714,,8,1,val,current_repo_v1
8539,341.56,0.2714105977480108,,8,1,val,current_repo_v1
8540,341.6,0.38647603313584433,,8,1,val,current_repo_v1
8541,341.64,0.5332090108364141,,8,1,val,current_repo_v1
8542,341.68,0.478260206373064,,8,1,val,current_repo_v1
8543,341.72,-0.059736801176879725,,8,1,val,current_repo_v1
8544,341.76,-0.04512750005506199,,8,1,val,current_repo_v1
8545,341.8,0.26191792790706475,,8,1,val,current_repo_v1
8546,341.84,0.3593997166427851,,8,1,val,current_repo_v1
8547,341.88,0.42217527162669377,,8,1,val,current_repo_v1
8548,341.92,0.7080085655791193,,8,1,val,current_repo_v1
8549,341.96,0.7811064445626228,,8,1,val,current_repo_v1
8550,342.0,1.0195096225199205,,8,1,val,current_repo_v1
8551,342.04,1.1604028214264357,,8,1,val,current_repo_v1
8552,342.08,1.0672126963191717,,8,1,val,current_repo_v1
8553,342.12,0.8228265427461757,,8,1,val,current_repo_v1
8554,342.16,0.9206470785674417,,8,1,val,current_repo_v1
8555,342.2,1.0450528990727561,,8,1,val,current_repo_v1
8556,342.24,1.1099087995195316,,8,1,val,current_repo_v1
8557,342.28,1.0666687764854426,,8,1,val,current_repo_v1
8558,342.32,1.1727182470314101,,8,1,val,current_repo_v1
8559,342.36,1.1813117669938953,,8,1,val,current_repo_v1
8560,342.4,1.296285628406315,,8,1,val,current_repo_v1
8561,342.44,1.1009452772170008,,8,1,val,current_repo_v1
8562,342.48,1.3500904264050662,,8,1,val,current_repo_v1
8563,342.52,1.3122870357124605,,8,1,val,current_repo_v1
8564,342.56,0.9963119512466498,,8,1,val,current_repo_v1
8565,342.6,0.831271021118787,,8,1,val,current_repo_v1
8566,342.64,0.9461469470245176,,8,1,val,current_repo_v1
8567,342.68,1.0537266064042552,,8,1,val,current_repo_v1
8568,342.72,0.985214518318751,,8,1,val,current_repo_v1
8569,342.76,0.8781999482381623,,8,1,val,current_repo_v1
8570,342.8,0.7102339967216552,,8,1,val,current_repo_v1
8571,342.84,0.813686536954153,,8,1,val,current_repo_v1
8572,342.88,0.9281457023739952,,8,1,val,current_repo_v1
8573,342.92,1.2209817770818228,,8,1,val,current_repo_v1
8574,342.96,1.1701582385465172,,8,1,val,current_repo_v1
8575,343.0,0.6567072528798136,,8,1,val,current_repo_v1
8576,343.04,1.001317638847637,,8,1,val,current_repo_v1
8577,343.08,1.1531409820108725,,8,1,val,current_repo_v1
8578,343.12,0.9674459952325224,,8,1,val,current_repo_v1
8579,343.16,1.4072672280067609,,8,1,val,current_repo_v1
8580,343.2,1.1043569111996523,,8,1,val,current_repo_v1
8581,343.24,1.2266971050791677,,8,1,val,current_repo_v1
8582,343.28,1.1960240465169423,,8,1,val,current_repo_v1
8583,343.32,1.4680321470805988,,8,1,val,current_repo_v1
8584,343.36,1.4455326405002096,,8,1,val,current_repo_v1
8585,343.4,1.3382730178199143,,8,1,val,current_repo_v1
8586,343.44,1.1821384453101829,,8,1,val,current_repo_v1
8587,343.48,1.1590370701573904,,8,1,val,current_repo_v1
8588,343.52,1.2169075459593015,,8,1,val,current_repo_v1
8589,343.56,1.4932805479484472,,8,1,val,current_repo_v1
8590,343.6,1.4149679239832296,,8,1,val,current_repo_v1
8591,343.64,1.168160183143674,,8,1,val,current_repo_v1
8592,343.68,1.199930347469333,,8,1,val,current_repo_v1
8593,343.72,1.3756257911374925,,8,1,val,current_repo_v1
8594,343.76,1.302700903038075,,8,1,val,current_repo_v1
8595,343.8,0.9454773646738359,,8,1,val,current_repo_v1
8596,343.84,0.8308139887542383,,8,1,val,current_repo_v1
8597,343.88,0.707780904728781,,8,1,val,current_repo_v1
8598,343.92,0.7333454220246975,,8,1,val,current_repo_v1
8599,343.96,1.1575644023963265,,8,1,val,current_repo_v1
8600,344.0,1.172551671136845,,8,1,val,current_repo_v1
8601,344.04,1.0011611131033218,,8,1,val,current_repo_v1
8602,344.08,0.9000355034031163,,8,1,val,current_repo_v1
8603,344.12,0.8650619071435969,,8,1,val,current_repo_v1
8604,344.16,0.42595391428761437,,8,1,val,current_repo_v1
8605,344.2,-0.04783979326341992,,8,1,val,current_repo_v1
8606,344.24,0.07032787759857861,,8,1,val,current_repo_v1
8607,344.28,-0.18788859244509534,,8,1,val,current_repo_v1
8608,344.32,-0.3003394028400299,,8,1,val,current_repo_v1
8609,344.36,0.11424044100629517,,8,1,val,current_repo_v1
8610,344.4,0.04607861134864392,,8,1,val,current_repo_v1
8611,344.44,-0.09636250670990085,,8,1,val,current_repo_v1
8612,344.48,0.28240024103253963,,8,1,val,current_repo_v1
8613,344.52,0.29726503693145107,,8,1,val,current_repo_v1
8614,344.56,0.5716761747503019,,8,1,val,current_repo_v1
8615,344.6,0.717912454067784,,8,1,val,current_repo_v1
8616,344.64,0.5442523440193516,,8,1,val,current_repo_v1
8617,344.68,0.3746492871770561,,8,1,val,current_repo_v1
8618,344.72,0.6435081981071362,,8,1,val,current_repo_v1
8619,344.76,0.8747143993206954,,8,1,val,current_repo_v1
8620,344.8,0.8640410684778035,,8,1,val,current_repo_v1
8621,344.84,1.3119819673219009,,8,1,val,current_repo_v1
8622,344.88,0.8990197254512785,,8,1,val,current_repo_v1
8623,344.92,0.7134511139664942,,8,1,val,current_repo_v1
8624,344.96,0.7691722118905252,,8,1,val,current_repo_v1
8625,345.0,1.1044120088318725,,8,1,val,current_repo_v1
8626,345.04,1.5227668334492666,,8,1,val,current_repo_v1
8627,345.08,1.0770685436640894,,8,1,val,current_repo_v1
8628,345.12,1.3895255053211981,,8,1,val,current_repo_v1
8629,345.16,0.8078137566028952,,8,1,val,current_repo_v1
8630,345.2,0.8221417069759661,,8,1,val,current_repo_v1
8631,345.24,1.0657543553680382,,8,1,val,current_repo_v1
8632,345.28,1.2773286215948076,,8,1,val,current_repo_v1
8633,345.32,1.098176639017349,,8,1,val,current_repo_v1
8634,345.36,1.02149107022767,,8,1,val,current_repo_v1
8635,345.4,0.9926092905727238,,8,1,val,current_repo_v1
8636,345.44,1.0218640662294922,,8,1,val,current_repo_v1
8637,345.48,1.005430359907285,,8,1,val,current_repo_v1
8638,345.52,1.032882309675636,,8,1,val,current_repo_v1
8639,345.56,1.0237239855246474,,8,1,val,current_repo_v1
8640,345.6,0.5995384343761897,,8,1,val,current_repo_v1
8641,345.64,0.5010661356195786,,8,1,val,current_repo_v1
8642,345.68,0.55741119819103,,8,1,val,current_repo_v1
8643,345.72,0.6455470956099304,,8,1,val,current_repo_v1
8644,345.76,0.5814112064592387,,8,1,val,current_repo_v1
8645,345.8,-0.02328032663130867,,8,1,val,current_repo_v1
8646,345.84,0.5125235207372734,,8,1,val,current_repo_v1
8647,345.88,0.1495283093843955,,8,1,val,current_repo_v1
8648,345.92,0.04247809156342632,,8,1,val,current_repo_v1
8649,345.96,0.6192774996879821,,8,1,val,current_repo_v1
8650,346.0,0.8330945888066559,,8,1,val,current_repo_v1
8651,346.04,0.5586800474794757,,8,1,val,current_repo_v1
8652,346.08,0.6229197169050869,,8,1,val,current_repo_v1
8653,346.12,-0.25587949827083956,,8,1,val,current_repo_v1
8654,346.16,-0.19770035455647084,,8,1,val,current_repo_v1
8655,346.2,0.0399070706798556,,8,1,val,current_repo_v1
8656,346.24,-0.27117201359607135,,8,1,val,current_repo_v1
8657,346.28,-0.5968464196624846,,8,1,val,current_repo_v1
8658,346.32,-0.7664548223293811,,8,1,val,current_repo_v1
8659,346.36,-0.5337505072296576,,8,1,val,current_repo_v1
8660,346.4,-0.24286223717342448,,8,1,val,current_repo_v1
8661,346.44,0.007948288956574156,,8,1,val,current_repo_v1
8662,346.48,0.47116323218819356,,8,1,val,current_repo_v1
8663,346.52,0.5736786850069792,,8,1,val,current_repo_v1
8664,346.56,0.7775121972116036,,8,1,val,current_repo_v1
8665,346.6,0.867027174822221,,8,1,val,current_repo_v1
8666,346.64,1.0814506230059628,,8,1,val,current_repo_v1
8667,346.68,1.0649756469178364,,8,1,val,current_repo_v1
8668,346.72,1.045157035735982,,8,1,val,current_repo_v1
8669,346.76,1.0301809575882948,,8,1,val,current_repo_v1
8670,346.8,1.0188049715598568,,8,1,val,current_repo_v1
8671,346.84,1.031350837843962,,8,1,val,current_repo_v1
8672,346.88,1.1313757778976667,,8,1,val,current_repo_v1
8673,346.92,1.3048928336797785,,8,1,val,current_repo_v1
8674,346.96,0.9860009960340397,,8,1,val,current_repo_v1
8675,347.0,1.0048532246833686,,8,1,val,current_repo_v1
8676,347.04,0.805112618348538,,8,1,val,current_repo_v1
8677,347.08,0.8639822644071933,,8,1,val,current_repo_v1
8678,347.12,1.0653307522266606,,8,1,val,current_repo_v1
8679,347.16,1.0092142058374836,,8,1,val,current_repo_v1
8680,347.2,1.3046973903323684,,8,1,val,current_repo_v1
8681,347.24,0.6543908001637391,,8,1,val,current_repo_v1
8682,347.28,-0.20271324120125384,,8,1,val,current_repo_v1
8683,347.32,-0.6760516537807346,,8,1,val,current_repo_v1
8684,347.36,-0.09617727388747865,,8,1,val,current_repo_v1
8685,347.4,0.4139028931674018,,8,1,val,current_repo_v1
8686,347.44,0.499877331144824,,8,1,val,current_repo_v1
8687,347.48,0.8487062498605631,,8,1,val,current_repo_v1
8688,347.52,0.6479078117537006,,8,1,val,current_repo_v1
8689,347.56,0.7580797683989206,,8,1,val,current_repo_v1
8690,347.6,0.6451197147525015,,8,1,val,current_repo_v1
8691,347.64,1.0614905969439987,,8,1,val,current_repo_v1
8692,347.68,0.8981807160995781,,8,1,val,current_repo_v1
8693,347.72,0.3921050438852997,,8,1,val,current_repo_v1
8694,347.76,-0.06256433254421835,,8,1,val,current_repo_v1
8695,347.8,-0.3479058373624813,,8,1,val,current_repo_v1
8696,347.84,-0.6238265825903885,,8,1,val,current_repo_v1
8697,347.88,-0.5528599056811219,,8,1,val,current_repo_v1
8698,347.92,-1.1387045470372334,,8,1,val,current_repo_v1
8699,347.96,-0.7518190950146194,,8,1,val,current_repo_v1
8700,348.0,-0.7900891405560556,,8,1,val,current_repo_v1
8701,348.04,-0.8341009581071961,,8,1,val,current_repo_v1
8702,348.08,-0.19795085989727035,,8,1,val,current_repo_v1
8703,348.12,-0.09305678242230146,,8,1,val,current_repo_v1
8704,348.16,0.044856787497270956,,8,1,val,current_repo_v1
8705,348.2,0.38737110236819317,,8,1,val,current_repo_v1
8706,348.24,0.6888824168772387,,8,1,val,current_repo_v1
8707,348.28,0.7687021357139502,,8,1,val,current_repo_v1
8708,348.32,0.6588145769374997,,8,1,val,current_repo_v1
8709,348.36,0.3746500712313309,,8,1,val,current_repo_v1
8710,348.4,0.3015474522833478,,8,1,val,current_repo_v1
8711,348.44,0.9321900681564126,,8,1,val,current_repo_v1
8712,348.48,1.0633042570369406,,8,1,val,current_repo_v1
8713,348.52,1.2888334063572975,,8,1,val,current_repo_v1
8714,348.56,1.0014330373813556,,8,1,val,current_repo_v1
8715,348.6,0.7802461944678414,,8,1,val,current_repo_v1
8716,348.64,1.1021506537480181,,8,1,val,current_repo_v1
8717,348.68,0.9544210005088513,,8,1,val,current_repo_v1
8718,348.72,0.9377147996873192,,8,1,val,current_repo_v1
8719,348.76,0.7814119406191505,,8,1,val,current_repo_v1
8720,348.8,0.37396951212080193,,8,1,val,current_repo_v1
8721,348.84,0.05281082210157765,,8,1,val,current_repo_v1
8722,348.88,-0.44906993699981346,,8,1,val,current_repo_v1
8723,348.92,-0.44351412840856014,,8,1,val,current_repo_v1
8724,348.96,-0.27380251568803504,,8,1,val,current_repo_v1
8725,349.0,-0.12931431210534897,,8,1,val,current_repo_v1
8726,349.04,-0.14670527741942935,,8,1,val,current_repo_v1
8727,349.08,-0.5119719741937802,,8,1,val,current_repo_v1
8728,349.12,-0.271077820166603,,8,1,val,current_repo_v1
8729,349.16,-0.1636846944266072,,8,1,val,current_repo_v1
8730,349.2,0.17649453752950628,,8,1,val,current_repo_v1
8731,349.24,0.22862669828828835,,8,1,val,current_repo_v1
8732,349.28,1.0041805061155877,,8,1,val,current_repo_v1
8733,349.32,1.0426275340901452,,8,1,val,current_repo_v1
8734,349.36,0.9689042649059944,,8,1,val,current_repo_v1
8735,349.4,0.684339677686692,,8,1,val,current_repo_v1
8736,349.44,0.8338961773861499,,8,1,val,current_repo_v1
8737,349.48,0.9161414037607948,,8,1,val,current_repo_v1
8738,349.52,1.1546041698429774,,8,1,val,current_repo_v1
8739,349.56,0.7579484036690604,,8,1,val,current_repo_v1
8740,349.6,1.1629986825749854,,8,1,val,current_repo_v1
8741,349.64,0.5911137711934326,,8,1,val,current_repo_v1
8742,349.68,0.8186886606720728,,8,1,val,current_repo_v1
8743,349.72,0.5072863232922353,,8,1,val,current_repo_v1
8744,349.76,0.5851816521891045,,8,1,val,current_repo_v1
8745,349.8,0.6821627153538712,,8,1,val,current_repo_v1
8746,349.84,0.5062218270588678,,8,1,val,current_repo_v1
8747,349.88,0.6530985361635412,,8,1,val,current_repo_v1
8748,349.92,0.4259276128305778,,8,1,val,current_repo_v1
8749,349.96,0.5548249595267619,,8,1,val,current_repo_v1
8750,350.0,0.642258558148423,,8,1,val,current_repo_v1
8751,350.04,0.4362899235981876,,8,1,val,current_repo_v1
8752,350.08,0.6331755744854769,,8,1,val,current_repo_v1
8753,350.12,0.8554114107410161,,8,1,val,current_repo_v1
8754,350.16,0.6536916375835989,,8,1,val,current_repo_v1
8755,350.2,0.9715317733361816,,8,1,val,current_repo_v1
8756,350.24,1.1607656247226854,,8,1,val,current_repo_v1
8757,350.28,1.3372865349868897,,8,1,val,current_repo_v1
8758,350.32,1.4959216704119513,,8,1,val,current_repo_v1
8759,350.36,1.4380741460169937,,8,1,val,current_repo_v1
8760,350.4,1.4905240982288857,,8,1,val,current_repo_v1
8761,350.44,1.6789836603801909,,8,1,val,current_repo_v1
8762,350.48,1.5478795216499126,,8,1,val,current_repo_v1
8763,350.52,1.5256371848716586,,8,1,val,current_repo_v1
8764,350.56,1.0161801004031392,,8,1,val,current_repo_v1
8765,350.6,1.194354010911612,,8,1,val,current_repo_v1
8766,350.64,1.3114068991501635,,8,1,val,current_repo_v1
8767,350.68,1.4289270837364976,,8,1,val,current_repo_v1
8768,350.72,1.531909476514759,,8,1,val,current_repo_v1
8769,350.76,1.1188219997931523,,8,1,val,current_repo_v1
8770,350.8,1.0838994383391563,,8,1,val,current_repo_v1
8771,350.84,0.7030338124831562,,8,1,val,current_repo_v1
8772,350.88,0.9581501051951365,,8,1,val,current_repo_v1
8773,350.92,1.0014636867757343,,8,1,val,current_repo_v1
8774,350.96,0.356283813677057,,8,1,val,current_repo_v1
8775,351.0,0.06686472768618955,,8,1,val,current_repo_v1
8776,351.04,1.0777930810916687,,8,1,val,current_repo_v1
8777,351.08,0.873083708984428,,8,1,val,current_repo_v1
8778,351.12,0.41335605094955746,,8,1,val,current_repo_v1
8779,351.16,0.10792112392612184,,8,1,val,current_repo_v1
8780,351.2,0.3613605651064058,,8,1,val,current_repo_v1
8781,351.24,1.290403510681421,,8,1,val,current_repo_v1
8782,351.28,1.31732993025267,,8,1,val,current_repo_v1
8783,351.32,0.8162733458397118,,8,1,val,current_repo_v1
8784,351.36,0.6425481592864707,,8,1,val,current_repo_v1
8785,351.4,0.6841611271450211,,8,1,val,current_repo_v1
8786,351.44,0.5245661310934471,,8,1,val,current_repo_v1
8787,351.48,0.05136948087267522,,8,1,val,current_repo_v1
8788,351.52,0.1234272405829914,,8,1,val,current_repo_v1
8789,351.56,0.36171845024402266,,8,1,val,current_repo_v1
8790,351.6,0.7144775122898726,,8,1,val,current_repo_v1
8791,351.64,0.5304002433134247,,8,1,val,current_repo_v1
8792,351.68,0.7037449497104025,,8,1,val,current_repo_v1
8793,351.72,0.6346574370648543,,8,1,val,current_repo_v1
8794,351.76,0.8443826894786545,,8,1,val,current_repo_v1
8795,351.8,0.7116127918027269,,8,1,val,current_repo_v1
8796,351.84,1.0182608378931435,,8,1,val,current_repo_v1
8797,351.88,0.940284501934155,,8,1,val,current_repo_v1
8798,351.92,0.8763204988637985,,8,1,val,current_repo_v1
8799,351.96,0.7513376144122291,,8,1,val,current_repo_v1
8800,352.0,0.4839559686523697,,8,1,val,current_repo_v1
8801,352.04,0.28075682763372206,,8,1,val,current_repo_v1
8802,352.08,0.5087417418592536,,8,1,val,current_repo_v1
8803,352.12,1.1749736147917114,,8,1,val,current_repo_v1
8804,352.16,1.1598673123567453,,8,1,val,current_repo_v1
8805,352.2,0.4842861624185537,,8,1,val,current_repo_v1
8806,352.24,0.5144387514976327,,8,1,val,current_repo_v1
8807,352.28,0.7624336930645624,,8,1,val,current_repo_v1
8808,352.32,0.8578833913141469,,8,1,val,current_repo_v1
8809,352.36,0.48317836500591854,,8,1,val,current_repo_v1
8810,352.4,0.8340476424165094,,8,1,val,current_repo_v1
8811,352.44,0.8837235393264874,,8,1,val,current_repo_v1
8812,352.48,0.793740552591474,,8,1,val,current_repo_v1
8813,352.52,0.8409041257719995,,8,1,val,current_repo_v1
8814,352.56,1.1518183537269413,,8,1,val,current_repo_v1
8815,352.6,1.0887210157408875,,8,1,val,current_repo_v1
8816,352.64,0.8073490975285825,,8,1,val,current_repo_v1
8817,352.68,0.9313944669004717,,8,1,val,current_repo_v1
8818,352.72,0.8097635570290074,,8,1,val,current_repo_v1
8819,352.76,0.472128830666444,,8,1,val,current_repo_v1
8820,352.8,0.5797148337580412,,8,1,val,current_repo_v1
8821,352.84,0.6310469384070483,,8,1,val,current_repo_v1
8822,352.88,0.7731048855776138,,8,1,val,current_repo_v1
8823,352.92,1.1479690749036273,,8,1,val,current_repo_v1
8824,352.96,0.8432848709386077,,8,1,val,current_repo_v1
8825,353.0,0.8836972378694509,,8,1,val,current_repo_v1
8826,353.04,0.6930118881873029,,8,1,val,current_repo_v1
8827,353.08,0.4078332082766765,,8,1,val,current_repo_v1
8828,353.12,0.9885028419472743,,8,1,val,current_repo_v1
8829,353.16,0.8855137490688465,,8,1,val,current_repo_v1
8830,353.2,0.8395196284780202,,8,1,val,current_repo_v1
8831,353.24,0.5345964661533392,,8,1,val,current_repo_v1
8832,353.28,1.070915214437775,,8,1,val,current_repo_v1
8833,353.32,1.2405248288249144,,8,1,val,current_repo_v1
8834,353.36,0.8276455541520984,,8,1,val,current_repo_v1
8835,353.4,0.802985550378659,,8,1,val,current_repo_v1
8836,353.44,0.7218873241303894,,8,1,val,current_repo_v1
8837,353.48,0.8158531640260788,,8,1,val,current_repo_v1
8838,353.52,0.9650221983584613,,8,1,val,current_repo_v1
8839,353.56,1.0260389414098336,,8,1,val,current_repo_v1
8840,353.6,1.0364269477743586,,8,1,val,current_repo_v1
8841,353.64,0.8168426405208801,,8,1,val,current_repo_v1
8842,353.68,0.7281519890637259,,8,1,val,current_repo_v1
8843,353.72,0.9777255169964791,,8,1,val,current_repo_v1
8844,353.76,0.7007775181132575,,8,1,val,current_repo_v1
8845,353.8,0.5562905707993526,,8,1,val,current_repo_v1
8846,353.84,0.6368473719320402,,8,1,val,current_repo_v1
8847,353.88,0.3241621792033025,,8,1,val,current_repo_v1
8848,353.92,0.7556613886271217,,8,1,val,current_repo_v1
8849,353.96,1.345720963209251,,8,1,val,current_repo_v1
8850,354.0,1.0194919456599068,,8,1,val,current_repo_v1
8851,354.04,0.7783324605383701,,8,1,val,current_repo_v1
8852,354.08,0.7895820712732421,,8,1,val,current_repo_v1
8853,354.12,0.78889074923585,,8,1,val,current_repo_v1
8854,354.16,0.7227462199496053,,8,1,val,current_repo_v1
8855,354.2,0.7474774301067291,,8,1,val,current_repo_v1
8856,354.24,1.3604996735126722,,8,1,val,current_repo_v1
8857,354.28,1.119605412569003,,8,1,val,current_repo_v1
8858,354.32,0.8188487502994553,,8,1,val,current_repo_v1
8859,354.36,0.9432094520451378,,8,1,val,current_repo_v1
8860,354.4,0.6085324635177763,,8,1,val,current_repo_v1
8861,354.44,0.6527933964953202,,8,1,val,current_repo_v1
8862,354.48,0.6570082584436765,,8,1,val,current_repo_v1
8863,354.52,0.529417573835282,,8,1,val,current_repo_v1
8864,354.56,1.0950635158804134,,8,1,val,current_repo_v1
8865,354.6,1.1232093536819652,,8,1,val,current_repo_v1
8866,354.64,0.5476232784573747,,8,1,val,current_repo_v1
8867,354.68,0.6310098740231486,,8,1,val,current_repo_v1
8868,354.72,0.9668037835037975,,8,1,val,current_repo_v1
8869,354.76,0.8041496571437573,,8,1,val,current_repo_v1
8870,354.8,0.7720565337345411,,8,1,val,current_repo_v1
8871,354.84,1.2948647795050494,,8,1,val,current_repo_v1
8872,354.88,1.327363544084984,,8,1,val,current_repo_v1
8873,354.92,1.1772990484931154,,8,1,val,current_repo_v1
8874,354.96,0.7379510281125511,,8,1,val,current_repo_v1
8875,355.0,0.7963728366249714,,8,1,val,current_repo_v1
8876,355.04,0.7887169742974891,,8,1,val,current_repo_v1
8877,355.08,0.9929900558396326,,8,1,val,current_repo_v1
8878,355.12,0.611871964507146,,8,1,val,current_repo_v1
8879,355.16,1.0373842067662316,,8,1,val,current_repo_v1
8880,355.2,0.8257657483894277,,8,1,val,current_repo_v1
8881,355.24,0.7551469064675282,,8,1,val,current_repo_v1
8882,355.28,0.8082644452555843,,8,1,val,current_repo_v1
8883,355.32,0.49736190683710296,,8,1,val,current_repo_v1
8884,355.36,0.8175556309673213,,8,1,val,current_repo_v1
8885,355.4,0.7078794817344222,,8,1,val,current_repo_v1
8886,355.44,1.0226657260866476,,8,1,val,current_repo_v1
8887,355.48,1.0696877418317403,,8,1,val,current_repo_v1
8888,355.52,0.8655669093742313,,8,1,val,current_repo_v1
8889,355.56,0.609368407930039,,8,1,val,current_repo_v1
8890,355.6,0.42024011875998823,,8,1,val,current_repo_v1
8891,355.64,0.7018195262444705,,8,1,val,current_repo_v1
8892,355.68,0.34465265362100145,,8,1,val,current_repo_v1
8893,355.72,0.21141093346579573,,8,1,val,current_repo_v1
8894,355.76,0.04044710588104143,,8,1,val,current_repo_v1
8895,355.8,0.8267457449552701,,8,1,val,current_repo_v1
8896,355.84,0.9357862400042881,,8,1,val,current_repo_v1
8897,355.88,1.0109020608581503,,8,1,val,current_repo_v1
8898,355.92,0.5494149493917913,,8,1,val,current_repo_v1
8899,355.96,0.3991116023567531,,8,1,val,current_repo_v1
8900,356.0,0.6995119832360642,,8,1,val,current_repo_v1
8901,356.04,0.787871621233929,,8,1,val,current_repo_v1
8902,356.08,0.7267939357821059,,8,1,val,current_repo_v1
8903,356.12,0.8553603046578312,,8,1,val,current_repo_v1
8904,356.16,0.9243148844649696,,8,1,val,current_repo_v1
8905,356.2,0.7124854442105825,,8,1,val,current_repo_v1
8906,356.24,1.2575077295277906,,8,1,val,current_repo_v1
8907,356.28,1.5456566565031848,,8,1,val,current_repo_v1
8908,356.32,1.2377340232725842,,8,1,val,current_repo_v1
8909,356.36,1.4917268374864332,,8,1,val,current_repo_v1
8910,356.4,1.7241068392270338,,8,1,val,current_repo_v1
8911,356.44,1.234909004442808,,8,1,val,current_repo_v1
8912,356.48,0.9706504963313032,,8,1,val,current_repo_v1
8913,356.52,0.6994936648770984,,8,1,val,current_repo_v1
8914,356.56,0.5912139163076233,,8,1,val,current_repo_v1
8915,356.6,1.0243190114415615,,8,1,val,current_repo_v1
8916,356.64,1.2084359107977174,,8,1,val,current_repo_v1
8917,356.68,1.1850895543228797,,8,1,val,current_repo_v1
8918,356.72,0.9307963047664584,,8,1,val,current_repo_v1
8919,356.76,0.5939754980188018,,8,1,val,current_repo_v1
8920,356.8,0.6247767850937882,,8,1,val,current_repo_v1
8921,356.84,0.7821140255834059,,8,1,val,current_repo_v1
8922,356.88,0.557618616185546,,8,1,val,current_repo_v1
8923,356.92,0.5086707136697226,,8,1,val,current_repo_v1
8924,356.96,0.9330557353534563,,8,1,val,current_repo_v1
8925,357.0,1.108528578885233,,8,1,val,current_repo_v1
8926,357.04,1.2778526549610214,,8,1,val,current_repo_v1
8927,357.08,0.9273454680700668,,8,1,val,current_repo_v1
8928,357.12,0.7068994138909185,,8,1,val,current_repo_v1
8929,357.16,0.9815799990890715,,8,1,val,current_repo_v1
8930,357.2,0.9964038994297858,,8,1,val,current_repo_v1
8931,357.24,1.1519586281644698,,8,1,val,current_repo_v1
8932,357.28,0.6064933521819981,,8,1,val,current_repo_v1
8933,357.32,0.3192565654388448,,8,1,val,current_repo_v1
8934,357.36,0.22599737227773684,,8,1,val,current_repo_v1
8935,357.4,0.06189245148895827,,8,1,val,current_repo_v1
8936,357.44,-0.18113663777996886,,8,1,val,current_repo_v1
8937,357.48,-0.10490812808396166,,8,1,val,current_repo_v1
8938,357.52,-0.39646053665949116,,8,1,val,current_repo_v1
8939,357.56,-0.950669229526258,,8,1,val,current_repo_v1
8940,357.6,-0.8356374193751643,,8,1,val,current_repo_v1
8941,357.64,-0.3821309469002093,,8,1,val,current_repo_v1
8942,357.68,0.42157646799372844,,8,1,val,current_repo_v1
8943,357.72,0.3872923761912368,,8,1,val,current_repo_v1
8944,357.76,-0.10502619952998085,,8,1,val,current_repo_v1
8945,357.8,0.03092063260920219,,8,1,val,current_repo_v1
8946,357.84,0.3767703678233819,,8,1,val,current_repo_v1
8947,357.88,0.9896062201449061,,8,1,val,current_repo_v1
8948,357.92,0.5857774621602934,,8,1,val,current_repo_v1
8949,357.96,0.27253179536097893,,8,1,val,current_repo_v1
8950,358.0,0.24247566277711596,,8,1,val,current_repo_v1
8951,358.04,0.13189843025919196,,8,1,val,current_repo_v1
8952,358.08,0.4161750824557806,,8,1,val,current_repo_v1
8953,358.12,0.05952471449554554,,8,1,val,current_repo_v1
8954,358.16,-0.26818483808673366,,8,1,val,current_repo_v1
8955,358.2,-0.29454060870124904,,8,1,val,current_repo_v1
8956,358.24,0.04808543390383261,,8,1,val,current_repo_v1
8957,358.28,0.25804553730205926,,8,1,val,current_repo_v1
8958,358.32,0.6003445847260097,,8,1,val,current_repo_v1
8959,358.36,0.22872719979078582,,8,1,val,current_repo_v1
8960,358.4,0.20426160583866687,,8,1,val,current_repo_v1
8961,358.44,-0.01156430940570753,,8,1,val,current_repo_v1
8962,358.48,-0.1800643901009299,,8,1,val,current_repo_v1
8963,358.52,-0.21592220356885825,,8,1,val,current_repo_v1
8964,358.56,-0.08471691292742273,,8,1,val,current_repo_v1
8965,358.6,-0.3017193027248523,,8,1,val,current_repo_v1
8966,358.64,-0.009066989623968283,,8,1,val,current_repo_v1
8967,358.68,-0.12614683975163726,,8,1,val,current_repo_v1
8968,358.72,-0.10967580175430006,,8,1,val,current_repo_v1
8969,358.76,-0.10020554873784725,,8,1,val,current_repo_v1
8970,358.8,-0.16175952043249003,,8,1,val,current_repo_v1
8971,358.84,0.14157218990849446,,8,1,val,current_repo_v1
8972,358.88,-0.15711745582085815,,8,1,val,current_repo_v1
8973,358.92,0.3262604509979977,,8,1,val,current_repo_v1
8974,358.96,0.4067311487157797,,8,1,val,current_repo_v1
8975,359.0,-0.06689671353671844,,8,1,val,current_repo_v1
8976,359.04,-0.35736445430071945,,8,1,val,current_repo_v1
8977,359.08,0.12455093291410664,,8,1,val,current_repo_v1
8978,359.12,-0.12201745753864977,,8,1,val,current_repo_v1
8979,359.16,0.07885747931825197,,8,1,val,current_repo_v1
8980,359.2,0.38656170888478186,,8,1,val,current_repo_v1
8981,359.24,0.6869510773654152,,8,1,val,current_repo_v1
8982,359.28,0.501771036051457,,8,1,val,current_repo_v1
8983,359.32,0.046032102674615834,,8,1,val,current_repo_v1
8984,359.36,-0.3463888348960604,,8,1,val,current_repo_v1
8985,359.4,-0.5063280664131035,,8,1,val,current_repo_v1
8986,359.44,-0.3312656040165247,,8,1,val,current_repo_v1
8987,359.48,0.7883610849343899,,8,1,val,current_repo_v1
8988,359.52,1.2294581165690555,,8,1,val,current_repo_v1
8989,359.56,0.1043563855268998,,8,1,val,current_repo_v1
8990,359.6,-0.17873632689532112,,8,1,val,current_repo_v1
8991,359.64,0.35563839445357154,,8,1,val,current_repo_v1
8992,359.68,0.2752955688602438,,8,1,val,current_repo_v1
8993,359.72,0.08448274799048672,,8,1,val,current_repo_v1
8994,359.76,0.008172011716123029,,8,1,val,current_repo_v1
8995,359.8,0.21103551402348783,,8,1,val,current_repo_v1
8996,359.84,0.35535292741988195,,8,1,val,current_repo_v1
8997,359.88,0.4785085021063618,,8,1,val,current_repo_v1
8998,359.92,0.1807712684879107,,8,1,val,current_repo_v1
8999,359.96,0.11492509858235146,,8,1,val,current_repo_v1
9000,360.0,0.13024644572159758,,8,1,val,current_repo_v1
9001,360.04,0.08017910971492428,,8,1,val,current_repo_v1
9002,360.08,-0.14070214804498563,,8,1,val,current_repo_v1
9003,360.12,0.21960401552684064,,8,1,val,current_repo_v1
9004,360.16,0.6368162948716934,,8,1,val,current_repo_v1
9005,360.2,1.4568994317103339,,8,1,val,current_repo_v1
9006,360.24,1.4843909405807318,,8,1,val,current_repo_v1
9007,360.28,1.2619484703849515,,8,1,val,current_repo_v1
9008,360.32,1.6118238520857375,,8,1,val,current_repo_v1
9009,360.36,1.418304146200177,,8,1,val,current_repo_v1
9010,360.4,0.998326899455232,,8,1,val,current_repo_v1
9011,360.44,1.188900271931406,,8,1,val,current_repo_v1
9012,360.48,1.458819366796342,,8,1,val,current_repo_v1
9013,360.52,1.343888699646698,,8,1,val,current_repo_v1
9014,360.56,1.461404750128674,,8,1,val,current_repo_v1
9015,360.6,0.9827514474532884,,8,1,val,current_repo_v1
9016,360.64,1.0167856754139326,,8,1,val,current_repo_v1
9017,360.68,1.0582972864380493,,8,1,val,current_repo_v1
9018,360.72,1.2924761225180317,,8,1,val,current_repo_v1
9019,360.76,1.1274428190999328,,8,1,val,current_repo_v1
9020,360.8,1.1597346646289808,,8,1,val,current_repo_v1
9021,360.84,1.024286936493956,,8,1,val,current_repo_v1
9022,360.88,1.2088724151957986,,8,1,val,current_repo_v1
9023,360.92,1.0783486191841973,,8,1,val,current_repo_v1
9024,360.96,0.9639876743816894,,8,1,val,current_repo_v1
9025,361.0,1.376382189679693,,8,1,val,current_repo_v1
9026,361.04,1.2074946180019859,,8,1,val,current_repo_v1
9027,361.08,1.1839603023341794,,8,1,val,current_repo_v1
9028,361.12,1.2080242110257846,,8,1,val,current_repo_v1
9029,361.16,1.1676511180863431,,8,1,val,current_repo_v1
9030,361.2,1.0612808267866582,,8,1,val,current_repo_v1
9031,361.24,1.2602003144627862,,8,1,val,current_repo_v1
9032,361.28,1.0668463291398547,,8,1,val,current_repo_v1
9033,361.32,1.2851777176621981,,8,1,val,current_repo_v1
9034,361.36,1.1392089790465771,,8,1,val,current_repo_v1
9035,361.4,1.5084445852891033,,8,1,val,current_repo_v1
9036,361.44,1.3381130707478546,,8,1,val,current_repo_v1
9037,361.48,1.2476356308760859,,8,1,val,current_repo_v1
9038,361.52,1.893400978685057,,8,1,val,current_repo_v1
9039,361.56,1.608608231671787,,8,1,val,current_repo_v1
9040,361.6,1.0540321737384442,,8,1,val,current_repo_v1
9041,361.64,1.173421686271231,,8,1,val,current_repo_v1
9042,361.68,0.9253268134230948,,8,1,val,current_repo_v1
9043,361.72,1.5587184305001105,,8,1,val,current_repo_v1
9044,361.76,1.5345148175922676,,8,1,val,current_repo_v1
9045,361.8,1.06322478244454,,8,1,val,current_repo_v1
9046,361.84,1.3189316818584311,,8,1,val,current_repo_v1
9047,361.88,1.1107037592765203,,8,1,val,current_repo_v1
9048,361.92,1.1200233847751344,,8,1,val,current_repo_v1
9049,361.96,0.4713369358488931,,8,1,val,current_repo_v1
9050,362.0,0.6073416989073348,,8,1,val,current_repo_v1
9051,362.04,0.4851907472186922,,8,1,val,current_repo_v1
9052,362.08,0.6816560024593644,,8,1,val,current_repo_v1
9053,362.12,0.47708177279803526,,8,1,val,current_repo_v1
9054,362.16,0.2771890064756468,,8,1,val,current_repo_v1
9055,362.2,0.32477484634139964,,8,1,val,current_repo_v1
9056,362.24,-0.6058832154008787,,8,1,val,current_repo_v1
9057,362.28,0.1382661805102497,,8,1,val,current_repo_v1
9058,362.32,0.9616505511438247,,8,1,val,current_repo_v1
9059,362.36,0.9904373176761971,,8,1,val,current_repo_v1
9060,362.4,0.5448537492869561,,8,1,val,current_repo_v1
9061,362.44,1.000493597804819,,8,1,val,current_repo_v1
9062,362.48,1.2580236372406108,,8,1,val,current_repo_v1
9063,362.52,0.7264908631660639,,8,1,val,current_repo_v1
9064,362.56,0.5708389117013044,,8,1,val,current_repo_v1
9065,362.6,0.5591883641213627,,8,1,val,current_repo_v1
9066,362.64,-0.28259219177454364,,8,1,val,current_repo_v1
9067,362.68,-1.2344161906922637,,8,1,val,current_repo_v1
9068,362.72,-0.42041988102190214,,8,1,val,current_repo_v1
9069,362.76,-0.7258170754333628,,8,1,val,current_repo_v1
9070,362.8,-0.23904398195221105,,8,1,val,current_repo_v1
9071,362.84,-0.372024701130984,,8,1,val,current_repo_v1
9072,362.88,-0.5002010030049949,,8,1,val,current_repo_v1
9073,362.92,0.25024410817069376,,8,1,val,current_repo_v1
9074,362.96,-0.011950705607862667,,8,1,val,current_repo_v1
9075,363.0,-0.0724697535026021,,8,1,val,current_repo_v1
9076,363.04,-0.1999095700310507,,8,1,val,current_repo_v1
9077,363.08,-0.17772161810840348,,8,1,val,current_repo_v1
9078,363.12,-0.37971809114716476,,8,1,val,current_repo_v1
9079,363.16,-0.08476593413901325,,8,1,val,current_repo_v1
9080,363.2,0.1499158103903015,,8,1,val,current_repo_v1
9081,363.24,0.3426246259615624,,8,1,val,current_repo_v1
9082,363.28,0.44361940551436774,,8,1,val,current_repo_v1
9083,363.32,0.10420376223454328,,8,1,val,current_repo_v1
9084,363.36,-0.3251400374393044,,8,1,val,current_repo_v1
9085,363.4,-0.12186107434965728,,8,1,val,current_repo_v1
9086,363.44,0.25674391810880975,,8,1,val,current_repo_v1
9087,363.48,-0.08915672717498616,,8,1,val,current_repo_v1
9088,363.52,0.2149880919975073,,8,1,val,current_repo_v1
9089,363.56,1.0014836445209112,,8,1,val,current_repo_v1
9090,363.6,0.7170715202192273,,8,1,val,current_repo_v1
9091,363.64,0.2081514772901174,,8,1,val,current_repo_v1
9092,363.68,0.2362680556116867,,8,1,val,current_repo_v1
9093,363.72,0.09748545062557196,,8,1,val,current_repo_v1
9094,363.76,0.4486533903469091,,8,1,val,current_repo_v1
9095,363.8,0.562594581001752,,8,1,val,current_repo_v1
9096,363.84,0.5229350130912117,,8,1,val,current_repo_v1
9097,363.88,0.4166076309436571,,8,1,val,current_repo_v1
9098,363.92,0.4241480590985899,,8,1,val,current_repo_v1
9099,363.96,0.1288430954861924,,8,1,val,current_repo_v1
9100,364.0,0.2419435393963395,,8,1,val,current_repo_v1
9101,364.04,0.163662491435098,,8,1,val,current_repo_v1
9102,364.08,0.28462255377739176,,8,1,val,current_repo_v1
9103,364.12,0.012109959950151255,,8,1,val,current_repo_v1
9104,364.16,0.6581168399105864,,8,1,val,current_repo_v1
9105,364.2,0.5910826941330858,,8,1,val,current_repo_v1
9106,364.24,0.5490810848260479,,8,1,val,current_repo_v1
9107,364.28,0.41131415978498664,,8,1,val,current_repo_v1
9108,364.32,0.5793210603179368,,8,1,val,current_repo_v1
9109,364.36,0.5300563285974317,,8,1,val,current_repo_v1
9110,364.4,0.3141155571977929,,8,1,val,current_repo_v1
9111,364.44,0.25384444976175796,,8,1,val,current_repo_v1
9112,364.48,0.7105786242142618,,8,1,val,current_repo_v1
9113,364.52,0.6472611808099723,,8,1,val,current_repo_v1
9114,364.56,0.5242948483143652,,8,1,val,current_repo_v1
9115,364.6,0.3405532258451945,,8,1,val,current_repo_v1
9116,364.64,0.792752359094577,,8,1,val,current_repo_v1
9117,364.68,0.7685215893977615,,8,1,val,current_repo_v1
9118,364.72,0.6729141536836188,,8,1,val,current_repo_v1
9119,364.76,0.6518486110941827,,8,1,val,current_repo_v1
9120,364.8,0.39037484993379373,,8,1,val,current_repo_v1
9121,364.84,0.2921692900053537,,8,1,val,current_repo_v1
9122,364.88,0.3496195661742164,,8,1,val,current_repo_v1
9123,364.92,0.20409128786688127,,8,1,val,current_repo_v1
9124,364.96,-0.12538169187650633,,8,1,val,current_repo_v1
9125,365.0,-0.21632431649534012,,8,1,val,current_repo_v1
9126,365.04,0.15094926520215307,,8,1,val,current_repo_v1
9127,365.08,0.23874826875470298,,8,1,val,current_repo_v1
9128,365.12,0.5293973666182905,,8,1,val,current_repo_v1
9129,365.16,0.6376352752005557,,8,1,val,current_repo_v1
9130,365.2,0.6240822555616355,,8,1,val,current_repo_v1
9131,365.24,0.40887603610099504,,8,1,val,current_repo_v1
9132,365.28,0.4582789395680189,,8,1,val,current_repo_v1
9133,365.32,0.2868001754285801,,8,1,val,current_repo_v1
9134,365.36,0.06598453766564662,,8,1,val,current_repo_v1
9135,365.4,0.05813658204083768,,8,1,val,current_repo_v1
9136,365.44,0.3080236693155584,,8,1,val,current_repo_v1
9137,365.48,0.09647526797014977,,8,1,val,current_repo_v1
9138,365.52,0.4122662155075814,,8,1,val,current_repo_v1
9139,365.56,0.4098613072137769,,8,1,val,current_repo_v1
9140,365.6,0.4906790915034818,,8,1,val,current_repo_v1
9141,365.64,0.609128843710256,,8,1,val,current_repo_v1
9142,365.68,0.34997695236820386,,8,1,val,current_repo_v1
9143,365.72,0.5429348477270374,,8,1,val,current_repo_v1
9144,365.76,0.4770339454872723,,8,1,val,current_repo_v1
9145,365.8,0.7120147978127167,,8,1,val,current_repo_v1
9146,365.84,0.4453169186581467,,8,1,val,current_repo_v1
9147,365.88,0.2733471939873586,,8,1,val,current_repo_v1
9148,365.92,0.23653294122066273,,8,1,val,current_repo_v1
9149,365.96,0.1344473016094995,,8,1,val,current_repo_v1
9150,366.0,0.45335465105628864,,8,1,val,current_repo_v1
9151,366.04,0.5671502214490022,,8,1,val,current_repo_v1
9152,366.08,0.7738073982078373,,8,1,val,current_repo_v1
9153,366.12,0.4892194675544442,,8,1,val,current_repo_v1
9154,366.16,0.4902770142158306,,8,1,val,current_repo_v1
9155,366.2,0.37568965592205816,,8,1,val,current_repo_v1
9156,366.24,0.4367964582985409,,8,1,val,current_repo_v1
9157,366.28,0.05199661737602552,,8,1,val,current_repo_v1
9158,366.32,0.10546512736854778,,8,1,val,current_repo_v1
9159,366.36,-0.23036220242556457,,8,1,val,current_repo_v1
9160,366.4,0.2150540416536674,,8,1,val,current_repo_v1
9161,366.44,0.18232198528814814,,8,1,val,current_repo_v1
9162,366.48,-0.029127839051619354,,8,1,val,current_repo_v1
9163,366.52,-0.005860385834177795,,8,1,val,current_repo_v1
9164,366.56,0.021151886566448848,,8,1,val,current_repo_v1
9165,366.6,0.1048912709170534,,8,1,val,current_repo_v1
9166,366.64,0.19576837354569515,,8,1,val,current_repo_v1
9167,366.68,-0.2089823431690091,,8,1,val,current_repo_v1
9168,366.72,-0.28370041685314684,,8,1,val,current_repo_v1
9169,366.76,-0.28574179125467286,,8,1,val,current_repo_v1
9170,366.8,0.14549780710710986,,8,1,val,current_repo_v1
9171,366.84,0.5160780664309229,,8,1,val,current_repo_v1
9172,366.88,0.66099574465234,,8,1,val,current_repo_v1
9173,366.92,0.22967073783284975,,8,1,val,current_repo_v1
9174,366.96,0.33185998843448666,,8,1,val,current_repo_v1
9175,367.0,0.1274398165284486,,8,1,val,current_repo_v1
9176,367.04,0.1920585494668039,,8,1,val,current_repo_v1
9177,367.08,0.1238953566238794,,8,1,val,current_repo_v1
9178,367.12,-0.05872050646199714,,8,1,val,current_repo_v1
9179,367.16,-0.10816991860304907,,8,1,val,current_repo_v1
9180,367.2,0.168648363846231,,8,1,val,current_repo_v1
9181,367.24,0.745295692170598,,8,1,val,current_repo_v1
9182,367.28,0.5924672627047264,,8,1,val,current_repo_v1
9183,367.32,0.43349673024420227,,8,1,val,current_repo_v1
9184,367.36,0.4521545847110414,,8,1,val,current_repo_v1
9185,367.4,0.41357715425505187,,8,1,val,current_repo_v1
9186,367.44,-0.13500036280329625,,8,1,val,current_repo_v1
9187,367.48,0.007535181450829712,,8,1,val,current_repo_v1
9188,367.52,0.40359129645583947,,8,1,val,current_repo_v1
9189,367.56,0.4274704534492365,,8,1,val,current_repo_v1
9190,367.6,0.8403768849110251,,8,1,val,current_repo_v1
9191,367.64,0.6843963434274619,,8,1,val,current_repo_v1
9192,367.68,0.1968943111231428,,8,1,val,current_repo_v1
9193,367.72,0.39923131318898325,,8,1,val,current_repo_v1
9194,367.76,0.453897893752235,,8,1,val,current_repo_v1
9195,367.8,0.9238542882173535,,8,1,val,current_repo_v1
9196,367.84,0.9102442464493568,,8,1,val,current_repo_v1
9197,367.88,0.4173408642459205,,8,1,val,current_repo_v1
9198,367.92,0.46894977569276364,,8,1,val,current_repo_v1
9199,367.96,0.8148076632894597,,8,1,val,current_repo_v1
9200,368.0,0.9621793601133486,,8,1,val,current_repo_v1
9201,368.04,0.9244381948190976,,8,1,val,current_repo_v1
9202,368.08,0.8452215562750323,,8,1,val,current_repo_v1
9203,368.12,0.7583579651111528,,8,1,val,current_repo_v1
9204,368.16,0.9023048415850413,,8,1,val,current_repo_v1
9205,368.2,0.572672850288899,,8,1,val,current_repo_v1
9206,368.24,0.49455848513871453,,8,1,val,current_repo_v1
9207,368.28,0.6014322818381453,,8,1,val,current_repo_v1
9208,368.32,0.8334471993973331,,8,1,val,current_repo_v1
9209,368.36,0.9229177710249321,,8,1,val,current_repo_v1
9210,368.4,0.9832588018467472,,8,1,val,current_repo_v1
9211,368.44,0.7611598187009917,,8,1,val,current_repo_v1
9212,368.48,0.594299454989618,,8,1,val,current_repo_v1
9213,368.52,0.3967030232633893,,8,1,val,current_repo_v1
9214,368.56,0.4286642117214546,,8,1,val,current_repo_v1
9215,368.6,0.7490982128480693,,8,1,val,current_repo_v1
9216,368.64,0.7446086467928866,,8,1,val,current_repo_v1
9217,368.68,0.8467512461651727,,8,1,val,current_repo_v1
9218,368.72,0.6905543769794252,,8,1,val,current_repo_v1
9219,368.76,1.1825859264681113,,8,1,val,current_repo_v1
9220,368.8,0.8857640762154926,,8,1,val,current_repo_v1
9221,368.84,0.8736641942584276,,8,1,val,current_repo_v1
9222,368.88,0.47919822039637366,,8,1,val,current_repo_v1
9223,368.92,0.5732955319384152,,8,1,val,current_repo_v1
9224,368.96,0.8059680215623479,,8,1,val,current_repo_v1
9225,369.0,0.824790812537541,,8,1,val,current_repo_v1
9226,369.04,0.7432334155948823,,8,1,val,current_repo_v1
9227,369.08,0.4314082234891114,,8,1,val,current_repo_v1
9228,369.12,0.18037214922320535,,8,1,val,current_repo_v1
9229,369.16,0.2598157536604108,,8,1,val,current_repo_v1
9230,369.2,0.600497617864919,,8,1,val,current_repo_v1
9231,369.24,0.30537032273313336,,8,1,val,current_repo_v1
9232,369.28,0.042035778035945465,,8,1,val,current_repo_v1
9233,369.32,-1.166885809836474,,8,1,val,current_repo_v1
9234,369.36,-1.5030404555611936,,8,1,val,current_repo_v1
9235,369.4,-1.4253690454374421,,8,1,val,current_repo_v1
9236,369.44,-1.2101633961980922,,8,1,val,current_repo_v1
9237,369.48,-1.1678425698847177,,8,1,val,current_repo_v1
9238,369.52,-0.8911778997053452,,8,1,val,current_repo_v1
9239,369.56,-0.9233550594772881,,8,1,val,current_repo_v1
9240,369.6,-1.0222820384356235,,8,1,val,current_repo_v1
9241,369.64,-0.8514943468617622,,8,1,val,current_repo_v1
9242,369.68,-0.2685771146959498,,8,1,val,current_repo_v1
9243,369.72,0.29853655913219734,,8,1,val,current_repo_v1
9244,369.76,-0.016478298295373346,,8,1,val,current_repo_v1
9245,369.8,-0.07082314151873166,,8,1,val,current_repo_v1
9246,369.84,0.3471784131896176,,8,1,val,current_repo_v1
9247,369.88,0.6178692669327747,,8,1,val,current_repo_v1
9248,369.92,0.5806929058270273,,8,1,val,current_repo_v1
9249,369.96,0.6647790916389094,,8,1,val,current_repo_v1
9250,370.0,1.13205498273263,,8,1,val,current_repo_v1
9251,370.04,0.9251645854658719,,8,1,val,current_repo_v1
9252,370.08,0.9287089384539491,,8,1,val,current_repo_v1
9253,370.12,1.0659376102353582,,8,1,val,current_repo_v1
9254,370.16,1.2440443771868432,,8,1,val,current_repo_v1
9255,370.2,0.8375685450540039,,8,1,val,current_repo_v1
9256,370.24,1.0423829091564067,,8,1,val,current_repo_v1
9257,370.28,0.9190974309321244,,8,1,val,current_repo_v1
9258,370.32,0.7326786195028083,,8,1,val,current_repo_v1
9259,370.36,0.7070699100568575,,8,1,val,current_repo_v1
9260,370.4,0.747576791166645,,8,1,val,current_repo_v1
9261,370.44,0.8496646492950176,,8,1,val,current_repo_v1
9262,370.48,1.026438381424015,,8,1,val,current_repo_v1
9263,370.52,0.755047474129951,,8,1,val,current_repo_v1
9264,370.56,0.9080588020748357,,8,1,val,current_repo_v1
9265,370.6,0.5686502598320228,,8,1,val,current_repo_v1
9266,370.64,0.2864822592395629,,8,1,val,current_repo_v1
9267,370.68,0.6002045953991267,,8,1,val,current_repo_v1
9268,370.72,0.5833663883487824,,8,1,val,current_repo_v1
9269,370.76,0.7787311877759381,,8,1,val,current_repo_v1
9270,370.8,0.7198528458425986,,8,1,val,current_repo_v1
9271,370.84,0.37185883801303254,,8,1,val,current_repo_v1
9272,370.88,0.7036413832684671,,8,1,val,current_repo_v1
9273,370.92,0.5734276450837196,,8,1,val,current_repo_v1
9274,370.96,0.25425609607544486,,8,1,val,current_repo_v1
9275,371.0,0.2384210330114648,,8,1,val,current_repo_v1
9276,371.04,0.18443385329674508,,8,1,val,current_repo_v1
9277,371.08,0.40442463923346295,,8,1,val,current_repo_v1
9278,371.12,0.31399620275386947,,8,1,val,current_repo_v1
9279,371.16,0.20230166616522832,,8,1,val,current_repo_v1
9280,371.2,0.4151156825751992,,8,1,val,current_repo_v1
9281,371.24,0.4083219948393548,,8,1,val,current_repo_v1
9282,371.28,0.4353336624935734,,8,1,val,current_repo_v1
9283,371.32,0.26524773513449135,,8,1,val,current_repo_v1
9284,371.36,0.022584656656574463,,8,1,val,current_repo_v1
9285,371.4,-0.30376746632362156,,8,1,val,current_repo_v1
9286,371.44,-0.27711218697613144,,8,1,val,current_repo_v1
9287,371.48,-0.07806344617086068,,8,1,val,current_repo_v1
9288,371.52,-0.36554413616143133,,8,1,val,current_repo_v1
9289,371.56,-0.36899522232963766,,8,1,val,current_repo_v1
9290,371.6,-0.34508502391472456,,8,1,val,current_repo_v1
9291,371.64,-0.17316913169766782,,8,1,val,current_repo_v1
9292,371.68,0.23692641173070644,,8,1,val,current_repo_v1
9293,371.72,0.47441723562277893,,8,1,val,current_repo_v1
9294,371.76,0.5138100112469022,,8,1,val,current_repo_v1
9295,371.8,0.2827844098077777,,8,1,val,current_repo_v1
9296,371.84,0.09312785516037082,,8,1,val,current_repo_v1
9297,371.88,0.0025732761533242376,,8,1,val,current_repo_v1
9298,371.92,-0.15498880192301429,,8,1,val,current_repo_v1
9299,371.96,-0.5859319564912602,,8,1,val,current_repo_v1
9300,372.0,-0.745858144196277,,8,1,val,current_repo_v1
9301,372.04,-0.44054249142939583,,8,1,val,current_repo_v1
9302,372.08,0.5297036110902624,,8,1,val,current_repo_v1
9303,372.12,0.5155355721504207,,8,1,val,current_repo_v1
9304,372.16,0.004357053086746839,,8,1,val,current_repo_v1
9305,372.2,-0.02170705936096298,,8,1,val,current_repo_v1
9306,372.24,-0.13603853976021196,,8,1,val,current_repo_v1
9307,372.28,-0.3362475561562837,,8,1,val,current_repo_v1
9308,372.32,-0.14547294011300788,,8,1,val,current_repo_v1
9309,372.36,-0.23443739579651396,,8,1,val,current_repo_v1
9310,372.4,0.010893847221393619,,8,1,val,current_repo_v1
9311,372.44,-0.10794883311697,,8,1,val,current_repo_v1
9312,372.48,-0.5044184665879904,,8,1,val,current_repo_v1
9313,372.52,-0.29987556345882266,,8,1,val,current_repo_v1
9314,372.56,-0.16040738319676176,,8,1,val,current_repo_v1
9315,372.6,-0.2299710128006839,,8,1,val,current_repo_v1
9316,372.64,-0.339631427489841,,8,1,val,current_repo_v1
9317,372.68,-0.3971394563838091,,8,1,val,current_repo_v1
9318,372.72,-0.33008521030580895,,8,1,val,current_repo_v1
9319,372.76,-1.1240936243486201,,8,1,val,current_repo_v1
9320,372.8,-1.7365935450522219,,8,1,val,current_repo_v1
9321,372.84,-1.1296088046729065,,8,1,val,current_repo_v1
9322,372.88,-0.6599148901956935,,8,1,val,current_repo_v1
9323,372.92,-0.5826526494868971,,8,1,val,current_repo_v1
9324,372.96,-0.7905013392716178,,8,1,val,current_repo_v1
9325,373.0,-1.1765799994454598,,8,1,val,current_repo_v1
9326,373.04,-1.204142287033574,,8,1,val,current_repo_v1
9327,373.08,-1.673206320817475,,8,1,val,current_repo_v1
9328,373.12,-1.4137385268803386,,8,1,val,current_repo_v1
9329,373.16,-1.026607024370759,,8,1,val,current_repo_v1
9330,373.2,-0.6080876909109791,,8,1,val,current_repo_v1
9331,373.24,-0.9680187825190966,,8,1,val,current_repo_v1
9332,373.28,-1.2128227657429012,,8,1,val,current_repo_v1
9333,373.32,-1.1506491149702263,,8,1,val,current_repo_v1
9334,373.36,-1.0047119523585815,,8,1,val,current_repo_v1
9335,373.4,-1.1725369166609467,,8,1,val,current_repo_v1
9336,373.44,-1.475616660469074,,8,1,val,current_repo_v1
9337,373.48,-1.20582586539456,,8,1,val,current_repo_v1
9338,373.52,-1.2040986651048307,,8,1,val,current_repo_v1
9339,373.56,-0.9601023290617343,,8,1,val,current_repo_v1
9340,373.6,-0.5879673613886485,,8,1,val,current_repo_v1
9341,373.64,-0.17565905642204244,,8,1,val,current_repo_v1
9342,373.68,-0.14273301790117082,,8,1,val,current_repo_v1
9343,373.72,-0.1900675683718493,,8,1,val,current_repo_v1
9344,373.76,-0.138910744401799,,8,1,val,current_repo_v1
9345,373.8,-0.4090456056573365,,8,1,val,current_repo_v1
9346,373.84,-0.5201763894029791,,8,1,val,current_repo_v1
9347,373.88,-0.16449517489435403,,8,1,val,current_repo_v1
9348,373.92,-0.1505150595086503,,8,1,val,current_repo_v1
9349,373.96,0.036599733735168276,,8,1,val,current_repo_v1
9350,374.0,0.33715203403993016,,8,1,val,current_repo_v1
9351,374.04,0.15457339571269144,,8,1,val,current_repo_v1
9352,374.08,0.18062244073102085,,8,1,val,current_repo_v1
9353,374.12,0.16393331090938107,,8,1,val,current_repo_v1
9354,374.16,-0.0734608426544913,,8,1,val,current_repo_v1
9355,374.2,-0.11934993561132462,,8,1,val,current_repo_v1
9356,374.24,-0.18552495391721,,8,1,val,current_repo_v1
9357,374.28,-0.04653053845069877,,8,1,val,current_repo_v1
9358,374.32,-0.18149167181113188,,8,1,val,current_repo_v1
9359,374.36,-0.2580072077396706,,8,1,val,current_repo_v1
9360,374.4,-0.17005811125174194,,8,1,val,current_repo_v1
9361,374.44,-0.10338098637021433,,8,1,val,current_repo_v1
9362,374.48,-0.2269243382635379,,8,1,val,current_repo_v1
9363,374.52,-0.8933514407104216,,8,1,val,current_repo_v1
9364,374.56,-1.1820259691605794,,8,1,val,current_repo_v1
9365,374.6,-1.1680070787271035,,8,1,val,current_repo_v1
9366,374.64,-0.7435198805158307,,8,1,val,current_repo_v1
9367,374.68,-0.1881389195917415,,8,1,val,current_repo_v1
9368,374.72,-0.4748507107202529,,8,1,val,current_repo_v1
9369,374.76,-0.9451695877321451,,8,1,val,current_repo_v1
9370,374.8,-0.6523717891284603,,8,1,val,current_repo_v1
9371,374.84,-0.1879610105490226,,8,1,val,current_repo_v1
9372,374.88,-0.39150581258636624,,8,1,val,current_repo_v1
9373,374.92,-0.25318448989535797,,8,1,val,current_repo_v1
9374,374.96,-0.4851252430479155,,8,1,val,current_repo_v1
9375,375.0,-0.9676000975363518,,8,1,val,current_repo_v1
9376,375.04,-0.7964774009541655,,8,1,val,current_repo_v1
9377,375.08,-0.7660160370461369,,8,1,val,current_repo_v1
9378,375.12,-0.6264720529912348,,8,1,val,current_repo_v1
9379,375.16,-0.5812676176104578,,8,1,val,current_repo_v1
9380,375.2,-0.6248571150181248,,8,1,val,current_repo_v1
9381,375.24,-0.6474132160616227,,8,1,val,current_repo_v1
9382,375.28,-1.2072988895439305,,8,1,val,current_repo_v1
9383,375.32,-1.135958646411551,,8,1,val,current_repo_v1
9384,375.36,-1.1018122986896102,,8,1,val,current_repo_v1
9385,375.4,-0.944631869054953,,8,1,val,current_repo_v1
9386,375.44,-0.6719201154184915,,8,1,val,current_repo_v1
9387,375.48,-1.0775088970558833,,8,1,val,current_repo_v1
9388,375.52,-1.3594049911897246,,8,1,val,current_repo_v1
9389,375.56,-1.1519862126194105,,8,1,val,current_repo_v1
9390,375.6,-0.7547473238980242,,8,1,val,current_repo_v1
9391,375.64,-0.46238310730830534,,8,1,val,current_repo_v1
9392,375.68,-0.17797012767468534,,8,1,val,current_repo_v1
9393,375.72,-0.29748241597914016,,8,1,val,current_repo_v1
9394,375.76,-0.6496620975547415,,8,1,val,current_repo_v1
9395,375.8,-0.7855391310440517,,8,1,val,current_repo_v1
9396,375.84,-1.0365452686921925,,8,1,val,current_repo_v1
9397,375.88,-1.2431333061195222,,8,1,val,current_repo_v1
9398,375.92,-1.1168543799517037,,8,1,val,current_repo_v1
9399,375.96,-0.7984510793968285,,8,1,val,current_repo_v1
9400,376.0,-0.7829712820164109,,8,1,val,current_repo_v1
9401,376.04,-0.3943352149923152,,8,1,val,current_repo_v1
9402,376.08,-0.7861767810024505,,8,1,val,current_repo_v1
9403,376.12,-1.0136885897507997,,8,1,val,current_repo_v1
9404,376.16,-0.6210843171254347,,8,1,val,current_repo_v1
9405,376.2,-0.5982549375283374,,8,1,val,current_repo_v1
9406,376.24,-0.5225089508705176,,8,1,val,current_repo_v1
9407,376.28,-0.6447355994355094,,8,1,val,current_repo_v1
9408,376.32,-0.6028085109234085,,8,1,val,current_repo_v1
9409,376.36,-0.6125851687865712,,8,1,val,current_repo_v1
9410,376.4,-0.5047333000181544,,8,1,val,current_repo_v1
9411,376.44,-0.5313807031840658,,8,1,val,current_repo_v1
9412,376.48,-0.5341132036094153,,8,1,val,current_repo_v1
9413,376.52,-0.5745032606322571,,8,1,val,current_repo_v1
9414,376.56,-0.5270946704908558,,8,1,val,current_repo_v1
9415,376.6,-0.7934580079418996,,8,1,val,current_repo_v1
9416,376.64,-1.170630951996562,,8,1,val,current_repo_v1
9417,376.68,-1.0259422176233874,,8,1,val,current_repo_v1
9418,376.72,-1.0455333817878876,,8,1,val,current_repo_v1
9419,376.76,-0.8612841910922738,,8,1,val,current_repo_v1
9420,376.8,-0.8086041545895579,,8,1,val,current_repo_v1
9421,376.84,-0.5619117766448907,,8,1,val,current_repo_v1
9422,376.88,-0.664625844667016,,8,1,val,current_repo_v1
9423,376.92,-0.8752842642231544,,8,1,val,current_repo_v1
9424,376.96,-0.9102477390547628,,8,1,val,current_repo_v1
9425,377.0,-0.79064075837721,,8,1,val,current_repo_v1
9426,377.04,-1.012657558379434,,8,1,val,current_repo_v1
9427,377.08,-1.2283575894778775,,8,1,val,current_repo_v1
9428,377.12,-1.0191525927142397,,8,1,val,current_repo_v1
9429,377.16,-1.0790016651174468,,8,1,val,current_repo_v1
9430,377.2,-0.892716926969122,,8,1,val,current_repo_v1
9431,377.24,-0.9427275437767795,,8,1,val,current_repo_v1
9432,377.28,-1.1977550958003844,,8,1,val,current_repo_v1
9433,377.32,-1.1954395696939073,,8,1,val,current_repo_v1
9434,377.36,-1.3529476627377708,,8,1,val,current_repo_v1
9435,377.4,-1.2943722508651505,,8,1,val,current_repo_v1
9436,377.44,-1.0893694286261495,,8,1,val,current_repo_v1
9437,377.48,-0.9890572395972214,,8,1,val,current_repo_v1
9438,377.52,-0.8588534802850621,,8,1,val,current_repo_v1
9439,377.56,-0.9384914410853421,,8,1,val,current_repo_v1
9440,377.6,-0.959430323270567,,8,1,val,current_repo_v1
9441,377.64,-0.7808188391990928,,8,1,val,current_repo_v1
9442,377.68,-0.753060181653971,,8,1,val,current_repo_v1
9443,377.72,-0.3648324999905557,,8,1,val,current_repo_v1
9444,377.76,-0.3929535331659591,,8,1,val,current_repo_v1
9445,377.8,-0.5063406112815003,,8,1,val,current_repo_v1
9446,377.84,-0.7174049571190025,,8,1,val,current_repo_v1
9447,377.88,-0.8079332892409721,,8,1,val,current_repo_v1
9448,377.92,-0.45338009718138905,,8,1,val,current_repo_v1
9449,377.96,-0.5202290279558829,,8,1,val,current_repo_v1
9450,378.0,-0.6768143247571339,,8,1,val,current_repo_v1
9451,378.04,-0.7147726018078439,,8,1,val,current_repo_v1
9452,378.08,-0.554310976310798,,8,1,val,current_repo_v1
9453,378.12,-0.3100997381187445,,8,1,val,current_repo_v1
9454,378.16,-0.28190058462650613,,8,1,val,current_repo_v1
9455,378.2,-0.1252861619908877,,8,1,val,current_repo_v1
9456,378.24,-0.27912374949579966,,8,1,val,current_repo_v1
9457,378.28,-0.46638124952734,,8,1,val,current_repo_v1
9458,378.32,-0.5685972648908122,,8,1,val,current_repo_v1
9459,378.36,-0.6409881763902583,,8,1,val,current_repo_v1
9460,378.4,-0.7240903740872628,,8,1,val,current_repo_v1
9461,378.44,-0.8917419911172353,,8,1,val,current_repo_v1
9462,378.48,-0.7825024175600787,,8,1,val,current_repo_v1
9463,378.52,-0.8540070269795215,,8,1,val,current_repo_v1
9464,378.56,-0.5807700282566033,,8,1,val,current_repo_v1
9465,378.6,-0.19877399214990604,,8,1,val,current_repo_v1
9466,378.64,-0.38288435178063357,,8,1,val,current_repo_v1
9467,378.68,-0.7255001036733584,,8,1,val,current_repo_v1
9468,378.72,-0.7880372705188964,,8,1,val,current_repo_v1
9469,378.76,-0.9093796484172332,,8,1,val,current_repo_v1
9470,378.8,-0.9092216971196911,,8,1,val,current_repo_v1
9471,378.84,-0.8823396835314603,,8,1,val,current_repo_v1
9472,378.88,-0.9505026536316931,,8,1,val,current_repo_v1
9473,378.92,-1.254230097548469,,8,1,val,current_repo_v1
9474,378.96,-0.7921695929354143,,8,1,val,current_repo_v1
9475,379.0,-0.6399435309855754,,8,1,val,current_repo_v1
9476,379.04,-0.7079059970244428,,8,1,val,current_repo_v1
9477,379.08,-0.7126913653742102,,8,1,val,current_repo_v1
9478,379.12,-0.7966002836423256,,8,1,val,current_repo_v1
9479,379.16,-0.8722193247852885,,8,1,val,current_repo_v1
9480,379.2,-0.9277913811194456,,8,1,val,current_repo_v1
9481,379.24,-1.0110009229744368,,8,1,val,current_repo_v1
9482,379.28,-0.9772937169240468,,8,1,val,current_repo_v1
9483,379.32,-0.9357069792448717,,8,1,val,current_repo_v1
9484,379.36,-0.8670850522832337,,8,1,val,current_repo_v1
9485,379.4,-0.7913058502352269,,8,1,val,current_repo_v1
9486,379.44,-0.8803362823040162,,8,1,val,current_repo_v1
9487,379.48,-1.2114575134174852,,8,1,val,current_repo_v1
9488,379.52,-1.0643591664248573,,8,1,val,current_repo_v1
9489,379.56,-0.8842092253108971,,8,1,val,current_repo_v1
9490,379.6,-0.8319824434566786,,8,1,val,current_repo_v1
9491,379.64,-0.6529451466363252,,8,1,val,current_repo_v1
9492,379.68,-0.6820307804027202,,8,1,val,current_repo_v1
9493,379.72,-0.7959632039052176,,8,1,val,current_repo_v1
9494,379.76,-1.0665252232754923,,8,1,val,current_repo_v1
9495,379.8,-1.2090216706186565,,8,1,val,current_repo_v1
9496,379.84,-0.9806209581556649,,8,1,val,current_repo_v1
9497,379.88,-0.7583665184305144,,8,1,val,current_repo_v1
9498,379.92,-0.40512120017896397,,8,1,val,current_repo_v1
9499,379.96,-0.25510168079140444,,8,1,val,current_repo_v1
9500,380.0,-0.5487942635167927,,8,1,val,current_repo_v1
9501,380.04,-0.6274506952815114,,8,1,val,current_repo_v1
9502,380.08,-0.29931963333915673,,8,1,val,current_repo_v1
9503,380.12,-0.23657804216087924,,8,1,val,current_repo_v1
9504,380.16,-0.5271494473735999,,8,1,val,current_repo_v1
9505,380.2,-0.5577166942475578,,8,1,val,current_repo_v1
9506,380.24,-0.8064591959266812,,8,1,val,current_repo_v1
9507,380.28,-1.019118593269778,,8,1,val,current_repo_v1
9508,380.32,-1.0610161728300818,,8,1,val,current_repo_v1
9509,380.36,-1.0574242063642256,,8,1,val,current_repo_v1
9510,380.4,-1.062057183074036,,8,1,val,current_repo_v1
9511,380.44,-1.1979408453858513,,8,1,val,current_repo_v1
9512,380.48,-1.0754178955826454,,8,1,val,current_repo_v1
9513,380.52,-0.9816425095980716,,8,1,val,current_repo_v1
9514,380.56,-0.7425145091025493,,8,1,val,current_repo_v1
9515,380.6,-0.9378544326258954,,8,1,val,current_repo_v1
9516,380.64,-1.19064308202897,,8,1,val,current_repo_v1
9517,380.68,-1.465399150270488,,8,1,val,current_repo_v1
9518,380.72,-1.5520598139325161,,8,1,val,current_repo_v1
9519,380.76,-1.3757633570238896,,8,1,val,current_repo_v1
9520,380.8,-0.9174099322997645,,8,1,val,current_repo_v1
9521,380.84,-0.767024259565872,,8,1,val,current_repo_v1
9522,380.88,-0.4862703899550958,,8,1,val,current_repo_v1
9523,380.92,-0.42972842284417684,,8,1,val,current_repo_v1
9524,380.96,-0.2787084502019688,,8,1,val,current_repo_v1
9525,381.0,0.08575819046260699,,8,1,val,current_repo_v1
9526,381.04,-0.09421785988679254,,8,1,val,current_repo_v1
9527,381.08,-0.49804674260731263,,8,1,val,current_repo_v1
9528,381.12,-0.25175517677180764,,8,1,val,current_repo_v1
9529,381.16,-0.14003169254295245,,8,1,val,current_repo_v1
9530,381.2,-0.8291788792029675,,8,1,val,current_repo_v1
9531,381.24,-0.38150363220270567,,8,1,val,current_repo_v1
9532,381.28,-0.38478457859327975,,8,1,val,current_repo_v1
9533,381.32,-0.6511357632030641,,8,1,val,current_repo_v1
9534,381.36,-0.5696538493037705,,8,1,val,current_repo_v1
9535,381.4,-0.34847848209373283,,8,1,val,current_repo_v1
9536,381.44,-0.438634816101139,,8,1,val,current_repo_v1
9537,381.48,-0.5492971630564175,,8,1,val,current_repo_v1
9538,381.52,-0.39620750096171387,,8,1,val,current_repo_v1
9539,381.56,-0.3307329460532882,,8,1,val,current_repo_v1
9540,381.6,-0.2971186147956316,,8,1,val,current_repo_v1
9541,381.64,-0.40287556181943646,,8,1,val,current_repo_v1
9542,381.68,-0.6072502496678283,,8,1,val,current_repo_v1
9543,381.72,-0.2611097461438963,,8,1,val,current_repo_v1
9544,381.76,-0.3840057988654164,,8,1,val,current_repo_v1
9545,381.8,-0.6281781550932058,,8,1,val,current_repo_v1
9546,381.84,-0.6439453440041695,,8,1,val,current_repo_v1
9547,381.88,-0.5039953623902422,,8,1,val,current_repo_v1
9548,381.92,-0.6622381855672572,,8,1,val,current_repo_v1
9549,381.96,-0.5283464131405786,,8,1,val,current_repo_v1
9550,382.0,-0.6441126326753479,,8,1,val,current_repo_v1
9551,382.04,-0.643877416392907,,8,1,val,current_repo_v1
9552,382.08,-0.5720402966832865,,8,1,val,current_repo_v1
9553,382.12,-0.4529996883027869,,8,1,val,current_repo_v1
9554,382.16,-0.420495720453574,,8,1,val,current_repo_v1
9555,382.2,-0.46264070477640873,,8,1,val,current_repo_v1
9556,382.24,-0.5332288260262682,,8,1,val,current_repo_v1
9557,382.28,-0.6392351735871217,,8,1,val,current_repo_v1
9558,382.32,-0.5478611320132853,,8,1,val,current_repo_v1
9559,382.36,-0.7074744107849944,,8,1,val,current_repo_v1
9560,382.4,-0.7498025074198263,,8,1,val,current_repo_v1
9561,382.44,-0.12763141088214588,,8,1,val,current_repo_v1
9562,382.48,0.16267862805612773,,8,1,val,current_repo_v1
9563,382.52,0.40212001860917185,,8,1,val,current_repo_v1
9564,382.56,0.3218800110423353,,8,1,val,current_repo_v1
9565,382.6,0.25103177978680996,,8,1,val,current_repo_v1
9566,382.64,0.31251519550642815,,8,1,val,current_repo_v1
9567,382.68,0.10366755820765478,,8,1,val,current_repo_v1
9568,382.72,0.00607231436820087,,8,1,val,current_repo_v1
9569,382.76,0.3647590127217083,,8,1,val,current_repo_v1
9570,382.8,0.6167268285767256,,8,1,val,current_repo_v1
9571,382.84,-0.04572473557947777,,8,1,val,current_repo_v1
9572,382.88,-0.01868013653200392,,8,1,val,current_repo_v1
9573,382.92,-0.11722473868005603,,8,1,val,current_repo_v1
9574,382.96,0.4203772569804174,,8,1,val,current_repo_v1
9575,383.0,0.032995578789222046,,8,1,val,current_repo_v1
9576,383.04,-0.08699350361138963,,8,1,val,current_repo_v1
9577,383.08,-0.24142868302902404,,8,1,val,current_repo_v1
9578,383.12,0.2998162960834137,,8,1,val,current_repo_v1
9579,383.16,0.3724762451156092,,8,1,val,current_repo_v1
9580,383.2,0.6208770416862412,,8,1,val,current_repo_v1
9581,383.24,-0.007299660010901205,,8,1,val,current_repo_v1
9582,383.28,0.17346762472396834,,8,1,val,current_repo_v1
9583,383.32,-0.31686099451867655,,8,1,val,current_repo_v1
9584,383.36,-0.558321057538108,,8,1,val,current_repo_v1
9585,383.4,-0.14238904081722406,,8,1,val,current_repo_v1
9586,383.44,-0.03780058413469026,,8,1,val,current_repo_v1
9587,383.48,0.0947867001728697,,8,1,val,current_repo_v1
9588,383.52,0.029881725056257677,,8,1,val,current_repo_v1
9589,383.56,-0.06465232253626448,,8,1,val,current_repo_v1
9590,383.6,-0.5049463489479168,,8,1,val,current_repo_v1
9591,383.64,-0.24624350687234264,,8,1,val,current_repo_v1
9592,383.68,-0.15817484210750654,,8,1,val,current_repo_v1
9593,383.72,-0.5205404756971329,,8,1,val,current_repo_v1
9594,383.76,-0.8812723005528081,,8,1,val,current_repo_v1
9595,383.8,-0.8896998861196804,,8,1,val,current_repo_v1
9596,383.84,-0.5091518378838061,,8,1,val,current_repo_v1
9597,383.88,-0.9089472781235101,,8,1,val,current_repo_v1
9598,383.92,-1.0068042368297236,,8,1,val,current_repo_v1
9599,383.96,-0.5164938646683832,,8,1,val,current_repo_v1
9600,384.0,-0.5018782020152903,,8,1,val,current_repo_v1
9601,384.04,-0.8304903168940674,,8,1,val,current_repo_v1
9602,384.08,-0.8234398870220556,,8,1,val,current_repo_v1
9603,384.12,-0.9349629117380837,,8,1,val,current_repo_v1
9604,384.16,-0.8861585980710411,,8,1,val,current_repo_v1
9605,384.2,-0.7758234155813395,,8,1,val,current_repo_v1
9606,384.24,-0.5708739803106865,,8,1,val,current_repo_v1
9607,384.28,-0.8881945731897203,,8,1,val,current_repo_v1
9608,384.32,-0.36602565240265234,,8,1,val,current_repo_v1
9609,384.36,-0.30402413718212745,,8,1,val,current_repo_v1
9610,384.4,-0.8237435298593884,,8,1,val,current_repo_v1
9611,384.44,-0.9429755900382626,,8,1,val,current_repo_v1
9612,384.48,-0.34672006218833396,,8,1,val,current_repo_v1
9613,384.52,-0.12090946411244592,,8,1,val,current_repo_v1
9614,384.56,-0.11706759816591172,,8,1,val,current_repo_v1
9615,384.6,-0.7713554466575445,,8,1,val,current_repo_v1
9616,384.64,-0.9369991719674081,,8,1,val,current_repo_v1
9617,384.68,-0.23812337749768508,,8,1,val,current_repo_v1
9618,384.72,-0.3136183955099065,,8,1,val,current_repo_v1
9619,384.76,-0.5306815406039257,,8,1,val,current_repo_v1
9620,384.8,-0.007792046095477424,,8,1,val,current_repo_v1
9621,384.84,0.17044687743613682,,8,1,val,current_repo_v1
9622,384.88,-0.4356173475857294,,8,1,val,current_repo_v1
9623,384.92,-0.6963163205672903,,8,1,val,current_repo_v1
9624,384.96,-0.1274358606182439,,8,1,val,current_repo_v1
9625,385.0,-0.06606223031651344,,8,1,val,current_repo_v1
9626,385.04,0.4590374408012293,,8,1,val,current_repo_v1
9627,385.08,-0.11641447204529325,,8,1,val,current_repo_v1
9628,385.12,-0.676173966247604,,8,1,val,current_repo_v1
9629,385.16,-0.1516232311290075,,8,1,val,current_repo_v1
9630,385.2,0.21768055219659577,,8,1,val,current_repo_v1
9631,385.24,-0.10876155883104921,,8,1,val,current_repo_v1
9632,385.28,0.034967207999121286,,8,1,val,current_repo_v1
9633,385.32,0.4806266247297418,,8,1,val,current_repo_v1
9634,385.36,0.3170334151814719,,8,1,val,current_repo_v1
9635,385.4,0.18156834875532454,,8,1,val,current_repo_v1
9636,385.44,0.1921841763449257,,8,1,val,current_repo_v1
9637,385.48,-0.09746810342474195,,8,1,val,current_repo_v1
9638,385.52,-0.054922084250053155,,8,1,val,current_repo_v1
9639,385.56,0.5373143546581127,,8,1,val,current_repo_v1
9640,385.6,0.5036090018269177,,8,1,val,current_repo_v1
9641,385.64,0.2076715647962767,,8,1,val,current_repo_v1
9642,385.68,-0.15700530042073066,,8,1,val,current_repo_v1
9643,385.72,-0.14019988109460535,,8,1,val,current_repo_v1
9644,385.76,0.20359455384496297,,8,1,val,current_repo_v1
9645,385.8,0.16000833520971777,,8,1,val,current_repo_v1
9646,385.84,0.22293100728664403,,8,1,val,current_repo_v1
9647,385.88,0.21364359929095833,,8,1,val,current_repo_v1
9648,385.92,0.19015917798609386,,8,1,val,current_repo_v1
9649,385.96,0.22505720210517147,,8,1,val,current_repo_v1
9650,386.0,0.35952726801776325,,8,1,val,current_repo_v1
9651,386.04,0.3279738234214261,,8,1,val,current_repo_v1
9652,386.08,0.00762103539392063,,8,1,val,current_repo_v1
9653,386.12,-1.4363740312385755,,8,1,val,current_repo_v1
9654,386.16,-1.8322652732168985,,8,1,val,current_repo_v1
9655,386.2,-1.7492798283291782,,8,1,val,current_repo_v1
9656,386.24,-1.9023560189458875,,8,1,val,current_repo_v1
9657,386.28,-1.4283376174771685,,8,1,val,current_repo_v1
9658,386.32,-1.4242931804170897,,8,1,val,current_repo_v1
9659,386.36,-1.6397416013709831,,8,1,val,current_repo_v1
9660,386.4,-1.1858245695666767,,8,1,val,current_repo_v1
9661,386.44,-0.8669819135072665,,8,1,val,current_repo_v1
9662,386.48,-0.15945833895535888,,8,1,val,current_repo_v1
9663,386.52,0.3207502601100057,,8,1,val,current_repo_v1
9664,386.56,0.4379001572456487,,8,1,val,current_repo_v1
9665,386.6,0.2265090033308764,,8,1,val,current_repo_v1
9666,386.64,0.21941119163348513,,8,1,val,current_repo_v1
9667,386.68,0.04850226566738237,,8,1,val,current_repo_v1
9668,386.72,-0.1381176913222512,,8,1,val,current_repo_v1
9669,386.76,0.017675426664516932,,8,1,val,current_repo_v1
9670,386.8,-0.023552856769464024,,8,1,val,current_repo_v1
9671,386.84,0.10444443125807709,,8,1,val,current_repo_v1
9672,386.88,0.6797595177239389,,8,1,val,current_repo_v1
9673,386.92,0.7027134906730685,,8,1,val,current_repo_v1
9674,386.96,0.03810262322464274,,8,1,val,current_repo_v1
9675,387.0,-0.2012935683814005,,8,1,val,current_repo_v1
9676,387.04,0.2460622121407098,,8,1,val,current_repo_v1
9677,387.08,0.028096112723055424,,8,1,val,current_repo_v1
9678,387.12,-0.5390188530127036,,8,1,val,current_repo_v1
9679,387.16,-0.4859559841908998,,8,1,val,current_repo_v1
9680,387.2,-0.12950491748149506,,8,1,val,current_repo_v1
9681,387.24,-0.20878905597085484,,8,1,val,current_repo_v1
9682,387.28,-0.6196790067543425,,8,1,val,current_repo_v1
9683,387.32,-0.6389350946328562,,8,1,val,current_repo_v1
9684,387.36,-0.5270422101321053,,8,1,val,current_repo_v1
9685,387.4,-0.7957023276646922,,8,1,val,current_repo_v1
9686,387.44,-0.8082859711093107,,8,1,val,current_repo_v1
9687,387.48,-0.8802995743084231,,8,1,val,current_repo_v1
9688,387.52,-0.0902638830886692,,8,1,val,current_repo_v1
9689,387.56,-0.015124129646296723,,8,1,val,current_repo_v1
9690,387.6,0.09289352984869677,,8,1,val,current_repo_v1
9691,387.64,-0.07308138711460971,,8,1,val,current_repo_v1
9692,387.68,-0.30822763034349915,,8,1,val,current_repo_v1
9693,387.72,-0.37278733646855255,,8,1,val,current_repo_v1
9694,387.76,0.04527573977124575,,8,1,val,current_repo_v1
9695,387.8,0.10318584595286508,,8,1,val,current_repo_v1
9696,387.84,-0.07029974074176239,,8,1,val,current_repo_v1
9697,387.88,-0.36738167427092394,,8,1,val,current_repo_v1
9698,387.92,-0.27472768191288716,,8,1,val,current_repo_v1
9699,387.96,-0.2282787029261832,,8,1,val,current_repo_v1
9700,388.0,-0.12416441197604415,,8,1,val,current_repo_v1
9701,388.04,0.2695673396061952,,8,1,val,current_repo_v1
9702,388.08,0.5153825390115114,,8,1,val,current_repo_v1
9703,388.12,0.3483134386688868,,8,1,val,current_repo_v1
9704,388.16,-0.06284718012385349,,8,1,val,current_repo_v1
9705,388.2,0.06133769745070455,,8,1,val,current_repo_v1
9706,388.24,-0.3679404911358744,,8,1,val,current_repo_v1
9707,388.28,-0.09919217640707984,,8,1,val,current_repo_v1
9708,388.32,0.5174072166208672,,8,1,val,current_repo_v1
9709,388.36,0.4503210737894148,,8,1,val,current_repo_v1
9710,388.4,0.3706384218954712,,8,1,val,current_repo_v1
9711,388.44,0.6007780954623144,,8,1,val,current_repo_v1
9712,388.48,0.6352821144888882,,8,1,val,current_repo_v1
9713,388.52,0.7138194056426675,,8,1,val,current_repo_v1
9714,388.56,0.21139261510682988,,8,1,val,current_repo_v1
9715,388.6,-0.1402908046613595,,8,1,val,current_repo_v1
9716,388.64,0.2059281488385911,,8,1,val,current_repo_v1
9717,388.68,0.3021155352442732,,8,1,val,current_repo_v1
9718,388.72,0.5656797989342707,,8,1,val,current_repo_v1
9719,388.76,0.5415519185416078,,8,1,val,current_repo_v1
9720,388.8,0.5021151289616035,,8,1,val,current_repo_v1
9721,388.84,0.35108072259297296,,8,1,val,current_repo_v1
9722,388.88,0.5269616307359539,,8,1,val,current_repo_v1
9723,388.92,0.3503578958292661,,8,1,val,current_repo_v1
9724,388.96,0.3021551656239814,,8,1,val,current_repo_v1
9725,389.0,0.09217216427704743,,8,1,val,current_repo_v1
9726,389.04,0.10026923532825964,,8,1,val,current_repo_v1
9727,389.08,0.16880292945485917,,8,1,val,current_repo_v1
9728,389.12,0.16421548135123343,,8,1,val,current_repo_v1
9729,389.16,0.16043867409009255,,8,1,val,current_repo_v1
9730,389.2,0.387840002463356,,8,1,val,current_repo_v1
9731,389.24,0.24587448460014052,,8,1,val,current_repo_v1
9732,389.28,0.1666798530340156,,8,1,val,current_repo_v1
9733,389.32,0.10827182783935811,,8,1,val,current_repo_v1
9734,389.36,-0.01113635832698784,,8,1,val,current_repo_v1
9735,389.4,-0.006824344926217285,,8,1,val,current_repo_v1
9736,389.44,-0.21145355750728048,,8,1,val,current_repo_v1
9737,389.48,0.21623839127458785,,8,1,val,current_repo_v1
9738,389.52,0.16952251308497487,,8,1,val,current_repo_v1
9739,389.56,-0.0626337213475384,,8,1,val,current_repo_v1
9740,389.6,0.24663494596903798,,8,1,val,current_repo_v1
9741,389.64,0.10736542545885529,,8,1,val,current_repo_v1
9742,389.68,-0.3712663780919269,,8,1,val,current_repo_v1
9743,389.72,-0.28750523623519664,,8,1,val,current_repo_v1
9744,389.76,-0.11009124360345357,,8,1,val,current_repo_v1
9745,389.8,-0.05891978098370443,,8,1,val,current_repo_v1
9746,389.84,0.048200190938599216,,8,1,val,current_repo_v1
9747,389.88,0.16199919156876502,,8,1,val,current_repo_v1
9748,389.92,0.06899359541701744,,8,1,val,current_repo_v1
9749,389.96,-0.09157995382775654,,8,1,val,current_repo_v1
9750,390.0,-0.0709317241260842,,8,1,val,current_repo_v1
9751,390.04,-0.2432211023788848,,8,1,val,current_repo_v1
9752,390.08,-0.2776809114360089,,8,1,val,current_repo_v1
9753,390.12,-0.5621257165454198,,8,1,val,current_repo_v1
9754,390.16,-0.9616619555696401,,8,1,val,current_repo_v1
9755,390.2,-1.06395994024366,,8,1,val,current_repo_v1
9756,390.24,-0.8175098707087373,,8,1,val,current_repo_v1
9757,390.28,-0.5782323296797117,,8,1,val,current_repo_v1
9758,390.32,-0.24841184460814072,,8,1,val,current_repo_v1
9759,390.36,-0.22743238761419482,,8,1,val,current_repo_v1
9760,390.4,0.07177520615103408,,8,1,val,current_repo_v1
9761,390.44,0.006921837174949809,,8,1,val,current_repo_v1
9762,390.48,0.03984899720527418,,8,1,val,current_repo_v1
9763,390.52,-0.02054964378632354,,8,1,val,current_repo_v1
9764,390.56,0.12448396755127233,,8,1,val,current_repo_v1
9765,390.6,0.0021059798055417106,,8,1,val,current_repo_v1
9766,390.64,-0.035642421285049276,,8,1,val,current_repo_v1
9767,390.68,0.1736476542771123,,8,1,val,current_repo_v1
9768,390.72,0.13180446848212296,,8,1,val,current_repo_v1
9769,390.76,-0.14046288675526336,,8,1,val,current_repo_v1
9770,390.8,0.19578455357482064,,8,1,val,current_repo_v1
9771,390.84,0.38275188224702256,,8,1,val,current_repo_v1
9772,390.88,0.1677152679815542,,8,1,val,current_repo_v1
9773,390.92,0.16876793212313843,,8,1,val,current_repo_v1
9774,390.96,0.20921289076463181,,8,1,val,current_repo_v1
9775,391.0,0.10664049600413866,,8,1,val,current_repo_v1
9776,391.04,0.5056519265175781,,8,1,val,current_repo_v1
9777,391.08,0.22249610663594313,,8,1,val,current_repo_v1
9778,391.12,0.05474330205598276,,8,1,val,current_repo_v1
9779,391.16,-0.025023439658933538,,8,1,val,current_repo_v1
9780,391.2,-0.16206829526143968,,8,1,val,current_repo_v1
9781,391.24,-0.24255004101673022,,8,1,val,current_repo_v1
9782,391.28,0.04407467553873973,,8,1,val,current_repo_v1
9783,391.32,0.1513964612494361,,8,1,val,current_repo_v1
9784,391.36,-0.24030103478770412,,8,1,val,current_repo_v1
9785,391.4,-0.41799152237751486,,8,1,val,current_repo_v1
9786,391.44,-0.7271204587487307,,8,1,val,current_repo_v1
9787,391.48,-0.9973605169227067,,8,1,val,current_repo_v1
9788,391.52,-0.6728151490120097,,8,1,val,current_repo_v1
9789,391.56,-0.6507023950220822,,8,1,val,current_repo_v1
9790,391.6,-0.9760364502555696,,8,1,val,current_repo_v1
9791,391.64,-1.3224831626126428,,8,1,val,current_repo_v1
9792,391.68,-1.586047568857963,,8,1,val,current_repo_v1
9793,391.72,-1.3758029874035977,,8,1,val,current_repo_v1
9794,391.76,-1.586241586652146,,8,1,val,current_repo_v1
9795,391.8,-1.8736991203124869,,8,1,val,current_repo_v1
9796,391.84,-1.7487838783615346,,8,1,val,current_repo_v1
9797,391.88,-1.197764504451682,,8,1,val,current_repo_v1
9798,391.92,-0.30625070876724503,,8,1,val,current_repo_v1
9799,391.96,-0.2747028594673235,,8,1,val,current_repo_v1
9800,392.0,-1.3025805863457234,,8,1,val,current_repo_v1
9801,392.04,-2.1683383060193773,,8,1,val,current_repo_v1
9802,392.08,-0.7933571500510954,,8,1,val,current_repo_v1
9803,392.12,0.37622427402098174,,8,1,val,current_repo_v1
9804,392.16,0.7394222703203881,,8,1,val,current_repo_v1
9805,392.2,0.807714324265318,,8,1,val,current_repo_v1
9806,392.24,1.4180000756968762,,8,1,val,current_repo_v1
9807,392.28,1.6831643803287626,,8,1,val,current_repo_v1
9808,392.32,1.3035471114335713,,8,1,val,current_repo_v1
9809,392.36,0.7574096158269481,,8,1,val,current_repo_v1
9810,392.4,0.7040000524603588,,8,1,val,current_repo_v1
9811,392.44,0.8666594533673385,,8,1,val,current_repo_v1
9812,392.48,1.3410629680403083,,8,1,val,current_repo_v1
9813,392.52,1.1002180312382903,,8,1,val,current_repo_v1
9814,392.56,1.3043062185269032,,8,1,val,current_repo_v1
9815,392.6,1.5782844336501554,,8,1,val,current_repo_v1
9816,392.64,1.5372883739505523,,8,1,val,current_repo_v1
9817,392.68,0.7718760586960137,,8,1,val,current_repo_v1
9818,392.72,-0.023107834690852033,,8,1,val,current_repo_v1
9819,392.76,-0.5449326536580658,,8,1,val,current_repo_v1
9820,392.8,-0.280714239231068,,8,1,val,current_repo_v1
9821,392.84,0.9342360934253414,,8,1,val,current_repo_v1
9822,392.88,1.2579811557544487,,8,1,val,current_repo_v1
9823,392.92,0.7560381623449951,,8,1,val,current_repo_v1
9824,392.96,0.6883288032815665,,8,1,val,current_repo_v1
9825,393.0,0.9266894284750408,,8,1,val,current_repo_v1
9826,393.04,0.36654376972297437,,8,1,val,current_repo_v1
9827,393.08,0.7676180737625432,,8,1,val,current_repo_v1
9828,393.12,0.9022657101489625,,8,1,val,current_repo_v1
9829,393.16,1.2485116333340247,,8,1,val,current_repo_v1
9830,393.2,1.0696640063705123,,8,1,val,current_repo_v1
9831,393.24,-0.38002839844583336,,8,1,val,current_repo_v1
9832,393.28,-0.5240032514017999,,8,1,val,current_repo_v1
9833,393.32,-0.11697015269314447,,8,1,val,current_repo_v1
9834,393.36,0.412659204893411,,8,1,val,current_repo_v1
9835,393.4,0.8369907683311355,,8,1,val,current_repo_v1
9836,393.44,0.49281742134385337,,8,1,val,current_repo_v1
9837,393.48,0.4830587967290111,,8,1,val,current_repo_v1
9838,393.52,0.4889261599780066,,8,1,val,current_repo_v1
9839,393.56,0.45932775471589044,,8,1,val,current_repo_v1
9840,393.6,0.33760642913100913,,8,1,val,current_repo_v1
9841,393.64,-0.047908772220187246,,8,1,val,current_repo_v1
9842,393.68,-0.7359800582210193,,8,1,val,current_repo_v1
9843,393.72,-1.0432005352097036,,8,1,val,current_repo_v1
9844,393.76,-1.6239299351993397,,8,1,val,current_repo_v1
9845,393.8,-1.4957903769597525,,8,1,val,current_repo_v1
9846,393.84,-0.9690420446253757,,8,1,val,current_repo_v1
9847,393.88,-1.0642000034070722,,8,1,val,current_repo_v1
9848,393.92,-0.8567170036638856,,8,1,val,current_repo_v1
9849,393.96,-0.7123734670046084,,8,1,val,current_repo_v1
9850,394.0,-0.10136197533493552,,8,1,val,current_repo_v1
9851,394.04,-0.0400150741562097,,8,1,val,current_repo_v1
9852,394.08,-0.23940384504493023,,8,1,val,current_repo_v1
9853,394.12,-0.44930137556620303,,8,1,val,current_repo_v1
9854,394.16,-0.4291746310543513,,8,1,val,current_repo_v1
9855,394.2,-0.42484102052219297,,8,1,val,current_repo_v1
9856,394.24,0.6481254937314505,,8,1,val,current_repo_v1
9857,394.28,0.782066625938611,,8,1,val,current_repo_v1
9858,394.32,1.1519296894339635,,8,1,val,current_repo_v1
9859,394.36,0.9939902239836358,,8,1,val,current_repo_v1
9860,394.4,1.1206071488215557,,8,1,val,current_repo_v1
9861,394.44,0.8824111037481287,,8,1,val,current_repo_v1
9862,394.48,0.5526772566739234,,8,1,val,current_repo_v1
9863,394.52,0.049265756336887026,,8,1,val,current_repo_v1
9864,394.56,0.2184894289169623,,8,1,val,current_repo_v1
9865,394.6,0.2234541318626756,,8,1,val,current_repo_v1
9866,394.64,0.5527371655482846,,8,1,val,current_repo_v1
9867,394.68,0.6275405051348071,,8,1,val,current_repo_v1
9868,394.72,0.3570334764802606,,8,1,val,current_repo_v1
9869,394.76,0.22454548195495522,,8,1,val,current_repo_v1
9870,394.8,0.05674265827614548,,8,1,val,current_repo_v1
9871,394.84,0.3931842945945659,,8,1,val,current_repo_v1
9872,394.88,0.5635458170312412,,8,1,val,current_repo_v1
9873,394.92,0.8697090681080151,,8,1,val,current_repo_v1
9874,394.96,0.3294693000341206,,8,1,val,current_repo_v1
9875,395.0,-0.03968233221363255,,8,1,val,current_repo_v1
9876,395.04,-0.2672016518455462,,8,1,val,current_repo_v1
9877,395.08,0.3002778545794579,,8,1,val,current_repo_v1
9878,395.12,0.11630786739304305,,8,1,val,current_repo_v1
9879,395.16,0.6027233341181004,,8,1,val,current_repo_v1
9880,395.2,0.2775357544786784,,8,1,val,current_repo_v1
9881,395.24,0.10352238343090889,,8,1,val,current_repo_v1
9882,395.28,0.123908364797075,,8,1,val,current_repo_v1
9883,395.32,0.3262938802211689,,8,1,val,current_repo_v1
9884,395.36,0.2823624282331957,,8,1,val,current_repo_v1
9885,395.4,0.10520849214887253,,8,1,val,current_repo_v1
9886,395.44,0.15909321913511543,,8,1,val,current_repo_v1
9887,395.48,0.27634999712394637,,8,1,val,current_repo_v1
9888,395.52,0.13875047658026318,,8,1,val,current_repo_v1
9889,395.56,-0.36619447354354967,,8,1,val,current_repo_v1
9890,395.6,-0.5408348652684698,,8,1,val,current_repo_v1
9891,395.64,-0.030983624242416467,,8,1,val,current_repo_v1
9892,395.68,-0.5143415644063879,,8,1,val,current_repo_v1
9893,395.72,-0.45674354746497076,,8,1,val,current_repo_v1
9894,395.76,-0.22455763479621468,,8,1,val,current_repo_v1
9895,395.8,0.09371730360028457,,8,1,val,current_repo_v1
9896,395.84,0.0012986088257710949,,8,1,val,current_repo_v1
9897,395.88,-0.18891548971210312,,8,1,val,current_repo_v1
9898,395.92,-0.05898032244730995,,8,1,val,current_repo_v1
9899,395.96,-0.2513337475991011,,8,1,val,current_repo_v1
9900,396.0,-0.12016252767978881,,8,1,val,current_repo_v1
9901,396.04,-0.6946751524148052,,8,1,val,current_repo_v1
9902,396.08,-0.7749519748937268,,8,1,val,current_repo_v1
9903,396.12,-0.9690479606712673,,8,1,val,current_repo_v1
9904,396.16,-0.3652096300967359,,8,1,val,current_repo_v1
9905,396.2,-0.10004725887141375,,8,1,val,current_repo_v1
9906,396.24,0.3871161065347289,,8,1,val,current_repo_v1
9907,396.28,0.6213335038294993,,8,1,val,current_repo_v1
9908,396.32,0.5475462985831213,,8,1,val,current_repo_v1
9909,396.36,0.3112103866378334,,8,1,val,current_repo_v1
9910,396.4,-0.2541023857987528,,8,1,val,current_repo_v1
9911,396.44,-0.760362007837549,,8,1,val,current_repo_v1
9912,396.48,-0.8262249903614782,,8,1,val,current_repo_v1
9913,396.52,-0.7827376338425196,,8,1,val,current_repo_v1
9914,396.56,0.03856099204534172,,8,1,val,current_repo_v1
9915,396.6,0.22906086834296044,,8,1,val,current_repo_v1
9916,396.64,0.6315069644333736,,8,1,val,current_repo_v1
9917,396.68,0.9839008710201494,,8,1,val,current_repo_v1
9918,396.72,1.6396955560017537,,8,1,val,current_repo_v1
9919,396.76,0.8643582540707919,,8,1,val,current_repo_v1
9920,396.8,0.23655311279882357,,8,1,val,current_repo_v1
9921,396.84,-0.20253650823994712,,8,1,val,current_repo_v1
9922,396.88,-0.46512155941837713,,8,1,val,current_repo_v1
9923,396.92,-0.09472126727975434,,8,1,val,current_repo_v1
9924,396.96,-0.3887017493890257,,8,1,val,current_repo_v1
9925,397.0,0.10800418022100494,,8,1,val,current_repo_v1
9926,397.04,0.9223475497341664,,8,1,val,current_repo_v1
9927,397.08,0.786756838610482,,8,1,val,current_repo_v1
9928,397.12,0.5248599732523448,,8,1,val,current_repo_v1
9929,397.16,0.7506240537444971,,8,1,val,current_repo_v1
9930,397.2,0.5604507627814568,,8,1,val,current_repo_v1
9931,397.24,-0.01810139756070736,,8,1,val,current_repo_v1
9932,397.28,-0.3074269683736027,,8,1,val,current_repo_v1
9933,397.32,-0.11639751687160063,,8,1,val,current_repo_v1
9934,397.36,-0.004661459931512146,,8,1,val,current_repo_v1
9935,397.4,0.08973455735610056,,8,1,val,current_repo_v1
9936,397.44,0.26303317383531055,,8,1,val,current_repo_v1
9937,397.48,0.2394308770979956,,8,1,val,current_repo_v1
9938,397.52,0.531705871875125,,8,1,val,current_repo_v1
9939,397.56,0.5162980292938358,,8,1,val,current_repo_v1
9940,397.6,-0.0970485185615227,,8,1,val,current_repo_v1
9941,397.64,0.6168668891812699,,8,1,val,current_repo_v1
9942,397.68,1.0179896976693845,,8,1,val,current_repo_v1
9943,397.72,0.9822832957735697,,8,1,val,current_repo_v1
9944,397.76,0.47324475373247255,,8,1,val,current_repo_v1
9945,397.8,0.3729904421645572,,8,1,val,current_repo_v1
9946,397.84,0.27710174479874433,,8,1,val,current_repo_v1
9947,397.88,0.12214048278213249,,8,1,val,current_repo_v1
9948,397.92,-0.0520305099039954,,8,1,val,current_repo_v1
9949,397.96,-0.08181780096867768,,8,1,val,current_repo_v1
9950,398.0,-0.26030348887758425,,8,1,val,current_repo_v1
9951,398.04,-0.5355294551015239,,8,1,val,current_repo_v1
9952,398.08,-0.13244935312314834,,8,1,val,current_repo_v1
9953,398.12,0.1506758440932309,,8,1,val,current_repo_v1
9954,398.16,0.582241733769239,,8,1,val,current_repo_v1
9955,398.2,0.5707480326830886,,8,1,val,current_repo_v1
9956,398.24,0.5112232023613433,,8,1,val,current_repo_v1
9957,398.28,0.7705678997773358,,8,1,val,current_repo_v1
9958,398.32,1.0077254293249556,,8,1,val,current_repo_v1
9959,398.36,1.0389873126475582,,8,1,val,current_repo_v1
9960,398.4,1.5256733939236222,,8,1,val,current_repo_v1
9961,398.44,1.2054287062655415,,8,1,val,current_repo_v1
9962,398.48,0.641655905521745,,8,1,val,current_repo_v1
9963,398.52,0.37915104171232894,,8,1,val,current_repo_v1
9964,398.56,0.252599371573371,,8,1,val,current_repo_v1
9965,398.6,0.1868997574492462,,8,1,val,current_repo_v1
9966,398.64,0.26039554397721226,,8,1,val,current_repo_v1
9967,398.68,-0.019174599692180293,,8,1,val,current_repo_v1
9968,398.72,0.045903303940564126,,8,1,val,current_repo_v1
9969,398.76,0.08599392350809261,,8,1,val,current_repo_v1
9970,398.8,-0.2588092774433786,,8,1,val,current_repo_v1
9971,398.84,-0.007130339926374451,,8,1,val,current_repo_v1
9972,398.88,0.3620420151877015,,8,1,val,current_repo_v1
9973,398.92,-0.016089696940570327,,8,1,val,current_repo_v1
9974,398.96,0.7305560420255942,,8,1,val,current_repo_v1
9975,399.0,0.6574590183740269,,8,1,val,current_repo_v1
9976,399.04,0.9658174432260954,,8,1,val,current_repo_v1
9977,399.08,0.09941578334042903,,8,1,val,current_repo_v1
9978,399.12,-0.12819685656960145,,8,1,val,current_repo_v1
9979,399.16,0.34685370780335717,,8,1,val,current_repo_v1
9980,399.2,0.8360126249844883,,8,1,val,current_repo_v1
9981,399.24,0.6328486951305454,,8,1,val,current_repo_v1
9982,399.28,0.3957388859771964,,8,1,val,current_repo_v1
9983,399.32,0.30771215029664695,,8,1,val,current_repo_v1
9984,399.36,-0.2149321924915969,,8,1,val,current_repo_v1
9985,399.4,-0.2042818308750737,,8,1,val,current_repo_v1
9986,399.44,-0.6744841154524196,,8,1,val,current_repo_v1
9987,399.48,-0.7427544297106391,,8,1,val,current_repo_v1
9988,399.52,-0.28070262097226867,,8,1,val,current_repo_v1
9989,399.56,0.0636927292009824,,8,1,val,current_repo_v1
9990,399.6,0.7498514038955095,,8,1,val,current_repo_v1
9991,399.64,1.2518491385488766,,8,1,val,current_repo_v1
9992,399.68,0.5792514576816328,,8,1,val,current_repo_v1
9993,399.72,0.828548927231994,,8,1,val,current_repo_v1
9994,399.76,0.8727475635335217,,8,1,val,current_repo_v1
9995,399.8,0.6332103579842135,,8,1,val,current_repo_v1
9996,399.84,0.6854295131286681,,8,1,val,current_repo_v1
9997,399.88,0.6306864159959616,,8,1,val,current_repo_v1
9998,399.92,0.5844006272149088,,8,1,val,current_repo_v1
9999,399.96,0.3448855890182792,,8,1,val,current_repo_v1
10000,400.0,0.5345164213396479,,8,1,val,current_repo_v1
10001,400.04,0.12767178967729823,,8,1,val,current_repo_v1
10002,400.08,0.19087918928217765,,8,1,val,current_repo_v1
10003,400.12,-0.24075346974309605,,8,1,val,current_repo_v1
10004,400.16,-0.2993206668652462,,8,1,val,current_repo_v1
10005,400.2,-0.0916816314116662,,8,1,val,current_repo_v1
10006,400.24,0.15612425506825156,,8,1,val,current_repo_v1
10007,400.28,0.49195638719479706,,8,1,val,current_repo_v1
10008,400.32,-0.009800882244599131,,8,1,val,current_repo_v1
10009,400.36,-0.6062906385131309,,8,1,val,current_repo_v1
10010,400.4,-0.3819323673357002,,8,1,val,current_repo_v1
10011,400.44,0.0016322506488227325,,8,1,val,current_repo_v1
10012,400.48,-0.24378373259871725,,8,1,val,current_repo_v1
10013,400.52,-0.00264408828244429,,8,1,val,current_repo_v1
10014,400.56,-0.16717747802670074,,8,1,val,current_repo_v1
10015,400.6,-0.3611156194231912,,8,1,val,current_repo_v1
10016,400.64,0.4600249215215129,,8,1,val,current_repo_v1
10017,400.68,0.4561627058026645,,8,1,val,current_repo_v1
10018,400.72,0.582092050680413,,8,1,val,current_repo_v1
10019,400.76,0.5454123166800918,,8,1,val,current_repo_v1
10020,400.8,0.5562562506054146,,8,1,val,current_repo_v1
10021,400.84,-0.20538002362284252,,8,1,val,current_repo_v1
10022,400.88,-0.444029537177751,,8,1,val,current_repo_v1
10023,400.92,-0.8562675267314396,,8,1,val,current_repo_v1
10024,400.96,-0.33437245471926186,,8,1,val,current_repo_v1
10025,401.0,0.11490752863882975,,8,1,val,current_repo_v1
10026,401.04,0.39891487601143893,,8,1,val,current_repo_v1
10027,401.08,-0.07742561801830852,,8,1,val,current_repo_v1
10028,401.12,-0.7637194707975777,,8,1,val,current_repo_v1
10029,401.16,-1.2153746485744004,,8,1,val,current_repo_v1
10030,401.2,-1.666419974680749,,8,1,val,current_repo_v1
10031,401.24,-2.1090117701514957,,8,1,val,current_repo_v1
10032,401.28,-1.7896235548721453,,8,1,val,current_repo_v1
10033,401.32,-1.1445880903153545,,8,1,val,current_repo_v1
10034,401.36,-0.9390315832030199,,8,1,val,current_repo_v1
10035,401.4,-0.8063919810920323,,8,1,val,current_repo_v1
10036,401.44,-1.5093763268782145,,8,1,val,current_repo_v1
10037,401.48,-1.4423197286373899,,8,1,val,current_repo_v1
10038,401.52,-0.7434826022989469,,8,1,val,current_repo_v1
10039,401.56,-0.6333090775451774,,8,1,val,current_repo_v1
10040,401.6,-0.12152204215346636,,8,1,val,current_repo_v1
10041,401.64,-0.010433418030796369,,8,1,val,current_repo_v1
10042,401.68,0.29337053243201305,,8,1,val,current_repo_v1
10043,401.72,-0.05702584442467202,,8,1,val,current_repo_v1
10044,401.76,0.32549991835143893,,8,1,val,current_repo_v1
10045,401.8,0.6689186843768846,,8,1,val,current_repo_v1
10046,401.84,0.3471196447578381,,8,1,val,current_repo_v1
10047,401.88,0.15733820273804583,,8,1,val,current_repo_v1
10048,401.92,0.1896739553064829,,8,1,val,current_repo_v1
10049,401.96,0.02288787182793915,,8,1,val,current_repo_v1
10050,402.0,0.0309243568670075,,8,1,val,current_repo_v1
10051,402.04,0.5850305791858822,,8,1,val,current_repo_v1
10052,402.08,0.7753737960935707,,8,1,val,current_repo_v1
10053,402.12,0.48025209625820076,,8,1,val,current_repo_v1
10054,402.16,0.18033620746247178,,8,1,val,current_repo_v1
10055,402.2,0.010291150046177233,,8,1,val,current_repo_v1
10056,402.24,0.5672156543421175,,8,1,val,current_repo_v1
10057,402.28,0.9828060461418792,,8,1,val,current_repo_v1
10058,402.32,0.9748307886139068,,8,1,val,current_repo_v1
10059,402.36,0.901820082210229,,8,1,val,current_repo_v1
10060,402.4,1.0173646638570437,,8,1,val,current_repo_v1
10061,402.44,1.3810956388691629,,8,1,val,current_repo_v1
10062,402.48,1.6405691350192069,,8,1,val,current_repo_v1
10063,402.52,1.6550578877962736,,8,1,val,current_repo_v1
10064,402.56,1.735194507115328,,8,1,val,current_repo_v1
10065,402.6,1.6831391480366462,,8,1,val,current_repo_v1
10066,402.64,1.6937853220905652,,8,1,val,current_repo_v1
10067,402.68,1.054350856162321,,8,1,val,current_repo_v1
10068,402.72,0.9921576753104374,,8,1,val,current_repo_v1
10069,402.76,1.3061079752504001,,8,1,val,current_repo_v1
10070,402.8,1.3271321767962558,,8,1,val,current_repo_v1
10071,402.84,1.5840155852883193,,8,1,val,current_repo_v1
10072,402.88,1.6313522206305922,,8,1,val,current_repo_v1
10073,402.92,1.6641185615512186,,8,1,val,current_repo_v1
10074,402.96,1.770682371701457,,8,1,val,current_repo_v1
10075,403.0,2.0153269780744925,,8,1,val,current_repo_v1
10076,403.04,1.8129618569712511,,8,1,val,current_repo_v1
10077,403.08,1.5878236656233755,,8,1,val,current_repo_v1
10078,403.12,1.1749480973889497,,8,1,val,current_repo_v1
10079,403.16,1.5836380987938323,,8,1,val,current_repo_v1
10080,403.2,1.2686787922798595,,8,1,val,current_repo_v1
10081,403.24,1.1548907060415872,,8,1,val,current_repo_v1
10082,403.28,0.5564068246650075,,8,1,val,current_repo_v1
10083,403.32,0.7387179044709697,,8,1,val,current_repo_v1
10084,403.36,0.5116401054025544,,8,1,val,current_repo_v1
10085,403.4,0.9525796134056459,,8,1,val,current_repo_v1
10086,403.44,0.623839483847092,,8,1,val,current_repo_v1
10087,403.48,-0.09536905648547957,,8,1,val,current_repo_v1
10088,403.52,-0.15197393504224377,,8,1,val,current_repo_v1
10089,403.56,-0.07707910166767631,,8,1,val,current_repo_v1
10090,403.6,-0.300192321385843,,8,1,val,current_repo_v1
10091,403.64,0.21451479050675637,,8,1,val,current_repo_v1
10092,403.68,0.5791609350517237,,8,1,val,current_repo_v1
10093,403.72,0.4798018709103105,,8,1,val,current_repo_v1
10094,403.76,0.1942246063174389,,8,1,val,current_repo_v1
10095,403.8,0.31796455091046166,,8,1,val,current_repo_v1
10096,403.84,1.0566479926321708,,8,1,val,current_repo_v1
10097,403.88,1.3606400905055234,,8,1,val,current_repo_v1
10098,403.92,1.4171444586500823,,8,1,val,current_repo_v1
10099,403.96,1.040882229274434,,8,1,val,current_repo_v1
10100,404.0,0.32261210390201717,,8,1,val,current_repo_v1
10101,404.04,0.6293154614576382,,8,1,val,current_repo_v1
10102,404.08,0.4290578426062363,,8,1,val,current_repo_v1
10103,404.12,0.3772631459350956,,8,1,val,current_repo_v1
10104,404.16,0.5484863796586099,,8,1,val,current_repo_v1
10105,404.2,0.8569728191904554,,8,1,val,current_repo_v1
10106,404.24,0.7006266233041886,,8,1,val,current_repo_v1
10107,404.28,0.9530178284675994,,8,1,val,current_repo_v1
10108,404.32,0.5295464082081645,,8,1,val,current_repo_v1
10109,404.36,-0.09903549919773429,,8,1,val,current_repo_v1
10110,404.4,0.27966118306234633,,8,1,val,current_repo_v1
10111,404.44,0.8133649321461611,,8,1,val,current_repo_v1
10112,404.48,1.3596322243740948,,8,1,val,current_repo_v1
10113,404.52,1.7929636260828057,,8,1,val,current_repo_v1
10114,404.56,2.0482940368894687,,8,1,val,current_repo_v1
10115,404.6,1.606440535434941,,8,1,val,current_repo_v1
10116,404.64,1.541384558592768,,8,1,val,current_repo_v1
10117,404.68,1.9963531497349076,,8,1,val,current_repo_v1
10118,404.72,2.6683442577040997,,8,1,val,current_repo_v1
10119,404.76,2.48112122042182,,8,1,val,current_repo_v1
10120,404.8,2.1872576782256936,,8,1,val,current_repo_v1
10121,404.84,1.9369234038133976,,8,1,val,current_repo_v1
10122,404.88,1.6513267873354707,,8,1,val,current_repo_v1
10123,404.92,1.9799162359179396,,8,1,val,current_repo_v1
10124,404.96,2.3075139271204446,,8,1,val,current_repo_v1
