frame_idx,timestamp_s,y_pred,y_true,subject_id,story_id,split,manifest_id
0,0.0,0.30425685511331285,,10,1,val,current_repo_v1
1,0.04,0.30425685511331285,,10,1,val,current_repo_v1
2,0.08,0.30425685511331285,,10,1,val,current_repo_v1
3,0.12,0.30425685511331285,,10,1,val,current_repo_v1
4,0.16,0.4675406444283533,,10,1,val,current_repo_v1
5,0.2,0.40699591082692216,,10,1,val,current_repo_v1
6,0.24,0.4534826996016343,,10,1,val,current_repo_v1
7,0.28,0.5493642019517767,,10,1,val,current_repo_v1
8,0.32,0.6053252455548214,,10,1,val,current_repo_v1
9,0.36,0.5503332757393463,,10,1,val,current_repo_v1
10,0.4,0.5913346549174933,,10,1,val,current_repo_v1
11,0.44,0.5423647299699325,,10,1,val,current_repo_v1
12,0.48,0.5850416105564942,,10,1,val,current_repo_v1
13,0.52,0.5391579319450105,,10,1,val,current_repo_v1
14,0.56,0.3374306399131606,,10,1,val,current_repo_v1
15,0.6,0.4435520893647647,,10,1,val,current_repo_v1
16,0.64,0.6925334451799768,,10,1,val,current_repo_v1
17,0.68,0.6140557905478156,,10,1,val,current_repo_v1
18,0.72,0.6191700486647208,,10,1,val,current_repo_v1
19,0.76,0.6748455843657385,,10,1,val,current_repo_v1
20,0.8,0.6730816256276535,,10,1,val,current_repo_v1
21,0.84,1.0537059972047131,,10,1,val,current_repo_v1
22,0.88,0.6512725853061472,,10,1,val,current_repo_v1
23,0.92,0.5525991374970708,,10,1,val,current_repo_v1
24,0.96,0.6289999793365085,,10,1,val,current_repo_v1
25,1.0,0.44988566934105007,,10,1,val,current_repo_v1
26,1.04,0.4086889981855696,,10,1,val,current_repo_v1
27,1.08,0.22608778994285886,,10,1,val,current_repo_v1
28,1.12,0.39768687600102526,,10,1,val,current_repo_v1
29,1.16,0.49978175835761296,,10,1,val,current_repo_v1
30,1.2,0.5378307202809531,,10,1,val,current_repo_v1
31,1.24,0.7786488978225516,,10,1,val,current_repo_v1
32,1.28,0.7119746252324093,,10,1,val,current_repo_v1
33,1.32,0.544179072455434,,10,1,val,current_repo_v1
34,1.36,0.4999519903558649,,10,1,val,current_repo_v1
35,1.4,0.45466640991179325,,10,1,val,current_repo_v1
36,1.44,0.3796331394921969,,10,1,val,current_repo_v1
37,1.48,0.3722827398734603,,10,1,val,current_repo_v1
38,1.52,0.5120282623806188,,10,1,val,current_repo_v1
39,1.56,0.3667108074017506,,10,1,val,current_repo_v1
40,1.6,0.4141263102082484,,10,1,val,current_repo_v1
41,1.64,0.44164542064054185,,10,1,val,current_repo_v1
42,1.68,0.5530089780672425,,10,1,val,current_repo_v1
43,1.72,0.6215312262727062,,10,1,val,current_repo_v1
44,1.76,0.8625722178037523,,10,1,val,current_repo_v1
45,1.8,0.6241677998613347,,10,1,val,current_repo_v1
46,1.84,0.5300655560259797,,10,1,val,current_repo_v1
47,1.88,0.5666497841544433,,10,1,val,current_repo_v1
48,1.92,0.22419171675365118,,10,1,val,current_repo_v1
49,1.96,0.5256736408148802,,10,1,val,current_repo_v1
50,2.0,0.38390705297723543,,10,1,val,current_repo_v1
51,2.04,0.5105049673714676,,10,1,val,current_repo_v1
52,2.08,0.7049141300032578,,10,1,val,current_repo_v1
53,2.12,0.576869243623884,,10,1,val,current_repo_v1
54,2.16,0.47996590963547403,,10,1,val,current_repo_v1
55,2.2,0.3250253347595539,,10,1,val,current_repo_v1
56,2.24,0.5724917488919752,,10,1,val,current_repo_v1
57,2.28,0.6301942412168071,,10,1,val,current_repo_v1
58,2.32,0.4054218803513497,,10,1,val,current_repo_v1
59,2.36,0.5109314266646091,,10,1,val,current_repo_v1
60,2.4,0.6265127104653551,,10,1,val,current_repo_v1
61,2.44,0.762545443194523,,10,1,val,current_repo_v1
62,2.48,0.6790237423517603,,10,1,val,current_repo_v1
63,2.52,0.556845353110493,,10,1,val,current_repo_v1
64,2.56,0.4955597234257607,,10,1,val,current_repo_v1
65,2.6,0.2879823771192719,,10,1,val,current_repo_v1
66,2.64,0.27076599563077064,,10,1,val,current_repo_v1
67,2.68,0.3877043872109694,,10,1,val,current_repo_v1
68,2.72,0.3794789986384078,,10,1,val,current_repo_v1
69,2.76,0.3091745023066172,,10,1,val,current_repo_v1
70,2.8,0.2688892230219433,,10,1,val,current_repo_v1
71,2.84,0.29021922205911255,,10,1,val,current_repo_v1
72,2.88,0.3543079642811765,,10,1,val,current_repo_v1
73,2.92,0.4933609520681737,,10,1,val,current_repo_v1
74,2.96,0.6121848213025649,,10,1,val,current_repo_v1
75,3.0,0.4378968874187035,,10,1,val,current_repo_v1
76,3.04,0.37256094960614067,,10,1,val,current_repo_v1
77,3.08,0.2715480428376162,,10,1,val,current_repo_v1
78,3.12,0.4172040273584628,,10,1,val,current_repo_v1
79,3.16,0.604755548697035,,10,1,val,current_repo_v1
80,3.2,0.2263796727518451,,10,1,val,current_repo_v1
81,3.24,0.21164299817589732,,10,1,val,current_repo_v1
82,3.28,0.2937233985024684,,10,1,val,current_repo_v1
83,3.32,0.14957382647854975,,10,1,val,current_repo_v1
84,3.36,0.19252324532884188,,10,1,val,current_repo_v1
85,3.4,0.40907958214023654,,10,1,val,current_repo_v1
86,3.44,0.32397554146041646,,10,1,val,current_repo_v1
87,3.48,0.35217197476592,,10,1,val,current_repo_v1
88,3.52,0.47642489062638077,,10,1,val,current_repo_v1
89,3.56,0.6893467830680713,,10,1,val,current_repo_v1
90,3.6,0.5582269053607691,,10,1,val,current_repo_v1
91,3.64,0.5034492203488788,,10,1,val,current_repo_v1
92,3.68,0.9945391228040095,,10,1,val,current_repo_v1
93,3.72,1.590639702129175,,10,1,val,current_repo_v1
94,3.76,1.7749364157986902,,10,1,val,current_repo_v1
95,3.8,1.9869897381583905,,10,1,val,current_repo_v1
96,3.84,2.2058602541257737,,10,1,val,current_repo_v1
97,3.88,2.4333550959467463,,10,1,val,current_repo_v1
98,3.92,2.45462196142258,,10,1,val,current_repo_v1
99,3.96,2.58513011185104,,10,1,val,current_repo_v1
100,4.0,2.741433685799741,,10,1,val,current_repo_v1
101,4.04,2.59609108291204,,10,1,val,current_repo_v1
102,4.08,2.9983106056909015,,10,1,val,current_repo_v1
103,4.12,2.9744271266799527,,10,1,val,current_repo_v1
104,4.16,3.068387100177926,,10,1,val,current_repo_v1
105,4.2,3.0717083827388625,,10,1,val,current_repo_v1
106,4.24,2.9483401281048547,,10,1,val,current_repo_v1
107,4.28,2.8986007299048646,,10,1,val,current_repo_v1
108,4.32,2.8098651905020042,,10,1,val,current_repo_v1
109,4.36,2.7350665166585113,,10,1,val,current_repo_v1
110,4.4,2.1274230471791475,,10,1,val,current_repo_v1
111,4.44,0.8000701679414283,,10,1,val,current_repo_v1
112,4.48,-0.9618998629614828,,10,1,val,current_repo_v1
113,4.52,-1.9699978413246089,,10,1,val,current_repo_v1
114,4.56,-3.0036824100489636,,10,1,val,current_repo_v1
115,4.6,-3.145753322755384,,10,1,val,current_repo_v1
116,4.64,-2.329801459018361,,10,1,val,current_repo_v1
117,4.68,-1.837871080036737,,10,1,val,current_repo_v1
118,4.72,-2.064315513050314,,10,1,val,current_repo_v1
119,4.76,-2.003719780193208,,10,1,val,current_repo_v1
120,4.8,-1.7543174167294264,,10,1,val,current_repo_v1
121,4.84,-1.053142367499757,,10,1,val,current_repo_v1
122,4.88,0.5921240882234365,,10,1,val,current_repo_v1
123,4.92,2.181851739008671,,10,1,val,current_repo_v1
124,4.96,2.385375347927034,,10,1,val,current_repo_v1
125,5.0,2.4937957207228,,10,1,val,current_repo_v1
126,5.04,2.550785454484703,,10,1,val,current_repo_v1
127,5.08,2.615983958096198,,10,1,val,current_repo_v1
128,5.12,2.465412700485328,,10,1,val,current_repo_v1
129,5.16,2.4777708752923115,,10,1,val,current_repo_v1
130,5.2,2.5190582899509923,,10,1,val,current_repo_v1
131,5.24,2.500047701890006,,10,1,val,current_repo_v1
132,5.28,2.4748938138342513,,10,1,val,current_repo_v1
133,5.32,2.3092568485185816,,10,1,val,current_repo_v1
134,5.36,2.384732405586529,,10,1,val,current_repo_v1
135,5.4,2.3868221440526733,,10,1,val,current_repo_v1
136,5.44,2.392781495008008,,10,1,val,current_repo_v1
137,5.48,2.4916041596048086,,10,1,val,current_repo_v1
138,5.52,2.4429688073604234,,10,1,val,current_repo_v1
139,5.56,2.5215431847188645,,10,1,val,current_repo_v1
140,5.6,2.42714162801055,,10,1,val,current_repo_v1
141,5.64,2.037738921620739,,10,1,val,current_repo_v1
142,5.68,1.791785690576085,,10,1,val,current_repo_v1
143,5.72,2.103033092801499,,10,1,val,current_repo_v1
144,5.76,2.059250583523811,,10,1,val,current_repo_v1
145,5.8,1.9933159320355782,,10,1,val,current_repo_v1
146,5.84,2.004266527385941,,10,1,val,current_repo_v1
147,5.88,2.1590527855485697,,10,1,val,current_repo_v1
148,5.92,1.971029081446251,,10,1,val,current_repo_v1
149,5.96,1.8691454063519573,,10,1,val,current_repo_v1
150,6.0,2.188897725828881,,10,1,val,current_repo_v1
151,6.04,2.2499158732105746,,10,1,val,current_repo_v1
152,6.08,2.2891837173445393,,10,1,val,current_repo_v1
153,6.12,2.2732381845495997,,10,1,val,current_repo_v1
154,6.16,2.4588320379082744,,10,1,val,current_repo_v1
155,6.2,2.441452370871863,,10,1,val,current_repo_v1
156,6.24,2.5820712116675746,,10,1,val,current_repo_v1
157,6.28,2.8215229169112215,,10,1,val,current_repo_v1
158,6.32,2.7883846557308436,,10,1,val,current_repo_v1
159,6.36,2.640256790045297,,10,1,val,current_repo_v1
160,6.4,2.273719512007467,,10,1,val,current_repo_v1
161,6.44,2.2849804993794356,,10,1,val,current_repo_v1
162,6.48,2.2489966555919145,,10,1,val,current_repo_v1
163,6.52,2.5946694346952333,,10,1,val,current_repo_v1
164,6.56,2.642762787953448,,10,1,val,current_repo_v1
165,6.6,2.710509144034648,,10,1,val,current_repo_v1
166,6.64,2.732512684965727,,10,1,val,current_repo_v1
167,6.68,2.6282603582345994,,10,1,val,current_repo_v1
168,6.72,2.4116644090703057,,10,1,val,current_repo_v1
169,6.76,2.461417876030482,,10,1,val,current_repo_v1
170,6.8,2.4112124501493266,,10,1,val,current_repo_v1
171,6.84,2.4309366760707536,,10,1,val,current_repo_v1
172,6.88,2.4838121767757304,,10,1,val,current_repo_v1
173,6.92,2.353192179703791,,10,1,val,current_repo_v1
174,6.96,2.3196786343454487,,10,1,val,current_repo_v1
175,7.0,2.1521808996356633,,10,1,val,current_repo_v1
176,7.04,2.1635869710970512,,10,1,val,current_repo_v1
177,7.08,2.1425875879242557,,10,1,val,current_repo_v1
178,7.12,2.263248837238953,,10,1,val,current_repo_v1
179,7.16,2.2213100389836553,,10,1,val,current_repo_v1
180,7.2,2.2390533834708775,,10,1,val,current_repo_v1
181,7.24,2.0653652184197,,10,1,val,current_repo_v1
182,7.28,1.9882212822531824,,10,1,val,current_repo_v1
183,7.32,1.822538945185912,,10,1,val,current_repo_v1
184,7.36,1.8583115817111393,,10,1,val,current_repo_v1
185,7.4,1.7829199096258017,,10,1,val,current_repo_v1
186,7.44,2.015155571910489,,10,1,val,current_repo_v1
187,7.48,1.9881152389732795,,10,1,val,current_repo_v1
188,7.52,1.9016227875225924,,10,1,val,current_repo_v1
189,7.56,1.9041015272078832,,10,1,val,current_repo_v1
190,7.6,1.9993058825443177,,10,1,val,current_repo_v1
191,7.64,1.9982897663398758,,10,1,val,current_repo_v1
192,7.68,2.14762772126093,,10,1,val,current_repo_v1
193,7.72,2.086519182095041,,10,1,val,current_repo_v1
194,7.76,1.921203512090121,,10,1,val,current_repo_v1
195,7.8,1.6499309091980234,,10,1,val,current_repo_v1
196,7.84,1.493760109173579,,10,1,val,current_repo_v1
197,7.88,1.2035120901209606,,10,1,val,current_repo_v1
198,7.92,1.1282836156537819,,10,1,val,current_repo_v1
199,7.96,1.2791830270959925,,10,1,val,current_repo_v1
200,8.0,1.3463390228278824,,10,1,val,current_repo_v1
201,8.04,1.152785944253417,,10,1,val,current_repo_v1
202,8.08,1.1359067733606267,,10,1,val,current_repo_v1
203,8.12,1.3865987145549676,,10,1,val,current_repo_v1
204,8.16,1.4300982658934125,,10,1,val,current_repo_v1
205,8.2,1.3957254710067033,,10,1,val,current_repo_v1
206,8.24,1.3453216756069242,,10,1,val,current_repo_v1
207,8.28,1.297917339878824,,10,1,val,current_repo_v1
208,8.32,1.2360909422244382,,10,1,val,current_repo_v1
209,8.36,1.239654383320078,,10,1,val,current_repo_v1
210,8.4,1.3335563231822831,,10,1,val,current_repo_v1
211,8.44,1.2438899594336092,,10,1,val,current_repo_v1
212,8.48,1.0974684584991359,,10,1,val,current_repo_v1
213,8.52,0.991589079652484,,10,1,val,current_repo_v1
214,8.56,0.9035441405152596,,10,1,val,current_repo_v1
215,8.6,1.2024426884873136,,10,1,val,current_repo_v1
216,8.64,1.315253217899156,,10,1,val,current_repo_v1
217,8.68,1.4701281092509573,,10,1,val,current_repo_v1
218,8.72,1.2801991433004345,,10,1,val,current_repo_v1
219,8.76,1.3414198808288083,,10,1,val,current_repo_v1
220,8.8,1.3224091169083196,,10,1,val,current_repo_v1
221,8.84,1.3003964312831193,,10,1,val,current_repo_v1
222,8.88,1.3978985668769506,,10,1,val,current_repo_v1
223,8.92,1.4932740335091488,,10,1,val,current_repo_v1
224,8.96,1.280110510111262,,10,1,val,current_repo_v1
225,9.0,1.1968371668506597,,10,1,val,current_repo_v1
226,9.04,1.081983325881287,,10,1,val,current_repo_v1
227,9.08,1.0973977629792007,,10,1,val,current_repo_v1
228,9.12,1.302544906823041,,10,1,val,current_repo_v1
229,9.16,1.144641187262672,,10,1,val,current_repo_v1
230,9.2,1.1916723491268355,,10,1,val,current_repo_v1
231,9.24,1.011710396330164,,10,1,val,current_repo_v1
232,9.28,1.1491139978448417,,10,1,val,current_repo_v1
233,9.32,1.2897753966401162,,10,1,val,current_repo_v1
234,9.36,1.427557623663303,,10,1,val,current_repo_v1
235,9.4,1.328108547519216,,10,1,val,current_repo_v1
236,9.44,1.3896954245314332,,10,1,val,current_repo_v1
237,9.48,1.394838435676969,,10,1,val,current_repo_v1
238,9.52,1.2011409764510936,,10,1,val,current_repo_v1
239,9.56,1.1645205212651508,,10,1,val,current_repo_v1
240,9.6,1.0844395555502797,,10,1,val,current_repo_v1
241,9.64,0.9882537283313615,,10,1,val,current_repo_v1
242,9.68,1.1960545920653072,,10,1,val,current_repo_v1
243,9.72,1.2202178635444572,,10,1,val,current_repo_v1
244,9.76,1.4388316246384438,,10,1,val,current_repo_v1
245,9.8,1.5801820409638332,,10,1,val,current_repo_v1
246,9.84,1.4940766562777665,,10,1,val,current_repo_v1
247,9.88,1.479426856295968,,10,1,val,current_repo_v1
248,9.92,1.4528919435684442,,10,1,val,current_repo_v1
249,9.96,1.281915004464633,,10,1,val,current_repo_v1
250,10.0,1.1826423154013794,,10,1,val,current_repo_v1
251,10.04,1.0465483396005264,,10,1,val,current_repo_v1
252,10.08,1.0965571545580806,,10,1,val,current_repo_v1
253,10.12,1.128430282478722,,10,1,val,current_repo_v1
254,10.16,1.473806210742114,,10,1,val,current_repo_v1
255,10.2,1.681823381663921,,10,1,val,current_repo_v1
256,10.24,1.6629014267921072,,10,1,val,current_repo_v1
257,10.28,1.8422904293301996,,10,1,val,current_repo_v1
258,10.32,1.7223055356614494,,10,1,val,current_repo_v1
259,10.36,1.8568552891723744,,10,1,val,current_repo_v1
260,10.4,1.990610685311291,,10,1,val,current_repo_v1
261,10.44,2.0741829897258484,,10,1,val,current_repo_v1
262,10.48,2.310883548915101,,10,1,val,current_repo_v1
263,10.52,2.2829086985825287,,10,1,val,current_repo_v1
264,10.56,2.356741552039245,,10,1,val,current_repo_v1
265,10.6,2.117865786665717,,10,1,val,current_repo_v1
266,10.64,2.1089361687160895,,10,1,val,current_repo_v1
267,10.68,2.0236603133024964,,10,1,val,current_repo_v1
268,10.72,2.0433528845135043,,10,1,val,current_repo_v1
269,10.76,1.8347917801510019,,10,1,val,current_repo_v1
270,10.8,1.7511989001746724,,10,1,val,current_repo_v1
271,10.84,1.6505926685052779,,10,1,val,current_repo_v1
272,10.88,1.8892477302033859,,10,1,val,current_repo_v1
273,10.92,2.012757903455771,,10,1,val,current_repo_v1
274,10.96,1.9118210559220028,,10,1,val,current_repo_v1
275,11.0,1.9657573411450124,,10,1,val,current_repo_v1
276,11.04,2.1711311678873515,,10,1,val,current_repo_v1
277,11.08,2.071011011882387,,10,1,val,current_repo_v1
278,11.12,1.8564597811516423,,10,1,val,current_repo_v1
279,11.16,1.8184940007729025,,10,1,val,current_repo_v1
280,11.2,1.619551883609147,,10,1,val,current_repo_v1
281,11.24,1.558713640498333,,10,1,val,current_repo_v1
282,11.28,1.4005093770484884,,10,1,val,current_repo_v1
283,11.32,1.5052066283205021,,10,1,val,current_repo_v1
284,11.36,1.5053677156246332,,10,1,val,current_repo_v1
285,11.4,1.3698182008429824,,10,1,val,current_repo_v1
286,11.44,1.1516769742317468,,10,1,val,current_repo_v1
287,11.48,0.8881019176159782,,10,1,val,current_repo_v1
288,11.52,1.0126076315110333,,10,1,val,current_repo_v1
289,11.56,0.8312414405882852,,10,1,val,current_repo_v1
290,11.6,1.0169766849868302,,10,1,val,current_repo_v1
291,11.64,0.9499121361961502,,10,1,val,current_repo_v1
292,11.68,1.0459358209539236,,10,1,val,current_repo_v1
293,11.72,0.9177541158817397,,10,1,val,current_repo_v1
294,11.76,0.9981565527668635,,10,1,val,current_repo_v1
295,11.8,1.130735097116212,,10,1,val,current_repo_v1
296,11.84,1.0849025936199053,,10,1,val,current_repo_v1
297,11.88,0.9274770360463619,,10,1,val,current_repo_v1
298,11.92,1.1076586373614392,,10,1,val,current_repo_v1
299,11.96,1.1936497133709936,,10,1,val,current_repo_v1
300,12.0,1.3215405468263295,,10,1,val,current_repo_v1
301,12.04,1.252242582356104,,10,1,val,current_repo_v1
302,12.08,1.2385710887857473,,10,1,val,current_repo_v1
303,12.12,0.9897668234893778,,10,1,val,current_repo_v1
304,12.16,1.1956270776151516,,10,1,val,current_repo_v1
305,12.2,1.0856545688518529,,10,1,val,current_repo_v1
306,12.24,1.255720379874111,,10,1,val,current_repo_v1
307,12.28,1.1548623173973849,,10,1,val,current_repo_v1
308,12.32,1.1995235966081979,,10,1,val,current_repo_v1
309,12.36,1.4537596343529227,,10,1,val,current_repo_v1
310,12.4,1.3659902670558437,,10,1,val,current_repo_v1
311,12.44,1.2792600535580114,,10,1,val,current_repo_v1
312,12.48,1.277780371705437,,10,1,val,current_repo_v1
313,12.52,1.1919658586362183,,10,1,val,current_repo_v1
314,12.56,1.371196587622217,,10,1,val,current_repo_v1
315,12.6,1.115015543781762,,10,1,val,current_repo_v1
316,12.64,0.853106228372029,,10,1,val,current_repo_v1
317,12.68,0.8898946293826936,,10,1,val,current_repo_v1
318,12.72,0.6451297249601349,,10,1,val,current_repo_v1
319,12.76,0.47070057589590525,,10,1,val,current_repo_v1
320,12.8,0.4168924043203404,,10,1,val,current_repo_v1
321,12.84,0.31191452524748925,,10,1,val,current_repo_v1
322,12.88,0.36786075268746293,,10,1,val,current_repo_v1
323,12.92,0.6603684784152245,,10,1,val,current_repo_v1
324,12.96,1.035401309186065,,10,1,val,current_repo_v1
325,13.0,0.8893848126854493,,10,1,val,current_repo_v1
326,13.04,0.8438966420946977,,10,1,val,current_repo_v1
327,13.08,0.8851096681838945,,10,1,val,current_repo_v1
328,13.12,0.1412949766172809,,10,1,val,current_repo_v1
329,13.16,-0.0883495497776916,,10,1,val,current_repo_v1
330,13.2,0.01661973416198331,,10,1,val,current_repo_v1
331,13.24,0.38223700321339277,,10,1,val,current_repo_v1
332,13.28,0.22135220129933794,,10,1,val,current_repo_v1
333,13.32,0.725331418223353,,10,1,val,current_repo_v1
334,13.36,1.3363881887482452,,10,1,val,current_repo_v1
335,13.4,1.4142909586673016,,10,1,val,current_repo_v1
336,13.44,1.4364977931830702,,10,1,val,current_repo_v1
337,13.48,1.7678308126071918,,10,1,val,current_repo_v1
338,13.52,1.4296813030133966,,10,1,val,current_repo_v1
339,13.56,1.0992198432828044,,10,1,val,current_repo_v1
340,13.6,0.8934930665192964,,10,1,val,current_repo_v1
341,13.64,0.9447234015800097,,10,1,val,current_repo_v1
342,13.68,0.7875542471608582,,10,1,val,current_repo_v1
343,13.72,0.8043859359880204,,10,1,val,current_repo_v1
344,13.76,0.9061092272161925,,10,1,val,current_repo_v1
345,13.8,0.9475338122866879,,10,1,val,current_repo_v1
346,13.84,1.0535946781397405,,10,1,val,current_repo_v1
347,13.88,1.0692463497062927,,10,1,val,current_repo_v1
348,13.92,1.1084519395764336,,10,1,val,current_repo_v1
349,13.96,1.119574173801067,,10,1,val,current_repo_v1
350,14.0,1.064779518347202,,10,1,val,current_repo_v1
351,14.04,0.9621607505331841,,10,1,val,current_repo_v1
352,14.08,0.9863774833010411,,10,1,val,current_repo_v1
353,14.12,1.096629608673039,,10,1,val,current_repo_v1
354,14.16,1.10311935188739,,10,1,val,current_repo_v1
355,14.2,1.187462448500644,,10,1,val,current_repo_v1
356,14.24,1.2141435004746008,,10,1,val,current_repo_v1
357,14.28,1.0909097783598727,,10,1,val,current_repo_v1
358,14.32,0.9839135158139459,,10,1,val,current_repo_v1
359,14.36,1.1784334699322017,,10,1,val,current_repo_v1
360,14.4,1.0446413191572987,,10,1,val,current_repo_v1
361,14.44,1.2280961933891774,,10,1,val,current_repo_v1
362,14.48,1.0771974853849762,,10,1,val,current_repo_v1
363,14.52,0.9295796122561762,,10,1,val,current_repo_v1
364,14.56,1.076725478480732,,10,1,val,current_repo_v1
365,14.6,1.1096887594562952,,10,1,val,current_repo_v1
366,14.64,1.2368561069190602,,10,1,val,current_repo_v1
367,14.68,1.150682488746091,,10,1,val,current_repo_v1
368,14.72,0.9787339258919264,,10,1,val,current_repo_v1
369,14.76,1.0186385572838148,,10,1,val,current_repo_v1
370,14.8,1.0148734053390065,,10,1,val,current_repo_v1
371,14.84,0.7747369031933008,,10,1,val,current_repo_v1
372,14.88,1.0080301845249793,,10,1,val,current_repo_v1
373,14.92,0.7257503155578945,,10,1,val,current_repo_v1
374,14.96,0.6387489267074749,,10,1,val,current_repo_v1
375,15.0,0.5886100636479504,,10,1,val,current_repo_v1
376,15.04,0.6546018694744394,,10,1,val,current_repo_v1
377,15.08,0.7606918840400028,,10,1,val,current_repo_v1
378,15.12,0.866223412791053,,10,1,val,current_repo_v1
379,15.16,0.7849174097829762,,10,1,val,current_repo_v1
380,15.2,0.8115835136992354,,10,1,val,current_repo_v1
381,15.24,0.741378290056508,,10,1,val,current_repo_v1
382,15.28,1.1085877031122295,,10,1,val,current_repo_v1
383,15.32,1.088513340921671,,10,1,val,current_repo_v1
384,15.36,1.0649423642463562,,10,1,val,current_repo_v1
385,15.4,0.9291723216487884,,10,1,val,current_repo_v1
386,15.44,0.9320499106853553,,10,1,val,current_repo_v1
387,15.48,1.050180541761576,,10,1,val,current_repo_v1
388,15.52,1.217819139932725,,10,1,val,current_repo_v1
389,15.56,1.2400711703405916,,10,1,val,current_repo_v1
390,15.6,1.2681126714245454,,10,1,val,current_repo_v1
391,15.64,1.0328063263697367,,10,1,val,current_repo_v1
392,15.68,1.1395926126698859,,10,1,val,current_repo_v1
393,15.72,0.9955035363147674,,10,1,val,current_repo_v1
394,15.76,0.7797847743480778,,10,1,val,current_repo_v1
395,15.8,0.8347405171060737,,10,1,val,current_repo_v1
396,15.84,0.6134074844924893,,10,1,val,current_repo_v1
397,15.88,0.7232109922740524,,10,1,val,current_repo_v1
398,15.92,0.8622271814601878,,10,1,val,current_repo_v1
399,15.96,0.939616441632451,,10,1,val,current_repo_v1
400,16.0,0.9224267028585522,,10,1,val,current_repo_v1
401,16.04,0.8873358736238445,,10,1,val,current_repo_v1
402,16.08,0.6574504416931225,,10,1,val,current_repo_v1
403,16.12,0.44946351860571554,,10,1,val,current_repo_v1
404,16.16,0.24349748498929236,,10,1,val,current_repo_v1
405,16.2,0.33449237934829107,,10,1,val,current_repo_v1
406,16.24,0.3482683334630297,,10,1,val,current_repo_v1
407,16.28,0.5493608606212325,,10,1,val,current_repo_v1
408,16.32,0.9719434629285971,,10,1,val,current_repo_v1
409,16.36,1.1494741581056063,,10,1,val,current_repo_v1
410,16.4,1.2491922992882527,,10,1,val,current_repo_v1
411,16.44,1.1390732995595159,,10,1,val,current_repo_v1
412,16.48,1.4275658890599123,,10,1,val,current_repo_v1
413,16.52,1.2983390509654027,,10,1,val,current_repo_v1
414,16.56,1.1006219710948528,,10,1,val,current_repo_v1
415,16.6,1.1295677417397694,,10,1,val,current_repo_v1
416,16.64,1.2254377252925093,,10,1,val,current_repo_v1
417,16.68,1.1010426270244176,,10,1,val,current_repo_v1
418,16.72,0.8964095205058774,,10,1,val,current_repo_v1
419,16.76,0.9144651914692314,,10,1,val,current_repo_v1
420,16.8,1.1586589481931096,,10,1,val,current_repo_v1
421,16.84,1.1026492794376717,,10,1,val,current_repo_v1
422,16.88,0.6203585951111937,,10,1,val,current_repo_v1
423,16.92,0.627776700638326,,10,1,val,current_repo_v1
424,16.96,0.8762913692992395,,10,1,val,current_repo_v1
425,17.0,0.8497965525382462,,10,1,val,current_repo_v1
426,17.04,1.1698001752439942,,10,1,val,current_repo_v1
427,17.08,0.8630391247824288,,10,1,val,current_repo_v1
428,17.12,0.9575410972665718,,10,1,val,current_repo_v1
429,17.16,1.0442866105411066,,10,1,val,current_repo_v1
430,17.2,0.9013629551079052,,10,1,val,current_repo_v1
431,17.24,0.8919170136594472,,10,1,val,current_repo_v1
432,17.28,0.9347187544926607,,10,1,val,current_repo_v1
433,17.32,0.9103810303872031,,10,1,val,current_repo_v1
434,17.36,1.0333119224389251,,10,1,val,current_repo_v1
435,17.4,1.0415947291389962,,10,1,val,current_repo_v1
436,17.44,1.136578732519016,,10,1,val,current_repo_v1
437,17.48,1.1411705999842605,,10,1,val,current_repo_v1
438,17.52,1.019223817707557,,10,1,val,current_repo_v1
439,17.56,0.9143192280823005,,10,1,val,current_repo_v1
440,17.6,0.7297949082518994,,10,1,val,current_repo_v1
441,17.64,0.7981448581099588,,10,1,val,current_repo_v1
442,17.68,0.9968931781021506,,10,1,val,current_repo_v1
443,17.72,1.1429837114532457,,10,1,val,current_repo_v1
444,17.76,1.1861614399024332,,10,1,val,current_repo_v1
445,17.8,1.089975612683515,,10,1,val,current_repo_v1
446,17.84,1.022899808884686,,10,1,val,current_repo_v1
447,17.88,1.28595520067108,,10,1,val,current_repo_v1
448,17.92,0.9792497218122498,,10,1,val,current_repo_v1
449,17.96,0.8515767782802963,,10,1,val,current_repo_v1
450,18.0,1.026419812683251,,10,1,val,current_repo_v1
451,18.04,1.3738752795616527,,10,1,val,current_repo_v1
452,18.08,1.3065439519059434,,10,1,val,current_repo_v1
453,18.12,1.2809996557550243,,10,1,val,current_repo_v1
454,18.16,1.3580964615749185,,10,1,val,current_repo_v1
455,18.2,1.0286952587838525,,10,1,val,current_repo_v1
456,18.24,1.2095161093898863,,10,1,val,current_repo_v1
457,18.28,1.112491959923378,,10,1,val,current_repo_v1
458,18.32,1.2936423712367715,,10,1,val,current_repo_v1
459,18.36,1.4264688774844,,10,1,val,current_repo_v1
460,18.4,1.3054115925704637,,10,1,val,current_repo_v1
461,18.44,1.444368209350186,,10,1,val,current_repo_v1
462,18.48,1.6293243961534252,,10,1,val,current_repo_v1
463,18.52,1.8647457533227554,,10,1,val,current_repo_v1
464,18.56,1.928644655212058,,10,1,val,current_repo_v1
465,18.6,1.446999595083496,,10,1,val,current_repo_v1
466,18.64,1.2261786213758104,,10,1,val,current_repo_v1
467,18.68,1.328655998149958,,10,1,val,current_repo_v1
468,18.72,0.9382526511919098,,10,1,val,current_repo_v1
469,18.76,0.814199072077336,,10,1,val,current_repo_v1
470,18.8,0.6558336773584847,,10,1,val,current_repo_v1
471,18.84,0.9442427775601516,,10,1,val,current_repo_v1
472,18.88,1.0846259666227458,,10,1,val,current_repo_v1
473,18.92,1.3437783326145076,,10,1,val,current_repo_v1
474,18.96,1.6072084810003593,,10,1,val,current_repo_v1
475,19.0,1.7995789044216794,,10,1,val,current_repo_v1
476,19.04,1.7217728572289026,,10,1,val,current_repo_v1
477,19.08,1.8430819729501706,,10,1,val,current_repo_v1
478,19.12,1.6424873040430539,,10,1,val,current_repo_v1
479,19.16,1.6065803108580492,,10,1,val,current_repo_v1
480,19.2,1.7029572973559963,,10,1,val,current_repo_v1
481,19.24,1.6071708470668613,,10,1,val,current_repo_v1
482,19.28,1.6785893254161386,,10,1,val,current_repo_v1
483,19.32,1.7376835698423816,,10,1,val,current_repo_v1
484,19.36,1.6475828331229614,,10,1,val,current_repo_v1
485,19.4,1.6069791602093255,,10,1,val,current_repo_v1
486,19.44,1.4526561159758247,,10,1,val,current_repo_v1
487,19.48,1.6472778927459275,,10,1,val,current_repo_v1
488,19.52,1.464663099356662,,10,1,val,current_repo_v1
489,19.56,1.4292828053811248,,10,1,val,current_repo_v1
490,19.6,1.5457656329205471,,10,1,val,current_repo_v1
491,19.64,1.197551859868114,,10,1,val,current_repo_v1
492,19.68,1.2022601463238989,,10,1,val,current_repo_v1
493,19.72,1.0073849560109438,,10,1,val,current_repo_v1
494,19.76,0.806028991318256,,10,1,val,current_repo_v1
495,19.8,0.6083183742844167,,10,1,val,current_repo_v1
496,19.84,0.8833232873592629,,10,1,val,current_repo_v1
497,19.88,0.9045191055961571,,10,1,val,current_repo_v1
498,19.92,0.7412543091073679,,10,1,val,current_repo_v1
499,19.96,0.7101597551684009,,10,1,val,current_repo_v1
500,20.0,0.9670257278055416,,10,1,val,current_repo_v1
501,20.04,0.88132816130537,,10,1,val,current_repo_v1
502,20.08,0.8722731555305835,,10,1,val,current_repo_v1
503,20.12,0.9598571669122105,,10,1,val,current_repo_v1
504,20.16,1.0101318814372822,,10,1,val,current_repo_v1
505,20.2,0.9757167044105124,,10,1,val,current_repo_v1
506,20.24,0.9020118766714896,,10,1,val,current_repo_v1
507,20.28,0.8367963146882692,,10,1,val,current_repo_v1
508,20.32,0.8005421748456722,,10,1,val,current_repo_v1
509,20.36,0.8569429551342841,,10,1,val,current_repo_v1
510,20.4,0.9009860881944197,,10,1,val,current_repo_v1
511,20.44,0.8853094445785373,,10,1,val,current_repo_v1
512,20.48,0.925611342586181,,10,1,val,current_repo_v1
513,20.52,1.0860157842696314,,10,1,val,current_repo_v1
514,20.56,0.9004024105061984,,10,1,val,current_repo_v1
515,20.6,0.8907269724072044,,10,1,val,current_repo_v1
516,20.64,0.9283937916319893,,10,1,val,current_repo_v1
517,20.68,1.0079814714428348,,10,1,val,current_repo_v1
518,20.72,1.0435571453254566,,10,1,val,current_repo_v1
519,20.76,0.918603341418474,,10,1,val,current_repo_v1
520,20.8,1.0130986312415284,,10,1,val,current_repo_v1
521,20.84,1.0070135407420304,,10,1,val,current_repo_v1
522,20.88,0.8785671671188454,,10,1,val,current_repo_v1
523,20.92,0.8093945904737787,,10,1,val,current_repo_v1
524,20.96,0.8498978476115862,,10,1,val,current_repo_v1
525,21.0,0.8922152713753928,,10,1,val,current_repo_v1
526,21.04,0.8998806353627959,,10,1,val,current_repo_v1
527,21.08,0.74967551723577,,10,1,val,current_repo_v1
528,21.12,0.9006510758424879,,10,1,val,current_repo_v1
529,21.16,0.9410263072626017,,10,1,val,current_repo_v1
530,21.2,0.7804945432994672,,10,1,val,current_repo_v1
531,21.24,0.879068542559978,,10,1,val,current_repo_v1
532,21.28,1.0348965924143882,,10,1,val,current_repo_v1
533,21.32,1.0494929311074797,,10,1,val,current_repo_v1
534,21.36,0.8690865813484291,,10,1,val,current_repo_v1
535,21.4,0.7476958668180816,,10,1,val,current_repo_v1
536,21.44,0.961635985778242,,10,1,val,current_repo_v1
537,21.48,1.1945154697009466,,10,1,val,current_repo_v1
538,21.52,1.1908653298706597,,10,1,val,current_repo_v1
539,21.56,1.210396813777537,,10,1,val,current_repo_v1
540,21.6,1.0594632855918749,,10,1,val,current_repo_v1
541,21.64,1.0403907949860698,,10,1,val,current_repo_v1
542,21.68,1.08585768657704,,10,1,val,current_repo_v1
543,21.72,1.078193026027646,,10,1,val,current_repo_v1
544,21.76,1.1320466572845622,,10,1,val,current_repo_v1
545,21.8,1.2341709081780383,,10,1,val,current_repo_v1
546,21.84,1.046112208034757,,10,1,val,current_repo_v1
547,21.88,1.149354397784522,,10,1,val,current_repo_v1
548,21.92,1.061357644150935,,10,1,val,current_repo_v1
549,21.96,0.88257922580492,,10,1,val,current_repo_v1
550,22.0,0.8109882292838605,,10,1,val,current_repo_v1
551,22.04,0.8237035747400686,,10,1,val,current_repo_v1
552,22.08,0.8865554091525198,,10,1,val,current_repo_v1
553,22.12,0.9188268588459308,,10,1,val,current_repo_v1
554,22.16,0.9055827038662272,,10,1,val,current_repo_v1
555,22.2,0.80362165059091,,10,1,val,current_repo_v1
556,22.24,0.5367759149859994,,10,1,val,current_repo_v1
557,22.28,0.5653425325439,,10,1,val,current_repo_v1
558,22.32,0.5076272024753984,,10,1,val,current_repo_v1
559,22.36,0.5143879451828345,,10,1,val,current_repo_v1
560,22.4,0.5079256360508463,,10,1,val,current_repo_v1
561,22.44,0.6959665743843928,,10,1,val,current_repo_v1
562,22.48,1.0060893990573052,,10,1,val,current_repo_v1
563,22.52,1.0950312216563942,,10,1,val,current_repo_v1
564,22.56,1.3426484353120605,,10,1,val,current_repo_v1
565,22.6,1.1255941962847043,,10,1,val,current_repo_v1
566,22.64,1.291622273133548,,10,1,val,current_repo_v1
567,22.68,1.0138530685065088,,10,1,val,current_repo_v1
568,22.72,1.008554773420419,,10,1,val,current_repo_v1
569,22.76,0.9978338505800946,,10,1,val,current_repo_v1
570,22.8,1.2894745010316357,,10,1,val,current_repo_v1
571,22.84,0.9632268108362867,,10,1,val,current_repo_v1
572,22.88,1.0530322794513007,,10,1,val,current_repo_v1
573,22.92,0.9784516713906926,,10,1,val,current_repo_v1
574,22.96,0.9873112972583943,,10,1,val,current_repo_v1
575,23.0,1.384036441606072,,10,1,val,current_repo_v1
576,23.04,1.2122329628413269,,10,1,val,current_repo_v1
577,23.08,1.0754121597173587,,10,1,val,current_repo_v1
578,23.12,1.053998979135589,,10,1,val,current_repo_v1
579,23.16,0.6163359848549796,,10,1,val,current_repo_v1
580,23.2,0.5092989229045132,,10,1,val,current_repo_v1
581,23.24,0.6781567550052912,,10,1,val,current_repo_v1
582,23.28,0.8308299293528414,,10,1,val,current_repo_v1
583,23.32,1.226935344814321,,10,1,val,current_repo_v1
584,23.36,1.1928942209489994,,10,1,val,current_repo_v1
585,23.4,0.9200615684117645,,10,1,val,current_repo_v1
586,23.44,1.0169573404415744,,10,1,val,current_repo_v1
587,23.48,0.7044007961159671,,10,1,val,current_repo_v1
588,23.52,0.7661287564139257,,10,1,val,current_repo_v1
589,23.56,0.7910246585797674,,10,1,val,current_repo_v1
590,23.6,0.384832425678477,,10,1,val,current_repo_v1
591,23.64,0.6326676171872767,,10,1,val,current_repo_v1
592,23.68,0.6476273695419256,,10,1,val,current_repo_v1
593,23.72,0.641609897021072,,10,1,val,current_repo_v1
594,23.76,0.6357790993619378,,10,1,val,current_repo_v1
595,23.8,0.8208451543892553,,10,1,val,current_repo_v1
596,23.84,0.8088925115946368,,10,1,val,current_repo_v1
597,23.88,0.9071552395360298,,10,1,val,current_repo_v1
598,23.92,0.6843536921482689,,10,1,val,current_repo_v1
599,23.96,0.8025814416346493,,10,1,val,current_repo_v1
600,24.0,0.8980253176132524,,10,1,val,current_repo_v1
601,24.04,0.8905184030374453,,10,1,val,current_repo_v1
602,24.08,0.9280744307757647,,10,1,val,current_repo_v1
603,24.12,0.9466902142540282,,10,1,val,current_repo_v1
604,24.16,0.9669163431950946,,10,1,val,current_repo_v1
605,24.2,0.7785439096996627,,10,1,val,current_repo_v1
606,24.24,0.7049357607220439,,10,1,val,current_repo_v1
607,24.28,1.115016247219771,,10,1,val,current_repo_v1
608,24.32,1.018526534780833,,10,1,val,current_repo_v1
609,24.36,1.2145717183627656,,10,1,val,current_repo_v1
610,24.4,1.531908079996729,,10,1,val,current_repo_v1
611,24.44,1.7482128058251702,,10,1,val,current_repo_v1
612,24.48,1.7573641826072315,,10,1,val,current_repo_v1
613,24.52,1.6745044608961008,,10,1,val,current_repo_v1
614,24.56,1.765269946534315,,10,1,val,current_repo_v1
615,24.6,1.7469937477550435,,10,1,val,current_repo_v1
616,24.64,1.7247292313225118,,10,1,val,current_repo_v1
617,24.68,1.6856330260628178,,10,1,val,current_repo_v1
618,24.72,1.9878591875378921,,10,1,val,current_repo_v1
619,24.76,2.0397310580630923,,10,1,val,current_repo_v1
620,24.8,1.8503173604543859,,10,1,val,current_repo_v1
621,24.84,1.845500216966661,,10,1,val,current_repo_v1
622,24.88,1.7670802442512628,,10,1,val,current_repo_v1
623,24.92,1.819621963620824,,10,1,val,current_repo_v1
624,24.96,2.0048232985703063,,10,1,val,current_repo_v1
625,25.0,1.8846025773089363,,10,1,val,current_repo_v1
626,25.04,1.7721729595791331,,10,1,val,current_repo_v1
627,25.08,1.839849499437909,,10,1,val,current_repo_v1
628,25.12,1.6556296363709107,,10,1,val,current_repo_v1
629,25.16,1.5853878339516994,,10,1,val,current_repo_v1
630,25.2,1.6856472706825063,,10,1,val,current_repo_v1
631,25.24,1.6562131381996295,,10,1,val,current_repo_v1
632,25.28,1.5368780453919755,,10,1,val,current_repo_v1
633,25.32,1.6418994057267768,,10,1,val,current_repo_v1
634,25.36,1.7553905114126223,,10,1,val,current_repo_v1
635,25.4,1.757873647585471,,10,1,val,current_repo_v1
636,25.44,1.422375219989246,,10,1,val,current_repo_v1
637,25.48,1.4518316866289185,,10,1,val,current_repo_v1
638,25.52,1.6074323501468206,,10,1,val,current_repo_v1
639,25.56,1.6532548296514948,,10,1,val,current_repo_v1
640,25.6,1.6815963470464177,,10,1,val,current_repo_v1
641,25.64,1.616686077159236,,10,1,val,current_repo_v1
642,25.68,1.7285367654073807,,10,1,val,current_repo_v1
643,25.72,1.827304385979953,,10,1,val,current_repo_v1
644,25.76,1.8789965280937753,,10,1,val,current_repo_v1
645,25.8,1.8108363746036016,,10,1,val,current_repo_v1
646,25.84,1.6846441680812365,,10,1,val,current_repo_v1
647,25.88,1.7607730432003263,,10,1,val,current_repo_v1
648,25.92,1.6796184552237527,,10,1,val,current_repo_v1
649,25.96,1.6872871605417,,10,1,val,current_repo_v1
650,26.0,1.5947989552186967,,10,1,val,current_repo_v1
651,26.04,1.3353754138743474,,10,1,val,current_repo_v1
652,26.08,1.1014961686809175,,10,1,val,current_repo_v1
653,26.12,1.1506698268619235,,10,1,val,current_repo_v1
654,26.16,1.1625421018639788,,10,1,val,current_repo_v1
655,26.2,1.2748115115871628,,10,1,val,current_repo_v1
656,26.24,1.4664792004371867,,10,1,val,current_repo_v1
657,26.28,1.5784983620885602,,10,1,val,current_repo_v1
658,26.32,1.9373080218751635,,10,1,val,current_repo_v1
659,26.36,2.5076093087710367,,10,1,val,current_repo_v1
660,26.4,2.4376636537537433,,10,1,val,current_repo_v1
661,26.44,2.389331131572364,,10,1,val,current_repo_v1
662,26.48,2.2721234111643525,,10,1,val,current_repo_v1
663,26.52,1.8950892552921619,,10,1,val,current_repo_v1
664,26.56,1.0513322456423115,,10,1,val,current_repo_v1
665,26.6,0.496642842100589,,10,1,val,current_repo_v1
666,26.64,-0.22116579022687194,,10,1,val,current_repo_v1
667,26.68,0.026096494988224007,,10,1,val,current_repo_v1
668,26.72,0.013534015404413107,,10,1,val,current_repo_v1
669,26.76,0.05858772509466737,,10,1,val,current_repo_v1
670,26.8,0.24876931322028206,,10,1,val,current_repo_v1
671,26.84,0.7878423050256689,,10,1,val,current_repo_v1
672,26.88,1.1976976473955427,,10,1,val,current_repo_v1
673,26.92,1.5226163673318112,,10,1,val,current_repo_v1
674,26.96,1.5336858437057466,,10,1,val,current_repo_v1
675,27.0,1.295000358313736,,10,1,val,current_repo_v1
676,27.04,1.1224825382505408,,10,1,val,current_repo_v1
677,27.08,1.3070447997685688,,10,1,val,current_repo_v1
678,27.12,1.1527273830391425,,10,1,val,current_repo_v1
679,27.16,1.014941990544914,,10,1,val,current_repo_v1
680,27.2,0.63412681140783,,10,1,val,current_repo_v1
681,27.24,0.6804875089193742,,10,1,val,current_repo_v1
682,27.28,0.6685783913515814,,10,1,val,current_repo_v1
683,27.32,0.32827746057120044,,10,1,val,current_repo_v1
684,27.36,0.23308312922639846,,10,1,val,current_repo_v1
685,27.4,0.5342904926396204,,10,1,val,current_repo_v1
686,27.44,0.43786874989833124,,10,1,val,current_repo_v1
687,27.48,0.38582304225508157,,10,1,val,current_repo_v1
688,27.52,0.18303707601922672,,10,1,val,current_repo_v1
689,27.56,0.4092229955643837,,10,1,val,current_repo_v1
690,27.6,0.9579450465434155,,10,1,val,current_repo_v1
691,27.64,1.3885820580222048,,10,1,val,current_repo_v1
692,27.68,1.7127141584045675,,10,1,val,current_repo_v1
693,27.72,2.157654878364577,,10,1,val,current_repo_v1
694,27.76,2.613564483063191,,10,1,val,current_repo_v1
695,27.8,2.794516876576965,,10,1,val,current_repo_v1
696,27.84,2.5395547149471343,,10,1,val,current_repo_v1
697,27.88,2.3817296045843057,,10,1,val,current_repo_v1
698,27.92,2.166116358319012,,10,1,val,current_repo_v1
699,27.96,1.6226021666769983,,10,1,val,current_repo_v1
700,28.0,1.5363300671827265,,10,1,val,current_repo_v1
701,28.04,1.2107761427240549,,10,1,val,current_repo_v1
702,28.08,0.9014899256685849,,10,1,val,current_repo_v1
703,28.12,0.891439555110631,,10,1,val,current_repo_v1
704,28.16,1.2421714603768756,,10,1,val,current_repo_v1
705,28.2,1.4845906188627782,,10,1,val,current_repo_v1
706,28.24,1.6778222262669908,,10,1,val,current_repo_v1
707,28.28,1.843341893294609,,10,1,val,current_repo_v1
708,28.32,1.7950403223856397,,10,1,val,current_repo_v1
709,28.36,1.6935280625602593,,10,1,val,current_repo_v1
710,28.4,1.7605020437072414,,10,1,val,current_repo_v1
711,28.44,1.6583540517809512,,10,1,val,current_repo_v1
712,28.48,1.5276389147182532,,10,1,val,current_repo_v1
713,28.52,1.6908877079923308,,10,1,val,current_repo_v1
714,28.56,1.7056417926590088,,10,1,val,current_repo_v1
715,28.6,1.8654650186872703,,10,1,val,current_repo_v1
716,28.64,1.7106639883264463,,10,1,val,current_repo_v1
717,28.68,1.7209522967910478,,10,1,val,current_repo_v1
718,28.72,1.9677871115208638,,10,1,val,current_repo_v1
719,28.76,1.9338318070926774,,10,1,val,current_repo_v1
720,28.8,2.0135355541750584,,10,1,val,current_repo_v1
721,28.84,1.9493100811899358,,10,1,val,current_repo_v1
722,28.88,2.0663502074922304,,10,1,val,current_repo_v1
723,28.92,2.044213716777392,,10,1,val,current_repo_v1
724,28.96,1.8493226991092278,,10,1,val,current_repo_v1
725,29.0,1.8252239680674316,,10,1,val,current_repo_v1
726,29.04,1.5318196226670588,,10,1,val,current_repo_v1
727,29.08,1.399411662034967,,10,1,val,current_repo_v1
728,29.12,1.2898914639116517,,10,1,val,current_repo_v1
729,29.16,1.4152558997565665,,10,1,val,current_repo_v1
730,29.2,1.6610360850509311,,10,1,val,current_repo_v1
731,29.24,1.5946946705338172,,10,1,val,current_repo_v1
732,29.28,1.6329731291076932,,10,1,val,current_repo_v1
733,29.32,1.8813011668717627,,10,1,val,current_repo_v1
734,29.36,1.6900525512157827,,10,1,val,current_repo_v1
735,29.4,1.5673631142607547,,10,1,val,current_repo_v1
736,29.44,1.585428633356239,,10,1,val,current_repo_v1
737,29.48,1.6474136562817234,,10,1,val,current_repo_v1
738,29.52,1.3163806531685707,,10,1,val,current_repo_v1
739,29.56,1.4208149944846065,,10,1,val,current_repo_v1
740,29.6,1.4329118420711324,,10,1,val,current_repo_v1
741,29.64,1.2347528272712365,,10,1,val,current_repo_v1
742,29.68,1.3689345068437924,,10,1,val,current_repo_v1
743,29.72,1.3491782744929421,,10,1,val,current_repo_v1
744,29.76,1.4537990268814438,,10,1,val,current_repo_v1
745,29.8,1.5312612687471725,,10,1,val,current_repo_v1
746,29.84,1.4674314796422843,,10,1,val,current_repo_v1
747,29.88,1.5628684971002966,,10,1,val,current_repo_v1
748,29.92,1.4717766162257648,,10,1,val,current_repo_v1
749,29.96,1.2348122677830229,,10,1,val,current_repo_v1
750,30.0,1.0226998566305407,,10,1,val,current_repo_v1
751,30.04,1.2768189478062186,,10,1,val,current_repo_v1
752,30.08,1.271361324011021,,10,1,val,current_repo_v1
753,30.12,1.36313483631657,,10,1,val,current_repo_v1
754,30.16,1.2903740223860354,,10,1,val,current_repo_v1
755,30.2,1.2393832079674907,,10,1,val,current_repo_v1
756,30.24,1.2987473967298047,,10,1,val,current_repo_v1
757,30.28,1.2862283104781929,,10,1,val,current_repo_v1
758,30.32,1.266556314828957,,10,1,val,current_repo_v1
759,30.36,1.3290442959310946,,10,1,val,current_repo_v1
760,30.4,1.377509064458223,,10,1,val,current_repo_v1
761,30.44,1.5054945103258106,,10,1,val,current_repo_v1
762,30.48,1.497300512674414,,10,1,val,current_repo_v1
763,30.52,1.7631977940184027,,10,1,val,current_repo_v1
764,30.56,1.5162982629917305,,10,1,val,current_repo_v1
765,30.6,1.542137475528051,,10,1,val,current_repo_v1
766,30.64,1.52082699689564,,10,1,val,current_repo_v1
767,30.68,1.5109813267983943,,10,1,val,current_repo_v1
768,30.72,1.5082831144542002,,10,1,val,current_repo_v1
769,30.76,1.5054329594999962,,10,1,val,current_repo_v1
770,30.8,1.3984688792429951,,10,1,val,current_repo_v1
771,30.84,1.2871380316837273,,10,1,val,current_repo_v1
772,30.88,1.4369819343929748,,10,1,val,current_repo_v1
773,30.92,1.5320158818716552,,10,1,val,current_repo_v1
774,30.96,1.633518293564905,,10,1,val,current_repo_v1
775,31.0,1.677079923307671,,10,1,val,current_repo_v1
776,31.04,1.6814834452459242,,10,1,val,current_repo_v1
777,31.08,1.6614555099639796,,10,1,val,current_repo_v1
778,31.12,1.7222365987365373,,10,1,val,current_repo_v1
779,31.16,1.767496855412274,,10,1,val,current_repo_v1
780,31.2,1.7425552297758276,,10,1,val,current_repo_v1
781,31.24,1.6880092396582522,,10,1,val,current_repo_v1
782,31.28,1.551969604443618,,10,1,val,current_repo_v1
783,31.32,1.817070242242068,,10,1,val,current_repo_v1
784,31.36,1.7389404377055082,,10,1,val,current_repo_v1
785,31.4,2.0294587528132024,,10,1,val,current_repo_v1
786,31.44,2.3545921972018116,,10,1,val,current_repo_v1
787,31.48,2.3677454328188126,,10,1,val,current_repo_v1
788,31.52,2.5671931460517565,,10,1,val,current_repo_v1
789,31.56,2.448522802162896,,10,1,val,current_repo_v1
790,31.6,2.3858955403349156,,10,1,val,current_repo_v1
791,31.64,2.3953995154191414,,10,1,val,current_repo_v1
792,31.68,2.129260427259454,,10,1,val,current_repo_v1
793,31.72,1.7159733625611826,,10,1,val,current_repo_v1
794,31.76,1.3632897685381196,,10,1,val,current_repo_v1
795,31.8,1.2640714200610847,,10,1,val,current_repo_v1
796,31.84,1.32311519281016,,10,1,val,current_repo_v1
797,31.88,1.2632237772598716,,10,1,val,current_repo_v1
798,31.92,1.5463712930465592,,10,1,val,current_repo_v1
799,31.96,1.5761159934105444,,10,1,val,current_repo_v1
800,32.0,2.034882963302958,,10,1,val,current_repo_v1
801,32.04,1.9628053635389615,,10,1,val,current_repo_v1
802,32.08,2.097679753691181,,10,1,val,current_repo_v1
803,32.12,1.8925399959464384,,10,1,val,current_repo_v1
804,32.16,1.755108081051886,,10,1,val,current_repo_v1
805,32.2,1.8200442022859098,,10,1,val,current_repo_v1
806,32.24,1.789786871472643,,10,1,val,current_repo_v1
807,32.28,1.7433784281062175,,10,1,val,current_repo_v1
808,32.32,1.7938914322569413,,10,1,val,current_repo_v1
809,32.36,1.811800436395355,,10,1,val,current_repo_v1
810,32.4,1.769524867193102,,10,1,val,current_repo_v1
811,32.44,1.7866841822730983,,10,1,val,current_repo_v1
812,32.48,1.7380848812266905,,10,1,val,current_repo_v1
813,32.52,1.6851629536130994,,10,1,val,current_repo_v1
814,32.56,1.4767704985133276,,10,1,val,current_repo_v1
815,32.6,1.6280606697697075,,10,1,val,current_repo_v1
816,32.64,1.4147963788769875,,10,1,val,current_repo_v1
817,32.68,1.42011753569838,,10,1,val,current_repo_v1
818,32.72,1.4286273770159543,,10,1,val,current_repo_v1
819,32.76,1.6290854030897635,,10,1,val,current_repo_v1
820,32.8,1.6931061756141783,,10,1,val,current_repo_v1
821,32.84,1.6341139296992846,,10,1,val,current_repo_v1
822,32.88,1.4901697615740832,,10,1,val,current_repo_v1
823,32.92,1.3534430432838596,,10,1,val,current_repo_v1
824,32.96,1.2581307102129966,,10,1,val,current_repo_v1
825,33.0,1.122768134082319,,10,1,val,current_repo_v1
826,33.04,1.093861404246919,,10,1,val,current_repo_v1
827,33.08,1.0171351343984265,,10,1,val,current_repo_v1
828,33.12,1.128539491229667,,10,1,val,current_repo_v1
829,33.16,1.228682157250929,,10,1,val,current_repo_v1
830,33.2,1.3467276723280237,,10,1,val,current_repo_v1
831,33.24,1.3981658733204867,,10,1,val,current_repo_v1
832,33.28,1.4520530937423473,,10,1,val,current_repo_v1
833,33.32,1.3179632128300058,,10,1,val,current_repo_v1
834,33.36,1.2601414877625967,,10,1,val,current_repo_v1
835,33.4,1.2182580852505316,,10,1,val,current_repo_v1
836,33.44,1.1962888369224058,,10,1,val,current_repo_v1
837,33.48,1.249968367272019,,10,1,val,current_repo_v1
838,33.52,1.5661567180747957,,10,1,val,current_repo_v1
839,33.56,1.4624655590155913,,10,1,val,current_repo_v1
840,33.6,1.6506587916781525,,10,1,val,current_repo_v1
841,33.64,1.6185431535038028,,10,1,val,current_repo_v1
842,33.68,1.6457579390673203,,10,1,val,current_repo_v1
843,33.72,1.5812011467798146,,10,1,val,current_repo_v1
844,33.76,1.3707630939489823,,10,1,val,current_repo_v1
845,33.8,1.3140301150604758,,10,1,val,current_repo_v1
846,33.84,1.2285616934918355,,10,1,val,current_repo_v1
847,33.88,1.2386252535124638,,10,1,val,current_repo_v1
848,33.92,1.3374985656459342,,10,1,val,current_repo_v1
849,33.96,1.2463308893258997,,10,1,val,current_repo_v1
850,34.0,1.361670454240698,,10,1,val,current_repo_v1
851,34.04,1.3508186919306429,,10,1,val,current_repo_v1
852,34.08,1.3463314608692822,,10,1,val,current_repo_v1
853,34.12,1.2827322235719438,,10,1,val,current_repo_v1
854,34.16,1.179610849300277,,10,1,val,current_repo_v1
855,34.2,1.4825782585776572,,10,1,val,current_repo_v1
856,34.24,1.5023162015402654,,10,1,val,current_repo_v1
857,34.28,1.3553562188096686,,10,1,val,current_repo_v1
858,34.32,1.3065694515337807,,10,1,val,current_repo_v1
859,34.36,1.1875779881936723,,10,1,val,current_repo_v1
860,34.4,1.5611492946055536,,10,1,val,current_repo_v1
861,34.44,1.6077861794655015,,10,1,val,current_repo_v1
862,34.48,1.5796602658204308,,10,1,val,current_repo_v1
863,34.52,1.9049885625376175,,10,1,val,current_repo_v1
864,34.56,1.9971368314426239,,10,1,val,current_repo_v1
865,34.6,2.262208100704185,,10,1,val,current_repo_v1
866,34.64,2.3357368930813793,,10,1,val,current_repo_v1
867,34.68,2.392873997106232,,10,1,val,current_repo_v1
868,34.72,2.4075005836337233,,10,1,val,current_repo_v1
869,34.76,2.3538949142750876,,10,1,val,current_repo_v1
870,34.8,2.4885760348342503,,10,1,val,current_repo_v1
871,34.84,2.5029198392820007,,10,1,val,current_repo_v1
872,34.88,2.661143271417599,,10,1,val,current_repo_v1
873,34.92,2.6250751909284635,,10,1,val,current_repo_v1
874,34.96,2.4904025116254123,,10,1,val,current_repo_v1
875,35.0,2.599699016461768,,10,1,val,current_repo_v1
876,35.04,2.5467966092529357,,10,1,val,current_repo_v1
877,35.08,2.5557538371444286,,10,1,val,current_repo_v1
878,35.12,2.5143709307759843,,10,1,val,current_repo_v1
879,35.16,2.6203403496878273,,10,1,val,current_repo_v1
880,35.2,2.589378877427246,,10,1,val,current_repo_v1
881,35.24,2.1543341233821476,,10,1,val,current_repo_v1
882,35.28,2.2201344182106033,,10,1,val,current_repo_v1
883,35.32,2.0267955365099715,,10,1,val,current_repo_v1
884,35.36,1.8384315442706514,,10,1,val,current_repo_v1
885,35.4,1.8306975950773408,,10,1,val,current_repo_v1
886,35.44,1.845965717069319,,10,1,val,current_repo_v1
887,35.48,1.6874415651847425,,10,1,val,current_repo_v1
888,35.52,1.8269797493386584,,10,1,val,current_repo_v1
889,35.56,1.638820457560046,,10,1,val,current_repo_v1
890,35.6,1.5640996894760837,,10,1,val,current_repo_v1
891,35.64,1.499611306534983,,10,1,val,current_repo_v1
892,35.68,1.500414105163103,,10,1,val,current_repo_v1
893,35.72,1.822397730005544,,10,1,val,current_repo_v1
894,35.76,2.2019373562073787,,10,1,val,current_repo_v1
895,35.8,2.2388390107375415,,10,1,val,current_repo_v1
896,35.84,2.346337176303108,,10,1,val,current_repo_v1
897,35.88,2.227613722844545,,10,1,val,current_repo_v1
898,35.92,2.1506818732378328,,10,1,val,current_repo_v1
899,35.96,2.2816463790748296,,10,1,val,current_repo_v1
900,36.0,2.295465418767638,,10,1,val,current_repo_v1
901,36.04,2.4753522795568164,,10,1,val,current_repo_v1
902,36.08,2.233583449510517,,10,1,val,current_repo_v1
903,36.12,1.2322470052225876,,10,1,val,current_repo_v1
904,36.16,0.7003401122774993,,10,1,val,current_repo_v1
905,36.2,0.5385469960339285,,10,1,val,current_repo_v1
906,36.24,0.551266298328939,,10,1,val,current_repo_v1
907,36.28,0.9129220243363172,,10,1,val,current_repo_v1
908,36.32,0.8822936299731419,,10,1,val,current_repo_v1
909,36.36,0.9684953856664833,,10,1,val,current_repo_v1
910,36.4,1.1276216804870254,,10,1,val,current_repo_v1
911,36.44,1.2892905519922024,,10,1,val,current_repo_v1
912,36.48,1.4452218313744782,,10,1,val,current_repo_v1
913,36.52,1.0074150279858416,,10,1,val,current_repo_v1
914,36.56,0.46781217149994525,,10,1,val,current_repo_v1
915,36.6,0.3543827045696652,,10,1,val,current_repo_v1
916,36.64,0.14333450719551136,,10,1,val,current_repo_v1
917,36.68,-0.19655317573684034,,10,1,val,current_repo_v1
918,36.72,0.026310428072804076,,10,1,val,current_repo_v1
919,36.76,0.33095303100446993,,10,1,val,current_repo_v1
920,36.8,0.3195699971378866,,10,1,val,current_repo_v1
921,36.84,0.4820108039285254,,10,1,val,current_repo_v1
922,36.88,0.4398979926956756,,10,1,val,current_repo_v1
923,36.92,0.3300775144721379,,10,1,val,current_repo_v1
924,36.96,0.3641407087050014,,10,1,val,current_repo_v1
925,37.0,0.041503545987040036,,10,1,val,current_repo_v1
926,37.04,-0.1018023620569055,,10,1,val,current_repo_v1
927,37.08,-0.0682015903854093,,10,1,val,current_repo_v1
928,37.12,-0.34662974056766566,,10,1,val,current_repo_v1
929,37.16,-0.20007581742794048,,10,1,val,current_repo_v1
930,37.2,-0.4226765112816069,,10,1,val,current_repo_v1
931,37.24,-0.4924053754974076,,10,1,val,current_repo_v1
932,37.28,-0.36596850444243084,,10,1,val,current_repo_v1
933,37.32,-0.4644657410301762,,10,1,val,current_repo_v1
934,37.36,-0.17878881603909005,,10,1,val,current_repo_v1
935,37.4,-0.11500936671674265,,10,1,val,current_repo_v1
936,37.44,0.016315013609327238,,10,1,val,current_repo_v1
937,37.48,0.0053380832984911706,,10,1,val,current_repo_v1
938,37.52,0.047973461042503926,,10,1,val,current_repo_v1
939,37.56,0.08703651678600932,,10,1,val,current_repo_v1
940,37.6,-0.0016631472783763589,,10,1,val,current_repo_v1
941,37.64,-0.00420792220679055,,10,1,val,current_repo_v1
942,37.68,0.12473745275424558,,10,1,val,current_repo_v1
943,37.72,0.1551079051923837,,10,1,val,current_repo_v1
944,37.76,0.3325867657810822,,10,1,val,current_repo_v1
945,37.8,0.17735659426970604,,10,1,val,current_repo_v1
946,37.84,0.011205327839482481,,10,1,val,current_repo_v1
947,37.88,0.10582121331625738,,10,1,val,current_repo_v1
948,37.92,0.36422090063806223,,10,1,val,current_repo_v1
949,37.96,0.25968645130032714,,10,1,val,current_repo_v1
950,38.0,-0.14643268999530895,,10,1,val,current_repo_v1
951,38.04,-0.2526006762677162,,10,1,val,current_repo_v1
952,38.08,-0.1180192460639346,,10,1,val,current_repo_v1
953,38.12,-0.3494316001060433,,10,1,val,current_repo_v1
954,38.16,-0.31771733926331575,,10,1,val,current_repo_v1
955,38.2,0.10353213810422578,,10,1,val,current_repo_v1
956,38.24,0.3750667716547896,,10,1,val,current_repo_v1
957,38.28,0.24843737840964097,,10,1,val,current_repo_v1
958,38.32,0.4711630863870237,,10,1,val,current_repo_v1
959,38.36,0.7591404515104793,,10,1,val,current_repo_v1
960,38.4,0.5925636490495013,,10,1,val,current_repo_v1
961,38.44,0.33792893781300243,,10,1,val,current_repo_v1
962,38.48,-0.25243734675493057,,10,1,val,current_repo_v1
963,38.52,-0.46106184846802195,,10,1,val,current_repo_v1
964,38.56,-0.41943177156905803,,10,1,val,current_repo_v1
965,38.6,-0.028739729255503194,,10,1,val,current_repo_v1
966,38.64,0.061809910826042855,,10,1,val,current_repo_v1
967,38.68,0.16102803947869967,,10,1,val,current_repo_v1
968,38.72,0.15737891084055128,,10,1,val,current_repo_v1
969,38.76,0.13273426793865845,,10,1,val,current_repo_v1
970,38.8,0.16369719104013422,,10,1,val,current_repo_v1
971,38.84,-0.030917177648433113,,10,1,val,current_repo_v1
972,38.88,0.1605892700203953,,10,1,val,current_repo_v1
973,38.92,0.1186808954589999,,10,1,val,current_repo_v1
974,38.96,0.08340910679639822,,10,1,val,current_repo_v1
975,39.0,0.11563953726089153,,10,1,val,current_repo_v1
976,39.04,0.11077293328813743,,10,1,val,current_repo_v1
977,39.08,0.20997294841205463,,10,1,val,current_repo_v1
978,39.12,0.3093319844909505,,10,1,val,current_repo_v1
979,39.16,0.3140358304943015,,10,1,val,current_repo_v1
980,39.2,0.1997440804592395,,10,1,val,current_repo_v1
981,39.24,0.010659372014510168,,10,1,val,current_repo_v1
982,39.28,-0.02882972535581873,,10,1,val,current_repo_v1
983,39.32,-0.11482651679919878,,10,1,val,current_repo_v1
984,39.36,-0.368813911190072,,10,1,val,current_repo_v1
985,39.4,-0.2392637773829732,,10,1,val,current_repo_v1
986,39.44,-0.16846748995292682,,10,1,val,current_repo_v1
987,39.48,-0.13179902512284886,,10,1,val,current_repo_v1
988,39.52,-0.35486240532713603,,10,1,val,current_repo_v1
989,39.56,-0.35826851811550714,,10,1,val,current_repo_v1
990,39.6,-0.4882943958412745,,10,1,val,current_repo_v1
991,39.64,-0.2787915638438139,,10,1,val,current_repo_v1
992,39.68,-0.1641915760660493,,10,1,val,current_repo_v1
993,39.72,0.11228224746685378,,10,1,val,current_repo_v1
994,39.76,0.20817509275489626,,10,1,val,current_repo_v1
995,39.8,0.1688517649479478,,10,1,val,current_repo_v1
996,39.84,0.1494394258538968,,10,1,val,current_repo_v1
997,39.88,0.23666991567097215,,10,1,val,current_repo_v1
998,39.92,0.10793566004247886,,10,1,val,current_repo_v1
999,39.96,-0.05874362454347972,,10,1,val,current_repo_v1
1000,40.0,-0.13777149959354473,,10,1,val,current_repo_v1
1001,40.04,-0.020601940697537922,,10,1,val,current_repo_v1
1002,40.08,0.303807314260491,,10,1,val,current_repo_v1
1003,40.12,0.3985556219425177,,10,1,val,current_repo_v1
1004,40.16,0.5548992039279979,,10,1,val,current_repo_v1
1005,40.2,0.42878543074367026,,10,1,val,current_repo_v1
1006,40.24,0.3298245405780414,,10,1,val,current_repo_v1
1007,40.28,0.22593149481016625,,10,1,val,current_repo_v1
1008,40.32,0.2726561335617748,,10,1,val,current_repo_v1
1009,40.36,0.2135612736272737,,10,1,val,current_repo_v1
1010,40.4,0.1998029054627677,,10,1,val,current_repo_v1
1011,40.44,0.30704079896489095,,10,1,val,current_repo_v1
1012,40.48,0.232265558400083,,10,1,val,current_repo_v1
1013,40.52,0.3849535049458287,,10,1,val,current_repo_v1
1014,40.56,0.37838260257115386,,10,1,val,current_repo_v1
1015,40.6,0.3256662107509069,,10,1,val,current_repo_v1
1016,40.64,0.14776555114587853,,10,1,val,current_repo_v1
1017,40.68,0.24600902247176687,,10,1,val,current_repo_v1
1018,40.72,0.1917222492606207,,10,1,val,current_repo_v1
1019,40.76,0.4709594410833297,,10,1,val,current_repo_v1
1020,40.8,0.27538032914743754,,10,1,val,current_repo_v1
1021,40.84,0.3439749875029841,,10,1,val,current_repo_v1
1022,40.88,0.1895767633322386,,10,1,val,current_repo_v1
1023,40.92,0.12414669672105562,,10,1,val,current_repo_v1
1024,40.96,-0.1269779687611973,,10,1,val,current_repo_v1
1025,41.0,-0.057409092727638035,,10,1,val,current_repo_v1
1026,41.04,-0.12311622598473627,,10,1,val,current_repo_v1
1027,41.08,-0.10122365239962489,,10,1,val,current_repo_v1
1028,41.12,0.07750805326608466,,10,1,val,current_repo_v1
1029,41.16,0.035749335141169014,,10,1,val,current_repo_v1
1030,41.2,-0.10518805316056896,,10,1,val,current_repo_v1
1031,41.24,-0.21928818228540853,,10,1,val,current_repo_v1
1032,41.28,-0.26499270402889724,,10,1,val,current_repo_v1
1033,41.32,-0.28549414102085563,,10,1,val,current_repo_v1
1034,41.36,-0.38759649740629215,,10,1,val,current_repo_v1
1035,41.4,-0.18112768147271782,,10,1,val,current_repo_v1
1036,41.44,-0.12730264936736743,,10,1,val,current_repo_v1
1037,41.48,-0.13447285894353284,,10,1,val,current_repo_v1
1038,41.52,-0.07306962321661978,,10,1,val,current_repo_v1
1039,41.56,-0.15003842530125833,,10,1,val,current_repo_v1
1040,41.6,-0.2763732318975724,,10,1,val,current_repo_v1
1041,41.64,-0.2848702354714771,,10,1,val,current_repo_v1
1042,41.68,-0.41610679595857275,,10,1,val,current_repo_v1
1043,41.72,-0.583251404787687,,10,1,val,current_repo_v1
1044,41.76,-0.5907213009382544,,10,1,val,current_repo_v1
1045,41.8,-0.8624492920116261,,10,1,val,current_repo_v1
1046,41.84,-0.7769509743275902,,10,1,val,current_repo_v1
1047,41.88,-0.7175465137392435,,10,1,val,current_repo_v1
1048,41.92,-0.9497280992269655,,10,1,val,current_repo_v1
1049,41.96,-1.0754089942463168,,10,1,val,current_repo_v1
1050,42.0,-1.1123785305443774,,10,1,val,current_repo_v1
1051,42.04,-1.2544035439206909,,10,1,val,current_repo_v1
1052,42.08,-1.2640714200610847,,10,1,val,current_repo_v1
1053,42.12,-1.0702425937869717,,10,1,val,current_repo_v1
1054,42.16,-1.0262115950324966,,10,1,val,current_repo_v1
1055,42.2,-0.8030701551916143,,10,1,val,current_repo_v1
1056,42.24,-0.9772000793126355,,10,1,val,current_repo_v1
1057,42.28,-0.8830383949654942,,10,1,val,current_repo_v1
1058,42.32,-0.8916534002654599,,10,1,val,current_repo_v1
1059,42.36,-0.9773002312992104,,10,1,val,current_repo_v1
1060,42.4,-0.6941987907021323,,10,1,val,current_repo_v1
1061,42.44,-0.750554814747402,,10,1,val,current_repo_v1
1062,42.48,-0.6139344474912103,,10,1,val,current_repo_v1
1063,42.52,-0.5535908971604406,,10,1,val,current_repo_v1
1064,42.56,-0.5785155083900371,,10,1,val,current_repo_v1
1065,42.6,-0.6618951587197955,,10,1,val,current_repo_v1
1066,42.64,-0.6328127452415716,,10,1,val,current_repo_v1
1067,42.68,-0.45054303216074615,,10,1,val,current_repo_v1
1068,42.72,-0.5779466029000111,,10,1,val,current_repo_v1
1069,42.76,-0.7956986524325985,,10,1,val,current_repo_v1
1070,42.8,-0.7875310337065512,,10,1,val,current_repo_v1
1071,42.84,-0.8055503896826747,,10,1,val,current_repo_v1
1072,42.88,-0.9095996866183669,,10,1,val,current_repo_v1
1073,42.92,-0.7275658450950366,,10,1,val,current_repo_v1
1074,42.96,-0.5719537067446075,,10,1,val,current_repo_v1
1075,43.0,-0.4665755714444616,,10,1,val,current_repo_v1
1076,43.04,-0.43530098133998785,,10,1,val,current_repo_v1
1077,43.08,-0.45445515868462366,,10,1,val,current_repo_v1
1078,43.12,-0.6782821867953255,,10,1,val,current_repo_v1
1079,43.16,-0.6300827023274566,,10,1,val,current_repo_v1
1080,43.2,-0.6940787665917945,,10,1,val,current_repo_v1
1081,43.24,-0.6009346053251137,,10,1,val,current_repo_v1
1082,43.28,-0.5083906525398728,,10,1,val,current_repo_v1
1083,43.32,-0.38580365374495007,,10,1,val,current_repo_v1
1084,43.36,-0.433699780571306,,10,1,val,current_repo_v1
1085,43.4,-0.4418471314897102,,10,1,val,current_repo_v1
1086,43.44,-0.22460969082580545,,10,1,val,current_repo_v1
1087,43.48,-0.4120621592996923,,10,1,val,current_repo_v1
1088,43.52,-0.3374374984337513,,10,1,val,current_repo_v1
1089,43.56,-0.14952249748630825,,10,1,val,current_repo_v1
1090,43.6,-0.11595133615851624,,10,1,val,current_repo_v1
1091,43.64,-0.07614153700325736,,10,1,val,current_repo_v1
1092,43.68,-0.14428964411752163,,10,1,val,current_repo_v1
1093,43.72,-0.4042456880349151,,10,1,val,current_repo_v1
1094,43.76,-0.6580309099454263,,10,1,val,current_repo_v1
1095,43.8,-0.7033778653558099,,10,1,val,current_repo_v1
1096,43.84,-0.34308439101832766,,10,1,val,current_repo_v1
1097,43.88,-0.6511483845326292,,10,1,val,current_repo_v1
1098,43.92,-0.5660774494041221,,10,1,val,current_repo_v1
1099,43.96,-0.6388638069273695,,10,1,val,current_repo_v1
1100,44.0,-0.7099207621047393,,10,1,val,current_repo_v1
1101,44.04,-0.4633225223704278,,10,1,val,current_repo_v1
1102,44.08,-0.2959615623885765,,10,1,val,current_repo_v1
1103,44.12,-0.545531739782453,,10,1,val,current_repo_v1
1104,44.16,-0.525269735502912,,10,1,val,current_repo_v1
1105,44.2,-0.4550114022904821,,10,1,val,current_repo_v1
1106,44.24,-0.502692848629373,,10,1,val,current_repo_v1
1107,44.28,-0.6909663171898707,,10,1,val,current_repo_v1
1108,44.32,-0.5722690667971544,,10,1,val,current_repo_v1
1109,44.36,-0.46494487024426445,,10,1,val,current_repo_v1
1110,44.4,-0.5856318390111772,,10,1,val,current_repo_v1
1111,44.44,-0.6472782444649321,,10,1,val,current_repo_v1
1112,44.48,-0.511875572367724,,10,1,val,current_repo_v1
1113,44.52,-0.7035668703559352,,10,1,val,current_repo_v1
1114,44.56,-0.5402202112688131,,10,1,val,current_repo_v1
1115,44.6,-0.4575995705510953,,10,1,val,current_repo_v1
1116,44.64,-0.35067536643624675,,10,1,val,current_repo_v1
1117,44.68,-0.3236461566125591,,10,1,val,current_repo_v1
1118,44.72,-0.5217432688676362,,10,1,val,current_repo_v1
1119,44.76,-0.5162085306806686,,10,1,val,current_repo_v1
1120,44.8,-0.5263470508141636,,10,1,val,current_repo_v1
1121,44.84,-0.7757676157364358,,10,1,val,current_repo_v1
1122,44.88,-0.7547636602165798,,10,1,val,current_repo_v1
1123,44.92,-0.7023523406679936,,10,1,val,current_repo_v1
1124,44.96,-0.8593749161919559,,10,1,val,current_repo_v1
1125,45.0,-0.9573773720699059,,10,1,val,current_repo_v1
1126,45.04,-0.9398797912371848,,10,1,val,current_repo_v1
1127,45.08,-0.7581023528682465,,10,1,val,current_repo_v1
1128,45.12,-1.013418871395265,,10,1,val,current_repo_v1
1129,45.16,-1.1997942443822782,,10,1,val,current_repo_v1
1130,45.2,-0.9408641648014568,,10,1,val,current_repo_v1
1131,45.24,-0.74175867416004,,10,1,val,current_repo_v1
1132,45.28,-0.4327938403450715,,10,1,val,current_repo_v1
1133,45.32,-0.7852367706392009,,10,1,val,current_repo_v1
1134,45.36,-0.6359727646388748,,10,1,val,current_repo_v1
1135,45.4,-0.6318019048221994,,10,1,val,current_repo_v1
1136,45.44,-0.5196817118867394,,10,1,val,current_repo_v1
1137,45.48,-0.8741945085232506,,10,1,val,current_repo_v1
1138,45.52,-0.9001560313434391,,10,1,val,current_repo_v1
1139,45.56,-0.9392835395945471,,10,1,val,current_repo_v1
1140,45.6,-0.7774291363144157,,10,1,val,current_repo_v1
1141,45.64,-1.056345296615628,,10,1,val,current_repo_v1
1142,45.68,-1.2076300162274356,,10,1,val,current_repo_v1
1143,45.72,-0.8969140614180519,,10,1,val,current_repo_v1
1144,45.76,-0.7483448763114173,,10,1,val,current_repo_v1
1145,45.8,-0.5540096186354797,,10,1,val,current_repo_v1
1146,45.84,-0.5650969447489012,,10,1,val,current_repo_v1
1147,45.88,-0.7594100441275456,,10,1,val,current_repo_v1
1148,45.92,-0.9676462480595003,,10,1,val,current_repo_v1
1149,45.96,-0.9862710883021336,,10,1,val,current_repo_v1
1150,46.0,-0.7954028567496856,,10,1,val,current_repo_v1
1151,46.04,-0.9676367516463746,,10,1,val,current_repo_v1
1152,46.08,-1.1918883045956925,,10,1,val,current_repo_v1
1153,46.12,-1.224594830697859,,10,1,val,current_repo_v1
1154,46.16,-1.0039152480300437,,10,1,val,current_repo_v1
1155,46.2,-1.194467811775816,,10,1,val,current_repo_v1
1156,46.24,-1.225233904129313,,10,1,val,current_repo_v1
1157,46.28,-1.3021210854224343,,10,1,val,current_repo_v1
1158,46.32,-1.1207765252184725,,10,1,val,current_repo_v1
1159,46.36,-1.0433745152322906,,10,1,val,current_repo_v1
1160,46.4,-1.0320758059970727,,10,1,val,current_repo_v1
1161,46.44,-0.8582151227741133,,10,1,val,current_repo_v1
1162,46.48,-0.7928317908256736,,10,1,val,current_repo_v1
1163,46.52,-0.6360615736875496,,10,1,val,current_repo_v1
1164,46.56,-0.45903080311077876,,10,1,val,current_repo_v1
1165,46.6,-0.14052554732972733,,10,1,val,current_repo_v1
1166,46.64,-0.3135814974700412,,10,1,val,current_repo_v1
1167,46.68,-0.2635063395152345,,10,1,val,current_repo_v1
1168,46.72,-0.15873705179458028,,10,1,val,current_repo_v1
1169,46.76,0.280912781160875,,10,1,val,current_repo_v1
1170,46.8,0.7437529209164214,,10,1,val,current_repo_v1
1171,46.84,0.8104010344055926,,10,1,val,current_repo_v1
1172,46.88,1.2853212271651933,,10,1,val,current_repo_v1
1173,46.92,1.3741172622368538,,10,1,val,current_repo_v1
1174,46.96,1.4957981449460398,,10,1,val,current_repo_v1
1175,47.0,1.0708862395654863,,10,1,val,current_repo_v1
1176,47.04,0.657614518608793,,10,1,val,current_repo_v1
1177,47.08,0.2986206899583784,,10,1,val,current_repo_v1
1178,47.12,0.258388432313656,,10,1,val,current_repo_v1
1179,47.16,0.15115568270197574,,10,1,val,current_repo_v1
1180,47.2,0.20499981754576635,,10,1,val,current_repo_v1
1181,47.24,0.29862047013400056,,10,1,val,current_repo_v1
1182,47.28,0.6334883534846341,,10,1,val,current_repo_v1
1183,47.32,0.489044392653821,,10,1,val,current_repo_v1
1184,47.36,0.7035506033519701,,10,1,val,current_repo_v1
1185,47.4,0.47114426942027476,,10,1,val,current_repo_v1
1186,47.44,0.7109187647804416,,10,1,val,current_repo_v1
1187,47.48,0.9517437129128796,,10,1,val,current_repo_v1
1188,47.52,0.7041122986024005,,10,1,val,current_repo_v1
1189,47.56,0.3043978065044275,,10,1,val,current_repo_v1
1190,47.6,0.32358636438176813,,10,1,val,current_repo_v1
1191,47.64,-0.005760541787954767,,10,1,val,current_repo_v1
1192,47.68,0.15012395896670233,,10,1,val,current_repo_v1
1193,47.72,0.2714818317349903,,10,1,val,current_repo_v1
1194,47.76,0.2987688076242129,,10,1,val,current_repo_v1
1195,47.8,0.2144725775683291,,10,1,val,current_repo_v1
1196,47.84,0.324821997209989,,10,1,val,current_repo_v1
1197,47.88,0.32616332159910805,,10,1,val,current_repo_v1
1198,47.92,0.3434154025665815,,10,1,val,current_repo_v1
1199,47.96,0.2723421803852466,,10,1,val,current_repo_v1
1200,48.0,0.08873061533679513,,10,1,val,current_repo_v1
1201,48.04,0.070106170778042,,10,1,val,current_repo_v1
1202,48.08,0.00851881015219321,,10,1,val,current_repo_v1
1203,48.12,0.0949479961469183,,10,1,val,current_repo_v1
1204,48.16,0.2899813281173405,,10,1,val,current_repo_v1
1205,48.2,0.00865593659913222,,10,1,val,current_repo_v1
1206,48.24,-0.14390574282394308,,10,1,val,current_repo_v1
1207,48.28,-0.3400487922189205,,10,1,val,current_repo_v1
1208,48.32,-0.3036110770383325,,10,1,val,current_repo_v1
1209,48.36,-0.03848959988885679,,10,1,val,current_repo_v1
1210,48.4,-0.3358080062676327,,10,1,val,current_repo_v1
1211,48.44,-0.5173309099893912,,10,1,val,current_repo_v1
1212,48.48,-0.3082180464383395,,10,1,val,current_repo_v1
1213,48.52,-0.30195832745303125,,10,1,val,current_repo_v1
1214,48.56,-0.08068227331820062,,10,1,val,current_repo_v1
1215,48.6,-0.152776074138849,,10,1,val,current_repo_v1
1216,48.64,-0.19172275485668988,,10,1,val,current_repo_v1
1217,48.68,-0.0927817368148239,,10,1,val,current_repo_v1
1218,48.72,-0.4848245120008723,,10,1,val,current_repo_v1
1219,48.76,-0.395995767061779,,10,1,val,current_repo_v1
1220,48.8,-0.17609664886528856,,10,1,val,current_repo_v1
1221,48.84,0.15233693097910217,,10,1,val,current_repo_v1
1222,48.88,0.1757094062411658,,10,1,val,current_repo_v1
1223,48.92,0.1257853995286086,,10,1,val,current_repo_v1
1224,48.96,-0.14115266231502327,,10,1,val,current_repo_v1
1225,49.0,-0.45654507301027064,,10,1,val,current_repo_v1
1226,49.04,-0.6607900576071765,,10,1,val,current_repo_v1
1227,49.08,-0.5258036009870994,,10,1,val,current_repo_v1
1228,49.12,-0.04660454869395742,,10,1,val,current_repo_v1
1229,49.16,0.08789849213666218,,10,1,val,current_repo_v1
1230,49.2,0.06714944496542823,,10,1,val,current_repo_v1
1231,49.24,-0.1524823667875261,,10,1,val,current_repo_v1
1232,49.28,-0.26320799386953775,,10,1,val,current_repo_v1
1233,49.32,-0.6419147934332303,,10,1,val,current_repo_v1
1234,49.36,-0.5684880435322612,,10,1,val,current_repo_v1
1235,49.4,-0.46581300067749876,,10,1,val,current_repo_v1
1236,49.44,-0.4043563915916296,,10,1,val,current_repo_v1
1237,49.48,-0.22328661186005277,,10,1,val,current_repo_v1
1238,49.52,-0.40487917792717043,,10,1,val,current_repo_v1
1239,49.56,-0.40676773312265363,,10,1,val,current_repo_v1
1240,49.6,-0.4218978933350568,,10,1,val,current_repo_v1
1241,49.64,-0.6737385927634694,,10,1,val,current_repo_v1
1242,49.68,-0.6357007099887758,,10,1,val,current_repo_v1
1243,49.72,-0.5398352987830962,,10,1,val,current_repo_v1
1244,49.76,-0.7047417437261023,,10,1,val,current_repo_v1
1245,49.8,-0.8979903215722894,,10,1,val,current_repo_v1
1246,49.84,-0.7196409124821997,,10,1,val,current_repo_v1
1247,49.88,-0.5066747913756742,,10,1,val,current_repo_v1
1248,49.92,-0.6907190587295997,,10,1,val,current_repo_v1
1249,49.96,-0.9109372739930615,,10,1,val,current_repo_v1
1250,50.0,-0.5463782394969011,,10,1,val,current_repo_v1
1251,50.04,-0.5022714452969234,,10,1,val,current_repo_v1
1252,50.08,-0.5506401505709059,,10,1,val,current_repo_v1
1253,50.12,-0.7328160426072402,,10,1,val,current_repo_v1
1254,50.16,-0.6528567716679791,,10,1,val,current_repo_v1
1255,50.2,-0.5727791033187766,,10,1,val,current_repo_v1
1256,50.24,-0.878483985574245,,10,1,val,current_repo_v1
1257,50.28,-0.9705230457283067,,10,1,val,current_repo_v1
1258,50.32,-0.8698735526213398,,10,1,val,current_repo_v1
1259,50.36,-0.8843918976251494,,10,1,val,current_repo_v1
1260,50.4,-1.0079379462160092,,10,1,val,current_repo_v1
1261,50.44,-1.062195966398525,,10,1,val,current_repo_v1
1262,50.48,-0.8810190003002801,,10,1,val,current_repo_v1
1263,50.52,-0.9693026687119127,,10,1,val,current_repo_v1
1264,50.56,-0.782133378001647,,10,1,val,current_repo_v1
1265,50.6,-0.8240016565965119,,10,1,val,current_repo_v1
1266,50.64,-0.7916976728951706,,10,1,val,current_repo_v1
1267,50.68,-0.6960055712290337,,10,1,val,current_repo_v1
1268,50.72,-0.7924788408045045,,10,1,val,current_repo_v1
1269,50.76,-0.9967252322774289,,10,1,val,current_repo_v1
1270,50.8,-1.0099942713767118,,10,1,val,current_repo_v1
1271,50.84,-0.865741206035674,,10,1,val,current_repo_v1
1272,50.88,-0.8731178966500084,,10,1,val,current_repo_v1
1273,50.92,-0.9743483416229106,,10,1,val,current_repo_v1
1274,50.96,-0.8625924416465197,,10,1,val,current_repo_v1
1275,51.0,-0.6487937137262298,,10,1,val,current_repo_v1
1276,51.04,-1.0712226587934368,,10,1,val,current_repo_v1
1277,51.08,-1.0431869610730595,,10,1,val,current_repo_v1
1278,51.12,-0.8921749116196088,,10,1,val,current_repo_v1
1279,51.16,-1.093612563051127,,10,1,val,current_repo_v1
1280,51.2,-0.8948612534473958,,10,1,val,current_repo_v1
1281,51.24,-0.9552171139433284,,10,1,val,current_repo_v1
1282,51.28,-0.9483840050506849,,10,1,val,current_repo_v1
1283,51.32,-0.9850713747772629,,10,1,val,current_repo_v1
1284,51.36,-0.5838728922689085,,10,1,val,current_repo_v1
1285,51.4,-0.6246651744987894,,10,1,val,current_repo_v1
1286,51.44,-0.6060120208762815,,10,1,val,current_repo_v1
1287,51.48,-0.6964187531297495,,10,1,val,current_repo_v1
1288,51.52,-0.9985837154980143,,10,1,val,current_repo_v1
1289,51.56,-0.7213008503246586,,10,1,val,current_repo_v1
1290,51.6,-1.0789251291358308,,10,1,val,current_repo_v1
1291,51.64,-1.0270708445608634,,10,1,val,current_repo_v1
1292,51.68,-0.6275739785970192,,10,1,val,current_repo_v1
1293,51.72,-0.6632465510654229,,10,1,val,current_repo_v1
1294,51.76,-0.5452890976341181,,10,1,val,current_repo_v1
1295,51.8,-1.0188373664511947,,10,1,val,current_repo_v1
1296,51.84,-0.8293660748554764,,10,1,val,current_repo_v1
1297,51.88,-0.9432097788434863,,10,1,val,current_repo_v1
1298,51.92,-1.0342211160659527,,10,1,val,current_repo_v1
1299,51.96,-1.018489956004349,,10,1,val,current_repo_v1
1300,52.0,-0.7055772082567795,,10,1,val,current_repo_v1
1301,52.04,-0.554639019794306,,10,1,val,current_repo_v1
1302,52.08,-0.7395891834095905,,10,1,val,current_repo_v1
1303,52.12,-0.8283816133614532,,10,1,val,current_repo_v1
1304,52.16,-0.6224556757115606,,10,1,val,current_repo_v1
1305,52.2,-0.6013651973165599,,10,1,val,current_repo_v1
1306,52.24,-0.5606146817184815,,10,1,val,current_repo_v1
1307,52.28,-0.8491200210327965,,10,1,val,current_repo_v1
1308,52.32,-0.6766105542959618,,10,1,val,current_repo_v1
1309,52.36,-0.8296892166910013,,10,1,val,current_repo_v1
1310,52.4,-0.5922327693958742,,10,1,val,current_repo_v1
1311,52.44,-0.5277020482795884,,10,1,val,current_repo_v1
1312,52.48,-0.8777066865739623,,10,1,val,current_repo_v1
1313,52.52,-0.700775056791628,,10,1,val,current_repo_v1
1314,52.56,-0.8691184119183502,,10,1,val,current_repo_v1
1315,52.6,-0.6252094156936141,,10,1,val,current_repo_v1
1316,52.64,-0.7436599791694419,,10,1,val,current_repo_v1
1317,52.68,-0.7445828019078997,,10,1,val,current_repo_v1
1318,52.72,-0.8300617750466797,,10,1,val,current_repo_v1
1319,52.76,-0.8274847298995887,,10,1,val,current_repo_v1
1320,52.8,-0.9098539794587308,,10,1,val,current_repo_v1
1321,52.84,-0.6953249070252794,,10,1,val,current_repo_v1
1322,52.88,-0.7236948257298279,,10,1,val,current_repo_v1
1323,52.92,-0.5209413055721523,,10,1,val,current_repo_v1
1324,52.96,-0.7421541821807721,,10,1,val,current_repo_v1
1325,53.0,-0.6651565611201898,,10,1,val,current_repo_v1
1326,53.04,-1.054195677988941,,10,1,val,current_repo_v1
1327,53.08,-0.8139031884646718,,10,1,val,current_repo_v1
1328,53.12,-0.987952305144374,,10,1,val,current_repo_v1
1329,53.16,-0.800252182526336,,10,1,val,current_repo_v1
1330,53.2,-0.582887199758369,,10,1,val,current_repo_v1
1331,53.24,-0.7835331317104139,,10,1,val,current_repo_v1
1332,53.28,-0.7995464583435002,,10,1,val,current_repo_v1
1333,53.32,-0.660263973905967,,10,1,val,current_repo_v1
1334,53.36,-0.7673472869055454,,10,1,val,current_repo_v1
1335,53.4,-0.7253031927732296,,10,1,val,current_repo_v1
1336,53.44,-0.5897956644477594,,10,1,val,current_repo_v1
1337,53.48,-0.7218980252296835,,10,1,val,current_repo_v1
1338,53.52,-0.7577242549382447,,10,1,val,current_repo_v1
1339,53.56,-0.5735166141066579,,10,1,val,current_repo_v1
1340,53.6,-0.5544952106862785,,10,1,val,current_repo_v1
1341,53.64,-0.7991272092899541,,10,1,val,current_repo_v1
1342,53.68,-0.6262075062990675,,10,1,val,current_repo_v1
1343,53.72,-0.5147235730430245,,10,1,val,current_repo_v1
1344,53.76,-0.5006600446771066,,10,1,val,current_repo_v1
1345,53.8,-0.4128042424346341,,10,1,val,current_repo_v1
1346,53.84,-0.49714619596112275,,10,1,val,current_repo_v1
1347,53.88,-0.8154453883703232,,10,1,val,current_repo_v1
1348,53.92,-0.6162632229858921,,10,1,val,current_repo_v1
1349,53.96,-0.8285061218891003,,10,1,val,current_repo_v1
1350,54.0,-0.7980945622922935,,10,1,val,current_repo_v1
1351,54.04,-0.8179221936010882,,10,1,val,current_repo_v1
1352,54.08,-1.0090413766633561,,10,1,val,current_repo_v1
1353,54.12,-1.031764007099448,,10,1,val,current_repo_v1
1354,54.16,-0.6949184957154031,,10,1,val,current_repo_v1
1355,54.2,-0.9998521900882946,,10,1,val,current_repo_v1
1356,54.24,-0.9354770606666921,,10,1,val,current_repo_v1
1357,54.28,-0.9758100858062476,,10,1,val,current_repo_v1
1358,54.32,-0.8300165791545818,,10,1,val,current_repo_v1
1359,54.36,-0.7800829441342723,,10,1,val,current_repo_v1
1360,54.4,-1.0373254759307693,,10,1,val,current_repo_v1
1361,54.44,-0.910564715637383,,10,1,val,current_repo_v1
1362,54.48,-0.8604563642015122,,10,1,val,current_repo_v1
1363,54.52,-0.9799092828757249,,10,1,val,current_repo_v1
1364,54.56,-0.818367645720481,,10,1,val,current_repo_v1
1365,54.6,-0.706954847633129,,10,1,val,current_repo_v1
1366,54.64,-0.8534794022359656,,10,1,val,current_repo_v1
1367,54.68,-1.0518709032979372,,10,1,val,current_repo_v1
1368,54.72,-1.2706084694815618,,10,1,val,current_repo_v1
1369,54.76,-1.0200670640212122,,10,1,val,current_repo_v1
1370,54.8,-0.498031560625585,,10,1,val,current_repo_v1
1371,54.84,-0.5278592666746683,,10,1,val,current_repo_v1
1372,54.88,-0.37676764079641495,,10,1,val,current_repo_v1
1373,54.92,-0.4391960055272642,,10,1,val,current_repo_v1
1374,54.96,-0.1542417751609884,,10,1,val,current_repo_v1
1375,55.0,-0.0061204822243413285,,10,1,val,current_repo_v1
1376,55.04,0.3778317226801164,,10,1,val,current_repo_v1
1377,55.08,0.22800193269593055,,10,1,val,current_repo_v1
1378,55.12,0.02225299763512934,,10,1,val,current_repo_v1
1379,55.16,-0.3003395407341167,,10,1,val,current_repo_v1
1380,55.2,-0.24243916250429207,,10,1,val,current_repo_v1
1381,55.24,0.08941703893925065,,10,1,val,current_repo_v1
1382,55.28,0.37488686738390964,,10,1,val,current_repo_v1
1383,55.32,0.3731214138400549,,10,1,val,current_repo_v1
1384,55.36,-0.07752526551487486,,10,1,val,current_repo_v1
1385,55.4,-0.42395927445645126,,10,1,val,current_repo_v1
1386,55.44,-0.3002142848035847,,10,1,val,current_repo_v1
1387,55.48,-0.4182893882419457,,10,1,val,current_repo_v1
1388,55.52,-0.5711678345935864,,10,1,val,current_repo_v1
1389,55.56,-0.45159533145779174,,10,1,val,current_repo_v1
1390,55.6,-0.4394586956588642,,10,1,val,current_repo_v1
1391,55.64,-0.2251650990990278,,10,1,val,current_repo_v1
1392,55.68,-0.08039993088721559,,10,1,val,current_repo_v1
1393,55.72,-0.4460418642338263,,10,1,val,current_repo_v1
1394,55.76,-0.37707249324369774,,10,1,val,current_repo_v1
1395,55.8,-0.5385438745277623,,10,1,val,current_repo_v1
1396,55.84,-0.6126257890046484,,10,1,val,current_repo_v1
1397,55.88,-0.567079057199622,,10,1,val,current_repo_v1
1398,55.92,-0.8399176449950605,,10,1,val,current_repo_v1
1399,55.96,-0.9017698939962885,,10,1,val,current_repo_v1
1400,56.0,-1.0504508378166515,,10,1,val,current_repo_v1
1401,56.04,-1.0792000854677182,,10,1,val,current_repo_v1
1402,56.08,-1.3715073313628277,,10,1,val,current_repo_v1
1403,56.12,-1.4902664843003628,,10,1,val,current_repo_v1
1404,56.16,-1.2833025359379884,,10,1,val,current_repo_v1
1405,56.2,-1.134690880761542,,10,1,val,current_repo_v1
1406,56.24,-1.3888913948867971,,10,1,val,current_repo_v1
1407,56.28,-1.4403318820527904,,10,1,val,current_repo_v1
1408,56.32,-1.3510432645151136,,10,1,val,current_repo_v1
1409,56.36,-1.2445974422114685,,10,1,val,current_repo_v1
1410,56.4,-1.017036213428368,,10,1,val,current_repo_v1
1411,56.44,-0.9703611670564153,,10,1,val,current_repo_v1
1412,56.48,-1.1015693262338853,,10,1,val,current_repo_v1
1413,56.52,-1.3574505296228736,,10,1,val,current_repo_v1
1414,56.56,-1.2743433735919698,,10,1,val,current_repo_v1
1415,56.6,-1.1204154856601964,,10,1,val,current_repo_v1
1416,56.64,-0.9761370086210724,,10,1,val,current_repo_v1
1417,56.68,-1.0731170173524966,,10,1,val,current_repo_v1
1418,56.72,-1.108263066470935,,10,1,val,current_repo_v1
1419,56.76,-1.1204049340900568,,10,1,val,current_repo_v1
1420,56.8,-1.2156136859140496,,10,1,val,current_repo_v1
1421,56.84,-0.8553912588155071,,10,1,val,current_repo_v1
1422,56.88,-0.8906659491598972,,10,1,val,current_repo_v1
1423,56.92,-1.2213356265412436,,10,1,val,current_repo_v1
1424,56.96,-0.98782348805892,,10,1,val,current_repo_v1
1425,57.0,-0.8231504966052521,,10,1,val,current_repo_v1
1426,57.04,-0.886491396293673,,10,1,val,current_repo_v1
1427,57.08,-1.0694148231095213,,10,1,val,current_repo_v1
1428,57.12,-0.9634432938836505,,10,1,val,current_repo_v1
1429,57.16,-0.9524039774143641,,10,1,val,current_repo_v1
1430,57.2,-0.9454196293497199,,10,1,val,current_repo_v1
1431,57.24,-0.878612187151441,,10,1,val,current_repo_v1
1432,57.28,-0.7281903221877978,,10,1,val,current_repo_v1
1433,57.32,-0.47465178719417483,,10,1,val,current_repo_v1
1434,57.36,-0.4743083335861314,,10,1,val,current_repo_v1
1435,57.4,-0.5707144248317134,,10,1,val,current_repo_v1
1436,57.44,-0.4109181053073079,,10,1,val,current_repo_v1
1437,57.48,-0.5074084772193799,,10,1,val,current_repo_v1
1438,57.52,-0.5452363397834202,,10,1,val,current_repo_v1
1439,57.56,-0.38009274830152695,,10,1,val,current_repo_v1
1440,57.6,-0.30354339311237466,,10,1,val,current_repo_v1
1441,57.64,-0.3411106318939673,,10,1,val,current_repo_v1
1442,57.68,-0.11463781955320256,,10,1,val,current_repo_v1
1443,57.72,-0.21405170181438646,,10,1,val,current_repo_v1
1444,57.76,0.16166900339980383,,10,1,val,current_repo_v1
1445,57.8,0.30010797773442843,,10,1,val,current_repo_v1
1446,57.84,0.4519820904682831,,10,1,val,current_repo_v1
1447,57.88,0.6892037213629287,,10,1,val,current_repo_v1
1448,57.92,0.791189263073945,,10,1,val,current_repo_v1
1449,57.96,0.877520627220501,,10,1,val,current_repo_v1
1450,58.0,0.8795366805551709,,10,1,val,current_repo_v1
1451,58.04,0.440276969923189,,10,1,val,current_repo_v1
1452,58.08,0.4332222780576142,,10,1,val,current_repo_v1
1453,58.12,0.4512751352689309,,10,1,val,current_repo_v1
1454,58.16,0.735849047478988,,10,1,val,current_repo_v1
1455,58.2,1.3381809005149605,,10,1,val,current_repo_v1
1456,58.24,1.6462111290048154,,10,1,val,current_repo_v1
1457,58.28,1.5673678624673175,,10,1,val,current_repo_v1
1458,58.32,0.9228485898046332,,10,1,val,current_repo_v1
1459,58.36,0.4842560021947266,,10,1,val,current_repo_v1
1460,58.4,0.40050687105058025,,10,1,val,current_repo_v1
1461,58.44,-0.5044811199436546,,10,1,val,current_repo_v1
1462,58.48,-0.494871848982411,,10,1,val,current_repo_v1
1463,58.52,-0.32681532070398317,,10,1,val,current_repo_v1
1464,58.56,0.18066767697950753,,10,1,val,current_repo_v1
1465,58.6,0.4083921473456426,,10,1,val,current_repo_v1
1466,58.64,0.6606216281688234,,10,1,val,current_repo_v1
1467,58.68,0.7530780468867813,,10,1,val,current_repo_v1
1468,58.72,0.9085100611419524,,10,1,val,current_repo_v1
1469,58.76,0.9765961777816466,,10,1,val,current_repo_v1
1470,58.8,1.2647111969305482,,10,1,val,current_repo_v1
1471,58.84,1.040796151138932,,10,1,val,current_repo_v1
1472,58.88,1.2653029641558766,,10,1,val,current_repo_v1
1473,58.92,1.5301480780974464,,10,1,val,current_repo_v1
1474,58.96,1.4598670590092164,,10,1,val,current_repo_v1
1475,59.0,1.4454442936449212,,10,1,val,current_repo_v1
1476,59.04,1.587764750985143,,10,1,val,current_repo_v1
1477,59.08,1.581715359964617,,10,1,val,current_repo_v1
1478,59.12,1.6384624076133096,,10,1,val,current_repo_v1
1479,59.16,1.6708685656855025,,10,1,val,current_repo_v1
1480,59.2,1.6227282579401665,,10,1,val,current_repo_v1
1481,59.24,1.4015940784588377,,10,1,val,current_repo_v1
1482,59.28,1.5119416955405987,,10,1,val,current_repo_v1
1483,59.32,1.6219089285188277,,10,1,val,current_repo_v1
1484,59.36,1.5681986227563076,,10,1,val,current_repo_v1
1485,59.4,1.787288963101599,,10,1,val,current_repo_v1
1486,59.44,1.7299554240126478,,10,1,val,current_repo_v1
1487,59.48,1.6410085014879912,,10,1,val,current_repo_v1
1488,59.52,1.6747761638271952,,10,1,val,current_repo_v1
1489,59.56,1.5925391606138024,,10,1,val,current_repo_v1
1490,59.6,1.5639299850563388,,10,1,val,current_repo_v1
1491,59.64,1.5998360989438318,,10,1,val,current_repo_v1
1492,59.68,1.569494003850444,,10,1,val,current_repo_v1
1493,59.72,1.5612182315304657,,10,1,val,current_repo_v1
1494,59.76,1.4503210535039346,,10,1,val,current_repo_v1
1495,59.8,1.4013111205195945,,10,1,val,current_repo_v1
1496,59.84,1.4432662737086088,,10,1,val,current_repo_v1
1497,59.88,1.4267945692827086,,10,1,val,current_repo_v1
1498,59.92,1.476598156201048,,10,1,val,current_repo_v1
1499,59.96,1.604073257792884,,10,1,val,current_repo_v1
1500,60.0,1.5241292866303253,,10,1,val,current_repo_v1
1501,60.04,1.454398707784377,,10,1,val,current_repo_v1
1502,60.08,1.4744848525615915,,10,1,val,current_repo_v1
1503,60.12,1.5381850332132652,,10,1,val,current_repo_v1
1504,60.16,1.6365080809639563,,10,1,val,current_repo_v1
1505,60.2,1.7741283413855002,,10,1,val,current_repo_v1
1506,60.24,1.6676753088422598,,10,1,val,current_repo_v1
1507,60.28,1.6669530538662052,,10,1,val,current_repo_v1
1508,60.32,1.6959543961138568,,10,1,val,current_repo_v1
1509,60.36,1.6627271500253018,,10,1,val,current_repo_v1
1510,60.4,1.5988321170450503,,10,1,val,current_repo_v1
1511,60.44,1.493115759957055,,10,1,val,current_repo_v1
1512,60.48,1.4859118513037564,,10,1,val,current_repo_v1
1513,60.52,1.5113284734559866,,10,1,val,current_repo_v1
1514,60.56,1.5478115823706124,,10,1,val,current_repo_v1
1515,60.6,1.5478133409656358,,10,1,val,current_repo_v1
1516,60.64,1.563572814407114,,10,1,val,current_repo_v1
1517,60.68,1.7049594577899825,,10,1,val,current_repo_v1
1518,60.72,1.64571256731572,,10,1,val,current_repo_v1
1519,60.76,1.6442926776939368,,10,1,val,current_repo_v1
1520,60.8,1.4900276670962036,,10,1,val,current_repo_v1
1521,60.84,1.3878346551373177,,10,1,val,current_repo_v1
1522,60.88,1.4674117833780236,,10,1,val,current_repo_v1
1523,60.92,1.3006088695619296,,10,1,val,current_repo_v1
1524,60.96,1.3202820962276818,,10,1,val,current_repo_v1
1525,61.0,1.549000392606339,,10,1,val,current_repo_v1
1526,61.04,1.8100064936121234,,10,1,val,current_repo_v1
1527,61.08,1.7389161690941872,,10,1,val,current_repo_v1
1528,61.12,1.6190441772259307,,10,1,val,current_repo_v1
1529,61.16,1.5766648509173051,,10,1,val,current_repo_v1
1530,61.2,1.6746217591841526,,10,1,val,current_repo_v1
1531,61.24,1.84353850421821,,10,1,val,current_repo_v1
1532,61.28,1.827508734721656,,10,1,val,current_repo_v1
1533,61.32,1.6832408092526718,,10,1,val,current_repo_v1
1534,61.36,1.7584219775137246,,10,1,val,current_repo_v1
1535,61.4,1.7653545349549338,,10,1,val,current_repo_v1
1536,61.44,1.6022362294315826,,10,1,val,current_repo_v1
1537,61.48,1.6397562059719248,,10,1,val,current_repo_v1
1538,61.52,1.6736851314747623,,10,1,val,current_repo_v1
1539,61.56,1.5127346460365885,,10,1,val,current_repo_v1
1540,61.6,1.5296551439124255,,10,1,val,current_repo_v1
1541,61.64,1.5773788404967504,,10,1,val,current_repo_v1
1542,61.68,1.6990785401726853,,10,1,val,current_repo_v1
1543,61.72,1.734600401047595,,10,1,val,current_repo_v1
1544,61.76,1.567840572809571,,10,1,val,current_repo_v1
1545,61.8,1.5317939471797193,,10,1,val,current_repo_v1
1546,61.84,1.679710253883967,,10,1,val,current_repo_v1
1547,61.88,1.6458504411655441,,10,1,val,current_repo_v1
1548,61.92,1.6878052426355536,,10,1,val,current_repo_v1
1549,61.96,1.5273311605891822,,10,1,val,current_repo_v1
1550,62.0,1.641031011504289,,10,1,val,current_repo_v1
1551,62.04,1.6740565467436754,,10,1,val,current_repo_v1
1552,62.08,1.742420345537543,,10,1,val,current_repo_v1
1553,62.12,1.7416305605125952,,10,1,val,current_repo_v1
1554,62.16,1.7146674298969067,,10,1,val,current_repo_v1
1555,62.2,1.7791596817470587,,10,1,val,current_repo_v1
1556,62.24,1.8064791037144605,,10,1,val,current_repo_v1
1557,62.28,1.886315624721098,,10,1,val,current_repo_v1
1558,62.32,1.9137243833156814,,10,1,val,current_repo_v1
1559,62.36,1.9046547812022019,,10,1,val,current_repo_v1
1560,62.4,1.801997851876179,,10,1,val,current_repo_v1
1561,62.44,1.867609273599136,,10,1,val,current_repo_v1
1562,62.48,1.7562339335857797,,10,1,val,current_repo_v1
1563,62.52,1.601734326411943,,10,1,val,current_repo_v1
1564,62.56,1.5032023575724882,,10,1,val,current_repo_v1
1565,62.6,1.6181495799375962,,10,1,val,current_repo_v1
1566,62.64,1.6891656917455506,,10,1,val,current_repo_v1
1567,62.68,1.8683749658722653,,10,1,val,current_repo_v1
1568,62.72,1.8469077964232816,,10,1,val,current_repo_v1
1569,62.76,1.7804870692706183,,10,1,val,current_repo_v1
1570,62.8,1.6726108057750502,,10,1,val,current_repo_v1
1571,62.84,1.6972851249679606,,10,1,val,current_repo_v1
1572,62.88,1.647251337961076,,10,1,val,current_repo_v1
1573,62.92,1.6874788473992357,,10,1,val,current_repo_v1
1574,62.96,1.773903417082025,,10,1,val,current_repo_v1
1575,63.0,1.7577164291903913,,10,1,val,current_repo_v1
1576,63.04,1.7264693610980315,,10,1,val,current_repo_v1
1577,63.08,1.8424137068413304,,10,1,val,current_repo_v1
1578,63.12,1.8001868507212218,,10,1,val,current_repo_v1
1579,63.16,1.718614068848116,,10,1,val,current_repo_v1
1580,63.2,1.709754970558921,,10,1,val,current_repo_v1
1581,63.24,1.7620768655505743,,10,1,val,current_repo_v1
1582,63.28,1.705226940093021,,10,1,val,current_repo_v1
1583,63.32,1.7502128559451282,,10,1,val,current_repo_v1
1584,63.36,1.6200075355796746,,10,1,val,current_repo_v1
1585,63.4,1.5559813114106877,,10,1,val,current_repo_v1
1586,63.44,1.5573665567105128,,10,1,val,current_repo_v1
1587,63.48,1.6074005195768997,,10,1,val,current_repo_v1
1588,63.52,1.6329569500334793,,10,1,val,current_repo_v1
1589,63.56,1.6587820938096136,,10,1,val,current_repo_v1
1590,63.6,1.4610806654347708,,10,1,val,current_repo_v1
1591,63.64,1.4182085808006268,,10,1,val,current_repo_v1
1592,63.68,1.7118065475130608,,10,1,val,current_repo_v1
1593,63.72,1.6856875425085391,,10,1,val,current_repo_v1
1594,63.76,1.574565088459528,,10,1,val,current_repo_v1
1595,63.8,1.5283875486196568,,10,1,val,current_repo_v1
1596,63.84,1.6048663841483761,,10,1,val,current_repo_v1
1597,63.88,1.7923846680410087,,10,1,val,current_repo_v1
1598,63.92,1.761032435966258,,10,1,val,current_repo_v1
1599,63.96,1.8516204793666244,,10,1,val,current_repo_v1
1600,64.0,1.6929786774749918,,10,1,val,current_repo_v1
1601,64.04,1.5947787313759292,,10,1,val,current_repo_v1
1602,64.08,1.4944171202742704,,10,1,val,current_repo_v1
1603,64.12,1.6763226722906535,,10,1,val,current_repo_v1
1604,64.16,1.7092330195560164,,10,1,val,current_repo_v1
1605,64.2,1.781976599255323,,10,1,val,current_repo_v1
1606,64.24,1.849674769832885,,10,1,val,current_repo_v1
1607,64.28,1.796477973817158,,10,1,val,current_repo_v1
1608,64.32,1.8057054977637266,,10,1,val,current_repo_v1
1609,64.36,1.7155185898881666,,10,1,val,current_repo_v1
1610,64.4,1.646112823543015,,10,1,val,current_repo_v1
1611,64.44,1.6922495639783464,,10,1,val,current_repo_v1
1612,64.48,1.5444301558598805,,10,1,val,current_repo_v1
1613,64.52,1.5430496587666183,,10,1,val,current_repo_v1
1614,64.56,1.6147757153854643,,10,1,val,current_repo_v1
1615,64.6,1.622951071929614,,10,1,val,current_repo_v1
1616,64.64,1.6672592252597556,,10,1,val,current_repo_v1
1617,64.68,1.7346918479888047,,10,1,val,current_repo_v1
1618,64.72,1.800673981542666,,10,1,val,current_repo_v1
1619,64.76,1.732325130806496,,10,1,val,current_repo_v1
1620,64.8,1.719444477418101,,10,1,val,current_repo_v1
1621,64.84,1.6918561662716423,,10,1,val,current_repo_v1
1622,64.88,1.710400374932459,,10,1,val,current_repo_v1
1623,64.92,1.8012606488424268,,10,1,val,current_repo_v1
1624,64.96,1.9304864317799224,,10,1,val,current_repo_v1
1625,65.0,1.80611999861071,,10,1,val,current_repo_v1
1626,65.04,1.7359070371498801,,10,1,val,current_repo_v1
1627,65.08,1.7506848628493723,,10,1,val,current_repo_v1
1628,65.12,1.8520650521885056,,10,1,val,current_repo_v1
1629,65.16,1.5731033442761908,,10,1,val,current_repo_v1
1630,65.2,1.5904135468091831,,10,1,val,current_repo_v1
1631,65.24,1.7158330266783262,,10,1,val,current_repo_v1
1632,65.28,1.753919974254169,,10,1,val,current_repo_v1
1633,65.32,1.7346689862535023,,10,1,val,current_repo_v1
1634,65.36,1.39663536807174,,10,1,val,current_repo_v1
1635,65.4,1.0629183972340817,,10,1,val,current_repo_v1
1636,65.44,1.045141991160422,,10,1,val,current_repo_v1
1637,65.48,1.348163741024021,,10,1,val,current_repo_v1
1638,65.52,1.350102240318165,,10,1,val,current_repo_v1
1639,65.56,1.5417454846973655,,10,1,val,current_repo_v1
1640,65.6,1.7036529975471997,,10,1,val,current_repo_v1
1641,65.64,1.7474112382135665,,10,1,val,current_repo_v1
1642,65.68,1.579561256920621,,10,1,val,current_repo_v1
1643,65.72,1.5647180114862633,,10,1,val,current_repo_v1
1644,65.76,1.5034601676028987,,10,1,val,current_repo_v1
1645,65.8,1.5419930948766412,,10,1,val,current_repo_v1
1646,65.84,1.7248838118250567,,10,1,val,current_repo_v1
1647,65.88,1.8344618677246374,,10,1,val,current_repo_v1
1648,65.92,1.7481862510403188,,10,1,val,current_repo_v1
1649,65.96,1.6941027714138621,,10,1,val,current_repo_v1
1650,66.0,1.6197024193431384,,10,1,val,current_repo_v1
1651,66.04,1.5494229829904294,,10,1,val,current_repo_v1
1652,66.08,1.7150782376943412,,10,1,val,current_repo_v1
1653,66.12,1.8334872543627445,,10,1,val,current_repo_v1
1654,66.16,1.7244452182262546,,10,1,val,current_repo_v1
1655,66.2,1.5931541412934378,,10,1,val,current_repo_v1
1656,66.24,1.7219124896737499,,10,1,val,current_repo_v1
1657,66.28,1.6976169718488505,,10,1,val,current_repo_v1
1658,66.32,1.6983911053780913,,10,1,val,current_repo_v1
1659,66.36,1.6974229988177845,,10,1,val,current_repo_v1
1660,66.4,1.7448484376861637,,10,1,val,current_repo_v1
1661,66.44,1.8720370641487103,,10,1,val,current_repo_v1
1662,66.48,1.7238508131083914,,10,1,val,current_repo_v1
1663,66.52,1.6568784146969304,,10,1,val,current_repo_v1
1664,66.56,1.8302141573054456,,10,1,val,current_repo_v1
1665,66.6,1.9675839937956767,,10,1,val,current_repo_v1
1666,66.64,1.752690012894898,,10,1,val,current_repo_v1
1667,66.68,1.7256547798832558,,10,1,val,current_repo_v1
1668,66.72,1.712510337241371,,10,1,val,current_repo_v1
1669,66.76,1.6785522190611477,,10,1,val,current_repo_v1
1670,66.8,1.5440084447733018,,10,1,val,current_repo_v1
1671,66.84,1.603729980044343,,10,1,val,current_repo_v1
1672,66.88,1.59429423844702,,10,1,val,current_repo_v1
1673,66.92,1.6965465150581898,,10,1,val,current_repo_v1
1674,66.96,1.5820285657382605,,10,1,val,current_repo_v1
1675,67.0,1.730869893424745,,10,1,val,current_repo_v1
1676,67.04,1.6098345909485994,,10,1,val,current_repo_v1
1677,67.08,1.6773801154781423,,10,1,val,current_repo_v1
1678,67.12,1.751111849721021,,10,1,val,current_repo_v1
1679,67.16,1.6715537143065662,,10,1,val,current_repo_v1
1680,67.2,1.7991663380292218,,10,1,val,current_repo_v1
1681,67.24,1.798406800838674,,10,1,val,current_repo_v1
1682,67.28,1.741533486067311,,10,1,val,current_repo_v1
1683,67.32,1.6514573696782167,,10,1,val,current_repo_v1
1684,67.36,1.8581160259445524,,10,1,val,current_repo_v1
1685,67.4,1.711560344209804,,10,1,val,current_repo_v1
1686,67.44,1.5682190224585775,,10,1,val,current_repo_v1
1687,67.48,1.6461147579975406,,10,1,val,current_repo_v1
1688,67.52,1.8432805183282972,,10,1,val,current_repo_v1
1689,67.56,1.7962152397206823,,10,1,val,current_repo_v1
1690,67.6,1.5294376057080477,,10,1,val,current_repo_v1
1691,67.64,1.5581188836614652,,10,1,val,current_repo_v1
1692,67.68,1.814714604208406,,10,1,val,current_repo_v1
1693,67.72,1.8945490149010153,,10,1,val,current_repo_v1
1694,67.76,1.770314124639543,,10,1,val,current_repo_v1
1695,67.8,1.7024072088327193,,10,1,val,current_repo_v1
1696,67.84,1.6473610742905278,,10,1,val,current_repo_v1
1697,67.88,1.7741464549142398,,10,1,val,current_repo_v1
1698,67.92,1.8101106024375007,,10,1,val,current_repo_v1
1699,67.96,1.8255204671883538,,10,1,val,current_repo_v1
1700,68.0,1.8396108580932522,,10,1,val,current_repo_v1
1701,68.04,1.8944862330586847,,10,1,val,current_repo_v1
1702,68.08,1.7134033517941847,,10,1,val,current_repo_v1
1703,68.12,1.7150569586945597,,10,1,val,current_repo_v1
1704,68.16,1.7757026356503263,,10,1,val,current_repo_v1
1705,68.2,1.9277029275771,,10,1,val,current_repo_v1
1706,68.24,1.6882563222590208,,10,1,val,current_repo_v1
1707,68.28,1.9379217715382826,,10,1,val,current_repo_v1
1708,68.32,2.0947177520934974,,10,1,val,current_repo_v1
1709,68.36,1.9064395792913127,,10,1,val,current_repo_v1
1710,68.4,1.9648731195673153,,10,1,val,current_repo_v1
1711,68.44,2.05804858382541,,10,1,val,current_repo_v1
1712,68.48,2.1375472787280785,,10,1,val,current_repo_v1
1713,68.52,2.075469577844868,,10,1,val,current_repo_v1
1714,68.56,2.390627743683017,,10,1,val,current_repo_v1
1715,68.6,2.4732994715861603,,10,1,val,current_repo_v1
1716,68.64,2.5914065374890694,,10,1,val,current_repo_v1
1717,68.68,2.6426122522194566,,10,1,val,current_repo_v1
1718,68.72,2.6656104544956944,,10,1,val,current_repo_v1
1719,68.76,2.6159857166912213,,10,1,val,current_repo_v1
1720,68.8,2.727508778686532,,10,1,val,current_repo_v1
1721,68.84,2.670381171074805,,10,1,val,current_repo_v1
1722,68.88,2.680235634147167,,10,1,val,current_repo_v1
1723,68.92,2.7262102321213537,,10,1,val,current_repo_v1
1724,68.96,2.7157409642288584,,10,1,val,current_repo_v1
1725,69.0,2.760075144765344,,10,1,val,current_repo_v1
1726,69.04,2.723558974264281,,10,1,val,current_repo_v1
1727,69.08,3.0178021694907504,,10,1,val,current_repo_v1
1728,69.12,2.8569033867462608,,10,1,val,current_repo_v1
1729,69.16,2.797532867041863,,10,1,val,current_repo_v1
1730,69.2,2.886009189538294,,10,1,val,current_repo_v1
1731,69.24,2.8256088365882728,,10,1,val,current_repo_v1
1732,69.28,2.478312698418979,,10,1,val,current_repo_v1
1733,69.32,2.4811774497118764,,10,1,val,current_repo_v1
1734,69.36,2.3308636504124127,,10,1,val,current_repo_v1
1735,69.4,2.2242308894577945,,10,1,val,current_repo_v1
1736,69.44,2.3041066271334505,,10,1,val,current_repo_v1
1737,69.48,2.468173167093346,,10,1,val,current_repo_v1
1738,69.52,2.6147673620591037,,10,1,val,current_repo_v1
1739,69.56,2.946434162818641,,10,1,val,current_repo_v1
1740,69.6,2.824323303626267,,10,1,val,current_repo_v1
1741,69.64,2.737750132664012,,10,1,val,current_repo_v1
1742,69.68,2.7040150043327387,,10,1,val,current_repo_v1
1743,69.72,2.478563825788301,,10,1,val,current_repo_v1
1744,69.76,2.457487064434482,,10,1,val,current_repo_v1
1745,69.8,2.683789402970179,,10,1,val,current_repo_v1
1746,69.84,2.511036282892871,,10,1,val,current_repo_v1
1747,69.88,2.048288381446295,,10,1,val,current_repo_v1
1748,69.92,2.225067277250859,,10,1,val,current_repo_v1
1749,69.96,2.041466791351054,,10,1,val,current_repo_v1
1750,70.0,2.098516844922255,,10,1,val,current_repo_v1
1751,70.04,2.0406223140208826,,10,1,val,current_repo_v1
1752,70.08,2.421591677976631,,10,1,val,current_repo_v1
1753,70.12,2.316656312938467,,10,1,val,current_repo_v1
1754,70.16,2.2941181591203157,,10,1,val,current_repo_v1
1755,70.2,2.1900483745526023,,10,1,val,current_repo_v1
1756,70.24,1.9842136200546658,,10,1,val,current_repo_v1
1757,70.28,1.847682809250034,,10,1,val,current_repo_v1
1758,70.32,1.9354687073403316,,10,1,val,current_repo_v1
1759,70.36,1.7503231198530869,,10,1,val,current_repo_v1
1760,70.4,1.6421999496162525,,10,1,val,current_repo_v1
1761,70.44,1.6402832569003971,,10,1,val,current_repo_v1
1762,70.48,1.9740162309527671,,10,1,val,current_repo_v1
1763,70.52,1.9998489366875016,,10,1,val,current_repo_v1
1764,70.56,1.965354622884685,,10,1,val,current_repo_v1
1765,70.6,2.1546169054618884,,10,1,val,current_repo_v1
1766,70.64,2.3342433183281215,,10,1,val,current_repo_v1
1767,70.68,2.0168165649099623,,10,1,val,current_repo_v1
1768,70.72,2.123864002571066,,10,1,val,current_repo_v1
1769,70.76,2.3160353530357525,,10,1,val,current_repo_v1
1770,70.8,2.253877636078984,,10,1,val,current_repo_v1
1771,70.84,2.2575267207522565,,10,1,val,current_repo_v1
1772,70.88,2.2411119948051104,,10,1,val,current_repo_v1
1773,70.92,2.1344882026851106,,10,1,val,current_repo_v1
1774,70.96,2.034697783247008,,10,1,val,current_repo_v1
1775,71.0,1.9073292525135819,,10,1,val,current_repo_v1
1776,71.04,1.846642952012778,,10,1,val,current_repo_v1
1777,71.08,1.7767778406475498,,10,1,val,current_repo_v1
1778,71.12,1.5698467780121106,,10,1,val,current_repo_v1
1779,71.16,1.3730578845948396,,10,1,val,current_repo_v1
1780,71.2,1.325173276565886,,10,1,val,current_repo_v1
1781,71.24,1.2233383145537366,,10,1,val,current_repo_v1
1782,71.28,0.9086468798347624,,10,1,val,current_repo_v1
1783,71.32,0.5224717668560234,,10,1,val,current_repo_v1
1784,71.36,0.39143946718087985,,10,1,val,current_repo_v1
1785,71.4,0.6772389442626496,,10,1,val,current_repo_v1
1786,71.44,0.9265775146919623,,10,1,val,current_repo_v1
1787,71.48,1.0846006428544108,,10,1,val,current_repo_v1
1788,71.52,1.1609043223188131,,10,1,val,current_repo_v1
1789,71.56,0.9267829185906795,,10,1,val,current_repo_v1
1790,71.6,0.7989267294573019,,10,1,val,current_repo_v1
1791,71.64,0.725238740265627,,10,1,val,current_repo_v1
1792,71.68,0.5660131727560218,,10,1,val,current_repo_v1
1793,71.72,0.2994923375816593,,10,1,val,current_repo_v1
1794,71.76,0.6581502745826304,,10,1,val,current_repo_v1
1795,71.8,0.9782174265335938,,10,1,val,current_repo_v1
1796,71.84,0.5151485375303962,,10,1,val,current_repo_v1
1797,71.88,0.2611422162605851,,10,1,val,current_repo_v1
1798,71.92,0.47340010718636666,,10,1,val,current_repo_v1
1799,71.96,0.6910064571212766,,10,1,val,current_repo_v1
1800,72.0,1.0208679281948065,,10,1,val,current_repo_v1
1801,72.04,0.7974757127036068,,10,1,val,current_repo_v1
1802,72.08,0.8923455832666166,,10,1,val,current_repo_v1
1803,72.12,1.1965719707211515,,10,1,val,current_repo_v1
1804,72.16,1.1114674024628244,,10,1,val,current_repo_v1
1805,72.2,1.0003085454968317,,10,1,val,current_repo_v1
1806,72.24,1.253308290940202,,10,1,val,current_repo_v1
1807,72.28,1.2056020044466076,,10,1,val,current_repo_v1
1808,72.32,1.355701255153233,,10,1,val,current_repo_v1
1809,72.36,1.3136020730318134,,10,1,val,current_repo_v1
1810,72.4,1.3034787207803942,,10,1,val,current_repo_v1
1811,72.44,1.188753433107222,,10,1,val,current_repo_v1
1812,72.48,1.1660095236713486,,10,1,val,current_repo_v1
1813,72.52,1.4317093147942246,,10,1,val,current_repo_v1
1814,72.56,1.4838546468455422,,10,1,val,current_repo_v1
1815,72.6,1.458031261664431,,10,1,val,current_repo_v1
1816,72.64,1.3369428496185827,,10,1,val,current_repo_v1
1817,72.68,1.2112455117357641,,10,1,val,current_repo_v1
1818,72.72,1.3489763877842713,,10,1,val,current_repo_v1
1819,72.76,1.4004156439337485,,10,1,val,current_repo_v1
1820,72.8,1.0477877973729228,,10,1,val,current_repo_v1
1821,72.84,0.8114393089073277,,10,1,val,current_repo_v1
1822,72.88,1.2652538993547275,,10,1,val,current_repo_v1
1823,72.92,1.480419231467596,,10,1,val,current_repo_v1
1824,72.96,1.4072998400118177,,10,1,val,current_repo_v1
1825,73.0,1.4952717974555767,,10,1,val,current_repo_v1
1826,73.04,1.971912775445441,,10,1,val,current_repo_v1
1827,73.08,2.0387079074785572,,10,1,val,current_repo_v1
1828,73.12,1.6263634497127555,,10,1,val,current_repo_v1
1829,73.16,1.533118696810744,,10,1,val,current_repo_v1
1830,73.2,1.6166150299202962,,10,1,val,current_repo_v1
1831,73.24,1.780808540440871,,10,1,val,current_repo_v1
1832,73.28,1.236783301085097,,10,1,val,current_repo_v1
1833,73.32,0.6007453365357349,,10,1,val,current_repo_v1
1834,73.36,0.7194315077798046,,10,1,val,current_repo_v1
1835,73.4,0.24365615422526635,,10,1,val,current_repo_v1
1836,73.44,0.2936480866705971,,10,1,val,current_repo_v1
1837,73.48,0.38612938950813414,,10,1,val,current_repo_v1
1838,73.52,-0.08374451483221025,,10,1,val,current_repo_v1
1839,73.56,-1.2107225055758453,,10,1,val,current_repo_v1
1840,73.6,-0.43228639775110866,,10,1,val,current_repo_v1
1841,73.64,0.08885090323638639,,10,1,val,current_repo_v1
1842,73.68,-1.553295057512652,,10,1,val,current_repo_v1
1843,73.72,-2.589689269448852,,10,1,val,current_repo_v1
1844,73.76,-2.9851869144702916,,10,1,val,current_repo_v1
1845,73.8,-3.619915912778963,,10,1,val,current_repo_v1
1846,73.84,-2.715475064661341,,10,1,val,current_repo_v1
1847,73.88,-1.9634470748629504,,10,1,val,current_repo_v1
1848,73.92,-1.1120438699114503,,10,1,val,current_repo_v1
1849,73.96,-1.4008811440364064,,10,1,val,current_repo_v1
1850,74.0,-0.9276885950276605,,10,1,val,current_repo_v1
1851,74.04,0.5730833402578013,,10,1,val,current_repo_v1
1852,74.08,0.027013470398229447,,10,1,val,current_repo_v1
1853,74.12,0.322885608229873,,10,1,val,current_repo_v1
1854,74.16,-0.5533038065228927,,10,1,val,current_repo_v1
1855,74.2,-0.3648970584420695,,10,1,val,current_repo_v1
1856,74.24,-1.3140322253745038,,10,1,val,current_repo_v1
1857,74.28,-1.7017385910048743,,10,1,val,current_repo_v1
1858,74.32,-2.2695118975548056,,10,1,val,current_repo_v1
1859,74.36,-2.238113062711938,,10,1,val,current_repo_v1
1860,74.4,-1.7860247091393744,,10,1,val,current_repo_v1
1861,74.44,-2.065591373739692,,10,1,val,current_repo_v1
1862,74.48,-1.6927864630389489,,10,1,val,current_repo_v1
1863,74.52,-1.4786652087913923,,10,1,val,current_repo_v1
1864,74.56,-1.543423008490057,,10,1,val,current_repo_v1
1865,74.6,-1.6555169104299192,,10,1,val,current_repo_v1
1866,74.64,-1.2780297404797358,,10,1,val,current_repo_v1
1867,74.68,-0.9541626603673793,,10,1,val,current_repo_v1
1868,74.72,-0.9016432751546135,,10,1,val,current_repo_v1
1869,74.76,-0.7375570389304577,,10,1,val,current_repo_v1
1870,74.8,-0.5866337985256819,,10,1,val,current_repo_v1
1871,74.84,-0.7734995557349322,,10,1,val,current_repo_v1
1872,74.88,-0.9319764014133828,,10,1,val,current_repo_v1
1873,74.92,-0.5905008610520882,,10,1,val,current_repo_v1
1874,74.96,-0.8555730096111615,,10,1,val,current_repo_v1
1875,75.0,-1.2663609349218723,,10,1,val,current_repo_v1
1876,75.04,-0.4850416105564942,,10,1,val,current_repo_v1
1877,75.08,-0.2341709301604762,,10,1,val,current_repo_v1
1878,75.12,-0.45461228914995233,,10,1,val,current_repo_v1
1879,75.16,-0.4529879628567145,,10,1,val,current_repo_v1
1880,75.2,-0.5231843055945744,,10,1,val,current_repo_v1
1881,75.24,0.11221120022791392,,10,1,val,current_repo_v1
1882,75.28,0.8041101882883727,,10,1,val,current_repo_v1
1883,75.32,1.1341712159321675,,10,1,val,current_repo_v1
1884,75.36,1.1778638610041665,,10,1,val,current_repo_v1
1885,75.4,1.2699155830423958,,10,1,val,current_repo_v1
1886,75.44,1.1483177060183078,,10,1,val,current_repo_v1
1887,75.48,1.2937283665334092,,10,1,val,current_repo_v1
1888,75.52,1.3286735841001907,,10,1,val,current_repo_v1
1889,75.56,1.3506036157592975,,10,1,val,current_repo_v1
1890,75.6,0.9290421856170669,,10,1,val,current_repo_v1
1891,75.64,0.8971804885640764,,10,1,val,current_repo_v1
1892,75.68,0.7321891474463221,,10,1,val,current_repo_v1
1893,75.72,0.4695796474280768,,10,1,val,current_repo_v1
1894,75.76,0.4903485667230736,,10,1,val,current_repo_v1
1895,75.8,0.5896231902408527,,10,1,val,current_repo_v1
1896,75.84,0.8174814896882583,,10,1,val,current_repo_v1
1897,75.88,1.3122578029960303,,10,1,val,current_repo_v1
1898,75.92,1.5426434233162443,,10,1,val,current_repo_v1
1899,75.96,1.3333458193579986,,10,1,val,current_repo_v1
1900,76.0,1.2819832379515357,,10,1,val,current_repo_v1
1901,76.04,0.9495275314645624,,10,1,val,current_repo_v1
1902,76.08,0.7297706396405783,,10,1,val,current_repo_v1
1903,76.12,0.6825801490673071,,10,1,val,current_repo_v1
1904,76.16,0.5540826882586963,,10,1,val,current_repo_v1
1905,76.2,0.346197939542141,,10,1,val,current_repo_v1
1906,76.24,0.15694189997727015,,10,1,val,current_repo_v1
1907,76.28,-0.18667842287439718,,10,1,val,current_repo_v1
1908,76.32,-0.15390542188035136,,10,1,val,current_repo_v1
1909,76.36,-0.20130190987816013,,10,1,val,current_repo_v1
1910,76.4,-0.020607744061114694,,10,1,val,current_repo_v1
1911,76.44,-0.17671303642094258,,10,1,val,current_repo_v1
1912,76.48,-0.002882996716263442,,10,1,val,current_repo_v1
1913,76.52,-0.27924180813464505,,10,1,val,current_repo_v1
1914,76.56,0.008882443638128627,,10,1,val,current_repo_v1
1915,76.6,0.014799852102158544,,10,1,val,current_repo_v1
1916,76.64,-0.11421804292114944,,10,1,val,current_repo_v1
1917,76.68,-0.21176601189777464,,10,1,val,current_repo_v1
1918,76.72,-0.3854085414080982,,10,1,val,current_repo_v1
1919,76.76,-0.27493940541022965,,10,1,val,current_repo_v1
1920,76.8,-0.3167078397726488,,10,1,val,current_repo_v1
1921,76.84,-0.38931477663864783,,10,1,val,current_repo_v1
1922,76.88,-0.39501192107601396,,10,1,val,current_repo_v1
1923,76.92,-0.3353176000629577,,10,1,val,current_repo_v1
1924,76.96,-0.5310888385051414,,10,1,val,current_repo_v1
1925,77.0,-0.20647075038809995,,10,1,val,current_repo_v1
1926,77.04,-0.22168523523186856,,10,1,val,current_repo_v1
1927,77.08,-0.047015092702138404,,10,1,val,current_repo_v1
1928,77.12,-0.19915400588162105,,10,1,val,current_repo_v1
1929,77.16,-0.36752002490170554,,10,1,val,current_repo_v1
1930,77.2,-0.4921246597668191,,10,1,val,current_repo_v1
1931,77.24,-0.47580916254386046,,10,1,val,current_repo_v1
1932,77.28,-0.15573899899891977,,10,1,val,current_repo_v1
1933,77.32,-0.24831621121253808,,10,1,val,current_repo_v1
1934,77.36,-0.5009591816905637,,10,1,val,current_repo_v1
1935,77.4,-0.36786976548695716,,10,1,val,current_repo_v1
1936,77.44,-0.7933810000514389,,10,1,val,current_repo_v1
1937,77.48,-0.625294223938611,,10,1,val,current_repo_v1
1938,77.52,-0.7114499044423429,,10,1,val,current_repo_v1
1939,77.56,-0.5524254762385236,,10,1,val,current_repo_v1
1940,77.6,-0.9748015315604057,,10,1,val,current_repo_v1
1941,77.64,-1.1711650208415492,,10,1,val,current_repo_v1
1942,77.68,-1.0968293850676818,,10,1,val,current_repo_v1
1943,77.72,-0.38886220220941087,,10,1,val,current_repo_v1
1944,77.76,-0.6714703569024635,,10,1,val,current_repo_v1
1945,77.8,-1.1900057286232884,,10,1,val,current_repo_v1
1946,77.84,-1.1433878365895918,,10,1,val,current_repo_v1
1947,77.88,-1.440432473688121,,10,1,val,current_repo_v1
1948,77.92,-1.4906386030072853,,10,1,val,current_repo_v1
1949,77.96,-1.7482645085188542,,10,1,val,current_repo_v1
1950,78.0,-1.8656004305040617,,10,1,val,current_repo_v1
1951,78.04,-1.7915268253886605,,10,1,val,current_repo_v1
1952,78.08,-1.5671524345769678,,10,1,val,current_repo_v1
1953,78.12,-1.3097579601704605,,10,1,val,current_repo_v1
1954,78.16,-0.7663245759697662,,10,1,val,current_repo_v1
1955,78.2,-0.7079651165091185,,10,1,val,current_repo_v1
1956,78.24,-0.647816462471802,,10,1,val,current_repo_v1
1957,78.28,-0.9761424602656446,,10,1,val,current_repo_v1
1958,78.32,-1.083751065598672,,10,1,val,current_repo_v1
1959,78.36,-0.895228272228751,,10,1,val,current_repo_v1
1960,78.4,-0.7470918773573417,,10,1,val,current_repo_v1
1961,78.44,-0.7008468953983283,,10,1,val,current_repo_v1
1962,78.48,-1.0015810648556656,,10,1,val,current_repo_v1
1963,78.52,-1.0311327594158475,,10,1,val,current_repo_v1
1964,78.56,-0.7914020530717599,,10,1,val,current_repo_v1
1965,78.6,-0.8354246105701233,,10,1,val,current_repo_v1
1966,78.64,-0.8864873515251196,,10,1,val,current_repo_v1
1967,78.68,-0.6615142470377566,,10,1,val,current_repo_v1
1968,78.72,-0.8896658361701669,,10,1,val,current_repo_v1
1969,78.76,-1.026179940322078,,10,1,val,current_repo_v1
1970,78.8,-1.0805756584949153,,10,1,val,current_repo_v1
1971,78.84,-0.869444807154668,,10,1,val,current_repo_v1
1972,78.88,-0.5882327131208335,,10,1,val,current_repo_v1
1973,78.92,-0.5819881180527253,,10,1,val,current_repo_v1
1974,78.96,-0.5925053076596046,,10,1,val,current_repo_v1
1975,79.0,-0.5759297581975807,,10,1,val,current_repo_v1
1976,79.04,-0.5637393973206926,,10,1,val,current_repo_v1
1977,79.08,-0.4487323827247935,,10,1,val,current_repo_v1
1978,79.12,-0.4106260466388193,,10,1,val,current_repo_v1
1979,79.16,-0.39732253907708054,,10,1,val,current_repo_v1
1980,79.2,-0.3895335458595419,,10,1,val,current_repo_v1
1981,79.24,-0.5871028158183864,,10,1,val,current_repo_v1
1982,79.28,-0.36863299572705377,,10,1,val,current_repo_v1
1983,79.32,-0.28410058635954566,,10,1,val,current_repo_v1
1984,79.36,-0.25024987437036805,,10,1,val,current_repo_v1
1985,79.4,-0.44777772941641464,,10,1,val,current_repo_v1
1986,79.44,-0.5243859975388463,,10,1,val,current_repo_v1
1987,79.48,-0.4264248246790674,,10,1,val,current_repo_v1
1988,79.52,-0.7049785385459848,,10,1,val,current_repo_v1
1989,79.56,-0.6062919892039852,,10,1,val,current_repo_v1
1990,79.6,-0.2305138218974097,,10,1,val,current_repo_v1
1991,79.64,-0.2865711265955403,,10,1,val,current_repo_v1
1992,79.68,-0.41643389463289987,,10,1,val,current_repo_v1
1993,79.72,-0.24318735675693975,,10,1,val,current_repo_v1
1994,79.76,-0.14916295273380192,,10,1,val,current_repo_v1
1995,79.8,-0.3853050041261036,,10,1,val,current_repo_v1
1996,79.84,-0.5809379290697076,,10,1,val,current_repo_v1
1997,79.88,-0.7930964593766748,,10,1,val,current_repo_v1
1998,79.92,-0.957047107924537,,10,1,val,current_repo_v1
1999,79.96,-0.9533624996317942,,10,1,val,current_repo_v1
2000,80.0,-0.7243087512524494,,10,1,val,current_repo_v1
2001,80.04,-0.49308318198424916,,10,1,val,current_repo_v1
2002,80.08,-0.5837618369931894,,10,1,val,current_repo_v1
2003,80.12,-0.4412243690270969,,10,1,val,current_repo_v1
2004,80.16,-0.4950344750571873,,10,1,val,current_repo_v1
2005,80.2,-0.5374815072742085,,10,1,val,current_repo_v1
2006,80.24,-0.2625455750891498,,10,1,val,current_repo_v1
2007,80.28,-0.05072884970739177,,10,1,val,current_repo_v1
2008,80.32,0.2565671433778126,,10,1,val,current_repo_v1
2009,80.36,0.20673260518706396,,10,1,val,current_repo_v1
2010,80.4,-0.16966375223506436,,10,1,val,current_repo_v1
2011,80.44,-0.5776951238116844,,10,1,val,current_repo_v1
2012,80.48,-1.144865759847143,,10,1,val,current_repo_v1
2013,80.52,-1.1737793482031336,,10,1,val,current_repo_v1
2014,80.56,-0.8194583263539094,,10,1,val,current_repo_v1
2015,80.6,-1.1258055794065005,,10,1,val,current_repo_v1
2016,80.64,-1.3051147417305367,,10,1,val,current_repo_v1
2017,80.68,-2.020716073514548,,10,1,val,current_repo_v1
2018,80.72,-1.8690808659146034,,10,1,val,current_repo_v1
2019,80.76,-1.7977557689610617,,10,1,val,current_repo_v1
2020,80.8,-1.4789362082844775,,10,1,val,current_repo_v1
2021,80.84,-1.2830988906342944,,10,1,val,current_repo_v1
2022,80.88,-1.1191667073341767,,10,1,val,current_repo_v1
2023,80.92,-0.8836873165290786,,10,1,val,current_repo_v1
2024,80.96,-0.749491744055839,,10,1,val,current_repo_v1
2025,81.0,-0.9343747733061103,,10,1,val,current_repo_v1
2026,81.04,-1.186661408467547,,10,1,val,current_repo_v1
2027,81.08,-1.0361427328478732,,10,1,val,current_repo_v1
2028,81.12,-0.8846768779486692,,10,1,val,current_repo_v1
2029,81.16,-0.8744404480372541,,10,1,val,current_repo_v1
2030,81.2,-0.839487932301126,,10,1,val,current_repo_v1
2031,81.24,-0.8373061313855135,,10,1,val,current_repo_v1
2032,81.28,-0.6225312073678098,,10,1,val,current_repo_v1
2033,81.32,-0.3876240633832818,,10,1,val,current_repo_v1
2034,81.36,-0.44169035274338625,,10,1,val,current_repo_v1
2035,81.4,-0.5923454513719899,,10,1,val,current_repo_v1
2036,81.44,-0.7847791842141476,,10,1,val,current_repo_v1
2037,81.48,-0.8394489794213607,,10,1,val,current_repo_v1
2038,81.52,-0.9504843830167203,,10,1,val,current_repo_v1
2039,81.56,-0.7203354256217622,,10,1,val,current_repo_v1
2040,81.6,-0.4828215162342501,,10,1,val,current_repo_v1
2041,81.64,-0.37627686089029755,,10,1,val,current_repo_v1
2042,81.68,-0.6046968555881336,,10,1,val,current_repo_v1
2043,81.72,-0.34535504494749053,,10,1,val,current_repo_v1
2044,81.76,-0.35266787658004267,,10,1,val,current_repo_v1
2045,81.8,-0.819693626368022,,10,1,val,current_repo_v1
2046,81.84,-0.7612994786205405,,10,1,val,current_repo_v1
2047,81.88,-0.9621255786327187,,10,1,val,current_repo_v1
2048,81.92,-1.2751233104847874,,10,1,val,current_repo_v1
2049,81.96,-1.5025882561903643,,10,1,val,current_repo_v1
2050,82.0,-1.636918537042386,,10,1,val,current_repo_v1
2051,82.04,-1.1866213125010168,,10,1,val,current_repo_v1
2052,82.08,-0.6491279347104012,,10,1,val,current_repo_v1
2053,82.12,-0.5591609831073758,,10,1,val,current_repo_v1
2054,82.16,-0.7589311787027109,,10,1,val,current_repo_v1
2055,82.2,-1.0052705972144733,,10,1,val,current_repo_v1
2056,82.24,-1.6005108718542582,,10,1,val,current_repo_v1
2057,82.28,-1.6965157396452826,,10,1,val,current_repo_v1
2058,82.32,-1.6635099006701566,,10,1,val,current_repo_v1
2059,82.36,-1.66642653051624,,10,1,val,current_repo_v1
2060,82.4,-1.5419828950255061,,10,1,val,current_repo_v1
2061,82.44,-1.4359596631059515,,10,1,val,current_repo_v1
2062,82.48,-1.0083221112988412,,10,1,val,current_repo_v1
2063,82.52,-0.7360442075616949,,10,1,val,current_repo_v1
2064,82.56,-0.26026269892457515,,10,1,val,current_repo_v1
2065,82.6,0.048024812017183234,,10,1,val,current_repo_v1
2066,82.64,0.2372688052061447,,10,1,val,current_repo_v1
2067,82.68,0.3033038285053305,,10,1,val,current_repo_v1
2068,82.72,0.03688569528032664,,10,1,val,current_repo_v1
2069,82.76,-0.031203169164091424,,10,1,val,current_repo_v1
2070,82.8,-0.36178463102258346,,10,1,val,current_repo_v1
2071,82.84,-0.4793454333463909,,10,1,val,current_repo_v1
2072,82.88,-0.5582362698792681,,10,1,val,current_repo_v1
2073,82.92,-0.6421067440800196,,10,1,val,current_repo_v1
2074,82.96,-0.5602325390199262,,10,1,val,current_repo_v1
2075,83.0,-0.655953657503947,,10,1,val,current_repo_v1
2076,83.04,-0.4319615852503118,,10,1,val,current_repo_v1
2077,83.08,-0.2296761151580779,,10,1,val,current_repo_v1
2078,83.12,-0.34890404358150184,,10,1,val,current_repo_v1
2079,83.16,-0.8564830825357006,,10,1,val,current_repo_v1
2080,83.2,-0.7289246235397616,,10,1,val,current_repo_v1
2081,83.24,-0.7585358465414811,,10,1,val,current_repo_v1
2082,83.28,-0.7863878590116784,,10,1,val,current_repo_v1
2083,83.32,-0.9151479659870136,,10,1,val,current_repo_v1
2084,83.36,-0.9309003171186476,,10,1,val,current_repo_v1
2085,83.4,-1.0316336952082243,,10,1,val,current_repo_v1
2086,83.44,-1.07318604220716,,10,1,val,current_repo_v1
2087,83.48,-1.1110462189547528,,10,1,val,current_repo_v1
2088,83.52,-1.1708349325556826,,10,1,val,current_repo_v1
2089,83.56,-0.8910725363292759,,10,1,val,current_repo_v1
2090,83.6,-0.9948098585078409,,10,1,val,current_repo_v1
2091,83.64,-1.0644288544995633,,10,1,val,current_repo_v1
2092,83.68,-1.1663774217502154,,10,1,val,current_repo_v1
2093,83.72,-0.8694645034189286,,10,1,val,current_repo_v1
2094,83.76,-1.339724243507377,,10,1,val,current_repo_v1
2095,83.8,-1.4502806058183995,,10,1,val,current_repo_v1
2096,83.84,-1.3317347704571862,,10,1,val,current_repo_v1
2097,83.88,-1.527635045809202,,10,1,val,current_repo_v1
2098,83.92,-1.827729438397076,,10,1,val,current_repo_v1
2099,83.96,-1.5130497862647574,,10,1,val,current_repo_v1
2100,84.0,-1.3009869674919314,,10,1,val,current_repo_v1
2101,84.04,-1.5647602177668218,,10,1,val,current_repo_v1
2102,84.08,-1.6230708322506984,,10,1,val,current_repo_v1
2103,84.12,-1.6972059881919137,,10,1,val,current_repo_v1
2104,84.16,-1.7027835481676978,,10,1,val,current_repo_v1
2105,84.2,-1.3880521933416954,,10,1,val,current_repo_v1
2106,84.24,-1.4239873240470724,,10,1,val,current_repo_v1
2107,84.28,-1.6236548616579243,,10,1,val,current_repo_v1
2108,84.32,-1.4630562710839057,,10,1,val,current_repo_v1
2109,84.36,-1.3896569113004238,,10,1,val,current_repo_v1
2110,84.4,-1.5897676148571382,,10,1,val,current_repo_v1
2111,84.44,-1.2906601457963205,,10,1,val,current_repo_v1
2112,84.48,-1.1281054699779252,,10,1,val,current_repo_v1
2113,84.52,-1.2516376256681012,,10,1,val,current_repo_v1
2114,84.56,-1.0564826428869447,,10,1,val,current_repo_v1
2115,84.6,-1.1303527785581544,,10,1,val,current_repo_v1
2116,84.64,-1.2562212277367366,,10,1,val,current_repo_v1
2117,84.68,-1.3515896599888417,,10,1,val,current_repo_v1
2118,84.72,-1.4408638570473278,,10,1,val,current_repo_v1
2119,84.76,-1.1618128125078313,,10,1,val,current_repo_v1
2120,84.8,-1.42557762152661,,10,1,val,current_repo_v1
2121,84.84,-1.487624898715918,,10,1,val,current_repo_v1
2122,84.88,-1.2227692332042084,,10,1,val,current_repo_v1
2123,84.92,-1.336863888702038,,10,1,val,current_repo_v1
2124,84.96,-1.6186528898332544,,10,1,val,current_repo_v1
2125,85.0,-1.2630626899557407,,10,1,val,current_repo_v1
2126,85.04,-1.213074626419461,,10,1,val,current_repo_v1
2127,85.08,-1.1555488728944672,,10,1,val,current_repo_v1
2128,85.12,-1.0762872366009348,,10,1,val,current_repo_v1
2129,85.16,-0.9629658353348343,,10,1,val,current_repo_v1
2130,85.2,-1.0748726227642211,,10,1,val,current_repo_v1
2131,85.24,-1.0814462509611822,,10,1,val,current_repo_v1
2132,85.28,-1.2042579102703268,,10,1,val,current_repo_v1
2133,85.32,-1.1556980017524399,,10,1,val,current_repo_v1
2134,85.36,-1.291297812351756,,10,1,val,current_repo_v1
2135,85.4,-1.1816321784200168,,10,1,val,current_repo_v1
2136,85.44,-1.2118135379282784,,10,1,val,current_repo_v1
2137,85.48,-1.0905313287108662,,10,1,val,current_repo_v1
2138,85.52,-1.1914319491871554,,10,1,val,current_repo_v1
2139,85.56,-1.1864857248247231,,10,1,val,current_repo_v1
2140,85.6,-1.2271122594736612,,10,1,val,current_repo_v1
2141,85.64,-1.0212847152153202,,10,1,val,current_repo_v1
2142,85.68,-0.9717195937821356,,10,1,val,current_repo_v1
2143,85.72,-0.8738228294650837,,10,1,val,current_repo_v1
2144,85.76,-0.9007750567916281,,10,1,val,current_repo_v1
2145,85.8,-0.8510029487242052,,10,1,val,current_repo_v1
2146,85.84,-0.7375133818090052,,10,1,val,current_repo_v1
2147,85.88,-1.5834864410125462,,10,1,val,current_repo_v1
2148,85.92,-1.9195959803793554,,10,1,val,current_repo_v1
2149,85.96,-1.9737359109060588,,10,1,val,current_repo_v1
2150,86.0,-2.145180460426556,,10,1,val,current_repo_v1
2151,86.04,-1.8856871028597832,,10,1,val,current_repo_v1
2152,86.08,-1.7988401186524061,,10,1,val,current_repo_v1
2153,86.12,-1.5767005503962774,,10,1,val,current_repo_v1
2154,86.16,-1.3135537116686737,,10,1,val,current_repo_v1
2155,86.2,-1.5424770602270435,,10,1,val,current_repo_v1
2156,86.24,-1.5313483192008241,,10,1,val,current_repo_v1
2157,86.28,-1.4895445810433128,,10,1,val,current_repo_v1
2158,86.32,-1.2854160154369472,,10,1,val,current_repo_v1
2159,86.36,-1.2215579129521843,,10,1,val,current_repo_v1
2160,86.4,-1.1668420425553616,,10,1,val,current_repo_v1
2161,86.44,-0.8236055330675217,,10,1,val,current_repo_v1
2162,86.48,-1.005676656805345,,10,1,val,current_repo_v1
2163,86.52,-0.8476660146675618,,10,1,val,current_repo_v1
2164,86.56,-1.343002616349746,,10,1,val,current_repo_v1
2165,86.6,-1.0945775041403922,,10,1,val,current_repo_v1
2166,86.64,-1.1916385841023889,,10,1,val,current_repo_v1
2167,86.68,-1.0690451664356313,,10,1,val,current_repo_v1
2168,86.72,-1.0790867440184688,,10,1,val,current_repo_v1
2169,86.76,-0.9616548027449909,,10,1,val,current_repo_v1
2170,86.8,-0.7554131972884224,,10,1,val,current_repo_v1
2171,86.84,-0.867990624929931,,10,1,val,current_repo_v1
2172,86.88,-0.8076917429127521,,10,1,val,current_repo_v1
2173,86.92,-0.6332426337950084,,10,1,val,current_repo_v1
2174,86.96,-0.5882926812111268,,10,1,val,current_repo_v1
2175,87.0,-0.5201188986095229,,10,1,val,current_repo_v1
2176,87.04,-0.7742729858261638,,10,1,val,current_repo_v1
2177,87.08,-0.8190014433668653,,10,1,val,current_repo_v1
2178,87.12,-1.1905841305264397,,10,1,val,current_repo_v1
2179,87.16,-1.0280952261619147,,10,1,val,current_repo_v1
2180,87.2,-1.0893762834995866,,10,1,val,current_repo_v1
2181,87.24,-1.1185302717952574,,10,1,val,current_repo_v1
2182,87.28,-1.013450614035435,,10,1,val,current_repo_v1
2183,87.32,-0.9905630273861606,,10,1,val,current_repo_v1
2184,87.36,-0.9976117400286563,,10,1,val,current_repo_v1
2185,87.4,-1.0950354422844502,,10,1,val,current_repo_v1
2186,87.44,-1.2905150617069012,,10,1,val,current_repo_v1
2187,87.48,-0.9035677056885713,,10,1,val,current_repo_v1
2188,87.52,-0.7191055521922426,,10,1,val,current_repo_v1
2189,87.56,-0.544679656528806,,10,1,val,current_repo_v1
2190,87.6,-0.6303653964774463,,10,1,val,current_repo_v1
2191,87.64,-0.5536634831700258,,10,1,val,current_repo_v1
2192,87.68,-0.20754854931298286,,10,1,val,current_repo_v1
2193,87.72,-0.18672841093793346,,10,1,val,current_repo_v1
2194,87.76,-0.478309664842564,,10,1,val,current_repo_v1
2195,87.8,-0.31920684726558257,,10,1,val,current_repo_v1
2196,87.84,-0.21386647779356116,,10,1,val,current_repo_v1
2197,87.88,-0.07412836336793809,,10,1,val,current_repo_v1
2198,87.92,-0.14444613709215434,,10,1,val,current_repo_v1
2199,87.96,-0.10110749719833831,,10,1,val,current_repo_v1
2200,88.0,0.04361605825873593,,10,1,val,current_repo_v1
2201,88.04,-0.033987091033231734,,10,1,val,current_repo_v1
2202,88.08,-0.21787479946521127,,10,1,val,current_repo_v1
2203,88.12,-0.3172524326864781,,10,1,val,current_repo_v1
2204,88.16,-0.3331007811239445,,10,1,val,current_repo_v1
2205,88.2,-0.2730050388143904,,10,1,val,current_repo_v1
2206,88.24,-0.34044827906089264,,10,1,val,current_repo_v1
2207,88.28,-0.45391109334930135,,10,1,val,current_repo_v1
2208,88.32,-0.09827156488138497,,10,1,val,current_repo_v1
2209,88.36,-0.41003098204782235,,10,1,val,current_repo_v1
2210,88.4,-0.14434605105289283,,10,1,val,current_repo_v1
2211,88.44,-0.2266952965936454,,10,1,val,current_repo_v1
2212,88.48,-0.23260210952266017,,10,1,val,current_repo_v1
2213,88.52,-0.08368313986589834,,10,1,val,current_repo_v1
2214,88.56,-0.00224695686122443,,10,1,val,current_repo_v1
2215,88.6,0.14436724212292315,,10,1,val,current_repo_v1
2216,88.64,0.168844071094721,,10,1,val,current_repo_v1
2217,88.68,0.20173507381482786,,10,1,val,current_repo_v1
2218,88.72,0.07962038967827822,,10,1,val,current_repo_v1
2219,88.76,0.09540646186948323,,10,1,val,current_repo_v1
2220,88.8,0.06202283271848455,,10,1,val,current_repo_v1
2221,88.84,0.012708706759995305,,10,1,val,current_repo_v1
2222,88.88,-0.006228635818272065,,10,1,val,current_repo_v1
2223,88.92,0.013409770666019503,,10,1,val,current_repo_v1
2224,88.96,-0.08809598235777473,,10,1,val,current_repo_v1
2225,89.0,0.012246723847383848,,10,1,val,current_repo_v1
2226,89.04,-0.30133305899250973,,10,1,val,current_repo_v1
2227,89.08,-0.1270711962798681,,10,1,val,current_repo_v1
2228,89.12,0.09952073889128497,,10,1,val,current_repo_v1
2229,89.16,0.20094062851306835,,10,1,val,current_repo_v1
2230,89.2,0.030895305122831267,,10,1,val,current_repo_v1
2231,89.24,-0.11352840988277645,,10,1,val,current_repo_v1
2232,89.28,-0.3844141438521936,,10,1,val,current_repo_v1
2233,89.32,-0.38277917805906503,,10,1,val,current_repo_v1
2234,89.36,-0.15962588968421348,,10,1,val,current_repo_v1
2235,89.4,0.09857659318817011,,10,1,val,current_repo_v1
2236,89.44,0.16201927156356244,,10,1,val,current_repo_v1
2237,89.48,0.002952812938687025,,10,1,val,current_repo_v1
2238,89.52,-0.35824539259095123,,10,1,val,current_repo_v1
2239,89.56,-0.23539715450532261,,10,1,val,current_repo_v1
2240,89.6,-0.3009734922575656,,10,1,val,current_repo_v1
2241,89.64,-0.41759716127591345,,10,1,val,current_repo_v1
2242,89.68,-0.40620907144863827,,10,1,val,current_repo_v1
2243,89.72,-0.3401372055837151,,10,1,val,current_repo_v1
2244,89.76,-0.2707441890524822,,10,1,val,current_repo_v1
2245,89.8,-0.27033995400394717,,10,1,val,current_repo_v1
2246,89.84,-0.32513628012308404,,10,1,val,current_repo_v1
2247,89.88,-0.4424623319937236,,10,1,val,current_repo_v1
2248,89.92,-0.5143144359108621,,10,1,val,current_repo_v1
2249,89.96,-0.7499223360472851,,10,1,val,current_repo_v1
2250,90.0,-0.6939991901669917,,10,1,val,current_repo_v1
2251,90.04,-0.3985166690627524,,10,1,val,current_repo_v1
2252,90.08,-0.1690720289746116,,10,1,val,current_repo_v1
2253,90.12,-0.07676953128606494,,10,1,val,current_repo_v1
2254,90.16,-0.034409351680755214,,10,1,val,current_repo_v1
2255,90.2,-0.06859863717678673,,10,1,val,current_repo_v1
2256,90.24,0.10929580139834684,,10,1,val,current_repo_v1
2257,90.28,0.1599906882393518,,10,1,val,current_repo_v1
2258,90.32,0.1626417702369223,,10,1,val,current_repo_v1
2259,90.36,0.11977197177630847,,10,1,val,current_repo_v1
2260,90.4,-0.1299509395953385,,10,1,val,current_repo_v1
2261,90.44,-0.050774529213121054,,10,1,val,current_repo_v1
2262,90.48,0.29385261127180273,,10,1,val,current_repo_v1
2263,90.52,0.46036891806398034,,10,1,val,current_repo_v1
2264,90.56,0.4659935204566368,,10,1,val,current_repo_v1
2265,90.6,0.5650369766586079,,10,1,val,current_repo_v1
2266,90.64,0.31792329272297776,,10,1,val,current_repo_v1
2267,90.68,-0.033824399011142016,,10,1,val,current_repo_v1
2268,90.72,-0.15157682224517188,,10,1,val,current_repo_v1
2269,90.76,0.07822683501696824,,10,1,val,current_repo_v1
2270,90.8,0.15705871465169047,,10,1,val,current_repo_v1
2271,90.84,-0.19152165951577965,,10,1,val,current_repo_v1
2272,90.88,-0.36119202846461906,,10,1,val,current_repo_v1
2273,90.92,-0.5496363005667512,,10,1,val,current_repo_v1
2274,90.96,-0.7249892395967014,,10,1,val,current_repo_v1
2275,91.0,-1.045844022293709,,10,1,val,current_repo_v1
2276,91.04,-0.6410274943142424,,10,1,val,current_repo_v1
2277,91.08,-0.2789120276029075,,10,1,val,current_repo_v1
2278,91.12,-0.4590674258521382,,10,1,val,current_repo_v1
2279,91.16,-0.5898286381044456,,10,1,val,current_repo_v1
2280,91.2,-0.3475854710154963,,10,1,val,current_repo_v1
2281,91.24,-0.5463366926894765,,10,1,val,current_repo_v1
2282,91.28,-0.3454622532965963,,10,1,val,current_repo_v1
2283,91.32,-0.37836747865395376,,10,1,val,current_repo_v1
2284,91.36,-0.2920350593503838,,10,1,val,current_repo_v1
2285,91.4,0.09572850458311845,,10,1,val,current_repo_v1
2286,91.44,0.4013002611953258,,10,1,val,current_repo_v1
2287,91.48,-0.3535027036200239,,10,1,val,current_repo_v1
2288,91.52,-0.7618288157225429,,10,1,val,current_repo_v1
2289,91.56,-0.4254638404286048,,10,1,val,current_repo_v1
2290,91.6,-0.03999227537136031,,10,1,val,current_repo_v1
2291,91.64,-0.11926806835482996,,10,1,val,current_repo_v1
2292,91.68,0.10405171500384912,,10,1,val,current_repo_v1
2293,91.72,0.10954943476557709,,10,1,val,current_repo_v1
2294,91.76,0.32273907329955953,,10,1,val,current_repo_v1
2295,91.8,0.20895067712503126,,10,1,val,current_repo_v1
2296,91.84,0.3148362989840157,,10,1,val,current_repo_v1
2297,91.88,0.46099418652450186,,10,1,val,current_repo_v1
2298,91.92,0.5870632034654873,,10,1,val,current_repo_v1
2299,91.96,0.6791152772227212,,10,1,val,current_repo_v1
2300,92.0,0.5373963473102069,,10,1,val,current_repo_v1
2301,92.04,0.3039530138581684,,10,1,val,current_repo_v1
2302,92.08,0.33283771729090195,,10,1,val,current_repo_v1
2303,92.12,0.6365846238123438,,10,1,val,current_repo_v1
2304,92.16,1.0001034933171191,,10,1,val,current_repo_v1
2305,92.2,0.9284505942512408,,10,1,val,current_repo_v1
2306,92.24,0.7377868872999983,,10,1,val,current_repo_v1
2307,92.28,0.8266221390406776,,10,1,val,current_repo_v1
2308,92.32,0.680160937823554,,10,1,val,current_repo_v1
2309,92.36,0.5320028243036073,,10,1,val,current_repo_v1
2310,92.4,0.620961089766164,,10,1,val,current_repo_v1
2311,92.44,0.4992137321650987,,10,1,val,current_repo_v1
2312,92.48,0.07523722347741942,,10,1,val,current_repo_v1
2313,92.52,0.09145476695758224,,10,1,val,current_repo_v1
2314,92.56,0.4143636326066379,,10,1,val,current_repo_v1
2315,92.6,0.37295856794090065,,10,1,val,current_repo_v1
2316,92.64,0.2807317338032299,,10,1,val,current_repo_v1
2317,92.68,0.18333713629507115,,10,1,val,current_repo_v1
2318,92.72,0.2866506370730296,,10,1,val,current_repo_v1
2319,92.76,0.5784950647228916,,10,1,val,current_repo_v1
2320,92.8,0.5483585493877232,,10,1,val,current_repo_v1
2321,92.84,0.5376243491549731,,10,1,val,current_repo_v1
2322,92.88,0.44833256614625444,,10,1,val,current_repo_v1
2323,92.92,0.46459702014866283,,10,1,val,current_repo_v1
2324,92.96,0.581504900105208,,10,1,val,current_repo_v1
2325,93.0,0.5072350357852105,,10,1,val,current_repo_v1
2326,93.04,0.5600648130195824,,10,1,val,current_repo_v1
2327,93.08,0.35648413769271453,,10,1,val,current_repo_v1
2328,93.12,0.5177155586858547,,10,1,val,current_repo_v1
2329,93.16,0.47525727146068464,,10,1,val,current_repo_v1
2330,93.2,0.6612770565339938,,10,1,val,current_repo_v1
2331,93.24,0.630012050772397,,10,1,val,current_repo_v1
2332,93.28,0.5631766469132481,,10,1,val,current_repo_v1
2333,93.32,0.4439006428983756,,10,1,val,current_repo_v1
2334,93.36,0.32863036662749395,,10,1,val,current_repo_v1
2335,93.4,0.32796254016740944,,10,1,val,current_repo_v1
2336,93.44,0.5094352140188161,,10,1,val,current_repo_v1
2337,93.48,0.4888740727258179,,10,1,val,current_repo_v1
2338,93.52,0.5707458157528787,,10,1,val,current_repo_v1
2339,93.56,0.4014042820909519,,10,1,val,current_repo_v1
2340,93.6,0.22324761501541188,,10,1,val,current_repo_v1
2341,93.64,0.5214993517379095,,10,1,val,current_repo_v1
2342,93.68,0.4359278765009059,,10,1,val,current_repo_v1
2343,93.72,0.23622446355157936,,10,1,val,current_repo_v1
2344,93.76,0.3098865574315368,,10,1,val,current_repo_v1
2345,93.8,0.5364721176957306,,10,1,val,current_repo_v1
2346,93.84,0.5576427880237921,,10,1,val,current_repo_v1
2347,93.88,0.4155563996811667,,10,1,val,current_repo_v1
2348,93.92,0.45418983066048874,,10,1,val,current_repo_v1
2349,93.96,0.7699969620270973,,10,1,val,current_repo_v1
2350,94.0,0.8154529503289232,,10,1,val,current_repo_v1
2351,94.04,0.7989573290107068,,10,1,val,current_repo_v1
2352,94.08,0.69606312125117,,10,1,val,current_repo_v1
2353,94.12,0.7508235280669567,,10,1,val,current_repo_v1
2354,94.16,0.6670818269867838,,10,1,val,current_repo_v1
2355,94.2,0.6420139342276668,,10,1,val,current_repo_v1
2356,94.24,0.5705175501188591,,10,1,val,current_repo_v1
2357,94.28,0.6802642552811707,,10,1,val,current_repo_v1
2358,94.32,0.5700193401487683,,10,1,val,current_repo_v1
2359,94.36,0.356125560167471,,10,1,val,current_repo_v1
2360,94.4,0.15425353576520645,,10,1,val,current_repo_v1
2361,94.44,0.5466108576536034,,10,1,val,current_repo_v1
2362,94.48,0.3052582870493106,,10,1,val,current_repo_v1
2363,94.52,0.20230956284405263,,10,1,val,current_repo_v1
2364,94.56,0.3024539434954626,,10,1,val,current_repo_v1
2365,94.6,0.3051114883297436,,10,1,val,current_repo_v1
2366,94.64,0.06682067562582901,,10,1,val,current_repo_v1
2367,94.68,0.09900674553086049,,10,1,val,current_repo_v1
2368,94.72,0.2829236466402262,,10,1,val,current_repo_v1
2369,94.76,0.05947783796569245,,10,1,val,current_repo_v1
2370,94.8,0.23597069828972236,,10,1,val,current_repo_v1
2371,94.84,0.2545031683287588,,10,1,val,current_repo_v1
2372,94.88,-0.028612319046067716,,10,1,val,current_repo_v1
2373,94.92,0.05657360621452309,,10,1,val,current_repo_v1
2374,94.96,0.030813090805493677,,10,1,val,current_repo_v1
2375,95.0,-0.028982415368713627,,10,1,val,current_repo_v1
2376,95.04,-0.5904936508124928,,10,1,val,current_repo_v1
2377,95.08,-0.8997369581493952,,10,1,val,current_repo_v1
2378,95.12,-0.5768828727353144,,10,1,val,current_repo_v1
2379,95.16,-0.239210733760584,,10,1,val,current_repo_v1
2380,95.2,-0.17570213005425706,,10,1,val,current_repo_v1
2381,95.24,-0.41967524905002895,,10,1,val,current_repo_v1
2382,95.28,-0.19912287874970927,,10,1,val,current_repo_v1
2383,95.32,-0.6080049486863954,,10,1,val,current_repo_v1
2384,95.36,-1.7095150981977478,,10,1,val,current_repo_v1
2385,95.4,-2.152690540473405,,10,1,val,current_repo_v1
2386,95.44,-2.2428452660600393,,10,1,val,current_repo_v1
2387,95.48,-2.2133529240818923,,10,1,val,current_repo_v1
2388,95.52,-1.8604658606146378,,10,1,val,current_repo_v1
2389,95.56,-1.423310968401125,,10,1,val,current_repo_v1
2390,95.6,-1.444793965205318,,10,1,val,current_repo_v1
2391,95.64,-1.6640508444993125,,10,1,val,current_repo_v1
2392,95.68,-1.1200802974487623,,10,1,val,current_repo_v1
2393,95.72,-0.6413144530571636,,10,1,val,current_repo_v1
2394,95.76,-0.7173984400382846,,10,1,val,current_repo_v1
2395,95.8,-0.9780338292131651,,10,1,val,current_repo_v1
2396,95.84,-0.8069119818794369,,10,1,val,current_repo_v1
2397,95.88,-0.7922175135840475,,10,1,val,current_repo_v1
2398,95.92,-0.6000605835985514,,10,1,val,current_repo_v1
2399,95.96,-0.5235724275162088,,10,1,val,current_repo_v1
2400,96.0,-0.3646170901143658,,10,1,val,current_repo_v1
2401,96.04,-0.11255302713556085,,10,1,val,current_repo_v1
2402,96.08,-0.10733472614059175,,10,1,val,current_repo_v1
2403,96.12,-0.41079997168662014,,10,1,val,current_repo_v1
2404,96.16,-0.3472940058728281,,10,1,val,current_repo_v1
2405,96.2,-0.2178732606945659,,10,1,val,current_repo_v1
2406,96.24,-0.41219128413927547,,10,1,val,current_repo_v1
2407,96.28,-0.2194297052199057,,10,1,val,current_repo_v1
2408,96.32,-0.2963178537402898,,10,1,val,current_repo_v1
2409,96.36,-0.5262545487159399,,10,1,val,current_repo_v1
2410,96.4,-0.6266432861458324,,10,1,val,current_repo_v1
2411,96.44,-0.5363964541448546,,10,1,val,current_repo_v1
2412,96.48,-0.6069500554616906,,10,1,val,current_repo_v1
2413,96.52,-0.37581228405002676,,10,1,val,current_repo_v1
2414,96.56,-0.4429882398354307,,10,1,val,current_repo_v1
2415,96.6,-0.6486564553846641,,10,1,val,current_repo_v1
2416,96.64,-0.742597523986137,,10,1,val,current_repo_v1
2417,96.68,-1.1310215722455017,,10,1,val,current_repo_v1
2418,96.72,-0.9890275101415976,,10,1,val,current_repo_v1
2419,96.76,-0.6244551982530117,,10,1,val,current_repo_v1
2420,96.8,-1.1552328533687866,,10,1,val,current_repo_v1
2421,96.84,-1.2792876634998767,,10,1,val,current_repo_v1
2422,96.88,-0.9583027447711474,,10,1,val,current_repo_v1
2423,96.92,-0.8998088846858467,,10,1,val,current_repo_v1
2424,96.96,-1.1858561478063945,,10,1,val,current_repo_v1
2425,97.0,-1.7691720930314354,,10,1,val,current_repo_v1
2426,97.04,-1.9583306185022662,,10,1,val,current_repo_v1
2427,97.08,-1.836265482780497,,10,1,val,current_repo_v1
2428,97.12,-1.1315203097940993,,10,1,val,current_repo_v1
2429,97.16,-1.3574848222258273,,10,1,val,current_repo_v1
2430,97.2,-0.7306867357530722,,10,1,val,current_repo_v1
2431,97.24,-0.5452707642810006,,10,1,val,current_repo_v1
2432,97.28,-0.8380261001880378,,10,1,val,current_repo_v1
2433,97.32,-0.3604158505686637,,10,1,val,current_repo_v1
2434,97.36,-0.17708396807622453,,10,1,val,current_repo_v1
2435,97.4,-0.46440150834695143,,10,1,val,current_repo_v1
2436,97.44,-0.7737894601245173,,10,1,val,current_repo_v1
2437,97.48,-0.7733398753068199,,10,1,val,current_repo_v1
2438,97.52,-0.7342840737677855,,10,1,val,current_repo_v1
2439,97.56,-0.37521954959743564,,10,1,val,current_repo_v1
2440,97.6,-0.5140048792218921,,10,1,val,current_repo_v1
2441,97.64,-0.4553276416405405,,10,1,val,current_repo_v1
2442,97.68,0.17481546842596513,,10,1,val,current_repo_v1
2443,97.72,0.6989551307669277,,10,1,val,current_repo_v1
2444,97.76,0.5937256407111231,,10,1,val,current_repo_v1
2445,97.8,0.9279806976610246,,10,1,val,current_repo_v1
2446,97.84,0.6989838837955581,,10,1,val,current_repo_v1
2447,97.88,0.936580930762795,,10,1,val,current_repo_v1
2448,97.92,0.8702599159479508,,10,1,val,current_repo_v1
2449,97.96,0.9107336286893675,,10,1,val,current_repo_v1
2450,98.0,1.1747576546145753,,10,1,val,current_repo_v1
2451,98.04,0.8723656576288072,,10,1,val,current_repo_v1
2452,98.08,0.40498750738060346,,10,1,val,current_repo_v1
2453,98.12,0.591323751628349,,10,1,val,current_repo_v1
2454,98.16,0.6951385399176889,,10,1,val,current_repo_v1
2455,98.2,0.8836306897693295,,10,1,val,current_repo_v1
2456,98.24,0.4160326272134666,,10,1,val,current_repo_v1
2457,98.28,0.3182987967253202,,10,1,val,current_repo_v1
2458,98.32,0.2564096172286037,,10,1,val,current_repo_v1
2459,98.36,-0.008339081740815628,,10,1,val,current_repo_v1
2460,98.4,0.2925352037750001,,10,1,val,current_repo_v1
2461,98.44,0.26402855430739275,,10,1,val,current_repo_v1
2462,98.48,0.5299997845721096,,10,1,val,current_repo_v1
2463,98.52,0.6890574062569932,,10,1,val,current_repo_v1
2464,98.56,0.5536155174907663,,10,1,val,current_repo_v1
2465,98.6,0.4155758321561738,,10,1,val,current_repo_v1
2466,98.64,0.6521253280329279,,10,1,val,current_repo_v1
2467,98.68,0.7817234495017241,,10,1,val,current_repo_v1
2468,98.72,0.7965174542754303,,10,1,val,current_repo_v1
2469,98.76,0.20342798531397296,,10,1,val,current_repo_v1
2470,98.8,0.22348810288484325,,10,1,val,current_repo_v1
2471,98.84,0.05247550826693538,,10,1,val,current_repo_v1
2472,98.88,0.23628684971002967,,10,1,val,current_repo_v1
2473,98.92,-0.04805993995277293,,10,1,val,current_repo_v1
2474,98.96,0.06298970826227511,,10,1,val,current_repo_v1
2475,99.0,-0.37116524066592715,,10,1,val,current_repo_v1
2476,99.04,-0.511835960014825,,10,1,val,current_repo_v1
2477,99.08,-0.7540194228027345,,10,1,val,current_repo_v1
2478,99.12,-1.1805399150510674,,10,1,val,current_repo_v1
2479,99.16,-1.3040397125928154,,10,1,val,current_repo_v1
2480,99.2,-1.137667126978914,,10,1,val,current_repo_v1
2481,99.24,-1.4242368686808735,,10,1,val,current_repo_v1
2482,99.28,-1.4623127371080695,,10,1,val,current_repo_v1
2483,99.32,-1.5883990762100342,,10,1,val,current_repo_v1
2484,99.36,-1.7371245124844858,,10,1,val,current_repo_v1
2485,99.4,-1.8678635664395002,,10,1,val,current_repo_v1
2486,99.44,-1.8549517859191935,,10,1,val,current_repo_v1
2487,99.48,-1.5128171241431796,,10,1,val,current_repo_v1
2488,99.52,-1.1132006737177533,,10,1,val,current_repo_v1
2489,99.56,-1.3925228936098373,,10,1,val,current_repo_v1
2490,99.6,-1.3111349400736763,,10,1,val,current_repo_v1
2491,99.64,-0.9600475348234788,,10,1,val,current_repo_v1
2492,99.68,-1.0024505142351672,,10,1,val,current_repo_v1
2493,99.72,-1.1609287667896364,,10,1,val,current_repo_v1
2494,99.76,-1.247009355285875,,10,1,val,current_repo_v1
2495,99.8,-1.4012792899496733,,10,1,val,current_repo_v1
2496,99.84,-1.476300250204107,,10,1,val,current_repo_v1
2497,99.88,-1.411900676311681,,10,1,val,current_repo_v1
2498,99.92,-1.2439082488218511,,10,1,val,current_repo_v1
2499,99.96,-1.4411756559449524,,10,1,val,current_repo_v1
2500,100.0,-1.7300908358294391,,10,1,val,current_repo_v1
2501,100.04,-1.6477374136255063,,10,1,val,current_repo_v1
2502,100.08,-1.4153323986400785,,10,1,val,current_repo_v1
2503,100.12,-1.543160626112586,,10,1,val,current_repo_v1
2504,100.16,-1.5343963160951453,,10,1,val,current_repo_v1
2505,100.2,-1.6232586501991828,,10,1,val,current_repo_v1
2506,100.24,-1.5701779214549911,,10,1,val,current_repo_v1
2507,100.28,-1.2997921780331259,,10,1,val,current_repo_v1
2508,100.32,-1.5871047502729119,,10,1,val,current_repo_v1
2509,100.36,-1.5898163279392827,,10,1,val,current_repo_v1
2510,100.4,-1.692994504830201,,10,1,val,current_repo_v1
2511,100.44,-1.6197200052933711,,10,1,val,current_repo_v1
2512,100.48,-1.6905950777804597,,10,1,val,current_repo_v1
2513,100.52,-1.5556271303730025,,10,1,val,current_repo_v1
2514,100.56,-1.6629714188740332,,10,1,val,current_repo_v1
2515,100.6,-1.8410010274591424,,10,1,val,current_repo_v1
2516,100.64,-1.7810909708016072,,10,1,val,current_repo_v1
2517,100.68,-1.7987829643141502,,10,1,val,current_repo_v1
2518,100.72,-1.9671230660400794,,10,1,val,current_repo_v1
2519,100.76,-1.8333655595871345,,10,1,val,current_repo_v1
2520,100.8,-1.8372193447211154,,10,1,val,current_repo_v1
2521,100.84,-1.8158490738579134,,10,1,val,current_repo_v1
2522,100.88,-1.599440766782602,,10,1,val,current_repo_v1
2523,100.92,-1.558547629128137,,10,1,val,current_repo_v1
2524,100.96,-1.4468042151764113,,10,1,val,current_repo_v1
2525,101.0,-1.4993153349925676,,10,1,val,current_repo_v1
2526,101.04,-1.4035185089927955,,10,1,val,current_repo_v1
2527,101.08,-1.7119690416932105,,10,1,val,current_repo_v1
2528,101.12,-1.7489640776191084,,10,1,val,current_repo_v1
2529,101.16,-1.8782493010683905,,10,1,val,current_repo_v1
2530,101.2,-1.7995595598764236,,10,1,val,current_repo_v1
2531,101.24,-2.0530601531824195,,10,1,val,current_repo_v1
2532,101.28,-1.8088804652187274,,10,1,val,current_repo_v1
2533,101.32,-1.6402526573469924,,10,1,val,current_repo_v1
2534,101.36,-1.625402025813537,,10,1,val,current_repo_v1
2535,101.4,-1.723170588553393,,10,1,val,current_repo_v1
2536,101.44,-1.46800566091738,,10,1,val,current_repo_v1
2537,101.48,-1.643329495199695,,10,1,val,current_repo_v1
2538,101.52,-1.9156335140729368,,10,1,val,current_repo_v1
2539,101.56,-1.4065992157545493,,10,1,val,current_repo_v1
2540,101.6,-1.5078123385664726,,10,1,val,current_repo_v1
2541,101.64,-1.552939997177455,,10,1,val,current_repo_v1
2542,101.68,-1.7810879811900677,,10,1,val,current_repo_v1
2543,101.72,-1.7537052498018284,,10,1,val,current_repo_v1
2544,101.76,-1.4850234090980035,,10,1,val,current_repo_v1
2545,101.8,-1.6024497228674068,,10,1,val,current_repo_v1
2546,101.84,-1.5608990465337433,,10,1,val,current_repo_v1
2547,101.88,-1.6745769150110594,,10,1,val,current_repo_v1
2548,101.92,-1.771918666738769,,10,1,val,current_repo_v1
2549,101.96,-1.6975833826839062,,10,1,val,current_repo_v1
2550,102.0,-1.3355108256911388,,10,1,val,current_repo_v1
2551,102.04,-1.5214616738395361,,10,1,val,current_repo_v1
2552,102.08,-1.5317638752048213,,10,1,val,current_repo_v1
2553,102.12,-1.6938384545818654,,10,1,val,current_repo_v1
2554,102.16,-1.7156522431099346,,10,1,val,current_repo_v1
2555,102.2,-1.5740121861842138,,10,1,val,current_repo_v1
2556,102.24,-1.74633128500978,,10,1,val,current_repo_v1
2557,102.28,-1.5701668423063446,,10,1,val,current_repo_v1
2558,102.32,-1.746763899385503,,10,1,val,current_repo_v1
2559,102.36,-2.0235504011135426,,10,1,val,current_repo_v1
2560,102.4,-2.09696910544228,,10,1,val,current_repo_v1
2561,102.44,-1.8461741105795757,,10,1,val,current_repo_v1
2562,102.48,-1.8710054723080636,,10,1,val,current_repo_v1
2563,102.52,-2.186377483301041,,10,1,val,current_repo_v1
2564,102.56,-1.9493434944953778,,10,1,val,current_repo_v1
2565,102.6,-2.088013284426806,,10,1,val,current_repo_v1
2566,102.64,-1.991205442148159,,10,1,val,current_repo_v1
2567,102.68,-1.8920743199842782,,10,1,val,current_repo_v1
2568,102.72,-1.8268014278032993,,10,1,val,current_repo_v1
2569,102.76,-1.8781689332758273,,10,1,val,current_repo_v1
2570,102.8,-1.8953950749667077,,10,1,val,current_repo_v1
2571,102.84,-1.726855372705638,,10,1,val,current_repo_v1
2572,102.88,-1.704957699194959,,10,1,val,current_repo_v1
2573,102.92,-1.7743233695735803,,10,1,val,current_repo_v1
2574,102.96,-1.5274648138109501,,10,1,val,current_repo_v1
2575,103.0,-1.5264047327309267,,10,1,val,current_repo_v1
2576,103.04,-1.5756348418121795,,10,1,val,current_repo_v1
2577,103.08,-1.6016017283471888,,10,1,val,current_repo_v1
2578,103.12,-1.8029501310812766,,10,1,val,current_repo_v1
2579,103.16,-1.6512465141349273,,10,1,val,current_repo_v1
2580,103.2,-1.649350924559351,,10,1,val,current_repo_v1
2581,103.24,-1.5644675875549505,,10,1,val,current_repo_v1
2582,103.28,-1.6642905410009834,,10,1,val,current_repo_v1
2583,103.32,-1.7556836692030002,,10,1,val,current_repo_v1
2584,103.36,-1.8639805886281333,,10,1,val,current_repo_v1
2585,103.4,-1.7892160315280916,,10,1,val,current_repo_v1
2586,103.44,-1.624296397122411,,10,1,val,current_repo_v1
2587,103.48,-1.7841359780843888,,10,1,val,current_repo_v1
2588,103.52,-1.6112655597190293,,10,1,val,current_repo_v1
2589,103.56,-1.5235711085699413,,10,1,val,current_repo_v1
2590,103.6,-1.4040170706818909,,10,1,val,current_repo_v1
2591,103.64,-1.3832550978372358,,10,1,val,current_repo_v1
2592,103.68,-1.4809417100490077,,10,1,val,current_repo_v1
2593,103.72,-1.6720262487893172,,10,1,val,current_repo_v1
2594,103.76,-1.6320924247200426,,10,1,val,current_repo_v1
2595,103.8,-1.6697789402090881,,10,1,val,current_repo_v1
2596,103.84,-1.7534050576313571,,10,1,val,current_repo_v1
2597,103.88,-1.8663983050661166,,10,1,val,current_repo_v1
2598,103.92,-1.9226645528354487,,10,1,val,current_repo_v1
2599,103.96,-2.0321386757691546,,10,1,val,current_repo_v1
2600,104.0,-1.9306378468114254,,10,1,val,current_repo_v1
2601,104.04,-2.0174573969364396,,10,1,val,current_repo_v1
2602,104.08,-1.693939573795703,,10,1,val,current_repo_v1
2603,104.12,-1.7429516170940713,,10,1,val,current_repo_v1
2604,104.16,-1.4437208705221225,,10,1,val,current_repo_v1
2605,104.2,-1.6396892035015385,,10,1,val,current_repo_v1
2606,104.24,-1.8010299211753746,,10,1,val,current_repo_v1
2607,104.28,-1.809127020240989,,10,1,val,current_repo_v1
2608,104.32,-1.7318081038696564,,10,1,val,current_repo_v1
2609,104.36,-1.8065054826398095,,10,1,val,current_repo_v1
2610,104.4,-1.9909954659023812,,10,1,val,current_repo_v1
2611,104.44,-1.773798428959136,,10,1,val,current_repo_v1
2612,104.48,-1.780892601282983,,10,1,val,current_repo_v1
2613,104.52,-1.882838354781598,,10,1,val,current_repo_v1
2614,104.56,-1.7891483256196958,,10,1,val,current_repo_v1
2615,104.6,-1.8556531136144712,,10,1,val,current_repo_v1
2616,104.64,-1.9200646459530553,,10,1,val,current_repo_v1
2617,104.68,-1.9449350484910595,,10,1,val,current_repo_v1
2618,104.72,-2.107158053288067,,10,1,val,current_repo_v1
2619,104.76,-2.0153906960651,,10,1,val,current_repo_v1
2620,104.8,-1.772162056289989,,10,1,val,current_repo_v1
2621,104.84,-1.4207029719816244,,10,1,val,current_repo_v1
2622,104.88,-1.5331976577272886,,10,1,val,current_repo_v1
2623,104.92,-1.4903683069522098,,10,1,val,current_repo_v1
2624,104.96,-1.5500080675546692,,10,1,val,current_repo_v1
2625,105.0,-1.9547640119355845,,10,1,val,current_repo_v1
2626,105.04,-1.563825524511957,,10,1,val,current_repo_v1
2627,105.08,-1.5895899967597886,,10,1,val,current_repo_v1
2628,105.12,-1.661645438226492,,10,1,val,current_repo_v1
2629,105.16,-1.752257926097682,,10,1,val,current_repo_v1
2630,105.2,-1.8610103216338403,,10,1,val,current_repo_v1
2631,105.24,-1.6776372220705433,,10,1,val,current_repo_v1
2632,105.28,-1.6602591377696532,,10,1,val,current_repo_v1
2633,105.32,-1.457415401687284,,10,1,val,current_repo_v1
2634,105.36,-1.3915762419088142,,10,1,val,current_repo_v1
2635,105.4,-1.084996150875143,,10,1,val,current_repo_v1
2636,105.44,-0.8243973404767463,,10,1,val,current_repo_v1
2637,105.48,-0.9743724343747293,,10,1,val,current_repo_v1
2638,105.52,-1.4041558238292264,,10,1,val,current_repo_v1
2639,105.56,-1.7596658317736793,,10,1,val,current_repo_v1
2640,105.6,-1.5469590155033341,,10,1,val,current_repo_v1
2641,105.64,-1.676398291876654,,10,1,val,current_repo_v1
2642,105.68,-1.348755859968354,,10,1,val,current_repo_v1
2643,105.72,-0.9956449273546378,,10,1,val,current_repo_v1
2644,105.76,-0.9911893510036961,,10,1,val,current_repo_v1
2645,105.8,-1.2560596128540986,,10,1,val,current_repo_v1
2646,105.84,-1.1117945011371515,,10,1,val,current_repo_v1
2647,105.88,-1.1918499672241853,,10,1,val,current_repo_v1
2648,105.92,-1.3973646574278877,,10,1,val,current_repo_v1
2649,105.96,-1.5015846260105876,,10,1,val,current_repo_v1
2650,106.0,-1.7232829627753794,,10,1,val,current_repo_v1
2651,106.04,-2.0426923562227666,,10,1,val,current_repo_v1
2652,106.08,-2.6267659041838294,,10,1,val,current_repo_v1
2653,106.12,-2.2877332281693508,,10,1,val,current_repo_v1
2654,106.16,-1.5821089335308236,,10,1,val,current_repo_v1
2655,106.2,-1.2722247941674438,,10,1,val,current_repo_v1
2656,106.24,-1.286042075265229,,10,1,val,current_repo_v1
2657,106.28,-1.2040604200492142,,10,1,val,current_repo_v1
2658,106.32,-1.1319798306736781,,10,1,val,current_repo_v1
2659,106.36,-1.4950108219541245,,10,1,val,current_repo_v1
2660,106.4,-1.513303375667112,,10,1,val,current_repo_v1
2661,106.44,-1.6800268009881545,,10,1,val,current_repo_v1
2662,106.48,-1.3678835704578898,,10,1,val,current_repo_v1
2663,106.52,-1.4647119882983086,,10,1,val,current_repo_v1
2664,106.56,-1.0676728468092271,,10,1,val,current_repo_v1
2665,106.6,-0.9637779545165777,,10,1,val,current_repo_v1
2666,106.64,-1.1515818342409883,,10,1,val,current_repo_v1
2667,106.68,-1.1572288587201913,,10,1,val,current_repo_v1
2668,106.72,-1.1146133530999414,,10,1,val,current_repo_v1
2669,106.76,-1.4209864574993747,,10,1,val,current_repo_v1
2670,106.8,-1.0175838399186121,,10,1,val,current_repo_v1
2671,106.84,-1.0799924204554496,,10,1,val,current_repo_v1
2672,106.88,-1.132070222457874,,10,1,val,current_repo_v1
2673,106.92,-1.4499751378628587,,10,1,val,current_repo_v1
2674,106.96,-1.4021213052468122,,10,1,val,current_repo_v1
2675,107.0,-1.30827704730137,,10,1,val,current_repo_v1
2676,107.04,-1.1384657049789781,,10,1,val,current_repo_v1
2677,107.08,-1.1488901286983804,,10,1,val,current_repo_v1
2678,107.12,-1.4713313399658745,,10,1,val,current_repo_v1
2679,107.16,-1.6132525962358153,,10,1,val,current_repo_v1
2680,107.2,-1.5926232214559144,,10,1,val,current_repo_v1
2681,107.24,-1.462553312907252,,10,1,val,current_repo_v1
2682,107.28,-1.2205989510859985,,10,1,val,current_repo_v1
2683,107.32,-1.401035548679449,,10,1,val,current_repo_v1
2684,107.36,-1.517882581248189,,10,1,val,current_repo_v1
2685,107.4,-1.842290605189702,,10,1,val,current_repo_v1
2686,107.44,-1.8547864779870067,,10,1,val,current_repo_v1
2687,107.48,-1.7361034722139788,,10,1,val,current_repo_v1
2688,107.52,-1.7152539213371654,,10,1,val,current_repo_v1
2689,107.56,-1.5811170859377026,,10,1,val,current_repo_v1
2690,107.6,-1.4624845518418426,,10,1,val,current_repo_v1
2691,107.64,-1.3758828916402108,,10,1,val,current_repo_v1
2692,107.68,-1.543132488592214,,10,1,val,current_repo_v1
2693,107.72,-1.6918315459413165,,10,1,val,current_repo_v1
2694,107.76,-1.7148417066637123,,10,1,val,current_repo_v1
2695,107.8,-1.5534744342050248,,10,1,val,current_repo_v1
2696,107.84,-1.5303983261692569,,10,1,val,current_repo_v1
2697,107.88,-1.5806042796289188,,10,1,val,current_repo_v1
2698,107.92,-1.8076913032639963,,10,1,val,current_repo_v1
2699,107.96,-1.4771923854594087,,10,1,val,current_repo_v1
2700,108.0,-1.926779313470882,,10,1,val,current_repo_v1
2701,108.04,-1.7641980828676354,,10,1,val,current_repo_v1
2702,108.08,-1.5120109841845153,,10,1,val,current_repo_v1
2703,108.12,-1.6435020133714773,,10,1,val,current_repo_v1
2704,108.16,-1.5406845243198304,,10,1,val,current_repo_v1
2705,108.2,-1.5230922431451066,,10,1,val,current_repo_v1
2706,108.24,-1.8549350792664725,,10,1,val,current_repo_v1
2707,108.28,-2.018681730791636,,10,1,val,current_repo_v1
2708,108.32,-1.344199867841584,,10,1,val,current_repo_v1
2709,108.36,-0.9028580246669331,,10,1,val,current_repo_v1
2710,108.4,-1.0454104406907234,,10,1,val,current_repo_v1
2711,108.44,-1.641457119078426,,10,1,val,current_repo_v1
2712,108.48,-1.627807080367353,,10,1,val,current_repo_v1
2713,108.52,-1.443750766637518,,10,1,val,current_repo_v1
2714,108.56,-1.6586700713066318,,10,1,val,current_repo_v1
2715,108.6,-1.26020145585289,,10,1,val,current_repo_v1
2716,108.64,-1.0214593437011303,,10,1,val,current_repo_v1
2717,108.68,-1.1067701951556863,,10,1,val,current_repo_v1
2718,108.72,-1.049165480714148,,10,1,val,current_repo_v1
2719,108.76,-1.2052887986729641,,10,1,val,current_repo_v1
2720,108.8,-1.121277373081098,,10,1,val,current_repo_v1
2721,108.84,-0.9832070881931008,,10,1,val,current_repo_v1
2722,108.88,-0.9187141329049396,,10,1,val,current_repo_v1
2723,108.92,-0.9581854464830957,,10,1,val,current_repo_v1
2724,108.96,-1.364891321025806,,10,1,val,current_repo_v1
2725,109.0,-1.4408735293199557,,10,1,val,current_repo_v1
2726,109.04,-1.4391998744363153,,10,1,val,current_repo_v1
2727,109.08,-1.5001679018598462,,10,1,val,current_repo_v1
2728,109.12,-1.4729281442469981,,10,1,val,current_repo_v1
2729,109.16,-1.3298715390300382,,10,1,val,current_repo_v1
2730,109.2,-1.1247834839789794,,10,1,val,current_repo_v1
2731,109.24,-1.31599886218902,,10,1,val,current_repo_v1
2732,109.28,-1.7209512416340338,,10,1,val,current_repo_v1
2733,109.32,-1.6776002915750547,,10,1,val,current_repo_v1
2734,109.36,-1.9127545181603514,,10,1,val,current_repo_v1
2735,109.4,-1.932504419569118,,10,1,val,current_repo_v1
2736,109.44,-1.693744369748121,,10,1,val,current_repo_v1
2737,109.48,-1.3164274317961895,,10,1,val,current_repo_v1
2738,109.52,-1.2732978888506394,,10,1,val,current_repo_v1
2739,109.56,-1.456669229818913,,10,1,val,current_repo_v1
2740,109.6,-1.3720658611422163,,10,1,val,current_repo_v1
2741,109.64,-1.0434342195333304,,10,1,val,current_repo_v1
2742,109.68,-0.9764219010148413,,10,1,val,current_repo_v1
2743,109.72,-0.828470334480377,,10,1,val,current_repo_v1
2744,109.76,-0.7196227110237089,,10,1,val,current_repo_v1
2745,109.8,-0.9011255447797646,,10,1,val,current_repo_v1
2746,109.84,-1.4294308790820838,,10,1,val,current_repo_v1
2747,109.88,-1.688207960895881,,10,1,val,current_repo_v1
2748,109.92,-1.8943706933656563,,10,1,val,current_repo_v1
2749,109.96,-2.0544292194080307,,10,1,val,current_repo_v1
2750,110.0,-1.896145291603632,,10,1,val,current_repo_v1
2751,110.04,-1.6854000122222355,,10,1,val,current_repo_v1
2752,110.08,-1.9083458962965307,,10,1,val,current_repo_v1
2753,110.12,-1.9519703078816273,,10,1,val,current_repo_v1
2754,110.16,-1.8177481806235363,,10,1,val,current_repo_v1
2755,110.2,-1.5066226490332344,,10,1,val,current_repo_v1
2756,110.24,-1.722973977629792,,10,1,val,current_repo_v1
2757,110.28,-1.3929530459525277,,10,1,val,current_repo_v1
2758,110.32,-1.1644603773153552,,10,1,val,current_repo_v1
2759,110.36,-1.3865623116379862,,10,1,val,current_repo_v1
2760,110.4,-1.4360848750716078,,10,1,val,current_repo_v1
2761,110.44,-1.639886693722651,,10,1,val,current_repo_v1
2762,110.48,-1.4738522859317233,,10,1,val,current_repo_v1
2763,110.52,-1.332822989057582,,10,1,val,current_repo_v1
2764,110.56,-1.5013862564919633,,10,1,val,current_repo_v1
2765,110.6,-1.637225060154941,,10,1,val,current_repo_v1
2766,110.64,-1.809178722934673,,10,1,val,current_repo_v1
2767,110.68,-2.2167558054519083,,10,1,val,current_repo_v1
2768,110.72,-2.4564899410562915,,10,1,val,current_repo_v1
2769,110.76,-2.65319020128439,,10,1,val,current_repo_v1
2770,110.8,-2.3792566682625917,,10,1,val,current_repo_v1
2771,110.84,-1.977115227102763,,10,1,val,current_repo_v1
2772,110.88,-1.13458642021716,,10,1,val,current_repo_v1
2773,110.92,-0.9948882039161273,,10,1,val,current_repo_v1
2774,110.96,-1.1561276265166234,,10,1,val,current_repo_v1
2775,111.0,-1.14852574780956,,10,1,val,current_repo_v1
2776,111.04,-1.0762008895852926,,10,1,val,current_repo_v1
2777,111.08,-1.1160782627543204,,10,1,val,current_repo_v1
2778,111.12,-1.0578452023109697,,10,1,val,current_repo_v1
2779,111.16,-0.6432491713720074,,10,1,val,current_repo_v1
2780,111.2,-0.9832193983582637,,10,1,val,current_repo_v1
2781,111.24,-0.9628928536413688,,10,1,val,current_repo_v1
2782,111.28,-1.0104967899046093,,10,1,val,current_repo_v1
2783,111.32,-1.2007834540828641,,10,1,val,current_repo_v1
2784,111.36,-0.9961740006673868,,10,1,val,current_repo_v1
2785,111.4,-0.9251806626649837,,10,1,val,current_repo_v1
2786,111.44,-0.9437605708047726,,10,1,val,current_repo_v1
2787,111.48,-0.8202335150401641,,10,1,val,current_repo_v1
2788,111.52,-1.0390818727102544,,10,1,val,current_repo_v1
2789,111.56,-0.8887571701216465,,10,1,val,current_repo_v1
2790,111.6,-1.0392570287745715,,10,1,val,current_repo_v1
2791,111.64,-1.3461751217717142,,10,1,val,current_repo_v1
2792,111.68,-1.3917294155353406,,10,1,val,current_repo_v1
2793,111.72,-1.0848035847200954,,10,1,val,current_repo_v1
2794,111.76,-1.1471371611791907,,10,1,val,current_repo_v1
2795,111.8,-1.2786280145066504,,10,1,val,current_repo_v1
2796,111.84,-1.4991211861019993,,10,1,val,current_repo_v1
2797,111.88,-1.2577642190101483,,10,1,val,current_repo_v1
2798,111.92,-1.0215187842129165,,10,1,val,current_repo_v1
2799,111.96,-1.3646521521026422,,10,1,val,current_repo_v1
2800,112.0,-1.4283525086138182,,10,1,val,current_repo_v1
2801,112.04,-1.1970235779231257,,10,1,val,current_repo_v1
2802,112.08,-1.0458111365667742,,10,1,val,current_repo_v1
2803,112.12,-1.1404147558432618,,10,1,val,current_repo_v1
2804,112.16,-1.1638677307925152,,10,1,val,current_repo_v1
2805,112.2,-1.1219208430001104,,10,1,val,current_repo_v1
2806,112.24,-1.262277477277853,,10,1,val,current_repo_v1
2807,112.28,-1.3274617362696595,,10,1,val,current_repo_v1
2808,112.32,-1.3100757382911645,,10,1,val,current_repo_v1
2809,112.36,-1.422861119794174,,10,1,val,current_repo_v1
2810,112.4,-1.3202458691702026,,10,1,val,current_repo_v1
2811,112.44,-1.5230007962038967,,10,1,val,current_repo_v1
2812,112.48,-1.4958238204333794,,10,1,val,current_repo_v1
2813,112.52,-1.3265214155107201,,10,1,val,current_repo_v1
2814,112.56,-1.4087909527320432,,10,1,val,current_repo_v1
2815,112.6,-1.5203706414871032,,10,1,val,current_repo_v1
2816,112.64,-1.409459394700386,,10,1,val,current_repo_v1
2817,112.68,-1.2295055314408212,,10,1,val,current_repo_v1
2818,112.72,-1.1001884774216184,,10,1,val,current_repo_v1
2819,112.76,-1.3670832338628023,,10,1,val,current_repo_v1
2820,112.8,-1.5817890450960919,,10,1,val,current_repo_v1
2821,112.84,-1.3052077714072674,,10,1,val,current_repo_v1
2822,112.88,-1.4866972398411462,,10,1,val,current_repo_v1
2823,112.92,-1.6365798316409055,,10,1,val,current_repo_v1
2824,112.96,-1.8355492070275217,,10,1,val,current_repo_v1
2825,113.0,-1.8049420916641277,,10,1,val,current_repo_v1
2826,113.04,-1.6268180465262692,,10,1,val,current_repo_v1
2827,113.08,-1.624594303119352,,10,1,val,current_repo_v1
2828,113.12,-1.5602590938047776,,10,1,val,current_repo_v1
2829,113.16,-1.6351870243824804,,10,1,val,current_repo_v1
2830,113.2,-1.4732156745333018,,10,1,val,current_repo_v1
2831,113.24,-1.2599624627892285,,10,1,val,current_repo_v1
2832,113.28,-1.3390424362168576,,10,1,val,current_repo_v1
2833,113.32,-1.144593177618537,,10,1,val,current_repo_v1
2834,113.36,-1.0987849427335512,,10,1,val,current_repo_v1
2835,113.4,-1.3198201133150704,,10,1,val,current_repo_v1
2836,113.44,-1.3135728803544273,,10,1,val,current_repo_v1
2837,113.48,-1.3558486254161826,,10,1,val,current_repo_v1
2838,113.52,-1.1716078350684072,,10,1,val,current_repo_v1
2839,113.56,-1.3891905319002542,,10,1,val,current_repo_v1
2840,113.6,-1.3174025727365892,,10,1,val,current_repo_v1
2841,113.64,-1.4650564970633662,,10,1,val,current_repo_v1
2842,113.68,-1.6472935442416345,,10,1,val,current_repo_v1
2843,113.72,-1.3837948106498756,,10,1,val,current_repo_v1
2844,113.76,-1.4267757523159597,,10,1,val,current_repo_v1
2845,113.8,-1.4570193660880448,,10,1,val,current_repo_v1
2846,113.84,-1.5459671679102132,,10,1,val,current_repo_v1
2847,113.88,-1.1839878164536788,,10,1,val,current_repo_v1
2848,113.92,-0.978389944705376,,10,1,val,current_repo_v1
2849,113.96,-1.3238610129595263,,10,1,val,current_repo_v1
2850,114.0,-1.3897121311841543,,10,1,val,current_repo_v1
2851,114.04,-1.3570785867754533,,10,1,val,current_repo_v1
2852,114.08,-1.2315541187834216,,10,1,val,current_repo_v1
2853,114.12,-1.221348816003918,,10,1,val,current_repo_v1
2854,114.16,-1.71002702520902,,10,1,val,current_repo_v1
2855,114.2,-1.8351062169411614,,10,1,val,current_repo_v1
2856,114.24,-1.5524743212152947,,10,1,val,current_repo_v1
2857,114.28,-1.4711913558020226,,10,1,val,current_repo_v1
2858,114.32,-1.5910765371329538,,10,1,val,current_repo_v1
2859,114.36,-1.5197611124520398,,10,1,val,current_repo_v1
2860,114.4,-1.5608673918233245,,10,1,val,current_repo_v1
2861,114.44,-1.2426928838012734,,10,1,val,current_repo_v1
2862,114.48,-1.1205035912708619,,10,1,val,current_repo_v1
2863,114.52,-0.7157485261874583,,10,1,val,current_repo_v1
2864,114.56,-0.2845022934277347,,10,1,val,current_repo_v1
2865,114.6,0.09911384396777727,,10,1,val,current_repo_v1
2866,114.64,0.6191905362967418,,10,1,val,current_repo_v1
2867,114.68,0.632823516636089,,10,1,val,current_repo_v1
2868,114.72,0.37552101674929866,,10,1,val,current_repo_v1
2869,114.76,0.6956635684618845,,10,1,val,current_repo_v1
2870,114.8,1.18741303198049,,10,1,val,current_repo_v1
2871,114.84,1.1479459390303899,,10,1,val,current_repo_v1
2872,114.88,0.9569537265288016,,10,1,val,current_repo_v1
2873,114.92,1.3334407834892548,,10,1,val,current_repo_v1
2874,114.96,1.2806788880227808,,10,1,val,current_repo_v1
2875,115.0,1.0103589160547854,,10,1,val,current_repo_v1
2876,115.04,0.42541517131133594,,10,1,val,current_repo_v1
2877,115.08,-1.4771076211792875,,10,1,val,current_repo_v1
2878,115.12,-2.2528261721145744,,10,1,val,current_repo_v1
2879,115.16,-2.7827515241523244,,10,1,val,current_repo_v1
2880,115.2,-2.059078065352029,,10,1,val,current_repo_v1
2881,115.24,-1.460559242010373,,10,1,val,current_repo_v1
2882,115.28,-0.22293423338226623,,10,1,val,current_repo_v1
2883,115.32,0.6870566526990257,,10,1,val,current_repo_v1
2884,115.36,1.3350812009269555,,10,1,val,current_repo_v1
2885,115.4,1.9727250704866868,,10,1,val,current_repo_v1
2886,115.44,1.7657379086700054,,10,1,val,current_repo_v1
2887,115.48,1.5056883074973741,,10,1,val,current_repo_v1
2888,115.52,1.069820882700393,,10,1,val,current_repo_v1
2889,115.56,1.214741071063506,,10,1,val,current_repo_v1
2890,115.6,1.5471881604348654,,10,1,val,current_repo_v1
2891,115.64,1.7945171403662186,,10,1,val,current_repo_v1
2892,115.68,1.7891177260662912,,10,1,val,current_repo_v1
2893,115.72,1.8949642191860079,,10,1,val,current_repo_v1
2894,115.76,1.9890640009883305,,10,1,val,current_repo_v1
2895,115.8,1.6660472015697219,,10,1,val,current_repo_v1
2896,115.84,1.442950781761435,,10,1,val,current_repo_v1
2897,115.88,1.3240368724618528,,10,1,val,current_repo_v1
2898,115.92,1.3832552736967383,,10,1,val,current_repo_v1
2899,115.96,0.9331769942357652,,10,1,val,current_repo_v1
2900,116.0,1.0005084977509768,,10,1,val,current_repo_v1
2901,116.04,0.5536080434619174,,10,1,val,current_repo_v1
2902,116.08,0.5020305617436118,,10,1,val,current_repo_v1
2903,116.12,0.3229053924238847,,10,1,val,current_repo_v1
2904,116.16,0.21313226437134844,,10,1,val,current_repo_v1
2905,116.2,0.06019815848722139,,10,1,val,current_repo_v1
2906,116.24,-0.012333686371284253,,10,1,val,current_repo_v1
2907,116.28,-0.09055133272925595,,10,1,val,current_repo_v1
2908,116.32,-0.14997249997032372,,10,1,val,current_repo_v1
2909,116.36,-0.6073241086231388,,10,1,val,current_repo_v1
2910,116.4,-1.1441035847640604,,10,1,val,current_repo_v1
2911,116.44,-1.2467870688749345,,10,1,val,current_repo_v1
2912,116.48,-1.091061896829385,,10,1,val,current_repo_v1
2913,116.52,-1.4582955784964275,,10,1,val,current_repo_v1
2914,116.56,-1.2757462048420276,,10,1,val,current_repo_v1
2915,116.6,-1.2050628192124748,,10,1,val,current_repo_v1
2916,116.64,-1.317928920227052,,10,1,val,current_repo_v1
2917,116.68,-1.1604256327534805,,10,1,val,current_repo_v1
2918,116.72,-1.3905031472256184,,10,1,val,current_repo_v1
2919,116.76,-1.4070754432868493,,10,1,val,current_repo_v1
2920,116.8,-1.2055189987615094,,10,1,val,current_repo_v1
2921,116.84,-1.2072753076112432,,10,1,val,current_repo_v1
2922,116.88,-1.2695123372035613,,10,1,val,current_repo_v1
2923,116.92,-1.4058060893990574,,10,1,val,current_repo_v1
2924,116.96,-1.383152220028375,,10,1,val,current_repo_v1
2925,117.0,-1.2159476431089673,,10,1,val,current_repo_v1
2926,117.04,-1.1828466641430828,,10,1,val,current_repo_v1
2927,117.08,-1.178638873830919,,10,1,val,current_repo_v1
2928,117.12,-1.0040824904167562,,10,1,val,current_repo_v1
2929,117.16,-1.1290007707042689,,10,1,val,current_repo_v1
2930,117.2,-1.1237881191958121,,10,1,val,current_repo_v1
2931,117.24,-1.0856274864884947,,10,1,val,current_repo_v1
2932,117.28,-1.1527913958979892,,10,1,val,current_repo_v1
2933,117.32,-0.959471682883111,,10,1,val,current_repo_v1
2934,117.36,-0.882016739186729,,10,1,val,current_repo_v1
2935,117.4,-1.3801620809103192,,10,1,val,current_repo_v1
2936,117.44,-1.3822753845497755,,10,1,val,current_repo_v1
2937,117.48,-1.3201500257414347,,10,1,val,current_repo_v1
2938,117.52,-1.0342376468591712,,10,1,val,current_repo_v1
2939,117.56,-0.792295946922085,,10,1,val,current_repo_v1
2940,117.6,-0.8723346184266466,,10,1,val,current_repo_v1
2941,117.64,-0.8031223854638052,,10,1,val,current_repo_v1
2942,117.68,-0.884517813028815,,10,1,val,current_repo_v1
2943,117.72,-0.8678028069814464,,10,1,val,current_repo_v1
2944,117.76,-1.0335217228252005,,10,1,val,current_repo_v1
2945,117.8,-1.2588570099576046,,10,1,val,current_repo_v1
2946,117.84,-1.0102987721049899,,10,1,val,current_repo_v1
2947,117.88,-1.1913174646511409,,10,1,val,current_repo_v1
2948,117.92,-1.0134850824978907,,10,1,val,current_repo_v1
2949,117.96,-0.958848788525871,,10,1,val,current_repo_v1
2950,118.0,-0.8516299757797501,,10,1,val,current_repo_v1
2951,118.04,-0.9483297523942172,,10,1,val,current_repo_v1
2952,118.08,-1.005680877433401,,10,1,val,current_repo_v1
2953,118.12,-1.137345479949159,,10,1,val,current_repo_v1
2954,118.16,-1.3924469223048321,,10,1,val,current_repo_v1
2955,118.2,-1.217767964817548,,10,1,val,current_repo_v1
2956,118.24,-1.191485058756858,,10,1,val,current_repo_v1
2957,118.28,-1.1787538859454405,,10,1,val,current_repo_v1
2958,118.32,-0.906919324013659,,10,1,val,current_repo_v1
2959,118.36,-0.825945079956721,,10,1,val,current_repo_v1
2960,118.4,-0.868344630108114,,10,1,val,current_repo_v1
2961,118.44,-1.2627377015954413,,10,1,val,current_repo_v1
2962,118.48,-0.9453044413756961,,10,1,val,current_repo_v1
2963,118.52,-0.7524811797358854,,10,1,val,current_repo_v1
2964,118.56,-0.6892980260210513,,10,1,val,current_repo_v1
2965,118.6,-0.9104598154442453,,10,1,val,current_repo_v1
2966,118.64,-1.058375066991479,,10,1,val,current_repo_v1
2967,118.68,-1.0776867265204484,,10,1,val,current_repo_v1
2968,118.72,-1.331880030406108,,10,1,val,current_repo_v1
2969,118.76,-1.3015952655104783,,10,1,val,current_repo_v1
2970,118.8,-1.1652564932823868,,10,1,val,current_repo_v1
2971,118.84,-1.2495077912354262,,10,1,val,current_repo_v1
2972,118.88,-1.206366817422225,,10,1,val,current_repo_v1
2973,118.92,-1.3656654545550468,,10,1,val,current_repo_v1
2974,118.96,-1.5484109115545408,,10,1,val,current_repo_v1
2975,119.0,-1.549328018859173,,10,1,val,current_repo_v1
2976,119.04,-1.4366339084378708,,10,1,val,current_repo_v1
2977,119.08,-1.39610620682924,,10,1,val,current_repo_v1
2978,119.12,-1.582343530106927,,10,1,val,current_repo_v1
2979,119.16,-1.5745730021371327,,10,1,val,current_repo_v1
2980,119.2,-1.6023239833232434,,10,1,val,current_repo_v1
2981,119.24,-1.5244579680401733,,10,1,val,current_repo_v1
2982,119.28,-1.336402609227436,,10,1,val,current_repo_v1
2983,119.32,-1.5664226176423133,,10,1,val,current_repo_v1
2984,119.36,-1.7001219145999877,,10,1,val,current_repo_v1
2985,119.4,-1.5806981886031612,,10,1,val,current_repo_v1
2986,119.44,-1.511892279020445,,10,1,val,current_repo_v1
2987,119.48,-0.5951087317320446,,10,1,val,current_repo_v1
2988,119.52,-0.23520702840087,,10,1,val,current_repo_v1
2989,119.56,-0.4559653081959761,,10,1,val,current_repo_v1
2990,119.6,-0.5927895845451152,,10,1,val,current_repo_v1
2991,119.64,-0.9943732872933156,,10,1,val,current_repo_v1
2992,119.68,-1.3140967658118576,,10,1,val,current_repo_v1
2993,119.72,-1.2706803960180133,,10,1,val,current_repo_v1
2994,119.76,-1.277016262167829,,10,1,val,current_repo_v1
2995,119.8,-1.1722365327892241,,10,1,val,current_repo_v1
2996,119.84,-1.0318019927519506,,10,1,val,current_repo_v1
2997,119.88,-1.0633736974856047,,10,1,val,current_repo_v1
2998,119.92,-1.4497976956250114,,10,1,val,current_repo_v1
2999,119.96,-1.611485208237435,,10,1,val,current_repo_v1
3000,120.0,-1.6503480479375416,,10,1,val,current_repo_v1
3001,120.04,-1.6622081886339366,,10,1,val,current_repo_v1
3002,120.08,-1.4287997193282342,,10,1,val,current_repo_v1
3003,120.12,-1.0016677635903124,,10,1,val,current_repo_v1
3004,120.16,-0.873788448932379,,10,1,val,current_repo_v1
3005,120.2,-0.6941389105415902,,10,1,val,current_repo_v1
3006,120.24,-0.9292142641400932,,10,1,val,current_repo_v1
3007,120.28,-1.1108431012295656,,10,1,val,current_repo_v1
3008,120.32,-1.0168824242935834,,10,1,val,current_repo_v1
3009,120.36,-1.3727573407053637,,10,1,val,current_repo_v1
3010,120.4,-1.1397470173129283,,10,1,val,current_repo_v1
3011,120.44,-1.2421060406420104,,10,1,val,current_repo_v1
3012,120.48,-0.79032561705802,,10,1,val,current_repo_v1
3013,120.52,-1.0528618715935465,,10,1,val,current_repo_v1
3014,120.56,-1.1000898202408131,,10,1,val,current_repo_v1
3015,120.6,-1.449764634038574,,10,1,val,current_repo_v1
3016,120.64,-1.6544508501268167,,10,1,val,current_repo_v1
3017,120.68,-1.604564081663877,,10,1,val,current_repo_v1
3018,120.72,-1.7025646030873014,,10,1,val,current_repo_v1
3019,120.76,-1.779497156132023,,10,1,val,current_repo_v1
3020,120.8,-1.9597677423552775,,10,1,val,current_repo_v1
3021,120.84,-1.9081248409021065,,10,1,val,current_repo_v1
3022,120.88,-1.5381220755114324,,10,1,val,current_repo_v1
3023,120.92,-1.2963105116060676,,10,1,val,current_repo_v1
3024,120.96,-1.2770553029773453,,10,1,val,current_repo_v1
3025,121.0,-1.2160267798850142,,10,1,val,current_repo_v1
3026,121.04,-1.4229341014876395,,10,1,val,current_repo_v1
3027,121.08,-1.3933033580811618,,10,1,val,current_repo_v1
3028,121.12,-1.3925068903951254,,10,1,val,current_repo_v1
3029,121.16,-1.5854546605625834,,10,1,val,current_repo_v1
3030,121.2,-1.0670646367204313,,10,1,val,current_repo_v1
3031,121.24,-0.8635565913680242,,10,1,val,current_repo_v1
3032,121.28,-0.7005364154469711,,10,1,val,current_repo_v1
3033,121.32,-0.9538550820978104,,10,1,val,current_repo_v1
3034,121.36,-1.463678813722141,,10,1,val,current_repo_v1
3035,121.4,-1.4824815358513777,,10,1,val,current_repo_v1
3036,121.44,-1.5600580863936184,,10,1,val,current_repo_v1
3037,121.48,-1.498531001612192,,10,1,val,current_repo_v1
3038,121.52,-1.4946955058664533,,10,1,val,current_repo_v1
3039,121.56,-1.2228402804431484,,10,1,val,current_repo_v1
3040,121.6,-1.161972668795446,,10,1,val,current_repo_v1
3041,121.64,-0.7294095561174266,,10,1,val,current_repo_v1
3042,121.68,-0.6211533042022068,,10,1,val,current_repo_v1
3043,121.72,-0.7789697534845461,,10,1,val,current_repo_v1
3044,121.76,-0.8341891096365291,,10,1,val,current_repo_v1
3045,121.8,-0.9250311820880063,,10,1,val,current_repo_v1
3046,121.84,-0.8647964887891766,,10,1,val,current_repo_v1
3047,121.88,-0.6411555200319361,,10,1,val,current_repo_v1
3048,121.92,-0.6392623045596412,,10,1,val,current_repo_v1
3049,121.96,-0.5228907960851916,,10,1,val,current_repo_v1
3050,122.0,-0.547406138287999,,10,1,val,current_repo_v1
3051,122.04,0.08150300961555794,,10,1,val,current_repo_v1
3052,122.08,0.09543160977831591,,10,1,val,current_repo_v1
3053,122.12,0.1612458854372065,,10,1,val,current_repo_v1
3054,122.16,-0.1320139913820051,,10,1,val,current_repo_v1
3055,122.2,-0.3460624397955985,,10,1,val,current_repo_v1
3056,122.24,-0.05995432928724583,,10,1,val,current_repo_v1
3057,122.28,0.09957125453332823,,10,1,val,current_repo_v1
3058,122.32,0.06233977550655231,,10,1,val,current_repo_v1
3059,122.36,-0.3057443627137407,,10,1,val,current_repo_v1
3060,122.4,-0.1928225801842392,,10,1,val,current_repo_v1
3061,122.44,-0.6132933077106039,,10,1,val,current_repo_v1
3062,122.48,-0.6935052887547081,,10,1,val,current_repo_v1
3063,122.52,-1.0052880073052037,,10,1,val,current_repo_v1
3064,122.56,-1.0205030197274794,,10,1,val,current_repo_v1
3065,122.6,-1.2898571713086981,,10,1,val,current_repo_v1
3066,122.64,-1.1392094148143166,,10,1,val,current_repo_v1
3067,122.68,-0.8748524868512049,,10,1,val,current_repo_v1
3068,122.72,-1.1981074000359633,,10,1,val,current_repo_v1
3069,122.76,-1.0698965022863933,,10,1,val,current_repo_v1
3070,122.8,-0.6010566957846037,,10,1,val,current_repo_v1
3071,122.84,-0.286609617844112,,10,1,val,current_repo_v1
3072,122.88,0.20274173757101976,,10,1,val,current_repo_v1
3073,122.92,0.43965310833868604,,10,1,val,current_repo_v1
3074,122.96,0.5245450624587005,,10,1,val,current_repo_v1
3075,123.0,-0.11758001497443663,,10,1,val,current_repo_v1
3076,123.04,-0.3562022568929231,,10,1,val,current_repo_v1
3077,123.08,-1.1622675851808473,,10,1,val,current_repo_v1
3078,123.12,-0.9266153244849624,,10,1,val,current_repo_v1
3079,123.16,-0.6224211632842289,,10,1,val,current_repo_v1
3080,123.2,-0.732809755630032,,10,1,val,current_repo_v1
3081,123.24,-1.040907646063407,,10,1,val,current_repo_v1
3082,123.28,-1.2353067847035646,,10,1,val,current_repo_v1
3083,123.32,-1.372830146539327,,10,1,val,current_repo_v1
3084,123.36,-0.9961250237959889,,10,1,val,current_repo_v1
3085,123.4,-0.804625456630189,,10,1,val,current_repo_v1
3086,123.44,-0.7695898472792116,,10,1,val,current_repo_v1
3087,123.48,-1.1892321226725544,,10,1,val,current_repo_v1
3088,123.52,-1.523599070230811,,10,1,val,current_repo_v1
3089,123.56,-1.546860885901036,,10,1,val,current_repo_v1
3090,123.6,-1.4049264401684207,,10,1,val,current_repo_v1
3091,123.64,-1.4374103281406418,,10,1,val,current_repo_v1
3092,123.68,-1.334721040666191,,10,1,val,current_repo_v1
3093,123.72,-0.9870490028106745,,10,1,val,current_repo_v1
3094,123.76,-1.0801111256195202,,10,1,val,current_repo_v1
3095,123.8,-1.0727252023813134,,10,1,val,current_repo_v1
3096,123.84,-1.4121743136973008,,10,1,val,current_repo_v1
3097,123.88,-1.5447333376418912,,10,1,val,current_repo_v1
3098,123.92,-1.2804217814303795,,10,1,val,current_repo_v1
3099,123.96,-1.1910376721829397,,10,1,val,current_repo_v1
3100,124.0,-1.42745685616847,,10,1,val,current_repo_v1
3101,124.04,-1.3735216261024743,,10,1,val,current_repo_v1
3102,124.08,-1.1444711311239224,,10,1,val,current_repo_v1
3103,124.12,-1.1619390796305016,,10,1,val,current_repo_v1
3104,124.16,-1.2246189234496776,,10,1,val,current_repo_v1
3105,124.2,-1.2541564613199223,,10,1,val,current_repo_v1
3106,124.24,-1.8066057225561354,,10,1,val,current_repo_v1
3107,124.28,-1.6900551891083175,,10,1,val,current_repo_v1
3108,124.32,-1.313638475948795,,10,1,val,current_repo_v1
3109,124.36,-1.4484710115394608,,10,1,val,current_repo_v1
3110,124.4,-1.6091327356748146,,10,1,val,current_repo_v1
3111,124.44,-1.3310582389517367,,10,1,val,current_repo_v1
3112,124.48,-1.3488847649835594,,10,1,val,current_repo_v1
3113,124.52,-1.4843104746755722,,10,1,val,current_repo_v1
3114,124.56,-1.7233121554527657,,10,1,val,current_repo_v1
3115,124.6,-1.506165590186688,,10,1,val,current_repo_v1
3116,124.64,-1.3582640556806356,,10,1,val,current_repo_v1
3117,124.68,-1.0819847327573056,,10,1,val,current_repo_v1
3118,124.72,-0.8174526487298768,,10,1,val,current_repo_v1
3119,124.76,-0.5561808679809527,,10,1,val,current_repo_v1
3120,124.8,-0.6327223974222514,,10,1,val,current_repo_v1
3121,124.84,-0.6006123427871005,,10,1,val,current_repo_v1
3122,124.88,-0.6910851542485678,,10,1,val,current_repo_v1
3123,124.92,-1.3699008548090759,,10,1,val,current_repo_v1
3124,124.96,-1.6227854122784224,,10,1,val,current_repo_v1
3125,125.0,-1.7228086696976053,,10,1,val,current_repo_v1
3126,125.04,-1.7945436951510698,,10,1,val,current_repo_v1
3127,125.08,-1.7779932056681276,,10,1,val,current_repo_v1
3128,125.12,-1.851532901334466,,10,1,val,current_repo_v1
3129,125.16,-2.0773723776600397,,10,1,val,current_repo_v1
3130,125.2,-1.8645104533086427,,10,1,val,current_repo_v1
3131,125.24,-1.7562203924041004,,10,1,val,current_repo_v1
3132,125.28,-1.5766950987517052,,10,1,val,current_repo_v1
3133,125.32,-1.3501282675245094,,10,1,val,current_repo_v1
3134,125.36,-0.9756727395349307,,10,1,val,current_repo_v1
3135,125.4,-1.311535548019976,,10,1,val,current_repo_v1
3136,125.44,-1.419165608212287,,10,1,val,current_repo_v1
3137,125.48,-1.4247927605677273,,10,1,val,current_repo_v1
3138,125.52,-1.0893861316317168,,10,1,val,current_repo_v1
3139,125.56,-1.6005193131103699,,10,1,val,current_repo_v1
3140,125.6,-1.2226354041229381,,10,1,val,current_repo_v1
3141,125.64,-1.093372163111447,,10,1,val,current_repo_v1
3142,125.68,-0.934868674718394,,10,1,val,current_repo_v1
3143,125.72,-0.5589441043761318,,10,1,val,current_repo_v1
3144,125.76,-0.6093970085419357,,10,1,val,current_repo_v1
3145,125.8,-0.9201236468160857,,10,1,val,current_repo_v1
3146,125.84,-1.3382744577701982,,10,1,val,current_repo_v1
3147,125.88,-0.8517055953657504,,10,1,val,current_repo_v1
3148,125.92,-0.5769262221026378,,10,1,val,current_repo_v1
3149,125.96,-0.6142554790127072,,10,1,val,current_repo_v1
3150,126.0,-0.8252397074928898,,10,1,val,current_repo_v1
3151,126.04,-1.1306086541340392,,10,1,val,current_repo_v1
3152,126.08,-0.8209443391485675,,10,1,val,current_repo_v1
3153,126.12,-0.5240206494227632,,10,1,val,current_repo_v1
3154,126.16,-0.2337233457446177,,10,1,val,current_repo_v1
3155,126.2,-0.3084657885122418,,10,1,val,current_repo_v1
3156,126.24,-0.3813055193944454,,10,1,val,current_repo_v1
3157,126.28,-0.26439825494615843,,10,1,val,current_repo_v1
3158,126.32,-0.7412667072022819,,10,1,val,current_repo_v1
3159,126.36,-0.68138448031099,,10,1,val,current_repo_v1
3160,126.4,-0.8659564580665214,,10,1,val,current_repo_v1
3161,126.44,-0.24432806941877994,,10,1,val,current_repo_v1
3162,126.48,-0.2875460696940001,,10,1,val,current_repo_v1
3163,126.52,-0.9469645550776573,,10,1,val,current_repo_v1
3164,126.56,-0.8733161782388814,,10,1,val,current_repo_v1
3165,126.6,-0.6854996366303033,,10,1,val,current_repo_v1
3166,126.64,-0.8758869803736399,,10,1,val,current_repo_v1
3167,126.68,-0.7218093480756355,,10,1,val,current_repo_v1
3168,126.72,-0.7622631886932891,,10,1,val,current_repo_v1
3169,126.76,-0.901651100902467,,10,1,val,current_repo_v1
3170,126.8,-0.79714711922351,,10,1,val,current_repo_v1
3171,126.84,-0.8376254922417382,,10,1,val,current_repo_v1
3172,126.88,-0.6312939346497296,,10,1,val,current_repo_v1
3173,126.92,-0.756466331918104,,10,1,val,current_repo_v1
3174,126.96,-0.6483217947517369,,10,1,val,current_repo_v1
3175,127.0,-0.544755320079682,,10,1,val,current_repo_v1
3176,127.04,-0.5604097614333956,,10,1,val,current_repo_v1
3177,127.08,-0.8553788607205931,,10,1,val,current_repo_v1
3178,127.12,-0.7852709753124034,,10,1,val,current_repo_v1
3179,127.16,-0.6055958493640261,,10,1,val,current_repo_v1
3180,127.2,-0.5583538759214488,,10,1,val,current_repo_v1
3181,127.24,-0.7285267853806238,,10,1,val,current_repo_v1
3182,127.28,-0.4616047707165791,,10,1,val,current_repo_v1
3183,127.32,-0.21571520081176745,,10,1,val,current_repo_v1
3184,127.36,-0.17801833159452252,,10,1,val,current_repo_v1
3185,127.4,0.04519488090574678,,10,1,val,current_repo_v1
3186,127.44,-0.4393855381058964,,10,1,val,current_repo_v1
3187,127.48,-0.9686992068296796,,10,1,val,current_repo_v1
3188,127.52,-0.49158059443149676,,10,1,val,current_repo_v1
3189,127.56,-0.8609815686052099,,10,1,val,current_repo_v1
3190,127.6,-0.9926783534098937,,10,1,val,current_repo_v1
3191,127.64,-0.5722407534172799,,10,1,val,current_repo_v1
3192,127.68,-0.5724193387418923,,10,1,val,current_repo_v1
3193,127.72,-0.45122180587485045,,10,1,val,current_repo_v1
3194,127.76,-0.3050895498568284,,10,1,val,current_repo_v1
3195,127.8,-0.4376096209216533,,10,1,val,current_repo_v1
3196,127.84,-0.19072398279566488,,10,1,val,current_repo_v1
3197,127.88,-0.46116222027897474,,10,1,val,current_repo_v1
3198,127.92,-0.8465148383653331,,10,1,val,current_repo_v1
3199,127.96,-0.8609463967047446,,10,1,val,current_repo_v1
3200,128.0,-0.7267267314796862,,10,1,val,current_repo_v1
3201,128.04,-0.719638054765287,,10,1,val,current_repo_v1
3202,128.08,-0.6618159340139975,,10,1,val,current_repo_v1
3203,128.12,-0.47232415478625817,,10,1,val,current_repo_v1
3204,128.16,-0.27379579106660107,,10,1,val,current_repo_v1
3205,128.2,-0.0925741126898898,,10,1,val,current_repo_v1
3206,128.24,-0.5290236324395714,,10,1,val,current_repo_v1
3207,128.28,-0.6949406979775717,,10,1,val,current_repo_v1
3208,128.32,-0.3082316975322076,,10,1,val,current_repo_v1
3209,128.36,0.2690414294212068,,10,1,val,current_repo_v1
3210,128.4,0.5873429959336887,,10,1,val,current_repo_v1
3211,128.44,0.4146527456284625,,10,1,val,current_repo_v1
3212,128.48,0.22643550814383373,,10,1,val,current_repo_v1
3213,128.52,0.2684087748615876,,10,1,val,current_repo_v1
3214,128.56,0.21382110604196095,,10,1,val,current_repo_v1
3215,128.6,0.5553964466708258,,10,1,val,current_repo_v1
3216,128.64,0.794782952003985,,10,1,val,current_repo_v1
3217,128.68,0.9280276521481458,,10,1,val,current_repo_v1
3218,128.72,0.7525917953628487,,10,1,val,current_repo_v1
3219,128.76,0.6984926202758093,,10,1,val,current_repo_v1
3220,128.8,0.5499340746690654,,10,1,val,current_repo_v1
3221,128.84,0.523582495472717,,10,1,val,current_repo_v1
3222,128.88,0.3597857239893904,,10,1,val,current_repo_v1
3223,128.92,0.0404377055083153,,10,1,val,current_repo_v1
3224,128.96,0.0010250850390605944,,10,1,val,current_repo_v1
3225,129.0,-0.17645753454650012,,10,1,val,current_repo_v1
3226,129.04,-0.09331894362955548,,10,1,val,current_repo_v1
3227,129.08,-0.40732265778224463,,10,1,val,current_repo_v1
3228,129.12,-0.2536699899716119,,10,1,val,current_repo_v1
3229,129.16,-0.5602892537094265,,10,1,val,current_repo_v1
3230,129.2,-0.6494574954177609,,10,1,val,current_repo_v1
3231,129.24,-0.612040748405284,,10,1,val,current_repo_v1
3232,129.28,-0.624557724342868,,10,1,val,current_repo_v1
3233,129.32,-0.7277204255975815,,10,1,val,current_repo_v1
3234,129.36,-0.608208857779343,,10,1,val,current_repo_v1
3235,129.4,-0.7686569126193701,,10,1,val,current_repo_v1
3236,129.44,-0.754983044945732,,10,1,val,current_repo_v1
3237,129.48,-0.7193004484856959,,10,1,val,current_repo_v1
3238,129.52,-0.6917518815867627,,10,1,val,current_repo_v1
3239,129.56,-0.6377091134350944,,10,1,val,current_repo_v1
3240,129.6,-0.8245682759130076,,10,1,val,current_repo_v1
3241,129.64,-0.832362017337109,,10,1,val,current_repo_v1
3242,129.68,-1.029932078663714,,10,1,val,current_repo_v1
3243,129.72,-1.0579052583310142,,10,1,val,current_repo_v1
3244,129.76,-0.675971348969881,,10,1,val,current_repo_v1
3245,129.8,-0.519900744896887,,10,1,val,current_repo_v1
3246,129.84,-0.666791351053816,,10,1,val,current_repo_v1
3247,129.88,-0.6221627377455603,,10,1,val,current_repo_v1
3248,129.92,-0.798080845251112,,10,1,val,current_repo_v1
3249,129.96,-0.8567391339710878,,10,1,val,current_repo_v1
3250,130.0,-0.9600513158027788,,10,1,val,current_repo_v1
3251,130.04,-0.7026421571278274,,10,1,val,current_repo_v1
3252,130.08,-0.5579554662189283,,10,1,val,current_repo_v1
3253,130.12,-0.3315382914282122,,10,1,val,current_repo_v1
3254,130.16,0.0019256175855985143,,10,1,val,current_repo_v1
3255,130.2,0.3627200277154576,,10,1,val,current_repo_v1
3256,130.24,0.777176602069075,,10,1,val,current_repo_v1
3257,130.28,0.6411353401540442,,10,1,val,current_repo_v1
3258,130.32,-0.08000259832414687,,10,1,val,current_repo_v1
3259,130.36,-0.46867805972452486,,10,1,val,current_repo_v1
3260,130.4,-0.4106203312049937,,10,1,val,current_repo_v1
3261,130.44,-1.0025878605064842,,10,1,val,current_repo_v1
3262,130.48,-1.4355091110609912,,10,1,val,current_repo_v1
3263,130.52,-1.161037272102572,,10,1,val,current_repo_v1
3264,130.56,-1.2015043021829,,10,1,val,current_repo_v1
3265,130.6,-1.0518633413393372,,10,1,val,current_repo_v1
3266,130.64,-1.2438570737066743,,10,1,val,current_repo_v1
3267,130.68,-1.2183454874231878,,10,1,val,current_repo_v1
3268,130.72,-1.3628082652207498,,10,1,val,current_repo_v1
3269,130.76,-1.548666435411421,,10,1,val,current_repo_v1
3270,130.8,-1.4827345976752253,,10,1,val,current_repo_v1
3271,130.84,-1.322486846808348,,10,1,val,current_repo_v1
3272,130.88,-1.1354600902247176,,10,1,val,current_repo_v1
3273,130.92,-1.4281877282601385,,10,1,val,current_repo_v1
3274,130.96,-1.4230872751141659,,10,1,val,current_repo_v1
3275,131.0,-1.0394750945574562,,10,1,val,current_repo_v1
3276,131.04,-1.03616366012865,,10,1,val,current_repo_v1
3277,131.08,-0.8663010547613301,,10,1,val,current_repo_v1
3278,131.12,-0.736750107604033,,10,1,val,current_repo_v1
3279,131.16,-0.885522586295357,,10,1,val,current_repo_v1
3280,131.2,-1.0101450708999566,,10,1,val,current_repo_v1
3281,131.24,-1.0877611898302209,,10,1,val,current_repo_v1
3282,131.28,-1.048445687771126,,10,1,val,current_repo_v1
3283,131.32,-1.641912946908456,,10,1,val,current_repo_v1
3284,131.36,-1.4102599071549757,,10,1,val,current_repo_v1
3285,131.4,-1.440841874609537,,10,1,val,current_repo_v1
3286,131.44,-1.54726184556634,,10,1,val,current_repo_v1
3287,131.48,-1.6496927954318736,,10,1,val,current_repo_v1
3288,131.52,-1.5156795892625463,,10,1,val,current_repo_v1
3289,131.56,-1.6291710466673965,,10,1,val,current_repo_v1
3290,131.6,-1.5025224847364944,,10,1,val,current_repo_v1
3291,131.64,-1.3551940763485237,,10,1,val,current_repo_v1
3292,131.68,-1.4420637464317008,,10,1,val,current_repo_v1
3293,131.72,-1.7633275783311197,,10,1,val,current_repo_v1
3294,131.76,-1.592544436398872,,10,1,val,current_repo_v1
3295,131.8,-1.6371366028252707,,10,1,val,current_repo_v1
3296,131.84,-1.267113437732327,,10,1,val,current_repo_v1
3297,131.88,-1.299500251259264,,10,1,val,current_repo_v1
3298,131.92,-1.3989118693293554,,10,1,val,current_repo_v1
3299,131.96,-1.3523975585425292,,10,1,val,current_repo_v1
3300,132.0,-1.1277300099404584,,10,1,val,current_repo_v1
3301,132.04,-1.3305633703121902,,10,1,val,current_repo_v1
3302,132.08,-1.476447972186061,,10,1,val,current_repo_v1
3303,132.12,-1.4214489679904931,,10,1,val,current_repo_v1
3304,132.16,-1.47666181734089,,10,1,val,current_repo_v1
3305,132.2,-1.6215515820101005,,10,1,val,current_repo_v1
3306,132.24,-1.5321437317298463,,10,1,val,current_repo_v1
3307,132.28,-1.5291766302065954,,10,1,val,current_repo_v1
3308,132.32,-1.5049518079016313,,10,1,val,current_repo_v1
3309,132.36,-1.7640100890596484,,10,1,val,current_repo_v1
3310,132.4,-1.8404460148698003,,10,1,val,current_repo_v1
3311,132.44,-1.5999242045544972,,10,1,val,current_repo_v1
3312,132.48,-1.451417713360442,,10,1,val,current_repo_v1
3313,132.52,-1.7417993856348286,,10,1,val,current_repo_v1
3314,132.56,-1.6557377899648413,,10,1,val,current_repo_v1
3315,132.6,-1.349591368463907,,10,1,val,current_repo_v1
3316,132.64,-1.3647645263246286,,10,1,val,current_repo_v1
3317,132.68,-1.3190825585623134,,10,1,val,current_repo_v1
3318,132.72,-1.4368614706338811,,10,1,val,current_repo_v1
3319,132.76,-1.3685608054013487,,10,1,val,current_repo_v1
3320,132.8,-0.9706472904667004,,10,1,val,current_repo_v1
3321,132.84,-0.8161593779497683,,10,1,val,current_repo_v1
3322,132.88,-0.6562492773273576,,10,1,val,current_repo_v1
3323,132.92,-0.9489322470491874,,10,1,val,current_repo_v1
3324,132.96,-1.0732235882109065,,10,1,val,current_repo_v1
3325,133.0,-0.9643971558242689,,10,1,val,current_repo_v1
3326,133.04,-1.0171028641797495,,10,1,val,current_repo_v1
3327,133.08,-1.2968340453444933,,10,1,val,current_repo_v1
3328,133.12,-1.4230053245860816,,10,1,val,current_repo_v1
3329,133.16,-1.3576437992159305,,10,1,val,current_repo_v1
3330,133.2,-1.3871375480700958,,10,1,val,current_repo_v1
3331,133.24,-1.3857209997788567,,10,1,val,current_repo_v1
3332,133.28,-1.733409128778836,,10,1,val,current_repo_v1
3333,133.32,-1.4371500560771988,,10,1,val,current_repo_v1
3334,133.36,-1.4074623341919674,,10,1,val,current_repo_v1
3335,133.4,-1.513460594062192,,10,1,val,current_repo_v1
3336,133.44,-1.484916486520589,,10,1,val,current_repo_v1
3337,133.48,-1.3748194692296432,,10,1,val,current_repo_v1
3338,133.52,-1.3757036908073401,,10,1,val,current_repo_v1
3339,133.56,-1.3851158672313515,,10,1,val,current_repo_v1
3340,133.6,-1.501465744987015,,10,1,val,current_repo_v1
3341,133.64,-1.535036268824111,,10,1,val,current_repo_v1
3342,133.68,-1.462594639890299,,10,1,val,current_repo_v1
3343,133.72,-1.5598836337673105,,10,1,val,current_repo_v1
3344,133.76,-1.6793194940697977,,10,1,val,current_repo_v1
3345,133.8,-1.3413447888213148,,10,1,val,current_repo_v1
3346,133.84,-1.21114316150541,,10,1,val,current_repo_v1
3347,133.88,-1.617554119662719,,10,1,val,current_repo_v1
3348,133.92,-1.6077598005401526,,10,1,val,current_repo_v1
3349,133.96,-1.4081543413336217,,10,1,val,current_repo_v1
3350,134.0,-1.4694438399274052,,10,1,val,current_repo_v1
3351,134.04,-1.392875667771504,,10,1,val,current_repo_v1
3352,134.08,-1.2420135385437865,,10,1,val,current_repo_v1
3353,134.12,-1.1532658648352658,,10,1,val,current_repo_v1
3354,134.16,-1.0610039906917565,,10,1,val,current_repo_v1
3355,134.2,-0.5950618651746746,,10,1,val,current_repo_v1
3356,134.24,-0.24890261472304545,,10,1,val,current_repo_v1
3357,134.28,-0.26885347957809547,,10,1,val,current_repo_v1
3358,134.32,0.04749947571885869,,10,1,val,current_repo_v1
3359,134.36,0.21287480605994258,,10,1,val,current_repo_v1
3360,134.4,0.06948019887951118,,10,1,val,current_repo_v1
3361,134.44,0.18210414135938516,,10,1,val,current_repo_v1
3362,134.48,0.2685800180519779,,10,1,val,current_repo_v1
3363,134.52,0.22681088025154944,,10,1,val,current_repo_v1
3364,134.56,0.1553989526687339,,10,1,val,current_repo_v1
3365,134.6,0.017994691680922277,,10,1,val,current_repo_v1
3366,134.64,-0.6505126524317193,,10,1,val,current_repo_v1
3367,134.68,-0.43411274264764393,,10,1,val,current_repo_v1
3368,134.72,0.04000869625239004,,10,1,val,current_repo_v1
3369,134.76,0.21518621542876964,,10,1,val,current_repo_v1
3370,134.8,0.20177710423588388,,10,1,val,current_repo_v1
3371,134.84,-0.2991644035746961,,10,1,val,current_repo_v1
3372,134.88,-0.45755120918795555,,10,1,val,current_repo_v1
3373,134.92,-0.336532173715775,,10,1,val,current_repo_v1
3374,134.96,-0.42194634262794767,,10,1,val,current_repo_v1
3375,135.0,-0.2633319308538023,,10,1,val,current_repo_v1
3376,135.04,-0.589073497401456,,10,1,val,current_repo_v1
3377,135.08,-0.5325298752320796,,10,1,val,current_repo_v1
3378,135.12,-0.7649069725215131,,10,1,val,current_repo_v1
3379,135.16,-0.7275828155370112,,10,1,val,current_repo_v1
3380,135.2,-0.6165904095899704,,10,1,val,current_repo_v1
3381,135.24,-0.7791026153385537,,10,1,val,current_repo_v1
3382,135.28,-0.6895827865201933,,10,1,val,current_repo_v1
3383,135.32,-0.7833073281094268,,10,1,val,current_repo_v1
3384,135.36,-0.8270391019206935,,10,1,val,current_repo_v1
3385,135.4,-0.4869463448261915,,10,1,val,current_repo_v1
3386,135.44,-0.6621109822940257,,10,1,val,current_repo_v1
3387,135.48,-0.7823282303302246,,10,1,val,current_repo_v1
3388,135.52,-0.9127190824706326,,10,1,val,current_repo_v1
3389,135.56,-1.0447405039166109,,10,1,val,current_repo_v1
3390,135.6,-0.7960652315651979,,10,1,val,current_repo_v1
3391,135.64,-0.6526661839323328,,10,1,val,current_repo_v1
3392,135.68,-0.9372407556155237,,10,1,val,current_repo_v1
3393,135.72,-1.0014657010221395,,10,1,val,current_repo_v1
3394,135.76,-1.0698098035517465,,10,1,val,current_repo_v1
3395,135.8,-0.7705555797362371,,10,1,val,current_repo_v1
3396,135.84,-0.9972146492724033,,10,1,val,current_repo_v1
3397,135.88,-0.8928075661792281,,10,1,val,current_repo_v1
3398,135.92,-1.021212964538371,,10,1,val,current_repo_v1
3399,135.96,-1.2573418044855604,,10,1,val,current_repo_v1
3400,136.0,-1.271777231734023,,10,1,val,current_repo_v1
3401,136.04,-0.8564093974042258,,10,1,val,current_repo_v1
3402,136.08,-1.1148966627581893,,10,1,val,current_repo_v1
3403,136.12,-1.140460655173369,,10,1,val,current_repo_v1
3404,136.16,-0.8932511717738464,,10,1,val,current_repo_v1
3405,136.2,-1.2039870866367441,,10,1,val,current_repo_v1
3406,136.24,-1.116932588216622,,10,1,val,current_repo_v1
3407,136.28,-0.9680750814559232,,10,1,val,current_repo_v1
3408,136.32,-0.7614841310979832,,10,1,val,current_repo_v1
3409,136.36,-1.0796315567566759,,10,1,val,current_repo_v1
3410,136.4,-0.9565583943675718,,10,1,val,current_repo_v1
3411,136.44,-0.8105229050407049,,10,1,val,current_repo_v1
3412,136.48,-1.0363844517338208,,10,1,val,current_repo_v1
3413,136.52,-1.0609274918082445,,10,1,val,current_repo_v1
3414,136.56,-0.9419618798149783,,10,1,val,current_repo_v1
3415,136.6,-0.9836024203543305,,10,1,val,current_repo_v1
3416,136.64,-0.9055093704537571,,10,1,val,current_repo_v1
3417,136.68,-0.8807828209886558,,10,1,val,current_repo_v1
3418,136.72,-1.0969618072729335,,10,1,val,current_repo_v1
3419,136.76,-1.0479298918508027,,10,1,val,current_repo_v1
3420,136.8,-1.0457801852943647,,10,1,val,current_repo_v1
3421,136.84,-0.9797971724429918,,10,1,val,current_repo_v1
3422,136.88,-0.952810124934987,,10,1,val,current_repo_v1
3423,136.92,-1.122768134082319,,10,1,val,current_repo_v1
3424,136.96,-0.9975331308311164,,10,1,val,current_repo_v1
3425,137.0,-0.8189126343181905,,10,1,val,current_repo_v1
3426,137.04,-0.8044714037061511,,10,1,val,current_repo_v1
3427,137.08,-0.8857893651603861,,10,1,val,current_repo_v1
3428,137.12,-0.9022965932057561,,10,1,val,current_repo_v1
3429,137.16,-0.9991104147074819,,10,1,val,current_repo_v1
3430,137.2,-0.6860530664841245,,10,1,val,current_repo_v1
3431,137.24,-0.8458613444546883,,10,1,val,current_repo_v1
3432,137.28,-0.8580749627507591,,10,1,val,current_repo_v1
3433,137.32,-1.005922244600344,,10,1,val,current_repo_v1
3434,137.36,-0.85352055335951,,10,1,val,current_repo_v1
3435,137.4,-0.8900655648189548,,10,1,val,current_repo_v1
3436,137.44,-0.67597165672401,,10,1,val,current_repo_v1
3437,137.48,-0.840228740454676,,10,1,val,current_repo_v1
3438,137.52,-0.8490797492067638,,10,1,val,current_repo_v1
3439,137.56,-0.9299023144429452,,10,1,val,current_repo_v1
3440,137.6,-0.9452759521363192,,10,1,val,current_repo_v1
3441,137.64,-0.9887431453263359,,10,1,val,current_repo_v1
3442,137.68,-0.9930947887114027,,10,1,val,current_repo_v1
3443,137.72,-1.1339814635291572,,10,1,val,current_repo_v1
3444,137.76,-1.443198567800213,,10,1,val,current_repo_v1
3445,137.8,-1.54348596619189,,10,1,val,current_repo_v1
3446,137.84,-1.4299795607293422,,10,1,val,current_repo_v1
3447,137.88,-1.3596324184682373,,10,1,val,current_repo_v1
3448,137.92,-1.1188044367593841,,10,1,val,current_repo_v1
3449,137.96,-0.9644418241378597,,10,1,val,current_repo_v1
3450,138.0,-1.2078566991259343,,10,1,val,current_repo_v1
3451,138.04,-1.1491651729600187,,10,1,val,current_repo_v1
3452,138.08,-0.7563558042208919,,10,1,val,current_repo_v1
3453,138.12,-0.8737356031519299,,10,1,val,current_repo_v1
3454,138.16,-0.3670391810574696,,10,1,val,current_repo_v1
3455,138.2,-0.6126812287127568,,10,1,val,current_repo_v1
3456,138.24,-0.7669079898687341,,10,1,val,current_repo_v1
3457,138.28,-0.4601004245688035,,10,1,val,current_repo_v1
3458,138.32,-0.4484927301879982,,10,1,val,current_repo_v1
3459,138.36,-0.4048648453777308,,10,1,val,current_repo_v1
3460,138.4,-0.6765369570942382,,10,1,val,current_repo_v1
3461,138.44,-0.979751976550894,,10,1,val,current_repo_v1
3462,138.48,-1.11766644991983,,10,1,val,current_repo_v1
3463,138.52,-0.9294580054103175,,10,1,val,current_repo_v1
3464,138.56,-0.9157153766712698,,10,1,val,current_repo_v1
3465,138.6,-0.8095518088688585,,10,1,val,current_repo_v1
3466,138.64,-0.8369035889846883,,10,1,val,current_repo_v1
3467,138.68,-0.7545905265365395,,10,1,val,current_repo_v1
3468,138.72,-0.2650625202513208,,10,1,val,current_repo_v1
3469,138.76,-0.28496678233825434,,10,1,val,current_repo_v1
3470,138.8,-0.3204257734410825,,10,1,val,current_repo_v1
3471,138.84,-0.382942155852846,,10,1,val,current_repo_v1
3472,138.88,-0.6619839677684705,,10,1,val,current_repo_v1
3473,138.92,-0.45334157235101735,,10,1,val,current_repo_v1
3474,138.96,-0.29229067113701523,,10,1,val,current_repo_v1
3475,139.0,-0.2408658794316045,,10,1,val,current_repo_v1
3476,139.04,-0.06928352200859689,,10,1,val,current_repo_v1
3477,139.08,0.04134171128002416,,10,1,val,current_repo_v1
3478,139.12,0.1944522042449846,,10,1,val,current_repo_v1
3479,139.16,0.09540571446659835,,10,1,val,current_repo_v1
3480,139.2,0.10887514546878208,,10,1,val,current_repo_v1
3481,139.24,0.04067001591088847,,10,1,val,current_repo_v1
3482,139.28,0.3009751849052755,,10,1,val,current_repo_v1
3483,139.32,0.2028200390144306,,10,1,val,current_repo_v1
3484,139.36,0.3177535443383572,,10,1,val,current_repo_v1
3485,139.4,0.40499788309124074,,10,1,val,current_repo_v1
3486,139.44,0.14291908308614082,,10,1,val,current_repo_v1
3487,139.48,-0.06287010181825536,,10,1,val,current_repo_v1
3488,139.52,0.3615579481240847,,10,1,val,current_repo_v1
3489,139.56,0.41176741877379325,,10,1,val,current_repo_v1
3490,139.6,0.08122655847790083,,10,1,val,current_repo_v1
3491,139.64,0.49380024910498505,,10,1,val,current_repo_v1
3492,139.68,0.2131990470173569,,10,1,val,current_repo_v1
3493,139.72,0.13965099802465814,,10,1,val,current_repo_v1
3494,139.76,0.4996423017722681,,10,1,val,current_repo_v1
3495,139.8,0.3975456608206572,,10,1,val,current_repo_v1
3496,139.84,0.2031270457406169,,10,1,val,current_repo_v1
3497,139.88,0.156094037351679,,10,1,val,current_repo_v1
3498,139.92,0.4407684093024401,,10,1,val,current_repo_v1
3499,139.96,0.4572780114510915,,10,1,val,current_repo_v1
3500,140.0,0.34697954710023066,,10,1,val,current_repo_v1
3501,140.04,0.3972962920463583,,10,1,val,current_repo_v1
3502,140.08,0.39244415251767056,,10,1,val,current_repo_v1
3503,140.12,-0.22912000344684624,,10,1,val,current_repo_v1
3504,140.16,0.21555411350763648,,10,1,val,current_repo_v1
3505,140.2,0.48972118794852415,,10,1,val,current_repo_v1
3506,140.24,0.33116608479153836,,10,1,val,current_repo_v1
3507,140.28,0.19574881635563715,,10,1,val,current_repo_v1
3508,140.32,0.19454518995683967,,10,1,val,current_repo_v1
3509,140.36,0.3047356765732721,,10,1,val,current_repo_v1
3510,140.4,0.18200218681291142,,10,1,val,current_repo_v1
3511,140.44,-0.0717202312728315,,10,1,val,current_repo_v1
3512,140.48,0.08140259383972956,,10,1,val,current_repo_v1
3513,140.52,0.08047985903102294,,10,1,val,current_repo_v1
3514,140.56,0.04836655099507901,,10,1,val,current_repo_v1
3515,140.6,0.09737709948767731,,10,1,val,current_repo_v1
3516,140.64,-0.20163186626940005,,10,1,val,current_repo_v1
3517,140.68,-0.16973284303704084,,10,1,val,current_repo_v1
3518,140.72,-0.03672166232953169,,10,1,val,current_repo_v1
3519,140.76,0.06528260841848231,,10,1,val,current_repo_v1
3520,140.8,0.41278459013524915,,10,1,val,current_repo_v1
3521,140.84,0.08318686435033323,,10,1,val,current_repo_v1
3522,140.88,0.02808027810421698,,10,1,val,current_repo_v1
3523,140.92,-0.10541007578225604,,10,1,val,current_repo_v1
3524,140.96,0.009759015327474575,,10,1,val,current_repo_v1
3525,141.0,-0.08338490413239055,,10,1,val,current_repo_v1
3526,141.04,-0.03273576274442822,,10,1,val,current_repo_v1
3527,141.08,0.15613593587810826,,10,1,val,current_repo_v1
3528,141.12,0.280046189498286,,10,1,val,current_repo_v1
3529,141.16,0.3586461544143153,,10,1,val,current_repo_v1
3530,141.2,0.3982501539869767,,10,1,val,current_repo_v1
3531,141.24,0.3884065942037587,,10,1,val,current_repo_v1
3532,141.28,0.0906565846413983,,10,1,val,current_repo_v1
3533,141.32,-0.00908666048520516,,10,1,val,current_repo_v1
3534,141.36,0.1661026412778303,,10,1,val,current_repo_v1
3535,141.4,0.1877319092230835,,10,1,val,current_repo_v1
3536,141.44,0.039559726942950735,,10,1,val,current_repo_v1
3537,141.48,0.35532109087407887,,10,1,val,current_repo_v1
3538,141.52,0.3454431945230317,,10,1,val,current_repo_v1
3539,141.56,0.2883143998596641,,10,1,val,current_repo_v1
3540,141.6,0.4010018276198779,,10,1,val,current_repo_v1
3541,141.64,0.42551576294666665,,10,1,val,current_repo_v1
3542,141.68,0.49225743369107555,,10,1,val,current_repo_v1
3543,141.72,0.4587266541015052,,10,1,val,current_repo_v1
3544,141.76,0.49406386249897233,,10,1,val,current_repo_v1
3545,141.8,0.43304474789001574,,10,1,val,current_repo_v1
3546,141.84,0.4186968107439604,,10,1,val,current_repo_v1
3547,141.88,0.49430100903785945,,10,1,val,current_repo_v1
3548,141.92,0.6250550989803226,,10,1,val,current_repo_v1
3549,141.96,0.4904213725570367,,10,1,val,current_repo_v1
3550,142.0,0.535291924575618,,10,1,val,current_repo_v1
3551,142.04,0.38662425814768064,,10,1,val,current_repo_v1
3552,142.08,0.4214833045583223,,10,1,val,current_repo_v1
3553,142.12,0.6936942937548334,,10,1,val,current_repo_v1
3554,142.16,0.4748004764033918,,10,1,val,current_repo_v1
3555,142.2,0.050601769234523156,,10,1,val,current_repo_v1
3556,142.24,0.010420027231843935,,10,1,val,current_repo_v1
3557,142.28,0.021854192248728647,,10,1,val,current_repo_v1
3558,142.32,0.2287380366077933,,10,1,val,current_repo_v1
3559,142.36,0.19935877228964236,,10,1,val,current_repo_v1
3560,142.4,0.34843364139521654,,10,1,val,current_repo_v1
3561,142.44,0.15707419028789518,,10,1,val,current_repo_v1
3562,142.48,0.5482574301738855,,10,1,val,current_repo_v1
3563,142.52,0.5395281161974076,,10,1,val,current_repo_v1
3564,142.56,0.404521743488692,,10,1,val,current_repo_v1
3565,142.6,0.34488110358872087,,10,1,val,current_repo_v1
3566,142.64,0.43761287432244633,,10,1,val,current_repo_v1
3567,142.68,0.14788478388845583,,10,1,val,current_repo_v1
3568,142.72,0.27436623532727233,,10,1,val,current_repo_v1
3569,142.76,0.5577977202453416,,10,1,val,current_repo_v1
3570,142.8,0.49811074136650746,,10,1,val,current_repo_v1
3571,142.84,0.347322912778523,,10,1,val,current_repo_v1
3572,142.88,0.2031538203498461,,10,1,val,current_repo_v1
3573,142.92,0.4558641889821384,,10,1,val,current_repo_v1
3574,142.96,0.5317987393511576,,10,1,val,current_repo_v1
3575,143.0,0.37514661186884574,,10,1,val,current_repo_v1
3576,143.04,0.19355940951654904,,10,1,val,current_repo_v1
3577,143.08,0.11176078007758042,,10,1,val,current_repo_v1
3578,143.12,-0.05285129804096911,,10,1,val,current_repo_v1
3579,143.16,-0.11355135954783005,,10,1,val,current_repo_v1
3580,143.2,0.22518105834886393,,10,1,val,current_repo_v1
3581,143.24,0.20992964300960676,,10,1,val,current_repo_v1
3582,143.28,0.30875459377993736,,10,1,val,current_repo_v1
3583,143.32,0.336774068461225,,10,1,val,current_repo_v1
3584,143.36,0.35720164446220626,,10,1,val,current_repo_v1
3585,143.4,0.4432507541075284,,10,1,val,current_repo_v1
3586,143.44,0.4770130527319114,,10,1,val,current_repo_v1
3587,143.48,0.34870191506601544,,10,1,val,current_repo_v1
3588,143.52,0.34540859416594893,,10,1,val,current_repo_v1
3589,143.56,0.018042921149435294,,10,1,val,current_repo_v1
3590,143.6,0.2603107525335859,,10,1,val,current_repo_v1
3591,143.64,0.32314860611560214,,10,1,val,current_repo_v1
3592,143.68,0.3147182093282035,,10,1,val,current_repo_v1
3593,143.72,0.08910211853545966,,10,1,val,current_repo_v1
3594,143.76,0.06300509596872866,,10,1,val,current_repo_v1
3595,143.8,-0.030573855935016398,,10,1,val,current_repo_v1
3596,143.84,0.4167729077885096,,10,1,val,current_repo_v1
3597,143.88,0.34434591915826607,,10,1,val,current_repo_v1
3598,143.92,0.5528001449082299,,10,1,val,current_repo_v1
3599,143.96,0.4694333323221412,,10,1,val,current_repo_v1
3600,144.0,0.5493820516912629,,10,1,val,current_repo_v1
3601,144.04,0.2802522089052614,,10,1,val,current_repo_v1
3602,144.08,0.3075718506970411,,10,1,val,current_repo_v1
3603,144.12,0.3949541951943753,,10,1,val,current_repo_v1
3604,144.16,0.5903654052704214,,10,1,val,current_repo_v1
3605,144.2,0.6988914696270855,,10,1,val,current_repo_v1
3606,144.24,0.6136398828248136,,10,1,val,current_repo_v1
3607,144.28,0.6648851659432247,,10,1,val,current_repo_v1
3608,144.32,0.7085037741647443,,10,1,val,current_repo_v1
3609,144.36,0.5798643068080049,,10,1,val,current_repo_v1
3610,144.4,0.3849126176115378,,10,1,val,current_repo_v1
3611,144.44,0.6210215854349643,,10,1,val,current_repo_v1
3612,144.48,0.6906536829596099,,10,1,val,current_repo_v1
3613,144.52,0.6761990870253937,,10,1,val,current_repo_v1
3614,144.56,0.40797641548214303,,10,1,val,current_repo_v1
3615,144.6,0.3632956158665719,,10,1,val,current_repo_v1
3616,144.64,0.5810639324031245,,10,1,val,current_repo_v1
3617,144.68,0.5724566649212611,,10,1,val,current_repo_v1
3618,144.72,0.15834068645877436,,10,1,val,current_repo_v1
3619,144.76,-0.05851494124314203,,10,1,val,current_repo_v1
3620,144.8,0.20576911493869318,,10,1,val,current_repo_v1
3621,144.84,0.500025323768335,,10,1,val,current_repo_v1
3622,144.88,0.5740390487231941,,10,1,val,current_repo_v1
3623,144.92,0.5498427156576068,,10,1,val,current_repo_v1
3624,144.96,0.4309253770977291,,10,1,val,current_repo_v1
3625,145.0,0.08662614863733066,,10,1,val,current_repo_v1
3626,145.04,-0.2607756810928613,,10,1,val,current_repo_v1
3627,145.08,-0.6181137485639973,,10,1,val,current_repo_v1
3628,145.12,-0.833767662339204,,10,1,val,current_repo_v1
3629,145.16,-0.6678073793285069,,10,1,val,current_repo_v1
3630,145.2,-0.4174027485960916,,10,1,val,current_repo_v1
3631,145.24,-0.17799171086235785,,10,1,val,current_repo_v1
3632,145.28,-0.11556870984632957,,10,1,val,current_repo_v1
3633,145.32,0.2873415011279189,,10,1,val,current_repo_v1
3634,145.36,0.17637213277568284,,10,1,val,current_repo_v1
3635,145.4,0.04358646989746951,,10,1,val,current_repo_v1
3636,145.44,0.11414904004892411,,10,1,val,current_repo_v1
3637,145.48,0.04322336399004108,,10,1,val,current_repo_v1
3638,145.52,-0.12514533688745388,,10,1,val,current_repo_v1
3639,145.56,0.28175642315841026,,10,1,val,current_repo_v1
3640,145.6,0.2882076971066276,,10,1,val,current_repo_v1
3641,145.64,0.24163992503109416,,10,1,val,current_repo_v1
3642,145.68,-0.00852813070581651,,10,1,val,current_repo_v1
3643,145.72,0.2892276382552451,,10,1,val,current_repo_v1
3644,145.76,-0.1901165420921917,,10,1,val,current_repo_v1
3645,145.8,-0.8160202730834282,,10,1,val,current_repo_v1
3646,145.84,-1.1069165102616219,,10,1,val,current_repo_v1
3647,145.88,-0.8803797510093236,,10,1,val,current_repo_v1
3648,145.92,-1.2941221159591179,,10,1,val,current_repo_v1
3649,145.96,-1.6351653936636943,,10,1,val,current_repo_v1
3650,146.0,-1.5063607942342703,,10,1,val,current_repo_v1
3651,146.04,-1.315005959438885,,10,1,val,current_repo_v1
3652,146.08,-1.0639267756204214,,10,1,val,current_repo_v1
3653,146.12,-0.9055598421309248,,10,1,val,current_repo_v1
3654,146.16,-0.8480397161100054,,10,1,val,current_repo_v1
3655,146.2,-0.9837383597496289,,10,1,val,current_repo_v1
3656,146.24,-1.3694779127059808,,10,1,val,current_repo_v1
3657,146.28,-1.3455019315968086,,10,1,val,current_repo_v1
3658,146.32,-1.2410440251074613,,10,1,val,current_repo_v1
3659,146.36,-1.4704355116610237,,10,1,val,current_repo_v1
3660,146.4,-1.212317727121448,,10,1,val,current_repo_v1
3661,146.44,-1.2820009997612707,,10,1,val,current_repo_v1
3662,146.48,-1.322888861630666,,10,1,val,current_repo_v1
3663,146.52,-1.0236167880756706,,10,1,val,current_repo_v1
3664,146.56,-1.071903322997191,,10,1,val,current_repo_v1
3665,146.6,-1.199637377706203,,10,1,val,current_repo_v1
3666,146.64,-1.1094185513309707,,10,1,val,current_repo_v1
3667,146.68,-1.0050632588612305,,10,1,val,current_repo_v1
3668,146.72,-1.013651181797838,,10,1,val,current_repo_v1
3669,146.76,-0.9038993767099589,,10,1,val,current_repo_v1
3670,146.8,-1.0474960464585634,,10,1,val,current_repo_v1
3671,146.84,-1.2349691344590978,,10,1,val,current_repo_v1
3672,146.88,-1.4391648783953523,,10,1,val,current_repo_v1
3673,146.92,-1.426911691711258,,10,1,val,current_repo_v1
3674,146.96,-1.488243044866595,,10,1,val,current_repo_v1
3675,147.0,-1.312820553403475,,10,1,val,current_repo_v1
3676,147.04,-1.2309510965499444,,10,1,val,current_repo_v1
3677,147.08,-0.9979123718478833,,10,1,val,current_repo_v1
3678,147.12,-0.8225900323713379,,10,1,val,current_repo_v1
3679,147.16,-0.8296344364560265,,10,1,val,current_repo_v1
3680,147.2,-0.7170447865791062,,10,1,val,current_repo_v1
3681,147.24,-0.7443165506213776,,10,1,val,current_repo_v1
3682,147.28,-0.6253008186699482,,10,1,val,current_repo_v1
3683,147.32,-0.6475248874169448,,10,1,val,current_repo_v1
3684,147.36,-0.6142913983160574,,10,1,val,current_repo_v1
3685,147.4,-0.5627617064175089,,10,1,val,current_repo_v1
3686,147.44,-0.3698968979702736,,10,1,val,current_repo_v1
3687,147.48,-0.3670663073857034,,10,1,val,current_repo_v1
3688,147.52,-0.15615086195336822,,10,1,val,current_repo_v1
3689,147.56,-0.2005500445584014,,10,1,val,current_repo_v1
3690,147.6,-0.32119920353231396,,10,1,val,current_repo_v1
3691,147.64,-0.3639853148522582,,10,1,val,current_repo_v1
3692,147.68,0.24305045013437865,,10,1,val,current_repo_v1
3693,147.72,0.2529500211690876,,10,1,val,current_repo_v1
3694,147.76,0.1578380800011255,,10,1,val,current_repo_v1
3695,147.8,0.2295423300416831,,10,1,val,current_repo_v1
3696,147.84,0.6369137448709477,,10,1,val,current_repo_v1
3697,147.88,0.9246567772075533,,10,1,val,current_repo_v1
3698,147.92,0.975912611896104,,10,1,val,current_repo_v1
3699,147.96,1.108687063731044,,10,1,val,current_repo_v1
3700,148.0,1.013425378196851,,10,1,val,current_repo_v1
3701,148.04,1.028511309744419,,10,1,val,current_repo_v1
3702,148.08,0.9423107850675938,,10,1,val,current_repo_v1
3703,148.12,1.0410537853098403,,10,1,val,current_repo_v1
3704,148.16,1.346734882567619,,10,1,val,current_repo_v1
3705,148.2,1.4244422725795907,,10,1,val,current_repo_v1
3706,148.24,1.390824442536369,,10,1,val,current_repo_v1
3707,148.28,1.4427543466973365,,10,1,val,current_repo_v1
3708,148.32,1.533851503356938,,10,1,val,current_repo_v1
3709,148.36,1.5002943448420187,,10,1,val,current_repo_v1
3710,148.4,1.7960319941192582,,10,1,val,current_repo_v1
3711,148.44,1.972965998004874,,10,1,val,current_repo_v1
3712,148.48,1.7718324955826292,,10,1,val,current_repo_v1
3713,148.52,1.7509704586811505,,10,1,val,current_repo_v1
3714,148.56,1.8744509116776424,,10,1,val,current_repo_v1
3715,148.6,1.9791536145942283,,10,1,val,current_repo_v1
3716,148.64,1.5463459692782242,,10,1,val,current_repo_v1
3717,148.68,0.9072892444768026,,10,1,val,current_repo_v1
3718,148.72,0.7582792675275869,,10,1,val,current_repo_v1
3719,148.76,0.8993157746413235,,10,1,val,current_repo_v1
3720,148.8,0.5347839544031482,,10,1,val,current_repo_v1
3721,148.84,0.10618752865960326,,10,1,val,current_repo_v1
3722,148.88,-0.1669819607719001,,10,1,val,current_repo_v1
3723,148.92,-0.25143762944908055,,10,1,val,current_repo_v1
3724,148.96,-0.047495277073240645,,10,1,val,current_repo_v1
3725,149.0,0.36162618161098736,,10,1,val,current_repo_v1
3726,149.04,1.4355368968623587,,10,1,val,current_repo_v1
3727,149.08,2.2821560199125717,,10,1,val,current_repo_v1
3728,149.12,2.35078747686898,,10,1,val,current_repo_v1
3729,149.16,2.397368086688183,,10,1,val,current_repo_v1
3730,149.2,2.3088326753989703,,10,1,val,current_repo_v1
3731,149.24,2.1232527149409792,,10,1,val,current_repo_v1
3732,149.28,2.0012016479793964,,10,1,val,current_repo_v1
3733,149.32,2.0832696502110535,,10,1,val,current_repo_v1
3734,149.36,1.9013440502114052,,10,1,val,current_repo_v1
3735,149.4,1.96225720947021,,10,1,val,current_repo_v1
3736,149.44,1.6840648868805734,,10,1,val,current_repo_v1
3737,149.48,1.4486744809836525,,10,1,val,current_repo_v1
3738,149.52,1.203384064403267,,10,1,val,current_repo_v1
3739,149.56,1.2288084243735995,,10,1,val,current_repo_v1
3740,149.6,1.3433919692878966,,10,1,val,current_repo_v1
3741,149.64,1.8215080567832747,,10,1,val,current_repo_v1
3742,149.68,1.68306301529582,,10,1,val,current_repo_v1
3743,149.72,1.403016078394649,,10,1,val,current_repo_v1
3744,149.76,1.4520172184038729,,10,1,val,current_repo_v1
3745,149.8,1.4447923824697972,,10,1,val,current_repo_v1
3746,149.84,1.4778629377417793,,10,1,val,current_repo_v1
3747,149.88,1.3977313244902383,,10,1,val,current_repo_v1
3748,149.92,1.1390567687662971,,10,1,val,current_repo_v1
3749,149.96,0.9070579892312434,,10,1,val,current_repo_v1
3750,150.0,1.2709454162880192,,10,1,val,current_repo_v1
3751,150.04,1.569865419119357,,10,1,val,current_repo_v1
3752,150.08,1.3480722940828114,,10,1,val,current_repo_v1
3753,150.12,1.362300734697036,,10,1,val,current_repo_v1
3754,150.16,1.2736351873761014,,10,1,val,current_repo_v1
3755,150.2,1.3303226186535053,,10,1,val,current_repo_v1
3756,150.24,1.2603057405377696,,10,1,val,current_repo_v1
3757,150.28,1.137667126978914,,10,1,val,current_repo_v1
3758,150.32,1.049410101281884,,10,1,val,current_repo_v1
3759,150.36,1.1402902473156147,,10,1,val,current_repo_v1
3760,150.4,1.2689515212506424,,10,1,val,current_repo_v1
3761,150.44,1.2643920119338259,,10,1,val,current_repo_v1
3762,150.48,1.2048955768257623,,10,1,val,current_repo_v1
3763,150.52,1.301883850953796,,10,1,val,current_repo_v1
3764,150.56,1.2291643640063081,,10,1,val,current_repo_v1
3765,150.6,1.383013818600044,,10,1,val,current_repo_v1
3766,150.64,1.7790661244918209,,10,1,val,current_repo_v1
3767,150.68,1.4515056431116053,,10,1,val,current_repo_v1
3768,150.72,1.1785119032702394,,10,1,val,current_repo_v1
3769,150.76,1.060634158158364,,10,1,val,current_repo_v1
3770,150.8,1.1126507610539789,,10,1,val,current_repo_v1
3771,150.84,1.3635646369402556,,10,1,val,current_repo_v1
3772,150.88,1.236613069086845,,10,1,val,current_repo_v1
3773,150.92,1.2107131850222221,,10,1,val,current_repo_v1
3774,150.96,1.03139224011153,,10,1,val,current_repo_v1
3775,151.0,1.2809653631520705,,10,1,val,current_repo_v1
3776,151.04,1.496300399684684,,10,1,val,current_repo_v1
3777,151.08,1.3366491642496976,,10,1,val,current_repo_v1
3778,151.12,1.12891618228365,,10,1,val,current_repo_v1
3779,151.16,1.041720116964155,,10,1,val,current_repo_v1
3780,151.2,1.2046384702333612,,10,1,val,current_repo_v1
3781,151.24,1.2524974027749751,,10,1,val,current_repo_v1
3782,151.28,1.4566725711494573,,10,1,val,current_repo_v1
3783,151.32,1.2817853960114185,,10,1,val,current_repo_v1
3784,151.36,1.2802151465151461,,10,1,val,current_repo_v1
3785,151.4,1.4883411744688932,,10,1,val,current_repo_v1
3786,151.44,1.4948817410794168,,10,1,val,current_repo_v1
3787,151.48,1.402252144716543,,10,1,val,current_repo_v1
3788,151.52,1.3820001644286346,,10,1,val,current_repo_v1
3789,151.56,1.5030926212430364,,10,1,val,current_repo_v1
3790,151.6,1.2334528738300397,,10,1,val,current_repo_v1
3791,151.64,1.173818916591157,,10,1,val,current_repo_v1
3792,151.68,1.22170651423165,,10,1,val,current_repo_v1
3793,151.72,1.396664912468131,,10,1,val,current_repo_v1
3794,151.76,1.4208139393275925,,10,1,val,current_repo_v1
3795,151.8,1.2592864588622859,,10,1,val,current_repo_v1
3796,151.84,1.330973298812113,,10,1,val,current_repo_v1
3797,151.88,1.2823727667491887,,10,1,val,current_repo_v1
3798,151.92,1.2820389854137733,,10,1,val,current_repo_v1
3799,151.96,1.1451907482074422,,10,1,val,current_repo_v1
3800,152.0,1.0806063459780713,,10,1,val,current_repo_v1
3801,152.04,1.1949725285474928,,10,1,val,current_repo_v1
3802,152.08,1.1958205230677108,,10,1,val,current_repo_v1
3803,152.12,1.1830745780580978,,10,1,val,current_repo_v1
3804,152.16,0.9481855476023096,,10,1,val,current_repo_v1
3805,152.2,0.968218231090817,,10,1,val,current_repo_v1
3806,152.24,0.9228943132752382,,10,1,val,current_repo_v1
3807,152.28,0.7746774626815145,,10,1,val,current_repo_v1
3808,152.32,0.8215441959110028,,10,1,val,current_repo_v1
3809,152.36,0.751681898297812,,10,1,val,current_repo_v1
3810,152.4,0.6875521368468304,,10,1,val,current_repo_v1
3811,152.44,0.4842989119132942,,10,1,val,current_repo_v1
3812,152.48,0.5678539820966234,,10,1,val,current_repo_v1
3813,152.52,0.4982341947371406,,10,1,val,current_repo_v1
3814,152.56,0.5304205284314256,,10,1,val,current_repo_v1
3815,152.6,0.391136197469118,,10,1,val,current_repo_v1
3816,152.64,0.39245558338532177,,10,1,val,current_repo_v1
3817,152.68,0.3532933428825043,,10,1,val,current_repo_v1
3818,152.72,0.18597261076181018,,10,1,val,current_repo_v1
3819,152.76,0.257302543851666,,10,1,val,current_repo_v1
3820,152.8,0.2876507060978843,,10,1,val,current_repo_v1
3821,152.84,0.3532835826801252,,10,1,val,current_repo_v1
3822,152.88,0.2536198700134489,,10,1,val,current_repo_v1
3823,152.92,0.33460809490082183,,10,1,val,current_repo_v1
3824,152.96,0.38097820089574036,,10,1,val,current_repo_v1
3825,153.0,0.5520552919861265,,10,1,val,current_repo_v1
3826,153.04,0.5900874593269945,,10,1,val,current_repo_v1
3827,153.08,0.46632000362270576,,10,1,val,current_repo_v1
3828,153.12,0.48291771138202266,,10,1,val,current_repo_v1
3829,153.16,0.22316918167737432,,10,1,val,current_repo_v1
3830,153.2,0.2523100684401218,,10,1,val,current_repo_v1
3831,153.24,0.2819517591006193,,10,1,val,current_repo_v1
3832,153.28,0.2687286632963193,,10,1,val,current_repo_v1
3833,153.32,0.3666978817283296,,10,1,val,current_repo_v1
3834,153.36,0.23435665977737066,,10,1,val,current_repo_v1
3835,153.4,0.2540308976352612,,10,1,val,current_repo_v1
3836,153.44,0.2658960063625968,,10,1,val,current_repo_v1
3837,153.48,0.16347842181924016,,10,1,val,current_repo_v1
3838,153.52,0.07644309208487156,,10,1,val,current_repo_v1
3839,153.56,0.03819773906230834,,10,1,val,current_repo_v1
3840,153.6,0.051866814564508125,,10,1,val,current_repo_v1
3841,153.64,0.061395497908810694,,10,1,val,current_repo_v1
3842,153.68,0.24505093990309262,,10,1,val,current_repo_v1
3843,153.72,0.08299623264981142,,10,1,val,current_repo_v1
3844,153.76,0.24642985426083394,,10,1,val,current_repo_v1
3845,153.8,0.05859550687764531,,10,1,val,current_repo_v1
3846,153.84,0.09732728728364336,,10,1,val,current_repo_v1
3847,153.88,0.293395068811625,,10,1,val,current_repo_v1
3848,153.92,0.41875748227226306,,10,1,val,current_repo_v1
3849,153.96,0.40396620332084293,,10,1,val,current_repo_v1
3850,154.0,0.4898301329102154,,10,1,val,current_repo_v1
3851,154.04,0.5207254819979222,,10,1,val,current_repo_v1
3852,154.08,0.4136932561837697,,10,1,val,current_repo_v1
3853,154.12,0.5542697148394204,,10,1,val,current_repo_v1
3854,154.16,0.5004829981231395,,10,1,val,current_repo_v1
3855,154.2,0.5500349300936496,,10,1,val,current_repo_v1
3856,154.24,0.38466852462230877,,10,1,val,current_repo_v1
3857,154.28,0.3721329075774782,,10,1,val,current_repo_v1
3858,154.32,0.239312556412431,,10,1,val,current_repo_v1
3859,154.36,0.3820030221455475,,10,1,val,current_repo_v1
3860,154.4,0.16584522693130005,,10,1,val,current_repo_v1
3861,154.44,0.2060634158158364,,10,1,val,current_repo_v1
3862,154.48,0.12759310331789728,,10,1,val,current_repo_v1
3863,154.52,0.0065764859138736885,,10,1,val,current_repo_v1
3864,154.56,0.046500989429524964,,10,1,val,current_repo_v1
3865,154.6,0.4228791893580381,,10,1,val,current_repo_v1
3866,154.64,0.22813074978138465,,10,1,val,current_repo_v1
3867,154.68,0.23325094315649342,,10,1,val,current_repo_v1
3868,154.72,0.09623511184444523,,10,1,val,current_repo_v1
3869,154.76,0.40835671165592385,,10,1,val,current_repo_v1
3870,154.8,0.8299304079984419,,10,1,val,current_repo_v1
3871,154.84,0.9560441811827695,,10,1,val,current_repo_v1
3872,154.88,0.9148999161589823,,10,1,val,current_repo_v1
3873,154.92,0.7042717152412594,,10,1,val,current_repo_v1
3874,154.96,0.590602288020055,,10,1,val,current_repo_v1
3875,155.0,0.6532032588524376,,10,1,val,current_repo_v1
3876,155.04,0.7138108622259505,,10,1,val,current_repo_v1
3877,155.08,0.7647918724772405,,10,1,val,current_repo_v1
3878,155.12,0.6070484928181178,,10,1,val,current_repo_v1
3879,155.16,0.5208027722491947,,10,1,val,current_repo_v1
3880,155.2,0.6992474092597941,,10,1,val,current_repo_v1
3881,155.24,0.7131680957449474,,10,1,val,current_repo_v1
3882,155.28,0.7263144728413575,,10,1,val,current_repo_v1
3883,155.32,0.8675789378349849,,10,1,val,current_repo_v1
3884,155.36,0.9568985066450711,,10,1,val,current_repo_v1
3885,155.4,0.6136910579399906,,10,1,val,current_repo_v1
3886,155.44,0.6959389644425276,,10,1,val,current_repo_v1
3887,155.48,0.7818333616906781,,10,1,val,current_repo_v1
3888,155.52,0.7951165574798982,,10,1,val,current_repo_v1
3889,155.56,0.5791238503734596,,10,1,val,current_repo_v1
3890,155.6,0.7036896202885591,,10,1,val,current_repo_v1
3891,155.64,0.6106476333927299,,10,1,val,current_repo_v1
3892,155.68,0.8391443907633314,,10,1,val,current_repo_v1
3893,155.72,0.6505663335448044,,10,1,val,current_repo_v1
3894,155.76,0.5934932423787987,,10,1,val,current_repo_v1
3895,155.8,0.7578909697464502,,10,1,val,current_repo_v1
3896,155.84,0.49165370801958896,,10,1,val,current_repo_v1
3897,155.88,0.464266316354538,,10,1,val,current_repo_v1
3898,155.92,0.6212484441929653,,10,1,val,current_repo_v1
3899,155.96,0.6706348923717863,,10,1,val,current_repo_v1
3900,156.0,0.8148880896074508,,10,1,val,current_repo_v1
3901,156.04,0.9200306171393551,,10,1,val,current_repo_v1
3902,156.08,1.4346653371688292,,10,1,val,current_repo_v1
3903,156.12,1.789657614738433,,10,1,val,current_repo_v1
3904,156.16,1.5565000969425506,,10,1,val,current_repo_v1
3905,156.2,1.5379560641412362,,10,1,val,current_repo_v1
3906,156.24,1.5963581255663226,,10,1,val,current_repo_v1
3907,156.28,1.442018022961096,,10,1,val,current_repo_v1
3908,156.32,1.5410617429523206,,10,1,val,current_repo_v1
3909,156.36,1.5360898431025485,,10,1,val,current_repo_v1
3910,156.4,1.4620415617554823,,10,1,val,current_repo_v1
3911,156.44,1.2444866507250028,,10,1,val,current_repo_v1
3912,156.48,1.541194516876577,,10,1,val,current_repo_v1
3913,156.52,1.9368741764829243,,10,1,val,current_repo_v1
3914,156.56,2.089844157705526,,10,1,val,current_repo_v1
3915,156.6,2.073993764901345,,10,1,val,current_repo_v1
3916,156.64,2.201069841282403,,10,1,val,current_repo_v1
3917,156.68,2.248648981355815,,10,1,val,current_repo_v1
3918,156.72,2.232943496781551,,10,1,val,current_repo_v1
3919,156.76,1.938357903104052,,10,1,val,current_repo_v1
3920,156.8,1.844690911536955,,10,1,val,current_repo_v1
3921,156.84,1.9710901046935583,,10,1,val,current_repo_v1
3922,156.88,1.9610483512512185,,10,1,val,current_repo_v1
3923,156.92,2.1948240151977783,,10,1,val,current_repo_v1
3924,156.96,2.0564837859737097,,10,1,val,current_repo_v1
3925,157.0,1.77014230990577,,10,1,val,current_repo_v1
3926,157.04,1.78672058519008,,10,1,val,current_repo_v1
3927,157.08,1.8445263070427773,,10,1,val,current_repo_v1
3928,157.12,1.9875447507477326,,10,1,val,current_repo_v1
3929,157.16,1.989279780597685,,10,1,val,current_repo_v1
3930,157.2,1.7525985659536882,,10,1,val,current_repo_v1
3931,157.24,1.6975580589155712,,10,1,val,current_repo_v1
3932,157.28,1.6113626341643135,,10,1,val,current_repo_v1
3933,157.32,1.755614556418586,,10,1,val,current_repo_v1
3934,157.36,1.9080138735561385,,10,1,val,current_repo_v1
3935,157.4,2.173784887777457,,10,1,val,current_repo_v1
3936,157.44,2.1016949778482976,,10,1,val,current_repo_v1
3937,157.48,1.9841105663863026,,10,1,val,current_repo_v1
3938,157.52,1.7888722262010435,,10,1,val,current_repo_v1
3939,157.56,1.9283103462981355,,10,1,val,current_repo_v1
3940,157.6,2.0801330201275596,,10,1,val,current_repo_v1
3941,157.64,2.127080648728118,,10,1,val,current_repo_v1
3942,157.68,1.8301635097687756,,10,1,val,current_repo_v1
3943,157.72,1.9065811461906854,,10,1,val,current_repo_v1
3944,157.76,1.8383784347009486,,10,1,val,current_repo_v1
3945,157.8,1.8720210609339987,,10,1,val,current_repo_v1
3946,157.84,1.8427423882511784,,10,1,val,current_repo_v1
3947,157.88,1.8251409623823336,,10,1,val,current_repo_v1
3948,157.92,1.930874729561059,,10,1,val,current_repo_v1
3949,157.96,1.999768920613943,,10,1,val,current_repo_v1
3950,158.0,1.9390993267658603,,10,1,val,current_repo_v1
3951,158.04,1.920053742663911,,10,1,val,current_repo_v1
3952,158.08,2.0033418581227087,,10,1,val,current_repo_v1
3953,158.12,2.0393879561740533,,10,1,val,current_repo_v1
3954,158.16,1.9804813538367927,,10,1,val,current_repo_v1
3955,158.2,1.9633023424925358,,10,1,val,current_repo_v1
3956,158.24,1.8436951950347829,,10,1,val,current_repo_v1
3957,158.28,1.9119819673666314,,10,1,val,current_repo_v1
3958,158.32,2.10443768264658,,10,1,val,current_repo_v1
3959,158.36,2.1218180531210007,,10,1,val,current_repo_v1
3960,158.4,2.138190748647091,,10,1,val,current_repo_v1
3961,158.44,2.115613026440916,,10,1,val,current_repo_v1
3962,158.48,2.013077791890503,,10,1,val,current_repo_v1
3963,158.52,2.0974164920161984,,10,1,val,current_repo_v1
3964,158.56,2.1342979227035936,,10,1,val,current_repo_v1
3965,158.6,1.9791063083881026,,10,1,val,current_repo_v1
3966,158.64,1.7234062402865102,,10,1,val,current_repo_v1
3967,158.68,1.275439330010468,,10,1,val,current_repo_v1
3968,158.72,0.8690830641583825,,10,1,val,current_repo_v1
3969,158.76,0.384260266787658,,10,1,val,current_repo_v1
3970,158.8,0.5107042161876034,,10,1,val,current_repo_v1
3971,158.84,0.5145976576393587,,10,1,val,current_repo_v1
3972,158.88,0.5677737901635626,,10,1,val,current_repo_v1
3973,158.92,0.1131524442492404,,10,1,val,current_repo_v1
3974,158.96,0.18799675363358706,,10,1,val,current_repo_v1
3975,159.0,0.6283005860957563,,10,1,val,current_repo_v1
3976,159.04,0.7227279941509129,,10,1,val,current_repo_v1
3977,159.08,0.9002696365819419,,10,1,val,current_repo_v1
3978,159.12,1.281494700254073,,10,1,val,current_repo_v1
3979,159.16,1.5346312643902533,,10,1,val,current_repo_v1
3980,159.2,1.9203400419336982,,10,1,val,current_repo_v1
3981,159.24,2.1426521283616093,,10,1,val,current_repo_v1
3982,159.28,2.1061702504635,,10,1,val,current_repo_v1
3983,159.32,2.0696379008882224,,10,1,val,current_repo_v1
3984,159.36,1.9571054053495582,,10,1,val,current_repo_v1
3985,159.4,1.5982178398034244,,10,1,val,current_repo_v1
3986,159.44,1.1308982947343709,,10,1,val,current_repo_v1
3987,159.48,0.8783070709149047,,10,1,val,current_repo_v1
3988,159.52,0.6729470051786227,,10,1,val,current_repo_v1
3989,159.56,0.52578399265259,,10,1,val,current_repo_v1
3990,159.6,0.46623374453681465,,10,1,val,current_repo_v1
3991,159.64,0.838512703430975,,10,1,val,current_repo_v1
3992,159.68,0.8962987290194118,,10,1,val,current_repo_v1
3993,159.72,1.2177043036777058,,10,1,val,current_repo_v1
3994,159.76,1.4989783881861103,,10,1,val,current_repo_v1
3995,159.8,1.314877757861689,,10,1,val,current_repo_v1
3996,159.84,1.1555325179607507,,10,1,val,current_repo_v1
3997,159.88,1.2503538513011185,,10,1,val,current_repo_v1
3998,159.92,1.134638122910844,,10,1,val,current_repo_v1
3999,159.96,1.2229818473425211,,10,1,val,current_repo_v1
4000,160.0,1.3248217334207355,,10,1,val,current_repo_v1
4001,160.04,1.026627151036494,,10,1,val,current_repo_v1
4002,160.08,0.9590290445157554,,10,1,val,current_repo_v1
4003,160.12,1.0875227243450662,,10,1,val,current_repo_v1
4004,160.16,1.2119758562489256,,10,1,val,current_repo_v1
4005,160.2,1.0736118859920432,,10,1,val,current_repo_v1
4006,160.24,0.9947056617527126,,10,1,val,current_repo_v1
4007,160.28,1.1597698526693054,,10,1,val,current_repo_v1
4008,160.32,0.8079690733479209,,10,1,val,current_repo_v1
4009,160.36,0.725701514545999,,10,1,val,current_repo_v1
4010,160.4,0.8466170127361848,,10,1,val,current_repo_v1
4011,160.44,0.8325542317731518,,10,1,val,current_repo_v1
4012,160.48,0.879677895735539,,10,1,val,current_repo_v1
4013,160.52,0.6699907190147647,,10,1,val,current_repo_v1
4014,160.56,0.7485526543134159,,10,1,val,current_repo_v1
4015,160.6,0.8402639123551412,,10,1,val,current_repo_v1
4016,160.64,0.6181316862332346,,10,1,val,current_repo_v1
4017,160.68,0.712832731674011,,10,1,val,current_repo_v1
4018,160.72,1.0052023637275709,,10,1,val,current_repo_v1
4019,160.76,1.1549646676277388,,10,1,val,current_repo_v1
4020,160.8,1.009305341776348,,10,1,val,current_repo_v1
4021,160.84,0.7796504176883005,,10,1,val,current_repo_v1
4022,160.88,0.6204569005729942,,10,1,val,current_repo_v1
4023,160.92,0.7307276670522386,,10,1,val,current_repo_v1
4024,160.96,0.8732208623886205,,10,1,val,current_repo_v1
4025,161.0,1.0060169449423466,,10,1,val,current_repo_v1
4026,161.04,1.047048132306138,,10,1,val,current_repo_v1
4027,161.08,1.0812054993024973,,10,1,val,current_repo_v1
4028,161.12,1.069732601230225,,10,1,val,current_repo_v1
4029,161.16,1.167560956200872,,10,1,val,current_repo_v1
4030,161.2,1.48625002912673,,10,1,val,current_repo_v1
4031,161.24,1.6567048413681342,,10,1,val,current_repo_v1
4032,161.28,1.4177569735986526,,10,1,val,current_repo_v1
4033,161.32,1.2270324192596052,,10,1,val,current_repo_v1
4034,161.36,1.22811905512448,,10,1,val,current_repo_v1
4035,161.4,1.1419672435297992,,10,1,val,current_repo_v1
4036,161.44,1.042255609148739,,10,1,val,current_repo_v1
4037,161.48,1.0520344526351009,,10,1,val,current_repo_v1
4038,161.52,1.1646837188833097,,10,1,val,current_repo_v1
4039,161.56,1.2744933817474544,,10,1,val,current_repo_v1
4040,161.6,1.3947260614549823,,10,1,val,current_repo_v1
4041,161.64,1.4189099084959045,,10,1,val,current_repo_v1
4042,161.68,1.381809005149606,,10,1,val,current_repo_v1
4043,161.72,1.1355332477776854,,10,1,val,current_repo_v1
4044,161.76,1.1982554737369222,,10,1,val,current_repo_v1
4045,161.8,1.2390809054829914,,10,1,val,current_repo_v1
4046,161.84,1.382076839171649,,10,1,val,current_repo_v1
4047,161.88,1.4399720735110306,,10,1,val,current_repo_v1
4048,161.92,1.3839240673840856,,10,1,val,current_repo_v1
4049,161.96,1.2894053882472216,,10,1,val,current_repo_v1
4050,162.0,1.3349714645975037,,10,1,val,current_repo_v1
4051,162.04,1.8444411910436513,,10,1,val,current_repo_v1
4052,162.08,2.1348323597311634,,10,1,val,current_repo_v1
4053,162.12,2.4246917292836407,,10,1,val,current_repo_v1
4054,162.16,2.329234663842363,,10,1,val,current_repo_v1
4055,162.2,2.002346845058546,,10,1,val,current_repo_v1
4056,162.24,1.94693527447052,,10,1,val,current_repo_v1
4057,162.28,1.8565751449851684,,10,1,val,current_repo_v1
4058,162.32,2.127586596516311,,10,1,val,current_repo_v1
4059,162.36,2.083897116915354,,10,1,val,current_repo_v1
4060,162.4,1.9827464242267567,,10,1,val,current_repo_v1
4061,162.44,1.8960077694728128,,10,1,val,current_repo_v1
4062,162.48,1.7176953788079627,,10,1,val,current_repo_v1
4063,162.52,1.7404677774832131,,10,1,val,current_repo_v1
4064,162.56,1.8193381263840693,,10,1,val,current_repo_v1
4065,162.6,1.9520000281375203,,10,1,val,current_repo_v1
4066,162.64,1.8318120167435832,,10,1,val,current_repo_v1
4067,162.68,1.9517017704215749,,10,1,val,current_repo_v1
4068,162.72,1.8541987555302317,,10,1,val,current_repo_v1
4069,162.76,1.957659186922384,,10,1,val,current_repo_v1
4070,162.8,2.070770436083204,,10,1,val,current_repo_v1
4071,162.84,2.120774678693698,,10,1,val,current_repo_v1
4072,162.88,2.1566456206807256,,10,1,val,current_repo_v1
4073,162.92,2.170551359108181,,10,1,val,current_repo_v1
4074,162.96,2.0484540410974863,,10,1,val,current_repo_v1
4075,163.0,2.062616358538836,,10,1,val,current_repo_v1
4076,163.04,2.0547313460330274,,10,1,val,current_repo_v1
4077,163.08,2.0032089083389497,,10,1,val,current_repo_v1
4078,163.12,2.054476349754654,,10,1,val,current_repo_v1
4079,163.16,2.233447158396214,,10,1,val,current_repo_v1
4080,163.2,2.246666693045592,,10,1,val,current_repo_v1
4081,163.24,2.241562195131066,,10,1,val,current_repo_v1
4082,163.28,2.442855729700428,,10,1,val,current_repo_v1
4083,163.32,2.586949554262109,,10,1,val,current_repo_v1
4084,163.36,2.4903625915183842,,10,1,val,current_repo_v1
4085,163.4,2.2618715056167327,,10,1,val,current_repo_v1
4086,163.44,1.6283061696349552,,10,1,val,current_repo_v1
4087,163.48,1.2321490514797917,,10,1,val,current_repo_v1
4088,163.52,0.8422884069459228,,10,1,val,current_repo_v1
4089,163.56,0.6439295717865083,,10,1,val,current_repo_v1
4090,163.6,0.7893107318700944,,10,1,val,current_repo_v1
4091,163.64,1.163249584641838,,10,1,val,current_repo_v1
4092,163.68,1.7581933601607005,,10,1,val,current_repo_v1
4093,163.72,1.7688729560179781,,10,1,val,current_repo_v1
4094,163.76,1.80850570861927,,10,1,val,current_repo_v1
4095,163.8,1.7853924942285109,,10,1,val,current_repo_v1
4096,163.84,1.7867700017102337,,10,1,val,current_repo_v1
4097,163.88,1.3108268342256004,,10,1,val,current_repo_v1
4098,163.92,0.4496802654423328,,10,1,val,current_repo_v1
4099,163.96,-0.6120196452650049,,10,1,val,current_repo_v1
4100,164.0,-0.8846946397584042,,10,1,val,current_repo_v1
4101,164.04,-1.0285674089256611,,10,1,val,current_repo_v1
4102,164.08,-0.6619669973264959,,10,1,val,current_repo_v1
4103,164.12,-0.43649097862735503,,10,1,val,current_repo_v1
4104,164.16,-0.3655183700637886,,10,1,val,current_repo_v1
4105,164.2,0.3595207037193845,,10,1,val,current_repo_v1
4106,164.24,0.7742123142978612,,10,1,val,current_repo_v1
4107,164.28,0.8578257698359627,,10,1,val,current_repo_v1
4108,164.32,0.8648321882681488,,10,1,val,current_repo_v1
4109,164.36,0.9351054695382764,,10,1,val,current_repo_v1
4110,164.4,0.9870135671209558,,10,1,val,current_repo_v1
4111,164.44,0.6067046874910696,,10,1,val,current_repo_v1
4112,164.48,0.33373723864530147,,10,1,val,current_repo_v1
4113,164.52,0.4377122349412607,,10,1,val,current_repo_v1
4114,164.56,0.4693900708845689,,10,1,val,current_repo_v1
4115,164.6,0.646700853753919,,10,1,val,current_repo_v1
4116,164.64,0.4771862743417029,,10,1,val,current_repo_v1
4117,164.68,0.20979005452963517,,10,1,val,current_repo_v1
4118,164.72,0.47853784254683246,,10,1,val,current_repo_v1
4119,164.76,0.7107749996372897,,10,1,val,current_repo_v1
4120,164.8,0.7174610899859883,,10,1,val,current_repo_v1
4121,164.84,0.4938647895423388,,10,1,val,current_repo_v1
4122,164.88,0.5503835715570117,,10,1,val,current_repo_v1
4123,164.92,0.4407490647571842,,10,1,val,current_repo_v1
4124,164.96,0.6795291625614464,,10,1,val,current_repo_v1
4125,165.0,0.8124803971611001,,10,1,val,current_repo_v1
4126,165.04,0.5122187182216383,,10,1,val,current_repo_v1
4127,165.08,0.6906969443971822,,10,1,val,current_repo_v1
4128,165.12,0.9117388416046652,,10,1,val,current_repo_v1
4129,165.16,1.0619167015088307,,10,1,val,current_repo_v1
4130,165.2,1.2003886495001415,,10,1,val,current_repo_v1
4131,165.24,1.421877889316667,,10,1,val,current_repo_v1
4132,165.28,1.6324819535176955,,10,1,val,current_repo_v1
4133,165.32,1.7865419119357162,,10,1,val,current_repo_v1
4134,165.36,1.92035604514841,,10,1,val,current_repo_v1
4135,165.4,2.027096959696959,,10,1,val,current_repo_v1
4136,165.44,1.9764393990353226,,10,1,val,current_repo_v1
4137,165.48,2.318495803332801,,10,1,val,current_repo_v1
4138,165.52,2.4067085124352454,,10,1,val,current_repo_v1
4139,165.56,2.4712255604752253,,10,1,val,current_repo_v1
4140,165.6,2.630335148643046,,10,1,val,current_repo_v1
4141,165.64,2.3415713837900625,,10,1,val,current_repo_v1
4142,165.68,2.206464507375767,,10,1,val,current_repo_v1
4143,165.72,2.1358440794480473,,10,1,val,current_repo_v1
4144,165.76,1.8140146833891468,,10,1,val,current_repo_v1
4145,165.8,1.8209752024912258,,10,1,val,current_repo_v1
4146,165.84,1.8210283120609283,,10,1,val,current_repo_v1
4147,165.88,1.6408497003573905,,10,1,val,current_repo_v1
4148,165.92,1.4383933827586464,,10,1,val,current_repo_v1
4149,165.96,1.4609839427084914,,10,1,val,current_repo_v1
4150,166.0,1.229938497535549,,10,1,val,current_repo_v1
4151,166.04,0.87047604727631,,10,1,val,current_repo_v1
4152,166.08,0.8186776860230824,,10,1,val,current_repo_v1
4153,166.12,1.167605096935956,,10,1,val,current_repo_v1
4154,166.16,1.0952969453644095,,10,1,val,current_repo_v1
4155,166.2,1.0742940450015674,,10,1,val,current_repo_v1
4156,166.24,0.973577021845707,,10,1,val,current_repo_v1
4157,166.28,1.063427686352819,,10,1,val,current_repo_v1
4158,166.32,0.9674340735699435,,10,1,val,current_repo_v1
4159,166.36,1.144576470965816,,10,1,val,current_repo_v1
4160,166.4,0.9686612211771771,,10,1,val,current_repo_v1
4161,166.44,1.0084369475538604,,10,1,val,current_repo_v1
4162,166.48,1.022467194508963,,10,1,val,current_repo_v1
4163,166.52,1.1409870026638318,,10,1,val,current_repo_v1
4164,166.56,1.121169043627665,,10,1,val,current_repo_v1
4165,166.6,0.934744781699005,,10,1,val,current_repo_v1
4166,166.64,0.8448084736142601,,10,1,val,current_repo_v1
4167,166.68,1.070787406525179,,10,1,val,current_repo_v1
4168,166.72,0.9847685447142569,,10,1,val,current_repo_v1
4169,166.76,0.8442258510830527,,10,1,val,current_repo_v1
4170,166.8,0.7465557696644997,,10,1,val,current_repo_v1
4171,166.84,0.7475405828775274,,10,1,val,current_repo_v1
4172,166.88,0.6247995751234424,,10,1,val,current_repo_v1
4173,166.92,0.7578366291602313,,10,1,val,current_repo_v1
4174,166.96,0.722051814364468,,10,1,val,current_repo_v1
4175,167.0,0.7134741792087466,,10,1,val,current_repo_v1
4176,167.04,0.6867942703215547,,10,1,val,current_repo_v1
4177,167.08,0.5947625962665907,,10,1,val,current_repo_v1
4178,167.12,0.6159418837102661,,10,1,val,current_repo_v1
4179,167.16,0.6431656381084024,,10,1,val,current_repo_v1
4180,167.2,0.7311567642379151,,10,1,val,current_repo_v1
4181,167.24,0.5408174301387135,,10,1,val,current_repo_v1
4182,167.28,0.41791019119005446,,10,1,val,current_repo_v1
4183,167.32,0.4460510528928229,,10,1,val,current_repo_v1
4184,167.36,0.5508953227087815,,10,1,val,current_repo_v1
4185,167.4,0.5946259534332831,,10,1,val,current_repo_v1
4186,167.44,0.746191740494684,,10,1,val,current_repo_v1
4187,167.48,0.5147083611960732,,10,1,val,current_repo_v1
4188,167.52,0.6370451998489367,,10,1,val,current_repo_v1
4189,167.56,0.8579495749256004,,10,1,val,current_repo_v1
4190,167.6,0.8166744704320824,,10,1,val,current_repo_v1
4191,167.64,0.6385160007966435,,10,1,val,current_repo_v1
4192,167.68,0.7238679154449927,,10,1,val,current_repo_v1
4193,167.72,0.805615193909282,,10,1,val,current_repo_v1
4194,167.76,0.5731104226211595,,10,1,val,current_repo_v1
4195,167.8,1.082155316474562,,10,1,val,current_repo_v1
4196,167.84,0.9450102284283041,,10,1,val,current_repo_v1
4197,167.88,0.7669806198431949,,10,1,val,current_repo_v1
4198,167.92,0.325483360833363,,10,1,val,current_repo_v1
4199,167.96,-0.03320911057737752,,10,1,val,current_repo_v1
4200,168.0,-0.3448644409008755,,10,1,val,current_repo_v1
4201,168.04,-0.9050716561524667,,10,1,val,current_repo_v1
4202,168.08,-1.0748168753019838,,10,1,val,current_repo_v1
4203,168.12,-1.1638246452144452,,10,1,val,current_repo_v1
4204,168.16,-1.347921230770313,,10,1,val,current_repo_v1
4205,168.2,-1.2648189988054743,,10,1,val,current_repo_v1
4206,168.24,-1.05520854079259,,10,1,val,current_repo_v1
4207,168.28,-0.43505992192717396,,10,1,val,current_repo_v1
4208,168.32,-0.11781744728501506,,10,1,val,current_repo_v1
4209,168.36,0.15860517915027325,,10,1,val,current_repo_v1
4210,168.4,0.6404644361526689,,10,1,val,current_repo_v1
4211,168.44,0.4413655402425894,,10,1,val,current_repo_v1
4212,168.48,0.5071189685136751,,10,1,val,current_repo_v1
4213,168.52,0.21477360507143634,,10,1,val,current_repo_v1
4214,168.56,-0.27518842246552383,,10,1,val,current_repo_v1
4215,168.6,-0.3941188185934493,,10,1,val,current_repo_v1
4216,168.64,-0.49441518581974486,,10,1,val,current_repo_v1
4217,168.68,-0.23501169245866094,,10,1,val,current_repo_v1
4218,168.72,-0.1048811563465716,,10,1,val,current_repo_v1
4219,168.76,0.13684265366713225,,10,1,val,current_repo_v1
4220,168.8,0.268200777035211,,10,1,val,current_repo_v1
4221,168.84,0.10627998679295138,,10,1,val,current_repo_v1
4222,168.88,0.13111297522183576,,10,1,val,current_repo_v1
4223,168.92,0.11699330370980017,,10,1,val,current_repo_v1
4224,168.96,0.35770838361815976,,10,1,val,current_repo_v1
4225,169.0,0.3239622640679908,,10,1,val,current_repo_v1
4226,169.04,0.4910974644137306,,10,1,val,current_repo_v1
4227,169.08,0.6584504667531016,,10,1,val,current_repo_v1
4228,169.12,0.6125885067901552,,10,1,val,current_repo_v1
4229,169.16,0.41906576397984124,,10,1,val,current_repo_v1
4230,169.2,0.4045063557822385,,10,1,val,current_repo_v1
4231,169.24,0.40701147439287805,,10,1,val,current_repo_v1
4232,169.28,0.46745095608216686,,10,1,val,current_repo_v1
4233,169.32,0.4419638142695038,,10,1,val,current_repo_v1
4234,169.36,0.5277999580575087,,10,1,val,current_repo_v1
4235,169.4,0.6384045938019197,,10,1,val,current_repo_v1
4236,169.44,0.5809423255572658,,10,1,val,current_repo_v1
4237,169.48,0.4134896108800757,,10,1,val,current_repo_v1
4238,169.52,0.4860530225192489,,10,1,val,current_repo_v1
4239,169.56,0.5170844868617565,,10,1,val,current_repo_v1
4240,169.6,0.8138770733285763,,10,1,val,current_repo_v1
4241,169.64,0.6109061468611496,,10,1,val,current_repo_v1
4242,169.68,0.7227550765142712,,10,1,val,current_repo_v1
4243,169.72,0.6036486889893926,,10,1,val,current_repo_v1
4244,169.76,0.6467016451216794,,10,1,val,current_repo_v1
4245,169.8,0.6292406430654421,,10,1,val,current_repo_v1
4246,169.84,0.7019225840091834,,10,1,val,current_repo_v1
4247,169.88,1.0526179544638197,,10,1,val,current_repo_v1
4248,169.92,1.1443299159435543,,10,1,val,current_repo_v1
4249,169.96,1.1333010631146565,,10,1,val,current_repo_v1
4250,170.0,1.041592970543973,,10,1,val,current_repo_v1
4251,170.04,0.7756628034730493,,10,1,val,current_repo_v1
4252,170.08,0.6792973797373802,,10,1,val,current_repo_v1
4253,170.12,0.5690869330674337,,10,1,val,current_repo_v1
4254,170.16,0.7375284177964541,,10,1,val,current_repo_v1
4255,170.2,0.6403526774389405,,10,1,val,current_repo_v1
4256,170.24,0.6504527283063015,,10,1,val,current_repo_v1
4257,170.28,0.6912090472679567,,10,1,val,current_repo_v1
4258,170.32,0.7843478008549409,,10,1,val,current_repo_v1
4259,170.36,0.6692030443038448,,10,1,val,current_repo_v1
4260,170.4,0.6099994152671547,,10,1,val,current_repo_v1
4261,170.44,0.6736269659443678,,10,1,val,current_repo_v1
4262,170.48,0.5335259434532563,,10,1,val,current_repo_v1
4263,170.52,0.6594873343788181,,10,1,val,current_repo_v1
4264,170.56,0.9521842409662072,,10,1,val,current_repo_v1
4265,170.6,0.9309041860276988,,10,1,val,current_repo_v1
4266,170.64,0.7123573834392227,,10,1,val,current_repo_v1
4267,170.68,0.7515104352830436,,10,1,val,current_repo_v1
4268,170.72,0.94432806941878,,10,1,val,current_repo_v1
4269,170.76,1.134768434802068,,10,1,val,current_repo_v1
4270,170.8,1.0105025932681861,,10,1,val,current_repo_v1
4271,170.84,0.7061250985362774,,10,1,val,current_repo_v1
4272,170.88,0.6881864620717216,,10,1,val,current_repo_v1
4273,170.92,0.9410396725847786,,10,1,val,current_repo_v1
4274,170.96,0.913335118307282,,10,1,val,current_repo_v1
4275,171.0,0.9877010019155497,,10,1,val,current_repo_v1
4276,171.04,0.8942079353962532,,10,1,val,current_repo_v1
4277,171.08,0.8433412777863509,,10,1,val,current_repo_v1
4278,171.12,0.7625676014918161,,10,1,val,current_repo_v1
4279,171.16,0.7064060340912438,,10,1,val,current_repo_v1
4280,171.2,0.724054502376961,,10,1,val,current_repo_v1
4281,171.24,1.0008505444830016,,10,1,val,current_repo_v1
4282,171.28,0.8226665312548499,,10,1,val,current_repo_v1
4283,171.32,0.8440426054816286,,10,1,val,current_repo_v1
4284,171.36,0.8989608901656289,,10,1,val,current_repo_v1
4285,171.4,0.9645614085994417,,10,1,val,current_repo_v1
4286,171.44,1.0232763240791667,,10,1,val,current_repo_v1
4287,171.48,1.013425378196851,,10,1,val,current_repo_v1
4288,171.52,1.0456530388741827,,10,1,val,current_repo_v1
4289,171.56,0.767043225826023,,10,1,val,current_repo_v1
4290,171.6,0.5770243517049359,,10,1,val,current_repo_v1
4291,171.64,0.5479735929371307,,10,1,val,current_repo_v1
4292,171.68,0.6635326305108323,,10,1,val,current_repo_v1
4293,171.72,0.5858758880355307,,10,1,val,current_repo_v1
4294,171.76,0.4296644644660488,,10,1,val,current_repo_v1
4295,171.8,0.6277656214896795,,10,1,val,current_repo_v1
4296,171.84,0.7205408295204795,,10,1,val,current_repo_v1
4297,171.88,0.6342694334642167,,10,1,val,current_repo_v1
4298,171.92,0.5547095394547388,,10,1,val,current_repo_v1
4299,171.96,0.5158142536764528,,10,1,val,current_repo_v1
4300,172.0,0.5001152759037749,,10,1,val,current_repo_v1
4301,172.04,0.6037326619017535,,10,1,val,current_repo_v1
4302,172.08,0.7584871334593367,,10,1,val,current_repo_v1
4303,172.12,0.6767681683749219,,10,1,val,current_repo_v1
4304,172.16,0.3904845500832475,,10,1,val,current_repo_v1
4305,172.2,0.6027086320197068,,10,1,val,current_repo_v1
4306,172.24,0.7524978863886064,,10,1,val,current_repo_v1
4307,172.28,0.6066958065862021,,10,1,val,current_repo_v1
4308,172.32,0.7370276578635796,,10,1,val,current_repo_v1
4309,172.36,0.8807738521540371,,10,1,val,current_repo_v1
4310,172.4,0.7752111962710752,,10,1,val,current_repo_v1
4311,172.44,0.7880586122135304,,10,1,val,current_repo_v1
4312,172.48,0.8502289910544668,,10,1,val,current_repo_v1
4313,172.52,0.6480841645992184,,10,1,val,current_repo_v1
4314,172.56,0.5885799037433014,,10,1,val,current_repo_v1
4315,172.6,0.5835321205182755,,10,1,val,current_repo_v1
4316,172.64,0.7213898791977114,,10,1,val,current_repo_v1
4317,172.68,0.8018208492870875,,10,1,val,current_repo_v1
4318,172.72,0.6806277568724795,,10,1,val,current_repo_v1
4319,172.76,0.4438046236101054,,10,1,val,current_repo_v1
4320,172.8,0.4786619114257238,,10,1,val,current_repo_v1
4321,172.84,0.6085322194392456,,10,1,val,current_repo_v1
4322,172.88,0.7982269844975453,,10,1,val,current_repo_v1
4323,172.92,0.7890919626492003,,10,1,val,current_repo_v1
4324,172.96,0.785735156468794,,10,1,val,current_repo_v1
4325,173.0,0.7782080180502193,,10,1,val,current_repo_v1
4326,173.04,1.0055593585172933,,10,1,val,current_repo_v1
4327,173.08,1.213495985787035,,10,1,val,current_repo_v1
4328,173.12,1.1351846942440744,,10,1,val,current_repo_v1
4329,173.16,1.0239832792785188,,10,1,val,current_repo_v1
4330,173.2,0.8591886809789923,,10,1,val,current_repo_v1
4331,173.24,0.7544947710375227,,10,1,val,current_repo_v1
4332,173.28,0.6573756134748826,,10,1,val,current_repo_v1
4333,173.32,0.7067108865385267,,10,1,val,current_repo_v1
4334,173.36,0.9777601918275451,,10,1,val,current_repo_v1
4335,173.4,0.7431353023442512,,10,1,val,current_repo_v1
4336,173.44,0.7782732619255824,,10,1,val,current_repo_v1
4337,173.48,0.9037386411248326,,10,1,val,current_repo_v1
4338,173.52,0.923633978342023,,10,1,val,current_repo_v1
4339,173.56,0.759577814092765,,10,1,val,current_repo_v1
4340,173.6,0.6478637247130522,,10,1,val,current_repo_v1
4341,173.64,0.7808692998989247,,10,1,val,current_repo_v1
4342,173.68,0.7485570508009741,,10,1,val,current_repo_v1
4343,173.72,0.7911314052976796,,10,1,val,current_repo_v1
4344,173.76,0.7410992010263161,,10,1,val,current_repo_v1
4345,173.8,0.9310242980677876,,10,1,val,current_repo_v1
4346,173.84,0.8760388350538988,,10,1,val,current_repo_v1
4347,173.88,0.8109971981184791,,10,1,val,current_repo_v1
4348,173.92,0.9518323461020521,,10,1,val,current_repo_v1
4349,173.96,0.8751029107825177,,10,1,val,current_repo_v1
4350,174.0,0.8141130767806983,,10,1,val,current_repo_v1
4351,174.04,0.9547595275182751,,10,1,val,current_repo_v1
4352,174.08,1.0643210526246372,,10,1,val,current_repo_v1
4353,174.12,1.0072739886649758,,10,1,val,current_repo_v1
4354,174.16,0.8216287843316218,,10,1,val,current_repo_v1
4355,174.2,0.9818425943145502,,10,1,val,current_repo_v1
4356,174.24,1.03601927947724,,10,1,val,current_repo_v1
4357,174.28,1.0108027854386574,,10,1,val,current_repo_v1
4358,174.32,1.1861406884811587,,10,1,val,current_repo_v1
4359,174.36,1.2353511012981508,,10,1,val,current_repo_v1
4360,174.4,0.918239663967663,,10,1,val,current_repo_v1
4361,174.44,0.6410543568532229,,10,1,val,current_repo_v1
4362,174.48,0.5894834698662544,,10,1,val,current_repo_v1
4363,174.52,0.1604287542596469,,10,1,val,current_repo_v1
4364,174.56,-0.5564968875066332,,10,1,val,current_repo_v1
4365,174.6,-0.8824366916782844,,10,1,val,current_repo_v1
4366,174.64,-1.5356732319415374,,10,1,val,current_repo_v1
4367,174.68,-1.7636193292454792,,10,1,val,current_repo_v1
4368,174.72,-1.9506868852336492,,10,1,val,current_repo_v1
4369,174.76,-1.8417920435006065,,10,1,val,current_repo_v1
4370,174.8,-1.6118098448787295,,10,1,val,current_repo_v1
4371,174.84,-1.6299005118830463,,10,1,val,current_repo_v1
4372,174.88,-1.7987782161075874,,10,1,val,current_repo_v1
4373,174.92,-1.474979193622631,,10,1,val,current_repo_v1
4374,174.96,-1.747312405173259,,10,1,val,current_repo_v1
4375,175.0,-1.7193370272621797,,10,1,val,current_repo_v1
4376,175.04,-1.858556026419373,,10,1,val,current_repo_v1
4377,175.08,-1.657531732748073,,10,1,val,current_repo_v1
4378,175.12,-1.6049812204033953,,10,1,val,current_repo_v1
4379,175.16,-1.9392421246817493,,10,1,val,current_repo_v1
4380,175.2,-1.9892746806721173,,10,1,val,current_repo_v1
4381,175.24,-2.0434768654626447,,10,1,val,current_repo_v1
4382,175.28,-2.028434898790658,,10,1,val,current_repo_v1
4383,175.32,-2.0051676314758615,,10,1,val,current_repo_v1
4384,175.36,-2.3154495650335036,,10,1,val,current_repo_v1
4385,175.4,-2.5878490756165085,,10,1,val,current_repo_v1
4386,175.44,-2.551719092582554,,10,1,val,current_repo_v1
4387,175.48,-2.4286995673416594,,10,1,val,current_repo_v1
4388,175.52,-2.5185191047168596,,10,1,val,current_repo_v1
4389,175.56,-2.551143680290942,,10,1,val,current_repo_v1
4390,175.6,-2.708273793900577,,10,1,val,current_repo_v1
4391,175.64,-2.7166350339386858,,10,1,val,current_repo_v1
4392,175.68,-2.58827553490965,,10,1,val,current_repo_v1
4393,175.72,-2.4400769737041683,,10,1,val,current_repo_v1
4394,175.76,-2.180655542673847,,10,1,val,current_repo_v1
4395,175.8,-2.241355208496828,,10,1,val,current_repo_v1
4396,175.84,-1.8473715379309161,,10,1,val,current_repo_v1
4397,175.88,-1.6580948348745221,,10,1,val,current_repo_v1
4398,175.92,-1.6992085003449044,,10,1,val,current_repo_v1
4399,175.96,-1.5077112193526347,,10,1,val,current_repo_v1
4400,176.0,-1.015772399114899,,10,1,val,current_repo_v1
4401,176.04,-0.8140735083926749,,10,1,val,current_repo_v1
4402,176.08,-0.531893263833658,,10,1,val,current_repo_v1
4403,176.12,-0.6637925068903952,,10,1,val,current_repo_v1
4404,176.16,-0.9573736790203571,,10,1,val,current_repo_v1
4405,176.2,-0.7241631395845232,,10,1,val,current_repo_v1
4406,176.24,-0.11436453388658732,,10,1,val,current_repo_v1
4407,176.28,-0.5254261185653558,,10,1,val,current_repo_v1
4408,176.32,-0.5855271146775418,,10,1,val,current_repo_v1
4409,176.36,-0.31629747162397015,,10,1,val,current_repo_v1
4410,176.4,0.16703082773110906,,10,1,val,current_repo_v1
4411,176.44,0.4870182273977674,,10,1,val,current_repo_v1
4412,176.48,0.3745773546598152,,10,1,val,current_repo_v1
4413,176.52,0.28756092982194664,,10,1,val,current_repo_v1
4414,176.56,0.011226299085134905,,10,1,val,current_repo_v1
4415,176.6,-0.27770739001197164,,10,1,val,current_repo_v1
4416,176.64,-0.18782854401961185,,10,1,val,current_repo_v1
4417,176.68,-0.3231417475950114,,10,1,val,current_repo_v1
4418,176.72,-0.5544475087962725,,10,1,val,current_repo_v1
4419,176.76,-0.47730836480119304,,10,1,val,current_repo_v1
4420,176.8,-0.5100057462092386,,10,1,val,current_repo_v1
4421,176.84,-0.6242577959616503,,10,1,val,current_repo_v1
4422,176.88,-0.7198198055609413,,10,1,val,current_repo_v1
4423,176.92,-0.570717194618875,,10,1,val,current_repo_v1
4424,176.96,-0.4794673039815031,,10,1,val,current_repo_v1
4425,177.0,-0.44237321519091966,,10,1,val,current_repo_v1
4426,177.04,-0.34509721293464224,,10,1,val,current_repo_v1
4427,177.08,-0.4585458705331137,,10,1,val,current_repo_v1
4428,177.12,-0.4400672135017891,,10,1,val,current_repo_v1
4429,177.16,-0.04950082280264651,,10,1,val,current_repo_v1
4430,177.2,0.46574432754184025,,10,1,val,current_repo_v1
4431,177.24,0.5692607701854834,,10,1,val,current_repo_v1
4432,177.28,0.552745276743504,,10,1,val,current_repo_v1
4433,177.32,0.7028370534212807,,10,1,val,current_repo_v1
4434,177.36,0.5310049974874074,,10,1,val,current_repo_v1
4435,177.4,0.5663474816699442,,10,1,val,current_repo_v1
4436,177.44,0.583001640329508,,10,1,val,current_repo_v1
4437,177.48,0.5527519594045924,,10,1,val,current_repo_v1
4438,177.52,0.4037839249466816,,10,1,val,current_repo_v1
4439,177.56,0.24369945962771422,,10,1,val,current_repo_v1
4440,177.6,0.5004377143012904,,10,1,val,current_repo_v1
4441,177.64,0.8407637050607528,,10,1,val,current_repo_v1
4442,177.68,0.9644105211464457,,10,1,val,current_repo_v1
4443,177.72,0.8573013568000253,,10,1,val,current_repo_v1
4444,177.76,0.6247323088638025,,10,1,val,current_repo_v1
4445,177.8,0.7412040132897026,,10,1,val,current_repo_v1
4446,177.84,0.6069576613851662,,10,1,val,current_repo_v1
4447,177.88,0.744558181577574,,10,1,val,current_repo_v1
4448,177.92,0.7681717162524516,,10,1,val,current_repo_v1
4449,177.96,0.9789539261293367,,10,1,val,current_repo_v1
4450,178.0,1.1173933401127172,,10,1,val,current_repo_v1
4451,178.04,1.4349685189508399,,10,1,val,current_repo_v1
4452,178.08,1.385154380462361,,10,1,val,current_repo_v1
4453,178.12,1.2796182793642503,,10,1,val,current_repo_v1
4454,178.16,1.1239748819872828,,10,1,val,current_repo_v1
4455,178.2,0.9235928272184786,,10,1,val,current_repo_v1
4456,178.24,0.6307838981281075,,10,1,val,current_repo_v1
4457,178.28,1.0097769969615875,,10,1,val,current_repo_v1
4458,178.32,0.5792969840534999,,10,1,val,current_repo_v1
4459,178.36,0.608757143742721,,10,1,val,current_repo_v1
4460,178.4,0.7484696486283179,,10,1,val,current_repo_v1
4461,178.44,0.3781993569697297,,10,1,val,current_repo_v1
4462,178.48,0.32224745806080607,,10,1,val,current_repo_v1
4463,178.52,0.2241704377538697,,10,1,val,current_repo_v1
4464,178.56,-0.1548753749654326,,10,1,val,current_repo_v1
4465,178.6,-0.3291810706590291,,10,1,val,current_repo_v1
4466,178.64,-0.035304344652969846,,10,1,val,current_repo_v1
4467,178.68,0.2779678818997926,,10,1,val,current_repo_v1
4468,178.72,0.41415778905916484,,10,1,val,current_repo_v1
4469,178.76,0.21000776859351528,,10,1,val,current_repo_v1
4470,178.8,0.12365442200916843,,10,1,val,current_repo_v1
4471,178.84,0.5982990429286235,,10,1,val,current_repo_v1
4472,178.88,0.9363067657986681,,10,1,val,current_repo_v1
4473,178.92,0.8943378955684724,,10,1,val,current_repo_v1
4474,178.96,0.9952757982592547,,10,1,val,current_repo_v1
4475,179.0,0.7514620739199039,,10,1,val,current_repo_v1
4476,179.04,0.8732628928096765,,10,1,val,current_repo_v1
4477,179.08,1.2247052704653199,,10,1,val,current_repo_v1
4478,179.12,1.5349383150813152,,10,1,val,current_repo_v1
4479,179.16,1.248482882055868,,10,1,val,current_repo_v1
4480,179.2,1.0657731245353461,,10,1,val,current_repo_v1
4481,179.24,1.02431899506846,,10,1,val,current_repo_v1
4482,179.28,0.6735768459862047,,10,1,val,current_repo_v1
4483,179.32,0.3101070852474541,,10,1,val,current_repo_v1
4484,179.36,0.20217401913263455,,10,1,val,current_repo_v1
4485,179.4,0.4072860790057607,,10,1,val,current_repo_v1
4486,179.44,0.6886358710299167,,10,1,val,current_repo_v1
4487,179.48,1.1497750537140867,,10,1,val,current_repo_v1
4488,179.52,0.9463845704389849,,10,1,val,current_repo_v1
4489,179.56,0.8680331829294939,,10,1,val,current_repo_v1
4490,179.6,0.49268046372392166,,10,1,val,current_repo_v1
4491,179.64,0.8334412671028861,,10,1,val,current_repo_v1
4492,179.68,1.1500845664381811,,10,1,val,current_repo_v1
4493,179.72,1.4809832128915568,,10,1,val,current_repo_v1
4494,179.76,1.377371718186906,,10,1,val,current_repo_v1
4495,179.8,1.5248137318133796,,10,1,val,current_repo_v1
4496,179.84,1.7349748059280479,,10,1,val,current_repo_v1
4497,179.88,1.8672004002562272,,10,1,val,current_repo_v1
4498,179.92,1.6935157523950966,,10,1,val,current_repo_v1
4499,179.96,1.3384139143555431,,10,1,val,current_repo_v1
4500,180.0,1.4649001579657979,,10,1,val,current_repo_v1
4501,180.04,1.367567902651214,,10,1,val,current_repo_v1
4502,180.08,1.2151121346134146,,10,1,val,current_repo_v1
4503,180.12,1.6864110285011098,,10,1,val,current_repo_v1
4504,180.16,2.007496714724672,,10,1,val,current_repo_v1
4505,180.2,1.871855401282807,,10,1,val,current_repo_v1
4506,180.24,1.8284140594396325,,10,1,val,current_repo_v1
4507,180.28,1.7430017370522342,,10,1,val,current_repo_v1
4508,180.32,1.8183883092120043,,10,1,val,current_repo_v1
4509,180.36,1.9597427703059471,,10,1,val,current_repo_v1
4510,180.4,1.5606384227512955,,10,1,val,current_repo_v1
4511,180.44,1.4174805224609954,,10,1,val,current_repo_v1
4512,180.48,1.5631834614689633,,10,1,val,current_repo_v1
4513,180.52,1.3005823147770783,,10,1,val,current_repo_v1
4514,180.56,1.2792473916738438,,10,1,val,current_repo_v1
4515,180.6,1.2469186117826745,,10,1,val,current_repo_v1
4516,180.64,1.562983509214818,,10,1,val,current_repo_v1
4517,180.68,1.4081786099449427,,10,1,val,current_repo_v1
4518,180.72,1.441392490711321,,10,1,val,current_repo_v1
4519,180.76,1.2541793230552247,,10,1,val,current_repo_v1
4520,180.8,1.029552222138689,,10,1,val,current_repo_v1
4521,180.84,1.376398687560534,,10,1,val,current_repo_v1
4522,180.88,1.4736110066945316,,10,1,val,current_repo_v1
4523,180.92,1.5734673734460065,,10,1,val,current_repo_v1
4524,180.96,1.3306469035757953,,10,1,val,current_repo_v1
4525,181.0,1.4307042777384291,,10,1,val,current_repo_v1
4526,181.04,1.5492304168353819,,10,1,val,current_repo_v1
4527,181.08,1.6188992689960138,,10,1,val,current_repo_v1
4528,181.12,1.6399950231760843,,10,1,val,current_repo_v1
4529,181.16,1.5035954035601877,,10,1,val,current_repo_v1
4530,181.2,1.528521201841425,,10,1,val,current_repo_v1
4531,181.24,1.3661599714755888,,10,1,val,current_repo_v1
4532,181.28,1.4744597046527588,,10,1,val,current_repo_v1
4533,181.32,1.2632974623913462,,10,1,val,current_repo_v1
4534,181.36,1.5309035705194407,,10,1,val,current_repo_v1
4535,181.4,1.3304353445944965,,10,1,val,current_repo_v1
4536,181.44,1.2672446289210624,,10,1,val,current_repo_v1
4537,181.48,1.2883449554481934,,10,1,val,current_repo_v1
4538,181.52,1.224111041206959,,10,1,val,current_repo_v1
4539,181.56,1.3412135976325794,,10,1,val,current_repo_v1
4540,181.6,1.1968941453294135,,10,1,val,current_repo_v1
4541,181.64,1.1408484253759985,,10,1,val,current_repo_v1
4542,181.68,1.0541537354976362,,10,1,val,current_repo_v1
4543,181.72,0.9199052293141963,,10,1,val,current_repo_v1
4544,181.76,1.0819163234109006,,10,1,val,current_repo_v1
4545,181.8,1.0698404031051512,,10,1,val,current_repo_v1
4546,181.84,0.8445992008064916,,10,1,val,current_repo_v1
4547,181.88,0.9003832418204448,,10,1,val,current_repo_v1
4548,181.92,0.9241805496752534,,10,1,val,current_repo_v1
4549,181.96,1.0266354164331033,,10,1,val,current_repo_v1
4550,182.0,0.8388878117494372,,10,1,val,current_repo_v1
4551,182.04,0.7698932049207248,,10,1,val,current_repo_v1
4552,182.08,0.9945521364071815,,10,1,val,current_repo_v1
4553,182.12,1.0662753792739905,,10,1,val,current_repo_v1
4554,182.16,1.114589436207625,,10,1,val,current_repo_v1
4555,182.2,1.101562819432299,,10,1,val,current_repo_v1
4556,182.24,0.9065810582609342,,10,1,val,current_repo_v1
4557,182.28,0.9634418870076319,,10,1,val,current_repo_v1
4558,182.32,0.680059115171707,,10,1,val,current_repo_v1
4559,182.36,0.5035250157943816,,10,1,val,current_repo_v1
4560,182.4,-0.046847652473485886,,10,1,val,current_repo_v1
4561,182.44,-0.7327535245541632,,10,1,val,current_repo_v1
4562,182.48,-1.057050669079459,,10,1,val,current_repo_v1
4563,182.52,-1.0173896030982927,,10,1,val,current_repo_v1
4564,182.56,-0.8518538449262115,,10,1,val,current_repo_v1
4565,182.6,-0.6269462481034652,,10,1,val,current_repo_v1
4566,182.64,-0.7174893594009873,,10,1,val,current_repo_v1
4567,182.68,-1.2210618132961215,,10,1,val,current_repo_v1
4568,182.72,-0.8943254095438072,,10,1,val,current_repo_v1
4569,182.76,-0.7938649654018411,,10,1,val,current_repo_v1
4570,182.8,-0.9612676480506194,,10,1,val,current_repo_v1
4571,182.84,-0.8334657115737095,,10,1,val,current_repo_v1
4572,182.88,-1.1586046076068908,,10,1,val,current_repo_v1
4573,182.92,-0.6437658026249669,,10,1,val,current_repo_v1
4574,182.96,-0.9478376095769567,,10,1,val,current_repo_v1
4575,183.0,-1.3112703518904676,,10,1,val,current_repo_v1
4576,183.04,-1.1142201312527396,,10,1,val,current_repo_v1
4577,183.08,-1.0668662672018072,,10,1,val,current_repo_v1
4578,183.12,-0.8028480446401761,,10,1,val,current_repo_v1
4579,183.16,-0.9783876585318457,,10,1,val,current_repo_v1
4580,183.2,-1.2884721018683754,,10,1,val,current_repo_v1
4581,183.24,-1.0591063787319035,,10,1,val,current_repo_v1
4582,183.28,-0.6412383498575318,,10,1,val,current_repo_v1
4583,183.32,-0.4485871667407475,,10,1,val,current_repo_v1
4584,183.36,-0.0637173049707128,,10,1,val,current_repo_v1
4585,183.4,-0.017777988809180568,,10,1,val,current_repo_v1
4586,183.44,-0.08905830753694259,,10,1,val,current_repo_v1
4587,183.48,-0.041015162166641826,,10,1,val,current_repo_v1
4588,183.52,-0.30153389054416646,,10,1,val,current_repo_v1
4589,183.56,-0.006974807686642986,,10,1,val,current_repo_v1
4590,183.6,0.40606517441085965,,10,1,val,current_repo_v1
4591,183.64,0.6534294141724294,,10,1,val,current_repo_v1
4592,183.68,0.5857756481192046,,10,1,val,current_repo_v1
4593,183.72,0.49103688081517916,,10,1,val,current_repo_v1
4594,183.76,0.6099382161603452,,10,1,val,current_repo_v1
4595,183.8,0.9197357007539536,,10,1,val,current_repo_v1
4596,183.84,0.6207589392682398,,10,1,val,current_repo_v1
4597,183.88,0.2670144727973927,,10,1,val,current_repo_v1
4598,183.92,0.37572431033398795,,10,1,val,current_repo_v1
4599,183.96,0.6505921848916464,,10,1,val,current_repo_v1
4600,184.0,0.8789526511479449,,10,1,val,current_repo_v1
4601,184.04,0.597985221646722,,10,1,val,current_repo_v1
4602,184.08,0.3206235714163241,,10,1,val,current_repo_v1
4603,184.12,0.5239157492296255,,10,1,val,current_repo_v1
4604,184.16,0.7291561865394499,,10,1,val,current_repo_v1
4605,184.2,0.892022001782336,,10,1,val,current_repo_v1
4606,184.24,0.9688821007120991,,10,1,val,current_repo_v1
4607,184.28,1.3174597270748454,,10,1,val,current_repo_v1
4608,184.32,1.1095348823917597,,10,1,val,current_repo_v1
4609,184.36,1.3187352360452187,,10,1,val,current_repo_v1
4610,184.4,1.4821771230528507,,10,1,val,current_repo_v1
4611,184.44,1.0786497331551876,,10,1,val,current_repo_v1
4612,184.48,1.026608334069745,,10,1,val,current_repo_v1
4613,184.52,1.1493667079496848,,10,1,val,current_repo_v1
4614,184.56,1.3360930965033415,,10,1,val,current_repo_v1
4615,184.6,1.234398646233551,,10,1,val,current_repo_v1
4616,184.64,1.251147153516113,,10,1,val,current_repo_v1
4617,184.68,1.298661401433167,,10,1,val,current_repo_v1
4618,184.72,1.337493114001362,,10,1,val,current_repo_v1
4619,184.76,1.3190904722399182,,10,1,val,current_repo_v1
4620,184.8,1.286704186291488,,10,1,val,current_repo_v1
4621,184.84,1.5261274022957578,,10,1,val,current_repo_v1
4622,184.88,1.3007979185269305,,10,1,val,current_repo_v1
4623,184.92,1.198408471503946,,10,1,val,current_repo_v1
4624,184.96,1.1548908066367618,,10,1,val,current_repo_v1
4625,185.0,1.0116261596285496,,10,1,val,current_repo_v1
4626,185.04,0.9946184354395586,,10,1,val,current_repo_v1
4627,185.08,1.0225975064001869,,10,1,val,current_repo_v1
4628,185.12,0.767612658894556,,10,1,val,current_repo_v1
4629,185.16,1.0156364597196008,,10,1,val,current_repo_v1
4630,185.2,0.9862134063853706,,10,1,val,current_repo_v1
4631,185.24,0.9369507632961874,,10,1,val,current_repo_v1
4632,185.28,1.0441221819064312,,10,1,val,current_repo_v1
4633,185.32,1.2030130008533582,,10,1,val,current_repo_v1
4634,185.36,1.228836210174967,,10,1,val,current_repo_v1
4635,185.4,1.2755297217946637,,10,1,val,current_repo_v1
4636,185.44,1.017487380981586,,10,1,val,current_repo_v1
4637,185.48,1.1754375274505693,,10,1,val,current_repo_v1
4638,185.52,1.344192833461491,,10,1,val,current_repo_v1
4639,185.56,1.6026262858077425,,10,1,val,current_repo_v1
4640,185.6,1.7286493154888696,,10,1,val,current_repo_v1
4641,185.64,1.9659620416057204,,10,1,val,current_repo_v1
4642,185.68,1.9447489891375982,,10,1,val,current_repo_v1
4643,185.72,1.9712756364685127,,10,1,val,current_repo_v1
4644,185.76,2.0545294593243564,,10,1,val,current_repo_v1
4645,185.8,2.0603611362810024,,10,1,val,current_repo_v1
4646,185.84,1.987197955809145,,10,1,val,current_repo_v1
4647,185.88,2.07341131822964,,10,1,val,current_repo_v1
4648,185.92,1.9189702722700779,,10,1,val,current_repo_v1
4649,185.96,1.9068867900057287,,10,1,val,current_repo_v1
4650,186.0,1.6795871522323385,,10,1,val,current_repo_v1
4651,186.04,1.7434679405929014,,10,1,val,current_repo_v1
4652,186.08,1.441228765514655,,10,1,val,current_repo_v1
4653,186.12,1.5889438889482415,,10,1,val,current_repo_v1
4654,186.16,1.2038465748943854,,10,1,val,current_repo_v1
4655,186.2,1.4540190271188542,,10,1,val,current_repo_v1
4656,186.24,1.3704759153816832,,10,1,val,current_repo_v1
4657,186.28,1.655351778357235,,10,1,val,current_repo_v1
4658,186.32,1.5127638387139746,,10,1,val,current_repo_v1
4659,186.36,1.2008541496027993,,10,1,val,current_repo_v1
4660,186.4,0.920919059345108,,10,1,val,current_repo_v1
4661,186.44,0.5146294002795286,,10,1,val,current_repo_v1
4662,186.48,0.5736586646196621,,10,1,val,current_repo_v1
4663,186.52,0.441573318244588,,10,1,val,current_repo_v1
4664,186.56,0.09663906112128898,,10,1,val,current_repo_v1
4665,186.6,0.08439128211689118,,10,1,val,current_repo_v1
4666,186.64,-0.05770893317910455,,10,1,val,current_repo_v1
4667,186.68,-0.27929126861967435,,10,1,val,current_repo_v1
4668,186.72,-0.49348093221363587,,10,1,val,current_repo_v1
4669,186.76,-0.7738401076611873,,10,1,val,current_repo_v1
4670,186.8,-0.3461282332319064,,10,1,val,current_repo_v1
4671,186.84,-0.10087081229064476,,10,1,val,current_repo_v1
4672,186.88,-0.1972296632774144,,10,1,val,current_repo_v1
4673,186.92,-0.32461997860669156,,10,1,val,current_repo_v1
4674,186.96,-0.5502125921558748,,10,1,val,current_repo_v1
4675,187.0,-0.48483946005857,,10,1,val,current_repo_v1
4676,187.04,-0.5778171703062989,,10,1,val,current_repo_v1
4677,187.08,-0.3985318809097036,,10,1,val,current_repo_v1
4678,187.12,-0.5962524340054244,,10,1,val,current_repo_v1
4679,187.16,-0.7629383133227202,,10,1,val,current_repo_v1
4680,187.2,-1.1313112128458331,,10,1,val,current_repo_v1
4681,187.24,-1.2699085486623027,,10,1,val,current_repo_v1
4682,187.28,-1.4204226519349161,,10,1,val,current_repo_v1
4683,187.32,-1.1126192822030623,,10,1,val,current_repo_v1
4684,187.36,-1.0511301830741384,,10,1,val,current_repo_v1
4685,187.4,-1.1036597681380391,,10,1,val,current_repo_v1
4686,187.44,-1.429924516705114,,10,1,val,current_repo_v1
4687,187.48,-1.2400611463489588,,10,1,val,current_repo_v1
4688,187.52,-1.0451681942262687,,10,1,val,current_repo_v1
4689,187.56,-0.9882616420089662,,10,1,val,current_repo_v1
4690,187.6,-0.9286984682197699,,10,1,val,current_repo_v1
4691,187.64,-1.0418217637564997,,10,1,val,current_repo_v1
4692,187.68,-0.8474034564305885,,10,1,val,current_repo_v1
4693,187.72,-0.5478300036534811,,10,1,val,current_repo_v1
4694,187.76,-0.1310004031579091,,10,1,val,current_repo_v1
4695,187.8,0.6993892399484204,,10,1,val,current_repo_v1
4696,187.84,0.8067246915094592,,10,1,val,current_repo_v1
4697,187.88,0.8348739944683393,,10,1,val,current_repo_v1
4698,187.92,0.6790793139544955,,10,1,val,current_repo_v1
4699,187.96,1.991370750080346,,10,1,val,current_repo_v1
4700,188.0,1.1811002034254794,,10,1,val,current_repo_v1
4701,188.04,0.023364385724956617,,10,1,val,current_repo_v1
4702,188.08,-1.1027144353832836,,10,1,val,current_repo_v1
4703,188.12,0.24237229192853246,,10,1,val,current_repo_v1
4704,188.16,0.5243310414443693,,10,1,val,current_repo_v1
4705,188.2,0.7413476905031032,,10,1,val,current_repo_v1
4706,188.24,1.2179714342617396,,10,1,val,current_repo_v1
4707,188.28,1.4839761657616497,,10,1,val,current_repo_v1
4708,188.32,1.6545104664981054,,10,1,val,current_repo_v1
4709,188.36,1.683697164661209,,10,1,val,current_repo_v1
4710,188.4,1.6808844677810004,,10,1,val,current_repo_v1
4711,188.44,1.9462967286175727,,10,1,val,current_repo_v1
4712,188.48,2.05714449012395,,10,1,val,current_repo_v1
4713,188.52,1.86093470204784,,10,1,val,current_repo_v1
4714,188.56,1.7522549364861424,,10,1,val,current_repo_v1
4715,188.6,1.6871040907997783,,10,1,val,current_repo_v1
4716,188.64,1.7073377816994446,,10,1,val,current_repo_v1
4717,188.68,1.5778300959797198,,10,1,val,current_repo_v1
4718,188.72,1.695253068418579,,10,1,val,current_repo_v1
4719,188.76,1.7355943589547438,,10,1,val,current_repo_v1
4720,188.8,1.6645254892960917,,10,1,val,current_repo_v1
4721,188.84,1.6229255723017766,,10,1,val,current_repo_v1
4722,188.88,1.6399654787796933,,10,1,val,current_repo_v1
4723,188.92,1.4536613288911222,,10,1,val,current_repo_v1
4724,188.96,1.325334891448524,,10,1,val,current_repo_v1
4725,189.0,1.1711771551472099,,10,1,val,current_repo_v1
4726,189.04,0.9836131477839725,,10,1,val,current_repo_v1
4727,189.08,0.9023804781883658,,10,1,val,current_repo_v1
4728,189.12,0.868286420612844,,10,1,val,current_repo_v1
4729,189.16,0.7496591623020536,,10,1,val,current_repo_v1
4730,189.2,0.36946212931564715,,10,1,val,current_repo_v1
4731,189.24,0.14584138440117422,,10,1,val,current_repo_v1
4732,189.28,-0.13114605879071092,,10,1,val,current_repo_v1
4733,189.32,0.025342409442248397,,10,1,val,current_repo_v1
4734,189.36,0.2511224012911605,,10,1,val,current_repo_v1
4735,189.4,0.5112222982814569,,10,1,val,current_repo_v1
4736,189.44,0.32546599470750825,,10,1,val,current_repo_v1
4737,189.48,0.18090820881381448,,10,1,val,current_repo_v1
4738,189.52,0.2888950879363459,,10,1,val,current_repo_v1
4739,189.56,0.5458634547687162,,10,1,val,current_repo_v1
4740,189.6,0.5315887631053798,,10,1,val,current_repo_v1
4741,189.64,0.7879071971820273,,10,1,val,current_repo_v1
4742,189.68,0.6318007177705588,,10,1,val,current_repo_v1
4743,189.72,0.37439516421540503,,10,1,val,current_repo_v1
4744,189.76,0.38211944113608753,,10,1,val,current_repo_v1
4745,189.8,0.31704755636626786,,10,1,val,current_repo_v1
4746,189.84,0.5273992621814579,,10,1,val,current_repo_v1
4747,189.88,0.6277563888658073,,10,1,val,current_repo_v1
4748,189.92,0.6934757883231928,,10,1,val,current_repo_v1
4749,189.96,0.5694613379478867,,10,1,val,current_repo_v1
4750,190.0,0.6262905119841656,,10,1,val,current_repo_v1
4751,190.04,0.4604017158611642,,10,1,val,current_repo_v1
4752,190.08,0.40134563294692605,,10,1,val,current_repo_v1
4753,190.12,0.42368277935391857,,10,1,val,current_repo_v1
4754,190.16,0.4222738809510306,,10,1,val,current_repo_v1
4755,190.2,0.3793748898130306,,10,1,val,current_repo_v1
4756,190.24,0.33496289144676533,,10,1,val,current_repo_v1
4757,190.28,0.1585123692979205,,10,1,val,current_repo_v1
4758,190.32,0.1691468571928515,,10,1,val,current_repo_v1
4759,190.36,0.011423085868238148,,10,1,val,current_repo_v1
4760,190.4,0.09391200781871348,,10,1,val,current_repo_v1
4761,190.44,-0.04758206373763873,,10,1,val,current_repo_v1
4762,190.48,-0.16956054468963655,,10,1,val,current_repo_v1
4763,190.52,-0.23092739948200583,,10,1,val,current_repo_v1
4764,190.56,-0.2887960350716606,,10,1,val,current_repo_v1
4765,190.6,-0.692403968621389,,10,1,val,current_repo_v1
4766,190.64,-0.5378210480083252,,10,1,val,current_repo_v1
4767,190.68,-0.3951921331010229,,10,1,val,current_repo_v1
4768,190.72,-0.6550318899225032,,10,1,val,current_repo_v1
4769,190.76,-0.2561381780867629,,10,1,val,current_repo_v1
4770,190.8,-0.4795497820880942,,10,1,val,current_repo_v1
4771,190.84,-0.07137268893135895,,10,1,val,current_repo_v1
4772,190.88,0.17642858367592962,,10,1,val,current_repo_v1
4773,190.92,-0.1604528250290278,,10,1,val,current_repo_v1
4774,190.96,-0.8339832660890562,,10,1,val,current_repo_v1
4775,191.0,-1.3035063307222594,,10,1,val,current_repo_v1
4776,191.04,-1.6350760570365124,,10,1,val,current_repo_v1
4777,191.08,-1.8129401818299324,,10,1,val,current_repo_v1
4778,191.12,-1.4090879794314726,,10,1,val,current_repo_v1
4779,191.16,-0.9503741191087617,,10,1,val,current_repo_v1
4780,191.2,-0.9025057780837733,,10,1,val,current_repo_v1
4781,191.24,-0.8984011293697239,,10,1,val,current_repo_v1
4782,191.28,-0.6420449294649518,,10,1,val,current_repo_v1
4783,191.32,-0.4963463429796667,,10,1,val,current_repo_v1
4784,191.36,-0.13671460596700086,,10,1,val,current_repo_v1
4785,191.4,-0.15330756551975497,,10,1,val,current_repo_v1
4786,191.44,-0.44314866766642796,,10,1,val,current_repo_v1
4787,191.48,-0.773109851077777,,10,1,val,current_repo_v1
4788,191.52,-1.0645222358952986,,10,1,val,current_repo_v1
4789,191.56,-0.9177639640138701,,10,1,val,current_repo_v1
4790,191.6,-0.9207402102312421,,10,1,val,current_repo_v1
4791,191.64,-0.8540913933040615,,10,1,val,current_repo_v1
4792,191.68,-0.9209267971632104,,10,1,val,current_repo_v1
4793,191.72,-0.9412668830617843,,10,1,val,current_repo_v1
4794,191.76,-0.8994250713220194,,10,1,val,current_repo_v1
4795,191.8,-1.1260776340565994,,10,1,val,current_repo_v1
4796,191.84,-1.0310380590738448,,10,1,val,current_repo_v1
4797,191.88,-0.9943566685703458,,10,1,val,current_repo_v1
4798,191.92,-0.4266296130695265,,10,1,val,current_repo_v1
4799,191.96,-0.5627712467955102,,10,1,val,current_repo_v1
4800,192.0,-0.4196351530834985,,10,1,val,current_repo_v1
4801,192.04,-0.055554192644412526,,10,1,val,current_repo_v1
4802,192.08,-0.430050607968282,,10,1,val,current_repo_v1
4803,192.12,-0.42189653042391373,,10,1,val,current_repo_v1
4804,192.16,-0.4185743246005901,,10,1,val,current_repo_v1
4805,192.2,-0.44016019921364424,,10,1,val,current_repo_v1
4806,192.24,-0.24750215757626917,,10,1,val,current_repo_v1
4807,192.28,-0.10601725269647573,,10,1,val,current_repo_v1
4808,192.32,-0.28284697189721186,,10,1,val,current_repo_v1
4809,192.36,-0.7134698706509396,,10,1,val,current_repo_v1
4810,192.4,-0.8674444053157052,,10,1,val,current_repo_v1
4811,192.44,-1.061207899784704,,10,1,val,current_repo_v1
4812,192.48,-1.3286385880592277,,10,1,val,current_repo_v1
4813,192.52,-1.1177482245884118,,10,1,val,current_repo_v1
4814,192.56,-0.7063021450902445,,10,1,val,current_repo_v1
4815,192.6,-0.5644871079597088,,10,1,val,current_repo_v1
4816,192.64,0.21198856209796868,,10,1,val,current_repo_v1
4817,192.68,0.9669307636742853,,10,1,val,current_repo_v1
4818,192.72,0.8076379299050402,,10,1,val,current_repo_v1
4819,192.76,0.537842502867609,,10,1,val,current_repo_v1
4820,192.8,0.4951193712319354,,10,1,val,current_repo_v1
4821,192.84,0.6291070777734252,,10,1,val,current_repo_v1
4822,192.88,0.9391472484802441,,10,1,val,current_repo_v1
4823,192.92,0.3703554955874653,,10,1,val,current_repo_v1
4824,192.96,0.6146882692479324,,10,1,val,current_repo_v1
4825,193.0,0.8162267321391594,,10,1,val,current_repo_v1
4826,193.04,0.7574613449822668,,10,1,val,current_repo_v1
4827,193.08,1.142931481181055,,10,1,val,current_repo_v1
4828,193.12,1.0786356643950015,,10,1,val,current_repo_v1
4829,193.16,0.8621432964775781,,10,1,val,current_repo_v1
4830,193.2,0.7268212999270622,,10,1,val,current_repo_v1
4831,193.24,0.3872132116209718,,10,1,val,current_repo_v1
4832,193.28,0.39592634652323566,,10,1,val,current_repo_v1
4833,193.32,0.17177274731671374,,10,1,val,current_repo_v1
4834,193.36,-0.06351185710711998,,10,1,val,current_repo_v1
4835,193.4,-0.04416588299275943,,10,1,val,current_repo_v1
4836,193.44,0.02673829424196421,,10,1,val,current_repo_v1
4837,193.48,0.07077399723812651,,10,1,val,current_repo_v1
4838,193.52,0.03668354478240244,,10,1,val,current_repo_v1
4839,193.56,0.09370018504816133,,10,1,val,current_repo_v1
4840,193.6,0.4404100076366989,,10,1,val,current_repo_v1
4841,193.64,0.5851418504728203,,10,1,val,current_repo_v1
4842,193.68,0.5425375998607193,,10,1,val,current_repo_v1
4843,193.72,0.7755660807467698,,10,1,val,current_repo_v1
4844,193.76,0.8594602080505842,,10,1,val,current_repo_v1
4845,193.8,0.8515387926277938,,10,1,val,current_repo_v1
4846,193.84,0.5670029100351147,,10,1,val,current_repo_v1
4847,193.88,0.0714712801648507,,10,1,val,current_repo_v1
4848,193.92,0.11003551043000726,,10,1,val,current_repo_v1
4849,193.96,0.35555744604520556,,10,1,val,current_repo_v1
4850,194.0,0.29891213311860887,,10,1,val,current_repo_v1
4851,194.04,0.4606958408788051,,10,1,val,current_repo_v1
4852,194.08,0.6615971208282279,,10,1,val,current_repo_v1
4853,194.12,0.44165219123138144,,10,1,val,current_repo_v1
4854,194.16,0.7113436413380622,,10,1,val,current_repo_v1
4855,194.2,1.101278806336042,,10,1,val,current_repo_v1
4856,194.24,1.3501673083340258,,10,1,val,current_repo_v1
4857,194.28,1.2451950128003735,,10,1,val,current_repo_v1
4858,194.32,1.4664806073132053,,10,1,val,current_repo_v1
4859,194.36,1.581513297396444,,10,1,val,current_repo_v1
4860,194.4,1.545147662629372,,10,1,val,current_repo_v1
4861,194.44,1.4268610441745881,,10,1,val,current_repo_v1
4862,194.48,1.1082542734958187,,10,1,val,current_repo_v1
4863,194.52,0.9994879850589767,,10,1,val,current_repo_v1
4864,194.56,1.1032129091426277,,10,1,val,current_repo_v1
4865,194.6,1.004099021209975,,10,1,val,current_repo_v1
4866,194.64,0.5566109323938919,,10,1,val,current_repo_v1
4867,194.68,0.0029121454287740446,,10,1,val,current_repo_v1
4868,194.72,0.2668278419005488,,10,1,val,current_repo_v1
4869,194.76,0.38027405944842546,,10,1,val,current_repo_v1
4870,194.8,0.5496017002096685,,10,1,val,current_repo_v1
4871,194.84,0.623869454215638,,10,1,val,current_repo_v1
4872,194.88,0.31184193923790404,,10,1,val,current_repo_v1
4873,194.92,0.232352564888859,,10,1,val,current_repo_v1
4874,194.96,0.3372451960679574,,10,1,val,current_repo_v1
4875,195.0,0.4392779120904727,,10,1,val,current_repo_v1
4876,195.04,0.44987441433290115,,10,1,val,current_repo_v1
4877,195.08,0.6762647705495126,,10,1,val,current_repo_v1
4878,195.12,0.7664625377493413,,10,1,val,current_repo_v1
4879,195.16,0.749141607786707,,10,1,val,current_repo_v1
4880,195.2,0.6647808812583451,,10,1,val,current_repo_v1
4881,195.24,0.3692916335281417,,10,1,val,current_repo_v1
4882,195.28,-0.08573601378386779,,10,1,val,current_repo_v1
4883,195.32,-0.49020796705096364,,10,1,val,current_repo_v1
4884,195.36,-0.7637073469263935,,10,1,val,current_repo_v1
4885,195.4,-0.4214727090233071,,10,1,val,current_repo_v1
4886,195.44,0.06736421338264434,,10,1,val,current_repo_v1
4887,195.48,0.1554619983003179,,10,1,val,current_repo_v1
4888,195.52,0.5483508115696208,,10,1,val,current_repo_v1
4889,195.56,0.8018117045929666,,10,1,val,current_repo_v1
4890,195.6,0.7175564937660005,,10,1,val,current_repo_v1
4891,195.64,0.9217257268822792,,10,1,val,current_repo_v1
4892,195.68,0.5075292487326025,,10,1,val,current_repo_v1
4893,195.72,0.2829064563738738,,10,1,val,current_repo_v1
4894,195.76,0.2779050121277109,,10,1,val,current_repo_v1
4895,195.8,0.13960707711395212,,10,1,val,current_repo_v1
4896,195.84,0.29393289113461474,,10,1,val,current_repo_v1
4897,195.88,0.32273269839260016,,10,1,val,current_repo_v1
4898,195.92,-0.1906015845820457,,10,1,val,current_repo_v1
4899,195.96,0.012498906373719908,,10,1,val,current_repo_v1
4900,196.0,0.20634909957736566,,10,1,val,current_repo_v1
4901,196.04,0.3396076046924591,,10,1,val,current_repo_v1
4902,196.08,0.052227502403779574,,10,1,val,current_repo_v1
4903,196.12,0.11618843873252781,,10,1,val,current_repo_v1
4904,196.16,0.4095209894910758,,10,1,val,current_repo_v1
4905,196.2,0.42493314041545927,,10,1,val,current_repo_v1
4906,196.24,0.38975156767755104,,10,1,val,current_repo_v1
4907,196.28,0.40774621539359773,,10,1,val,current_repo_v1
4908,196.32,0.27810927293966303,,10,1,val,current_repo_v1
4909,196.36,0.171189113593368,,10,1,val,current_repo_v1
4910,196.4,0.11910898145253794,,10,1,val,current_repo_v1
4911,196.44,0.0873701662267981,,10,1,val,current_repo_v1
4912,196.48,-0.12970715436023852,,10,1,val,current_repo_v1
4913,196.52,-0.16681656490996213,,10,1,val,current_repo_v1
4914,196.56,-0.03917065977649137,,10,1,val,current_repo_v1
4915,196.6,-0.11135810578212854,,10,1,val,current_repo_v1
4916,196.64,-0.444755627833811,,10,1,val,current_repo_v1
4917,196.68,-0.332933648649421,,10,1,val,current_repo_v1
4918,196.72,-0.25245427323202946,,10,1,val,current_repo_v1
4919,196.76,-0.23335333735172295,,10,1,val,current_repo_v1
4920,196.8,-0.1732793796380196,,10,1,val,current_repo_v1
4921,196.84,-0.27585273173556185,,10,1,val,current_repo_v1
4922,196.88,-0.37421715043417514,,10,1,val,current_repo_v1
4923,196.92,-0.34443503596107,,10,1,val,current_repo_v1
4924,196.96,-0.33265306481345924,,10,1,val,current_repo_v1
4925,197.0,-0.37714727749706206,,10,1,val,current_repo_v1
4926,197.04,-0.41837388873281356,,10,1,val,current_repo_v1
4927,197.08,-0.2718488505163455,,10,1,val,current_repo_v1
4928,197.12,-0.4955358504983199,,10,1,val,current_repo_v1
4929,197.16,-0.4196108405073019,,10,1,val,current_repo_v1
4930,197.2,-0.1721572421361126,,10,1,val,current_repo_v1
4931,197.24,0.06069425814328417,,10,1,val,current_repo_v1
4932,197.28,-0.12780466229919593,,10,1,val,current_repo_v1
4933,197.32,-0.2294950238355573,,10,1,val,current_repo_v1
4934,197.36,-0.3023330400876132,,10,1,val,current_repo_v1
4935,197.4,-0.3626927035452836,,10,1,val,current_repo_v1
4936,197.44,-0.11450412236655891,,10,1,val,current_repo_v1
4937,197.48,-0.18707448045607403,,10,1,val,current_repo_v1
4938,197.52,-0.3231840418053209,,10,1,val,current_repo_v1
4939,197.56,-0.1860504066091518,,10,1,val,current_repo_v1
4940,197.6,-0.3498205353778759,,10,1,val,current_repo_v1
4941,197.64,-0.2682265404523018,,10,1,val,current_repo_v1
4942,197.68,-0.3474470476047276,,10,1,val,current_repo_v1
4943,197.72,-0.4435785562198648,,10,1,val,current_repo_v1
4944,197.76,-0.35935216436884243,,10,1,val,current_repo_v1
4945,197.8,-0.354133269848053,,10,1,val,current_repo_v1
4946,197.84,-0.011509564778507154,,10,1,val,current_repo_v1
4947,197.88,0.23785463717326955,,10,1,val,current_repo_v1
4948,197.92,-0.08724187671985098,,10,1,val,current_repo_v1
4949,197.96,-0.30674482742247566,,10,1,val,current_repo_v1
4950,198.0,-0.540671115032778,,10,1,val,current_repo_v1
4951,198.04,-0.707027345712963,,10,1,val,current_repo_v1
4952,198.08,-0.715191227424586,,10,1,val,current_repo_v1
4953,198.12,-0.7657283243271286,,10,1,val,current_repo_v1
4954,198.16,-1.1400327890042088,,10,1,val,current_repo_v1
4955,198.2,-1.1164764086675874,,10,1,val,current_repo_v1
4956,198.24,-0.9824765678204369,,10,1,val,current_repo_v1
4957,198.28,-1.2768528886901676,,10,1,val,current_repo_v1
4958,198.32,-1.0532100734081529,,10,1,val,current_repo_v1
4959,198.36,-0.6222169464371524,,10,1,val,current_repo_v1
4960,198.4,-0.46889489449089333,,10,1,val,current_repo_v1
4961,198.44,-0.2504049824514199,,10,1,val,current_repo_v1
4962,198.48,0.14971165636349806,,10,1,val,current_repo_v1
4963,198.52,0.05628119582702987,,10,1,val,current_repo_v1
4964,198.56,0.10309068678851092,,10,1,val,current_repo_v1
4965,198.6,-0.16522664113186694,,10,1,val,current_repo_v1
4966,198.64,-0.22942679034865465,,10,1,val,current_repo_v1
4967,198.68,-0.49057709614634676,,10,1,val,current_repo_v1
4968,198.72,-0.48895870511131245,,10,1,val,current_repo_v1
4969,198.76,-0.36083380265838016,,10,1,val,current_repo_v1
4970,198.8,-0.43374664712867594,,10,1,val,current_repo_v1
4971,198.84,-0.4020266928345606,,10,1,val,current_repo_v1
4972,198.88,-0.10368984011293697,,10,1,val,current_repo_v1
4973,198.92,0.10415120751729029,,10,1,val,current_repo_v1
4974,198.96,0.2421256050116441,,10,1,val,current_repo_v1
4975,199.0,0.8238711688457857,,10,1,val,current_repo_v1
4976,199.04,0.6925425019443466,,10,1,val,current_repo_v1
4977,199.08,0.6389938989942155,,10,1,val,current_repo_v1
4978,199.12,0.12862205726600903,,10,1,val,current_repo_v1
4979,199.16,0.23423316244186196,,10,1,val,current_repo_v1
4980,199.2,0.44111995244759056,,10,1,val,current_repo_v1
4981,199.24,0.19821946650382077,,10,1,val,current_repo_v1
4982,199.28,-0.00040298204958094804,,10,1,val,current_repo_v1
4983,199.32,0.09322180323695793,,10,1,val,current_repo_v1
4984,199.36,0.04135336197205329,,10,1,val,current_repo_v1
4985,199.4,0.11002469507061419,,10,1,val,current_repo_v1
4986,199.44,0.2950397508422571,,10,1,val,current_repo_v1
4987,199.48,0.0709995810147357,,10,1,val,current_repo_v1
4988,199.52,0.3999246881681287,,10,1,val,current_repo_v1
4989,199.56,0.26908904338146167,,10,1,val,current_repo_v1
4990,199.6,0.29594661433087877,,10,1,val,current_repo_v1
4991,199.64,0.32246165493463963,,10,1,val,current_repo_v1
4992,199.68,0.41514488844572295,,10,1,val,current_repo_v1
4993,199.72,0.19737868222319824,,10,1,val,current_repo_v1
4994,199.76,0.1937625712066116,,10,1,val,current_repo_v1
4995,199.8,-0.09105257627576177,,10,1,val,current_repo_v1
4996,199.84,-0.021362489080224027,,10,1,val,current_repo_v1
4997,199.88,-0.10051665323539717,,10,1,val,current_repo_v1
4998,199.92,-0.14346354410534337,,10,1,val,current_repo_v1
4999,199.96,0.0504298665709991,,10,1,val,current_repo_v1
5000,200.0,0.350092787869915,,10,1,val,current_repo_v1
5001,200.04,0.5319594749362839,,10,1,val,current_repo_v1
5002,200.08,0.40316876840754384,,10,1,val,current_repo_v1
5003,200.12,0.2334772743359875,,10,1,val,current_repo_v1
5004,200.16,0.39570863245935556,,10,1,val,current_repo_v1
5005,200.2,0.03511562542453583,,10,1,val,current_repo_v1
5006,200.24,-0.13486489373909397,,10,1,val,current_repo_v1
5007,200.28,0.13815553278175,,10,1,val,current_repo_v1
5008,200.32,0.2517699159787263,,10,1,val,current_repo_v1
5009,200.36,0.18563641135823766,,10,1,val,current_repo_v1
5010,200.4,0.2258666026538078,,10,1,val,current_repo_v1
5011,200.44,0.32917306905167326,,10,1,val,current_repo_v1
5012,200.48,0.1451721510650711,,10,1,val,current_repo_v1
5013,200.52,0.4053918083764519,,10,1,val,current_repo_v1
5014,200.56,0.7350732432844752,,10,1,val,current_repo_v1
5015,200.6,0.7692984480838568,,10,1,val,current_repo_v1
5016,200.64,0.6027749310520839,,10,1,val,current_repo_v1
5017,200.68,0.6089819801164453,,10,1,val,current_repo_v1
5018,200.72,0.6501553498878676,,10,1,val,current_repo_v1
5019,200.76,0.8126523877543753,,10,1,val,current_repo_v1
5020,200.8,0.7333579096987835,,10,1,val,current_repo_v1
5021,200.84,0.6933893533777994,,10,1,val,current_repo_v1
5022,200.88,0.6735974215479769,,10,1,val,current_repo_v1
5023,200.92,0.9444884532849016,,10,1,val,current_repo_v1
5024,200.96,0.6685994944918605,,10,1,val,current_repo_v1
5025,201.0,0.5796199500295224,,10,1,val,current_repo_v1
5026,201.04,0.2527426828158448,,10,1,val,current_repo_v1
5027,201.08,0.6018630995325215,,10,1,val,current_repo_v1
5028,201.12,0.7532625235047216,,10,1,val,current_repo_v1
5029,201.16,0.6715480428376162,,10,1,val,current_repo_v1
5030,201.2,0.7607305731305146,,10,1,val,current_repo_v1
5031,201.24,0.8548113621065858,,10,1,val,current_repo_v1
5032,201.28,0.7064235321117253,,10,1,val,current_repo_v1
5033,201.32,0.8799429160055449,,10,1,val,current_repo_v1
5034,201.36,0.783957744478781,,10,1,val,current_repo_v1
5035,201.4,0.6835845706148443,,10,1,val,current_repo_v1
5036,201.44,0.6413521749204126,,10,1,val,current_repo_v1
5037,201.48,0.6817446405717544,,10,1,val,current_repo_v1
5038,201.52,0.5749602887261309,,10,1,val,current_repo_v1
5039,201.56,0.3829435187639891,,10,1,val,current_repo_v1
5040,201.6,0.2718769440718421,,10,1,val,current_repo_v1
5041,201.64,0.27006831702016626,,10,1,val,current_repo_v1
5042,201.68,0.5679818319548147,,10,1,val,current_repo_v1
5043,201.72,0.620031672296369,,10,1,val,current_repo_v1
5044,201.76,0.5011977790703451,,10,1,val,current_repo_v1
5045,201.8,0.6511041998326697,,10,1,val,current_repo_v1
5046,201.84,0.6337974265599727,,10,1,val,current_repo_v1
5047,201.88,0.6691446589490724,,10,1,val,current_repo_v1
5048,201.92,0.5092572442024618,,10,1,val,current_repo_v1
5049,201.96,0.5229109759630836,,10,1,val,current_repo_v1
5050,202.0,0.31022363613262094,,10,1,val,current_repo_v1
5051,202.04,0.3726225004319549,,10,1,val,current_repo_v1
5052,202.08,0.5871981756335228,,10,1,val,current_repo_v1
5053,202.12,0.361952488917554,,10,1,val,current_repo_v1
5054,202.16,0.3885067461903336,,10,1,val,current_repo_v1
5055,202.2,0.3100874329480691,,10,1,val,current_repo_v1
5056,202.24,0.13210838396987878,,10,1,val,current_repo_v1
5057,202.28,0.48969234699014264,,10,1,val,current_repo_v1
5058,202.32,0.5001526460480193,,10,1,val,current_repo_v1
5059,202.36,0.5402314662769621,,10,1,val,current_repo_v1
5060,202.4,0.487890314669804,,10,1,val,current_repo_v1
5061,202.44,0.415461171760657,,10,1,val,current_repo_v1
5062,202.48,0.6299293088765523,,10,1,val,current_repo_v1
5063,202.52,0.7047708045088618,,10,1,val,current_repo_v1
5064,202.56,0.7228448527902088,,10,1,val,current_repo_v1
5065,202.6,0.6656475168858096,,10,1,val,current_repo_v1
5066,202.64,0.4110465706737573,,10,1,val,current_repo_v1
5067,202.68,0.6436573412769071,,10,1,val,current_repo_v1
5068,202.72,0.5915104264900686,,10,1,val,current_repo_v1
5069,202.76,0.6764331560229901,,10,1,val,current_repo_v1
5070,202.8,0.4584206585674573,,10,1,val,current_repo_v1
5071,202.84,0.33234623394677526,,10,1,val,current_repo_v1
5072,202.88,0.2507295751278389,,10,1,val,current_repo_v1
5073,202.92,0.3514629971822911,,10,1,val,current_repo_v1
5074,202.96,0.3436417337460756,,10,1,val,current_repo_v1
5075,203.0,0.2962646562408361,,10,1,val,current_repo_v1
5076,203.04,0.3693908182874538,,10,1,val,current_repo_v1
5077,203.08,0.3850533052133989,,10,1,val,current_repo_v1
5078,203.12,0.27765423647739346,,10,1,val,current_repo_v1
5079,203.16,0.503290858867034,,10,1,val,current_repo_v1
5080,203.2,0.391650234794418,,10,1,val,current_repo_v1
5081,203.24,0.25342756764765495,,10,1,val,current_repo_v1
5082,203.28,0.35159216598674986,,10,1,val,current_repo_v1
5083,203.32,0.23817531697576172,,10,1,val,current_repo_v1
5084,203.36,0.37110500878638036,,10,1,val,current_repo_v1
5085,203.4,0.21902887744922828,,10,1,val,current_repo_v1
5086,203.44,-0.3701912428122924,,10,1,val,current_repo_v1
5087,203.48,-0.6027261740050639,,10,1,val,current_repo_v1
5088,203.52,-0.894885082409961,,10,1,val,current_repo_v1
5089,203.56,-0.6362173852066108,,10,1,val,current_repo_v1
5090,203.6,-0.19242203818525302,,10,1,val,current_repo_v1
5091,203.64,0.689612242986833,,10,1,val,current_repo_v1
5092,203.68,0.7042986217451154,,10,1,val,current_repo_v1
5093,203.72,0.6709947888432973,,10,1,val,current_repo_v1
5094,203.76,0.20207901103650272,,10,1,val,current_repo_v1
5095,203.8,0.21225780299603042,,10,1,val,current_repo_v1
5096,203.84,0.3972674510879768,,10,1,val,current_repo_v1
5097,203.88,0.2558244886994882,,10,1,val,current_repo_v1
5098,203.92,0.00034732251709464353,,10,1,val,current_repo_v1
5099,203.96,0.1411965832257293,,10,1,val,current_repo_v1
5100,204.0,0.41677396294552355,,10,1,val,current_repo_v1
5101,204.04,0.5181000754876913,,10,1,val,current_repo_v1
5102,204.08,0.5269121313600138,,10,1,val,current_repo_v1
5103,204.12,0.2824077188252761,,10,1,val,current_repo_v1
5104,204.16,0.11733996675376109,,10,1,val,current_repo_v1
5105,204.2,0.12285316215169377,,10,1,val,current_repo_v1
5106,204.24,0.5815306635222988,,10,1,val,current_repo_v1
5107,204.28,0.8100945112930378,,10,1,val,current_repo_v1
5108,204.32,0.8551493640700571,,10,1,val,current_repo_v1
5109,204.36,0.8905083790458127,,10,1,val,current_repo_v1
5110,204.4,0.6535366005390973,,10,1,val,current_repo_v1
5111,204.44,0.6060759897702528,,10,1,val,current_repo_v1
5112,204.48,0.7298692968213835,,10,1,val,current_repo_v1
5113,204.52,0.788135990394554,,10,1,val,current_repo_v1
5114,204.56,0.7911496946859216,,10,1,val,current_repo_v1
5115,204.6,0.5189681179911745,,10,1,val,current_repo_v1
5116,204.64,0.5137272410325943,,10,1,val,current_repo_v1
5117,204.68,0.2649877359979565,,10,1,val,current_repo_v1
5118,204.72,0.6412113993888003,,10,1,val,current_repo_v1
5119,204.76,1.0426474241199222,,10,1,val,current_repo_v1
5120,204.8,1.0527188978181552,,10,1,val,current_repo_v1
5121,204.84,0.9359652466451502,,10,1,val,current_repo_v1
5122,204.88,0.482579533559049,,10,1,val,current_repo_v1
5123,204.92,0.1818242169965571,,10,1,val,current_repo_v1
5124,204.96,0.42047351929596405,,10,1,val,current_repo_v1
5125,205.0,0.6413763556019825,,10,1,val,current_repo_v1
5126,205.04,0.6942698819059477,,10,1,val,current_repo_v1
5127,205.08,0.5487458799415971,,10,1,val,current_repo_v1
5128,205.12,0.7818739852357155,,10,1,val,current_repo_v1
5129,205.16,0.9127635749247212,,10,1,val,current_repo_v1
5130,205.2,0.7061546429326683,,10,1,val,current_repo_v1
5131,205.24,0.46128611329836366,,10,1,val,current_repo_v1
5132,205.28,0.6473519735612824,,10,1,val,current_repo_v1
5133,205.32,0.6097500464928559,,10,1,val,current_repo_v1
5134,205.36,0.4630049640741019,,10,1,val,current_repo_v1
5135,205.4,0.3597546847872298,,10,1,val,current_repo_v1
5136,205.44,0.32413280382037185,,10,1,val,current_repo_v1
5137,205.48,0.3862054487428903,,10,1,val,current_repo_v1
5138,205.52,0.43769139559023507,,10,1,val,current_repo_v1
5139,205.56,0.2791225314271922,,10,1,val,current_repo_v1
5140,205.6,0.3320292471938319,,10,1,val,current_repo_v1
5141,205.64,0.1614475962863749,,10,1,val,current_repo_v1
5142,205.68,0.3685038708874706,,10,1,val,current_repo_v1
5143,205.72,0.6424046061120849,,10,1,val,current_repo_v1
5144,205.76,0.5955121094655058,,10,1,val,current_repo_v1
5145,205.8,0.2327245956660305,,10,1,val,current_repo_v1
5146,205.84,0.42356170008656685,,10,1,val,current_repo_v1
5147,205.88,0.8383887224818348,,10,1,val,current_repo_v1
5148,205.92,0.9331901836984396,,10,1,val,current_repo_v1
5149,205.96,0.898263783098407,,10,1,val,current_repo_v1
5150,206.0,1.1190049165920364,,10,1,val,current_repo_v1
5151,206.04,1.4573605335225581,,10,1,val,current_repo_v1
5152,206.08,1.3993316459614085,,10,1,val,current_repo_v1
5153,206.12,1.3177105027251628,,10,1,val,current_repo_v1
5154,206.16,1.3769081525387736,,10,1,val,current_repo_v1
5155,206.2,1.1078264073266586,,10,1,val,current_repo_v1
5156,206.24,1.4416691177084804,,10,1,val,current_repo_v1
5157,206.28,1.4393729201866046,,10,1,val,current_repo_v1
5158,206.32,1.2555179655869333,,10,1,val,current_repo_v1
5159,206.36,1.2012301372187733,,10,1,val,current_repo_v1
5160,206.4,1.2871107734608667,,10,1,val,current_repo_v1
5161,206.44,1.3156707083576789,,10,1,val,current_repo_v1
5162,206.48,1.2744513513263984,,10,1,val,current_repo_v1
5163,206.52,1.3666949360816656,,10,1,val,current_repo_v1
5164,206.56,1.328004086974834,,10,1,val,current_repo_v1
5165,206.6,1.2704800920448636,,10,1,val,current_repo_v1
5166,206.64,1.224052831711689,,10,1,val,current_repo_v1
5167,206.68,0.9134840713057524,,10,1,val,current_repo_v1
5168,206.72,0.7177048312562128,,10,1,val,current_repo_v1
5169,206.76,0.24369123819598046,,10,1,val,current_repo_v1
5170,206.8,0.08784375586656308,,10,1,val,current_repo_v1
5171,206.84,-1.5255811826814587e-05,,10,1,val,current_repo_v1
5172,206.88,0.1732256105951833,,10,1,val,current_repo_v1
5173,206.92,0.36055502138231726,,10,1,val,current_repo_v1
5174,206.96,0.6845414221670023,,10,1,val,current_repo_v1
5175,207.0,0.8716998535529994,,10,1,val,current_repo_v1
5176,207.04,0.7122655847790084,,10,1,val,current_repo_v1
5177,207.08,0.38472268934902526,,10,1,val,current_repo_v1
5178,207.12,0.4305284622009784,,10,1,val,current_repo_v1
5179,207.16,0.4504899225910436,,10,1,val,current_repo_v1
5180,207.2,0.7502839911138194,,10,1,val,current_repo_v1
5181,207.24,1.18240121202369,,10,1,val,current_repo_v1
5182,207.28,1.2490806285042753,,10,1,val,current_repo_v1
5183,207.32,1.0615760616528243,,10,1,val,current_repo_v1
5184,207.36,1.006098543751426,,10,1,val,current_repo_v1
5185,207.4,0.7237342622232246,,10,1,val,current_repo_v1
5186,207.44,0.2960602195693816,,10,1,val,current_repo_v1
5187,207.48,-0.044674710480303075,,10,1,val,current_repo_v1
5188,207.52,-0.21054501937312242,,10,1,val,current_repo_v1
5189,207.56,-0.33656958782489493,,10,1,val,current_repo_v1
5190,207.6,-0.5003759436510983,,10,1,val,current_repo_v1
5191,207.64,-0.4069351513688684,,10,1,val,current_repo_v1
5192,207.68,-0.14675145732571335,,10,1,val,current_repo_v1
5193,207.72,0.13303278944385752,,10,1,val,current_repo_v1
5194,207.76,-0.02727679802052544,,10,1,val,current_repo_v1
5195,207.8,-0.0002738572099977878,,10,1,val,current_repo_v1
5196,207.84,-0.09541283677644256,,10,1,val,current_repo_v1
5197,207.88,-0.28849966784536496,,10,1,val,current_repo_v1
5198,207.92,-0.3975883507148469,,10,1,val,current_repo_v1
5199,207.96,-0.48661449794530154,,10,1,val,current_repo_v1
5200,208.0,-0.42473081405803276,,10,1,val,current_repo_v1
5201,208.04,-0.38655540915251985,,10,1,val,current_repo_v1
5202,208.08,-0.17295898560721867,,10,1,val,current_repo_v1
5203,208.12,-0.38016586188961915,,10,1,val,current_repo_v1
5204,208.16,-0.46811060507539315,,10,1,val,current_repo_v1
5205,208.2,-0.24098256221139808,,10,1,val,current_repo_v1
5206,208.24,-0.38426848821939175,,10,1,val,current_repo_v1
5207,208.28,-0.27607633709276985,,10,1,val,current_repo_v1
5208,208.32,-0.4273340622709705,,10,1,val,current_repo_v1
5209,208.36,-0.4770774173097629,,10,1,val,current_repo_v1
5210,208.4,-0.5076894127743463,,10,1,val,current_repo_v1
5211,208.44,-0.37479295840966736,,10,1,val,current_repo_v1
5212,208.48,-0.48777187329498717,,10,1,val,current_repo_v1
5213,208.52,-0.7851078656239957,,10,1,val,current_repo_v1
5214,208.56,-0.6171262095286834,,10,1,val,current_repo_v1
5215,208.6,-0.5442255872937992,,10,1,val,current_repo_v1
5216,208.64,-0.6432463576199703,,10,1,val,current_repo_v1
5217,208.68,-0.6927033694240997,,10,1,val,current_repo_v1
5218,208.72,-0.7075308754329991,,10,1,val,current_repo_v1
5219,208.76,-0.5784268752008646,,10,1,val,current_repo_v1
5220,208.8,-0.6711292773977015,,10,1,val,current_repo_v1
5221,208.84,-0.47139258303755965,,10,1,val,current_repo_v1
5222,208.88,-0.5468409698123975,,10,1,val,current_repo_v1
5223,208.92,-0.39339260677859245,,10,1,val,current_repo_v1
5224,208.96,-0.4884568020916729,,10,1,val,current_repo_v1
5225,209.0,-0.491575846224934,,10,1,val,current_repo_v1
5226,209.04,-0.5892320347428033,,10,1,val,current_repo_v1
5227,209.08,-0.6906531993459785,,10,1,val,current_repo_v1
5228,209.12,-0.7092177637441895,,10,1,val,current_repo_v1
5229,209.16,-0.751607597658079,,10,1,val,current_repo_v1
5230,209.2,-0.5628686289949234,,10,1,val,current_repo_v1
5231,209.24,-0.4709406241165808,,10,1,val,current_repo_v1
5232,209.28,-0.2995649235912445,,10,1,val,current_repo_v1
5233,209.32,-0.5013652412814354,,10,1,val,current_repo_v1
5234,209.36,-0.475609034430213,,10,1,val,current_repo_v1
5235,209.4,-0.2283908459853254,,10,1,val,current_repo_v1
5236,209.44,-0.09746527104565621,,10,1,val,current_repo_v1
5237,209.48,-0.21021752501491509,,10,1,val,current_repo_v1
5238,209.52,-0.44790623874773966,,10,1,val,current_repo_v1
5239,209.56,-0.3925001637691615,,10,1,val,current_repo_v1
5240,209.6,-0.28296620463978917,,10,1,val,current_repo_v1
5241,209.64,-0.31716823994973936,,10,1,val,current_repo_v1
5242,209.68,-0.4148300559716831,,10,1,val,current_repo_v1
5243,209.72,-0.6636711198689144,,10,1,val,current_repo_v1
5244,209.76,-0.5117585378689258,,10,1,val,current_repo_v1
5245,209.8,-0.5834628758392345,,10,1,val,current_repo_v1
5246,209.84,-0.5124625034567384,,10,1,val,current_repo_v1
5247,209.88,-0.6235697016939227,,10,1,val,current_repo_v1
5248,209.92,-0.6625108428374403,,10,1,val,current_repo_v1
5249,209.96,-0.44797170244748064,,10,1,val,current_repo_v1
5250,210.0,-0.4528312280752661,,10,1,val,current_repo_v1
5251,210.04,-0.4841129404895841,,10,1,val,current_repo_v1
5252,210.08,-0.3359467374325304,,10,1,val,current_repo_v1
5253,210.12,-0.26560456320236636,,10,1,val,current_repo_v1
5254,210.16,-0.2706210874008537,,10,1,val,current_repo_v1
5255,210.2,-0.2782046327547995,,10,1,val,current_repo_v1
5256,210.24,-0.18043552045399888,,10,1,val,current_repo_v1
5257,210.28,-0.40055153936417115,,10,1,val,current_repo_v1
5258,210.32,-0.12112817827581189,,10,1,val,current_repo_v1
5259,210.36,-0.03528308763562615,,10,1,val,current_repo_v1
5260,210.4,-0.3167379996772978,,10,1,val,current_repo_v1
5261,210.44,-0.23339391693188477,,10,1,val,current_repo_v1
5262,210.48,-0.11605781908717487,,10,1,val,current_repo_v1
5263,210.52,-0.0681169799823525,,10,1,val,current_repo_v1
5264,210.56,0.10621597393410456,,10,1,val,current_repo_v1
5265,210.6,0.05966095167248982,,10,1,val,current_repo_v1
5266,210.64,0.21895075186531976,,10,1,val,current_repo_v1
5267,210.68,0.122035415465876,,10,1,val,current_repo_v1
5268,210.72,0.06844821135498427,,10,1,val,current_repo_v1
5269,210.76,0.2292888285690796,,10,1,val,current_repo_v1
5270,210.8,0.1774981611690788,,10,1,val,current_repo_v1
5271,210.84,0.10859311079192611,,10,1,val,current_repo_v1
5272,210.88,0.10302588256190365,,10,1,val,current_repo_v1
5273,210.92,0.19315858174587158,,10,1,val,current_repo_v1
5274,210.96,0.4956064141236283,,10,1,val,current_repo_v1
5275,211.0,0.7224416948811255,,10,1,val,current_repo_v1
5276,211.04,0.7789752930588694,,10,1,val,current_repo_v1
5277,211.08,0.48337793569961085,,10,1,val,current_repo_v1
5278,211.12,-0.04654337156958563,,10,1,val,current_repo_v1
5279,211.16,-0.7445682055692067,,10,1,val,current_repo_v1
5280,211.2,-0.6665597001243766,,10,1,val,current_repo_v1
5281,211.24,-0.4973907285991076,,10,1,val,current_repo_v1
5282,211.28,-0.5344197493738303,,10,1,val,current_repo_v1
5283,211.32,-0.9721856214633006,,10,1,val,current_repo_v1
5284,211.36,-1.1581005942732232,,10,1,val,current_repo_v1
5285,211.4,-0.8569895579024006,,10,1,val,current_repo_v1
5286,211.44,-1.0290531328710866,,10,1,val,current_repo_v1
5287,211.48,-1.1987051464843708,,10,1,val,current_repo_v1
5288,211.52,-1.187400545955825,,10,1,val,current_repo_v1
5289,211.56,-1.4762040550563345,,10,1,val,current_repo_v1
5290,211.6,-1.5117384019559095,,10,1,val,current_repo_v1
5291,211.64,-1.6199932909599863,,10,1,val,current_repo_v1
5292,211.68,-1.450141325092557,,10,1,val,current_repo_v1
5293,211.72,-0.8420652412374705,,10,1,val,current_repo_v1
5294,211.76,-0.4335735574135112,,10,1,val,current_repo_v1
5295,211.8,-0.5176289478809589,,10,1,val,current_repo_v1
5296,211.84,-0.5479649758215167,,10,1,val,current_repo_v1
5297,211.88,-0.20759040387453656,,10,1,val,current_repo_v1
5298,211.92,0.13462818684896263,,10,1,val,current_repo_v1
5299,211.96,0.0676778148401679,,10,1,val,current_repo_v1
5300,212.0,0.2165748020591389,,10,1,val,current_repo_v1
5301,212.04,0.270301726544629,,10,1,val,current_repo_v1
5302,212.08,0.19003285495152214,,10,1,val,current_repo_v1
5303,212.12,0.42246556780856637,,10,1,val,current_repo_v1
5304,212.16,0.5492774152873786,,10,1,val,current_repo_v1
5305,212.2,0.45077806838560536,,10,1,val,current_repo_v1
5306,212.24,0.3907483393367371,,10,1,val,current_repo_v1
5307,212.28,0.37111010871194783,,10,1,val,current_repo_v1
5308,212.32,0.2746367512067259,,10,1,val,current_repo_v1
5309,212.36,0.3672421668880298,,10,1,val,current_repo_v1
5310,212.4,0.41436020334634255,,10,1,val,current_repo_v1
5311,212.44,0.19185528697413062,,10,1,val,current_repo_v1
5312,212.48,0.16718685907454817,,10,1,val,current_repo_v1
5313,212.52,0.1591580374607119,,10,1,val,current_repo_v1
5314,212.56,0.19909691749067834,,10,1,val,current_repo_v1
5315,212.6,0.18500995584607546,,10,1,val,current_repo_v1
5316,212.64,0.326100275967524,,10,1,val,current_repo_v1
5317,212.68,0.44742838451504324,,10,1,val,current_repo_v1
5318,212.72,0.36561537856175946,,10,1,val,current_repo_v1
5319,212.76,0.4102230206243628,,10,1,val,current_repo_v1
5320,212.8,0.3670458197536824,,10,1,val,current_repo_v1
5321,212.84,0.3630441367782451,,10,1,val,current_repo_v1
5322,212.88,0.407942474598194,,10,1,val,current_repo_v1
5323,212.92,0.2622661343399531,,10,1,val,current_repo_v1
5324,212.96,0.35150537932235176,,10,1,val,current_repo_v1
5325,213.0,0.20576946665769782,,10,1,val,current_repo_v1
5326,213.04,0.1374088333348721,,10,1,val,current_repo_v1
5327,213.08,0.11416346052811488,,10,1,val,current_repo_v1
5328,213.12,-0.04134298626141603,,10,1,val,current_repo_v1
5329,213.16,-0.34213558503840114,,10,1,val,current_repo_v1
5330,213.2,0.14362133404380573,,10,1,val,current_repo_v1
5331,213.24,0.3907328637005324,,10,1,val,current_repo_v1
5332,213.28,0.4047487781061954,,10,1,val,current_repo_v1
5333,213.32,0.7989378086059485,,10,1,val,current_repo_v1
5334,213.36,0.590068378570992,,10,1,val,current_repo_v1
5335,213.4,0.10931576145186088,,10,1,val,current_repo_v1
5336,213.44,0.23511175651548466,,10,1,val,current_repo_v1
5337,213.48,0.5181261906237868,,10,1,val,current_repo_v1
5338,213.52,0.3454584503348585,,10,1,val,current_repo_v1
5339,213.56,0.4291193000088369,,10,1,val,current_repo_v1
5340,213.6,0.511958270298693,,10,1,val,current_repo_v1
5341,213.64,0.5916279885673738,,10,1,val,current_repo_v1
5342,213.68,0.5672872748503766,,10,1,val,current_repo_v1
5343,213.72,0.5764923767103985,,10,1,val,current_repo_v1
5344,213.76,0.6340703605075833,,10,1,val,current_repo_v1
5345,213.8,0.4701554114386934,,10,1,val,current_repo_v1
5346,213.84,0.23709927664590205,,10,1,val,current_repo_v1
5347,213.88,-0.13369989048349493,,10,1,val,current_repo_v1
5348,213.92,-0.08757119562039495,,10,1,val,current_repo_v1
5349,213.96,-0.10028843156625308,,10,1,val,current_repo_v1
5350,214.0,0.02293124377072669,,10,1,val,current_repo_v1
5351,214.04,0.036842565737381094,,10,1,val,current_repo_v1
5352,214.08,0.038870709412835894,,10,1,val,current_repo_v1
5353,214.12,-0.22627842164338066,,10,1,val,current_repo_v1
5354,214.16,-0.45515156231383624,,10,1,val,current_repo_v1
5355,214.2,-0.6539053779154758,,10,1,val,current_repo_v1
5356,214.24,-0.37957022575523963,,10,1,val,current_repo_v1
5357,214.28,-0.2433107221978217,,10,1,val,current_repo_v1
5358,214.32,-0.5863501371484294,,10,1,val,current_repo_v1
5359,214.36,-0.5863977071438087,,10,1,val,current_repo_v1
5360,214.4,-0.24310685706974983,,10,1,val,current_repo_v1
5361,214.44,0.12562255362945435,,10,1,val,current_repo_v1
5362,214.48,-0.08866051334268027,,10,1,val,current_repo_v1
5363,214.52,-0.17302343811482132,,10,1,val,current_repo_v1
5364,214.56,-0.3656906684111929,,10,1,val,current_repo_v1
5365,214.6,-0.27803325766978243,,10,1,val,current_repo_v1
5366,214.64,-0.5701581372609794,,10,1,val,current_repo_v1
5367,214.68,-0.6572381353089389,,10,1,val,current_repo_v1
5368,214.72,-0.557879846632928,,10,1,val,current_repo_v1
5369,214.76,-0.2843218615783478,,10,1,val,current_repo_v1
5370,214.8,-0.3947862493696536,,10,1,val,current_repo_v1
5371,214.84,-0.42032540163012966,,10,1,val,current_repo_v1
5372,214.88,-0.7935522872067048,,10,1,val,current_repo_v1
5373,214.92,-1.05566436862262,,10,1,val,current_repo_v1
5374,214.96,-0.9271956608426396,,10,1,val,current_repo_v1
5375,215.0,-0.652708610037269,,10,1,val,current_repo_v1
5376,215.04,-0.29547126609609053,,10,1,val,current_repo_v1
5377,215.08,-0.08397036239807293,,10,1,val,current_repo_v1
5378,215.12,-0.3949401264341892,,10,1,val,current_repo_v1
5379,215.16,-0.6416116995809708,,10,1,val,current_repo_v1
5380,215.2,-0.7958632569267761,,10,1,val,current_repo_v1
5381,215.24,-0.8392057657296432,,10,1,val,current_repo_v1
5382,215.28,-0.7550684247341114,,10,1,val,current_repo_v1
5383,215.32,-0.773474056107095,,10,1,val,current_repo_v1
5384,215.36,-0.48205019645704655,,10,1,val,current_repo_v1
5385,215.4,-0.30330163026155144,,10,1,val,current_repo_v1
5386,215.44,-0.18182292003272746,,10,1,val,current_repo_v1
5387,215.48,-0.3344301250844675,,10,1,val,current_repo_v1
5388,215.52,-0.4833660212183283,,10,1,val,current_repo_v1
5389,215.56,-0.6462106893560596,,10,1,val,current_repo_v1
5390,215.6,-0.8114522345807488,,10,1,val,current_repo_v1
5391,215.64,-0.9979203734552391,,10,1,val,current_repo_v1
5392,215.68,-1.2554179015301095,,10,1,val,current_repo_v1
5393,215.72,-1.5562757002175822,,10,1,val,current_repo_v1
5394,215.76,-1.6339505562216234,,10,1,val,current_repo_v1
5395,215.8,-1.6112043606122197,,10,1,val,current_repo_v1
5396,215.84,-1.989234584705587,,10,1,val,current_repo_v1
5397,215.88,-1.7702852836811613,,10,1,val,current_repo_v1
5398,215.92,-1.6124476872936673,,10,1,val,current_repo_v1
5399,215.96,-1.8249668614750303,,10,1,val,current_repo_v1
5400,216.0,-1.8851146801797107,,10,1,val,current_repo_v1
5401,216.04,-1.8168588591202717,,10,1,val,current_repo_v1
5402,216.08,-1.6476528252048872,,10,1,val,current_repo_v1
5403,216.12,-1.3967157358643032,,10,1,val,current_repo_v1
5404,216.16,-1.415758330354713,,10,1,val,current_repo_v1
5405,216.2,-1.3120838779482296,,10,1,val,current_repo_v1
5406,216.24,-1.4278780396765416,,10,1,val,current_repo_v1
5407,216.28,-1.6039292288604787,,10,1,val,current_repo_v1
5408,216.32,-1.2939854731258102,,10,1,val,current_repo_v1
5409,216.36,-1.2672409358715135,,10,1,val,current_repo_v1
5410,216.4,-1.2249695872973165,,10,1,val,current_repo_v1
5411,216.44,-1.238698059346427,,10,1,val,current_repo_v1
5412,216.48,-1.306596006318632,,10,1,val,current_repo_v1
5413,216.52,-1.2106876853943846,,10,1,val,current_repo_v1
5414,216.56,-1.524688871566728,,10,1,val,current_repo_v1
5415,216.6,-1.6468517851717905,,10,1,val,current_repo_v1
5416,216.64,-1.7346274834109534,,10,1,val,current_repo_v1
5417,216.68,-1.7009153926744844,,10,1,val,current_repo_v1
5418,216.72,-1.6019207374844089,,10,1,val,current_repo_v1
5419,216.76,-1.7486357479282653,,10,1,val,current_repo_v1
5420,216.8,-1.6277246022607619,,10,1,val,current_repo_v1
5421,216.84,-1.5117568672036537,,10,1,val,current_repo_v1
5422,216.88,-1.6029567258126138,,10,1,val,current_repo_v1
5423,216.92,-1.547782741412231,,10,1,val,current_repo_v1
5424,216.96,-1.430456843418656,,10,1,val,current_repo_v1
5425,217.0,-1.483879794754375,,10,1,val,current_repo_v1
5426,217.04,-1.5505857660198115,,10,1,val,current_repo_v1
5427,217.08,-1.507381658645275,,10,1,val,current_repo_v1
5428,217.12,-1.295837625404312,,10,1,val,current_repo_v1
5429,217.16,-1.2364859226666631,,10,1,val,current_repo_v1
5430,217.2,-1.4337540332277736,,10,1,val,current_repo_v1
5431,217.24,-1.5584201309889503,,10,1,val,current_repo_v1
5432,217.28,-1.6217102072811989,,10,1,val,current_repo_v1
5433,217.32,-1.579551584647993,,10,1,val,current_repo_v1
5434,217.36,-1.5899589499956694,,10,1,val,current_repo_v1
5435,217.4,-1.4640486462555335,,10,1,val,current_repo_v1
5436,217.44,-1.2009598411636975,,10,1,val,current_repo_v1
5437,217.48,-0.9963019384553292,,10,1,val,current_repo_v1
5438,217.52,-1.15378095731758,,10,1,val,current_repo_v1
5439,217.56,-1.3629187049882108,,10,1,val,current_repo_v1
5440,217.6,-1.4792699896198929,,10,1,val,current_repo_v1
5441,217.64,-1.3737312506292474,,10,1,val,current_repo_v1
5442,217.68,-1.2632088292021737,,10,1,val,current_repo_v1
5443,217.72,-1.190512555708993,,10,1,val,current_repo_v1
5444,217.76,-0.9744300283617412,,10,1,val,current_repo_v1
5445,217.8,-0.9137318573445303,,10,1,val,current_repo_v1
5446,217.84,-1.0120058402940724,,10,1,val,current_repo_v1
5447,217.88,-1.1520137451787018,,10,1,val,current_repo_v1
5448,217.92,-1.3207171726364373,,10,1,val,current_repo_v1
5449,217.96,-1.2528118395651346,,10,1,val,current_repo_v1
5450,218.0,-1.3936118156482422,,10,1,val,current_repo_v1
5451,218.04,-1.39996825735983,,10,1,val,current_repo_v1
5452,218.08,-1.1929664992044555,,10,1,val,current_repo_v1
5453,218.12,-1.3607102613579958,,10,1,val,current_repo_v1
5454,218.16,-1.4739637808561983,,10,1,val,current_repo_v1
5455,218.2,-1.4365598715873913,,10,1,val,current_repo_v1
5456,218.24,-0.8977687385993582,,10,1,val,current_repo_v1
5457,218.28,-1.0555249120372752,,10,1,val,current_repo_v1
5458,218.32,-1.395983456896616,,10,1,val,current_repo_v1
5459,218.36,-1.268584326609785,,10,1,val,current_repo_v1
5460,218.4,-0.9093861931825427,,10,1,val,current_repo_v1
5461,218.44,-0.855398205265849,,10,1,val,current_repo_v1
5462,218.48,-1.0052155531902454,,10,1,val,current_repo_v1
5463,218.52,-1.0366736526853966,,10,1,val,current_repo_v1
5464,218.56,-0.37643733268617036,,10,1,val,current_repo_v1
5465,218.6,0.15818680939423876,,10,1,val,current_repo_v1
5466,218.64,0.38054215725972207,,10,1,val,current_repo_v1
5467,218.68,0.37955057345585463,,10,1,val,current_repo_v1
5468,218.72,0.17597068949674727,,10,1,val,current_repo_v1
5469,218.76,-0.015530196615320088,,10,1,val,current_repo_v1
5470,218.8,-0.3814240047341378,,10,1,val,current_repo_v1
5471,218.84,-0.5482322383001772,,10,1,val,current_repo_v1
5472,218.88,-0.6952332842245673,,10,1,val,current_repo_v1
5473,218.92,-0.768348103333285,,10,1,val,current_repo_v1
5474,218.96,-0.7000607154931782,,10,1,val,current_repo_v1
5475,219.0,-0.5774223657235761,,10,1,val,current_repo_v1
5476,219.04,-0.4577891031297276,,10,1,val,current_repo_v1
5477,219.08,-0.6221124858927706,,10,1,val,current_repo_v1
5478,219.12,-0.5220850518104077,,10,1,val,current_repo_v1
5479,219.16,-0.41909724283075767,,10,1,val,current_repo_v1
5480,219.2,-0.3280923684450019,,10,1,val,current_repo_v1
5481,219.24,-0.5033288005546609,,10,1,val,current_repo_v1
5482,219.28,-0.6381951011697734,,10,1,val,current_repo_v1
5483,219.32,-0.7462712289897355,,10,1,val,current_repo_v1
5484,219.36,-1.1191591453755765,,10,1,val,current_repo_v1
5485,219.4,-1.3635894331300837,,10,1,val,current_repo_v1
5486,219.44,-1.4674355244108377,,10,1,val,current_repo_v1
5487,219.48,-1.5875683159210443,,10,1,val,current_repo_v1
5488,219.52,-1.2323671172626764,,10,1,val,current_repo_v1
5489,219.56,-0.8071268821912797,,10,1,val,current_repo_v1
5490,219.6,-0.5333849041323906,,10,1,val,current_repo_v1
5491,219.64,-0.831186396564057,,10,1,val,current_repo_v1
5492,219.68,-1.145050060605581,,10,1,val,current_repo_v1
5493,219.72,-1.0946685993625973,,10,1,val,current_repo_v1
5494,219.76,-1.1229308041219708,,10,1,val,current_repo_v1
5495,219.8,-1.1608065444355196,,10,1,val,current_repo_v1
5496,219.84,-1.127104301831181,,10,1,val,current_repo_v1
5497,219.88,-1.148262837853582,,10,1,val,current_repo_v1
5498,219.92,-0.9735017539787113,,10,1,val,current_repo_v1
5499,219.96,-0.7991265058519448,,10,1,val,current_repo_v1
5500,220.0,-0.3084502689111615,,10,1,val,current_repo_v1
5501,220.04,-0.2781758797261692,,10,1,val,current_repo_v1
5502,220.08,0.10256592203356894,,10,1,val,current_repo_v1
5503,220.12,0.33676444015347257,,10,1,val,current_repo_v1
5504,220.16,0.6014094699462705,,10,1,val,current_repo_v1
5505,220.2,0.7372507356422807,,10,1,val,current_repo_v1
5506,220.24,1.0509240757374119,,10,1,val,current_repo_v1
5507,220.28,1.343031809027132,,10,1,val,current_repo_v1
5508,220.32,1.5483351161090382,,10,1,val,current_repo_v1
5509,220.36,1.7426238149817348,,10,1,val,current_repo_v1
5510,220.4,1.6462113048643179,,10,1,val,current_repo_v1
5511,220.44,1.611853282175804,,10,1,val,current_repo_v1
5512,220.48,1.7618579204701779,,10,1,val,current_repo_v1
5513,220.52,1.79130453897772,,10,1,val,current_repo_v1
5514,220.56,1.7589293321779365,,10,1,val,current_repo_v1
5515,220.6,1.859208465173004,,10,1,val,current_repo_v1
5516,220.64,1.9089350256293243,,10,1,val,current_repo_v1
5517,220.68,1.963923126535748,,10,1,val,current_repo_v1
5518,220.72,1.946840486198766,,10,1,val,current_repo_v1
5519,220.76,1.8814089687466888,,10,1,val,current_repo_v1
5520,220.8,1.7081330183689647,,10,1,val,current_repo_v1
5521,220.84,1.4679548375212075,,10,1,val,current_repo_v1
5522,220.88,1.1695177448832579,,10,1,val,current_repo_v1
5523,220.92,0.667845408945885,,10,1,val,current_repo_v1
5524,220.96,-0.08669172224926062,,10,1,val,current_repo_v1
5525,221.0,-0.5732973173072569,,10,1,val,current_repo_v1
5526,221.04,-0.8362601190656761,,10,1,val,current_repo_v1
5527,221.08,-1.339841014216922,,10,1,val,current_repo_v1
5528,221.12,-1.5813316345305408,,10,1,val,current_repo_v1
5529,221.16,-1.8925647921362665,,10,1,val,current_repo_v1
5530,221.2,-2.0201740745283776,,10,1,val,current_repo_v1
5531,221.24,-2.0272627952076525,,10,1,val,current_repo_v1
5532,221.28,-1.9629267065955667,,10,1,val,current_repo_v1
5533,221.32,-2.0522647406533974,,10,1,val,current_repo_v1
5534,221.36,-2.226740756274997,,10,1,val,current_repo_v1
5535,221.4,-2.17772730610061,,10,1,val,current_repo_v1
5536,221.44,-1.7352341986939794,,10,1,val,current_repo_v1
5537,221.48,-1.4073413428543669,,10,1,val,current_repo_v1
5538,221.52,-0.8421019958734568,,10,1,val,current_repo_v1
5539,221.56,-0.5168634754322077,,10,1,val,current_repo_v1
5540,221.6,-0.09843159702850199,,10,1,val,current_repo_v1
5541,221.64,0.2928874503581599,,10,1,val,current_repo_v1
5542,221.68,0.5747868033270859,,10,1,val,current_repo_v1
5543,221.72,0.5991451909240669,,10,1,val,current_repo_v1
5544,221.76,0.6281774844441279,,10,1,val,current_repo_v1
5545,221.8,0.7891552720700378,,10,1,val,current_repo_v1
5546,221.84,1.041869949260137,,10,1,val,current_repo_v1
5547,221.88,1.0234917519695166,,10,1,val,current_repo_v1
5548,221.92,1.0931595489731343,,10,1,val,current_repo_v1
5549,221.96,1.08748596970908,,10,1,val,current_repo_v1
5550,222.0,0.9833363449273107,,10,1,val,current_repo_v1
5551,222.04,0.8064227407439648,,10,1,val,current_repo_v1
5552,222.08,0.7159327829810208,,10,1,val,current_repo_v1
5553,222.12,0.7442080453084422,,10,1,val,current_repo_v1
5554,222.16,0.8469131601381025,,10,1,val,current_repo_v1
5555,222.2,1.0469359339436537,,10,1,val,current_repo_v1
5556,222.24,0.9430311055891227,,10,1,val,current_repo_v1
5557,222.28,0.8179652791791582,,10,1,val,current_repo_v1
5558,222.32,0.8164815525580303,,10,1,val,current_repo_v1
5559,222.36,0.6352987391313332,,10,1,val,current_repo_v1
5560,222.4,0.583398731085761,,10,1,val,current_repo_v1
5561,222.44,0.07356189792850695,,10,1,val,current_repo_v1
5562,222.48,0.04401714981866687,,10,1,val,current_repo_v1
5563,222.52,0.2841665776377936,,10,1,val,current_repo_v1
5564,222.56,0.2461360809621977,,10,1,val,current_repo_v1
5565,222.6,0.032190246568211726,,10,1,val,current_repo_v1
5566,222.64,-0.09813799958936806,,10,1,val,current_repo_v1
5567,222.68,0.2317236033787886,,10,1,val,current_repo_v1
5568,222.72,0.42352819885137366,,10,1,val,current_repo_v1
5569,222.76,0.5323452227546369,,10,1,val,current_repo_v1
5570,222.8,0.3833641746935538,,10,1,val,current_repo_v1
5571,222.84,0.7387141944557654,,10,1,val,current_repo_v1
5572,222.88,1.1908465129039107,,10,1,val,current_repo_v1
5573,222.92,1.2784131141948074,,10,1,val,current_repo_v1
5574,222.96,1.4781729780443809,,10,1,val,current_repo_v1
5575,223.0,1.3832285430523845,,10,1,val,current_repo_v1
5576,223.04,1.2914819372506916,,10,1,val,current_repo_v1
5577,223.08,1.1800031918499672,,10,1,val,current_repo_v1
5578,223.12,1.244080591134131,,10,1,val,current_repo_v1
5579,223.16,1.3300876703583973,,10,1,val,current_repo_v1
5580,223.2,1.679034074097522,,10,1,val,current_repo_v1
5581,223.24,1.7374950484558875,,10,1,val,current_repo_v1
5582,223.28,2.1322584800551145,,10,1,val,current_repo_v1
5583,223.32,2.0984148464109054,,10,1,val,current_repo_v1
5584,223.36,2.4099940955172094,,10,1,val,current_repo_v1
5585,223.4,2.189528182144721,,10,1,val,current_repo_v1
5586,223.44,1.9306130506215975,,10,1,val,current_repo_v1
5587,223.48,1.576212716136824,,10,1,val,current_repo_v1
5588,223.52,1.8547993157306764,,10,1,val,current_repo_v1
5589,223.56,2.0617560538534554,,10,1,val,current_repo_v1
5590,223.6,1.7358103144236008,,10,1,val,current_repo_v1
5591,223.64,1.4637834501260254,,10,1,val,current_repo_v1
5592,223.68,1.7084191417792498,,10,1,val,current_repo_v1
5593,223.72,1.9385133629041087,,10,1,val,current_repo_v1
5594,223.76,1.8990545353506176,,10,1,val,current_repo_v1
5595,223.8,2.0512871376799646,,10,1,val,current_repo_v1
5596,223.84,1.8990944554576459,,10,1,val,current_repo_v1
5597,223.88,1.6857571828714604,,10,1,val,current_repo_v1
5598,223.92,1.7270016878115735,,10,1,val,current_repo_v1
5599,223.96,1.8769618336518588,,10,1,val,current_repo_v1
5600,224.0,1.992642917720175,,10,1,val,current_repo_v1
5601,224.04,2.112238282591272,,10,1,val,current_repo_v1
5602,224.08,2.1728169570766522,,10,1,val,current_repo_v1
5603,224.12,2.30907606495019,,10,1,val,current_repo_v1
5604,224.16,2.377657226088933,,10,1,val,current_repo_v1
5605,224.2,2.2151213672372867,,10,1,val,current_repo_v1
5606,224.24,2.3413983380397734,,10,1,val,current_repo_v1
5607,224.28,2.3133775883770937,,10,1,val,current_repo_v1
5608,224.32,2.462004719189745,,10,1,val,current_repo_v1
5609,224.36,2.5369546322052385,,10,1,val,current_repo_v1
5610,224.4,2.565969867353574,,10,1,val,current_repo_v1
5611,224.44,2.726722334992128,,10,1,val,current_repo_v1
5612,224.48,2.4230819113993447,,10,1,val,current_repo_v1
5613,224.52,1.8595459395579683,,10,1,val,current_repo_v1
5614,224.56,1.4730421012045056,,10,1,val,current_repo_v1
5615,224.6,0.7280699023935797,,10,1,val,current_repo_v1
5616,224.64,-0.10816788251530088,,10,1,val,current_repo_v1
5617,224.68,-0.5286636040734336,,10,1,val,current_repo_v1
5618,224.72,-0.1970105643199535,,10,1,val,current_repo_v1
5619,224.76,0.2891415110639808,,10,1,val,current_repo_v1
5620,224.8,1.337819157518675,,10,1,val,current_repo_v1
5621,224.84,1.2914937198373475,,10,1,val,current_repo_v1
5622,224.88,-0.3577997865944939,,10,1,val,current_repo_v1
5623,224.92,-1.0059720128395022,,10,1,val,current_repo_v1
5624,224.96,-0.9704959633649485,,10,1,val,current_repo_v1
5625,225.0,-1.4338648247142394,,10,1,val,current_repo_v1
5626,225.04,-1.4222774421059527,,10,1,val,current_repo_v1
5627,225.08,-0.7212055344743977,,10,1,val,current_repo_v1
5628,225.12,0.36384640782785815,,10,1,val,current_repo_v1
5629,225.16,0.6877951746790454,,10,1,val,current_repo_v1
5630,225.2,0.7720323599070231,,10,1,val,current_repo_v1
5631,225.24,1.0594328618979725,,10,1,val,current_repo_v1
5632,225.28,1.3135915214616738,,10,1,val,current_repo_v1
5633,225.32,1.4206254179410984,,10,1,val,current_repo_v1
5634,225.36,1.420465737512986,,10,1,val,current_repo_v1
5635,225.4,1.3162040902282348,,10,1,val,current_repo_v1
5636,225.44,1.3325011661683248,,10,1,val,current_repo_v1
5637,225.48,1.3198552852155356,,10,1,val,current_repo_v1
5638,225.52,1.1916319014413006,,10,1,val,current_repo_v1
5639,225.56,1.0994612983794987,,10,1,val,current_repo_v1
5640,225.6,1.0183408271463763,,10,1,val,current_repo_v1
5641,225.64,0.9805943435670375,,10,1,val,current_repo_v1
5642,225.68,1.0346853851520943,,10,1,val,current_repo_v1
5643,225.72,0.8252381247573688,,10,1,val,current_repo_v1
5644,225.76,0.722433341554765,,10,1,val,current_repo_v1
5645,225.8,0.5925718265163595,,10,1,val,current_repo_v1
5646,225.84,0.5227995689683598,,10,1,val,current_repo_v1
5647,225.88,0.4172944191426585,,10,1,val,current_repo_v1
5648,225.92,0.43132862293656354,,10,1,val,current_repo_v1
5649,225.96,0.48923810189563355,,10,1,val,current_repo_v1
5650,226.0,0.3801244030119457,,10,1,val,current_repo_v1
5651,226.04,0.575694678007846,,10,1,val,current_repo_v1
5652,226.08,0.518651570886987,,10,1,val,current_repo_v1
5653,226.12,0.33189774825096735,,10,1,val,current_repo_v1
5654,226.16,0.24496301015192942,,10,1,val,current_repo_v1
5655,226.2,0.2640551970219952,,10,1,val,current_repo_v1
5656,226.24,0.09258831334470265,,10,1,val,current_repo_v1
5657,226.28,0.02735943000418106,,10,1,val,current_repo_v1
5658,226.32,0.025210470850628015,,10,1,val,current_repo_v1
5659,226.36,-0.08861078906839748,,10,1,val,current_repo_v1
5660,226.4,-0.23342447252041398,,10,1,val,current_repo_v1
5661,226.44,-0.31832064726848425,,10,1,val,current_repo_v1
5662,226.48,-0.10076116389094425,,10,1,val,current_repo_v1
5663,226.52,-0.015160979590185808,,10,1,val,current_repo_v1
5664,226.56,-0.07327707148205156,,10,1,val,current_repo_v1
5665,226.6,-0.08548189680300614,,10,1,val,current_repo_v1
5666,226.64,0.030553742004437813,,10,1,val,current_repo_v1
5667,226.68,-0.003650535514167021,,10,1,val,current_repo_v1
5668,226.72,-0.03345518198600774,,10,1,val,current_repo_v1
5669,226.76,-0.025761086952411978,,10,1,val,current_repo_v1
5670,226.8,-0.052041399085442655,,10,1,val,current_repo_v1
5671,226.84,0.046889638929666314,,10,1,val,current_repo_v1
5672,226.88,0.06198392380359483,,10,1,val,current_repo_v1
5673,226.92,-0.06718600175947433,,10,1,val,current_repo_v1
5674,226.96,0.027359737758310132,,10,1,val,current_repo_v1
5675,227.0,0.025315019324761063,,10,1,val,current_repo_v1
5676,227.04,0.018252633605959526,,10,1,val,current_repo_v1
5677,227.08,0.11281971807083885,,10,1,val,current_repo_v1
5678,227.12,0.20684568284705981,,10,1,val,current_repo_v1
5679,227.16,0.024667636531821996,,10,1,val,current_repo_v1
5680,227.2,-0.03735880130646024,,10,1,val,current_repo_v1
5681,227.24,0.02415584141517659,,10,1,val,current_repo_v1
5682,227.28,-0.001768179366140802,,10,1,val,current_repo_v1
5683,227.32,0.05438494677831986,,10,1,val,current_repo_v1
5684,227.36,0.06954891598004523,,10,1,val,current_repo_v1
5685,227.4,0.06946186552639365,,10,1,val,current_repo_v1
5686,227.44,-0.03478050316041508,,10,1,val,current_repo_v1
5687,227.48,-0.07980521801522328,,10,1,val,current_repo_v1
5688,227.52,0.05367306751290259,,10,1,val,current_repo_v1
5689,227.56,0.13631410793289025,,10,1,val,current_repo_v1
5690,227.6,-0.0725971986460577,,10,1,val,current_repo_v1
5691,227.64,0.030775193082742337,,10,1,val,current_repo_v1
5692,227.68,0.040508181203872604,,10,1,val,current_repo_v1
5693,227.72,-0.022600430064412938,,10,1,val,current_repo_v1
5694,227.76,-0.07824600370272182,,10,1,val,current_repo_v1
5695,227.8,-0.05962092165327277,,10,1,val,current_repo_v1
5696,227.84,0.19302457680509888,,10,1,val,current_repo_v1
5697,227.88,-0.06815406435490558,,10,1,val,current_repo_v1
5698,227.92,-0.016064413818512115,,10,1,val,current_repo_v1
5699,227.96,-0.012010940219639726,,10,1,val,current_repo_v1
5700,228.0,-0.10406806993756548,,10,1,val,current_repo_v1
5701,228.04,-0.2000437450512037,,10,1,val,current_repo_v1
5702,228.08,-0.11130057774243002,,10,1,val,current_repo_v1
5703,228.12,-0.22856323226248085,,10,1,val,current_repo_v1
5704,228.16,-0.23364223054916966,,10,1,val,current_repo_v1
5705,228.2,-0.20783915714057724,,10,1,val,current_repo_v1
5706,228.24,-0.3035825218516423,,10,1,val,current_repo_v1
5707,228.28,-0.3320139034522539,,10,1,val,current_repo_v1
5708,228.32,-0.3128884351713729,,10,1,val,current_repo_v1
5709,228.36,-0.2933117114075223,,10,1,val,current_repo_v1
5710,228.4,-0.40067182726376244,,10,1,val,current_repo_v1
5711,228.44,-0.37017159051290743,,10,1,val,current_repo_v1
5712,228.48,-0.2798961813428016,,10,1,val,current_repo_v1
5713,228.52,-0.5952604105528012,,10,1,val,current_repo_v1
5714,228.56,-0.7870361650670047,,10,1,val,current_repo_v1
5715,228.6,-0.7865824475510026,,10,1,val,current_repo_v1
5716,228.64,-1.0331496041182777,,10,1,val,current_repo_v1
5717,228.68,-1.1143502672844612,,10,1,val,current_repo_v1
5718,228.72,-1.0077210235198895,,10,1,val,current_repo_v1
5719,228.76,-0.8560400045195892,,10,1,val,current_repo_v1
5720,228.8,-0.8320982280836194,,10,1,val,current_repo_v1
5721,228.84,-0.8085146774538885,,10,1,val,current_repo_v1
5722,228.88,-0.93790040460875,,10,1,val,current_repo_v1
5723,228.92,-0.9259843405906153,,10,1,val,current_repo_v1
5724,228.96,-0.8562943852897044,,10,1,val,current_repo_v1
5725,229.0,-0.5464718407170144,,10,1,val,current_repo_v1
5726,229.04,-0.5428484754959567,,10,1,val,current_repo_v1
5727,229.08,-0.7236065442596601,,10,1,val,current_repo_v1
5728,229.12,-1.0914904664365546,,10,1,val,current_repo_v1
5729,229.16,-1.0752352450580183,,10,1,val,current_repo_v1
5730,229.2,-1.10300293289685,,10,1,val,current_repo_v1
5731,229.24,-1.1759883194118554,,10,1,val,current_repo_v1
5732,229.28,-1.0743424063647071,,10,1,val,current_repo_v1
5733,229.32,-1.1237559369068864,,10,1,val,current_repo_v1
5734,229.36,-1.1717632948684638,,10,1,val,current_repo_v1
5735,229.4,-1.0619719213925611,,10,1,val,current_repo_v1
5736,229.44,-1.0192208280960176,,10,1,val,current_repo_v1
5737,229.48,-1.095480982333594,,10,1,val,current_repo_v1
5738,229.52,-1.1607376075106077,,10,1,val,current_repo_v1
5739,229.56,-0.8870036750239498,,10,1,val,current_repo_v1
5740,229.6,-1.0658795195342536,,10,1,val,current_repo_v1
5741,229.64,-1.1904573358252626,,10,1,val,current_repo_v1
5742,229.68,-1.2784273588144959,,10,1,val,current_repo_v1
5743,229.72,-1.2804924769503148,,10,1,val,current_repo_v1
5744,229.76,-1.1693921811985968,,10,1,val,current_repo_v1
5745,229.8,-1.2583056904178114,,10,1,val,current_repo_v1
5746,229.84,-1.0966468429042668,,10,1,val,current_repo_v1
5747,229.88,-1.3423294261748404,,10,1,val,current_repo_v1
5748,229.92,-1.163576155737658,,10,1,val,current_repo_v1
5749,229.96,-1.2845850792884548,,10,1,val,current_repo_v1
5750,230.0,-1.592314763888834,,10,1,val,current_repo_v1
5751,230.04,-1.8383040461314646,,10,1,val,current_repo_v1
5752,230.08,-1.6864136663936449,,10,1,val,current_repo_v1
5753,230.12,-1.6196125551374496,,10,1,val,current_repo_v1
5754,230.16,-1.5944964768746952,,10,1,val,current_repo_v1
5755,230.2,-1.6577807498033672,,10,1,val,current_repo_v1
5756,230.24,-1.5015828674155645,,10,1,val,current_repo_v1
5757,230.28,-1.331835362092517,,10,1,val,current_repo_v1
5758,230.32,-1.5011899972873672,,10,1,val,current_repo_v1
5759,230.36,-1.5256193441935368,,10,1,val,current_repo_v1
5760,230.4,-1.3041571867403694,,10,1,val,current_repo_v1
5761,230.44,-1.4711690216452271,,10,1,val,current_repo_v1
5762,230.48,-1.3933105683207572,,10,1,val,current_repo_v1
5763,230.52,-1.13799264291772,,10,1,val,current_repo_v1
5764,230.56,-1.2086946696545195,,10,1,val,current_repo_v1
5765,230.6,-0.9941580352624682,,10,1,val,current_repo_v1
5766,230.64,-0.9125386506212457,,10,1,val,current_repo_v1
5767,230.68,-0.9668553199477873,,10,1,val,current_repo_v1
5768,230.72,-0.919718114803721,,10,1,val,current_repo_v1
5769,230.76,-1.1018616047267518,,10,1,val,current_repo_v1
5770,230.8,-1.0157337100243873,,10,1,val,current_repo_v1
5771,230.84,-1.0796734992479808,,10,1,val,current_repo_v1
5772,230.88,-0.9453569354371406,,10,1,val,current_repo_v1
5773,230.92,-0.9726268529546375,,10,1,val,current_repo_v1
5774,230.96,-1.0045938898495215,,10,1,val,current_repo_v1
5775,231.0,-0.9988764336396366,,10,1,val,current_repo_v1
5776,231.04,-1.0187644726874805,,10,1,val,current_repo_v1
5777,231.08,-1.0655125007528985,,10,1,val,current_repo_v1
5778,231.12,-0.8468874846507628,,10,1,val,current_repo_v1
5779,231.16,-0.8628950958500236,,10,1,val,current_repo_v1
5780,231.2,-0.7511542318610815,,10,1,val,current_repo_v1
5781,231.24,-0.6259132493867999,,10,1,val,current_repo_v1
5782,231.28,-0.8693436879408303,,10,1,val,current_repo_v1
5783,231.32,-0.7934597851084811,,10,1,val,current_repo_v1
5784,231.36,-0.6956715261043647,,10,1,val,current_repo_v1
5785,231.4,-0.7951759979916845,,10,1,val,current_repo_v1
5786,231.44,-0.8499129715287862,,10,1,val,current_repo_v1
5787,231.48,-0.7470982082994254,,10,1,val,current_repo_v1
5788,231.52,-0.7717508088437985,,10,1,val,current_repo_v1
5789,231.56,-0.7770457625993441,,10,1,val,current_repo_v1
5790,231.6,-0.7145078373985455,,10,1,val,current_repo_v1
5791,231.64,-0.781776734930929,,10,1,val,current_repo_v1
5792,231.68,-0.6551425934792175,,10,1,val,current_repo_v1
5793,231.72,-0.6085130067886164,,10,1,val,current_repo_v1
5794,231.76,-0.5038806476729611,,10,1,val,current_repo_v1
5795,231.8,-0.6560843211141755,,10,1,val,current_repo_v1
5796,231.84,-0.5687758376078184,,10,1,val,current_repo_v1
5797,231.88,-0.8207934516955714,,10,1,val,current_repo_v1
5798,231.92,-0.868227683539067,,10,1,val,current_repo_v1
5799,231.96,-0.48667112470505064,,10,1,val,current_repo_v1
5800,232.0,-0.8321891474463222,,10,1,val,current_repo_v1
5801,232.04,-0.8502530838062855,,10,1,val,current_repo_v1
5802,232.08,-0.7586030248713698,,10,1,val,current_repo_v1
5803,232.12,-0.7344573393424525,,10,1,val,current_repo_v1
5804,232.16,-0.8471943594823224,,10,1,val,current_repo_v1
5805,232.2,-1.1536321801786118,,10,1,val,current_repo_v1
5806,232.24,-1.275245884557909,,10,1,val,current_repo_v1
5807,232.28,-1.174569484947086,,10,1,val,current_repo_v1
5808,232.32,-0.8042062075766429,,10,1,val,current_repo_v1
5809,232.36,-1.2356919170136595,,10,1,val,current_repo_v1
5810,232.4,-1.0206476641681428,,10,1,val,current_repo_v1
5811,232.44,-1.0606188583816618,,10,1,val,current_repo_v1
5812,232.48,-0.9774144520459714,,10,1,val,current_repo_v1
5813,232.52,-0.9342890417987262,,10,1,val,current_repo_v1
5814,232.56,-0.9822857602604127,,10,1,val,current_repo_v1
5815,232.6,-0.9142095796826,,10,1,val,current_repo_v1
5816,232.64,-1.0217727253342759,,10,1,val,current_repo_v1
5817,232.68,-1.0635034817983218,,10,1,val,current_repo_v1
5818,232.72,-0.9989145072218902,,10,1,val,current_repo_v1
5819,232.76,-0.9100486559278061,,10,1,val,current_repo_v1
5820,232.8,-1.0274871040028701,,10,1,val,current_repo_v1
5821,232.84,-1.134454349730913,,10,1,val,current_repo_v1
5822,232.88,-0.9343288739760031,,10,1,val,current_repo_v1
5823,232.92,-0.8243694667456276,,10,1,val,current_repo_v1
5824,232.96,-0.9086162802813577,,10,1,val,current_repo_v1
5825,233.0,-0.8628771581807863,,10,1,val,current_repo_v1
5826,233.04,-0.6593687611093745,,10,1,val,current_repo_v1
5827,233.08,-0.5989254105110345,,10,1,val,current_repo_v1
5828,233.12,-0.6670780899723593,,10,1,val,current_repo_v1
5829,233.16,-0.9060492591258992,,10,1,val,current_repo_v1
5830,233.2,-0.8424635630102398,,10,1,val,current_repo_v1
5831,233.24,-0.8395047268835981,,10,1,val,current_repo_v1
5832,233.28,-0.9342643335386493,,10,1,val,current_repo_v1
5833,233.32,-0.8922737446599163,,10,1,val,current_repo_v1
5834,233.36,-0.7341137098749068,,10,1,val,current_repo_v1
5835,233.4,-0.8420576792788705,,10,1,val,current_repo_v1
5836,233.44,-0.8460690345269357,,10,1,val,current_repo_v1
5837,233.48,-0.8684091705454678,,10,1,val,current_repo_v1
5838,233.52,-0.5950525446210514,,10,1,val,current_repo_v1
5839,233.56,-0.6387895942173878,,10,1,val,current_repo_v1
5840,233.6,-0.6622152230140297,,10,1,val,current_repo_v1
5841,233.64,-0.8111246962576658,,10,1,val,current_repo_v1
5842,233.68,-0.9707043568752053,,10,1,val,current_repo_v1
5843,233.72,-0.9958061905182711,,10,1,val,current_repo_v1
5844,233.76,-0.9688456098653664,,10,1,val,current_repo_v1
5845,233.8,-1.109058303140455,,10,1,val,current_repo_v1
5846,233.84,-0.8843358863736583,,10,1,val,current_repo_v1
5847,233.88,-1.0352024120889338,,10,1,val,current_repo_v1
5848,233.92,-1.1888236010486501,,10,1,val,current_repo_v1
5849,233.96,-1.1310284307660923,,10,1,val,current_repo_v1
5850,234.0,-1.1666976619039517,,10,1,val,current_repo_v1
5851,234.04,-1.0287299031058108,,10,1,val,current_repo_v1
5852,234.08,-1.0044251526570391,,10,1,val,current_repo_v1
5853,234.12,-1.1929868989067254,,10,1,val,current_repo_v1
5854,234.16,-0.9941564525269472,,10,1,val,current_repo_v1
5855,234.2,-0.809986885277614,,10,1,val,current_repo_v1
5856,234.24,-0.8905641265080502,,10,1,val,current_repo_v1
5857,234.28,-0.7237496059648026,,10,1,val,current_repo_v1
5858,234.32,-0.7755483189370348,,10,1,val,current_repo_v1
5859,234.36,-0.4898394094989631,,10,1,val,current_repo_v1
5860,234.4,-0.720675581864137,,10,1,val,current_repo_v1
5861,234.44,-0.6053244981519365,,10,1,val,current_repo_v1
5862,234.48,-0.5327908507335319,,10,1,val,current_repo_v1
5863,234.52,-0.504249381084464,,10,1,val,current_repo_v1
5864,234.56,-0.9057386912447907,,10,1,val,current_repo_v1
5865,234.6,-0.40587854351401575,,10,1,val,current_repo_v1
5866,234.64,-0.43550770418497253,,10,1,val,current_repo_v1
5867,234.68,-0.3911114452441655,,10,1,val,current_repo_v1
5868,234.72,-0.4307968677664041,,10,1,val,current_repo_v1
5869,234.76,-0.5770870895823909,,10,1,val,current_repo_v1
5870,234.8,-0.38443036689128324,,10,1,val,current_repo_v1
5871,234.84,-0.6246234078669869,,10,1,val,current_repo_v1
5872,234.88,-0.1678103909224842,,10,1,val,current_repo_v1
5873,234.92,-0.272443013827393,,10,1,val,current_repo_v1
5874,234.96,-0.029725114011913602,,10,1,val,current_repo_v1
5875,235.0,-0.12345381028188959,,10,1,val,current_repo_v1
5876,235.04,-0.1931723867168042,,10,1,val,current_repo_v1
5877,235.08,-0.17632678300652044,,10,1,val,current_repo_v1
5878,235.12,-0.14518663749157523,,10,1,val,current_repo_v1
5879,235.16,0.06532762845107787,,10,1,val,current_repo_v1
5880,235.2,0.31705353558934696,,10,1,val,current_repo_v1
5881,235.24,0.5934389017925799,,10,1,val,current_repo_v1
5882,235.28,0.6104058265770311,,10,1,val,current_repo_v1
5883,235.32,0.9151067269337181,,10,1,val,current_repo_v1
5884,235.36,0.9197557487372189,,10,1,val,current_repo_v1
5885,235.4,0.9683911009816037,,10,1,val,current_repo_v1
5886,235.44,0.8810103831846661,,10,1,val,current_repo_v1
5887,235.48,0.9290347995179691,,10,1,val,current_repo_v1
5888,235.52,0.8406736649955617,,10,1,val,current_repo_v1
5889,235.56,0.7096030719137867,,10,1,val,current_repo_v1
5890,235.6,0.8451874508417735,,10,1,val,current_repo_v1
5891,235.64,0.44936714759844065,,10,1,val,current_repo_v1
5892,235.68,0.625972821793213,,10,1,val,current_repo_v1
5893,235.72,0.6717874755500336,,10,1,val,current_repo_v1
5894,235.76,0.5926514908709134,,10,1,val,current_repo_v1
5895,235.8,0.7193452486939135,,10,1,val,current_repo_v1
5896,235.84,0.737910692389636,,10,1,val,current_repo_v1
5897,235.88,0.6571536787829467,,10,1,val,current_repo_v1
5898,235.92,0.742267787419275,,10,1,val,current_repo_v1
5899,235.96,0.5823655565095933,,10,1,val,current_repo_v1
5900,236.0,0.6742822184500359,,10,1,val,current_repo_v1
5901,236.04,0.42710518112869267,,10,1,val,current_repo_v1
5902,236.08,0.5068832288508065,,10,1,val,current_repo_v1
5903,236.12,0.7361940838225525,,10,1,val,current_repo_v1
5904,236.16,0.7267031223414989,,10,1,val,current_repo_v1
5905,236.2,0.8240245183318143,,10,1,val,current_repo_v1
5906,236.24,0.8102825051010247,,10,1,val,current_repo_v1
5907,236.28,0.4272742700401795,,10,1,val,current_repo_v1
5908,236.32,-0.045885063505064536,,10,1,val,current_repo_v1
5909,236.36,0.2599367433370132,,10,1,val,current_repo_v1
5910,236.4,-0.08418044855603961,,10,1,val,current_repo_v1
5911,236.44,-0.1500367986008618,,10,1,val,current_repo_v1
5912,236.48,-0.08249720932952245,,10,1,val,current_repo_v1
5913,236.52,0.11098937237062566,,10,1,val,current_repo_v1
5914,236.56,0.3707882858226905,,10,1,val,current_repo_v1
5915,236.6,0.38911398905186667,,10,1,val,current_repo_v1
5916,236.64,0.23217169339071628,,10,1,val,current_repo_v1
5917,236.68,0.35358078523905684,,10,1,val,current_repo_v1
5918,236.72,0.6836277441226655,,10,1,val,current_repo_v1
5919,236.76,0.40641487103123575,,10,1,val,current_repo_v1
5920,236.8,0.18242473323212618,,10,1,val,current_repo_v1
5921,236.84,0.11620584882325813,,10,1,val,current_repo_v1
5922,236.88,0.2561253403430931,,10,1,val,current_repo_v1
5923,236.92,0.4479607112285853,,10,1,val,current_repo_v1
5924,236.96,0.4548765620170733,,10,1,val,current_repo_v1
5925,237.0,0.5217919819497807,,10,1,val,current_repo_v1
5926,237.04,0.4102268016036628,,10,1,val,current_repo_v1
5927,237.08,0.45615013653292114,,10,1,val,current_repo_v1
5928,237.12,0.2394611576918968,,10,1,val,current_repo_v1
5929,237.16,0.1892511154988057,,10,1,val,current_repo_v1
5930,237.2,0.1801177203508573,,10,1,val,current_repo_v1
5931,237.24,0.38451359240075916,,10,1,val,current_repo_v1
5932,237.28,0.00011655088516682325,,10,1,val,current_repo_v1
5933,237.32,-0.3912514294080173,,10,1,val,current_repo_v1
5934,237.36,0.2076882696875812,,10,1,val,current_repo_v1
5935,237.4,0.5396841035759711,,10,1,val,current_repo_v1
5936,237.44,0.4203785551647078,,10,1,val,current_repo_v1
5937,237.48,0.3274827075153119,,10,1,val,current_repo_v1
5938,237.52,0.4702487928344287,,10,1,val,current_repo_v1
5939,237.56,0.43708450444770663,,10,1,val,current_repo_v1
5940,237.6,0.38778976699934886,,10,1,val,current_repo_v1
5941,237.64,0.2254415502366849,,10,1,val,current_repo_v1
5942,237.68,0.15452660160744378,,10,1,val,current_repo_v1
5943,237.72,0.0752417958244799,,10,1,val,current_repo_v1
5944,237.76,0.12770622494276873,,10,1,val,current_repo_v1
5945,237.8,0.4394778643446178,,10,1,val,current_repo_v1
5946,237.84,0.5401578690752384,,10,1,val,current_repo_v1
5947,237.88,0.3598380421913325,,10,1,val,current_repo_v1
5948,237.92,0.20104420975993859,,10,1,val,current_repo_v1
5949,237.96,0.3403824856245848,,10,1,val,current_repo_v1
5950,238.0,0.13425162768960622,,10,1,val,current_repo_v1
5951,238.04,0.03330792163524717,,10,1,val,current_repo_v1
5952,238.08,0.2986305820553843,,10,1,val,current_repo_v1
5953,238.12,0.45977539224362873,,10,1,val,current_repo_v1
5954,238.16,0.2964721704535812,,10,1,val,current_repo_v1
5955,238.2,0.42077230459041665,,10,1,val,current_repo_v1
5956,238.24,0.5082839497868363,,10,1,val,current_repo_v1
5957,238.28,0.6046447572105693,,10,1,val,current_repo_v1
5958,238.32,0.29159039859875147,,10,1,val,current_repo_v1
5959,238.36,0.1745435896353685,,10,1,val,current_repo_v1
5960,238.4,-0.1258324859103565,,10,1,val,current_repo_v1
5961,238.44,-0.07169147824420115,,10,1,val,current_repo_v1
5962,238.48,-0.11615783917912302,,10,1,val,current_repo_v1
5963,238.52,-0.24088816962352438,,10,1,val,current_repo_v1
5964,238.56,-0.24776258351677677,,10,1,val,current_repo_v1
5965,238.6,-0.10297631216468539,,10,1,val,current_repo_v1
5966,238.64,-0.0629675060001064,,10,1,val,current_repo_v1
5967,238.68,-0.05124884427333315,,10,1,val,current_repo_v1
5968,238.72,-0.15977152333457753,,10,1,val,current_repo_v1
5969,238.76,-0.2072658111981176,,10,1,val,current_repo_v1
5970,238.8,-0.3366767302266873,,10,1,val,current_repo_v1
5971,238.84,-0.23438673175226848,,10,1,val,current_repo_v1
5972,238.88,0.01236406610031114,,10,1,val,current_repo_v1
5973,238.92,0.024971917435722253,,10,1,val,current_repo_v1
5974,238.96,0.2443174738837648,,10,1,val,current_repo_v1
5975,239.0,0.3028735442680134,,10,1,val,current_repo_v1
5976,239.04,-0.29411407038688653,,10,1,val,current_repo_v1
5977,239.08,-0.5018612530077471,,10,1,val,current_repo_v1
5978,239.12,-0.3248432322448949,,10,1,val,current_repo_v1
5979,239.16,-0.16066075690809098,,10,1,val,current_repo_v1
5980,239.2,-0.3211482042766393,,10,1,val,current_repo_v1
5981,239.24,-0.6751378188937294,,10,1,val,current_repo_v1
5982,239.28,-0.25503457177991357,,10,1,val,current_repo_v1
5983,239.32,-0.15326025931362916,,10,1,val,current_repo_v1
5984,239.36,-0.2894132139950751,,10,1,val,current_repo_v1
5985,239.4,-0.3496350915326727,,10,1,val,current_repo_v1
5986,239.44,-0.4278486711396531,,10,1,val,current_repo_v1
5987,239.48,-0.5453380745055161,,10,1,val,current_repo_v1
5988,239.52,-0.2781189671947288,,10,1,val,current_repo_v1
5989,239.56,-0.294016292503593,,10,1,val,current_repo_v1
5990,239.6,-0.2525463356814973,,10,1,val,current_repo_v1
5991,239.64,-0.3239863788022473,,10,1,val,current_repo_v1
5992,239.68,-0.5165243743468468,,10,1,val,current_repo_v1
5993,239.72,-0.11316077559316311,,10,1,val,current_repo_v1
5994,239.76,-0.1965216529210483,,10,1,val,current_repo_v1
5995,239.8,-0.05192702446161712,,10,1,val,current_repo_v1
5996,239.84,-0.23811304072950037,,10,1,val,current_repo_v1
5997,239.88,-0.30203660691400425,,10,1,val,current_repo_v1
5998,239.92,-0.2546755985707898,,10,1,val,current_repo_v1
5999,239.96,-0.18897888498920443,,10,1,val,current_repo_v1
6000,240.0,-0.04974619077326742,,10,1,val,current_repo_v1
6001,240.04,0.1361121332944684,,10,1,val,current_repo_v1
6002,240.08,0.13415916955625812,,10,1,val,current_repo_v1
6003,240.12,0.16489923470341075,,10,1,val,current_repo_v1
6004,240.16,0.3062839436317537,,10,1,val,current_repo_v1
6005,240.2,0.2808677171634038,,10,1,val,current_repo_v1
6006,240.24,0.06788167996823978,,10,1,val,current_repo_v1
6007,240.28,0.020375917272172916,,10,1,val,current_repo_v1
6008,240.32,0.23859012557687412,,10,1,val,current_repo_v1
6009,240.36,0.11557354598264355,,10,1,val,current_repo_v1
6010,240.4,-0.03773980091825039,,10,1,val,current_repo_v1
6011,240.44,0.09396160019836952,,10,1,val,current_repo_v1
6012,240.48,0.1815298281896627,,10,1,val,current_repo_v1
6013,240.52,0.16290494398215377,,10,1,val,current_repo_v1
6014,240.56,-0.09939717560846288,,10,1,val,current_repo_v1
6015,240.6,-0.3416426068885046,,10,1,val,current_repo_v1
6016,240.64,-0.10915408062190954,,10,1,val,current_repo_v1
6017,240.68,0.23455674392614254,,10,1,val,current_repo_v1
6018,240.72,-0.04642429270407286,,10,1,val,current_repo_v1
6019,240.76,-0.1079771628850279,,10,1,val,current_repo_v1
6020,240.8,0.005198670678021915,,10,1,val,current_repo_v1
6021,240.84,-0.2535155413636937,,10,1,val,current_repo_v1
6022,240.88,-0.11198157168275122,,10,1,val,current_repo_v1
6023,240.92,0.0767622331167184,,10,1,val,current_repo_v1
6024,240.96,-0.01073582693314657,,10,1,val,current_repo_v1
6025,241.0,-0.039278131914850585,,10,1,val,current_repo_v1
6026,241.04,-0.17938163842143234,,10,1,val,current_repo_v1
6027,241.08,-0.44771173813816667,,10,1,val,current_repo_v1
6028,241.12,-0.4870687430398106,,10,1,val,current_repo_v1
6029,241.16,-0.22280801022447147,,10,1,val,current_repo_v1
6030,241.2,0.11219510908345105,,10,1,val,current_repo_v1
6031,241.24,0.33316723403338605,,10,1,val,current_repo_v1
6032,241.28,0.22225400882726773,,10,1,val,current_repo_v1
6033,241.32,-0.14530674953166417,,10,1,val,current_repo_v1
6034,241.36,0.04250708823706564,,10,1,val,current_repo_v1
6035,241.4,0.21881296594524702,,10,1,val,current_repo_v1
6036,241.44,0.2269203527917476,,10,1,val,current_repo_v1
6037,241.48,0.18611197941740384,,10,1,val,current_repo_v1
6038,241.52,0.06182380372672664,,10,1,val,current_repo_v1
6039,241.56,0.014414324108183491,,10,1,val,current_repo_v1
6040,241.6,0.0014573037309033073,,10,1,val,current_repo_v1
6041,241.64,-0.1679935046292816,,10,1,val,current_repo_v1
6042,241.68,-0.18270032705470945,,10,1,val,current_repo_v1
6043,241.72,-0.3809290921297157,,10,1,val,current_repo_v1
6044,241.76,-0.2011127070360947,,10,1,val,current_repo_v1
6045,241.8,-0.19587761145865346,,10,1,val,current_repo_v1
6046,241.84,-0.2664816624702193,,10,1,val,current_repo_v1
6047,241.88,-0.10871201379793655,,10,1,val,current_repo_v1
6048,241.92,-0.19519299041609678,,10,1,val,current_repo_v1
6049,241.96,-0.28543549187682976,,10,1,val,current_repo_v1
6050,242.0,-0.33112093286431604,,10,1,val,current_repo_v1
6051,242.04,-0.33306415838258496,,10,1,val,current_repo_v1
6052,242.08,0.10720470002105918,,10,1,val,current_repo_v1
6053,242.12,0.1690593231255685,,10,1,val,current_repo_v1
6054,242.16,0.1546125529392058,,10,1,val,current_repo_v1
6055,242.2,0.4878410740091526,,10,1,val,current_repo_v1
6056,242.24,0.27151353041028464,,10,1,val,current_repo_v1
6057,242.28,0.3252158785303246,,10,1,val,current_repo_v1
6058,242.32,0.38614943749139935,,10,1,val,current_repo_v1
6059,242.36,0.5784230502566889,,10,1,val,current_repo_v1
6060,242.4,0.5247736798117248,,10,1,val,current_repo_v1
6061,242.44,0.35425995463704135,,10,1,val,current_repo_v1
6062,242.48,0.4749581344472274,,10,1,val,current_repo_v1
6063,242.52,0.569706661953632,,10,1,val,current_repo_v1
6064,242.56,0.27606464243586515,,10,1,val,current_repo_v1
6065,242.6,0.3644620919455029,,10,1,val,current_repo_v1
6066,242.64,0.5415745932259799,,10,1,val,current_repo_v1
6067,242.68,0.6721816646244982,,10,1,val,current_repo_v1
6068,242.72,0.6626647638668515,,10,1,val,current_repo_v1
6069,242.76,0.5438957627971861,,10,1,val,current_repo_v1
6070,242.8,0.5821481062349667,,10,1,val,current_repo_v1
6071,242.84,0.8405690285916776,,10,1,val,current_repo_v1
6072,242.88,0.7064635401485045,,10,1,val,current_repo_v1
6073,242.92,0.30934666875939476,,10,1,val,current_repo_v1
6074,242.96,0.37483340609520244,,10,1,val,current_repo_v1
6075,243.0,0.4779236532349575,,10,1,val,current_repo_v1
6076,243.04,0.6855388972641977,,10,1,val,current_repo_v1
6077,243.08,0.6357924646841145,,10,1,val,current_repo_v1
6078,243.12,0.5943799259895285,,10,1,val,current_repo_v1
6079,243.16,0.48828248135999186,,10,1,val,current_repo_v1
6080,243.2,0.31978577674724107,,10,1,val,current_repo_v1
6081,243.24,0.4562803604943938,,10,1,val,current_repo_v1
6082,243.28,0.4019333554037009,,10,1,val,current_repo_v1
6083,243.32,0.2901115520788132,,10,1,val,current_repo_v1
6084,243.36,0.0037274300815592415,,10,1,val,current_repo_v1
6085,243.4,0.1246067012142659,,10,1,val,current_repo_v1
6086,243.44,0.14624014582269934,,10,1,val,current_repo_v1
6087,243.48,0.3714547933365076,,10,1,val,current_repo_v1
6088,243.52,0.47234688462693386,,10,1,val,current_repo_v1
6089,243.56,0.6225157756964805,,10,1,val,current_repo_v1
6090,243.6,0.48801236116441854,,10,1,val,current_repo_v1
6091,243.64,0.09760096863413881,,10,1,val,current_repo_v1
6092,243.68,0.05781921906950099,,10,1,val,current_repo_v1
6093,243.72,0.17605272795458252,,10,1,val,current_repo_v1
6094,243.76,0.13374277821962477,,10,1,val,current_repo_v1
6095,243.8,0.1212547751350491,,10,1,val,current_repo_v1
6096,243.84,0.26902085385943464,,10,1,val,current_repo_v1
6097,243.88,0.273321893672707,,10,1,val,current_repo_v1
6098,243.92,0.2518752997854954,,10,1,val,current_repo_v1
6099,243.96,0.04783769750670794,,10,1,val,current_repo_v1
6100,244.0,0.03741929697526052,,10,1,val,current_repo_v1
6101,244.04,-0.08804638997811869,,10,1,val,current_repo_v1
6102,244.08,0.08938028430326443,,10,1,val,current_repo_v1
6103,244.12,0.060559813553755636,,10,1,val,current_repo_v1
6104,244.16,0.042658239479315185,,10,1,val,current_repo_v1
6105,244.2,-0.10989431723207695,,10,1,val,current_repo_v1
6106,244.24,0.16986264933219553,,10,1,val,current_repo_v1
6107,244.28,-0.25569936466358295,,10,1,val,current_repo_v1
6108,244.32,0.06483979419162443,,10,1,val,current_repo_v1
6109,244.36,-0.03865464403179012,,10,1,val,current_repo_v1
6110,244.4,0.022697262702881416,,10,1,val,current_repo_v1
6111,244.44,-0.15176927848803035,,10,1,val,current_repo_v1
6112,244.48,-0.2290615741271983,,10,1,val,current_repo_v1
6113,244.52,-0.002840878365456269,,10,1,val,current_repo_v1
6114,244.56,0.18653949386755933,,10,1,val,current_repo_v1
6115,244.6,0.028195026429484956,,10,1,val,current_repo_v1
6116,244.64,0.09898942336988134,,10,1,val,current_repo_v1
6117,244.68,-0.17952157862040857,,10,1,val,current_repo_v1
6118,244.72,-0.20036576578240112,,10,1,val,current_repo_v1
6119,244.76,-0.6000017585950232,,10,1,val,current_repo_v1
6120,244.8,-0.7452486059837075,,10,1,val,current_repo_v1
6121,244.84,-0.45421722077797605,,10,1,val,current_repo_v1
6122,244.88,-0.4020531596896607,,10,1,val,current_repo_v1
6123,244.92,-0.430066259463989,,10,1,val,current_repo_v1
6124,244.96,-0.24698579011256327,,10,1,val,current_repo_v1
6125,245.0,0.07112637571591304,,10,1,val,current_repo_v1
6126,245.04,-0.25325584084363323,,10,1,val,current_repo_v1
6127,245.08,0.11294004993530568,,10,1,val,current_repo_v1
6128,245.12,0.013267939977393261,,10,1,val,current_repo_v1
6129,245.16,-0.3023502083715278,,10,1,val,current_repo_v1
6130,245.2,-0.6710551526174708,,10,1,val,current_repo_v1
6131,245.24,-0.8867915884641442,,10,1,val,current_repo_v1
6132,245.28,-1.1458115322506544,,10,1,val,current_repo_v1
6133,245.32,-1.1679005408998642,,10,1,val,current_repo_v1
6134,245.36,-0.8335012351931794,,10,1,val,current_repo_v1
6135,245.4,-0.654695646554055,,10,1,val,current_repo_v1
6136,245.44,-0.7486828782748887,,10,1,val,current_repo_v1
6137,245.48,-0.42740273540662893,,10,1,val,current_repo_v1
6138,245.52,-0.7987767213018175,,10,1,val,current_repo_v1
6139,245.56,-1.0829732390198823,,10,1,val,current_repo_v1
6140,245.6,-1.029711726707299,,10,1,val,current_repo_v1
6141,245.64,-1.027699366422178,,10,1,val,current_repo_v1
6142,245.68,-1.1884681889944486,,10,1,val,current_repo_v1
6143,245.72,-1.1079992772174454,,10,1,val,current_repo_v1
6144,245.76,-1.0297701120620715,,10,1,val,current_repo_v1
6145,245.8,-1.1167307015079513,,10,1,val,current_repo_v1
6146,245.84,-1.2543827924994164,,10,1,val,current_repo_v1
6147,245.88,-1.223270081066834,,10,1,val,current_repo_v1
6148,245.92,-1.242740541726404,,10,1,val,current_repo_v1
6149,245.96,-1.1325925251797833,,10,1,val,current_repo_v1
6150,246.0,-1.1910489271910885,,10,1,val,current_repo_v1
6151,246.04,-1.3644216002950922,,10,1,val,current_repo_v1
6152,246.08,-1.305780897525349,,10,1,val,current_repo_v1
6153,246.12,-1.5602779107715263,,10,1,val,current_repo_v1
6154,246.16,-1.6783744251042956,,10,1,val,current_repo_v1
6155,246.2,-1.414531006887977,,10,1,val,current_repo_v1
6156,246.24,-1.253656316895306,,10,1,val,current_repo_v1
6157,246.28,-1.3212389477798396,,10,1,val,current_repo_v1
6158,246.32,-1.6554087568359885,,10,1,val,current_repo_v1
6159,246.36,-1.6514841003225702,,10,1,val,current_repo_v1
6160,246.4,-1.2052552095080198,,10,1,val,current_repo_v1
6161,246.44,-1.2972256844561743,,10,1,val,current_repo_v1
6162,246.48,-1.0222053397099988,,10,1,val,current_repo_v1
6163,246.52,-0.725640974912323,,10,1,val,current_repo_v1
6164,246.56,-0.5564751248932203,,10,1,val,current_repo_v1
6165,246.6,-0.3350848500116287,,10,1,val,current_repo_v1
6166,246.64,-0.29352927159433784,,10,1,val,current_repo_v1
6167,246.68,-0.0028750830386587538,,10,1,val,current_repo_v1
6168,246.72,0.4250303907202458,,10,1,val,current_repo_v1
6169,246.76,0.4892670307837662,,10,1,val,current_repo_v1
6170,246.8,0.6378022750064518,,10,1,val,current_repo_v1
6171,246.84,0.7295329655231843,,10,1,val,current_repo_v1
6172,246.88,0.5960766184679736,,10,1,val,current_repo_v1
6173,246.92,0.6081397889598043,,10,1,val,current_repo_v1
6174,246.96,0.7681157929307117,,10,1,val,current_repo_v1
6175,247.0,0.9428023123765961,,10,1,val,current_repo_v1
6176,247.04,1.0739908632195567,,10,1,val,current_repo_v1
6177,247.08,1.0500354576721567,,10,1,val,current_repo_v1
6178,247.12,0.6891157916117655,,10,1,val,current_repo_v1
6179,247.16,0.8715009564558682,,10,1,val,current_repo_v1
6180,247.2,0.5812620381324952,,10,1,val,current_repo_v1
6181,247.24,0.192750411840972,,10,1,val,current_repo_v1
6182,247.28,0.6516518263229141,,10,1,val,current_repo_v1
6183,247.32,0.6736181729692514,,10,1,val,current_repo_v1
6184,247.36,0.553197235664483,,10,1,val,current_repo_v1
6185,247.4,0.5425908852899242,,10,1,val,current_repo_v1
6186,247.44,0.5593629577457977,,10,1,val,current_repo_v1
6187,247.48,0.11264113274622639,,10,1,val,current_repo_v1
6188,247.52,0.1708036735291441,,10,1,val,current_repo_v1
6189,247.56,0.3150248203705096,,10,1,val,current_repo_v1
6190,247.6,0.5455621195114799,,10,1,val,current_repo_v1
6191,247.64,0.8071708470668614,,10,1,val,current_repo_v1
6192,247.68,0.5649818447046285,,10,1,val,current_repo_v1
6193,247.72,0.15150331297319944,,10,1,val,current_repo_v1
6194,247.76,0.22119691735878372,,10,1,val,current_repo_v1
6195,247.8,0.29113180098155983,,10,1,val,current_repo_v1
6196,247.84,0.15119432782761197,,10,1,val,current_repo_v1
6197,247.88,-0.17210371490009202,,10,1,val,current_repo_v1
6198,247.92,0.19831724438711423,,10,1,val,current_repo_v1
6199,247.96,0.29246499186869623,,10,1,val,current_repo_v1
6200,248.0,0.20023837755540344,,10,1,val,current_repo_v1
6201,248.04,0.07001314110131134,,10,1,val,current_repo_v1
6202,248.08,-0.03540557377899648,,10,1,val,current_repo_v1
6203,248.12,-0.1302949867292023,,10,1,val,current_repo_v1
6204,248.16,-0.14821120110721142,,10,1,val,current_repo_v1
6205,248.2,-0.2937623953471093,,10,1,val,current_repo_v1
6206,248.24,-0.42171838474805706,,10,1,val,current_repo_v1
6207,248.28,-0.2699976654651066,,10,1,val,current_repo_v1
6208,248.32,-0.18437270695695795,,10,1,val,current_repo_v1
6209,248.36,-0.27511053868843105,,10,1,val,current_repo_v1
6210,248.4,-0.12555834292866744,,10,1,val,current_repo_v1
6211,248.44,-0.3130670644608609,,10,1,val,current_repo_v1
6212,248.48,-0.1950676905206892,,10,1,val,current_repo_v1
6213,248.52,-0.19801608498938028,,10,1,val,current_repo_v1
6214,248.56,-0.3411679181268501,,10,1,val,current_repo_v1
6215,248.6,-0.19699137365176214,,10,1,val,current_repo_v1
6216,248.64,-0.27690050265042254,,10,1,val,current_repo_v1
6217,248.68,-0.19785411838773767,,10,1,val,current_repo_v1
6218,248.72,-0.39099718053252897,,10,1,val,current_repo_v1
6219,248.76,-0.6742140289280089,,10,1,val,current_repo_v1
6220,248.8,-0.5045982863370796,,10,1,val,current_repo_v1
6221,248.84,-0.2605518559112754,,10,1,val,current_repo_v1
6222,248.88,-0.42512627811388926,,10,1,val,current_repo_v1
6223,248.92,-0.40728942033630494,,10,1,val,current_repo_v1
6224,248.96,-0.4449384337864793,,10,1,val,current_repo_v1
6225,249.0,-0.5367100556023782,,10,1,val,current_repo_v1
6226,249.04,-0.46670522386255175,,10,1,val,current_repo_v1
6227,249.08,-0.4539387912209178,,10,1,val,current_repo_v1
6228,249.12,-0.28319587714982747,,10,1,val,current_repo_v1
6229,249.16,-0.4691396909181317,,10,1,val,current_repo_v1
6230,249.2,-0.4626375056439909,,10,1,val,current_repo_v1
6231,249.24,-0.4350404454872913,,10,1,val,current_repo_v1
6232,249.28,-0.41161666321542395,,10,1,val,current_repo_v1
6233,249.32,-0.26624638443854437,,10,1,val,current_repo_v1
6234,249.36,-0.26966498325158067,,10,1,val,current_repo_v1
6235,249.4,-0.2026310340143053,,10,1,val,current_repo_v1
6236,249.44,-0.2763984457537184,,10,1,val,current_repo_v1
6237,249.48,-0.2752998734251232,,10,1,val,current_repo_v1
6238,249.52,-0.24986513774415345,,10,1,val,current_repo_v1
6239,249.56,-0.11973647013927632,,10,1,val,current_repo_v1
6240,249.6,-0.46567772075533415,,10,1,val,current_repo_v1
6241,249.64,-0.6896165955095155,,10,1,val,current_repo_v1
6242,249.68,-0.4752251771015101,,10,1,val,current_repo_v1
6243,249.72,-0.2855126502334755,,10,1,val,current_repo_v1
6244,249.76,-0.11294783171828363,,10,1,val,current_repo_v1
6245,249.8,-0.28592706315070765,,10,1,val,current_repo_v1
6246,249.84,-0.2589588326094517,,10,1,val,current_repo_v1
6247,249.88,-0.29192778505396466,,10,1,val,current_repo_v1
6248,249.92,-0.5929562114235695,,10,1,val,current_repo_v1
6249,249.96,-0.5330949997428055,,10,1,val,current_repo_v1
6250,250.0,-0.45337094088790586,,10,1,val,current_repo_v1
6251,250.04,-0.5197915801108178,,10,1,val,current_repo_v1
6252,250.08,-0.6443780574823162,,10,1,val,current_repo_v1
6253,250.12,-0.5495017680474715,,10,1,val,current_repo_v1
6254,250.16,-0.5289100272010685,,10,1,val,current_repo_v1
6255,250.2,-0.3643748876147868,,10,1,val,current_repo_v1
6256,250.24,-0.4077033496399057,,10,1,val,current_repo_v1
6257,250.28,-0.3150573323960022,,10,1,val,current_repo_v1
6258,250.32,-0.5367209588915224,,10,1,val,current_repo_v1
6259,250.36,-0.7234434345712524,,10,1,val,current_repo_v1
6260,250.4,-0.5081969432980603,,10,1,val,current_repo_v1
6261,250.44,-0.4940510247553025,,10,1,val,current_repo_v1
6262,250.48,-0.4058239391385434,,10,1,val,current_repo_v1
6263,250.52,-0.41001159353769084,,10,1,val,current_repo_v1
6264,250.56,-0.39271414081861716,,10,1,val,current_repo_v1
6265,250.6,-0.3501117587137284,,10,1,val,current_repo_v1
6266,250.64,-0.38005278422962324,,10,1,val,current_repo_v1
6267,250.68,-0.4888611910172725,,10,1,val,current_repo_v1
6268,250.72,-0.37242206456417837,,10,1,val,current_repo_v1
6269,250.76,-0.3898391457097096,,10,1,val,current_repo_v1
6270,250.8,-0.16707274823997612,,10,1,val,current_repo_v1
6271,250.84,-0.2677082385340704,,10,1,val,current_repo_v1
6272,250.88,-0.4823773830611248,,10,1,val,current_repo_v1
6273,250.92,-0.6144962746362675,,10,1,val,current_repo_v1
6274,250.96,-0.3498714247213616,,10,1,val,current_repo_v1
6275,251.0,-0.3621225890211792,,10,1,val,current_repo_v1
6276,251.04,-0.4668770825612002,,10,1,val,current_repo_v1
6277,251.08,-0.4992853509474211,,10,1,val,current_repo_v1
6278,251.12,-0.40704009552688164,,10,1,val,current_repo_v1
6279,251.16,-0.33382151931179144,,10,1,val,current_repo_v1
6280,251.2,-0.2119516975497935,,10,1,val,current_repo_v1
6281,251.24,-0.07746037335851641,,10,1,val,current_repo_v1
6282,251.28,-0.05480777896922591,,10,1,val,current_repo_v1
6283,251.32,-0.11236465962613149,,10,1,val,current_repo_v1
6284,251.36,-0.04070661666981015,,10,1,val,current_repo_v1
6285,251.4,-0.11997770541159257,,10,1,val,current_repo_v1
6286,251.44,-0.08239534271279988,,10,1,val,current_repo_v1
6287,251.48,-0.031083672632260636,,10,1,val,current_repo_v1
6288,251.52,-0.09659925092644985,,10,1,val,current_repo_v1
6289,251.56,0.05451481902078791,,10,1,val,current_repo_v1
6290,251.6,0.030577263212873972,,10,1,val,current_repo_v1
6291,251.64,0.11524644730831644,,10,1,val,current_repo_v1
6292,251.68,0.0022297665948720256,,10,1,val,current_repo_v1
6293,251.72,0.1399256026375408,,10,1,val,current_repo_v1
6294,251.76,0.43165536989188596,,10,1,val,current_repo_v1
6295,251.8,0.3520926621303708,,10,1,val,current_repo_v1
6296,251.84,0.3622664860589578,,10,1,val,current_repo_v1
6297,251.88,0.4582284441314145,,10,1,val,current_repo_v1
6298,251.92,0.3125196577949944,,10,1,val,current_repo_v1
6299,251.96,0.27673660159425434,,10,1,val,current_repo_v1
6300,252.0,0.2566825951410899,,10,1,val,current_repo_v1
6301,252.04,0.34196926591407595,,10,1,val,current_repo_v1
6302,252.08,0.40874975764362337,,10,1,val,current_repo_v1
6303,252.12,0.49865493859645654,,10,1,val,current_repo_v1
6304,252.16,0.463045939338144,,10,1,val,current_repo_v1
6305,252.2,0.5721596382218318,,10,1,val,current_repo_v1
6306,252.24,0.70119663598358,,10,1,val,current_repo_v1
6307,252.28,0.9470218852754158,,10,1,val,current_repo_v1
6308,252.32,0.8342959442841925,,10,1,val,current_repo_v1
6309,252.36,0.7994492080387137,,10,1,val,current_repo_v1
6310,252.4,0.9625903752973675,,10,1,val,current_repo_v1
6311,252.44,0.8807895036497442,,10,1,val,current_repo_v1
6312,252.48,0.9658101869254615,,10,1,val,current_repo_v1
6313,252.52,0.7356611416007524,,10,1,val,current_repo_v1
6314,252.56,0.5706478620100829,,10,1,val,current_repo_v1
6315,252.6,0.12742331096840112,,10,1,val,current_repo_v1
6316,252.64,-0.10993878770372774,,10,1,val,current_repo_v1
6317,252.68,-0.14514223296723783,,10,1,val,current_repo_v1
6318,252.72,-0.028140839720330633,,10,1,val,current_repo_v1
6319,252.76,0.07381456406847442,,10,1,val,current_repo_v1
6320,252.8,0.4936830387466845,,10,1,val,current_repo_v1
6321,252.84,0.36968705361912263,,10,1,val,current_repo_v1
6322,252.88,0.05024750026708662,,10,1,val,current_repo_v1
6323,252.92,-0.0433516315145504,,10,1,val,current_repo_v1
6324,252.96,-0.017328491921234288,,10,1,val,current_repo_v1
6325,253.0,0.13885096918369977,,10,1,val,current_repo_v1
6326,253.04,0.2577111534053214,,10,1,val,current_repo_v1
6327,253.08,0.2936194655365935,,10,1,val,current_repo_v1
6328,253.12,0.12993053989306863,,10,1,val,current_repo_v1
6329,253.16,0.10761313371521224,,10,1,val,current_repo_v1
6330,253.2,-0.03587045837339633,,10,1,val,current_repo_v1
6331,253.24,-0.02365371857115913,,10,1,val,current_repo_v1
6332,253.28,-0.12878195751849933,,10,1,val,current_repo_v1
6333,253.32,-0.07003228780462713,,10,1,val,current_repo_v1
6334,253.36,-0.012529857646129355,,10,1,val,current_repo_v1
6335,253.4,-0.056344988861498774,,10,1,val,current_repo_v1
6336,253.44,0.32100114176781885,,10,1,val,current_repo_v1
6337,253.48,0.5762151342049809,,10,1,val,current_repo_v1
6338,253.52,0.41183978495900053,,10,1,val,current_repo_v1
6339,253.56,0.0517507472929727,,10,1,val,current_repo_v1
6340,253.6,-0.2513268819274905,,10,1,val,current_repo_v1
6341,253.64,-0.17006422828673717,,10,1,val,current_repo_v1
6342,253.68,-0.3080970551007389,,10,1,val,current_repo_v1
6343,253.72,-0.22276162728073287,,10,1,val,current_repo_v1
6344,253.76,0.06482370304716156,,10,1,val,current_repo_v1
6345,253.8,0.342066560183738,,10,1,val,current_repo_v1
6346,253.84,0.20242637751847295,,10,1,val,current_repo_v1
6347,253.88,0.2600587019018766,,10,1,val,current_repo_v1
6348,253.92,-0.07983320165853097,,10,1,val,current_repo_v1
6349,253.96,-0.12627417903288704,,10,1,val,current_repo_v1
6350,254.0,-0.14033652034716423,,10,1,val,current_repo_v1
6351,254.04,-0.26925918744996247,,10,1,val,current_repo_v1
6352,254.08,-0.3934585980568404,,10,1,val,current_repo_v1
6353,254.12,-0.15735218019619765,,10,1,val,current_repo_v1
6354,254.16,-0.21114179859426707,,10,1,val,current_repo_v1
6355,254.2,-0.12318076642209007,,10,1,val,current_repo_v1
6356,254.24,-0.1531944438948835,,10,1,val,current_repo_v1
6357,254.28,0.06541538234273873,,10,1,val,current_repo_v1
6358,254.32,-0.2656458462205375,,10,1,val,current_repo_v1
6359,254.36,-0.4868174837758618,,10,1,val,current_repo_v1
6360,254.4,-0.3957922096878362,,10,1,val,current_repo_v1
6361,254.44,-0.13593990089437746,,10,1,val,current_repo_v1
6362,254.48,-0.047823738658710785,,10,1,val,current_repo_v1
6363,254.52,0.0028203907334352447,,10,1,val,current_repo_v1
6364,254.56,0.07198848296119265,,10,1,val,current_repo_v1
6365,254.6,0.24583575689709977,,10,1,val,current_repo_v1
6366,254.64,-0.03824517716306089,,10,1,val,current_repo_v1
6367,254.68,-0.02153724946066089,,10,1,val,current_repo_v1
6368,254.72,-0.11852726020127999,,10,1,val,current_repo_v1
6369,254.76,-0.17556144245239594,,10,1,val,current_repo_v1
6370,254.8,-0.5493666639848093,,10,1,val,current_repo_v1
6371,254.84,-0.5351885191882502,,10,1,val,current_repo_v1
6372,254.88,-0.3938899814160471,,10,1,val,current_repo_v1
6373,254.92,-0.4594306196893178,,10,1,val,current_repo_v1
6374,254.96,-0.35644650375921666,,10,1,val,current_repo_v1
6375,255.0,-0.29117352364848675,,10,1,val,current_repo_v1
6376,255.04,-0.2297121883384926,,10,1,val,current_repo_v1
6377,255.08,-0.2518023180920299,,10,1,val,current_repo_v1
6378,255.12,-0.19571080872069685,,10,1,val,current_repo_v1
6379,255.16,-0.2953656844473813,,10,1,val,current_repo_v1
6380,255.2,-0.4592923941204893,,10,1,val,current_repo_v1
6381,255.24,-0.2700426415328266,,10,1,val,current_repo_v1
6382,255.28,-0.42413117711997533,,10,1,val,current_repo_v1
6383,255.32,-0.1756905453095413,,10,1,val,current_repo_v1
6384,255.36,-0.18691941633989773,,10,1,val,current_repo_v1
6385,255.4,-0.09056634673426706,,10,1,val,current_repo_v1
6386,255.44,-0.008472207384076714,,10,1,val,current_repo_v1
6387,255.48,0.04199511726091791,,10,1,val,current_repo_v1
6388,255.52,0.01364893958918341,,10,1,val,current_repo_v1
6389,255.56,0.14628903476434607,,10,1,val,current_repo_v1
6390,255.6,0.2996609868443903,,10,1,val,current_repo_v1
6391,255.64,0.27100687918408223,,10,1,val,current_repo_v1
6392,255.68,0.38672177224172066,,10,1,val,current_repo_v1
6393,255.72,0.46325573972441936,,10,1,val,current_repo_v1
6394,255.76,0.20758662289523655,,10,1,val,current_repo_v1
6395,255.8,0.4224482456475872,,10,1,val,current_repo_v1
6396,255.84,0.5560778143125894,,10,1,val,current_repo_v1
6397,255.88,0.39734781888053994,,10,1,val,current_repo_v1
6398,255.92,0.30132932197808526,,10,1,val,current_repo_v1
6399,255.96,0.1736999036729576,,10,1,val,current_repo_v1
6400,256.0,0.21409896405563666,,10,1,val,current_repo_v1
6401,256.04,0.22154995530970398,,10,1,val,current_repo_v1
6402,256.08,0.29904903974117,,10,1,val,current_repo_v1
6403,256.12,0.32604422075115747,,10,1,val,current_repo_v1
6404,256.16,0.41082613078759117,,10,1,val,current_repo_v1
6405,256.2,0.4063571011847215,,10,1,val,current_repo_v1
6406,256.24,0.5645497579074126,,10,1,val,current_repo_v1
6407,256.28,0.4627657072211869,,10,1,val,current_repo_v1
6408,256.32,0.5160915841116216,,10,1,val,current_repo_v1
6409,256.36,0.5033718421678552,,10,1,val,current_repo_v1
6410,256.4,0.505920661864823,,10,1,val,current_repo_v1
6411,256.44,0.41595586454070116,,10,1,val,current_repo_v1
6412,256.48,0.5009271312962648,,10,1,val,current_repo_v1
6413,256.52,0.256946120605326,,10,1,val,current_repo_v1
6414,256.56,0.2096150743248204,,10,1,val,current_repo_v1
6415,256.6,0.29307641139340956,,10,1,val,current_repo_v1
6416,256.64,0.4654826486023786,,10,1,val,current_repo_v1
6417,256.68,0.5132686873802782,,10,1,val,current_repo_v1
6418,256.72,0.6946443747161518,,10,1,val,current_repo_v1
6419,256.76,0.6616622767738398,,10,1,val,current_repo_v1
6420,256.8,0.4683086228750127,,10,1,val,current_repo_v1
6421,256.84,0.39750354246985,,10,1,val,current_repo_v1
6422,256.88,0.42358060498306693,,10,1,val,current_repo_v1
6423,256.92,0.6696187761673443,,10,1,val,current_repo_v1
6424,256.96,0.40953620133802704,,10,1,val,current_repo_v1
6425,257.0,0.6561158439299675,,10,1,val,current_repo_v1
6426,257.04,0.6428534874917731,,10,1,val,current_repo_v1
6427,257.08,0.5737353393626764,,10,1,val,current_repo_v1
6428,257.12,0.585993538042587,,10,1,val,current_repo_v1
6429,257.16,0.45359999788968597,,10,1,val,current_repo_v1
6430,257.2,0.184213927808795,,10,1,val,current_repo_v1
6431,257.24,0.18704922263505241,,10,1,val,current_repo_v1
6432,257.28,0.3026941675756405,,10,1,val,current_repo_v1
6433,257.32,0.3477692441954274,,10,1,val,current_repo_v1
6434,257.36,0.36482752799133716,,10,1,val,current_repo_v1
6435,257.4,0.12188430818850204,,10,1,val,current_repo_v1
6436,257.44,-0.26650087512084847,,10,1,val,current_repo_v1
6437,257.48,-0.3166960132211174,,10,1,val,current_repo_v1
6438,257.52,-0.4271149413310718,,10,1,val,current_repo_v1
6439,257.56,-0.24544446950442353,,10,1,val,current_repo_v1
6440,257.6,-0.20202031792760128,,10,1,val,current_repo_v1
6441,257.64,-0.42730069293040407,,10,1,val,current_repo_v1
6442,257.68,-0.6279894466712654,,10,1,val,current_repo_v1
6443,257.72,-0.8818859876467493,,10,1,val,current_repo_v1
6444,257.76,-0.9087874795068723,,10,1,val,current_repo_v1
6445,257.8,-0.5550654351225719,,10,1,val,current_repo_v1
6446,257.84,-0.9113085134024725,,10,1,val,current_repo_v1
6447,257.88,-1.007275219681492,,10,1,val,current_repo_v1
6448,257.92,-0.7466223324861302,,10,1,val,current_repo_v1
6449,257.96,-0.7465746745609997,,10,1,val,current_repo_v1
6450,258.0,-0.8369763948186515,,10,1,val,current_repo_v1
6451,258.04,-0.5769688240670763,,10,1,val,current_repo_v1
6452,258.08,-0.32048952251067575,,10,1,val,current_repo_v1
6453,258.12,-0.4573022800624125,,10,1,val,current_repo_v1
6454,258.16,-0.36535293023697507,,10,1,val,current_repo_v1
6455,258.2,-0.36943926758034473,,10,1,val,current_repo_v1
6456,258.24,-0.6346114362313661,,10,1,val,current_repo_v1
6457,258.28,-1.2652633957678532,,10,1,val,current_repo_v1
6458,258.32,-1.0551827773754991,,10,1,val,current_repo_v1
6459,258.36,-0.6842929326902152,,10,1,val,current_repo_v1
6460,258.4,-0.7618302225985616,,10,1,val,current_repo_v1
6461,258.44,-1.1767028365698076,,10,1,val,current_repo_v1
6462,258.48,-1.2769012500533075,,10,1,val,current_repo_v1
6463,258.52,-1.9789235903651854,,10,1,val,current_repo_v1
6464,258.56,-2.4182936088700018,,10,1,val,current_repo_v1
6465,258.6,-1.9267914477765424,,10,1,val,current_repo_v1
6466,258.64,-1.6521279219605873,,10,1,val,current_repo_v1
6467,258.68,-1.4871528918116739,,10,1,val,current_repo_v1
6468,258.72,-1.1835492228548767,,10,1,val,current_repo_v1
6469,258.76,-1.1114222065707264,,10,1,val,current_repo_v1
6470,258.8,-1.1473918057385593,,10,1,val,current_repo_v1
6471,258.84,-1.0029549672175906,,10,1,val,current_repo_v1
6472,258.88,-1.2684360770493237,,10,1,val,current_repo_v1
6473,258.92,-1.6802724767129045,,10,1,val,current_repo_v1
6474,258.96,-1.5427452459680913,,10,1,val,current_repo_v1
6475,259.0,-1.1565785302805882,,10,1,val,current_repo_v1
6476,259.04,-0.5194233742778219,,10,1,val,current_repo_v1
6477,259.08,-0.06486061156021232,,10,1,val,current_repo_v1
6478,259.12,-0.003694368495121876,,10,1,val,current_repo_v1
6479,259.16,-0.09272900094656378,,10,1,val,current_repo_v1
6480,259.2,-0.36291116501204856,,10,1,val,current_repo_v1
6481,259.24,-0.7120444854197084,,10,1,val,current_repo_v1
6482,259.28,-0.9849587367660229,,10,1,val,current_repo_v1
6483,259.32,-0.8041386775277495,,10,1,val,current_repo_v1
6484,259.36,-0.41656126087745976,,10,1,val,current_repo_v1
6485,259.4,-0.16165919923254912,,10,1,val,current_repo_v1
6486,259.44,-0.4799277920883448,,10,1,val,current_repo_v1
6487,259.48,-0.43378225867789705,,10,1,val,current_repo_v1
6488,259.52,-0.7611888629935771,,10,1,val,current_repo_v1
6489,259.56,-0.9342414718033468,,10,1,val,current_repo_v1
6490,259.6,-0.8202514527094014,,10,1,val,current_repo_v1
6491,259.64,-0.5814816426860253,,10,1,val,current_repo_v1
6492,259.68,-0.6488040894368671,,10,1,val,current_repo_v1
6493,259.72,-0.7484228700006991,,10,1,val,current_repo_v1
6494,259.76,-0.7318954181125615,,10,1,val,current_repo_v1
6495,259.8,-0.7258163947658937,,10,1,val,current_repo_v1
6496,259.84,-0.834439533567842,,10,1,val,current_repo_v1
6497,259.88,-0.6799303420511286,,10,1,val,current_repo_v1
6498,259.92,-0.5447620027407704,,10,1,val,current_repo_v1
6499,259.96,-0.3716390501300701,,10,1,val,current_repo_v1
6500,260.0,-0.5158712761200821,,10,1,val,current_repo_v1
6501,260.04,-0.7017923160828351,,10,1,val,current_repo_v1
6502,260.08,-0.7344864440900876,,10,1,val,current_repo_v1
6503,260.12,-0.5613389590788127,,10,1,val,current_repo_v1
6504,260.16,-0.41860158282345067,,10,1,val,current_repo_v1
6505,260.2,-0.3780935774790804,,10,1,val,current_repo_v1
6506,260.24,-0.36347248656103665,,10,1,val,current_repo_v1
6507,260.28,-0.12968191852165467,,10,1,val,current_repo_v1
6508,260.32,0.09891644167641588,,10,1,val,current_repo_v1
6509,260.36,0.2510169735195158,,10,1,val,current_repo_v1
6510,260.4,0.1160706568308447,,10,1,val,current_repo_v1
6511,260.44,0.3348184668304798,,10,1,val,current_repo_v1
6512,260.48,0.6905694462579955,,10,1,val,current_repo_v1
6513,260.52,1.0381721515047198,,10,1,val,current_repo_v1
6514,260.56,0.9244425803337197,,10,1,val,current_repo_v1
6515,260.6,0.7950669651002421,,10,1,val,current_repo_v1
6516,260.64,0.6453186859953846,,10,1,val,current_repo_v1
6517,260.68,0.8233360283802065,,10,1,val,current_repo_v1
6518,260.72,0.7457146336648725,,10,1,val,current_repo_v1
6519,260.76,0.8324914499308212,,10,1,val,current_repo_v1
6520,260.8,0.7264702843604188,,10,1,val,current_repo_v1
6521,260.84,0.6457977272797217,,10,1,val,current_repo_v1
6522,260.88,0.379697328210546,,10,1,val,current_repo_v1
6523,260.92,0.014506518452278107,,10,1,val,current_repo_v1
6524,260.96,0.05125807689720528,,10,1,val,current_repo_v1
6525,261.0,0.029195447173344272,,10,1,val,current_repo_v1
6526,261.04,0.11681779592647842,,10,1,val,current_repo_v1
6527,261.08,-0.30052340184379894,,10,1,val,current_repo_v1
6528,261.12,-0.5820024066372893,,10,1,val,current_repo_v1
6529,261.16,-0.6668115748965836,,10,1,val,current_repo_v1
6530,261.2,-0.4174283801185557,,10,1,val,current_repo_v1
6531,261.24,-0.22603591138967255,,10,1,val,current_repo_v1
6532,261.28,-0.00447742689410576,,10,1,val,current_repo_v1
6533,261.32,-0.02216583726928882,,10,1,val,current_repo_v1
6534,261.36,0.10677547094075601,,10,1,val,current_repo_v1
6535,261.4,0.12805051388344824,,10,1,val,current_repo_v1
6536,261.44,0.07796964049481588,,10,1,val,current_repo_v1
6537,261.48,-0.09135136157021433,,10,1,val,current_repo_v1
6538,261.52,-0.2703186090568523,,10,1,val,current_repo_v1
6539,261.56,-0.5835066648553138,,10,1,val,current_repo_v1
6540,261.6,-0.8577111094404458,,10,1,val,current_repo_v1
6541,261.64,-0.771442878855225,,10,1,val,current_repo_v1
6542,261.68,-0.5288364299993449,,10,1,val,current_repo_v1
6543,261.72,-0.4418727630121743,,10,1,val,current_repo_v1
6544,261.76,-0.5433470371850522,,10,1,val,current_repo_v1
6545,261.8,-0.7953100029324572,,10,1,val,current_repo_v1
6546,261.84,-0.9232173671810118,,10,1,val,current_repo_v1
6547,261.88,-0.9557650042228263,,10,1,val,current_repo_v1
6548,261.92,-1.1208676204406776,,10,1,val,current_repo_v1
6549,261.96,-1.1836665211429285,,10,1,val,current_repo_v1
6550,262.0,-1.1768920613943108,,10,1,val,current_repo_v1
6551,262.04,-1.3076784215554509,,10,1,val,current_repo_v1
6552,262.08,-1.1794527516076856,,10,1,val,current_repo_v1
6553,262.12,-1.299778285132442,,10,1,val,current_repo_v1
6554,262.16,-1.1163867203214008,,10,1,val,current_repo_v1
6555,262.2,-1.1343305446412753,,10,1,val,current_repo_v1
6556,262.24,-1.444492190299326,,10,1,val,current_repo_v1
6557,262.28,-1.4713828668000561,,10,1,val,current_repo_v1
6558,262.32,-1.2742003998165785,,10,1,val,current_repo_v1
6559,262.36,-1.203050107208349,,10,1,val,current_repo_v1
6560,262.4,-1.0501966329060388,,10,1,val,current_repo_v1
6561,262.44,-1.0301245568890103,,10,1,val,current_repo_v1
6562,262.48,-1.1245467770888482,,10,1,val,current_repo_v1
6563,262.52,-1.320365277772282,,10,1,val,current_repo_v1
6564,262.56,-1.0719752495336425,,10,1,val,current_repo_v1
6565,262.6,-1.1076326101550948,,10,1,val,current_repo_v1
6566,262.64,-1.086084545335041,,10,1,val,current_repo_v1
6567,262.68,-1.1785108481132254,,10,1,val,current_repo_v1
6568,262.72,-1.1075873263332459,,10,1,val,current_repo_v1
6569,262.76,-1.309826545376368,,10,1,val,current_repo_v1
6570,262.8,-1.2284832601537978,,10,1,val,current_repo_v1
6571,262.84,-1.4032139203347662,,10,1,val,current_repo_v1
6572,262.88,-1.6284014854852162,,10,1,val,current_repo_v1
6573,262.92,-1.6029955907626279,,10,1,val,current_repo_v1
6574,262.96,-1.478997934969794,,10,1,val,current_repo_v1
6575,263.0,-1.3738416903967083,,10,1,val,current_repo_v1
6576,263.04,-1.380457876593232,,10,1,val,current_repo_v1
6577,263.08,-1.762511414380823,,10,1,val,current_repo_v1
6578,263.12,-1.9518115067510264,,10,1,val,current_repo_v1
6579,263.16,-1.9409660753830549,,10,1,val,current_repo_v1
6580,263.2,-1.8670943569763245,,10,1,val,current_repo_v1
6581,263.24,-1.9313703016386148,,10,1,val,current_repo_v1
6582,263.28,-1.5523673986378803,,10,1,val,current_repo_v1
6583,263.32,-1.6270531706808797,,10,1,val,current_repo_v1
6584,263.36,-1.3426554696921535,,10,1,val,current_repo_v1
6585,263.4,-1.2347769200230552,,10,1,val,current_repo_v1
6586,263.44,-1.0745602962880896,,10,1,val,current_repo_v1
6587,263.48,-1.037749297331376,,10,1,val,current_repo_v1
6588,263.52,-0.8296316227039894,,10,1,val,current_repo_v1
6589,263.56,-0.92938335305158,,10,1,val,current_repo_v1
6590,263.6,-0.7053202335590051,,10,1,val,current_repo_v1
6591,263.64,-0.6979802536157813,,10,1,val,current_repo_v1
6592,263.68,-0.5374086574753698,,10,1,val,current_repo_v1
6593,263.72,-0.6026043912997029,,10,1,val,current_repo_v1
6594,263.76,-0.5962887050277792,,10,1,val,current_repo_v1
6595,263.8,-0.5354862932905643,,10,1,val,current_repo_v1
6596,263.84,-0.9587171576883796,,10,1,val,current_repo_v1
6597,263.88,-1.0113412672347808,,10,1,val,current_repo_v1
6598,263.92,-0.8115833378397331,,10,1,val,current_repo_v1
6599,263.96,-0.2936510323172611,,10,1,val,current_repo_v1
6600,264.0,-0.3492183704594725,,10,1,val,current_repo_v1
6601,264.04,-0.13829560487535297,,10,1,val,current_repo_v1
6602,264.08,-0.33952000467786275,,10,1,val,current_repo_v1
6603,264.12,-0.8384362924772141,,10,1,val,current_repo_v1
6604,264.16,-1.161427504338234,,10,1,val,current_repo_v1
6605,264.2,-0.9024793112286732,,10,1,val,current_repo_v1
6606,264.24,-0.4274452934061919,,10,1,val,current_repo_v1
6607,264.28,-0.9543703504396268,,10,1,val,current_repo_v1
6608,264.32,-0.9151202681153973,,10,1,val,current_repo_v1
6609,264.36,-0.9604576391829039,,10,1,val,current_repo_v1
6610,264.4,-1.0241981795903616,,10,1,val,current_repo_v1
6611,264.44,-0.887590430253462,,10,1,val,current_repo_v1
6612,264.48,-0.6241576000101998,,10,1,val,current_repo_v1
6613,264.52,-0.7016304374109437,,10,1,val,current_repo_v1
6614,264.56,-1.023516724018847,,10,1,val,current_repo_v1
6615,264.6,-1.332208184237449,,10,1,val,current_repo_v1
6616,264.64,-1.5810817381777351,,10,1,val,current_repo_v1
6617,264.68,-1.5006495810367182,,10,1,val,current_repo_v1
6618,264.72,-1.4398535442064626,,10,1,val,current_repo_v1
6619,264.76,-1.0241737351195384,,10,1,val,current_repo_v1
6620,264.8,-0.9937781787374431,,10,1,val,current_repo_v1
6621,264.84,-0.9812037846723496,,10,1,val,current_repo_v1
6622,264.88,-0.8314952058501422,,10,1,val,current_repo_v1
6623,264.92,-0.9205054377956363,,10,1,val,current_repo_v1
6624,264.96,-0.8417078067989922,,10,1,val,current_repo_v1
6625,265.0,-0.5579471128925678,,10,1,val,current_repo_v1
6626,265.04,-0.30189616111895884,,10,1,val,current_repo_v1
6627,265.08,-0.5676796174000668,,10,1,val,current_repo_v1
6628,265.12,-0.4192705963351759,,10,1,val,current_repo_v1
6629,265.16,-0.6740335091488708,,10,1,val,current_repo_v1
6630,265.2,-0.7458565522832499,,10,1,val,current_repo_v1
6631,265.24,-0.8816112951041154,,10,1,val,current_repo_v1
6632,265.28,-0.6555884852473661,,10,1,val,current_repo_v1
6633,265.32,-0.5717944659652511,,10,1,val,current_repo_v1
6634,265.36,-0.264620541357099,,10,1,val,current_repo_v1
6635,265.4,-0.26945619405744364,,10,1,val,current_repo_v1
6636,265.44,-0.2881753609406373,,10,1,val,current_repo_v1
6637,265.48,-0.04527494094418087,,10,1,val,current_repo_v1
6638,265.52,-0.16417407804556783,,10,1,val,current_repo_v1
6639,265.56,-0.24427997184489367,,10,1,val,current_repo_v1
6640,265.6,-0.47029873693308943,,10,1,val,current_repo_v1
6641,265.64,-0.3556559933138217,,10,1,val,current_repo_v1
6642,265.68,-0.11449398846273735,,10,1,val,current_repo_v1
6643,265.72,-0.15595196485623705,,10,1,val,current_repo_v1
6644,265.76,-0.20576627920421817,,10,1,val,current_repo_v1
6645,265.8,-0.05689160415960481,,10,1,val,current_repo_v1
6646,265.84,-0.15123618238916564,,10,1,val,current_repo_v1
6647,265.88,-0.27280389950860456,,10,1,val,current_repo_v1
6648,265.92,0.051620259542246506,,10,1,val,current_repo_v1
6649,265.96,0.10516552116183339,,10,1,val,current_repo_v1
6650,266.0,0.3592779296764229,,10,1,val,current_repo_v1
6651,266.04,-0.12002729779124861,,10,1,val,current_repo_v1
6652,266.08,-0.2839374327062623,,10,1,val,current_repo_v1
6653,266.12,-0.5737510787881346,,10,1,val,current_repo_v1
6654,266.16,-0.617916126448258,,10,1,val,current_repo_v1
6655,266.2,-0.3284616294350118,,10,1,val,current_repo_v1
6656,266.24,-0.13026341994853471,,10,1,val,current_repo_v1
6657,266.28,-0.4199961047120235,,10,1,val,current_repo_v1
6658,266.32,0.08853009153926746,,10,1,val,current_repo_v1
6659,266.36,0.5875785597370549,,10,1,val,current_repo_v1
6660,266.4,0.4038092487150166,,10,1,val,current_repo_v1
6661,266.44,0.2738708391092189,,10,1,val,current_repo_v1
6662,266.48,-0.42510579048186825,,10,1,val,current_repo_v1
6663,266.52,-0.6309832788388701,,10,1,val,current_repo_v1
6664,266.56,-0.44908309053730794,,10,1,val,current_repo_v1
6665,266.6,-0.4313752696695556,,10,1,val,current_repo_v1
6666,266.64,-0.37562349887427937,,10,1,val,current_repo_v1
6667,266.68,-0.3508741316387512,,10,1,val,current_repo_v1
6668,266.72,-0.6154902325434164,,10,1,val,current_repo_v1
6669,266.76,-0.5522337893809878,,10,1,val,current_repo_v1
6670,266.8,-0.19376698967660758,,10,1,val,current_repo_v1
6671,266.84,0.07629202877237318,,10,1,val,current_repo_v1
6672,266.88,-0.24060323326488003,,10,1,val,current_repo_v1
6673,266.92,-0.09384937985344749,,10,1,val,current_repo_v1
6674,266.96,0.004198997337047487,,10,1,val,current_repo_v1
6675,267.0,-0.15594937092857775,,10,1,val,current_repo_v1
6676,267.04,-0.1813047719915605,,10,1,val,current_repo_v1
6677,267.08,-0.5401317099742674,,10,1,val,current_repo_v1
6678,267.12,-0.819807847114783,,10,1,val,current_repo_v1
6679,267.16,-0.1494907988110139,,10,1,val,current_repo_v1
6680,267.2,-0.16826828510166658,,10,1,val,current_repo_v1
6681,267.24,-0.1532455750451849,,10,1,val,current_repo_v1
6682,267.28,0.4352597862515679,,10,1,val,current_repo_v1
6683,267.32,0.7211911579600825,,10,1,val,current_repo_v1
6684,267.36,0.4264059637474429,,10,1,val,current_repo_v1
6685,267.4,0.2602427828359367,,10,1,val,current_repo_v1
6686,267.44,0.24990549749993735,,10,1,val,current_repo_v1
6687,267.48,0.3473582605384906,,10,1,val,current_repo_v1
6688,267.52,0.5652129240906855,,10,1,val,current_repo_v1
6689,267.56,0.3730578406299639,,10,1,val,current_repo_v1
6690,267.6,0.4719501455896855,,10,1,val,current_repo_v1
6691,267.64,0.5605623195516638,,10,1,val,current_repo_v1
6692,267.68,0.47572250777408914,,10,1,val,current_repo_v1
6693,267.72,0.7810038324182045,,10,1,val,current_repo_v1
6694,267.76,0.7769884324015858,,10,1,val,current_repo_v1
6695,267.8,0.6776428935394935,,10,1,val,current_repo_v1
6696,267.84,0.6391183195921115,,10,1,val,current_repo_v1
6697,267.88,0.6009942656612779,,10,1,val,current_repo_v1
6698,267.92,0.7043213955506666,,10,1,val,current_repo_v1
6699,267.96,0.6340814396562299,,10,1,val,current_repo_v1
6700,268.0,0.6285462618205063,,10,1,val,current_repo_v1
6701,268.04,0.6330035967664713,,10,1,val,current_repo_v1
6702,268.08,0.38732031005788853,,10,1,val,current_repo_v1
6703,268.12,0.44543202744463395,,10,1,val,current_repo_v1
6704,268.16,0.6089880472692756,,10,1,val,current_repo_v1
6705,268.2,0.6793627994722456,,10,1,val,current_repo_v1
6706,268.24,0.4023333478417423,,10,1,val,current_repo_v1
6707,268.28,0.49979081512198276,,10,1,val,current_repo_v1
6708,268.32,0.6934831744222906,,10,1,val,current_repo_v1
6709,268.36,0.6252153069869419,,10,1,val,current_repo_v1
6710,268.4,0.5941985269128788,,10,1,val,current_repo_v1
6711,268.44,0.532309787064918,,10,1,val,current_repo_v1
6712,268.48,0.38673856682419283,,10,1,val,current_repo_v1
6713,268.52,0.6928338132099503,,10,1,val,current_repo_v1
6714,268.56,0.6918410863193177,,10,1,val,current_repo_v1
6715,268.6,0.6036760351420043,,10,1,val,current_repo_v1
6716,268.64,0.7200342662240283,,10,1,val,current_repo_v1
6717,268.68,0.9055607214284364,,10,1,val,current_repo_v1
6718,268.72,0.7436027369014347,,10,1,val,current_repo_v1
6719,268.76,0.7418951411338454,,10,1,val,current_repo_v1
6720,268.8,0.8028617616813575,,10,1,val,current_repo_v1
6721,268.84,0.6915408941488466,,10,1,val,current_repo_v1
6722,268.88,0.7594703639368435,,10,1,val,current_repo_v1
6723,268.92,0.615286103626091,,10,1,val,current_repo_v1
6724,268.96,0.6139566937182546,,10,1,val,current_repo_v1
6725,269.0,0.7444748241734713,,10,1,val,current_repo_v1
6726,269.04,0.767655744472626,,10,1,val,current_repo_v1
6727,269.08,0.89904336827222,,10,1,val,current_repo_v1
6728,269.12,0.9448894129502058,,10,1,val,current_repo_v1
6729,269.16,0.9495987545630046,,10,1,val,current_repo_v1
6730,269.2,0.9000925460630993,,10,1,val,current_repo_v1
6731,269.24,0.699521046645414,,10,1,val,current_repo_v1
6732,269.28,0.7326573733712662,,10,1,val,current_repo_v1
6733,269.32,0.9522515951555983,,10,1,val,current_repo_v1
6734,269.36,0.7404771859665876,,10,1,val,current_repo_v1
6735,269.4,0.6213601149769427,,10,1,val,current_repo_v1
6736,269.44,0.736680335346485,,10,1,val,current_repo_v1
6737,269.48,0.8562968473227369,,10,1,val,current_repo_v1
6738,269.52,0.7829208768530646,,10,1,val,current_repo_v1
6739,269.56,0.8120727548347074,,10,1,val,current_repo_v1
6740,269.6,0.9941010567837144,,10,1,val,current_repo_v1
6741,269.64,0.7849576816090089,,10,1,val,current_repo_v1
6742,269.68,0.936529755647618,,10,1,val,current_repo_v1
6743,269.72,0.8584418056726121,,10,1,val,current_repo_v1
6744,269.76,0.7861118475227771,,10,1,val,current_repo_v1
6745,269.8,0.940216650113891,,10,1,val,current_repo_v1
6746,269.84,0.8774377973949052,,10,1,val,current_repo_v1
6747,269.88,0.9080056960892804,,10,1,val,current_repo_v1
6748,269.92,0.6621533644340863,,10,1,val,current_repo_v1
6749,269.96,0.40258262868628997,,10,1,val,current_repo_v1
6750,270.0,0.6429866131350341,,10,1,val,current_repo_v1
6751,270.04,0.577053544382322,,10,1,val,current_repo_v1
6752,270.08,0.30076450522148845,,10,1,val,current_repo_v1
6753,270.12,0.6058107936407445,,10,1,val,current_repo_v1
6754,270.16,0.7615938674274348,,10,1,val,current_repo_v1
6755,270.2,0.8124093499221602,,10,1,val,current_repo_v1
6756,270.24,0.8598346129310371,,10,1,val,current_repo_v1
6757,270.28,0.43604869197900414,,10,1,val,current_repo_v1
6758,270.32,0.15032316381796254,,10,1,val,current_repo_v1
6759,270.36,0.1164200017322161,,10,1,val,current_repo_v1
6760,270.4,0.45646290265780864,,10,1,val,current_repo_v1
6761,270.44,0.7111355116170589,,10,1,val,current_repo_v1
6762,270.48,1.0426140108144801,,10,1,val,current_repo_v1
6763,270.52,0.9738947999664108,,10,1,val,current_repo_v1
6764,270.56,1.1754484307397135,,10,1,val,current_repo_v1
6765,270.6,1.544710124187584,,10,1,val,current_repo_v1
6766,270.64,1.6798377520231536,,10,1,val,current_repo_v1
6767,270.68,1.518751503049184,,10,1,val,current_repo_v1
6768,270.72,1.6583461381033464,,10,1,val,current_repo_v1
6769,270.76,1.7475028610142784,,10,1,val,current_repo_v1
6770,270.8,1.3057038710633302,,10,1,val,current_repo_v1
6771,270.84,1.1349543182960269,,10,1,val,current_repo_v1
6772,270.88,1.5408206395746311,,10,1,val,current_repo_v1
6773,270.92,1.3473331565945335,,10,1,val,current_repo_v1
6774,270.96,1.0593164429074324,,10,1,val,current_repo_v1
6775,271.0,0.3815425340387058,,10,1,val,current_repo_v1
6776,271.04,0.04394742152599445,,10,1,val,current_repo_v1
6777,271.08,-0.3293449936976351,,10,1,val,current_repo_v1
6778,271.12,-0.6829935068275254,,10,1,val,current_repo_v1
6779,271.16,-0.523035132771726,,10,1,val,current_repo_v1
6780,271.2,-0.48455790899534545,,10,1,val,current_repo_v1
6781,271.24,-7.425667485732226e-05,,10,1,val,current_repo_v1
6782,271.28,0.34155054443903676,,10,1,val,current_repo_v1
6783,271.32,0.10593477458988465,,10,1,val,current_repo_v1
6784,271.36,-0.4015206571166164,,10,1,val,current_repo_v1
6785,271.4,-0.898687252780009,,10,1,val,current_repo_v1
6786,271.44,-1.4192048248813058,,10,1,val,current_repo_v1
6787,271.48,-1.697552607270999,,10,1,val,current_repo_v1
6788,271.52,-1.795183823739538,,10,1,val,current_repo_v1
6789,271.56,-2.071799214171814,,10,1,val,current_repo_v1
6790,271.6,-1.8071635488975148,,10,1,val,current_repo_v1
6791,271.64,-1.2024446229418393,,10,1,val,current_repo_v1
6792,271.68,-1.2571960169581318,,10,1,val,current_repo_v1
6793,271.72,-1.468188378940297,,10,1,val,current_repo_v1
6794,271.76,-1.2557900202370322,,10,1,val,current_repo_v1
6795,271.8,-1.6142903431590434,,10,1,val,current_repo_v1
6796,271.84,-1.5540500223561393,,10,1,val,current_repo_v1
6797,271.88,-1.1130320244550225,,10,1,val,current_repo_v1
6798,271.92,-1.000766659500392,,10,1,val,current_repo_v1
6799,271.96,-0.6332603956047435,,10,1,val,current_repo_v1
6800,272.0,-0.6847703033092801,,10,1,val,current_repo_v1
6801,272.04,-0.46454342696532885,,10,1,val,current_repo_v1
6802,272.08,-0.5876837237194461,,10,1,val,current_repo_v1
6803,272.12,-0.8554449838934678,,10,1,val,current_repo_v1
6804,272.16,-0.9936791698376333,,10,1,val,current_repo_v1
6805,272.2,-0.8175324889439329,,10,1,val,current_repo_v1
6806,272.24,-1.0774002513911585,,10,1,val,current_repo_v1
6807,272.28,-0.8664833331354914,,10,1,val,current_repo_v1
6808,272.32,-0.6722542066692079,,10,1,val,current_repo_v1
6809,272.36,-0.8532748776347601,,10,1,val,current_repo_v1
6810,272.4,-1.0219294161508488,,10,1,val,current_repo_v1
6811,272.44,-0.8639229067113702,,10,1,val,current_repo_v1
6812,272.48,-0.9546594634614514,,10,1,val,current_repo_v1
6813,272.52,-0.9479902556249761,,10,1,val,current_repo_v1
6814,272.56,-1.1956691080362076,,10,1,val,current_repo_v1
6815,272.6,-1.3478245080440334,,10,1,val,current_repo_v1
6816,272.64,-1.331820238175317,,10,1,val,current_repo_v1
6817,272.68,-1.2486928583016457,,10,1,val,current_repo_v1
6818,272.72,-0.8964993847115662,,10,1,val,current_repo_v1
6819,272.76,-0.47075016827556126,,10,1,val,current_repo_v1
6820,272.8,-0.41776053475357466,,10,1,val,current_repo_v1
6821,272.84,-0.4121691698068579,,10,1,val,current_repo_v1
6822,272.88,-0.7376007400167858,,10,1,val,current_repo_v1
6823,272.92,-0.45687243547385126,,10,1,val,current_repo_v1
6824,272.96,-0.22753801532879353,,10,1,val,current_repo_v1
6825,273.0,-0.3572765386277595,,10,1,val,current_repo_v1
6826,273.04,-0.3168734554589647,,10,1,val,current_repo_v1
6827,273.08,0.022998817784495612,,10,1,val,current_repo_v1
6828,273.12,0.15801385157370074,,10,1,val,current_repo_v1
6829,273.16,0.4381693817175582,,10,1,val,current_repo_v1
6830,273.2,0.3057664330812827,,10,1,val,current_repo_v1
6831,273.24,0.06988880843316657,,10,1,val,current_repo_v1
6832,273.28,-0.05586537603377909,,10,1,val,current_repo_v1
6833,273.32,-0.18008492255367342,,10,1,val,current_repo_v1
6834,273.36,-0.07262340171190433,,10,1,val,current_repo_v1
6835,273.4,0.026443993364820978,,10,1,val,current_repo_v1
6836,273.44,-0.09622770376290973,,10,1,val,current_repo_v1
6837,273.48,-0.17556122262801802,,10,1,val,current_repo_v1
6838,273.52,-0.5045522551123457,,10,1,val,current_repo_v1
6839,273.56,-0.31654376285697833,,10,1,val,current_repo_v1
6840,273.6,-0.008020512252351352,,10,1,val,current_repo_v1
6841,273.64,0.044043440814264666,,10,1,val,current_repo_v1
6842,273.68,-0.31478310148456196,,10,1,val,current_repo_v1
6843,273.72,-0.11315079556640609,,10,1,val,current_repo_v1
6844,273.76,-0.11544382761724004,,10,1,val,current_repo_v1
6845,273.8,-0.2283321089115484,,10,1,val,current_repo_v1
6846,273.84,-0.41997179213582686,,10,1,val,current_repo_v1
6847,273.88,-0.26579932760119285,,10,1,val,current_repo_v1
6848,273.92,-0.3104296115747207,,10,1,val,current_repo_v1
6849,273.96,-0.44320643751294214,,10,1,val,current_repo_v1
6850,274.0,-0.2607849137167334,,10,1,val,current_repo_v1
6851,274.04,0.09633834137231083,,10,1,val,current_repo_v1
6852,274.08,0.3517852597203043,,10,1,val,current_repo_v1
6853,274.12,0.2347149735133607,,10,1,val,current_repo_v1
6854,274.16,0.04186709154322429,,10,1,val,current_repo_v1
6855,274.2,0.0574930436575611,,10,1,val,current_repo_v1
6856,274.24,-0.18807975931868512,,10,1,val,current_repo_v1
6857,274.28,0.07430903702414067,,10,1,val,current_repo_v1
6858,274.32,0.2233749812599718,,10,1,val,current_repo_v1
6859,274.36,-0.006496689664693083,,10,1,val,current_repo_v1
6860,274.4,-0.06542173526726028,,10,1,val,current_repo_v1
6861,274.44,0.037235567760205014,,10,1,val,current_repo_v1
6862,274.48,0.36734671536216285,,10,1,val,current_repo_v1
6863,274.52,0.07278684113687893,,10,1,val,current_repo_v1
6864,274.56,0.1957456069197197,,10,1,val,current_repo_v1
6865,274.6,0.15328855071106592,,10,1,val,current_repo_v1
6866,274.64,0.22223536772002112,,10,1,val,current_repo_v1
6867,274.68,0.2819357998507832,,10,1,val,current_repo_v1
6868,274.72,0.16467554141645158,,10,1,val,current_repo_v1
6869,274.76,0.2407989648909693,,10,1,val,current_repo_v1
6870,274.8,0.20589089764405422,,10,1,val,current_repo_v1
6871,274.84,-0.259232843696514,,10,1,val,current_repo_v1
6872,274.88,-0.28882096315611533,,10,1,val,current_repo_v1
6873,274.92,-0.3039459794780754,,10,1,val,current_repo_v1
6874,274.96,-0.023379663519221223,,10,1,val,current_repo_v1
6875,275.0,-0.2154950686797304,,10,1,val,current_repo_v1
6876,275.04,-0.12954549551272498,,10,1,val,current_repo_v1
6877,275.08,-0.5287353987152584,,10,1,val,current_repo_v1
6878,275.12,-0.5660295276897381,,10,1,val,current_repo_v1
6879,275.16,-0.6030367418861723,,10,1,val,current_repo_v1
6880,275.2,-0.6455621195114799,,10,1,val,current_repo_v1
6881,275.24,-0.42228425666166786,,10,1,val,current_repo_v1
6882,275.28,-0.05044266034979334,,10,1,val,current_repo_v1
6883,275.32,-0.058572623159905086,,10,1,val,current_repo_v1
6884,275.36,0.08357731641037343,,10,1,val,current_repo_v1
6885,275.4,-0.20817865390981838,,10,1,val,current_repo_v1
6886,275.44,-0.3150209514614584,,10,1,val,current_repo_v1
6887,275.48,0.02563829305491257,,10,1,val,current_repo_v1
6888,275.52,0.33339325745875104,,10,1,val,current_repo_v1
6889,275.56,0.11074330096199544,,10,1,val,current_repo_v1
6890,275.6,0.15775560189453441,,10,1,val,current_repo_v1
6891,275.64,0.23680554731214137,,10,1,val,current_repo_v1
6892,275.68,-0.06057583875090513,,10,1,val,current_repo_v1
6893,275.72,0.04005477144199956,,10,1,val,current_repo_v1
6894,275.76,0.11656877887118423,,10,1,val,current_repo_v1
6895,275.8,0.21840347709408,,10,1,val,current_repo_v1
6896,275.84,0.1361534602775151,,10,1,val,current_repo_v1
6897,275.88,0.18147073939688105,,10,1,val,current_repo_v1
6898,275.92,-0.09373425782673707,,10,1,val,current_repo_v1
6899,275.96,-0.07457792620319774,,10,1,val,current_repo_v1
6900,276.0,0.173670754960447,,10,1,val,current_repo_v1
6901,276.04,0.26099774767942396,,10,1,val,current_repo_v1
6902,276.08,0.45555221422501135,,10,1,val,current_repo_v1
6903,276.12,0.4025761218847039,,10,1,val,current_repo_v1
6904,276.16,0.22971001207715133,,10,1,val,current_repo_v1
6905,276.2,0.28345474233725193,,10,1,val,current_repo_v1
6906,276.24,0.35936840939036985,,10,1,val,current_repo_v1
6907,276.28,0.09514328812425177,,10,1,val,current_repo_v1
6908,276.32,0.3001941928554439,,10,1,val,current_repo_v1
6909,276.36,0.26632501561852207,,10,1,val,current_repo_v1
6910,276.4,0.3267811160307807,,10,1,val,current_repo_v1
6911,276.44,0.379393442990526,,10,1,val,current_repo_v1
6912,276.48,0.2104509345393778,,10,1,val,current_repo_v1
6913,276.52,0.16946283275365645,,10,1,val,current_repo_v1
6914,276.56,-0.12341151607158009,,10,1,val,current_repo_v1
6915,276.6,0.1856255959988446,,10,1,val,current_repo_v1
6916,276.64,0.264153986097427,,10,1,val,current_repo_v1
6917,276.68,0.04367079452883502,,10,1,val,current_repo_v1
6918,276.72,0.08043009079186457,,10,1,val,current_repo_v1
6919,276.76,-0.2291693320372488,,10,1,val,current_repo_v1
6920,276.8,-0.11936250490757924,,10,1,val,current_repo_v1
6921,276.84,0.08946047623632528,,10,1,val,current_repo_v1
6922,276.88,0.1260986932320031,,10,1,val,current_repo_v1
6923,276.92,0.40850680774115944,,10,1,val,current_repo_v1
6924,276.96,0.3206956298474023,,10,1,val,current_repo_v1
6925,277.0,0.25899782945409255,,10,1,val,current_repo_v1
6926,277.04,0.4856300804161539,,10,1,val,current_repo_v1
6927,277.08,0.3190245249265457,,10,1,val,current_repo_v1
6928,277.12,0.2671577982917887,,10,1,val,current_repo_v1
6929,277.16,-0.045249771052910406,,10,1,val,current_repo_v1
6930,277.2,0.14799399263940052,,10,1,val,current_repo_v1
6931,277.24,0.28618535679474955,,10,1,val,current_repo_v1
6932,277.28,0.5052817642928712,,10,1,val,current_repo_v1
6933,277.32,0.6888964948123645,,10,1,val,current_repo_v1
6934,277.36,0.7868075477139803,,10,1,val,current_repo_v1
6935,277.4,0.48108754154131184,,10,1,val,current_repo_v1
6936,277.44,0.6302107720100257,,10,1,val,current_repo_v1
6937,277.48,0.4304851128336549,,10,1,val,current_repo_v1
6938,277.52,0.3373796846223615,,10,1,val,current_repo_v1
6939,277.56,0.4165754175673971,,10,1,val,current_repo_v1
6940,277.6,0.4373168148502798,,10,1,val,current_repo_v1
6941,277.64,0.5364653471048909,,10,1,val,current_repo_v1
6942,277.68,0.42970755004411876,,10,1,val,current_repo_v1
6943,277.72,0.565756857531381,,10,1,val,current_repo_v1
6944,277.76,0.9381538181516024,,10,1,val,current_repo_v1
6945,277.8,0.9296321942473719,,10,1,val,current_repo_v1
6946,277.84,0.8820558679259966,,10,1,val,current_repo_v1
6947,277.88,0.7067729649428479,,10,1,val,current_repo_v1
6948,277.92,0.8686110572541386,,10,1,val,current_repo_v1
6949,277.96,0.42276998060709337,,10,1,val,current_repo_v1
6950,278.0,0.3617507780683856,,10,1,val,current_repo_v1
6951,278.04,0.7016135988635959,,10,1,val,current_repo_v1
6952,278.08,0.7470917894275905,,10,1,val,current_repo_v1
6953,278.12,0.8855873025922131,,10,1,val,current_repo_v1
6954,278.16,0.9385980392544788,,10,1,val,current_repo_v1
6955,278.2,0.794885829812846,,10,1,val,current_repo_v1
6956,278.24,0.3747328144598717,,10,1,val,current_repo_v1
6957,278.28,0.6677562481782054,,10,1,val,current_repo_v1
6958,278.32,0.6510279647384112,,10,1,val,current_repo_v1
6959,278.36,0.6047183544122929,,10,1,val,current_repo_v1
6960,278.4,0.4854887773060347,,10,1,val,current_repo_v1
6961,278.44,0.36401558466909617,,10,1,val,current_repo_v1
6962,278.48,0.3585836363612383,,10,1,val,current_repo_v1
6963,278.52,0.48974870996063824,,10,1,val,current_repo_v1
6964,278.56,-0.09776280334115468,,10,1,val,current_repo_v1
6965,278.6,-0.3822736259547522,,10,1,val,current_repo_v1
6966,278.64,-0.06528997253514222,,10,1,val,current_repo_v1
6967,278.68,-0.26440849876216893,,10,1,val,current_repo_v1
6968,278.72,-0.08648161410885616,,10,1,val,current_repo_v1
6969,278.76,0.22105675733542957,,10,1,val,current_repo_v1
6970,278.8,-0.14684442105513063,,10,1,val,current_repo_v1
6971,278.84,-0.19506133759616767,,10,1,val,current_repo_v1
6972,278.88,-0.1457489482502639,,10,1,val,current_repo_v1
6973,278.92,-0.9541324125329792,,10,1,val,current_repo_v1
6974,278.96,-1.4949972807724452,,10,1,val,current_repo_v1
6975,279.0,-2.102502348823478,,10,1,val,current_repo_v1
6976,279.04,-2.2458285466575045,,10,1,val,current_repo_v1
6977,279.08,-2.2614177881007307,,10,1,val,current_repo_v1
6978,279.12,-2.209829754812285,,10,1,val,current_repo_v1
6979,279.16,-2.1738420421157127,,10,1,val,current_repo_v1
6980,279.2,-2.1716657807744237,,10,1,val,current_repo_v1
6981,279.24,-2.0898761641349495,,10,1,val,current_repo_v1
6982,279.28,-2.204365096636995,,10,1,val,current_repo_v1
6983,279.32,-2.208408458314483,,10,1,val,current_repo_v1
6984,279.36,-2.0247975967040412,,10,1,val,current_repo_v1
6985,279.4,-2.0160647655375166,,10,1,val,current_repo_v1
6986,279.44,-2.0285836759296263,,10,1,val,current_repo_v1
6987,279.48,-1.9470814137169532,,10,1,val,current_repo_v1
6988,279.52,-1.8462337269508644,,10,1,val,current_repo_v1
6989,279.56,-2.1431462935631465,,10,1,val,current_repo_v1
6990,279.6,-2.081401670577342,,10,1,val,current_repo_v1
6991,279.64,-2.133228169350942,,10,1,val,current_repo_v1
6992,279.68,-2.198157959642882,,10,1,val,current_repo_v1
6993,279.72,-2.25757613727241,,10,1,val,current_repo_v1
6994,279.76,-2.174046214997914,,10,1,val,current_repo_v1
6995,279.8,-2.1042109997480813,,10,1,val,current_repo_v1
6996,279.84,-2.0826031426972365,,10,1,val,current_repo_v1
6997,279.88,-1.9820354242588512,,10,1,val,current_repo_v1
6998,279.92,-2.2462747022149063,,10,1,val,current_repo_v1
6999,279.96,-2.340378880504787,,10,1,val,current_repo_v1
7000,280.0,-2.1908365768420293,,10,1,val,current_repo_v1
7001,280.04,-2.018950268251688,,10,1,val,current_repo_v1
7002,280.08,-2.216028098831282,,10,1,val,current_repo_v1
7003,280.12,-2.1460215964261833,,10,1,val,current_repo_v1
7004,280.16,-2.013200190104122,,10,1,val,current_repo_v1
7005,280.2,-1.735650985714493,,10,1,val,current_repo_v1
7006,280.24,-1.9505857660198114,,10,1,val,current_repo_v1
7007,280.28,-1.846503495427433,,10,1,val,current_repo_v1
7008,280.32,-1.6817113591609392,,10,1,val,current_repo_v1
7009,280.36,-1.6544037197801933,,10,1,val,current_repo_v1
7010,280.4,-1.460417499251498,,10,1,val,current_repo_v1
7011,280.44,-1.0210436118376307,,10,1,val,current_repo_v1
7012,280.48,-1.2429003980140187,,10,1,val,current_repo_v1
7013,280.52,-1.3968131620285922,,10,1,val,current_repo_v1
7014,280.56,-1.4610321282121288,,10,1,val,current_repo_v1
7015,280.6,-1.1786311360128165,,10,1,val,current_repo_v1
7016,280.64,-1.2916307143896597,,10,1,val,current_repo_v1
7017,280.68,-1.5828026992675013,,10,1,val,current_repo_v1
7018,280.72,-1.6981598501325321,,10,1,val,current_repo_v1
7019,280.76,-1.6213553228055042,,10,1,val,current_repo_v1
7020,280.8,-1.8224809115501444,,10,1,val,current_repo_v1
7021,280.84,-1.7270066118776388,,10,1,val,current_repo_v1
7022,280.88,-1.3075519785732783,,10,1,val,current_repo_v1
7023,280.92,-1.1873238712128107,,10,1,val,current_repo_v1
7024,280.96,-0.7468415413557801,,10,1,val,current_repo_v1
7025,281.0,-0.32672769870694907,,10,1,val,current_repo_v1
7026,281.04,-0.13250057264250445,,10,1,val,current_repo_v1
7027,281.08,0.015860636620191396,,10,1,val,current_repo_v1
7028,281.12,-0.26285653865413844,,10,1,val,current_repo_v1
7029,281.16,-0.08098824686981076,,10,1,val,current_repo_v1
7030,281.2,-0.22706315070763666,,10,1,val,current_repo_v1
7031,281.24,-0.5056505856341252,,10,1,val,current_repo_v1
7032,281.28,-0.4213263059876204,,10,1,val,current_repo_v1
7033,281.32,-0.5834594465789391,,10,1,val,current_repo_v1
7034,281.36,-0.5236885387526198,,10,1,val,current_repo_v1
7035,281.4,-0.38204157934143257,,10,1,val,current_repo_v1
7036,281.44,-0.3230880664819263,,10,1,val,current_repo_v1
7037,281.48,-0.20026726247866056,,10,1,val,current_repo_v1
7038,281.52,-0.15151263352682276,,10,1,val,current_repo_v1
7039,281.56,-0.16328018419524273,,10,1,val,current_repo_v1
7040,281.6,-0.029458511006386776,,10,1,val,current_repo_v1
7041,281.64,0.1266988577485675,,10,1,val,current_repo_v1
7042,281.68,0.023483266748529266,,10,1,val,current_repo_v1
7043,281.72,-0.03762549224173823,,10,1,val,current_repo_v1
7044,281.76,-0.039232254567181185,,10,1,val,current_repo_v1
7045,281.8,0.2726753022475284,,10,1,val,current_repo_v1
7046,281.84,0.3320283678963203,,10,1,val,current_repo_v1
7047,281.88,0.20773935687300701,,10,1,val,current_repo_v1
7048,281.92,0.4205077239691666,,10,1,val,current_repo_v1
7049,281.96,0.0838117810918501,,10,1,val,current_repo_v1
7050,282.0,0.3656975049493459,,10,1,val,current_repo_v1
7051,282.04,0.42672145569461645,,10,1,val,current_repo_v1
7052,282.08,-0.5086093777958913,,10,1,val,current_repo_v1
7053,282.12,-0.3326658366098157,,10,1,val,current_repo_v1
7054,282.16,-0.3573026097989794,,10,1,val,current_repo_v1
7055,282.2,-0.3735460705732976,,10,1,val,current_repo_v1
7056,282.24,-0.08012473274851256,,10,1,val,current_repo_v1
7057,282.28,0.13342315357414655,,10,1,val,current_repo_v1
7058,282.32,0.6473773852593686,,10,1,val,current_repo_v1
7059,282.36,0.8393146227615833,,10,1,val,current_repo_v1
7060,282.4,1.0517310949935876,,10,1,val,current_repo_v1
7061,282.44,1.3527580705222984,,10,1,val,current_repo_v1
7062,282.48,1.4800814053636269,,10,1,val,current_repo_v1
7063,282.52,1.881743101801109,,10,1,val,current_repo_v1
7064,282.56,1.649963443205954,,10,1,val,current_repo_v1
7065,282.6,1.8418535943264207,,10,1,val,current_repo_v1
7066,282.64,1.8905946381317038,,10,1,val,current_repo_v1
7067,282.68,1.8899931986337475,,10,1,val,current_repo_v1
7068,282.72,1.751099539555858,,10,1,val,current_repo_v1
7069,282.76,1.4733366658709024,,10,1,val,current_repo_v1
7070,282.8,1.404592658833005,,10,1,val,current_repo_v1
7071,282.84,1.6488569352173161,,10,1,val,current_repo_v1
7072,282.88,1.9219941764125805,,10,1,val,current_repo_v1
7073,282.92,1.7018133312933632,,10,1,val,current_repo_v1
7074,282.96,1.955547641877951,,10,1,val,current_repo_v1
7075,283.0,2.1286206503899905,,10,1,val,current_repo_v1
7076,283.04,2.13661381648973,,10,1,val,current_repo_v1
7077,283.08,2.215112398402668,,10,1,val,current_repo_v1
7078,283.12,2.17438157906885,,10,1,val,current_repo_v1
7079,283.16,2.0241673162477034,,10,1,val,current_repo_v1
7080,283.2,1.7309430509777128,,10,1,val,current_repo_v1
7081,283.24,1.706837461415326,,10,1,val,current_repo_v1
7082,283.28,1.5453171911896149,,10,1,val,current_repo_v1
7083,283.32,1.3853087851054036,,10,1,val,current_repo_v1
7084,283.36,1.0165351017764888,,10,1,val,current_repo_v1
7085,283.4,0.8977696178968698,,10,1,val,current_repo_v1
7086,283.44,0.8081670911475404,,10,1,val,current_repo_v1
7087,283.48,0.7970052885348837,,10,1,val,current_repo_v1
7088,283.52,0.9183494002971146,,10,1,val,current_repo_v1
7089,283.56,1.03225852401999,,10,1,val,current_repo_v1
7090,283.6,0.8210393032798237,,10,1,val,current_repo_v1
7091,283.64,0.710070946119726,,10,1,val,current_repo_v1
7092,283.68,0.5854501321803984,,10,1,val,current_repo_v1
7093,283.72,0.6999571782111835,,10,1,val,current_repo_v1
7094,283.76,0.6915331563307442,,10,1,val,current_repo_v1
7095,283.8,0.7676506445470584,,10,1,val,current_repo_v1
7096,283.84,0.6487798647904216,,10,1,val,current_repo_v1
7097,283.88,0.7994870178317139,,10,1,val,current_repo_v1
7098,283.92,0.7276850338727384,,10,1,val,current_repo_v1
7099,283.96,0.8548416099409859,,10,1,val,current_repo_v1
7100,284.0,0.9636754284267213,,10,1,val,current_repo_v1
7101,284.04,1.222327649993867,,10,1,val,current_repo_v1
7102,284.08,1.7397244193668795,,10,1,val,current_repo_v1
7103,284.12,1.9754160725912853,,10,1,val,current_repo_v1
7104,284.16,1.9863204168925361,,10,1,val,current_repo_v1
7105,284.2,2.0495218599956124,,10,1,val,current_repo_v1
7106,284.24,2.034637111718706,,10,1,val,current_repo_v1
7107,284.28,2.0947031557548046,,10,1,val,current_repo_v1
7108,284.32,2.2249761820286538,,10,1,val,current_repo_v1
7109,284.36,2.071946056856256,,10,1,val,current_repo_v1
7110,284.4,2.1862849812028173,,10,1,val,current_repo_v1
7111,284.44,2.379793567323194,,10,1,val,current_repo_v1
7112,284.48,2.443640414799808,,10,1,val,current_repo_v1
7113,284.52,2.5546649151060237,,10,1,val,current_repo_v1
7114,284.56,2.5274619121291617,,10,1,val,current_repo_v1
7115,284.6,2.4868241224720746,,10,1,val,current_repo_v1
7116,284.64,2.5907087269838383,,10,1,val,current_repo_v1
7117,284.68,2.261128675078906,,10,1,val,current_repo_v1
7118,284.72,2.202153487535738,,10,1,val,current_repo_v1
7119,284.76,1.9771197994498235,,10,1,val,current_repo_v1
7120,284.8,1.9334429817330339,,10,1,val,current_repo_v1
7121,284.84,1.7705330697199393,,10,1,val,current_repo_v1
7122,284.88,1.6690507060099544,,10,1,val,current_repo_v1
7123,284.92,1.9096877042992813,,10,1,val,current_repo_v1
7124,284.96,1.9465895346889464,,10,1,val,current_repo_v1
7125,285.0,1.9192910400023213,,10,1,val,current_repo_v1
7126,285.04,2.058285114856039,,10,1,val,current_repo_v1
7127,285.08,2.1418772913943593,,10,1,val,current_repo_v1
7128,285.12,2.092503680959208,,10,1,val,current_repo_v1
7129,285.16,2.206262972386101,,10,1,val,current_repo_v1
7130,285.2,2.1432076685294583,,10,1,val,current_repo_v1
7131,285.24,2.0095739671661517,,10,1,val,current_repo_v1
7132,285.28,1.9475117419191459,,10,1,val,current_repo_v1
7133,285.32,1.914966127261608,,10,1,val,current_repo_v1
7134,285.36,2.0086844698033848,,10,1,val,current_repo_v1
7135,285.4,2.071938319038154,,10,1,val,current_repo_v1
7136,285.44,1.8562153364434086,,10,1,val,current_repo_v1
7137,285.48,1.8020280997105793,,10,1,val,current_repo_v1
7138,285.52,1.6437533166003018,,10,1,val,current_repo_v1
7139,285.56,1.8221274339504683,,10,1,val,current_repo_v1
7140,285.6,1.791079966393249,,10,1,val,current_repo_v1
7141,285.64,1.8396433921011826,,10,1,val,current_repo_v1
7142,285.68,1.6546284682241663,,10,1,val,current_repo_v1
7143,285.72,1.729148404756472,,10,1,val,current_repo_v1
7144,285.76,1.9337088813005514,,10,1,val,current_repo_v1
7145,285.8,1.959513097795909,,10,1,val,current_repo_v1
7146,285.84,1.8575265448927543,,10,1,val,current_repo_v1
7147,285.88,1.7018479756153213,,10,1,val,current_repo_v1
7148,285.92,1.7119618314536151,,10,1,val,current_repo_v1
7149,285.96,1.5527993095755939,,10,1,val,current_repo_v1
7150,286.0,1.3764834518406555,,10,1,val,current_repo_v1
7151,286.04,1.012545553106712,,10,1,val,current_repo_v1
7152,286.08,1.025375558958437,,10,1,val,current_repo_v1
7153,286.12,1.4542458858768552,,10,1,val,current_repo_v1
7154,286.16,1.9585845596236255,,10,1,val,current_repo_v1
7155,286.2,1.9062134239713209,,10,1,val,current_repo_v1
7156,286.24,1.8758665806713701,,10,1,val,current_repo_v1
7157,286.28,2.110376633899645,,10,1,val,current_repo_v1
7158,286.32,2.0549735045677306,,10,1,val,current_repo_v1
7159,286.36,2.1677270555008192,,10,1,val,current_repo_v1
7160,286.4,2.030262958317341,,10,1,val,current_repo_v1
7161,286.44,1.9544152825424712,,10,1,val,current_repo_v1
7162,286.48,1.9011703010231067,,10,1,val,current_repo_v1
7163,286.52,1.634036023939754,,10,1,val,current_repo_v1
7164,286.56,1.5832344343457125,,10,1,val,current_repo_v1
7165,286.6,1.7545738198838183,,10,1,val,current_repo_v1
7166,286.64,1.566127349537907,,10,1,val,current_repo_v1
7167,286.68,1.6114565431385557,,10,1,val,current_repo_v1
7168,286.72,1.7331764666572582,,10,1,val,current_repo_v1
7169,286.76,1.876779291488444,,10,1,val,current_repo_v1
7170,286.8,1.9981381754488703,,10,1,val,current_repo_v1
7171,286.84,2.0498779754878234,,10,1,val,current_repo_v1
7172,286.88,1.8064047151449765,,10,1,val,current_repo_v1
7173,286.92,2.1055582593954036,,10,1,val,current_repo_v1
7174,286.96,2.011231442975578,,10,1,val,current_repo_v1
7175,287.0,1.8253273734547995,,10,1,val,current_repo_v1
7176,287.04,1.8770244396346871,,10,1,val,current_repo_v1
7177,287.08,2.0890772344158806,,10,1,val,current_repo_v1
7178,287.12,1.7797532075674103,,10,1,val,current_repo_v1
7179,287.16,1.7286925769264418,,10,1,val,current_repo_v1
7180,287.2,1.739235002371905,,10,1,val,current_repo_v1
7181,287.24,2.077993689281759,,10,1,val,current_repo_v1
7182,287.28,2.068181256630453,,10,1,val,current_repo_v1
7183,287.32,1.8241346943100218,,10,1,val,current_repo_v1
7184,287.36,1.7900198853132256,,10,1,val,current_repo_v1
7185,287.4,1.7466049223953999,,10,1,val,current_repo_v1
7186,287.44,1.9812173258540287,,10,1,val,current_repo_v1
7187,287.48,2.046128475038722,,10,1,val,current_repo_v1
7188,287.52,1.9071880373332137,,10,1,val,current_repo_v1
7189,287.56,1.9668860074309433,,10,1,val,current_repo_v1
7190,287.6,1.7238580233479868,,10,1,val,current_repo_v1
7191,287.64,1.8105298514910468,,10,1,val,current_repo_v1
7192,287.68,1.8627056072362669,,10,1,val,current_repo_v1
7193,287.72,1.862904504333398,,10,1,val,current_repo_v1
7194,287.76,1.8452251727050224,,10,1,val,current_repo_v1
7195,287.8,1.5960498438587443,,10,1,val,current_repo_v1
7196,287.84,1.813568703691247,,10,1,val,current_repo_v1
7197,287.88,1.8204208933398929,,10,1,val,current_repo_v1
7198,287.92,1.770068448914793,,10,1,val,current_repo_v1
7199,287.96,1.820801805021932,,10,1,val,current_repo_v1
7200,288.0,1.95394046188619,,10,1,val,current_repo_v1
7201,288.04,2.031383710925667,,10,1,val,current_repo_v1
7202,288.08,1.7468715254009266,,10,1,val,current_repo_v1
7203,288.12,1.4591555314628037,,10,1,val,current_repo_v1
7204,288.16,1.5021403420379391,,10,1,val,current_repo_v1
7205,288.2,1.3284665974659524,,10,1,val,current_repo_v1
7206,288.24,1.2724736353632355,,10,1,val,current_repo_v1
7207,288.28,1.4657775210229045,,10,1,val,current_repo_v1
7208,288.32,1.3111192885779692,,10,1,val,current_repo_v1
7209,288.36,1.61198675953807,,10,1,val,current_repo_v1
7210,288.4,1.5688609096420687,,10,1,val,current_repo_v1
7211,288.44,1.5811640404248237,,10,1,val,current_repo_v1
7212,288.48,1.6049968718991023,,10,1,val,current_repo_v1
7213,288.52,1.3980899020154818,,10,1,val,current_repo_v1
7214,288.56,1.619951612257935,,10,1,val,current_repo_v1
7215,288.6,1.4537223521384295,,10,1,val,current_repo_v1
7216,288.64,1.463030595596566,,10,1,val,current_repo_v1
7217,288.68,1.483358898908484,,10,1,val,current_repo_v1
7218,288.72,1.556355892150643,,10,1,val,current_repo_v1
7219,288.76,1.4234328390362372,,10,1,val,current_repo_v1
7220,288.8,1.3188224623583726,,10,1,val,current_repo_v1
7221,288.84,1.2338017790826552,,10,1,val,current_repo_v1
7222,288.88,1.3761257536129237,,10,1,val,current_repo_v1
7223,288.92,1.6772543759339789,,10,1,val,current_repo_v1
7224,288.96,1.5723874202422201,,10,1,val,current_repo_v1
7225,289.0,1.2600143413424147,,10,1,val,current_repo_v1
7226,289.04,0.9269265958040802,,10,1,val,current_repo_v1
7227,289.08,0.5125942661888564,,10,1,val,current_repo_v1
7228,289.12,0.37256262027141274,,10,1,val,current_repo_v1
7229,289.16,0.46235621837001983,,10,1,val,current_repo_v1
7230,289.2,0.4412556280536354,,10,1,val,current_repo_v1
7231,289.24,0.6363194276828357,,10,1,val,current_repo_v1
7232,289.28,0.6708633338653083,,10,1,val,current_repo_v1
7233,289.32,0.6746921469499587,,10,1,val,current_repo_v1
7234,289.36,0.5698040881179208,,10,1,val,current_repo_v1
7235,289.4,0.32334323861980185,,10,1,val,current_repo_v1
7236,289.44,0.20123756728274647,,10,1,val,current_repo_v1
7237,289.48,0.0489617914455783,,10,1,val,current_repo_v1
7238,289.52,0.05454308843578688,,10,1,val,current_repo_v1
7239,289.56,0.07669254878892155,,10,1,val,current_repo_v1
7240,289.6,0.3567001810913225,,10,1,val,current_repo_v1
7241,289.64,0.13147647681314445,,10,1,val,current_repo_v1
7242,289.68,-0.10616411736335607,,10,1,val,current_repo_v1
7243,289.72,-0.4212858583020853,,10,1,val,current_repo_v1
7244,289.76,-0.9759739868624159,,10,1,val,current_repo_v1
7245,289.8,-0.8739955234963683,,10,1,val,current_repo_v1
7246,289.84,-0.9169317968488615,,10,1,val,current_repo_v1
7247,289.88,-0.7831426356854981,,10,1,val,current_repo_v1
7248,289.92,-0.7392386954214539,,10,1,val,current_repo_v1
7249,289.96,-0.6280416769434564,,10,1,val,current_repo_v1
7250,290.0,-0.658464931197168,,10,1,val,current_repo_v1
7251,290.04,-0.8041166950899588,,10,1,val,current_repo_v1
7252,290.08,-0.9643419359405384,,10,1,val,current_repo_v1
7253,290.12,-0.9977216522176103,,10,1,val,current_repo_v1
7254,290.16,-0.885627662347997,,10,1,val,current_repo_v1
7255,290.2,-0.8266597729741755,,10,1,val,current_repo_v1
7256,290.24,-0.9460690784918113,,10,1,val,current_repo_v1
7257,290.28,-0.9078412674546051,,10,1,val,current_repo_v1
7258,290.32,-1.180195933864517,,10,1,val,current_repo_v1
7259,290.36,-1.4434790637064236,,10,1,val,current_repo_v1
7260,290.4,-1.3535313247540275,,10,1,val,current_repo_v1
7261,290.44,-1.389771747555443,,10,1,val,current_repo_v1
7262,290.48,-1.2099596270547535,,10,1,val,current_repo_v1
7263,290.52,-0.9827889822263197,,10,1,val,current_repo_v1
7264,290.56,-0.9674919313462089,,10,1,val,current_repo_v1
7265,290.6,-1.167392306938141,,10,1,val,current_repo_v1
7266,290.64,-1.0783818991331446,,10,1,val,current_repo_v1
7267,290.68,-1.2570446019266288,,10,1,val,current_repo_v1
7268,290.72,-1.399926754517281,,10,1,val,current_repo_v1
7269,290.76,-1.4438197035624298,,10,1,val,current_repo_v1
7270,290.8,-1.2911755899976392,,10,1,val,current_repo_v1
7271,290.84,-1.3642371236771518,,10,1,val,current_repo_v1
7272,290.88,-1.2782040172465414,,10,1,val,current_repo_v1
7273,290.92,-1.310412333378617,,10,1,val,current_repo_v1
7274,290.96,-1.497568698415462,,10,1,val,current_repo_v1
7275,291.0,-1.7800377482421743,,10,1,val,current_repo_v1
7276,291.04,-1.650687105058027,,10,1,val,current_repo_v1
7277,291.08,-1.5304597011355687,,10,1,val,current_repo_v1
7278,291.12,-1.5958031129769805,,10,1,val,current_repo_v1
7279,291.16,-1.51774505911737,,10,1,val,current_repo_v1
7280,291.2,-1.5851685371522983,,10,1,val,current_repo_v1
7281,291.24,-1.5286066695595555,,10,1,val,current_repo_v1
7282,291.28,-1.6102438160105128,,10,1,val,current_repo_v1
7283,291.32,-1.5850049878151347,,10,1,val,current_repo_v1
7284,291.36,-1.507018508772971,,10,1,val,current_repo_v1
7285,291.4,-1.4157732784124109,,10,1,val,current_repo_v1
7286,291.44,-1.2530508326287961,,10,1,val,current_repo_v1
7287,291.48,-1.4359695112380817,,10,1,val,current_repo_v1
7288,291.52,-1.2765409139330406,,10,1,val,current_repo_v1
7289,291.56,-1.2025591074778539,,10,1,val,current_repo_v1
7290,291.6,-1.1234648894305361,,10,1,val,current_repo_v1
7291,291.64,-1.1257607352334074,,10,1,val,current_repo_v1
7292,291.68,-0.9636274187825862,,10,1,val,current_repo_v1
7293,291.72,-0.9647363888042565,,10,1,val,current_repo_v1
7294,291.76,-0.9425916326928091,,10,1,val,current_repo_v1
7295,291.8,-0.9884072536768924,,10,1,val,current_repo_v1
7296,291.84,-0.8179348554852557,,10,1,val,current_repo_v1
7297,291.88,-0.9730401227851045,,10,1,val,current_repo_v1
7298,291.92,-1.127389897662959,,10,1,val,current_repo_v1
7299,291.96,-1.0061808459985149,,10,1,val,current_repo_v1
7300,292.0,-0.8315356535356773,,10,1,val,current_repo_v1
7301,292.04,-0.6946052020120086,,10,1,val,current_repo_v1
7302,292.08,-0.7103817338252124,,10,1,val,current_repo_v1
7303,292.12,-0.41594298283215575,,10,1,val,current_repo_v1
7304,292.16,-0.5978334109313387,,10,1,val,current_repo_v1
7305,292.2,-0.5697572655254264,,10,1,val,current_repo_v1
7306,292.24,-0.9416008402567021,,10,1,val,current_repo_v1
7307,292.28,-1.0328416741297044,,10,1,val,current_repo_v1
7308,292.32,-1.0328814183772301,,10,1,val,current_repo_v1
7309,292.36,-1.0853672144250515,,10,1,val,current_repo_v1
7310,292.4,-1.0650631797244545,,10,1,val,current_repo_v1
7311,292.44,-1.0552180372057156,,10,1,val,current_repo_v1
7312,292.48,-1.0383040461314645,,10,1,val,current_repo_v1
7313,292.52,-1.1810455111202558,,10,1,val,current_repo_v1
7314,292.56,-1.3019390708375265,,10,1,val,current_repo_v1
7315,292.6,-1.127107467302223,,10,1,val,current_repo_v1
7316,292.64,-0.6720828755490663,,10,1,val,current_repo_v1
7317,292.68,-0.649834714050251,,10,1,val,current_repo_v1
7318,292.72,-0.5054314646942265,,10,1,val,current_repo_v1
7319,292.76,-0.6977692661778652,,10,1,val,current_repo_v1
7320,292.8,-0.3723181755631791,,10,1,val,current_repo_v1
7321,292.84,-0.2832753436624412,,10,1,val,current_repo_v1
7322,292.88,-0.3447109375377823,,10,1,val,current_repo_v1
7323,292.92,-0.28022728082080667,,10,1,val,current_repo_v1
7324,292.96,-0.23585986283838117,,10,1,val,current_repo_v1
7325,293.0,-0.13981894384937985,,10,1,val,current_repo_v1
7326,293.04,-0.1394037835292628,,10,1,val,current_repo_v1
7327,293.08,-0.233948709696849,,10,1,val,current_repo_v1
7328,293.12,-0.22305724710414357,,10,1,val,current_repo_v1
7329,293.16,-0.17928775142962783,,10,1,val,current_repo_v1
7330,293.2,-0.13327578331119702,,10,1,val,current_repo_v1
7331,293.24,0.03386522039811953,,10,1,val,current_repo_v1
7332,293.28,-0.10112783095329479,,10,1,val,current_repo_v1
7333,293.32,-0.06930921947837433,,10,1,val,current_repo_v1
7334,293.36,-0.10447289851192086,,10,1,val,current_repo_v1
7335,293.4,-0.023422617202664447,,10,1,val,current_repo_v1
7336,293.44,-0.0037410152281139543,,10,1,val,current_repo_v1
7337,293.48,0.0782948047146174,,10,1,val,current_repo_v1
7338,293.52,0.1434973530946656,,10,1,val,current_repo_v1
7339,293.56,0.13286515137326488,,10,1,val,current_repo_v1
7340,293.6,0.1577210015374517,,10,1,val,current_repo_v1
7341,293.64,0.11183921341561799,,10,1,val,current_repo_v1
7342,293.68,0.056034596839892675,,10,1,val,current_repo_v1
7343,293.72,-0.040237379552727735,,10,1,val,current_repo_v1
7344,293.76,-0.03246263095487753,,10,1,val,current_repo_v1
7345,293.8,-0.005107135807061022,,10,1,val,current_repo_v1
7346,293.84,-0.0265242292627574,,10,1,val,current_repo_v1
7347,293.88,0.060481468145469224,,10,1,val,current_repo_v1
7348,293.92,0.23131143267021112,,10,1,val,current_repo_v1
7349,293.96,0.16865519798922246,,10,1,val,current_repo_v1
7350,294.0,0.4135229362557665,,10,1,val,current_repo_v1
7351,294.04,0.575863327270577,,10,1,val,current_repo_v1
7352,294.08,0.5219818222825421,,10,1,val,current_repo_v1
7353,294.12,0.24804679445497405,,10,1,val,current_repo_v1
7354,294.16,0.182186223782096,,10,1,val,current_repo_v1
7355,294.2,0.34171018090227356,,10,1,val,current_repo_v1
7356,294.24,0.2671092610691466,,10,1,val,current_repo_v1
7357,294.28,0.344128205094386,,10,1,val,current_repo_v1
7358,294.32,0.15590393322966414,,10,1,val,current_repo_v1
7359,294.36,0.164148842206984,,10,1,val,current_repo_v1
7360,294.4,0.23835491349251256,,10,1,val,current_repo_v1
7361,294.44,0.10294731732923933,,10,1,val,current_repo_v1
7362,294.48,-0.038257003714592334,,10,1,val,current_repo_v1
7363,294.52,-0.2112592727418211,,10,1,val,current_repo_v1
7364,294.56,0.11653457419798174,,10,1,val,current_repo_v1
7365,294.6,0.25917131485313755,,10,1,val,current_repo_v1
7366,294.64,0.24907869404974978,,10,1,val,current_repo_v1
7367,294.68,0.20196307565959404,,10,1,val,current_repo_v1
7368,294.72,0.18506996790124433,,10,1,val,current_repo_v1
7369,294.76,0.07385457210525367,,10,1,val,current_repo_v1
7370,294.8,0.013094366648597103,,10,1,val,current_repo_v1
7371,294.84,-0.029443101317495425,,10,1,val,current_repo_v1
7372,294.88,0.07517769503588194,,10,1,val,current_repo_v1
7373,294.92,-0.09985715811923539,,10,1,val,current_repo_v1
7374,294.96,-0.1577425223440489,,10,1,val,current_repo_v1
7375,295.0,-0.41135814974700413,,10,1,val,current_repo_v1
7376,295.04,-0.6950190873507337,,10,1,val,current_repo_v1
7377,295.08,-0.6646852136890795,,10,1,val,current_repo_v1
7378,295.12,-0.8745966992050711,,10,1,val,current_repo_v1
7379,295.16,-0.7180272256888527,,10,1,val,current_repo_v1
7380,295.2,-0.6472895874028322,,10,1,val,current_repo_v1
7381,295.24,-0.6645875677004128,,10,1,val,current_repo_v1
7382,295.28,-0.7131672604123114,,10,1,val,current_repo_v1
7383,295.32,-0.8713880546553747,,10,1,val,current_repo_v1
7384,295.36,-0.873899504208098,,10,1,val,current_repo_v1
7385,295.4,-1.1053219921540283,,10,1,val,current_repo_v1
7386,295.44,-1.0945620285041875,,10,1,val,current_repo_v1
7387,295.48,-0.7328613264290893,,10,1,val,current_repo_v1
7388,295.52,-0.8861539219087087,,10,1,val,current_repo_v1
7389,295.56,-0.8097687315649781,,10,1,val,current_repo_v1
7390,295.6,-0.5542602623911704,,10,1,val,current_repo_v1
7391,295.64,-0.26885563385699895,,10,1,val,current_repo_v1
7392,295.68,-0.45904561927384974,,10,1,val,current_repo_v1
7393,295.72,-0.5557494406568704,,10,1,val,current_repo_v1
7394,295.76,-0.6888545962859353,,10,1,val,current_repo_v1
7395,295.8,-0.6025093392386954,,10,1,val,current_repo_v1
7396,295.84,-0.593148557754239,,10,1,val,current_repo_v1
7397,295.88,-0.5304919713542456,,10,1,val,current_repo_v1
7398,295.92,-0.5469232720594862,,10,1,val,current_repo_v1
7399,295.96,-0.6287248911099944,,10,1,val,current_repo_v1
7400,296.0,-0.9441267102886162,,10,1,val,current_repo_v1
7401,296.04,-0.7711367074616747,,10,1,val,current_repo_v1
7402,296.08,-0.6298583935322393,,10,1,val,current_repo_v1
7403,296.12,-0.09761165209890514,,10,1,val,current_repo_v1
7404,296.16,0.3977340063476487,,10,1,val,current_repo_v1
7405,296.2,0.45755560567551373,,10,1,val,current_repo_v1
7406,296.24,-0.014972326309065162,,10,1,val,current_repo_v1
7407,296.28,-0.5471555384971838,,10,1,val,current_repo_v1
7408,296.32,-0.542866105411065,,10,1,val,current_repo_v1
7409,296.36,-0.23515044560599646,,10,1,val,current_repo_v1
7410,296.4,-0.566611578677563,,10,1,val,current_repo_v1
7411,296.44,-0.7041233777510472,,10,1,val,current_repo_v1
7412,296.48,-0.4888710391494028,,10,1,val,current_repo_v1
7413,296.52,-0.4231420113842649,,10,1,val,current_repo_v1
7414,296.56,-0.3960562187657037,,10,1,val,current_repo_v1
7415,296.6,-0.444971671232419,,10,1,val,current_repo_v1
7416,296.64,-0.2635737156870633,,10,1,val,current_repo_v1
7417,296.68,-0.04997885289484525,,10,1,val,current_repo_v1
7418,296.72,0.22690395389315568,,10,1,val,current_repo_v1
7419,296.76,0.37633348765004665,,10,1,val,current_repo_v1
7420,296.8,0.37928229978505573,,10,1,val,current_repo_v1
7421,296.84,0.056240440387365725,,10,1,val,current_repo_v1
7422,296.88,0.1274376874827163,,10,1,val,current_repo_v1
7423,296.92,-0.07931212995313784,,10,1,val,current_repo_v1
7424,296.96,0.05809487883939763,,10,1,val,current_repo_v1
7425,297.0,0.21081782142610625,,10,1,val,current_repo_v1
7426,297.04,0.2928809435565738,,10,1,val,current_repo_v1
7427,297.08,-0.05851188568428911,,10,1,val,current_repo_v1
7428,297.12,-0.011840576326761025,,10,1,val,current_repo_v1
7429,297.16,-0.28493354489231465,,10,1,val,current_repo_v1
7430,297.2,-0.20324423411647966,,10,1,val,current_repo_v1
7431,297.24,-0.3331066943997102,,10,1,val,current_repo_v1
7432,297.28,-0.4076085174032762,,10,1,val,current_repo_v1
7433,297.32,-0.21647629875539834,,10,1,val,current_repo_v1
7434,297.36,-0.3845236163923918,,10,1,val,current_repo_v1
7435,297.4,-0.5649893187334775,,10,1,val,current_repo_v1
7436,297.44,-0.5329014663604953,,10,1,val,current_repo_v1
7437,297.48,-0.3249441096519169,,10,1,val,current_repo_v1
7438,297.52,-0.3495434687319607,,10,1,val,current_repo_v1
7439,297.56,-0.5750686621444395,,10,1,val,current_repo_v1
7440,297.6,-0.8838463814489328,,10,1,val,current_repo_v1
7441,297.64,-0.8580417253048195,,10,1,val,current_repo_v1
7442,297.68,-1.1533501015368801,,10,1,val,current_repo_v1
7443,297.72,-1.1412847328012705,,10,1,val,current_repo_v1
7444,297.76,-1.1211887398919256,,10,1,val,current_repo_v1
7445,297.8,-0.9202894823267795,,10,1,val,current_repo_v1
7446,297.84,-0.9430441191922949,,10,1,val,current_repo_v1
7447,297.88,-0.7928490250569016,,10,1,val,current_repo_v1
7448,297.92,-0.7619798790350413,,10,1,val,current_repo_v1
7449,297.96,-0.9829939464762811,,10,1,val,current_repo_v1
7450,298.0,-0.8209137395951627,,10,1,val,current_repo_v1
7451,298.04,-0.6764634478222659,,10,1,val,current_repo_v1
7452,298.08,-0.7520330897239578,,10,1,val,current_repo_v1
7453,298.12,-0.7535331712788019,,10,1,val,current_repo_v1
7454,298.16,-0.676298887292964,,10,1,val,current_repo_v1
7455,298.2,-0.8199927633814793,,10,1,val,current_repo_v1
7456,298.24,-0.7783885378293574,,10,1,val,current_repo_v1
7457,298.28,-0.5264123386544022,,10,1,val,current_repo_v1
7458,298.32,-0.5117905003334736,,10,1,val,current_repo_v1
7459,298.36,-0.7317666889568586,,10,1,val,current_repo_v1
7460,298.4,-0.6809480849559669,,10,1,val,current_repo_v1
7461,298.44,-0.5051531670317949,,10,1,val,current_repo_v1
7462,298.48,-0.07847514863425312,,10,1,val,current_repo_v1
7463,298.52,0.07478095599863357,,10,1,val,current_repo_v1
7464,298.56,0.11682228034378773,,10,1,val,current_repo_v1
7465,298.6,0.08503602701729535,,10,1,val,current_repo_v1
7466,298.64,-0.023825797094185513,,10,1,val,current_repo_v1
7467,298.68,-0.0497127774678254,,10,1,val,current_repo_v1
7468,298.72,-0.19471689477842363,,10,1,val,current_repo_v1
7469,298.76,-0.4879240357293751,,10,1,val,current_repo_v1
7470,298.8,-0.6722107254072577,,10,1,val,current_repo_v1
7471,298.84,-0.4172665454115398,,10,1,val,current_repo_v1
7472,298.88,-0.5198262244327762,,10,1,val,current_repo_v1
7473,298.92,-0.48175299389811493,,10,1,val,current_repo_v1
7474,298.96,-0.15633314032752954,,10,1,val,current_repo_v1
7475,299.0,-0.41891342568595097,,10,1,val,current_repo_v1
7476,299.04,-0.7181285647270682,,10,1,val,current_repo_v1
7477,299.08,-0.5113445646004494,,10,1,val,current_repo_v1
7478,299.12,-0.45994021656218415,,10,1,val,current_repo_v1
7479,299.16,-0.5943529315559214,,10,1,val,current_repo_v1
7480,299.2,-0.7392465211693074,,10,1,val,current_repo_v1
7481,299.24,-0.6063095751542178,,10,1,val,current_repo_v1
7482,299.28,-0.5125559727822249,,10,1,val,current_repo_v1
7483,299.32,-0.31254082688258694,,10,1,val,current_repo_v1
7484,299.36,-0.2341971552087606,,10,1,val,current_repo_v1
7485,299.4,-0.6441136527205685,,10,1,val,current_repo_v1
7486,299.44,-0.39512943918844357,,10,1,val,current_repo_v1
7487,299.48,-0.2193855644848218,,10,1,val,current_repo_v1
7488,299.52,-0.2629009871433514,,10,1,val,current_repo_v1
7489,299.56,-0.19588295319103663,,10,1,val,current_repo_v1
7490,299.6,-0.21745040652122208,,10,1,val,current_repo_v1
7491,299.64,-0.3386659210223768,,10,1,val,current_repo_v1
7492,299.68,-0.23965939531589422,,10,1,val,current_repo_v1
7493,299.72,-0.29967545128845663,,10,1,val,current_repo_v1
7494,299.76,-0.3787350689786915,,10,1,val,current_repo_v1
7495,299.8,-0.32525716154849565,,10,1,val,current_repo_v1
7496,299.84,-0.5990869374639213,,10,1,val,current_repo_v1
7497,299.88,-0.3164806732605187,,10,1,val,current_repo_v1
7498,299.92,-0.3223254517500878,,10,1,val,current_repo_v1
7499,299.96,-0.37336502321565257,,10,1,val,current_repo_v1
7500,300.0,-0.398473099871051,,10,1,val,current_repo_v1
7501,300.04,-0.33808918978449737,,10,1,val,current_repo_v1
7502,300.08,-0.1442830493861844,,10,1,val,current_repo_v1
7503,300.12,0.0834581276326717,,10,1,val,current_repo_v1
7504,300.16,0.054931957760306134,,10,1,val,current_repo_v1
7505,300.2,-0.07710529104088162,,10,1,val,current_repo_v1
7506,300.24,-0.21502112732096074,,10,1,val,current_repo_v1
7507,300.28,-0.15530341699409508,,10,1,val,current_repo_v1
7508,300.32,0.15393712055564568,,10,1,val,current_repo_v1
7509,300.36,0.08581332601757803,,10,1,val,current_repo_v1
7510,300.4,-0.20305078866392062,,10,1,val,current_repo_v1
7511,300.44,-0.49066150870746345,,10,1,val,current_repo_v1
7512,300.48,-1.0515861867636707,,10,1,val,current_repo_v1
7513,300.52,-0.9635938296176418,,10,1,val,current_repo_v1
7514,300.56,-0.6182135488315675,,10,1,val,current_repo_v1
7515,300.6,-0.18558826981947582,,10,1,val,current_repo_v1
7516,300.64,-0.029445365508587878,,10,1,val,current_repo_v1
7517,300.68,0.053422995300594446,,10,1,val,current_repo_v1
7518,300.72,0.03206521046205765,,10,1,val,current_repo_v1
7519,300.76,0.30307428788991897,,10,1,val,current_repo_v1
7520,300.8,0.2644061246588875,,10,1,val,current_repo_v1
7521,300.84,0.001571084828908489,,10,1,val,current_repo_v1
7522,300.88,0.2012102650950103,,10,1,val,current_repo_v1
7523,300.92,0.0044332861590218355,,10,1,val,current_repo_v1
7524,300.96,-0.24930076063631243,,10,1,val,current_repo_v1
7525,301.0,-0.30959555392006216,,10,1,val,current_repo_v1
7526,301.04,-0.2114102920894439,,10,1,val,current_repo_v1
7527,301.08,-0.4140740359711819,,10,1,val,current_repo_v1
7528,301.12,-0.3340865395817973,,10,1,val,current_repo_v1
7529,301.16,-0.4194288698872697,,10,1,val,current_repo_v1
7530,301.2,-0.20810940923077734,,10,1,val,current_repo_v1
7531,301.24,-0.45495297297083415,,10,1,val,current_repo_v1
7532,301.28,-0.5174442954035162,,10,1,val,current_repo_v1
7533,301.32,-0.33419561643811524,,10,1,val,current_repo_v1
7534,301.36,0.02395896670232218,,10,1,val,current_repo_v1
7535,301.4,0.03701134689473885,,10,1,val,current_repo_v1
7536,301.44,0.15504349664965666,,10,1,val,current_repo_v1
7537,301.48,0.14424326117378306,,10,1,val,current_repo_v1
7538,301.52,0.01560084817037972,,10,1,val,current_repo_v1
7539,301.56,-0.01747010278548262,,10,1,val,current_repo_v1
7540,301.6,-0.18723495225194686,,10,1,val,current_repo_v1
7541,301.64,0.2335295925379296,,10,1,val,current_repo_v1
7542,301.68,-0.2004893950125366,,10,1,val,current_repo_v1
7543,301.72,-0.26550792840583803,,10,1,val,current_repo_v1
7544,301.76,-0.1459479772420218,,10,1,val,current_repo_v1
7545,301.8,-0.29195807685324043,,10,1,val,current_repo_v1
7546,301.84,-0.1395861058682997,,10,1,val,current_repo_v1
7547,301.88,-0.2794892864192939,,10,1,val,current_repo_v1
7548,301.92,-0.035051590583251226,,10,1,val,current_repo_v1
7549,301.96,-0.11835845706148444,,10,1,val,current_repo_v1
7550,302.0,-0.0948225863393218,,10,1,val,current_repo_v1
7551,302.04,-0.09050281748905165,,10,1,val,current_repo_v1
7552,302.08,-0.08201678315160452,,10,1,val,current_repo_v1
7553,302.12,-0.0955656586839642,,10,1,val,current_repo_v1
7554,302.16,-0.12765175246192312,,10,1,val,current_repo_v1
7555,302.2,-0.13974591819103882,,10,1,val,current_repo_v1
7556,302.24,-0.2954576809495358,,10,1,val,current_repo_v1
7557,302.28,-0.16292699236725794,,10,1,val,current_repo_v1
7558,302.32,0.037298525462037865,,10,1,val,current_repo_v1
7559,302.36,0.07648235271876593,,10,1,val,current_repo_v1
7560,302.4,-0.3119730424968884,,10,1,val,current_repo_v1
7561,302.44,-0.3227824666317586,,10,1,val,current_repo_v1
7562,302.48,0.06938919158705727,,10,1,val,current_repo_v1
7563,302.52,0.012774829932870031,,10,1,val,current_repo_v1
7564,302.56,-0.07289583006344572,,10,1,val,current_repo_v1
7565,302.6,-0.10502969167872403,,10,1,val,current_repo_v1
7566,302.64,0.015482274900936144,,10,1,val,current_repo_v1
7567,302.68,0.08244420967200884,,10,1,val,current_repo_v1
7568,302.72,0.16199561846049954,,10,1,val,current_repo_v1
7569,302.76,0.11501202659171535,,10,1,val,current_repo_v1
7570,302.8,0.13337531978951375,,10,1,val,current_repo_v1
7571,302.84,-0.08501943027676329,,10,1,val,current_repo_v1
7572,302.88,-0.21676512600553166,,10,1,val,current_repo_v1
7573,302.92,-0.24977173436598032,,10,1,val,current_repo_v1
7574,302.96,-0.07192680024075165,,10,1,val,current_repo_v1
7575,303.0,0.22680243899543776,,10,1,val,current_repo_v1
7576,303.04,0.23358586757867406,,10,1,val,current_repo_v1
7577,303.08,0.29272284586398234,,10,1,val,current_repo_v1
7578,303.12,0.2721579675565597,,10,1,val,current_repo_v1
7579,303.16,0.31541821807721376,,10,1,val,current_repo_v1
7580,303.2,0.2662471977887426,,10,1,val,current_repo_v1
7581,303.24,-0.09785264556440569,,10,1,val,current_repo_v1
7582,303.28,-0.10125860447571226,,10,1,val,current_repo_v1
7583,303.32,0.11064314897542056,,10,1,val,current_repo_v1
7584,303.36,0.47338788495095496,,10,1,val,current_repo_v1
7585,303.4,0.6007908841468375,,10,1,val,current_repo_v1
7586,303.44,0.4816012271476072,,10,1,val,current_repo_v1
7587,303.48,0.29072675258282654,,10,1,val,current_repo_v1
7588,303.52,0.4028690158858285,,10,1,val,current_repo_v1
7589,303.56,0.3222071862347733,,10,1,val,current_repo_v1
7590,303.6,0.420846869019403,,10,1,val,current_repo_v1
7591,303.64,0.46773452952966815,,10,1,val,current_repo_v1
7592,303.68,0.4877906902617361,,10,1,val,current_repo_v1
7593,303.72,0.4065802668931737,,10,1,val,current_repo_v1
7594,303.76,0.30951751626590485,,10,1,val,current_repo_v1
7595,303.8,0.39596864073354515,,10,1,val,current_repo_v1
7596,303.84,0.3243914052185428,,10,1,val,current_repo_v1
7597,303.88,0.3411844489200688,,10,1,val,current_repo_v1
7598,303.92,0.13595667349441184,,10,1,val,current_repo_v1
7599,303.96,-0.11029044076106717,,10,1,val,current_repo_v1
7600,304.0,-0.30370544764376844,,10,1,val,current_repo_v1
7601,304.04,-0.017523212355185197,,10,1,val,current_repo_v1
7602,304.08,0.044688361574171165,,10,1,val,current_repo_v1
7603,304.12,0.0014880791438104275,,10,1,val,current_repo_v1
7604,304.16,0.12034166863409484,,10,1,val,current_repo_v1
7605,304.2,0.168501936432945,,10,1,val,current_repo_v1
7606,304.24,0.13036205514690205,,10,1,val,current_repo_v1
7607,304.28,0.24197023314133873,,10,1,val,current_repo_v1
7608,304.32,0.27199710007680666,,10,1,val,current_repo_v1
7609,304.36,0.20046659922454751,,10,1,val,current_repo_v1
7610,304.4,0.42454844775412026,,10,1,val,current_repo_v1
7611,304.44,0.5268187499642786,,10,1,val,current_repo_v1
7612,304.48,0.5175899950011936,,10,1,val,current_repo_v1
7613,304.52,0.4058311054132632,,10,1,val,current_repo_v1
7614,304.56,0.3875873527121712,,10,1,val,current_repo_v1
7615,304.6,0.22966165071401157,,10,1,val,current_repo_v1
7616,304.64,0.1915899149851201,,10,1,val,current_repo_v1
7617,304.68,0.27605795977477676,,10,1,val,current_repo_v1
7618,304.72,0.2466954021093468,,10,1,val,current_repo_v1
7619,304.76,0.31566547653748467,,10,1,val,current_repo_v1
7620,304.8,0.21516273818520906,,10,1,val,current_repo_v1
7621,304.84,0.1625890123862244,,10,1,val,current_repo_v1
7622,304.88,0.10455564040776542,,10,1,val,current_repo_v1
7623,304.92,-0.09009636221429976,,10,1,val,current_repo_v1
7624,304.96,-0.12865806449911038,,10,1,val,current_repo_v1
7625,305.0,-0.07996034807871295,,10,1,val,current_repo_v1
7626,305.04,-0.0682369381453769,,10,1,val,current_repo_v1
7627,305.08,0.17318916371332616,,10,1,val,current_repo_v1
7628,305.12,0.191927960913467,,10,1,val,current_repo_v1
7629,305.16,0.02208144669060994,,10,1,val,current_repo_v1
7630,305.2,-0.040059937314880396,,10,1,val,current_repo_v1
7631,305.24,0.08359846351552817,,10,1,val,current_repo_v1
7632,305.28,0.016485289572454775,,10,1,val,current_repo_v1
7633,305.32,0.09184908792667362,,10,1,val,current_repo_v1
7634,305.36,0.12414383900414282,,10,1,val,current_repo_v1
7635,305.4,0.04539456937063841,,10,1,val,current_repo_v1
7636,305.44,-0.18971527467275845,,10,1,val,current_repo_v1
7637,305.48,-0.2184073020382556,,10,1,val,current_repo_v1
7638,305.52,-0.26210720131472565,,10,1,val,current_repo_v1
7639,305.56,-0.3753211524249047,,10,1,val,current_repo_v1
7640,305.6,-0.31444641846735805,,10,1,val,current_repo_v1
7641,305.64,-0.5363389480875939,,10,1,val,current_repo_v1
7642,305.68,-0.4526398489718594,,10,1,val,current_repo_v1
7643,305.72,-0.2200304412798527,,10,1,val,current_repo_v1
7644,305.76,-0.10635244090790985,,10,1,val,current_repo_v1
7645,305.8,-0.1931888735451473,,10,1,val,current_repo_v1
7646,305.84,-0.2793031171536436,,10,1,val,current_repo_v1
7647,305.88,-0.36078636455762764,,10,1,val,current_repo_v1
7648,305.92,-0.42341309880710104,,10,1,val,current_repo_v1
7649,305.96,-0.3823740417305806,,10,1,val,current_repo_v1
7650,306.0,-0.3842150708955601,,10,1,val,current_repo_v1
7651,306.04,-0.543785323029725,,10,1,val,current_repo_v1
7652,306.08,-0.5691347668520665,,10,1,val,current_repo_v1
7653,306.12,-0.5096737234688463,,10,1,val,current_repo_v1
7654,306.16,-0.39466165291225536,,10,1,val,current_repo_v1
7655,306.2,-0.36326255428013454,,10,1,val,current_repo_v1
7656,306.24,-0.3729511818418029,,10,1,val,current_repo_v1
7657,306.28,-0.3844162102013459,,10,1,val,current_repo_v1
7658,306.32,-0.5520483455357845,,10,1,val,current_repo_v1
7659,306.36,-0.6292220019581956,,10,1,val,current_repo_v1
7660,306.4,-0.5033708309757169,,10,1,val,current_repo_v1
7661,306.44,-0.4530298174182682,,10,1,val,current_repo_v1
7662,306.48,-0.6078639093655297,,10,1,val,current_repo_v1
7663,306.52,-0.7096585995516462,,10,1,val,current_repo_v1
7664,306.56,-0.4763445228338176,,10,1,val,current_repo_v1
7665,306.6,-0.5467203741586771,,10,1,val,current_repo_v1
7666,306.64,-0.6375828463124241,,10,1,val,current_repo_v1
7667,306.68,-0.6248902306968916,,10,1,val,current_repo_v1
7668,306.72,-0.34308694098111137,,10,1,val,current_repo_v1
7669,306.76,-0.5488674867874558,,10,1,val,current_repo_v1
7670,306.8,-0.4975446496285188,,10,1,val,current_repo_v1
7671,306.84,-0.6584201749538259,,10,1,val,current_repo_v1
7672,306.88,-0.7742174142234286,,10,1,val,current_repo_v1
7673,306.92,-0.5697794238227195,,10,1,val,current_repo_v1
7674,306.96,-0.5430930960636928,,10,1,val,current_repo_v1
7675,307.0,-0.617025573928477,,10,1,val,current_repo_v1
7676,307.04,-0.6253409146364787,,10,1,val,current_repo_v1
7677,307.08,-0.48024970290735325,,10,1,val,current_repo_v1
7678,307.12,-0.5599363916180086,,10,1,val,current_repo_v1
7679,307.16,-0.5739256633090691,,10,1,val,current_repo_v1
7680,307.2,-0.38624501713091375,,10,1,val,current_repo_v1
7681,307.24,-0.41977601654486196,,10,1,val,current_repo_v1
7682,307.28,-0.56414022509137,,10,1,val,current_repo_v1
7683,307.32,-0.6306423312287347,,10,1,val,current_repo_v1
7684,307.36,-0.7687147703956355,,10,1,val,current_repo_v1
7685,307.4,-0.6504584437401272,,10,1,val,current_repo_v1
7686,307.44,-0.5078184496841783,,10,1,val,current_repo_v1
7687,307.48,-0.4304206603260523,,10,1,val,current_repo_v1
7688,307.52,-0.4321624168019686,,10,1,val,current_repo_v1
7689,307.56,-0.45772443079774705,,10,1,val,current_repo_v1
7690,307.6,-0.28735737244800386,,10,1,val,current_repo_v1
7691,307.64,-0.5812200516763147,,10,1,val,current_repo_v1
7692,307.68,-0.5777795803376766,,10,1,val,current_repo_v1
7693,307.72,-0.6855672546089479,,10,1,val,current_repo_v1
7694,307.76,-0.6046112999402518,,10,1,val,current_repo_v1
7695,307.8,-0.47200496978953577,,10,1,val,current_repo_v1
7696,307.84,-0.11928396165735271,,10,1,val,current_repo_v1
7697,307.88,0.24115384936666398,,10,1,val,current_repo_v1
7698,307.92,0.18485801323606543,,10,1,val,current_repo_v1
7699,307.96,0.01908317407057154,,10,1,val,current_repo_v1
7700,308.0,-0.2526133381518837,,10,1,val,current_repo_v1
7701,308.04,-0.2781987854263472,,10,1,val,current_repo_v1
7702,308.08,0.13269716158366757,,10,1,val,current_repo_v1
7703,308.12,0.17633419108805592,,10,1,val,current_repo_v1
7704,308.16,-0.07149699961706593,,10,1,val,current_repo_v1
7705,308.2,-0.26356010855807077,,10,1,val,current_repo_v1
7706,308.24,-0.46424565286301467,,10,1,val,current_repo_v1
7707,308.28,-0.28000218065782884,,10,1,val,current_repo_v1
7708,308.32,-0.18109675218274615,,10,1,val,current_repo_v1
7709,308.36,-0.12632939891661754,,10,1,val,current_repo_v1
7710,308.4,-0.07413487016952416,,10,1,val,current_repo_v1
7711,308.44,0.21883925694084483,,10,1,val,current_repo_v1
7712,308.48,0.1358358580163136,,10,1,val,current_repo_v1
7713,308.52,-0.01665547760583115,,10,1,val,current_repo_v1
7714,308.56,0.06020426960492723,,10,1,val,current_repo_v1
7715,308.6,0.42922534328873974,,10,1,val,current_repo_v1
7716,308.64,0.6970579584558305,,10,1,val,current_repo_v1
7717,308.68,0.7609452975828551,,10,1,val,current_repo_v1
7718,308.72,0.7647829036426218,,10,1,val,current_repo_v1
7719,308.76,1.0227403043160759,,10,1,val,current_repo_v1
7720,308.8,0.9663993162582549,,10,1,val,current_repo_v1
7721,308.84,0.7396328844959186,,10,1,val,current_repo_v1
7722,308.88,0.4496107130091627,,10,1,val,current_repo_v1
7723,308.92,-0.052912958778972306,,10,1,val,current_repo_v1
7724,308.96,-0.007700623817619627,,10,1,val,current_repo_v1
7725,309.0,0.27414355323245154,,10,1,val,current_repo_v1
7726,309.04,0.28598795450338815,,10,1,val,current_repo_v1
7727,309.08,0.13423008490057123,,10,1,val,current_repo_v1
7728,309.12,0.3293206151741251,,10,1,val,current_repo_v1
7729,309.16,0.28612415768794,,10,1,val,current_repo_v1
7730,309.2,0.24044658641318278,,10,1,val,current_repo_v1
7731,309.24,0.3245055820004282,,10,1,val,current_repo_v1
7732,309.28,0.4238080792493261,,10,1,val,current_repo_v1
7733,309.32,0.46349306212280883,,10,1,val,current_repo_v1
7734,309.36,0.3677093376559599,,10,1,val,current_repo_v1
7735,309.4,0.4351425758932673,,10,1,val,current_repo_v1
7736,309.44,0.44478539205457973,,10,1,val,current_repo_v1
7737,309.48,0.3506137716455569,,10,1,val,current_repo_v1
7738,309.52,0.4031549634366112,,10,1,val,current_repo_v1
7739,309.56,0.23928780418747855,,10,1,val,current_repo_v1
7740,309.6,0.13751487661477493,,10,1,val,current_repo_v1
7741,309.64,-0.07586312942863688,,10,1,val,current_repo_v1
7742,309.68,0.19333523261595845,,10,1,val,current_repo_v1
7743,309.72,0.4374072945642267,,10,1,val,current_repo_v1
7744,309.76,0.6988436358424528,,10,1,val,current_repo_v1
7745,309.8,0.6246342671912556,,10,1,val,current_repo_v1
7746,309.84,0.6966111873901703,,10,1,val,current_repo_v1
7747,309.88,0.313238967124385,,10,1,val,current_repo_v1
7748,309.92,0.3630917947033756,,10,1,val,current_repo_v1
7749,309.96,0.35102598631901,,10,1,val,current_repo_v1
7750,310.0,0.3261845126691384,,10,1,val,current_repo_v1
7751,310.04,0.008519205836073445,,10,1,val,current_repo_v1
7752,310.08,0.24363632606637906,,10,1,val,current_repo_v1
7753,310.12,0.3818985616011656,,10,1,val,current_repo_v1
7754,310.16,0.5160276591825259,,10,1,val,current_repo_v1
7755,310.2,0.8567006207400784,,10,1,val,current_repo_v1
7756,310.24,0.8996838485796927,,10,1,val,current_repo_v1
7757,310.28,0.7538219325816219,,10,1,val,current_repo_v1
7758,310.32,0.6923650597064993,,10,1,val,current_repo_v1
7759,310.36,0.7204175520093486,,10,1,val,current_repo_v1
7760,310.4,0.6561335178099513,,10,1,val,current_repo_v1
7761,310.44,0.573930719269761,,10,1,val,current_repo_v1
7762,310.48,0.6072454554607233,,10,1,val,current_repo_v1
7763,310.52,0.31394631800761735,,10,1,val,current_repo_v1
7764,310.56,0.19392752741979377,,10,1,val,current_repo_v1
7765,310.6,0.37494973715599134,,10,1,val,current_repo_v1
7766,310.64,0.2878175088358409,,10,1,val,current_repo_v1
7767,310.68,0.1756460968203283,,10,1,val,current_repo_v1
7768,310.72,0.18034818422865603,,10,1,val,current_repo_v1
7769,310.76,0.2828689103701271,,10,1,val,current_repo_v1
7770,310.8,0.08283057299861994,,10,1,val,current_repo_v1
7771,310.84,0.11811445200200656,,10,1,val,current_repo_v1
7772,310.88,0.030917111701119743,,10,1,val,current_repo_v1
7773,310.92,0.026446455397853546,,10,1,val,current_repo_v1
7774,310.96,-0.06355582198270159,,10,1,val,current_repo_v1
7775,311.0,0.05745325544515975,,10,1,val,current_repo_v1
7776,311.04,-0.08804153185936692,,10,1,val,current_repo_v1
7777,311.08,0.19245259377378224,,10,1,val,current_repo_v1
7778,311.12,0.32560052722678795,,10,1,val,current_repo_v1
7779,311.16,0.2206971246531721,,10,1,val,current_repo_v1
7780,311.2,0.03180252033045759,,10,1,val,current_repo_v1
7781,311.24,0.0020432236277792954,,10,1,val,current_repo_v1
7782,311.28,0.19863620955945877,,10,1,val,current_repo_v1
7783,311.32,0.31773186965469546,,10,1,val,current_repo_v1
7784,311.36,0.21520151520547204,,10,1,val,current_repo_v1
7785,311.4,0.10405527615877123,,10,1,val,current_repo_v1
7786,311.44,0.035442064625729214,,10,1,val,current_repo_v1
7787,311.48,-0.0007571191223907388,,10,1,val,current_repo_v1
7788,311.52,0.14755983949303222,,10,1,val,current_repo_v1
7789,311.56,0.06642411244808298,,10,1,val,current_repo_v1
7790,311.6,0.09791215202350538,,10,1,val,current_repo_v1
7791,311.64,0.11949956540720487,,10,1,val,current_repo_v1
7792,311.68,0.023712719434189636,,10,1,val,current_repo_v1
7793,311.72,0.0747576985794509,,10,1,val,current_repo_v1
7794,311.76,0.1252291998876258,,10,1,val,current_repo_v1
7795,311.8,0.009536553057031676,,10,1,val,current_repo_v1
7796,311.84,-0.3096361774650996,,10,1,val,current_repo_v1
7797,311.88,-0.2725938353330757,,10,1,val,current_repo_v1
7798,311.92,-0.05452693134401064,,10,1,val,current_repo_v1
7799,311.96,0.29020911013772877,,10,1,val,current_repo_v1
7800,312.0,0.1784372069466262,,10,1,val,current_repo_v1
7801,312.04,-0.034566833865088506,,10,1,val,current_repo_v1
7802,312.08,-0.48313881074132253,,10,1,val,current_repo_v1
7803,312.12,-0.3845080967913115,,10,1,val,current_repo_v1
7804,312.16,-0.4582542954782565,,10,1,val,current_repo_v1
7805,312.2,-0.1418415039856358,,10,1,val,current_repo_v1
7806,312.24,0.07593824341856804,,10,1,val,current_repo_v1
7807,312.28,0.19465800382758205,,10,1,val,current_repo_v1
7808,312.32,-0.03832649020044906,,10,1,val,current_repo_v1
7809,312.36,-0.17853364390121443,,10,1,val,current_repo_v1
7810,312.4,-0.2259393205580198,,10,1,val,current_repo_v1
7811,312.44,-0.37389906455934224,,10,1,val,current_repo_v1
7812,312.48,-0.2022867450736258,,10,1,val,current_repo_v1
7813,312.52,-0.2666008072830454,,10,1,val,current_repo_v1
7814,312.56,-0.1292464684114567,,10,1,val,current_repo_v1
7815,312.6,0.01574096422885828,,10,1,val,current_repo_v1
7816,312.64,-0.025799776042923786,,10,1,val,current_repo_v1
7817,312.68,0.21726214892398166,,10,1,val,current_repo_v1
7818,312.72,0.0754941542103183,,10,1,val,current_repo_v1
7819,312.76,0.04805163059128801,,10,1,val,current_repo_v1
7820,312.8,0.1342213358903305,,10,1,val,current_repo_v1
7821,312.84,0.12426650100701547,,10,1,val,current_repo_v1
7822,312.88,0.09533044659960264,,10,1,val,current_repo_v1
7823,312.92,-0.005337247965855118,,10,1,val,current_repo_v1
7824,312.96,-0.03429541670568549,,10,1,val,current_repo_v1
7825,313.0,0.2867771240200779,,10,1,val,current_repo_v1
7826,313.04,0.09705030856747927,,10,1,val,current_repo_v1
7827,313.08,-0.22424258411469908,,10,1,val,current_repo_v1
7828,313.12,-0.06268397651748066,,10,1,val,current_repo_v1
7829,313.16,0.05176525570191463,,10,1,val,current_repo_v1
7830,313.2,0.07814589568102252,,10,1,val,current_repo_v1
7831,313.24,0.014173968133378881,,10,1,val,current_repo_v1
7832,313.28,0.07356255740164068,,10,1,val,current_repo_v1
7833,313.32,-0.15580696869656893,,10,1,val,current_repo_v1
7834,313.36,0.04310936306765799,,10,1,val,current_repo_v1
7835,313.4,-0.010147225178860105,,10,1,val,current_repo_v1
7836,313.44,-0.28283030920936647,,10,1,val,current_repo_v1
7837,313.48,0.029152713314278957,,10,1,val,current_repo_v1
7838,313.52,0.009221500758613927,,10,1,val,current_repo_v1
7839,313.56,-0.0530415120751729,,10,1,val,current_repo_v1
7840,313.6,-0.23821163196299214,,10,1,val,current_repo_v1
7841,313.64,-0.2547671774066263,,10,1,val,current_repo_v1
7842,313.68,-0.4600741775380813,,10,1,val,current_repo_v1
7843,313.72,-0.2990392795387909,,10,1,val,current_repo_v1
7844,313.76,-0.3913621329647318,,10,1,val,current_repo_v1
7845,313.8,-0.39835100941156093,,10,1,val,current_repo_v1
7846,313.84,-0.2689283957260865,,10,1,val,current_repo_v1
7847,313.88,-0.4705630977299616,,10,1,val,current_repo_v1
7848,313.92,-0.3001636372669147,,10,1,val,current_repo_v1
7849,313.96,-0.32861612200780554,,10,1,val,current_repo_v1
7850,314.0,-0.22354807097513654,,10,1,val,current_repo_v1
7851,314.04,-0.048789449133298426,,10,1,val,current_repo_v1
7852,314.08,0.06005830621799632,,10,1,val,current_repo_v1
7853,314.12,0.10604284025406423,,10,1,val,current_repo_v1
7854,314.16,0.19023685197422074,,10,1,val,current_repo_v1
7855,314.2,0.06120068954510862,,10,1,val,current_repo_v1
7856,314.24,-0.09950829683149538,,10,1,val,current_repo_v1
7857,314.28,-0.019986740193524588,,10,1,val,current_repo_v1
7858,314.32,0.20600793214285243,,10,1,val,current_repo_v1
7859,314.36,0.30825106405990127,,10,1,val,current_repo_v1
7860,314.4,0.1580407580775567,,10,1,val,current_repo_v1
7861,314.44,-0.2580708740173301,,10,1,val,current_repo_v1
7862,314.48,-0.39107526215156185,,10,1,val,current_repo_v1
7863,314.52,-0.40781356958298876,,10,1,val,current_repo_v1
7864,314.56,0.03163848737966264,,10,1,val,current_repo_v1
7865,314.6,0.18130116687176281,,10,1,val,current_repo_v1
7866,314.64,0.6300461675158482,,10,1,val,current_repo_v1
7867,314.68,0.7384827633507038,,10,1,val,current_repo_v1
7868,314.72,0.8411423305692616,,10,1,val,current_repo_v1
7869,314.76,0.7233155407481855,,10,1,val,current_repo_v1
7870,314.8,0.24664668902720238,,10,1,val,current_repo_v1
7871,314.84,-0.20519948402822016,,10,1,val,current_repo_v1
7872,314.88,-0.2906616845669658,,10,1,val,current_repo_v1
7873,314.92,0.07628965466909177,,10,1,val,current_repo_v1
7874,314.96,0.3439956070296319,,10,1,val,current_repo_v1
7875,315.0,0.32791215641999294,,10,1,val,current_repo_v1
7876,315.04,-0.05573884512185525,,10,1,val,current_repo_v1
7877,315.08,-0.21270593697283366,,10,1,val,current_repo_v1
7878,315.12,-0.08181419300492451,,10,1,val,current_repo_v1
7879,315.16,0.28787967516991325,,10,1,val,current_repo_v1
7880,315.2,0.5270247693712539,,10,1,val,current_repo_v1
7881,315.24,0.5486675345333106,,10,1,val,current_repo_v1
7882,315.28,0.4326497674477906,,10,1,val,current_repo_v1
7883,315.32,0.43113667228977426,,10,1,val,current_repo_v1
7884,315.36,0.2536780355438433,,10,1,val,current_repo_v1
7885,315.4,0.3318399784044531,,10,1,val,current_repo_v1
7886,315.44,0.48657980965846764,,10,1,val,current_repo_v1
7887,315.48,0.9246806940998697,,10,1,val,current_repo_v1
7888,315.52,0.8412819630141087,,10,1,val,current_repo_v1
7889,315.56,0.6215119696572015,,10,1,val,current_repo_v1
7890,315.6,0.730727842911741,,10,1,val,current_repo_v1
7891,315.64,0.7150654439155469,,10,1,val,current_repo_v1
7892,315.68,0.6913329402873456,,10,1,val,current_repo_v1
7893,315.72,0.6465022204460412,,10,1,val,current_repo_v1
7894,315.76,0.4494472516017503,,10,1,val,current_repo_v1
7895,315.8,0.49126954293675695,,10,1,val,current_repo_v1
7896,315.84,0.7840908701220421,,10,1,val,current_repo_v1
7897,315.88,0.8465733995796079,,10,1,val,current_repo_v1
7898,315.92,0.9333398401349194,,10,1,val,current_repo_v1
7899,315.96,0.954042372467788,,10,1,val,current_repo_v1
7900,316.0,1.131401077051522,,10,1,val,current_repo_v1
7901,316.04,1.07977171678003,,10,1,val,current_repo_v1
7902,316.08,0.7809225853281296,,10,1,val,current_repo_v1
7903,316.12,0.8333914988637278,,10,1,val,current_repo_v1
7904,316.16,0.7560866512525813,,10,1,val,current_repo_v1
7905,316.2,0.767999549799674,,10,1,val,current_repo_v1
7906,316.24,0.8631826261363271,,10,1,val,current_repo_v1
7907,316.28,1.0241433114256357,,10,1,val,current_repo_v1
7908,316.32,0.8138916696672694,,10,1,val,current_repo_v1
7909,316.36,0.75053652535916,,10,1,val,current_repo_v1
7910,316.4,0.5016483311153054,,10,1,val,current_repo_v1
7911,316.44,0.5326291479211428,,10,1,val,current_repo_v1
7912,316.48,0.577104103989241,,10,1,val,current_repo_v1
7913,316.52,0.6820335777340767,,10,1,val,current_repo_v1
7914,316.56,0.5096091390666169,,10,1,val,current_repo_v1
7915,316.6,0.6908151219827455,,10,1,val,current_repo_v1
7916,316.64,0.8169171565452928,,10,1,val,current_repo_v1
7917,316.68,0.8286030204748822,,10,1,val,current_repo_v1
7918,316.72,0.7871390428758657,,10,1,val,current_repo_v1
7919,316.76,0.4698386005452524,,10,1,val,current_repo_v1
7920,316.8,0.6439598196209084,,10,1,val,current_repo_v1
7921,316.84,0.7575872603859325,,10,1,val,current_repo_v1
7922,316.88,0.7543201425517125,,10,1,val,current_repo_v1
7923,316.92,0.7735004350324439,,10,1,val,current_repo_v1
7924,316.96,0.7595841450348487,,10,1,val,current_repo_v1
7925,317.0,0.7724716569438345,,10,1,val,current_repo_v1
7926,317.04,1.0312432871130597,,10,1,val,current_repo_v1
7927,317.08,1.0129591746561837,,10,1,val,current_repo_v1
7928,317.12,0.7915065136161418,,10,1,val,current_repo_v1
7929,317.16,0.6604022434396711,,10,1,val,current_repo_v1
7930,317.2,0.4432722968965634,,10,1,val,current_repo_v1
7931,317.24,0.47788223832215965,,10,1,val,current_repo_v1
7932,317.28,0.5086958127412847,,10,1,val,current_repo_v1
7933,317.32,0.4497620401109146,,10,1,val,current_repo_v1
7934,317.36,0.7298684175238719,,10,1,val,current_repo_v1
7935,317.4,0.8493113561713276,,10,1,val,current_repo_v1
7936,317.44,0.7653602503887594,,10,1,val,current_repo_v1
7937,317.48,0.7353379997652275,,10,1,val,current_repo_v1
7938,317.52,0.6488110798520845,,10,1,val,current_repo_v1
7939,317.56,0.7909727800265811,,10,1,val,current_repo_v1
7940,317.6,0.6656683562368353,,10,1,val,current_repo_v1
7941,317.64,0.6543321889276219,,10,1,val,current_repo_v1
7942,317.68,0.699989800148865,,10,1,val,current_repo_v1
7943,317.72,0.7768473930807199,,10,1,val,current_repo_v1
7944,317.76,0.5683078754721278,,10,1,val,current_repo_v1
7945,317.8,0.7366535167723802,,10,1,val,current_repo_v1
7946,317.84,0.6865572117124187,,10,1,val,current_repo_v1
7947,317.88,0.5985189552362826,,10,1,val,current_repo_v1
7948,317.92,0.6972067355947986,,10,1,val,current_repo_v1
7949,317.96,0.7949289153909159,,10,1,val,current_repo_v1
7950,318.0,0.6050864283506621,,10,1,val,current_repo_v1
7951,318.04,0.5920949834758015,,10,1,val,current_repo_v1
7952,318.08,0.5203306774151994,,10,1,val,current_repo_v1
7953,318.12,0.3664118462477957,,10,1,val,current_repo_v1
7954,318.16,0.3361532844180128,,10,1,val,current_repo_v1
7955,318.2,0.4746321788596654,,10,1,val,current_repo_v1
7956,318.24,0.31422057090149536,,10,1,val,current_repo_v1
7957,318.28,0.36930324025529526,,10,1,val,current_repo_v1
7958,318.32,0.2679573435191157,,10,1,val,current_repo_v1
7959,318.36,0.43089653613934753,,10,1,val,current_repo_v1
7960,318.4,0.29792775955433687,,10,1,val,current_repo_v1
7961,318.44,0.3323586760065648,,10,1,val,current_repo_v1
7962,318.48,0.24325559024384238,,10,1,val,current_repo_v1
7963,318.52,0.40447997685688947,,10,1,val,current_repo_v1
7964,318.56,0.5347958249195552,,10,1,val,current_repo_v1
7965,318.6,0.8207171286715618,,10,1,val,current_repo_v1
7966,318.64,0.6498437268497452,,10,1,val,current_repo_v1
7967,318.68,0.40559817950243193,,10,1,val,current_repo_v1
7968,318.72,0.2482870185351519,,10,1,val,current_repo_v1
7969,318.76,0.2813469343072433,,10,1,val,current_repo_v1
7970,318.8,0.19165137788118317,,10,1,val,current_repo_v1
7971,318.84,0.3383911845148674,,10,1,val,current_repo_v1
7972,318.88,0.5846982448782019,,10,1,val,current_repo_v1
7973,318.92,0.3256107710427985,,10,1,val,current_repo_v1
7974,318.96,0.31893263833658014,,10,1,val,current_repo_v1
7975,319.0,0.09887542244749825,,10,1,val,current_repo_v1
7976,319.04,0.20711180223895526,,10,1,val,current_repo_v1
7977,319.08,0.3035785650128399,,10,1,val,current_repo_v1
7978,319.12,0.26044242733595274,,10,1,val,current_repo_v1
7979,319.16,0.10716346096776364,,10,1,val,current_repo_v1
7980,319.2,0.22753682827715282,,10,1,val,current_repo_v1
7981,319.24,0.5422136666574341,,10,1,val,current_repo_v1
7982,319.28,0.6782310556450241,,10,1,val,current_repo_v1
7983,319.32,0.4953326888082573,,10,1,val,current_repo_v1
7984,319.36,0.3297678698534167,,10,1,val,current_repo_v1
7985,319.4,0.4948770368377296,,10,1,val,current_repo_v1
7986,319.44,0.13351125918481208,,10,1,val,current_repo_v1
7987,319.48,0.022911019927959155,,10,1,val,current_repo_v1
7988,319.52,-0.031553657152227944,,10,1,val,current_repo_v1
7989,319.56,0.17716666600719352,,10,1,val,current_repo_v1
7990,319.6,-0.15364405069501874,,10,1,val,current_repo_v1
7991,319.64,-0.10317650622564621,,10,1,val,current_repo_v1
7992,319.68,-0.2633178620936162,,10,1,val,current_repo_v1
7993,319.72,-0.29765056101379483,,10,1,val,current_repo_v1
7994,319.76,-0.31369083811561266,,10,1,val,current_repo_v1
7995,319.8,-0.34111353357575563,,10,1,val,current_repo_v1
7996,319.84,-0.2655081482302159,,10,1,val,current_repo_v1
7997,319.88,-0.33362002828700094,,10,1,val,current_repo_v1
7998,319.92,-0.19423517163667603,,10,1,val,current_repo_v1
7999,319.96,0.054475954070773776,,10,1,val,current_repo_v1
8000,320.0,0.22878956344197493,,10,1,val,current_repo_v1
8001,320.04,0.3287057663891164,,10,1,val,current_repo_v1
8002,320.08,-0.028259808673654446,,10,1,val,current_repo_v1
8003,320.12,0.15737732810503033,,10,1,val,current_repo_v1
8004,320.16,0.1633448125623477,,10,1,val,current_repo_v1
8005,320.2,0.15237192702006513,,10,1,val,current_repo_v1
8006,320.24,0.15205384114523224,,10,1,val,current_repo_v1
8007,320.28,0.25991607984548987,,10,1,val,current_repo_v1
8008,320.32,0.2506019450940255,,10,1,val,current_repo_v1
8009,320.36,0.22992886922779654,,10,1,val,current_repo_v1
8010,320.4,0.38032338803882804,,10,1,val,current_repo_v1
8011,320.44,0.5240960931492612,,10,1,val,current_repo_v1
8012,320.48,0.3398266377026066,,10,1,val,current_repo_v1
8013,320.52,0.256787978947859,,10,1,val,current_repo_v1
8014,320.56,0.24675158922034007,,10,1,val,current_repo_v1
8015,320.6,0.22630251439519938,,10,1,val,current_repo_v1
8016,320.64,0.27591604115639934,,10,1,val,current_repo_v1
8017,320.68,0.2903911686875122,,10,1,val,current_repo_v1
8018,320.72,0.3370141606467761,,10,1,val,current_repo_v1
8019,320.76,0.14906726318209856,,10,1,val,current_repo_v1
8020,320.8,0.3182020739990407,,10,1,val,current_repo_v1
8021,320.84,0.3356243869647661,,10,1,val,current_repo_v1
8022,320.88,0.3755611127158291,,10,1,val,current_repo_v1
8023,320.92,0.2426371803039116,,10,1,val,current_repo_v1
8024,320.96,0.4012934026747351,,10,1,val,current_repo_v1
8025,321.0,0.5459637826147934,,10,1,val,current_repo_v1
8026,321.04,0.455632845806828,,10,1,val,current_repo_v1
8027,321.08,0.3977216961824859,,10,1,val,current_repo_v1
8028,321.12,0.2941275236388145,,10,1,val,current_repo_v1
8029,321.16,0.40857679982308537,,10,1,val,current_repo_v1
8030,321.2,0.42262999644324156,,10,1,val,current_repo_v1
8031,321.24,0.4982208294149638,,10,1,val,current_repo_v1
8032,321.28,0.27936570115403403,,10,1,val,current_repo_v1
8033,321.32,0.20711668234014483,,10,1,val,current_repo_v1
8034,321.36,0.26459271159085584,,10,1,val,current_repo_v1
8035,321.4,0.3811409588651435,,10,1,val,current_repo_v1
8036,321.44,0.42074574980556534,,10,1,val,current_repo_v1
8037,321.48,0.41637968594130775,,10,1,val,current_repo_v1
8038,321.52,0.5543024247068532,,10,1,val,current_repo_v1
8039,321.56,0.3736129411490572,,10,1,val,current_repo_v1
8040,321.6,0.33999102237240625,,10,1,val,current_repo_v1
8041,321.64,0.41822128664966984,,10,1,val,current_repo_v1
8042,321.68,0.35597643130949824,,10,1,val,current_repo_v1
8043,321.72,0.36117518991727127,,10,1,val,current_repo_v1
8044,321.76,0.38033930332378857,,10,1,val,current_repo_v1
8045,321.8,0.4494797856096807,,10,1,val,current_repo_v1
8046,321.84,0.4157808843358864,,10,1,val,current_repo_v1
8047,321.88,0.19715410963872743,,10,1,val,current_repo_v1
8048,321.92,0.1813305793735269,,10,1,val,current_repo_v1
8049,321.96,0.10859258321341914,,10,1,val,current_repo_v1
8050,322.0,0.352404724817249,,10,1,val,current_repo_v1
8051,322.04,0.28778242486512673,,10,1,val,current_repo_v1
8052,322.08,0.4689773286326088,,10,1,val,current_repo_v1
8053,322.12,0.27321993912623327,,10,1,val,current_repo_v1
8054,322.16,0.31282112494685743,,10,1,val,current_repo_v1
8055,322.2,0.3608794821641094,,10,1,val,current_repo_v1
8056,322.24,0.2914286078566112,,10,1,val,current_repo_v1
8057,322.28,0.31916899350770683,,10,1,val,current_repo_v1
8058,322.32,0.18368243642788903,,10,1,val,current_repo_v1
8059,322.36,0.27068619938159005,,10,1,val,current_repo_v1
8060,322.4,0.390894302723668,,10,1,val,current_repo_v1
8061,322.44,0.1263359277006414,,10,1,val,current_repo_v1
8062,322.48,0.20411959677174712,,10,1,val,current_repo_v1
8063,322.52,0.2517299519068226,,10,1,val,current_repo_v1
8064,322.56,0.3498862408844326,,10,1,val,current_repo_v1
8065,322.6,0.446690653902784,,10,1,val,current_repo_v1
8066,322.64,0.5402597796568366,,10,1,val,current_repo_v1
8067,322.68,0.4931618791115402,,10,1,val,current_repo_v1
8068,322.72,0.2005586616740154,,10,1,val,current_repo_v1
8069,322.76,0.30773561985858255,,10,1,val,current_repo_v1
8070,322.8,0.5078242530477551,,10,1,val,current_repo_v1
8071,322.84,0.27544891435334484,,10,1,val,current_repo_v1
8072,322.88,0.07962443444683173,,10,1,val,current_repo_v1
8073,322.92,-0.0009003566870355927,,10,1,val,current_repo_v1
8074,322.96,0.039192004723586235,,10,1,val,current_repo_v1
8075,323.0,0.29888329216022735,,10,1,val,current_repo_v1
8076,323.04,0.13929932298488093,,10,1,val,current_repo_v1
8077,323.08,0.07689425963808993,,10,1,val,current_repo_v1
8078,323.12,0.09651063971971513,,10,1,val,current_repo_v1
8079,323.16,0.34761879639118715,,10,1,val,current_repo_v1
8080,323.2,0.29932179782927826,,10,1,val,current_repo_v1
8081,323.24,0.2965511313701258,,10,1,val,current_repo_v1
8082,323.28,0.0945269884983489,,10,1,val,current_repo_v1
8083,323.32,-0.13928331977016922,,10,1,val,current_repo_v1
8084,323.36,0.08235109206552702,,10,1,val,current_repo_v1
8085,323.4,0.19318909336952522,,10,1,val,current_repo_v1
8086,323.44,0.28993265900007165,,10,1,val,current_repo_v1
8087,323.48,0.1983562851966307,,10,1,val,current_repo_v1
8088,323.52,-0.07793178673694012,,10,1,val,current_repo_v1
8089,323.56,0.1250556705237052,,10,1,val,current_repo_v1
8090,323.6,0.10577104939321877,,10,1,val,current_repo_v1
8091,323.64,0.294218882650273,,10,1,val,current_repo_v1
8092,323.68,0.18455487541893031,,10,1,val,current_repo_v1
8093,323.72,0.20480285490316077,,10,1,val,current_repo_v1
8094,323.76,0.34716710125946176,,10,1,val,current_repo_v1
8095,323.8,0.4635914555143605,,10,1,val,current_repo_v1
8096,323.84,0.38515117102644353,,10,1,val,current_repo_v1
8097,323.88,0.39346317040390094,,10,1,val,current_repo_v1
8098,323.92,0.5064220373059555,,10,1,val,current_repo_v1
8099,323.96,0.45552671459717403,,10,1,val,current_repo_v1
8100,324.0,0.5464169725522885,,10,1,val,current_repo_v1
8101,324.04,0.1736086325912502,,10,1,val,current_repo_v1
8102,324.08,0.40062487277664127,,10,1,val,current_repo_v1
8103,324.12,0.5987684998700838,,10,1,val,current_repo_v1
8104,324.16,0.5170872126840425,,10,1,val,current_repo_v1
8105,324.2,0.19172427164489747,,10,1,val,current_repo_v1
8106,324.24,-0.18090801097187434,,10,1,val,current_repo_v1
8107,324.28,-0.46354190709958,,10,1,val,current_repo_v1
8108,324.32,-0.2750590338366872,,10,1,val,current_repo_v1
8109,324.36,-0.5789539700942123,,10,1,val,current_repo_v1
8110,324.4,-0.9760835473323652,,10,1,val,current_repo_v1
8111,324.44,-0.954522996487646,,10,1,val,current_repo_v1
8112,324.48,-0.6092278756655732,,10,1,val,current_repo_v1
8113,324.52,-0.7632153799686354,,10,1,val,current_repo_v1
8114,324.56,-1.156356947307657,,10,1,val,current_repo_v1
8115,324.6,-1.191552412946249,,10,1,val,current_repo_v1
8116,324.64,-1.58606594819267,,10,1,val,current_repo_v1
8117,324.68,-1.6413647928397046,,10,1,val,current_repo_v1
8118,324.72,-1.553374194288699,,10,1,val,current_repo_v1
8119,324.76,-1.2097728642632828,,10,1,val,current_repo_v1
8120,324.8,-0.9846202951537957,,10,1,val,current_repo_v1
8121,324.84,-0.9170454020873644,,10,1,val,current_repo_v1
8122,324.88,-0.6546779726740712,,10,1,val,current_repo_v1
8123,324.92,-0.5014835067967499,,10,1,val,current_repo_v1
8124,324.96,-0.4472787720434391,,10,1,val,current_repo_v1
8125,325.0,-0.17058752021834717,,10,1,val,current_repo_v1
8126,325.04,-0.07035380293975536,,10,1,val,current_repo_v1
8127,325.08,0.043518324340318035,,10,1,val,current_repo_v1
8128,325.12,0.027514538085232947,,10,1,val,current_repo_v1
8129,325.16,0.09951467173845471,,10,1,val,current_repo_v1
8130,325.2,-0.02858721510211062,,10,1,val,current_repo_v1
8131,325.24,0.25110674979545344,,10,1,val,current_repo_v1
8132,325.28,0.12457381548733086,,10,1,val,current_repo_v1
8133,325.32,0.10774907311051055,,10,1,val,current_repo_v1
8134,325.36,0.3078939813404275,,10,1,val,current_repo_v1
8135,325.4,0.25312104453510004,,10,1,val,current_repo_v1
8136,325.44,0.4012133866011766,,10,1,val,current_repo_v1
8137,325.48,0.32713986941552653,,10,1,val,current_repo_v1
8138,325.52,0.2883135205621525,,10,1,val,current_repo_v1
8139,325.56,0.08940239863568199,,10,1,val,current_repo_v1
8140,325.6,0.19568647416206245,,10,1,val,current_repo_v1
8141,325.64,0.05364879890158155,,10,1,val,current_repo_v1
8142,325.68,0.06556776460150457,,10,1,val,current_repo_v1
8143,325.72,0.07274335987492872,,10,1,val,current_repo_v1
8144,325.76,-0.13701341324389119,,10,1,val,current_repo_v1
8145,325.8,-0.28437923574098184,,10,1,val,current_repo_v1
8146,325.84,-0.16257760350101097,,10,1,val,current_repo_v1
8147,325.88,-0.02155927586332727,,10,1,val,current_repo_v1
8148,325.92,-0.07450806601589857,,10,1,val,current_repo_v1
8149,325.96,0.018495539543547868,,10,1,val,current_repo_v1
8150,326.0,0.011021422764924646,,10,1,val,current_repo_v1
8151,326.04,-0.5016714126749857,,10,1,val,current_repo_v1
8152,326.08,-0.3941185987690714,,10,1,val,current_repo_v1
8153,326.12,-0.09702645762247625,,10,1,val,current_repo_v1
8154,326.16,-0.025618750667716548,,10,1,val,current_repo_v1
8155,326.2,0.136764396188597,,10,1,val,current_repo_v1
8156,326.24,0.10117452165116245,,10,1,val,current_repo_v1
8157,326.28,0.01728070210147709,,10,1,val,current_repo_v1
8158,326.32,-0.3199520079418151,,10,1,val,current_repo_v1
8159,326.36,-0.17013921038204158,,10,1,val,current_repo_v1
8160,326.4,0.0032825495055490276,,10,1,val,current_repo_v1
8161,326.44,-0.16482871504297786,,10,1,val,current_repo_v1
8162,326.48,-0.2896840376286577,,10,1,val,current_repo_v1
8163,326.52,-0.4593584293636128,,10,1,val,current_repo_v1
8164,326.56,-0.2243364711065036,,10,1,val,current_repo_v1
8165,326.6,-0.1749942955573933,,10,1,val,current_repo_v1
8166,326.64,-0.12642979271000812,,10,1,val,current_repo_v1
8167,326.68,-0.25595814192125627,,10,1,val,current_repo_v1
8168,326.72,-0.028649337471307424,,10,1,val,current_repo_v1
8169,326.76,-0.2719425176837721,,10,1,val,current_repo_v1
8170,326.8,-0.3852939689423326,,10,1,val,current_repo_v1
8171,326.84,-0.3313730274609009,,10,1,val,current_repo_v1
8172,326.88,-0.42944143065222334,,10,1,val,current_repo_v1
8173,326.92,-0.23168880517976578,,10,1,val,current_repo_v1
8174,326.96,-0.34913971729705706,,10,1,val,current_repo_v1
8175,327.0,-0.19149758874639872,,10,1,val,current_repo_v1
8176,327.04,-0.04963715788182505,,10,1,val,current_repo_v1
8177,327.08,-0.22799771206787472,,10,1,val,current_repo_v1
8178,327.12,-0.34589427414649887,,10,1,val,current_repo_v1
8179,327.16,-0.5808703550559388,,10,1,val,current_repo_v1
8180,327.2,-0.5879272891301681,,10,1,val,current_repo_v1
8181,327.24,-0.48109224578299903,,10,1,val,current_repo_v1
8182,327.28,-0.7026043473348272,,10,1,val,current_repo_v1
8183,327.32,-0.5269198691781162,,10,1,val,current_repo_v1
8184,327.36,-0.21274330711707803,,10,1,val,current_repo_v1
8185,327.4,-0.3843168935474071,,10,1,val,current_repo_v1
8186,327.44,-0.4400243037832215,,10,1,val,current_repo_v1
8187,327.48,-0.3084078208237875,,10,1,val,current_repo_v1
8188,327.52,-0.5475957148315068,,10,1,val,current_repo_v1
8189,327.56,-0.5681938745497447,,10,1,val,current_repo_v1
8190,327.6,-0.7007239696062022,,10,1,val,current_repo_v1
8191,327.64,-0.7363653270129428,,10,1,val,current_repo_v1
8192,327.68,-0.6218639964159833,,10,1,val,current_repo_v1
8193,327.72,-0.782816592168185,,10,1,val,current_repo_v1
8194,327.76,-0.972563015955293,,10,1,val,current_repo_v1
8195,327.8,-0.5856663514385088,,10,1,val,current_repo_v1
8196,327.84,-0.7747432341353846,,10,1,val,current_repo_v1
8197,327.88,-0.7111388529476032,,10,1,val,current_repo_v1
8198,327.92,-0.6192882702151598,,10,1,val,current_repo_v1
8199,327.96,-0.7736624016340865,,10,1,val,current_repo_v1
8200,328.0,-1.0396912258858153,,10,1,val,current_repo_v1
8201,328.04,-1.16740356194629,,10,1,val,current_repo_v1
8202,328.08,-1.0014917282284836,,10,1,val,current_repo_v1
8203,328.12,-0.9493486823506964,,10,1,val,current_repo_v1
8204,328.16,-1.0770356946428359,,10,1,val,current_repo_v1
8205,328.2,-0.8760507935000569,,10,1,val,current_repo_v1
8206,328.24,-0.6408660552911069,,10,1,val,current_repo_v1
8207,328.28,-0.4655645112007115,,10,1,val,current_repo_v1
8208,328.32,-0.559244296546603,,10,1,val,current_repo_v1
8209,328.36,-0.6840681842462419,,10,1,val,current_repo_v1
8210,328.4,-0.5039036413028903,,10,1,val,current_repo_v1
8211,328.44,-0.7475358346709646,,10,1,val,current_repo_v1
8212,328.48,-1.0718613805058863,,10,1,val,current_repo_v1
8213,328.52,-0.9434642475433527,,10,1,val,current_repo_v1
8214,328.56,-0.8095864531908168,,10,1,val,current_repo_v1
8215,328.6,-0.5871148182294201,,10,1,val,current_repo_v1
8216,328.64,-0.8487551125654692,,10,1,val,current_repo_v1
8217,328.68,-0.5681221678376711,,10,1,val,current_repo_v1
8218,328.72,-0.5109352076439091,,10,1,val,current_repo_v1
8219,328.76,-0.7019064049349694,,10,1,val,current_repo_v1
8220,328.8,-0.49411802722568887,,10,1,val,current_repo_v1
8221,328.84,-0.2861179146756074,,10,1,val,current_repo_v1
8222,328.88,-0.2800210855543289,,10,1,val,current_repo_v1
8223,328.92,-0.6259508833202978,,10,1,val,current_repo_v1
8224,328.96,-0.49010544096110736,,10,1,val,current_repo_v1
8225,329.0,-0.7940682589865304,,10,1,val,current_repo_v1
8226,329.04,-0.7347259647322562,,10,1,val,current_repo_v1
8227,329.08,-0.7393557299202521,,10,1,val,current_repo_v1
8228,329.12,-0.8760520245165733,,10,1,val,current_repo_v1
8229,329.16,-0.849899957925614,,10,1,val,current_repo_v1
8230,329.2,-0.5592128176956865,,10,1,val,current_repo_v1
8231,329.24,-0.5630880137240756,,10,1,val,current_repo_v1
8232,329.28,-0.1423117303124188,,10,1,val,current_repo_v1
8233,329.32,-0.18737783809758707,,10,1,val,current_repo_v1
8234,329.36,-0.2603147093723882,,10,1,val,current_repo_v1
8235,329.4,-0.4650293707351323,,10,1,val,current_repo_v1
8236,329.44,-0.7302935139058703,,10,1,val,current_repo_v1
8237,329.48,-0.4714800291750914,,10,1,val,current_repo_v1
8238,329.52,-0.3760913730802187,,10,1,val,current_repo_v1
8239,329.56,-0.20690721169043627,,10,1,val,current_repo_v1
8240,329.6,-0.015355743989012299,,10,1,val,current_repo_v1
8241,329.64,0.0739746841453426,,10,1,val,current_repo_v1
8242,329.68,-0.08657266536618564,,10,1,val,current_repo_v1
8243,329.72,-0.0825346234386424,,10,1,val,current_repo_v1
8244,329.76,0.04904220320301705,,10,1,val,current_repo_v1
8245,329.8,-0.19032152832459093,,10,1,val,current_repo_v1
8246,329.84,-0.38229670751443257,,10,1,val,current_repo_v1
8247,329.88,-0.4207608737227654,,10,1,val,current_repo_v1
8248,329.92,-0.26487841733482287,,10,1,val,current_repo_v1
8249,329.96,-0.0426718246258699,,10,1,val,current_repo_v1
8250,330.0,-0.20484358836038713,,10,1,val,current_repo_v1
8251,330.04,-0.5049602051928673,,10,1,val,current_repo_v1
8252,330.08,-0.45838755301614437,,10,1,val,current_repo_v1
8253,330.12,-0.2544352425959852,,10,1,val,current_repo_v1
8254,330.16,-0.13795573440466943,,10,1,val,current_repo_v1
8255,330.2,-0.1980420462484112,,10,1,val,current_repo_v1
8256,330.24,-0.10890405237447698,,10,1,val,current_repo_v1
8257,330.28,-0.1036558332816746,,10,1,val,current_repo_v1
8258,330.32,-0.16808486364074013,,10,1,val,current_repo_v1
8259,330.36,-0.1578932779024182,,10,1,val,current_repo_v1
8260,330.4,-0.1309357967732419,,10,1,val,current_repo_v1
8261,330.44,-0.07660042039214031,,10,1,val,current_repo_v1
8262,330.48,-0.0015106770898593688,,10,1,val,current_repo_v1
8263,330.52,-0.014792509967936416,,10,1,val,current_repo_v1
8264,330.56,-0.20204649901101013,,10,1,val,current_repo_v1
8265,330.6,-0.17538962771862304,,10,1,val,current_repo_v1
8266,330.64,-0.07576803340275387,,10,1,val,current_repo_v1
8267,330.68,-0.3478435008702847,,10,1,val,current_repo_v1
8268,330.72,-0.24060178242398583,,10,1,val,current_repo_v1
8269,330.76,-0.24281655699628452,,10,1,val,current_repo_v1
8270,330.8,-0.22928693807942957,,10,1,val,current_repo_v1
8271,330.84,-0.2250439758668005,,10,1,val,current_repo_v1
8272,330.88,-0.0739541305660082,,10,1,val,current_repo_v1
8273,330.92,-0.14847140722334112,,10,1,val,current_repo_v1
8274,330.96,-0.06483403479292324,,10,1,val,current_repo_v1
8275,331.0,0.3664492163920401,,10,1,val,current_repo_v1
8276,331.04,0.4874960376655882,,10,1,val,current_repo_v1
8277,331.08,0.10250204106934888,,10,1,val,current_repo_v1
8278,331.12,0.022172849666944085,,10,1,val,current_repo_v1
8279,331.16,0.03212561820110677,,10,1,val,current_repo_v1
8280,331.2,0.18841389237310527,,10,1,val,current_repo_v1
8281,331.24,0.3420715721795543,,10,1,val,current_repo_v1
8282,331.28,-0.027255958669499765,,10,1,val,current_repo_v1
8283,331.32,0.06162776434650829,,10,1,val,current_repo_v1
8284,331.36,0.01306046972952369,,10,1,val,current_repo_v1
8285,331.4,-0.3929464512211904,,10,1,val,current_repo_v1
8286,331.44,-0.4119023030120776,,10,1,val,current_repo_v1
8287,331.48,-0.15233704089129113,,10,1,val,current_repo_v1
8288,331.52,0.2917065098351625,,10,1,val,current_repo_v1
8289,331.56,0.88784428344507,,10,1,val,current_repo_v1
8290,331.6,0.7579613135473807,,10,1,val,current_repo_v1
8291,331.64,0.46337479660749437,,10,1,val,current_repo_v1
8292,331.68,0.25753379909722524,,10,1,val,current_repo_v1
8293,331.72,0.1151156078385856,,10,1,val,current_repo_v1
8294,331.76,-0.024268743215670137,,10,1,val,current_repo_v1
8295,331.8,-0.2383584306825591,,10,1,val,current_repo_v1
8296,331.84,-0.5263849925017905,,10,1,val,current_repo_v1
8297,331.88,-0.9812274377754124,,10,1,val,current_repo_v1
8298,331.92,-0.961970030902911,,10,1,val,current_repo_v1
8299,331.96,-0.8113536653296948,,10,1,val,current_repo_v1
8300,332.0,-1.2629564708163354,,10,1,val,current_repo_v1
8301,332.04,-1.2466834876280641,,10,1,val,current_repo_v1
8302,332.08,-1.234165808252471,,10,1,val,current_repo_v1
8303,332.12,-2.0540884036925218,,10,1,val,current_repo_v1
8304,332.16,-2.2039555198560765,,10,1,val,current_repo_v1
8305,332.2,-2.022864373194967,,10,1,val,current_repo_v1
8306,332.24,-1.8977232789180067,,10,1,val,current_repo_v1
8307,332.28,-1.8590143162824357,,10,1,val,current_repo_v1
8308,332.32,-1.8495251133964052,,10,1,val,current_repo_v1
8309,332.36,-1.6815015587746638,,10,1,val,current_repo_v1
8310,332.4,-1.6862555687010534,,10,1,val,current_repo_v1
8311,332.44,-1.9303390615169729,,10,1,val,current_repo_v1
8312,332.48,-2.006168623763103,,10,1,val,current_repo_v1
8313,332.52,-1.621940759088749,,10,1,val,current_repo_v1
8314,332.56,-1.5619251867298178,,10,1,val,current_repo_v1
8315,332.6,-1.2631986293510389,,10,1,val,current_repo_v1
8316,332.64,-1.2120651928761075,,10,1,val,current_repo_v1
8317,332.68,-1.0466357417731826,,10,1,val,current_repo_v1
8318,332.72,-1.211020235713284,,10,1,val,current_repo_v1
8319,332.76,-0.8839468851545124,,10,1,val,current_repo_v1
8320,332.8,-0.7520863751531627,,10,1,val,current_repo_v1
8321,332.84,-0.8408458314483392,,10,1,val,current_repo_v1
8322,332.88,-0.6628373260035093,,10,1,val,current_repo_v1
8323,332.92,-0.894602212400469,,10,1,val,current_repo_v1
8324,332.96,-1.0459201694582165,,10,1,val,current_repo_v1
8325,333.0,-0.9241652498985511,,10,1,val,current_repo_v1
8326,333.04,-0.9263350044382542,,10,1,val,current_repo_v1
8327,333.08,-1.3147414667473862,,10,1,val,current_repo_v1
8328,333.12,-1.2270164160448933,,10,1,val,current_repo_v1
8329,333.16,-1.2342518035491086,,10,1,val,current_repo_v1
8330,333.2,-1.295835515090284,,10,1,val,current_repo_v1
8331,333.24,-1.0602797133314252,,10,1,val,current_repo_v1
8332,333.28,-1.2542767492195135,,10,1,val,current_repo_v1
8333,333.32,-1.2657079685897343,,10,1,val,current_repo_v1
8334,333.36,-1.2058580558819947,,10,1,val,current_repo_v1
8335,333.4,-1.1700783849766745,,10,1,val,current_repo_v1
8336,333.44,-0.9226556719305812,,10,1,val,current_repo_v1
8337,333.48,-0.8870493984945548,,10,1,val,current_repo_v1
8338,333.52,-0.6764023366452074,,10,1,val,current_repo_v1
8339,333.56,-0.6141251231566077,,10,1,val,current_repo_v1
8340,333.6,-0.5405460349617484,,10,1,val,current_repo_v1
8341,333.64,-0.3855995687925003,,10,1,val,current_repo_v1
8342,333.68,-0.0454127488466914,,10,1,val,current_repo_v1
8343,333.72,0.3517739167824042,,10,1,val,current_repo_v1
8344,333.76,0.4152795088947538,,10,1,val,current_repo_v1
8345,333.8,0.29001997324297674,,10,1,val,current_repo_v1
8346,333.84,0.15245721887869343,,10,1,val,current_repo_v1
8347,333.88,0.2896013396976887,,10,1,val,current_repo_v1
8348,333.92,0.16025342233582746,,10,1,val,current_repo_v1
8349,333.96,0.18406550238883151,,10,1,val,current_repo_v1
8350,334.0,0.1392361014937946,,10,1,val,current_repo_v1
8351,334.04,0.19626263385655932,,10,1,val,current_repo_v1
8352,334.08,0.374822414876307,,10,1,val,current_repo_v1
8353,334.12,0.5370862190778544,,10,1,val,current_repo_v1
8354,334.16,0.6261867548777931,,10,1,val,current_repo_v1
8355,334.2,0.5079650285793673,,10,1,val,current_repo_v1
8356,334.24,0.7584785163437227,,10,1,val,current_repo_v1
8357,334.28,0.6342244134316212,,10,1,val,current_repo_v1
8358,334.32,0.4813016504853942,,10,1,val,current_repo_v1
8359,334.36,0.33790040460875,,10,1,val,current_repo_v1
8360,334.4,0.0865770838361816,,10,1,val,current_repo_v1
8361,334.44,0.17784570351055135,,10,1,val,current_repo_v1
8362,334.48,0.16879315976879752,,10,1,val,current_repo_v1
8363,334.52,0.06021416170193309,,10,1,val,current_repo_v1
8364,334.56,0.2271724473883325,,10,1,val,current_repo_v1
8365,334.6,0.0584430806540039,,10,1,val,current_repo_v1
8366,334.64,0.4879149350001297,,10,1,val,current_repo_v1
8367,334.68,0.6475987923727975,,10,1,val,current_repo_v1
8368,334.72,0.4675930505600466,,10,1,val,current_repo_v1
8369,334.76,0.44804793754173916,,10,1,val,current_repo_v1
8370,334.8,0.8805740757593943,,10,1,val,current_repo_v1
8371,334.84,1.0439443879495793,,10,1,val,current_repo_v1
8372,334.88,0.7327237603333945,,10,1,val,current_repo_v1
8373,334.92,0.822529184983533,,10,1,val,current_repo_v1
8374,334.96,0.9263096806699191,,10,1,val,current_repo_v1
8375,335.0,0.7181738485489173,,10,1,val,current_repo_v1
8376,335.04,0.3681794101056784,,10,1,val,current_repo_v1
8377,335.08,0.4524088135506781,,10,1,val,current_repo_v1
8378,335.12,0.30989249268974034,,10,1,val,current_repo_v1
8379,335.16,0.0985988394152144,,10,1,val,current_repo_v1
8380,335.2,0.1605338303122869,,10,1,val,current_repo_v1
8381,335.24,0.14161108407271264,,10,1,val,current_repo_v1
8382,335.28,-0.02370621263260356,,10,1,val,current_repo_v1
8383,335.32,0.23958645758730435,,10,1,val,current_repo_v1
8384,335.36,0.03286853666868465,,10,1,val,current_repo_v1
8385,335.4,0.14887280653740115,,10,1,val,current_repo_v1
8386,335.44,-0.04140271254489363,,10,1,val,current_repo_v1
8387,335.48,0.08363416299450044,,10,1,val,current_repo_v1
8388,335.52,-0.07088467881240319,,10,1,val,current_repo_v1
8389,335.56,-0.1288042037455436,,10,1,val,current_repo_v1
8390,335.6,-0.4887637208881081,,10,1,val,current_repo_v1
8391,335.64,-0.13078594249482203,,10,1,val,current_repo_v1
8392,335.68,-0.25696080487377027,,10,1,val,current_repo_v1
8393,335.72,-0.42067369137448707,,10,1,val,current_repo_v1
8394,335.76,-0.4279337431739035,,10,1,val,current_repo_v1
8395,335.8,-0.4490480505314694,,10,1,val,current_repo_v1
8396,335.84,-0.15332027136879803,,10,1,val,current_repo_v1
8397,335.88,-0.4511731807224572,,10,1,val,current_repo_v1
8398,335.92,-0.6224398483563511,,10,1,val,current_repo_v1
8399,335.96,-0.37050708647847064,,10,1,val,current_repo_v1
8400,336.0,-0.07869506094191228,,10,1,val,current_repo_v1
8401,336.04,-0.43843664419621875,,10,1,val,current_repo_v1
8402,336.08,-0.3995103631806477,,10,1,val,current_repo_v1
8403,336.12,-0.16345929709836218,,10,1,val,current_repo_v1
8404,336.16,0.09063706423664006,,10,1,val,current_repo_v1
8405,336.2,-0.028099644631910673,,10,1,val,current_repo_v1
8406,336.24,-0.6359457702052677,,10,1,val,current_repo_v1
8407,336.28,-0.5653091192384581,,10,1,val,current_repo_v1
8408,336.32,-0.39517239287188677,,10,1,val,current_repo_v1
8409,336.36,-0.4354970646850818,,10,1,val,current_repo_v1
8410,336.4,-0.5389840948269609,,10,1,val,current_repo_v1
8411,336.44,-0.6738113985974326,,10,1,val,current_repo_v1
8412,336.48,-0.8415139216976772,,10,1,val,current_repo_v1
8413,336.52,-0.8892771866700255,,10,1,val,current_repo_v1
8414,336.56,-0.8744889852598962,,10,1,val,current_repo_v1
8415,336.6,-0.751442729374648,,10,1,val,current_repo_v1
8416,336.64,-0.6129240027557185,,10,1,val,current_repo_v1
8417,336.68,-0.8195803728485238,,10,1,val,current_repo_v1
8418,336.72,-0.7738957671936736,,10,1,val,current_repo_v1
8419,336.76,-0.7531049533906371,,10,1,val,current_repo_v1
8420,336.8,-0.7160304729345631,,10,1,val,current_repo_v1
8421,336.84,-1.0384644299975863,,10,1,val,current_repo_v1
8422,336.88,-0.951202417364719,,10,1,val,current_repo_v1
8423,336.92,-0.843915107342442,,10,1,val,current_repo_v1
8424,336.96,-0.8922479812428254,,10,1,val,current_repo_v1
8425,337.0,-0.9179241720204894,,10,1,val,current_repo_v1
8426,337.04,-1.2286000308633427,,10,1,val,current_repo_v1
8427,337.08,-1.1047923033330211,,10,1,val,current_repo_v1
8428,337.12,-0.994217827493259,,10,1,val,current_repo_v1
8429,337.16,-0.8461212647991266,,10,1,val,current_repo_v1
8430,337.2,-0.5066033924177297,,10,1,val,current_repo_v1
8431,337.24,-0.29520330017942065,,10,1,val,current_repo_v1
8432,337.28,-0.07014749776108871,,10,1,val,current_repo_v1
8433,337.32,-0.08447769507984682,,10,1,val,current_repo_v1
8434,337.36,-0.2195009722832235,,10,1,val,current_repo_v1
8435,337.4,-0.20690529921834847,,10,1,val,current_repo_v1
8436,337.44,-0.16290881289120496,,10,1,val,current_repo_v1
8437,337.48,0.15977763445228338,,10,1,val,current_repo_v1
8438,337.52,0.30311974757127036,,10,1,val,current_repo_v1
8439,337.56,0.38898200649537074,,10,1,val,current_repo_v1
8440,337.6,0.33271949574046306,,10,1,val,current_repo_v1
8441,337.64,0.5830185228417313,,10,1,val,current_repo_v1
8442,337.68,0.7922368581293033,,10,1,val,current_repo_v1
8443,337.72,0.7709247967613714,,10,1,val,current_repo_v1
8444,337.76,0.9279168606616802,,10,1,val,current_repo_v1
8445,337.8,0.6046451968593252,,10,1,val,current_repo_v1
8446,337.84,0.052872027479805836,,10,1,val,current_repo_v1
8447,337.88,-0.24188542489634182,,10,1,val,current_repo_v1
8448,337.92,-0.1983701561148767,,10,1,val,current_repo_v1
8449,337.96,-0.15112677579628084,,10,1,val,current_repo_v1
8450,338.0,-0.43554278815568664,,10,1,val,current_repo_v1
8451,338.04,-0.5942319841831963,,10,1,val,current_repo_v1
8452,338.08,-0.954380726150264,,10,1,val,current_repo_v1
8453,338.12,-1.2764183398599191,,10,1,val,current_repo_v1
8454,338.16,-1.4003444208353062,,10,1,val,current_repo_v1
8455,338.2,-1.3329638525189456,,10,1,val,current_repo_v1
8456,338.24,-1.2897727587475813,,10,1,val,current_repo_v1
8457,338.28,-1.0670836295466826,,10,1,val,current_repo_v1
8458,338.32,-1.1397188797925561,,10,1,val,current_repo_v1
8459,338.36,-1.2565337300723707,,10,1,val,current_repo_v1
8460,338.4,-1.1131076440410228,,10,1,val,current_repo_v1
8461,338.44,-0.8414732102228887,,10,1,val,current_repo_v1
8462,338.48,-1.176983684195023,,10,1,val,current_repo_v1
8463,338.52,-1.2040838093630237,,10,1,val,current_repo_v1
8464,338.56,-1.0991486201843623,,10,1,val,current_repo_v1
8465,338.6,-1.019167718526315,,10,1,val,current_repo_v1
8466,338.64,-1.2519181215743118,,10,1,val,current_repo_v1
8467,338.68,-1.2622642878151786,,10,1,val,current_repo_v1
8468,338.72,-1.2620625769660103,,10,1,val,current_repo_v1
8469,338.76,-1.0980888908233435,,10,1,val,current_repo_v1
8470,338.8,-1.1408192326986124,,10,1,val,current_repo_v1
8471,338.84,-1.2671626783929784,,10,1,val,current_repo_v1
8472,338.88,-1.2129611970404603,,10,1,val,current_repo_v1
8473,338.92,-1.1551999676418516,,10,1,val,current_repo_v1
8474,338.96,-0.9833407414148688,,10,1,val,current_repo_v1
8475,339.0,-0.7327347075874142,,10,1,val,current_repo_v1
8476,339.04,-1.0854099482841169,,10,1,val,current_repo_v1
8477,339.08,-1.1251388960331812,,10,1,val,current_repo_v1
8478,339.12,-1.0430191911078401,,10,1,val,current_repo_v1
8479,339.16,-1.345278414169352,,10,1,val,current_repo_v1
8480,339.2,-1.4593788730307582,,10,1,val,current_repo_v1
8481,339.24,-1.2921897717475554,,10,1,val,current_repo_v1
8482,339.28,-1.1424082991616338,,10,1,val,current_repo_v1
8483,339.32,-1.216328378931504,,10,1,val,current_repo_v1
8484,339.36,-1.2220589366743122,,10,1,val,current_repo_v1
8485,339.4,-1.147020918048153,,10,1,val,current_repo_v1
8486,339.44,-1.1130888270742738,,10,1,val,current_repo_v1
8487,339.48,-1.1418953169933477,,10,1,val,current_repo_v1
8488,339.52,-1.2489056482994605,,10,1,val,current_repo_v1
8489,339.56,-1.2479248798549862,,10,1,val,current_repo_v1
8490,339.6,-1.1495360606504252,,10,1,val,current_repo_v1
8491,339.64,-1.0254826573953537,,10,1,val,current_repo_v1
8492,339.68,-0.9816475661264702,,10,1,val,current_repo_v1
8493,339.72,-1.0358873848504953,,10,1,val,current_repo_v1
8494,339.76,-0.950610825998893,,10,1,val,current_repo_v1
8495,339.8,-0.958686646064726,,10,1,val,current_repo_v1
8496,339.84,-1.0747094251460623,,10,1,val,current_repo_v1
8497,339.88,-0.8814507353784914,,10,1,val,current_repo_v1
8498,339.92,-1.017627892723945,,10,1,val,current_repo_v1
8499,339.96,-1.0938218358588956,,10,1,val,current_repo_v1
8500,340.0,-1.1812371979777916,,10,1,val,current_repo_v1
8501,340.04,-1.1452851847601915,,10,1,val,current_repo_v1
8502,340.08,-1.1088657369854076,,10,1,val,current_repo_v1
8503,340.12,-0.944944456974434,,10,1,val,current_repo_v1
8504,340.16,-0.9561562036857514,,10,1,val,current_repo_v1
8505,340.2,-1.042358135238595,,10,1,val,current_repo_v1
8506,340.24,-0.9146167823602368,,10,1,val,current_repo_v1
8507,340.28,-1.1311942662767862,,10,1,val,current_repo_v1
8508,340.32,-1.3007829704692326,,10,1,val,current_repo_v1
8509,340.36,-1.1454504926923783,,10,1,val,current_repo_v1
8510,340.4,-1.0727958979012486,,10,1,val,current_repo_v1
8511,340.44,-1.3446511233245535,,10,1,val,current_repo_v1
8512,340.48,-1.076011928550043,,10,1,val,current_repo_v1
8513,340.52,-0.9300037853757875,,10,1,val,current_repo_v1
8514,340.56,-0.5935894814914469,,10,1,val,current_repo_v1
8515,340.6,-0.7074488809400394,,10,1,val,current_repo_v1
8516,340.64,-0.816809530529869,,10,1,val,current_repo_v1
8517,340.68,-0.38261259514548634,,10,1,val,current_repo_v1
8518,340.72,-0.3549387063687079,,10,1,val,current_repo_v1
8519,340.76,-0.6864822515995521,,10,1,val,current_repo_v1
8520,340.8,-0.72628857752964,,10,1,val,current_repo_v1
8521,340.84,-0.6654361777288889,,10,1,val,current_repo_v1
8522,340.88,-0.48626849437447434,,10,1,val,current_repo_v1
8523,340.92,-0.5815918626291083,,10,1,val,current_repo_v1
8524,340.96,-0.6491179107187686,,10,1,val,current_repo_v1
8525,341.0,-0.4837358537517207,,10,1,val,current_repo_v1
8526,341.04,-0.787271289221615,,10,1,val,current_repo_v1
8527,341.08,-1.0308314241586112,,10,1,val,current_repo_v1
8528,341.12,-1.1276137668094206,,10,1,val,current_repo_v1
8529,341.16,-1.0324106424895023,,10,1,val,current_repo_v1
8530,341.2,-1.0451644132469686,,10,1,val,current_repo_v1
8531,341.24,-1.1652642311004893,,10,1,val,current_repo_v1
8532,341.28,-1.066441038925182,,10,1,val,current_repo_v1
8533,341.32,-1.0283500465807858,,10,1,val,current_repo_v1
8534,341.36,-0.8811955632406158,,10,1,val,current_repo_v1
8535,341.4,-0.8141433246150985,,10,1,val,current_repo_v1
8536,341.44,-1.0315443585810424,,10,1,val,current_repo_v1
8537,341.48,-1.0502477200914646,,10,1,val,current_repo_v1
8538,341.52,-0.8249949110656515,,10,1,val,current_repo_v1
8539,341.56,-0.8639175429965492,,10,1,val,current_repo_v1
8540,341.6,-0.6927596444648442,,10,1,val,current_repo_v1
8541,341.64,-0.7272797216847516,,10,1,val,current_repo_v1
8542,341.68,-0.8276885510627849,,10,1,val,current_repo_v1
8543,341.72,-0.7103322293753075,,10,1,val,current_repo_v1
8544,341.76,-0.6741602598851726,,10,1,val,current_repo_v1
8545,341.8,-0.6282519169784876,,10,1,val,current_repo_v1
8546,341.84,-0.5060302223347724,,10,1,val,current_repo_v1
8547,341.88,-0.42926319704661553,,10,1,val,current_repo_v1
8548,341.92,-0.35832609012008126,,10,1,val,current_repo_v1
8549,341.96,-0.27532080070590004,,10,1,val,current_repo_v1
8550,342.0,-0.3860256324017616,,10,1,val,current_repo_v1
8551,342.04,-0.464090105133207,,10,1,val,current_repo_v1
8552,342.08,-0.6154216473375091,,10,1,val,current_repo_v1
8553,342.12,-0.7549111184092805,,10,1,val,current_repo_v1
8554,342.16,-0.6834683714486822,,10,1,val,current_repo_v1
8555,342.2,-0.5585737442642325,,10,1,val,current_repo_v1
8556,342.24,-0.5092214567937383,,10,1,val,current_repo_v1
8557,342.28,-0.5143888684452217,,10,1,val,current_repo_v1
8558,342.32,-0.5076528339978624,,10,1,val,current_repo_v1
8559,342.36,-0.5946873723644706,,10,1,val,current_repo_v1
8560,342.4,-0.5531642180429212,,10,1,val,current_repo_v1
8561,342.44,-0.5775679773915023,,10,1,val,current_repo_v1
8562,342.48,-0.6984606578112614,,10,1,val,current_repo_v1
8563,342.52,-0.48426228917193476,,10,1,val,current_repo_v1
8564,342.56,-0.3051360646951937,,10,1,val,current_repo_v1
8565,342.6,-0.33852057314370404,,10,1,val,current_repo_v1
8566,342.64,-0.40130443785850606,,10,1,val,current_repo_v1
8567,342.68,-0.2546108383090581,,10,1,val,current_repo_v1
8568,342.72,-0.3220549798355098,,10,1,val,current_repo_v1
8569,342.76,-0.2898250769495235,,10,1,val,current_repo_v1
8570,342.8,-0.26094090109529694,,10,1,val,current_repo_v1
8571,342.84,-0.33109859870752056,,10,1,val,current_repo_v1
8572,342.88,-0.3155771511024412,,10,1,val,current_repo_v1
8573,342.92,-0.4784693013058008,,10,1,val,current_repo_v1
8574,342.96,-0.47821012836424726,,10,1,val,current_repo_v1
8575,343.0,-0.39152269269035583,,10,1,val,current_repo_v1
8576,343.04,-0.586053550097756,,10,1,val,current_repo_v1
8577,343.08,-0.28880847713145014,,10,1,val,current_repo_v1
8578,343.12,-0.23876871090148657,,10,1,val,current_repo_v1
8579,343.16,-0.3302803684080714,,10,1,val,current_repo_v1
8580,343.2,-0.47428450462356614,,10,1,val,current_repo_v1
8581,343.24,-0.4862629108352755,,10,1,val,current_repo_v1
8582,343.28,-0.5972352248341755,,10,1,val,current_repo_v1
8583,343.32,-0.568293982571444,,10,1,val,current_repo_v1
8584,343.36,-0.6370499040906239,,10,1,val,current_repo_v1
8585,343.4,-0.5402443040206318,,10,1,val,current_repo_v1
8586,343.44,-0.4102494874794629,,10,1,val,current_repo_v1
8587,343.48,-0.5347969680063204,,10,1,val,current_repo_v1
8588,343.52,-0.600273945139749,,10,1,val,current_repo_v1
8589,343.56,-0.5921236925395563,,10,1,val,current_repo_v1
8590,343.6,-0.7204722003496966,,10,1,val,current_repo_v1
8591,343.64,-0.8607599856322786,,10,1,val,current_repo_v1
8592,343.68,-0.7869944863649533,,10,1,val,current_repo_v1
8593,343.72,-0.533259296482854,,10,1,val,current_repo_v1
8594,343.76,-0.5458066081845891,,10,1,val,current_repo_v1
8595,343.8,-0.46063503745587575,,10,1,val,current_repo_v1
8596,343.84,-0.34397520732736203,,10,1,val,current_repo_v1
8597,343.88,-0.5271061043910799,,10,1,val,current_repo_v1
8598,343.92,-0.6418811163385348,,10,1,val,current_repo_v1
8599,343.96,-0.7091651377881183,,10,1,val,current_repo_v1
8600,344.0,-0.49070393481239966,,10,1,val,current_repo_v1
8601,344.04,-0.3552931072307712,,10,1,val,current_repo_v1
8602,344.08,-0.4029234883666741,,10,1,val,current_repo_v1
8603,344.12,-0.21302472628567584,,10,1,val,current_repo_v1
8604,344.16,-0.45548191438895635,,10,1,val,current_repo_v1
8605,344.2,-0.2115335696005747,,10,1,val,current_repo_v1
8606,344.24,-0.2890337091890547,,10,1,val,current_repo_v1
8607,344.28,-0.4181022297665949,,10,1,val,current_repo_v1
8608,344.32,-0.6178243277880435,,10,1,val,current_repo_v1
8609,344.36,-0.4513271017518684,,10,1,val,current_repo_v1
8610,344.4,-0.5852922982770605,,10,1,val,current_repo_v1
8611,344.44,-0.19514023256539886,,10,1,val,current_repo_v1
8612,344.48,-0.47296810831890185,,10,1,val,current_repo_v1
8613,344.52,-0.46683166684472444,,10,1,val,current_repo_v1
8614,344.56,-0.5118112517547481,,10,1,val,current_repo_v1
8615,344.6,-0.44540024083958846,,10,1,val,current_repo_v1
8616,344.64,-0.42277477277853176,,10,1,val,current_repo_v1
8617,344.68,-0.38521984416210203,,10,1,val,current_repo_v1
8618,344.72,-0.3302448008237259,,10,1,val,current_repo_v1
8619,344.76,-0.5315734193638019,,10,1,val,current_repo_v1
8620,344.8,-0.47098410537853097,,10,1,val,current_repo_v1
8621,344.84,-0.4256590444761871,,10,1,val,current_repo_v1
8622,344.88,-0.5518283892632498,,10,1,val,current_repo_v1
8623,344.92,-0.6778785892374863,,10,1,val,current_repo_v1
8624,344.96,-0.49429366690363735,,10,1,val,current_repo_v1
8625,345.0,-0.4024761457576313,,10,1,val,current_repo_v1
8626,345.04,-0.4615619928926382,,10,1,val,current_repo_v1
8627,345.08,-0.5509962660631168,,10,1,val,current_repo_v1
8628,345.12,-0.4049230988378764,,10,1,val,current_repo_v1
8629,345.16,-0.5883195877149827,,10,1,val,current_repo_v1
8630,345.2,-0.626858318352302,,10,1,val,current_repo_v1
8631,345.24,-0.4664099117932701,,10,1,val,current_repo_v1
8632,345.28,-0.4390517567704809,,10,1,val,current_repo_v1
8633,345.32,-0.42795409891129776,,10,1,val,current_repo_v1
8634,345.36,-0.3872609135109778,,10,1,val,current_repo_v1
8635,345.4,-0.3927430697067499,,10,1,val,current_repo_v1
8636,345.44,-0.4652599665075578,,10,1,val,current_repo_v1
8637,345.48,-0.41134759817686456,,10,1,val,current_repo_v1
8638,345.52,-0.31251451390455137,,10,1,val,current_repo_v1
8639,345.56,-0.4061678763602183,,10,1,val,current_repo_v1
8640,345.6,-0.4036216066260343,,10,1,val,current_repo_v1
8641,345.64,-0.4234975992979689,,10,1,val,current_repo_v1
8642,345.68,-0.3037014028752149,,10,1,val,current_repo_v1
8643,345.72,-0.02578715812363187,,10,1,val,current_repo_v1
8644,345.76,-0.07700168781157357,,10,1,val,current_repo_v1
8645,345.8,-0.141204914569652,,10,1,val,current_repo_v1
8646,345.84,-0.06919029448992611,,10,1,val,current_repo_v1
8647,345.88,-0.20176543156141696,,10,1,val,current_repo_v1
8648,345.92,-0.03149448042969511,,10,1,val,current_repo_v1
8649,345.96,0.31762538672603685,,10,1,val,current_repo_v1
8650,346.0,0.3972069554191765,,10,1,val,current_repo_v1
8651,346.04,0.26230381223832655,,10,1,val,current_repo_v1
8652,346.08,0.16282171847267782,,10,1,val,current_repo_v1
8653,346.12,0.24929495727273568,,10,1,val,current_repo_v1
8654,346.16,0.23656435600470072,,10,1,val,current_repo_v1
8655,346.2,0.33562095770447076,,10,1,val,current_repo_v1
8656,346.24,0.24290774014824076,,10,1,val,current_repo_v1
8657,346.28,0.18235052052214445,,10,1,val,current_repo_v1
8658,346.32,0.16103415059640552,,10,1,val,current_repo_v1
8659,346.36,0.05603292617462057,,10,1,val,current_repo_v1
8660,346.4,0.2024042631860554,,10,1,val,current_repo_v1
8661,346.44,0.11196873393908138,,10,1,val,current_repo_v1
8662,346.48,0.01545989677926511,,10,1,val,current_repo_v1
8663,346.52,0.376467844309824,,10,1,val,current_repo_v1
8664,346.56,0.6671747687337632,,10,1,val,current_repo_v1
8665,346.6,0.7979614366490324,,10,1,val,current_repo_v1
8666,346.64,0.8499657293794841,,10,1,val,current_repo_v1
8667,346.68,0.8684863728669892,,10,1,val,current_repo_v1
8668,346.72,0.7339895091013887,,10,1,val,current_repo_v1
8669,346.76,0.7611146502835955,,10,1,val,current_repo_v1
8670,346.8,0.3144432969611918,,10,1,val,current_repo_v1
8671,346.84,-0.08722099340394972,,10,1,val,current_repo_v1
8672,346.88,-0.1194230445412551,,10,1,val,current_repo_v1
8673,346.92,0.044530703530335544,,10,1,val,current_repo_v1
8674,346.96,0.45500959973058325,,10,1,val,current_repo_v1
8675,347.0,0.7548283765134359,,10,1,val,current_repo_v1
8676,347.04,0.8229881782846049,,10,1,val,current_repo_v1
8677,347.08,0.507283221288848,,10,1,val,current_repo_v1
8678,347.12,0.3285139476369539,,10,1,val,current_repo_v1
8679,347.16,0.06888764028642237,,10,1,val,current_repo_v1
8680,347.2,-0.006991250550110505,,10,1,val,current_repo_v1
8681,347.24,-0.333568325593317,,10,1,val,current_repo_v1
8682,347.28,-0.28227973707245807,,10,1,val,current_repo_v1
8683,347.32,-0.08882520576660895,,10,1,val,current_repo_v1
8684,347.36,-0.017179494957888244,,10,1,val,current_repo_v1
8685,347.4,-0.2520694926409393,,10,1,val,current_repo_v1
8686,347.44,-0.4434825808964702,,10,1,val,current_repo_v1
8687,347.48,-0.21508733842358663,,10,1,val,current_repo_v1
8688,347.52,-0.26205417967477423,,10,1,val,current_repo_v1
8689,347.56,-0.29959860068593996,,10,1,val,current_repo_v1
8690,347.6,-0.30910437833006454,,10,1,val,current_repo_v1
8691,347.64,-0.1399753708766992,,10,1,val,current_repo_v1
8692,347.68,-0.06075424821601526,,10,1,val,current_repo_v1
8693,347.72,0.0007499968125465211,,10,1,val,current_repo_v1
8694,347.76,0.14950950586557388,,10,1,val,current_repo_v1
8695,347.8,0.015050363963222502,,10,1,val,current_repo_v1
8696,347.84,-0.07121566837821927,,10,1,val,current_repo_v1
8697,347.88,-0.3165855294887808,,10,1,val,current_repo_v1
8698,347.92,-0.19502034034968782,,10,1,val,current_repo_v1
8699,347.96,-0.16079933419592418,,10,1,val,current_repo_v1
8700,348.0,0.041731503866930635,,10,1,val,current_repo_v1
8701,348.04,-0.19828235825834026,,10,1,val,current_repo_v1
8702,348.08,-0.13017472081204884,,10,1,val,current_repo_v1
8703,348.12,-0.2489531743299643,,10,1,val,current_repo_v1
8704,348.16,-0.31438447195766356,,10,1,val,current_repo_v1
8705,348.2,-0.2347505410977062,,10,1,val,current_repo_v1
8706,348.24,-0.12466361374570628,,10,1,val,current_repo_v1
8707,348.28,-0.025281825843696953,,10,1,val,current_repo_v1
8708,348.32,-0.0844368517104315,,10,1,val,current_repo_v1
8709,348.36,-0.10172428043787257,,10,1,val,current_repo_v1
8710,348.4,-0.23185264028862063,,10,1,val,current_repo_v1
8711,348.44,-0.2807043436857426,,10,1,val,current_repo_v1
8712,348.48,-0.25679760725561135,,10,1,val,current_repo_v1
8713,348.52,-0.3717938944218685,,10,1,val,current_repo_v1
8714,348.56,-0.32862610203456255,,10,1,val,current_repo_v1
8715,348.6,-0.21274998977816642,,10,1,val,current_repo_v1
8716,348.64,-0.1359558601442136,,10,1,val,current_repo_v1
8717,348.68,-0.22998026416735143,,10,1,val,current_repo_v1
8718,348.72,-0.32779608914845754,,10,1,val,current_repo_v1
8719,348.76,-0.37005446808435805,,10,1,val,current_repo_v1
8720,348.8,-0.2316890030217059,,10,1,val,current_repo_v1
8721,348.84,-0.05770563581343593,,10,1,val,current_repo_v1
8722,348.88,-0.11659188241330236,,10,1,val,current_repo_v1
8723,348.92,-0.1586435824690938,,10,1,val,current_repo_v1
8724,348.96,-0.2639883264462356,,10,1,val,current_repo_v1
8725,349.0,-0.3745675065276849,,10,1,val,current_repo_v1
8726,349.04,-0.3965147284531442,,10,1,val,current_repo_v1
8727,349.08,-0.5276989267734222,,10,1,val,current_repo_v1
8728,349.12,-0.658791941941744,,10,1,val,current_repo_v1
8729,349.16,-0.5042050205250022,,10,1,val,current_repo_v1
8730,349.2,-0.4400413181900716,,10,1,val,current_repo_v1
8731,349.24,-0.36383471317095345,,10,1,val,current_repo_v1
8732,349.28,-0.21386507091754256,,10,1,val,current_repo_v1
8733,349.32,-0.27931026144592563,,10,1,val,current_repo_v1
8734,349.36,-0.3701074457594339,,10,1,val,current_repo_v1
8735,349.4,-0.3911259536531075,,10,1,val,current_repo_v1
8736,349.44,-0.3420330149836692,,10,1,val,current_repo_v1
8737,349.48,-0.21492436062980563,,10,1,val,current_repo_v1
8738,349.52,-0.4110370302957561,,10,1,val,current_repo_v1
8739,349.56,-0.43940448696727213,,10,1,val,current_repo_v1
8740,349.6,-0.3270222194084702,,10,1,val,current_repo_v1
8741,349.64,-0.28126032350234753,,10,1,val,current_repo_v1
8742,349.68,-0.22401036164187707,,10,1,val,current_repo_v1
8743,349.72,-0.2936825551330531,,10,1,val,current_repo_v1
8744,349.76,-0.270841615216771,,10,1,val,current_repo_v1
8745,349.8,-0.34215167618286396,,10,1,val,current_repo_v1
8746,349.84,-0.23621980327476771,,10,1,val,current_repo_v1
8747,349.88,-0.3047947214011782,,10,1,val,current_repo_v1
8748,349.92,-0.3844001190568831,,10,1,val,current_repo_v1
8749,349.96,-0.42357568091700176,,10,1,val,current_repo_v1
8750,350.0,-0.32541037913989757,,10,1,val,current_repo_v1
8751,350.04,-0.1579339014474556,,10,1,val,current_repo_v1
8752,350.08,-0.09464131915729886,,10,1,val,current_repo_v1
8753,350.12,-0.09786671432459179,,10,1,val,current_repo_v1
8754,350.16,0.02562180622656947,,10,1,val,current_repo_v1
8755,350.2,0.004869329795040148,,10,1,val,current_repo_v1
8756,350.24,-0.13167464848982852,,10,1,val,current_repo_v1
8757,350.28,-0.2161208207538833,,10,1,val,current_repo_v1
8758,350.32,-0.17523142011384266,,10,1,val,current_repo_v1
8759,350.36,-0.12603696654668653,,10,1,val,current_repo_v1
8760,350.4,-0.11960774098357341,,10,1,val,current_repo_v1
8761,350.44,-0.14810377293372778,,10,1,val,current_repo_v1
8762,350.48,-0.12614045986380562,,10,1,val,current_repo_v1
8763,350.52,0.022332002516549477,,10,1,val,current_repo_v1
8764,350.56,-0.04697088601974111,,10,1,val,current_repo_v1
8765,350.6,-0.0561004782059517,,10,1,val,current_repo_v1
8766,350.64,0.006626254153032061,,10,1,val,current_repo_v1
8767,350.68,-0.0023703662669819817,,10,1,val,current_repo_v1
8768,350.72,-0.10768796193345212,,10,1,val,current_repo_v1
8769,350.76,0.13051549256268183,,10,1,val,current_repo_v1
8770,350.8,0.11755816443127257,,10,1,val,current_repo_v1
8771,350.84,0.2184878456903211,,10,1,val,current_repo_v1
8772,350.88,0.2640299611834113,,10,1,val,current_repo_v1
8773,350.92,0.24394522328221538,,10,1,val,current_repo_v1
8774,350.96,0.44302732460982275,,10,1,val,current_repo_v1
8775,351.0,0.4577268928307796,,10,1,val,current_repo_v1
8776,351.04,0.12709810278372402,,10,1,val,current_repo_v1
8777,351.08,0.09138811620620055,,10,1,val,current_repo_v1
8778,351.12,0.18961228695170854,,10,1,val,current_repo_v1
8779,351.16,0.12586304149888572,,10,1,val,current_repo_v1
8780,351.2,0.16180230490256725,,10,1,val,current_repo_v1
8781,351.24,0.2538027638958683,,10,1,val,current_repo_v1
8782,351.28,0.17356079880661743,,10,1,val,current_repo_v1
8783,351.32,0.2201872200261767,,10,1,val,current_repo_v1
8784,351.36,0.03260764909698344,,10,1,val,current_repo_v1
8785,351.4,0.1051432749347891,,10,1,val,current_repo_v1
8786,351.44,-0.014558704759593465,,10,1,val,current_repo_v1
8787,351.48,0.10283538275600856,,10,1,val,current_repo_v1
8788,351.52,0.2812587847317021,,10,1,val,current_repo_v1
8789,351.56,0.22929568708967032,,10,1,val,current_repo_v1
8790,351.6,0.08601639977788945,,10,1,val,current_repo_v1
8791,351.64,0.26042686376999685,,10,1,val,current_repo_v1
8792,351.68,0.3203378876547948,,10,1,val,current_repo_v1
8793,351.72,0.20128469762936996,,10,1,val,current_repo_v1
8794,351.76,0.05367368302116073,,10,1,val,current_repo_v1
8795,351.8,0.17122019676040418,,10,1,val,current_repo_v1
8796,351.84,0.00585401111344125,,10,1,val,current_repo_v1
8797,351.88,-0.030417758644263923,,10,1,val,current_repo_v1
8798,351.92,0.012651948105619459,,10,1,val,current_repo_v1
8799,351.96,0.04593274341263278,,10,1,val,current_repo_v1
8800,352.0,-0.07823540816770666,,10,1,val,current_repo_v1
8801,352.04,-0.12277033232609803,,10,1,val,current_repo_v1
8802,352.08,0.11830275356412255,,10,1,val,current_repo_v1
8803,352.12,0.10526980584671294,,10,1,val,current_repo_v1
8804,352.16,0.02989211459181031,,10,1,val,current_repo_v1
8805,352.2,0.07771807347673797,,10,1,val,current_repo_v1
8806,352.24,0.04496476874695268,,10,1,val,current_repo_v1
8807,352.28,0.2703834132834596,,10,1,val,current_repo_v1
8808,352.32,0.11539109174897991,,10,1,val,current_repo_v1
8809,352.36,0.09117580982201699,,10,1,val,current_repo_v1
8810,352.4,-0.027581496590743722,,10,1,val,current_repo_v1
8811,352.44,0.08800567850333012,,10,1,val,current_repo_v1
8812,352.48,0.029433736798996545,,10,1,val,current_repo_v1
8813,352.52,0.0994451632701602,,10,1,val,current_repo_v1
8814,352.56,-0.0758360470652786,,10,1,val,current_repo_v1
8815,352.6,0.14542406980215367,,10,1,val,current_repo_v1
8816,352.64,0.09053911049384426,,10,1,val,current_repo_v1
8817,352.68,-0.0495546138279206,,10,1,val,current_repo_v1
8818,352.72,-0.02781081738177735,,10,1,val,current_repo_v1
8819,352.76,0.017264918711143294,,10,1,val,current_repo_v1
8820,352.8,0.09759639628707832,,10,1,val,current_repo_v1
8821,352.84,0.1222363789121595,,10,1,val,current_repo_v1
8822,352.88,0.2686240268924351,,10,1,val,current_repo_v1
8823,352.92,0.2111866427673603,,10,1,val,current_repo_v1
8824,352.96,0.13681948417770076,,10,1,val,current_repo_v1
8825,353.0,0.2985464772483967,,10,1,val,current_repo_v1
8826,353.04,0.4209544950348268,,10,1,val,current_repo_v1
8827,353.08,0.4060526004564433,,10,1,val,current_repo_v1
8828,353.12,0.45952918894037176,,10,1,val,current_repo_v1
8829,353.16,0.597147954556146,,10,1,val,current_repo_v1
8830,353.2,0.48361015817243286,,10,1,val,current_repo_v1
8831,353.24,0.44503194707684135,,10,1,val,current_repo_v1
8832,353.28,0.36118459840064576,,10,1,val,current_repo_v1
8833,353.32,0.28282213174250825,,10,1,val,current_repo_v1
8834,353.36,0.3288090398818576,,10,1,val,current_repo_v1
8835,353.4,0.5075274901375793,,10,1,val,current_repo_v1
8836,353.44,0.47319021887034013,,10,1,val,current_repo_v1
8837,353.48,0.37364011144216663,,10,1,val,current_repo_v1
8838,353.52,0.47423262607037986,,10,1,val,current_repo_v1
8839,353.56,0.2646663087925794,,10,1,val,current_repo_v1
8840,353.6,0.3530548773973497,,10,1,val,current_repo_v1
8841,353.64,0.40731905266244695,,10,1,val,current_repo_v1
8842,353.68,0.5332034171259897,,10,1,val,current_repo_v1
8843,353.72,0.40602912321288276,,10,1,val,current_repo_v1
8844,353.76,0.4342204565928189,,10,1,val,current_repo_v1
8845,353.8,0.4555884412824906,,10,1,val,current_repo_v1
8846,353.84,0.3966167709293691,,10,1,val,current_repo_v1
8847,353.88,0.4564206963772503,,10,1,val,current_repo_v1
8848,353.92,0.3235958607948937,,10,1,val,current_repo_v1
8849,353.96,0.3015855492729748,,10,1,val,current_repo_v1
8850,354.0,0.19668667508154386,,10,1,val,current_repo_v1
8851,354.04,0.17689830440664345,,10,1,val,current_repo_v1
8852,354.08,0.21229921790882827,,10,1,val,current_repo_v1
8853,354.12,0.07025529963601479,,10,1,val,current_repo_v1
8854,354.16,-0.1258838368850358,,10,1,val,current_repo_v1
8855,354.2,0.09111003836814692,,10,1,val,current_repo_v1
8856,354.24,0.13992656986480362,,10,1,val,current_repo_v1
8857,354.28,0.12134393590272859,,10,1,val,current_repo_v1
8858,354.32,0.20242602579946828,,10,1,val,current_repo_v1
8859,354.36,0.07957444638329546,,10,1,val,current_repo_v1
8860,354.4,0.08041013073835052,,10,1,val,current_repo_v1
8861,354.44,0.18940011246215174,,10,1,val,current_repo_v1
8862,354.48,0.3561115793370361,,10,1,val,current_repo_v1
8863,354.52,0.7298350042184298,,10,1,val,current_repo_v1
8864,354.56,0.8780100442154753,,10,1,val,current_repo_v1
8865,354.6,0.8988814016705774,,10,1,val,current_repo_v1
8866,354.64,0.7765065773652113,,10,1,val,current_repo_v1
8867,354.68,0.8725877681802454,,10,1,val,current_repo_v1
8868,354.72,0.8912329201953975,,10,1,val,current_repo_v1
8869,354.76,1.152994513623176,,10,1,val,current_repo_v1
8870,354.8,1.2294997280772446,,10,1,val,current_repo_v1
8871,354.84,1.1681335547404468,,10,1,val,current_repo_v1
8872,354.88,1.1243927241648102,,10,1,val,current_repo_v1
8873,354.92,1.0907743665430814,,10,1,val,current_repo_v1
8874,354.96,0.9563308321715615,,10,1,val,current_repo_v1
8875,355.0,1.0099975247775048,,10,1,val,current_repo_v1
8876,355.04,1.2129362249911302,,10,1,val,current_repo_v1
8877,355.08,1.1005586616740155,,10,1,val,current_repo_v1
8878,355.12,0.851619160420357,,10,1,val,current_repo_v1
8879,355.16,0.4557229738017703,,10,1,val,current_repo_v1
8880,355.2,0.2900883386245061,,10,1,val,current_repo_v1
8881,355.24,0.4316817488172349,,10,1,val,current_repo_v1
8882,355.28,0.5990704506355782,,10,1,val,current_repo_v1
8883,355.32,0.9005575185872503,,10,1,val,current_repo_v1
8884,355.36,0.9209974926831456,,10,1,val,current_repo_v1
8885,355.4,0.9151593089249137,,10,1,val,current_repo_v1
8886,355.44,0.7293294081492414,,10,1,val,current_repo_v1
8887,355.48,0.7917386481592127,,10,1,val,current_repo_v1
8888,355.52,0.72903449176384,,10,1,val,current_repo_v1
8889,355.56,0.7518248720732033,,10,1,val,current_repo_v1
8890,355.6,0.8947244347545859,,10,1,val,current_repo_v1
8891,355.64,0.6748611479316944,,10,1,val,current_repo_v1
8892,355.68,0.4883420977312805,,10,1,val,current_repo_v1
8893,355.72,0.6726008257482932,,10,1,val,current_repo_v1
8894,355.76,0.4631744047045934,,10,1,val,current_repo_v1
8895,355.8,0.5600614716890382,,10,1,val,current_repo_v1
8896,355.84,0.543561717672517,,10,1,val,current_repo_v1
8897,355.88,0.311483097923407,,10,1,val,current_repo_v1
8898,355.92,0.167474477290603,,10,1,val,current_repo_v1
8899,355.96,0.3447020786153526,,10,1,val,current_repo_v1
8900,356.0,0.47202523759717885,,10,1,val,current_repo_v1
8901,356.04,0.2638192814996243,,10,1,val,current_repo_v1
8902,356.08,0.1920974015439585,,10,1,val,current_repo_v1
8903,356.12,0.378434920773096,,10,1,val,current_repo_v1
8904,356.16,0.25265290653990713,,10,1,val,current_repo_v1
8905,356.2,0.026405963747442893,,10,1,val,current_repo_v1
8906,356.24,-0.12095067009065118,,10,1,val,current_repo_v1
8907,356.28,-0.2583817936174432,,10,1,val,current_repo_v1
8908,356.32,-0.3259278017606174,,10,1,val,current_repo_v1
8909,356.36,-0.23011207086434507,,10,1,val,current_repo_v1
8910,356.4,-0.26401712343974154,,10,1,val,current_repo_v1
8911,356.44,-0.10637536859052565,,10,1,val,current_repo_v1
8912,356.48,-0.11534637947051342,,10,1,val,current_repo_v1
8913,356.52,-0.24795956814182013,,10,1,val,current_repo_v1
8914,356.56,-0.29218049515880773,,10,1,val,current_repo_v1
8915,356.6,-0.47010129067685247,,10,1,val,current_repo_v1
8916,356.64,-0.6969387696781287,,10,1,val,current_repo_v1
8917,356.68,-0.6819310076793448,,10,1,val,current_repo_v1
8918,356.72,-0.8677964760393626,,10,1,val,current_repo_v1
8919,356.76,-1.0954156505284798,,10,1,val,current_repo_v1
8920,356.8,-1.2406761270285944,,10,1,val,current_repo_v1
8921,356.84,-1.2644227873467329,,10,1,val,current_repo_v1
8922,356.88,-1.0659241878478447,,10,1,val,current_repo_v1
8923,356.92,-1.0801042670989294,,10,1,val,current_repo_v1
8924,356.96,-1.0602049730429366,,10,1,val,current_repo_v1
8925,357.0,-1.2281526442894244,,10,1,val,current_repo_v1
8926,357.04,-1.29563186978659,,10,1,val,current_repo_v1
8927,357.08,-1.265936234223754,,10,1,val,current_repo_v1
8928,357.12,-1.1777414627905474,,10,1,val,current_repo_v1
8929,357.16,-1.2860012758606894,,10,1,val,current_repo_v1
8930,357.2,-1.034394337675744,,10,1,val,current_repo_v1
8931,357.24,-1.016547060222647,,10,1,val,current_repo_v1
8932,357.28,-0.9996554912349426,,10,1,val,current_repo_v1
8933,357.32,-1.1446230737339325,,10,1,val,current_repo_v1
8934,357.36,-1.2114962873860815,,10,1,val,current_repo_v1
8935,357.4,-1.3941851176258264,,10,1,val,current_repo_v1
8936,357.44,-1.3958927133934158,,10,1,val,current_repo_v1
8937,357.48,-1.048705959834569,,10,1,val,current_repo_v1
8938,357.52,-1.1268588019659334,,10,1,val,current_repo_v1
8939,357.56,-1.0428844827290582,,10,1,val,current_repo_v1
8940,357.6,-1.1273088264323867,,10,1,val,current_repo_v1
8941,357.64,-1.1819478462266926,,10,1,val,current_repo_v1
8942,357.68,-1.0870741067546317,,10,1,val,current_repo_v1
8943,357.72,-1.2684322081402726,,10,1,val,current_repo_v1
8944,357.76,-1.2915055024240034,,10,1,val,current_repo_v1
8945,357.8,-1.217175318294708,,10,1,val,current_repo_v1
8946,357.84,-1.1597251843557146,,10,1,val,current_repo_v1
8947,357.88,-1.0558358316373884,,10,1,val,current_repo_v1
8948,357.92,-0.8301653562935499,,10,1,val,current_repo_v1
8949,357.96,-0.8808403270459165,,10,1,val,current_repo_v1
8950,358.0,-1.0371785453165756,,10,1,val,current_repo_v1
8951,358.04,-1.0387407052757411,,10,1,val,current_repo_v1
8952,358.08,-1.3000327538323082,,10,1,val,current_repo_v1
8953,358.12,-1.2243424723120204,,10,1,val,current_repo_v1
8954,358.16,-1.2616969650606737,,10,1,val,current_repo_v1
8955,358.2,-1.0884669140130567,,10,1,val,current_repo_v1
8956,358.24,-1.0809130449501285,,10,1,val,current_repo_v1
8957,358.28,-1.02021355498665,,10,1,val,current_repo_v1
8958,358.32,-0.9206343428108416,,10,1,val,current_repo_v1
8959,358.36,-0.9135869491146134,,10,1,val,current_repo_v1
8960,358.4,-0.8311455971595173,,10,1,val,current_repo_v1
8961,358.44,-0.8581786319273805,,10,1,val,current_repo_v1
8962,358.48,-0.8627603874712415,,10,1,val,current_repo_v1
8963,358.52,-0.9752167358453984,,10,1,val,current_repo_v1
8964,358.56,-0.9612839150545845,,10,1,val,current_repo_v1
8965,358.6,-0.8339753524114515,,10,1,val,current_repo_v1
8966,358.64,-1.0692889077058556,,10,1,val,current_repo_v1
8967,358.68,-0.9983262571866085,,10,1,val,current_repo_v1
8968,358.72,-0.773673480782733,,10,1,val,current_repo_v1
8969,358.76,-0.7125026873530199,,10,1,val,current_repo_v1
8970,358.8,-0.6641405328454991,,10,1,val,current_repo_v1
8971,358.84,-0.4719726116411077,,10,1,val,current_repo_v1
8972,358.88,-0.6718844620655666,,10,1,val,current_repo_v1
8973,358.92,-0.813310629871583,,10,1,val,current_repo_v1
8974,358.96,-0.8419096055779117,,10,1,val,current_repo_v1
8975,359.0,-0.7399025650427361,,10,1,val,current_repo_v1
8976,359.04,-0.6602086221276098,,10,1,val,current_repo_v1
8977,359.08,-0.6524459199056689,,10,1,val,current_repo_v1
8978,359.12,-0.7660359905264487,,10,1,val,current_repo_v1
8979,359.16,-0.7766611578677562,,10,1,val,current_repo_v1
8980,359.2,-0.7225965831377995,,10,1,val,current_repo_v1
8981,359.24,-0.7209442072539407,,10,1,val,current_repo_v1
8982,359.28,-0.8003715031986646,,10,1,val,current_repo_v1
8983,359.32,-0.7802940634668151,,10,1,val,current_repo_v1
8984,359.36,-0.6714918117617473,,10,1,val,current_repo_v1
8985,359.4,-0.7325035402716062,,10,1,val,current_repo_v1
8986,359.44,-0.7765542352903418,,10,1,val,current_repo_v1
8987,359.48,-0.7489384021317689,,10,1,val,current_repo_v1
8988,359.52,-0.9181270259564229,,10,1,val,current_repo_v1
8989,359.56,-0.8726341950888596,,10,1,val,current_repo_v1
8990,359.6,-0.9490615037833974,,10,1,val,current_repo_v1
8991,359.64,-1.5378538897703846,,10,1,val,current_repo_v1
8992,359.68,-1.7835535314126838,,10,1,val,current_repo_v1
8993,359.72,-2.0225057956697237,,10,1,val,current_repo_v1
8994,359.76,-1.8998708751604167,,10,1,val,current_repo_v1
8995,359.8,-1.2593620784482862,,10,1,val,current_repo_v1
8996,359.84,-0.5211400707746567,,10,1,val,current_repo_v1
8997,359.88,0.14350816845405867,,10,1,val,current_repo_v1
8998,359.92,0.28253499714008484,,10,1,val,current_repo_v1
8999,359.96,0.605951129523601,,10,1,val,current_repo_v1
9000,360.0,0.5157366996359268,,10,1,val,current_repo_v1
9001,360.04,0.17757663847199195,,10,1,val,current_repo_v1
9002,360.08,-0.26903729672290216,,10,1,val,current_repo_v1
9003,360.12,-0.952882403190443,,10,1,val,current_repo_v1
9004,360.16,-1.2320336876462656,,10,1,val,current_repo_v1
9005,360.2,-1.2895265554443245,,10,1,val,current_repo_v1
9006,360.24,-1.187654311217682,,10,1,val,current_repo_v1
9007,360.28,-1.3998595761873924,,10,1,val,current_repo_v1
9008,360.32,-1.2162483628579455,,10,1,val,current_repo_v1
9009,360.36,-0.9348151254999356,,10,1,val,current_repo_v1
9010,360.4,-1.0630684933193173,,10,1,val,current_repo_v1
9011,360.44,-0.970449888175339,,10,1,val,current_repo_v1
9012,360.48,-0.7793283310097897,,10,1,val,current_repo_v1
9013,360.52,-0.584044443213428,,10,1,val,current_repo_v1
9014,360.56,-0.685459628593524,,10,1,val,current_repo_v1
9015,360.6,-0.629122333585252,,10,1,val,current_repo_v1
9016,360.64,-0.484432916854067,,10,1,val,current_repo_v1
9017,360.68,-0.22225383296776538,,10,1,val,current_repo_v1
9018,360.72,-0.17600753206248465,,10,1,val,current_repo_v1
9019,360.76,-0.22197535944583155,,10,1,val,current_repo_v1
9020,360.8,-0.19598007160119638,,10,1,val,current_repo_v1
9021,360.84,-0.1887636329583569,,10,1,val,current_repo_v1
9022,360.88,-0.3264702403955432,,10,1,val,current_repo_v1
9023,360.92,-0.5990775289805469,,10,1,val,current_repo_v1
9024,360.96,-0.768955873773325,,10,1,val,current_repo_v1
9025,361.0,-0.5340397169893029,,10,1,val,current_repo_v1
9026,361.04,-0.7517652557019147,,10,1,val,current_repo_v1
9027,361.08,-0.7377614756019121,,10,1,val,current_repo_v1
9028,361.12,-0.5305229665915306,,10,1,val,current_repo_v1
9029,361.16,-0.478410959915904,,10,1,val,current_repo_v1
9030,361.2,-0.3395586278210612,,10,1,val,current_repo_v1
9031,361.24,-0.3566016338227064,,10,1,val,current_repo_v1
9032,361.28,-0.5816557435933284,,10,1,val,current_repo_v1
9033,361.32,-0.3359357901785106,,10,1,val,current_repo_v1
9034,361.36,-0.47592320743111916,,10,1,val,current_repo_v1
9035,361.4,-0.37044922870220526,,10,1,val,current_repo_v1
9036,361.44,-0.23244827642300014,,10,1,val,current_repo_v1
9037,361.48,0.05527105884566702,,10,1,val,current_repo_v1
9038,361.52,0.01270914640875112,,10,1,val,current_repo_v1
9039,361.56,-0.1027285261259075,,10,1,val,current_repo_v1
9040,361.6,-0.3113117228383899,,10,1,val,current_repo_v1
9041,361.64,-0.2718039184135011,,10,1,val,current_repo_v1
9042,361.68,-0.3910738552755433,,10,1,val,current_repo_v1
9043,361.72,-0.2547512181567902,,10,1,val,current_repo_v1
9044,361.76,-0.349635904882871,,10,1,val,current_repo_v1
9045,361.8,-0.4896318073564668,,10,1,val,current_repo_v1
9046,361.84,-0.4488709600126267,,10,1,val,current_repo_v1
9047,361.88,-0.3327899274711448,,10,1,val,current_repo_v1
9048,361.92,-0.2845647235510606,,10,1,val,current_repo_v1
9049,361.96,-0.16980259331215106,,10,1,val,current_repo_v1
9050,362.0,-0.2477677933545332,,10,1,val,current_repo_v1
9051,362.04,-0.3395237197098494,,10,1,val,current_repo_v1
9052,362.08,-0.4488090574678078,,10,1,val,current_repo_v1
9053,362.12,-0.09578794509490478,,10,1,val,current_repo_v1
9054,362.16,-0.156446261952401,,10,1,val,current_repo_v1
9055,362.2,0.09460463046862601,,10,1,val,current_repo_v1
9056,362.24,0.3637151287093715,,10,1,val,current_repo_v1
9057,362.28,0.6804409940810088,,10,1,val,current_repo_v1
9058,362.32,0.4628690246788036,,10,1,val,current_repo_v1
9059,362.36,0.3606651973605247,,10,1,val,current_repo_v1
9060,362.4,0.6647003376062796,,10,1,val,current_repo_v1
9061,362.44,0.7929809196836464,,10,1,val,current_repo_v1
9062,362.48,0.8606061085677431,,10,1,val,current_repo_v1
9063,362.52,0.5584177129207933,,10,1,val,current_repo_v1
9064,362.56,0.32762418648493347,,10,1,val,current_repo_v1
9065,362.6,0.10368794962328697,,10,1,val,current_repo_v1
9066,362.64,-0.028325448232897774,,10,1,val,current_repo_v1
9067,362.68,-0.02053287187799923,,10,1,val,current_repo_v1
9068,362.72,0.1868894103123133,,10,1,val,current_repo_v1
9069,362.76,0.18656068493758965,,10,1,val,current_repo_v1
9070,362.8,-0.04008655804704506,,10,1,val,current_repo_v1
9071,362.84,-0.02230652487114994,,10,1,val,current_repo_v1
9072,362.88,0.31879546792476554,,10,1,val,current_repo_v1
9073,362.92,0.6400582886320461,,10,1,val,current_repo_v1
9074,362.96,0.5206531158127149,,10,1,val,current_repo_v1
9075,363.0,0.2793258689767571,,10,1,val,current_repo_v1
9076,363.04,0.15639260282175366,,10,1,val,current_repo_v1
9077,363.08,0.018372965470426366,,10,1,val,current_repo_v1
9078,363.12,0.06746423347459247,,10,1,val,current_repo_v1
9079,363.16,-0.143726278201819,,10,1,val,current_repo_v1
9080,363.2,-0.2848722578557539,,10,1,val,current_repo_v1
9081,363.24,-0.3183771860984822,,10,1,val,current_repo_v1
9082,363.28,-0.5072203954816418,,10,1,val,current_repo_v1
9083,363.32,-0.6064601108882092,,10,1,val,current_repo_v1
9084,363.36,-0.3046966797286312,,10,1,val,current_repo_v1
9085,363.4,-0.12501302459439104,,10,1,val,current_repo_v1
9086,363.44,0.04858874947626842,,10,1,val,current_repo_v1
9087,363.48,0.29048107685807656,,10,1,val,current_repo_v1
9088,363.52,0.3672998488047929,,10,1,val,current_repo_v1
9089,363.56,0.24872174322490276,,10,1,val,current_repo_v1
9090,363.6,0.3466239152216511,,10,1,val,current_repo_v1
9091,363.64,0.2487483859395052,,10,1,val,current_repo_v1
9092,363.68,-0.07765144470779405,,10,1,val,current_repo_v1
9093,363.72,-0.5549376292292562,,10,1,val,current_repo_v1
9094,363.76,-0.7127316564250489,,10,1,val,current_repo_v1
9095,363.8,-0.7609090705253758,,10,1,val,current_repo_v1
9096,363.84,-0.789906455934225,,10,1,val,current_repo_v1
9097,363.88,-0.7577778041567031,,10,1,val,current_repo_v1
9098,363.92,-0.9303333460831472,,10,1,val,current_repo_v1
9099,363.96,-0.9067155907802139,,10,1,val,current_repo_v1
9100,364.0,-0.7275805293634809,,10,1,val,current_repo_v1
9101,364.04,-0.9433326167058613,,10,1,val,current_repo_v1
9102,364.08,-0.8463936711682303,,10,1,val,current_repo_v1
9103,364.12,-0.6999513748476067,,10,1,val,current_repo_v1
9104,364.16,-0.5706301881300991,,10,1,val,current_repo_v1
9105,364.2,-0.4901177511262702,,10,1,val,current_repo_v1
9106,364.24,-0.3662895359639277,,10,1,val,current_repo_v1
9107,364.28,-0.43631336053000536,,10,1,val,current_repo_v1
9108,364.32,-0.5525300686775322,,10,1,val,current_repo_v1
9109,364.36,-0.5439359906583432,,10,1,val,current_repo_v1
9110,364.4,-0.6025178684245582,,10,1,val,current_repo_v1
9111,364.44,-0.7898114918029687,,10,1,val,current_repo_v1
9112,364.48,-0.7686275440824816,,10,1,val,current_repo_v1
9113,364.52,-0.8537947183236368,,10,1,val,current_repo_v1
9114,364.56,-0.9481083452807882,,10,1,val,current_repo_v1
9115,364.6,-0.7844533165563368,,10,1,val,current_repo_v1
9116,364.64,-0.8198631549282647,,10,1,val,current_repo_v1
9117,364.68,-1.0335405397919495,,10,1,val,current_repo_v1
9118,364.72,-1.0819993290959986,,10,1,val,current_repo_v1
9119,364.76,-0.9118830463965728,,10,1,val,current_repo_v1
9120,364.8,-0.9682535788507846,,10,1,val,current_repo_v1
9121,364.84,-0.6731628287528527,,10,1,val,current_repo_v1
9122,364.88,-0.670550347916043,,10,1,val,current_repo_v1
9123,364.92,-0.5855681778713351,,10,1,val,current_repo_v1
9124,364.96,-0.7436452949009977,,10,1,val,current_repo_v1
9125,365.0,-0.6245909617888077,,10,1,val,current_repo_v1
9126,365.04,-0.5801335916709423,,10,1,val,current_repo_v1
9127,365.08,-0.6730817135574048,,10,1,val,current_repo_v1
9128,365.12,-0.5883877332721342,,10,1,val,current_repo_v1
9129,365.16,-0.5195202728636038,,10,1,val,current_repo_v1
9130,365.2,-0.6183669422824717,,10,1,val,current_repo_v1
9131,365.24,-0.4496234188582058,,10,1,val,current_repo_v1
9132,365.28,-0.5327646476676854,,10,1,val,current_repo_v1
9133,365.32,-0.35870071482491206,,10,1,val,current_repo_v1
9134,365.36,-0.17733626051474954,,10,1,val,current_repo_v1
9135,365.4,-0.20807740280135395,,10,1,val,current_repo_v1
9136,365.44,-0.3580832061649307,,10,1,val,current_repo_v1
9137,365.48,-0.5008364757228155,,10,1,val,current_repo_v1
9138,365.52,-0.6732661462104695,,10,1,val,current_repo_v1
9139,365.56,-0.7460247618972251,,10,1,val,current_repo_v1
9140,365.6,-0.464175528886462,,10,1,val,current_repo_v1
9141,365.64,-0.5228587456908926,,10,1,val,current_repo_v1
9142,365.68,-0.42405630493685986,,10,1,val,current_repo_v1
9143,365.72,-0.5171780441169941,,10,1,val,current_repo_v1
9144,365.76,-0.7023593750480865,,10,1,val,current_repo_v1
9145,365.8,-0.4349523398766258,,10,1,val,current_repo_v1
9146,365.84,-0.2837671567431348,,10,1,val,current_repo_v1
9147,365.88,-0.5245022846347596,,10,1,val,current_repo_v1
9148,365.92,-0.8020056776240326,,10,1,val,current_repo_v1
9149,365.96,-0.5588176174290835,,10,1,val,current_repo_v1
9150,366.0,-0.5327628890726621,,10,1,val,current_repo_v1
9151,366.04,-0.484927829458489,,10,1,val,current_repo_v1
9152,366.08,-0.3392464332395563,,10,1,val,current_repo_v1
9153,366.12,-0.47078991252308705,,10,1,val,current_repo_v1
9154,366.16,-0.5376692812578175,,10,1,val,current_repo_v1
9155,366.2,-0.7514196917798432,,10,1,val,current_repo_v1
9156,366.24,-0.5103777330215344,,10,1,val,current_repo_v1
9157,366.28,-0.8343632984735835,,10,1,val,current_repo_v1
9158,366.32,-0.8774591643244379,,10,1,val,current_repo_v1
9159,366.36,-0.9276669643088744,,10,1,val,current_repo_v1
9160,366.4,-0.861275781552602,,10,1,val,current_repo_v1
9161,366.44,-0.7645032870339229,,10,1,val,current_repo_v1
9162,366.48,-0.7870880436201909,,10,1,val,current_repo_v1
9163,366.52,-0.8449215512742559,,10,1,val,current_repo_v1
9164,366.56,-0.6882648514448837,,10,1,val,current_repo_v1
9165,366.6,-0.662443312788547,,10,1,val,current_repo_v1
9166,366.64,-0.7051980991346394,,10,1,val,current_repo_v1
9167,366.68,-0.5353874602502569,,10,1,val,current_repo_v1
9168,366.72,-0.5438783527064558,,10,1,val,current_repo_v1
9169,366.76,-0.6495138583882565,,10,1,val,current_repo_v1
9170,366.8,-0.6539866689704261,,10,1,val,current_repo_v1
9171,366.84,-0.5710370830536068,,10,1,val,current_repo_v1
9172,366.88,-0.4444965867868842,,10,1,val,current_repo_v1
9173,366.92,-0.43061546868975437,,10,1,val,current_repo_v1
9174,366.96,-0.5501179797436232,,10,1,val,current_repo_v1
9175,367.0,-0.3071632191609479,,10,1,val,current_repo_v1
9176,367.04,-0.012494246096908258,,10,1,val,current_repo_v1
9177,367.08,0.10097311855612315,,10,1,val,current_repo_v1
9178,367.12,-0.158831334470265,,10,1,val,current_repo_v1
9179,367.16,-0.3354566169995467,,10,1,val,current_repo_v1
9180,367.2,-0.5089590304513918,,10,1,val,current_repo_v1
9181,367.24,-0.5146596481139288,,10,1,val,current_repo_v1
9182,367.28,-0.32385318721167283,,10,1,val,current_repo_v1
9183,367.32,-0.506816446204798,,10,1,val,current_repo_v1
9184,367.36,-0.331039817668868,,10,1,val,current_repo_v1
9185,367.4,-0.42829082589337725,,10,1,val,current_repo_v1
9186,367.44,-0.38326261583096033,,10,1,val,current_repo_v1
9187,367.48,-0.4182043162076953,,10,1,val,current_repo_v1
9188,367.52,-0.38081174987678845,,10,1,val,current_repo_v1
9189,367.56,-0.49281908497663046,,10,1,val,current_repo_v1
9190,367.6,-0.38272140821255085,,10,1,val,current_repo_v1
9191,367.64,-0.5370156554525458,,10,1,val,current_repo_v1
9192,367.68,-0.6824516397359821,,10,1,val,current_repo_v1
9193,367.72,-0.6164205293107231,,10,1,val,current_repo_v1
9194,367.76,-0.27277730075887774,,10,1,val,current_repo_v1
9195,367.8,-0.035201181072417626,,10,1,val,current_repo_v1
9196,367.84,0.05260955717258368,,10,1,val,current_repo_v1
9197,367.88,-0.14495489863238462,,10,1,val,current_repo_v1
9198,367.92,-0.3970667514309468,,10,1,val,current_repo_v1
9199,367.96,-0.2126905932312557,,10,1,val,current_repo_v1
9200,368.0,-0.18121427029517578,,10,1,val,current_repo_v1
9201,368.04,-0.0073460910609296015,,10,1,val,current_repo_v1
9202,368.08,0.09171024684958692,,10,1,val,current_repo_v1
9203,368.12,-0.05844958745558998,,10,1,val,current_repo_v1
9204,368.16,-0.23573447501322245,,10,1,val,current_repo_v1
9205,368.2,-0.26551566622394035,,10,1,val,current_repo_v1
9206,368.24,-0.24827268598571228,,10,1,val,current_repo_v1
9207,368.28,-0.3285724209214774,,10,1,val,current_repo_v1
9208,368.32,-0.3028250070453713,,10,1,val,current_repo_v1
9209,368.36,-0.36471401068258547,,10,1,val,current_repo_v1
9210,368.4,-0.288345307167198,,10,1,val,current_repo_v1
9211,368.44,-0.22146954355226522,,10,1,val,current_repo_v1
9212,368.48,-0.115479768903028,,10,1,val,current_repo_v1
9213,368.52,-0.3951064455585144,,10,1,val,current_repo_v1
9214,368.56,-0.40652135395989436,,10,1,val,current_repo_v1
9215,368.6,-0.48114654240434235,,10,1,val,current_repo_v1
9216,368.64,-0.4212752627670701,,10,1,val,current_repo_v1
9217,368.68,-0.4197969438256388,,10,1,val,current_repo_v1
9218,368.72,-0.2947456258246162,,10,1,val,current_repo_v1
9219,368.76,-0.23884002192967993,,10,1,val,current_repo_v1
9220,368.8,-0.1796705975661924,,10,1,val,current_repo_v1
9221,368.84,0.04845927291768061,,10,1,val,current_repo_v1
9222,368.88,0.15105992720295902,,10,1,val,current_repo_v1
9223,368.92,0.357085665120422,,10,1,val,current_repo_v1
9224,368.96,0.5064751468756581,,10,1,val,current_repo_v1
9225,369.0,0.3488784780063512,,10,1,val,current_repo_v1
9226,369.04,0.36118846730969695,,10,1,val,current_repo_v1
9227,369.08,0.3623861584502909,,10,1,val,current_repo_v1
9228,369.12,0.3967011834904858,,10,1,val,current_repo_v1
9229,369.16,0.3600514476974056,,10,1,val,current_repo_v1
9230,369.2,0.19635623507667255,,10,1,val,current_repo_v1
9231,369.24,0.006149235252971697,,10,1,val,current_repo_v1
9232,369.28,0.015516127855133977,,10,1,val,current_repo_v1
9233,369.32,0.13923970661359228,,10,1,val,current_repo_v1
9234,369.36,0.31773507909061294,,10,1,val,current_repo_v1
9235,369.4,0.5489504045428026,,10,1,val,current_repo_v1
9236,369.44,0.5576625722178038,,10,1,val,current_repo_v1
9237,369.48,0.8009700410148324,,10,1,val,current_repo_v1
9238,369.52,1.1694811661067739,,10,1,val,current_repo_v1
9239,369.56,1.3705652520088651,,10,1,val,current_repo_v1
9240,369.6,1.681056634233778,,10,1,val,current_repo_v1
9241,369.64,1.870379588339284,,10,1,val,current_repo_v1
9242,369.68,1.4718777354396027,,10,1,val,current_repo_v1
9243,369.72,1.2650615090591824,,10,1,val,current_repo_v1
9244,369.76,1.5348918881727012,,10,1,val,current_repo_v1
9245,369.8,1.5197853810633608,,10,1,val,current_repo_v1
9246,369.84,1.7377553205193308,,10,1,val,current_repo_v1
9247,369.88,1.6235412564194214,,10,1,val,current_repo_v1
9248,369.92,1.325492813281613,,10,1,val,current_repo_v1
9249,369.96,1.4882460344781347,,10,1,val,current_repo_v1
9250,370.0,0.9803799708337015,,10,1,val,current_repo_v1
9251,370.04,0.939532380790339,,10,1,val,current_repo_v1
9252,370.08,0.7591297240808373,,10,1,val,current_repo_v1
9253,370.12,0.3270233624952353,,10,1,val,current_repo_v1
9254,370.16,-0.1887899459363925,,10,1,val,current_repo_v1
9255,370.2,-0.43448169588352475,,10,1,val,current_repo_v1
9256,370.24,-0.42984370926379495,,10,1,val,current_repo_v1
9257,370.28,0.20138845473574252,,10,1,val,current_repo_v1
9258,370.32,0.639169230918035,,10,1,val,current_repo_v1
9259,370.36,1.2495373356318171,,10,1,val,current_repo_v1
9260,370.4,1.4707494208726763,,10,1,val,current_repo_v1
9261,370.44,1.624817996406311,,10,1,val,current_repo_v1
9262,370.48,1.5030604389541107,,10,1,val,current_repo_v1
9263,370.52,1.4395093871604099,,10,1,val,current_repo_v1
9264,370.56,1.3470749948451184,,10,1,val,current_repo_v1
9265,370.6,1.3240015247018853,,10,1,val,current_repo_v1
9266,370.64,1.456879206064691,,10,1,val,current_repo_v1
9267,370.68,1.4741202958132689,,10,1,val,current_repo_v1
9268,370.72,1.5671976304690656,,10,1,val,current_repo_v1
9269,370.76,1.6387327036683852,,10,1,val,current_repo_v1
9270,370.8,1.71821750567037,,10,1,val,current_repo_v1
9271,370.84,1.5631924303035818,,10,1,val,current_repo_v1
9272,370.88,1.3310742421664483,,10,1,val,current_repo_v1
9273,370.92,1.1295425938309367,,10,1,val,current_repo_v1
9274,370.96,1.2008140536362688,,10,1,val,current_repo_v1
9275,371.0,1.191334698882369,,10,1,val,current_repo_v1
9276,371.04,1.3179716540861175,,10,1,val,current_repo_v1
9277,371.08,1.1065811461906854,,10,1,val,current_repo_v1
9278,371.12,0.9581580124007328,,10,1,val,current_repo_v1
9279,371.16,0.6600200128113648,,10,1,val,current_repo_v1
9280,371.2,0.2782591052356451,,10,1,val,current_repo_v1
9281,371.24,0.12895983940510247,,10,1,val,current_repo_v1
9282,371.28,0.2560827823435301,,10,1,val,current_repo_v1
9283,371.32,0.5154292972258603,,10,1,val,current_repo_v1
9284,371.36,0.35237219080931864,,10,1,val,current_repo_v1
9285,371.4,0.08247815055595784,,10,1,val,current_repo_v1
9286,371.44,-0.1975470017493624,,10,1,val,current_repo_v1
9287,371.48,-0.4322199228592293,,10,1,val,current_repo_v1
9288,371.52,-0.6791658807945157,,10,1,val,current_repo_v1
9289,371.56,-0.751055310891023,,10,1,val,current_repo_v1
9290,371.6,-0.7880603708085536,,10,1,val,current_repo_v1
9291,371.64,-0.5610786870153697,,10,1,val,current_repo_v1
9292,371.68,-0.7101516216664183,,10,1,val,current_repo_v1
9293,371.72,-0.5841386159769237,,10,1,val,current_repo_v1
9294,371.76,-0.7215338641652411,,10,1,val,current_repo_v1
9295,371.8,-0.5824814039567509,,10,1,val,current_repo_v1
9296,371.84,-0.7472649231076308,,10,1,val,current_repo_v1
9297,371.88,-0.6552736088084508,,10,1,val,current_repo_v1
9298,371.92,-0.26751703529016596,,10,1,val,current_repo_v1
9299,371.96,-0.2913169810375095,,10,1,val,current_repo_v1
9300,372.0,-0.4372153439174375,,10,1,val,current_repo_v1
9301,372.04,-0.40649585433205704,,10,1,val,current_repo_v1
9302,372.08,-0.2294271420676593,,10,1,val,current_repo_v1
9303,372.12,-0.31883516820741575,,10,1,val,current_repo_v1
9304,372.16,-0.5146280813332612,,10,1,val,current_repo_v1
9305,372.2,-0.19867102974091938,,10,1,val,current_repo_v1
9306,372.24,0.36409551281290353,,10,1,val,current_repo_v1
9307,372.28,0.6203978117802126,,10,1,val,current_repo_v1
9308,372.32,0.48599727505701146,,10,1,val,current_repo_v1
9309,372.36,0.15855088252893,,10,1,val,current_repo_v1
9310,372.4,-0.19890679138622572,,10,1,val,current_repo_v1
9311,372.44,-0.30033422098417134,,10,1,val,current_repo_v1
9312,372.48,-0.0912164113846166,,10,1,val,current_repo_v1
9313,372.52,-0.06143836366250275,,10,1,val,current_repo_v1
9314,372.56,0.13339545570253014,,10,1,val,current_repo_v1
9315,372.6,-0.004120651928761074,,10,1,val,current_repo_v1
9316,372.64,-0.06999406034530893,,10,1,val,current_repo_v1
9317,372.68,-0.004663486247567093,,10,1,val,current_repo_v1
9318,372.72,-0.29346906169722886,,10,1,val,current_repo_v1
9319,372.76,-0.2134807299752082,,10,1,val,current_repo_v1
9320,372.8,0.02813659710983701,,10,1,val,current_repo_v1
9321,372.84,0.4563831503735036,,10,1,val,current_repo_v1
9322,372.88,0.7783494090900898,,10,1,val,current_repo_v1
9323,372.92,0.4797156615636636,,10,1,val,current_repo_v1
9324,372.96,0.40434482882935163,,10,1,val,current_repo_v1
9325,373.0,0.26483557356356857,,10,1,val,current_repo_v1
9326,373.04,0.4148374860356564,,10,1,val,current_repo_v1
9327,373.08,0.3971974590060509,,10,1,val,current_repo_v1
9328,373.12,0.6170296626619062,,10,1,val,current_repo_v1
9329,373.16,0.43676039538491906,,10,1,val,current_repo_v1
9330,373.2,0.3272881189759877,,10,1,val,current_repo_v1
9331,373.24,0.44167426159892337,,10,1,val,current_repo_v1
9332,373.28,0.6066652949625485,,10,1,val,current_repo_v1
9333,373.32,0.7995723096903422,,10,1,val,current_repo_v1
9334,373.36,0.4749241935632784,,10,1,val,current_repo_v1
9335,373.4,0.056999098280401825,,10,1,val,current_repo_v1
9336,373.44,-0.29395720371081135,,10,1,val,current_repo_v1
9337,373.48,-0.21970949768810702,,10,1,val,current_repo_v1
9338,373.52,-0.30653617012296536,,10,1,val,current_repo_v1
9339,373.56,-0.49925554276177675,,10,1,val,current_repo_v1
9340,373.6,-0.7335811193721112,,10,1,val,current_repo_v1
9341,373.64,-0.7681365443519863,,10,1,val,current_repo_v1
9342,373.68,-0.5510051909328599,,10,1,val,current_repo_v1
9343,373.72,-0.660282263294209,,10,1,val,current_repo_v1
9344,373.76,-0.6354776322100747,,10,1,val,current_repo_v1
9345,373.8,-0.6266627625857151,,10,1,val,current_repo_v1
9346,373.84,-0.5885154952005743,,10,1,val,current_repo_v1
9347,373.88,-0.5744065950830562,,10,1,val,current_repo_v1
9348,373.92,-0.7309259926059872,,10,1,val,current_repo_v1
9349,373.96,-0.766868597340213,,10,1,val,current_repo_v1
9350,374.0,-0.6327126811847479,,10,1,val,current_repo_v1
9351,374.04,-0.6616515053793224,,10,1,val,current_repo_v1
9352,374.08,-0.9054001617028123,,10,1,val,current_repo_v1
9353,374.12,-0.7840889356675165,,10,1,val,current_repo_v1
9354,374.16,-0.4505381960244322,,10,1,val,current_repo_v1
9355,374.2,-0.636774068461225,,10,1,val,current_repo_v1
9356,374.24,-0.853786716716281,,10,1,val,current_repo_v1
9357,374.28,-1.1433526646891266,,10,1,val,current_repo_v1
9358,374.32,-0.7747555443005474,,10,1,val,current_repo_v1
9359,374.36,-0.5856425664408191,,10,1,val,current_repo_v1
9360,374.4,-0.5323007303005483,,10,1,val,current_repo_v1
9361,374.44,-0.8107558309515362,,10,1,val,current_repo_v1
9362,374.48,-0.999148752078989,,10,1,val,current_repo_v1
9363,374.52,-1.0895646290265781,,10,1,val,current_repo_v1
9364,374.56,-1.0237176435002548,,10,1,val,current_repo_v1
9365,374.6,-0.9743254798876082,,10,1,val,current_repo_v1
9366,374.64,-1.0461433351666687,,10,1,val,current_repo_v1
9367,374.68,-1.0367690564654086,,10,1,val,current_repo_v1
9368,374.72,-0.9456246815294325,,10,1,val,current_repo_v1
9369,374.76,-1.0608165244622767,,10,1,val,current_repo_v1
9370,374.8,-0.8846853192047809,,10,1,val,current_repo_v1
9371,374.84,-0.8447374263753202,,10,1,val,current_repo_v1
9372,374.88,-0.9096814612869486,,10,1,val,current_repo_v1
9373,374.92,-0.9447670147365866,,10,1,val,current_repo_v1
9374,374.96,-0.6612274201894622,,10,1,val,current_repo_v1
9375,375.0,-0.8869656893714474,,10,1,val,current_repo_v1
9376,375.04,-1.0116859518593406,,10,1,val,current_repo_v1
9377,375.08,-1.0412943611090228,,10,1,val,current_repo_v1
9378,375.12,-0.9983341708642132,,10,1,val,current_repo_v1
9379,375.16,-0.9109737648397942,,10,1,val,current_repo_v1
9380,375.2,-1.0835945506416014,,10,1,val,current_repo_v1
9381,375.24,-0.9233000211471052,,10,1,val,current_repo_v1
9382,375.28,-1.0080366913265655,,10,1,val,current_repo_v1
9383,375.32,-1.0496766163576596,,10,1,val,current_repo_v1
9384,375.36,-1.0377071789805687,,10,1,val,current_repo_v1
9385,375.4,-1.3418830947579359,,10,1,val,current_repo_v1
9386,375.44,-1.2551544639956247,,10,1,val,current_repo_v1
9387,375.48,-0.8187311473117896,,10,1,val,current_repo_v1
9388,375.52,-0.7546735322216375,,10,1,val,current_repo_v1
9389,375.56,-0.8979491704487451,,10,1,val,current_repo_v1
9390,375.6,-1.1217664383570678,,10,1,val,current_repo_v1
9391,375.64,-1.0529706406957353,,10,1,val,current_repo_v1
9392,375.68,-1.2460978754853174,,10,1,val,current_repo_v1
9393,375.72,-1.499688860575509,,10,1,val,current_repo_v1
9394,375.76,-1.6400486603242936,,10,1,val,current_repo_v1
9395,375.8,-1.5152756399857026,,10,1,val,current_repo_v1
9396,375.84,-1.5092774240803537,,10,1,val,current_repo_v1
9397,375.88,-1.2835972764638874,,10,1,val,current_repo_v1
9398,375.92,-1.1880932565354887,,10,1,val,current_repo_v1
9399,375.96,-1.1788687222004597,,10,1,val,current_repo_v1
9400,376.0,-1.2233689141071415,,10,1,val,current_repo_v1
9401,376.04,-1.232871658174851,,10,1,val,current_repo_v1
9402,376.08,-1.245128362048992,,10,1,val,current_repo_v1
9403,376.12,-1.3398818136214616,,10,1,val,current_repo_v1
9404,376.16,-1.378771911544429,,10,1,val,current_repo_v1
9405,376.2,-1.4178213381765041,,10,1,val,current_repo_v1
9406,376.24,-1.5789679069597717,,10,1,val,current_repo_v1
9407,376.28,-1.5102682165164607,,10,1,val,current_repo_v1
9408,376.32,-1.5699879931924787,,10,1,val,current_repo_v1
9409,376.36,-1.6160137662818421,,10,1,val,current_repo_v1
9410,376.4,-1.4811471139477248,,10,1,val,current_repo_v1
9411,376.44,-1.6838445349241584,,10,1,val,current_repo_v1
9412,376.48,-2.019758342664878,,10,1,val,current_repo_v1
9413,376.52,-2.044197361843676,,10,1,val,current_repo_v1
9414,376.56,-2.0005878983162773,,10,1,val,current_repo_v1
9415,376.6,-1.992758281553701,,10,1,val,current_repo_v1
9416,376.64,-2.022561894850966,,10,1,val,current_repo_v1
9417,376.68,-2.0563705324542116,,10,1,val,current_repo_v1
9418,376.72,-1.9119673710279383,,10,1,val,current_repo_v1
9419,376.76,-1.9554978736387925,,10,1,val,current_repo_v1
9420,376.8,-1.9004988694432243,,10,1,val,current_repo_v1
9421,376.84,-1.5827291899955287,,10,1,val,current_repo_v1
9422,376.88,-1.549773646838068,,10,1,val,current_repo_v1
9423,376.92,-1.8769627129493704,,10,1,val,current_repo_v1
9424,376.96,-2.184184691166533,,10,1,val,current_repo_v1
9425,377.0,-2.3011472634283017,,10,1,val,current_repo_v1
9426,377.04,-2.0891818708197647,,10,1,val,current_repo_v1
9427,377.08,-1.9195120953967457,,10,1,val,current_repo_v1
9428,377.12,-1.9547895115634217,,10,1,val,current_repo_v1
9429,377.16,-1.9646443263547886,,10,1,val,current_repo_v1
9430,377.2,-1.9965834015888027,,10,1,val,current_repo_v1
9431,377.24,-2.1047009443215625,,10,1,val,current_repo_v1
9432,377.28,-2.0676526229664596,,10,1,val,current_repo_v1
9433,377.32,-1.8695177009183823,,10,1,val,current_repo_v1
9434,377.36,-1.7132820087375793,,10,1,val,current_repo_v1
9435,377.4,-1.5493093777519265,,10,1,val,current_repo_v1
9436,377.44,-1.520590993443518,,10,1,val,current_repo_v1
9437,377.48,-1.4405852955956426,,10,1,val,current_repo_v1
9438,377.52,-1.2940120279106617,,10,1,val,current_repo_v1
9439,377.56,-1.3844247393872087,,10,1,val,current_repo_v1
9440,377.6,-1.2197507807062782,,10,1,val,current_repo_v1
9441,377.64,-1.0350328835286913,,10,1,val,current_repo_v1
9442,377.68,-0.9212997951676447,,10,1,val,current_repo_v1
9443,377.72,-1.009035925018784,,10,1,val,current_repo_v1
9444,377.76,-0.8186741688330359,,10,1,val,current_repo_v1
9445,377.8,-0.8974121834583915,,10,1,val,current_repo_v1
9446,377.84,-0.953146368303435,,10,1,val,current_repo_v1
9447,377.88,-1.024399362861023,,10,1,val,current_repo_v1
9448,377.92,-0.9635280581637718,,10,1,val,current_repo_v1
9449,377.96,-0.9651723445105237,,10,1,val,current_repo_v1
9450,378.0,-1.2057507815855757,,10,1,val,current_repo_v1
9451,378.04,-1.4142146356432919,,10,1,val,current_repo_v1
9452,378.08,-1.543004814593525,,10,1,val,current_repo_v1
9453,378.12,-1.5669248723809575,,10,1,val,current_repo_v1
9454,378.16,-1.482480656553866,,10,1,val,current_repo_v1
9455,378.2,-1.4773854791929633,,10,1,val,current_repo_v1
9456,378.24,-1.404105528011561,,10,1,val,current_repo_v1
9457,378.28,-1.2800591591365826,,10,1,val,current_repo_v1
9458,378.32,-1.222698889403278,,10,1,val,current_repo_v1
9459,378.36,-1.162137097430121,,10,1,val,current_repo_v1
9460,378.4,-1.1263681539544428,,10,1,val,current_repo_v1
9461,378.44,-0.995115414393133,,10,1,val,current_repo_v1
9462,378.48,-0.8623246076244766,,10,1,val,current_repo_v1
9463,378.52,-0.6726520448283457,,10,1,val,current_repo_v1
9464,378.56,-0.6920690002343328,,10,1,val,current_repo_v1
9465,378.6,-0.5255458349215645,,10,1,val,current_repo_v1
9466,378.64,-0.9592569584307705,,10,1,val,current_repo_v1
9467,378.68,-0.9692500867207171,,10,1,val,current_repo_v1
9468,378.72,-0.7359142473894756,,10,1,val,current_repo_v1
9469,378.76,-0.9228976546057823,,10,1,val,current_repo_v1
9470,378.8,-1.1371785892814512,,10,1,val,current_repo_v1
9471,378.84,-1.212993731048391,,10,1,val,current_repo_v1
9472,378.88,-1.3967755280950942,,10,1,val,current_repo_v1
9473,378.92,-1.4292170339272547,,10,1,val,current_repo_v1
9474,378.96,-1.4447401521976062,,10,1,val,current_repo_v1
9475,379.0,-1.3697705429178522,,10,1,val,current_repo_v1
9476,379.04,-0.9472185841287678,,10,1,val,current_repo_v1
9477,379.08,-0.9220640805647552,,10,1,val,current_repo_v1
9478,379.12,-1.074509912540673,,10,1,val,current_repo_v1
9479,379.16,-1.1475479689766253,,10,1,val,current_repo_v1
9480,379.2,-1.0066848593321824,,10,1,val,current_repo_v1
9481,379.24,-0.43259094244426244,,10,1,val,current_repo_v1
9482,379.28,0.0757786948850824,,10,1,val,current_repo_v1
9483,379.32,0.6787216157267636,,10,1,val,current_repo_v1
9484,379.36,0.9254477932490175,,10,1,val,current_repo_v1
9485,379.4,0.8195965519227378,,10,1,val,current_repo_v1
9486,379.44,0.8821689455859925,,10,1,val,current_repo_v1
9487,379.48,1.1791669799164053,,10,1,val,current_repo_v1
9488,379.52,1.3201090504773927,,10,1,val,current_repo_v1
9489,379.56,1.5126745020867929,,10,1,val,current_repo_v1
9490,379.6,1.5325659703949321,,10,1,val,current_repo_v1
9491,379.64,1.404180444159552,,10,1,val,current_repo_v1
9492,379.68,1.4326774213545315,,10,1,val,current_repo_v1
9493,379.72,1.3886080852285492,,10,1,val,current_repo_v1
9494,379.76,1.3909130757255415,,10,1,val,current_repo_v1
9495,379.8,1.2386340464875802,,10,1,val,current_repo_v1
9496,379.84,1.0184313947900743,,10,1,val,current_repo_v1
9497,379.88,0.8597392970807762,,10,1,val,current_repo_v1
9498,379.92,0.9956451032141401,,10,1,val,current_repo_v1
9499,379.96,1.1968573906934272,,10,1,val,current_repo_v1
9500,380.0,1.0968119749769514,,10,1,val,current_repo_v1
9501,380.04,0.8644518041646168,,10,1,val,current_repo_v1
9502,380.08,0.7156498250417777,,10,1,val,current_repo_v1
9503,380.12,0.5488706522584976,,10,1,val,current_repo_v1
9504,380.16,0.6730227126943742,,10,1,val,current_repo_v1
9505,380.2,0.5950577764412456,,10,1,val,current_repo_v1
9506,380.24,0.4697480329015543,,10,1,val,current_repo_v1
9507,380.28,0.5207856259477178,,10,1,val,current_repo_v1
9508,380.32,0.1702663348197858,,10,1,val,current_repo_v1
9509,380.36,-0.05061590394202264,,10,1,val,current_repo_v1
9510,380.4,-0.14262223224621384,,10,1,val,current_repo_v1
9511,380.44,-0.32786027786680666,,10,1,val,current_repo_v1
9512,380.48,-0.41688374323985083,,10,1,val,current_repo_v1
9513,380.52,-0.5902177272533428,,10,1,val,current_repo_v1
9514,380.56,-0.6730585440679732,,10,1,val,current_repo_v1
9515,380.6,-0.6080954284003424,,10,1,val,current_repo_v1
9516,380.64,-0.6281394987916253,,10,1,val,current_repo_v1
9517,380.68,-0.854223639649811,,10,1,val,current_repo_v1
9518,380.72,-0.8444845404109749,,10,1,val,current_repo_v1
9519,380.76,-0.9024842352947383,,10,1,val,current_repo_v1
9520,380.8,-0.9260159953010341,,10,1,val,current_repo_v1
9521,380.84,-0.7606626913626165,,10,1,val,current_repo_v1
9522,380.88,-0.8259426179236884,,10,1,val,current_repo_v1
9523,380.92,-0.7075180376893292,,10,1,val,current_repo_v1
9524,380.96,-0.8531530069996478,,10,1,val,current_repo_v1
9525,381.0,-1.0536574599820712,,10,1,val,current_repo_v1
9526,381.04,-0.992335779099362,,10,1,val,current_repo_v1
9527,381.08,-1.0592082893135017,,10,1,val,current_repo_v1
9528,381.12,-0.9026782083258044,,10,1,val,current_repo_v1
9529,381.16,-0.916615249744674,,10,1,val,current_repo_v1
9530,381.2,-0.7292414344332027,,10,1,val,current_repo_v1
9531,381.24,-0.7809865981869765,,10,1,val,current_repo_v1
9532,381.28,-0.6302007919832687,,10,1,val,current_repo_v1
9533,381.32,-0.8491187900162802,,10,1,val,current_repo_v1
9534,381.36,-0.9481531894538815,,10,1,val,current_repo_v1
9535,381.4,-1.2521096325723453,,10,1,val,current_repo_v1
9536,381.44,-1.1090120520913431,,10,1,val,current_repo_v1
9537,381.48,-0.9726066291118699,,10,1,val,current_repo_v1
9538,381.52,-0.7932844531846617,,10,1,val,current_repo_v1
9539,381.56,-0.8744713993096636,,10,1,val,current_repo_v1
9540,381.6,-0.8813555953877328,,10,1,val,current_repo_v1
9541,381.64,-0.8625481250519335,,10,1,val,current_repo_v1
9542,381.68,-0.9360334801320529,,10,1,val,current_repo_v1
9543,381.72,-1.009115589373338,,10,1,val,current_repo_v1
9544,381.76,-1.182250324570694,,10,1,val,current_repo_v1
9545,381.8,-1.1275217922897038,,10,1,val,current_repo_v1
9546,381.84,-1.0080039814591326,,10,1,val,current_repo_v1
9547,381.88,-0.8642585345715601,,10,1,val,current_repo_v1
9548,381.92,-1.1754566961363229,,10,1,val,current_repo_v1
9549,381.96,-1.1145612986872528,,10,1,val,current_repo_v1
9550,382.0,-1.0476243359655104,,10,1,val,current_repo_v1
9551,382.04,-1.160812699518101,,10,1,val,current_repo_v1
9552,382.08,-1.015388146102316,,10,1,val,current_repo_v1
9553,382.12,-0.8960415344972594,,10,1,val,current_repo_v1
9554,382.16,-1.076714047613081,,10,1,val,current_repo_v1
9555,382.2,-0.9935416477068141,,10,1,val,current_repo_v1
9556,382.24,-1.0005033978254094,,10,1,val,current_repo_v1
9557,382.28,-1.0896671551164343,,10,1,val,current_repo_v1
9558,382.32,-1.2302604962843084,,10,1,val,current_repo_v1
9559,382.36,-1.1702514307269636,,10,1,val,current_repo_v1
9560,382.4,-1.1535052096179321,,10,1,val,current_repo_v1
9561,382.44,-1.0581165535230594,,10,1,val,current_repo_v1
9562,382.48,-0.9859029264340133,,10,1,val,current_repo_v1
9563,382.52,-1.0339161756889186,,10,1,val,current_repo_v1
9564,382.56,-0.8971280824323831,,10,1,val,current_repo_v1
9565,382.6,-0.9908984793868483,,10,1,val,current_repo_v1
9566,382.64,-0.9487319430760377,,10,1,val,current_repo_v1
9567,382.68,-0.631618175607144,,10,1,val,current_repo_v1
9568,382.72,-0.6309408087690582,,10,1,val,current_repo_v1
9569,382.76,-0.5865691261937013,,10,1,val,current_repo_v1
9570,382.8,-0.6745688694388279,,10,1,val,current_repo_v1
9571,382.84,-0.5810281010295255,,10,1,val,current_repo_v1
9572,382.88,-0.557341320871929,,10,1,val,current_repo_v1
9573,382.92,-0.6217439723056456,,10,1,val,current_repo_v1
9574,382.96,-0.6962628536809372,,10,1,val,current_repo_v1
9575,383.0,-0.6992327689562255,,10,1,val,current_repo_v1
9576,383.04,-0.9640865879431605,,10,1,val,current_repo_v1
9577,383.08,-0.9070688925203876,,10,1,val,current_repo_v1
9578,383.12,-0.9116166192505484,,10,1,val,current_repo_v1
9579,383.16,-0.7693318613892989,,10,1,val,current_repo_v1
9580,383.2,-1.0084557645206091,,10,1,val,current_repo_v1
9581,383.24,-0.7245133637834061,,10,1,val,current_repo_v1
9582,383.28,-0.6477400515180413,,10,1,val,current_repo_v1
9583,383.32,-0.519498070601435,,10,1,val,current_repo_v1
9584,383.36,-0.4300226463074121,,10,1,val,current_repo_v1
9585,383.4,-0.4737446159514241,,10,1,val,current_repo_v1
9586,383.44,-0.318709780382257,,10,1,val,current_repo_v1
9587,383.48,-0.11276834511372175,,10,1,val,current_repo_v1
9588,383.52,-0.09480768224649963,,10,1,val,current_repo_v1
9589,383.56,-0.058415910360894475,,10,1,val,current_repo_v1
9590,383.6,0.05197712243734236,,10,1,val,current_repo_v1
9591,383.64,0.15167420444458513,,10,1,val,current_repo_v1
9592,383.68,0.12490979506652546,,10,1,val,current_repo_v1
9593,383.72,0.08484038332095722,,10,1,val,current_repo_v1
9594,383.76,-0.04404440804152746,,10,1,val,current_repo_v1
9595,383.8,0.08190616752464121,,10,1,val,current_repo_v1
9596,383.84,-0.008936784224347485,,10,1,val,current_repo_v1
9597,383.88,-0.0421817481577618,,10,1,val,current_repo_v1
9598,383.92,0.16772182368062508,,10,1,val,current_repo_v1
9599,383.96,0.21840505982960093,,10,1,val,current_repo_v1
9600,384.0,0.41705138131044345,,10,1,val,current_repo_v1
9601,384.04,0.17780450842213139,,10,1,val,current_repo_v1
9602,384.08,0.37941841503985635,,10,1,val,current_repo_v1
9603,384.12,0.4338476344478869,,10,1,val,current_repo_v1
9604,384.16,0.434305660521696,,10,1,val,current_repo_v1
9605,384.2,0.4877620251628569,,10,1,val,current_repo_v1
9606,384.24,0.5501085272953732,,10,1,val,current_repo_v1
9607,384.28,0.25197932068112144,,10,1,val,current_repo_v1
9608,384.32,0.3907224879898951,,10,1,val,current_repo_v1
9609,384.36,0.5491189658757826,,10,1,val,current_repo_v1
9610,384.4,0.8034199397417415,,10,1,val,current_repo_v1
9611,384.44,1.0246728243871406,,10,1,val,current_repo_v1
9612,384.48,1.1347005530341698,,10,1,val,current_repo_v1
9613,384.52,1.0194214837881719,,10,1,val,current_repo_v1
9614,384.56,0.922999828976634,,10,1,val,current_repo_v1
9615,384.6,1.2076880498632032,,10,1,val,current_repo_v1
9616,384.64,1.180777852957715,,10,1,val,current_repo_v1
9617,384.68,1.0301385377194452,,10,1,val,current_repo_v1
9618,384.72,0.8600219033010148,,10,1,val,current_repo_v1
9619,384.76,0.688363904309569,,10,1,val,current_repo_v1
9620,384.8,0.6746668231816237,,10,1,val,current_repo_v1
9621,384.84,0.6496161646537348,,10,1,val,current_repo_v1
9622,384.88,0.6543846829890664,,10,1,val,current_repo_v1
9623,384.92,0.6188660755149495,,10,1,val,current_repo_v1
9624,384.96,0.2372869626997599,,10,1,val,current_repo_v1
9625,385.0,0.2266630703398441,,10,1,val,current_repo_v1
9626,385.04,0.17831542424126517,,10,1,val,current_repo_v1
9627,385.08,0.1971126067961784,,10,1,val,current_repo_v1
9628,385.12,0.16190359997590725,,10,1,val,current_repo_v1
9629,385.16,0.012357075685093664,,10,1,val,current_repo_v1
9630,385.2,-0.22455908725401102,,10,1,val,current_repo_v1
9631,385.24,-0.22269748252725932,,10,1,val,current_repo_v1
9632,385.28,-0.383555509832085,,10,1,val,current_repo_v1
9633,385.32,-0.16143937485464113,,10,1,val,current_repo_v1
9634,385.36,0.028539007616035398,,10,1,val,current_repo_v1
9635,385.4,-0.17830984070206632,,10,1,val,current_repo_v1
9636,385.44,-0.23918457465961293,,10,1,val,current_repo_v1
9637,385.48,0.0531595577661095,,10,1,val,current_repo_v1
9638,385.52,-0.01005947128719923,,10,1,val,current_repo_v1
9639,385.56,-0.09954663420300254,,10,1,val,current_repo_v1
9640,385.6,-0.39464230836699943,,10,1,val,current_repo_v1
9641,385.64,-0.6302021988592873,,10,1,val,current_repo_v1
9642,385.68,-0.3619695033244041,,10,1,val,current_repo_v1
9643,385.72,-0.17599515595000842,,10,1,val,current_repo_v1
9644,385.76,-0.27088786626588285,,10,1,val,current_repo_v1
9645,385.8,-0.3477950076125182,,10,1,val,current_repo_v1
9646,385.84,-0.33485851883213463,,10,1,val,current_repo_v1
9647,385.88,-0.09333921143719859,,10,1,val,current_repo_v1
9648,385.92,-0.17225018388309213,,10,1,val,current_repo_v1
9649,385.96,-0.4055668765110178,,10,1,val,current_repo_v1
9650,386.0,-0.48715390300381217,,10,1,val,current_repo_v1
9651,386.04,-0.35135271129189466,,10,1,val,current_repo_v1
9652,386.08,-0.5435476049474554,,10,1,val,current_repo_v1
9653,386.12,-0.7114470467254301,,10,1,val,current_repo_v1
9654,386.16,-0.402956286163858,,10,1,val,current_repo_v1
9655,386.2,-0.2930711795732154,,10,1,val,current_repo_v1
9656,386.24,-0.2753980469922969,,10,1,val,current_repo_v1
9657,386.28,-0.38830815684733155,,10,1,val,current_repo_v1
9658,386.32,-0.05799329799436634,,10,1,val,current_repo_v1
9659,386.36,0.06214307665320023,,10,1,val,current_repo_v1
9660,386.4,-0.32384500974481467,,10,1,val,current_repo_v1
9661,386.44,-0.5275680873036913,,10,1,val,current_repo_v1
9662,386.48,-0.714214415818914,,10,1,val,current_repo_v1
9663,386.52,-0.49147929935815676,,10,1,val,current_repo_v1
9664,386.56,-0.5087862045254805,,10,1,val,current_repo_v1
9665,386.6,-0.5270515879453587,,10,1,val,current_repo_v1
9666,386.64,-0.18390931716832787,,10,1,val,current_repo_v1
9667,386.68,-0.033188666910232076,,10,1,val,current_repo_v1
9668,386.72,-0.05063872171244949,,10,1,val,current_repo_v1
9669,386.76,0.15047633744448885,,10,1,val,current_repo_v1
9670,386.8,0.26150875142830887,,10,1,val,current_repo_v1
9671,386.84,0.1497567203609692,,10,1,val,current_repo_v1
9672,386.88,-0.10911587514502913,,10,1,val,current_repo_v1
9673,386.92,-0.1422176234962364,,10,1,val,current_repo_v1
9674,386.96,-0.2809396876647309,,10,1,val,current_repo_v1
9675,387.0,-0.26284550347036745,,10,1,val,current_repo_v1
9676,387.04,-0.22733630447962513,,10,1,val,current_repo_v1
9677,387.08,-0.27070246638555523,,10,1,val,current_repo_v1
9678,387.12,-0.07909278918886123,,10,1,val,current_repo_v1
9679,387.16,-0.040192073748440894,,10,1,val,current_repo_v1
9680,387.2,0.03894909878599789,,10,1,val,current_repo_v1
9681,387.24,0.17552611667486612,,10,1,val,current_repo_v1
9682,387.28,0.33256935569035184,,10,1,val,current_repo_v1
9683,387.32,0.2470082121991099,,10,1,val,current_repo_v1
9684,387.36,0.44600840696350874,,10,1,val,current_repo_v1
9685,387.4,0.4577451822190216,,10,1,val,current_repo_v1
9686,387.44,0.3334241208014093,,10,1,val,current_repo_v1
9687,387.48,0.2639065957425294,,10,1,val,current_repo_v1
9688,387.52,0.090448454920395,,10,1,val,current_repo_v1
9689,387.56,-0.06536104175651988,,10,1,val,current_repo_v1
9690,387.6,-0.030897635261237094,,10,1,val,current_repo_v1
9691,387.64,-0.14770971575388991,,10,1,val,current_repo_v1
9692,387.68,-0.11704656715656728,,10,1,val,current_repo_v1
9693,387.72,-0.03459204772123455,,10,1,val,current_repo_v1
9694,387.76,-0.02294711509081165,,10,1,val,current_repo_v1
9695,387.8,-0.07164478754633348,,10,1,val,current_repo_v1
9696,387.84,0.08834684593784334,,10,1,val,current_repo_v1
9697,387.88,0.12623494038143046,,10,1,val,current_repo_v1
9698,387.92,0.17854245885876854,,10,1,val,current_repo_v1
9699,387.96,0.12375255161146656,,10,1,val,current_repo_v1
9700,388.0,0.11728307620475849,,10,1,val,current_repo_v1
9701,388.04,-0.011215835444746483,,10,1,val,current_repo_v1
9702,388.08,-0.011246171208897787,,10,1,val,current_repo_v1
9703,388.12,-0.14999723021283837,,10,1,val,current_repo_v1
9704,388.16,0.025350015365724017,,10,1,val,current_repo_v1
9705,388.2,0.15022951863297374,,10,1,val,current_repo_v1
9706,388.24,0.053777176338279824,,10,1,val,current_repo_v1
9707,388.28,0.18835612252659106,,10,1,val,current_repo_v1
9708,388.32,0.26629674620352306,,10,1,val,current_repo_v1
9709,388.36,0.3719602135461937,,10,1,val,current_repo_v1
9710,388.4,0.306130286391596,,10,1,val,current_repo_v1
9711,388.44,0.07486004880980487,,10,1,val,current_repo_v1
9712,388.48,-0.3057411972426989,,10,1,val,current_repo_v1
9713,388.52,-0.7892465431517453,,10,1,val,current_repo_v1
9714,388.56,-1.0206495106929172,,10,1,val,current_repo_v1
9715,388.6,-1.2999574859653127,,10,1,val,current_repo_v1
9716,388.64,-1.7217776054354654,,10,1,val,current_repo_v1
9717,388.68,-1.7532596218229333,,10,1,val,current_repo_v1
9718,388.72,-1.6812008390256856,,10,1,val,current_repo_v1
9719,388.76,-1.829866307209844,,10,1,val,current_repo_v1
9720,388.8,-1.6504134676724072,,10,1,val,current_repo_v1
9721,388.84,-0.8422725795907133,,10,1,val,current_repo_v1
9722,388.88,-0.14141489081542974,,10,1,val,current_repo_v1
9723,388.92,-0.08897246611736952,,10,1,val,current_repo_v1
9724,388.96,-0.0030251791238943373,,10,1,val,current_repo_v1
9725,389.0,-0.14327115380979827,,10,1,val,current_repo_v1
9726,389.04,-0.19005026504225245,,10,1,val,current_repo_v1
9727,389.08,-0.11012097814813789,,10,1,val,current_repo_v1
9728,389.12,-0.3799334195924192,,10,1,val,current_repo_v1
9729,389.16,-0.3496896299608317,,10,1,val,current_repo_v1
9730,389.2,-0.36174134760257337,,10,1,val,current_repo_v1
9731,389.24,-0.2864105009226029,,10,1,val,current_repo_v1
9732,389.28,-0.18444399600271352,,10,1,val,current_repo_v1
9733,389.32,-0.20300724145465704,,10,1,val,current_repo_v1
9734,389.36,-0.1869189986735797,,10,1,val,current_repo_v1
9735,389.4,-0.2350060209897109,,10,1,val,current_repo_v1
9736,389.44,-0.22360773131130077,,10,1,val,current_repo_v1
9737,389.48,-0.0700994881169536,,10,1,val,current_repo_v1
9738,389.52,-0.2728026245272127,,10,1,val,current_repo_v1
9739,389.56,-0.038383314802138274,,10,1,val,current_repo_v1
9740,389.6,0.05275077235295178,,10,1,val,current_repo_v1
9741,389.64,-0.14119412119269673,,10,1,val,current_repo_v1
9742,389.68,-0.12520871225560476,,10,1,val,current_repo_v1
9743,389.72,-0.4209721689148106,,10,1,val,current_repo_v1
9744,389.76,-0.2683741305396293,,10,1,val,current_repo_v1
9745,389.8,-0.049188650203579355,,10,1,val,current_repo_v1
9746,389.84,0.14661806789319876,,10,1,val,current_repo_v1
9747,389.88,0.3192479104593758,,10,1,val,current_repo_v1
9748,389.92,0.2807042117911158,,10,1,val,current_repo_v1
9749,389.96,0.08392683717124715,,10,1,val,current_repo_v1
9750,390.0,0.03868341904285828,,10,1,val,current_repo_v1
9751,390.04,0.1801980002136693,,10,1,val,current_repo_v1
9752,390.08,0.26847999796002975,,10,1,val,current_repo_v1
9753,390.12,0.46679719838226846,,10,1,val,current_repo_v1
9754,390.16,0.40438131967608437,,10,1,val,current_repo_v1
9755,390.2,0.4176993356467651,,10,1,val,current_repo_v1
9756,390.24,0.6205935434063018,,10,1,val,current_repo_v1
9757,390.28,0.6558426461931034,,10,1,val,current_repo_v1
9758,390.32,0.31673931862356525,,10,1,val,current_repo_v1
9759,390.36,0.06861514598756761,,10,1,val,current_repo_v1
9760,390.4,0.3328939923316464,,10,1,val,current_repo_v1
9761,390.44,0.5063448349844343,,10,1,val,current_repo_v1
9762,390.48,0.40520407835771843,,10,1,val,current_repo_v1
9763,390.52,0.24049204609453415,,10,1,val,current_repo_v1
9764,390.56,0.12908250140797514,,10,1,val,current_repo_v1
9765,390.6,0.08255122017917445,,10,1,val,current_repo_v1
9766,390.64,0.18041386775277496,,10,1,val,current_repo_v1
9767,390.68,0.2331293363106347,,10,1,val,current_repo_v1
9768,390.72,0.37038802959539563,,10,1,val,current_repo_v1
9769,390.76,0.4138800189752403,,10,1,val,current_repo_v1
9770,390.8,0.4556603678189421,,10,1,val,current_repo_v1
9771,390.84,0.18693711220231932,,10,1,val,current_repo_v1
9772,390.88,-0.03246931361596593,,10,1,val,current_repo_v1
9773,390.92,-0.0077942690026084355,,10,1,val,current_repo_v1
9774,390.96,0.087141944557654,,10,1,val,current_repo_v1
9775,391.0,0.07254349555053477,,10,1,val,current_repo_v1
9776,391.04,0.17356686595944767,,10,1,val,current_repo_v1
9777,391.08,0.2683463007733861,,10,1,val,current_repo_v1
9778,391.12,0.45096087433827364,,10,1,val,current_repo_v1
9779,391.16,0.83928261633216,,10,1,val,current_repo_v1
9780,391.2,1.29973203408333,,10,1,val,current_repo_v1
9781,391.24,1.6586160824394176,,10,1,val,current_repo_v1
9782,391.28,1.6695504987155663,,10,1,val,current_repo_v1
9783,391.32,1.3265544770971576,,10,1,val,current_repo_v1
9784,391.36,0.5550699635047568,,10,1,val,current_repo_v1
9785,391.4,0.06213683364086764,,10,1,val,current_repo_v1
9786,391.44,-0.2667592566946415,,10,1,val,current_repo_v1
9787,391.48,-0.9876674127506053,,10,1,val,current_repo_v1
9788,391.52,-1.4789675112758915,,10,1,val,current_repo_v1
9789,391.56,-1.4942558571106372,,10,1,val,current_repo_v1
9790,391.6,-1.360022826563402,,10,1,val,current_repo_v1
9791,391.64,-1.1114851642725594,,10,1,val,current_repo_v1
9792,391.68,-0.791028703348321,,10,1,val,current_repo_v1
9793,391.72,-0.20926445444205716,,10,1,val,current_repo_v1
9794,391.76,0.15024007020311334,,10,1,val,current_repo_v1
9795,391.8,0.13979194941577275,,10,1,val,current_repo_v1
9796,391.84,0.19689225483976341,,10,1,val,current_repo_v1
9797,391.88,-0.06707439692281043,,10,1,val,current_repo_v1
9798,391.92,-0.3391060533918242,,10,1,val,current_repo_v1
9799,391.96,-0.5089126035427776,,10,1,val,current_repo_v1
9800,392.0,-1.0408188370147322,,10,1,val,current_repo_v1
9801,392.04,-1.3375312755133668,,10,1,val,current_repo_v1
9802,392.08,-1.7567574673242052,,10,1,val,current_repo_v1
9803,392.12,-1.943691370090607,,10,1,val,current_repo_v1
9804,392.16,-1.7490513039322624,,10,1,val,current_repo_v1
9805,392.2,-1.47447113552041,,10,1,val,current_repo_v1
9806,392.24,-1.3025529963601479,,10,1,val,current_repo_v1
9807,392.28,-0.8366406790287104,,10,1,val,current_repo_v1
9808,392.32,-0.309058303140455,,10,1,val,current_repo_v1
9809,392.36,-0.3291514822977627,,10,1,val,current_repo_v1
9810,392.4,-0.27935053327195836,,10,1,val,current_repo_v1
9811,392.44,-0.08317174043313316,,10,1,val,current_repo_v1
9812,392.48,-0.2151633536934672,,10,1,val,current_repo_v1
9813,392.52,-0.34480091165566007,,10,1,val,current_repo_v1
9814,392.56,-0.3635311796699381,,10,1,val,current_repo_v1
9815,392.6,-0.4895968552803794,,10,1,val,current_repo_v1
9816,392.64,-0.5304539417368676,,10,1,val,current_repo_v1
9817,392.68,-0.459414836298984,,10,1,val,current_repo_v1
9818,392.72,-0.4210912697627611,,10,1,val,current_repo_v1
9819,392.76,-0.44610534951416614,,10,1,val,current_repo_v1
9820,392.8,-0.2201881432885639,,10,1,val,current_repo_v1
9821,392.84,0.05799639751809484,,10,1,val,current_repo_v1
9822,392.88,0.08872907656614977,,10,1,val,current_repo_v1
9823,392.92,-0.03564124749455165,,10,1,val,current_repo_v1
9824,392.96,-0.36150259634572746,,10,1,val,current_repo_v1
9825,393.0,-0.1975295257113187,,10,1,val,current_repo_v1
9826,393.04,-0.1433716575153778,,10,1,val,current_repo_v1
9827,393.08,0.008250096832638469,,10,1,val,current_repo_v1
9828,393.12,0.016445501360053426,,10,1,val,current_repo_v1
9829,393.16,0.20104078049964322,,10,1,val,current_repo_v1
9830,393.2,0.24511029248512778,,10,1,val,current_repo_v1
9831,393.24,0.15755406690486837,,10,1,val,current_repo_v1
9832,393.28,-0.052840460699138246,,10,1,val,current_repo_v1
9833,393.32,-0.027485741091727,,10,1,val,current_repo_v1
9834,393.36,0.17559936215758506,,10,1,val,current_repo_v1
9835,393.4,0.19933850448199925,,10,1,val,current_repo_v1
9836,393.44,0.25969625546758185,,10,1,val,current_repo_v1
9837,393.48,0.2419043297928419,,10,1,val,current_repo_v1
9838,393.52,0.22693213537840348,,10,1,val,current_repo_v1
9839,393.56,0.3171884198276313,,10,1,val,current_repo_v1
9840,393.6,0.3062818333177258,,10,1,val,current_repo_v1
9841,393.64,0.05556241407614629,,10,1,val,current_repo_v1
9842,393.68,-0.19265936058364252,,10,1,val,current_repo_v1
9843,393.72,-0.07383393059616811,,10,1,val,current_repo_v1
9844,393.76,-0.04540362613500822,,10,1,val,current_repo_v1
9845,393.8,0.10497203174439876,,10,1,val,current_repo_v1
9846,393.84,0.11394033878453826,,10,1,val,current_repo_v1
9847,393.88,0.1982143665782533,,10,1,val,current_repo_v1
9848,393.92,0.4026461139666298,,10,1,val,current_repo_v1
9849,393.96,0.38612428958256667,,10,1,val,current_repo_v1
9850,394.0,0.29993409665150317,,10,1,val,current_repo_v1
9851,394.04,0.2638554206273524,,10,1,val,current_repo_v1
9852,394.08,0.3884902153971149,,10,1,val,current_repo_v1
9853,394.12,0.3829437825532426,,10,1,val,current_repo_v1
9854,394.16,0.4428482117067033,,10,1,val,current_repo_v1
9855,394.2,0.3550608188106358,,10,1,val,current_repo_v1
9856,394.24,0.12910439591601477,,10,1,val,current_repo_v1
9857,394.28,0.3722867846420138,,10,1,val,current_repo_v1
9858,394.32,0.4565903128672441,,10,1,val,current_repo_v1
9859,394.36,0.5587713663799717,,10,1,val,current_repo_v1
9860,394.4,0.5066657785761799,,10,1,val,current_repo_v1
9861,394.44,0.5423840745151883,,10,1,val,current_repo_v1
9862,394.48,0.3448812794482232,,10,1,val,current_repo_v1
9863,394.52,0.19986986396827847,,10,1,val,current_repo_v1
9864,394.56,0.3286648350899499,,10,1,val,current_repo_v1
9865,394.6,0.4590233290819299,,10,1,val,current_repo_v1
9866,394.64,0.3128174318973086,,10,1,val,current_repo_v1
9867,394.68,0.3287956745596808,,10,1,val,current_repo_v1
9868,394.72,0.35791352372762353,,10,1,val,current_repo_v1
9869,394.76,0.41907350179794356,,10,1,val,current_repo_v1
9870,394.8,0.40184771182606793,,10,1,val,current_repo_v1
9871,394.84,0.3230026866935468,,10,1,val,current_repo_v1
9872,394.88,0.09235793739665507,,10,1,val,current_repo_v1
9873,394.92,0.24878434920773096,,10,1,val,current_repo_v1
9874,394.96,0.2858104243357896,,10,1,val,current_repo_v1
9875,395.0,0.38349281591950557,,10,1,val,current_repo_v1
9876,395.04,0.4760563770392558,,10,1,val,current_repo_v1
9877,395.08,0.5142083926309593,,10,1,val,current_repo_v1
9878,395.12,0.44965670026902105,,10,1,val,current_repo_v1
9879,395.16,0.5214087840942114,,10,1,val,current_repo_v1
9880,395.2,0.4554975219197878,,10,1,val,current_repo_v1
9881,395.24,0.43241772083447094,,10,1,val,current_repo_v1
9882,395.28,0.33857772748196013,,10,1,val,current_repo_v1
9883,395.32,0.2352518725739632,,10,1,val,current_repo_v1
9884,395.36,0.3329238884470419,,10,1,val,current_repo_v1
9885,395.4,0.5210492393417051,,10,1,val,current_repo_v1
9886,395.44,0.4707521027300869,,10,1,val,current_repo_v1
9887,395.48,0.3852052478234089,,10,1,val,current_repo_v1
9888,395.52,0.3609395381841539,,10,1,val,current_repo_v1
9889,395.56,0.25757389506375566,,10,1,val,current_repo_v1
9890,395.6,0.11706144926695165,,10,1,val,current_repo_v1
9891,395.64,0.11448185415707683,,10,1,val,current_repo_v1
9892,395.68,0.015041395128603856,,10,1,val,current_repo_v1
9893,395.72,0.14922738325896676,,10,1,val,current_repo_v1
9894,395.76,0.27015576315769807,,10,1,val,current_repo_v1
9895,395.8,0.26532859567834066,,10,1,val,current_repo_v1
9896,395.84,0.11718406730494874,,10,1,val,current_repo_v1
9897,395.88,0.1661839323327807,,10,1,val,current_repo_v1
9898,395.92,0.010912873487113676,,10,1,val,current_repo_v1
9899,395.96,0.06097484197924594,,10,1,val,current_repo_v1
9900,396.0,0.06556508274409409,,10,1,val,current_repo_v1
9901,396.04,0.3045347131269886,,10,1,val,current_repo_v1
9902,396.08,0.4669691010457925,,10,1,val,current_repo_v1
9903,396.12,0.5409692848189724,,10,1,val,current_repo_v1
9904,396.16,0.5687229038976181,,10,1,val,current_repo_v1
9905,396.2,0.4999444283972649,,10,1,val,current_repo_v1
9906,396.24,0.32717051293380695,,10,1,val,current_repo_v1
9907,396.28,0.48446923184129737,,10,1,val,current_repo_v1
9908,396.32,0.2876193591415946,,10,1,val,current_repo_v1
9909,396.36,0.281066614260535,,10,1,val,current_repo_v1
9910,396.4,0.4180560666472342,,10,1,val,current_repo_v1
9911,396.44,0.5650398783403963,,10,1,val,current_repo_v1
9912,396.48,0.5221974260323942,,10,1,val,current_repo_v1
9913,396.52,0.36995910826922157,,10,1,val,current_repo_v1
9914,396.56,0.46372950522368667,,10,1,val,current_repo_v1
9915,396.6,0.4478791124195058,,10,1,val,current_repo_v1
9916,396.64,0.3785112437971056,,10,1,val,current_repo_v1
9917,396.68,0.28598184338568233,,10,1,val,current_repo_v1
9918,396.72,0.49291848956032047,,10,1,val,current_repo_v1
9919,396.76,0.5449356200344421,,10,1,val,current_repo_v1
9920,396.8,0.5961367624177693,,10,1,val,current_repo_v1
9921,396.84,0.5454090338147047,,10,1,val,current_repo_v1
9922,396.88,0.7241845504789314,,10,1,val,current_repo_v1
9923,396.92,0.5364284166094024,,10,1,val,current_repo_v1
9924,396.96,0.3911433197789622,,10,1,val,current_repo_v1
9925,397.0,0.3135530521955399,,10,1,val,current_repo_v1
9926,397.04,0.13614545867015923,,10,1,val,current_repo_v1
9927,397.08,0.19042102083803208,,10,1,val,current_repo_v1
9928,397.12,0.15900974393537515,,10,1,val,current_repo_v1
9929,397.16,0.33743046405365823,,10,1,val,current_repo_v1
9930,397.2,0.39400314700579414,,10,1,val,current_repo_v1
9931,397.24,0.3137848789844817,,10,1,val,current_repo_v1
9932,397.28,0.1400578050184147,,10,1,val,current_repo_v1
9933,397.32,0.22726917011461203,,10,1,val,current_repo_v1
9934,397.36,0.18449627023978005,,10,1,val,current_repo_v1
9935,397.4,0.22557379658243437,,10,1,val,current_repo_v1
9936,397.44,0.2888300199204851,,10,1,val,current_repo_v1
9937,397.48,0.2323449150005078,,10,1,val,current_repo_v1
9938,397.52,0.09237156650808535,,10,1,val,current_repo_v1
9939,397.56,0.10064004065871694,,10,1,val,current_repo_v1
9940,397.6,0.23271703370743047,,10,1,val,current_repo_v1
9941,397.64,0.32134116611556696,,10,1,val,current_repo_v1
9942,397.68,0.41395159379268714,,10,1,val,current_repo_v1
9943,397.72,0.5019151099803345,,10,1,val,current_repo_v1
9944,397.76,0.5792015802734879,,10,1,val,current_repo_v1
9945,397.8,0.6213251189359796,,10,1,val,current_repo_v1
9946,397.84,0.5454640778389329,,10,1,val,current_repo_v1
9947,397.88,0.5864871756656173,,10,1,val,current_repo_v1
9948,397.92,0.5380093935353167,,10,1,val,current_repo_v1
9949,397.96,0.42982933274947976,,10,1,val,current_repo_v1
9950,398.0,0.4744121786222551,,10,1,val,current_repo_v1
9951,398.04,0.6343278188189891,,10,1,val,current_repo_v1
9952,398.08,0.47575548143077534,,10,1,val,current_repo_v1
9953,398.12,0.291140506026925,,10,1,val,current_repo_v1
9954,398.16,0.44930867431391713,,10,1,val,current_repo_v1
9955,398.2,0.6120208323166456,,10,1,val,current_repo_v1
9956,398.24,0.5473480606873556,,10,1,val,current_repo_v1
9957,398.28,0.7395766094551741,,10,1,val,current_repo_v1
9958,398.32,0.47307177749552326,,10,1,val,current_repo_v1
9959,398.36,0.3881846595118228,,10,1,val,current_repo_v1
9960,398.4,0.3845969498048619,,10,1,val,current_repo_v1
9961,398.44,0.3873808057266888,,10,1,val,current_repo_v1
9962,398.48,0.6425249819414274,,10,1,val,current_repo_v1
9963,398.52,0.7455924113107556,,10,1,val,current_repo_v1
9964,398.56,0.5829033348677075,,10,1,val,current_repo_v1
9965,398.6,0.439722045263598,,10,1,val,current_repo_v1
9966,398.64,0.2811628533731831,,10,1,val,current_repo_v1
9967,398.68,0.4307824912520889,,10,1,val,current_repo_v1
9968,398.72,0.6156090696021135,,10,1,val,current_repo_v1
9969,398.76,0.7480445962111949,,10,1,val,current_repo_v1
9970,398.8,0.611030215740041,,10,1,val,current_repo_v1
9971,398.84,0.5885610867765525,,10,1,val,current_repo_v1
9972,398.88,0.5957181288724812,,10,1,val,current_repo_v1
9973,398.92,0.5711945212730645,,10,1,val,current_repo_v1
9974,398.96,0.5638841296911071,,10,1,val,current_repo_v1
9975,399.0,0.5727486796248741,,10,1,val,current_repo_v1
9976,399.04,0.5959853473862662,,10,1,val,current_repo_v1
9977,399.08,0.7082354125641942,,10,1,val,current_repo_v1
9978,399.12,0.8872658815419185,,10,1,val,current_repo_v1
9979,399.16,0.9002541609457372,,10,1,val,current_repo_v1
9980,399.2,0.8856497327155389,,10,1,val,current_repo_v1
9981,399.24,0.7615064652547786,,10,1,val,current_repo_v1
9982,399.28,0.6767397670652961,,10,1,val,current_repo_v1
9983,399.32,0.7665337608477835,,10,1,val,current_repo_v1
9984,399.36,0.6555494884027253,,10,1,val,current_repo_v1
9985,399.4,0.6400597834378159,,10,1,val,current_repo_v1
9986,399.44,0.7361257624058987,,10,1,val,current_repo_v1
9987,399.48,0.6532341221950959,,10,1,val,current_repo_v1
9988,399.52,0.6597869989707823,,10,1,val,current_repo_v1
9989,399.56,0.6992480247680523,,10,1,val,current_repo_v1
9990,399.6,0.6627278094984355,,10,1,val,current_repo_v1
9991,399.64,0.6014629312349777,,10,1,val,current_repo_v1
9992,399.68,0.5359149947923605,,10,1,val,current_repo_v1
9993,399.72,0.4001332575378878,,10,1,val,current_repo_v1
9994,399.76,0.5521797125840223,,10,1,val,current_repo_v1
9995,399.8,0.356134704861592,,10,1,val,current_repo_v1
9996,399.84,0.4138484521945727,,10,1,val,current_repo_v1
9997,399.88,0.49559489532622597,,10,1,val,current_repo_v1
9998,399.92,0.4369254395278524,,10,1,val,current_repo_v1
9999,399.96,0.33225667749521554,,10,1,val,current_repo_v1
10000,400.0,0.3196334824182264,,10,1,val,current_repo_v1
10001,400.04,0.30202132911973967,,10,1,val,current_repo_v1
10002,400.08,0.3723986312854934,,10,1,val,current_repo_v1
10003,400.12,0.45925669464151697,,10,1,val,current_repo_v1
10004,400.16,0.630602059402702,,10,1,val,current_repo_v1
10005,400.2,0.4859212158222553,,10,1,val,current_repo_v1
10006,400.24,0.3480365506389635,,10,1,val,current_repo_v1
10007,400.28,0.15604163121998574,,10,1,val,current_repo_v1
10008,400.32,0.3381699532609408,,10,1,val,current_repo_v1
10009,400.36,0.5364169857417512,,10,1,val,current_repo_v1
10010,400.4,0.47029891279259173,,10,1,val,current_repo_v1
10011,400.44,0.5099811698437884,,10,1,val,current_repo_v1
10012,400.48,0.4432874208137635,,10,1,val,current_repo_v1
10013,400.52,0.5438845957187883,,10,1,val,current_repo_v1
10014,400.56,0.525244103980448,,10,1,val,current_repo_v1
10015,400.6,0.23156370312629834,,10,1,val,current_repo_v1
10016,400.64,0.3601903767042434,,10,1,val,current_repo_v1
10017,400.68,0.3879465457456729,,10,1,val,current_repo_v1
10018,400.72,0.25058383156528585,,10,1,val,current_repo_v1
10019,400.76,0.3842318654780323,,10,1,val,current_repo_v1
10020,400.8,0.6155380223631736,,10,1,val,current_repo_v1
10021,400.84,0.5364295596961676,,10,1,val,current_repo_v1
10022,400.88,0.688571330592563,,10,1,val,current_repo_v1
10023,400.92,0.6330364824934064,,10,1,val,current_repo_v1
10024,400.96,0.4752530508326288,,10,1,val,current_repo_v1
10025,401.0,0.29156683342543976,,10,1,val,current_repo_v1
10026,401.04,0.07920575693666816,,10,1,val,current_repo_v1
10027,401.08,-0.32155905603894935,,10,1,val,current_repo_v1
10028,401.12,-0.7068892520387612,,10,1,val,current_repo_v1
10029,401.16,-1.1617312136987519,,10,1,val,current_repo_v1
10030,401.2,-1.7808064301268431,,10,1,val,current_repo_v1
10031,401.24,-2.3178992879009104,,10,1,val,current_repo_v1
10032,401.28,-2.3773552753234384,,10,1,val,current_repo_v1
10033,401.32,-2.4408104836883715,,10,1,val,current_repo_v1
10034,401.36,-2.2657087599574948,,10,1,val,current_repo_v1
10035,401.4,-1.8673345810565023,,10,1,val,current_repo_v1
10036,401.44,-1.9179161704131336,,10,1,val,current_repo_v1
10037,401.48,-1.8784225226781819,,10,1,val,current_repo_v1
10038,401.52,-1.5137528725550584,,10,1,val,current_repo_v1
10039,401.56,-1.4477044399688201,,10,1,val,current_repo_v1
10040,401.6,-1.5485275064045831,,10,1,val,current_repo_v1
10041,401.64,-1.4458331190045648,,10,1,val,current_repo_v1
10042,401.68,-1.2743264910797465,,10,1,val,current_repo_v1
10043,401.72,-1.209401800713374,,10,1,val,current_repo_v1
10044,401.76,-1.1441639045733583,,10,1,val,current_repo_v1
10045,401.8,-1.1231682144501116,,10,1,val,current_repo_v1
10046,401.84,-1.1708672907041107,,10,1,val,current_repo_v1
10047,401.88,-1.1909458735227252,,10,1,val,current_repo_v1
10048,401.92,-1.2130915089316843,,10,1,val,current_repo_v1
10049,401.96,-1.035178231407364,,10,1,val,current_repo_v1
10050,402.0,-1.0794157771473214,,10,1,val,current_repo_v1
10051,402.04,-0.9469522449124945,,10,1,val,current_repo_v1
10052,402.08,-0.7186589130212091,,10,1,val,current_repo_v1
10053,402.12,-0.859260783374946,,10,1,val,current_repo_v1
10054,402.16,-0.8432674167953739,,10,1,val,current_repo_v1
10055,402.2,-0.5950613375961676,,10,1,val,current_repo_v1
10056,402.24,-0.5065473811662387,,10,1,val,current_repo_v1
10057,402.28,-0.31353797224321545,,10,1,val,current_repo_v1
10058,402.32,-0.1640482945365289,,10,1,val,current_repo_v1
10059,402.36,0.03256491523791812,,10,1,val,current_repo_v1
10060,402.4,-0.06327396316534795,,10,1,val,current_repo_v1
10061,402.44,-0.25886092283153145,,10,1,val,current_repo_v1
10062,402.48,-0.3132797225640491,,10,1,val,current_repo_v1
10063,402.52,-0.23279091668084534,,10,1,val,current_repo_v1
10064,402.56,-0.1349448658477769,,10,1,val,current_repo_v1
10065,402.6,-0.30832923360868536,,10,1,val,current_repo_v1
10066,402.64,-0.09176795074878778,,10,1,val,current_repo_v1
10067,402.68,0.17660967499845023,,10,1,val,current_repo_v1
10068,402.72,0.10242395945031596,,10,1,val,current_repo_v1
10069,402.76,0.11605205968847368,,10,1,val,current_repo_v1
10070,402.8,0.05110046281824525,,10,1,val,current_repo_v1
10071,402.84,0.010310774516023658,,10,1,val,current_repo_v1
10072,402.88,0.24308505049146137,,10,1,val,current_repo_v1
10073,402.92,0.4047655726886676,,10,1,val,current_repo_v1
10074,402.96,0.28360927887492127,,10,1,val,current_repo_v1
10075,403.0,0.16673322948829722,,10,1,val,current_repo_v1
10076,403.04,0.12072697680369199,,10,1,val,current_repo_v1
10077,403.08,0.17749864478271019,,10,1,val,current_repo_v1
10078,403.12,0.15845943558772027,,10,1,val,current_repo_v1
10079,403.16,0.20865681589664387,,10,1,val,current_repo_v1
10080,403.2,0.11122660683926397,,10,1,val,current_repo_v1
10081,403.24,0.04479440485407398,,10,1,val,current_repo_v1
10082,403.28,0.010951430682998739,,10,1,val,current_repo_v1
10083,403.32,0.128570046818196,,10,1,val,current_repo_v1
10084,403.36,0.04873761454498772,,10,1,val,current_repo_v1
10085,403.4,-0.002027440237445499,,10,1,val,current_repo_v1
10086,403.44,-0.20841975728750786,,10,1,val,current_repo_v1
10087,403.48,-0.24756076275541944,,10,1,val,current_repo_v1
10088,403.52,-0.18910761414490734,,10,1,val,current_repo_v1
10089,403.56,-0.09885453913159699,,10,1,val,current_repo_v1
10090,403.6,-0.1650582776408272,,10,1,val,current_repo_v1
10091,403.64,-0.1990127027715018,,10,1,val,current_repo_v1
10092,403.68,-0.010749939658208264,,10,1,val,current_repo_v1
10093,403.72,-0.08642747136457742,,10,1,val,current_repo_v1
10094,403.76,-0.02096808018138149,,10,1,val,current_repo_v1
10095,403.8,-0.10880218575775441,,10,1,val,current_repo_v1
10096,403.84,-0.14865742261192688,,10,1,val,current_repo_v1
10097,403.88,-0.25025668892608316,,10,1,val,current_repo_v1
10098,403.92,-0.024865192700247916,,10,1,val,current_repo_v1
10099,403.96,0.014109075977020439,,10,1,val,current_repo_v1
10100,404.0,-0.15492639620354506,,10,1,val,current_repo_v1
10101,404.04,-0.28638656204784874,,10,1,val,current_repo_v1
10102,404.08,0.08644835468047868,,10,1,val,current_repo_v1
10103,404.12,-0.20537804737039483,,10,1,val,current_repo_v1
10104,404.16,-0.44638821952365815,,10,1,val,current_repo_v1
10105,404.2,-0.37585097314053856,,10,1,val,current_repo_v1
10106,404.24,-0.4702799199663405,,10,1,val,current_repo_v1
10107,404.28,-0.10606110765986838,,10,1,val,current_repo_v1
10108,404.32,-0.18654037316507097,,10,1,val,current_repo_v1
10109,404.36,-0.037913352264608756,,10,1,val,current_repo_v1
10110,404.4,-0.21579880002268587,,10,1,val,current_repo_v1
10111,404.44,-0.32236844939840664,,10,1,val,current_repo_v1
10112,404.48,-0.3234053609889987,,10,1,val,current_repo_v1
10113,404.52,-0.2830911308337543,,10,1,val,current_repo_v1
10114,404.56,-0.2468098866453613,,10,1,val,current_repo_v1
10115,404.6,-0.25117832461290024,,10,1,val,current_repo_v1
10116,404.64,-0.18930332378855885,,10,1,val,current_repo_v1
10117,404.68,-0.1168188071186168,,10,1,val,current_repo_v1
10118,404.72,0.05924108711068553,,10,1,val,current_repo_v1
10119,404.76,0.05161243379439298,,10,1,val,current_repo_v1
10120,404.8,-0.04971578906180275,,10,1,val,current_repo_v1
10121,404.84,0.008478450396409301,,10,1,val,current_repo_v1
10122,404.88,-0.00615156539137752,,10,1,val,current_repo_v1
10123,404.92,-0.10902614283396708,,10,1,val,current_repo_v1
10124,404.96,-0.019529549452351528,,10,1,val,current_repo_v1
10125,405.0,-0.027519440168860293,,10,1,val,current_repo_v1
10126,405.04,-0.011972822672510477,,10,1,val,current_repo_v1
10127,405.08,-0.010371182255072777,,10,1,val,current_repo_v1
10128,405.12,0.09328849795321521,,10,1,val,current_repo_v1
10129,405.16,0.17646960290484726,,10,1,val,current_repo_v1
10130,405.2,0.013920202871521884,,10,1,val,current_repo_v1
10131,405.24,-0.2335680618040635,,10,1,val,current_repo_v1
10132,405.28,-0.008002134934358243,,10,1,val,current_repo_v1
10133,405.32,0.25171808139041557,,10,1,val,current_repo_v1
10134,405.36,0.01769335642368599,,10,1,val,current_repo_v1
10135,405.4,-0.0038099961179014854,,10,1,val,current_repo_v1
10136,405.44,0.17158106045917795,,10,1,val,current_repo_v1
10137,405.48,0.11451386058650023,,10,1,val,current_repo_v1
10138,405.52,0.016680141901032428,,10,1,val,current_repo_v1
10139,405.56,-0.015322638437699354,,10,1,val,current_repo_v1
10140,405.6,0.1267371511551991,,10,1,val,current_repo_v1
10141,405.64,-0.06870665887609072,,10,1,val,current_repo_v1
10142,405.68,-0.031724108974857806,,10,1,val,current_repo_v1
10143,405.72,0.030172346708767433,,10,1,val,current_repo_v1
10144,405.76,0.005171016771281089,,10,1,val,current_repo_v1
10145,405.8,-0.10883293918822375,,10,1,val,current_repo_v1
10146,405.84,-0.08276286709022428,,10,1,val,current_repo_v1
10147,405.88,-0.04103782606000414,,10,1,val,current_repo_v1
10148,405.92,-0.19880057224682057,,10,1,val,current_repo_v1
10149,405.96,-0.3250965138931205,,10,1,val,current_repo_v1
10150,406.0,-0.015102594235413443,,10,1,val,current_repo_v1
10151,406.04,0.006871314369523901,,10,1,val,current_repo_v1
10152,406.08,-0.0476105529770156,,10,1,val,current_repo_v1
10153,406.12,-0.057607682070640126,,10,1,val,current_repo_v1
10154,406.16,-0.039472566577110214,,10,1,val,current_repo_v1
10155,406.2,0.10845163182230452,,10,1,val,current_repo_v1
10156,406.24,0.11232309083626908,,10,1,val,current_repo_v1
10157,406.28,-0.17862997094361374,,10,1,val,current_repo_v1
10158,406.32,-0.13436292477214104,,10,1,val,current_repo_v1
10159,406.36,0.12233617917972973,,10,1,val,current_repo_v1
10160,406.4,0.25709766753145574,,10,1,val,current_repo_v1
10161,406.44,-0.05033039603999573,,10,1,val,current_repo_v1
10162,406.48,-0.010095038871544745,,10,1,val,current_repo_v1
10163,406.52,0.10934258002596565,,10,1,val,current_repo_v1
10164,406.56,0.08357586556947923,,10,1,val,current_repo_v1
10165,406.6,0.13269641418078268,,10,1,val,current_repo_v1
10166,406.64,0.010948309176832444,,10,1,val,current_repo_v1
10167,406.68,0.011865108727335557,,10,1,val,current_repo_v1
10168,406.72,0.09033783929343168,,10,1,val,current_repo_v1
10169,406.76,0.07376088295538928,,10,1,val,current_repo_v1
10170,406.8,-0.09796559132977482,,10,1,val,current_repo_v1
10171,406.84,-0.001346951893193489,,10,1,val,current_repo_v1
10172,406.88,0.3936103648073481,,10,1,val,current_repo_v1
10173,406.92,0.4885564704646164,,10,1,val,current_repo_v1
10174,406.96,0.18648831875238234,,10,1,val,current_repo_v1
10175,407.0,0.2413873028560023,,10,1,val,current_repo_v1
10176,407.04,0.10771398913979643,,10,1,val,current_repo_v1
10177,407.08,0.2654408380057005,,10,1,val,current_repo_v1
10178,407.12,0.2403005350965007,,10,1,val,current_repo_v1
10179,407.16,0.21643042140772895,,10,1,val,current_repo_v1
10180,407.2,0.20541198825434384,,10,1,val,current_repo_v1
10181,407.24,0.2219945281315851,,10,1,val,current_repo_v1
10182,407.28,-0.19156634981180834,,10,1,val,current_repo_v1
10183,407.32,0.0566445655237118,,10,1,val,current_repo_v1
10184,407.36,0.23618427965529779,,10,1,val,current_repo_v1
10185,407.4,0.2908274321479084,,10,1,val,current_repo_v1
10186,407.44,0.3654151625183608,,10,1,val,current_repo_v1
10187,407.48,0.23275743742808996,,10,1,val,current_repo_v1
10188,407.52,0.47520486532899137,,10,1,val,current_repo_v1
10189,407.56,0.4449332019662851,,10,1,val,current_repo_v1
10190,407.6,0.21421067880448952,,10,1,val,current_repo_v1
10191,407.64,0.34359156982303696,,10,1,val,current_repo_v1
10192,407.68,0.2870614009055885,,10,1,val,current_repo_v1
10193,407.72,0.3310468080840855,,10,1,val,current_repo_v1
10194,407.76,0.23405633571227275,,10,1,val,current_repo_v1
10195,407.8,0.15015658090438386,,10,1,val,current_repo_v1
10196,407.84,0.41927248682482593,,10,1,val,current_repo_v1
10197,407.88,0.7033278772922736,,10,1,val,current_repo_v1
10198,407.92,0.6599684859771832,,10,1,val,current_repo_v1
10199,407.96,0.7237898338259597,,10,1,val,current_repo_v1
10200,408.0,0.6342852608194262,,10,1,val,current_repo_v1
10201,408.04,0.5539021684795583,,10,1,val,current_repo_v1
10202,408.08,0.5174830724237792,,10,1,val,current_repo_v1
10203,408.12,0.4378130903658449,,10,1,val,current_repo_v1
10204,408.16,0.6046659482805997,,10,1,val,current_repo_v1
10205,408.2,0.574099368532492,,10,1,val,current_repo_v1
10206,408.24,0.5085944297381936,,10,1,val,current_repo_v1
10207,408.28,0.4872778839529523,,10,1,val,current_repo_v1
10208,408.32,0.36682775397079764,,10,1,val,current_repo_v1
10209,408.36,0.41335446285253785,,10,1,val,current_repo_v1
10210,408.4,0.4521167988470651,,10,1,val,current_repo_v1
10211,408.44,0.6248694792756171,,10,1,val,current_repo_v1
10212,408.48,0.7032417061361337,,10,1,val,current_repo_v1
10213,408.52,0.6217691641793538,,10,1,val,current_repo_v1
10214,408.56,0.5354495826194536,,10,1,val,current_repo_v1
10215,408.6,0.5057806777009711,,10,1,val,current_repo_v1
10216,408.64,0.6058009455086143,,10,1,val,current_repo_v1
10217,408.68,0.6475087523076064,,10,1,val,current_repo_v1
10218,408.72,0.3150639491097772,,10,1,val,current_repo_v1
10219,408.76,0.39873798824643014,,10,1,val,current_repo_v1
10220,408.8,0.4600674069472417,,10,1,val,current_repo_v1
10221,408.84,0.5480223939490263,,10,1,val,current_repo_v1
10222,408.88,0.2555702837888754,,10,1,val,current_repo_v1
10223,408.92,0.34858479263746606,,10,1,val,current_repo_v1
10224,408.96,0.18286068893839333,,10,1,val,current_repo_v1
10225,409.0,0.481674912279082,,10,1,val,current_repo_v1
10226,409.04,0.1971020991909144,,10,1,val,current_repo_v1
10227,409.08,0.43011167518046484,,10,1,val,current_repo_v1
10228,409.12,0.26098992193157045,,10,1,val,current_repo_v1
10229,409.16,0.2571719242063131,,10,1,val,current_repo_v1
10230,409.2,0.3936462401458227,,10,1,val,current_repo_v1
10231,409.24,0.19350185949441273,,10,1,val,current_repo_v1
10232,409.28,0.27110399759424203,,10,1,val,current_repo_v1
10233,409.32,0.5680815442926337,,10,1,val,current_repo_v1
10234,409.36,0.656931304442255,,10,1,val,current_repo_v1
10235,409.4,0.7308461084270554,,10,1,val,current_repo_v1
10236,409.44,0.6696813821501726,,10,1,val,current_repo_v1
10237,409.48,0.8289343397772652,,10,1,val,current_repo_v1
10238,409.52,0.6517863588421938,,10,1,val,current_repo_v1
10239,409.56,0.4935492096654141,,10,1,val,current_repo_v1
10240,409.6,0.4427821764635797,,10,1,val,current_repo_v1
10241,409.64,0.7369145802035838,,10,1,val,current_repo_v1
10242,409.68,0.9562838776844403,,10,1,val,current_repo_v1
10243,409.72,0.911050175793555,,10,1,val,current_repo_v1
10244,409.76,0.7705623503270767,,10,1,val,current_repo_v1
10245,409.8,0.703595887173819,,10,1,val,current_repo_v1
10246,409.84,0.9499634871708295,,10,1,val,current_repo_v1
10247,409.88,0.9300547846314622,,10,1,val,current_repo_v1
10248,409.92,0.6945984753860446,,10,1,val,current_repo_v1
10249,409.96,0.2647311130191867,,10,1,val,current_repo_v1
10250,410.0,0.31320274006690574,,10,1,val,current_repo_v1
10251,410.04,0.32794526197130586,,10,1,val,current_repo_v1
10252,410.08,0.29946340869352656,,10,1,val,current_repo_v1
10253,410.12,0.43926744845008425,,10,1,val,current_repo_v1
10254,410.16,0.3636969272508807,,10,1,val,current_repo_v1
10255,410.2,0.29063728406101796,,10,1,val,current_repo_v1
10256,410.24,-0.036360864578071285,,10,1,val,current_repo_v1
10257,410.28,-0.03953649150620586,,10,1,val,current_repo_v1
10258,410.32,-0.03473614260095324,,10,1,val,current_repo_v1
10259,410.36,0.16955603828988944,,10,1,val,current_repo_v1
10260,410.4,0.20823668754558608,,10,1,val,current_repo_v1
10261,410.44,0.2970420431708699,,10,1,val,current_repo_v1
10262,410.48,0.2619593914030203,,10,1,val,current_repo_v1
10263,410.52,0.23476447796326558,,10,1,val,current_repo_v1
10264,410.56,0.23758170322565897,,10,1,val,current_repo_v1
10265,410.6,0.09047936222792886,,10,1,val,current_repo_v1
10266,410.64,0.07944400259744484,,10,1,val,current_repo_v1
10267,410.68,0.19068507388077516,,10,1,val,current_repo_v1
10268,410.72,0.4349470201266804,,10,1,val,current_repo_v1
10269,410.76,0.46607248137318136,,10,1,val,current_repo_v1
10270,410.8,0.6133843589679333,,10,1,val,current_repo_v1
10271,410.84,0.4564980745582739,,10,1,val,current_repo_v1
10272,410.88,0.30150091688748026,,10,1,val,current_repo_v1
10273,410.92,0.5001305756804774,,10,1,val,current_repo_v1
10274,410.96,0.16238167403298157,,10,1,val,current_repo_v1
10275,411.0,0.060305168994387,,10,1,val,current_repo_v1
10276,411.04,0.20075509673811398,,10,1,val,current_repo_v1
10277,411.08,-0.04542272887344843,,10,1,val,current_repo_v1
10278,411.12,-0.42706253519937853,,10,1,val,current_repo_v1
10279,411.16,-0.7440935607724277,,10,1,val,current_repo_v1
10280,411.2,-0.9524183099638037,,10,1,val,current_repo_v1
10281,411.24,-1.3195178108305712,,10,1,val,current_repo_v1
10282,411.28,-1.4317307696535084,,10,1,val,current_repo_v1
10283,411.32,-1.461055869244943,,10,1,val,current_repo_v1
10284,411.36,-1.3388270083265077,,10,1,val,current_repo_v1
10285,411.4,-1.1621513420498095,,10,1,val,current_repo_v1
10286,411.44,-1.1606862565359284,,10,1,val,current_repo_v1
10287,411.48,-1.2834754058287752,,10,1,val,current_repo_v1
10288,411.52,-0.9261692568573116,,10,1,val,current_repo_v1
10289,411.56,-0.8545537279356776,,10,1,val,current_repo_v1
10290,411.6,-1.1962965747405083,,10,1,val,current_repo_v1
10291,411.64,-1.2091397700549078,,10,1,val,current_repo_v1
10292,411.68,-1.0942076716069997,,10,1,val,current_repo_v1
10293,411.72,-1.1797863570835987,,10,1,val,current_repo_v1
10294,411.76,-1.15125086665761,,10,1,val,current_repo_v1
10295,411.8,-0.9993395596390132,,10,1,val,current_repo_v1
10296,411.84,-1.1180906230394414,,10,1,val,current_repo_v1
10297,411.88,-1.293946432316294,,10,1,val,current_repo_v1
10298,411.92,-1.382552011546935,,10,1,val,current_repo_v1
10299,411.96,-1.2920810905751177,,10,1,val,current_repo_v1
10300,412.0,-1.428381525431702,,10,1,val,current_repo_v1
10301,412.04,-1.3433499388668404,,10,1,val,current_repo_v1
10302,412.08,-1.3487878663977775,,10,1,val,current_repo_v1
10303,412.12,-1.0664134289833167,,10,1,val,current_repo_v1
10304,412.16,-0.9315225080378784,,10,1,val,current_repo_v1
10305,412.2,-1.0410518508553146,,10,1,val,current_repo_v1
10306,412.24,-1.0766830084109202,,10,1,val,current_repo_v1
10307,412.28,-1.1513104830288985,,10,1,val,current_repo_v1
10308,412.32,-1.028995099235319,,10,1,val,current_repo_v1
10309,412.36,-1.1270620955506228,,10,1,val,current_repo_v1
10310,412.4,-1.0806976170597786,,10,1,val,current_repo_v1
10311,412.44,-1.0725350982592987,,10,1,val,current_repo_v1
10312,412.48,-0.7696719736667981,,10,1,val,current_repo_v1
10313,412.52,-0.7258171861336541,,10,1,val,current_repo_v1
10314,412.56,-0.8580179842720054,,10,1,val,current_repo_v1
10315,412.6,-0.8288856266951208,,10,1,val,current_repo_v1
10316,412.64,-0.927828930910517,,10,1,val,current_repo_v1
10317,412.68,-1.0417932745171228,,10,1,val,current_repo_v1
10318,412.72,-0.8490983903140104,,10,1,val,current_repo_v1
10319,412.76,-0.6946557616189274,,10,1,val,current_repo_v1
10320,412.8,-0.6785791255650037,,10,1,val,current_repo_v1
10321,412.84,-0.6921723176919495,,10,1,val,current_repo_v1
10322,412.88,-0.7407349959969981,,10,1,val,current_repo_v1
10323,412.92,-0.8452934061919252,,10,1,val,current_repo_v1
10324,412.96,-0.7820939854731258,,10,1,val,current_repo_v1
10325,413.0,-0.8408903239024279,,10,1,val,current_repo_v1
10326,413.04,-0.8041409637012797,,10,1,val,current_repo_v1
10327,413.08,-0.648870300539493,,10,1,val,current_repo_v1
10328,413.12,-0.6180445038849562,,10,1,val,current_repo_v1
10329,413.16,-0.4308642659206707,,10,1,val,current_repo_v1
10330,413.2,-0.6482578258577657,,10,1,val,current_repo_v1
10331,413.24,-0.4602315278277878,,10,1,val,current_repo_v1
10332,413.28,-0.14635102523891613,,10,1,val,current_repo_v1
10333,413.32,-0.020187791569559247,,10,1,val,current_repo_v1
10334,413.36,-0.14038877260179297,,10,1,val,current_repo_v1
10335,413.4,-0.3060059317410135,,10,1,val,current_repo_v1
10336,413.44,-0.1794340665355634,,10,1,val,current_repo_v1
10337,413.48,-0.1885892242969247,,10,1,val,current_repo_v1
10338,413.52,-0.10696755348217202,,10,1,val,current_repo_v1
10339,413.56,0.24139715098813255,,10,1,val,current_repo_v1
10340,413.6,0.012101288038959913,,10,1,val,current_repo_v1
10341,413.64,-0.393041898966078,,10,1,val,current_repo_v1
10342,413.68,-0.4187501841029165,,10,1,val,current_repo_v1
10343,413.72,-0.5229550727332919,,10,1,val,current_repo_v1
10344,413.76,-0.4841857463235472,,10,1,val,current_repo_v1
10345,413.8,-0.29843643316481594,,10,1,val,current_repo_v1
10346,413.84,-0.151879014817482,,10,1,val,current_repo_v1
10347,413.88,-0.14220907232793575,,10,1,val,current_repo_v1
10348,413.92,-0.1051064543514895,,10,1,val,current_repo_v1
10349,413.96,-0.04407164428195026,,10,1,val,current_repo_v1
10350,414.0,-0.022016554534251494,,10,1,val,current_repo_v1
10351,414.04,0.20342556724581598,,10,1,val,current_repo_v1
10352,414.08,0.08196560803642754,,10,1,val,current_repo_v1
10353,414.12,-0.08474889241487191,,10,1,val,current_repo_v1
10354,414.16,-0.2085418037821224,,10,1,val,current_repo_v1
10355,414.2,-0.158642615241831,,10,1,val,current_repo_v1
10356,414.24,-0.23277176997752955,,10,1,val,current_repo_v1
10357,414.28,-0.07830715884465583,,10,1,val,current_repo_v1
10358,414.32,-0.16583203746862557,,10,1,val,current_repo_v1
10359,414.36,-0.4138002227260597,,10,1,val,current_repo_v1
10360,414.4,-0.4949648786591416,,10,1,val,current_repo_v1
10361,414.44,-0.5521951882202271,,10,1,val,current_repo_v1
10362,414.48,-0.4489926547882366,,10,1,val,current_repo_v1
10363,414.52,-0.5848360747631502,,10,1,val,current_repo_v1
10364,414.56,-0.45346018958533646,,10,1,val,current_repo_v1
10365,414.6,-0.25568435065857187,,10,1,val,current_repo_v1
10366,414.64,-0.3185797762451622,,10,1,val,current_repo_v1
10367,414.68,-0.3449477543401026,,10,1,val,current_repo_v1
10368,414.72,-0.3809035925018784,,10,1,val,current_repo_v1
10369,414.76,-0.3285598030021855,,10,1,val,current_repo_v1
10370,414.8,-0.3834897383782149,,10,1,val,current_repo_v1
10371,414.84,-0.4392074363949154,,10,1,val,current_repo_v1
10372,414.88,-0.3462377497369801,,10,1,val,current_repo_v1
10373,414.92,-0.34438979610409653,,10,1,val,current_repo_v1
10374,414.96,-0.19729884200914205,,10,1,val,current_repo_v1
10375,415.0,-0.055845196155887136,,10,1,val,current_repo_v1
10376,415.04,-0.43915379924670583,,10,1,val,current_repo_v1
10377,415.08,-0.429670531618879,,10,1,val,current_repo_v1
10378,415.12,-0.4965630018865328,,10,1,val,current_repo_v1
10379,415.16,-0.5226138613339031,,10,1,val,current_repo_v1
10380,415.2,-0.9477502953340518,,10,1,val,current_repo_v1
10381,415.24,-0.8446737652354781,,10,1,val,current_repo_v1
10382,415.28,-0.3606089662846559,,10,1,val,current_repo_v1
10383,415.32,-0.43652645828194936,,10,1,val,current_repo_v1
10384,415.36,-0.8352842746872668,,10,1,val,current_repo_v1
10385,415.4,-0.8567642818799205,,10,1,val,current_repo_v1
10386,415.44,-0.8594992488601007,,10,1,val,current_repo_v1
10387,415.48,-0.8687265090174158,,10,1,val,current_repo_v1
10388,415.52,-0.8927029297753439,,10,1,val,current_repo_v1
10389,415.56,-0.825700459388985,,10,1,val,current_repo_v1
10390,415.6,-0.539811997399038,,10,1,val,current_repo_v1
10391,415.64,-0.43792915763738033,,10,1,val,current_repo_v1
10392,415.68,-0.18467758138667856,,10,1,val,current_repo_v1
10393,415.72,-0.11825406246441593,,10,1,val,current_repo_v1
10394,415.76,-0.15863019516447918,,10,1,val,current_repo_v1
10395,415.8,-0.24018073081054084,,10,1,val,current_repo_v1
10396,415.84,-0.5521780419187503,,10,1,val,current_repo_v1
10397,415.88,-0.4348494620677648,,10,1,val,current_repo_v1
10398,415.92,-0.42418780387972443,,10,1,val,current_repo_v1
10399,415.96,-0.4619202186988771,,10,1,val,current_repo_v1
10400,416.0,-0.45040361954027686,,10,1,val,current_repo_v1
10401,416.04,-0.240313636629424,,10,1,val,current_repo_v1
10402,416.08,-0.10137961779575062,,10,1,val,current_repo_v1
10403,416.12,-0.22068320977005051,,10,1,val,current_repo_v1
10404,416.16,-0.41149782615672686,,10,1,val,current_repo_v1
10405,416.2,-0.3644321518652318,,10,1,val,current_repo_v1
10406,416.24,-0.36839831122119915,,10,1,val,current_repo_v1
10407,416.28,-0.2063671251763541,,10,1,val,current_repo_v1
10408,416.32,-0.1575618486878463,,10,1,val,current_repo_v1
10409,416.36,-0.3073053136388277,,10,1,val,current_repo_v1
10410,416.4,-0.31696013221117386,,10,1,val,current_repo_v1
10411,416.44,-0.23886719222278938,,10,1,val,current_repo_v1
10412,416.48,-0.42761658056145785,,10,1,val,current_repo_v1
10413,416.52,-0.3712582263777823,,10,1,val,current_repo_v1
10414,416.56,-0.49084347932749567,,10,1,val,current_repo_v1
10415,416.6,-0.3426469844711663,,10,1,val,current_repo_v1
10416,416.64,-0.38049177351230556,,10,1,val,current_repo_v1
10417,416.68,-0.4182899597853283,,10,1,val,current_repo_v1
10418,416.72,-0.4911577842230285,,10,1,val,current_repo_v1
10419,416.76,-0.4407249720053655,,10,1,val,current_repo_v1
10420,416.8,-0.44705472703747523,,10,1,val,current_repo_v1
10421,416.84,-0.15419688702301956,,10,1,val,current_repo_v1
10422,416.88,-0.4754420558327541,,10,1,val,current_repo_v1
10423,416.92,-0.596282945629078,,10,1,val,current_repo_v1
10424,416.96,-0.5445810433128765,,10,1,val,current_repo_v1
10425,417.0,-0.3518428097424406,,10,1,val,current_repo_v1
10426,417.04,-0.2031645697619258,,10,1,val,current_repo_v1
10427,417.08,-0.10907450419710685,,10,1,val,current_repo_v1
10428,417.12,-0.173383994059466,,10,1,val,current_repo_v1
10429,417.16,-0.08167596743609595,,10,1,val,current_repo_v1
10430,417.2,0.09238880073931335,,10,1,val,current_repo_v1
10431,417.24,-0.21875093150580138,,10,1,val,current_repo_v1
10432,417.28,-0.395594895326226,,10,1,val,current_repo_v1
10433,417.32,-0.3570018460851257,,10,1,val,current_repo_v1
10434,417.36,-0.2694237699617022,,10,1,val,current_repo_v1
10435,417.4,-0.2978211447310515,,10,1,val,current_repo_v1
10436,417.44,-0.31671694050189425,,10,1,val,current_repo_v1
10437,417.48,-0.414772901633427,,10,1,val,current_repo_v1
10438,417.52,-0.45104141799033914,,10,1,val,current_repo_v1
10439,417.56,-0.4977235427072603,,10,1,val,current_repo_v1
10440,417.6,-0.39989281363333207,,10,1,val,current_repo_v1
10441,417.64,-0.15788263840252745,,10,1,val,current_repo_v1
10442,417.68,-0.15674597050924075,,10,1,val,current_repo_v1
10443,417.72,-0.19678803610219722,,10,1,val,current_repo_v1
10444,417.76,-0.260816480497401,,10,1,val,current_repo_v1
10445,417.8,-0.43260879218374854,,10,1,val,current_repo_v1
10446,417.84,-0.42220384490422913,,10,1,val,current_repo_v1
10447,417.88,-0.261526601167795,,10,1,val,current_repo_v1
10448,417.92,-0.2015861427987952,,10,1,val,current_repo_v1
10449,417.96,-0.115854899203928,,10,1,val,current_repo_v1
10450,418.0,-0.4985872326880609,,10,1,val,current_repo_v1
10451,418.04,-0.37542759138868775,,10,1,val,current_repo_v1
10452,418.08,-0.863901803571091,,10,1,val,current_repo_v1
10453,418.12,-0.9180867541303902,,10,1,val,current_repo_v1
10454,418.16,-0.6575881396834441,,10,1,val,current_repo_v1
10455,418.2,-0.7710579224046324,,10,1,val,current_repo_v1
10456,418.24,-0.821064802907661,,10,1,val,current_repo_v1
10457,418.28,-0.5879865977473278,,10,1,val,current_repo_v1
10458,418.32,-0.47347445179097514,,10,1,val,current_repo_v1
10459,418.36,-0.5752757367084289,,10,1,val,current_repo_v1
10460,418.4,-0.631141112742208,,10,1,val,current_repo_v1
10461,418.44,-0.6245611536031633,,10,1,val,current_repo_v1
10462,418.48,-0.7017261049802093,,10,1,val,current_repo_v1
10463,418.52,-0.5996594480737449,,10,1,val,current_repo_v1
10464,418.56,-0.4440735567540381,,10,1,val,current_repo_v1
10465,418.6,-0.49397109661149513,,10,1,val,current_repo_v1
10466,418.64,-0.5915508302107281,,10,1,val,current_repo_v1
10467,418.68,-0.6160509605665841,,10,1,val,current_repo_v1
10468,418.72,-0.4995871258534132,,10,1,val,current_repo_v1
10469,418.76,-0.6328418499892067,,10,1,val,current_repo_v1
10470,418.8,-0.6459306330986049,,10,1,val,current_repo_v1
10471,418.84,-0.3585533445619626,,10,1,val,current_repo_v1
10472,418.88,-0.36717784627505395,,10,1,val,current_repo_v1
10473,418.92,-0.2896828066121414,,10,1,val,current_repo_v1
10474,418.96,-0.5147837169928201,,10,1,val,current_repo_v1
10475,419.0,-0.6442494602212401,,10,1,val,current_repo_v1
10476,419.04,-0.6022637514436966,,10,1,val,current_repo_v1
10477,419.08,-0.7609593663430412,,10,1,val,current_repo_v1
10478,419.12,-0.8523795769084164,,10,1,val,current_repo_v1
10479,419.16,-0.5413683539946266,,10,1,val,current_repo_v1
10480,419.2,-0.7449855201682272,,10,1,val,current_repo_v1
10481,419.24,-0.7725523764554022,,10,1,val,current_repo_v1
10482,419.28,-0.700731971213558,,10,1,val,current_repo_v1
10483,419.32,-0.6261660913862697,,10,1,val,current_repo_v1
10484,419.36,-0.449346616001544,,10,1,val,current_repo_v1
10485,419.4,-0.7299137453105965,,10,1,val,current_repo_v1
10486,419.44,-0.7078424984711215,,10,1,val,current_repo_v1
10487,419.48,-0.5654357820450086,,10,1,val,current_repo_v1
10488,419.52,-0.6583842116856001,,10,1,val,current_repo_v1
10489,419.56,-0.6922511467138673,,10,1,val,current_repo_v1
10490,419.6,-0.7660781088772558,,10,1,val,current_repo_v1
10491,419.64,-0.7410719428034555,,10,1,val,current_repo_v1
10492,419.68,-0.7228469631042368,,10,1,val,current_repo_v1
10493,419.72,-0.6268269274311368,,10,1,val,current_repo_v1
10494,419.76,-0.3805009621713021,,10,1,val,current_repo_v1
10495,419.8,-0.3323164697260065,,10,1,val,current_repo_v1
10496,419.84,-0.3977656610580675,,10,1,val,current_repo_v1
10497,419.88,-0.1227197507367414,,10,1,val,current_repo_v1
10498,419.92,-0.6480661829651055,,10,1,val,current_repo_v1
10499,419.96,-0.922949181439964,,10,1,val,current_repo_v1
10500,420.0,-0.7731703467465773,,10,1,val,current_repo_v1
10501,420.04,-0.5458338224425742,,10,1,val,current_repo_v1
10502,420.08,-0.6269691098387676,,10,1,val,current_repo_v1
10503,420.12,-0.6006620230965077,,10,1,val,current_repo_v1
10504,420.16,-0.47980622920736166,,10,1,val,current_repo_v1
10505,420.2,-0.34896660559945447,,10,1,val,current_repo_v1
10506,420.24,-0.36416036100438637,,10,1,val,current_repo_v1
10507,420.28,-0.5432067892319468,,10,1,val,current_repo_v1
10508,420.32,-0.6333354876122368,,10,1,val,current_repo_v1
10509,420.36,-0.706353583994675,,10,1,val,current_repo_v1
10510,420.4,-0.29795095102620617,,10,1,val,current_repo_v1
10511,420.44,-0.29962572701417384,,10,1,val,current_repo_v1
10512,420.48,-0.41140571974238344,,10,1,val,current_repo_v1
10513,420.52,-0.6108684689627762,,10,1,val,current_repo_v1
10514,420.56,-0.6057384274555372,,10,1,val,current_repo_v1
10515,420.6,-0.6039888452317674,,10,1,val,current_repo_v1
10516,420.64,-0.7200315843666178,,10,1,val,current_repo_v1
10517,420.68,-0.6549890681336866,,10,1,val,current_repo_v1
10518,420.72,-0.5533599057041348,,10,1,val,current_repo_v1
10519,420.76,-0.47104728290474174,,10,1,val,current_repo_v1
10520,420.8,-0.3829076434255145,,10,1,val,current_repo_v1
10521,420.84,-0.23327112303438538,,10,1,val,current_repo_v1
10522,420.88,-0.2393994969538936,,10,1,val,current_repo_v1
10523,420.92,-0.45083232104207305,,10,1,val,current_repo_v1
10524,420.96,-0.6319289633126303,,10,1,val,current_repo_v1
10525,421.0,-0.5061151185095204,,10,1,val,current_repo_v1
10526,421.04,-0.46716628351277595,,10,1,val,current_repo_v1
10527,421.08,-0.3903043380582385,,10,1,val,current_repo_v1
10528,421.12,0.002211565136381243,,10,1,val,current_repo_v1
10529,421.16,-0.30952696871415486,,10,1,val,current_repo_v1
10530,421.2,-0.6893768550429691,,10,1,val,current_repo_v1
10531,421.24,-0.5546761701141724,,10,1,val,current_repo_v1
10532,421.28,-0.4319709058039351,,10,1,val,current_repo_v1
10533,421.32,-0.3935219954074291,,10,1,val,current_repo_v1
10534,421.36,-0.4180524615274365,,10,1,val,current_repo_v1
10535,421.4,-0.5044025547109903,,10,1,val,current_repo_v1
10536,421.44,-0.4814194323870773,,10,1,val,current_repo_v1
10537,421.48,-0.7867720240945104,,10,1,val,current_repo_v1
10538,421.52,-0.656240836071246,,10,1,val,current_repo_v1
10539,421.56,-0.7420444458513205,,10,1,val,current_repo_v1
10540,421.6,-0.5955333445004117,,10,1,val,current_repo_v1
10541,421.64,-0.15888468584678328,,10,1,val,current_repo_v1
10542,421.68,-0.32103930327982366,,10,1,val,current_repo_v1
10543,421.72,-0.5225107197357887,,10,1,val,current_repo_v1
10544,421.76,-0.009414638457043899,,10,1,val,current_repo_v1
10545,421.8,0.10021296585731727,,10,1,val,current_repo_v1
10546,421.84,-0.21624370258113387,,10,1,val,current_repo_v1
10547,421.88,-0.08115003761195105,,10,1,val,current_repo_v1
10548,421.92,-0.18428741509832963,,10,1,val,current_repo_v1
10549,421.96,-0.24518173540794788,,10,1,val,current_repo_v1
10550,422.0,-0.3656618494352492,,10,1,val,current_repo_v1
10551,422.04,-0.6119044572909811,,10,1,val,current_repo_v1
10552,422.08,-0.03231442535929195,,10,1,val,current_repo_v1
10553,422.12,0.3269801450225386,,10,1,val,current_repo_v1
10554,422.16,0.029110419103969457,,10,1,val,current_repo_v1
10555,422.2,-0.35007089336187536,,10,1,val,current_repo_v1
10556,422.24,-0.2174328425534272,,10,1,val,current_repo_v1
10557,422.28,0.026027733922814385,,10,1,val,current_repo_v1
10558,422.32,0.08829074675660122,,10,1,val,current_repo_v1
10559,422.36,-0.047040834136791436,,10,1,val,current_repo_v1
10560,422.4,-0.022523051883389322,,10,1,val,current_repo_v1
10561,422.44,-0.16220275897180225,,10,1,val,current_repo_v1
10562,422.48,-0.3225685335471785,,10,1,val,current_repo_v1
10563,422.52,-0.5843411621587281,,10,1,val,current_repo_v1
10564,422.56,-0.5685001338730461,,10,1,val,current_repo_v1
10565,422.6,-0.7011140259823622,,10,1,val,current_repo_v1
10566,422.64,-0.33812557071904115,,10,1,val,current_repo_v1
10567,422.68,-0.09304436099911059,,10,1,val,current_repo_v1
10568,422.72,-0.43343889299960475,,10,1,val,current_repo_v1
10569,422.76,-0.5180576054178796,,10,1,val,current_repo_v1
10570,422.8,-0.7027556744365792,,10,1,val,current_repo_v1
10571,422.84,-0.38932550406828975,,10,1,val,current_repo_v1
10572,422.88,0.037636483460633634,,10,1,val,current_repo_v1
10573,422.92,0.35899250970414714,,10,1,val,current_repo_v1
10574,422.96,0.6981607733949193,,10,1,val,current_repo_v1
10575,423.0,0.495217764623487,,10,1,val,current_repo_v1
10576,423.04,0.370388205454898,,10,1,val,current_repo_v1
10577,423.08,0.09888549040400643,,10,1,val,current_repo_v1
10578,423.12,-0.2883568259646004,,10,1,val,current_repo_v1
10579,423.16,-0.38084925191565955,,10,1,val,current_repo_v1
10580,423.2,-0.6907095623164741,,10,1,val,current_repo_v1
10581,423.24,-0.7382829869560611,,10,1,val,current_repo_v1
10582,423.28,-1.0293720540785556,,10,1,val,current_repo_v1
10583,423.32,-1.114134135956102,,10,1,val,current_repo_v1
10584,423.36,-1.16480242404738,,10,1,val,current_repo_v1
10585,423.4,-1.2392527202167645,,10,1,val,current_repo_v1
10586,423.44,-1.4901488342933065,,10,1,val,current_repo_v1
10587,423.48,-1.5343636062277126,,10,1,val,current_repo_v1
10588,423.52,-1.6420650653779683,,10,1,val,current_repo_v1
10589,423.56,-1.3751914120770634,,10,1,val,current_repo_v1
10590,423.6,-1.3614224923424179,,10,1,val,current_repo_v1
10591,423.64,-1.287579087315562,,10,1,val,current_repo_v1
10592,423.68,-1.2336660155468593,,10,1,val,current_repo_v1
10593,423.72,-0.9866658928848564,,10,1,val,current_repo_v1
10594,423.76,-1.2291439643040383,,10,1,val,current_repo_v1
10595,423.8,-1.1985560176263979,,10,1,val,current_repo_v1
10596,423.84,-1.1421844300151722,,10,1,val,current_repo_v1
10597,423.88,-0.9595469507501068,,10,1,val,current_repo_v1
10598,423.92,-0.8702512988323369,,10,1,val,current_repo_v1
10599,423.96,-0.9885690444190327,,10,1,val,current_repo_v1
10600,424.0,-0.8204076159474673,,10,1,val,current_repo_v1
10601,424.04,-0.9253406948121007,,10,1,val,current_repo_v1
10602,424.08,-0.9880996754073236,,10,1,val,current_repo_v1
10603,424.12,-1.253735453671353,,10,1,val,current_repo_v1
10604,424.16,-1.3492199531949935,,10,1,val,current_repo_v1
10605,424.2,-1.3733058464931198,,10,1,val,current_repo_v1
10606,424.24,-1.5892131298463033,,10,1,val,current_repo_v1
10607,424.28,-1.6217627892723945,,10,1,val,current_repo_v1
10608,424.32,-1.4461183631173382,,10,1,val,current_repo_v1
10609,424.36,-1.3391632516949559,,10,1,val,current_repo_v1
10610,424.4,-1.4158381705687693,,10,1,val,current_repo_v1
10611,424.44,-1.4509585441998678,,10,1,val,current_repo_v1
10612,424.48,-1.8203971523070788,,10,1,val,current_repo_v1
10613,424.52,-1.7343135741993008,,10,1,val,current_repo_v1
10614,424.56,-1.622712958163464,,10,1,val,current_repo_v1
10615,424.6,-1.4129957534326676,,10,1,val,current_repo_v1
10616,424.64,-1.5352940788545215,,10,1,val,current_repo_v1
10617,424.68,-1.531906497261208,,10,1,val,current_repo_v1
10618,424.72,-1.5632137093033633,,10,1,val,current_repo_v1
10619,424.76,-1.4910253180529012,,10,1,val,current_repo_v1
10620,424.8,-1.387452864157767,,10,1,val,current_repo_v1
10621,424.84,-1.2448971068034327,,10,1,val,current_repo_v1
10622,424.88,-1.2243199622957226,,10,1,val,current_repo_v1
10623,424.92,-1.0520796485271986,,10,1,val,current_repo_v1
10624,424.96,-0.8347379671432898,,10,1,val,current_repo_v1
10625,425.0,-1.066625867262127,,10,1,val,current_repo_v1
10626,425.04,-1.089026850668464,,10,1,val,current_repo_v1
10627,425.08,-1.1393026203505496,,10,1,val,current_repo_v1
10628,425.12,-1.1637838458099055,,10,1,val,current_repo_v1
10629,425.16,-1.1843163220040245,,10,1,val,current_repo_v1
10630,425.2,-1.0283412536056693,,10,1,val,current_repo_v1
10631,425.24,-1.256773250714539,,10,1,val,current_repo_v1
10632,425.28,-1.2141475452431543,,10,1,val,current_repo_v1
10633,425.32,-1.0954622532965963,,10,1,val,current_repo_v1
10634,425.36,-1.245599841374729,,10,1,val,current_repo_v1
10635,425.4,-1.247256086167639,,10,1,val,current_repo_v1
10636,425.44,-1.2800021806578288,,10,1,val,current_repo_v1
10637,425.48,-1.11130983234874,,10,1,val,current_repo_v1
10638,425.52,-1.2414222988969652,,10,1,val,current_repo_v1
10639,425.56,-1.1275659330247878,,10,1,val,current_repo_v1
10640,425.6,-1.3107607110527257,,10,1,val,current_repo_v1
10641,425.64,-1.289739169582637,,10,1,val,current_repo_v1
10642,425.68,-1.225106757709131,,10,1,val,current_repo_v1
10643,425.72,-1.1587472296632775,,10,1,val,current_repo_v1
10644,425.76,-0.981441634649246,,10,1,val,current_repo_v1
10645,425.8,-0.9264572267923711,,10,1,val,current_repo_v1
10646,425.84,-1.0479975977591982,,10,1,val,current_repo_v1
10647,425.88,-1.0147483692328525,,10,1,val,current_repo_v1
10648,425.92,-0.9385501175400949,,10,1,val,current_repo_v1
10649,425.96,-1.0778272382628071,,10,1,val,current_repo_v1
10650,426.0,-0.9773546598151804,,10,1,val,current_repo_v1
10651,426.04,-0.898256748718314,,10,1,val,current_repo_v1
10652,426.08,-0.9331022539472764,,10,1,val,current_repo_v1
10653,426.12,-1.040418404927935,,10,1,val,current_repo_v1
10654,426.16,-1.2055216366540444,,10,1,val,current_repo_v1
10655,426.2,-0.9786839817932658,,10,1,val,current_repo_v1
10656,426.24,-0.8519171543470491,,10,1,val,current_repo_v1
10657,426.28,-0.9112432695271094,,10,1,val,current_repo_v1
10658,426.32,-0.7436605946777001,,10,1,val,current_repo_v1
10659,426.36,-0.9986136116134098,,10,1,val,current_repo_v1
10660,426.4,-0.9831586389002098,,10,1,val,current_repo_v1
10661,426.44,-0.7408480736569939,,10,1,val,current_repo_v1
10662,426.48,-0.8291305989818614,,10,1,val,current_repo_v1
10663,426.52,-0.9550671057878439,,10,1,val,current_repo_v1
10664,426.56,-0.8942526037098442,,10,1,val,current_repo_v1
10665,426.6,-0.7916011260283934,,10,1,val,current_repo_v1
10666,426.64,-0.9398735482248523,,10,1,val,current_repo_v1
10667,426.68,-0.8785942494822037,,10,1,val,current_repo_v1
10668,426.72,-0.7425802018251578,,10,1,val,current_repo_v1
10669,426.76,-0.7822098768851589,,10,1,val,current_repo_v1
10670,426.8,-0.7136579963535532,,10,1,val,current_repo_v1
10671,426.84,-0.7302387336708956,,10,1,val,current_repo_v1
10672,426.88,-0.7029288960463707,,10,1,val,current_repo_v1
10673,426.92,-0.7785414476666301,,10,1,val,current_repo_v1
10674,426.96,-0.9552613426081635,,10,1,val,current_repo_v1
10675,427.0,-0.9851906075198402,,10,1,val,current_repo_v1
10676,427.04,-0.9762898305285941,,10,1,val,current_repo_v1
10677,427.08,-1.09703109591685,,10,1,val,current_repo_v1
10678,427.12,-0.8885951155902526,,10,1,val,current_repo_v1
10679,427.16,-1.0447742689410575,,10,1,val,current_repo_v1
10680,427.2,-1.215746987416813,,10,1,val,current_repo_v1
10681,427.24,-1.2059181998317905,,10,1,val,current_repo_v1
10682,427.28,-1.0916359022449784,,10,1,val,current_repo_v1
10683,427.32,-1.2863617878404585,,10,1,val,current_repo_v1
10684,427.36,-1.1767420532388264,,10,1,val,current_repo_v1
10685,427.4,-0.8974714481106755,,10,1,val,current_repo_v1
10686,427.44,-0.6742091048619437,,10,1,val,current_repo_v1
10687,427.48,-0.8754738864026752,,10,1,val,current_repo_v1
10688,427.52,-0.7844282565772553,,10,1,val,current_repo_v1
10689,427.56,-0.871490053166724,,10,1,val,current_repo_v1
10690,427.6,-1.0373201122159483,,10,1,val,current_repo_v1
10691,427.64,-0.9086419557686972,,10,1,val,current_repo_v1
10692,427.68,-0.8180154870670724,,10,1,val,current_repo_v1
10693,427.72,-0.43768598791053853,,10,1,val,current_repo_v1
10694,427.76,-0.24517632772825135,,10,1,val,current_repo_v1
10695,427.8,-0.25697636843972615,,10,1,val,current_repo_v1
10696,427.84,-0.24814567146015706,,10,1,val,current_repo_v1
10697,427.88,-0.23714631906277436,,10,1,val,current_repo_v1
10698,427.92,-0.3717991262420627,,10,1,val,current_repo_v1
10699,427.96,-0.4093080675986341,,10,1,val,current_repo_v1
10700,428.0,-0.27957589722418963,,10,1,val,current_repo_v1
10701,428.04,-0.2364948915012818,,10,1,val,current_repo_v1
10702,428.08,-0.21831044741734934,,10,1,val,current_repo_v1
10703,428.12,-0.36697609146100996,,10,1,val,current_repo_v1
10704,428.16,-0.5438930809397756,,10,1,val,current_repo_v1
10705,428.2,-0.4156556284053544,,10,1,val,current_repo_v1
10706,428.24,-0.48448523505600904,,10,1,val,current_repo_v1
10707,428.28,-0.500784729064256,,10,1,val,current_repo_v1
10708,428.32,-0.5693323010380547,,10,1,val,current_repo_v1
10709,428.36,-0.4750563959441523,,10,1,val,current_repo_v1
10710,428.4,-0.4250654746909599,,10,1,val,current_repo_v1
10711,428.44,-0.5847909668008034,,10,1,val,current_repo_v1
10712,428.48,-0.7303858841094673,,10,1,val,current_repo_v1
10713,428.52,-0.6728697588922258,,10,1,val,current_repo_v1
10714,428.56,-0.7421193619993115,,10,1,val,current_repo_v1
10715,428.6,-0.7397976648495984,,10,1,val,current_repo_v1
10716,428.64,-0.7642145257311029,,10,1,val,current_repo_v1
10717,428.68,-0.6099548788481906,,10,1,val,current_repo_v1
10718,428.72,-0.804286575369206,,10,1,val,current_repo_v1
10719,428.76,-1.0583933563797212,,10,1,val,current_repo_v1
10720,428.8,-0.8887877696750512,,10,1,val,current_repo_v1
10721,428.84,-0.5931768271692379,,10,1,val,current_repo_v1
10722,428.88,-0.4816366188724504,,10,1,val,current_repo_v1
10723,428.92,-0.46338411716111766,,10,1,val,current_repo_v1
10724,428.96,-0.45528741377938337,,10,1,val,current_repo_v1
10725,429.0,-0.49276109530573836,,10,1,val,current_repo_v1
10726,429.04,-0.3643312524757721,,10,1,val,current_repo_v1
10727,429.08,0.06530995457109406,,10,1,val,current_repo_v1
10728,429.12,0.5291524055601499,,10,1,val,current_repo_v1
10729,429.16,0.5357942672440135,,10,1,val,current_repo_v1
10730,429.2,0.5016975717759568,,10,1,val,current_repo_v1
10731,429.24,0.45969739855434694,,10,1,val,current_repo_v1
10732,429.28,0.0772776333531615,,10,1,val,current_repo_v1
10733,429.32,-0.07638954286641317,,10,1,val,current_repo_v1
10734,429.36,-0.10759429476602553,,10,1,val,current_repo_v1
10735,429.4,-0.21153647128236308,,10,1,val,current_repo_v1
10736,429.44,-0.49248002785614514,,10,1,val,current_repo_v1
10737,429.48,-0.6648470483960954,,10,1,val,current_repo_v1
10738,429.52,-0.5769709343811043,,10,1,val,current_repo_v1
10739,429.56,-0.2357763735396517,,10,1,val,current_repo_v1
10740,429.6,-0.2062512997116344,,10,1,val,current_repo_v1
10741,429.64,-0.32264147127576837,,10,1,val,current_repo_v1
10742,429.68,-0.7945395624527652,,10,1,val,current_repo_v1
10743,429.72,-0.7554385210567574,,10,1,val,current_repo_v1
10744,429.76,-0.926435068495078,,10,1,val,current_repo_v1
10745,429.8,-0.6153206600182982,,10,1,val,current_repo_v1
10746,429.84,-0.6578845948394908,,10,1,val,current_repo_v1
10747,429.88,-0.5254302072987849,,10,1,val,current_repo_v1
10748,429.92,-0.7123840701187008,,10,1,val,current_repo_v1
10749,429.96,-0.5697003749764238,,10,1,val,current_repo_v1
10750,430.0,-0.44511846995198595,,10,1,val,current_repo_v1
10751,430.04,-0.1908715728829923,,10,1,val,current_repo_v1
10752,430.08,-0.9300688533916484,,10,1,val,current_repo_v1
10753,430.12,-1.5611049780109674,,10,1,val,current_repo_v1
10754,430.16,-1.5913737396918854,,10,1,val,current_repo_v1
10755,430.2,-1.6725798545026407,,10,1,val,current_repo_v1
10756,430.24,-1.699141497874518,,10,1,val,current_repo_v1
10757,430.28,-1.6337678381987062,,10,1,val,current_repo_v1
10758,430.32,-1.687997281212094,,10,1,val,current_repo_v1
10759,430.36,-1.6318061254502554,,10,1,val,current_repo_v1
10760,430.4,-1.5588756070999756,,10,1,val,current_repo_v1
10761,430.44,-1.0512633087173995,,10,1,val,current_repo_v1
10762,430.48,-0.7373062632801403,,10,1,val,current_repo_v1
10763,430.52,-0.4387674359200947,,10,1,val,current_repo_v1
10764,430.56,0.09014773517141685,,10,1,val,current_repo_v1
10765,430.6,-0.09087062763816732,,10,1,val,current_repo_v1
10766,430.64,-0.4917456385744301,,10,1,val,current_repo_v1
10767,430.68,-1.0351881674692456,,10,1,val,current_repo_v1
10768,430.72,-1.1327694398391237,,10,1,val,current_repo_v1
10769,430.76,-1.4827484905759092,,10,1,val,current_repo_v1
10770,430.8,-1.5218724816369706,,10,1,val,current_repo_v1
10771,430.84,-1.8113687013171438,,10,1,val,current_repo_v1
10772,430.88,-1.8668073542685277,,10,1,val,current_repo_v1
10773,430.92,-1.8519781775943562,,10,1,val,current_repo_v1
10774,430.96,-2.0589071299157675,,10,1,val,current_repo_v1
10775,431.0,-2.167746927624582,,10,1,val,current_repo_v1
10776,431.04,-2.1565608564006045,,10,1,val,current_repo_v1
10777,431.08,-1.9450773188284416,,10,1,val,current_repo_v1
10778,431.12,-1.9583107463785032,,10,1,val,current_repo_v1
10779,431.16,-2.3119471471851707,,10,1,val,current_repo_v1
10780,431.2,-2.645773502633276,,10,1,val,current_repo_v1
10781,431.24,-2.7915342994175094,,10,1,val,current_repo_v1
10782,431.28,-2.5362467977083747,,10,1,val,current_repo_v1
10783,431.32,-2.4598852604677073,,10,1,val,current_repo_v1
10784,431.36,-2.1224463991228126,,10,1,val,current_repo_v1
10785,431.4,-2.0739316864970236,,10,1,val,current_repo_v1
10786,431.44,-1.788283624446757,,10,1,val,current_repo_v1
10787,431.48,-1.5146464146863787,,10,1,val,current_repo_v1
10788,431.52,-2.1567430468450146,,10,1,val,current_repo_v1
10789,431.56,-2.045242143146997,,10,1,val,current_repo_v1
10790,431.6,-1.5918951631162832,,10,1,val,current_repo_v1
10791,431.64,-1.4561224826261803,,10,1,val,current_repo_v1
10792,431.68,-1.7887325937561962,,10,1,val,current_repo_v1
10793,431.72,-2.019783490573711,,10,1,val,current_repo_v1
10794,431.76,-1.6535165085909564,,10,1,val,current_repo_v1
10795,431.8,-1.5450556881096555,,10,1,val,current_repo_v1
10796,431.84,-1.2050663364025214,,10,1,val,current_repo_v1
10797,431.88,-1.2964520785054405,,10,1,val,current_repo_v1
10798,431.92,-1.0590360349309729,,10,1,val,current_repo_v1
10799,431.96,-0.9463340987618172,,10,1,val,current_repo_v1
10800,432.0,-0.8622115299644808,,10,1,val,current_repo_v1
10801,432.04,-0.9277665007871911,,10,1,val,current_repo_v1
10802,432.08,-0.7887121061241753,,10,1,val,current_repo_v1
10803,432.12,-0.6982366128052976,,10,1,val,current_repo_v1
10804,432.16,-0.7296821823109082,,10,1,val,current_repo_v1
10805,432.2,-0.557913479762748,,10,1,val,current_repo_v1
10806,432.24,-0.8980033351754616,,10,1,val,current_repo_v1
10807,432.28,-1.0458844699792442,,10,1,val,current_repo_v1
10808,432.32,-1.2758125038744046,,10,1,val,current_repo_v1
10809,432.36,-1.6811056990349271,,10,1,val,current_repo_v1
10810,432.4,-1.5807198193219474,,10,1,val,current_repo_v1
10811,432.44,-1.8251590759110732,,10,1,val,current_repo_v1
10812,432.48,-2.0861108363306387,,10,1,val,current_repo_v1
10813,432.52,-2.2807120375389696,,10,1,val,current_repo_v1
10814,432.56,-2.180440994081009,,10,1,val,current_repo_v1
10815,432.6,-2.0282815493046296,,10,1,val,current_repo_v1
10816,432.64,-1.9128273239943145,,10,1,val,current_repo_v1
10817,432.68,-1.6484019866847979,,10,1,val,current_repo_v1
10818,432.72,-1.8283955941918881,,10,1,val,current_repo_v1
10819,432.76,-2.0560444889368985,,10,1,val,current_repo_v1
10820,432.8,-1.955398513019978,,10,1,val,current_repo_v1
10821,432.84,-2.154257800358138,,10,1,val,current_repo_v1
10822,432.88,-2.034600181223217,,10,1,val,current_repo_v1
10823,432.92,-1.5287691637397052,,10,1,val,current_repo_v1
10824,432.96,-1.122055903097897,,10,1,val,current_repo_v1
10825,433.0,-0.8354581997350676,,10,1,val,current_repo_v1
10826,433.04,-0.4593222023061336,,10,1,val,current_repo_v1
10827,433.08,-0.24267859521670945,,10,1,val,current_repo_v1
10828,433.12,-0.05600542614494428,,10,1,val,current_repo_v1
10829,433.16,-0.21488083540297986,,10,1,val,current_repo_v1
10830,433.2,-0.3505919650672685,,10,1,val,current_repo_v1
10831,433.24,-0.4779944366846439,,10,1,val,current_repo_v1
10832,433.28,-0.5204176399390998,,10,1,val,current_repo_v1
10833,433.32,-0.6835648303857083,,10,1,val,current_repo_v1
10834,433.36,-0.5927729658221453,,10,1,val,current_repo_v1
10835,433.4,-0.6462890347643461,,10,1,val,current_repo_v1
10836,433.44,-1.0136023807859424,,10,1,val,current_repo_v1
10837,433.48,-1.158620962540607,,10,1,val,current_repo_v1
10838,433.52,-1.297143558068588,,10,1,val,current_repo_v1
10839,433.56,-1.4152089452694454,,10,1,val,current_repo_v1
10840,433.6,-1.2148594245085715,,10,1,val,current_repo_v1
10841,433.64,-1.2802154982341507,,10,1,val,current_repo_v1
10842,433.68,-1.011218517302157,,10,1,val,current_repo_v1
10843,433.72,-0.8998491565118796,,10,1,val,current_repo_v1
10844,433.76,-1.0801065532724596,,10,1,val,current_repo_v1
10845,433.8,-1.1376410997725697,,10,1,val,current_repo_v1
10846,433.84,-1.0187045045971872,,10,1,val,current_repo_v1
10847,433.88,-0.5490484462153497,,10,1,val,current_repo_v1
10848,433.92,-0.38727929082897095,,10,1,val,current_repo_v1
10849,433.96,-0.3247789555967946,,10,1,val,current_repo_v1
10850,434.0,-0.3383491540938114,,10,1,val,current_repo_v1
10851,434.04,-0.33148570943701655,,10,1,val,current_repo_v1
10852,434.08,-0.21393040272265682,,10,1,val,current_repo_v1
10853,434.12,-0.04341258881454428,,10,1,val,current_repo_v1
10854,434.16,0.055987334598642455,,10,1,val,current_repo_v1
10855,434.2,-0.1984759795704016,,10,1,val,current_repo_v1
10856,434.24,-0.46580174566934984,,10,1,val,current_repo_v1
10857,434.28,-0.7244211694393116,,10,1,val,current_repo_v1
10858,434.32,-1.449419949414014,,10,1,val,current_repo_v1
10859,434.36,-1.8069322936519556,,10,1,val,current_repo_v1
10860,434.4,-1.5235188782977505,,10,1,val,current_repo_v1
10861,434.44,-1.4012884346437944,,10,1,val,current_repo_v1
10862,434.48,-1.1590307151810275,,10,1,val,current_repo_v1
10863,434.52,-1.3017888868225398,,10,1,val,current_repo_v1
10864,434.56,-1.083225861194974,,10,1,val,current_repo_v1
10865,434.6,-1.1593152558557918,,10,1,val,current_repo_v1
10866,434.64,-1.2822923989566255,,10,1,val,current_repo_v1
10867,434.68,-1.0933944972682426,,10,1,val,current_repo_v1
10868,434.72,-1.0935888220183132,,10,1,val,current_repo_v1
10869,434.76,-0.8088508328925854,,10,1,val,current_repo_v1
10870,434.8,-0.6216467659657346,,10,1,val,current_repo_v1
10871,434.84,-0.33651573085230746,,10,1,val,current_repo_v1
10872,434.88,-0.3496057010133464,,10,1,val,current_repo_v1
10873,434.92,-0.7313379434901868,,10,1,val,current_repo_v1
10874,434.96,-0.9807445275820241,,10,1,val,current_repo_v1
10875,435.0,-0.989739389407015,,10,1,val,current_repo_v1
10876,435.04,-0.6115210835759095,,10,1,val,current_repo_v1
10877,435.08,-0.7480981454296534,,10,1,val,current_repo_v1
10878,435.12,-0.7963027298230897,,10,1,val,current_repo_v1
10879,435.16,-1.2345217478851795,,10,1,val,current_repo_v1
10880,435.2,-1.472390893467391,,10,1,val,current_repo_v1
10881,435.24,-1.609432927845286,,10,1,val,current_repo_v1
10882,435.28,-1.3880574691267653,,10,1,val,current_repo_v1
10883,435.32,-1.6165515446399563,,10,1,val,current_repo_v1
10884,435.36,-1.8854560234737263,,10,1,val,current_repo_v1
10885,435.4,-1.688659392238353,,10,1,val,current_repo_v1
10886,435.44,-1.27466994468779,,10,1,val,current_repo_v1
10887,435.48,-1.10198998216345,,10,1,val,current_repo_v1
10888,435.52,-1.471554153955322,,10,1,val,current_repo_v1
10889,435.56,-1.6568794698539442,,10,1,val,current_repo_v1
10890,435.6,-1.5258319583318496,,10,1,val,current_repo_v1
10891,435.64,-0.9834575121244136,,10,1,val,current_repo_v1
10892,435.68,-0.8764677563800728,,10,1,val,current_repo_v1
10893,435.72,-1.0154535658371813,,10,1,val,current_repo_v1
10894,435.76,-1.0409774622858305,,10,1,val,current_repo_v1
10895,435.8,-0.9886977735747356,,10,1,val,current_repo_v1
10896,435.84,-0.8516900317997945,,10,1,val,current_repo_v1
10897,435.88,-1.0913518891487213,,10,1,val,current_repo_v1
10898,435.92,-0.4678808886004793,,10,1,val,current_repo_v1
10899,435.96,-0.38765483879618895,,10,1,val,current_repo_v1
10900,436.0,0.13610676957964743,,10,1,val,current_repo_v1
10901,436.04,0.3092038708435057,,10,1,val,current_repo_v1
10902,436.08,-0.00711501167487271,,10,1,val,current_repo_v1
10903,436.12,-0.23505803143752393,,10,1,val,current_repo_v1
10904,436.16,-0.41980191185657956,,10,1,val,current_repo_v1
10905,436.2,-0.6847105550433648,,10,1,val,current_repo_v1
10906,436.24,-0.5093381835384075,,10,1,val,current_repo_v1
10907,436.28,-0.4570836427361452,,10,1,val,current_repo_v1
10908,436.32,-0.25797604178070055,,10,1,val,current_repo_v1
10909,436.36,0.03239696941319641,,10,1,val,current_repo_v1
10910,436.4,-0.25560387295381976,,10,1,val,current_repo_v1
10911,436.44,-0.30344051530351374,,10,1,val,current_repo_v1
10912,436.48,-0.21641507766615095,,10,1,val,current_repo_v1
10913,436.52,-0.2504590152835097,,10,1,val,current_repo_v1
10914,436.56,-0.1967229241214609,,10,1,val,current_repo_v1
10915,436.6,-0.2553495361485802,,10,1,val,current_repo_v1
10916,436.64,-0.11762393588514264,,10,1,val,current_repo_v1
10917,436.68,-0.21266992973973234,,10,1,val,current_repo_v1
10918,436.72,-0.40593064189157996,,10,1,val,current_repo_v1
10919,436.76,-0.32537903218360786,,10,1,val,current_repo_v1
10920,436.8,-0.28998073459152013,,10,1,val,current_repo_v1
10921,436.84,-0.4355469208539913,,10,1,val,current_repo_v1
10922,436.88,-0.7090325397233642,,10,1,val,current_repo_v1
10923,436.92,-0.8874461375318031,,10,1,val,current_repo_v1
10924,436.96,-0.9371449121867558,,10,1,val,current_repo_v1
10925,437.0,-0.8826949413574507,,10,1,val,current_repo_v1
10926,437.04,-0.9014042820909519,,10,1,val,current_repo_v1
10927,437.08,-1.0486512675293456,,10,1,val,current_repo_v1
10928,437.12,-0.8954623412263475,,10,1,val,current_repo_v1
10929,437.16,-0.706902617360938,,10,1,val,current_repo_v1
10930,437.2,-0.8613067328250115,,10,1,val,current_repo_v1
10931,437.24,-0.8440306470354704,,10,1,val,current_repo_v1
10932,437.28,-0.9110331174218294,,10,1,val,current_repo_v1
10933,437.32,-0.7239552736527733,,10,1,val,current_repo_v1
10934,437.36,-0.6258714827549974,,10,1,val,current_repo_v1
10935,437.4,-0.7291976014522478,,10,1,val,current_repo_v1
10936,437.44,-0.24514744280499423,,10,1,val,current_repo_v1
10937,437.48,-0.25240032832969084,,10,1,val,current_repo_v1
10938,437.52,-0.1683530054169123,,10,1,val,current_repo_v1
10939,437.56,-0.19791652652862576,,10,1,val,current_repo_v1
10940,437.6,-0.42165736150074984,,10,1,val,current_repo_v1
10941,437.64,-1.1620595433895953,,10,1,val,current_repo_v1
10942,437.68,-1.4455542058338753,,10,1,val,current_repo_v1
10943,437.72,-1.650016904494661,,10,1,val,current_repo_v1
10944,437.76,-1.6883875134477564,,10,1,val,current_repo_v1
10945,437.8,-1.6072093602978708,,10,1,val,current_repo_v1
10946,437.84,-1.8373213432324647,,10,1,val,current_repo_v1
10947,437.88,-2.035664834650301,,10,1,val,current_repo_v1
10948,437.92,-1.79776245162215,,10,1,val,current_repo_v1
10949,437.96,-1.3148849681012844,,10,1,val,current_repo_v1
10950,438.0,-0.92876423967364,,10,1,val,current_repo_v1
10951,438.04,-0.7866121678068957,,10,1,val,current_repo_v1
10952,438.08,-0.7646381712722072,,10,1,val,current_repo_v1
10953,438.12,-0.8153789134784438,,10,1,val,current_repo_v1
10954,438.16,-0.7680037704277298,,10,1,val,current_repo_v1
10955,438.2,-0.7913264334857596,,10,1,val,current_repo_v1
10956,438.24,-1.0576685514408828,,10,1,val,current_repo_v1
10957,438.28,-1.1443216505469451,,10,1,val,current_repo_v1
10958,438.32,-0.7965053199697697,,10,1,val,current_repo_v1
10959,438.36,-0.6782541372047044,,10,1,val,current_repo_v1
10960,438.4,-0.3539561793292103,,10,1,val,current_repo_v1
10961,438.44,-0.24483028019254857,,10,1,val,current_repo_v1
10962,438.48,-0.38610261489890496,,10,1,val,current_repo_v1
10963,438.52,-0.655847526294293,,10,1,val,current_repo_v1
10964,438.56,-0.7622313581233681,,10,1,val,current_repo_v1
10965,438.6,-0.7341699409507756,,10,1,val,current_repo_v1
10966,438.64,-0.2865068279650022,,10,1,val,current_repo_v1
10967,438.68,-0.2870469364615222,,10,1,val,current_repo_v1
10968,438.72,-0.72478805632604,,10,1,val,current_repo_v1
10969,438.76,-0.9671912115972308,,10,1,val,current_repo_v1
10970,438.8,-0.7117578344309164,,10,1,val,current_repo_v1
10971,438.84,-0.6436403708349325,,10,1,val,current_repo_v1
10972,438.88,-0.5205566568756889,,10,1,val,current_repo_v1
10973,438.92,-0.5176577448744649,,10,1,val,current_repo_v1
10974,438.96,-0.4446711273429432,,10,1,val,current_repo_v1
10975,439.0,-0.5422180191801166,,10,1,val,current_repo_v1
10976,439.04,-0.7355263013273435,,10,1,val,current_repo_v1
10977,439.08,-0.8563739617145071,,10,1,val,current_repo_v1
10978,439.12,-0.9147864867799818,,10,1,val,current_repo_v1
10979,439.16,-1.0615022006618473,,10,1,val,current_repo_v1
10980,439.2,-1.0183949918730928,,10,1,val,current_repo_v1
10981,439.24,-0.9928134135076805,,10,1,val,current_repo_v1
10982,439.28,-0.820962980255814,,10,1,val,current_repo_v1
10983,439.32,-0.3506154862757046,,10,1,val,current_repo_v1
10984,439.36,-0.32424533191942295,,10,1,val,current_repo_v1
10985,439.4,-0.5054894104002431,,10,1,val,current_repo_v1
10986,439.44,-0.6667790408886533,,10,1,val,current_repo_v1
10987,439.48,-0.7463633793689546,,10,1,val,current_repo_v1
10988,439.52,-0.6690178202830195,,10,1,val,current_repo_v1
10989,439.56,-1.0177601390696944,,10,1,val,current_repo_v1
10990,439.6,-0.8639655526406843,,10,1,val,current_repo_v1
10991,439.64,-0.6427361012739702,,10,1,val,current_repo_v1
10992,439.68,-0.518136258580295,,10,1,val,current_repo_v1
10993,439.72,-0.8861561201524878,,10,1,val,current_repo_v1
10994,439.76,-0.8828423116204003,,10,1,val,current_repo_v1
10995,439.8,-0.7663659908825641,,10,1,val,current_repo_v1
10996,439.84,-0.6590497519721544,,10,1,val,current_repo_v1
10997,439.88,-0.09368910589951476,,10,1,val,current_repo_v1
10998,439.92,0.13428574443305755,,10,1,val,current_repo_v1
10999,439.96,0.014112769026569293,,10,1,val,current_repo_v1
11000,440.0,0.29335980898140857,,10,1,val,current_repo_v1
11001,440.04,0.530121215558466,,10,1,val,current_repo_v1
11002,440.08,0.32865929551562667,,10,1,val,current_repo_v1
11003,440.12,-0.18575907336111033,,10,1,val,current_repo_v1
11004,440.16,-0.28857911237554096,,10,1,val,current_repo_v1
11005,440.2,-0.23253471136839357,,10,1,val,current_repo_v1
11006,440.24,0.13080869431793551,,10,1,val,current_repo_v1
11007,440.28,0.07086535624958508,,10,1,val,current_repo_v1
11008,440.32,0.034256156071791125,,10,1,val,current_repo_v1
11009,440.36,-0.26281055139428006,,10,1,val,current_repo_v1
11010,440.4,-0.2536201338027023,,10,1,val,current_repo_v1
11011,440.44,-0.15149018945783835,,10,1,val,current_repo_v1
11012,440.48,-0.34696820416233065,,10,1,val,current_repo_v1
11013,440.52,-0.10789985065131764,,10,1,val,current_repo_v1
11014,440.56,0.30894737975936265,,10,1,val,current_repo_v1
11015,440.6,0.6219044001366428,,10,1,val,current_repo_v1
11016,440.64,1.114885231890538,,10,1,val,current_repo_v1
11017,440.68,1.146947232916678,,10,1,val,current_repo_v1
11018,440.72,1.2374172745909837,,10,1,val,current_repo_v1
11019,440.76,1.4543348707850323,,10,1,val,current_repo_v1
11020,440.8,1.4111434252946635,,10,1,val,current_repo_v1
11021,440.84,1.5623862903449177,,10,1,val,current_repo_v1
11022,440.88,1.5397415656683562,,10,1,val,current_repo_v1
11023,440.92,1.7583762540431198,,10,1,val,current_repo_v1
11024,440.96,1.8213445074461112,,10,1,val,current_repo_v1
11025,441.0,1.9126817123263882,,10,1,val,current_repo_v1
11026,441.04,2.1374611075719385,,10,1,val,current_repo_v1
11027,441.08,1.9243158735622936,,10,1,val,current_repo_v1
11028,441.12,1.920637772071137,,10,1,val,current_repo_v1
11029,441.16,2.0479320900945814,,10,1,val,current_repo_v1
11030,441.2,1.9888626418581667,,10,1,val,current_repo_v1
11031,441.24,1.8984914332241685,,10,1,val,current_repo_v1
11032,441.28,1.8431957540481758,,10,1,val,current_repo_v1
11033,441.32,2.1251993037722303,,10,1,val,current_repo_v1
11034,441.36,2.1143679411644447,,10,1,val,current_repo_v1
11035,441.4,2.098231952528486,,10,1,val,current_repo_v1
11036,441.44,2.048963330216224,,10,1,val,current_repo_v1
11037,441.48,1.8620355825324033,,10,1,val,current_repo_v1
11038,441.52,1.9087695418376351,,10,1,val,current_repo_v1
11039,441.56,1.8669672105561426,,10,1,val,current_repo_v1
11040,441.6,1.5754220518143645,,10,1,val,current_repo_v1
11041,441.64,1.2093326879289599,,10,1,val,current_repo_v1
11042,441.68,1.0081729824408683,,10,1,val,current_repo_v1
11043,441.72,0.30094651980639625,,10,1,val,current_repo_v1
11044,441.76,0.04321545031243639,,10,1,val,current_repo_v1
11045,441.8,-0.19854799403660428,,10,1,val,current_repo_v1
11046,441.84,-0.4395402944679437,,10,1,val,current_repo_v1
11047,441.88,-0.6880040518029336,,10,1,val,current_repo_v1
11048,441.92,-0.6742691169171126,,10,1,val,current_repo_v1
11049,441.96,-0.17485800444309033,,10,1,val,current_repo_v1
11050,442.0,-0.07049420476992521,,10,1,val,current_repo_v1
11051,442.04,-0.1024917093235872,,10,1,val,current_repo_v1
11052,442.08,0.03623760904937827,,10,1,val,current_repo_v1
11053,442.12,0.16603181386326835,,10,1,val,current_repo_v1
11054,442.16,-0.21195884184207553,,10,1,val,current_repo_v1
11055,442.2,0.08909539190949567,,10,1,val,current_repo_v1
11056,442.24,0.24224083695054346,,10,1,val,current_repo_v1
11057,442.28,-0.1939248235799455,,10,1,val,current_repo_v1
11058,442.32,-0.22496193740896522,,10,1,val,current_repo_v1
11059,442.36,0.25399559384016923,,10,1,val,current_repo_v1
11060,442.4,0.3622250711461599,,10,1,val,current_repo_v1
11061,442.44,0.03229004683578196,,10,1,val,current_repo_v1
11062,442.48,-0.08031852992007625,,10,1,val,current_repo_v1
11063,442.52,-0.047602595334535334,,10,1,val,current_repo_v1
11064,442.56,0.002232052768402269,,10,1,val,current_repo_v1
11065,442.6,0.39677794616325124,,10,1,val,current_repo_v1
11066,442.64,0.3661858667873063,,10,1,val,current_repo_v1
11067,442.68,0.06202037068545198,,10,1,val,current_repo_v1
11068,442.72,0.1986857579742392,,10,1,val,current_repo_v1
11069,442.76,0.11348481870863729,,10,1,val,current_repo_v1
11070,442.8,-0.07936752569637065,,10,1,val,current_repo_v1
11071,442.84,-0.159940546298751,,10,1,val,current_repo_v1
11072,442.88,-0.043547253228450725,,10,1,val,current_repo_v1
11073,442.92,-0.19129343784663558,,10,1,val,current_repo_v1
11074,442.96,0.09648263409396965,,10,1,val,current_repo_v1
11075,443.0,0.2599787737580692,,10,1,val,current_repo_v1
11076,443.04,0.6397912459777635,,10,1,val,current_repo_v1
11077,443.08,0.6943887629295203,,10,1,val,current_repo_v1
11078,443.12,0.66418709164874,,10,1,val,current_repo_v1
11079,443.16,0.6502540070686726,,10,1,val,current_repo_v1
11080,443.2,0.6030366099915455,,10,1,val,current_repo_v1
11081,443.24,0.5554434011579469,,10,1,val,current_repo_v1
11082,443.28,0.42132186553518663,,10,1,val,current_repo_v1
11083,443.32,0.07217625694480166,,10,1,val,current_repo_v1
11084,443.36,-0.1884908089229353,,10,1,val,current_repo_v1
11085,443.4,-0.07045149289329769,,10,1,val,current_repo_v1
11086,443.44,0.1666974420795738,,10,1,val,current_repo_v1
11087,443.48,0.20971039017508133,,10,1,val,current_repo_v1
11088,443.52,0.21568104010344055,,10,1,val,current_repo_v1
11089,443.56,-0.06901311604133226,,10,1,val,current_repo_v1
11090,443.6,-0.23366465263571629,,10,1,val,current_repo_v1
11091,443.64,-0.04792986986836477,,10,1,val,current_repo_v1
11092,443.68,-0.31048856847287565,,10,1,val,current_repo_v1
11093,443.72,-0.6009801529362162,,10,1,val,current_repo_v1
11094,443.76,-0.4291526693494034,,10,1,val,current_repo_v1
11095,443.8,-0.1740078776264067,,10,1,val,current_repo_v1
11096,443.84,-0.018020674922391004,,10,1,val,current_repo_v1
11097,443.88,0.005605477671778464,,10,1,val,current_repo_v1
11098,443.92,-0.2965823464317887,,10,1,val,current_repo_v1
11099,443.96,-0.2592878877207421,,10,1,val,current_repo_v1
11100,444.0,-0.413757005253363,,10,1,val,current_repo_v1
11101,444.04,-0.21960264105800595,,10,1,val,current_repo_v1
11102,444.08,0.4624729890795646,,10,1,val,current_repo_v1
11103,444.12,0.5006818952202706,,10,1,val,current_repo_v1
11104,444.16,0.5904889465708056,,10,1,val,current_repo_v1
11105,444.2,0.28211280243987474,,10,1,val,current_repo_v1
11106,444.24,0.08822093053417764,,10,1,val,current_repo_v1
11107,444.28,-0.04821381701730853,,10,1,val,current_repo_v1
11108,444.32,0.14488101565896974,,10,1,val,current_repo_v1
11109,444.36,-0.05031461264966193,,10,1,val,current_repo_v1
11110,444.4,0.46421654811537966,,10,1,val,current_repo_v1
11111,444.44,0.6114652921487965,,10,1,val,current_repo_v1
11112,444.48,0.45497161407808073,,10,1,val,current_repo_v1
11113,444.52,0.22863067438162304,,10,1,val,current_repo_v1
11114,444.56,0.09358183160309566,,10,1,val,current_repo_v1
11115,444.6,-0.20027735241760652,,10,1,val,current_repo_v1
11116,444.64,-0.11964317667329218,,10,1,val,current_repo_v1
11117,444.68,-0.17405294162387785,,10,1,val,current_repo_v1
11118,444.72,0.1347604331947121,,10,1,val,current_repo_v1
11119,444.76,0.3035612868167364,,10,1,val,current_repo_v1
11120,444.8,0.24750954367536687,,10,1,val,current_repo_v1
11121,444.84,-0.1805490157803128,,10,1,val,current_repo_v1
11122,444.88,-0.21807450991254068,,10,1,val,current_repo_v1
11123,444.92,-0.26967663394360974,,10,1,val,current_repo_v1
11124,444.96,0.10707328900794577,,10,1,val,current_repo_v1
11125,445.0,0.3314806095114491,,10,1,val,current_repo_v1
11126,445.04,0.5504888234691541,,10,1,val,current_repo_v1
11127,445.08,0.5239442384690024,,10,1,val,current_repo_v1
11128,445.12,0.17028308543738235,,10,1,val,current_repo_v1
11129,445.16,0.09109544202945383,,10,1,val,current_repo_v1
11130,445.2,0.14885790244457897,,10,1,val,current_repo_v1
11131,445.24,-0.22306344615160056,,10,1,val,current_repo_v1
11132,445.28,-0.6052900296894805,,10,1,val,current_repo_v1
11133,445.32,-0.37634601763958736,,10,1,val,current_repo_v1
11134,445.36,0.04143957709306881,,10,1,val,current_repo_v1
11135,445.4,0.06715876551905152,,10,1,val,current_repo_v1
11136,445.44,-0.14749452967035576,,10,1,val,current_repo_v1
11137,445.48,-0.3307822494452732,,10,1,val,current_repo_v1
11138,445.52,-0.01786209361616817,,10,1,val,current_repo_v1
11139,445.56,0.017318775683730754,,10,1,val,current_repo_v1
11140,445.6,-0.4214015738546161,,10,1,val,current_repo_v1
11141,445.64,-0.7928217668340409,,10,1,val,current_repo_v1
11142,445.68,-0.6202325478129013,,10,1,val,current_repo_v1
11143,445.72,-0.30873230358801745,,10,1,val,current_repo_v1
11144,445.76,-0.36899368356632517,,10,1,val,current_repo_v1
11145,445.8,-0.8716340820991294,,10,1,val,current_repo_v1
11146,445.84,-0.5796283473207585,,10,1,val,current_repo_v1
11147,445.88,-0.7114127101576009,,10,1,val,current_repo_v1
11148,445.92,-0.657830254253272,,10,1,val,current_repo_v1
11149,445.96,-0.7126394620809543,,10,1,val,current_repo_v1
11150,446.0,-0.23929400323493555,,10,1,val,current_repo_v1
11151,446.04,0.3861123311364085,,10,1,val,current_repo_v1
11152,446.08,0.5104979329913746,,10,1,val,current_repo_v1
11153,446.12,0.4512751352689309,,10,1,val,current_repo_v1
11154,446.16,0.37227130900580907,,10,1,val,current_repo_v1
11155,446.2,0.4769122852370784,,10,1,val,current_repo_v1
11156,446.24,0.29328990482923384,,10,1,val,current_repo_v1
11157,446.28,0.2604031667020584,,10,1,val,current_repo_v1
11158,446.32,0.08461145821380382,,10,1,val,current_repo_v1
11159,446.36,-0.3260969346369798,,10,1,val,current_repo_v1
11160,446.4,-0.6183803955343996,,10,1,val,current_repo_v1
11161,446.44,-0.5590385409288811,,10,1,val,current_repo_v1
11162,446.48,-0.39628285769932686,,10,1,val,current_repo_v1
11163,446.52,-0.5570510207984637,,10,1,val,current_repo_v1
11164,446.56,-0.1853892847925935,,10,1,val,current_repo_v1
11165,446.6,0.06426165607772638,,10,1,val,current_repo_v1
11166,446.64,0.1101876288995196,,10,1,val,current_repo_v1
11167,446.68,0.1813568703691247,,10,1,val,current_repo_v1
11168,446.72,0.19913200146139245,,10,1,val,current_repo_v1
11169,446.76,0.06014812645880953,,10,1,val,current_repo_v1
11170,446.8,0.13206973884424256,,10,1,val,current_repo_v1
11171,446.84,0.06190549046555726,,10,1,val,current_repo_v1
11172,446.88,0.07619908702539367,,10,1,val,current_repo_v1
11173,446.92,0.2705793647339268,,10,1,val,current_repo_v1
11174,446.96,0.24022812494641782,,10,1,val,current_repo_v1
11175,447.0,0.47560969390334673,,10,1,val,current_repo_v1
11176,447.04,0.8963113909035794,,10,1,val,current_repo_v1
11177,447.08,1.1242979358930563,,10,1,val,current_repo_v1
11178,447.12,0.8810921578532479,,10,1,val,current_repo_v1
11179,447.16,0.8136931242891429,,10,1,val,current_repo_v1
11180,447.2,0.5848087725754141,,10,1,val,current_repo_v1
11181,447.24,0.13966889172901986,,10,1,val,current_repo_v1
11182,447.28,0.14502236273396457,,10,1,val,current_repo_v1
11183,447.32,0.13384956890241248,,10,1,val,current_repo_v1
11184,447.36,0.010150170825524073,,10,1,val,current_repo_v1
11185,447.4,0.18353264809678252,,10,1,val,current_repo_v1
11186,447.44,0.6029773453392615,,10,1,val,current_repo_v1
11187,447.48,0.6758035790046616,,10,1,val,current_repo_v1
11188,447.52,0.19656141915101188,,10,1,val,current_repo_v1
11189,447.56,0.13358802185757754,,10,1,val,current_repo_v1
11190,447.6,0.20144020139430208,,10,1,val,current_repo_v1
11191,447.64,0.03566417517716746,,10,1,val,current_repo_v1
11192,447.68,-0.17373540530998974,,10,1,val,current_repo_v1
11193,447.72,-0.024986579721728717,,10,1,val,current_repo_v1
11194,447.76,-0.06496599536698142,,10,1,val,current_repo_v1
11195,447.8,0.12344128029234884,,10,1,val,current_repo_v1
11196,447.84,0.26390831037267704,,10,1,val,current_repo_v1
11197,447.88,0.038856640652649786,,10,1,val,current_repo_v1
11198,447.92,0.004540032876933961,,10,1,val,current_repo_v1
11199,447.96,-0.2842070253233287,,10,1,val,current_repo_v1
