frame_idx,timestamp_s,y_pred,y_true,subject_id,story_id,split,manifest_id
0,0.0,1.0447843220645503,,9,1,val,current_repo_v1
1,0.04,1.0447843220645503,,9,1,val,current_repo_v1
2,0.08,1.0447843220645503,,9,1,val,current_repo_v1
3,0.12,1.0447843220645503,,9,1,val,current_repo_v1
4,0.16,0.3937311173480807,,9,1,val,current_repo_v1
5,0.2,0.5683483180815638,,9,1,val,current_repo_v1
6,0.24,0.8421596486194272,,9,1,val,current_repo_v1
7,0.28,0.7265811907303809,,9,1,val,current_repo_v1
8,0.32,0.9221806801857109,,9,1,val,current_repo_v1
9,0.36,0.7256657932643642,,9,1,val,current_repo_v1
10,0.4,0.46170982944137695,,9,1,val,current_repo_v1
11,0.44,0.6625835230398089,,9,1,val,current_repo_v1
12,0.48,0.44092455386814294,,9,1,val,current_repo_v1
13,0.52,0.37592477962249016,,9,1,val,current_repo_v1
14,0.56,0.6614082410532096,,9,1,val,current_repo_v1
15,0.6,0.7420296820844748,,9,1,val,current_repo_v1
16,0.64,0.7916321845107273,,9,1,val,current_repo_v1
17,0.68,0.5458444936087246,,9,1,val,current_repo_v1
18,0.72,0.7955908962253387,,9,1,val,current_repo_v1
19,0.76,1.0193972990070208,,9,1,val,current_repo_v1
20,0.8,0.6561772943559957,,9,1,val,current_repo_v1
21,0.84,0.8485043653122862,,9,1,val,current_repo_v1
22,0.88,0.7835699870033465,,9,1,val,current_repo_v1
23,0.92,1.0996562222510282,,9,1,val,current_repo_v1
24,0.96,0.8600505592639146,,9,1,val,current_repo_v1
25,1.0,0.8655410020871354,,9,1,val,current_repo_v1
26,1.04,1.2334191199852798,,9,1,val,current_repo_v1
27,1.08,0.8690064526903849,,9,1,val,current_repo_v1
28,1.12,0.5881361478346274,,9,1,val,current_repo_v1
29,1.16,1.1494918099721279,,9,1,val,current_repo_v1
30,1.2,1.0211295388154256,,9,1,val,current_repo_v1
31,1.24,0.6285826365291896,,9,1,val,current_repo_v1
32,1.28,0.6621969733381688,,9,1,val,current_repo_v1
33,1.32,0.6927013376794686,,9,1,val,current_repo_v1
34,1.36,1.0136925594765607,,9,1,val,current_repo_v1
35,1.4,1.2435286424007446,,9,1,val,current_repo_v1
36,1.44,1.9100260661309734,,9,1,val,current_repo_v1
37,1.48,2.2369690464087824,,9,1,val,current_repo_v1
38,1.52,2.373572273676412,,9,1,val,current_repo_v1
39,1.56,2.0010626475595954,,9,1,val,current_repo_v1
40,1.6,2.1098193431179637,,9,1,val,current_repo_v1
41,1.64,2.0226779708907974,,9,1,val,current_repo_v1
42,1.68,1.807578063668552,,9,1,val,current_repo_v1
43,1.72,1.6871662294800223,,9,1,val,current_repo_v1
44,1.76,1.4825209332539067,,9,1,val,current_repo_v1
45,1.8,1.094635251371397,,9,1,val,current_repo_v1
46,1.84,0.8865659656630065,,9,1,val,current_repo_v1
47,1.88,1.0072024861136801,,9,1,val,current_repo_v1
48,1.92,0.7045838813338052,,9,1,val,current_repo_v1
49,1.96,0.17364568025125246,,9,1,val,current_repo_v1
50,2.0,0.13825152529832344,,9,1,val,current_repo_v1
51,2.04,0.4281206411811856,,9,1,val,current_repo_v1
52,2.08,0.5190676491107463,,9,1,val,current_repo_v1
53,2.12,0.3702630062419863,,9,1,val,current_repo_v1
54,2.16,0.3872335188402926,,9,1,val,current_repo_v1
55,2.2,0.48652688345880907,,9,1,val,current_repo_v1
56,2.24,0.7279649435055815,,9,1,val,current_repo_v1
57,2.28,0.6592780910018201,,9,1,val,current_repo_v1
58,2.32,0.7923311976486592,,9,1,val,current_repo_v1
59,2.36,0.8565721945410172,,9,1,val,current_repo_v1
60,2.4,0.8196574262742133,,9,1,val,current_repo_v1
61,2.44,0.5945185388013464,,9,1,val,current_repo_v1
62,2.48,0.52242065948428,,9,1,val,current_repo_v1
63,2.52,1.0266720265118137,,9,1,val,current_repo_v1
64,2.56,1.6495298240912417,,9,1,val,current_repo_v1
65,2.6,1.3137109596695928,,9,1,val,current_repo_v1
66,2.64,1.3386216167798108,,9,1,val,current_repo_v1
67,2.68,1.1737790937880657,,9,1,val,current_repo_v1
68,2.72,1.0578059299112859,,9,1,val,current_repo_v1
69,2.76,1.1467609106105028,,9,1,val,current_repo_v1
70,2.8,0.8822180825833676,,9,1,val,current_repo_v1
71,2.84,0.737841234978233,,9,1,val,current_repo_v1
72,2.88,0.9476395562397774,,9,1,val,current_repo_v1
73,2.92,0.8396002254630512,,9,1,val,current_repo_v1
74,2.96,0.9622439690818498,,9,1,val,current_repo_v1
75,3.0,0.8744453361336583,,9,1,val,current_repo_v1
76,3.04,0.7621147793360492,,9,1,val,current_repo_v1
77,3.08,0.8335190344899238,,9,1,val,current_repo_v1
78,3.12,0.952140660979599,,9,1,val,current_repo_v1
79,3.16,0.8766029651012909,,9,1,val,current_repo_v1
80,3.2,1.0338871354492098,,9,1,val,current_repo_v1
81,3.24,1.0766910335713706,,9,1,val,current_repo_v1
82,3.28,1.0932983972412333,,9,1,val,current_repo_v1
83,3.32,1.1033028589239238,,9,1,val,current_repo_v1
84,3.36,1.2359284402413677,,9,1,val,current_repo_v1
85,3.4,1.3775360345205099,,9,1,val,current_repo_v1
86,3.44,1.1985714847499298,,9,1,val,current_repo_v1
87,3.48,1.2336422526691204,,9,1,val,current_repo_v1
88,3.52,1.303857486378274,,9,1,val,current_repo_v1
89,3.56,0.9919659610993703,,9,1,val,current_repo_v1
90,3.6,1.03823725179766,,9,1,val,current_repo_v1
91,3.64,0.8681193594790851,,9,1,val,current_repo_v1
92,3.68,1.35819233396496,,9,1,val,current_repo_v1
93,3.72,1.2919779527819004,,9,1,val,current_repo_v1
94,3.76,0.8999044063850127,,9,1,val,current_repo_v1
95,3.8,1.159537538578505,,9,1,val,current_repo_v1
96,3.84,1.196120520778867,,9,1,val,current_repo_v1
97,3.88,1.0338749981187139,,9,1,val,current_repo_v1
98,3.92,1.2240728900100546,,9,1,val,current_repo_v1
99,3.96,1.2575665817539026,,9,1,val,current_repo_v1
100,4.0,1.064877235756964,,9,1,val,current_repo_v1
101,4.04,1.0635576651854268,,9,1,val,current_repo_v1
102,4.08,1.280737910854706,,9,1,val,current_repo_v1
103,4.12,1.2732516054047047,,9,1,val,current_repo_v1
104,4.16,1.4947071043679339,,9,1,val,current_repo_v1
105,4.2,1.5189992431160702,,9,1,val,current_repo_v1
106,4.24,1.6700178321659649,,9,1,val,current_repo_v1
107,4.28,2.0847737188926287,,9,1,val,current_repo_v1
108,4.32,1.5535795657845741,,9,1,val,current_repo_v1
109,4.36,1.811400643084319,,9,1,val,current_repo_v1
110,4.4,1.4500368732100473,,9,1,val,current_repo_v1
111,4.44,1.3252194793473613,,9,1,val,current_repo_v1
112,4.48,1.4775837585040206,,9,1,val,current_repo_v1
113,4.52,1.4850094744001852,,9,1,val,current_repo_v1
114,4.56,1.2048756142096098,,9,1,val,current_repo_v1
115,4.6,1.0494544755435218,,9,1,val,current_repo_v1
116,4.64,1.0208645566160346,,9,1,val,current_repo_v1
117,4.68,0.6049838791976351,,9,1,val,current_repo_v1
118,4.72,0.19286958535480572,,9,1,val,current_repo_v1
119,4.76,0.2450615144184204,,9,1,val,current_repo_v1
120,4.8,0.1866974615016014,,9,1,val,current_repo_v1
121,4.84,0.32092084955487554,,9,1,val,current_repo_v1
122,4.88,0.7689766434066865,,9,1,val,current_repo_v1
123,4.92,1.280375830011346,,9,1,val,current_repo_v1
124,4.96,1.3130057322184467,,9,1,val,current_repo_v1
125,5.0,1.1506167948611514,,9,1,val,current_repo_v1
126,5.04,1.0269128311488567,,9,1,val,current_repo_v1
127,5.08,1.0187960642035654,,9,1,val,current_repo_v1
128,5.12,1.1240604128343046,,9,1,val,current_repo_v1
129,5.16,1.3392103258581942,,9,1,val,current_repo_v1
130,5.2,1.5395024956778967,,9,1,val,current_repo_v1
131,5.24,1.5531442725636615,,9,1,val,current_repo_v1
132,5.28,1.5915212493099928,,9,1,val,current_repo_v1
133,5.32,1.3370279367363496,,9,1,val,current_repo_v1
134,5.36,1.3624111729467643,,9,1,val,current_repo_v1
135,5.4,1.7377526810149333,,9,1,val,current_repo_v1
136,5.44,1.7979394696763362,,9,1,val,current_repo_v1
137,5.48,1.8702156221037296,,9,1,val,current_repo_v1
138,5.52,1.5653822943535682,,9,1,val,current_repo_v1
139,5.56,1.5374765324714859,,9,1,val,current_repo_v1
140,5.6,1.1057495505546517,,9,1,val,current_repo_v1
141,5.64,0.92863744871371,,9,1,val,current_repo_v1
142,5.68,0.7592388146003347,,9,1,val,current_repo_v1
143,5.72,0.7974670362241056,,9,1,val,current_repo_v1
144,5.76,0.5706848998500311,,9,1,val,current_repo_v1
145,5.8,0.032740612867221006,,9,1,val,current_repo_v1
146,5.84,0.672501712577333,,9,1,val,current_repo_v1
147,5.88,1.0932510131029765,,9,1,val,current_repo_v1
148,5.92,0.9480918417233845,,9,1,val,current_repo_v1
149,5.96,0.7775598722376043,,9,1,val,current_repo_v1
150,6.0,0.530391292970398,,9,1,val,current_repo_v1
151,6.04,0.2685535846149141,,9,1,val,current_repo_v1
152,6.08,0.4574730272104385,,9,1,val,current_repo_v1
153,6.12,0.6035302639480988,,9,1,val,current_repo_v1
154,6.16,0.6506764134285483,,9,1,val,current_repo_v1
155,6.2,0.36381492804262244,,9,1,val,current_repo_v1
156,6.24,0.7094917322932126,,9,1,val,current_repo_v1
157,6.28,0.7381930719146542,,9,1,val,current_repo_v1
158,6.32,0.7040397890823256,,9,1,val,current_repo_v1
159,6.36,0.6530369785620759,,9,1,val,current_repo_v1
160,6.4,0.941086562955605,,9,1,val,current_repo_v1
161,6.44,1.0550549311303592,,9,1,val,current_repo_v1
162,6.48,0.827538923205168,,9,1,val,current_repo_v1
163,6.52,0.8364969528018057,,9,1,val,current_repo_v1
164,6.56,0.46859290956572147,,9,1,val,current_repo_v1
165,6.6,0.3114337779965734,,9,1,val,current_repo_v1
166,6.64,0.32193834624502554,,9,1,val,current_repo_v1
167,6.68,0.44057368791816137,,9,1,val,current_repo_v1
168,6.72,0.7815755808562256,,9,1,val,current_repo_v1
169,6.76,1.0374832808272416,,9,1,val,current_repo_v1
170,6.8,0.7140610488304225,,9,1,val,current_repo_v1
171,6.84,0.46204933485001415,,9,1,val,current_repo_v1
172,6.88,0.4984215644436418,,9,1,val,current_repo_v1
173,6.92,0.787491412838674,,9,1,val,current_repo_v1
174,6.96,0.7878858275304756,,9,1,val,current_repo_v1
175,7.0,0.8618830048728955,,9,1,val,current_repo_v1
176,7.04,0.6934802630013871,,9,1,val,current_repo_v1
177,7.08,0.7086901344379275,,9,1,val,current_repo_v1
178,7.12,0.4393464581570386,,9,1,val,current_repo_v1
179,7.16,0.7951525929464632,,9,1,val,current_repo_v1
180,7.2,0.7097038928302847,,9,1,val,current_repo_v1
181,7.24,1.270838218608858,,9,1,val,current_repo_v1
182,7.28,1.8549610367416414,,9,1,val,current_repo_v1
183,7.32,1.787157636250031,,9,1,val,current_repo_v1
184,7.36,1.4912515578263692,,9,1,val,current_repo_v1
185,7.4,1.4954954482583174,,9,1,val,current_repo_v1
186,7.44,1.5072806019727532,,9,1,val,current_repo_v1
187,7.48,1.5811625717741038,,9,1,val,current_repo_v1
188,7.52,1.718301298063222,,9,1,val,current_repo_v1
189,7.56,1.813672945550479,,9,1,val,current_repo_v1
190,7.6,1.522217868966351,,9,1,val,current_repo_v1
191,7.64,1.7220287208078995,,9,1,val,current_repo_v1
192,7.68,1.8632625824064053,,9,1,val,current_repo_v1
193,7.72,1.7905580307618214,,9,1,val,current_repo_v1
194,7.76,1.8319375888756027,,9,1,val,current_repo_v1
195,7.8,1.859815774742798,,9,1,val,current_repo_v1
196,7.84,1.809234760731949,,9,1,val,current_repo_v1
197,7.88,1.6336378832301417,,9,1,val,current_repo_v1
198,7.92,1.782120158600925,,9,1,val,current_repo_v1
199,7.96,1.3137675681790266,,9,1,val,current_repo_v1
200,8.0,1.4473839440595293,,9,1,val,current_repo_v1
201,8.04,1.5125303372575751,,9,1,val,current_repo_v1
202,8.08,1.19327727828617,,9,1,val,current_repo_v1
203,8.12,1.4907416928468886,,9,1,val,current_repo_v1
204,8.16,1.3993504100718481,,9,1,val,current_repo_v1
205,8.2,1.212558641512292,,9,1,val,current_repo_v1
206,8.24,1.0094240059890445,,9,1,val,current_repo_v1
207,8.28,1.2959793878998582,,9,1,val,current_repo_v1
208,8.32,1.8228477964190992,,9,1,val,current_repo_v1
209,8.36,1.8351488352289416,,9,1,val,current_repo_v1
210,8.4,1.5568345065276992,,9,1,val,current_repo_v1
211,8.44,1.0983069394944365,,9,1,val,current_repo_v1
212,8.48,1.6733741438933936,,9,1,val,current_repo_v1
213,8.52,1.8954898165369671,,9,1,val,current_repo_v1
214,8.56,1.756663224519738,,9,1,val,current_repo_v1
215,8.6,1.9070866959807473,,9,1,val,current_repo_v1
216,8.64,1.8973214853567963,,9,1,val,current_repo_v1
217,8.68,2.0418726250278554,,9,1,val,current_repo_v1
218,8.72,1.97204316423119,,9,1,val,current_repo_v1
219,8.76,2.1951760422689817,,9,1,val,current_repo_v1
220,8.8,1.7544146141227064,,9,1,val,current_repo_v1
221,8.84,1.2843012368910762,,9,1,val,current_repo_v1
222,8.88,1.4011158576164904,,9,1,val,current_repo_v1
223,8.92,1.6695828302409843,,9,1,val,current_repo_v1
224,8.96,1.7687209341277945,,9,1,val,current_repo_v1
225,9.0,1.2187665462157988,,9,1,val,current_repo_v1
226,9.04,1.2060677913602598,,9,1,val,current_repo_v1
227,9.08,1.7736974338284879,,9,1,val,current_repo_v1
228,9.12,1.9237449393400496,,9,1,val,current_repo_v1
229,9.16,1.6893818263381042,,9,1,val,current_repo_v1
230,9.2,1.8454486709865854,,9,1,val,current_repo_v1
231,9.24,1.473819049880059,,9,1,val,current_repo_v1
232,9.28,1.477145261027857,,9,1,val,current_repo_v1
233,9.32,1.456687936124628,,9,1,val,current_repo_v1
234,9.36,0.7116864529428414,,9,1,val,current_repo_v1
235,9.4,0.21187395042434534,,9,1,val,current_repo_v1
236,9.44,0.5717608499238503,,9,1,val,current_repo_v1
237,9.48,1.1407569130593307,,9,1,val,current_repo_v1
238,9.52,0.5005504036633376,,9,1,val,current_repo_v1
239,9.56,0.7861794159613664,,9,1,val,current_repo_v1
240,9.6,0.5779429263880616,,9,1,val,current_repo_v1
241,9.64,0.13733964765815063,,9,1,val,current_repo_v1
242,9.68,0.27965402296674224,,9,1,val,current_repo_v1
243,9.72,0.0181282379363431,,9,1,val,current_repo_v1
244,9.76,-0.49309463573686463,,9,1,val,current_repo_v1
245,9.8,-0.30549333150787883,,9,1,val,current_repo_v1
246,9.84,0.34309198979881644,,9,1,val,current_repo_v1
247,9.88,0.9442932456726776,,9,1,val,current_repo_v1
248,9.92,0.6438450383321171,,9,1,val,current_repo_v1
249,9.96,0.34253585731548464,,9,1,val,current_repo_v1
250,10.0,-0.0715770179161563,,9,1,val,current_repo_v1
251,10.04,-0.14020595107879022,,9,1,val,current_repo_v1
252,10.08,-0.5032938772993566,,9,1,val,current_repo_v1
253,10.12,-0.8446013882193129,,9,1,val,current_repo_v1
254,10.16,-0.30951112774734546,,9,1,val,current_repo_v1
255,10.2,-0.05457171972864813,,9,1,val,current_repo_v1
256,10.24,-0.6807172288435406,,9,1,val,current_repo_v1
257,10.28,-0.9683899248505045,,9,1,val,current_repo_v1
258,10.32,-0.8779927379924176,,9,1,val,current_repo_v1
259,10.36,-1.2703369954086907,,9,1,val,current_repo_v1
260,10.4,-1.0698155756905776,,9,1,val,current_repo_v1
261,10.44,-0.2561609089598259,,9,1,val,current_repo_v1
262,10.48,-0.23362691108337327,,9,1,val,current_repo_v1
263,10.52,-0.13128661529177416,,9,1,val,current_repo_v1
264,10.56,0.07252751047330248,,9,1,val,current_repo_v1
265,10.6,0.46892314205385965,,9,1,val,current_repo_v1
266,10.64,0.19992482137490708,,9,1,val,current_repo_v1
267,10.68,0.3999981551257646,,9,1,val,current_repo_v1
268,10.72,0.5090165800789509,,9,1,val,current_repo_v1
269,10.76,0.32394277782713626,,9,1,val,current_repo_v1
270,10.8,0.18352840450906682,,9,1,val,current_repo_v1
271,10.84,0.14041427621942545,,9,1,val,current_repo_v1
272,10.88,0.2646834996875851,,9,1,val,current_repo_v1
273,10.92,0.6365260338456743,,9,1,val,current_repo_v1
274,10.96,0.3624342338747068,,9,1,val,current_repo_v1
275,11.0,0.48541092874367464,,9,1,val,current_repo_v1
276,11.04,0.8082467334802436,,9,1,val,current_repo_v1
277,11.08,0.681443186855174,,9,1,val,current_repo_v1
278,11.12,0.6805895926760435,,9,1,val,current_repo_v1
279,11.16,0.575375978086778,,9,1,val,current_repo_v1
280,11.2,0.6712899700499233,,9,1,val,current_repo_v1
281,11.24,0.684592192977729,,9,1,val,current_repo_v1
282,11.28,0.8383252231690959,,9,1,val,current_repo_v1
283,11.32,0.7013885106087551,,9,1,val,current_repo_v1
284,11.36,0.6871540436002042,,9,1,val,current_repo_v1
285,11.4,0.356273130717593,,9,1,val,current_repo_v1
286,11.44,0.2335846488985858,,9,1,val,current_repo_v1
287,11.48,0.002117739630957185,,9,1,val,current_repo_v1
288,11.52,0.44564379071164084,,9,1,val,current_repo_v1
289,11.56,0.4412470670140856,,9,1,val,current_repo_v1
290,11.6,0.10862333057087692,,9,1,val,current_repo_v1
291,11.64,-0.10054909283164407,,9,1,val,current_repo_v1
292,11.68,0.3178416088080122,,9,1,val,current_repo_v1
293,11.72,0.046299928729595326,,9,1,val,current_repo_v1
294,11.76,0.10927949893215766,,9,1,val,current_repo_v1
295,11.8,0.1270962990366358,,9,1,val,current_repo_v1
296,11.84,0.07719919325591658,,9,1,val,current_repo_v1
297,11.88,-0.3664430484896063,,9,1,val,current_repo_v1
298,11.92,-0.4381643307160394,,9,1,val,current_repo_v1
299,11.96,-0.23579951751683811,,9,1,val,current_repo_v1
300,12.0,-0.08125867515697209,,9,1,val,current_repo_v1
301,12.04,0.026495956326971916,,9,1,val,current_repo_v1
302,12.08,-0.17590929238877714,,9,1,val,current_repo_v1
303,12.12,-0.6715135882269836,,9,1,val,current_repo_v1
304,12.16,-0.6853187821305482,,9,1,val,current_repo_v1
305,12.2,-0.6365815742700245,,9,1,val,current_repo_v1
306,12.24,-0.50187866456351,,9,1,val,current_repo_v1
307,12.28,-0.88020124664949,,9,1,val,current_repo_v1
308,12.32,-1.1604891052894002,,9,1,val,current_repo_v1
309,12.36,-1.1851670169500248,,9,1,val,current_repo_v1
310,12.4,-0.8773404293022345,,9,1,val,current_repo_v1
311,12.44,-0.5846401111585277,,9,1,val,current_repo_v1
312,12.48,-0.7167814615384989,,9,1,val,current_repo_v1
313,12.52,-0.8404756668370748,,9,1,val,current_repo_v1
314,12.56,-0.6029168918141473,,9,1,val,current_repo_v1
315,12.6,-0.20067612213261635,,9,1,val,current_repo_v1
316,12.64,-0.6671502664629537,,9,1,val,current_repo_v1
317,12.68,-0.9480528080685089,,9,1,val,current_repo_v1
318,12.72,-0.7188321363497998,,9,1,val,current_repo_v1
319,12.76,-0.9241543072230225,,9,1,val,current_repo_v1
320,12.8,-0.6438792656041162,,9,1,val,current_repo_v1
321,12.84,-0.6362360001961392,,9,1,val,current_repo_v1
322,12.88,-0.19529200232454152,,9,1,val,current_repo_v1
323,12.92,0.0682724051479759,,9,1,val,current_repo_v1
324,12.96,0.11225574229243102,,9,1,val,current_repo_v1
325,13.0,0.3604212818865878,,9,1,val,current_repo_v1
326,13.04,0.1334257469677307,,9,1,val,current_repo_v1
327,13.08,0.21385083026622992,,9,1,val,current_repo_v1
328,13.12,0.2750957271256228,,9,1,val,current_repo_v1
329,13.16,0.15688028853833041,,9,1,val,current_repo_v1
330,13.2,0.21933066506259707,,9,1,val,current_repo_v1
331,13.24,-0.06747088618533897,,9,1,val,current_repo_v1
332,13.28,-0.41208052778938914,,9,1,val,current_repo_v1
333,13.32,-0.7894038677302853,,9,1,val,current_repo_v1
334,13.36,-1.0867997791976836,,9,1,val,current_repo_v1
335,13.4,-0.6277656970881573,,9,1,val,current_repo_v1
336,13.44,-0.308741766641858,,9,1,val,current_repo_v1
337,13.48,-0.7803335921012196,,9,1,val,current_repo_v1
338,13.52,-0.9755749332082703,,9,1,val,current_repo_v1
339,13.56,-0.7435854936567884,,9,1,val,current_repo_v1
340,13.6,-0.6367316887736004,,9,1,val,current_repo_v1
341,13.64,-0.5882114963823473,,9,1,val,current_repo_v1
342,13.68,-0.16862055840459161,,9,1,val,current_repo_v1
343,13.72,0.0026914226941863652,,9,1,val,current_repo_v1
344,13.76,-0.026580295602256766,,9,1,val,current_repo_v1
345,13.8,0.11277507438969861,,9,1,val,current_repo_v1
346,13.84,0.2835335264625362,,9,1,val,current_repo_v1
347,13.88,0.2417989271570828,,9,1,val,current_repo_v1
348,13.92,0.27561590883602516,,9,1,val,current_repo_v1
349,13.96,0.2914292968941542,,9,1,val,current_repo_v1
350,14.0,-0.043679755199753756,,9,1,val,current_repo_v1
351,14.04,0.15788899780120122,,9,1,val,current_repo_v1
352,14.08,0.44413138223318144,,9,1,val,current_repo_v1
353,14.12,0.15819281945817987,,9,1,val,current_repo_v1
354,14.16,0.12569198562357478,,9,1,val,current_repo_v1
355,14.2,0.15047546778485466,,9,1,val,current_repo_v1
356,14.24,0.10486638983843272,,9,1,val,current_repo_v1
357,14.28,-0.07262138665602466,,9,1,val,current_repo_v1
358,14.32,0.3986040613449813,,9,1,val,current_repo_v1
359,14.36,0.09398589812118979,,9,1,val,current_repo_v1
360,14.4,0.24773068331714213,,9,1,val,current_repo_v1
361,14.44,0.17858302492376543,,9,1,val,current_repo_v1
362,14.48,0.038995222018476904,,9,1,val,current_repo_v1
363,14.52,0.09800456824845212,,9,1,val,current_repo_v1
364,14.56,0.18669161130830228,,9,1,val,current_repo_v1
365,14.6,0.16318160213733535,,9,1,val,current_repo_v1
366,14.64,0.162748906305149,,9,1,val,current_repo_v1
367,14.68,0.19848414451967972,,9,1,val,current_repo_v1
368,14.72,0.8292495100159679,,9,1,val,current_repo_v1
369,14.76,0.9303053121211635,,9,1,val,current_repo_v1
370,14.8,0.7198971142768505,,9,1,val,current_repo_v1
371,14.84,0.33273853131504094,,9,1,val,current_repo_v1
372,14.88,0.33812881688700774,,9,1,val,current_repo_v1
373,14.92,0.19346817422021292,,9,1,val,current_repo_v1
374,14.96,0.4671172529240043,,9,1,val,current_repo_v1
375,15.0,0.38920933059709356,,9,1,val,current_repo_v1
376,15.04,0.32631720379209045,,9,1,val,current_repo_v1
377,15.08,0.08134732015025044,,9,1,val,current_repo_v1
378,15.12,-0.08371883922455081,,9,1,val,current_repo_v1
379,15.16,-0.2880831077003594,,9,1,val,current_repo_v1
380,15.2,-0.34073268694766046,,9,1,val,current_repo_v1
381,15.24,-0.34944090600802713,,9,1,val,current_repo_v1
382,15.28,-0.27932031920208217,,9,1,val,current_repo_v1
383,15.32,-0.520644579638123,,9,1,val,current_repo_v1
384,15.36,-1.0745668065372633,,9,1,val,current_repo_v1
385,15.4,-1.1813916274752265,,9,1,val,current_repo_v1
386,15.44,-1.0915345032748944,,9,1,val,current_repo_v1
387,15.48,-1.2756717891056293,,9,1,val,current_repo_v1
388,15.52,-1.4804073870706358,,9,1,val,current_repo_v1
389,15.56,-1.398168331180171,,9,1,val,current_repo_v1
390,15.6,-1.286386818664884,,9,1,val,current_repo_v1
391,15.64,-1.319667573082508,,9,1,val,current_repo_v1
392,15.68,-1.0477851556564086,,9,1,val,current_repo_v1
393,15.72,-0.4907868437163341,,9,1,val,current_repo_v1
394,15.76,-0.3085540749630661,,9,1,val,current_repo_v1
395,15.8,0.06139502956896455,,9,1,val,current_repo_v1
396,15.84,-0.13912808330675258,,9,1,val,current_repo_v1
397,15.88,0.001869264201040801,,9,1,val,current_repo_v1
398,15.92,-0.540287635313029,,9,1,val,current_repo_v1
399,15.96,-0.0676349828936464,,9,1,val,current_repo_v1
400,16.0,-0.07438064416211396,,9,1,val,current_repo_v1
401,16.04,-0.11638102673077119,,9,1,val,current_repo_v1
402,16.08,-0.03038741205897189,,9,1,val,current_repo_v1
403,16.12,-0.06616821077785238,,9,1,val,current_repo_v1
404,16.16,-0.0912493245575579,,9,1,val,current_repo_v1
405,16.2,-0.36719315978892697,,9,1,val,current_repo_v1
406,16.24,-0.16202697788724033,,9,1,val,current_repo_v1
407,16.28,-0.33065860553724435,,9,1,val,current_repo_v1
408,16.32,0.10403541964334698,,9,1,val,current_repo_v1
409,16.36,0.030064865535370366,,9,1,val,current_repo_v1
410,16.4,-0.18994526549439475,,9,1,val,current_repo_v1
411,16.44,-0.41495056950782155,,9,1,val,current_repo_v1
412,16.48,-0.5508629399236125,,9,1,val,current_repo_v1
413,16.52,-0.427429784329347,,9,1,val,current_repo_v1
414,16.56,-0.14327963292828633,,9,1,val,current_repo_v1
415,16.6,-0.160414460706849,,9,1,val,current_repo_v1
416,16.64,-0.6110436599197674,,9,1,val,current_repo_v1
417,16.68,-0.773406866136411,,9,1,val,current_repo_v1
418,16.72,-0.7784582774409264,,9,1,val,current_repo_v1
419,16.76,-0.8032819827154704,,9,1,val,current_repo_v1
420,16.8,-0.9249711010160888,,9,1,val,current_repo_v1
421,16.84,-1.0642080319027305,,9,1,val,current_repo_v1
422,16.88,-0.9478459879568552,,9,1,val,current_repo_v1
423,16.92,-1.1549354512489556,,9,1,val,current_repo_v1
424,16.96,-0.910873348898246,,9,1,val,current_repo_v1
425,17.0,-0.8177525450768317,,9,1,val,current_repo_v1
426,17.04,-0.7663111885310966,,9,1,val,current_repo_v1
427,17.08,-0.7683274418731105,,9,1,val,current_repo_v1
428,17.12,-0.8497533451696581,,9,1,val,current_repo_v1
429,17.16,-1.2292527142712188,,9,1,val,current_repo_v1
430,17.2,-1.3144889140050715,,9,1,val,current_repo_v1
431,17.24,-0.8285268048089074,,9,1,val,current_repo_v1
432,17.28,-0.8679489513589198,,9,1,val,current_repo_v1
433,17.32,-1.0600727948533835,,9,1,val,current_repo_v1
434,17.36,-0.7554736690324751,,9,1,val,current_repo_v1
435,17.4,-1.0638800326834035,,9,1,val,current_repo_v1
436,17.44,-1.14256925924901,,9,1,val,current_repo_v1
437,17.48,-1.0080995804853088,,9,1,val,current_repo_v1
438,17.52,-1.1719832543678612,,9,1,val,current_repo_v1
439,17.56,-1.142485463119265,,9,1,val,current_repo_v1
440,17.6,-0.9595103509581937,,9,1,val,current_repo_v1
441,17.64,-1.133187879564668,,9,1,val,current_repo_v1
442,17.68,-1.0269976953636855,,9,1,val,current_repo_v1
443,17.72,-1.1313097975930217,,9,1,val,current_repo_v1
444,17.76,-1.049650420607051,,9,1,val,current_repo_v1
445,17.8,-1.2501958236902242,,9,1,val,current_repo_v1
446,17.84,-1.302943011349375,,9,1,val,current_repo_v1
447,17.88,-1.2176772936277558,,9,1,val,current_repo_v1
448,17.92,-0.8938186517756186,,9,1,val,current_repo_v1
449,17.96,-0.9232040998931429,,9,1,val,current_repo_v1
450,18.0,-0.9036465881235736,,9,1,val,current_repo_v1
451,18.04,-0.9565864194923586,,9,1,val,current_repo_v1
452,18.08,-1.1435483048761483,,9,1,val,current_repo_v1
453,18.12,-1.0864996472891757,,9,1,val,current_repo_v1
454,18.16,-1.5584301285440398,,9,1,val,current_repo_v1
455,18.2,-1.7078307628894809,,9,1,val,current_repo_v1
456,18.24,-1.263279186274524,,9,1,val,current_repo_v1
457,18.28,-0.39058230542281364,,9,1,val,current_repo_v1
458,18.32,-0.6010748334394136,,9,1,val,current_repo_v1
459,18.36,0.09528676506643247,,9,1,val,current_repo_v1
460,18.4,0.2673817253555145,,9,1,val,current_repo_v1
461,18.44,0.6935595440441876,,9,1,val,current_repo_v1
462,18.48,0.4097690945697098,,9,1,val,current_repo_v1
463,18.52,1.0459859177836652,,9,1,val,current_repo_v1
464,18.56,1.3209527707340802,,9,1,val,current_repo_v1
465,18.6,1.7244249211437637,,9,1,val,current_repo_v1
466,18.64,1.752141146472819,,9,1,val,current_repo_v1
467,18.68,1.8050480614012985,,9,1,val,current_repo_v1
468,18.72,1.6099301812200542,,9,1,val,current_repo_v1
469,18.76,1.6236207016250914,,9,1,val,current_repo_v1
470,18.8,1.699482221481036,,9,1,val,current_repo_v1
471,18.84,2.1348030184084466,,9,1,val,current_repo_v1
472,18.88,2.426870690337374,,9,1,val,current_repo_v1
473,18.92,2.4165574549668625,,9,1,val,current_repo_v1
474,18.96,1.9631699017507371,,9,1,val,current_repo_v1
475,19.0,1.3366843046353436,,9,1,val,current_repo_v1
476,19.04,1.4041215461405474,,9,1,val,current_repo_v1
477,19.08,1.0770854482631722,,9,1,val,current_repo_v1
478,19.12,0.507842803121333,,9,1,val,current_repo_v1
479,19.16,0.6697532869104716,,9,1,val,current_repo_v1
480,19.2,0.5712727350406188,,9,1,val,current_repo_v1
481,19.24,0.44435689383379917,,9,1,val,current_repo_v1
482,19.28,0.5438385812722932,,9,1,val,current_repo_v1
483,19.32,0.5377025295653234,,9,1,val,current_repo_v1
484,19.36,0.6059784606078084,,9,1,val,current_repo_v1
485,19.4,1.3242956828486412,,9,1,val,current_repo_v1
486,19.44,1.3616644843746435,,9,1,val,current_repo_v1
487,19.48,1.5962633528841452,,9,1,val,current_repo_v1
488,19.52,1.7649750626407628,,9,1,val,current_repo_v1
489,19.56,1.9127292923790673,,9,1,val,current_repo_v1
490,19.6,1.7839376510187348,,9,1,val,current_repo_v1
491,19.64,1.7271351384942233,,9,1,val,current_repo_v1
492,19.68,1.5640561210742412,,9,1,val,current_repo_v1
493,19.72,1.6113736496612956,,9,1,val,current_repo_v1
494,19.76,1.2770072838547772,,9,1,val,current_repo_v1
495,19.8,0.8403679844409133,,9,1,val,current_repo_v1
496,19.84,0.6530854307854164,,9,1,val,current_repo_v1
497,19.88,0.32001285586046146,,9,1,val,current_repo_v1
498,19.92,0.5739376558736669,,9,1,val,current_repo_v1
499,19.96,0.9889083248007899,,9,1,val,current_repo_v1
500,20.0,1.012486303022535,,9,1,val,current_repo_v1
501,20.04,1.4544507833675848,,9,1,val,current_repo_v1
502,20.08,1.152718592108502,,9,1,val,current_repo_v1
503,20.12,0.6645294284142674,,9,1,val,current_repo_v1
504,20.16,-0.19233275122696275,,9,1,val,current_repo_v1
505,20.2,-0.7531732565088862,,9,1,val,current_repo_v1
506,20.24,-0.5397906844531962,,9,1,val,current_repo_v1
507,20.28,0.016561879023828493,,9,1,val,current_repo_v1
508,20.32,-0.4423858884598747,,9,1,val,current_repo_v1
509,20.36,-0.5702721335145194,,9,1,val,current_repo_v1
510,20.4,-0.36126001997319107,,9,1,val,current_repo_v1
511,20.44,-0.09588736266003677,,9,1,val,current_repo_v1
512,20.48,-0.10394596751759064,,9,1,val,current_repo_v1
513,20.52,-0.31124717867752616,,9,1,val,current_repo_v1
514,20.56,-0.29197506409724233,,9,1,val,current_repo_v1
515,20.6,-0.4043677154776695,,9,1,val,current_repo_v1
516,20.64,-0.523241240124461,,9,1,val,current_repo_v1
517,20.68,-0.777832331032581,,9,1,val,current_repo_v1
518,20.72,-0.8372194638115782,,9,1,val,current_repo_v1
519,20.76,-1.2120662542887257,,9,1,val,current_repo_v1
520,20.8,-1.0248700698770392,,9,1,val,current_repo_v1
521,20.84,-0.8065437203636733,,9,1,val,current_repo_v1
522,20.88,-1.1605949428113262,,9,1,val,current_repo_v1
523,20.92,-1.6348370514831576,,9,1,val,current_repo_v1
524,20.96,-0.9376730601268788,,9,1,val,current_repo_v1
525,21.0,-0.7299561939467735,,9,1,val,current_repo_v1
526,21.04,-0.756341682360235,,9,1,val,current_repo_v1
527,21.08,-0.8124511533134184,,9,1,val,current_repo_v1
528,21.12,-1.310807710214923,,9,1,val,current_repo_v1
529,21.16,-1.2654657506380595,,9,1,val,current_repo_v1
530,21.2,-1.0609551302311289,,9,1,val,current_repo_v1
531,21.24,-1.0129347045603834,,9,1,val,current_repo_v1
532,21.28,-1.0885720236474037,,9,1,val,current_repo_v1
533,21.32,-1.3204898043996367,,9,1,val,current_repo_v1
534,21.36,-1.834305048012852,,9,1,val,current_repo_v1
535,21.4,-2.3579320125004792,,9,1,val,current_repo_v1
536,21.44,-2.0583508475012393,,9,1,val,current_repo_v1
537,21.48,-1.867012143641908,,9,1,val,current_repo_v1
538,21.52,-1.3800440924942263,,9,1,val,current_repo_v1
539,21.56,-1.2203880935700793,,9,1,val,current_repo_v1
540,21.6,-1.162333882426165,,9,1,val,current_repo_v1
541,21.64,-1.112452755441044,,9,1,val,current_repo_v1
542,21.68,-1.1717327398664215,,9,1,val,current_repo_v1
543,21.72,-1.2087130497179042,,9,1,val,current_repo_v1
544,21.76,-0.9930174423149094,,9,1,val,current_repo_v1
545,21.8,-0.8207244432727875,,9,1,val,current_repo_v1
546,21.84,-0.6046059712753081,,9,1,val,current_repo_v1
547,21.88,-0.6239086962031032,,9,1,val,current_repo_v1
548,21.92,-0.9440384588309032,,9,1,val,current_repo_v1
549,21.96,-0.6281495280277664,,9,1,val,current_repo_v1
550,22.0,-0.6730843044411463,,9,1,val,current_repo_v1
551,22.04,-1.1848703805927,,9,1,val,current_repo_v1
552,22.08,-1.4077548802992192,,9,1,val,current_repo_v1
553,22.12,-1.271783668105183,,9,1,val,current_repo_v1
554,22.16,-0.8275155224319715,,9,1,val,current_repo_v1
555,22.2,-1.0536698189741431,,9,1,val,current_repo_v1
556,22.24,-1.1393304368807837,,9,1,val,current_repo_v1
557,22.28,-0.9490880738105052,,9,1,val,current_repo_v1
558,22.32,-1.1932944647461525,,9,1,val,current_repo_v1
559,22.36,-1.282310714689714,,9,1,val,current_repo_v1
560,22.4,-1.2806813994439161,,9,1,val,current_repo_v1
561,22.44,-1.28993829866669,,9,1,val,current_repo_v1
562,22.48,-1.0582312219718695,,9,1,val,current_repo_v1
563,22.52,-0.9255711706358165,,9,1,val,current_repo_v1
564,22.56,-0.5235956016256255,,9,1,val,current_repo_v1
565,22.6,-0.4454915400378976,,9,1,val,current_repo_v1
566,22.64,-0.33773255732097074,,9,1,val,current_repo_v1
567,22.68,-0.9523800091369824,,9,1,val,current_repo_v1
568,22.72,-1.1043309393662664,,9,1,val,current_repo_v1
569,22.76,-0.8249821217121792,,9,1,val,current_repo_v1
570,22.8,-1.3326899577183955,,9,1,val,current_repo_v1
571,22.84,-1.2842906531388836,,9,1,val,current_repo_v1
572,22.88,-1.3006753696181257,,9,1,val,current_repo_v1
573,22.92,-1.2220618799948149,,9,1,val,current_repo_v1
574,22.96,-0.9870820935050232,,9,1,val,current_repo_v1
575,23.0,-1.1766637974017373,,9,1,val,current_repo_v1
576,23.04,-1.0630315847324034,,9,1,val,current_repo_v1
577,23.08,-1.0326527203884335,,9,1,val,current_repo_v1
578,23.12,-0.9193209309235392,,9,1,val,current_repo_v1
579,23.16,-0.9761403386121011,,9,1,val,current_repo_v1
580,23.2,-1.109864979480629,,9,1,val,current_repo_v1
581,23.24,-1.189451494615152,,9,1,val,current_repo_v1
582,23.28,-1.0785629983284468,,9,1,val,current_repo_v1
583,23.32,-0.7580455208152791,,9,1,val,current_repo_v1
584,23.36,-0.48785946524863805,,9,1,val,current_repo_v1
585,23.4,0.0736335004400996,,9,1,val,current_repo_v1
586,23.44,0.31980746795380627,,9,1,val,current_repo_v1
587,23.48,0.25927942610817467,,9,1,val,current_repo_v1
588,23.52,0.41498139832728165,,9,1,val,current_repo_v1
589,23.56,0.5639670816177217,,9,1,val,current_repo_v1
590,23.6,0.4221575707084463,,9,1,val,current_repo_v1
591,23.64,0.809253258023625,,9,1,val,current_repo_v1
592,23.68,0.7179891744721839,,9,1,val,current_repo_v1
593,23.72,0.5959092826789127,,9,1,val,current_repo_v1
594,23.76,1.0501925223363293,,9,1,val,current_repo_v1
595,23.8,1.058089846346251,,9,1,val,current_repo_v1
596,23.84,0.6412381339388404,,9,1,val,current_repo_v1
597,23.88,0.4231889039553618,,9,1,val,current_repo_v1
598,23.92,0.44996487456554424,,9,1,val,current_repo_v1
599,23.96,0.7633623998124054,,9,1,val,current_repo_v1
600,24.0,0.9684398335535045,,9,1,val,current_repo_v1
601,24.04,0.7602625256036987,,9,1,val,current_repo_v1
602,24.08,1.1793433315807027,,9,1,val,current_repo_v1
603,24.12,0.8390961864022088,,9,1,val,current_repo_v1
604,24.16,0.6806920317454307,,9,1,val,current_repo_v1
605,24.2,0.5400486755502216,,9,1,val,current_repo_v1
606,24.24,0.35791341811015936,,9,1,val,current_repo_v1
607,24.28,0.4771147720536509,,9,1,val,current_repo_v1
608,24.32,0.3721090456611228,,9,1,val,current_repo_v1
609,24.36,0.5716086963487511,,9,1,val,current_repo_v1
610,24.4,0.7978949499480765,,9,1,val,current_repo_v1
611,24.44,0.8219738115247351,,9,1,val,current_repo_v1
612,24.48,0.4972452629212807,,9,1,val,current_repo_v1
613,24.52,0.6189040864449807,,9,1,val,current_repo_v1
614,24.56,0.42740293655428957,,9,1,val,current_repo_v1
615,24.6,0.21965373652574255,,9,1,val,current_repo_v1
616,24.64,0.07581264889470186,,9,1,val,current_repo_v1
617,24.68,0.3418681099409106,,9,1,val,current_repo_v1
618,24.72,0.207237368801526,,9,1,val,current_repo_v1
619,24.76,-0.11969162927155141,,9,1,val,current_repo_v1
620,24.8,-0.23151304932950958,,9,1,val,current_repo_v1
621,24.84,-0.2523573123289547,,9,1,val,current_repo_v1
622,24.88,0.24094856150786426,,9,1,val,current_repo_v1
623,24.92,0.48786859252117115,,9,1,val,current_repo_v1
624,24.96,0.6585910695464182,,9,1,val,current_repo_v1
625,25.0,0.8535931110454077,,9,1,val,current_repo_v1
626,25.04,0.9047238975784083,,9,1,val,current_repo_v1
627,25.08,0.4787001987123749,,9,1,val,current_repo_v1
628,25.12,0.6780808064624974,,9,1,val,current_repo_v1
629,25.16,0.6609352735584371,,9,1,val,current_repo_v1
630,25.2,0.5915390669111611,,9,1,val,current_repo_v1
631,25.24,0.2519078912553447,,9,1,val,current_repo_v1
632,25.28,0.558039597797997,,9,1,val,current_repo_v1
633,25.32,1.0410172830731332,,9,1,val,current_repo_v1
634,25.36,0.9988637516682761,,9,1,val,current_repo_v1
635,25.4,1.3764045440223405,,9,1,val,current_repo_v1
636,25.44,1.4086786767979391,,9,1,val,current_repo_v1
637,25.48,0.9898287228469711,,9,1,val,current_repo_v1
638,25.52,0.9537391959552589,,9,1,val,current_repo_v1
639,25.56,0.7389311672567836,,9,1,val,current_repo_v1
640,25.6,0.7688108960214316,,9,1,val,current_repo_v1
641,25.64,0.9612593888320052,,9,1,val,current_repo_v1
642,25.68,0.9228655169216234,,9,1,val,current_repo_v1
643,25.72,1.1897187100833544,,9,1,val,current_repo_v1
644,25.76,1.3492813001120032,,9,1,val,current_repo_v1
645,25.8,1.1882589290699261,,9,1,val,current_repo_v1
646,25.84,1.437510371348909,,9,1,val,current_repo_v1
647,25.88,1.3605131857531043,,9,1,val,current_repo_v1
648,25.92,0.9296394096208249,,9,1,val,current_repo_v1
649,25.96,0.6126108320334253,,9,1,val,current_repo_v1
650,26.0,0.35887197592342024,,9,1,val,current_repo_v1
651,26.04,0.2170326800051074,,9,1,val,current_repo_v1
652,26.08,0.4479551753819982,,9,1,val,current_repo_v1
653,26.12,0.9447734955657476,,9,1,val,current_repo_v1
654,26.16,0.7365664754308874,,9,1,val,current_repo_v1
655,26.2,0.4956533306534108,,9,1,val,current_repo_v1
656,26.24,1.0784073492021646,,9,1,val,current_repo_v1
657,26.28,0.6792100151425335,,9,1,val,current_repo_v1
658,26.32,0.29377435051930784,,9,1,val,current_repo_v1
659,26.36,0.6346437280830155,,9,1,val,current_repo_v1
660,26.4,0.4067970021764661,,9,1,val,current_repo_v1
661,26.44,0.3390911858220444,,9,1,val,current_repo_v1
662,26.48,0.8885583327386042,,9,1,val,current_repo_v1
663,26.52,0.5735678556881114,,9,1,val,current_repo_v1
664,26.56,0.03682645098144882,,9,1,val,current_repo_v1
665,26.6,-0.12168894837799142,,9,1,val,current_repo_v1
666,26.64,-0.6051513258091594,,9,1,val,current_repo_v1
667,26.68,-0.4077909524454536,,9,1,val,current_repo_v1
668,26.72,-0.1145587036554241,,9,1,val,current_repo_v1
669,26.76,-0.07213849082490638,,9,1,val,current_repo_v1
670,26.8,-0.013507107135245302,,9,1,val,current_repo_v1
671,26.84,-0.556191664955303,,9,1,val,current_repo_v1
672,26.88,-0.5293348597240165,,9,1,val,current_repo_v1
673,26.92,-0.5989348278756613,,9,1,val,current_repo_v1
674,26.96,-0.7624959400629491,,9,1,val,current_repo_v1
675,27.0,-0.4461847758065135,,9,1,val,current_repo_v1
676,27.04,-0.7787283573191258,,9,1,val,current_repo_v1
677,27.08,-0.12222158298948275,,9,1,val,current_repo_v1
678,27.12,0.19559628520007905,,9,1,val,current_repo_v1
679,27.16,0.5405494618064911,,9,1,val,current_repo_v1
680,27.2,1.0448368524309373,,9,1,val,current_repo_v1
681,27.24,0.6543336338536364,,9,1,val,current_repo_v1
682,27.28,0.6063082561520488,,9,1,val,current_repo_v1
683,27.32,0.6741597204724238,,9,1,val,current_repo_v1
684,27.36,1.0415967677803395,,9,1,val,current_repo_v1
685,27.4,0.8809871630737741,,9,1,val,current_repo_v1
686,27.44,1.046494617579418,,9,1,val,current_repo_v1
687,27.48,0.9043991997129764,,9,1,val,current_repo_v1
688,27.52,1.2855823563996016,,9,1,val,current_repo_v1
689,27.56,0.849269891021337,,9,1,val,current_repo_v1
690,27.6,0.5784056985252173,,9,1,val,current_repo_v1
691,27.64,0.5096764624633635,,9,1,val,current_repo_v1
692,27.68,0.7103177990067779,,9,1,val,current_repo_v1
693,27.72,0.41399778906387685,,9,1,val,current_repo_v1
694,27.76,0.3229907984470043,,9,1,val,current_repo_v1
695,27.8,0.6302333620259827,,9,1,val,current_repo_v1
696,27.84,0.6292424218149582,,9,1,val,current_repo_v1
697,27.88,0.6354484330949076,,9,1,val,current_repo_v1
698,27.92,0.25786200437817786,,9,1,val,current_repo_v1
699,27.96,0.07985071447609698,,9,1,val,current_repo_v1
700,28.0,0.1355926003065404,,9,1,val,current_repo_v1
701,28.04,0.40445459448936066,,9,1,val,current_repo_v1
702,28.08,0.6042385014572079,,9,1,val,current_repo_v1
703,28.12,1.0007039651687744,,9,1,val,current_repo_v1
704,28.16,1.0973332342927165,,9,1,val,current_repo_v1
705,28.2,0.6588826082249348,,9,1,val,current_repo_v1
706,28.24,0.6386826918268673,,9,1,val,current_repo_v1
707,28.28,1.0538755710007133,,9,1,val,current_repo_v1
708,28.32,1.167730139564736,,9,1,val,current_repo_v1
709,28.36,1.0238736435926303,,9,1,val,current_repo_v1
710,28.4,0.6154472290717224,,9,1,val,current_repo_v1
711,28.44,0.7628865193583139,,9,1,val,current_repo_v1
712,28.48,0.46871583644898607,,9,1,val,current_repo_v1
713,28.52,0.06721145681464985,,9,1,val,current_repo_v1
714,28.56,0.011713513121182507,,9,1,val,current_repo_v1
715,28.6,0.10986546497384891,,9,1,val,current_repo_v1
716,28.64,0.2955899252388991,,9,1,val,current_repo_v1
717,28.68,0.922701420213316,,9,1,val,current_repo_v1
718,28.72,0.8697930488051769,,9,1,val,current_repo_v1
719,28.76,0.7171019841622401,,9,1,val,current_repo_v1
720,28.8,0.8406305391742052,,9,1,val,current_repo_v1
721,28.84,0.8634974640261661,,9,1,val,current_repo_v1
722,28.88,0.675441616770101,,9,1,val,current_repo_v1
723,28.92,0.734716794812602,,9,1,val,current_repo_v1
724,28.96,0.8626839715869948,,9,1,val,current_repo_v1
725,29.0,0.705795575311893,,9,1,val,current_repo_v1
726,29.04,0.8687555497943693,,9,1,val,current_repo_v1
727,29.08,0.9533122532177277,,9,1,val,current_repo_v1
728,29.12,0.4566755074982,,9,1,val,current_repo_v1
729,29.16,-0.009030082859127831,,9,1,val,current_repo_v1
730,29.2,-0.05480007146460196,,9,1,val,current_repo_v1
731,29.24,0.44496118724453954,,9,1,val,current_repo_v1
732,29.28,0.5410701047354524,,9,1,val,current_repo_v1
733,29.32,0.5897553648214526,,9,1,val,current_repo_v1
734,29.36,0.20951989089996365,,9,1,val,current_repo_v1
735,29.4,0.14307099221705818,,9,1,val,current_repo_v1
736,29.44,0.25301833562243387,,9,1,val,current_repo_v1
737,29.48,0.5230738420622587,,9,1,val,current_repo_v1
738,29.52,0.16552286891537416,,9,1,val,current_repo_v1
739,29.56,0.10908034961337748,,9,1,val,current_repo_v1
740,29.6,0.1914652476670837,,9,1,val,current_repo_v1
741,29.64,-0.22901021040790656,,9,1,val,current_repo_v1
742,29.68,-0.3519586010221574,,9,1,val,current_repo_v1
743,29.72,-0.6492935345411434,,9,1,val,current_repo_v1
744,29.76,-0.28110118115645455,,9,1,val,current_repo_v1
745,29.8,-0.03725510204824734,,9,1,val,current_repo_v1
746,29.84,0.3712161265311849,,9,1,val,current_repo_v1
747,29.88,-0.03474612163741327,,9,1,val,current_repo_v1
748,29.92,-0.2234310436987592,,9,1,val,current_repo_v1
749,29.96,-0.07645008328636187,,9,1,val,current_repo_v1
750,30.0,0.07790391093918178,,9,1,val,current_repo_v1
751,30.04,0.3293754955065175,,9,1,val,current_repo_v1
752,30.08,0.5904224325055188,,9,1,val,current_repo_v1
753,30.12,0.5487638128889711,,9,1,val,current_repo_v1
754,30.16,0.8592172587013736,,9,1,val,current_repo_v1
755,30.2,0.7396276072806505,,9,1,val,current_repo_v1
756,30.24,0.4780305093649215,,9,1,val,current_repo_v1
757,30.28,0.5107119224026477,,9,1,val,current_repo_v1
758,30.32,0.16600714840216899,,9,1,val,current_repo_v1
759,30.36,0.17111424577900058,,9,1,val,current_repo_v1
760,30.4,0.05105179071746674,,9,1,val,current_repo_v1
761,30.44,-0.05214600140501738,,9,1,val,current_repo_v1
762,30.48,0.4091861628606426,,9,1,val,current_repo_v1
763,30.52,0.4717967278727969,,9,1,val,current_repo_v1
764,30.56,0.5345059451072236,,9,1,val,current_repo_v1
765,30.6,0.5103625129323256,,9,1,val,current_repo_v1
766,30.64,1.1372568953388282,,9,1,val,current_repo_v1
767,30.68,0.9430931064332221,,9,1,val,current_repo_v1
768,30.72,0.7777119287140596,,9,1,val,current_repo_v1
769,30.76,0.9582197157825593,,9,1,val,current_repo_v1
770,30.8,0.9052198774518014,,9,1,val,current_repo_v1
771,30.84,1.1558613839178429,,9,1,val,current_repo_v1
772,30.88,1.1527417015857666,,9,1,val,current_repo_v1
773,30.92,0.8407255016480067,,9,1,val,current_repo_v1
774,30.96,0.9817006924589795,,9,1,val,current_repo_v1
775,31.0,0.6811971388913568,,9,1,val,current_repo_v1
776,31.04,0.4550909061779498,,9,1,val,current_repo_v1
777,31.08,0.7140764875148136,,9,1,val,current_repo_v1
778,31.12,1.1291881922223015,,9,1,val,current_repo_v1
779,31.16,0.8503074871307885,,9,1,val,current_repo_v1
780,31.2,0.5932180481133491,,9,1,val,current_repo_v1
781,31.24,0.6404012892757946,,9,1,val,current_repo_v1
782,31.28,0.9003076570534154,,9,1,val,current_repo_v1
783,31.32,0.6260294762353497,,9,1,val,current_repo_v1
784,31.36,0.43149797476503343,,9,1,val,current_repo_v1
785,31.4,0.41078566882274203,,9,1,val,current_repo_v1
786,31.44,0.6754988078713987,,9,1,val,current_repo_v1
787,31.48,0.3595212745556402,,9,1,val,current_repo_v1
788,31.52,0.35071636952054147,,9,1,val,current_repo_v1
789,31.56,1.0706119787684105,,9,1,val,current_repo_v1
790,31.6,0.8351417470279319,,9,1,val,current_repo_v1
791,31.64,0.5310193269995888,,9,1,val,current_repo_v1
792,31.68,0.0545978574698715,,9,1,val,current_repo_v1
793,31.72,-0.40841820968549264,,9,1,val,current_repo_v1
794,31.76,-0.6495269596812445,,9,1,val,current_repo_v1
795,31.8,-0.8109402984132625,,9,1,val,current_repo_v1
796,31.84,-1.1022986647479975,,9,1,val,current_repo_v1
797,31.88,-0.5383755202666717,,9,1,val,current_repo_v1
798,31.92,-0.38526006172560795,,9,1,val,current_repo_v1
799,31.96,-0.14289325314927315,,9,1,val,current_repo_v1
800,32.0,-0.5919459102293907,,9,1,val,current_repo_v1
801,32.04,-0.7949124679999281,,9,1,val,current_repo_v1
802,32.08,-0.3010284688369185,,9,1,val,current_repo_v1
803,32.12,0.2951869173171062,,9,1,val,current_repo_v1
804,32.16,-0.23152072012238314,,9,1,val,current_repo_v1
805,32.2,-0.4954366550293942,,9,1,val,current_repo_v1
806,32.24,-0.4636046609291078,,9,1,val,current_repo_v1
807,32.28,-0.6419104449496811,,9,1,val,current_repo_v1
808,32.32,-0.6183395063796236,,9,1,val,current_repo_v1
809,32.36,0.04225302717159903,,9,1,val,current_repo_v1
810,32.4,-0.14241885344950214,,9,1,val,current_repo_v1
811,32.44,-0.47970084878779623,,9,1,val,current_repo_v1
812,32.48,-0.5422136354654739,,9,1,val,current_repo_v1
813,32.52,-0.7903444137450898,,9,1,val,current_repo_v1
814,32.56,-0.8855863374440044,,9,1,val,current_repo_v1
815,32.6,-0.6143565200040199,,9,1,val,current_repo_v1
816,32.64,-0.5320040043480773,,9,1,val,current_repo_v1
817,32.68,-0.41414698113033505,,9,1,val,current_repo_v1
818,32.72,0.1314175285385052,,9,1,val,current_repo_v1
819,32.76,-0.02280145912559758,,9,1,val,current_repo_v1
820,32.8,-0.3548462175951482,,9,1,val,current_repo_v1
821,32.84,-0.8380075164060297,,9,1,val,current_repo_v1
822,32.88,-0.6156103062442682,,9,1,val,current_repo_v1
823,32.92,-0.6025645693845063,,9,1,val,current_repo_v1
824,32.96,-0.7120987823344553,,9,1,val,current_repo_v1
825,33.0,-0.3141130208796069,,9,1,val,current_repo_v1
826,33.04,-0.22858402018486612,,9,1,val,current_repo_v1
827,33.08,-0.46867374418682556,,9,1,val,current_repo_v1
828,33.12,-0.4772997935197336,,9,1,val,current_repo_v1
829,33.16,-0.36187798001807003,,9,1,val,current_repo_v1
830,33.2,0.013252283881479454,,9,1,val,current_repo_v1
831,33.24,-0.14368518968948338,,9,1,val,current_repo_v1
832,33.28,-0.03800353839595953,,9,1,val,current_repo_v1
833,33.32,0.32621483754668623,,9,1,val,current_repo_v1
834,33.36,-0.1374704638062377,,9,1,val,current_repo_v1
835,33.4,0.12576260061240116,,9,1,val,current_repo_v1
836,33.44,-0.0948186949845152,,9,1,val,current_repo_v1
837,33.48,-0.5983144160900221,,9,1,val,current_repo_v1
838,33.52,-0.3924511387486218,,9,1,val,current_repo_v1
839,33.56,-0.1741114381717102,,9,1,val,current_repo_v1
840,33.6,-0.3202240939604158,,9,1,val,current_repo_v1
841,33.64,-0.35074299882364995,,9,1,val,current_repo_v1
842,33.68,-0.18703082542100757,,9,1,val,current_repo_v1
843,33.72,-0.6076249623135888,,9,1,val,current_repo_v1
844,33.76,-0.5156342410600064,,9,1,val,current_repo_v1
845,33.8,-0.9136800823008107,,9,1,val,current_repo_v1
846,33.84,-0.7614141640704917,,9,1,val,current_repo_v1
847,33.88,-0.8675720144230326,,9,1,val,current_repo_v1
848,33.92,-0.4468429589646566,,9,1,val,current_repo_v1
849,33.96,-0.5044891616066136,,9,1,val,current_repo_v1
850,34.0,-0.5069516803163086,,9,1,val,current_repo_v1
851,34.04,-0.3753607578743359,,9,1,val,current_repo_v1
852,34.08,-0.21474418634006567,,9,1,val,current_repo_v1
853,34.12,-0.28343256814746953,,9,1,val,current_repo_v1
854,34.16,-0.24059213666051546,,9,1,val,current_repo_v1
855,34.2,-0.48670539931574586,,9,1,val,current_repo_v1
856,34.24,-0.5404416823116857,,9,1,val,current_repo_v1
857,34.28,-0.5042502989424501,,9,1,val,current_repo_v1
858,34.32,-0.5557157359518896,,9,1,val,current_repo_v1
859,34.36,-1.0057903805344406,,9,1,val,current_repo_v1
860,34.4,-1.1211429869776153,,9,1,val,current_repo_v1
861,34.44,-0.7891918528411791,,9,1,val,current_repo_v1
862,34.48,-0.8601122169028348,,9,1,val,current_repo_v1
863,34.52,-0.17868466292933985,,9,1,val,current_repo_v1
864,34.56,-0.033499502490822966,,9,1,val,current_repo_v1
865,34.6,-0.3348383137655291,,9,1,val,current_repo_v1
866,34.64,-0.742456867568616,,9,1,val,current_repo_v1
867,34.68,-0.8747017736523801,,9,1,val,current_repo_v1
868,34.72,-1.0822272098559007,,9,1,val,current_repo_v1
869,34.76,-0.7945044109486489,,9,1,val,current_repo_v1
870,34.8,-0.8434018315717212,,9,1,val,current_repo_v1
871,34.84,-0.2529739858168011,,9,1,val,current_repo_v1
872,34.88,-0.6255437888182173,,9,1,val,current_repo_v1
873,34.92,-0.9397849556332021,,9,1,val,current_repo_v1
874,34.96,-0.32112771821585123,,9,1,val,current_repo_v1
875,35.0,0.12044615855917264,,9,1,val,current_repo_v1
876,35.04,-0.02839755134212173,,9,1,val,current_repo_v1
877,35.08,-0.09377585554828934,,9,1,val,current_repo_v1
878,35.12,0.21402864215799794,,9,1,val,current_repo_v1
879,35.16,0.2558357984251571,,9,1,val,current_repo_v1
880,35.2,0.2012749294699725,,9,1,val,current_repo_v1
881,35.24,-0.13271442657667565,,9,1,val,current_repo_v1
882,35.28,-0.3115644242220335,,9,1,val,current_repo_v1
883,35.32,0.08012774904467072,,9,1,val,current_repo_v1
884,35.36,0.5499336573515082,,9,1,val,current_repo_v1
885,35.4,0.5872706105222888,,9,1,val,current_repo_v1
886,35.44,0.8637114694374736,,9,1,val,current_repo_v1
887,35.48,0.4424992511267084,,9,1,val,current_repo_v1
888,35.52,0.6221094097810377,,9,1,val,current_repo_v1
889,35.56,0.7974501410600551,,9,1,val,current_repo_v1
890,35.6,0.7687389459262507,,9,1,val,current_repo_v1
891,35.64,0.48425390130214135,,9,1,val,current_repo_v1
892,35.68,0.5030613260470511,,9,1,val,current_repo_v1
893,35.72,-0.09642717043385131,,9,1,val,current_repo_v1
894,35.76,0.03039697930973545,,9,1,val,current_repo_v1
895,35.8,0.16369008346113942,,9,1,val,current_repo_v1
896,35.84,0.3884266669773823,,9,1,val,current_repo_v1
897,35.88,0.034168909645342346,,9,1,val,current_repo_v1
898,35.92,0.028859968462360438,,9,1,val,current_repo_v1
899,35.96,-0.08120289198601197,,9,1,val,current_repo_v1
900,36.0,0.03391574920585447,,9,1,val,current_repo_v1
901,36.04,0.08413422115478446,,9,1,val,current_repo_v1
902,36.08,-0.45559091564506754,,9,1,val,current_repo_v1
903,36.12,-0.4348495286589075,,9,1,val,current_repo_v1
904,36.16,-0.5811349472098948,,9,1,val,current_repo_v1
905,36.2,-1.123241482871071,,9,1,val,current_repo_v1
906,36.24,-1.5233002275506722,,9,1,val,current_repo_v1
907,36.28,-1.6608179298472008,,9,1,val,current_repo_v1
908,36.32,-1.0721899288315488,,9,1,val,current_repo_v1
909,36.36,-1.3189663266757647,,9,1,val,current_repo_v1
910,36.4,-1.0409162033847617,,9,1,val,current_repo_v1
911,36.44,-0.8172353976990534,,9,1,val,current_repo_v1
912,36.48,-0.77595657942839,,9,1,val,current_repo_v1
913,36.52,-0.6425372166965002,,9,1,val,current_repo_v1
914,36.56,-0.45537069592054613,,9,1,val,current_repo_v1
915,36.6,-0.5050070857735436,,9,1,val,current_repo_v1
916,36.64,-0.3984564471314876,,9,1,val,current_repo_v1
917,36.68,-0.3646054323778341,,9,1,val,current_repo_v1
918,36.72,-0.5251863201604458,,9,1,val,current_repo_v1
919,36.76,-0.37727619854924915,,9,1,val,current_repo_v1
920,36.8,-0.8654005003493124,,9,1,val,current_repo_v1
921,36.84,-0.8307138546656627,,9,1,val,current_repo_v1
922,36.88,-0.9988836568902897,,9,1,val,current_repo_v1
923,36.92,-1.1180288392682451,,9,1,val,current_repo_v1
924,36.96,-0.9108477148562382,,9,1,val,current_repo_v1
925,37.0,-1.2741362711499054,,9,1,val,current_repo_v1
926,37.04,-1.4957886861631033,,9,1,val,current_repo_v1
927,37.08,-1.0719893230331092,,9,1,val,current_repo_v1
928,37.12,-0.632576109558342,,9,1,val,current_repo_v1
929,37.16,-0.5051903594640349,,9,1,val,current_repo_v1
930,37.2,-0.506859533703182,,9,1,val,current_repo_v1
931,37.24,-0.3683552120852856,,9,1,val,current_repo_v1
932,37.28,-0.30593852879047617,,9,1,val,current_repo_v1
933,37.32,-0.45017489893244894,,9,1,val,current_repo_v1
934,37.36,-0.40673311126873457,,9,1,val,current_repo_v1
935,37.4,-0.22408073072555504,,9,1,val,current_repo_v1
936,37.44,-0.4503020496067262,,9,1,val,current_repo_v1
937,37.48,-0.4431732613638184,,9,1,val,current_repo_v1
938,37.52,-0.470959980308395,,9,1,val,current_repo_v1
939,37.56,-0.4669844705283768,,9,1,val,current_repo_v1
940,37.6,-0.5809539067882148,,9,1,val,current_repo_v1
941,37.64,-0.7785473654467678,,9,1,val,current_repo_v1
942,37.68,-0.6859630316332818,,9,1,val,current_repo_v1
943,37.72,-0.4612100141715471,,9,1,val,current_repo_v1
944,37.76,-0.27078911096967073,,9,1,val,current_repo_v1
945,37.8,-0.5152742963868138,,9,1,val,current_repo_v1
946,37.84,-1.0809899789344493,,9,1,val,current_repo_v1
947,37.88,-1.1002517282344892,,9,1,val,current_repo_v1
948,37.92,-1.0822965382876946,,9,1,val,current_repo_v1
949,37.96,-1.3209562662852632,,9,1,val,current_repo_v1
950,38.0,-0.9024570326363107,,9,1,val,current_repo_v1
951,38.04,-0.9475831419276314,,9,1,val,current_repo_v1
952,38.08,-0.8127424006960031,,9,1,val,current_repo_v1
953,38.12,-0.9261034654020539,,9,1,val,current_repo_v1
954,38.16,-0.8875521965897986,,9,1,val,current_repo_v1
955,38.2,-1.086926784223995,,9,1,val,current_repo_v1
956,38.24,-0.6405989821149153,,9,1,val,current_repo_v1
957,38.28,-0.4910970253344927,,9,1,val,current_repo_v1
958,38.32,-0.796129987896654,,9,1,val,current_repo_v1
959,38.36,-0.8373002498833603,,9,1,val,current_repo_v1
960,38.4,-0.9100034421469287,,9,1,val,current_repo_v1
961,38.44,-0.9636490835587236,,9,1,val,current_repo_v1
962,38.48,-1.2346781010029804,,9,1,val,current_repo_v1
963,38.52,-1.2260954547639265,,9,1,val,current_repo_v1
964,38.56,-1.4147744325676619,,9,1,val,current_repo_v1
965,38.6,-1.328799506350494,,9,1,val,current_repo_v1
966,38.64,-1.057465307868243,,9,1,val,current_repo_v1
967,38.68,-1.1046325277544335,,9,1,val,current_repo_v1
968,38.72,-1.1008668481440322,,9,1,val,current_repo_v1
969,38.76,-1.0288148964855632,,9,1,val,current_repo_v1
970,38.8,-0.9858267051371494,,9,1,val,current_repo_v1
971,38.84,-1.2433467766405908,,9,1,val,current_repo_v1
972,38.88,-1.3800850681219812,,9,1,val,current_repo_v1
973,38.92,-1.6580205179144571,,9,1,val,current_repo_v1
974,38.96,-1.56785500842088,,9,1,val,current_repo_v1
975,39.0,-1.1366918783295732,,9,1,val,current_repo_v1
976,39.04,-0.9031621629888128,,9,1,val,current_repo_v1
977,39.08,-1.0916059678768557,,9,1,val,current_repo_v1
978,39.12,-1.3873720300559143,,9,1,val,current_repo_v1
979,39.16,-1.3306575860014827,,9,1,val,current_repo_v1
980,39.2,-1.2333111462931865,,9,1,val,current_repo_v1
981,39.24,-0.9381153444501571,,9,1,val,current_repo_v1
982,39.28,-1.006079831592112,,9,1,val,current_repo_v1
983,39.32,-1.2198091914547367,,9,1,val,current_repo_v1
984,39.36,-1.1717317688799818,,9,1,val,current_repo_v1
985,39.4,-0.9932486341861992,,9,1,val,current_repo_v1
986,39.44,-1.1086807644187846,,9,1,val,current_repo_v1
987,39.48,-1.0167396120229484,,9,1,val,current_repo_v1
988,39.52,-1.0194408962981627,,9,1,val,current_repo_v1
989,39.56,-1.36371676131357,,9,1,val,current_repo_v1
990,39.6,-1.1629999791237915,,9,1,val,current_repo_v1
991,39.64,-1.0461946798681983,,9,1,val,current_repo_v1
992,39.68,-1.1778361664290178,,9,1,val,current_repo_v1
993,39.72,-1.0061191565429193,,9,1,val,current_repo_v1
994,39.76,-1.2231864764892626,,9,1,val,current_repo_v1
995,39.8,-1.0402591368610241,,9,1,val,current_repo_v1
996,39.84,-1.3073983826278874,,9,1,val,current_repo_v1
997,39.88,-1.345399781819347,,9,1,val,current_repo_v1
998,39.92,-1.3665730150245587,,9,1,val,current_repo_v1
999,39.96,-1.2383300781012943,,9,1,val,current_repo_v1
1000,40.0,-0.6149689211515317,,9,1,val,current_repo_v1
1001,40.04,-0.19232593004722393,,9,1,val,current_repo_v1
1002,40.08,-0.12308034767140459,,9,1,val,current_repo_v1
1003,40.12,0.17856311970175182,,9,1,val,current_repo_v1
1004,40.16,-0.023973221286353125,,9,1,val,current_repo_v1
1005,40.2,0.15862357331748683,,9,1,val,current_repo_v1
1006,40.24,-0.2227945135382212,,9,1,val,current_repo_v1
1007,40.28,0.05011464315520102,,9,1,val,current_repo_v1
1008,40.32,0.1204862360244708,,9,1,val,current_repo_v1
1009,40.36,0.35344280234454384,,9,1,val,current_repo_v1
1010,40.4,0.3005007619816085,,9,1,val,current_repo_v1
1011,40.44,0.31830141943652684,,9,1,val,current_repo_v1
1012,40.48,0.07575176804493337,,9,1,val,current_repo_v1
1013,40.52,-0.24444911327090862,,9,1,val,current_repo_v1
1014,40.56,0.3988224361952673,,9,1,val,current_repo_v1
1015,40.6,0.2677622306665676,,9,1,val,current_repo_v1
1016,40.64,-0.1297313134873415,,9,1,val,current_repo_v1
1017,40.68,0.1908719992270948,,9,1,val,current_repo_v1
1018,40.72,-0.2504532321953858,,9,1,val,current_repo_v1
1019,40.76,-0.2548714146932581,,9,1,val,current_repo_v1
1020,40.8,-0.4652877688236645,,9,1,val,current_repo_v1
1021,40.84,-0.7132829973962999,,9,1,val,current_repo_v1
1022,40.88,-0.5144524534642612,,9,1,val,current_repo_v1
1023,40.92,-0.37337848905771104,,9,1,val,current_repo_v1
1024,40.96,-0.13947771124902356,,9,1,val,current_repo_v1
1025,41.0,-0.3365429775590469,,9,1,val,current_repo_v1
1026,41.04,-0.63064700224929,,9,1,val,current_repo_v1
1027,41.08,-0.56116335827312,,9,1,val,current_repo_v1
1028,41.12,-0.26069604677435876,,9,1,val,current_repo_v1
1029,41.16,-0.23203102204576162,,9,1,val,current_repo_v1
1030,41.2,-0.6088584063879255,,9,1,val,current_repo_v1
1031,41.24,-0.4211789620252058,,9,1,val,current_repo_v1
1032,41.28,-0.509418665563626,,9,1,val,current_repo_v1
1033,41.32,-0.19440689963544314,,9,1,val,current_repo_v1
1034,41.36,-0.18627760696507992,,9,1,val,current_repo_v1
1035,41.4,-0.2864285225324686,,9,1,val,current_repo_v1
1036,41.44,-0.09719848564954867,,9,1,val,current_repo_v1
1037,41.48,-0.07045261561899657,,9,1,val,current_repo_v1
1038,41.52,-0.5876088050992324,,9,1,val,current_repo_v1
1039,41.56,-0.3077301686943291,,9,1,val,current_repo_v1
1040,41.6,-0.3015054902000766,,9,1,val,current_repo_v1
1041,41.64,-0.12064620604040954,,9,1,val,current_repo_v1
1042,41.68,-0.08445720158795123,,9,1,val,current_repo_v1
1043,41.72,-0.16580945556304832,,9,1,val,current_repo_v1
1044,41.76,-0.5170011957698005,,9,1,val,current_repo_v1
1045,41.8,-0.4294509897022033,,9,1,val,current_repo_v1
1046,41.84,-0.8151787513211485,,9,1,val,current_repo_v1
1047,41.88,-0.934826030787067,,9,1,val,current_repo_v1
1048,41.92,-0.4203498852536775,,9,1,val,current_repo_v1
1049,41.96,-0.2901235386047216,,9,1,val,current_repo_v1
1050,42.0,-0.5949206242860215,,9,1,val,current_repo_v1
1051,42.04,-0.49168053963542374,,9,1,val,current_repo_v1
1052,42.08,-0.5145126060741999,,9,1,val,current_repo_v1
1053,42.12,-0.4814786764095446,,9,1,val,current_repo_v1
1054,42.16,-0.5144049722273604,,9,1,val,current_repo_v1
1055,42.2,-0.3439292471310992,,9,1,val,current_repo_v1
1056,42.24,-0.31128186716808404,,9,1,val,current_repo_v1
1057,42.28,-0.13440688021571434,,9,1,val,current_repo_v1
1058,42.32,-0.16852622707197581,,9,1,val,current_repo_v1
1059,42.36,0.029202192633028784,,9,1,val,current_repo_v1
1060,42.4,0.15579358478969163,,9,1,val,current_repo_v1
1061,42.44,0.03669034295726543,,9,1,val,current_repo_v1
1062,42.48,-0.10133804358855227,,9,1,val,current_repo_v1
1063,42.52,0.03306380570367144,,9,1,val,current_repo_v1
1064,42.56,0.20520116168817645,,9,1,val,current_repo_v1
1065,42.6,0.07203478340448237,,9,1,val,current_repo_v1
1066,42.64,0.22127688600764847,,9,1,val,current_repo_v1
1067,42.68,0.1726194204084843,,9,1,val,current_repo_v1
1068,42.72,-0.25085094824108234,,9,1,val,current_repo_v1
1069,42.76,-0.09957881035712396,,9,1,val,current_repo_v1
1070,42.8,-0.0476185131430297,,9,1,val,current_repo_v1
1071,42.84,-0.20706283398899192,,9,1,val,current_repo_v1
1072,42.88,0.026889545680299803,,9,1,val,current_repo_v1
1073,42.92,0.020912638650794922,,9,1,val,current_repo_v1
1074,42.96,-0.2605982684398821,,9,1,val,current_repo_v1
1075,43.0,-0.18322623352903564,,9,1,val,current_repo_v1
1076,43.04,-0.29678426283437737,,9,1,val,current_repo_v1
1077,43.08,-0.39266507133594625,,9,1,val,current_repo_v1
1078,43.12,-0.15810980011758646,,9,1,val,current_repo_v1
1079,43.16,-0.22409386331715184,,9,1,val,current_repo_v1
1080,43.2,-0.13029176686032992,,9,1,val,current_repo_v1
1081,43.24,-0.5379609090569246,,9,1,val,current_repo_v1
1082,43.28,-0.842625236617258,,9,1,val,current_repo_v1
1083,43.32,-1.3742222519991396,,9,1,val,current_repo_v1
1084,43.36,-1.2926664792662839,,9,1,val,current_repo_v1
1085,43.4,-1.1545192864609048,,9,1,val,current_repo_v1
1086,43.44,-0.6425415375861568,,9,1,val,current_repo_v1
1087,43.48,0.007141502096602471,,9,1,val,current_repo_v1
1088,43.52,-0.15852312477030103,,9,1,val,current_repo_v1
1089,43.56,-0.29980150609706663,,9,1,val,current_repo_v1
1090,43.6,-0.8339526770338889,,9,1,val,current_repo_v1
1091,43.64,-0.9280575756119278,,9,1,val,current_repo_v1
1092,43.68,-0.4171340752640719,,9,1,val,current_repo_v1
1093,43.72,-0.42266947475945027,,9,1,val,current_repo_v1
1094,43.76,-0.9015879026741452,,9,1,val,current_repo_v1
1095,43.8,-0.7989903197506896,,9,1,val,current_repo_v1
1096,43.84,-0.7532818127928435,,9,1,val,current_repo_v1
1097,43.88,-0.7758468579607052,,9,1,val,current_repo_v1
1098,43.92,-0.6471369736585943,,9,1,val,current_repo_v1
1099,43.96,-0.6667501229511579,,9,1,val,current_repo_v1
1100,44.0,-0.6565123332270103,,9,1,val,current_repo_v1
1101,44.04,-0.6279656231960893,,9,1,val,current_repo_v1
1102,44.08,-0.7488886817451151,,9,1,val,current_repo_v1
1103,44.12,-0.6301285925891402,,9,1,val,current_repo_v1
1104,44.16,-0.6900769069809556,,9,1,val,current_repo_v1
1105,44.2,-0.6229112989322547,,9,1,val,current_repo_v1
1106,44.24,-0.7186245879983163,,9,1,val,current_repo_v1
1107,44.28,-0.71548606852931,,9,1,val,current_repo_v1
1108,44.32,-0.72352549640468,,9,1,val,current_repo_v1
1109,44.36,-0.7771237051288961,,9,1,val,current_repo_v1
1110,44.4,-1.0002425524126344,,9,1,val,current_repo_v1
1111,44.44,-1.4149794078050804,,9,1,val,current_repo_v1
1112,44.48,-1.3861716966191708,,9,1,val,current_repo_v1
1113,44.52,-1.3403336600702702,,9,1,val,current_repo_v1
1114,44.56,-1.5673652428607008,,9,1,val,current_repo_v1
1115,44.6,-1.2230585004765115,,9,1,val,current_repo_v1
1116,44.64,-1.5047518619878715,,9,1,val,current_repo_v1
1117,44.68,-1.5219144357039482,,9,1,val,current_repo_v1
1118,44.72,-1.6216999933487428,,9,1,val,current_repo_v1
1119,44.76,-2.070819090175996,,9,1,val,current_repo_v1
1120,44.8,-1.5779371490187455,,9,1,val,current_repo_v1
1121,44.84,-1.190049913557932,,9,1,val,current_repo_v1
1122,44.88,-0.923151084033536,,9,1,val,current_repo_v1
1123,44.92,-0.8933257790588326,,9,1,val,current_repo_v1
1124,44.96,-0.9987753919022644,,9,1,val,current_repo_v1
1125,45.0,-1.4391981399783762,,9,1,val,current_repo_v1
1126,45.04,-1.400596671167189,,9,1,val,current_repo_v1
1127,45.08,-1.5543555781471734,,9,1,val,current_repo_v1
1128,45.12,-1.7914179363528098,,9,1,val,current_repo_v1
1129,45.16,-1.9788175424236112,,9,1,val,current_repo_v1
1130,45.2,-2.0436071952037156,,9,1,val,current_repo_v1
1131,45.24,-2.075114345790604,,9,1,val,current_repo_v1
1132,45.28,-1.314880512836198,,9,1,val,current_repo_v1
1133,45.32,-1.0763817743903297,,9,1,val,current_repo_v1
1134,45.36,-1.201959936128512,,9,1,val,current_repo_v1
1135,45.4,-2.1134778258254237,,9,1,val,current_repo_v1
1136,45.44,-2.40000563172135,,9,1,val,current_repo_v1
1137,45.48,-2.163710838296288,,9,1,val,current_repo_v1
1138,45.52,-1.4412688656596566,,9,1,val,current_repo_v1
1139,45.56,-0.943327502559763,,9,1,val,current_repo_v1
1140,45.6,-0.8573596645436048,,9,1,val,current_repo_v1
1141,45.64,-0.46547463516398263,,9,1,val,current_repo_v1
1142,45.68,-0.48131278337632377,,9,1,val,current_repo_v1
1143,45.72,-0.6947015211959058,,9,1,val,current_repo_v1
1144,45.76,-1.1174815913108365,,9,1,val,current_repo_v1
1145,45.8,-0.9055638979473832,,9,1,val,current_repo_v1
1146,45.84,-1.0563943098252662,,9,1,val,current_repo_v1
1147,45.88,-0.9175192655846964,,9,1,val,current_repo_v1
1148,45.92,-0.6544425785321695,,9,1,val,current_repo_v1
1149,45.96,-0.5111565370933813,,9,1,val,current_repo_v1
1150,46.0,-0.8595543851932336,,9,1,val,current_repo_v1
1151,46.04,-1.1484090629932309,,9,1,val,current_repo_v1
1152,46.08,-1.6186258502806878,,9,1,val,current_repo_v1
1153,46.12,-1.5445611408313877,,9,1,val,current_repo_v1
1154,46.16,-1.1523980694847606,,9,1,val,current_repo_v1
1155,46.2,-0.570897448781679,,9,1,val,current_repo_v1
1156,46.24,-0.008329467593570321,,9,1,val,current_repo_v1
1157,46.28,0.40170917888046237,,9,1,val,current_repo_v1
1158,46.32,0.11891185433649826,,9,1,val,current_repo_v1
1159,46.36,0.17941753921935602,,9,1,val,current_repo_v1
1160,46.4,0.2602494415614239,,9,1,val,current_repo_v1
1161,46.44,0.5170628534087207,,9,1,val,current_repo_v1
1162,46.48,0.22745884109855463,,9,1,val,current_repo_v1
1163,46.52,-0.345689936842187,,9,1,val,current_repo_v1
1164,46.56,-0.23126168521493512,,9,1,val,current_repo_v1
1165,46.6,-0.5484112962620421,,9,1,val,current_repo_v1
1166,46.64,-1.418931322614614,,9,1,val,current_repo_v1
1167,46.68,-1.0692174480437293,,9,1,val,current_repo_v1
1168,46.72,-0.6499675933275754,,9,1,val,current_repo_v1
1169,46.76,-0.4294720601079446,,9,1,val,current_repo_v1
1170,46.8,-0.2690365775446763,,9,1,val,current_repo_v1
1171,46.84,-0.7754652602899075,,9,1,val,current_repo_v1
1172,46.88,-1.5796291899885473,,9,1,val,current_repo_v1
1173,46.92,-1.6744942738502187,,9,1,val,current_repo_v1
1174,46.96,-1.1400989726477975,,9,1,val,current_repo_v1
1175,47.0,-0.920741678282092,,9,1,val,current_repo_v1
1176,47.04,-0.7226880206004483,,9,1,val,current_repo_v1
1177,47.08,-0.49394123881362934,,9,1,val,current_repo_v1
1178,47.12,-0.34148942522943193,,9,1,val,current_repo_v1
1179,47.16,-0.031138439726744994,,9,1,val,current_repo_v1
1180,47.2,0.19281307394401584,,9,1,val,current_repo_v1
1181,47.24,0.7879194236612889,,9,1,val,current_repo_v1
1182,47.28,0.9057766410763191,,9,1,val,current_repo_v1
1183,47.32,0.9670429724613681,,9,1,val,current_repo_v1
1184,47.36,0.9572128999432459,,9,1,val,current_repo_v1
1185,47.4,1.2742547314955472,,9,1,val,current_repo_v1
1186,47.44,1.7137190188570421,,9,1,val,current_repo_v1
1187,47.48,1.3509933434024628,,9,1,val,current_repo_v1
1188,47.52,0.9951506024242619,,9,1,val,current_repo_v1
1189,47.56,0.8461162241638714,,9,1,val,current_repo_v1
1190,47.6,0.5288107697931944,,9,1,val,current_repo_v1
1191,47.64,0.5913533172052485,,9,1,val,current_repo_v1
1192,47.68,0.8542391083237327,,9,1,val,current_repo_v1
1193,47.72,1.010189920092671,,9,1,val,current_repo_v1
1194,47.76,1.0390492877571718,,9,1,val,current_repo_v1
1195,47.8,0.33166697495486125,,9,1,val,current_repo_v1
1196,47.84,-0.9069079373772005,,9,1,val,current_repo_v1
1197,47.88,-1.532632378222522,,9,1,val,current_repo_v1
1198,47.92,-1.431006412879941,,9,1,val,current_repo_v1
1199,47.96,-1.1910064322996696,,9,1,val,current_repo_v1
1200,48.0,-0.9018120063444254,,9,1,val,current_repo_v1
1201,48.04,-0.5070333888252083,,9,1,val,current_repo_v1
1202,48.08,-0.048883708473944305,,9,1,val,current_repo_v1
1203,48.12,-0.06652435646659977,,9,1,val,current_repo_v1
1204,48.16,0.25999072222456876,,9,1,val,current_repo_v1
1205,48.2,0.022312254916953957,,9,1,val,current_repo_v1
1206,48.24,-0.10923018495835196,,9,1,val,current_repo_v1
1207,48.28,0.2716026276835031,,9,1,val,current_repo_v1
1208,48.32,0.04032832571351725,,9,1,val,current_repo_v1
1209,48.36,-0.013008869718379949,,9,1,val,current_repo_v1
1210,48.4,0.27500802277545794,,9,1,val,current_repo_v1
1211,48.44,0.18818006069636234,,9,1,val,current_repo_v1
1212,48.48,0.05609094331818109,,9,1,val,current_repo_v1
1213,48.52,0.3356544521427486,,9,1,val,current_repo_v1
1214,48.56,0.8832518918457044,,9,1,val,current_repo_v1
1215,48.6,0.849044816364617,,9,1,val,current_repo_v1
1216,48.64,0.6083258203257562,,9,1,val,current_repo_v1
1217,48.68,0.42291197862276253,,9,1,val,current_repo_v1
1218,48.72,-1.0222203449817722,,9,1,val,current_repo_v1
1219,48.76,-0.7583977946955982,,9,1,val,current_repo_v1
1220,48.8,0.285484578065125,,9,1,val,current_repo_v1
1221,48.84,-0.06239488464923843,,9,1,val,current_repo_v1
1222,48.88,-0.40267501909202086,,9,1,val,current_repo_v1
1223,48.92,-0.2763406288399479,,9,1,val,current_repo_v1
1224,48.96,0.05543759081757544,,9,1,val,current_repo_v1
1225,49.0,0.23584588211933327,,9,1,val,current_repo_v1
1226,49.04,0.032101388219312826,,9,1,val,current_repo_v1
1227,49.08,0.7019219705587202,,9,1,val,current_repo_v1
1228,49.12,0.7068213739361023,,9,1,val,current_repo_v1
1229,49.16,0.3715143164668134,,9,1,val,current_repo_v1
1230,49.2,0.06492262330435425,,9,1,val,current_repo_v1
1231,49.24,-0.1722891879203461,,9,1,val,current_repo_v1
1232,49.28,-0.42289775367142113,,9,1,val,current_repo_v1
1233,49.32,-0.27473835556649534,,9,1,val,current_repo_v1
1234,49.36,-0.17273030705989675,,9,1,val,current_repo_v1
1235,49.4,0.2983861477132541,,9,1,val,current_repo_v1
1236,49.44,0.4637774965153724,,9,1,val,current_repo_v1
1237,49.48,0.03354022020030479,,9,1,val,current_repo_v1
1238,49.52,-0.4354833400574144,,9,1,val,current_repo_v1
1239,49.56,-0.247493932548485,,9,1,val,current_repo_v1
1240,49.6,-0.22919977123559482,,9,1,val,current_repo_v1
1241,49.64,-0.3820822901297772,,9,1,val,current_repo_v1
1242,49.68,-0.5269618174147389,,9,1,val,current_repo_v1
1243,49.72,-0.6238133453347258,,9,1,val,current_repo_v1
1244,49.76,-0.6056024946583608,,9,1,val,current_repo_v1
1245,49.8,-0.3721826707079122,,9,1,val,current_repo_v1
1246,49.84,0.003587934473951105,,9,1,val,current_repo_v1
1247,49.88,-0.07670198144347815,,9,1,val,current_repo_v1
1248,49.92,-0.16132660536829274,,9,1,val,current_repo_v1
1249,49.96,-0.011595137736853936,,9,1,val,current_repo_v1
1250,50.0,0.019835571942570036,,9,1,val,current_repo_v1
1251,50.04,-0.02709984617147329,,9,1,val,current_repo_v1
1252,50.08,0.16991425218751108,,9,1,val,current_repo_v1
1253,50.12,0.9022709916344663,,9,1,val,current_repo_v1
1254,50.16,0.9257454627017406,,9,1,val,current_repo_v1
1255,50.2,1.238555832448522,,9,1,val,current_repo_v1
1256,50.24,1.2542168727342637,,9,1,val,current_repo_v1
1257,50.28,1.413922391966835,,9,1,val,current_repo_v1
1258,50.32,1.5545099649910838,,9,1,val,current_repo_v1
1259,50.36,1.289373281657435,,9,1,val,current_repo_v1
1260,50.4,1.1167084919075563,,9,1,val,current_repo_v1
1261,50.44,1.0787878787878789,,9,1,val,current_repo_v1
1262,50.48,1.370542019195431,,9,1,val,current_repo_v1
1263,50.52,1.543670746266193,,9,1,val,current_repo_v1
1264,50.56,1.518232163828716,,9,1,val,current_repo_v1
1265,50.6,1.676843284245114,,9,1,val,current_repo_v1
1266,50.64,2.1236809513336743,,9,1,val,current_repo_v1
1267,50.68,1.775910117727251,,9,1,val,current_repo_v1
1268,50.72,1.5595476368374777,,9,1,val,current_repo_v1
1269,50.76,1.7811460650046291,,9,1,val,current_repo_v1
1270,50.8,1.903170707669482,,9,1,val,current_repo_v1
1271,50.84,1.9513724165085173,,9,1,val,current_repo_v1
1272,50.88,1.877201675340003,,9,1,val,current_repo_v1
1273,50.92,1.3521919290636146,,9,1,val,current_repo_v1
1274,50.96,0.9331965213439811,,9,1,val,current_repo_v1
1275,51.0,0.8712370027396382,,9,1,val,current_repo_v1
1276,51.04,1.1864812470961437,,9,1,val,current_repo_v1
1277,51.08,1.1032119745931688,,9,1,val,current_repo_v1
1278,51.12,1.3031777958704918,,9,1,val,current_repo_v1
1279,51.16,1.4233335809348755,,9,1,val,current_repo_v1
1280,51.2,1.2756502332066681,,9,1,val,current_repo_v1
1281,51.24,1.0340503582697216,,9,1,val,current_repo_v1
1282,51.28,1.055870559739698,,9,1,val,current_repo_v1
1283,51.32,0.9949838840525672,,9,1,val,current_repo_v1
1284,51.36,0.7645989510433492,,9,1,val,current_repo_v1
1285,51.4,0.7750257918273042,,9,1,val,current_repo_v1
1286,51.44,0.20453598742766757,,9,1,val,current_repo_v1
1287,51.48,-0.29227757492252743,,9,1,val,current_repo_v1
1288,51.52,-0.08375270237663496,,9,1,val,current_repo_v1
1289,51.56,0.44556441257019624,,9,1,val,current_repo_v1
1290,51.6,0.676181265690534,,9,1,val,current_repo_v1
1291,51.64,0.2751491556544667,,9,1,val,current_repo_v1
1292,51.68,0.2569965156151612,,9,1,val,current_repo_v1
1293,51.72,0.171883776807115,,9,1,val,current_repo_v1
1294,51.76,0.19487061848437756,,9,1,val,current_repo_v1
1295,51.8,0.7807991800990504,,9,1,val,current_repo_v1
1296,51.84,0.6066235354490157,,9,1,val,current_repo_v1
1297,51.88,0.8420748815032424,,9,1,val,current_repo_v1
1298,51.92,1.4185508901275439,,9,1,val,current_repo_v1
1299,51.96,1.4903239744805343,,9,1,val,current_repo_v1
1300,52.0,1.1968444882682991,,9,1,val,current_repo_v1
1301,52.04,0.6238229581004786,,9,1,val,current_repo_v1
1302,52.08,0.3155005605019223,,9,1,val,current_repo_v1
1303,52.12,0.6337824145616895,,9,1,val,current_repo_v1
1304,52.16,0.4377385046129138,,9,1,val,current_repo_v1
1305,52.2,0.8813221533954667,,9,1,val,current_repo_v1
1306,52.24,1.0554574050096104,,9,1,val,current_repo_v1
1307,52.28,0.8946548652974787,,9,1,val,current_repo_v1
1308,52.32,0.9876893484244046,,9,1,val,current_repo_v1
1309,52.36,0.8780233240652677,,9,1,val,current_repo_v1
1310,52.4,1.1318843302693857,,9,1,val,current_repo_v1
1311,52.44,1.1904887023300277,,9,1,val,current_repo_v1
1312,52.48,1.0617618257652224,,9,1,val,current_repo_v1
1313,52.52,1.2167821412290067,,9,1,val,current_repo_v1
1314,52.56,0.8707116019771226,,9,1,val,current_repo_v1
1315,52.6,0.469739741649638,,9,1,val,current_repo_v1
1316,52.64,0.1152790299457073,,9,1,val,current_repo_v1
1317,52.68,0.07054269281727346,,9,1,val,current_repo_v1
1318,52.72,0.06236351571857123,,9,1,val,current_repo_v1
1319,52.76,0.7399297297113597,,9,1,val,current_repo_v1
1320,52.8,0.7571769248956554,,9,1,val,current_repo_v1
1321,52.84,0.32416819232911004,,9,1,val,current_repo_v1
1322,52.88,0.07637752025599087,,9,1,val,current_repo_v1
1323,52.92,0.3828702456255847,,9,1,val,current_repo_v1
1324,52.96,0.4741014612860424,,9,1,val,current_repo_v1
1325,53.0,0.21337715880628869,,9,1,val,current_repo_v1
1326,53.04,0.21636114578341856,,9,1,val,current_repo_v1
1327,53.08,0.6425544031564827,,9,1,val,current_repo_v1
1328,53.12,0.536614539259652,,9,1,val,current_repo_v1
1329,53.16,0.14039684701283303,,9,1,val,current_repo_v1
1330,53.2,0.4237452306359816,,9,1,val,current_repo_v1
1331,53.24,0.11037914107510531,,9,1,val,current_repo_v1
1332,53.28,-0.3186174026986626,,9,1,val,current_repo_v1
1333,53.32,0.027028287505200844,,9,1,val,current_repo_v1
1334,53.36,-0.021003932616454044,,9,1,val,current_repo_v1
1335,53.4,-0.08214449394856976,,9,1,val,current_repo_v1
1336,53.44,-0.14908945746618177,,9,1,val,current_repo_v1
1337,53.48,-0.059208714020704344,,9,1,val,current_repo_v1
1338,53.52,0.1031087587346299,,9,1,val,current_repo_v1
1339,53.56,-0.1273652865550906,,9,1,val,current_repo_v1
1340,53.6,-0.5517720259777712,,9,1,val,current_repo_v1
1341,53.64,-0.5530261520632733,,9,1,val,current_repo_v1
1342,53.68,-0.6518541228812469,,9,1,val,current_repo_v1
1343,53.72,-0.6273091392642156,,9,1,val,current_repo_v1
1344,53.76,-0.5431311205523359,,9,1,val,current_repo_v1
1345,53.8,-0.18585971867609882,,9,1,val,current_repo_v1
1346,53.84,-0.5031874571855667,,9,1,val,current_repo_v1
1347,53.88,-0.6108094094411924,,9,1,val,current_repo_v1
1348,53.92,-0.4885128420239047,,9,1,val,current_repo_v1
1349,53.96,-0.5386605047867205,,9,1,val,current_repo_v1
1350,54.0,-0.1598473803514097,,9,1,val,current_repo_v1
1351,54.04,-0.6457282665318937,,9,1,val,current_repo_v1
1352,54.08,-0.7387705175503372,,9,1,val,current_repo_v1
1353,54.12,-0.5019981929942358,,9,1,val,current_repo_v1
1354,54.16,0.11379478007399887,,9,1,val,current_repo_v1
1355,54.2,-0.44137586836531034,,9,1,val,current_repo_v1
1356,54.24,-0.6905234636445685,,9,1,val,current_repo_v1
1357,54.28,-0.9258571261423049,,9,1,val,current_repo_v1
1358,54.32,-0.5104100427185484,,9,1,val,current_repo_v1
1359,54.36,-0.387350983924834,,9,1,val,current_repo_v1
1360,54.4,-0.089598016468901,,9,1,val,current_repo_v1
1361,54.44,-0.3658807259677215,,9,1,val,current_repo_v1
1362,54.48,-0.7086957176099558,,9,1,val,current_repo_v1
1363,54.52,-0.34094356092769984,,9,1,val,current_repo_v1
1364,54.56,-0.3273179509661558,,9,1,val,current_repo_v1
1365,54.6,-0.49758996310737025,,9,1,val,current_repo_v1
1366,54.64,-0.4875235524898277,,9,1,val,current_repo_v1
1367,54.68,-0.3264083794187772,,9,1,val,current_repo_v1
1368,54.72,-0.018170521361458927,,9,1,val,current_repo_v1
1369,54.76,-0.31630592092966126,,9,1,val,current_repo_v1
1370,54.8,-0.0036228414364579183,,9,1,val,current_repo_v1
1371,54.84,0.09696575840595098,,9,1,val,current_repo_v1
1372,54.88,0.40052506091726175,,9,1,val,current_repo_v1
1373,54.92,0.7543983500998417,,9,1,val,current_repo_v1
1374,54.96,0.3990596481824833,,9,1,val,current_repo_v1
1375,55.0,-0.08108705330375708,,9,1,val,current_repo_v1
1376,55.04,0.05185921449139002,,9,1,val,current_repo_v1
1377,55.08,0.5459049375145951,,9,1,val,current_repo_v1
1378,55.12,0.39201222860322144,,9,1,val,current_repo_v1
1379,55.16,0.2823897044365827,,9,1,val,current_repo_v1
1380,55.2,0.04996373972514287,,9,1,val,current_repo_v1
1381,55.24,0.4089739052249266,,9,1,val,current_repo_v1
1382,55.28,0.5102416736699064,,9,1,val,current_repo_v1
1383,55.32,0.11809459932487312,,9,1,val,current_repo_v1
1384,55.36,-0.24979036402767116,,9,1,val,current_repo_v1
1385,55.4,-0.3254380483949351,,9,1,val,current_repo_v1
1386,55.44,-0.44184708808449136,,9,1,val,current_repo_v1
1387,55.48,-0.3136929235964755,,9,1,val,current_repo_v1
1388,55.52,-0.5241881461004456,,9,1,val,current_repo_v1
1389,55.56,-0.41154507731722273,,9,1,val,current_repo_v1
1390,55.6,-0.23671724535031005,,9,1,val,current_repo_v1
1391,55.64,-0.22101751125494656,,9,1,val,current_repo_v1
1392,55.68,-0.16526929580664942,,9,1,val,current_repo_v1
1393,55.72,-0.20160183632955475,,9,1,val,current_repo_v1
1394,55.76,-0.5072533658031199,,9,1,val,current_repo_v1
1395,55.8,-0.4753275744127595,,9,1,val,current_repo_v1
1396,55.84,-0.5669744693680481,,9,1,val,current_repo_v1
1397,55.88,-0.3174030385078657,,9,1,val,current_repo_v1
1398,55.92,-0.22835884842950227,,9,1,val,current_repo_v1
1399,55.96,0.13503345776524558,,9,1,val,current_repo_v1
1400,56.0,0.03638200621334223,,9,1,val,current_repo_v1
1401,56.04,-0.1886436581719918,,9,1,val,current_repo_v1
1402,56.08,-0.15805486655976106,,9,1,val,current_repo_v1
1403,56.12,-0.15682188370398314,,9,1,val,current_repo_v1
1404,56.16,0.0557579192440288,,9,1,val,current_repo_v1
1405,56.2,0.5136292511606929,,9,1,val,current_repo_v1
1406,56.24,0.40098356071408287,,9,1,val,current_repo_v1
1407,56.28,0.3914948870281552,,9,1,val,current_repo_v1
1408,56.32,0.6016561144715333,,9,1,val,current_repo_v1
1409,56.36,0.5301990376553396,,9,1,val,current_repo_v1
1410,56.4,0.25337058522809197,,9,1,val,current_repo_v1
1411,56.44,0.2765005260319037,,9,1,val,current_repo_v1
1412,56.48,0.38202276866102425,,9,1,val,current_repo_v1
1413,56.52,0.4877745039351653,,9,1,val,current_repo_v1
1414,56.56,0.20358369247694272,,9,1,val,current_repo_v1
1415,56.6,-0.003341146132973679,,9,1,val,current_repo_v1
1416,56.64,0.30231560846137,,9,1,val,current_repo_v1
1417,56.68,0.45014018616723006,,9,1,val,current_repo_v1
1418,56.72,0.05846345158491689,,9,1,val,current_repo_v1
1419,56.76,-0.16933000964675027,,9,1,val,current_repo_v1
1420,56.8,-0.16641823978607226,,9,1,val,current_repo_v1
1421,56.84,-0.06496015193024822,,9,1,val,current_repo_v1
1422,56.88,0.0037296742194846888,,9,1,val,current_repo_v1
1423,56.92,-0.12635893193433606,,9,1,val,current_repo_v1
1424,56.96,-0.42470801224025506,,9,1,val,current_repo_v1
1425,57.0,-0.41415042813219594,,9,1,val,current_repo_v1
1426,57.04,-0.5660833951123455,,9,1,val,current_repo_v1
1427,57.08,-0.30608963855515275,,9,1,val,current_repo_v1
1428,57.12,-0.5168844346504279,,9,1,val,current_repo_v1
1429,57.16,-0.7313783492356637,,9,1,val,current_repo_v1
1430,57.2,-0.9367755773606744,,9,1,val,current_repo_v1
1431,57.24,-0.47041875246691245,,9,1,val,current_repo_v1
1432,57.28,-0.43956721192410186,,9,1,val,current_repo_v1
1433,57.32,-0.5201437933818536,,9,1,val,current_repo_v1
1434,57.36,-0.8066468391235683,,9,1,val,current_repo_v1
1435,57.4,-0.5401151395720183,,9,1,val,current_repo_v1
1436,57.44,-0.44741224831424614,,9,1,val,current_repo_v1
1437,57.48,-0.4534408603716645,,9,1,val,current_repo_v1
1438,57.52,0.09949543296528092,,9,1,val,current_repo_v1
1439,57.56,-0.07787069713427917,,9,1,val,current_repo_v1
1440,57.6,-0.27806619311658004,,9,1,val,current_repo_v1
1441,57.64,-0.7582758873480953,,9,1,val,current_repo_v1
1442,57.68,-0.5140508534728059,,9,1,val,current_repo_v1
1443,57.72,-0.33785201292771344,,9,1,val,current_repo_v1
1444,57.76,-0.22296395067194688,,9,1,val,current_repo_v1
1445,57.8,-0.2890664499424933,,9,1,val,current_repo_v1
1446,57.84,-0.4237857693198386,,9,1,val,current_repo_v1
1447,57.88,-0.25902017272877775,,9,1,val,current_repo_v1
1448,57.92,-0.10276408282320133,,9,1,val,current_repo_v1
1449,57.96,-0.1346944621244892,,9,1,val,current_repo_v1
1450,58.0,-0.42449857046521416,,9,1,val,current_repo_v1
1451,58.04,-0.449909625437126,,9,1,val,current_repo_v1
1452,58.08,-0.43144947399237094,,9,1,val,current_repo_v1
1453,58.12,-0.6606197515148602,,9,1,val,current_repo_v1
1454,58.16,-0.8030499655057067,,9,1,val,current_repo_v1
1455,58.2,-0.5384800955062262,,9,1,val,current_repo_v1
1456,58.24,-0.47317591701173095,,9,1,val,current_repo_v1
1457,58.28,-0.7420642977510498,,9,1,val,current_repo_v1
1458,58.32,-0.31856729979837467,,9,1,val,current_repo_v1
1459,58.36,-0.1709181793421664,,9,1,val,current_repo_v1
1460,58.4,-0.43841984579764354,,9,1,val,current_repo_v1
1461,58.44,-0.7923207109951106,,9,1,val,current_repo_v1
1462,58.48,-0.7099978589749005,,9,1,val,current_repo_v1
1463,58.52,-0.6368981158493631,,9,1,val,current_repo_v1
1464,58.56,-0.9071200008156286,,9,1,val,current_repo_v1
1465,58.6,-0.9819400406163628,,9,1,val,current_repo_v1
1466,58.64,-0.632856870287378,,9,1,val,current_repo_v1
1467,58.68,-0.8324807586899645,,9,1,val,current_repo_v1
1468,58.72,-0.8772369221477637,,9,1,val,current_repo_v1
1469,58.76,-0.9423202983258737,,9,1,val,current_repo_v1
1470,58.8,-0.8153646952243488,,9,1,val,current_repo_v1
1471,58.84,-0.6562857049919869,,9,1,val,current_repo_v1
1472,58.88,-0.982126664210071,,9,1,val,current_repo_v1
1473,58.92,-1.1493363550431337,,9,1,val,current_repo_v1
1474,58.96,-1.322427116544104,,9,1,val,current_repo_v1
1475,59.0,-1.3981672630950872,,9,1,val,current_repo_v1
1476,59.04,-1.8291122125333958,,9,1,val,current_repo_v1
1477,59.08,-1.2598876277393347,,9,1,val,current_repo_v1
1478,59.12,-1.3384481986016825,,9,1,val,current_repo_v1
1479,59.16,-0.6569019900852575,,9,1,val,current_repo_v1
1480,59.2,-0.5512708027776038,,9,1,val,current_repo_v1
1481,59.24,-0.6302138451985448,,9,1,val,current_repo_v1
1482,59.28,-0.5884909948290117,,9,1,val,current_repo_v1
1483,59.32,-0.5007713030783668,,9,1,val,current_repo_v1
1484,59.36,-0.4599691906002687,,9,1,val,current_repo_v1
1485,59.4,-0.4525928008152402,,9,1,val,current_repo_v1
1486,59.44,-0.38887761735463483,,9,1,val,current_repo_v1
1487,59.48,-0.4312134271888826,,9,1,val,current_repo_v1
1488,59.52,-0.6669593219795888,,9,1,val,current_repo_v1
1489,59.56,-0.509341083747095,,9,1,val,current_repo_v1
1490,59.6,-0.4731356696238059,,9,1,val,current_repo_v1
1491,59.64,-0.9806447447058179,,9,1,val,current_repo_v1
1492,59.68,-0.940631170315391,,9,1,val,current_repo_v1
1493,59.72,-0.9268101493328595,,9,1,val,current_repo_v1
1494,59.76,-1.083456090293971,,9,1,val,current_repo_v1
1495,59.8,-1.5528175356267062,,9,1,val,current_repo_v1
1496,59.84,-1.7179558210879806,,9,1,val,current_repo_v1
1497,59.88,-1.1209832597082865,,9,1,val,current_repo_v1
1498,59.92,-1.101651113891369,,9,1,val,current_repo_v1
1499,59.96,-1.1128566857999544,,9,1,val,current_repo_v1
1500,60.0,-1.4859952198337574,,9,1,val,current_repo_v1
1501,60.04,-1.451657352479244,,9,1,val,current_repo_v1
1502,60.08,-1.4772560505806256,,9,1,val,current_repo_v1
1503,60.12,-0.9754947297283519,,9,1,val,current_repo_v1
1504,60.16,-0.9487897867762328,,9,1,val,current_repo_v1
1505,60.2,-0.977117539365004,,9,1,val,current_repo_v1
1506,60.24,-1.05523378683255,,9,1,val,current_repo_v1
1507,60.28,-0.9025127672579488,,9,1,val,current_repo_v1
1508,60.32,-0.621268778270877,,9,1,val,current_repo_v1
1509,60.36,-0.47827398421467343,,9,1,val,current_repo_v1
1510,60.4,-0.5784668221215956,,9,1,val,current_repo_v1
1511,60.44,-0.7514340741474375,,9,1,val,current_repo_v1
1512,60.48,-0.4990697464414561,,9,1,val,current_repo_v1
1513,60.52,-0.4741828784990103,,9,1,val,current_repo_v1
1514,60.56,-0.5758928341686245,,9,1,val,current_repo_v1
1515,60.6,-0.47503482200119335,,9,1,val,current_repo_v1
1516,60.64,-0.36695546230849113,,9,1,val,current_repo_v1
1517,60.68,-0.1176967619058716,,9,1,val,current_repo_v1
1518,60.72,-0.3282289304438719,,9,1,val,current_repo_v1
1519,60.76,-0.7256614723747076,,9,1,val,current_repo_v1
1520,60.8,-0.6965401325687786,,9,1,val,current_repo_v1
1521,60.84,-0.2209509258598449,,9,1,val,current_repo_v1
1522,60.88,-0.07386104504357545,,9,1,val,current_repo_v1
1523,60.92,-0.21645571986264425,,9,1,val,current_repo_v1
1524,60.96,-0.3330826003599447,,9,1,val,current_repo_v1
1525,61.0,-0.4706934930800224,,9,1,val,current_repo_v1
1526,61.04,-0.07109268988003949,,9,1,val,current_repo_v1
1527,61.08,-0.09554870686453429,,9,1,val,current_repo_v1
1528,61.12,0.04465376686906879,,9,1,val,current_repo_v1
1529,61.16,-0.21381667581821387,,9,1,val,current_repo_v1
1530,61.2,-0.04320222406871477,,9,1,val,current_repo_v1
1531,61.24,0.04368149387234733,,9,1,val,current_repo_v1
1532,61.28,0.20566920142676748,,9,1,val,current_repo_v1
1533,61.32,0.4596963919600381,,9,1,val,current_repo_v1
1534,61.36,0.13990858648163548,,9,1,val,current_repo_v1
1535,61.4,0.12698842244318637,,9,1,val,current_repo_v1
1536,61.44,0.30870188337384774,,9,1,val,current_repo_v1
1537,61.48,0.16153133785910112,,9,1,val,current_repo_v1
1538,61.52,0.20951518161573116,,9,1,val,current_repo_v1
1539,61.56,0.21328139526867437,,9,1,val,current_repo_v1
1540,61.6,0.24176984611321412,,9,1,val,current_repo_v1
1541,61.64,0.2597899222288411,,9,1,val,current_repo_v1
1542,61.68,0.25112590732614126,,9,1,val,current_repo_v1
1543,61.72,0.05115410841354895,,9,1,val,current_repo_v1
1544,61.76,0.11746814314864686,,9,1,val,current_repo_v1
1545,61.8,0.1658054745186456,,9,1,val,current_repo_v1
1546,61.84,-0.08181907998063853,,9,1,val,current_repo_v1
1547,61.88,0.14675639552355832,,9,1,val,current_repo_v1
1548,61.92,0.2238265264756445,,9,1,val,current_repo_v1
1549,61.96,0.30134454919769815,,9,1,val,current_repo_v1
1550,62.0,0.30805299741086467,,9,1,val,current_repo_v1
1551,62.04,0.33244854621482783,,9,1,val,current_repo_v1
1552,62.08,0.5014566253074992,,9,1,val,current_repo_v1
1553,62.12,0.6444734122065618,,9,1,val,current_repo_v1
1554,62.16,0.49895968512851735,,9,1,val,current_repo_v1
1555,62.2,0.34741797713424033,,9,1,val,current_repo_v1
1556,62.24,0.3625653170440648,,9,1,val,current_repo_v1
1557,62.28,0.3609817838088982,,9,1,val,current_repo_v1
1558,62.32,0.3172358589176123,,9,1,val,current_repo_v1
1559,62.36,0.03859952076964269,,9,1,val,current_repo_v1
1560,62.4,0.11702867468604367,,9,1,val,current_repo_v1
1561,62.44,0.43056878929157316,,9,1,val,current_repo_v1
1562,62.48,0.6918815338284393,,9,1,val,current_repo_v1
1563,62.52,0.2943603165609991,,9,1,val,current_repo_v1
1564,62.56,0.14292582974432472,,9,1,val,current_repo_v1
1565,62.6,0.08814721101137463,,9,1,val,current_repo_v1
1566,62.64,-0.14225220790179055,,9,1,val,current_repo_v1
1567,62.68,0.21849437871675403,,9,1,val,current_repo_v1
1568,62.72,0.6979821930796826,,9,1,val,current_repo_v1
1569,62.76,0.24867127788126875,,9,1,val,current_repo_v1
1570,62.8,0.12547220284295119,,9,1,val,current_repo_v1
1571,62.84,-0.010451048689629525,,9,1,val,current_repo_v1
1572,62.88,0.10189859406018466,,9,1,val,current_repo_v1
1573,62.92,0.28827308119728456,,9,1,val,current_repo_v1
1574,62.96,0.3236857819912116,,9,1,val,current_repo_v1
1575,63.0,0.44325501842204024,,9,1,val,current_repo_v1
1576,63.04,0.3242055024830551,,9,1,val,current_repo_v1
1577,63.08,0.0912619170379476,,9,1,val,current_repo_v1
1578,63.12,0.02075281428282213,,9,1,val,current_repo_v1
1579,63.16,0.1440337495466707,,9,1,val,current_repo_v1
1580,63.2,0.3018304065374575,,9,1,val,current_repo_v1
1581,63.24,0.25110056458006536,,9,1,val,current_repo_v1
1582,63.28,0.4162059093263733,,9,1,val,current_repo_v1
1583,63.32,0.2734077157495457,,9,1,val,current_repo_v1
1584,63.36,-0.07492378970181492,,9,1,val,current_repo_v1
1585,63.4,0.33395539579592,,9,1,val,current_repo_v1
1586,63.44,0.5535437849342715,,9,1,val,current_repo_v1
1587,63.48,1.0403710915975204,,9,1,val,current_repo_v1
1588,63.52,1.0147824917551114,,9,1,val,current_repo_v1
1589,63.56,1.2538906212905283,,9,1,val,current_repo_v1
1590,63.6,1.1674413681975724,,9,1,val,current_repo_v1
1591,63.64,1.1422616507449166,,9,1,val,current_repo_v1
1592,63.68,1.0509748461107866,,9,1,val,current_repo_v1
1593,63.72,0.8390072440443332,,9,1,val,current_repo_v1
1594,63.76,1.046005434611103,,9,1,val,current_repo_v1
1595,63.8,0.9120900920058201,,9,1,val,current_repo_v1
1596,63.84,1.0194735214425363,,9,1,val,current_repo_v1
1597,63.88,1.134067787476314,,9,1,val,current_repo_v1
1598,63.92,0.9816587458447849,,9,1,val,current_repo_v1
1599,63.96,0.993598771896351,,9,1,val,current_repo_v1
1600,64.0,1.3824962216490166,,9,1,val,current_repo_v1
1601,64.04,1.2956576029937454,,9,1,val,current_repo_v1
1602,64.08,1.4568809682288382,,9,1,val,current_repo_v1
1603,64.12,0.998495747807634,,9,1,val,current_repo_v1
1604,64.16,0.880272711251451,,9,1,val,current_repo_v1
1605,64.2,0.5719375209065518,,9,1,val,current_repo_v1
1606,64.24,0.42733020966995683,,9,1,val,current_repo_v1
1607,64.28,0.3445902704245784,,9,1,val,current_repo_v1
1608,64.32,0.3993374474028783,,9,1,val,current_repo_v1
1609,64.36,0.6412102666280214,,9,1,val,current_repo_v1
1610,64.4,0.6501988822975093,,9,1,val,current_repo_v1
1611,64.44,0.8557440402066065,,9,1,val,current_repo_v1
1612,64.48,0.3293353209425754,,9,1,val,current_repo_v1
1613,64.52,0.29821870110172977,,9,1,val,current_repo_v1
1614,64.56,0.381929990906712,,9,1,val,current_repo_v1
1615,64.6,0.05739709000218957,,9,1,val,current_repo_v1
1616,64.64,0.013005095008595657,,9,1,val,current_repo_v1
1617,64.68,-0.05282882334406759,,9,1,val,current_repo_v1
1618,64.72,-0.13820401978676167,,9,1,val,current_repo_v1
1619,64.76,-0.21143491890564003,,9,1,val,current_repo_v1
1620,64.8,-0.19543034361753622,,9,1,val,current_repo_v1
1621,64.84,0.007100283722237678,,9,1,val,current_repo_v1
1622,64.88,-0.05909316663438137,,9,1,val,current_repo_v1
1623,64.92,-0.1528294059359314,,9,1,val,current_repo_v1
1624,64.96,-0.12463963052023996,,9,1,val,current_repo_v1
1625,65.0,-0.269530518346546,,9,1,val,current_repo_v1
1626,65.04,-0.2821868653693317,,9,1,val,current_repo_v1
1627,65.08,-0.0003110858492805711,,9,1,val,current_repo_v1
1628,65.12,-0.08724483083231502,,9,1,val,current_repo_v1
1629,65.16,-0.255580137695587,,9,1,val,current_repo_v1
1630,65.2,-0.1388137507215643,,9,1,val,current_repo_v1
1631,65.24,-0.3194921886568393,,9,1,val,current_repo_v1
1632,65.28,-0.30954717561891887,,9,1,val,current_repo_v1
1633,65.32,-0.1612689773230972,,9,1,val,current_repo_v1
1634,65.36,-0.13726932396525615,,9,1,val,current_repo_v1
1635,65.4,-0.3612455765499007,,9,1,val,current_repo_v1
1636,65.44,-0.24414912701036673,,9,1,val,current_repo_v1
1637,65.48,0.07278389944270233,,9,1,val,current_repo_v1
1638,65.52,-0.035503126940455716,,9,1,val,current_repo_v1
1639,65.56,-0.30960839631394127,,9,1,val,current_repo_v1
1640,65.6,-0.2878584214382154,,9,1,val,current_repo_v1
1641,65.64,-0.5310194726475548,,9,1,val,current_repo_v1
1642,65.68,-0.5019384287788728,,9,1,val,current_repo_v1
1643,65.72,-0.8092574818146377,,9,1,val,current_repo_v1
1644,65.76,-0.8534821272953512,,9,1,val,current_repo_v1
1645,65.8,-0.6221498028169288,,9,1,val,current_repo_v1
1646,65.84,-0.2766658607479217,,9,1,val,current_repo_v1
1647,65.88,-0.060458227920617974,,9,1,val,current_repo_v1
1648,65.92,0.2757209452941385,,9,1,val,current_repo_v1
1649,65.96,0.2947497063979753,,9,1,val,current_repo_v1
1650,66.0,0.3331209057749904,,9,1,val,current_repo_v1
1651,66.04,0.4347622369779795,,9,1,val,current_repo_v1
1652,66.08,0.20662484628070926,,9,1,val,current_repo_v1
1653,66.12,0.06436573830653168,,9,1,val,current_repo_v1
1654,66.16,0.0037154492681432468,,9,1,val,current_repo_v1
1655,66.2,0.07519580548422851,,9,1,val,current_repo_v1
1656,66.24,0.1499460131539533,,9,1,val,current_repo_v1
1657,66.28,-0.06196614558679381,,9,1,val,current_repo_v1
1658,66.32,0.09737053837799628,,9,1,val,current_repo_v1
1659,66.36,-0.21078714957706257,,9,1,val,current_repo_v1
1660,66.4,-0.32266430425665893,,9,1,val,current_repo_v1
1661,66.44,-0.07010961465917648,,9,1,val,current_repo_v1
1662,66.48,0.002154297270411471,,9,1,val,current_repo_v1
1663,66.52,0.17091419829776366,,9,1,val,current_repo_v1
1664,66.56,0.2940771283658638,,9,1,val,current_repo_v1
1665,66.6,0.44908642313355773,,9,1,val,current_repo_v1
1666,66.64,0.3605546954234011,,9,1,val,current_repo_v1
1667,66.68,0.0909055407399208,,9,1,val,current_repo_v1
1668,66.72,-0.031248822678941877,,9,1,val,current_repo_v1
1669,66.76,-0.25022264719062065,,9,1,val,current_repo_v1
1670,66.8,-0.4634232806621739,,9,1,val,current_repo_v1
1671,66.84,-0.5228823149870301,,9,1,val,current_repo_v1
1672,66.88,-0.4333677548026203,,9,1,val,current_repo_v1
1673,66.92,-0.45999608692464805,,9,1,val,current_repo_v1
1674,66.96,-0.5703167017921011,,9,1,val,current_repo_v1
1675,67.0,-0.5617225979130589,,9,1,val,current_repo_v1
1676,67.04,-0.7462223529817295,,9,1,val,current_repo_v1
1677,67.08,-0.7383297382560404,,9,1,val,current_repo_v1
1678,67.12,-0.6273403079289296,,9,1,val,current_repo_v1
1679,67.16,-0.3969660557705481,,9,1,val,current_repo_v1
1680,67.2,-0.38095164924474245,,9,1,val,current_repo_v1
1681,67.24,-0.5988069489615543,,9,1,val,current_repo_v1
1682,67.28,-0.4945677678138386,,9,1,val,current_repo_v1
1683,67.32,-0.5265833754498701,,9,1,val,current_repo_v1
1684,67.36,-0.31168322441292945,,9,1,val,current_repo_v1
1685,67.4,-0.3013298630277979,,9,1,val,current_repo_v1
1686,67.44,-0.08003906763940088,,9,1,val,current_repo_v1
1687,67.48,-0.11503555509595531,,9,1,val,current_repo_v1
1688,67.52,-0.09464304353757548,,9,1,val,current_repo_v1
1689,67.56,-0.2750870367969876,,9,1,val,current_repo_v1
1690,67.6,-0.2084351776735262,,9,1,val,current_repo_v1
1691,67.64,-0.12572769364989433,,9,1,val,current_repo_v1
1692,67.68,-0.011004632333557146,,9,1,val,current_repo_v1
1693,67.72,-0.08698072252071963,,9,1,val,current_repo_v1
1694,67.76,-0.20991139263244618,,9,1,val,current_repo_v1
1695,67.8,-0.2210592151225312,,9,1,val,current_repo_v1
1696,67.84,-0.03223218919573679,,9,1,val,current_repo_v1
1697,67.88,0.08820913567156578,,9,1,val,current_repo_v1
1698,67.92,0.3990010006015261,,9,1,val,current_repo_v1
1699,67.96,0.34290458941595653,,9,1,val,current_repo_v1
1700,68.0,0.1956768770745732,,9,1,val,current_repo_v1
1701,68.04,0.10853016442198876,,9,1,val,current_repo_v1
1702,68.08,0.12681626654742953,,9,1,val,current_repo_v1
1703,68.12,0.04902478370063323,,9,1,val,current_repo_v1
1704,68.16,0.13048834306504492,,9,1,val,current_repo_v1
1705,68.2,0.2060504835269723,,9,1,val,current_repo_v1
1706,68.24,0.2263713605607641,,9,1,val,current_repo_v1
1707,68.28,-0.0030405044565850105,,9,1,val,current_repo_v1
1708,68.32,0.21473668546981908,,9,1,val,current_repo_v1
1709,68.36,0.1335578011235284,,9,1,val,current_repo_v1
1710,68.4,0.26237517362451274,,9,1,val,current_repo_v1
1711,68.44,0.2987257259458743,,9,1,val,current_repo_v1
1712,68.48,0.4471627533485681,,9,1,val,current_repo_v1
1713,68.52,0.3950975865646548,,9,1,val,current_repo_v1
1714,68.56,0.13633499226366555,,9,1,val,current_repo_v1
1715,68.6,0.2162124149355192,,9,1,val,current_repo_v1
1716,68.64,0.15170073129843706,,9,1,val,current_repo_v1
1717,68.68,0.3011428267648528,,9,1,val,current_repo_v1
1718,68.72,0.398804667143421,,9,1,val,current_repo_v1
1719,68.76,0.34642257038559326,,9,1,val,current_repo_v1
1720,68.8,0.11443752454775093,,9,1,val,current_repo_v1
1721,68.84,-0.3873012694191219,,9,1,val,current_repo_v1
1722,68.88,-0.10025532088431618,,9,1,val,current_repo_v1
1723,68.92,-0.26150347054828205,,9,1,val,current_repo_v1
1724,68.96,-0.52388733450143,,9,1,val,current_repo_v1
1725,69.0,-0.9620259826261396,,9,1,val,current_repo_v1
1726,69.04,-1.503201779235552,,9,1,val,current_repo_v1
1727,69.08,-1.770591830799787,,9,1,val,current_repo_v1
1728,69.12,-1.3357671108444136,,9,1,val,current_repo_v1
1729,69.16,-1.1557964249250277,,9,1,val,current_repo_v1
1730,69.2,-0.7667195368783077,,9,1,val,current_repo_v1
1731,69.24,-0.37490424859971616,,9,1,val,current_repo_v1
1732,69.28,-0.14427681172718582,,9,1,val,current_repo_v1
1733,69.32,-0.7139174884853146,,9,1,val,current_repo_v1
1734,69.36,-1.9946184047566684,,9,1,val,current_repo_v1
1735,69.4,-1.7878507263706809,,9,1,val,current_repo_v1
1736,69.44,-1.3737543336338536,,9,1,val,current_repo_v1
1737,69.48,-1.0616546288622806,,9,1,val,current_repo_v1
1738,69.52,-0.0904335017509313,,9,1,val,current_repo_v1
1739,69.56,0.39203558082709594,,9,1,val,current_repo_v1
1740,69.6,0.6059575358500331,,9,1,val,current_repo_v1
1741,69.64,0.8194777937828709,,9,1,val,current_repo_v1
1742,69.68,0.5816901572561088,,9,1,val,current_repo_v1
1743,69.72,0.020925467809129312,,9,1,val,current_repo_v1
1744,69.76,-0.9673074691675393,,9,1,val,current_repo_v1
1745,69.8,-0.5762739948955243,,9,1,val,current_repo_v1
1746,69.84,-1.9128632885077443,,9,1,val,current_repo_v1
1747,69.88,-1.1599638016255285,,9,1,val,current_repo_v1
1748,69.92,-0.5487529378408466,,9,1,val,current_repo_v1
1749,69.96,-0.003678393998138618,,9,1,val,current_repo_v1
1750,70.0,0.1329055652573284,,9,1,val,current_repo_v1
1751,70.04,0.5259704888091385,,9,1,val,current_repo_v1
1752,70.08,0.37596259954431605,,9,1,val,current_repo_v1
1753,70.12,0.16835761527672385,,9,1,val,current_repo_v1
1754,70.16,0.3653034017053435,,9,1,val,current_repo_v1
1755,70.2,0.04603239769080005,,9,1,val,current_repo_v1
1756,70.24,0.4244752667906616,,9,1,val,current_repo_v1
1757,70.28,0.1952949638331826,,9,1,val,current_repo_v1
1758,70.32,0.24784428873058573,,9,1,val,current_repo_v1
1759,70.36,-0.06957552356802561,,9,1,val,current_repo_v1
1760,70.4,-0.15775019528964768,,9,1,val,current_repo_v1
1761,70.44,-0.0853039745873429,,9,1,val,current_repo_v1
1762,70.48,0.04561977700325426,,9,1,val,current_repo_v1
1763,70.52,0.3166459846555013,,9,1,val,current_repo_v1
1764,70.56,-0.046866387046846696,,9,1,val,current_repo_v1
1765,70.6,0.11897627928677162,,9,1,val,current_repo_v1
1766,70.64,0.1229171005762319,,9,1,val,current_repo_v1
1767,70.68,0.407955243351049,,9,1,val,current_repo_v1
1768,70.72,0.4515557387483305,,9,1,val,current_repo_v1
1769,70.76,0.46542890170267326,,9,1,val,current_repo_v1
1770,70.8,0.8617150242188293,,9,1,val,current_repo_v1
1771,70.84,0.4717109412208504,,9,1,val,current_repo_v1
1772,70.88,0.811516336118608,,9,1,val,current_repo_v1
1773,70.92,0.9386430755801279,,9,1,val,current_repo_v1
1774,70.96,0.96308581432506,,9,1,val,current_repo_v1
1775,71.0,0.7374450239615179,,9,1,val,current_repo_v1
1776,71.04,0.5815125638362898,,9,1,val,current_repo_v1
1777,71.08,0.731440103973228,,9,1,val,current_repo_v1
1778,71.12,0.8042474345324531,,9,1,val,current_repo_v1
1779,71.16,1.081489648556313,,9,1,val,current_repo_v1
1780,71.2,0.9754304504260446,,9,1,val,current_repo_v1
1781,71.24,1.0869552341266777,,9,1,val,current_repo_v1
1782,71.28,0.8364023787225799,,9,1,val,current_repo_v1
1783,71.32,1.0696786666025815,,9,1,val,current_repo_v1
1784,71.36,0.8994803766068005,,9,1,val,current_repo_v1
1785,71.4,0.9248293369958942,,9,1,val,current_repo_v1
1786,71.44,0.8725464750522026,,9,1,val,current_repo_v1
1787,71.48,0.5741670514200434,,9,1,val,current_repo_v1
1788,71.52,0.5427953534414915,,9,1,val,current_repo_v1
1789,71.56,0.6616327816673876,,9,1,val,current_repo_v1
1790,71.6,0.3569601521729948,,9,1,val,current_repo_v1
1791,71.64,0.14731194541502632,,9,1,val,current_repo_v1
1792,71.68,-0.08076517129900022,,9,1,val,current_repo_v1
1793,71.72,-0.12193599160290927,,9,1,val,current_repo_v1
1794,71.76,-0.17198759953217874,,9,1,val,current_repo_v1
1795,71.8,-0.29069552244168134,,9,1,val,current_repo_v1
1796,71.84,-0.1770039339515604,,9,1,val,current_repo_v1
1797,71.88,-0.305939087107679,,9,1,val,current_repo_v1
1798,71.92,-0.28836950015074564,,9,1,val,current_repo_v1
1799,71.96,-0.26939819716947744,,9,1,val,current_repo_v1
1800,72.0,-0.47742961440672,,9,1,val,current_repo_v1
1801,72.04,-0.5241820774351976,,9,1,val,current_repo_v1
1802,72.08,-0.6934168090375534,,9,1,val,current_repo_v1
1803,72.12,-0.6578570037980135,,9,1,val,current_repo_v1
1804,72.16,-0.6118566668657189,,9,1,val,current_repo_v1
1805,72.2,-0.7485878701460995,,9,1,val,current_repo_v1
1806,72.24,-0.7187165404141549,,9,1,val,current_repo_v1
1807,72.28,-0.45844561577775284,,9,1,val,current_repo_v1
1808,72.32,-0.5362999396531928,,9,1,val,current_repo_v1
1809,72.36,-0.5452227224420697,,9,1,val,current_repo_v1
1810,72.4,-0.9679569619970473,,9,1,val,current_repo_v1
1811,72.44,-0.9560615042230628,,9,1,val,current_repo_v1
1812,72.48,-0.8222054888892449,,9,1,val,current_repo_v1
1813,72.52,-1.0120645065131344,,9,1,val,current_repo_v1
1814,72.56,-0.9485131527395654,,9,1,val,current_repo_v1
1815,72.6,-0.8593152312331382,,9,1,val,current_repo_v1
1816,72.64,-0.43348373913284116,,9,1,val,current_repo_v1
1817,72.68,-0.525138936022189,,9,1,val,current_repo_v1
1818,72.72,-0.5478867208380002,,9,1,val,current_repo_v1
1819,72.76,-0.5369236042434049,,9,1,val,current_repo_v1
1820,72.8,-0.7851650264278234,,9,1,val,current_repo_v1
1821,72.84,-0.6935405612592918,,9,1,val,current_repo_v1
1822,72.88,-0.2895577205316539,,9,1,val,current_repo_v1
1823,72.92,0.13865057645037457,,9,1,val,current_repo_v1
1824,72.96,0.09305525616806999,,9,1,val,current_repo_v1
1825,73.0,0.3741792858491835,,9,1,val,current_repo_v1
1826,73.04,0.8101916193189403,,9,1,val,current_repo_v1
1827,73.08,0.7770511724418513,,9,1,val,current_repo_v1
1828,73.12,0.6812968591987129,,9,1,val,current_repo_v1
1829,73.16,1.0393070846569092,,9,1,val,current_repo_v1
1830,73.2,0.8490178229415937,,9,1,val,current_repo_v1
1831,73.24,1.3557783645772494,,9,1,val,current_repo_v1
1832,73.28,1.552019190575994,,9,1,val,current_repo_v1
1833,73.32,1.5410526755288598,,9,1,val,current_repo_v1
1834,73.36,1.1830080286013767,,9,1,val,current_repo_v1
1835,73.4,1.521858798180954,,9,1,val,current_repo_v1
1836,73.44,1.58879627296565,,9,1,val,current_repo_v1
1837,73.48,1.446023592057525,,9,1,val,current_repo_v1
1838,73.52,1.3821428796836137,,9,1,val,current_repo_v1
1839,73.56,0.991829537504594,,9,1,val,current_repo_v1
1840,73.6,0.7405661627732538,,9,1,val,current_repo_v1
1841,73.64,0.7490473409293602,,9,1,val,current_repo_v1
1842,73.68,0.8061521215325468,,9,1,val,current_repo_v1
1843,73.72,0.809072557447199,,9,1,val,current_repo_v1
1844,73.76,1.0742031721155998,,9,1,val,current_repo_v1
1845,73.8,1.1757890357182217,,9,1,val,current_repo_v1
1846,73.84,0.771805806596008,,9,1,val,current_repo_v1
1847,73.88,0.7019680438652834,,9,1,val,current_repo_v1
1848,73.92,0.9974883493764568,,9,1,val,current_repo_v1
1849,73.96,0.9826783787051022,,9,1,val,current_repo_v1
1850,74.0,0.9728156810426064,,9,1,val,current_repo_v1
1851,74.04,1.0555621744464527,,9,1,val,current_repo_v1
1852,74.08,1.1792829362241541,,9,1,val,current_repo_v1
1853,74.12,1.0818047336559922,,9,1,val,current_repo_v1
1854,74.16,1.1167294652146535,,9,1,val,current_repo_v1
1855,74.2,1.2159738921166097,,9,1,val,current_repo_v1
1856,74.24,1.0365261794936402,,9,1,val,current_repo_v1
1857,74.28,1.175912448094706,,9,1,val,current_repo_v1
1858,74.32,1.527136012382019,,9,1,val,current_repo_v1
1859,74.36,1.7714311514782541,,9,1,val,current_repo_v1
1860,74.4,1.9249256588507113,,9,1,val,current_repo_v1
1861,74.44,2.175822340553103,,9,1,val,current_repo_v1
1862,74.48,2.0139893900311736,,9,1,val,current_repo_v1
1863,74.52,2.092662206925949,,9,1,val,current_repo_v1
1864,74.56,2.3087501899492224,,9,1,val,current_repo_v1
1865,74.6,2.488755928479081,,9,1,val,current_repo_v1
1866,74.64,2.2511588480411078,,9,1,val,current_repo_v1
1867,74.68,2.1333601325590688,,9,1,val,current_repo_v1
1868,74.72,1.6826396848954805,,9,1,val,current_repo_v1
1869,74.76,1.2906574112239235,,9,1,val,current_repo_v1
1870,74.8,1.662596194412847,,9,1,val,current_repo_v1
1871,74.84,0.8223294838575932,,9,1,val,current_repo_v1
1872,74.88,-1.223628081122033,,9,1,val,current_repo_v1
1873,74.92,-1.6613925596222086,,9,1,val,current_repo_v1
1874,74.96,-1.7901121537887164,,9,1,val,current_repo_v1
1875,75.0,-0.4285733150593685,,9,1,val,current_repo_v1
1876,75.04,0.7793396903815539,,9,1,val,current_repo_v1
1877,75.08,2.4347467497442663,,9,1,val,current_repo_v1
1878,75.12,3.1369379262933905,,9,1,val,current_repo_v1
1879,75.16,3.3204617428915295,,9,1,val,current_repo_v1
1880,75.2,2.9862691836577158,,9,1,val,current_repo_v1
1881,75.24,2.469209971448144,,9,1,val,current_repo_v1
1882,75.28,2.4576080428748774,,9,1,val,current_repo_v1
1883,75.32,1.89035640542762,,9,1,val,current_repo_v1
1884,75.36,1.010498790879136,,9,1,val,current_repo_v1
1885,75.4,2.1099892657449093,,9,1,val,current_repo_v1
1886,75.44,-0.15694852461037956,,9,1,val,current_repo_v1
1887,75.48,-0.024339550195386746,,9,1,val,current_repo_v1
1888,75.52,-5.093362191050321,,9,1,val,current_repo_v1
1889,75.56,1.5733304009542854,,9,1,val,current_repo_v1
1890,75.6,-1.1048396391620192,,9,1,val,current_repo_v1
1891,75.64,-0.7344167114534162,,9,1,val,current_repo_v1
1892,75.68,1.4298567649353493,,9,1,val,current_repo_v1
1893,75.72,0.3404536254448938,,9,1,val,current_repo_v1
1894,75.76,-1.4601122169028349,,9,1,val,current_repo_v1
1895,75.8,-1.2968568683454051,,9,1,val,current_repo_v1
1896,75.84,-0.5357547307673075,,9,1,val,current_repo_v1
1897,75.88,-0.05705394946306877,,9,1,val,current_repo_v1
1898,75.92,0.21154277122442847,,9,1,val,current_repo_v1
1899,75.96,-0.019406817708462292,,9,1,val,current_repo_v1
1900,76.0,0.21167072296251846,,9,1,val,current_repo_v1
1901,76.04,0.5217541258427555,,9,1,val,current_repo_v1
1902,76.08,1.1021896229708203,,9,1,val,current_repo_v1
1903,76.12,1.1596545424444875,,9,1,val,current_repo_v1
1904,76.16,1.3083680096865606,,9,1,val,current_repo_v1
1905,76.2,1.2933132533337606,,9,1,val,current_repo_v1
1906,76.24,0.9465385547158142,,9,1,val,current_repo_v1
1907,76.28,0.8374931848889264,,9,1,val,current_repo_v1
1908,76.32,0.83417998495942,,9,1,val,current_repo_v1
1909,76.36,1.0047076335555436,,9,1,val,current_repo_v1
1910,76.4,0.8273285104436874,,9,1,val,current_repo_v1
1911,76.44,1.2105655947461866,,9,1,val,current_repo_v1
1912,76.48,1.2400761059171428,,9,1,val,current_repo_v1
1913,76.52,1.2058992281143297,,9,1,val,current_repo_v1
1914,76.56,1.4245855708502102,,9,1,val,current_repo_v1
1915,76.6,1.5558657533568214,,9,1,val,current_repo_v1
1916,76.64,1.3887468497558697,,9,1,val,current_repo_v1
1917,76.68,1.5632002936262994,,9,1,val,current_repo_v1
1918,76.72,1.6561694293658342,,9,1,val,current_repo_v1
1919,76.76,1.2789368281077271,,9,1,val,current_repo_v1
1920,76.8,1.041988755006042,,9,1,val,current_repo_v1
1921,76.84,1.146982101321464,,9,1,val,current_repo_v1
1922,76.88,1.3172154439277177,,9,1,val,current_repo_v1
1923,76.92,1.2404050761229095,,9,1,val,current_repo_v1
1924,76.96,1.1729552117939896,,9,1,val,current_repo_v1
1925,77.0,0.944903510650022,,9,1,val,current_repo_v1
1926,77.04,0.6501126101523429,,9,1,val,current_repo_v1
1927,77.08,0.8984948253705163,,9,1,val,current_repo_v1
1928,77.12,1.198524100611673,,9,1,val,current_repo_v1
1929,77.16,1.0865997559911078,,9,1,val,current_repo_v1
1930,77.2,1.3046551517384783,,9,1,val,current_repo_v1
1931,77.24,1.379629675481767,,9,1,val,current_repo_v1
1932,77.28,1.3606508716302523,,9,1,val,current_repo_v1
1933,77.32,1.3829957941722364,,9,1,val,current_repo_v1
1934,77.36,1.3466033195113414,,9,1,val,current_repo_v1
1935,77.4,1.6815791735060523,,9,1,val,current_repo_v1
1936,77.44,1.6352118522488774,,9,1,val,current_repo_v1
1937,77.48,1.2176339876325457,,9,1,val,current_repo_v1
1938,77.52,1.1024986879545733,,9,1,val,current_repo_v1
1939,77.56,1.1620512282735715,,9,1,val,current_repo_v1
1940,77.6,1.187257453656031,,9,1,val,current_repo_v1
1941,77.64,1.0423622934893904,,9,1,val,current_repo_v1
1942,77.68,0.8988824431572401,,9,1,val,current_repo_v1
1943,77.72,0.4063349582791402,,9,1,val,current_repo_v1
1944,77.76,0.28898090603715676,,9,1,val,current_repo_v1
1945,77.8,0.4155923915444559,,9,1,val,current_repo_v1
1946,77.84,0.3009091588781417,,9,1,val,current_repo_v1
1947,77.88,0.7378528868155092,,9,1,val,current_repo_v1
1948,77.92,1.0215368676268752,,9,1,val,current_repo_v1
1949,77.96,1.2507201563676562,,9,1,val,current_repo_v1
1950,78.0,0.742513039134152,,9,1,val,current_repo_v1
1951,78.04,0.5193228728964185,,9,1,val,current_repo_v1
1952,78.08,0.33484969858153446,,9,1,val,current_repo_v1
1953,78.12,0.9491146788389527,,9,1,val,current_repo_v1
1954,78.16,0.9451944181873528,,9,1,val,current_repo_v1
1955,78.2,1.2606867495791987,,9,1,val,current_repo_v1
1956,78.24,1.3167612164712315,,9,1,val,current_repo_v1
1957,78.28,1.0996449588083277,,9,1,val,current_repo_v1
1958,78.32,1.016556775276355,,9,1,val,current_repo_v1
1959,78.36,0.8022489502422854,,9,1,val,current_repo_v1
1960,78.4,1.1430876689091598,,9,1,val,current_repo_v1
1961,78.44,0.6682937486436533,,9,1,val,current_repo_v1
1962,78.48,0.7632484060043859,,9,1,val,current_repo_v1
1963,78.52,0.6305998608576432,,9,1,val,current_repo_v1
1964,78.56,0.2912071351967534,,9,1,val,current_repo_v1
1965,78.6,0.11423140840126597,,9,1,val,current_repo_v1
1966,78.64,0.0004665043662832734,,9,1,val,current_repo_v1
1967,78.68,0.3001033129571829,,9,1,val,current_repo_v1
1968,78.72,0.32718143027273555,,9,1,val,current_repo_v1
1969,78.76,0.22503387528941465,,9,1,val,current_repo_v1
1970,78.8,0.3271277832719427,,9,1,val,current_repo_v1
1971,78.84,0.5450017259283966,,9,1,val,current_repo_v1
1972,78.88,0.39055322437894496,,9,1,val,current_repo_v1
1973,78.92,0.3247599842894394,,9,1,val,current_repo_v1
1974,78.96,0.0001448044214838525,,9,1,val,current_repo_v1
1975,79.0,-0.024439015618802375,,9,1,val,current_repo_v1
1976,79.04,0.08119249636244205,,9,1,val,current_repo_v1
1977,79.08,-0.10305608272027678,,9,1,val,current_repo_v1
1978,79.12,0.25891098530363477,,9,1,val,current_repo_v1
1979,79.16,0.17024463032361523,,9,1,val,current_repo_v1
1980,79.2,-0.05182033255314573,,9,1,val,current_repo_v1
1981,79.24,-0.07474794405758727,,9,1,val,current_repo_v1
1982,79.28,-0.2002712693365881,,9,1,val,current_repo_v1
1983,79.32,-0.20007855280297082,,9,1,val,current_repo_v1
1984,79.36,-0.35642788168141837,,9,1,val,current_repo_v1
1985,79.4,0.48880457489970924,,9,1,val,current_repo_v1
1986,79.44,0.608133176616122,,9,1,val,current_repo_v1
1987,79.48,0.5673806329957699,,9,1,val,current_repo_v1
1988,79.52,0.2888985178377491,,9,1,val,current_repo_v1
1989,79.56,0.26288795156331246,,9,1,val,current_repo_v1
1990,79.6,0.22888636108752422,,9,1,val,current_repo_v1
1991,79.64,0.17342558190003599,,9,1,val,current_repo_v1
1992,79.68,0.4364075249507103,,9,1,val,current_repo_v1
1993,79.72,0.0004355784481791827,,9,1,val,current_repo_v1
1994,79.76,-0.1026109339870014,,9,1,val,current_repo_v1
1995,79.8,-0.29350271706280484,,9,1,val,current_repo_v1
1996,79.84,-0.24025457322475763,,9,1,val,current_repo_v1
1997,79.88,-0.07350879543791732,,9,1,val,current_repo_v1
1998,79.92,0.35845372351452426,,9,1,val,current_repo_v1
1999,79.96,0.5474510877718337,,9,1,val,current_repo_v1
2000,80.0,0.23964819219317193,,9,1,val,current_repo_v1
2001,80.04,0.36496734329856717,,9,1,val,current_repo_v1
2002,80.08,0.30962092203901326,,9,1,val,current_repo_v1
2003,80.12,0.46525227926929386,,9,1,val,current_repo_v1
2004,80.16,0.49710835383328456,,9,1,val,current_repo_v1
2005,80.2,0.37600697362460983,,9,1,val,current_repo_v1
2006,80.24,0.68128064372517,,9,1,val,current_repo_v1
2007,80.28,0.9143292838343866,,9,1,val,current_repo_v1
2008,80.32,1.095976863335115,,9,1,val,current_repo_v1
2009,80.36,1.3985223528360815,,9,1,val,current_repo_v1
2010,80.4,1.5268092754450637,,9,1,val,current_repo_v1
2011,80.44,1.2536812766141314,,9,1,val,current_repo_v1
2012,80.48,0.5176008769949523,,9,1,val,current_repo_v1
2013,80.52,0.13259179098934293,,9,1,val,current_repo_v1
2014,80.56,-0.1554688141002767,,9,1,val,current_repo_v1
2015,80.6,0.052230677491223496,,9,1,val,current_repo_v1
2016,80.64,0.06464483622128975,,9,1,val,current_repo_v1
2017,80.68,0.12079816541822085,,9,1,val,current_repo_v1
2018,80.72,0.21088254899476203,,9,1,val,current_repo_v1
2019,80.76,-0.04921129502403434,,9,1,val,current_repo_v1
2020,80.8,0.17123688136633328,,9,1,val,current_repo_v1
2021,80.84,0.7169774066020281,,9,1,val,current_repo_v1
2022,80.88,1.2052776025956409,,9,1,val,current_repo_v1
2023,80.92,1.3942029196591255,,9,1,val,current_repo_v1
2024,80.96,0.6318559774653467,,9,1,val,current_repo_v1
2025,81.0,0.46471624620526364,,9,1,val,current_repo_v1
2026,81.04,0.6513198375928081,,9,1,val,current_repo_v1
2027,81.08,0.3572309602910241,,9,1,val,current_repo_v1
2028,81.12,0.12151465631206727,,9,1,val,current_repo_v1
2029,81.16,0.31689526114923044,,9,1,val,current_repo_v1
2030,81.2,0.07702329906236695,,9,1,val,current_repo_v1
2031,81.24,-0.20247434046959817,,9,1,val,current_repo_v1
2032,81.28,-0.3880492445482753,,9,1,val,current_repo_v1
2033,81.32,-0.29724812733127776,,9,1,val,current_repo_v1
2034,81.36,0.15420349739605713,,9,1,val,current_repo_v1
2035,81.4,0.3332379824649559,,9,1,val,current_repo_v1
2036,81.44,0.2536561766146655,,9,1,val,current_repo_v1
2037,81.48,0.15305042672426558,,9,1,val,current_repo_v1
2038,81.52,0.10863027312392069,,9,1,val,current_repo_v1
2039,81.56,0.4059491368173298,,9,1,val,current_repo_v1
2040,81.6,0.5247278203636248,,9,1,val,current_repo_v1
2041,81.64,0.9345759046802032,,9,1,val,current_repo_v1
2042,81.68,0.5554690568468866,,9,1,val,current_repo_v1
2043,81.72,0.30481296130958885,,9,1,val,current_repo_v1
2044,81.76,0.2337687964768728,,9,1,val,current_repo_v1
2045,81.8,0.26447073228398826,,9,1,val,current_repo_v1
2046,81.84,-0.26485065500317756,,9,1,val,current_repo_v1
2047,81.88,-0.36328042428223467,,9,1,val,current_repo_v1
2048,81.92,0.14928236819708696,,9,1,val,current_repo_v1
2049,81.96,0.3612629329325101,,9,1,val,current_repo_v1
2050,82.0,0.29706147946290856,,9,1,val,current_repo_v1
2051,82.04,0.1625245356135979,,9,1,val,current_repo_v1
2052,82.08,-0.21892069031309944,,9,1,val,current_repo_v1
2053,82.12,-0.7598372335431149,,9,1,val,current_repo_v1
2054,82.16,-0.3545746812372892,,9,1,val,current_repo_v1
2055,82.2,-0.31203166289681183,,9,1,val,current_repo_v1
2056,82.24,-0.4488755734281793,,9,1,val,current_repo_v1
2057,82.28,-0.39700727414491294,,9,1,val,current_repo_v1
2058,82.32,-0.20840097467618815,,9,1,val,current_repo_v1
2059,82.36,-0.41049291641117586,,9,1,val,current_repo_v1
2060,82.4,-0.504044644014524,,9,1,val,current_repo_v1
2061,82.44,-0.5429802292596083,,9,1,val,current_repo_v1
2062,82.48,0.06671037926244841,,9,1,val,current_repo_v1
2063,82.52,-0.035527158854838016,,9,1,val,current_repo_v1
2064,82.56,-0.5843368720934128,,9,1,val,current_repo_v1
2065,82.6,-0.6585957788306508,,9,1,val,current_repo_v1
2066,82.64,-0.24923962051907964,,9,1,val,current_repo_v1
2067,82.68,0.31823862088854,,9,1,val,current_repo_v1
2068,82.72,0.46704025369933694,,9,1,val,current_repo_v1
2069,82.76,0.6437609994557622,,9,1,val,current_repo_v1
2070,82.8,0.9097262255183975,,9,1,val,current_repo_v1
2071,82.84,0.6173619657814668,,9,1,val,current_repo_v1
2072,82.88,0.9925735073146836,,9,1,val,current_repo_v1
2073,82.92,1.205670172413207,,9,1,val,current_repo_v1
2074,82.96,1.3680998912009694,,9,1,val,current_repo_v1
2075,83.0,1.4131011316361461,,9,1,val,current_repo_v1
2076,83.04,1.2137154747565373,,9,1,val,current_repo_v1
2077,83.08,1.1588126001026333,,9,1,val,current_repo_v1
2078,83.12,0.9964625022029255,,9,1,val,current_repo_v1
2079,83.16,0.96588215817272,,9,1,val,current_repo_v1
2080,83.2,1.0662180709315303,,9,1,val,current_repo_v1
2081,83.24,1.0021796703598136,,9,1,val,current_repo_v1
2082,83.28,1.1119231794368376,,9,1,val,current_repo_v1
2083,83.32,1.1391179850477797,,9,1,val,current_repo_v1
2084,83.36,0.8792341441555598,,9,1,val,current_repo_v1
2085,83.4,0.7753621415300125,,9,1,val,current_repo_v1
2086,83.44,0.751092335469989,,9,1,val,current_repo_v1
2087,83.48,0.6269619145133829,,9,1,val,current_repo_v1
2088,83.52,0.8761440769098939,,9,1,val,current_repo_v1
2089,83.56,0.920784984277302,,9,1,val,current_repo_v1
2090,83.6,1.2458628938017566,,9,1,val,current_repo_v1
2091,83.64,1.0004912220398385,,9,1,val,current_repo_v1
2092,83.68,0.695246924279079,,9,1,val,current_repo_v1
2093,83.72,0.5862605904277244,,9,1,val,current_repo_v1
2094,83.76,0.26287384798527597,,9,1,val,current_repo_v1
2095,83.8,0.5473432111783842,,9,1,val,current_repo_v1
2096,83.84,0.851126417094022,,9,1,val,current_repo_v1
2097,83.88,1.0546027427453961,,9,1,val,current_repo_v1
2098,83.92,0.8399754146233471,,9,1,val,current_repo_v1
2099,83.96,0.9161521166776145,,9,1,val,current_repo_v1
2100,84.0,0.8385558324485219,,9,1,val,current_repo_v1
2101,84.04,0.674140203644986,,9,1,val,current_repo_v1
2102,84.08,0.46517275547988335,,9,1,val,current_repo_v1
2103,84.12,0.2517732154361598,,9,1,val,current_repo_v1
2104,84.16,0.5300965985859525,,9,1,val,current_repo_v1
2105,84.2,0.7279557676837264,,9,1,val,current_repo_v1
2106,84.24,0.7107819305249492,,9,1,val,current_repo_v1
2107,84.28,1.0220062424718208,,9,1,val,current_repo_v1
2108,84.32,1.039102012320847,,9,1,val,current_repo_v1
2109,84.36,1.0794953395078362,,9,1,val,current_repo_v1
2110,84.4,0.8978086292535882,,9,1,val,current_repo_v1
2111,84.44,1.0513771257927498,,9,1,val,current_repo_v1
2112,84.48,1.0044811995178082,,9,1,val,current_repo_v1
2113,84.52,0.5257752234361172,,9,1,val,current_repo_v1
2114,84.56,0.5803668969361009,,9,1,val,current_repo_v1
2115,84.6,0.7439170369766201,,9,1,val,current_repo_v1
2116,84.64,0.9274966367457196,,9,1,val,current_repo_v1
2117,84.68,1.009090569245655,,9,1,val,current_repo_v1
2118,84.72,0.9786913141864517,,9,1,val,current_repo_v1
2119,84.76,0.9820568502850573,,9,1,val,current_repo_v1
2120,84.8,1.0535917516643922,,9,1,val,current_repo_v1
2121,84.84,1.079167825781729,,9,1,val,current_repo_v1
2122,84.88,1.177220852322187,,9,1,val,current_repo_v1
2123,84.92,1.1175150903430058,,9,1,val,current_repo_v1
2124,84.96,0.9203879479221133,,9,1,val,current_repo_v1
2125,85.0,0.7667152159886511,,9,1,val,current_repo_v1
2126,85.04,0.9184792798776169,,9,1,val,current_repo_v1
2127,85.08,0.824018514769432,,9,1,val,current_repo_v1
2128,85.12,0.8285946767610417,,9,1,val,current_repo_v1
2129,85.16,1.5414432062749028,,9,1,val,current_repo_v1
2130,85.2,1.448627000899619,,9,1,val,current_repo_v1
2131,85.24,0.8147922016195083,,9,1,val,current_repo_v1
2132,85.28,0.5002135199180876,,9,1,val,current_repo_v1
2133,85.32,0.8171407265211837,,9,1,val,current_repo_v1
2134,85.36,0.905645752104249,,9,1,val,current_repo_v1
2135,85.4,0.9430287300322707,,9,1,val,current_repo_v1
2136,85.44,0.930737595284113,,9,1,val,current_repo_v1
2137,85.48,0.829605085250182,,9,1,val,current_repo_v1
2138,85.52,0.610430093588528,,9,1,val,current_repo_v1
2139,85.56,0.7598440304481928,,9,1,val,current_repo_v1
2140,85.6,1.0083024195525598,,9,1,val,current_repo_v1
2141,85.64,0.8145228499811386,,9,1,val,current_repo_v1
2142,85.68,0.6791839927059499,,9,1,val,current_repo_v1
2143,85.72,0.8619043665745686,,9,1,val,current_repo_v1
2144,85.76,0.550882990793592,,9,1,val,current_repo_v1
2145,85.8,0.2245892848733421,,9,1,val,current_repo_v1
2146,85.84,0.09111051597733912,,9,1,val,current_repo_v1
2147,85.88,-0.04880500092000965,,9,1,val,current_repo_v1
2148,85.92,-0.04430055537996884,,9,1,val,current_repo_v1
2149,85.96,0.16583504105573413,,9,1,val,current_repo_v1
2150,86.0,0.16985977984824452,,9,1,val,current_repo_v1
2151,86.04,0.1270635767936183,,9,1,val,current_repo_v1
2152,86.08,-0.2986249375534346,,9,1,val,current_repo_v1
2153,86.12,-0.27662020011059535,,9,1,val,current_repo_v1
2154,86.16,-0.11296713550746908,,9,1,val,current_repo_v1
2155,86.2,-0.15197454947442932,,9,1,val,current_repo_v1
2156,86.24,0.27377052483273545,,9,1,val,current_repo_v1
2157,86.28,0.4525240064259883,,9,1,val,current_repo_v1
2158,86.32,0.2875746992005383,,9,1,val,current_repo_v1
2159,86.36,0.5073002644481569,,9,1,val,current_repo_v1
2160,86.4,0.6042861768913966,,9,1,val,current_repo_v1
2161,86.44,0.4492497430527134,,9,1,val,current_repo_v1
2162,86.48,0.14063687486072413,,9,1,val,current_repo_v1
2163,86.52,0.010573490079674293,,9,1,val,current_repo_v1
2164,86.56,0.2917321961140152,,9,1,val,current_repo_v1
2165,86.6,0.3728041748532961,,9,1,val,current_repo_v1
2166,86.64,0.30470520608944435,,9,1,val,current_repo_v1
2167,86.68,0.2567284019845021,,9,1,val,current_repo_v1
2168,86.72,0.17706280000446653,,9,1,val,current_repo_v1
2169,86.76,0.20419089884700214,,9,1,val,current_repo_v1
2170,86.8,0.05157574713765335,,9,1,val,current_repo_v1
2171,86.84,0.13643772262898463,,9,1,val,current_repo_v1
2172,86.88,0.47816601052258006,,9,1,val,current_repo_v1
2173,86.92,0.4619986979071844,,9,1,val,current_repo_v1
2174,86.96,0.09760021308297419,,9,1,val,current_repo_v1
2175,87.0,-0.030671704751182298,,9,1,val,current_repo_v1
2176,87.04,0.021772325769834462,,9,1,val,current_repo_v1
2177,87.08,-0.2922997134133523,,9,1,val,current_repo_v1
2178,87.12,-0.38289646225945634,,9,1,val,current_repo_v1
2179,87.16,-0.6562005009319042,,9,1,val,current_repo_v1
2180,87.2,-0.31731484866448095,,9,1,val,current_repo_v1
2181,87.24,-0.5076300599923972,,9,1,val,current_repo_v1
2182,87.28,-0.4068297244194836,,9,1,val,current_repo_v1
2183,87.32,-0.22258825174377028,,9,1,val,current_repo_v1
2184,87.36,-0.5445467216827583,,9,1,val,current_repo_v1
2185,87.4,-0.6639766458341526,,9,1,val,current_repo_v1
2186,87.44,-0.7089564760183341,,9,1,val,current_repo_v1
2187,87.48,-0.6923321200857769,,9,1,val,current_repo_v1
2188,87.52,-0.668310255413128,,9,1,val,current_repo_v1
2189,87.56,-0.9620266623166475,,9,1,val,current_repo_v1
2190,87.6,-0.8292071750071974,,9,1,val,current_repo_v1
2191,87.64,-0.7648794204764533,,9,1,val,current_repo_v1
2192,87.68,-0.6123641043791003,,9,1,val,current_repo_v1
2193,87.72,-0.39824188340297734,,9,1,val,current_repo_v1
2194,87.76,-0.6064140936739748,,9,1,val,current_repo_v1
2195,87.8,-1.042647278009439,,9,1,val,current_repo_v1
2196,87.84,-0.8671597335807407,,9,1,val,current_repo_v1
2197,87.88,-0.748068392400866,,9,1,val,current_repo_v1
2198,87.92,-0.10237413466902227,,9,1,val,current_repo_v1
2199,87.96,0.35081633257450745,,9,1,val,current_repo_v1
2200,88.0,0.351348190396847,,9,1,val,current_repo_v1
2201,88.04,0.08261142312142039,,9,1,val,current_repo_v1
2202,88.08,0.5458762448653023,,9,1,val,current_repo_v1
2203,88.12,0.7144335192286873,,9,1,val,current_repo_v1
2204,88.16,0.44697180886520327,,9,1,val,current_repo_v1
2205,88.2,-0.05328752947550711,,9,1,val,current_repo_v1
2206,88.24,-0.03077541520593894,,9,1,val,current_repo_v1
2207,88.28,0.605140159465103,,9,1,val,current_repo_v1
2208,88.32,1.0691865706749473,,9,1,val,current_repo_v1
2209,88.36,1.4145694573302436,,9,1,val,current_repo_v1
2210,88.4,1.2976559901852691,,9,1,val,current_repo_v1
2211,88.44,1.0700655076001535,,9,1,val,current_repo_v1
2212,88.48,0.8232130815177101,,9,1,val,current_repo_v1
2213,88.52,0.563251270414383,,9,1,val,current_repo_v1
2214,88.56,0.5732216019237183,,9,1,val,current_repo_v1
2215,88.6,0.5307291477020878,,9,1,val,current_repo_v1
2216,88.64,0.739648095094528,,9,1,val,current_repo_v1
2217,88.68,0.9136086176988495,,9,1,val,current_repo_v1
2218,88.72,1.0211197318523848,,9,1,val,current_repo_v1
2219,88.76,0.9379728036408107,,9,1,val,current_repo_v1
2220,88.8,0.570370397342216,,9,1,val,current_repo_v1
2221,88.84,0.6314052455600432,,9,1,val,current_repo_v1
2222,88.88,1.1101952119687672,,9,1,val,current_repo_v1
2223,88.92,1.24332376426197,,9,1,val,current_repo_v1
2224,88.96,1.1448357357965318,,9,1,val,current_repo_v1
2225,89.0,0.8876501691215631,,9,1,val,current_repo_v1
2226,89.04,0.8996071874358239,,9,1,val,current_repo_v1
2227,89.08,0.5504844979587438,,9,1,val,current_repo_v1
2228,89.12,0.5647069247354426,,9,1,val,current_repo_v1
2229,89.16,0.7365064684689145,,9,1,val,current_repo_v1
2230,89.2,0.9451171276667536,,9,1,val,current_repo_v1
2231,89.24,1.1284650015220212,,9,1,val,current_repo_v1
2232,89.28,1.2892409362057053,,9,1,val,current_repo_v1
2233,89.32,0.9916992311243877,,9,1,val,current_repo_v1
2234,89.36,1.0770627271804836,,9,1,val,current_repo_v1
2235,89.4,1.099725841978754,,9,1,val,current_repo_v1
2236,89.44,1.4028009074839265,,9,1,val,current_repo_v1
2237,89.48,1.4096304377061222,,9,1,val,current_repo_v1
2238,89.52,0.7688664364457818,,9,1,val,current_repo_v1
2239,89.56,0.37459617887706387,,9,1,val,current_repo_v1
2240,89.6,0.2804562762378742,,9,1,val,current_repo_v1
2241,89.64,0.5107401781080426,,9,1,val,current_repo_v1
2242,89.68,0.6351316973182811,,9,1,val,current_repo_v1
2243,89.72,0.7449225419842399,,9,1,val,current_repo_v1
2244,89.76,0.3381235250109115,,9,1,val,current_repo_v1
2245,89.8,0.5238913155458328,,9,1,val,current_repo_v1
2246,89.84,1.1748262055646261,,9,1,val,current_repo_v1
2247,89.88,1.1898144493463076,,9,1,val,current_repo_v1
2248,89.92,0.8724309276658797,,9,1,val,current_repo_v1
2249,89.96,0.575254070739275,,9,1,val,current_repo_v1
2250,90.0,0.4760618343584523,,9,1,val,current_repo_v1
2251,90.04,0.13924088765638343,,9,1,val,current_repo_v1
2252,90.08,0.4812124804771039,,9,1,val,current_repo_v1
2253,90.12,0.6602329590666102,,9,1,val,current_repo_v1
2254,90.16,0.7672974194578885,,9,1,val,current_repo_v1
2255,90.2,0.8622582911318352,,9,1,val,current_repo_v1
2256,90.24,0.903642024487307,,9,1,val,current_repo_v1
2257,90.28,0.8662938078738261,,9,1,val,current_repo_v1
2258,90.32,0.5606366466789108,,9,1,val,current_repo_v1
2259,90.36,0.16366037127608493,,9,1,val,current_repo_v1
2260,90.4,0.028563404929018463,,9,1,val,current_repo_v1
2261,90.44,0.22947312819302823,,9,1,val,current_repo_v1
2262,90.48,0.1713457289462224,,9,1,val,current_repo_v1
2263,90.52,0.22614308164879324,,9,1,val,current_repo_v1
2264,90.56,0.43958104848086743,,9,1,val,current_repo_v1
2265,90.6,0.37176997719638344,,9,1,val,current_repo_v1
2266,90.64,0.26099312007558156,,9,1,val,current_repo_v1
2267,90.68,0.27629093860889686,,9,1,val,current_repo_v1
2268,90.72,0.41969456650553144,,9,1,val,current_repo_v1
2269,90.76,0.40558220104177134,,9,1,val,current_repo_v1
2270,90.8,0.3015744545119555,,9,1,val,current_repo_v1
2271,90.84,0.12143005911850938,,9,1,val,current_repo_v1
2272,90.88,0.01405870025697156,,9,1,val,current_repo_v1
2273,90.92,-0.09160311560418903,,9,1,val,current_repo_v1
2274,90.96,-0.113902061938254,,9,1,val,current_repo_v1
2275,91.0,-0.23641116614985913,,9,1,val,current_repo_v1
2276,91.04,-0.24696748797554668,,9,1,val,current_repo_v1
2277,91.08,-0.06266549856997972,,9,1,val,current_repo_v1
2278,91.12,0.2660050122320017,,9,1,val,current_repo_v1
2279,91.16,0.2691931248334151,,9,1,val,current_repo_v1
2280,91.2,0.03489257370151197,,9,1,val,current_repo_v1
2281,91.24,0.17626763493434433,,9,1,val,current_repo_v1
2282,91.28,0.015254020976220056,,9,1,val,current_repo_v1
2283,91.32,-0.31065458565338405,,9,1,val,current_repo_v1
2284,91.36,-0.4170033319399678,,9,1,val,current_repo_v1
2285,91.4,-0.22242599990969827,,9,1,val,current_repo_v1
2286,91.44,0.0248394291862017,,9,1,val,current_repo_v1
2287,91.48,-0.04330190796407933,,9,1,val,current_repo_v1
2288,91.52,-0.11834331750139944,,9,1,val,current_repo_v1
2289,91.56,-0.14193049581966063,,9,1,val,current_repo_v1
2290,91.6,-0.27942183583435165,,9,1,val,current_repo_v1
2291,91.64,-0.24916655378949304,,9,1,val,current_repo_v1
2292,91.68,0.14613544969537728,,9,1,val,current_repo_v1
2293,91.72,0.08644200103798451,,9,1,val,current_repo_v1
2294,91.76,0.27036724163628695,,9,1,val,current_repo_v1
2295,91.8,0.5133546076462269,,9,1,val,current_repo_v1
2296,91.84,0.8162491667722614,,9,1,val,current_repo_v1
2297,91.88,1.1606475702763572,,9,1,val,current_repo_v1
2298,91.92,1.337366713905157,,9,1,val,current_repo_v1
2299,91.96,0.930238702451401,,9,1,val,current_repo_v1
2300,92.0,0.505255512654138,,9,1,val,current_repo_v1
2301,92.04,0.2118181915280462,,9,1,val,current_repo_v1
2302,92.08,0.45194442462013795,,9,1,val,current_repo_v1
2303,92.12,0.3257656349450252,,9,1,val,current_repo_v1
2304,92.16,0.35175697568795605,,9,1,val,current_repo_v1
2305,92.2,0.4411100122781235,,9,1,val,current_repo_v1
2306,92.24,0.36292006693980516,,9,1,val,current_repo_v1
2307,92.28,0.18559755233738284,,9,1,val,current_repo_v1
2308,92.32,0.31989507520532723,,9,1,val,current_repo_v1
2309,92.36,0.6019344962837921,,9,1,val,current_repo_v1
2310,92.4,0.46130560778653446,,9,1,val,current_repo_v1
2311,92.44,0.5484823239201053,,9,1,val,current_repo_v1
2312,92.48,0.6487777465443806,,9,1,val,current_repo_v1
2313,92.52,0.7730371145001774,,9,1,val,current_repo_v1
2314,92.56,0.9553911351851015,,9,1,val,current_repo_v1
2315,92.6,0.9138762215616277,,9,1,val,current_repo_v1
2316,92.64,0.6670887544719994,,9,1,val,current_repo_v1
2317,92.68,0.7936789268269474,,9,1,val,current_repo_v1
2318,92.72,0.9605153219232717,,9,1,val,current_repo_v1
2319,92.76,0.7870223292896603,,9,1,val,current_repo_v1
2320,92.8,0.670111095413497,,9,1,val,current_repo_v1
2321,92.84,0.8166921307860475,,9,1,val,current_repo_v1
2322,92.88,0.68231673480564,,9,1,val,current_repo_v1
2323,92.92,0.3800861847563868,,9,1,val,current_repo_v1
2324,92.96,0.09843869628563702,,9,1,val,current_repo_v1
2325,93.0,0.3133619385938466,,9,1,val,current_repo_v1
2326,93.04,0.8180173330789349,,9,1,val,current_repo_v1
2327,93.08,1.0967361747309519,,9,1,val,current_repo_v1
2328,93.12,1.1144142451478594,,9,1,val,current_repo_v1
2329,93.16,1.168556837419487,,9,1,val,current_repo_v1
2330,93.2,1.272342956294444,,9,1,val,current_repo_v1
2331,93.24,1.094242001863323,,9,1,val,current_repo_v1
2332,93.28,0.742197808386507,,9,1,val,current_repo_v1
2333,93.32,0.559880490989003,,9,1,val,current_repo_v1
2334,93.36,0.7884702642685244,,9,1,val,current_repo_v1
2335,93.4,0.8260460315541464,,9,1,val,current_repo_v1
2336,93.44,0.7619270876572574,,9,1,val,current_repo_v1
2337,93.48,0.8975613190073994,,9,1,val,current_repo_v1
2338,93.52,0.6683470072498703,,9,1,val,current_repo_v1
2339,93.56,0.6734563378955131,,9,1,val,current_repo_v1
2340,93.6,0.8690494673896632,,9,1,val,current_repo_v1
2341,93.64,1.0277624442835844,,9,1,val,current_repo_v1
2342,93.68,1.025014164264689,,9,1,val,current_repo_v1
2343,93.72,0.6195741641870101,,9,1,val,current_repo_v1
2344,93.76,0.5970053321720336,,9,1,val,current_repo_v1
2345,93.8,0.6884188990858648,,9,1,val,current_repo_v1
2346,93.84,0.4684765853902467,,9,1,val,current_repo_v1
2347,93.88,0.14329859143852128,,9,1,val,current_repo_v1
2348,93.92,0.4887269930831781,,9,1,val,current_repo_v1
2349,93.96,0.6290777910641089,,9,1,val,current_repo_v1
2350,94.0,0.8582474374454123,,9,1,val,current_repo_v1
2351,94.04,0.5391771666712789,,9,1,val,current_repo_v1
2352,94.08,0.5777999000854953,,9,1,val,current_repo_v1
2353,94.12,0.9634984835619278,,9,1,val,current_repo_v1
2354,94.16,0.932232623105302,,9,1,val,current_repo_v1
2355,94.2,1.010264686048527,,9,1,val,current_repo_v1
2356,94.24,0.9322653453483195,,9,1,val,current_repo_v1
2357,94.28,0.5433239584592582,,9,1,val,current_repo_v1
2358,94.32,0.168884593892204,,9,1,val,current_repo_v1
2359,94.36,0.1125516746845872,,9,1,val,current_repo_v1
2360,94.4,0.6307696378366228,,9,1,val,current_repo_v1
2361,94.44,0.9820257787189873,,9,1,val,current_repo_v1
2362,94.48,1.28117446635799,,9,1,val,current_repo_v1
2363,94.52,1.2718690178132317,,9,1,val,current_repo_v1
2364,94.56,1.4187525640110672,,9,1,val,current_repo_v1
2365,94.6,0.8732954939917786,,9,1,val,current_repo_v1
2366,94.64,0.36421711062594153,,9,1,val,current_repo_v1
2367,94.68,0.47886754822525524,,9,1,val,current_repo_v1
2368,94.72,0.9807634963473918,,9,1,val,current_repo_v1
2369,94.76,1.1021329173627425,,9,1,val,current_repo_v1
2370,94.8,0.9431037872840586,,9,1,val,current_repo_v1
2371,94.84,1.0811205766105874,,9,1,val,current_repo_v1
2372,94.88,1.0109974895145601,,9,1,val,current_repo_v1
2373,94.92,1.1445637624947749,,9,1,val,current_repo_v1
2374,94.96,0.9497761148016688,,9,1,val,current_repo_v1
2375,95.0,0.3340828377661292,,9,1,val,current_repo_v1
2376,95.04,0.6183545081201168,,9,1,val,current_repo_v1
2377,95.08,0.6594068438037228,,9,1,val,current_repo_v1
2378,95.12,0.7616020013972495,,9,1,val,current_repo_v1
2379,95.16,1.1748290214253012,,9,1,val,current_repo_v1
2380,95.2,1.2237273159361692,,9,1,val,current_repo_v1
2381,95.24,1.0663459498456374,,9,1,val,current_repo_v1
2382,95.28,0.7823587785184786,,9,1,val,current_repo_v1
2383,95.32,1.0996577758293316,,9,1,val,current_repo_v1
2384,95.36,1.168023183272234,,9,1,val,current_repo_v1
2385,95.4,0.7850214175333934,,9,1,val,current_repo_v1
2386,95.44,0.9241706197952092,,9,1,val,current_repo_v1
2387,95.48,0.8431379174574137,,9,1,val,current_repo_v1
2388,95.52,0.9794667439571872,,9,1,val,current_repo_v1
2389,95.56,1.128353240982813,,9,1,val,current_repo_v1
2390,95.6,1.0385878750010318,,9,1,val,current_repo_v1
2391,95.64,0.9770381126742375,,9,1,val,current_repo_v1
2392,95.68,1.115900922485667,,9,1,val,current_repo_v1
2393,95.72,1.3313144583279322,,9,1,val,current_repo_v1
2394,95.76,1.2023806645528292,,9,1,val,current_repo_v1
2395,95.8,1.2742064734694947,,9,1,val,current_repo_v1
2396,95.84,1.2174250313507247,,9,1,val,current_repo_v1
2397,95.88,1.437822349291981,,9,1,val,current_repo_v1
2398,95.92,1.177251632592325,,9,1,val,current_repo_v1
2399,95.96,0.794169954669498,,9,1,val,current_repo_v1
2400,96.0,1.3076256905534185,,9,1,val,current_repo_v1
2401,96.04,1.390693483370158,,9,1,val,current_repo_v1
2402,96.08,0.9449060352147652,,9,1,val,current_repo_v1
2403,96.12,0.3003770583091922,,9,1,val,current_repo_v1
2404,96.16,0.6858196169361397,,9,1,val,current_repo_v1
2405,96.2,0.6056508012337354,,9,1,val,current_repo_v1
2406,96.24,0.8402744784467713,,9,1,val,current_repo_v1
2407,96.28,0.8639874237836331,,9,1,val,current_repo_v1
2408,96.32,0.36688018658475424,,9,1,val,current_repo_v1
2409,96.36,0.2807959272944774,,9,1,val,current_repo_v1
2410,96.4,0.4845867554536667,,9,1,val,current_repo_v1
2411,96.44,0.5180240814346907,,9,1,val,current_repo_v1
2412,96.48,0.4284008678676798,,9,1,val,current_repo_v1
2413,96.52,0.49916121336407476,,9,1,val,current_repo_v1
2414,96.56,0.5136170167315528,,9,1,val,current_repo_v1
2415,96.6,0.8999699479696917,,9,1,val,current_repo_v1
2416,96.64,0.9866275747526048,,9,1,val,current_repo_v1
2417,96.68,1.3076215153117279,,9,1,val,current_repo_v1
2418,96.72,1.0871726379905242,,9,1,val,current_repo_v1
2419,96.76,0.9968996402980734,,9,1,val,current_repo_v1
2420,96.8,1.209212428043836,,9,1,val,current_repo_v1
2421,96.84,1.1026126817625928,,9,1,val,current_repo_v1
2422,96.88,1.39121781604759,,9,1,val,current_repo_v1
2423,96.92,0.7490151041795626,,9,1,val,current_repo_v1
2424,96.96,0.5850017065086678,,9,1,val,current_repo_v1
2425,97.0,0.6612312787745763,,9,1,val,current_repo_v1
2426,97.04,0.33041209635486835,,9,1,val,current_repo_v1
2427,97.08,0.6911113959338001,,9,1,val,current_repo_v1
2428,97.12,0.6751894030423918,,9,1,val,current_repo_v1
2429,97.16,0.6328754646776981,,9,1,val,current_repo_v1
2430,97.2,0.4426910694978689,,9,1,val,current_repo_v1
2431,97.24,0.21461502086892606,,9,1,val,current_repo_v1
2432,97.28,0.18439918514817982,,9,1,val,current_repo_v1
2433,97.32,0.5046111660527605,,9,1,val,current_repo_v1
2434,97.36,-0.14777442625625012,,9,1,val,current_repo_v1
2435,97.4,0.2694538589671326,,9,1,val,current_repo_v1
2436,97.44,0.7099996067504919,,9,1,val,current_repo_v1
2437,97.48,0.7619527216992651,,9,1,val,current_repo_v1
2438,97.52,0.37633060340495816,,9,1,val,current_repo_v1
2439,97.56,0.5556887425288662,,9,1,val,current_repo_v1
2440,97.6,0.524692670654508,,9,1,val,current_repo_v1
2441,97.64,0.1081327396722241,,9,1,val,current_repo_v1
2442,97.68,0.4785855737631696,,9,1,val,current_repo_v1
2443,97.72,0.777298773983972,,9,1,val,current_repo_v1
2444,97.76,0.8631552884048198,,9,1,val,current_repo_v1
2445,97.8,1.005180795247604,,9,1,val,current_repo_v1
2446,97.84,1.0529407052565807,,9,1,val,current_repo_v1
2447,97.88,1.2191607667103126,,9,1,val,current_repo_v1
2448,97.92,1.5097022421533373,,9,1,val,current_repo_v1
2449,97.96,1.5848593113472873,,9,1,val,current_repo_v1
2450,98.0,1.2221070308642605,,9,1,val,current_repo_v1
2451,98.04,1.0659633811884,,9,1,val,current_repo_v1
2452,98.08,0.7724434533909517,,9,1,val,current_repo_v1
2453,98.12,1.2553307883778748,,9,1,val,current_repo_v1
2454,98.16,1.088552798115898,,9,1,val,current_repo_v1
2455,98.2,0.8884690990847968,,9,1,val,current_repo_v1
2456,98.24,0.8485482538993602,,9,1,val,current_repo_v1
2457,98.28,0.821262855253595,,9,1,val,current_repo_v1
2458,98.32,0.5913368589850958,,9,1,val,current_repo_v1
2459,98.36,0.6899416971192289,,9,1,val,current_repo_v1
2460,98.4,0.5842548237392591,,9,1,val,current_repo_v1
2461,98.44,0.6939862925844309,,9,1,val,current_repo_v1
2462,98.48,0.6679749737955034,,9,1,val,current_repo_v1
2463,98.52,1.0509591161304637,,9,1,val,current_repo_v1
2464,98.56,0.6419799675787627,,9,1,val,current_repo_v1
2465,98.6,0.42156429799379636,,9,1,val,current_repo_v1
2466,98.64,0.6453625930387069,,9,1,val,current_repo_v1
2467,98.68,0.3606774766586997,,9,1,val,current_repo_v1
2468,98.72,0.2847702961654289,,9,1,val,current_repo_v1
2469,98.76,0.06826534122162717,,9,1,val,current_repo_v1
2470,98.8,0.23059845292730563,,9,1,val,current_repo_v1
2471,98.84,0.15125410181084117,,9,1,val,current_repo_v1
2472,98.88,0.19523609778027645,,9,1,val,current_repo_v1
2473,98.92,0.3431581625246813,,9,1,val,current_repo_v1
2474,98.96,0.2521947449242898,,9,1,val,current_repo_v1
2475,99.0,-0.10742065462934777,,9,1,val,current_repo_v1
2476,99.04,-0.10486499404542565,,9,1,val,current_repo_v1
2477,99.08,-0.22598005302556948,,9,1,val,current_repo_v1
2478,99.12,-0.6178732872406071,,9,1,val,current_repo_v1
2479,99.16,-0.7285196195092537,,9,1,val,current_repo_v1
2480,99.2,-0.535210007374642,,9,1,val,current_repo_v1
2481,99.24,-0.6746716245234278,,9,1,val,current_repo_v1
2482,99.28,-1.0975827778077165,,9,1,val,current_repo_v1
2483,99.32,-0.8213800533168654,,9,1,val,current_repo_v1
2484,99.36,-0.881764729014677,,9,1,val,current_repo_v1
2485,99.4,-1.044376022266661,,9,1,val,current_repo_v1
2486,99.44,-0.7025345659035199,,9,1,val,current_repo_v1
2487,99.48,-0.5894322205343241,,9,1,val,current_repo_v1
2488,99.52,-0.6292431500547879,,9,1,val,current_repo_v1
2489,99.56,-0.3050230585004765,,9,1,val,current_repo_v1
2490,99.6,-0.1776099994125532,,9,1,val,current_repo_v1
2491,99.64,-0.035599278872645905,,9,1,val,current_repo_v1
2492,99.68,0.5495546813440977,,9,1,val,current_repo_v1
2493,99.72,0.28383484782943263,,9,1,val,current_repo_v1
2494,99.76,0.5463944117788423,,9,1,val,current_repo_v1
2495,99.8,0.9810766394741914,,9,1,val,current_repo_v1
2496,99.84,1.067301983094155,,9,1,val,current_repo_v1
2497,99.88,1.296313989826975,,9,1,val,current_repo_v1
2498,99.92,1.3669788873563486,,9,1,val,current_repo_v1
2499,99.96,1.3900141812569518,,9,1,val,current_repo_v1
2500,100.0,1.2214911341655659,,9,1,val,current_repo_v1
2501,100.04,1.020800471511015,,9,1,val,current_repo_v1
2502,100.08,0.9374323525884799,,9,1,val,current_repo_v1
2503,100.12,1.0045216896523432,,9,1,val,current_repo_v1
2504,100.16,1.0819664028982003,,9,1,val,current_repo_v1
2505,100.2,1.024892499663796,,9,1,val,current_repo_v1
2506,100.24,0.8903610661625305,,9,1,val,current_repo_v1
2507,100.28,0.6253436199636754,,9,1,val,current_repo_v1
2508,100.32,0.544045352834625,,9,1,val,current_repo_v1
2509,100.36,0.42221073221601924,,9,1,val,current_repo_v1
2510,100.4,0.28060088039340486,,9,1,val,current_repo_v1
2511,100.44,0.22145392111026474,,9,1,val,current_repo_v1
2512,100.48,-0.4336455054736933,,9,1,val,current_repo_v1
2513,100.52,-0.7746161326483995,,9,1,val,current_repo_v1
2514,100.56,-0.9395759022527371,,9,1,val,current_repo_v1
2515,100.6,-1.2394435082516855,,9,1,val,current_repo_v1
2516,100.64,-1.0590184977771693,,9,1,val,current_repo_v1
2517,100.68,0.025040034984641423,,9,1,val,current_repo_v1
2518,100.72,0.32522139704557956,,9,1,val,current_repo_v1
2519,100.76,-0.09805812421926621,,9,1,val,current_repo_v1
2520,100.8,-0.2622398423894811,,9,1,val,current_repo_v1
2521,100.84,-0.19130170927597911,,9,1,val,current_repo_v1
2522,100.88,-0.41150478137997565,,9,1,val,current_repo_v1
2523,100.92,-0.02771469905974528,,9,1,val,current_repo_v1
2524,100.96,-0.2743071162139685,,9,1,val,current_repo_v1
2525,101.0,-0.24540043723519378,,9,1,val,current_repo_v1
2526,101.04,-0.5156790035348762,,9,1,val,current_repo_v1
2527,101.08,-0.19201756902863973,,9,1,val,current_repo_v1
2528,101.12,0.16052452201978773,,9,1,val,current_repo_v1
2529,101.16,-0.07282054811213534,,9,1,val,current_repo_v1
2530,101.2,-0.3043704099650396,,9,1,val,current_repo_v1
2531,101.24,-0.4533514810698911,,9,1,val,current_repo_v1
2532,101.28,-0.6278492019219706,,9,1,val,current_repo_v1
2533,101.32,-0.5062459188226207,,9,1,val,current_repo_v1
2534,101.36,-0.32292850966689823,,9,1,val,current_repo_v1
2535,101.4,-0.6304270252713786,,9,1,val,current_repo_v1
2536,101.44,-1.2092267986431435,,9,1,val,current_repo_v1
2537,101.48,-1.447016522790751,,9,1,val,current_repo_v1
2538,101.52,-1.4493331022385607,,9,1,val,current_repo_v1
2539,101.56,-1.278577951519618,,9,1,val,current_repo_v1
2540,101.6,-1.085547012493197,,9,1,val,current_repo_v1
2541,101.64,-1.236061562482249,,9,1,val,current_repo_v1
2542,101.68,-1.3339992358336719,,9,1,val,current_repo_v1
2543,101.72,-1.3174663468237335,,9,1,val,current_repo_v1
2544,101.76,-1.0496043958498098,,9,1,val,current_repo_v1
2545,101.8,-0.9991257238097041,,9,1,val,current_repo_v1
2546,101.84,-0.9144338590739411,,9,1,val,current_repo_v1
2547,101.88,-1.169973895029569,,9,1,val,current_repo_v1
2548,101.92,-0.5218142299033723,,9,1,val,current_repo_v1
2549,101.96,-0.798592263859739,,9,1,val,current_repo_v1
2550,102.0,-0.5391458038092769,,9,1,val,current_repo_v1
2551,102.04,-0.5655114355500468,,9,1,val,current_repo_v1
2552,102.08,-0.6852659604682291,,9,1,val,current_repo_v1
2553,102.12,-0.5116229018803637,,9,1,val,current_repo_v1
2554,102.16,-0.22298990028454757,,9,1,val,current_repo_v1
2555,102.2,-0.07581903919920806,,9,1,val,current_repo_v1
2556,102.24,-0.5230648118883696,,9,1,val,current_repo_v1
2557,102.28,-0.44938276819495077,,9,1,val,current_repo_v1
2558,102.32,-0.22554357034626832,,9,1,val,current_repo_v1
2559,102.36,0.08411118450150284,,9,1,val,current_repo_v1
2560,102.4,-0.45543614040658115,,9,1,val,current_repo_v1
2561,102.44,-0.2780549053992186,,9,1,val,current_repo_v1
2562,102.48,-0.4607667588618291,,9,1,val,current_repo_v1
2563,102.52,-0.4279776148786194,,9,1,val,current_repo_v1
2564,102.56,-0.41833819554793006,,9,1,val,current_repo_v1
2565,102.6,-0.04258835430421296,,9,1,val,current_repo_v1
2566,102.64,-0.1652225185349174,,9,1,val,current_repo_v1
2567,102.68,-0.36600231774463154,,9,1,val,current_repo_v1
2568,102.72,-0.5324889149760579,,9,1,val,current_repo_v1
2569,102.76,-0.6861707256327312,,9,1,val,current_repo_v1
2570,102.8,-0.32175815543648023,,9,1,val,current_repo_v1
2571,102.84,-0.3666795807863145,,9,1,val,current_repo_v1
2572,102.88,-0.49611731652361607,,9,1,val,current_repo_v1
2573,102.92,-0.5157438168797254,,9,1,val,current_repo_v1
2574,102.96,-0.6330298029722866,,9,1,val,current_repo_v1
2575,103.0,-0.5646424512358472,,9,1,val,current_repo_v1
2576,103.04,-0.4760867401606303,,9,1,val,current_repo_v1
2577,103.08,0.040272251246625215,,9,1,val,current_repo_v1
2578,103.12,0.10133802538255653,,9,1,val,current_repo_v1
2579,103.16,-0.18504442991201406,,9,1,val,current_repo_v1
2580,103.2,-0.13261043392898497,,9,1,val,current_repo_v1
2581,103.24,-0.12696414778219414,,9,1,val,current_repo_v1
2582,103.28,-0.7759334699511254,,9,1,val,current_repo_v1
2583,103.32,-1.378925030622485,,9,1,val,current_repo_v1
2584,103.36,-1.1283731462048268,,9,1,val,current_repo_v1
2585,103.4,-1.1657506866087861,,9,1,val,current_repo_v1
2586,103.44,-1.1252587071995246,,9,1,val,current_repo_v1
2587,103.48,-0.7653627775261305,,9,1,val,current_repo_v1
2588,103.52,-0.876015906699855,,9,1,val,current_repo_v1
2589,103.56,-0.7926640518001846,,9,1,val,current_repo_v1
2590,103.6,-0.7620011739226056,,9,1,val,current_repo_v1
2591,103.64,-0.5120163455857257,,9,1,val,current_repo_v1
2592,103.68,-0.5389851055535084,,9,1,val,current_repo_v1
2593,103.72,-0.5633241914960037,,9,1,val,current_repo_v1
2594,103.76,-0.6925152481283022,,9,1,val,current_repo_v1
2595,103.8,-0.32409692192443684,,9,1,val,current_repo_v1
2596,103.84,-0.33129812148108445,,9,1,val,current_repo_v1
2597,103.88,-0.2752148186124507,,9,1,val,current_repo_v1
2598,103.92,-0.5500817327835608,,9,1,val,current_repo_v1
2599,103.96,-0.5675691014637135,,9,1,val,current_repo_v1
2600,104.0,-0.7913030201076727,,9,1,val,current_repo_v1
2601,104.04,-0.696588827538729,,9,1,val,current_repo_v1
2602,104.08,-0.39874628658373473,,9,1,val,current_repo_v1
2603,104.12,-0.09142419921534586,,9,1,val,current_repo_v1
2604,104.16,-0.12161209480129005,,9,1,val,current_repo_v1
2605,104.2,-0.5531496615384018,,9,1,val,current_repo_v1
2606,104.24,-1.0524692913401117,,9,1,val,current_repo_v1
2607,104.28,-0.5958915136270665,,9,1,val,current_repo_v1
2608,104.32,-0.7995607742840067,,9,1,val,current_repo_v1
2609,104.36,-0.8792910439609256,,9,1,val,current_repo_v1
2610,104.4,-0.6490016560173729,,9,1,val,current_repo_v1
2611,104.44,-0.8832637378802687,,9,1,val,current_repo_v1
2612,104.48,-0.9033630600831845,,9,1,val,current_repo_v1
2613,104.52,-1.1416375006614845,,9,1,val,current_repo_v1
2614,104.56,-1.0175372773831528,,9,1,val,current_repo_v1
2615,104.6,-1.2439010157003652,,9,1,val,current_repo_v1
2616,104.64,-1.1348669093161778,,9,1,val,current_repo_v1
2617,104.68,-1.2300055200579096,,9,1,val,current_repo_v1
2618,104.72,-0.7394062223724015,,9,1,val,current_repo_v1
2619,104.76,-0.7991701464393199,,9,1,val,current_repo_v1
2620,104.8,-0.8497180983618974,,9,1,val,current_repo_v1
2621,104.84,-0.5398409815507722,,9,1,val,current_repo_v1
2622,104.88,-0.1701195429955223,,9,1,val,current_repo_v1
2623,104.92,-0.39157671691036,,9,1,val,current_repo_v1
2624,104.96,-0.513214057359082,,9,1,val,current_repo_v1
2625,105.0,-0.48149338685410586,,9,1,val,current_repo_v1
2626,105.04,-0.668538243029167,,9,1,val,current_repo_v1
2627,105.08,-1.0918065736752953,,9,1,val,current_repo_v1
2628,105.12,-0.3043327356911797,,9,1,val,current_repo_v1
2629,105.16,-0.4956971706911627,,9,1,val,current_repo_v1
2630,105.2,0.7136617792064225,,9,1,val,current_repo_v1
2631,105.24,0.4665071335946258,,9,1,val,current_repo_v1
2632,105.28,-0.24305851504130818,,9,1,val,current_repo_v1
2633,105.32,0.4099515914710493,,9,1,val,current_repo_v1
2634,105.36,0.03935623477675323,,9,1,val,current_repo_v1
2635,105.4,-0.453966698078078,,9,1,val,current_repo_v1
2636,105.44,-0.7078044006076433,,9,1,val,current_repo_v1
2637,105.48,-1.7726901324959545,,9,1,val,current_repo_v1
2638,105.52,-3.497852420742018,,9,1,val,current_repo_v1
2639,105.56,-4.277459763535672,,9,1,val,current_repo_v1
2640,105.6,-3.2326492248372505,,9,1,val,current_repo_v1
2641,105.64,-1.9573385455885415,,9,1,val,current_repo_v1
2642,105.68,0.0007466582287945065,,9,1,val,current_repo_v1
2643,105.72,1.4995889328907577,,9,1,val,current_repo_v1
2644,105.76,1.4368082510543698,,9,1,val,current_repo_v1
2645,105.8,0.6216232368706854,,9,1,val,current_repo_v1
2646,105.84,-0.6977743048829451,,9,1,val,current_repo_v1
2647,105.88,-1.2200881558588594,,9,1,val,current_repo_v1
2648,105.92,-0.6251350035271083,,9,1,val,current_repo_v1
2649,105.96,-0.35886136789656664,,9,1,val,current_repo_v1
2650,106.0,-1.3228185211779424,,9,1,val,current_repo_v1
2651,106.04,-1.0533817272974875,,9,1,val,current_repo_v1
2652,106.08,-0.31988621495406505,,9,1,val,current_repo_v1
2653,106.12,1.1329730002655647,,9,1,val,current_repo_v1
2654,106.16,0.1845280835980485,,9,1,val,current_repo_v1
2655,106.2,1.0801158969414413,,9,1,val,current_repo_v1
2656,106.24,2.7952505169289057,,9,1,val,current_repo_v1
2657,106.28,0.39453533686675296,,9,1,val,current_repo_v1
2658,106.32,-1.5101775400155648,,9,1,val,current_repo_v1
2659,106.36,-2.0389369446260996,,9,1,val,current_repo_v1
2660,106.4,-7.923330910722166,,9,1,val,current_repo_v1
2661,106.44,-3.801564162055695,,9,1,val,current_repo_v1
2662,106.48,4.629522357205521,,9,1,val,current_repo_v1
2663,106.52,2.2812380659697897,,9,1,val,current_repo_v1
2664,106.56,0.13554764363438282,,9,1,val,current_repo_v1
2665,106.6,-1.7721228822178885,,9,1,val,current_repo_v1
2666,106.64,-1.2428040923194488,,9,1,val,current_repo_v1
2667,106.68,-0.11013353005518602,,9,1,val,current_repo_v1
2668,106.72,0.01679240334194113,,9,1,val,current_repo_v1
2669,106.76,-1.281377111227953,,9,1,val,current_repo_v1
2670,106.8,-1.7829371465912793,,9,1,val,current_repo_v1
2671,106.84,-0.48085680814424586,,9,1,val,current_repo_v1
2672,106.88,-4.362717810464418,,9,1,val,current_repo_v1
2673,106.92,-0.06252140418232989,,9,1,val,current_repo_v1
2674,106.96,-1.3909327344288973,,9,1,val,current_repo_v1
2675,107.0,-2.0567392042086436,,9,1,val,current_repo_v1
2676,107.04,-2.3264050537902214,,9,1,val,current_repo_v1
2677,107.08,-2.0827090133272743,,9,1,val,current_repo_v1
2678,107.12,-2.3216720774886017,,9,1,val,current_repo_v1
2679,107.16,-2.3915966949563567,,9,1,val,current_repo_v1
2680,107.2,-2.4520961412513396,,9,1,val,current_repo_v1
2681,107.24,-1.374573360695731,,9,1,val,current_repo_v1
2682,107.28,-1.6097722988249608,,9,1,val,current_repo_v1
2683,107.32,-2.031468311129301,,9,1,val,current_repo_v1
2684,107.36,-2.0354703288391227,,9,1,val,current_repo_v1
2685,107.4,-2.1003135800706976,,9,1,val,current_repo_v1
2686,107.44,-1.7789228944523174,,9,1,val,current_repo_v1
2687,107.48,-1.9185676396436286,,9,1,val,current_repo_v1
2688,107.52,-2.0016126142790354,,9,1,val,current_repo_v1
2689,107.56,-1.9102249241538218,,9,1,val,current_repo_v1
2690,107.6,-2.1762567598862197,,9,1,val,current_repo_v1
2691,107.64,-1.633715173750741,,9,1,val,current_repo_v1
2692,107.68,-1.3334572312030377,,9,1,val,current_repo_v1
2693,107.72,-1.3686993782288333,,9,1,val,current_repo_v1
2694,107.76,-1.2721881810559574,,9,1,val,current_repo_v1
2695,107.8,-1.2581256757458754,,9,1,val,current_repo_v1
2696,107.84,-1.6097984183601883,,9,1,val,current_repo_v1
2697,107.88,-1.59810249829956,,9,1,val,current_repo_v1
2698,107.92,-1.3684440087951952,,9,1,val,current_repo_v1
2699,107.96,-1.3641793392534376,,9,1,val,current_repo_v1
2700,108.0,-1.3636616092837957,,9,1,val,current_repo_v1
2701,108.04,-1.1753251954959822,,9,1,val,current_repo_v1
2702,108.08,-1.544712711814623,,9,1,val,current_repo_v1
2703,108.12,-1.4267748539757767,,9,1,val,current_repo_v1
2704,108.16,-1.565064587590502,,9,1,val,current_repo_v1
2705,108.2,-1.293187413491177,,9,1,val,current_repo_v1
2706,108.24,-0.9693826613864424,,9,1,val,current_repo_v1
2707,108.28,-0.8471018724987996,,9,1,val,current_repo_v1
2708,108.32,-0.5058629132214854,,9,1,val,current_repo_v1
2709,108.36,-0.6228314352975903,,9,1,val,current_repo_v1
2710,108.4,-0.8451725224431378,,9,1,val,current_repo_v1
2711,108.44,-0.7300452334032929,,9,1,val,current_repo_v1
2712,108.48,-0.8564365477353926,,9,1,val,current_repo_v1
2713,108.52,-0.9580848457660864,,9,1,val,current_repo_v1
2714,108.56,-1.129121097059319,,9,1,val,current_repo_v1
2715,108.6,-1.5256172924917017,,9,1,val,current_repo_v1
2716,108.64,-1.8680695478747291,,9,1,val,current_repo_v1
2717,108.68,-1.846660850457893,,9,1,val,current_repo_v1
2718,108.72,-1.9930696813853646,,9,1,val,current_repo_v1
2719,108.76,-1.6863970140225006,,9,1,val,current_repo_v1
2720,108.8,-1.1944746016649503,,9,1,val,current_repo_v1
2721,108.84,-1.2212540192769938,,9,1,val,current_repo_v1
2722,108.88,-0.7780774565592804,,9,1,val,current_repo_v1
2723,108.92,-0.8002611953522764,,9,1,val,current_repo_v1
2724,108.96,-0.7739290626436757,,9,1,val,current_repo_v1
2725,109.0,-1.1608989586655927,,9,1,val,current_repo_v1
2726,109.04,-0.8803190273046242,,9,1,val,current_repo_v1
2727,109.08,-0.5979659776061398,,9,1,val,current_repo_v1
2728,109.12,-0.6005060295830439,,9,1,val,current_repo_v1
2729,109.16,-0.35502206323937585,,9,1,val,current_repo_v1
2730,109.2,-0.4674059757418458,,9,1,val,current_repo_v1
2731,109.24,-0.6128451310613222,,9,1,val,current_repo_v1
2732,109.28,-0.6309890807719924,,9,1,val,current_repo_v1
2733,109.32,-0.5709936735378522,,9,1,val,current_repo_v1
2734,109.36,-0.6778586933144185,,9,1,val,current_repo_v1
2735,109.4,-0.8094649330674772,,9,1,val,current_repo_v1
2736,109.44,-0.6678962267952447,,9,1,val,current_repo_v1
2737,109.48,-0.6919537266702301,,9,1,val,current_repo_v1
2738,109.52,-0.5415188946678765,,9,1,val,current_repo_v1
2739,109.56,-0.5120192585450448,,9,1,val,current_repo_v1
2740,109.6,-0.8951667693484827,,9,1,val,current_repo_v1
2741,109.64,-0.6729351609240101,,9,1,val,current_repo_v1
2742,109.68,-0.48816571437171596,,9,1,val,current_repo_v1
2743,109.72,-0.8587217643212004,,9,1,val,current_repo_v1
2744,109.76,-1.104054014033667,,9,1,val,current_repo_v1
2745,109.8,-0.4043701429437687,,9,1,val,current_repo_v1
2746,109.84,-0.2822849592744012,,9,1,val,current_repo_v1
2747,109.88,-0.645768222623887,,9,1,val,current_repo_v1
2748,109.92,-0.8799973394971553,,9,1,val,current_repo_v1
2749,109.96,-1.1031881854253964,,9,1,val,current_repo_v1
2750,110.0,-0.9613210464709255,,9,1,val,current_repo_v1
2751,110.04,-1.0006534738739106,,9,1,val,current_repo_v1
2752,110.08,-1.425104660200868,,9,1,val,current_repo_v1
2753,110.12,-0.8258264915201327,,9,1,val,current_repo_v1
2754,110.16,-0.8237451820866596,,9,1,val,current_repo_v1
2755,110.2,-0.8744676688217711,,9,1,val,current_repo_v1
2756,110.24,-0.5749025736481077,,9,1,val,current_repo_v1
2757,110.28,-0.49467307129322285,,9,1,val,current_repo_v1
2758,110.32,-0.5999415951656527,,9,1,val,current_repo_v1
2759,110.36,-0.6053955288987412,,9,1,val,current_repo_v1
2760,110.4,-0.9106951728865631,,9,1,val,current_repo_v1
2761,110.44,-1.1018678380647076,,9,1,val,current_repo_v1
2762,110.48,-1.0078284810713476,,9,1,val,current_repo_v1
2763,110.52,-1.29746567684309,,9,1,val,current_repo_v1
2764,110.56,-1.7512688122554025,,9,1,val,current_repo_v1
2765,110.6,-1.6061547917452559,,9,1,val,current_repo_v1
2766,110.64,-1.330653313661148,,9,1,val,current_repo_v1
2767,110.68,-1.2782229588772678,,9,1,val,current_repo_v1
2768,110.72,-1.818341059957927,,9,1,val,current_repo_v1
2769,110.76,-1.9970173238545637,,9,1,val,current_repo_v1
2770,110.8,-1.6400126034039872,,9,1,val,current_repo_v1
2771,110.84,-1.2195051756004702,,9,1,val,current_repo_v1
2772,110.88,-0.5596429391565332,,9,1,val,current_repo_v1
2773,110.92,-0.12491716271936404,,9,1,val,current_repo_v1
2774,110.96,0.24995902437224513,,9,1,val,current_repo_v1
2775,111.0,0.5193166100338825,,9,1,val,current_repo_v1
2776,111.04,0.6895369414218445,,9,1,val,current_repo_v1
2777,111.08,0.8387442038178216,,9,1,val,current_repo_v1
2778,111.12,0.8147205428202593,,9,1,val,current_repo_v1
2779,111.16,0.9912142233977631,,9,1,val,current_repo_v1
2780,111.2,0.6622416872637166,,9,1,val,current_repo_v1
2781,111.24,0.9106310877815436,,9,1,val,current_repo_v1
2782,111.28,1.1666323422960236,,9,1,val,current_repo_v1
2783,111.32,1.9066107184280119,,9,1,val,current_repo_v1
2784,111.36,2.209574800183128,,9,1,val,current_repo_v1
2785,111.4,2.507156898300337,,9,1,val,current_repo_v1
2786,111.44,2.4051136029859776,,9,1,val,current_repo_v1
2787,111.48,2.2786923337222134,,9,1,val,current_repo_v1
2788,111.52,2.1527476246030486,,9,1,val,current_repo_v1
2789,111.56,1.9085227849250472,,9,1,val,current_repo_v1
2790,111.6,0.360395696393902,,9,1,val,current_repo_v1
2791,111.64,-0.25330744683485124,,9,1,val,current_repo_v1
2792,111.68,-0.8848026542885316,,9,1,val,current_repo_v1
2793,111.72,-0.82678961296966,,9,1,val,current_repo_v1
2794,111.76,-0.7155387930929851,,9,1,val,current_repo_v1
2795,111.8,-0.09000671679869655,,9,1,val,current_repo_v1
2796,111.84,0.015398273149166336,,9,1,val,current_repo_v1
2797,111.88,0.3508351697114374,,9,1,val,current_repo_v1
2798,111.92,0.3507695310281144,,9,1,val,current_repo_v1
2799,111.96,0.23456107286233693,,9,1,val,current_repo_v1
2800,112.0,0.03862343131072003,,9,1,val,current_repo_v1
2801,112.04,-0.12903169348288465,,9,1,val,current_repo_v1
2802,112.08,-0.477220561026255,,9,1,val,current_repo_v1
2803,112.12,-0.7481247581636898,,9,1,val,current_repo_v1
2804,112.16,-0.3353096305833541,,9,1,val,current_repo_v1
2805,112.2,-0.44588114834682274,,9,1,val,current_repo_v1
2806,112.24,-0.38275477106324474,,9,1,val,current_repo_v1
2807,112.28,0.26325600397327653,,9,1,val,current_repo_v1
2808,112.32,0.6895784025428193,,9,1,val,current_repo_v1
2809,112.36,0.6600738143891451,,9,1,val,current_repo_v1
2810,112.4,0.7946168026290429,,9,1,val,current_repo_v1
2811,112.44,1.0572205221867974,,9,1,val,current_repo_v1
2812,112.48,0.9657768061440138,,9,1,val,current_repo_v1
2813,112.52,0.47460880170077985,,9,1,val,current_repo_v1
2814,112.56,-0.086542686263115,,9,1,val,current_repo_v1
2815,112.6,0.023624919347438853,,9,1,val,current_repo_v1
2816,112.64,-0.34967607892371977,,9,1,val,current_repo_v1
2817,112.68,-1.1826714847013804,,9,1,val,current_repo_v1
2818,112.72,-0.9551215893494439,,9,1,val,current_repo_v1
2819,112.76,-0.828515638464851,,9,1,val,current_repo_v1
2820,112.8,-0.5664249881418281,,9,1,val,current_repo_v1
2821,112.84,-0.1944865690728196,,9,1,val,current_repo_v1
2822,112.88,-0.16488633875483613,,9,1,val,current_repo_v1
2823,112.92,0.07564832157711501,,9,1,val,current_repo_v1
2824,112.96,-0.09981301228637691,,9,1,val,current_repo_v1
2825,113.0,0.18823496997952674,,9,1,val,current_repo_v1
2826,113.04,0.07083866162142112,,9,1,val,current_repo_v1
2827,113.08,0.153863676416827,,9,1,val,current_repo_v1
2828,113.12,0.49098259458257537,,9,1,val,current_repo_v1
2829,113.16,0.539245621215277,,9,1,val,current_repo_v1
2830,113.2,0.12057930507471498,,9,1,val,current_repo_v1
2831,113.24,-0.12574786589317888,,9,1,val,current_repo_v1
2832,113.28,-0.5291466340026828,,9,1,val,current_repo_v1
2833,113.32,-0.8255661700556521,,9,1,val,current_repo_v1
2834,113.36,-0.45222761281527324,,9,1,val,current_repo_v1
2835,113.4,-0.16594692296824728,,9,1,val,current_repo_v1
2836,113.44,-0.19733833197152484,,9,1,val,current_repo_v1
2837,113.48,-0.21632114114210338,,9,1,val,current_repo_v1
2838,113.52,-0.15078108576674673,,9,1,val,current_repo_v1
2839,113.56,-0.16794683946341346,,9,1,val,current_repo_v1
2840,113.6,-0.6612129271308661,,9,1,val,current_repo_v1
2841,113.64,-0.5764894082371692,,9,1,val,current_repo_v1
2842,113.68,-1.026761260165621,,9,1,val,current_repo_v1
2843,113.72,-1.0890323683184602,,9,1,val,current_repo_v1
2844,113.76,-0.8435275743156609,,9,1,val,current_repo_v1
2845,113.8,-0.35236515304445515,,9,1,val,current_repo_v1
2846,113.84,-0.32328551710611086,,9,1,val,current_repo_v1
2847,113.88,-0.14812735555241605,,9,1,val,current_repo_v1
2848,113.92,-0.1588080607410277,,9,1,val,current_repo_v1
2849,113.96,-0.7287393537405553,,9,1,val,current_repo_v1
2850,114.0,-1.0760367829083084,,9,1,val,current_repo_v1
2851,114.04,-0.8610165936727611,,9,1,val,current_repo_v1
2852,114.08,-0.6370211398312717,,9,1,val,current_repo_v1
2853,114.12,0.15932598490795777,,9,1,val,current_repo_v1
2854,114.16,0.8860851331780726,,9,1,val,current_repo_v1
2855,114.2,0.6296200384413532,,9,1,val,current_repo_v1
2856,114.24,0.8721072978855314,,9,1,val,current_repo_v1
2857,114.28,0.7687685610126612,,9,1,val,current_repo_v1
2858,114.32,0.06391799218453015,,9,1,val,current_repo_v1
2859,114.36,-0.2726259745669522,,9,1,val,current_repo_v1
2860,114.4,-0.46614587808973956,,9,1,val,current_repo_v1
2861,114.44,-0.3596164069520687,,9,1,val,current_repo_v1
2862,114.48,-1.2641229734906136,,9,1,val,current_repo_v1
2863,114.52,-1.4434510605842135,,9,1,val,current_repo_v1
2864,114.56,-1.6093013704017116,,9,1,val,current_repo_v1
2865,114.6,-1.298551725175882,,9,1,val,current_repo_v1
2866,114.64,-1.8141545548245646,,9,1,val,current_repo_v1
2867,114.68,-1.755339770002442,,9,1,val,current_repo_v1
2868,114.72,-1.9821917203015302,,9,1,val,current_repo_v1
2869,114.76,-2.150095860636258,,9,1,val,current_repo_v1
2870,114.8,-2.130354929528232,,9,1,val,current_repo_v1
2871,114.84,-1.948252442880509,,9,1,val,current_repo_v1
2872,114.88,-1.276072126814713,,9,1,val,current_repo_v1
2873,114.92,-0.21466599765700972,,9,1,val,current_repo_v1
2874,114.96,0.6675585177115209,,9,1,val,current_repo_v1
2875,115.0,0.8271849015492574,,9,1,val,current_repo_v1
2876,115.04,-0.04820285885109971,,9,1,val,current_repo_v1
2877,115.08,-0.6776817795851072,,9,1,val,current_repo_v1
2878,115.12,-1.192413197453491,,9,1,val,current_repo_v1
2879,115.16,-1.2481168446242064,,9,1,val,current_repo_v1
2880,115.2,-1.167326985994977,,9,1,val,current_repo_v1
2881,115.24,-1.6129605327996792,,9,1,val,current_repo_v1
2882,115.28,-1.2637185576384833,,9,1,val,current_repo_v1
2883,115.32,-1.1063169950300058,,9,1,val,current_repo_v1
2884,115.36,-0.8179569377223862,,9,1,val,current_repo_v1
2885,115.4,-0.5620227298215666,,9,1,val,current_repo_v1
2886,115.44,-0.5277973997954132,,9,1,val,current_repo_v1
2887,115.48,-0.7262930019550812,,9,1,val,current_repo_v1
2888,115.52,-0.6252958959801647,,9,1,val,current_repo_v1
2889,115.56,-0.3111612706522747,,9,1,val,current_repo_v1
2890,115.6,0.2673862404424591,,9,1,val,current_repo_v1
2891,115.64,0.892325565927309,,9,1,val,current_repo_v1
2892,115.68,1.0939136142494201,,9,1,val,current_repo_v1
2893,115.72,0.9373033084906452,,9,1,val,current_repo_v1
2894,115.76,0.9443740317444597,,9,1,val,current_repo_v1
2895,115.8,1.1099255690344656,,9,1,val,current_repo_v1
2896,115.84,1.0784819209607328,,9,1,val,current_repo_v1
2897,115.88,1.0537220580445983,,9,1,val,current_repo_v1
2898,115.92,0.8890982982977151,,9,1,val,current_repo_v1
2899,115.96,0.8120822270156586,,9,1,val,current_repo_v1
2900,116.0,0.8677625219624995,,9,1,val,current_repo_v1
2901,116.04,0.6456768042505903,,9,1,val,current_repo_v1
2902,116.08,0.9461533643951895,,9,1,val,current_repo_v1
2903,116.12,0.7611089344831755,,9,1,val,current_repo_v1
2904,116.16,0.4165732334965076,,9,1,val,current_repo_v1
2905,116.2,0.7998982891704426,,9,1,val,current_repo_v1
2906,116.24,0.8425808625369643,,9,1,val,current_repo_v1
2907,116.28,0.8336205996715152,,9,1,val,current_repo_v1
2908,116.32,1.032451240702198,,9,1,val,current_repo_v1
2909,116.36,1.1705751298330243,,9,1,val,current_repo_v1
2910,116.4,1.081218160747776,,9,1,val,current_repo_v1
2911,116.44,1.0136501273691463,,9,1,val,current_repo_v1
2912,116.48,1.0709430851443444,,9,1,val,current_repo_v1
2913,116.52,0.9821723976713803,,9,1,val,current_repo_v1
2914,116.56,0.7128058546598367,,9,1,val,current_repo_v1
2915,116.6,1.0742440506447106,,9,1,val,current_repo_v1
2916,116.64,1.0222201507844841,,9,1,val,current_repo_v1
2917,116.68,0.9042151006840115,,9,1,val,current_repo_v1
2918,116.72,0.7086721711887932,,9,1,val,current_repo_v1
2919,116.76,0.27302592388146,,9,1,val,current_repo_v1
2920,116.8,0.4110340471540145,,9,1,val,current_repo_v1
2921,116.84,0.2237425846979334,,9,1,val,current_repo_v1
2922,116.88,0.2601089640982619,,9,1,val,current_repo_v1
2923,116.92,-0.04000690189298661,,9,1,val,current_repo_v1
2924,116.96,-0.203760654755576,,9,1,val,current_repo_v1
2925,117.0,0.08192996056338575,,9,1,val,current_repo_v1
2926,117.04,-0.12067545700690517,,9,1,val,current_repo_v1
2927,117.08,-0.3851361153065817,,9,1,val,current_repo_v1
2928,117.12,-0.5034497206229266,,9,1,val,current_repo_v1
2929,117.16,-0.08989297787461749,,9,1,val,current_repo_v1
2930,117.2,-0.3022067851561419,,9,1,val,current_repo_v1
2931,117.24,-0.28057689702834454,,9,1,val,current_repo_v1
2932,117.28,-0.5493230039795879,,9,1,val,current_repo_v1
2933,117.32,-0.3963007115874123,,9,1,val,current_repo_v1
2934,117.36,-0.23029412150244616,,9,1,val,current_repo_v1
2935,117.4,-0.2659172350578538,,9,1,val,current_repo_v1
2936,117.44,-0.3774504420658513,,9,1,val,current_repo_v1
2937,117.48,-0.32365565713692024,,9,1,val,current_repo_v1
2938,117.52,-0.4069167733538017,,9,1,val,current_repo_v1
2939,117.56,-0.2928628127243889,,9,1,val,current_repo_v1
2940,117.6,-0.5697171176655932,,9,1,val,current_repo_v1
2941,117.64,-0.7727996597663516,,9,1,val,current_repo_v1
2942,117.68,-0.784055188927259,,9,1,val,current_repo_v1
2943,117.72,-0.7598135900233085,,9,1,val,current_repo_v1
2944,117.76,-0.7944116817436586,,9,1,val,current_repo_v1
2945,117.8,-0.6535919458616801,,9,1,val,current_repo_v1
2946,117.84,-0.6135044794031929,,9,1,val,current_repo_v1
2947,117.88,-0.6326774319933235,,9,1,val,current_repo_v1
2948,117.92,-0.7091291174073109,,9,1,val,current_repo_v1
2949,117.96,-0.836914088576296,,9,1,val,current_repo_v1
2950,118.0,-0.9851879902571221,,9,1,val,current_repo_v1
2951,118.04,-0.9424613826555606,,9,1,val,current_repo_v1
2952,118.08,-0.7422777205704933,,9,1,val,current_repo_v1
2953,118.12,-0.4954094188597609,,9,1,val,current_repo_v1
2954,118.16,-0.8394662293343742,,9,1,val,current_repo_v1
2955,118.2,-1.2345553683170039,,9,1,val,current_repo_v1
2956,118.24,-1.1714049348443825,,9,1,val,current_repo_v1
2957,118.28,-0.5026561819550909,,9,1,val,current_repo_v1
2958,118.32,-0.7092382562831319,,9,1,val,current_repo_v1
2959,118.36,-0.8102530827605727,,9,1,val,current_repo_v1
2960,118.4,-0.9604099698945654,,9,1,val,current_repo_v1
2961,118.44,-1.337987756831982,,9,1,val,current_repo_v1
2962,118.48,-1.0657332574021938,,9,1,val,current_repo_v1
2963,118.52,-0.7070656255750061,,9,1,val,current_repo_v1
2964,118.56,-0.7499342884926941,,9,1,val,current_repo_v1
2965,118.6,-0.7312199813473504,,9,1,val,current_repo_v1
2966,118.64,-0.8759047287525106,,9,1,val,current_repo_v1
2967,118.68,-1.007717594419935,,9,1,val,current_repo_v1
2968,118.72,-0.906195039133181,,9,1,val,current_repo_v1
2969,118.76,-0.7233465921531673,,9,1,val,current_repo_v1
2970,118.8,-0.9892628319499204,,9,1,val,current_repo_v1
2971,118.84,-0.7968255540327251,,9,1,val,current_repo_v1
2972,118.88,-0.6248187532437016,,9,1,val,current_repo_v1
2973,118.92,-0.402543547528087,,9,1,val,current_repo_v1
2974,118.96,-0.42747333307116697,,9,1,val,current_repo_v1
2975,119.0,-0.5432242381519021,,9,1,val,current_repo_v1
2976,119.04,-0.8145639227075374,,9,1,val,current_repo_v1
2977,119.08,-0.8583343407317645,,9,1,val,current_repo_v1
2978,119.12,-1.3558148736673818,,9,1,val,current_repo_v1
2979,119.16,-1.9213425246909714,,9,1,val,current_repo_v1
2980,119.2,-1.7201681165921678,,9,1,val,current_repo_v1
2981,119.24,-1.5313733001061773,,9,1,val,current_repo_v1
2982,119.28,-1.2485229111532843,,9,1,val,current_repo_v1
2983,119.32,-1.4136747904247142,,9,1,val,current_repo_v1
2984,119.36,-1.405033399506059,,9,1,val,current_repo_v1
2985,119.4,-1.3214863277826894,,9,1,val,current_repo_v1
2986,119.44,-1.8682841358779003,,9,1,val,current_repo_v1
2987,119.48,-1.9493521821221005,,9,1,val,current_repo_v1
2988,119.52,-1.889928588802293,,9,1,val,current_repo_v1
2989,119.56,-1.5810320711966097,,9,1,val,current_repo_v1
2990,119.6,-1.634151729254025,,9,1,val,current_repo_v1
2991,119.64,-1.489376777208618,,9,1,val,current_repo_v1
2992,119.68,-1.5267787864708575,,9,1,val,current_repo_v1
2993,119.72,-1.3409336325913541,,9,1,val,current_repo_v1
2994,119.76,-1.4404370215767752,,9,1,val,current_repo_v1
2995,119.8,-1.703900598176196,,9,1,val,current_repo_v1
2996,119.84,-1.7012296086779,,9,1,val,current_repo_v1
2997,119.88,-1.328001064201138,,9,1,val,current_repo_v1
2998,119.92,-1.347275436324894,,9,1,val,current_repo_v1
2999,119.96,-1.6551990255180091,,9,1,val,current_repo_v1
3000,120.0,-1.9734965367341162,,9,1,val,current_repo_v1
3001,120.04,-1.9650555574166129,,9,1,val,current_repo_v1
3002,120.08,-2.1730612435132035,,9,1,val,current_repo_v1
3003,120.12,-2.0455448957427587,,9,1,val,current_repo_v1
3004,120.16,-1.9128118262264409,,9,1,val,current_repo_v1
3005,120.2,-1.9741921514195093,,9,1,val,current_repo_v1
3006,120.24,-1.9166584861059124,,9,1,val,current_repo_v1
3007,120.28,-1.6746385624351563,,9,1,val,current_repo_v1
3008,120.32,-1.636117976794395,,9,1,val,current_repo_v1
3009,120.36,-1.4639860644026177,,9,1,val,current_repo_v1
3010,120.4,-1.2091516442927117,,9,1,val,current_repo_v1
3011,120.44,-0.7897396348411296,,9,1,val,current_repo_v1
3012,120.48,-0.574224436718629,,9,1,val,current_repo_v1
3013,120.52,-1.0563652773307195,,9,1,val,current_repo_v1
3014,120.56,-1.0280270380883996,,9,1,val,current_repo_v1
3015,120.6,-0.8564315957045502,,9,1,val,current_repo_v1
3016,120.64,-1.090172888990519,,9,1,val,current_repo_v1
3017,120.68,-1.4481659765380546,,9,1,val,current_repo_v1
3018,120.72,-1.3718815920876257,,9,1,val,current_repo_v1
3019,120.76,-1.459462529876039,,9,1,val,current_repo_v1
3020,120.8,-1.5092334499002553,,9,1,val,current_repo_v1
3021,120.84,-1.7837162661104857,,9,1,val,current_repo_v1
3022,120.88,-1.6487740082465878,,9,1,val,current_repo_v1
3023,120.92,-1.4996165089056448,,9,1,val,current_repo_v1
3024,120.96,-1.2680739173137077,,9,1,val,current_repo_v1
3025,121.0,-1.2381951109861775,,9,1,val,current_repo_v1
3026,121.04,-1.2611192269394362,,9,1,val,current_repo_v1
3027,121.08,-1.3103683388509637,,9,1,val,current_repo_v1
3028,121.12,-1.2398204451875727,,9,1,val,current_repo_v1
3029,121.16,-1.1932945618447965,,9,1,val,current_repo_v1
3030,121.2,-1.1780874577196092,,9,1,val,current_repo_v1
3031,121.24,-1.3791174801348312,,9,1,val,current_repo_v1
3032,121.28,-1.6701776565339377,,9,1,val,current_repo_v1
3033,121.32,-1.9521348350609609,,9,1,val,current_repo_v1
3034,121.36,-1.9893566292399945,,9,1,val,current_repo_v1
3035,121.4,-2.2324904685543614,,9,1,val,current_repo_v1
3036,121.44,-2.3939779421010496,,9,1,val,current_repo_v1
3037,121.48,-2.443676523635509,,9,1,val,current_repo_v1
3038,121.52,-2.4163929698639794,,9,1,val,current_repo_v1
3039,121.56,-2.367271736866559,,9,1,val,current_repo_v1
3040,121.6,-2.3041240221559685,,9,1,val,current_repo_v1
3041,121.64,-2.307672006606592,,9,1,val,current_repo_v1
3042,121.68,-2.2914992564671337,,9,1,val,current_repo_v1
3043,121.72,-1.952515850139895,,9,1,val,current_repo_v1
3044,121.76,-1.879998504680883,,9,1,val,current_repo_v1
3045,121.8,-2.000296927653257,,9,1,val,current_repo_v1
3046,121.84,-1.8527974847567266,,9,1,val,current_repo_v1
3047,121.88,-2.2556716046182057,,9,1,val,current_repo_v1
3048,121.92,-2.4152635184373334,,9,1,val,current_repo_v1
3049,121.96,-2.353461590932152,,9,1,val,current_repo_v1
3050,122.0,-2.2877799900085494,,9,1,val,current_repo_v1
3051,122.04,-1.9741253475524587,,9,1,val,current_repo_v1
3052,122.08,-1.9050975331604008,,9,1,val,current_repo_v1
3053,122.12,-1.8706213002382315,,9,1,val,current_repo_v1
3054,122.16,-2.0196094595440925,,9,1,val,current_repo_v1
3055,122.2,-2.167055692383728,,9,1,val,current_repo_v1
3056,122.24,-2.0723316928517437,,9,1,val,current_repo_v1
3057,122.28,-1.9048359494135485,,9,1,val,current_repo_v1
3058,122.32,-1.9181029255335935,,9,1,val,current_repo_v1
3059,122.36,-1.8699907416442976,,9,1,val,current_repo_v1
3060,122.4,-1.8906574112239236,,9,1,val,current_repo_v1
3061,122.44,-1.706017542812006,,9,1,val,current_repo_v1
3062,122.48,-1.8432427839929002,,9,1,val,current_repo_v1
3063,122.52,-1.8731718874180063,,9,1,val,current_repo_v1
3064,122.56,-1.7039153571700794,,9,1,val,current_repo_v1
3065,122.6,-1.5181523487433737,,9,1,val,current_repo_v1
3066,122.64,-1.8345089551651867,,9,1,val,current_repo_v1
3067,122.68,-1.742057840691226,,9,1,val,current_repo_v1
3068,122.72,-1.7477111179403824,,9,1,val,current_repo_v1
3069,122.76,-1.6579941070832975,,9,1,val,current_repo_v1
3070,122.8,-1.6753427218012187,,9,1,val,current_repo_v1
3071,122.84,-1.8922449740528149,,9,1,val,current_repo_v1
3072,122.88,-1.8636274791104406,,9,1,val,current_repo_v1
3073,122.92,-1.718756690703436,,9,1,val,current_repo_v1
3074,122.96,-1.5279480483415309,,9,1,val,current_repo_v1
3075,123.0,-1.508735625152627,,9,1,val,current_repo_v1
3076,123.04,-1.9104857311115222,,9,1,val,current_repo_v1
3077,123.08,-1.9849825295264838,,9,1,val,current_repo_v1
3078,123.12,-2.139416369180696,,9,1,val,current_repo_v1
3079,123.16,-1.8175506769960204,,9,1,val,current_repo_v1
3080,123.2,-1.9067792816739417,,9,1,val,current_repo_v1
3081,123.24,-1.7227474449705573,,9,1,val,current_repo_v1
3082,123.28,-1.803098903222267,,9,1,val,current_repo_v1
3083,123.32,-1.8903078561056355,,9,1,val,current_repo_v1
3084,123.36,-1.9685423697215356,,9,1,val,current_repo_v1
3085,123.4,-2.0422932563535285,,9,1,val,current_repo_v1
3086,123.44,-1.5450538193508858,,9,1,val,current_repo_v1
3087,123.48,-1.3839934827390168,,9,1,val,current_repo_v1
3088,123.52,-1.74341819269323,,9,1,val,current_repo_v1
3089,123.56,-1.8931415829312235,,9,1,val,current_repo_v1
3090,123.6,-1.8184237880025886,,9,1,val,current_repo_v1
3091,123.64,-1.5427649130166072,,9,1,val,current_repo_v1
3092,123.68,-1.508778834049193,,9,1,val,current_repo_v1
3093,123.72,-1.5531107735314922,,9,1,val,current_repo_v1
3094,123.76,-1.589884554567253,,9,1,val,current_repo_v1
3095,123.8,-1.9937198539053802,,9,1,val,current_repo_v1
3096,123.84,-1.6882271292640263,,9,1,val,current_repo_v1
3097,123.88,-1.678425021155367,,9,1,val,current_repo_v1
3098,123.92,-1.7737554988175812,,9,1,val,current_repo_v1
3099,123.96,-1.4481799587427862,,9,1,val,current_repo_v1
3100,124.0,-1.3090680909095764,,9,1,val,current_repo_v1
3101,124.04,-1.2153708124389189,,9,1,val,current_repo_v1
3102,124.08,-1.1932224175523276,,9,1,val,current_repo_v1
3103,124.12,-1.4223962877246439,,9,1,val,current_repo_v1
3104,124.16,-1.262158959219055,,9,1,val,current_repo_v1
3105,124.2,-1.1125870428656528,,9,1,val,current_repo_v1
3106,124.24,-1.0315879366586707,,9,1,val,current_repo_v1
3107,124.28,-1.0039243387946466,,9,1,val,current_repo_v1
3108,124.32,-1.1181063239861324,,9,1,val,current_repo_v1
3109,124.36,-1.4258719336855101,,9,1,val,current_repo_v1
3110,124.4,-1.1776192480583911,,9,1,val,current_repo_v1
3111,124.44,-0.8541093845353903,,9,1,val,current_repo_v1
3112,124.48,-0.7273044299799831,,9,1,val,current_repo_v1
3113,124.52,-0.4722889208990752,,9,1,val,current_repo_v1
3114,124.56,-0.45497827175094585,,9,1,val,current_repo_v1
3115,124.6,0.031457442149841655,,9,1,val,current_repo_v1
3116,124.64,0.3019321901909979,,9,1,val,current_repo_v1
3117,124.68,-0.06533449754607452,,9,1,val,current_repo_v1
3118,124.72,-0.3498755195384319,,9,1,val,current_repo_v1
3119,124.76,-0.3472428354551815,,9,1,val,current_repo_v1
3120,124.8,-0.32509589704824976,,9,1,val,current_repo_v1
3121,124.84,0.054726877293045165,,9,1,val,current_repo_v1
3122,124.88,0.16534568816479192,,9,1,val,current_repo_v1
3123,124.92,0.10661300024614506,,9,1,val,current_repo_v1
3124,124.96,0.33697705704690983,,9,1,val,current_repo_v1
3125,125.0,0.08130047005453546,,9,1,val,current_repo_v1
3126,125.04,0.058364702264000534,,9,1,val,current_repo_v1
3127,125.08,-0.04683604372060642,,9,1,val,current_repo_v1
3128,125.12,0.18635618404271176,,9,1,val,current_repo_v1
3129,125.16,0.3763285157841128,,9,1,val,current_repo_v1
3130,125.2,0.4157275043075386,,9,1,val,current_repo_v1
3131,125.24,0.5027323072919625,,9,1,val,current_repo_v1
3132,125.28,0.47749539873800895,,9,1,val,current_repo_v1
3133,125.32,0.3250423956954229,,9,1,val,current_repo_v1
3134,125.36,-0.07366825568597522,,9,1,val,current_repo_v1
3135,125.4,-0.0058855068622039155,,9,1,val,current_repo_v1
3136,125.44,0.1179561123839125,,9,1,val,current_repo_v1
3137,125.48,0.17098255574311777,,9,1,val,current_repo_v1
3138,125.52,0.2054373055903088,,9,1,val,current_repo_v1
3139,125.56,0.49636205365573965,,9,1,val,current_repo_v1
3140,125.6,0.3071399545869642,,9,1,val,current_repo_v1
3141,125.64,0.3920336388542166,,9,1,val,current_repo_v1
3142,125.68,0.27551516899290746,,9,1,val,current_repo_v1
3143,125.72,0.34542929980711357,,9,1,val,current_repo_v1
3144,125.76,-0.17966873341130354,,9,1,val,current_repo_v1
3145,125.8,-0.47124603291352735,,9,1,val,current_repo_v1
3146,125.84,-0.2098239795782132,,9,1,val,current_repo_v1
3147,125.88,-0.05375169740566988,,9,1,val,current_repo_v1
3148,125.92,-0.34234772869279495,,9,1,val,current_repo_v1
3149,125.96,-0.2870101676845032,,9,1,val,current_repo_v1
3150,126.0,-0.5729280727230004,,9,1,val,current_repo_v1
3151,126.04,-0.06919069736731592,,9,1,val,current_repo_v1
3152,126.08,-0.2240159416553668,,9,1,val,current_repo_v1
3153,126.12,-0.1961497231960407,,9,1,val,current_repo_v1
3154,126.16,-0.18424292915537288,,9,1,val,current_repo_v1
3155,126.2,-0.5601848952378455,,9,1,val,current_repo_v1
3156,126.24,-0.6746297264585551,,9,1,val,current_repo_v1
3157,126.28,-0.9368401479589137,,9,1,val,current_repo_v1
3158,126.32,-0.8936348440425855,,9,1,val,current_repo_v1
3159,126.36,-0.7503023409026581,,9,1,val,current_repo_v1
3160,126.4,-0.7933518014954162,,9,1,val,current_repo_v1
3161,126.44,-0.6463306665190768,,9,1,val,current_repo_v1
3162,126.48,-0.6560811181491445,,9,1,val,current_repo_v1
3163,126.52,-0.6963039401173243,,9,1,val,current_repo_v1
3164,126.56,-0.49866130099560096,,9,1,val,current_repo_v1
3165,126.6,-0.26439628189872516,,9,1,val,current_repo_v1
3166,126.64,-0.16943834745875858,,9,1,val,current_repo_v1
3167,126.68,-0.14127384196516005,,9,1,val,current_repo_v1
3168,126.72,-0.38274571661469464,,9,1,val,current_repo_v1
3169,126.76,-0.12968827451340229,,9,1,val,current_repo_v1
3170,126.8,-0.11140559511516142,,9,1,val,current_repo_v1
3171,126.84,-0.3462880644890354,,9,1,val,current_repo_v1
3172,126.88,-0.4801984793381368,,9,1,val,current_repo_v1
3173,126.92,-0.10921004912705892,,9,1,val,current_repo_v1
3174,126.96,0.21770093714756228,,9,1,val,current_repo_v1
3175,127.0,0.29666521989687156,,9,1,val,current_repo_v1
3176,127.04,-0.1032338703373838,,9,1,val,current_repo_v1
3177,127.08,-0.32371942667134684,,9,1,val,current_repo_v1
3178,127.12,0.11341141035294872,,9,1,val,current_repo_v1
3179,127.16,0.09699799515574865,,9,1,val,current_repo_v1
3180,127.2,0.3399689090142012,,9,1,val,current_repo_v1
3181,127.24,0.03816146023737706,,9,1,val,current_repo_v1
3182,127.28,0.17747279902862517,,9,1,val,current_repo_v1
3183,127.32,-0.007351295854227747,,9,1,val,current_repo_v1
3184,127.36,0.0008762120945099949,,9,1,val,current_repo_v1
3185,127.4,-0.16252759422088292,,9,1,val,current_repo_v1
3186,127.44,-0.26170344520553596,,9,1,val,current_repo_v1
3187,127.48,-0.4309328606571345,,9,1,val,current_repo_v1
3188,127.52,-0.21101295247361224,,9,1,val,current_repo_v1
3189,127.56,-0.32935602722840174,,9,1,val,current_repo_v1
3190,127.6,-0.0944263679135589,,9,1,val,current_repo_v1
3191,127.64,-0.40550078382880345,,9,1,val,current_repo_v1
3192,127.68,-0.510445629371563,,9,1,val,current_repo_v1
3193,127.72,-0.6231969631428113,,9,1,val,current_repo_v1
3194,127.76,-1.2158115431838936,,9,1,val,current_repo_v1
3195,127.8,-1.1769202349204593,,9,1,val,current_repo_v1
3196,127.84,-0.9161597874704881,,9,1,val,current_repo_v1
3197,127.88,-0.8523077191965476,,9,1,val,current_repo_v1
3198,127.92,-0.589610542193973,,9,1,val,current_repo_v1
3199,127.96,-0.329779692886699,,9,1,val,current_repo_v1
3200,128.0,-0.7015820282061851,,9,1,val,current_repo_v1
3201,128.04,-0.45151685074142095,,9,1,val,current_repo_v1
3202,128.08,-0.3624964255561689,,9,1,val,current_repo_v1
3203,128.12,-0.5057137697043492,,9,1,val,current_repo_v1
3204,128.16,-0.611915557193286,,9,1,val,current_repo_v1
3205,128.2,-0.5481862216053222,,9,1,val,current_repo_v1
3206,128.24,-0.23324800789994568,,9,1,val,current_repo_v1
3207,128.28,-0.3362951332703163,,9,1,val,current_repo_v1
3208,128.32,-0.4757383987753919,,9,1,val,current_repo_v1
3209,128.36,-0.7939903221781556,,9,1,val,current_repo_v1
3210,128.4,-0.9903713100694692,,9,1,val,current_repo_v1
3211,128.44,-0.8888497257691548,,9,1,val,current_repo_v1
3212,128.48,-0.7037261604623061,,9,1,val,current_repo_v1
3213,128.52,-0.7345559994581896,,9,1,val,current_repo_v1
3214,128.56,-0.7305074229485848,,9,1,val,current_repo_v1
3215,128.6,-1.213426023698866,,9,1,val,current_repo_v1
3216,128.64,-0.9108816993816273,,9,1,val,current_repo_v1
3217,128.68,0.10481441778924837,,9,1,val,current_repo_v1
3218,128.72,-0.15195663477461704,,9,1,val,current_repo_v1
3219,128.76,-0.5830765316946966,,9,1,val,current_repo_v1
3220,128.8,-0.293555295978514,,9,1,val,current_repo_v1
3221,128.84,-0.4879549132156595,,9,1,val,current_repo_v1
3222,128.88,-0.4715813630804739,,9,1,val,current_repo_v1
3223,128.92,-0.3366634527015513,,9,1,val,current_repo_v1
3224,128.96,-0.1634205861748038,,9,1,val,current_repo_v1
3225,129.0,-0.02615578033082479,,9,1,val,current_repo_v1
3226,129.04,-0.2297397125200448,,9,1,val,current_repo_v1
3227,129.08,-0.4935145873720301,,9,1,val,current_repo_v1
3228,129.12,-0.37111868804196213,,9,1,val,current_repo_v1
3229,129.16,-0.31167725284632536,,9,1,val,current_repo_v1
3230,129.2,-0.5735642630382846,,9,1,val,current_repo_v1
3231,129.24,-0.639816415593848,,9,1,val,current_repo_v1
3232,129.28,-0.6590332567710525,,9,1,val,current_repo_v1
3233,129.32,-0.8776972668188202,,9,1,val,current_repo_v1
3234,129.36,-0.5933911264462236,,9,1,val,current_repo_v1
3235,129.4,-0.6129400935351237,,9,1,val,current_repo_v1
3236,129.44,-0.8001305976761381,,9,1,val,current_repo_v1
3237,129.48,-0.6740965092552,,9,1,val,current_repo_v1
3238,129.52,-0.3052705872186142,,9,1,val,current_repo_v1
3239,129.56,-0.716881084747211,,9,1,val,current_repo_v1
3240,129.6,-1.1448377748680552,,9,1,val,current_repo_v1
3241,129.64,-1.300955207910044,,9,1,val,current_repo_v1
3242,129.68,-0.8977988222905473,,9,1,val,current_repo_v1
3243,129.72,-0.7414367492150788,,9,1,val,current_repo_v1
3244,129.76,-0.41130169956611473,,9,1,val,current_repo_v1
3245,129.8,-0.6318804948729488,,9,1,val,current_repo_v1
3246,129.84,-1.1457681740745649,,9,1,val,current_repo_v1
3247,129.88,-1.5791469981225976,,9,1,val,current_repo_v1
3248,129.92,-1.4698170321702373,,9,1,val,current_repo_v1
3249,129.96,-1.2724719032936345,,9,1,val,current_repo_v1
3250,130.0,-1.4594710745567083,,9,1,val,current_repo_v1
3251,130.04,-1.2241720277255468,,9,1,val,current_repo_v1
3252,130.08,-0.987126079190741,,9,1,val,current_repo_v1
3253,130.12,-0.770413946084036,,9,1,val,current_repo_v1
3254,130.16,-0.9522569851550738,,9,1,val,current_repo_v1
3255,130.2,-0.7962123275467397,,9,1,val,current_repo_v1
3256,130.24,-0.517832845655394,,9,1,val,current_repo_v1
3257,130.28,-0.7835140581844204,,9,1,val,current_repo_v1
3258,130.32,-1.0281669572343588,,9,1,val,current_repo_v1
3259,130.36,-0.7694097033587878,,9,1,val,current_repo_v1
3260,130.4,-0.7813987642255582,,9,1,val,current_repo_v1
3261,130.44,-0.8665776272101472,,9,1,val,current_repo_v1
3262,130.48,-1.120622926640518,,9,1,val,current_repo_v1
3263,130.52,-1.1657708831267317,,9,1,val,current_repo_v1
3264,130.56,-1.1512040474598753,,9,1,val,current_repo_v1
3265,130.6,-0.9532035027364826,,9,1,val,current_repo_v1
3266,130.64,-0.8945584463440176,,9,1,val,current_repo_v1
3267,130.68,-1.0303501231453551,,9,1,val,current_repo_v1
3268,130.72,-1.1920360663203158,,9,1,val,current_repo_v1
3269,130.76,-1.293742817734679,,9,1,val,current_repo_v1
3270,130.8,-1.2909819148920676,,9,1,val,current_repo_v1
3271,130.84,-1.2577860246892723,,9,1,val,current_repo_v1
3272,130.88,-1.1656584428970158,,9,1,val,current_repo_v1
3273,130.92,-0.971855860946974,,9,1,val,current_repo_v1
3274,130.96,-1.0502458294918682,,9,1,val,current_repo_v1
3275,131.0,-0.7468154800484134,,9,1,val,current_repo_v1
3276,131.04,-0.560779672981477,,9,1,val,current_repo_v1
3277,131.08,-0.7573116007148403,,9,1,val,current_repo_v1
3278,131.12,-0.5453047222469014,,9,1,val,current_repo_v1
3279,131.16,-0.5032328022523002,,9,1,val,current_repo_v1
3280,131.2,-0.44619764137683937,,9,1,val,current_repo_v1
3281,131.24,-0.17954709308507152,,9,1,val,current_repo_v1
3282,131.28,-0.31083654851218173,,9,1,val,current_repo_v1
3283,131.32,-0.5487306051527338,,9,1,val,current_repo_v1
3284,131.36,-0.8168617621170612,,9,1,val,current_repo_v1
3285,131.4,-0.9013277754069525,,9,1,val,current_repo_v1
3286,131.44,-1.1409169316245913,,9,1,val,current_repo_v1
3287,131.48,-1.0329307138061163,,9,1,val,current_repo_v1
3288,131.52,-0.9829622951400672,,9,1,val,current_repo_v1
3289,131.56,-0.851732021336456,,9,1,val,current_repo_v1
3290,131.6,-1.102662202071017,,9,1,val,current_repo_v1
3291,131.64,-1.1151091801427446,,9,1,val,current_repo_v1
3292,131.68,-0.9193366609038621,,9,1,val,current_repo_v1
3293,131.72,-0.9104867020979619,,9,1,val,current_repo_v1
3294,131.76,-1.0639141143074367,,9,1,val,current_repo_v1
3295,131.8,-1.3388811614551397,,9,1,val,current_repo_v1
3296,131.84,-1.2824372342228054,,9,1,val,current_repo_v1
3297,131.88,-0.7628637011769812,,9,1,val,current_repo_v1
3298,131.92,-0.10420609478478328,,9,1,val,current_repo_v1
3299,131.96,-0.5944007581462121,,9,1,val,current_repo_v1
3300,132.0,-0.6866566557964735,,9,1,val,current_repo_v1
3301,132.04,-0.6087607251520929,,9,1,val,current_repo_v1
3302,132.08,-0.5028365426862631,,9,1,val,current_repo_v1
3303,132.12,-0.5254513994584809,,9,1,val,current_repo_v1
3304,132.16,-0.5787135983252426,,9,1,val,current_repo_v1
3305,132.2,-0.7324595911855794,,9,1,val,current_repo_v1
3306,132.24,-0.5826097785131382,,9,1,val,current_repo_v1
3307,132.28,-0.6767423502047082,,9,1,val,current_repo_v1
3308,132.32,-1.0568870854434083,,9,1,val,current_repo_v1
3309,132.36,-0.8559957198917738,,9,1,val,current_repo_v1
3310,132.4,-1.1580641637549212,,9,1,val,current_repo_v1
3311,132.44,-0.9732332052116727,,9,1,val,current_repo_v1
3312,132.48,-0.6883555422206751,,9,1,val,current_repo_v1
3313,132.52,-0.8442626110505054,,9,1,val,current_repo_v1
3314,132.56,-1.2640198547307187,,9,1,val,current_repo_v1
3315,132.6,-1.0521196391231797,,9,1,val,current_repo_v1
3316,132.64,-0.48419122412745946,,9,1,val,current_repo_v1
3317,132.68,-0.3645817888580277,,9,1,val,current_repo_v1
3318,132.72,-0.44887275756750417,,9,1,val,current_repo_v1
3319,132.76,-0.5911375640183497,,9,1,val,current_repo_v1
3320,132.8,-0.5150670393312622,,9,1,val,current_repo_v1
3321,132.84,-0.5659393007246958,,9,1,val,current_repo_v1
3322,132.88,-0.5845891829197659,,9,1,val,current_repo_v1
3323,132.92,-0.9568120767409423,,9,1,val,current_repo_v1
3324,132.96,-0.939654066661132,,9,1,val,current_repo_v1
3325,133.0,-0.5545871098637172,,9,1,val,current_repo_v1
3326,133.04,-0.4817218599633647,,9,1,val,current_repo_v1
3327,133.08,-0.04287830299243456,,9,1,val,current_repo_v1
3328,133.12,-0.06077457530266861,,9,1,val,current_repo_v1
3329,133.16,-0.02281337798414476,,9,1,val,current_repo_v1
3330,133.2,-0.050200900128704255,,9,1,val,current_repo_v1
3331,133.24,-0.03263526994151263,,9,1,val,current_repo_v1
3332,133.28,-0.3886841725811878,,9,1,val,current_repo_v1
3333,133.32,-0.5241942633150157,,9,1,val,current_repo_v1
3334,133.36,-0.24026221974297018,,9,1,val,current_repo_v1
3335,133.4,0.1157920749057779,,9,1,val,current_repo_v1
3336,133.44,0.01895801867304022,,9,1,val,current_repo_v1
3337,133.48,-0.17298625908539875,,9,1,val,current_repo_v1
3338,133.52,-0.1811959008836462,,9,1,val,current_repo_v1
3339,133.56,0.04545796211308011,,9,1,val,current_repo_v1
3340,133.6,0.2960211888660869,,9,1,val,current_repo_v1
3341,133.64,0.2074617152184161,,9,1,val,current_repo_v1
3342,133.68,0.09273424805110884,,9,1,val,current_repo_v1
3343,133.72,-0.28846295759556567,,9,1,val,current_repo_v1
3344,133.76,-0.4908657849138808,,9,1,val,current_repo_v1
3345,133.8,0.01954782011116824,,9,1,val,current_repo_v1
3346,133.84,-0.1658732008228139,,9,1,val,current_repo_v1
3347,133.88,-0.13941117440324388,,9,1,val,current_repo_v1
3348,133.92,-0.09049775677857771,,9,1,val,current_repo_v1
3349,133.96,-0.2365938329738256,,9,1,val,current_repo_v1
3350,134.0,-0.016999793908128176,,9,1,val,current_repo_v1
3351,134.04,-0.1946117534995565,,9,1,val,current_repo_v1
3352,134.08,-0.3846869369795816,,9,1,val,current_repo_v1
3353,134.12,-0.7045603349126428,,9,1,val,current_repo_v1
3354,134.16,-0.6175952938229241,,9,1,val,current_repo_v1
3355,134.2,-0.559181720597681,,9,1,val,current_repo_v1
3356,134.24,-0.33197703519971494,,9,1,val,current_repo_v1
3357,134.28,-0.26185593862588913,,9,1,val,current_repo_v1
3358,134.32,-0.24694430567429912,,9,1,val,current_repo_v1
3359,134.36,-0.3429100997640017,,9,1,val,current_repo_v1
3360,134.4,-0.34996062649987064,,9,1,val,current_repo_v1
3361,134.44,-0.3093184112137282,,9,1,val,current_repo_v1
3362,134.48,-0.44820311676937274,,9,1,val,current_repo_v1
3363,134.52,-0.5514679130248606,,9,1,val,current_repo_v1
3364,134.56,-0.40188502452469,,9,1,val,current_repo_v1
3365,134.6,-0.6033283958672875,,9,1,val,current_repo_v1
3366,134.64,-0.42056034656448005,,9,1,val,current_repo_v1
3367,134.68,-0.1291220680457587,,9,1,val,current_repo_v1
3368,134.72,-0.15146191718359558,,9,1,val,current_repo_v1
3369,134.76,-0.4685056664341154,,9,1,val,current_repo_v1
3370,134.8,-0.6848174618317368,,9,1,val,current_repo_v1
3371,134.84,-0.7895851508985752,,9,1,val,current_repo_v1
3372,134.88,-0.5486712778812688,,9,1,val,current_repo_v1
3373,134.92,-0.7352388456719008,,9,1,val,current_repo_v1
3374,134.96,-0.7074553309825752,,9,1,val,current_repo_v1
3375,135.0,-0.3143486792885194,,9,1,val,current_repo_v1
3376,135.04,-0.42496915904320937,,9,1,val,current_repo_v1
3377,135.08,-0.728905780816318,,9,1,val,current_repo_v1
3378,135.12,-0.8905250657721939,,9,1,val,current_repo_v1
3379,135.16,-0.62396244030254,,9,1,val,current_repo_v1
3380,135.2,-0.29718379947964835,,9,1,val,current_repo_v1
3381,135.24,-0.640097419069494,,9,1,val,current_repo_v1
3382,135.28,-0.6122384587338046,,9,1,val,current_repo_v1
3383,135.32,-0.5238757797627978,,9,1,val,current_repo_v1
3384,135.36,-0.7438909174413925,,9,1,val,current_repo_v1
3385,135.4,-0.7415002031789125,,9,1,val,current_repo_v1
3386,135.44,-0.6710676141552345,,9,1,val,current_repo_v1
3387,135.48,-0.1549013453502615,,9,1,val,current_repo_v1
3388,135.52,0.1650949309167423,,9,1,val,current_repo_v1
3389,135.56,-0.20412725068588056,,9,1,val,current_repo_v1
3390,135.6,0.032988554254595556,,9,1,val,current_repo_v1
3391,135.64,0.04025502837465123,,9,1,val,current_repo_v1
3392,135.68,-0.16114670585567936,,9,1,val,current_repo_v1
3393,135.72,-0.0796357684216761,,9,1,val,current_repo_v1
3394,135.76,0.06983744109146643,,9,1,val,current_repo_v1
3395,135.8,0.2414943287109524,,9,1,val,current_repo_v1
3396,135.84,0.024957355489301915,,9,1,val,current_repo_v1
3397,135.88,0.14004877264886556,,9,1,val,current_repo_v1
3398,135.92,-0.06772822186651753,,9,1,val,current_repo_v1
3399,135.96,-0.18689389205835047,,9,1,val,current_repo_v1
3400,136.0,0.07693894461541897,,9,1,val,current_repo_v1
3401,136.04,-0.25413074623706344,,9,1,val,current_repo_v1
3402,136.08,-0.2632531638379404,,9,1,val,current_repo_v1
3403,136.12,-0.19626495501177077,,9,1,val,current_repo_v1
3404,136.16,-0.04409862661250504,,9,1,val,current_repo_v1
3405,136.2,-0.06476473484059558,,9,1,val,current_repo_v1
3406,136.24,-0.20269475439140755,,9,1,val,current_repo_v1
3407,136.28,-0.5113675324467256,,9,1,val,current_repo_v1
3408,136.32,-0.5134421420737648,,9,1,val,current_repo_v1
3409,136.36,-0.5220076018528363,,9,1,val,current_repo_v1
3410,136.4,-0.3765083424727432,,9,1,val,current_repo_v1
3411,136.44,-0.6001305491268162,,9,1,val,current_repo_v1
3412,136.48,-0.5190235177770625,,9,1,val,current_repo_v1
3413,136.52,-0.3551045242627664,,9,1,val,current_repo_v1
3414,136.56,-0.3759571377455928,,9,1,val,current_repo_v1
3415,136.6,-0.3259057725629333,,9,1,val,current_repo_v1
3416,136.64,-0.26813851218660806,,9,1,val,current_repo_v1
3417,136.68,-0.4565255386425901,,9,1,val,current_repo_v1
3418,136.72,-0.24551382417668846,,9,1,val,current_repo_v1
3419,136.76,-0.22575357043851205,,9,1,val,current_repo_v1
3420,136.8,-0.5632496682867575,,9,1,val,current_repo_v1
3421,136.84,-0.43701031333246915,,9,1,val,current_repo_v1
3422,136.88,-0.5343999133880096,,9,1,val,current_repo_v1
3423,136.92,-0.5369276823864516,,9,1,val,current_repo_v1
3424,136.96,-0.3244101864245415,,9,1,val,current_repo_v1
3425,137.0,0.0406386893916333,,9,1,val,current_repo_v1
3426,137.04,-0.3966441009418083,,9,1,val,current_repo_v1
3427,137.08,-0.7450477021363158,,9,1,val,current_repo_v1
3428,137.12,-1.0231687074374163,,9,1,val,current_repo_v1
3429,137.16,-0.833365618632453,,9,1,val,current_repo_v1
3430,137.2,-0.749175899533975,,9,1,val,current_repo_v1
3431,137.24,-0.9928048933832615,,9,1,val,current_repo_v1
3432,137.28,-1.6824493715533015,,9,1,val,current_repo_v1
3433,137.32,-1.4185448700116179,,9,1,val,current_repo_v1
3434,137.36,-0.6325521747426036,,9,1,val,current_repo_v1
3435,137.4,-0.8614324671648798,,9,1,val,current_repo_v1
3436,137.44,-1.3342851913401603,,9,1,val,current_repo_v1
3437,137.48,-1.4947096289326771,,9,1,val,current_repo_v1
3438,137.52,-1.5200497533451696,,9,1,val,current_repo_v1
3439,137.56,-1.3026799711228634,,9,1,val,current_repo_v1
3440,137.6,-0.7998182798878122,,9,1,val,current_repo_v1
3441,137.64,-0.6082652307719196,,9,1,val,current_repo_v1
3442,137.68,-0.7850087461603555,,9,1,val,current_repo_v1
3443,137.72,-0.9047611834576924,,9,1,val,current_repo_v1
3444,137.76,-0.9664852378504108,,9,1,val,current_repo_v1
3445,137.8,-1.032987904907414,,9,1,val,current_repo_v1
3446,137.84,-1.1766445718702316,,9,1,val,current_repo_v1
3447,137.88,-1.199853866540827,,9,1,val,current_repo_v1
3448,137.92,-0.9971439404862992,,9,1,val,current_repo_v1
3449,137.96,-0.5962317472755334,,9,1,val,current_repo_v1
3450,138.0,-0.4790264016067884,,9,1,val,current_repo_v1
3451,138.04,-0.6099580485308732,,9,1,val,current_repo_v1
3452,138.08,-0.8270438172195707,,9,1,val,current_repo_v1
3453,138.12,-1.1437869733430237,,9,1,val,current_repo_v1
3454,138.16,-0.9521427971497664,,9,1,val,current_repo_v1
3455,138.2,-0.6954646194388572,,9,1,val,current_repo_v1
3456,138.24,-0.6830990100307754,,9,1,val,current_repo_v1
3457,138.28,-0.8170679996368511,,9,1,val,current_repo_v1
3458,138.32,-0.7748075626249842,,9,1,val,current_repo_v1
3459,138.36,-0.8564885926085599,,9,1,val,current_repo_v1
3460,138.4,-1.145000997688567,,9,1,val,current_repo_v1
3461,138.44,-0.930688074975689,,9,1,val,current_repo_v1
3462,138.48,-0.9675167167452923,,9,1,val,current_repo_v1
3463,138.52,-0.9737497699975871,,9,1,val,current_repo_v1
3464,138.56,-1.1303062831076032,,9,1,val,current_repo_v1
3465,138.6,-1.2498396658641464,,9,1,val,current_repo_v1
3466,138.64,-1.1879458830417704,,9,1,val,current_repo_v1
3467,138.68,-1.4087062528128262,,9,1,val,current_repo_v1
3468,138.72,-1.1280946672939238,,9,1,val,current_repo_v1
3469,138.76,-0.6826304605243035,,9,1,val,current_repo_v1
3470,138.8,-0.7379856692111366,,9,1,val,current_repo_v1
3471,138.84,-0.794990875154933,,9,1,val,current_repo_v1
3472,138.88,-0.7412069652741264,,9,1,val,current_repo_v1
3473,138.92,-0.5348719098963424,,9,1,val,current_repo_v1
3474,138.96,-0.7438335321428069,,9,1,val,current_repo_v1
3475,139.0,-0.8396221697565882,,9,1,val,current_repo_v1
3476,139.04,-1.0774691821041373,,9,1,val,current_repo_v1
3477,139.08,-1.1371799932128048,,9,1,val,current_repo_v1
3478,139.12,-0.8496819776663409,,9,1,val,current_repo_v1
3479,139.16,-0.873444346212983,,9,1,val,current_repo_v1
3480,139.2,-1.1039148716768596,,9,1,val,current_repo_v1
3481,139.24,-0.7120698954878746,,9,1,val,current_repo_v1
3482,139.28,-0.7765787875389426,,9,1,val,current_repo_v1
3483,139.32,-0.4402124324132751,,9,1,val,current_repo_v1
3484,139.36,-0.7834179790762132,,9,1,val,current_repo_v1
3485,139.4,-1.373644320870237,,9,1,val,current_repo_v1
3486,139.44,-1.1523051460824825,,9,1,val,current_repo_v1
3487,139.48,-1.2376576699918098,,9,1,val,current_repo_v1
3488,139.52,-0.9204651413440685,,9,1,val,current_repo_v1
3489,139.56,-0.9366707108251879,,9,1,val,current_repo_v1
3490,139.6,-0.8273626891663645,,9,1,val,current_repo_v1
3491,139.64,-0.6211763889111407,,9,1,val,current_repo_v1
3492,139.68,-0.45403146287360524,,9,1,val,current_repo_v1
3493,139.72,-1.048030426831074,,9,1,val,current_repo_v1
3494,139.76,-1.0764770281600633,,9,1,val,current_repo_v1
3495,139.8,-1.046463643111992,,9,1,val,current_repo_v1
3496,139.84,-0.9669115008974342,,9,1,val,current_repo_v1
3497,139.88,-0.9508486664229491,,9,1,val,current_repo_v1
3498,139.92,-0.6784701234754906,,9,1,val,current_repo_v1
3499,139.96,-0.41799941837912263,,9,1,val,current_repo_v1
3500,140.0,-0.6003344562791508,,9,1,val,current_repo_v1
3501,140.04,-0.8690102395374998,,9,1,val,current_repo_v1
3502,140.08,-1.3547396032840704,,9,1,val,current_repo_v1
3503,140.12,-1.1655124065364866,,9,1,val,current_repo_v1
3504,140.16,-1.0647723692214777,,9,1,val,current_repo_v1
3505,140.2,-0.9926067150509209,,9,1,val,current_repo_v1
3506,140.24,-1.1591798271741236,,9,1,val,current_repo_v1
3507,140.28,-1.161235599664233,,9,1,val,current_repo_v1
3508,140.32,-1.3312254188714128,,9,1,val,current_repo_v1
3509,140.36,-1.1404729966243656,,9,1,val,current_repo_v1
3510,140.4,-0.5529923617351722,,9,1,val,current_repo_v1
3511,140.44,-0.14103733394311282,,9,1,val,current_repo_v1
3512,140.48,-0.22287833394262732,,9,1,val,current_repo_v1
3513,140.52,-0.6952580906231354,,9,1,val,current_repo_v1
3514,140.56,-0.39972858501544595,,9,1,val,current_repo_v1
3515,140.6,0.05544766480188721,,9,1,val,current_repo_v1
3516,140.64,0.15006265290002094,,9,1,val,current_repo_v1
3517,140.68,0.21556850527803953,,9,1,val,current_repo_v1
3518,140.72,0.5775547745587959,,9,1,val,current_repo_v1
3519,140.76,0.16513144000687457,,9,1,val,current_repo_v1
3520,140.8,-0.49745674376784493,,9,1,val,current_repo_v1
3521,140.84,-0.8816632609317294,,9,1,val,current_repo_v1
3522,140.88,-1.1185683193341363,,9,1,val,current_repo_v1
3523,140.92,-1.1333128455194559,,9,1,val,current_repo_v1
3524,140.96,-1.062452294222485,,9,1,val,current_repo_v1
3525,141.0,-1.0573419925904024,,9,1,val,current_repo_v1
3526,141.04,-0.9212748469361252,,9,1,val,current_repo_v1
3527,141.08,-0.7599800656483932,,9,1,val,current_repo_v1
3528,141.12,-0.7037785451807272,,9,1,val,current_repo_v1
3529,141.16,-0.68111844044042,,9,1,val,current_repo_v1
3530,141.2,-0.5847141974238759,,9,1,val,current_repo_v1
3531,141.24,-0.8622379004166018,,9,1,val,current_repo_v1
3532,141.28,-0.6030370999353809,,9,1,val,current_repo_v1
3533,141.32,-0.6819608197261721,,9,1,val,current_repo_v1
3534,141.36,-0.5240510913644836,,9,1,val,current_repo_v1
3535,141.4,-0.23133455774723377,,9,1,val,current_repo_v1
3536,141.44,-0.4296928624243298,,9,1,val,current_repo_v1
3537,141.48,0.02058582888985664,,9,1,val,current_repo_v1
3538,141.52,-0.25167638381346186,,9,1,val,current_repo_v1
3539,141.56,-0.43710580984881253,,9,1,val,current_repo_v1
3540,141.6,-0.6480345535234427,,9,1,val,current_repo_v1
3541,141.64,-0.5826645421483366,,9,1,val,current_repo_v1
3542,141.68,-0.3592544960313357,,9,1,val,current_repo_v1
3543,141.72,-1.0488213923848446,,9,1,val,current_repo_v1
3544,141.76,-0.42993114249662945,,9,1,val,current_repo_v1
3545,141.8,-0.15913183616934198,,9,1,val,current_repo_v1
3546,141.84,0.14107906208535845,,9,1,val,current_repo_v1
3547,141.88,-0.026345608179783965,,9,1,val,current_repo_v1
3548,141.92,0.2460399046297119,,9,1,val,current_repo_v1
3549,141.96,0.2165454632843325,,9,1,val,current_repo_v1
3550,142.0,-0.012685834667225955,,9,1,val,current_repo_v1
3551,142.04,-0.25436276344682707,,9,1,val,current_repo_v1
3552,142.08,-0.24007863048188602,,9,1,val,current_repo_v1
3553,142.12,-0.11156284636906903,,9,1,val,current_repo_v1
3554,142.16,0.33781620780274996,,9,1,val,current_repo_v1
3555,142.2,0.4434217853430568,,9,1,val,current_repo_v1
3556,142.24,0.47936697510050924,,9,1,val,current_repo_v1
3557,142.28,0.053052945220343525,,9,1,val,current_repo_v1
3558,142.32,0.04089847681357206,,9,1,val,current_repo_v1
3559,142.36,0.4927979022808957,,9,1,val,current_repo_v1
3560,142.4,0.1020048442513476,,9,1,val,current_repo_v1
3561,142.44,0.721340728366058,,9,1,val,current_repo_v1
3562,142.48,0.4487441504135674,,9,1,val,current_repo_v1
3563,142.52,0.028169572829080655,,9,1,val,current_repo_v1
3564,142.56,0.03735027389099998,,9,1,val,current_repo_v1
3565,142.6,-0.09230147332627427,,9,1,val,current_repo_v1
3566,142.64,-0.0882173344383159,,9,1,val,current_repo_v1
3567,142.68,-0.3504502706867447,,9,1,val,current_repo_v1
3568,142.72,0.10072799101449148,,9,1,val,current_repo_v1
3569,142.76,-0.2816728008734994,,9,1,val,current_repo_v1
3570,142.8,-0.31656150883524836,,9,1,val,current_repo_v1
3571,142.84,-0.21663076444305918,,9,1,val,current_repo_v1
3572,142.88,-0.14774590352958425,,9,1,val,current_repo_v1
3573,142.92,0.5843177922098729,,9,1,val,current_repo_v1
3574,142.96,0.3342116148426929,,9,1,val,current_repo_v1
3575,143.0,-0.27637235582186476,,9,1,val,current_repo_v1
3576,143.04,-0.36350489207242975,,9,1,val,current_repo_v1
3577,143.08,-0.001276076447704369,,9,1,val,current_repo_v1
3578,143.12,-0.05283960129354814,,9,1,val,current_repo_v1
3579,143.16,0.09992328600259934,,9,1,val,current_repo_v1
3580,143.2,-0.05883182563413911,,9,1,val,current_repo_v1
3581,143.24,-0.2724649364659298,,9,1,val,current_repo_v1
3582,143.28,-0.39793000255854927,,9,1,val,current_repo_v1
3583,143.32,0.3713159439371849,,9,1,val,current_repo_v1
3584,143.36,0.22757251933598122,,9,1,val,current_repo_v1
3585,143.4,-0.018607695868598347,,9,1,val,current_repo_v1
3586,143.44,-0.5921038897231281,,9,1,val,current_repo_v1
3587,143.48,-0.6396487262357138,,9,1,val,current_repo_v1
3588,143.52,-0.6439631102831833,,9,1,val,current_repo_v1
3589,143.56,-0.6729361804597718,,9,1,val,current_repo_v1
3590,143.6,-1.0456063591843907,,9,1,val,current_repo_v1
3591,143.64,-1.276021829717137,,9,1,val,current_repo_v1
3592,143.68,-1.4988871038921505,,9,1,val,current_repo_v1
3593,143.72,-1.0044795488408607,,9,1,val,current_repo_v1
3594,143.76,-1.2988297185935649,,9,1,val,current_repo_v1
3595,143.8,-1.1580004670444775,,9,1,val,current_repo_v1
3596,143.84,-1.2107438678565134,,9,1,val,current_repo_v1
3597,143.88,-0.7919059541373975,,9,1,val,current_repo_v1
3598,143.92,-1.1721377383104157,,9,1,val,current_repo_v1
3599,143.96,-0.9869679054997157,,9,1,val,current_repo_v1
3600,144.0,-0.70073639611586,,9,1,val,current_repo_v1
3601,144.04,-0.639229745586988,,9,1,val,current_repo_v1
3602,144.08,-0.9481067949145556,,9,1,val,current_repo_v1
3603,144.12,-0.9065513911565468,,9,1,val,current_repo_v1
3604,144.16,-0.6562577405825238,,9,1,val,current_repo_v1
3605,144.2,-0.8655711997654096,,9,1,val,current_repo_v1
3606,144.24,-0.9493417925671959,,9,1,val,current_repo_v1
3607,144.28,-1.0082871750654567,,9,1,val,current_repo_v1
3608,144.32,-1.0856639192605355,,9,1,val,current_repo_v1
3609,144.36,-0.8195786792739546,,9,1,val,current_repo_v1
3610,144.4,-0.47582224345445906,,9,1,val,current_repo_v1
3611,144.44,-0.7351527677240224,,9,1,val,current_repo_v1
3612,144.48,-0.6946268523386937,,9,1,val,current_repo_v1
3613,144.52,-1.0994544512688609,,9,1,val,current_repo_v1
3614,144.56,-0.8259114528336055,,9,1,val,current_repo_v1
3615,144.6,-0.48269828392711583,,9,1,val,current_repo_v1
3616,144.64,-0.5488023610506267,,9,1,val,current_repo_v1
3617,144.68,-0.8694601946536515,,9,1,val,current_repo_v1
3618,144.72,-0.6015704249182308,,9,1,val,current_repo_v1
3619,144.76,-0.4556110636136911,,9,1,val,current_repo_v1
3620,144.8,-0.2286255541298238,,9,1,val,current_repo_v1
3621,144.84,-0.5068906052692521,,9,1,val,current_repo_v1
3622,144.88,-0.9237605722217286,,9,1,val,current_repo_v1
3623,144.92,-0.5614833468543196,,9,1,val,current_repo_v1
3624,144.96,-0.6034150564070297,,9,1,val,current_repo_v1
3625,145.0,-0.763538148357989,,9,1,val,current_repo_v1
3626,145.04,-0.33660956295414857,,9,1,val,current_repo_v1
3627,145.08,0.09620440793859093,,9,1,val,current_repo_v1
3628,145.12,-0.11187960642035653,,9,1,val,current_repo_v1
3629,145.16,0.1858688459486319,,9,1,val,current_repo_v1
3630,145.2,-0.28527817062270816,,9,1,val,current_repo_v1
3631,145.24,-0.8093874483495901,,9,1,val,current_repo_v1
3632,145.28,-1.1695692849801507,,9,1,val,current_repo_v1
3633,145.32,-1.0156340468627185,,9,1,val,current_repo_v1
3634,145.36,-0.15957839283295489,,9,1,val,current_repo_v1
3635,145.4,0.00828525129857299,,9,1,val,current_repo_v1
3636,145.44,-0.3365001327823956,,9,1,val,current_repo_v1
3637,145.48,-0.4010691288940804,,9,1,val,current_repo_v1
3638,145.52,-0.281452459775673,,9,1,val,current_repo_v1
3639,145.56,-0.6974768917364684,,9,1,val,current_repo_v1
3640,145.6,-0.8050148536650611,,9,1,val,current_repo_v1
3641,145.64,-1.0299459985891568,,9,1,val,current_repo_v1
3642,145.68,-0.6353620153017753,,9,1,val,current_repo_v1
3643,145.72,-0.18049460592758093,,9,1,val,current_repo_v1
3644,145.76,-0.4585594153884844,,9,1,val,current_repo_v1
3645,145.8,-0.5561243755950326,,9,1,val,current_repo_v1
3646,145.84,-0.5729216642124985,,9,1,val,current_repo_v1
3647,145.88,-0.27498661252446277,,9,1,val,current_repo_v1
3648,145.92,-0.18698887880681303,,9,1,val,current_repo_v1
3649,145.96,-0.27771569128651336,,9,1,val,current_repo_v1
3650,146.0,0.027061531653429696,,9,1,val,current_repo_v1
3651,146.04,0.03340619979696673,,9,1,val,current_repo_v1
3652,146.08,0.0025747829481187388,,9,1,val,current_repo_v1
3653,146.12,0.22687530252296262,,9,1,val,current_repo_v1
3654,146.16,0.6938500146376205,,9,1,val,current_repo_v1
3655,146.2,0.43797527965623195,,9,1,val,current_repo_v1
3656,146.24,0.016555312728030097,,9,1,val,current_repo_v1
3657,146.28,0.017159873160041382,,9,1,val,current_repo_v1
3658,146.32,0.06423946152005014,,9,1,val,current_repo_v1
3659,146.36,-0.07475317524703108,,9,1,val,current_repo_v1
3660,146.4,-0.07538707160685147,,9,1,val,current_repo_v1
3661,146.44,0.005139716452539883,,9,1,val,current_repo_v1
3662,146.48,-0.15450382350185288,,9,1,val,current_repo_v1
3663,146.52,-0.3972730331334558,,9,1,val,current_repo_v1
3664,146.56,-0.46230392749450056,,9,1,val,current_repo_v1
3665,146.6,-0.46151213660225626,,9,1,val,current_repo_v1
3666,146.64,-0.27028206185086523,,9,1,val,current_repo_v1
3667,146.68,0.17191535814106587,,9,1,val,current_repo_v1
3668,146.72,0.19122344776894018,,9,1,val,current_repo_v1
3669,146.76,-0.0017322944263921875,,9,1,val,current_repo_v1
3670,146.8,-0.20300690225710652,,9,1,val,current_repo_v1
3671,146.84,-0.21170002247833608,,9,1,val,current_repo_v1
3672,146.88,-0.21062247027689135,,9,1,val,current_repo_v1
3673,146.92,-0.19663980432681266,,9,1,val,current_repo_v1
3674,146.96,-0.3545608446805236,,9,1,val,current_repo_v1
3675,147.0,-0.29177589050380115,,9,1,val,current_repo_v1
3676,147.04,0.04790106109398129,,9,1,val,current_repo_v1
3677,147.08,-0.0345007290894429,,9,1,val,current_repo_v1
3678,147.12,0.17005577346109574,,9,1,val,current_repo_v1
3679,147.16,0.3309673549504044,,9,1,val,current_repo_v1
3680,147.2,0.30776034209794245,,9,1,val,current_repo_v1
3681,147.24,0.3140836970891283,,9,1,val,current_repo_v1
3682,147.28,0.3508857581049452,,9,1,val,current_repo_v1
3683,147.32,0.39774561223365235,,9,1,val,current_repo_v1
3684,147.36,0.4360792344354515,,9,1,val,current_repo_v1
3685,147.4,0.22270838704102078,,9,1,val,current_repo_v1
3686,147.44,-0.16733679295801795,,9,1,val,current_repo_v1
3687,147.48,-0.2551800670077742,,9,1,val,current_repo_v1
3688,147.52,-0.18288917986115866,,9,1,val,current_repo_v1
3689,147.56,-0.1501101584115827,,9,1,val,current_repo_v1
3690,147.6,0.303205299061396,,9,1,val,current_repo_v1
3691,147.64,0.7665422833037425,,9,1,val,current_repo_v1
3692,147.68,0.9710903352379232,,9,1,val,current_repo_v1
3693,147.72,0.6232523579191955,,9,1,val,current_repo_v1
3694,147.76,0.5548437901290489,,9,1,val,current_repo_v1
3695,147.8,0.5891867551623707,,9,1,val,current_repo_v1
3696,147.84,0.7362031323051558,,9,1,val,current_repo_v1
3697,147.88,0.5013446220216812,,9,1,val,current_repo_v1
3698,147.92,0.7666317111548379,,9,1,val,current_repo_v1
3699,147.96,0.6534018752661109,,9,1,val,current_repo_v1
3700,148.0,0.3275722037653883,,9,1,val,current_repo_v1
3701,148.04,-0.1545443379110489,,9,1,val,current_repo_v1
3702,148.08,-0.02824029401954887,,9,1,val,current_repo_v1
3703,148.12,0.12099156164234588,,9,1,val,current_repo_v1
3704,148.16,-0.3334937402931699,,9,1,val,current_repo_v1
3705,148.2,-0.24585595124871285,,9,1,val,current_repo_v1
3706,148.24,-0.2646144868263842,,9,1,val,current_repo_v1
3707,148.28,-0.041141596646407035,,9,1,val,current_repo_v1
3708,148.32,-0.1643389936987835,,9,1,val,current_repo_v1
3709,148.36,-0.6593748012512132,,9,1,val,current_repo_v1
3710,148.4,-1.0026483655142515,,9,1,val,current_repo_v1
3711,148.44,-0.5924716022878382,,9,1,val,current_repo_v1
3712,148.48,-0.04294076169516755,,9,1,val,current_repo_v1
3713,148.52,0.04931595825923493,,9,1,val,current_repo_v1
3714,148.56,-0.2242578872014763,,9,1,val,current_repo_v1
3715,148.6,-0.31426964099232874,,9,1,val,current_repo_v1
3716,148.64,-0.5177744893703687,,9,1,val,current_repo_v1
3717,148.68,-0.13060284664094524,,9,1,val,current_repo_v1
3718,148.72,0.10055867525407074,,9,1,val,current_repo_v1
3719,148.76,-0.36673041192643224,,9,1,val,current_repo_v1
3720,148.8,-0.7492472670372922,,9,1,val,current_repo_v1
3721,148.84,-0.23286675007440183,,9,1,val,current_repo_v1
3722,148.88,-0.09150537368170385,,9,1,val,current_repo_v1
3723,148.92,-0.17920775759906124,,9,1,val,current_repo_v1
3724,148.96,-0.18598359227114214,,9,1,val,current_repo_v1
3725,149.0,-0.05813222990434327,,9,1,val,current_repo_v1
3726,149.04,-0.35688468225197,,9,1,val,current_repo_v1
3727,149.08,-0.4105846746297265,,9,1,val,current_repo_v1
3728,149.12,-0.19077914864879955,,9,1,val,current_repo_v1
3729,149.16,-0.17299096836963124,,9,1,val,current_repo_v1
3730,149.2,0.4936939285674406,,9,1,val,current_repo_v1
3731,149.24,0.14545558926496813,,9,1,val,current_repo_v1
3732,149.28,-0.2762495503119051,,9,1,val,current_repo_v1
3733,149.32,-0.31782078114888085,,9,1,val,current_repo_v1
3734,149.36,-0.35307341482822524,,9,1,val,current_repo_v1
3735,149.4,-0.12364162638286676,,9,1,val,current_repo_v1
3736,149.44,-0.14587932774724835,,9,1,val,current_repo_v1
3737,149.48,-0.4992737992417567,,9,1,val,current_repo_v1
3738,149.52,-0.26475506138819016,,9,1,val,current_repo_v1
3739,149.56,-0.11927284282011359,,9,1,val,current_repo_v1
3740,149.6,0.2656741486026777,,9,1,val,current_repo_v1
3741,149.64,0.24855043861884946,,9,1,val,current_repo_v1
3742,149.68,-0.05960667281301083,,9,1,val,current_repo_v1
3743,149.72,0.31777713530841684,,9,1,val,current_repo_v1
3744,149.76,0.8908951087043594,,9,1,val,current_repo_v1
3745,149.8,0.5294660399920185,,9,1,val,current_repo_v1
3746,149.84,0.19105675367190658,,9,1,val,current_repo_v1
3747,149.88,0.34650937657330144,,9,1,val,current_repo_v1
3748,149.92,0.6741525837220921,,9,1,val,current_repo_v1
3749,149.96,1.0106594891349046,,9,1,val,current_repo_v1
3750,150.0,0.7547982994143495,,9,1,val,current_repo_v1
3751,150.04,0.9922839591583684,,9,1,val,current_repo_v1
3752,150.08,0.8951416207996947,,9,1,val,current_repo_v1
3753,150.12,0.7517035714337731,,9,1,val,current_repo_v1
3754,150.16,0.6788896381667582,,9,1,val,current_repo_v1
3755,150.2,0.4342184360224317,,9,1,val,current_repo_v1
3756,150.24,0.6086933386931784,,9,1,val,current_repo_v1
3757,150.28,1.0285137935906157,,9,1,val,current_repo_v1
3758,150.32,0.8849737420992048,,9,1,val,current_repo_v1
3759,150.36,0.3814224077453646,,9,1,val,current_repo_v1
3760,150.4,0.5517206122457897,,9,1,val,current_repo_v1
3761,150.44,0.5855727921831708,,9,1,val,current_repo_v1
3762,150.48,0.7531227652140224,,9,1,val,current_repo_v1
3763,150.52,0.8262414911244557,,9,1,val,current_repo_v1
3764,150.56,1.3491614803853458,,9,1,val,current_repo_v1
3765,150.6,1.2323184097572486,,9,1,val,current_repo_v1
3766,150.64,1.2513994584808625,,9,1,val,current_repo_v1
3767,150.68,1.266319733211766,,9,1,val,current_repo_v1
3768,150.72,0.6952670236983806,,9,1,val,current_repo_v1
3769,150.76,0.6245221168863766,,9,1,val,current_repo_v1
3770,150.8,0.41100661678709327,,9,1,val,current_repo_v1
3771,150.84,0.35545463769825725,,9,1,val,current_repo_v1
3772,150.88,0.20193447200913114,,9,1,val,current_repo_v1
3773,150.92,0.3429773163002892,,9,1,val,current_repo_v1
3774,150.96,0.5083116924730587,,9,1,val,current_repo_v1
3775,151.0,0.8134149059041316,,9,1,val,current_repo_v1
3776,151.04,1.1515374842032644,,9,1,val,current_repo_v1
3777,151.08,0.5061519273352588,,9,1,val,current_repo_v1
3778,151.12,0.2242518913602112,,9,1,val,current_repo_v1
3779,151.16,0.4103854767616243,,9,1,val,current_repo_v1
3780,151.2,0.8303874090246393,,9,1,val,current_repo_v1
3781,151.24,0.6595454035686664,,9,1,val,current_repo_v1
3782,151.28,0.43318569484517866,,9,1,val,current_repo_v1
3783,151.32,0.35359762613235224,,9,1,val,current_repo_v1
3784,151.36,0.7133024171250937,,9,1,val,current_repo_v1
3785,151.4,0.20743105632158293,,9,1,val,current_repo_v1
3786,151.44,0.06915298061279926,,9,1,val,current_repo_v1
3787,151.48,0.08744456881162427,,9,1,val,current_repo_v1
3788,151.52,0.049846311052593,,9,1,val,current_repo_v1
3789,151.56,-0.13422360652522308,,9,1,val,current_repo_v1
3790,151.6,0.2353127620146221,,9,1,val,current_repo_v1
3791,151.64,0.32389566071015036,,9,1,val,current_repo_v1
3792,151.68,-0.13060680341068698,,9,1,val,current_repo_v1
3793,151.72,-0.031376653043726915,,9,1,val,current_repo_v1
3794,151.76,0.1585790293145661,,9,1,val,current_repo_v1
3795,151.8,0.08159043088008755,,9,1,val,current_repo_v1
3796,151.84,0.2502955197229193,,9,1,val,current_repo_v1
3797,151.88,0.3981932855316709,,9,1,val,current_repo_v1
3798,151.92,0.24056931847918278,,9,1,val,current_repo_v1
3799,151.96,0.19239889967816654,,9,1,val,current_repo_v1
3800,152.0,-0.09129840792208417,,9,1,val,current_repo_v1
3801,152.04,-0.0324081562132694,,9,1,val,current_repo_v1
3802,152.08,-0.07629390011753791,,9,1,val,current_repo_v1
3803,152.12,-0.49188478663301227,,9,1,val,current_repo_v1
3804,152.16,-0.38029948620252546,,9,1,val,current_repo_v1
3805,152.2,-0.46595765236840586,,9,1,val,current_repo_v1
3806,152.24,-0.31166703321404765,,9,1,val,current_repo_v1
3807,152.28,0.1103820054851024,,9,1,val,current_repo_v1
3808,152.32,0.2874029074246964,,9,1,val,current_repo_v1
3809,152.36,0.23279378044345922,,9,1,val,current_repo_v1
3810,152.4,-0.012192124474635649,,9,1,val,current_repo_v1
3811,152.44,-0.29163706371758663,,9,1,val,current_repo_v1
3812,152.48,0.33603063656414506,,9,1,val,current_repo_v1
3813,152.52,0.7415715221329077,,9,1,val,current_repo_v1
3814,152.56,0.49241475103179444,,9,1,val,current_repo_v1
3815,152.6,0.065185542157561,,9,1,val,current_repo_v1
3816,152.64,-0.2681462558034646,,9,1,val,current_repo_v1
3817,152.68,-0.2313329798942693,,9,1,val,current_repo_v1
3818,152.72,-0.00545068699718074,,9,1,val,current_repo_v1
3819,152.76,0.044108096764624634,,9,1,val,current_repo_v1
3820,152.8,-0.6020108158179517,,9,1,val,current_repo_v1
3821,152.84,-0.5890574197686043,,9,1,val,current_repo_v1
3822,152.88,-0.5574884173455076,,9,1,val,current_repo_v1
3823,152.92,-0.5406971488439678,,9,1,val,current_repo_v1
3824,152.96,-0.4859356498156825,,9,1,val,current_repo_v1
3825,153.0,-0.8715617977037141,,9,1,val,current_repo_v1
3826,153.04,-0.9411811370348308,,9,1,val,current_repo_v1
3827,153.08,-1.0162727617427458,,9,1,val,current_repo_v1
3828,153.12,-0.924552217466007,,9,1,val,current_repo_v1
3829,153.16,-0.36665610718913505,,9,1,val,current_repo_v1
3830,153.2,-0.23690476710647498,,9,1,val,current_repo_v1
3831,153.24,-0.2629108668432891,,9,1,val,current_repo_v1
3832,153.28,-0.020086945160142367,,9,1,val,current_repo_v1
3833,153.32,-0.038538139254991235,,9,1,val,current_repo_v1
3834,153.36,-0.2754435830176414,,9,1,val,current_repo_v1
3835,153.4,-0.49463102758038435,,9,1,val,current_repo_v1
3836,153.44,-0.6443095582448644,,9,1,val,current_repo_v1
3837,153.48,-0.5047917695305426,,9,1,val,current_repo_v1
3838,153.52,-0.04598521685282904,,9,1,val,current_repo_v1
3839,153.56,0.21639865013465154,,9,1,val,current_repo_v1
3840,153.6,0.3720410766103446,,9,1,val,current_repo_v1
3841,153.64,0.27052529395400726,,9,1,val,current_repo_v1
3842,153.68,0.4551815963114167,,9,1,val,current_repo_v1
3843,153.72,0.24078941683039926,,9,1,val,current_repo_v1
3844,153.76,0.16755560475220183,,9,1,val,current_repo_v1
3845,153.8,0.3607855474494371,,9,1,val,current_repo_v1
3846,153.84,0.5543268854978806,,9,1,val,current_repo_v1
3847,153.88,0.27986640197576323,,9,1,val,current_repo_v1
3848,153.92,0.49805725033147047,,9,1,val,current_repo_v1
3849,153.96,0.8149858163155822,,9,1,val,current_repo_v1
3850,154.0,0.7647026523951079,,9,1,val,current_repo_v1
3851,154.04,0.8441984288468419,,9,1,val,current_repo_v1
3852,154.08,0.9530129951970155,,9,1,val,current_repo_v1
3853,154.12,0.8562779856497914,,9,1,val,current_repo_v1
3854,154.16,0.9461409357687616,,9,1,val,current_repo_v1
3855,154.2,0.8896873957706743,,9,1,val,current_repo_v1
3856,154.24,0.7457457442878082,,9,1,val,current_repo_v1
3857,154.28,0.47364101951634197,,9,1,val,current_repo_v1
3858,154.32,0.311288299953247,,9,1,val,current_repo_v1
3859,154.36,0.6888825936601383,,9,1,val,current_repo_v1
3860,154.4,0.6075799570921092,,9,1,val,current_repo_v1
3861,154.44,0.587778484979568,,9,1,val,current_repo_v1
3862,154.48,0.34581337349333247,,9,1,val,current_repo_v1
3863,154.52,0.36826908558808524,,9,1,val,current_repo_v1
3864,154.56,0.4350482895831118,,9,1,val,current_repo_v1
3865,154.6,0.3722318268964215,,9,1,val,current_repo_v1
3866,154.64,0.26413717416729415,,9,1,val,current_repo_v1
3867,154.68,0.09288831932442647,,9,1,val,current_repo_v1
3868,154.72,0.3727397499030227,,9,1,val,current_repo_v1
3869,154.76,0.45301056773091636,,9,1,val,current_repo_v1
3870,154.8,0.757068854104918,,9,1,val,current_repo_v1
3871,154.84,0.7107042516097741,,9,1,val,current_repo_v1
3872,154.88,0.5573547125127624,,9,1,val,current_repo_v1
3873,154.92,0.4886890275133863,,9,1,val,current_repo_v1
3874,154.96,0.718507050089792,,9,1,val,current_repo_v1
3875,155.0,0.8421286741520011,,9,1,val,current_repo_v1
3876,155.04,0.9331417577087827,,9,1,val,current_repo_v1
3877,155.08,1.101857448509803,,9,1,val,current_repo_v1
3878,155.12,0.844919386278311,,9,1,val,current_repo_v1
3879,155.16,0.6053500381840418,,9,1,val,current_repo_v1
3880,155.2,0.22172477777761596,,9,1,val,current_repo_v1
3881,155.24,0.7045573734040017,,9,1,val,current_repo_v1
3882,155.28,0.6408745966158209,,9,1,val,current_repo_v1
3883,155.32,0.5243542333309544,,9,1,val,current_repo_v1
3884,155.36,0.22504011387728964,,9,1,val,current_repo_v1
3885,155.4,-0.2441635704336571,,9,1,val,current_repo_v1
3886,155.44,-0.3104483724082551,,9,1,val,current_repo_v1
3887,155.48,-0.3277020246523747,,9,1,val,current_repo_v1
3888,155.52,-0.2150898332379339,,9,1,val,current_repo_v1
3889,155.56,-0.27047084588940173,,9,1,val,current_repo_v1
3890,155.6,-0.288037568436338,,9,1,val,current_repo_v1
3891,155.64,-0.039587945518921856,,9,1,val,current_repo_v1
3892,155.68,0.15871462757086865,,9,1,val,current_repo_v1
3893,155.72,0.42187758676856196,,9,1,val,current_repo_v1
3894,155.76,0.5114827399877947,,9,1,val,current_repo_v1
3895,155.8,1.0372475253196851,,9,1,val,current_repo_v1
3896,155.84,1.1347162122207382,,9,1,val,current_repo_v1
3897,155.88,1.3529722137665487,,9,1,val,current_repo_v1
3898,155.92,1.2589874262110992,,9,1,val,current_repo_v1
3899,155.96,1.204472072245275,,9,1,val,current_repo_v1
3900,156.0,1.4746398247175279,,9,1,val,current_repo_v1
3901,156.04,1.189467321694119,,9,1,val,current_repo_v1
3902,156.08,1.301557316601295,,9,1,val,current_repo_v1
3903,156.12,1.205617933342752,,9,1,val,current_repo_v1
3904,156.16,0.9474558456053882,,9,1,val,current_repo_v1
3905,156.2,0.7271040669281533,,9,1,val,current_repo_v1
3906,156.24,0.4069955203540605,,9,1,val,current_repo_v1
3907,156.28,-0.1993714804775894,,9,1,val,current_repo_v1
3908,156.32,-0.18867162258145484,,9,1,val,current_repo_v1
3909,156.36,-0.18887368485955408,,9,1,val,current_repo_v1
3910,156.4,-0.6067674841886995,,9,1,val,current_repo_v1
3911,156.44,-0.27680374082235754,,9,1,val,current_repo_v1
3912,156.48,-0.6245280884529807,,9,1,val,current_repo_v1
3913,156.52,-1.155614170770298,,9,1,val,current_repo_v1
3914,156.56,-0.659247310731682,,9,1,val,current_repo_v1
3915,156.6,-0.518922195342081,,9,1,val,current_repo_v1
3916,156.64,-0.6179457713783298,,9,1,val,current_repo_v1
3917,156.68,-0.7883609311954154,,9,1,val,current_repo_v1
3918,156.72,-0.7691032600384219,,9,1,val,current_repo_v1
3919,156.76,-0.9595157884822559,,9,1,val,current_repo_v1
3920,156.8,-0.9914953239720531,,9,1,val,current_repo_v1
3921,156.84,-1.2062491716271937,,9,1,val,current_repo_v1
3922,156.88,-1.1787104426193136,,9,1,val,current_repo_v1
3923,156.92,-1.1522030954076712,,9,1,val,current_repo_v1
3924,156.96,-1.1509501345058966,,9,1,val,current_repo_v1
3925,157.0,-0.5275344566675454,,9,1,val,current_repo_v1
3926,157.04,-0.4738256525878488,,9,1,val,current_repo_v1
3927,157.08,-0.6042178194460426,,9,1,val,current_repo_v1
3928,157.12,0.06316096260682671,,9,1,val,current_repo_v1
3929,157.16,0.0655297568504307,,9,1,val,current_repo_v1
3930,157.2,-0.022711254485350486,,9,1,val,current_repo_v1
3931,157.24,0.35646237597468833,,9,1,val,current_repo_v1
3932,157.28,0.5830415761828678,,9,1,val,current_repo_v1
3933,157.32,0.11822194419643832,,9,1,val,current_repo_v1
3934,157.36,-0.14854543803868506,,9,1,val,current_repo_v1
3935,157.4,-0.4084158793180374,,9,1,val,current_repo_v1
3936,157.44,0.12312023093941482,,9,1,val,current_repo_v1
3937,157.48,-0.07147943377896757,,9,1,val,current_repo_v1
3938,157.52,-0.0919434099393085,,9,1,val,current_repo_v1
3939,157.56,-0.28569987003346503,,9,1,val,current_repo_v1
3940,157.6,-0.08232020608216196,,9,1,val,current_repo_v1
3941,157.64,-0.13459850438958695,,9,1,val,current_repo_v1
3942,157.68,-0.5677659689643604,,9,1,val,current_repo_v1
3943,157.72,-0.6917870082985356,,9,1,val,current_repo_v1
3944,157.76,-0.8083859729356949,,9,1,val,current_repo_v1
3945,157.8,-1.116840837359286,,9,1,val,current_repo_v1
3946,157.84,-0.6902455673255296,,9,1,val,current_repo_v1
3947,157.88,-0.3709976303075939,,9,1,val,current_repo_v1
3948,157.92,-0.5860564890781018,,9,1,val,current_repo_v1
3949,157.96,-0.8684778476726184,,9,1,val,current_repo_v1
3950,158.0,-1.0219452645234084,,9,1,val,current_repo_v1
3951,158.04,-1.1192553893388602,,9,1,val,current_repo_v1
3952,158.08,-1.0569343724830211,,9,1,val,current_repo_v1
3953,158.12,-0.8028891216019722,,9,1,val,current_repo_v1
3954,158.16,-0.6495404563927563,,9,1,val,current_repo_v1
3955,158.2,-0.6338755807105776,,9,1,val,current_repo_v1
3956,158.24,-0.37906477984581705,,9,1,val,current_repo_v1
3957,158.28,-0.6287693086722197,,9,1,val,current_repo_v1
3958,158.32,-0.9671970680093467,,9,1,val,current_repo_v1
3959,158.36,-0.8707834549736596,,9,1,val,current_repo_v1
3960,158.4,-0.7509663985287613,,9,1,val,current_repo_v1
3961,158.44,-0.7922988638002176,,9,1,val,current_repo_v1
3962,158.48,-0.987132487701243,,9,1,val,current_repo_v1
3963,158.52,-0.6432949259647115,,9,1,val,current_repo_v1
3964,158.56,-0.6917720065580424,,9,1,val,current_repo_v1
3965,158.6,-0.3130744537837157,,9,1,val,current_repo_v1
3966,158.64,0.0009035939121092212,,9,1,val,current_repo_v1
3967,158.68,0.3593942695293289,,9,1,val,current_repo_v1
3968,158.72,-0.16248127816770974,,9,1,val,current_repo_v1
3969,158.76,-0.2044273583197274,,9,1,val,current_repo_v1
3970,158.8,-0.056463832454347856,,9,1,val,current_repo_v1
3971,158.84,-0.6284557771508442,,9,1,val,current_repo_v1
3972,158.88,-0.7578851624047644,,9,1,val,current_repo_v1
3973,158.92,-0.6718141570793893,,9,1,val,current_repo_v1
3974,158.96,-0.3589238265992996,,9,1,val,current_repo_v1
3975,159.0,-0.42524137509157617,,9,1,val,current_repo_v1
3976,159.04,-0.42571924606786904,,9,1,val,current_repo_v1
3977,159.08,-0.4369782222306374,,9,1,val,current_repo_v1
3978,159.12,-0.2395465541875975,,9,1,val,current_repo_v1
3979,159.16,-0.31027505132877065,,9,1,val,current_repo_v1
3980,159.2,-0.22665986490665666,,9,1,val,current_repo_v1
3981,159.24,-0.2001700197255895,,9,1,val,current_repo_v1
3982,159.28,-0.3866476984465673,,9,1,val,current_repo_v1
3983,159.32,-0.5819991736905398,,9,1,val,current_repo_v1
3984,159.36,-0.6616026810877572,,9,1,val,current_repo_v1
3985,159.4,-0.4401476676177479,,9,1,val,current_repo_v1
3986,159.44,-0.5940052753693268,,9,1,val,current_repo_v1
3987,159.48,-0.6392379989717254,,9,1,val,current_repo_v1
3988,159.52,-0.6772013354947491,,9,1,val,current_repo_v1
3989,159.56,-0.7077371597966948,,9,1,val,current_repo_v1
3990,159.6,-0.5676750360842836,,9,1,val,current_repo_v1
3991,159.64,-0.43366822655638204,,9,1,val,current_repo_v1
3992,159.68,-0.35877278965860604,,9,1,val,current_repo_v1
3993,159.72,-0.6745050032503771,,9,1,val,current_repo_v1
3994,159.76,-0.7024676649378253,,9,1,val,current_repo_v1
3995,159.8,-0.647802779060289,,9,1,val,current_repo_v1
3996,159.84,-0.49863197720512237,,9,1,val,current_repo_v1
3997,159.88,-0.5592686238840332,,9,1,val,current_repo_v1
3998,159.92,-0.5574188947164258,,9,1,val,current_repo_v1
3999,159.96,-0.3235185053023142,,9,1,val,current_repo_v1
4000,160.0,0.12541418640317978,,9,1,val,current_repo_v1
4001,160.04,0.006750218836068846,,9,1,val,current_repo_v1
4002,160.08,-0.19011276065524108,,9,1,val,current_repo_v1
4003,160.12,-0.06416416759031751,,9,1,val,current_repo_v1
4004,160.16,-0.10896994845518485,,9,1,val,current_repo_v1
4005,160.2,-0.1132504450759093,,9,1,val,current_repo_v1
4006,160.24,0.15682746687601135,,9,1,val,current_repo_v1
4007,160.28,0.31105438931992596,,9,1,val,current_repo_v1
4008,160.32,0.36587803148035136,,9,1,val,current_repo_v1
4009,160.36,0.43058670399138543,,9,1,val,current_repo_v1
4010,160.4,0.4504325016348984,,9,1,val,current_repo_v1
4011,160.44,0.23055322923387714,,9,1,val,current_repo_v1
4012,160.48,-0.1252143573938918,,9,1,val,current_repo_v1
4013,160.52,-0.24526896567125991,,9,1,val,current_repo_v1
4014,160.56,-0.20764178465365643,,9,1,val,current_repo_v1
4015,160.6,-0.29087425677056705,,9,1,val,current_repo_v1
4016,160.64,-0.27333605695029667,,9,1,val,current_repo_v1
4017,160.68,-0.09672194977961035,,9,1,val,current_repo_v1
4018,160.72,0.14654790046029612,,9,1,val,current_repo_v1
4019,160.76,0.04012350826139537,,9,1,val,current_repo_v1
4020,160.8,-0.39816444723441213,,9,1,val,current_repo_v1
4021,160.84,-0.2870922645879789,,9,1,val,current_repo_v1
4022,160.88,-0.1351472573759771,,9,1,val,current_repo_v1
4023,160.92,-0.4362227462312375,,9,1,val,current_repo_v1
4024,160.96,-0.5292620357410398,,9,1,val,current_repo_v1
4025,161.0,-0.4928961661085922,,9,1,val,current_repo_v1
4026,161.04,-0.4842665241258573,,9,1,val,current_repo_v1
4027,161.08,-0.569153071642778,,9,1,val,current_repo_v1
4028,161.12,-0.8295516809959991,,9,1,val,current_repo_v1
4029,161.16,-0.473213348538981,,9,1,val,current_repo_v1
4030,161.2,-0.2231093558912903,,9,1,val,current_repo_v1
4031,161.24,-0.13248197242301413,,9,1,val,current_repo_v1
4032,161.28,-0.27385660278061386,,9,1,val,current_repo_v1
4033,161.32,-0.062224415842420555,,9,1,val,current_repo_v1
4034,161.36,-0.1652031959047676,,9,1,val,current_repo_v1
4035,161.4,0.13504294915769355,,9,1,val,current_repo_v1
4036,161.44,-0.2107799642774089,,9,1,val,current_repo_v1
4037,161.48,-0.4294025374788628,,9,1,val,current_repo_v1
4038,161.52,-0.7680707130584568,,9,1,val,current_repo_v1
4039,161.56,-0.6169329354230904,,9,1,val,current_repo_v1
4040,161.6,-0.34247815644630614,,9,1,val,current_repo_v1
4041,161.64,-0.2104993977456608,,9,1,val,current_repo_v1
4042,161.68,-0.1984810130884117,,9,1,val,current_repo_v1
4043,161.72,-0.6235791434054728,,9,1,val,current_repo_v1
4044,161.76,-0.6283523670950173,,9,1,val,current_repo_v1
4045,161.8,-0.5344978859197742,,9,1,val,current_repo_v1
4046,161.84,-0.6673632037891775,,9,1,val,current_repo_v1
4047,161.88,-0.023703578352051523,,9,1,val,current_repo_v1
4048,161.92,0.30632148584228946,,9,1,val,current_repo_v1
4049,161.96,0.12634062883994793,,9,1,val,current_repo_v1
4050,162.0,-0.22220694536890445,,9,1,val,current_repo_v1
4051,162.04,-0.5437474056456064,,9,1,val,current_repo_v1
4052,162.08,-0.7217832068866242,,9,1,val,current_repo_v1
4053,162.12,-0.48980789518783974,,9,1,val,current_repo_v1
4054,162.16,-0.30876390513268287,,9,1,val,current_repo_v1
4055,162.2,-0.5433158021731648,,9,1,val,current_repo_v1
4056,162.24,-0.7165815354305669,,9,1,val,current_repo_v1
4057,162.28,-0.6487750277823495,,9,1,val,current_repo_v1
4058,162.32,-0.130207266765416,,9,1,val,current_repo_v1
4059,162.36,-0.4231512296815019,,9,1,val,current_repo_v1
4060,162.4,-0.5689295505643616,,9,1,val,current_repo_v1
4061,162.44,-0.5774269441940109,,9,1,val,current_repo_v1
4062,162.48,-0.5902995056222542,,9,1,val,current_repo_v1
4063,162.52,-0.5093466669191231,,9,1,val,current_repo_v1
4064,162.56,-0.6913750187521757,,9,1,val,current_repo_v1
4065,162.6,-0.2778989164276826,,9,1,val,current_repo_v1
4066,162.64,-0.25887229149401314,,9,1,val,current_repo_v1
4067,162.68,-0.37393935509993637,,9,1,val,current_repo_v1
4068,162.72,-0.5058597575155565,,9,1,val,current_repo_v1
4069,162.76,-0.6810349841559288,,9,1,val,current_repo_v1
4070,162.8,-0.727448427268989,,9,1,val,current_repo_v1
4071,162.84,-0.48725065675095314,,9,1,val,current_repo_v1
4072,162.88,-0.7438135298221493,,9,1,val,current_repo_v1
4073,162.92,-0.9456439849089288,,9,1,val,current_repo_v1
4074,162.96,-1.0303514825263709,,9,1,val,current_repo_v1
4075,163.0,-1.1250246023689157,,9,1,val,current_repo_v1
4076,163.04,-1.0106707525776049,,9,1,val,current_repo_v1
4077,163.08,-0.9182398346215896,,9,1,val,current_repo_v1
4078,163.12,-1.0948057565902063,,9,1,val,current_repo_v1
4079,163.16,-1.0004847164306927,,9,1,val,current_repo_v1
4080,163.2,-1.221113226243239,,9,1,val,current_repo_v1
4081,163.24,-1.0367444572452824,,9,1,val,current_repo_v1
4082,163.28,-1.0882127586647188,,9,1,val,current_repo_v1
4083,163.32,-1.1244258921302035,,9,1,val,current_repo_v1
4084,163.36,-1.09850812788474,,9,1,val,current_repo_v1
4085,163.4,-1.122073774578701,,9,1,val,current_repo_v1
4086,163.44,-1.2233803824812683,,9,1,val,current_repo_v1
4087,163.48,-1.541923067773397,,9,1,val,current_repo_v1
4088,163.52,-1.503588426035836,,9,1,val,current_repo_v1
4089,163.56,-0.8745994316816369,,9,1,val,current_repo_v1
4090,163.6,-0.9948758132618299,,9,1,val,current_repo_v1
4091,163.64,-1.2594644718489183,,9,1,val,current_repo_v1
4092,163.68,-1.1180535023238134,,9,1,val,current_repo_v1
4093,163.72,-1.6345410948163404,,9,1,val,current_repo_v1
4094,163.76,-1.2984562772088606,,9,1,val,current_repo_v1
4095,163.8,-1.3369789019211453,,9,1,val,current_repo_v1
4096,163.84,-1.3877867383643054,,9,1,val,current_repo_v1
4097,163.88,-1.085297080583621,,9,1,val,current_repo_v1
4098,163.92,-1.0134471912032512,,9,1,val,current_repo_v1
4099,163.96,-0.8143245745501542,,9,1,val,current_repo_v1
4100,164.0,-0.8103851369163704,,9,1,val,current_repo_v1
4101,164.04,-0.7058569902042033,,9,1,val,current_repo_v1
4102,164.08,-0.991960426476664,,9,1,val,current_repo_v1
4103,164.12,-1.6844443602922863,,9,1,val,current_repo_v1
4104,164.16,-1.0881039110848298,,9,1,val,current_repo_v1
4105,164.2,-1.6518733969620747,,9,1,val,current_repo_v1
4106,164.24,-1.8540255884056451,,9,1,val,current_repo_v1
4107,164.28,-1.3230058244621585,,9,1,val,current_repo_v1
4108,164.32,-1.501478957995612,,9,1,val,current_repo_v1
4109,164.36,-1.3467311013268044,,9,1,val,current_repo_v1
4110,164.4,-1.745724091290203,,9,1,val,current_repo_v1
4111,164.44,-1.600006505609146,,9,1,val,current_repo_v1
4112,164.48,-1.1926943951264248,,9,1,val,current_repo_v1
4113,164.52,-1.2569647643585833,,9,1,val,current_repo_v1
4114,164.56,-1.1909780794956308,,9,1,val,current_repo_v1
4115,164.6,-1.0293556388338259,,9,1,val,current_repo_v1
4116,164.64,-1.3962185904092757,,9,1,val,current_repo_v1
4117,164.68,-1.367826752715485,,9,1,val,current_repo_v1
4118,164.72,-1.2618482435583547,,9,1,val,current_repo_v1
4119,164.76,-1.1672075546628953,,9,1,val,current_repo_v1
4120,164.8,-1.1668818858110237,,9,1,val,current_repo_v1
4121,164.84,-1.2861392171227632,,9,1,val,current_repo_v1
4122,164.88,-1.2514651942628294,,9,1,val,current_repo_v1
4123,164.92,-1.4591954115064807,,9,1,val,current_repo_v1
4124,164.96,-1.613604005513261,,9,1,val,current_repo_v1
4125,165.0,-1.508781747008512,,9,1,val,current_repo_v1
4126,165.04,-1.6095075108228576,,9,1,val,current_repo_v1
4127,165.08,-1.7020048442513476,,9,1,val,current_repo_v1
4128,165.12,-1.4351966077617744,,9,1,val,current_repo_v1
4129,165.16,-1.3189162237754768,,9,1,val,current_repo_v1
4130,165.2,-1.1374312845033963,,9,1,val,current_repo_v1
4131,165.24,-1.5062907783961343,,9,1,val,current_repo_v1
4132,165.28,-1.55181334145078,,9,1,val,current_repo_v1
4133,165.32,-1.3518998563425562,,9,1,val,current_repo_v1
4134,165.36,-0.8842652132941637,,9,1,val,current_repo_v1
4135,165.4,-1.3496714424634704,,9,1,val,current_repo_v1
4136,165.44,-1.5171069847424046,,9,1,val,current_repo_v1
4137,165.48,-0.8700387083744182,,9,1,val,current_repo_v1
4138,165.52,-0.9303010397808289,,9,1,val,current_repo_v1
4139,165.56,-1.138817853139272,,9,1,val,current_repo_v1
4140,165.6,-1.0423453012266957,,9,1,val,current_repo_v1
4141,165.64,-0.9707333035240496,,9,1,val,current_repo_v1
4142,165.68,-0.8295636241292073,,9,1,val,current_repo_v1
4143,165.72,-0.3891627232479885,,9,1,val,current_repo_v1
4144,165.76,-0.6764344989540049,,9,1,val,current_repo_v1
4145,165.8,-0.5218704985675523,,9,1,val,current_repo_v1
4146,165.84,-0.36419647716409814,,9,1,val,current_repo_v1
4147,165.88,-0.008796815504323074,,9,1,val,current_repo_v1
4148,165.92,-0.08763554363831531,,9,1,val,current_repo_v1
4149,165.96,0.14364380139249167,,9,1,val,current_repo_v1
4150,166.0,-0.08385050498577262,,9,1,val,current_repo_v1
4151,166.04,-0.20692369163218452,,9,1,val,current_repo_v1
4152,166.08,-0.08965838755078866,,9,1,val,current_repo_v1
4153,166.12,-0.4798058609712486,,9,1,val,current_repo_v1
4154,166.16,-0.0496174586517562,,9,1,val,current_repo_v1
4155,166.2,-0.29939781848476593,,9,1,val,current_repo_v1
4156,166.24,-0.3645639712568594,,9,1,val,current_repo_v1
4157,166.28,-0.520906648878195,,9,1,val,current_repo_v1
4158,166.32,-0.4362962013554,,9,1,val,current_repo_v1
4159,166.36,-0.3024870118426361,,9,1,val,current_repo_v1
4160,166.4,-0.14388169307021542,,9,1,val,current_repo_v1
4161,166.44,-0.2705584288662617,,9,1,val,current_repo_v1
4162,166.48,-0.30031695424857546,,9,1,val,current_repo_v1
4163,166.52,-0.3801412639621781,,9,1,val,current_repo_v1
4164,166.56,-0.35594522859691,,9,1,val,current_repo_v1
4165,166.6,-0.4771445813373493,,9,1,val,current_repo_v1
4166,166.64,-0.6603911327576355,,9,1,val,current_repo_v1
4167,166.68,-0.9684809062799034,,9,1,val,current_repo_v1
4168,166.72,-0.5259162106671599,,9,1,val,current_repo_v1
4169,166.76,-0.14747781417358616,,9,1,val,current_repo_v1
4170,166.8,-0.12661670455941249,,9,1,val,current_repo_v1
4171,166.84,-0.5571553689966943,,9,1,val,current_repo_v1
4172,166.88,-0.12176813232214806,,9,1,val,current_repo_v1
4173,166.92,-0.08674695753536454,,9,1,val,current_repo_v1
4174,166.96,0.13491999799976792,,9,1,val,current_repo_v1
4175,167.0,0.31253375998477495,,9,1,val,current_repo_v1
4176,167.04,0.20422012553883678,,9,1,val,current_repo_v1
4177,167.08,0.09764175916526238,,9,1,val,current_repo_v1
4178,167.12,0.22872622114895855,,9,1,val,current_repo_v1
4179,167.16,0.4140294917711327,,9,1,val,current_repo_v1
4180,167.2,0.5412255596644465,,9,1,val,current_repo_v1
4181,167.24,0.0459423629731799,,9,1,val,current_repo_v1
4182,167.28,0.15233206668152277,,9,1,val,current_repo_v1
4183,167.32,0.4791713213329119,,9,1,val,current_repo_v1
4184,167.36,0.4517470230769492,,9,1,val,current_repo_v1
4185,167.4,0.3529124981005078,,9,1,val,current_repo_v1
4186,167.44,0.5178862013602549,,9,1,val,current_repo_v1
4187,167.48,0.5614481000465588,,9,1,val,current_repo_v1
4188,167.52,0.4195064864321637,,9,1,val,current_repo_v1
4189,167.56,0.14136674109277728,,9,1,val,current_repo_v1
4190,167.6,0.09199020541703624,,9,1,val,current_repo_v1
4191,167.64,0.187943989618213,,9,1,val,current_repo_v1
4192,167.68,0.2581531546621186,,9,1,val,current_repo_v1
4193,167.72,-0.025494635664040633,,9,1,val,current_repo_v1
4194,167.76,-0.23672731933462182,,9,1,val,current_repo_v1
4195,167.8,-0.4277023887722896,,9,1,val,current_repo_v1
4196,167.84,-0.5788375932935909,,9,1,val,current_repo_v1
4197,167.88,-0.4225870865600426,,9,1,val,current_repo_v1
4198,167.92,-0.4550729429288155,,9,1,val,current_repo_v1
4199,167.96,-0.8756940246950982,,9,1,val,current_repo_v1
4200,168.0,-1.00723404317297,,9,1,val,current_repo_v1
4201,168.04,-0.6188404868331812,,9,1,val,current_repo_v1
4202,168.08,-0.7586267532980768,,9,1,val,current_repo_v1
4203,168.12,-0.7785787768580917,,9,1,val,current_repo_v1
4204,168.16,-0.21328020581028576,,9,1,val,current_repo_v1
4205,168.2,0.435743758620539,,9,1,val,current_repo_v1
4206,168.24,0.6047574937092216,,9,1,val,current_repo_v1
4207,168.28,0.0709105267552886,,9,1,val,current_repo_v1
4208,168.32,0.04076149490159295,,9,1,val,current_repo_v1
4209,168.36,-0.15697760565424823,,9,1,val,current_repo_v1
4210,168.4,0.9111503713294892,,9,1,val,current_repo_v1
4211,168.44,0.8307006492500829,,9,1,val,current_repo_v1
4212,168.48,0.8238777217356771,,9,1,val,current_repo_v1
4213,168.52,0.5754526374661915,,9,1,val,current_repo_v1
4214,168.56,0.49564964090493996,,9,1,val,current_repo_v1
4215,168.6,0.9959289451543164,,9,1,val,current_repo_v1
4216,168.64,0.4803536915205211,,9,1,val,current_repo_v1
4217,168.68,-1.6859987153849403,,9,1,val,current_repo_v1
4218,168.72,-3.1504971693317816,,9,1,val,current_repo_v1
4219,168.76,-3.6151009753073295,,9,1,val,current_repo_v1
4220,168.8,2.002153842120518,,9,1,val,current_repo_v1
4221,168.84,-0.09037060610430045,,9,1,val,current_repo_v1
4222,168.88,1.1758389444212216,,9,1,val,current_repo_v1
4223,168.92,2.0785168764725617,,9,1,val,current_repo_v1
4224,168.96,4.479175593673246,,9,1,val,current_repo_v1
4225,169.0,4.89455582468063,,9,1,val,current_repo_v1
4226,169.04,5.351410770472885,,9,1,val,current_repo_v1
4227,169.08,5.911553039406028,,9,1,val,current_repo_v1
4228,169.12,5.725614962124246,,9,1,val,current_repo_v1
4229,169.16,5.347228537679857,,9,1,val,current_repo_v1
4230,169.2,5.03600679884705,,9,1,val,current_repo_v1
4231,169.24,3.5093986146936467,,9,1,val,current_repo_v1
4232,169.28,3.176534364909327,,9,1,val,current_repo_v1
4233,169.32,2.8282310423393784,,9,1,val,current_repo_v1
4234,169.36,2.4509282387616818,,9,1,val,current_repo_v1
4235,169.4,2.111560710198902,,9,1,val,current_repo_v1
4236,169.44,1.67256084565151,,9,1,val,current_repo_v1
4237,169.48,0.8726464866554906,,9,1,val,current_repo_v1
4238,169.52,-0.11994901350205193,,9,1,val,current_repo_v1
4239,169.56,-0.36060407008385925,,9,1,val,current_repo_v1
4240,169.6,-0.05671475962502446,,9,1,val,current_repo_v1
4241,169.64,2.213217164515689,,9,1,val,current_repo_v1
4242,169.68,0.4878673302387995,,9,1,val,current_repo_v1
4243,169.72,0.7212240157960074,,9,1,val,current_repo_v1
4244,169.76,1.090590510258229,,9,1,val,current_repo_v1
4245,169.8,1.0860249320188118,,9,1,val,current_repo_v1
4246,169.84,1.0569361202586125,,9,1,val,current_repo_v1
4247,169.88,1.3504332784240503,,9,1,val,current_repo_v1
4248,169.92,0.6861390714747974,,9,1,val,current_repo_v1
4249,169.96,0.4055537025897665,,9,1,val,current_repo_v1
4250,170.0,0.06415155083526682,,9,1,val,current_repo_v1
4251,170.04,-0.39366067228188123,,9,1,val,current_repo_v1
4252,170.08,-0.5008632554942054,,9,1,val,current_repo_v1
4253,170.12,-0.4699248602143647,,9,1,val,current_repo_v1
4254,170.16,-0.4303684747890653,,9,1,val,current_repo_v1
4255,170.2,-0.40408719749524336,,9,1,val,current_repo_v1
4256,170.24,-0.43786895664108605,,9,1,val,current_repo_v1
4257,170.28,-0.6066584909608445,,9,1,val,current_repo_v1
4258,170.32,-0.443121507786583,,9,1,val,current_repo_v1
4259,170.36,-0.533097092332557,,9,1,val,current_repo_v1
4260,170.4,-0.6855209415072914,,9,1,val,current_repo_v1
4261,170.44,-0.9133505295031802,,9,1,val,current_repo_v1
4262,170.48,-0.8944314413177062,,9,1,val,current_repo_v1
4263,170.52,-1.0248382215218172,,9,1,val,current_repo_v1
4264,170.56,-1.1007962574298669,,9,1,val,current_repo_v1
4265,170.6,-0.7211770200523264,,9,1,val,current_repo_v1
4266,170.64,-0.9866261182729452,,9,1,val,current_repo_v1
4267,170.68,-1.1794855810941172,,9,1,val,current_repo_v1
4268,170.72,-1.344323054956376,,9,1,val,current_repo_v1
4269,170.76,-1.4140075474775957,,9,1,val,current_repo_v1
4270,170.8,-1.358904164123896,,9,1,val,current_repo_v1
4271,170.84,-1.5388355250924743,,9,1,val,current_repo_v1
4272,170.88,-1.4668994121162602,,9,1,val,current_repo_v1
4273,170.92,-1.391701755689131,,9,1,val,current_repo_v1
4274,170.96,-1.6949059623907823,,9,1,val,current_repo_v1
4275,171.0,-1.546960157027927,,9,1,val,current_repo_v1
4276,171.04,-1.5615867083608244,,9,1,val,current_repo_v1
4277,171.08,-1.5563128926122982,,9,1,val,current_repo_v1
4278,171.12,-1.1937688887205846,,9,1,val,current_repo_v1
4279,171.16,-1.1583663347349522,,9,1,val,current_repo_v1
4280,171.2,-0.8386389488877594,,9,1,val,current_repo_v1
4281,171.24,-0.973934451618416,,9,1,val,current_repo_v1
4282,171.28,-0.6622780507058829,,9,1,val,current_repo_v1
4283,171.32,-0.5530543106700243,,9,1,val,current_repo_v1
4284,171.36,-0.39643305703914195,,9,1,val,current_repo_v1
4285,171.4,-0.1367468118873986,,9,1,val,current_repo_v1
4286,171.44,-0.12549205951564282,,9,1,val,current_repo_v1
4287,171.48,0.06095344921085505,,9,1,val,current_repo_v1
4288,171.52,-0.1943558500233765,,9,1,val,current_repo_v1
4289,171.56,0.10629291456630162,,9,1,val,current_repo_v1
4290,171.6,-0.19659746931804223,,9,1,val,current_repo_v1
4291,171.64,-0.08002659046365088,,9,1,val,current_repo_v1
4292,171.68,0.3214284569908839,,9,1,val,current_repo_v1
4293,171.72,-0.2235393329614455,,9,1,val,current_repo_v1
4294,171.76,0.1449214010751733,,9,1,val,current_repo_v1
4295,171.8,-0.4390462291498868,,9,1,val,current_repo_v1
4296,171.84,-0.2064511853559709,,9,1,val,current_repo_v1
4297,171.88,-0.241214660341661,,9,1,val,current_repo_v1
4298,171.92,-0.2247699854497682,,9,1,val,current_repo_v1
4299,171.96,-0.21394994370706116,,9,1,val,current_repo_v1
4300,172.0,-0.07274292988361271,,9,1,val,current_repo_v1
4301,172.04,-0.005336256245263406,,9,1,val,current_repo_v1
4302,172.08,-0.14374810961077522,,9,1,val,current_repo_v1
4303,172.12,-0.22569453446297896,,9,1,val,current_repo_v1
4304,172.16,0.12575864384265942,,9,1,val,current_repo_v1
4305,172.2,0.34582764699399593,,9,1,val,current_repo_v1
4306,172.24,0.0604205475780928,,9,1,val,current_repo_v1
4307,172.28,-0.1724502017467075,,9,1,val,current_repo_v1
4308,172.32,-0.22617167719944206,,9,1,val,current_repo_v1
4309,172.36,-0.5072129727672288,,9,1,val,current_repo_v1
4310,172.4,-0.12113228185211779,,9,1,val,current_repo_v1
4311,172.44,0.142297577243185,,9,1,val,current_repo_v1
4312,172.48,0.23810575595906516,,9,1,val,current_repo_v1
4313,172.52,0.31644586435028144,,9,1,val,current_repo_v1
4314,172.56,0.15011964980403067,,9,1,val,current_repo_v1
4315,172.6,0.05361903031468214,,9,1,val,current_repo_v1
4316,172.64,0.3221455304765941,,9,1,val,current_repo_v1
4317,172.68,0.7459603808403014,,9,1,val,current_repo_v1
4318,172.72,0.6354404710061021,,9,1,val,current_repo_v1
4319,172.76,0.2614064932776181,,9,1,val,current_repo_v1
4320,172.8,0.1927753753954949,,9,1,val,current_repo_v1
4321,172.84,0.18281026293827293,,9,1,val,current_repo_v1
4322,172.88,0.22589734925556898,,9,1,val,current_repo_v1
4323,172.92,0.40097166613019664,,9,1,val,current_repo_v1
4324,172.96,0.38924549984197193,,9,1,val,current_repo_v1
4325,173.0,-0.22157344954099042,,9,1,val,current_repo_v1
4326,173.04,0.12550099259088798,,9,1,val,current_repo_v1
4327,173.08,0.12952510024221256,,9,1,val,current_repo_v1
4328,173.12,0.1917477076223892,,9,1,val,current_repo_v1
4329,173.16,-0.01912896993874532,,9,1,val,current_repo_v1
4330,173.2,0.16545803129586395,,9,1,val,current_repo_v1
4331,173.24,-0.19239574397223755,,9,1,val,current_repo_v1
4332,173.28,-0.6439190274988215,,9,1,val,current_repo_v1
4333,173.32,-0.8644535943733278,,9,1,val,current_repo_v1
4334,173.36,-1.1382613808106863,,9,1,val,current_repo_v1
4335,173.4,-0.8484119274032279,,9,1,val,current_repo_v1
4336,173.44,-0.04397770238877229,,9,1,val,current_repo_v1
4337,173.48,0.3673887407325413,,9,1,val,current_repo_v1
4338,173.52,0.13918653669042186,,9,1,val,current_repo_v1
4339,173.56,-0.005249547156199189,,9,1,val,current_repo_v1
4340,173.6,-0.39695328729886625,,9,1,val,current_repo_v1
4341,173.64,-0.17573398078709132,,9,1,val,current_repo_v1
4342,173.68,-0.41033440287489664,,9,1,val,current_repo_v1
4343,173.72,-0.45762741405434904,,9,1,val,current_repo_v1
4344,173.76,-0.47670880262321697,,9,1,val,current_repo_v1
4345,173.8,-0.41511000548121846,,9,1,val,current_repo_v1
4346,173.84,-0.5185651150788854,,9,1,val,current_repo_v1
4347,173.88,-0.677931905691971,,9,1,val,current_repo_v1
4348,173.92,-0.8449944435300989,,9,1,val,current_repo_v1
4349,173.96,-0.7269711874338819,,9,1,val,current_repo_v1
4350,174.0,-0.8114896825408385,,9,1,val,current_repo_v1
4351,174.04,-0.8488361513787279,,9,1,val,current_repo_v1
4352,174.08,-0.5951664295032287,,9,1,val,current_repo_v1
4353,174.12,-0.5990393545658939,,9,1,val,current_repo_v1
4354,174.16,-0.44942340397745173,,9,1,val,current_repo_v1
4355,174.2,-0.7134399088049536,,9,1,val,current_repo_v1
4356,174.24,-0.6973189122427311,,9,1,val,current_repo_v1
4357,174.28,-0.30791099064406013,,9,1,val,current_repo_v1
4358,174.32,-0.5536261245843571,,9,1,val,current_repo_v1
4359,174.36,-0.5643522233890242,,9,1,val,current_repo_v1
4360,174.4,-0.6277390920597098,,9,1,val,current_repo_v1
4361,174.44,-0.9225853873337732,,9,1,val,current_repo_v1
4362,174.48,-1.0252304029448076,,9,1,val,current_repo_v1
4363,174.52,-1.0783449147740927,,9,1,val,current_repo_v1
4364,174.56,-0.8830065235723951,,9,1,val,current_repo_v1
4365,174.6,-1.0108785436756984,,9,1,val,current_repo_v1
4366,174.64,-0.9786715060630821,,9,1,val,current_repo_v1
4367,174.68,-1.5555127997859945,,9,1,val,current_repo_v1
4368,174.72,-1.6883453954123804,,9,1,val,current_repo_v1
4369,174.76,-1.1419236503652608,,9,1,val,current_repo_v1
4370,174.8,-1.290824615088838,,9,1,val,current_repo_v1
4371,174.84,-1.3622529992557388,,9,1,val,current_repo_v1
4372,174.88,-1.4090946473887018,,9,1,val,current_repo_v1
4373,174.92,-1.725294924993725,,9,1,val,current_repo_v1
4374,174.96,-1.440331281153493,,9,1,val,current_repo_v1
4375,175.0,-1.4673226651053204,,9,1,val,current_repo_v1
4376,175.04,-1.5955586109262192,,9,1,val,current_repo_v1
4377,175.08,-1.3122849689842657,,9,1,val,current_repo_v1
4378,175.12,-0.6702490725865768,,9,1,val,current_repo_v1
4379,175.16,-0.23965617855663837,,9,1,val,current_repo_v1
4380,175.2,-0.5066955826428406,,9,1,val,current_repo_v1
4381,175.24,-0.5823492628513697,,9,1,val,current_repo_v1
4382,175.28,-0.4706892692890097,,9,1,val,current_repo_v1
4383,175.32,-0.5530187725663317,,9,1,val,current_repo_v1
4384,175.36,-0.5670647225576171,,9,1,val,current_repo_v1
4385,175.4,-0.7135170536775869,,9,1,val,current_repo_v1
4386,175.44,-0.6817218599633647,,9,1,val,current_repo_v1
4387,175.48,-0.06637952170178968,,9,1,val,current_repo_v1
4388,175.52,0.1833159526760629,,9,1,val,current_repo_v1
4389,175.56,0.13603726354659593,,9,1,val,current_repo_v1
4390,175.6,0.021062801703692808,,9,1,val,current_repo_v1
4391,175.64,0.19135314728262162,,9,1,val,current_repo_v1
4392,175.68,-0.08355928187784893,,9,1,val,current_repo_v1
4393,175.72,0.3614219805113312,,9,1,val,current_repo_v1
4394,175.76,0.10321343107282835,,9,1,val,current_repo_v1
4395,175.8,0.14353206512794445,,9,1,val,current_repo_v1
4396,175.84,0.05765398873947026,,9,1,val,current_repo_v1
4397,175.88,0.16769503840494115,,9,1,val,current_repo_v1
4398,175.92,0.08396954185461324,,9,1,val,current_repo_v1
4399,175.96,-0.32241294014208444,,9,1,val,current_repo_v1
4400,176.0,-0.5076554027384731,,9,1,val,current_repo_v1
4401,176.04,-0.7180865158627627,,9,1,val,current_repo_v1
4402,176.08,-0.9248534174595985,,9,1,val,current_repo_v1
4403,176.12,-0.712758179225648,,9,1,val,current_repo_v1
4404,176.16,-0.9051497722308559,,9,1,val,current_repo_v1
4405,176.2,-0.6095608665277185,,9,1,val,current_repo_v1
4406,176.24,-0.5906736266974664,,9,1,val,current_repo_v1
4407,176.28,-0.2598894483389092,,9,1,val,current_repo_v1
4408,176.32,-0.3123232501246504,,9,1,val,current_repo_v1
4409,176.36,-0.3426886663064307,,9,1,val,current_repo_v1
4410,176.4,-0.41588427006822637,,9,1,val,current_repo_v1
4411,176.44,-0.45902825619088816,,9,1,val,current_repo_v1
4412,176.48,-0.5009695299600293,,9,1,val,current_repo_v1
4413,176.52,-0.37219160378315735,,9,1,val,current_repo_v1
4414,176.56,-0.2619751757606829,,9,1,val,current_repo_v1
4415,176.6,-0.44050916586924405,,9,1,val,current_repo_v1
4416,176.64,-0.6006348309342686,,9,1,val,current_repo_v1
4417,176.68,-0.4880462830396342,,9,1,val,current_repo_v1
4418,176.72,-0.49765594163594706,,9,1,val,current_repo_v1
4419,176.76,-0.7991148973109016,,9,1,val,current_repo_v1
4420,176.8,-0.3833140592525055,,9,1,val,current_repo_v1
4421,176.84,-0.07119102653171896,,9,1,val,current_repo_v1
4422,176.88,0.5158591215194385,,9,1,val,current_repo_v1
4423,176.92,0.3057996049056177,,9,1,val,current_repo_v1
4424,176.96,-0.11802721286595871,,9,1,val,current_repo_v1
4425,177.0,0.20733179723278575,,9,1,val,current_repo_v1
4426,177.04,0.04293851932335839,,9,1,val,current_repo_v1
4427,177.08,-0.24515873443569425,,9,1,val,current_repo_v1
4428,177.12,-0.5074258129948086,,9,1,val,current_repo_v1
4429,177.16,-0.5182162882004271,,9,1,val,current_repo_v1
4430,177.2,-0.7902519272867095,,9,1,val,current_repo_v1
4431,177.24,-0.8233075584982918,,9,1,val,current_repo_v1
4432,177.28,-0.6930510384457226,,9,1,val,current_repo_v1
4433,177.32,-0.25440679768186697,,9,1,val,current_repo_v1
4434,177.36,-0.26809171064021503,,9,1,val,current_repo_v1
4435,177.4,-0.37756463007115876,,9,1,val,current_repo_v1
4436,177.44,-0.3902234288347046,,9,1,val,current_repo_v1
4437,177.48,-0.38384234869967926,,9,1,val,current_repo_v1
4438,177.52,-0.375263610681045,,9,1,val,current_repo_v1
4439,177.56,-0.6701326027631361,,9,1,val,current_repo_v1
4440,177.6,-0.6353595392863541,,9,1,val,current_repo_v1
4441,177.64,-0.46455011042543287,,9,1,val,current_repo_v1
4442,177.68,-0.5254132396914011,,9,1,val,current_repo_v1
4443,177.72,-0.5829986585822335,,9,1,val,current_repo_v1
4444,177.76,-0.48067115553697737,,9,1,val,current_repo_v1
4445,177.8,-0.2503657463171698,,9,1,val,current_repo_v1
4446,177.84,-0.19080854526326113,,9,1,val,current_repo_v1
4447,177.88,-0.3427017746233665,,9,1,val,current_repo_v1
4448,177.92,-0.16600469666140877,,9,1,val,current_repo_v1
4449,177.96,-0.15669750034105898,,9,1,val,current_repo_v1
4450,178.0,-0.4373162226102931,,9,1,val,current_repo_v1
4451,178.04,-0.2814103917881735,,9,1,val,current_repo_v1
4452,178.08,-0.4941834513810097,,9,1,val,current_repo_v1
4453,178.12,-0.6116448947232227,,9,1,val,current_repo_v1
4454,178.16,-0.2990216097887085,,9,1,val,current_repo_v1
4455,178.2,-0.056845066005230704,,9,1,val,current_repo_v1
4456,178.24,-0.22499459888792922,,9,1,val,current_repo_v1
4457,178.28,-0.23039340486590434,,9,1,val,current_repo_v1
4458,178.32,-0.1001344816218969,,9,1,val,current_repo_v1
4459,178.36,-0.31216269751684783,,9,1,val,current_repo_v1
4460,178.4,-0.4793618288723789,,9,1,val,current_repo_v1
4461,178.44,-0.5862256349158956,,9,1,val,current_repo_v1
4462,178.48,-0.3667332763364293,,9,1,val,current_repo_v1
4463,178.52,-0.6152440987085395,,9,1,val,current_repo_v1
4464,178.56,-0.4641337514400943,,9,1,val,current_repo_v1
4465,178.6,-0.6295008984052033,,9,1,val,current_repo_v1
4466,178.64,-0.4135264236967299,,9,1,val,current_repo_v1
4467,178.68,-0.5380735434839284,,9,1,val,current_repo_v1
4468,178.72,-0.5904552032978584,,9,1,val,current_repo_v1
4469,178.76,-0.6262474626910598,,9,1,val,current_repo_v1
4470,178.8,-0.5855350693599889,,9,1,val,current_repo_v1
4471,178.84,-0.5620723472286347,,9,1,val,current_repo_v1
4472,178.88,-0.4945764581424738,,9,1,val,current_repo_v1
4473,178.92,-0.4011507160296753,,9,1,val,current_repo_v1
4474,178.96,-0.34805652209164073,,9,1,val,current_repo_v1
4475,179.0,-0.476677536859859,,9,1,val,current_repo_v1
4476,179.04,-0.6162587309886923,,9,1,val,current_repo_v1
4477,179.08,-0.47728051943890576,,9,1,val,current_repo_v1
4478,179.12,-0.40257335681178547,,9,1,val,current_repo_v1
4479,179.16,-0.6666731237264906,,9,1,val,current_repo_v1
4480,179.2,-0.2324455847061868,,9,1,val,current_repo_v1
4481,179.24,-0.3369273910905197,,9,1,val,current_repo_v1
4482,179.28,-0.3263701953770365,,9,1,val,current_repo_v1
4483,179.32,-0.5274799843282789,,9,1,val,current_repo_v1
4484,179.36,-0.38934864287652793,,9,1,val,current_repo_v1
4485,179.4,-0.5005089425423629,,9,1,val,current_repo_v1
4486,179.44,-0.6989054555358607,,9,1,val,current_repo_v1
4487,179.48,-0.48305230558302636,,9,1,val,current_repo_v1
4488,179.52,-0.2569368727731033,,9,1,val,current_repo_v1
4489,179.56,-0.42037275198433216,,9,1,val,current_repo_v1
4490,179.6,-0.5858844302809889,,9,1,val,current_repo_v1
4491,179.64,-0.262589785902345,,9,1,val,current_repo_v1
4492,179.68,-0.4764137198441955,,9,1,val,current_repo_v1
4493,179.72,-0.0312319032402303,,9,1,val,current_repo_v1
4494,179.76,0.07577109067508318,,9,1,val,current_repo_v1
4495,179.8,-0.007937261895918993,,9,1,val,current_repo_v1
4496,179.84,0.3994903777671293,,9,1,val,current_repo_v1
4497,179.88,0.26748916500506614,,9,1,val,current_repo_v1
4498,179.92,0.20226907393624793,,9,1,val,current_repo_v1
4499,179.96,0.20002352214650146,,9,1,val,current_repo_v1
4500,180.0,0.20576197918107975,,9,1,val,current_repo_v1
4501,180.04,0.4502550053137233,,9,1,val,current_repo_v1
4502,180.08,-0.036511447808750624,,9,1,val,current_repo_v1
4503,180.12,-0.0750287290612843,,9,1,val,current_repo_v1
4504,180.16,-0.19729400644055306,,9,1,val,current_repo_v1
4505,180.2,-0.38001950226264114,,9,1,val,current_repo_v1
4506,180.24,-0.08574667157985805,,9,1,val,current_repo_v1
4507,180.28,0.0044144138567532845,,9,1,val,current_repo_v1
4508,180.32,0.11832336373006383,,9,1,val,current_repo_v1
4509,180.36,0.2303697856207589,,9,1,val,current_repo_v1
4510,180.4,-0.05423486025805906,,9,1,val,current_repo_v1
4511,180.44,0.07686345041973316,,9,1,val,current_repo_v1
4512,180.48,0.1471721476423721,,9,1,val,current_repo_v1
4513,180.52,0.20745673891291272,,9,1,val,current_repo_v1
4514,180.56,0.10781321230958349,,9,1,val,current_repo_v1
4515,180.6,0.06838008754413741,,9,1,val,current_repo_v1
4516,180.64,-0.08242968480323688,,9,1,val,current_repo_v1
4517,180.68,0.2177513798931041,,9,1,val,current_repo_v1
4518,180.72,0.4145343561704489,,9,1,val,current_repo_v1
4519,180.76,0.476012750993926,,9,1,val,current_repo_v1
4520,180.8,0.13217829641400142,,9,1,val,current_repo_v1
4521,180.84,0.21861623751493497,,9,1,val,current_repo_v1
4522,180.88,-0.02280145912559758,,9,1,val,current_repo_v1
4523,180.92,-0.38469931705668764,,9,1,val,current_repo_v1
4524,180.96,-0.509375359568416,,9,1,val,current_repo_v1
4525,181.0,-0.38395986233354257,,9,1,val,current_repo_v1
4526,181.04,-0.2931474331245227,,9,1,val,current_repo_v1
4527,181.08,-0.38836479086651315,,9,1,val,current_repo_v1
4528,181.12,-0.19304392597005188,,9,1,val,current_repo_v1
4529,181.16,-0.290481201459781,,9,1,val,current_repo_v1
4530,181.2,-0.22509470758986116,,9,1,val,current_repo_v1
4531,181.24,-0.042790865663540574,,9,1,val,current_repo_v1
4532,181.28,-0.04980536880249699,,9,1,val,current_repo_v1
4533,181.32,-0.2604067899139755,,9,1,val,current_repo_v1
4534,181.36,-0.2745637964793003,,9,1,val,current_repo_v1
4535,181.4,-0.09930368134943811,,9,1,val,current_repo_v1
4536,181.44,0.1777516663341038,,9,1,val,current_repo_v1
4537,181.48,0.2764411502111167,,9,1,val,current_repo_v1
4538,181.52,0.42898807191708166,,9,1,val,current_repo_v1
4539,181.56,0.5537620141365915,,9,1,val,current_repo_v1
4540,181.6,0.3808036951859949,,9,1,val,current_repo_v1
4541,181.64,0.5816950121883073,,9,1,val,current_repo_v1
4542,181.68,0.8403114730301234,,9,1,val,current_repo_v1
4543,181.72,1.1354734845450516,,9,1,val,current_repo_v1
4544,181.76,1.1603255911729564,,9,1,val,current_repo_v1
4545,181.8,1.3700957538277498,,9,1,val,current_repo_v1
4546,181.84,1.1322963198157456,,9,1,val,current_repo_v1
4547,181.88,0.8954044668289185,,9,1,val,current_repo_v1
4548,181.92,0.8498463656705803,,9,1,val,current_repo_v1
4549,181.96,1.0374505585842242,,9,1,val,current_repo_v1
4550,182.0,1.1906440601603778,,9,1,val,current_repo_v1
4551,182.04,1.1007794593644602,,9,1,val,current_repo_v1
4552,182.08,0.8251834072011267,,9,1,val,current_repo_v1
4553,182.12,0.5551756732941346,,9,1,val,current_repo_v1
4554,182.16,0.6689951892476845,,9,1,val,current_repo_v1
4555,182.2,0.5155917118539481,,9,1,val,current_repo_v1
4556,182.24,0.5660866964662405,,9,1,val,current_repo_v1
4557,182.28,0.43393845208254744,,9,1,val,current_repo_v1
4558,182.32,0.3243535779151076,,9,1,val,current_repo_v1
4559,182.36,0.3403205032040125,,9,1,val,current_repo_v1
4560,182.4,0.07330264894810612,,9,1,val,current_repo_v1
4561,182.44,-0.1450411965271699,,9,1,val,current_repo_v1
4562,182.48,0.08774347484975198,,9,1,val,current_repo_v1
4563,182.52,0.2680150755354626,,9,1,val,current_repo_v1
4564,182.56,0.9446368777736834,,9,1,val,current_repo_v1
4565,182.6,0.5206710390186046,,9,1,val,current_repo_v1
4566,182.64,0.33649005879808386,,9,1,val,current_repo_v1
4567,182.68,0.012249643283856719,,9,1,val,current_repo_v1
4568,182.72,-0.015839052443463102,,9,1,val,current_repo_v1
4569,182.76,0.19482767660908232,,9,1,val,current_repo_v1
4570,182.8,0.4889202679339982,,9,1,val,current_repo_v1
4571,182.84,0.8590262656686868,,9,1,val,current_repo_v1
4572,182.88,0.7190291980477347,,9,1,val,current_repo_v1
4573,182.92,0.17319560376179566,,9,1,val,current_repo_v1
4574,182.96,-0.05938378287578025,,9,1,val,current_repo_v1
4575,183.0,-0.31262789712010275,,9,1,val,current_repo_v1
4576,183.04,-0.5503540944798936,,9,1,val,current_repo_v1
4577,183.08,-0.2929919053715455,,9,1,val,current_repo_v1
4578,183.12,-0.2326565072355482,,9,1,val,current_repo_v1
4579,183.16,-0.5843712935626998,,9,1,val,current_repo_v1
4580,183.2,-1.1567846949233431,,9,1,val,current_repo_v1
4581,183.24,-0.9770110221525701,,9,1,val,current_repo_v1
4582,183.28,-0.7285559344020981,,9,1,val,current_repo_v1
4583,183.32,-0.5324592513403255,,9,1,val,current_repo_v1
4584,183.36,0.07817051954085935,,9,1,val,current_repo_v1
4585,183.4,-0.3383491822594952,,9,1,val,current_repo_v1
4586,183.44,-0.2096683061772701,,9,1,val,current_repo_v1
4587,183.48,-0.8182587203078415,,9,1,val,current_repo_v1
4588,183.52,-0.7469154916517013,,9,1,val,current_repo_v1
4589,183.56,-0.7998496912991362,,9,1,val,current_repo_v1
4590,183.6,-0.4075550512899312,,9,1,val,current_repo_v1
4591,183.64,-0.3043143354981476,,9,1,val,current_repo_v1
4592,183.68,-0.7578882695613715,,9,1,val,current_repo_v1
4593,183.72,-0.6314467066810179,,9,1,val,current_repo_v1
4594,183.76,-0.8775098664359603,,9,1,val,current_repo_v1
4595,183.8,-0.7106398752088228,,9,1,val,current_repo_v1
4596,183.84,-0.6237227522999027,,9,1,val,current_repo_v1
4597,183.88,0.0998459833446696,,9,1,val,current_repo_v1
4598,183.92,0.005701650579848828,,9,1,val,current_repo_v1
4599,183.96,-0.058097298667175466,,9,1,val,current_repo_v1
4600,184.0,-0.15868418714598442,,9,1,val,current_repo_v1
4601,184.04,-0.622517321184351,,9,1,val,current_repo_v1
4602,184.08,-0.6982326104824783,,9,1,val,current_repo_v1
4603,184.12,-0.512096451967,,9,1,val,current_repo_v1
4604,184.16,-0.07569545690009666,,9,1,val,current_repo_v1
4605,184.2,0.07745468406285971,,9,1,val,current_repo_v1
4606,184.24,0.6532409342637325,,9,1,val,current_repo_v1
4607,184.28,0.3961515437956151,,9,1,val,current_repo_v1
4608,184.32,0.5954753488390158,,9,1,val,current_repo_v1
4609,184.36,0.4427263648549516,,9,1,val,current_repo_v1
4610,184.4,0.2862364856893591,,9,1,val,current_repo_v1
4611,184.44,0.47549521522157184,,9,1,val,current_repo_v1
4612,184.48,0.7132696948820761,,9,1,val,current_repo_v1
4613,184.52,0.6129288786417453,,9,1,val,current_repo_v1
4614,184.56,0.602418824319909,,9,1,val,current_repo_v1
4615,184.6,0.8380104293653488,,9,1,val,current_repo_v1
4616,184.64,0.8546774116026082,,9,1,val,current_repo_v1
4617,184.68,1.1965962070356706,,9,1,val,current_repo_v1
4618,184.72,0.9758645784632295,,9,1,val,current_repo_v1
4619,184.76,0.8173900758388959,,9,1,val,current_repo_v1
4620,184.8,0.8854072875445258,,9,1,val,current_repo_v1
4621,184.84,0.8669637885172115,,9,1,val,current_repo_v1
4622,184.88,0.6800006894003722,,9,1,val,current_repo_v1
4623,184.92,0.4078923719790791,,9,1,val,current_repo_v1
4624,184.96,0.540381432603103,,9,1,val,current_repo_v1
4625,185.0,0.7513372182500785,,9,1,val,current_repo_v1
4626,185.04,0.9574550639613042,,9,1,val,current_repo_v1
4627,185.08,0.7539482007864019,,9,1,val,current_repo_v1
4628,185.12,0.3238274003634402,,9,1,val,current_repo_v1
4629,185.16,0.4116789763472558,,9,1,val,current_repo_v1
4630,185.2,0.7059726832384923,,9,1,val,current_repo_v1
4631,185.24,0.9444478267138761,,9,1,val,current_repo_v1
4632,185.28,1.1979358770265094,,9,1,val,current_repo_v1
4633,185.32,0.8406742335639912,,9,1,val,current_repo_v1
4634,185.36,0.8427419491873086,,9,1,val,current_repo_v1
4635,185.4,0.8965977120646521,,9,1,val,current_repo_v1
4636,185.44,0.32852624649170464,,9,1,val,current_repo_v1
4637,185.48,1.049822479404164,,9,1,val,current_repo_v1
4638,185.52,1.107352746265222,,9,1,val,current_repo_v1
4639,185.56,0.6950042747678007,,9,1,val,current_repo_v1
4640,185.6,0.6825134566583211,,9,1,val,current_repo_v1
4641,185.64,1.0311230283513475,,9,1,val,current_repo_v1
4642,185.68,0.9007288709709524,,9,1,val,current_repo_v1
4643,185.72,1.1578188925802557,,9,1,val,current_repo_v1
4644,185.76,1.1643566413773248,,9,1,val,current_repo_v1
4645,185.8,0.7704462313831556,,9,1,val,current_repo_v1
4646,185.84,-0.6433199288655335,,9,1,val,current_repo_v1
4647,185.88,-1.034720338913107,,9,1,val,current_repo_v1
4648,185.92,-0.4876156020043102,,9,1,val,current_repo_v1
4649,185.96,0.4095583419629753,,9,1,val,current_repo_v1
4650,186.0,0.7261610934472494,,9,1,val,current_repo_v1
4651,186.04,0.9628901605574627,,9,1,val,current_repo_v1
4652,186.08,1.4476130968592957,,9,1,val,current_repo_v1
4653,186.12,1.8943469654974534,,9,1,val,current_repo_v1
4654,186.16,1.6021743299343953,,9,1,val,current_repo_v1
4655,186.2,1.6978494106840551,,9,1,val,current_repo_v1
4656,186.24,1.4714633396787298,,9,1,val,current_repo_v1
4657,186.28,1.3256620549665714,,9,1,val,current_repo_v1
4658,186.32,1.283374624531681,,9,1,val,current_repo_v1
4659,186.36,0.8691086975624842,,9,1,val,current_repo_v1
4660,186.4,0.8826411413751402,,9,1,val,current_repo_v1
4661,186.44,0.8636468017405903,,9,1,val,current_repo_v1
4662,186.48,0.9060158921350584,,9,1,val,current_repo_v1
4663,186.52,1.1778650047262764,,9,1,val,current_repo_v1
4664,186.56,1.1390907003288246,,9,1,val,current_repo_v1
4665,186.6,1.3295283287721245,,9,1,val,current_repo_v1
4666,186.64,1.2426782524768651,,9,1,val,current_repo_v1
4667,186.68,1.1748444601096923,,9,1,val,current_repo_v1
4668,186.72,1.157976677876705,,9,1,val,current_repo_v1
4669,186.76,1.207377943363332,,9,1,val,current_repo_v1
4670,186.8,0.580478754573953,,9,1,val,current_repo_v1
4671,186.84,0.784735753322837,,9,1,val,current_repo_v1
4672,186.88,0.7203432339965656,,9,1,val,current_repo_v1
4673,186.92,0.49852342092116514,,9,1,val,current_repo_v1
4674,186.96,0.9184588891623834,,9,1,val,current_repo_v1
4675,187.0,0.9068776426002823,,9,1,val,current_repo_v1
4676,187.04,0.6874379600351691,,9,1,val,current_repo_v1
4677,187.08,1.4408518269838102,,9,1,val,current_repo_v1
4678,187.12,1.3360319959451605,,9,1,val,current_repo_v1
4679,187.16,1.462025060189022,,9,1,val,current_repo_v1
4680,187.2,1.099975094197822,,9,1,val,current_repo_v1
4681,187.24,0.9898192071798622,,9,1,val,current_repo_v1
4682,187.28,1.7461818142978724,,9,1,val,current_repo_v1
4683,187.32,2.731205999142619,,9,1,val,current_repo_v1
4684,187.36,2.5186199758127277,,9,1,val,current_repo_v1
4685,187.4,0.6019459053744585,,9,1,val,current_repo_v1
4686,187.44,0.20343853000420922,,9,1,val,current_repo_v1
4687,187.48,-0.6366914899349974,,9,1,val,current_repo_v1
4688,187.52,-1.4473499595341401,,9,1,val,current_repo_v1
4689,187.56,-2.3810958650056975,,9,1,val,current_repo_v1
4690,187.6,-1.8216878560182468,,9,1,val,current_repo_v1
4691,187.64,-1.9506373797736727,,9,1,val,current_repo_v1
4692,187.68,-2.3446201768069206,,9,1,val,current_repo_v1
4693,187.72,-2.3955420070581006,,9,1,val,current_repo_v1
4694,187.76,-1.757954830681812,,9,1,val,current_repo_v1
4695,187.8,-1.878050705882867,,9,1,val,current_repo_v1
4696,187.84,-2.884704778855411,,9,1,val,current_repo_v1
4697,187.88,-2.7416714851868735,,9,1,val,current_repo_v1
4698,187.92,-2.6258990242071776,,9,1,val,current_repo_v1
4699,187.96,-1.7917022411823507,,9,1,val,current_repo_v1
4700,188.0,-2.4445927464399997,,9,1,val,current_repo_v1
4701,188.04,-2.1121514583488086,,9,1,val,current_repo_v1
4702,188.08,-2.21767030252539,,9,1,val,current_repo_v1
4703,188.12,-1.3268575334711163,,9,1,val,current_repo_v1
4704,188.16,-1.3962382043353574,,9,1,val,current_repo_v1
4705,188.2,-2.215703472393156,,9,1,val,current_repo_v1
4706,188.24,-1.1076639474191423,,9,1,val,current_repo_v1
4707,188.28,0.7164000580649891,,9,1,val,current_repo_v1
4708,188.32,1.5853962668484354,,9,1,val,current_repo_v1
4709,188.36,0.7255408273095763,,9,1,val,current_repo_v1
4710,188.4,0.15403522544605902,,9,1,val,current_repo_v1
4711,188.44,-0.9309286854154438,,9,1,val,current_repo_v1
4712,188.48,-0.07610749499577864,,9,1,val,current_repo_v1
4713,188.52,1.0115014314767587,,9,1,val,current_repo_v1
4714,188.56,1.5237275586827792,,9,1,val,current_repo_v1
4715,188.6,1.6995569874368919,,9,1,val,current_repo_v1
4716,188.64,0.812374493934005,,9,1,val,current_repo_v1
4717,188.68,0.11524426863116644,,9,1,val,current_repo_v1
4718,188.72,0.14072834178334281,,9,1,val,current_repo_v1
4719,188.76,-0.8155304426096037,,9,1,val,current_repo_v1
4720,188.8,-0.015892480972306982,,9,1,val,current_repo_v1
4721,188.84,0.8764694544658337,,9,1,val,current_repo_v1
4722,188.88,0.9259964626964002,,9,1,val,current_repo_v1
4723,188.92,1.1608809954164585,,9,1,val,current_repo_v1
4724,188.96,1.5479752262519777,,9,1,val,current_repo_v1
4725,189.0,1.6377925400082824,,9,1,val,current_repo_v1
4726,189.04,1.6929822440564706,,9,1,val,current_repo_v1
4727,189.08,1.5642831377038404,,9,1,val,current_repo_v1
4728,189.12,1.1833858394250596,,9,1,val,current_repo_v1
4729,189.16,1.332173295833837,,9,1,val,current_repo_v1
4730,189.2,1.5220560055268548,,9,1,val,current_repo_v1
4731,189.24,1.2771091403323007,,9,1,val,current_repo_v1
4732,189.28,0.8254629541971131,,9,1,val,current_repo_v1
4733,189.32,0.9193545270543524,,9,1,val,current_repo_v1
4734,189.36,0.7991425704244327,,9,1,val,current_repo_v1
4735,189.4,1.0218984629770154,,9,1,val,current_repo_v1
4736,189.44,1.1003580512496354,,9,1,val,current_repo_v1
4737,189.48,0.8356113160701655,,9,1,val,current_repo_v1
4738,189.52,0.8974286822597379,,9,1,val,current_repo_v1
4739,189.56,0.6945999560143142,,9,1,val,current_repo_v1
4740,189.6,0.7811971874406788,,9,1,val,current_repo_v1
4741,189.64,0.7196104790798544,,9,1,val,current_repo_v1
4742,189.68,0.382526079482037,,9,1,val,current_repo_v1
4743,189.72,0.377270324081289,,9,1,val,current_repo_v1
4744,189.76,-0.038714640315065676,,9,1,val,current_repo_v1
4745,189.8,-0.250920640792791,,9,1,val,current_repo_v1
4746,189.84,0.24003670814235245,,9,1,val,current_repo_v1
4747,189.88,0.00989420010379845,,9,1,val,current_repo_v1
4748,189.92,-0.013539246786399005,,9,1,val,current_repo_v1
4749,189.96,0.24916791317050863,,9,1,val,current_repo_v1
4750,190.0,0.7855292434413507,,9,1,val,current_repo_v1
4751,190.04,0.7632971495236583,,9,1,val,current_repo_v1
4752,190.08,0.7712325362020157,,9,1,val,current_repo_v1
4753,190.12,0.6928415481213597,,9,1,val,current_repo_v1
4754,190.16,0.6640082514427644,,9,1,val,current_repo_v1
4755,190.2,0.6211574546755667,,9,1,val,current_repo_v1
4756,190.24,0.7877823203760048,,9,1,val,current_repo_v1
4757,190.28,0.6553230204863574,,9,1,val,current_repo_v1
4758,190.32,1.1413898020207198,,9,1,val,current_repo_v1
4759,190.36,1.1803904433572634,,9,1,val,current_repo_v1
4760,190.4,1.2562858506399528,,9,1,val,current_repo_v1
4761,190.44,1.2349782329114882,,9,1,val,current_repo_v1
4762,190.48,1.1393351947143382,,9,1,val,current_repo_v1
4763,190.52,1.6745447651450824,,9,1,val,current_repo_v1
4764,190.56,1.628590792815283,,9,1,val,current_repo_v1
4765,190.6,1.2137769381981696,,9,1,val,current_repo_v1
4766,190.64,1.2160181690982594,,9,1,val,current_repo_v1
4767,190.68,1.2045674231136525,,9,1,val,current_repo_v1
4768,190.72,1.3038708859911416,,9,1,val,current_repo_v1
4769,190.76,1.5472510645652577,,9,1,val,current_repo_v1
4770,190.8,1.4237864490103465,,9,1,val,current_repo_v1
4771,190.84,1.9780244406996734,,9,1,val,current_repo_v1
4772,190.88,1.915900534091091,,9,1,val,current_repo_v1
4773,190.92,1.3111895991816527,,9,1,val,current_repo_v1
4774,190.96,0.9858750602618459,,9,1,val,current_repo_v1
4775,191.0,1.2408660033858296,,9,1,val,current_repo_v1
4776,191.04,1.5580874674294736,,9,1,val,current_repo_v1
4777,191.08,1.796133434898515,,9,1,val,current_repo_v1
4778,191.12,1.497450529454631,,9,1,val,current_repo_v1
4779,191.16,1.5428986178493524,,9,1,val,current_repo_v1
4780,191.2,1.4441565793312914,,9,1,val,current_repo_v1
4781,191.24,1.7375243050043185,,9,1,val,current_repo_v1
4782,191.28,1.186707972429811,,9,1,val,current_repo_v1
4783,191.32,0.8979367023649831,,9,1,val,current_repo_v1
4784,191.36,1.2649486032602812,,9,1,val,current_repo_v1
4785,191.4,1.2191263937903476,,9,1,val,current_repo_v1
4786,191.44,1.3623908793301747,,9,1,val,current_repo_v1
4787,191.48,2.0162583911434386,,9,1,val,current_repo_v1
4788,191.52,2.0978946586521445,,9,1,val,current_repo_v1
4789,191.56,2.0059251534522695,,9,1,val,current_repo_v1
4790,191.6,1.8332567710525638,,9,1,val,current_repo_v1
4791,191.64,1.6639847050216021,,9,1,val,current_repo_v1
4792,191.68,1.358891152905604,,9,1,val,current_repo_v1
4793,191.72,1.6284092183510612,,9,1,val,current_repo_v1
4794,191.76,1.8308155169458982,,9,1,val,current_repo_v1
4795,191.8,1.6819741707897178,,9,1,val,current_repo_v1
4796,191.84,1.6688747869291631,,9,1,val,current_repo_v1
4797,191.88,1.6173314282579387,,9,1,val,current_repo_v1
4798,191.92,1.465998045404297,,9,1,val,current_repo_v1
4799,191.96,1.6820949615028151,,9,1,val,current_repo_v1
4800,192.0,1.7133407225401394,,9,1,val,current_repo_v1
4801,192.04,1.588508278387638,,9,1,val,current_repo_v1
4802,192.08,1.105345814393029,,9,1,val,current_repo_v1
4803,192.12,0.8798090652264996,,9,1,val,current_repo_v1
4804,192.16,1.102911551388729,,9,1,val,current_repo_v1
4805,192.2,1.3593496527024251,,9,1,val,current_repo_v1
4806,192.24,0.9399924554353636,,9,1,val,current_repo_v1
4807,192.28,1.170866425764931,,9,1,val,current_repo_v1
4808,192.32,0.8856152728399072,,9,1,val,current_repo_v1
4809,192.36,1.312580245960575,,9,1,val,current_repo_v1
4810,192.4,1.59698518420341,,9,1,val,current_repo_v1
4811,192.44,1.2011998479435235,,9,1,val,current_repo_v1
4812,192.48,1.139117693751848,,9,1,val,current_repo_v1
4813,192.52,1.0442129936434372,,9,1,val,current_repo_v1
4814,192.56,0.9368309235877367,,9,1,val,current_repo_v1
4815,192.6,1.2005544332570623,,9,1,val,current_repo_v1
4816,192.64,1.1936274159963218,,9,1,val,current_repo_v1
4817,192.68,1.4557852100316493,,9,1,val,current_repo_v1
4818,192.72,1.3396656213997644,,9,1,val,current_repo_v1
4819,192.76,1.1352174354209057,,9,1,val,current_repo_v1
4820,192.8,1.1839353206512795,,9,1,val,current_repo_v1
4821,192.84,1.6288298496767344,,9,1,val,current_repo_v1
4822,192.88,1.739333252741459,,9,1,val,current_repo_v1
4823,192.92,1.8011518812134029,,9,1,val,current_repo_v1
4824,192.96,1.7833855481291276,,9,1,val,current_repo_v1
4825,193.0,1.8370412877998952,,9,1,val,current_repo_v1
4826,193.04,1.879761001397735,,9,1,val,current_repo_v1
4827,193.08,1.7481641802131411,,9,1,val,current_repo_v1
4828,193.12,1.5645645295740622,,9,1,val,current_repo_v1
4829,193.16,1.719645920084903,,9,1,val,current_repo_v1
4830,193.2,1.7499977910058497,,9,1,val,current_repo_v1
4831,193.24,1.4719384433436695,,9,1,val,current_repo_v1
4832,193.28,1.500573901535178,,9,1,val,current_repo_v1
4833,193.32,1.5953830565779235,,9,1,val,current_repo_v1
4834,193.36,1.2613050737439926,,9,1,val,current_repo_v1
4835,193.4,1.2820379645988054,,9,1,val,current_repo_v1
4836,193.44,1.3333488691163684,,9,1,val,current_repo_v1
4837,193.48,1.2126575850304964,,9,1,val,current_repo_v1
4838,193.52,1.4694575729902644,,9,1,val,current_repo_v1
4839,193.56,1.6466900771497275,,9,1,val,current_repo_v1
4840,193.6,1.3733299154610656,,9,1,val,current_repo_v1
4841,193.64,1.2664173173489546,,9,1,val,current_repo_v1
4842,193.68,1.0798196489786922,,9,1,val,current_repo_v1
4843,193.72,1.0753027171599034,,9,1,val,current_repo_v1
4844,193.76,1.0679168117077662,,9,1,val,current_repo_v1
4845,193.8,1.32114774481117,,9,1,val,current_repo_v1
4846,193.84,1.419748698999544,,9,1,val,current_repo_v1
4847,193.88,1.3060354089624961,,9,1,val,current_repo_v1
4848,193.92,1.1176719046530155,,9,1,val,current_repo_v1
4849,193.96,1.1542891626746987,,9,1,val,current_repo_v1
4850,194.0,1.1076569563167766,,9,1,val,current_repo_v1
4851,194.04,1.0154787861310124,,9,1,val,current_repo_v1
4852,194.08,1.3513913507440911,,9,1,val,current_repo_v1
4853,194.12,1.5086059013642845,,9,1,val,current_repo_v1
4854,194.16,1.4813786648062566,,9,1,val,current_repo_v1
4855,194.2,1.6524449195804756,,9,1,val,current_repo_v1
4856,194.24,1.3244966770416569,,9,1,val,current_repo_v1
4857,194.28,1.2450475564883499,,9,1,val,current_repo_v1
4858,194.32,1.0443121313589294,,9,1,val,current_repo_v1
4859,194.36,0.7596781859642939,,9,1,val,current_repo_v1
4860,194.4,1.1142850068527368,,9,1,val,current_repo_v1
4861,194.44,1.1065719760690682,,9,1,val,current_repo_v1
4862,194.48,0.865429629942503,,9,1,val,current_repo_v1
4863,194.52,1.1209429637710395,,9,1,val,current_repo_v1
4864,194.56,1.434498565610282,,9,1,val,current_repo_v1
4865,194.6,1.2033904904501056,,9,1,val,current_repo_v1
4866,194.64,1.4008688386662336,,9,1,val,current_repo_v1
4867,194.68,1.5233143068540476,,9,1,val,current_repo_v1
4868,194.72,1.184416929925365,,9,1,val,current_repo_v1
4869,194.76,1.2091235827846045,,9,1,val,current_repo_v1
4870,194.8,1.306469536999681,,9,1,val,current_repo_v1
4871,194.84,1.1459359605313433,,9,1,val,current_repo_v1
4872,194.88,1.3036653281618595,,9,1,val,current_repo_v1
4873,194.92,1.2376875763741522,,9,1,val,current_repo_v1
4874,194.96,1.4656401398026275,,9,1,val,current_repo_v1
4875,195.0,1.6498675331749655,,9,1,val,current_repo_v1
4876,195.04,1.6384786390265667,,9,1,val,current_repo_v1
4877,195.08,1.925637780305579,,9,1,val,current_repo_v1
4878,195.12,1.693545998783354,,9,1,val,current_repo_v1
4879,195.16,1.4516048221128568,,9,1,val,current_repo_v1
4880,195.2,1.1655787249103173,,9,1,val,current_repo_v1
4881,195.24,1.2187210069517773,,9,1,val,current_repo_v1
4882,195.28,1.5358823669348045,,9,1,val,current_repo_v1
4883,195.32,1.314075856373628,,9,1,val,current_repo_v1
4884,195.36,1.1106502162144054,,9,1,val,current_repo_v1
4885,195.4,1.1549134098567746,,9,1,val,current_repo_v1
4886,195.44,1.618978027062363,,9,1,val,current_repo_v1
4887,195.48,1.4622726617311426,,9,1,val,current_repo_v1
4888,195.52,1.0254002284731092,,9,1,val,current_repo_v1
4889,195.56,0.42801771661857857,,9,1,val,current_repo_v1
4890,195.6,0.5314760790208184,,9,1,val,current_repo_v1
4891,195.64,0.5990247897692985,,9,1,val,current_repo_v1
4892,195.68,0.3485360194702201,,9,1,val,current_repo_v1
4893,195.72,0.11827738752214456,,9,1,val,current_repo_v1
4894,195.76,0.3748077082729501,,9,1,val,current_repo_v1
4895,195.8,0.11715752458659039,,9,1,val,current_repo_v1
4896,195.84,-0.078946368049497,,9,1,val,current_repo_v1
4897,195.88,0.1065036428983751,,9,1,val,current_repo_v1
4898,195.92,0.2431174296435363,,9,1,val,current_repo_v1
4899,195.96,0.672389612192871,,9,1,val,current_repo_v1
4900,196.0,0.64376755361423,,9,1,val,current_repo_v1
4901,196.04,0.7931734312864454,,9,1,val,current_repo_v1
4902,196.08,0.9323128265852203,,9,1,val,current_repo_v1
4903,196.12,0.9207812945288313,,9,1,val,current_repo_v1
4904,196.16,0.9631994197385036,,9,1,val,current_repo_v1
4905,196.2,1.1160255000458792,,9,1,val,current_repo_v1
4906,196.24,1.6079037325204235,,9,1,val,current_repo_v1
4907,196.28,1.4781207140051686,,9,1,val,current_repo_v1
4908,196.32,1.64117060183196,,9,1,val,current_repo_v1
4909,196.36,1.748605202254048,,9,1,val,current_repo_v1
4910,196.4,2.365599115625551,,9,1,val,current_repo_v1
4911,196.44,2.5772034716649164,,9,1,val,current_repo_v1
4912,196.48,2.4233704784195838,,9,1,val,current_repo_v1
4913,196.52,2.4217440761331046,,9,1,val,current_repo_v1
4914,196.56,2.5041678136443983,,9,1,val,current_repo_v1
4915,196.6,2.417041006213828,,9,1,val,current_repo_v1
4916,196.64,2.2576161020623267,,9,1,val,current_repo_v1
4917,196.68,1.86562674018976,,9,1,val,current_repo_v1
4918,196.72,1.6065779476356723,,9,1,val,current_repo_v1
4919,196.76,1.1587429803749076,,9,1,val,current_repo_v1
4920,196.8,1.1047359378102606,,9,1,val,current_repo_v1
4921,196.84,0.9231988565663686,,9,1,val,current_repo_v1
4922,196.88,0.30611903516961436,,9,1,val,current_repo_v1
4923,196.92,-0.24787735081885715,,9,1,val,current_repo_v1
4924,196.96,-0.16344187505249397,,9,1,val,current_repo_v1
4925,197.0,-0.2433839896958919,,9,1,val,current_repo_v1
4926,197.04,-0.9095352324857108,,9,1,val,current_repo_v1
4927,197.08,-0.5323331687511318,,9,1,val,current_repo_v1
4928,197.12,-1.021852438219774,,9,1,val,current_repo_v1
4929,197.16,-0.6855020072717174,,9,1,val,current_repo_v1
4930,197.2,-0.5865879099565435,,9,1,val,current_repo_v1
4931,197.24,-0.4353407021494241,,9,1,val,current_repo_v1
4932,197.28,-0.43006703204886393,,9,1,val,current_repo_v1
4933,197.32,-0.26543545586114115,,9,1,val,current_repo_v1
4934,197.36,-0.3359369120980541,,9,1,val,current_repo_v1
4935,197.4,-0.36194310893351217,,9,1,val,current_repo_v1
4936,197.44,-0.5317626171191706,,9,1,val,current_repo_v1
4937,197.48,-0.548798622752834,,9,1,val,current_repo_v1
4938,197.52,-0.5046432571545922,,9,1,val,current_repo_v1
4939,197.56,-0.411903080017536,,9,1,val,current_repo_v1
4940,197.6,-0.5413290668189173,,9,1,val,current_repo_v1
4941,197.64,-0.35436633182199295,,9,1,val,current_repo_v1
4942,197.68,-0.7150825265649753,,9,1,val,current_repo_v1
4943,197.72,-0.6739066814062408,,9,1,val,current_repo_v1
4944,197.76,-0.7001714762052491,,9,1,val,current_repo_v1
4945,197.8,-0.525357116675187,,9,1,val,current_repo_v1
4946,197.84,-0.5832393661206324,,9,1,val,current_repo_v1
4947,197.88,-0.18114176838963356,,9,1,val,current_repo_v1
4948,197.92,-0.02049546342998047,,9,1,val,current_repo_v1
4949,197.96,-0.16047058372306303,,9,1,val,current_repo_v1
4950,198.0,-0.5202946361252592,,9,1,val,current_repo_v1
4951,198.04,-0.5184905918696392,,9,1,val,current_repo_v1
4952,198.08,-0.8615324787681677,,9,1,val,current_repo_v1
4953,198.12,-0.49761884995395095,,9,1,val,current_repo_v1
4954,198.16,-0.19053200832523773,,9,1,val,current_repo_v1
4955,198.2,0.09039568789777067,,9,1,val,current_repo_v1
4956,198.24,-0.26776283753309243,,9,1,val,current_repo_v1
4957,198.28,-0.4576935867802138,,9,1,val,current_repo_v1
4958,198.32,-0.7077495398738008,,9,1,val,current_repo_v1
4959,198.36,-1.3147435066495579,,9,1,val,current_repo_v1
4960,198.4,-1.3347205816597167,,9,1,val,current_repo_v1
4961,198.44,-1.2888732236409952,,9,1,val,current_repo_v1
4962,198.48,-1.6303951769161569,,9,1,val,current_repo_v1
4963,198.52,-1.169683570084102,,9,1,val,current_repo_v1
4964,198.56,-1.066827850415655,,9,1,val,current_repo_v1
4965,198.6,-1.2537373996303454,,9,1,val,current_repo_v1
4966,198.64,-1.149194785220227,,9,1,val,current_repo_v1
4967,198.68,-1.2023981423087435,,9,1,val,current_repo_v1
4968,198.72,-1.2980286547808217,,9,1,val,current_repo_v1
4969,198.76,-1.4356847226450058,,9,1,val,current_repo_v1
4970,198.8,-1.5841417523683572,,9,1,val,current_repo_v1
4971,198.84,-1.3768641119042453,,9,1,val,current_repo_v1
4972,198.88,-1.5112606753890379,,9,1,val,current_repo_v1
4973,198.92,-1.7695722950381136,,9,1,val,current_repo_v1
4974,198.96,-1.5319201596690102,,9,1,val,current_repo_v1
4975,199.0,-1.352892787075782,,9,1,val,current_repo_v1
4976,199.04,-1.1406757385929727,,9,1,val,current_repo_v1
4977,199.08,-1.024764426552401,,9,1,val,current_repo_v1
4978,199.12,-1.0730830421587747,,9,1,val,current_repo_v1
4979,199.16,-0.7200098458024985,,9,1,val,current_repo_v1
4980,199.2,-0.7731702852903808,,9,1,val,current_repo_v1
4981,199.24,-1.0550374533744449,,9,1,val,current_repo_v1
4982,199.28,-1.0551881504698846,,9,1,val,current_repo_v1
4983,199.32,-0.8916662661347603,,9,1,val,current_repo_v1
4984,199.36,-0.7513144971673898,,9,1,val,current_repo_v1
4985,199.4,-0.8036175070797049,,9,1,val,current_repo_v1
4986,199.44,-0.9287371690210661,,9,1,val,current_repo_v1
4987,199.48,-0.784969809604124,,9,1,val,current_repo_v1
4988,199.52,-0.9266371195493069,,9,1,val,current_repo_v1
4989,199.56,-1.0916714123628906,,9,1,val,current_repo_v1
4990,199.6,-1.2449684210935152,,9,1,val,current_repo_v1
4991,199.64,-1.3040894550387157,,9,1,val,current_repo_v1
4992,199.68,-1.1373205920492717,,9,1,val,current_repo_v1
4993,199.72,-1.3303453167624788,,9,1,val,current_repo_v1
4994,199.76,-1.6471580926136575,,9,1,val,current_repo_v1
4995,199.8,-1.0420689584859604,,9,1,val,current_repo_v1
4996,199.84,-1.0951452134495216,,9,1,val,current_repo_v1
4997,199.88,-1.231777181915766,,9,1,val,current_repo_v1
4998,199.92,-1.036745816626298,,9,1,val,current_repo_v1
4999,199.96,-0.9579386152082693,,9,1,val,current_repo_v1
5000,200.0,-0.7620914271121747,,9,1,val,current_repo_v1
5001,200.04,-0.529152071526745,,9,1,val,current_repo_v1
5002,200.08,-0.34056028830529367,,9,1,val,current_repo_v1
5003,200.12,-0.3300528070975225,,9,1,val,current_repo_v1
5004,200.16,0.01792060462354613,,9,1,val,current_repo_v1
5005,200.2,-0.3197868344919629,,9,1,val,current_repo_v1
5006,200.24,-0.415788627903917,,9,1,val,current_repo_v1
5007,200.28,-0.12723427620971559,,9,1,val,current_repo_v1
5008,200.32,-0.3891786717002604,,9,1,val,current_repo_v1
5009,200.36,-0.23652154303339076,,9,1,val,current_repo_v1
5010,200.4,-0.35931943074948985,,9,1,val,current_repo_v1
5011,200.44,-0.6035908535019354,,9,1,val,current_repo_v1
5012,200.48,-0.25482878838855577,,9,1,val,current_repo_v1
5013,200.52,-0.02530416757089779,,9,1,val,current_repo_v1
5014,200.56,-0.17478255972416218,,9,1,val,current_repo_v1
5015,200.6,-0.17040637238980638,,9,1,val,current_repo_v1
5016,200.64,-0.11767753637436576,,9,1,val,current_repo_v1
5017,200.68,0.001864542779477814,,9,1,val,current_repo_v1
5018,200.72,0.18542275050357784,,9,1,val,current_repo_v1
5019,200.76,-0.03223639478075369,,9,1,val,current_repo_v1
5020,200.8,-0.07639099876150679,,9,1,val,current_repo_v1
5021,200.84,-0.059285009280202895,,9,1,val,current_repo_v1
5022,200.88,-0.21522781041101371,,9,1,val,current_repo_v1
5023,200.92,-0.011535227873525133,,9,1,val,current_repo_v1
5024,200.96,0.033129808506909296,,9,1,val,current_repo_v1
5025,201.0,-0.07651154672799416,,9,1,val,current_repo_v1
5026,201.04,-0.3433316049774707,,9,1,val,current_repo_v1
5027,201.08,-0.5186392013442336,,9,1,val,current_repo_v1
5028,201.12,-0.7876283219266701,,9,1,val,current_repo_v1
5029,201.16,-0.620691623931126,,9,1,val,current_repo_v1
5030,201.2,-1.0710788290486128,,9,1,val,current_repo_v1
5031,201.24,-1.161609526542157,,9,1,val,current_repo_v1
5032,201.28,-1.4144922639082884,,9,1,val,current_repo_v1
5033,201.32,-0.9323999240688604,,9,1,val,current_repo_v1
5034,201.36,-0.9900415630745509,,9,1,val,current_repo_v1
5035,201.4,-0.9144429863464741,,9,1,val,current_repo_v1
5036,201.44,-1.2798554783783167,,9,1,val,current_repo_v1
5037,201.48,-1.250000558317203,,9,1,val,current_repo_v1
5038,201.52,-0.9382172009276805,,9,1,val,current_repo_v1
5039,201.56,-0.7655842109837016,,9,1,val,current_repo_v1
5040,201.6,-1.029710825673464,,9,1,val,current_repo_v1
5041,201.64,-1.0377652552893273,,9,1,val,current_repo_v1
5042,201.68,-0.8004720450576548,,9,1,val,current_repo_v1
5043,201.72,-0.6276465085026856,,9,1,val,current_repo_v1
5044,201.76,-0.4283861088737965,,9,1,val,current_repo_v1
5045,201.8,-0.7188029582072871,,9,1,val,current_repo_v1
5046,201.84,-0.645571258024596,,9,1,val,current_repo_v1
5047,201.88,-0.779174137193587,,9,1,val,current_repo_v1
5048,201.92,-0.38994087178075515,,9,1,val,current_repo_v1
5049,201.96,-0.05226379419748214,,9,1,val,current_repo_v1
5050,202.0,-0.5214221941283479,,9,1,val,current_repo_v1
5051,202.04,-0.27305359699499115,,9,1,val,current_repo_v1
5052,202.08,0.025874719202858974,,9,1,val,current_repo_v1
5053,202.12,-0.05056781162960169,,9,1,val,current_repo_v1
5054,202.16,-0.06848267833015578,,9,1,val,current_repo_v1
5055,202.2,-0.17984722499357936,,9,1,val,current_repo_v1
5056,202.24,0.011232000945740792,,9,1,val,current_repo_v1
5057,202.28,-0.05086745804488967,,9,1,val,current_repo_v1
5058,202.32,0.15420752698978182,,9,1,val,current_repo_v1
5059,202.36,0.3662027293457833,,9,1,val,current_repo_v1
5060,202.4,0.40969088161199285,,9,1,val,current_repo_v1
5061,202.44,0.5921453508441028,,9,1,val,current_repo_v1
5062,202.48,0.8469253471640642,,9,1,val,current_repo_v1
5063,202.52,0.901494785074579,,9,1,val,current_repo_v1
5064,202.56,1.3177022965285778,,9,1,val,current_repo_v1
5065,202.6,1.090328343919513,,9,1,val,current_repo_v1
5066,202.64,1.1984513737273401,,9,1,val,current_repo_v1
5067,202.68,1.4166633895874328,,9,1,val,current_repo_v1
5068,202.72,1.550065274563408,,9,1,val,current_repo_v1
5069,202.76,1.633824118429274,,9,1,val,current_repo_v1
5070,202.8,1.6407794884940534,,9,1,val,current_repo_v1
5071,202.84,1.432959843399307,,9,1,val,current_repo_v1
5072,202.88,1.4147283107117767,,9,1,val,current_repo_v1
5073,202.92,1.6606524737578778,,9,1,val,current_repo_v1
5074,202.96,1.8025425279923253,,9,1,val,current_repo_v1
5075,203.0,1.6613908118466172,,9,1,val,current_repo_v1
5076,203.04,1.6286473042260727,,9,1,val,current_repo_v1
5077,203.08,1.7870690822867312,,9,1,val,current_repo_v1
5078,203.12,1.7523582590407334,,9,1,val,current_repo_v1
5079,203.16,1.8553628309303847,,9,1,val,current_repo_v1
5080,203.2,1.7123813879377268,,9,1,val,current_repo_v1
5081,203.24,1.5174385766115583,,9,1,val,current_repo_v1
5082,203.28,1.8511254461075823,,9,1,val,current_repo_v1
5083,203.32,1.74190112347986,,9,1,val,current_repo_v1
5084,203.36,1.6575435693752818,,9,1,val,current_repo_v1
5085,203.4,1.8932262529487645,,9,1,val,current_repo_v1
5086,203.44,1.8892118066125148,,9,1,val,current_repo_v1
5087,203.48,1.9255874832080033,,9,1,val,current_repo_v1
5088,203.52,1.5615103888266648,,9,1,val,current_repo_v1
5089,203.56,1.2938850672480933,,9,1,val,current_repo_v1
5090,203.6,1.385375002245406,,9,1,val,current_repo_v1
5091,203.64,1.5144974586857407,,9,1,val,current_repo_v1
5092,203.68,1.611931190074965,,9,1,val,current_repo_v1
5093,203.72,1.299194809494888,,9,1,val,current_repo_v1
5094,203.76,1.2690824809286125,,9,1,val,current_repo_v1
5095,203.8,1.1955321029964157,,9,1,val,current_repo_v1
5096,203.84,1.577991135864792,,9,1,val,current_repo_v1
5097,203.88,1.0530645060276411,,9,1,val,current_repo_v1
5098,203.92,1.4855457502108254,,9,1,val,current_repo_v1
5099,203.96,1.354949627650975,,9,1,val,current_repo_v1
5100,204.0,1.4714379969326539,,9,1,val,current_repo_v1
5101,204.04,1.5614062990803301,,9,1,val,current_repo_v1
5102,204.08,1.9163833085489044,,9,1,val,current_repo_v1
5103,204.12,1.8070603336989097,,9,1,val,current_repo_v1
5104,204.16,1.650084257348304,,9,1,val,current_repo_v1
5105,204.2,1.5620543354301786,,9,1,val,current_repo_v1
5106,204.24,1.539926039962889,,9,1,val,current_repo_v1
5107,204.28,1.3957837826815829,,9,1,val,current_repo_v1
5108,204.32,1.4452434044532352,,9,1,val,current_repo_v1
5109,204.36,1.5687071461203508,,9,1,val,current_repo_v1
5110,204.4,1.6530519803025692,,9,1,val,current_repo_v1
5111,204.44,1.0909104502901066,,9,1,val,current_repo_v1
5112,204.48,1.2593912594713659,,9,1,val,current_repo_v1
5113,204.52,1.4086895518460636,,9,1,val,current_repo_v1
5114,204.56,1.281324775058854,,9,1,val,current_repo_v1
5115,204.6,1.0810352269025387,,9,1,val,current_repo_v1
5116,204.64,1.0263420853196075,,9,1,val,current_repo_v1
5117,204.68,1.4562812870036863,,9,1,val,current_repo_v1
5118,204.72,1.9159236435683558,,9,1,val,current_repo_v1
5119,204.76,1.7636739408115796,,9,1,val,current_repo_v1
5120,204.8,1.4587052575517256,,9,1,val,current_repo_v1
5121,204.84,1.5666775902641132,,9,1,val,current_repo_v1
5122,204.88,1.4794061058540287,,9,1,val,current_repo_v1
5123,204.92,1.6711742770156344,,9,1,val,current_repo_v1
5124,204.96,1.4749317032412983,,9,1,val,current_repo_v1
5125,205.0,1.4347151926849766,,9,1,val,current_repo_v1
5126,205.04,1.9822286177862383,,9,1,val,current_repo_v1
5127,205.08,1.9106723547052304,,9,1,val,current_repo_v1
5128,205.12,1.8787690416509488,,9,1,val,current_repo_v1
5129,205.16,1.951781978588778,,9,1,val,current_repo_v1
5130,205.2,1.8267754365676405,,9,1,val,current_repo_v1
5131,205.24,1.722264670512744,,9,1,val,current_repo_v1
5132,205.28,1.794737738990106,,9,1,val,current_repo_v1
5133,205.32,1.8302762310772949,,9,1,val,current_repo_v1
5134,205.36,1.9737324864389607,,9,1,val,current_repo_v1
5135,205.4,2.0164174387222595,,9,1,val,current_repo_v1
5136,205.44,1.733013102005524,,9,1,val,current_repo_v1
5137,205.48,1.8037176157816368,,9,1,val,current_repo_v1
5138,205.52,1.7090949872339558,,9,1,val,current_repo_v1
5139,205.56,1.780135462318201,,9,1,val,current_repo_v1
5140,205.6,1.6811350443085387,,9,1,val,current_repo_v1
5141,205.64,1.503105166084803,,9,1,val,current_repo_v1
5142,205.68,1.7786985965847495,,9,1,val,current_repo_v1
5143,205.72,1.7905180261205063,,9,1,val,current_repo_v1
5144,205.76,1.2394691422936932,,9,1,val,current_repo_v1
5145,205.8,1.0019270196882066,,9,1,val,current_repo_v1
5146,205.84,0.49575348790466467,,9,1,val,current_repo_v1
5147,205.88,0.4866645693359569,,9,1,val,current_repo_v1
5148,205.92,0.7777841701051724,,9,1,val,current_repo_v1
5149,205.96,0.6991146545642917,,9,1,val,current_repo_v1
5150,206.0,0.6105856456161661,,9,1,val,current_repo_v1
5151,206.04,0.9721051131660421,,9,1,val,current_repo_v1
5152,206.08,0.8857649018502632,,9,1,val,current_repo_v1
5153,206.12,0.8358159029130079,,9,1,val,current_repo_v1
5154,206.16,0.7663187622253261,,9,1,val,current_repo_v1
5155,206.2,0.7709013327274378,,9,1,val,current_repo_v1
5156,206.24,1.2071292737361277,,9,1,val,current_repo_v1
5157,206.28,1.3760214898718832,,9,1,val,current_repo_v1
5158,206.32,1.3014299231804078,,9,1,val,current_repo_v1
5159,206.36,1.2154572302320512,,9,1,val,current_repo_v1
5160,206.4,0.8874073254129969,,9,1,val,current_repo_v1
5161,206.44,0.9246967002482327,,9,1,val,current_repo_v1
5162,206.48,1.2160639025595688,,9,1,val,current_repo_v1
5163,206.52,1.22698313056709,,9,1,val,current_repo_v1
5164,206.56,0.9039684701283304,,9,1,val,current_repo_v1
5165,206.6,0.9778189799690352,,9,1,val,current_repo_v1
5166,206.64,1.4093351607298128,,9,1,val,current_repo_v1
5167,206.68,1.3559980017099071,,9,1,val,current_repo_v1
5168,206.72,1.505711196590284,,9,1,val,current_repo_v1
5169,206.76,1.5770976341429903,,9,1,val,current_repo_v1
5170,206.8,1.5825631226147112,,9,1,val,current_repo_v1
5171,206.84,1.228337850847744,,9,1,val,current_repo_v1
5172,206.88,0.56276776771674,,9,1,val,current_repo_v1
5173,206.92,0.28024049877631435,,9,1,val,current_repo_v1
5174,206.96,0.5643356195209056,,9,1,val,current_repo_v1
5175,207.0,1.0585883507843872,,9,1,val,current_repo_v1
5176,207.04,1.2465371467854767,,9,1,val,current_repo_v1
5177,207.08,1.075656933013102,,9,1,val,current_repo_v1
5178,207.12,1.2147996782150938,,9,1,val,current_repo_v1
5179,207.16,1.2861593165420648,,9,1,val,current_repo_v1
5180,207.2,1.1666577821407436,,9,1,val,current_repo_v1
5181,207.24,1.247659218715181,,9,1,val,current_repo_v1
5182,207.28,1.24959119043423,,9,1,val,current_repo_v1
5183,207.32,0.7756816931673141,,9,1,val,current_repo_v1
5184,207.36,0.03430453217630589,,9,1,val,current_repo_v1
5185,207.4,0.23950987517483824,,9,1,val,current_repo_v1
5186,207.44,0.38510841791838957,,9,1,val,current_repo_v1
5187,207.48,0.591901196303843,,9,1,val,current_repo_v1
5188,207.52,0.8511409818906174,,9,1,val,current_repo_v1
5189,207.56,0.6996949646099717,,9,1,val,current_repo_v1
5190,207.6,0.6079728182056073,,9,1,val,current_repo_v1
5191,207.64,0.8591188006763891,,9,1,val,current_repo_v1
5192,207.68,0.3934253051689007,,9,1,val,current_repo_v1
5193,207.72,-0.02809744977694014,,9,1,val,current_repo_v1
5194,207.76,-0.08631948075529151,,9,1,val,current_repo_v1
5195,207.8,-0.27975134008266006,,9,1,val,current_repo_v1
5196,207.84,-0.24768730449794904,,9,1,val,current_repo_v1
5197,207.88,0.19054062582988998,,9,1,val,current_repo_v1
5198,207.92,0.7701835795512197,,9,1,val,current_repo_v1
5199,207.96,0.9759696391960038,,9,1,val,current_repo_v1
5200,208.0,0.6645284088785058,,9,1,val,current_repo_v1
5201,208.04,0.39245917366141025,,9,1,val,current_repo_v1
5202,208.08,0.2271762840446052,,9,1,val,current_repo_v1
5203,208.12,-0.03846407726430397,,9,1,val,current_repo_v1
5204,208.16,0.3382549965748453,,9,1,val,current_repo_v1
5205,208.2,0.6995625706089201,,9,1,val,current_repo_v1
5206,208.24,0.4721328833782172,,9,1,val,current_repo_v1
5207,208.28,0.3421810588704223,,9,1,val,current_repo_v1
5208,208.32,0.04319736003351845,,9,1,val,current_repo_v1
5209,208.36,-0.08652046281097661,,9,1,val,current_repo_v1
5210,208.4,-0.16166363476150875,,9,1,val,current_repo_v1
5211,208.44,-0.21704066636857383,,9,1,val,current_repo_v1
5212,208.48,0.18005761348039895,,9,1,val,current_repo_v1
5213,208.52,0.2873245245443525,,9,1,val,current_repo_v1
5214,208.56,-0.23373672964970207,,9,1,val,current_repo_v1
5215,208.6,0.21907665500997445,,9,1,val,current_repo_v1
5216,208.64,0.7422661658318611,,9,1,val,current_repo_v1
5217,208.68,0.6993935704190923,,9,1,val,current_repo_v1
5218,208.72,0.2584622924698545,,9,1,val,current_repo_v1
5219,208.76,0.03894911229992218,,9,1,val,current_repo_v1
5220,208.8,-0.08803975315582731,,9,1,val,current_repo_v1
5221,208.84,0.5076256420040965,,9,1,val,current_repo_v1
5222,208.88,1.103598427196165,,9,1,val,current_repo_v1
5223,208.92,1.28544360243737,,9,1,val,current_repo_v1
5224,208.96,1.2782798586826336,,9,1,val,current_repo_v1
5225,209.0,1.3032557660815989,,9,1,val,current_repo_v1
5226,209.04,1.3240876975532598,,9,1,val,current_repo_v1
5227,209.08,1.3397798094050717,,9,1,val,current_repo_v1
5228,209.12,1.10228477964191,,9,1,val,current_repo_v1
5229,209.16,1.2323610360619508,,9,1,val,current_repo_v1
5230,209.2,1.1166710118309844,,9,1,val,current_repo_v1
5231,209.24,1.215560834485166,,9,1,val,current_repo_v1
5232,209.28,1.2631146040729968,,9,1,val,current_repo_v1
5233,209.32,0.9876803182505155,,9,1,val,current_repo_v1
5234,209.36,0.8884942476335846,,9,1,val,current_repo_v1
5235,209.4,0.8579850769094084,,9,1,val,current_repo_v1
5236,209.44,0.8291366813916761,,9,1,val,current_repo_v1
5237,209.48,0.8824377197160254,,9,1,val,current_repo_v1
5238,209.52,0.23663196846624437,,9,1,val,current_repo_v1
5239,209.56,0.14526799468482024,,9,1,val,current_repo_v1
5240,209.6,0.22805184679193363,,9,1,val,current_repo_v1
5241,209.64,0.3728116028995597,,9,1,val,current_repo_v1
5242,209.68,0.2813066418870927,,9,1,val,current_repo_v1
5243,209.72,0.26152167654402625,,9,1,val,current_repo_v1
5244,209.76,-0.23641888549205467,,9,1,val,current_repo_v1
5245,209.8,-0.1678699858867121,,9,1,val,current_repo_v1
5246,209.84,0.4279874703909822,,9,1,val,current_repo_v1
5247,209.88,0.3961060530809157,,9,1,val,current_repo_v1
5248,209.92,0.1630762986579511,,9,1,val,current_repo_v1
5249,209.96,0.17469718574145252,,9,1,val,current_repo_v1
5250,210.0,0.791798320290558,,9,1,val,current_repo_v1
5251,210.04,0.6909190435200977,,9,1,val,current_repo_v1
5252,210.08,0.46435295162885404,,9,1,val,current_repo_v1
5253,210.12,0.5622280934535608,,9,1,val,current_repo_v1
5254,210.16,0.9257541044810539,,9,1,val,current_repo_v1
5255,210.2,0.7408290088024776,,9,1,val,current_repo_v1
5256,210.24,0.6761012078585816,,9,1,val,current_repo_v1
5257,210.28,0.1560488813993468,,9,1,val,current_repo_v1
5258,210.32,-0.15329176540385026,,9,1,val,current_repo_v1
5259,210.36,-0.29428394847751754,,9,1,val,current_repo_v1
5260,210.4,-0.03927345514843712,,9,1,val,current_repo_v1
5261,210.44,-0.06466995442675146,,9,1,val,current_repo_v1
5262,210.48,-0.33592450774628707,,9,1,val,current_repo_v1
5263,210.52,-0.1466147771513297,,9,1,val,current_repo_v1
5264,210.56,-0.20411186055081149,,9,1,val,current_repo_v1
5265,210.6,-0.19173248740994708,,9,1,val,current_repo_v1
5266,210.64,-0.28424018611868074,,9,1,val,current_repo_v1
5267,210.68,-0.47720832659711493,,9,1,val,current_repo_v1
5268,210.72,-0.15966587871117086,,9,1,val,current_repo_v1
5269,210.76,-0.14567197359305278,,9,1,val,current_repo_v1
5270,210.8,-0.21707620447226644,,9,1,val,current_repo_v1
5271,210.84,-0.486832938384599,,9,1,val,current_repo_v1
5272,210.88,-0.3747343502474316,,9,1,val,current_repo_v1
5273,210.92,0.15516671594422848,,9,1,val,current_repo_v1
5274,210.96,0.14966561654483215,,9,1,val,current_repo_v1
5275,211.0,0.18412621658532227,,9,1,val,current_repo_v1
5276,211.04,0.01962386048672637,,9,1,val,current_repo_v1
5277,211.08,0.15645793371172675,,9,1,val,current_repo_v1
5278,211.12,-0.18930290941521857,,9,1,val,current_repo_v1
5279,211.16,-0.18002892083110614,,9,1,val,current_repo_v1
5280,211.2,-0.8138429652760685,,9,1,val,current_repo_v1
5281,211.24,-0.6058512613842092,,9,1,val,current_repo_v1
5282,211.28,-0.49577290763345844,,9,1,val,current_repo_v1
5283,211.32,-0.5383478957024626,,9,1,val,current_repo_v1
5284,211.36,-0.7529165762435545,,9,1,val,current_repo_v1
5285,211.4,-0.907281378761905,,9,1,val,current_repo_v1
5286,211.44,-0.9038520488542118,,9,1,val,current_repo_v1
5287,211.48,-0.5471346918404612,,9,1,val,current_repo_v1
5288,211.52,-1.2318293238875773,,9,1,val,current_repo_v1
5289,211.56,-1.2248505530496014,,9,1,val,current_repo_v1
5290,211.6,-1.042119061386248,,9,1,val,current_repo_v1
5291,211.64,-1.2298893900797228,,9,1,val,current_repo_v1
5292,211.68,-0.8103540653503003,,9,1,val,current_repo_v1
5293,211.72,-0.039423654613326496,,9,1,val,current_repo_v1
5294,211.76,-0.433493643194526,,9,1,val,current_repo_v1
5295,211.8,-0.48869878592710514,,9,1,val,current_repo_v1
5296,211.84,-0.4291360017011682,,9,1,val,current_repo_v1
5297,211.88,-0.941049277076321,,9,1,val,current_repo_v1
5298,211.92,-1.0521134248099657,,9,1,val,current_repo_v1
5299,211.96,-1.3438826155073331,,9,1,val,current_repo_v1
5300,212.0,-0.9353620153017753,,9,1,val,current_repo_v1
5301,212.04,-0.7411374426450448,,9,1,val,current_repo_v1
5302,212.08,-0.30820660746562345,,9,1,val,current_repo_v1
5303,212.12,-0.37458632336470105,,9,1,val,current_repo_v1
5304,212.16,-0.34738850769579577,,9,1,val,current_repo_v1
5305,212.2,-0.6422157230863192,,9,1,val,current_repo_v1
5306,212.24,-1.0442000795237893,,9,1,val,current_repo_v1
5307,212.28,-1.009156790520842,,9,1,val,current_repo_v1
5308,212.32,-1.0609394973494497,,9,1,val,current_repo_v1
5309,212.36,-0.8180129636399562,,9,1,val,current_repo_v1
5310,212.4,-0.74145830511404,,9,1,val,current_repo_v1
5311,212.44,-0.6835411001567657,,9,1,val,current_repo_v1
5312,212.48,-1.0141195022140919,,9,1,val,current_repo_v1
5313,212.52,-0.91913110307458,,9,1,val,current_repo_v1
5314,212.56,-0.8979864168706952,,9,1,val,current_repo_v1
5315,212.6,-0.5317641706974742,,9,1,val,current_repo_v1
5316,212.64,-0.3445034885115312,,9,1,val,current_repo_v1
5317,212.68,-0.20058273751177927,,9,1,val,current_repo_v1
5318,212.72,-0.3021678243252494,,9,1,val,current_repo_v1
5319,212.76,-0.6349547835889698,,9,1,val,current_repo_v1
5320,212.8,-0.7590649109289864,,9,1,val,current_repo_v1
5321,212.84,-0.5590674354937296,,9,1,val,current_repo_v1
5322,212.88,-0.09500080349127885,,9,1,val,current_repo_v1
5323,212.92,-0.38285174833390867,,9,1,val,current_repo_v1
5324,212.96,-0.11392405478111295,,9,1,val,current_repo_v1
5325,213.0,-0.9803095601868372,,9,1,val,current_repo_v1
5326,213.04,-0.5184374789113882,,9,1,val,current_repo_v1
5327,213.08,-0.8173367686833569,,9,1,val,current_repo_v1
5328,213.12,-0.6511221933030095,,9,1,val,current_repo_v1
5329,213.16,-0.7213765577656825,,9,1,val,current_repo_v1
5330,213.2,-0.6690852967892877,,9,1,val,current_repo_v1
5331,213.24,-0.20638581369391887,,9,1,val,current_repo_v1
5332,213.28,-0.056738257496864924,,9,1,val,current_repo_v1
5333,213.32,-0.15559278479396396,,9,1,val,current_repo_v1
5334,213.36,-0.11795883114594363,,9,1,val,current_repo_v1
5335,213.4,0.1896024101825406,,9,1,val,current_repo_v1
5336,213.44,0.9727402353962425,,9,1,val,current_repo_v1
5337,213.48,1.0867444329706213,,9,1,val,current_repo_v1
5338,213.52,0.9959144774563651,,9,1,val,current_repo_v1
5339,213.56,0.6590520939079826,,9,1,val,current_repo_v1
5340,213.6,0.9168186988684609,,9,1,val,current_repo_v1
5341,213.64,1.0810211475991631,,9,1,val,current_repo_v1
5342,213.68,1.206803313588324,,9,1,val,current_repo_v1
5343,213.72,1.3966395130308809,,9,1,val,current_repo_v1
5344,213.76,1.6330265501677137,,9,1,val,current_repo_v1
5345,213.8,1.7043923057092547,,9,1,val,current_repo_v1
5346,213.84,1.7082828541758,,9,1,val,current_repo_v1
5347,213.88,1.4266834841518021,,9,1,val,current_repo_v1
5348,213.92,1.4298104488821761,,9,1,val,current_repo_v1
5349,213.96,1.404750065662958,,9,1,val,current_repo_v1
5350,214.0,1.3568920860235727,,9,1,val,current_repo_v1
5351,214.04,1.7879507379739688,,9,1,val,current_repo_v1
5352,214.08,1.6162643141607207,,9,1,val,current_repo_v1
5353,214.12,1.4789100288819916,,9,1,val,current_repo_v1
5354,214.16,1.5255409729575422,,9,1,val,current_repo_v1
5355,214.2,1.137937459734406,,9,1,val,current_repo_v1
5356,214.24,0.952699366576996,,9,1,val,current_repo_v1
5357,214.28,1.0814421673194123,,9,1,val,current_repo_v1
5358,214.32,1.2742609458087613,,9,1,val,current_repo_v1
5359,214.36,1.0139766701088135,,9,1,val,current_repo_v1
5360,214.4,0.8654684694000906,,9,1,val,current_repo_v1
5361,214.44,0.6806527067946233,,9,1,val,current_repo_v1
5362,214.48,0.9613533803193671,,9,1,val,current_repo_v1
5363,214.52,0.9814859102585203,,9,1,val,current_repo_v1
5364,214.56,0.9554628910829945,,9,1,val,current_repo_v1
5365,214.6,0.9530543592193463,,9,1,val,current_repo_v1
5366,214.64,0.7895986476100868,,9,1,val,current_repo_v1
5367,214.68,0.31637891483526487,,9,1,val,current_repo_v1
5368,214.72,-0.32299839641589484,,9,1,val,current_repo_v1
5369,214.76,-0.889245402743328,,9,1,val,current_repo_v1
5370,214.8,-0.5360032061972239,,9,1,val,current_repo_v1
5371,214.84,-0.30955050124747485,,9,1,val,current_repo_v1
5372,214.88,-0.20133714542609554,,9,1,val,current_repo_v1
5373,214.92,-0.6556686431095646,,9,1,val,current_repo_v1
5374,214.96,-0.8499572523219927,,9,1,val,current_repo_v1
5375,215.0,-0.7528999238261138,,9,1,val,current_repo_v1
5376,215.04,0.3034616880307958,,9,1,val,current_repo_v1
5377,215.08,0.3965613000731638,,9,1,val,current_repo_v1
5378,215.12,0.7098343448584569,,9,1,val,current_repo_v1
5379,215.16,0.6301871916207754,,9,1,val,current_repo_v1
5380,215.2,0.44305543215936216,,9,1,val,current_repo_v1
5381,215.24,0.2018591234614113,,9,1,val,current_repo_v1
5382,215.28,-0.5702224190088073,,9,1,val,current_repo_v1
5383,215.32,-0.8750338510147536,,9,1,val,current_repo_v1
5384,215.36,-0.07329003219305541,,9,1,val,current_repo_v1
5385,215.4,0.09432132538678031,,9,1,val,current_repo_v1
5386,215.44,0.017965500609051246,,9,1,val,current_repo_v1
5387,215.48,-0.1282585455302824,,9,1,val,current_repo_v1
5388,215.52,-0.36413224641111275,,9,1,val,current_repo_v1
5389,215.56,-0.4311144836706783,,9,1,val,current_repo_v1
5390,215.6,-0.45460128626573665,,9,1,val,current_repo_v1
5391,215.64,-0.3036939237125084,,9,1,val,current_repo_v1
5392,215.68,-0.15424248250161063,,9,1,val,current_repo_v1
5393,215.72,-0.3726611485507299,,9,1,val,current_repo_v1
5394,215.76,-0.3356675604596844,,9,1,val,current_repo_v1
5395,215.8,-0.27510786445611896,,9,1,val,current_repo_v1
5396,215.84,-0.21596505614000847,,9,1,val,current_repo_v1
5397,215.88,-0.6227806527067946,,9,1,val,current_repo_v1
5398,215.92,-0.23178041044567793,,9,1,val,current_repo_v1
5399,215.96,-0.8617044404666366,,9,1,val,current_repo_v1
5400,216.0,-0.2462467975653486,,9,1,val,current_repo_v1
5401,216.04,-0.5071314584556169,,9,1,val,current_repo_v1
5402,216.08,-1.2956355616015645,,9,1,val,current_repo_v1
5403,216.12,-1.27440232143438,,9,1,val,current_repo_v1
5404,216.16,-0.9376840322736473,,9,1,val,current_repo_v1
5405,216.2,-0.7370546874127629,,9,1,val,current_repo_v1
5406,216.24,-0.6336322029594695,,9,1,val,current_repo_v1
5407,216.28,-0.5945684960536683,,9,1,val,current_repo_v1
5408,216.32,-0.5787727313994196,,9,1,val,current_repo_v1
5409,216.36,-0.7134395204103777,,9,1,val,current_repo_v1
5410,216.4,-0.867093026812334,,9,1,val,current_repo_v1
5411,216.44,-0.8141071221369858,,9,1,val,current_repo_v1
5412,216.48,-1.115860820745708,,9,1,val,current_repo_v1
5413,216.52,-1.180819036771742,,9,1,val,current_repo_v1
5414,216.56,-1.3201968577907826,,9,1,val,current_repo_v1
5415,216.6,-1.4762913755527947,,9,1,val,current_repo_v1
5416,216.64,-1.1437856139620082,,9,1,val,current_repo_v1
5417,216.68,-0.7375535316961531,,9,1,val,current_repo_v1
5418,216.72,-0.2265825986607184,,9,1,val,current_repo_v1
5419,216.76,-0.1975045648499996,,9,1,val,current_repo_v1
5420,216.8,-0.37407480770827295,,9,1,val,current_repo_v1
5421,216.84,-0.3606852445502172,,9,1,val,current_repo_v1
5422,216.88,-0.3797930196755837,,9,1,val,current_repo_v1
5423,216.92,-0.2591480759175458,,9,1,val,current_repo_v1
5424,216.96,-0.004024040896006866,,9,1,val,current_repo_v1
5425,217.0,0.14830548301477695,,9,1,val,current_repo_v1
5426,217.04,-0.30769484906258543,,9,1,val,current_repo_v1
5427,217.08,-0.0022673079546607585,,9,1,val,current_repo_v1
5428,217.12,0.03759610338286821,,9,1,val,current_repo_v1
5429,217.16,-0.3766861786391722,,9,1,val,current_repo_v1
5430,217.2,-0.05954550066731043,,9,1,val,current_repo_v1
5431,217.24,-0.07479234241254204,,9,1,val,current_repo_v1
5432,217.28,0.24126034525364837,,9,1,val,current_repo_v1
5433,217.32,0.6241749406848659,,9,1,val,current_repo_v1
5434,217.36,0.614250051340908,,9,1,val,current_repo_v1
5435,217.4,0.29078798462540073,,9,1,val,current_repo_v1
5436,217.44,0.31254033841790385,,9,1,val,current_repo_v1
5437,217.48,0.3095646776494943,,9,1,val,current_repo_v1
5438,217.52,0.5466688125466984,,9,1,val,current_repo_v1
5439,217.56,0.798505117826777,,9,1,val,current_repo_v1
5440,217.6,0.3606853901981832,,9,1,val,current_repo_v1
5441,217.64,0.3477853984030186,,9,1,val,current_repo_v1
5442,217.68,0.1738614577128123,,9,1,val,current_repo_v1
5443,217.72,0.03196034030161752,,9,1,val,current_repo_v1
5444,217.76,-0.11258313464523312,,9,1,val,current_repo_v1
5445,217.8,-0.48556997632249566,,9,1,val,current_repo_v1
5446,217.84,-1.0602390277318583,,9,1,val,current_repo_v1
5447,217.88,-1.2931796455996594,,9,1,val,current_repo_v1
5448,217.92,-1.5096300007622243,,9,1,val,current_repo_v1
5449,217.96,-1.617136551279493,,9,1,val,current_repo_v1
5450,218.0,-1.6692169625505096,,9,1,val,current_repo_v1
5451,218.04,-1.410533163799101,,9,1,val,current_repo_v1
5452,218.08,-1.2115863927902315,,9,1,val,current_repo_v1
5453,218.12,-1.721331358346915,,9,1,val,current_repo_v1
5454,218.16,-2.0503231200124676,,9,1,val,current_repo_v1
5455,218.2,-1.5120616421031372,,9,1,val,current_repo_v1
5456,218.24,-1.461896598683051,,9,1,val,current_repo_v1
5457,218.28,-1.071081256514712,,9,1,val,current_repo_v1
5458,218.32,-1.1048078879054415,,9,1,val,current_repo_v1
5459,218.36,-1.4358678506875313,,9,1,val,current_repo_v1
5460,218.4,-1.4215174478980814,,9,1,val,current_repo_v1
5461,218.44,-0.6704338998553716,,9,1,val,current_repo_v1
5462,218.48,-0.7287978556735466,,9,1,val,current_repo_v1
5463,218.52,-0.7234137358654718,,9,1,val,current_repo_v1
5464,218.56,0.017045333172149586,,9,1,val,current_repo_v1
5465,218.6,-0.1407852658633696,,9,1,val,current_repo_v1
5466,218.64,-0.5984915240166213,,9,1,val,current_repo_v1
5467,218.68,-0.6378947848803818,,9,1,val,current_repo_v1
5468,218.72,-0.47647596007497955,,9,1,val,current_repo_v1
5469,218.76,-0.29774884076356434,,9,1,val,current_repo_v1
5470,218.8,-0.4613675081720646,,9,1,val,current_repo_v1
5471,218.84,-0.060856793579449266,,9,1,val,current_repo_v1
5472,218.88,-0.05689349395391018,,9,1,val,current_repo_v1
5473,218.92,0.23311270093957503,,9,1,val,current_repo_v1
5474,218.96,-0.06767262075551483,,9,1,val,current_repo_v1
5475,219.0,0.10486437504157035,,9,1,val,current_repo_v1
5476,219.04,0.10302027759531324,,9,1,val,current_repo_v1
5477,219.08,-0.12226141770817099,,9,1,val,current_repo_v1
5478,219.12,-0.26315157438168796,,9,1,val,current_repo_v1
5479,219.16,0.2097921554976524,,9,1,val,current_repo_v1
5480,219.2,0.34109802059559335,,9,1,val,current_repo_v1
5481,219.24,0.133780618236776,,9,1,val,current_repo_v1
5482,219.28,0.05823671411391904,,9,1,val,current_repo_v1
5483,219.32,0.29981978491679373,,9,1,val,current_repo_v1
5484,219.36,0.3103785827579025,,9,1,val,current_repo_v1
5485,219.4,0.176012726719265,,9,1,val,current_repo_v1
5486,219.44,0.3504017699140823,,9,1,val,current_repo_v1
5487,219.48,-0.041449023090543026,,9,1,val,current_repo_v1
5488,219.52,-0.9899243650112804,,9,1,val,current_repo_v1
5489,219.56,-1.2964785720285024,,9,1,val,current_repo_v1
5490,219.6,-0.9317902416833798,,9,1,val,current_repo_v1
5491,219.64,-0.9262527060178342,,9,1,val,current_repo_v1
5492,219.68,-0.49758913776889646,,9,1,val,current_repo_v1
5493,219.72,-0.8196613102199721,,9,1,val,current_repo_v1
5494,219.76,-0.5352878319377831,,9,1,val,current_repo_v1
5495,219.8,-0.6594263606311606,,9,1,val,current_repo_v1
5496,219.84,-0.7636597158602382,,9,1,val,current_repo_v1
5497,219.88,-1.3634410011646982,,9,1,val,current_repo_v1
5498,219.92,-1.187663131790533,,9,1,val,current_repo_v1
5499,219.96,-1.0793845499550676,,9,1,val,current_repo_v1
5500,220.0,-1.0507438484367846,,9,1,val,current_repo_v1
5501,220.04,-0.5763210877378492,,9,1,val,current_repo_v1
5502,220.08,-0.7045165434242128,,9,1,val,current_repo_v1
5503,220.12,-0.3497559182837232,,9,1,val,current_repo_v1
5504,220.16,-0.35138249049282905,,9,1,val,current_repo_v1
5505,220.2,-0.29173998828019365,,9,1,val,current_repo_v1
5506,220.24,0.09513817986649907,,9,1,val,current_repo_v1
5507,220.28,-0.039167435566553596,,9,1,val,current_repo_v1
5508,220.32,0.22969045923289158,,9,1,val,current_repo_v1
5509,220.36,0.29646920200935933,,9,1,val,current_repo_v1
5510,220.4,0.3394375852344034,,9,1,val,current_repo_v1
5511,220.44,0.258844618380482,,9,1,val,current_repo_v1
5512,220.48,0.5137702383917357,,9,1,val,current_repo_v1
5513,220.52,0.6076552085411852,,9,1,val,current_repo_v1
5514,220.56,0.4091086781427554,,9,1,val,current_repo_v1
5515,220.6,0.3056871161265797,,9,1,val,current_repo_v1
5516,220.64,0.37845949117397604,,9,1,val,current_repo_v1
5517,220.68,0.37498607848192095,,9,1,val,current_repo_v1
5518,220.72,0.44480796558435665,,9,1,val,current_repo_v1
5519,220.76,0.5844910647400354,,9,1,val,current_repo_v1
5520,220.8,0.5237857207705165,,9,1,val,current_repo_v1
5521,220.84,0.16234844722276032,,9,1,val,current_repo_v1
5522,220.88,0.17395506080559833,,9,1,val,current_repo_v1
5523,220.92,0.42137340205975354,,9,1,val,current_repo_v1
5524,220.96,0.5585940796043812,,9,1,val,current_repo_v1
5525,221.0,0.43040639180953516,,9,1,val,current_repo_v1
5526,221.04,0.42358783373410797,,9,1,val,current_repo_v1
5527,221.08,0.47484416881376046,,9,1,val,current_repo_v1
5528,221.12,0.23448548156800716,,9,1,val,current_repo_v1
5529,221.16,0.1767607503977403,,9,1,val,current_repo_v1
5530,221.2,0.29407292884951214,,9,1,val,current_repo_v1
5531,221.24,0.7349278387152685,,9,1,val,current_repo_v1
5532,221.28,0.5197282111856667,,9,1,val,current_repo_v1
5533,221.32,0.32257803211149255,,9,1,val,current_repo_v1
5534,221.36,0.4947156975979252,,9,1,val,current_repo_v1
5535,221.4,0.6764197399601216,,9,1,val,current_repo_v1
5536,221.44,0.8099097419554987,,9,1,val,current_repo_v1
5537,221.48,0.7093491429345443,,9,1,val,current_repo_v1
5538,221.52,0.382560452402002,,9,1,val,current_repo_v1
5539,221.56,0.4807234431567546,,9,1,val,current_repo_v1
5540,221.6,0.2874739350827596,,9,1,val,current_repo_v1
5541,221.64,0.12058615052911478,,9,1,val,current_repo_v1
5542,221.68,0.001270578236989632,,9,1,val,current_repo_v1
5543,221.72,-0.2464311878902455,,9,1,val,current_repo_v1
5544,221.76,-0.02543609731905789,,9,1,val,current_repo_v1
5545,221.8,0.2660687574917672,,9,1,val,current_repo_v1
5546,221.84,0.2521933612686132,,9,1,val,current_repo_v1
5547,221.88,0.25441643472228087,,9,1,val,current_repo_v1
5548,221.92,0.3274588896478766,,9,1,val,current_repo_v1
5549,221.96,0.03252846446747948,,9,1,val,current_repo_v1
5550,222.0,0.37628156858975387,,9,1,val,current_repo_v1
5551,222.04,0.7582757902494512,,9,1,val,current_repo_v1
5552,222.08,1.1855451190696396,,9,1,val,current_repo_v1
5553,222.12,1.5975889435716086,,9,1,val,current_repo_v1
5554,222.16,1.9643014893475506,,9,1,val,current_repo_v1
5555,222.2,1.4859004515572438,,9,1,val,current_repo_v1
5556,222.24,1.1505415434120754,,9,1,val,current_repo_v1
5557,222.28,1.392912381582135,,9,1,val,current_repo_v1
5558,222.32,1.0948545972081227,,9,1,val,current_repo_v1
5559,222.36,1.0173222038867615,,9,1,val,current_repo_v1
5560,222.4,1.1963052994983399,,9,1,val,current_repo_v1
5561,222.44,1.1156842954109725,,9,1,val,current_repo_v1
5562,222.48,1.4558129802438244,,9,1,val,current_repo_v1
5563,222.52,1.4310274832856822,,9,1,val,current_repo_v1
5564,222.56,1.6087178075514585,,9,1,val,current_repo_v1
5565,222.6,1.3897077379365859,,9,1,val,current_repo_v1
5566,222.64,1.3365941970937405,,9,1,val,current_repo_v1
5567,222.68,1.3711544203429427,,9,1,val,current_repo_v1
5568,222.72,0.8530232391039543,,9,1,val,current_repo_v1
5569,222.76,0.47748845618496516,,9,1,val,current_repo_v1
5570,222.8,0.4102324978480513,,9,1,val,current_repo_v1
5571,222.84,0.5743699390366164,,9,1,val,current_repo_v1
5572,222.88,0.7056399747349328,,9,1,val,current_repo_v1
5573,222.92,0.5722643063928291,,9,1,val,current_repo_v1
5574,222.96,0.26554170605230415,,9,1,val,current_repo_v1
5575,223.0,0.2926451903885936,,9,1,val,current_repo_v1
5576,223.04,0.5660622761572823,,9,1,val,current_repo_v1
5577,223.08,0.44663167231538026,,9,1,val,current_repo_v1
5578,223.12,0.6362920746630313,,9,1,val,current_repo_v1
5579,223.16,0.6675210861842709,,9,1,val,current_repo_v1
5580,223.2,0.49202489997625937,,9,1,val,current_repo_v1
5581,223.24,0.6117764633858006,,9,1,val,current_repo_v1
5582,223.28,0.7294446782903453,,9,1,val,current_repo_v1
5583,223.32,0.802337698402873,,9,1,val,current_repo_v1
5584,223.36,0.5810419267089726,,9,1,val,current_repo_v1
5585,223.4,0.7621532303990609,,9,1,val,current_repo_v1
5586,223.44,0.6970124689223652,,9,1,val,current_repo_v1
5587,223.48,0.17338043103059045,,9,1,val,current_repo_v1
5588,223.52,0.21146200942730733,,9,1,val,current_repo_v1
5589,223.56,0.05547723133897574,,9,1,val,current_repo_v1
5590,223.6,-0.2061569036407622,,9,1,val,current_repo_v1
5591,223.64,-0.2979423098116723,,9,1,val,current_repo_v1
5592,223.68,-0.12798873267335384,,9,1,val,current_repo_v1
5593,223.72,-0.26032947511871524,,9,1,val,current_repo_v1
5594,223.76,-0.047238177754603566,,9,1,val,current_repo_v1
5595,223.8,0.01270167388352338,,9,1,val,current_repo_v1
5596,223.84,-0.19109569022813813,,9,1,val,current_repo_v1
5597,223.88,-0.3620064415240409,,9,1,val,current_repo_v1
5598,223.92,-0.10041308190610464,,9,1,val,current_repo_v1
5599,223.96,-0.36329707669967537,,9,1,val,current_repo_v1
5600,224.0,0.017243074560592223,,9,1,val,current_repo_v1
5601,224.04,0.049733276093682714,,9,1,val,current_repo_v1
5602,224.08,0.16817203549343832,,9,1,val,current_repo_v1
5603,224.12,0.29742108429084735,,9,1,val,current_repo_v1
5604,224.16,0.05994379323620556,,9,1,val,current_repo_v1
5605,224.2,-0.08056786685445544,,9,1,val,current_repo_v1
5606,224.24,-0.4177022965285778,,9,1,val,current_repo_v1
5607,224.28,-0.11826120846059324,,9,1,val,current_repo_v1
5608,224.32,-0.5679150639321746,,9,1,val,current_repo_v1
5609,224.36,-0.5858726327957466,,9,1,val,current_repo_v1
5610,224.4,-0.20826253628454952,,9,1,val,current_repo_v1
5611,224.44,-0.023855692480826658,,9,1,val,current_repo_v1
5612,224.48,-0.5580534343547625,,9,1,val,current_repo_v1
5613,224.52,-0.6835173109889934,,9,1,val,current_repo_v1
5614,224.56,-0.19572401846622012,,9,1,val,current_repo_v1
5615,224.6,0.04438816566582239,,9,1,val,current_repo_v1
5616,224.64,-0.23757775780782334,,9,1,val,current_repo_v1
5617,224.68,-0.4093998284266961,,9,1,val,current_repo_v1
5618,224.72,-0.10796097217104314,,9,1,val,current_repo_v1
5619,224.76,-0.23840559657164107,,9,1,val,current_repo_v1
5620,224.8,-0.40061274099276567,,9,1,val,current_repo_v1
5621,224.84,-0.3160222957906281,,9,1,val,current_repo_v1
5622,224.88,-0.18695889960048762,,9,1,val,current_repo_v1
5623,224.92,-0.282017403960945,,9,1,val,current_repo_v1
5624,224.96,-0.1690331790921374,,9,1,val,current_repo_v1
5625,225.0,-0.29327924453371046,,9,1,val,current_repo_v1
5626,225.04,-0.6490742858030616,,9,1,val,current_repo_v1
5627,225.08,-0.7688433269685172,,9,1,val,current_repo_v1
5628,225.12,-0.9465810839218725,,9,1,val,current_repo_v1
5629,225.16,-0.9554917293802533,,9,1,val,current_repo_v1
5630,225.2,-0.4822245396431916,,9,1,val,current_repo_v1
5631,225.24,-0.09749378690051905,,9,1,val,current_repo_v1
5632,225.28,0.5449886176114608,,9,1,val,current_repo_v1
5633,225.32,0.5177029762190856,,9,1,val,current_repo_v1
5634,225.36,0.5854008790340238,,9,1,val,current_repo_v1
5635,225.4,0.4258646998365344,,9,1,val,current_repo_v1
5636,225.44,0.4097357411855065,,9,1,val,current_repo_v1
5637,225.48,0.3440955528335569,,9,1,val,current_repo_v1
5638,225.52,0.7515912283027011,,9,1,val,current_repo_v1
5639,225.56,0.815230213602452,,9,1,val,current_repo_v1
5640,225.6,0.6710844607699631,,9,1,val,current_repo_v1
5641,225.64,0.07232756009070955,,9,1,val,current_repo_v1
5642,225.68,-0.1664141130937036,,9,1,val,current_repo_v1
5643,225.72,-0.23820744251396156,,9,1,val,current_repo_v1
5644,225.76,-0.3800933457813795,,9,1,val,current_repo_v1
5645,225.8,0.0977188069392517,,9,1,val,current_repo_v1
5646,225.84,-0.22253489603890936,,9,1,val,current_repo_v1
5647,225.88,-0.3909508676006585,,9,1,val,current_repo_v1
5648,225.92,-0.2982058598060649,,9,1,val,current_repo_v1
5649,225.96,-0.2022483676504216,,9,1,val,current_repo_v1
5650,226.0,0.0597851340519604,,9,1,val,current_repo_v1
5651,226.04,0.2522455275150855,,9,1,val,current_repo_v1
5652,226.08,0.5640686953486351,,9,1,val,current_repo_v1
5653,226.12,0.23759635219814337,,9,1,val,current_repo_v1
5654,226.16,0.6580612022462801,,9,1,val,current_repo_v1
5655,226.2,0.38358848429502257,,9,1,val,current_repo_v1
5656,226.24,0.6770827295011411,,9,1,val,current_repo_v1
5657,226.28,0.5430982041120305,,9,1,val,current_repo_v1
5658,226.32,0.7829203970751947,,9,1,val,current_repo_v1
5659,226.36,1.0697591613784319,,9,1,val,current_repo_v1
5660,226.4,0.7195630463922756,,9,1,val,current_repo_v1
5661,226.44,0.6383294469601085,,9,1,val,current_repo_v1
5662,226.48,0.7002818773634417,,9,1,val,current_repo_v1
5663,226.52,0.026419551831498897,,9,1,val,current_repo_v1
5664,226.56,-0.23599820561705945,,9,1,val,current_repo_v1
5665,226.6,0.563369973506635,,9,1,val,current_repo_v1
5666,226.64,0.4265366224527991,,9,1,val,current_repo_v1
5667,226.68,0.42876144368205826,,9,1,val,current_repo_v1
5668,226.72,0.5947314761275702,,9,1,val,current_repo_v1
5669,226.76,0.7205486461778818,,9,1,val,current_repo_v1
5670,226.8,0.36481518972346794,,9,1,val,current_repo_v1
5671,226.84,0.4647541146764115,,9,1,val,current_repo_v1
5672,226.88,0.38594667051177295,,9,1,val,current_repo_v1
5673,226.92,0.12039401658736135,,9,1,val,current_repo_v1
5674,226.96,-0.13732367493121775,,9,1,val,current_repo_v1
5675,227.0,0.3044759561910338,,9,1,val,current_repo_v1
5676,227.04,0.1547231450639176,,9,1,val,current_repo_v1
5677,227.08,0.15802059073844005,,9,1,val,current_repo_v1
5678,227.12,0.03716608990072149,,9,1,val,current_repo_v1
5679,227.16,0.022060672330430568,,9,1,val,current_repo_v1
5680,227.2,-0.15706424191932947,,9,1,val,current_repo_v1
5681,227.24,-0.12642153628503502,,9,1,val,current_repo_v1
5682,227.28,0.1910046117000953,,9,1,val,current_repo_v1
5683,227.32,-0.060478642910512435,,9,1,val,current_repo_v1
5684,227.36,-0.7496288647080899,,9,1,val,current_repo_v1
5685,227.4,-1.0150998101236017,,9,1,val,current_repo_v1
5686,227.44,-0.6076397213074721,,9,1,val,current_repo_v1
5687,227.48,-0.38112866007269774,,9,1,val,current_repo_v1
5688,227.52,-0.059265322530138206,,9,1,val,current_repo_v1
5689,227.56,-0.027751475171148496,,9,1,val,current_repo_v1
5690,227.6,0.01992559452285969,,9,1,val,current_repo_v1
5691,227.64,0.056100628907916984,,9,1,val,current_repo_v1
5692,227.68,0.08121935627482994,,9,1,val,current_repo_v1
5693,227.72,0.2922373518092633,,9,1,val,current_repo_v1
5694,227.76,0.33406016523276244,,9,1,val,current_repo_v1
5695,227.8,0.09541235002507573,,9,1,val,current_repo_v1
5696,227.84,-0.4427808371942182,,9,1,val,current_repo_v1
5697,227.88,-0.30585628623903455,,9,1,val,current_repo_v1
5698,227.92,-0.46677250418859273,,9,1,val,current_repo_v1
5699,227.96,-0.3159367761599525,,9,1,val,current_repo_v1
5700,228.0,-0.4564013494769539,,9,1,val,current_repo_v1
5701,228.04,-0.6458208015395961,,9,1,val,current_repo_v1
5702,228.08,-1.3399829397682548,,9,1,val,current_repo_v1
5703,228.12,-1.7051123892529279,,9,1,val,current_repo_v1
5704,228.16,-1.3826305090736255,,9,1,val,current_repo_v1
5705,228.2,-1.6740035373035997,,9,1,val,current_repo_v1
5706,228.24,-1.5324664366399792,,9,1,val,current_repo_v1
5707,228.28,-1.8239683147705001,,9,1,val,current_repo_v1
5708,228.32,-1.82648355804387,,9,1,val,current_repo_v1
5709,228.36,-1.7796928866989907,,9,1,val,current_repo_v1
5710,228.4,-1.7341631383446914,,9,1,val,current_repo_v1
5711,228.44,-1.1487964865826665,,9,1,val,current_repo_v1
5712,228.48,-1.1545985189543835,,9,1,val,current_repo_v1
5713,228.52,-1.2266550342491191,,9,1,val,current_repo_v1
5714,228.56,-1.3527407305993269,,9,1,val,current_repo_v1
5715,228.6,-1.6720165106534204,,9,1,val,current_repo_v1
5716,228.64,-1.6239170466864845,,9,1,val,current_repo_v1
5717,228.68,-1.7806058081495864,,9,1,val,current_repo_v1
5718,228.72,-1.688633972582256,,9,1,val,current_repo_v1
5719,228.76,-1.6130352016568912,,9,1,val,current_repo_v1
5720,228.8,-1.557296501875703,,9,1,val,current_repo_v1
5721,228.84,-1.8851926995413546,,9,1,val,current_repo_v1
5722,228.88,-1.7183003270767823,,9,1,val,current_repo_v1
5723,228.92,-1.6541994920769933,,9,1,val,current_repo_v1
5724,228.96,-1.6878373753071352,,9,1,val,current_repo_v1
5725,229.0,-1.3323962343203897,,9,1,val,current_repo_v1
5726,229.04,-1.0357825009794825,,9,1,val,current_repo_v1
5727,229.08,-0.8081708994393039,,9,1,val,current_repo_v1
5728,229.12,-0.56756143067084,,9,1,val,current_repo_v1
5729,229.16,-1.1722885325044994,,9,1,val,current_repo_v1
5730,229.2,-1.2011340150629126,,9,1,val,current_repo_v1
5731,229.24,-1.1236645416628435,,9,1,val,current_repo_v1
5732,229.28,-1.5679808482634636,,9,1,val,current_repo_v1
5733,229.32,-1.7219916291259034,,9,1,val,current_repo_v1
5734,229.36,-1.786165288108669,,9,1,val,current_repo_v1
5735,229.4,-1.6663212867900694,,9,1,val,current_repo_v1
5736,229.44,-1.6946637983727237,,9,1,val,current_repo_v1
5737,229.48,-1.825157384764543,,9,1,val,current_repo_v1
5738,229.52,-2.2745807887419947,,9,1,val,current_repo_v1
5739,229.56,-2.5219450217767982,,9,1,val,current_repo_v1
5740,229.6,-1.8579518691731711,,9,1,val,current_repo_v1
5741,229.64,-1.83890538756681,,9,1,val,current_repo_v1
5742,229.68,-2.006270630427511,,9,1,val,current_repo_v1
5743,229.72,-2.042847301216015,,9,1,val,current_repo_v1
5744,229.76,-2.2878934012247054,,9,1,val,current_repo_v1
5745,229.8,-2.189111260966685,,9,1,val,current_repo_v1
5746,229.84,-2.329816323350136,,9,1,val,current_repo_v1
5747,229.88,-1.608498753010665,,9,1,val,current_repo_v1
5748,229.92,-1.1712623940350362,,9,1,val,current_repo_v1
5749,229.96,-1.1294338517915428,,9,1,val,current_repo_v1
5750,230.0,-0.4950546204146986,,9,1,val,current_repo_v1
5751,230.04,-0.650471146895198,,9,1,val,current_repo_v1
5752,230.08,-0.6991545621069629,,9,1,val,current_repo_v1
5753,230.12,-0.9503220033780618,,9,1,val,current_repo_v1
5754,230.16,-0.7782015486262727,,9,1,val,current_repo_v1
5755,230.2,-1.1244076375851373,,9,1,val,current_repo_v1
5756,230.24,-1.660455363510621,,9,1,val,current_repo_v1
5757,230.28,-1.7153223116662564,,9,1,val,current_repo_v1
5758,230.32,-1.4158930089461836,,9,1,val,current_repo_v1
5759,230.36,-1.3014757537403612,,9,1,val,current_repo_v1
5760,230.4,-1.0175233922770652,,9,1,val,current_repo_v1
5761,230.44,-1.1840655299328418,,9,1,val,current_repo_v1
5762,230.48,-1.0278849827722731,,9,1,val,current_repo_v1
5763,230.52,-0.9104309674763237,,9,1,val,current_repo_v1
5764,230.56,-1.332584896985621,,9,1,val,current_repo_v1
5765,230.6,-1.3696483232763412,,9,1,val,current_repo_v1
5766,230.64,-0.8261652686889401,,9,1,val,current_repo_v1
5767,230.68,-0.33067710282892043,,9,1,val,current_repo_v1
5768,230.72,-0.4592788677909719,,9,1,val,current_repo_v1
5769,230.76,-0.32855729378311366,,9,1,val,current_repo_v1
5770,230.8,0.12891323313724262,,9,1,val,current_repo_v1
5771,230.84,0.14039182215800766,,9,1,val,current_repo_v1
5772,230.88,0.23737118044277952,,9,1,val,current_repo_v1
5773,230.92,0.0753234902010476,,9,1,val,current_repo_v1
5774,230.96,0.035675868462408986,,9,1,val,current_repo_v1
5775,231.0,0.2662783206401131,,9,1,val,current_repo_v1
5776,231.04,0.264543459168321,,9,1,val,current_repo_v1
5777,231.08,0.4233632445706079,,9,1,val,current_repo_v1
5778,231.12,0.5655194461881743,,9,1,val,current_repo_v1
5779,231.16,0.3023397374743963,,9,1,val,current_repo_v1
5780,231.2,0.8841095641678817,,9,1,val,current_repo_v1
5781,231.24,0.3928421792625455,,9,1,val,current_repo_v1
5782,231.28,0.10940366382313288,,9,1,val,current_repo_v1
5783,231.32,0.06349819833466115,,9,1,val,current_repo_v1
5784,231.36,-0.33263854398641396,,9,1,val,current_repo_v1
5785,231.4,-0.5127062314511247,,9,1,val,current_repo_v1
5786,231.44,-0.47324893519199557,,9,1,val,current_repo_v1
5787,231.48,-0.4366714876143397,,9,1,val,current_repo_v1
5788,231.52,-0.7564109136933849,,9,1,val,current_repo_v1
5789,231.56,-0.6105637013226292,,9,1,val,current_repo_v1
5790,231.6,-0.15979205839900842,,9,1,val,current_repo_v1
5791,231.64,-0.3142857593672276,,9,1,val,current_repo_v1
5792,231.68,0.16707834064243376,,9,1,val,current_repo_v1
5793,231.72,-0.2071502470432249,,9,1,val,current_repo_v1
5794,231.76,-0.5916376220347894,,9,1,val,current_repo_v1
5795,231.8,-0.4374857082933408,,9,1,val,current_repo_v1
5796,231.84,-0.23361450673160625,,9,1,val,current_repo_v1
5797,231.88,0.2052249994052708,,9,1,val,current_repo_v1
5798,231.92,-0.34092991856822225,,9,1,val,current_repo_v1
5799,231.96,-0.0725759930399692,,9,1,val,current_repo_v1
5800,232.0,0.18051169528891944,,9,1,val,current_repo_v1
5801,232.04,-0.07410602492230894,,9,1,val,current_repo_v1
5802,232.08,-0.10168081393909294,,9,1,val,current_repo_v1
5803,232.12,-0.21451988847249753,,9,1,val,current_repo_v1
5804,232.16,-0.600574289929754,,9,1,val,current_repo_v1
5805,232.2,-0.4764764941175214,,9,1,val,current_repo_v1
5806,232.24,-0.5826659986279962,,9,1,val,current_repo_v1
5807,232.28,-0.7901236114287046,,9,1,val,current_repo_v1
5808,232.32,-1.3181796334623288,,9,1,val,current_repo_v1
5809,232.36,-1.7374520636132056,,9,1,val,current_repo_v1
5810,232.4,-1.6796873035269626,,9,1,val,current_repo_v1
5811,232.44,-1.7406044681882995,,9,1,val,current_repo_v1
5812,232.48,-1.0995429081335164,,9,1,val,current_repo_v1
5813,232.52,-1.5482646773096491,,9,1,val,current_repo_v1
5814,232.56,-1.898748058633987,,9,1,val,current_repo_v1
5815,232.6,-1.7122809879398628,,9,1,val,current_repo_v1
5816,232.64,-1.6367900936079478,,9,1,val,current_repo_v1
5817,232.68,-1.1610080975414139,,9,1,val,current_repo_v1
5818,232.72,-0.6321429525075968,,9,1,val,current_repo_v1
5819,232.76,-0.9739503757960268,,9,1,val,current_repo_v1
5820,232.8,-1.0227211797873637,,9,1,val,current_repo_v1
5821,232.84,-0.5952653730214331,,9,1,val,current_repo_v1
5822,232.88,-0.7245216799424787,,9,1,val,current_repo_v1
5823,232.92,-0.33503042343262157,,9,1,val,current_repo_v1
5824,232.96,0.2638309250442163,,9,1,val,current_repo_v1
5825,233.0,-0.14222130625834745,,9,1,val,current_repo_v1
5826,233.04,-0.10843980199644522,,9,1,val,current_repo_v1
5827,233.08,0.3181222481637433,,9,1,val,current_repo_v1
5828,233.12,0.27726092978748507,,9,1,val,current_repo_v1
5829,233.16,0.0995963184563646,,9,1,val,current_repo_v1
5830,233.2,0.17464334454337177,,9,1,val,current_repo_v1
5831,233.24,0.049392059321445546,,9,1,val,current_repo_v1
5832,233.28,0.4013316593527113,,9,1,val,current_repo_v1
5833,233.32,0.5614058135871104,,9,1,val,current_repo_v1
5834,233.36,0.1483431087393149,,9,1,val,current_repo_v1
5835,233.4,0.26531252897787655,,9,1,val,current_repo_v1
5836,233.44,0.10215966803915599,,9,1,val,current_repo_v1
5837,233.48,0.5556978212520773,,9,1,val,current_repo_v1
5838,233.52,0.7684011397438829,,9,1,val,current_repo_v1
5839,233.56,0.4061741143754057,,9,1,val,current_repo_v1
5840,233.6,0.6363627139265187,,9,1,val,current_repo_v1
5841,233.64,0.8975981193934636,,9,1,val,current_repo_v1
5842,233.68,0.8967958903969927,,9,1,val,current_repo_v1
5843,233.72,0.7525679435623842,,9,1,val,current_repo_v1
5844,233.76,0.6292018831311011,,9,1,val,current_repo_v1
5845,233.8,0.24153277977396406,,9,1,val,current_repo_v1
5846,233.84,0.3157595711347093,,9,1,val,current_repo_v1
5847,233.88,0.2949824518475687,,9,1,val,current_repo_v1
5848,233.92,0.08264351422325211,,9,1,val,current_repo_v1
5849,233.96,0.6111312428966273,,9,1,val,current_repo_v1
5850,234.0,0.7285629255044639,,9,1,val,current_repo_v1
5851,234.04,0.6758925914220145,,9,1,val,current_repo_v1
5852,234.08,0.707284340270546,,9,1,val,current_repo_v1
5853,234.12,0.3565441330329101,,9,1,val,current_repo_v1
5854,234.16,0.4571914411429287,,9,1,val,current_repo_v1
5855,234.2,0.35272495206968185,,9,1,val,current_repo_v1
5856,234.24,0.23998789179909708,,9,1,val,current_repo_v1
5857,234.28,0.48963350602327166,,9,1,val,current_repo_v1
5858,234.32,0.8543695118025829,,9,1,val,current_repo_v1
5859,234.36,0.9921514195093508,,9,1,val,current_repo_v1
5860,234.4,0.5416855159409272,,9,1,val,current_repo_v1
5861,234.44,0.7924502405861651,,9,1,val,current_repo_v1
5862,234.48,0.38884448244238046,,9,1,val,current_repo_v1
5863,234.52,-0.0479449709213836,,9,1,val,current_repo_v1
5864,234.56,0.04136342153288658,,9,1,val,current_repo_v1
5865,234.6,0.2370672859618179,,9,1,val,current_repo_v1
5866,234.64,0.48566746336104044,,9,1,val,current_repo_v1
5867,234.68,0.21160928379554717,,9,1,val,current_repo_v1
5868,234.72,0.24269068110329306,,9,1,val,current_repo_v1
5869,234.76,0.19254204735403768,,9,1,val,current_repo_v1
5870,234.8,-0.3688310925393771,,9,1,val,current_repo_v1
5871,234.84,-0.3754112977185217,,9,1,val,current_repo_v1
5872,234.88,-0.16856297890871805,,9,1,val,current_repo_v1
5873,234.92,-0.5007788282232745,,9,1,val,current_repo_v1
5874,234.96,0.06616623846164676,,9,1,val,current_repo_v1
5875,235.0,0.43504741569531613,,9,1,val,current_repo_v1
5876,235.04,0.7312331382136082,,9,1,val,current_repo_v1
5877,235.08,0.6563892121464577,,9,1,val,current_repo_v1
5878,235.12,0.04527962831610075,,9,1,val,current_repo_v1
5879,235.16,-0.1274259003835882,,9,1,val,current_repo_v1
5880,235.2,0.05563229787339405,,9,1,val,current_repo_v1
5881,235.24,0.301816375783404,,9,1,val,current_repo_v1
5882,235.28,-0.15552272812234041,,9,1,val,current_repo_v1
5883,235.32,-0.13609280397094614,,9,1,val,current_repo_v1
5884,235.36,0.11153371677587837,,9,1,val,current_repo_v1
5885,235.4,0.18529904683116147,,9,1,val,current_repo_v1
5886,235.44,-0.2671459455732971,,9,1,val,current_repo_v1
5887,235.48,0.21275830059895298,,9,1,val,current_repo_v1
5888,235.52,-0.08091113483554646,,9,1,val,current_repo_v1
5889,235.56,0.3412626513464426,,9,1,val,current_repo_v1
5890,235.6,0.4495704598737426,,9,1,val,current_repo_v1
5891,235.64,0.3714599412261908,,9,1,val,current_repo_v1
5892,235.68,0.5562963372935015,,9,1,val,current_repo_v1
5893,235.72,0.739984930290456,,9,1,val,current_repo_v1
5894,235.76,0.6450233303766796,,9,1,val,current_repo_v1
5895,235.8,0.17957891716563232,,9,1,val,current_repo_v1
5896,235.84,0.11657238388337288,,9,1,val,current_repo_v1
5897,235.88,-0.10604834735680499,,9,1,val,current_repo_v1
5898,235.92,-0.3499535140241999,,9,1,val,current_repo_v1
5899,235.96,-0.4458697392561564,,9,1,val,current_repo_v1
5900,236.0,-0.32223328337608104,,9,1,val,current_repo_v1
5901,236.04,-0.39201247134983136,,9,1,val,current_repo_v1
5902,236.08,0.03681408304167328,,9,1,val,current_repo_v1
5903,236.12,-0.054053370755150716,,9,1,val,current_repo_v1
5904,236.16,-0.05401775982747513,,9,1,val,current_repo_v1
5905,236.2,-0.2072763781817405,,9,1,val,current_repo_v1
5906,236.24,-0.4282617255108724,,9,1,val,current_repo_v1
5907,236.28,-0.29300530498441324,,9,1,val,current_repo_v1
5908,236.32,-0.1363310354939238,,9,1,val,current_repo_v1
5909,236.36,0.20473397156272014,,9,1,val,current_repo_v1
5910,236.4,0.1248458194907079,,9,1,val,current_repo_v1
5911,236.44,0.1255183975228194,,9,1,val,current_repo_v1
5912,236.48,0.08487185527835511,,9,1,val,current_repo_v1
5913,236.52,-0.021595354388203293,,9,1,val,current_repo_v1
5914,236.56,0.2705867816703006,,9,1,val,current_repo_v1
5915,236.6,0.23581510184919513,,9,1,val,current_repo_v1
5916,236.64,0.24709684764397422,,9,1,val,current_repo_v1
5917,236.68,0.4004003862584057,,9,1,val,current_repo_v1
5918,236.72,0.1720257592992585,,9,1,val,current_repo_v1
5919,236.76,0.1826989393429626,,9,1,val,current_repo_v1
5920,236.8,0.5784356534568816,,9,1,val,current_repo_v1
5921,236.84,0.38285786554847867,,9,1,val,current_repo_v1
5922,236.88,0.2252647030407897,,9,1,val,current_repo_v1
5923,236.92,-0.09483464343678709,,9,1,val,current_repo_v1
5924,236.96,0.20197166078977125,,9,1,val,current_repo_v1
5925,237.0,-0.1242453857510653,,9,1,val,current_repo_v1
5926,237.04,-0.3557168768609562,,9,1,val,current_repo_v1
5927,237.08,0.11672261976025373,,9,1,val,current_repo_v1
5928,237.12,0.26441876023480393,,9,1,val,current_repo_v1
5929,237.16,0.4450099307638119,,9,1,val,current_repo_v1
5930,237.2,0.15299100235415664,,9,1,val,current_repo_v1
5931,237.24,0.15332057942644803,,9,1,val,current_repo_v1
5932,237.28,-0.06124686310693328,,9,1,val,current_repo_v1
5933,237.32,0.09903262441613371,,9,1,val,current_repo_v1
5934,237.36,-0.16889003141626627,,9,1,val,current_repo_v1
5935,237.4,-0.5572639252806515,,9,1,val,current_repo_v1
5936,237.44,-0.5587735664477578,,9,1,val,current_repo_v1
5937,237.48,-0.7287204195049815,,9,1,val,current_repo_v1
5938,237.52,-0.4496643057131386,,9,1,val,current_repo_v1
5939,237.56,0.44022830804156404,,9,1,val,current_repo_v1
5940,237.6,0.5363672290134632,,9,1,val,current_repo_v1
5941,237.64,0.17906140566793916,,9,1,val,current_repo_v1
5942,237.68,-0.2922879402027711,,9,1,val,current_repo_v1
5943,237.72,-0.5556712647729518,,9,1,val,current_repo_v1
5944,237.76,-0.016303329609600337,,9,1,val,current_repo_v1
5945,237.8,0.40986789243994814,,9,1,val,current_repo_v1
5946,237.84,0.3397591273939064,,9,1,val,current_repo_v1
5947,237.88,-0.00520213874328138,,9,1,val,current_repo_v1
5948,237.92,0.5288306264658861,,9,1,val,current_repo_v1
5949,237.96,0.39571168693843606,,9,1,val,current_repo_v1
5950,238.0,0.13930048194911934,,9,1,val,current_repo_v1
5951,238.04,0.2529914150233935,,9,1,val,current_repo_v1
5952,238.08,0.3428394362258534,,9,1,val,current_repo_v1
5953,238.12,0.1916082011456669,,9,1,val,current_repo_v1
5954,238.16,0.19112222243260263,,9,1,val,current_repo_v1
5955,238.2,-0.16518579097283617,,9,1,val,current_repo_v1
5956,238.24,0.11486786573782104,,9,1,val,current_repo_v1
5957,238.28,0.06814737850653546,,9,1,val,current_repo_v1
5958,238.32,-0.21218049084335514,,9,1,val,current_repo_v1
5959,238.36,0.09907657368986013,,9,1,val,current_repo_v1
5960,238.4,0.04576841075250963,,9,1,val,current_repo_v1
5961,238.44,-0.1127994461493348,,9,1,val,current_repo_v1
5962,238.48,0.0814020595107879,,9,1,val,current_repo_v1
5963,238.52,0.33632717582282606,,9,1,val,current_repo_v1
5964,238.56,0.11518127588589161,,9,1,val,current_repo_v1
5965,238.6,0.06419199242047985,,9,1,val,current_repo_v1
5966,238.64,0.2658083389286427,,9,1,val,current_repo_v1
5967,238.68,0.24314019927554703,,9,1,val,current_repo_v1
5968,238.72,0.1335097858440858,,9,1,val,current_repo_v1
5969,238.76,0.15048449795874375,,9,1,val,current_repo_v1
5970,238.8,-0.22587924035846876,,9,1,val,current_repo_v1
5971,238.84,-0.6012655837254904,,9,1,val,current_repo_v1
5972,238.88,-0.04795411033124717,,9,1,val,current_repo_v1
5973,238.92,0.1537578388949009,,9,1,val,current_repo_v1
5974,238.96,0.11076554512877951,,9,1,val,current_repo_v1
5975,239.0,0.2244007193067545,,9,1,val,current_repo_v1
5976,239.04,0.1697877569290806,,9,1,val,current_repo_v1
5977,239.08,-0.04197239691886583,,9,1,val,current_repo_v1
5978,239.12,0.1638639871324877,,9,1,val,current_repo_v1
5979,239.16,0.5375340634180373,,9,1,val,current_repo_v1
5980,239.2,0.3961462519195188,,9,1,val,current_repo_v1
5981,239.24,0.29215098256545297,,9,1,val,current_repo_v1
5982,239.28,0.018711242469393295,,9,1,val,current_repo_v1
5983,239.32,-0.22630135243846253,,9,1,val,current_repo_v1
5984,239.36,0.11267248967234549,,9,1,val,current_repo_v1
5985,239.4,0.1567904722926592,,9,1,val,current_repo_v1
5986,239.44,0.3408294942956974,,9,1,val,current_repo_v1
5987,239.48,0.020897454850344287,,9,1,val,current_repo_v1
5988,239.52,0.455190140992086,,9,1,val,current_repo_v1
5989,239.56,0.3735169759986717,,9,1,val,current_repo_v1
5990,239.6,0.3260629995421799,,9,1,val,current_repo_v1
5991,239.64,0.19874516994932906,,9,1,val,current_repo_v1
5992,239.68,0.5371330460184458,,9,1,val,current_repo_v1
5993,239.72,0.4273101102506553,,9,1,val,current_repo_v1
5994,239.76,0.6043419115130347,,9,1,val,current_repo_v1
5995,239.8,0.10129921019962995,,9,1,val,current_repo_v1
5996,239.84,0.17159502971461252,,9,1,val,current_repo_v1
5997,239.88,0.23976801191982952,,9,1,val,current_repo_v1
5998,239.92,0.3269823052286163,,9,1,val,current_repo_v1
5999,239.96,0.30990117300016845,,9,1,val,current_repo_v1
6000,240.0,0.23090618280470404,,9,1,val,current_repo_v1
6001,240.04,0.023396082118265178,,9,1,val,current_repo_v1
6002,240.08,0.32381710790717955,,9,1,val,current_repo_v1
6003,240.12,0.11147574888542894,,9,1,val,current_repo_v1
6004,240.16,0.03520036426556285,,9,1,val,current_repo_v1
6005,240.2,-0.06869180453460377,,9,1,val,current_repo_v1
6006,240.24,-0.44274330856832417,,9,1,val,current_repo_v1
6007,240.28,-0.7766913248673025,,9,1,val,current_repo_v1
6008,240.32,-0.41936661583552653,,9,1,val,current_repo_v1
6009,240.36,-0.6440618110547777,,9,1,val,current_repo_v1
6010,240.4,-0.6924395111860066,,9,1,val,current_repo_v1
6011,240.44,-0.6457734174013393,,9,1,val,current_repo_v1
6012,240.48,-0.6506728693280434,,9,1,val,current_repo_v1
6013,240.52,-0.46305236384221277,,9,1,val,current_repo_v1
6014,240.56,-0.3712512762403017,,9,1,val,current_repo_v1
6015,240.6,-0.34559497436838543,,9,1,val,current_repo_v1
6016,240.64,0.25645205924376663,,9,1,val,current_repo_v1
6017,240.68,-0.055952559544529684,,9,1,val,current_repo_v1
6018,240.72,-0.8850020949032437,,9,1,val,current_repo_v1
6019,240.76,-0.5030021929728741,,9,1,val,current_repo_v1
6020,240.8,-0.5299851778919982,,9,1,val,current_repo_v1
6021,240.84,-0.7023897918253622,,9,1,val,current_repo_v1
6022,240.88,-0.685497443635451,,9,1,val,current_repo_v1
6023,240.92,-0.5802333863006436,,9,1,val,current_repo_v1
6024,240.96,-0.3799964656093595,,9,1,val,current_repo_v1
6025,241.0,-0.20873086731907245,,9,1,val,current_repo_v1
6026,241.04,0.0870159389851541,,9,1,val,current_repo_v1
6027,241.08,0.5365015164380722,,9,1,val,current_repo_v1
6028,241.12,-0.004753288124204701,,9,1,val,current_repo_v1
6029,241.16,-0.301835140096351,,9,1,val,current_repo_v1
6030,241.2,-0.19547891721418165,,9,1,val,current_repo_v1
6031,241.24,-0.42409420316240576,,9,1,val,current_repo_v1
6032,241.28,-0.32053444550120136,,9,1,val,current_repo_v1
6033,241.32,-0.34641980307424014,,9,1,val,current_repo_v1
6034,241.36,-0.40829644798595566,,9,1,val,current_repo_v1
6035,241.4,-0.6325971314147613,,9,1,val,current_repo_v1
6036,241.44,-0.2578354478990524,,9,1,val,current_repo_v1
6037,241.48,0.26804469062187314,,9,1,val,current_repo_v1
6038,241.52,1.029249121621392,,9,1,val,current_repo_v1
6039,241.56,1.022633208415928,,9,1,val,current_repo_v1
6040,241.6,0.2003033604384198,,9,1,val,current_repo_v1
6041,241.64,-0.27195451316924635,,9,1,val,current_repo_v1
6042,241.68,-0.6074809164752609,,9,1,val,current_repo_v1
6043,241.72,-1.191276463628547,,9,1,val,current_repo_v1
6044,241.76,-0.9688613387669734,,9,1,val,current_repo_v1
6045,241.8,-0.8853326186873137,,9,1,val,current_repo_v1
6046,241.84,-1.1573332051631233,,9,1,val,current_repo_v1
6047,241.88,-1.55983417493583,,9,1,val,current_repo_v1
6048,241.92,-1.0129723788342433,,9,1,val,current_repo_v1
6049,241.96,-1.5255339818551763,,9,1,val,current_repo_v1
6050,242.0,-1.666859407474945,,9,1,val,current_repo_v1
6051,242.04,-1.9940694090236684,,9,1,val,current_repo_v1
6052,242.08,-1.7999014448763715,,9,1,val,current_repo_v1
6053,242.12,-0.5538504224519253,,9,1,val,current_repo_v1
6054,242.16,-0.21466407995879133,,9,1,val,current_repo_v1
6055,242.2,-0.6689942668105668,,9,1,val,current_repo_v1
6056,242.24,-1.5199371189181659,,9,1,val,current_repo_v1
6057,242.28,-2.069177928895634,,9,1,val,current_repo_v1
6058,242.32,-1.5387660024633927,,9,1,val,current_repo_v1
6059,242.36,-0.3311419383122605,,9,1,val,current_repo_v1
6060,242.4,0.2619849341744018,,9,1,val,current_repo_v1
6061,242.44,0.7184963206896334,,9,1,val,current_repo_v1
6062,242.48,0.818506710244538,,9,1,val,current_repo_v1
6063,242.52,0.6230333033784017,,9,1,val,current_repo_v1
6064,242.56,0.7872061370226934,,9,1,val,current_repo_v1
6065,242.6,0.9480246494617579,,9,1,val,current_repo_v1
6066,242.64,1.0950873426577161,,9,1,val,current_repo_v1
6067,242.68,0.9011790202843922,,9,1,val,current_repo_v1
6068,242.72,0.6760404726567791,,9,1,val,current_repo_v1
6069,242.76,0.8741391841092243,,9,1,val,current_repo_v1
6070,242.8,0.7396427546691097,,9,1,val,current_repo_v1
6071,242.84,0.7298282664833444,,9,1,val,current_repo_v1
6072,242.88,0.7598282033692259,,9,1,val,current_repo_v1
6073,242.92,0.4335389882612594,,9,1,val,current_repo_v1
6074,242.96,0.30249315333186716,,9,1,val,current_repo_v1
6075,243.0,0.19726121137355257,,9,1,val,current_repo_v1
6076,243.04,-0.2298966967526815,,9,1,val,current_repo_v1
6077,243.08,-0.04669498366558062,,9,1,val,current_repo_v1
6078,243.12,0.05517294846343823,,9,1,val,current_repo_v1
6079,243.16,0.18411949250422743,,9,1,val,current_repo_v1
6080,243.2,-0.4436966230548107,,9,1,val,current_repo_v1
6081,243.24,0.1422991065468275,,9,1,val,current_repo_v1
6082,243.28,0.3790955843906162,,9,1,val,current_repo_v1
6083,243.32,0.6532500129869436,,9,1,val,current_repo_v1
6084,243.36,1.2196232475515363,,9,1,val,current_repo_v1
6085,243.4,1.0397551948988257,,9,1,val,current_repo_v1
6086,243.44,1.0017925380663097,,9,1,val,current_repo_v1
6087,243.48,1.0766951117144175,,9,1,val,current_repo_v1
6088,243.52,0.43940772740138295,,9,1,val,current_repo_v1
6089,243.56,-0.11107902810083306,,9,1,val,current_repo_v1
6090,243.6,-0.11730373086974653,,9,1,val,current_repo_v1
6091,243.64,0.6636925352018996,,9,1,val,current_repo_v1
6092,243.68,0.6891469932676655,,9,1,val,current_repo_v1
6093,243.72,0.8187682939913903,,9,1,val,current_repo_v1
6094,243.76,0.7427852551825187,,9,1,val,current_repo_v1
6095,243.8,0.5623162590222847,,9,1,val,current_repo_v1
6096,243.84,0.38765293643291626,,9,1,val,current_repo_v1
6097,243.88,0.5345325015863491,,9,1,val,current_repo_v1
6098,243.92,0.6103892150594171,,9,1,val,current_repo_v1
6099,243.96,0.6230826294895379,,9,1,val,current_repo_v1
6100,244.0,0.6166020717937664,,9,1,val,current_repo_v1
6101,244.04,1.0118512778909785,,9,1,val,current_repo_v1
6102,244.08,1.3244379323620556,,9,1,val,current_repo_v1
6103,244.12,1.1270586247627759,,9,1,val,current_repo_v1
6104,244.16,1.1857179546559042,,9,1,val,current_repo_v1
6105,244.2,1.2620054462629402,,9,1,val,current_repo_v1
6106,244.24,1.351728865630527,,9,1,val,current_repo_v1
6107,244.28,1.3962731598471863,,9,1,val,current_repo_v1
6108,244.32,1.51507432172956,,9,1,val,current_repo_v1
6109,244.36,1.4564653860326513,,9,1,val,current_repo_v1
6110,244.4,1.1339849623330085,,9,1,val,current_repo_v1
6111,244.44,0.4731908216535802,,9,1,val,current_repo_v1
6112,244.48,0.7051453542425553,,9,1,val,current_repo_v1
6113,244.52,0.8837651552777239,,9,1,val,current_repo_v1
6114,244.56,1.0561393287862038,,9,1,val,current_repo_v1
6115,244.6,0.6090918315280268,,9,1,val,current_repo_v1
6116,244.64,-0.19604684718275567,,9,1,val,current_repo_v1
6117,244.68,-0.6491521103662027,,9,1,val,current_repo_v1
6118,244.72,-1.06270513909138,,9,1,val,current_repo_v1
6119,244.76,-1.2446897479853245,,9,1,val,current_repo_v1
6120,244.8,-1.0088501530031881,,9,1,val,current_repo_v1
6121,244.84,-0.4405339745727781,,9,1,val,current_repo_v1
6122,244.88,-0.24161439118421993,,9,1,val,current_repo_v1
6123,244.92,0.390999295549338,,9,1,val,current_repo_v1
6124,244.96,0.7000932146982102,,9,1,val,current_repo_v1
6125,245.0,0.7802903832046534,,9,1,val,current_repo_v1
6126,245.04,0.6553393816078662,,9,1,val,current_repo_v1
6127,245.08,0.42459484377070933,,9,1,val,current_repo_v1
6128,245.12,0.2768469497189237,,9,1,val,current_repo_v1
6129,245.16,0.37122224374575497,,9,1,val,current_repo_v1
6130,245.2,0.274577074718863,,9,1,val,current_repo_v1
6131,245.24,0.55988384089222,,9,1,val,current_repo_v1
6132,245.28,0.8512744925260747,,9,1,val,current_repo_v1
6133,245.32,0.8336841021846709,,9,1,val,current_repo_v1
6134,245.36,0.9987346104717975,,9,1,val,current_repo_v1
6135,245.4,1.3982588271163499,,9,1,val,current_repo_v1
6136,245.44,1.002949856803775,,9,1,val,current_repo_v1
6137,245.48,0.8472478117606849,,9,1,val,current_repo_v1
6138,245.52,0.8230482080202509,,9,1,val,current_repo_v1
6139,245.56,0.9061035722105623,,9,1,val,current_repo_v1
6140,245.6,1.2807978207180348,,9,1,val,current_repo_v1
6141,245.64,1.2400678525324054,,9,1,val,current_repo_v1
6142,245.68,1.3486814246895635,,9,1,val,current_repo_v1
6143,245.72,1.3312061933399069,,9,1,val,current_repo_v1
6144,245.76,1.5224697428488063,,9,1,val,current_repo_v1
6145,245.8,1.4828639827630488,,9,1,val,current_repo_v1
6146,245.84,1.494859840534897,,9,1,val,current_repo_v1
6147,245.88,1.1574480728589385,,9,1,val,current_repo_v1
6148,245.92,0.8475865889294923,,9,1,val,current_repo_v1
6149,245.96,1.0345007017804493,,9,1,val,current_repo_v1
6150,246.0,1.2439481085426902,,9,1,val,current_repo_v1
6151,246.04,1.1917802113934577,,9,1,val,current_repo_v1
6152,246.08,0.9975037880608478,,9,1,val,current_repo_v1
6153,246.12,1.1313080498174304,,9,1,val,current_repo_v1
6154,246.16,1.0350228982877139,,9,1,val,current_repo_v1
6155,246.2,1.0222037411136535,,9,1,val,current_repo_v1
6156,246.24,0.8665919007108106,,9,1,val,current_repo_v1
6157,246.28,0.5751386204515961,,9,1,val,current_repo_v1
6158,246.32,0.48433847422103826,,9,1,val,current_repo_v1
6159,246.36,0.5236210900196673,,9,1,val,current_repo_v1
6160,246.4,0.21656570835160002,,9,1,val,current_repo_v1
6161,246.44,0.3830914848858678,,9,1,val,current_repo_v1
6162,246.48,0.31529036621239065,,9,1,val,current_repo_v1
6163,246.52,0.3528968652188288,,9,1,val,current_repo_v1
6164,246.56,0.30247902547916966,,9,1,val,current_repo_v1
6165,246.6,0.5484224140567765,,9,1,val,current_repo_v1
6166,246.64,0.6860828028106174,,9,1,val,current_repo_v1
6167,246.68,0.8324803702953887,,9,1,val,current_repo_v1
6168,246.72,0.5264879760321707,,9,1,val,current_repo_v1
6169,246.76,0.4627234907350901,,9,1,val,current_repo_v1
6170,246.8,0.2610064711391273,,9,1,val,current_repo_v1
6171,246.84,0.31258080427777785,,9,1,val,current_repo_v1
6172,246.88,0.3046123069618271,,9,1,val,current_repo_v1
6173,246.92,0.14784205546177445,,9,1,val,current_repo_v1
6174,246.96,0.14327905033642252,,9,1,val,current_repo_v1
6175,247.0,0.027739947741509816,,9,1,val,current_repo_v1
6176,247.04,-0.0663569826790584,,9,1,val,current_repo_v1
6177,247.08,0.2483505853349005,,9,1,val,current_repo_v1
6178,247.12,0.39115484757697616,,9,1,val,current_repo_v1
6179,247.16,0.30219103090115795,,9,1,val,current_repo_v1
6180,247.2,0.27142112604326424,,9,1,val,current_repo_v1
6181,247.24,0.39242014000653475,,9,1,val,current_repo_v1
6182,247.28,0.23847206059343778,,9,1,val,current_repo_v1
6183,247.32,0.40212641175359665,,9,1,val,current_repo_v1
6184,247.36,0.2856954034958425,,9,1,val,current_repo_v1
6185,247.4,0.06382444977839662,,9,1,val,current_repo_v1
6186,247.44,-0.1649079432031192,,9,1,val,current_repo_v1
6187,247.48,-0.14905336104528633,,9,1,val,current_repo_v1
6188,247.52,-1.0051764258086253,,9,1,val,current_repo_v1
6189,247.56,-0.9873330934996827,,9,1,val,current_repo_v1
6190,247.6,-1.094463386771572,,9,1,val,current_repo_v1
6191,247.64,-0.47318062629596347,,9,1,val,current_repo_v1
6192,247.68,-0.14694110141904812,,9,1,val,current_repo_v1
6193,247.72,-0.14284091698017393,,9,1,val,current_repo_v1
6194,247.76,-0.14992317069795963,,9,1,val,current_repo_v1
6195,247.8,0.06228816717085137,,9,1,val,current_repo_v1
6196,247.84,0.28182160454538174,,9,1,val,current_repo_v1
6197,247.88,0.18681499941012575,,9,1,val,current_repo_v1
6198,247.92,-0.16803898607653994,,9,1,val,current_repo_v1
6199,247.96,-0.22285801605137684,,9,1,val,current_repo_v1
6200,248.0,-0.09482433884319588,,9,1,val,current_repo_v1
6201,248.04,0.010447249705184243,,9,1,val,current_repo_v1
6202,248.08,0.4406353941064036,,9,1,val,current_repo_v1
6203,248.12,0.21564062529584743,,9,1,val,current_repo_v1
6204,248.16,-0.18829143284099467,,9,1,val,current_repo_v1
6205,248.2,-0.019159446775621054,,9,1,val,current_repo_v1
6206,248.24,-0.16043533691530232,,9,1,val,current_repo_v1
6207,248.28,0.08846290297757847,,9,1,val,current_repo_v1
6208,248.32,0.4545651170208582,,9,1,val,current_repo_v1
6209,248.36,0.30422687389459263,,9,1,val,current_repo_v1
6210,248.4,0.20267868456583069,,9,1,val,current_repo_v1
6211,248.44,0.5128560546587687,,9,1,val,current_repo_v1
6212,248.48,0.2430301136879473,,9,1,val,current_repo_v1
6213,248.52,0.006626296691703553,,9,1,val,current_repo_v1
6214,248.56,0.7177482727364971,,9,1,val,current_repo_v1
6215,248.6,0.8284199963005416,,9,1,val,current_repo_v1
6216,248.64,0.8225901937166497,,9,1,val,current_repo_v1
6217,248.68,0.6817787597687305,,9,1,val,current_repo_v1
6218,248.72,0.7422338319834194,,9,1,val,current_repo_v1
6219,248.76,0.987357076864743,,9,1,val,current_repo_v1
6220,248.8,1.0073552222806432,,9,1,val,current_repo_v1
6221,248.84,0.5744053314923431,,9,1,val,current_repo_v1
6222,248.88,-0.16467485790827188,,9,1,val,current_repo_v1
6223,248.92,-0.6163583541974045,,9,1,val,current_repo_v1
6224,248.96,-0.6744322278167224,,9,1,val,current_repo_v1
6225,249.0,-0.47339735046930204,,9,1,val,current_repo_v1
6226,249.04,-0.5283183340203063,,9,1,val,current_repo_v1
6227,249.08,-0.2779730026930309,,9,1,val,current_repo_v1
6228,249.12,-0.13346788777921323,,9,1,val,current_repo_v1
6229,249.16,-0.3628982925688951,,9,1,val,current_repo_v1
6230,249.2,-0.2648447319858955,,9,1,val,current_repo_v1
6231,249.24,-0.14461692400234785,,9,1,val,current_repo_v1
6232,249.28,0.25921092301485466,,9,1,val,current_repo_v1
6233,249.32,0.567505016358694,,9,1,val,current_repo_v1
6234,249.36,0.7597116849964631,,9,1,val,current_repo_v1
6235,249.4,0.3475341071124271,,9,1,val,current_repo_v1
6236,249.44,0.5689947037544647,,9,1,val,current_repo_v1
6237,249.48,0.5201533575982845,,9,1,val,current_repo_v1
6238,249.52,0.16441028837811766,,9,1,val,current_repo_v1
6239,249.56,0.32551147924443663,,9,1,val,current_repo_v1
6240,249.6,0.3090712951648274,,9,1,val,current_repo_v1
6241,249.64,0.20596455122705984,,9,1,val,current_repo_v1
6242,249.68,0.36377181624470023,,9,1,val,current_repo_v1
6243,249.72,0.3703142743260019,,9,1,val,current_repo_v1
6244,249.76,0.39962689846054955,,9,1,val,current_repo_v1
6245,249.8,0.5696654611870018,,9,1,val,current_repo_v1
6246,249.84,0.7720204916978232,,9,1,val,current_repo_v1
6247,249.88,0.3627859737124841,,9,1,val,current_repo_v1
6248,249.92,0.4952928033883543,,9,1,val,current_repo_v1
6249,249.96,0.2722787012667975,,9,1,val,current_repo_v1
6250,250.0,-0.003166951165693495,,9,1,val,current_repo_v1
6251,250.04,-0.01702234506818995,,9,1,val,current_repo_v1
6252,250.08,-0.22894493584449846,,9,1,val,current_repo_v1
6253,250.12,-0.7400433836741253,,9,1,val,current_repo_v1
6254,250.16,-0.6993953181946837,,9,1,val,current_repo_v1
6255,250.2,-0.940006728936027,,9,1,val,current_repo_v1
6256,250.24,-0.8938540927806673,,9,1,val,current_repo_v1
6257,250.28,-0.8134061184768524,,9,1,val,current_repo_v1
6258,250.32,-0.6948457612315215,,9,1,val,current_repo_v1
6259,250.36,-0.5719495611384039,,9,1,val,current_repo_v1
6260,250.4,-1.0115230844743637,,9,1,val,current_repo_v1
6261,250.44,-0.9558411873998973,,9,1,val,current_repo_v1
6262,250.48,-1.0874747118719112,,9,1,val,current_repo_v1
6263,250.52,-1.3071290309895178,,9,1,val,current_repo_v1
6264,250.56,-1.494857315970154,,9,1,val,current_repo_v1
6265,250.6,-1.3947201641355478,,9,1,val,current_repo_v1
6266,250.64,-1.0115761003339707,,9,1,val,current_repo_v1
6267,250.68,-1.0464034419527315,,9,1,val,current_repo_v1
6268,250.72,-1.2558867752132408,,9,1,val,current_repo_v1
6269,250.76,-0.858663796430751,,9,1,val,current_repo_v1
6270,250.8,-1.1850206892935637,,9,1,val,current_repo_v1
6271,250.84,-1.0198380297519956,,9,1,val,current_repo_v1
6272,250.88,-1.3087565984597243,,9,1,val,current_repo_v1
6273,250.92,-1.5392295513897,,9,1,val,current_repo_v1
6274,250.96,-1.3776954704939068,,9,1,val,current_repo_v1
6275,251.0,-1.3229186298798745,,9,1,val,current_repo_v1
6276,251.04,-1.0619574795328195,,9,1,val,current_repo_v1
6277,251.08,-0.8735864986277534,,9,1,val,current_repo_v1
6278,251.12,-0.8140943051159819,,9,1,val,current_repo_v1
6279,251.16,-0.6932730059458355,,9,1,val,current_repo_v1
6280,251.2,-1.0272154876221076,,9,1,val,current_repo_v1
6281,251.24,-1.2350245489646614,,9,1,val,current_repo_v1
6282,251.28,-1.1002456110199192,,9,1,val,current_repo_v1
6283,251.32,-1.21169155062165,,9,1,val,current_repo_v1
6284,251.36,-1.131297077670662,,9,1,val,current_repo_v1
6285,251.4,-0.9605683377828786,,9,1,val,current_repo_v1
6286,251.44,-1.3093706502841835,,9,1,val,current_repo_v1
6287,251.48,-1.0441406551536805,,9,1,val,current_repo_v1
6288,251.52,-1.1583199215831352,,9,1,val,current_repo_v1
6289,251.56,-1.2947811906332822,,9,1,val,current_repo_v1
6290,251.6,-1.4026970119348798,,9,1,val,current_repo_v1
6291,251.64,-1.0103316841128656,,9,1,val,current_repo_v1
6292,251.68,-1.1710518841749116,,9,1,val,current_repo_v1
6293,251.72,-1.2949047001084106,,9,1,val,current_repo_v1
6294,251.76,-1.6239020934953132,,9,1,val,current_repo_v1
6295,251.8,-1.2368505860631402,,9,1,val,current_repo_v1
6296,251.84,-1.1555941684496405,,9,1,val,current_repo_v1
6297,251.88,-1.6158087273232187,,9,1,val,current_repo_v1
6298,251.92,-1.303919435313126,,9,1,val,current_repo_v1
6299,251.96,-1.4393680626053218,,9,1,val,current_repo_v1
6300,252.0,-1.1247651547922308,,9,1,val,current_repo_v1
6301,252.04,-1.373409827645052,,9,1,val,current_repo_v1
6302,252.08,-1.2431480157163866,,9,1,val,current_repo_v1
6303,252.12,-1.054038308328005,,9,1,val,current_repo_v1
6304,252.16,-1.1367259599536064,,9,1,val,current_repo_v1
6305,252.2,-1.1242884975489875,,9,1,val,current_repo_v1
6306,252.24,-1.272819807734975,,9,1,val,current_repo_v1
6307,252.28,-1.1519305395140504,,9,1,val,current_repo_v1
6308,252.32,-1.415133600451703,,9,1,val,current_repo_v1
6309,252.36,-1.5647457156437081,,9,1,val,current_repo_v1
6310,252.4,-1.2657374326438844,,9,1,val,current_repo_v1
6311,252.44,-0.7447154791259762,,9,1,val,current_repo_v1
6312,252.48,-0.6485985509969361,,9,1,val,current_repo_v1
6313,252.52,-0.8746604096300493,,9,1,val,current_repo_v1
6314,252.56,-0.655293114104015,,9,1,val,current_repo_v1
6315,252.6,-0.5485470401663105,,9,1,val,current_repo_v1
6316,252.64,-0.31693232855656556,,9,1,val,current_repo_v1
6317,252.68,-0.08342302820569959,,9,1,val,current_repo_v1
6318,252.72,-0.07071604424008417,,9,1,val,current_repo_v1
6319,252.76,-0.1941461655017257,,9,1,val,current_repo_v1
6320,252.8,-0.44803018408446416,,9,1,val,current_repo_v1
6321,252.84,0.24216846032136738,,9,1,val,current_repo_v1
6322,252.88,0.2313541231239935,,9,1,val,current_repo_v1
6323,252.92,0.0584743509077024,,9,1,val,current_repo_v1
6324,252.96,0.03422165848367845,,9,1,val,current_repo_v1
6325,253.0,0.221290843937719,,9,1,val,current_repo_v1
6326,253.04,-0.3365748987382517,,9,1,val,current_repo_v1
6327,253.08,-0.23425715410671433,,9,1,val,current_repo_v1
6328,253.12,-0.8019273595334604,,9,1,val,current_repo_v1
6329,253.16,-1.0479350759626966,,9,1,val,current_repo_v1
6330,253.2,-0.8955006915850917,,9,1,val,current_repo_v1
6331,253.24,-0.8120354254692657,,9,1,val,current_repo_v1
6332,253.28,-0.9430471787746249,,9,1,val,current_repo_v1
6333,253.32,-0.9478941488842637,,9,1,val,current_repo_v1
6334,253.36,-1.1331603035497808,,9,1,val,current_repo_v1
6335,253.4,-0.9642476966987917,,9,1,val,current_repo_v1
6336,253.44,-0.8939447829141343,,9,1,val,current_repo_v1
6337,253.48,-0.6506674318039811,,9,1,val,current_repo_v1
6338,253.52,-0.2058607527766571,,9,1,val,current_repo_v1
6339,253.56,-0.26413256198170565,,9,1,val,current_repo_v1
6340,253.6,-0.598913708920598,,9,1,val,current_repo_v1
6341,253.64,-0.2366981411921092,,9,1,val,current_repo_v1
6342,253.68,-0.20104779146706828,,9,1,val,current_repo_v1
6343,253.72,-0.52347534495507,,9,1,val,current_repo_v1
6344,253.76,-0.577772809563828,,9,1,val,current_repo_v1
6345,253.8,-0.5405390237022645,,9,1,val,current_repo_v1
6346,253.84,-0.7752949978177079,,9,1,val,current_repo_v1
6347,253.88,-1.19797112383427,,9,1,val,current_repo_v1
6348,253.92,-0.8293057301308259,,9,1,val,current_repo_v1
6349,253.96,-0.37781342107166804,,9,1,val,current_repo_v1
6350,254.0,-0.4153351772365823,,9,1,val,current_repo_v1
6351,254.04,-0.16618835874647592,,9,1,val,current_repo_v1
6352,254.08,-0.02314273658448723,,9,1,val,current_repo_v1
6353,254.12,0.033045526883944305,,9,1,val,current_repo_v1
6354,254.16,0.21675014722581892,,9,1,val,current_repo_v1
6355,254.2,0.3371884650694911,,9,1,val,current_repo_v1
6356,254.24,0.4633983748599959,,9,1,val,current_repo_v1
6357,254.28,0.44754333148360415,,9,1,val,current_repo_v1
6358,254.32,0.898620471015812,,9,1,val,current_repo_v1
6359,254.36,0.8454663429397877,,9,1,val,current_repo_v1
6360,254.4,0.5072117590341793,,9,1,val,current_repo_v1
6361,254.44,0.43865346513503267,,9,1,val,current_repo_v1
6362,254.48,0.5534558135628357,,9,1,val,current_repo_v1
6363,254.52,0.7209837937508283,,9,1,val,current_repo_v1
6364,254.56,0.31651664926173473,,9,1,val,current_repo_v1
6365,254.6,0.26494833623901026,,9,1,val,current_repo_v1
6366,254.64,-0.006492919566881788,,9,1,val,current_repo_v1
6367,254.68,0.09500657479192974,,9,1,val,current_repo_v1
6368,254.72,-0.4825744831560555,,9,1,val,current_repo_v1
6369,254.76,-0.6500729453562816,,9,1,val,current_repo_v1
6370,254.8,-0.6630240110381739,,9,1,val,current_repo_v1
6371,254.84,-0.7821490939968277,,9,1,val,current_repo_v1
6372,254.88,-0.9154873793610036,,9,1,val,current_repo_v1
6373,254.92,-0.7129800981764389,,9,1,val,current_repo_v1
6374,254.96,-0.9180281595777374,,9,1,val,current_repo_v1
6375,255.0,-1.2822253649816653,,9,1,val,current_repo_v1
6376,255.04,-1.3910865386809441,,9,1,val,current_repo_v1
6377,255.08,-1.5697422176650593,,9,1,val,current_repo_v1
6378,255.12,-1.4777194053096452,,9,1,val,current_repo_v1
6379,255.16,-1.4691359822814394,,9,1,val,current_repo_v1
6380,255.2,-1.4958090768783368,,9,1,val,current_repo_v1
6381,255.24,-1.4442908667559002,,9,1,val,current_repo_v1
6382,255.28,-1.3039614790259646,,9,1,val,current_repo_v1
6383,255.32,-1.5206224411472982,,9,1,val,current_repo_v1
6384,255.36,-1.2268876826000688,,9,1,val,current_repo_v1
6385,255.4,-0.97181808957447,,9,1,val,current_repo_v1
6386,255.44,-0.7082197400572202,,9,1,val,current_repo_v1
6387,255.48,-1.171440667145363,,9,1,val,current_repo_v1
6388,255.52,-1.883362584299829,,9,1,val,current_repo_v1
6389,255.56,-1.5375635328564818,,9,1,val,current_repo_v1
6390,255.6,-1.607757987455826,,9,1,val,current_repo_v1
6391,255.64,-1.0615364598125705,,9,1,val,current_repo_v1
6392,255.68,-1.071606171784008,,9,1,val,current_repo_v1
6393,255.72,-0.8163817064212789,,9,1,val,current_repo_v1
6394,255.76,-1.1571693997507477,,9,1,val,current_repo_v1
6395,255.8,-1.2975890892195745,,9,1,val,current_repo_v1
6396,255.84,-1.328525299779926,,9,1,val,current_repo_v1
6397,255.88,-1.4890559632889446,,9,1,val,current_repo_v1
6398,255.92,-1.39100594680645,,9,1,val,current_repo_v1
6399,255.96,-1.6963865225140198,,9,1,val,current_repo_v1
6400,256.0,-1.4571398332136594,,9,1,val,current_repo_v1
6401,256.04,-1.6470718690178132,,9,1,val,current_repo_v1
6402,256.08,-1.7632676800852138,,9,1,val,current_repo_v1
6403,256.12,-1.7615554425974664,,9,1,val,current_repo_v1
6404,256.16,-1.4885881420223026,,9,1,val,current_repo_v1
6405,256.2,-1.3169738625015233,,9,1,val,current_repo_v1
6406,256.24,-1.0356423876362355,,9,1,val,current_repo_v1
6407,256.28,-0.9502243221422291,,9,1,val,current_repo_v1
6408,256.32,-0.7393719951004024,,9,1,val,current_repo_v1
6409,256.36,-0.6415527820946216,,9,1,val,current_repo_v1
6410,256.4,-0.40292997585642215,,9,1,val,current_repo_v1
6411,256.44,-0.5127137080467102,,9,1,val,current_repo_v1
6412,256.48,-0.41678524838561365,,9,1,val,current_repo_v1
6413,256.52,-0.4179380034868123,,9,1,val,current_repo_v1
6414,256.56,0.04131231123416746,,9,1,val,current_repo_v1
6415,256.6,-0.24749648138788918,,9,1,val,current_repo_v1
6416,256.64,-0.07710455242137317,,9,1,val,current_repo_v1
6417,256.68,0.1505973508576966,,9,1,val,current_repo_v1
6418,256.72,0.093638794743662,,9,1,val,current_repo_v1
6419,256.76,-0.3616571777016848,,9,1,val,current_repo_v1
6420,256.8,-0.10224717819203295,,9,1,val,current_repo_v1
6421,256.84,0.12677004759290034,,9,1,val,current_repo_v1
6422,256.88,0.3046149286252143,,9,1,val,current_repo_v1
6423,256.92,0.13315564281487027,,9,1,val,current_repo_v1
6424,256.96,0.28554786210633176,,9,1,val,current_repo_v1
6425,257.0,0.33523549576868383,,9,1,val,current_repo_v1
6426,257.04,0.22429679948304682,,9,1,val,current_repo_v1
6427,257.08,-0.31017763711420887,,9,1,val,current_repo_v1
6428,257.12,-0.2272139583184651,,9,1,val,current_repo_v1
6429,257.16,-0.24697882424223006,,9,1,val,current_repo_v1
6430,257.2,-0.2010296097459851,,9,1,val,current_repo_v1
6431,257.24,-0.19825618117830177,,9,1,val,current_repo_v1
6432,257.28,0.13994548396634368,,9,1,val,current_repo_v1
6433,257.32,0.36781602331532637,,9,1,val,current_repo_v1
6434,257.36,0.278078646017669,,9,1,val,current_repo_v1
6435,257.4,0.10254646048740607,,9,1,val,current_repo_v1
6436,257.44,0.3057686547128526,,9,1,val,current_repo_v1
6437,257.48,0.8377449616727377,,9,1,val,current_repo_v1
6438,257.52,0.2830273269568654,,9,1,val,current_repo_v1
6439,257.56,0.28720208315430773,,9,1,val,current_repo_v1
6440,257.6,0.3162792188025698,,9,1,val,current_repo_v1
6441,257.64,0.29399209422840805,,9,1,val,current_repo_v1
6442,257.68,0.6858462705139091,,9,1,val,current_repo_v1
6443,257.72,0.8605825627342202,,9,1,val,current_repo_v1
6444,257.76,0.8893153137669856,,9,1,val,current_repo_v1
6445,257.8,0.781018525935776,,9,1,val,current_repo_v1
6446,257.84,1.1717733270996005,,9,1,val,current_repo_v1
6447,257.88,0.9522808714214902,,9,1,val,current_repo_v1
6448,257.92,0.9532693356170935,,9,1,val,current_repo_v1
6449,257.96,0.7875833652545126,,9,1,val,current_repo_v1
6450,258.0,0.7985086133779599,,9,1,val,current_repo_v1
6451,258.04,1.026758444304946,,9,1,val,current_repo_v1
6452,258.08,1.0053364443738861,,9,1,val,current_repo_v1
6453,258.12,0.8878011575129348,,9,1,val,current_repo_v1
6454,258.16,0.7458433769743189,,9,1,val,current_repo_v1
6455,258.2,0.7349713389077664,,9,1,val,current_repo_v1
6456,258.24,1.3038050531105307,,9,1,val,current_repo_v1
6457,258.28,1.276418089283174,,9,1,val,current_repo_v1
6458,258.32,1.2273659905202594,,9,1,val,current_repo_v1
6459,258.36,0.9038102964373051,,9,1,val,current_repo_v1
6460,258.4,1.1884712838042861,,9,1,val,current_repo_v1
6461,258.44,0.8525775563281371,,9,1,val,current_repo_v1
6462,258.48,0.9685761600496369,,9,1,val,current_repo_v1
6463,258.52,0.7840844156190937,,9,1,val,current_repo_v1
6464,258.56,1.1582849660713064,,9,1,val,current_repo_v1
6465,258.6,1.0413902389646177,,9,1,val,current_repo_v1
6466,258.64,1.294822166261037,,9,1,val,current_repo_v1
6467,258.68,1.1290641972539532,,9,1,val,current_repo_v1
6468,258.72,1.347537991058186,,9,1,val,current_repo_v1
6469,258.76,1.3701815890290183,,9,1,val,current_repo_v1
6470,258.8,1.0745263164027283,,9,1,val,current_repo_v1
6471,258.84,1.1303277419079203,,9,1,val,current_repo_v1
6472,258.88,0.7297114082653279,,9,1,val,current_repo_v1
6473,258.92,0.3702851447328112,,9,1,val,current_repo_v1
6474,258.96,0.47045904840415953,,9,1,val,current_repo_v1
6475,259.0,0.6943719683982753,,9,1,val,current_repo_v1
6476,259.04,0.8823346009561304,,9,1,val,current_repo_v1
6477,259.08,1.235899893240041,,9,1,val,current_repo_v1
6478,259.12,1.2261414795211678,,9,1,val,current_repo_v1
6479,259.16,1.1940192090247363,,9,1,val,current_repo_v1
6480,259.2,1.2047195766887517,,9,1,val,current_repo_v1
6481,259.24,1.728181861876208,,9,1,val,current_repo_v1
6482,259.28,1.6402617585244113,,9,1,val,current_repo_v1
6483,259.32,1.5701232327439931,,9,1,val,current_repo_v1
6484,259.36,1.2518934963813764,,9,1,val,current_repo_v1
6485,259.4,0.7880304074113453,,9,1,val,current_repo_v1
6486,259.44,0.8982232404633353,,9,1,val,current_repo_v1
6487,259.48,0.12557036957200374,,9,1,val,current_repo_v1
6488,259.52,-0.4946768095910157,,9,1,val,current_repo_v1
6489,259.56,-0.8628709835752789,,9,1,val,current_repo_v1
6490,259.6,-1.1063330163062608,,9,1,val,current_repo_v1
6491,259.64,-0.9609965428027815,,9,1,val,current_repo_v1
6492,259.68,-0.6793411468612135,,9,1,val,current_repo_v1
6493,259.72,-0.5438226570946824,,9,1,val,current_repo_v1
6494,259.76,-0.3876949073217718,,9,1,val,current_repo_v1
6495,259.8,-0.529364474810427,,9,1,val,current_repo_v1
6496,259.84,-0.8289250063478238,,9,1,val,current_repo_v1
6497,259.88,-1.4999981065764425,,9,1,val,current_repo_v1
6498,259.92,-1.1848526115408535,,9,1,val,current_repo_v1
6499,259.96,-1.345165288594162,,9,1,val,current_repo_v1
6500,260.0,-0.7065437203636733,,9,1,val,current_repo_v1
6501,260.04,-0.25251276725794886,,9,1,val,current_repo_v1
6502,260.08,0.11324544449574489,,9,1,val,current_repo_v1
6503,260.12,0.22308881952809087,,9,1,val,current_repo_v1
6504,260.16,0.08923920663610972,,9,1,val,current_repo_v1
6505,260.2,0.012018985455108627,,9,1,val,current_repo_v1
6506,260.24,0.26718609586257824,,9,1,val,current_repo_v1
6507,260.28,0.21578552074731,,9,1,val,current_repo_v1
6508,260.32,0.2370142215528889,,9,1,val,current_repo_v1
6509,260.36,0.588340297733572,,9,1,val,current_repo_v1
6510,260.4,0.5292325177532733,,9,1,val,current_repo_v1
6511,260.44,0.6491413809660441,,9,1,val,current_repo_v1
6512,260.48,0.4515975882638811,,9,1,val,current_repo_v1
6513,260.52,0.439151726826559,,9,1,val,current_repo_v1
6514,260.56,0.532320011884874,,9,1,val,current_repo_v1
6515,260.6,0.5246193126289895,,9,1,val,current_repo_v1
6516,260.64,0.5789211952260481,,9,1,val,current_repo_v1
6517,260.68,0.4722379926603135,,9,1,val,current_repo_v1
6518,260.72,0.34719736901514303,,9,1,val,current_repo_v1
6519,260.76,0.26470199697926117,,9,1,val,current_repo_v1
6520,260.8,0.8884361826444913,,9,1,val,current_repo_v1
6521,260.84,0.9338248466691038,,9,1,val,current_repo_v1
6522,260.88,0.9302753086401772,,9,1,val,current_repo_v1
6523,260.92,0.5891432549698727,,9,1,val,current_repo_v1
6524,260.96,0.3617944023602738,,9,1,val,current_repo_v1
6525,261.0,0.4121318929720487,,9,1,val,current_repo_v1
6526,261.04,0.3474988117553444,,9,1,val,current_repo_v1
6527,261.08,0.7620859410387905,,9,1,val,current_repo_v1
6528,261.12,0.6612012752935899,,9,1,val,current_repo_v1
6529,261.16,0.769143361778381,,9,1,val,current_repo_v1
6530,261.2,0.0952186382303578,,9,1,val,current_repo_v1
6531,261.24,0.4497173701220676,,9,1,val,current_repo_v1
6532,261.28,0.14411873513480447,,9,1,val,current_repo_v1
6533,261.32,0.3014442695050542,,9,1,val,current_repo_v1
6534,261.36,0.3153177480299899,,9,1,val,current_repo_v1
6535,261.4,0.19631719408222603,,9,1,val,current_repo_v1
6536,261.44,0.4168219031237119,,9,1,val,current_repo_v1
6537,261.48,0.35387620214189897,,9,1,val,current_repo_v1
6538,261.52,0.32862953517422655,,9,1,val,current_repo_v1
6539,261.56,0.20366574083109643,,9,1,val,current_repo_v1
6540,261.6,-0.009423210993896865,,9,1,val,current_repo_v1
6541,261.64,0.36816887978750934,,9,1,val,current_repo_v1
6542,261.68,0.3991347539835932,,9,1,val,current_repo_v1
6543,261.72,0.8225130002946944,,9,1,val,current_repo_v1
6544,261.76,0.45288919442595527,,9,1,val,current_repo_v1
6545,261.8,0.707090628475828,,9,1,val,current_repo_v1
6546,261.84,0.949151090830441,,9,1,val,current_repo_v1
6547,261.88,0.8735703802528546,,9,1,val,current_repo_v1
6548,261.92,0.9950354434325147,,9,1,val,current_repo_v1
6549,261.96,0.7095175605325084,,9,1,val,current_repo_v1
6550,262.0,0.8202760417349392,,9,1,val,current_repo_v1
6551,262.04,0.545284331531668,,9,1,val,current_repo_v1
6552,262.08,0.4739189158353809,,9,1,val,current_repo_v1
6553,262.12,0.36308353250692676,,9,1,val,current_repo_v1
6554,262.16,0.5400013399612867,,9,1,val,current_repo_v1
6555,262.2,0.5141545548245646,,9,1,val,current_repo_v1
6556,262.24,0.24347989888147217,,9,1,val,current_repo_v1
6557,262.28,0.08035244744414521,,9,1,val,current_repo_v1
6558,262.32,-0.04116312827070714,,9,1,val,current_repo_v1
6559,262.36,0.028284731820827757,,9,1,val,current_repo_v1
6560,262.4,0.04148580223627887,,9,1,val,current_repo_v1
6561,262.44,-0.8186792545348708,,9,1,val,current_repo_v1
6562,262.48,-1.6600790091665976,,9,1,val,current_repo_v1
6563,262.52,-1.8761846641430728,,9,1,val,current_repo_v1
6564,262.56,-1.389017560775255,,9,1,val,current_repo_v1
6565,262.6,-0.9343302451109619,,9,1,val,current_repo_v1
6566,262.64,-0.8366930920626228,,9,1,val,current_repo_v1
6567,262.68,-1.0683463761086844,,9,1,val,current_repo_v1
6568,262.72,-0.8212696521586728,,9,1,val,current_repo_v1
6569,262.76,-0.5899548539854866,,9,1,val,current_repo_v1
6570,262.8,-0.7326032486293312,,9,1,val,current_repo_v1
6571,262.84,-0.9646459953363521,,9,1,val,current_repo_v1
6572,262.88,-1.0483945467459574,,9,1,val,current_repo_v1
6573,262.92,-0.7476448481158736,,9,1,val,current_repo_v1
6574,262.96,-1.3554873599412747,,9,1,val,current_repo_v1
6575,263.0,-1.5472341694012073,,9,1,val,current_repo_v1
6576,263.04,-1.5107711040261467,,9,1,val,current_repo_v1
6577,263.08,-1.3165767290476904,,9,1,val,current_repo_v1
6578,263.12,-1.4775643387752269,,9,1,val,current_repo_v1
6579,263.16,-1.0496557610324693,,9,1,val,current_repo_v1
6580,263.2,-0.8978582466606563,,9,1,val,current_repo_v1
6581,263.24,-0.8044207556119375,,9,1,val,current_repo_v1
6582,263.28,-0.3504512659478454,,9,1,val,current_repo_v1
6583,263.32,-0.5578863275884921,,9,1,val,current_repo_v1
6584,263.36,-0.09732973874153361,,9,1,val,current_repo_v1
6585,263.4,0.36102159425292546,,9,1,val,current_repo_v1
6586,263.44,0.14135994418769945,,9,1,val,current_repo_v1
6587,263.48,0.021031244644402917,,9,1,val,current_repo_v1
6588,263.52,0.01108351284445137,,9,1,val,current_repo_v1
6589,263.56,0.34578827349386654,,9,1,val,current_repo_v1
6590,263.6,0.23566433192977243,,9,1,val,current_repo_v1
6591,263.64,0.16509937317970386,,9,1,val,current_repo_v1
6592,263.68,-0.20376495137057163,,9,1,val,current_repo_v1
6593,263.72,0.07056150567954243,,9,1,val,current_repo_v1
6594,263.76,0.26666511308836316,,9,1,val,current_repo_v1
6595,263.8,0.308445081735211,,9,1,val,current_repo_v1
6596,263.84,0.2479271381485522,,9,1,val,current_repo_v1
6597,263.88,0.412708221973326,,9,1,val,current_repo_v1
6598,263.92,0.7299050715107238,,9,1,val,current_repo_v1
6599,263.96,0.777017770508326,,9,1,val,current_repo_v1
6600,264.0,0.8027021096136882,,9,1,val,current_repo_v1
6601,264.04,0.5626920307744442,,9,1,val,current_repo_v1
6602,264.08,0.36713924576686324,,9,1,val,current_repo_v1
6603,264.12,0.6162730044893558,,9,1,val,current_repo_v1
6604,264.16,0.7043768184755416,,9,1,val,current_repo_v1
6605,264.2,0.8270379913009325,,9,1,val,current_repo_v1
6606,264.24,0.6719885947932794,,9,1,val,current_repo_v1
6607,264.28,0.8471843092475292,,9,1,val,current_repo_v1
6608,264.32,0.785478557949199,,9,1,val,current_repo_v1
6609,264.36,0.7800959917194277,,9,1,val,current_repo_v1
6610,264.4,0.6571751771200639,,9,1,val,current_repo_v1
6611,264.44,0.9537601692623562,,9,1,val,current_repo_v1
6612,264.48,0.8161573114550669,,9,1,val,current_repo_v1
6613,264.52,1.0026973032308117,,9,1,val,current_repo_v1
6614,264.56,0.4353923100786936,,9,1,val,current_repo_v1
6615,264.6,0.4105936077049716,,9,1,val,current_repo_v1
6616,264.64,0.773394534608627,,9,1,val,current_repo_v1
6617,264.68,0.7958819979599575,,9,1,val,current_repo_v1
6618,264.72,1.2541797810522677,,9,1,val,current_repo_v1
6619,264.76,1.0627544652025163,,9,1,val,current_repo_v1
6620,264.8,0.8431955940519312,,9,1,val,current_repo_v1
6621,264.84,0.4299698363062511,,9,1,val,current_repo_v1
6622,264.88,0.3414907846104475,,9,1,val,current_repo_v1
6623,264.92,0.15620547723740763,,9,1,val,current_repo_v1
6624,264.96,-0.1745031098268197,,9,1,val,current_repo_v1
6625,265.0,-0.6989708029232518,,9,1,val,current_repo_v1
6626,265.04,-0.8958494699142279,,9,1,val,current_repo_v1
6627,265.08,-1.686230781144026,,9,1,val,current_repo_v1
6628,265.12,-1.6534636785529973,,9,1,val,current_repo_v1
6629,265.16,-1.344900597690703,,9,1,val,current_repo_v1
6630,265.2,-1.317948538689683,,9,1,val,current_repo_v1
6631,265.24,-1.520903735918876,,9,1,val,current_repo_v1
6632,265.28,-1.27664355233447,,9,1,val,current_repo_v1
6633,265.32,-0.8277717657534054,,9,1,val,current_repo_v1
6634,265.36,-1.3127789097861353,,9,1,val,current_repo_v1
6635,265.4,-1.2648015959133123,,9,1,val,current_repo_v1
6636,265.44,-1.1250852890213963,,9,1,val,current_repo_v1
6637,265.48,-0.9286533728913209,,9,1,val,current_repo_v1
6638,265.52,-0.9345917317591701,,9,1,val,current_repo_v1
6639,265.56,-0.9956192004800557,,9,1,val,current_repo_v1
6640,265.6,-0.7916730630398381,,9,1,val,current_repo_v1
6641,265.64,-0.6459042578240873,,9,1,val,current_repo_v1
6642,265.68,-0.40739474142873855,,9,1,val,current_repo_v1
6643,265.72,-0.8880615760760593,,9,1,val,current_repo_v1
6644,265.76,-0.6882534915458638,,9,1,val,current_repo_v1
6645,265.8,-0.730778328165258,,9,1,val,current_repo_v1
6646,265.84,-0.38447829626835345,,9,1,val,current_repo_v1
6647,265.88,-0.8262960605623663,,9,1,val,current_repo_v1
6648,265.92,-0.46837977804220976,,9,1,val,current_repo_v1
6649,265.96,-0.5151609822693021,,9,1,val,current_repo_v1
6650,266.0,-0.3060407736625754,,9,1,val,current_repo_v1
6651,266.04,-0.24659407086550333,,9,1,val,current_repo_v1
6652,266.08,0.19692143894364444,,9,1,val,current_repo_v1
6653,266.12,0.34874104325696037,,9,1,val,current_repo_v1
6654,266.16,0.1133852179937381,,9,1,val,current_repo_v1
6655,266.2,0.041924518184391295,,9,1,val,current_repo_v1
6656,266.24,-0.33647384332454106,,9,1,val,current_repo_v1
6657,266.28,-0.463073434247954,,9,1,val,current_repo_v1
6658,266.32,-0.40363131936180946,,9,1,val,current_repo_v1
6659,266.36,0.044337662233628075,,9,1,val,current_repo_v1
6660,266.4,0.17458401727190678,,9,1,val,current_repo_v1
6661,266.44,0.07493203701788703,,9,1,val,current_repo_v1
6662,266.48,0.4041848059070931,,9,1,val,current_repo_v1
6663,266.52,0.5882735909651654,,9,1,val,current_repo_v1
6664,266.56,0.564078453762354,,9,1,val,current_repo_v1
6665,266.6,0.5755745933630164,,9,1,val,current_repo_v1
6666,266.64,0.16655658107906693,,9,1,val,current_repo_v1
6667,266.68,0.1681490231148177,,9,1,val,current_repo_v1
6668,266.72,0.644257416273053,,9,1,val,current_repo_v1
6669,266.76,0.8073043911405255,,9,1,val,current_repo_v1
6670,266.8,0.9943236132735789,,9,1,val,current_repo_v1
6671,266.84,1.0181850224370692,,9,1,val,current_repo_v1
6672,266.88,0.5971785561528741,,9,1,val,current_repo_v1
6673,266.92,0.5940437264323385,,9,1,val,current_repo_v1
6674,266.96,0.9301721898802823,,9,1,val,current_repo_v1
6675,267.0,1.4129631544630663,,9,1,val,current_repo_v1
6676,267.04,1.2446501317385852,,9,1,val,current_repo_v1
6677,267.08,0.9324494443772845,,9,1,val,current_repo_v1
6678,267.12,1.0277214686558296,,9,1,val,current_repo_v1
6679,267.16,0.6611452979253418,,9,1,val,current_repo_v1
6680,267.2,0.7613614880561386,,9,1,val,current_repo_v1
6681,267.24,0.8777027043428824,,9,1,val,current_repo_v1
6682,267.28,0.42800548218943846,,9,1,val,current_repo_v1
6683,267.32,0.12056609965913521,,9,1,val,current_repo_v1
6684,267.36,0.17258963539944683,,9,1,val,current_repo_v1
6685,267.4,0.5074449899769925,,9,1,val,current_repo_v1
6686,267.44,0.6647422200925253,,9,1,val,current_repo_v1
6687,267.48,0.08585573156303086,,9,1,val,current_repo_v1
6688,267.52,-0.04513547020746582,,9,1,val,current_repo_v1
6689,267.56,-0.44903899044597895,,9,1,val,current_repo_v1
6690,267.6,-0.559718481901541,,9,1,val,current_repo_v1
6691,267.64,-0.11165180086427504,,9,1,val,current_repo_v1
6692,267.68,0.006728323091853862,,9,1,val,current_repo_v1
6693,267.72,0.3039218385045644,,9,1,val,current_repo_v1
6694,267.76,0.25221455304765944,,9,1,val,current_repo_v1
6695,267.8,0.21334446083793218,,9,1,val,current_repo_v1
6696,267.84,0.38171147040846,,9,1,val,current_repo_v1
6697,267.88,0.30540181603593813,,9,1,val,current_repo_v1
6698,267.92,0.43195443549033113,,9,1,val,current_repo_v1
6699,267.96,0.14583961440186508,,9,1,val,current_repo_v1
6700,268.0,0.10807705359990795,,9,1,val,current_repo_v1
6701,268.04,0.5999161553209329,,9,1,val,current_repo_v1
6702,268.08,0.4629707524319569,,9,1,val,current_repo_v1
6703,268.12,0.5305920444168037,,9,1,val,current_repo_v1
6704,268.16,0.3449428356008294,,9,1,val,current_repo_v1
6705,268.2,-0.09187338967967643,,9,1,val,current_repo_v1
6706,268.24,0.11976188014046289,,9,1,val,current_repo_v1
6707,268.28,0.22642440069503209,,9,1,val,current_repo_v1
6708,268.32,0.5405677649008793,,9,1,val,current_repo_v1
6709,268.36,0.37601207130341824,,9,1,val,current_repo_v1
6710,268.4,-0.07813506032981496,,9,1,val,current_repo_v1
6711,268.44,-0.1272052679898299,,9,1,val,current_repo_v1
6712,268.48,0.25177959967200075,,9,1,val,current_repo_v1
6713,268.52,0.05007143425863486,,9,1,val,current_repo_v1
6714,268.56,0.2906307090968321,,9,1,val,current_repo_v1
6715,268.6,0.6516391950328217,,9,1,val,current_repo_v1
6716,268.64,0.5999998543520341,,9,1,val,current_repo_v1
6717,268.68,-0.042686982251824365,,9,1,val,current_repo_v1
6718,268.72,-0.475937839390104,,9,1,val,current_repo_v1
6719,268.76,-0.8432824973382834,,9,1,val,current_repo_v1
6720,268.8,-0.790861949517444,,9,1,val,current_repo_v1
6721,268.84,-0.565286166696039,,9,1,val,current_repo_v1
6722,268.88,-0.7609332830362358,,9,1,val,current_repo_v1
6723,268.92,-0.40774594722397406,,9,1,val,current_repo_v1
6724,268.96,0.516643775661351,,9,1,val,current_repo_v1
6725,269.0,1.0732528676870763,,9,1,val,current_repo_v1
6726,269.04,0.46216201782634003,,9,1,val,current_repo_v1
6727,269.08,-0.8428235120482425,,9,1,val,current_repo_v1
6728,269.12,-0.6678974890776163,,9,1,val,current_repo_v1
6729,269.16,-0.17423305422328125,,9,1,val,current_repo_v1
6730,269.2,0.2777997544375294,,9,1,val,current_repo_v1
6731,269.24,1.0443107719779139,,9,1,val,current_repo_v1
6732,269.28,0.9638107528009318,,9,1,val,current_repo_v1
6733,269.32,1.0484396005167589,,9,1,val,current_repo_v1
6734,269.36,0.5897453636611238,,9,1,val,current_repo_v1
6735,269.4,-0.6385671929898663,,9,1,val,current_repo_v1
6736,269.44,-0.614075322331086,,9,1,val,current_repo_v1
6737,269.48,-0.9223375915943646,,9,1,val,current_repo_v1
6738,269.52,-1.3639947547312528,,9,1,val,current_repo_v1
6739,269.56,-1.6609018230755899,,9,1,val,current_repo_v1
6740,269.6,-1.832148875524879,,9,1,val,current_repo_v1
6741,269.64,-1.161884898296453,,9,1,val,current_repo_v1
6742,269.68,-0.11887529669704398,,9,1,val,current_repo_v1
6743,269.72,-0.294479213850539,,9,1,val,current_repo_v1
6744,269.76,-0.736892241381403,,9,1,val,current_repo_v1
6745,269.8,-1.4267194106500705,,9,1,val,current_repo_v1
6746,269.84,-0.9268130622921785,,9,1,val,current_repo_v1
6747,269.88,-0.6191140137132415,,9,1,val,current_repo_v1
6748,269.92,-0.19329329956242497,,9,1,val,current_repo_v1
6749,269.96,0.152181442410066,,9,1,val,current_repo_v1
6750,270.0,-0.13275904340357936,,9,1,val,current_repo_v1
6751,270.04,-0.19673224223587105,,9,1,val,current_repo_v1
6752,270.08,-1.0160960422107226,,9,1,val,current_repo_v1
6753,270.12,-1.3662389956893057,,9,1,val,current_repo_v1
6754,270.16,-0.6465307868242967,,9,1,val,current_repo_v1
6755,270.2,-0.2548211418703432,,9,1,val,current_repo_v1
6756,270.24,-0.7540909843423582,,9,1,val,current_repo_v1
6757,270.28,-1.1942558384200885,,9,1,val,current_repo_v1
6758,270.32,-1.1438541656046501,,9,1,val,current_repo_v1
6759,270.36,-0.6947159888938571,,9,1,val,current_repo_v1
6760,270.4,-0.7757149009035514,,9,1,val,current_repo_v1
6761,270.44,-0.26084781195488216,,9,1,val,current_repo_v1
6762,270.48,-0.3298923273137029,,9,1,val,current_repo_v1
6763,270.52,0.10081860832397545,,9,1,val,current_repo_v1
6764,270.56,0.23495587594871445,,9,1,val,current_repo_v1
6765,270.6,0.4520233172683627,,9,1,val,current_repo_v1
6766,270.64,0.5355117899600973,,9,1,val,current_repo_v1
6767,270.68,0.7689944124585328,,9,1,val,current_repo_v1
6768,270.72,0.8528623466508979,,9,1,val,current_repo_v1
6769,270.76,0.830887564139723,,9,1,val,current_repo_v1
6770,270.8,0.5879638948402266,,9,1,val,current_repo_v1
6771,270.84,0.7916034433121124,,9,1,val,current_repo_v1
6772,270.88,0.7452054388834433,,9,1,val,current_repo_v1
6773,270.92,0.5559745523873887,,9,1,val,current_repo_v1
6774,270.96,0.37945203351262596,,9,1,val,current_repo_v1
6775,271.0,0.6739088175764081,,9,1,val,current_repo_v1
6776,271.04,0.8238051890486323,,9,1,val,current_repo_v1
6777,271.08,1.6234896184557335,,9,1,val,current_repo_v1
6778,271.12,1.60370130320945,,9,1,val,current_repo_v1
6779,271.16,1.1441662406463662,,9,1,val,current_repo_v1
6780,271.2,0.9169332752683442,,9,1,val,current_repo_v1
6781,271.24,0.5487808051516656,,9,1,val,current_repo_v1
6782,271.28,0.6453618162495551,,9,1,val,current_repo_v1
6783,271.32,0.9088441814365842,,9,1,val,current_repo_v1
6784,271.36,0.6607454457094779,,9,1,val,current_repo_v1
6785,271.4,0.34600271584907183,,9,1,val,current_repo_v1
6786,271.44,1.1381954508314314,,9,1,val,current_repo_v1
6787,271.48,1.3303120119275975,,9,1,val,current_repo_v1
6788,271.52,1.7381336960938671,,9,1,val,current_repo_v1
6789,271.56,0.8875807435911254,,9,1,val,current_repo_v1
6790,271.6,1.0468076636075738,,9,1,val,current_repo_v1
6791,271.64,1.2057944586774874,,9,1,val,current_repo_v1
6792,271.68,0.3667829908421414,,9,1,val,current_repo_v1
6793,271.72,0.45545327831724164,,9,1,val,current_repo_v1
6794,271.76,0.7596493476670352,,9,1,val,current_repo_v1
6795,271.8,0.3782560695148612,,9,1,val,current_repo_v1
6796,271.84,0.7144193913759898,,9,1,val,current_repo_v1
6797,271.88,0.7631953901447789,,9,1,val,current_repo_v1
6798,271.92,0.3638146852960125,,9,1,val,current_repo_v1
6799,271.96,0.18848531455833953,,9,1,val,current_repo_v1
6800,272.0,0.19405358194470135,,9,1,val,current_repo_v1
6801,272.04,0.026981789392070243,,9,1,val,current_repo_v1
6802,272.08,-0.23007356193267084,,9,1,val,current_repo_v1
6803,272.12,-0.03667530177044812,,9,1,val,current_repo_v1
6804,272.16,0.11723289740897123,,9,1,val,current_repo_v1
6805,272.2,0.5946233567875108,,9,1,val,current_repo_v1
6806,272.24,0.09584776461929322,,9,1,val,current_repo_v1
6807,272.28,0.14954322370410936,,9,1,val,current_repo_v1
6808,272.32,0.40717107470235625,,9,1,val,current_repo_v1
6809,272.36,0.7229329519298598,,9,1,val,current_repo_v1
6810,272.4,0.7446622205197593,,9,1,val,current_repo_v1
6811,272.44,0.435363083386859,,9,1,val,current_repo_v1
6812,272.48,0.5209951057428508,,9,1,val,current_repo_v1
6813,272.52,0.9217038287451796,,9,1,val,current_repo_v1
6814,272.56,0.886614417886347,,9,1,val,current_repo_v1
6815,272.6,0.9750658450179414,,9,1,val,current_repo_v1
6816,272.64,0.6888484149374612,,9,1,val,current_repo_v1
6817,272.68,0.7878558240494893,,9,1,val,current_repo_v1
6818,272.72,1.117583059393784,,9,1,val,current_repo_v1
6819,272.76,1.181617576019742,,9,1,val,current_repo_v1
6820,272.8,1.371943249726546,,9,1,val,current_repo_v1
6821,272.84,1.375179547530029,,9,1,val,current_repo_v1
6822,272.88,1.264543216421711,,9,1,val,current_repo_v1
6823,272.92,1.2339167505356203,,9,1,val,current_repo_v1
6824,272.96,0.8379868343948642,,9,1,val,current_repo_v1
6825,273.0,1.0151712747255628,,9,1,val,current_repo_v1
6826,273.04,1.1627995675226397,,9,1,val,current_repo_v1
6827,273.08,1.0677871850180676,,9,1,val,current_repo_v1
6828,273.12,0.7785780486182621,,9,1,val,current_repo_v1
6829,273.16,0.8405951952678005,,9,1,val,current_repo_v1
6830,273.2,0.9597282403152598,,9,1,val,current_repo_v1
6831,273.24,0.9783120468831092,,9,1,val,current_repo_v1
6832,273.28,0.9571027900809851,,9,1,val,current_repo_v1
6833,273.32,1.1761673320351245,,9,1,val,current_repo_v1
6834,273.36,1.1952340101594312,,9,1,val,current_repo_v1
6835,273.4,1.4319586592813438,,9,1,val,current_repo_v1
6836,273.44,0.9573731127057945,,9,1,val,current_repo_v1
6837,273.48,0.8951702648996656,,9,1,val,current_repo_v1
6838,273.52,1.0496518770867105,,9,1,val,current_repo_v1
6839,273.56,1.0544663191506198,,9,1,val,current_repo_v1
6840,273.6,0.847724954497148,,9,1,val,current_repo_v1
6841,273.64,1.2543955342391666,,9,1,val,current_repo_v1
6842,273.68,1.1669403391946929,,9,1,val,current_repo_v1
6843,273.72,1.041405095057145,,9,1,val,current_repo_v1
6844,273.76,1.0209870951047233,,9,1,val,current_repo_v1
6845,273.8,1.3896495758488485,,9,1,val,current_repo_v1
6846,273.84,1.0432577371840714,,9,1,val,current_repo_v1
6847,273.88,1.0641323920590786,,9,1,val,current_repo_v1
6848,273.92,1.175775636105354,,9,1,val,current_repo_v1
6849,273.96,1.2095231437045366,,9,1,val,current_repo_v1
6850,274.0,1.4669990353249722,,9,1,val,current_repo_v1
6851,274.04,1.3321633917721523,,9,1,val,current_repo_v1
6852,274.08,1.1199428477381599,,9,1,val,current_repo_v1
6853,274.12,1.235106500220171,,9,1,val,current_repo_v1
6854,274.16,1.1723480539732523,,9,1,val,current_repo_v1
6855,274.2,1.1499974997099178,,9,1,val,current_repo_v1
6856,274.24,1.0208107639672759,,9,1,val,current_repo_v1
6857,274.28,0.8597991708746792,,9,1,val,current_repo_v1
6858,274.32,0.9333180888462302,,9,1,val,current_repo_v1
6859,274.36,0.8855211842539013,,9,1,val,current_repo_v1
6860,274.4,0.8460338845137858,,9,1,val,current_repo_v1
6861,274.44,1.1396567854231632,,9,1,val,current_repo_v1
6862,274.48,0.9342059588466817,,9,1,val,current_repo_v1
6863,274.52,0.6261928932531493,,9,1,val,current_repo_v1
6864,274.56,0.6461415183606254,,9,1,val,current_repo_v1
6865,274.6,0.6362558083195089,,9,1,val,current_repo_v1
6866,274.64,0.32585914093916724,,9,1,val,current_repo_v1
6867,274.68,0.08803344781263457,,9,1,val,current_repo_v1
6868,274.72,0.007939349516764324,,9,1,val,current_repo_v1
6869,274.76,0.6524226839910067,,9,1,val,current_repo_v1
6870,274.8,1.075460308259065,,9,1,val,current_repo_v1
6871,274.84,0.8600097778334477,,9,1,val,current_repo_v1
6872,274.88,0.8560186351717505,,9,1,val,current_repo_v1
6873,274.92,1.03213887436455,,9,1,val,current_repo_v1
6874,274.96,1.3435266518785431,,9,1,val,current_repo_v1
6875,275.0,1.1845464595164197,,9,1,val,current_repo_v1
6876,275.04,1.2264730713903216,,9,1,val,current_repo_v1
6877,275.08,1.298321601389676,,9,1,val,current_repo_v1
6878,275.12,1.3104559218278238,,9,1,val,current_repo_v1
6879,275.16,1.1455859199198353,,9,1,val,current_repo_v1
6880,275.2,1.0722624615185936,,9,1,val,current_repo_v1
6881,275.24,0.5030577333972243,,9,1,val,current_repo_v1
6882,275.28,0.7358504700302608,,9,1,val,current_repo_v1
6883,275.32,0.5928988363213014,,9,1,val,current_repo_v1
6884,275.36,0.3245157326505357,,9,1,val,current_repo_v1
6885,275.4,0.43516306018028306,,9,1,val,current_repo_v1
6886,275.44,0.8939853701473132,,9,1,val,current_repo_v1
6887,275.48,0.8654562349709505,,9,1,val,current_repo_v1
6888,275.52,0.5776058484455235,,9,1,val,current_repo_v1
6889,275.56,0.7272635514508722,,9,1,val,current_repo_v1
6890,275.6,1.2023037624268058,,9,1,val,current_repo_v1
6891,275.64,0.4555746516222028,,9,1,val,current_repo_v1
6892,275.68,0.12709406576782453,,9,1,val,current_repo_v1
6893,275.72,0.5422864594484506,,9,1,val,current_repo_v1
6894,275.76,0.8104892266627051,,9,1,val,current_repo_v1
6895,275.8,0.8998383793071137,,9,1,val,current_repo_v1
6896,275.84,1.137856382366692,,9,1,val,current_repo_v1
6897,275.88,0.8160488522697537,,9,1,val,current_repo_v1
6898,275.92,0.4064733238467958,,9,1,val,current_repo_v1
6899,275.96,0.07545079866062131,,9,1,val,current_repo_v1
6900,276.0,-0.15892193317574224,,9,1,val,current_repo_v1
6901,276.04,-0.10042318016507741,,9,1,val,current_repo_v1
6902,276.08,-0.167876515770519,,9,1,val,current_repo_v1
6903,276.12,0.24636499088971972,,9,1,val,current_repo_v1
6904,276.16,0.44838304055664713,,9,1,val,current_repo_v1
6905,276.2,0.09473899520381249,,9,1,val,current_repo_v1
6906,276.24,-0.3036367568858717,,9,1,val,current_repo_v1
6907,276.28,-0.2505030680744028,,9,1,val,current_repo_v1
6908,276.32,0.02391298674943355,,9,1,val,current_repo_v1
6909,276.36,-0.13582680223579338,,9,1,val,current_repo_v1
6910,276.4,0.15733488011473176,,9,1,val,current_repo_v1
6911,276.44,0.13248478828368923,,9,1,val,current_repo_v1
6912,276.48,0.24563119216258586,,9,1,val,current_repo_v1
6913,276.52,0.20094945481538878,,9,1,val,current_repo_v1
6914,276.56,-0.20360670485556334,,9,1,val,current_repo_v1
6915,276.6,-0.20674624386033136,,9,1,val,current_repo_v1
6916,276.64,-0.3194452657371413,,9,1,val,current_repo_v1
6917,276.68,-0.18245570723982055,,9,1,val,current_repo_v1
6918,276.72,-0.2563600825532671,,9,1,val,current_repo_v1
6919,276.76,-0.05638729444823938,,9,1,val,current_repo_v1
6920,276.8,0.46691868619708793,,9,1,val,current_repo_v1
6921,276.84,0.034877462725044314,,9,1,val,current_repo_v1
6922,276.88,-0.5469878786907801,,9,1,val,current_repo_v1
6923,276.92,-0.6933646670657421,,9,1,val,current_repo_v1
6924,276.96,-0.1174386979848633,,9,1,val,current_repo_v1
6925,277.0,-0.3230235449646828,,9,1,val,current_repo_v1
6926,277.04,-0.3377903552887932,,9,1,val,current_repo_v1
6927,277.08,-0.027617648965098378,,9,1,val,current_repo_v1
6928,277.12,-0.16439001903618916,,9,1,val,current_repo_v1
6929,277.16,-0.20151291824634024,,9,1,val,current_repo_v1
6930,277.2,0.11333067283048859,,9,1,val,current_repo_v1
6931,277.24,0.035364169677938366,,9,1,val,current_repo_v1
6932,277.28,0.4228478935177431,,9,1,val,current_repo_v1
6933,277.32,0.6523983122313706,,9,1,val,current_repo_v1
6934,277.36,0.7531216000302948,,9,1,val,current_repo_v1
6935,277.4,0.9037284422804394,,9,1,val,current_repo_v1
6936,277.44,0.9805989141458645,,9,1,val,current_repo_v1
6937,277.48,0.8963161259971424,,9,1,val,current_repo_v1
6938,277.52,0.6079829164645801,,9,1,val,current_repo_v1
6939,277.56,0.5921437487164773,,9,1,val,current_repo_v1
6940,277.6,0.3457302570540951,,9,1,val,current_repo_v1
6941,277.64,0.6166752356219969,,9,1,val,current_repo_v1
6942,277.68,0.5355416477931177,,9,1,val,current_repo_v1
6943,277.72,0.5366961992192298,,9,1,val,current_repo_v1
6944,277.76,0.5291488672714941,,9,1,val,current_repo_v1
6945,277.8,0.21870598093662322,,9,1,val,current_repo_v1
6946,277.84,-0.24565041769409168,,9,1,val,current_repo_v1
6947,277.88,-0.3064502871935142,,9,1,val,current_repo_v1
6948,277.92,-0.23006021086912512,,9,1,val,current_repo_v1
6949,277.96,-0.5047482207887226,,9,1,val,current_repo_v1
6950,278.0,-0.11041657260235532,,9,1,val,current_repo_v1
6951,278.04,-0.034270216908660764,,9,1,val,current_repo_v1
6952,278.08,0.1929330393186394,,9,1,val,current_repo_v1
6953,278.12,0.17583263300936372,,9,1,val,current_repo_v1
6954,278.16,-0.1276034938034073,,9,1,val,current_repo_v1
6955,278.2,-0.03717667061858148,,9,1,val,current_repo_v1
6956,278.24,0.07201007179959228,,9,1,val,current_repo_v1
6957,278.28,0.07063513072633185,,9,1,val,current_repo_v1
6958,278.32,-0.3041370333742604,,9,1,val,current_repo_v1
6959,278.36,-0.07248107911548961,,9,1,val,current_repo_v1
6960,278.4,-0.2620048636710764,,9,1,val,current_repo_v1
6961,278.44,-0.6409417888774475,,9,1,val,current_repo_v1
6962,278.48,-0.858220249825101,,9,1,val,current_repo_v1
6963,278.52,-0.5554906127458477,,9,1,val,current_repo_v1
6964,278.56,-0.34716702568890273,,9,1,val,current_repo_v1
6965,278.6,0.12807209185920115,,9,1,val,current_repo_v1
6966,278.64,0.8045893188578674,,9,1,val,current_repo_v1
6967,278.68,0.25350336762371944,,9,1,val,current_repo_v1
6968,278.72,0.24468715059659835,,9,1,val,current_repo_v1
6969,278.76,0.6225646567732859,,9,1,val,current_repo_v1
6970,278.8,0.43020607730702737,,9,1,val,current_repo_v1
6971,278.84,0.8263953924751464,,9,1,val,current_repo_v1
6972,278.88,0.2486511299126452,,9,1,val,current_repo_v1
6973,278.92,0.590437676992622,,9,1,val,current_repo_v1
6974,278.96,0.30684608554099235,,9,1,val,current_repo_v1
6975,279.0,0.8847701262428019,,9,1,val,current_repo_v1
6976,279.04,0.20228660024148432,,9,1,val,current_repo_v1
6977,279.08,0.6908029135419109,,9,1,val,current_repo_v1
6978,279.12,0.7057573184461693,,9,1,val,current_repo_v1
6979,279.16,1.0253219669660703,,9,1,val,current_repo_v1
6980,279.2,1.0878115470678393,,9,1,val,current_repo_v1
6981,279.24,0.7979124277039908,,9,1,val,current_repo_v1
6982,279.28,0.7065497890289213,,9,1,val,current_repo_v1
6983,279.32,0.7399521109487945,,9,1,val,current_repo_v1
6984,279.36,0.8927619272333053,,9,1,val,current_repo_v1
6985,279.4,0.6209049011026037,,9,1,val,current_repo_v1
6986,279.44,0.4931845490811798,,9,1,val,current_repo_v1
6987,279.48,0.12284330560681554,,9,1,val,current_repo_v1
6988,279.52,0.08573712556942285,,9,1,val,current_repo_v1
6989,279.56,0.14439813648282496,,9,1,val,current_repo_v1
6990,279.6,0.4405583463324143,,9,1,val,current_repo_v1
6991,279.64,0.35392154720863245,,9,1,val,current_repo_v1
6992,279.68,0.18710054224737724,,9,1,val,current_repo_v1
6993,279.72,0.0040708545797303675,,9,1,val,current_repo_v1
6994,279.76,0.24196404340115188,,9,1,val,current_repo_v1
6995,279.8,0.6129972846364214,,9,1,val,current_repo_v1
6996,279.84,0.6298291403711401,,9,1,val,current_repo_v1
6997,279.88,0.5343821443361633,,9,1,val,current_repo_v1
6998,279.92,0.5520540975385009,,9,1,val,current_repo_v1
6999,279.96,0.6562191924208682,,9,1,val,current_repo_v1
7000,280.0,0.8071247586491831,,9,1,val,current_repo_v1
7001,280.04,0.8791393758790461,,9,1,val,current_repo_v1
7002,280.08,0.6789910577003837,,9,1,val,current_repo_v1
7003,280.12,0.9353083197516605,,9,1,val,current_repo_v1
7004,280.16,0.32789578499641464,,9,1,val,current_repo_v1
7005,280.2,0.27745891392253763,,9,1,val,current_repo_v1
7006,280.24,0.21776846925444263,,9,1,val,current_repo_v1
7007,280.28,0.42129504345407065,,9,1,val,current_repo_v1
7008,280.32,0.3792319108867485,,9,1,val,current_repo_v1
7009,280.36,0.5361256475872687,,9,1,val,current_repo_v1
7010,280.4,0.7047068567663918,,9,1,val,current_repo_v1
7011,280.44,0.7774114084109759,,9,1,val,current_repo_v1
7012,280.48,1.2504819733940005,,9,1,val,current_repo_v1
7013,280.52,1.2587706049391167,,9,1,val,current_repo_v1
7014,280.56,0.8045624225334881,,9,1,val,current_repo_v1
7015,280.6,0.46843323084571464,,9,1,val,current_repo_v1
7016,280.64,1.0758552084440864,,9,1,val,current_repo_v1
7017,280.68,0.7258995097003973,,9,1,val,current_repo_v1
7018,280.72,0.883743113885543,,9,1,val,current_repo_v1
7019,280.76,1.0304671270113377,,9,1,val,current_repo_v1
7020,280.8,1.2354519771954124,,9,1,val,current_repo_v1
7021,280.84,0.9096532073381329,,9,1,val,current_repo_v1
7022,280.88,0.8559627063528245,,9,1,val,current_repo_v1
7023,280.92,0.7151336975503468,,9,1,val,current_repo_v1
7024,280.96,0.9178144454623619,,9,1,val,current_repo_v1
7025,281.0,0.44154535404835804,,9,1,val,current_repo_v1
7026,281.04,0.3495198229309129,,9,1,val,current_repo_v1
7027,281.08,0.6034848217827214,,9,1,val,current_repo_v1
7028,281.12,0.7331118027771183,,9,1,val,current_repo_v1
7029,281.16,0.571712300601866,,9,1,val,current_repo_v1
7030,281.2,0.7035061349350725,,9,1,val,current_repo_v1
7031,281.24,0.9599249621679409,,9,1,val,current_repo_v1
7032,281.28,0.8887319451140205,,9,1,val,current_repo_v1
7033,281.32,0.45513256149621245,,9,1,val,current_repo_v1
7034,281.36,0.45897533742992513,,9,1,val,current_repo_v1
7035,281.4,0.6059513700861411,,9,1,val,current_repo_v1
7036,281.44,0.8211554641533654,,9,1,val,current_repo_v1
7037,281.48,0.6111449823547489,,9,1,val,current_repo_v1
7038,281.52,0.5711950561254436,,9,1,val,current_repo_v1
7039,281.56,0.004104329337238642,,9,1,val,current_repo_v1
7040,281.6,0.0009621201197614682,,9,1,val,current_repo_v1
7041,281.64,-0.22806803799081543,,9,1,val,current_repo_v1
7042,281.68,0.23108933512189037,,9,1,val,current_repo_v1
7043,281.72,0.19747140566308422,,9,1,val,current_repo_v1
7044,281.76,0.5988509831965941,,9,1,val,current_repo_v1
7045,281.8,0.31543902423630704,,9,1,val,current_repo_v1
7046,281.84,0.5566342405745133,,9,1,val,current_repo_v1
7047,281.88,0.27205624827346475,,9,1,val,current_repo_v1
7048,281.92,-0.10275031909041875,,9,1,val,current_repo_v1
7049,281.96,-0.020010382879372898,,9,1,val,current_repo_v1
7050,282.0,0.4330197047133138,,9,1,val,current_repo_v1
7051,282.04,0.3223212547475168,,9,1,val,current_repo_v1
7052,282.08,0.4312017753516063,,9,1,val,current_repo_v1
7053,282.12,1.2827500860536731,,9,1,val,current_repo_v1
7054,282.16,0.9909051584140102,,9,1,val,current_repo_v1
7055,282.2,0.863906929007783,,9,1,val,current_repo_v1
7056,282.24,1.2249128903790294,,9,1,val,current_repo_v1
7057,282.28,1.11063613691103,,9,1,val,current_repo_v1
7058,282.32,1.2251943793478952,,9,1,val,current_repo_v1
7059,282.36,1.5892536075787433,,9,1,val,current_repo_v1
7060,282.4,1.5207525533302164,,9,1,val,current_repo_v1
7061,282.44,1.3091359628617107,,9,1,val,current_repo_v1
7062,282.48,1.5813548270891622,,9,1,val,current_repo_v1
7063,282.52,1.5078049346501852,,9,1,val,current_repo_v1
7064,282.56,1.784326822383762,,9,1,val,current_repo_v1
7065,282.6,1.6654914817787112,,9,1,val,current_repo_v1
7066,282.64,1.2099262001756514,,9,1,val,current_repo_v1
7067,282.68,1.2448749150993732,,9,1,val,current_repo_v1
7068,282.72,1.1708375874676722,,9,1,val,current_repo_v1
7069,282.76,1.309072363249911,,9,1,val,current_repo_v1
7070,282.8,1.263295595945355,,9,1,val,current_repo_v1
7071,282.84,1.6834520121509242,,9,1,val,current_repo_v1
7072,282.88,1.653732447599503,,9,1,val,current_repo_v1
7073,282.92,1.9475552746168123,,9,1,val,current_repo_v1
7074,282.96,1.9221453362793062,,9,1,val,current_repo_v1
7075,283.0,1.985965556198025,,9,1,val,current_repo_v1
7076,283.04,1.6883352971534076,,9,1,val,current_repo_v1
7077,283.08,1.6610797077913408,,9,1,val,current_repo_v1
7078,283.12,1.6996698160611838,,9,1,val,current_repo_v1
7079,283.16,1.7458289578256896,,9,1,val,current_repo_v1
7080,283.2,1.7202508446368292,,9,1,val,current_repo_v1
7081,283.24,1.656004750065663,,9,1,val,current_repo_v1
7082,283.28,1.7635269334646106,,9,1,val,current_repo_v1
7083,283.32,1.7801529400741154,,9,1,val,current_repo_v1
7084,283.36,1.5680156095780045,,9,1,val,current_repo_v1
7085,283.4,1.4996274810524133,,9,1,val,current_repo_v1
7086,283.44,1.6290507490917636,,9,1,val,current_repo_v1
7087,283.48,1.561019846477334,,9,1,val,current_repo_v1
7088,283.52,1.5968737149601337,,9,1,val,current_repo_v1
7089,283.56,1.5486261755611452,,9,1,val,current_repo_v1
7090,283.6,1.6629072984681232,,9,1,val,current_repo_v1
7091,283.64,1.8982328532290882,,9,1,val,current_repo_v1
7092,283.68,1.6846818635754341,,9,1,val,current_repo_v1
7093,283.72,1.2015211473564167,,9,1,val,current_repo_v1
7094,283.76,1.025825229237761,,9,1,val,current_repo_v1
7095,283.8,1.2008318440828814,,9,1,val,current_repo_v1
7096,283.84,1.1917713754168566,,9,1,val,current_repo_v1
7097,283.88,1.2950285979781149,,9,1,val,current_repo_v1
7098,283.92,1.664927144459964,,9,1,val,current_repo_v1
7099,283.96,1.4637329282377907,,9,1,val,current_repo_v1
7100,284.0,1.3540816628725372,,9,1,val,current_repo_v1
7101,284.04,1.1380230036397427,,9,1,val,current_repo_v1
7102,284.08,1.4428634195909138,,9,1,val,current_repo_v1
7103,284.12,2.003613817331234,,9,1,val,current_repo_v1
7104,284.16,2.3633005965255194,,9,1,val,current_repo_v1
7105,284.2,2.415838730804205,,9,1,val,current_repo_v1
7106,284.24,2.3079879655940667,,9,1,val,current_repo_v1
7107,284.28,2.272333149331403,,9,1,val,current_repo_v1
7108,284.32,2.326038797705171,,9,1,val,current_repo_v1
7109,284.36,2.3078221211101675,,9,1,val,current_repo_v1
7110,284.4,1.951469903547062,,9,1,val,current_repo_v1
7111,284.44,2.202484268805944,,9,1,val,current_repo_v1
7112,284.48,1.9684279875189403,,9,1,val,current_repo_v1
7113,284.52,1.9601889733808922,,9,1,val,current_repo_v1
7114,284.56,2.1877744068365215,,9,1,val,current_repo_v1
7115,284.6,2.1133727650926493,,9,1,val,current_repo_v1
7116,284.64,1.7519551054709745,,9,1,val,current_repo_v1
7117,284.68,2.2400402765175182,,9,1,val,current_repo_v1
7118,284.72,2.4571332305058693,,9,1,val,current_repo_v1
7119,284.76,2.3903513077488117,,9,1,val,current_repo_v1
7120,284.8,2.5342633441452675,,9,1,val,current_repo_v1
7121,284.84,2.2643357166195495,,9,1,val,current_repo_v1
7122,284.88,2.3705088114591937,,9,1,val,current_repo_v1
7123,284.92,2.3075325729538525,,9,1,val,current_repo_v1
7124,284.96,1.7638378433225992,,9,1,val,current_repo_v1
7125,285.0,1.6843783332143876,,9,1,val,current_repo_v1
7126,285.04,1.3654130746237063,,9,1,val,current_repo_v1
7127,285.08,1.571468631554826,,9,1,val,current_repo_v1
7128,285.12,1.7041577153854257,,9,1,val,current_repo_v1
7129,285.16,1.1722720257350245,,9,1,val,current_repo_v1
7130,285.2,1.2714259567008017,,9,1,val,current_repo_v1
7131,285.24,1.7822019156591469,,9,1,val,current_repo_v1
7132,285.28,1.8619300006165764,,9,1,val,current_repo_v1
7133,285.32,1.8559854274355132,,9,1,val,current_repo_v1
7134,285.36,1.8792106462837193,,9,1,val,current_repo_v1
7135,285.4,2.1524066141654297,,9,1,val,current_repo_v1
7136,285.44,2.0772862482589,,9,1,val,current_repo_v1
7137,285.48,2.2887690367960167,,9,1,val,current_repo_v1
7138,285.52,2.5147387488160033,,9,1,val,current_repo_v1
7139,285.56,2.221429962019865,,9,1,val,current_repo_v1
7140,285.6,1.5688459971812263,,9,1,val,current_repo_v1
7141,285.64,1.398121529633778,,9,1,val,current_repo_v1
7142,285.68,1.3697141561569521,,9,1,val,current_repo_v1
7143,285.72,1.6289638458054114,,9,1,val,current_repo_v1
7144,285.76,1.7315529325975199,,9,1,val,current_repo_v1
7145,285.8,2.197012954415585,,9,1,val,current_repo_v1
7146,285.84,2.1863643403288053,,9,1,val,current_repo_v1
7147,285.88,1.9477929720972482,,9,1,val,current_repo_v1
7148,285.92,2.0992319011768843,,9,1,val,current_repo_v1
7149,285.96,1.9480050355356762,,9,1,val,current_repo_v1
7150,286.0,1.7211666790467437,,9,1,val,current_repo_v1
7151,286.04,1.813747517309047,,9,1,val,current_repo_v1
7152,286.08,1.858401047500171,,9,1,val,current_repo_v1
7153,286.12,1.9722090087150888,,9,1,val,current_repo_v1
7154,286.16,2.14156496797444,,9,1,val,current_repo_v1
7155,286.2,2.012287250802399,,9,1,val,current_repo_v1
7156,286.24,1.9517046880681788,,9,1,val,current_repo_v1
7157,286.28,2.0146764600358975,,9,1,val,current_repo_v1
7158,286.32,2.0210639972307467,,9,1,val,current_repo_v1
7159,286.36,1.7464369895342227,,9,1,val,current_repo_v1
7160,286.4,1.9118703577745184,,9,1,val,current_repo_v1
7161,286.44,1.461132141059084,,9,1,val,current_repo_v1
7162,286.48,0.9437659029372826,,9,1,val,current_repo_v1
7163,286.52,0.7134644747618777,,9,1,val,current_repo_v1
7164,286.56,0.7984615205356349,,9,1,val,current_repo_v1
7165,286.6,1.406235480718394,,9,1,val,current_repo_v1
7166,286.64,1.7381323367128516,,9,1,val,current_repo_v1
7167,286.68,1.4299976550677482,,9,1,val,current_repo_v1
7168,286.72,1.584299052171587,,9,1,val,current_repo_v1
7169,286.76,1.7309856823194536,,9,1,val,current_repo_v1
7170,286.8,2.039012098976532,,9,1,val,current_repo_v1
7171,286.84,1.9143861836397524,,9,1,val,current_repo_v1
7172,286.88,2.3751178898911087,,9,1,val,current_repo_v1
7173,286.92,2.0093923518311105,,9,1,val,current_repo_v1
7174,286.96,1.523360331611289,,9,1,val,current_repo_v1
7175,287.0,1.0964131275424673,,9,1,val,current_repo_v1
7176,287.04,0.8445939116237272,,9,1,val,current_repo_v1
7177,287.08,1.4540992862764175,,9,1,val,current_repo_v1
7178,287.12,1.5421056132240585,,9,1,val,current_repo_v1
7179,287.16,1.531053262975656,,9,1,val,current_repo_v1
7180,287.2,1.573319720103449,,9,1,val,current_repo_v1
7181,287.24,1.6154108170802342,,9,1,val,current_repo_v1
7182,287.28,1.4848523687942436,,9,1,val,current_repo_v1
7183,287.32,1.3021304898966433,,9,1,val,current_repo_v1
7184,287.36,1.3514368900081126,,9,1,val,current_repo_v1
7185,287.4,1.5518525693029435,,9,1,val,current_repo_v1
7186,287.44,1.6390526862097108,,9,1,val,current_repo_v1
7187,287.48,1.7706749472390244,,9,1,val,current_repo_v1
7188,287.52,1.546354844081425,,9,1,val,current_repo_v1
7189,287.56,1.1295092003392626,,9,1,val,current_repo_v1
7190,287.6,1.2370289562721113,,9,1,val,current_repo_v1
7191,287.64,1.4184072812331139,,9,1,val,current_repo_v1
7192,287.68,1.205589871834645,,9,1,val,current_repo_v1
7193,287.72,0.4866946699155873,,9,1,val,current_repo_v1
7194,287.76,0.9756918399756088,,9,1,val,current_repo_v1
7195,287.8,1.2786701952313886,,9,1,val,current_repo_v1
7196,287.84,1.5389196125181515,,9,1,val,current_repo_v1
7197,287.88,1.594909797787219,,9,1,val,current_repo_v1
7198,287.92,1.0923377032578052,,9,1,val,current_repo_v1
7199,287.96,0.9920023730908586,,9,1,val,current_repo_v1
7200,288.0,0.7071042708353057,,9,1,val,current_repo_v1
7201,288.04,0.733016257711453,,9,1,val,current_repo_v1
7202,288.08,1.0939936235320507,,9,1,val,current_repo_v1
7203,288.12,1.1735951889563887,,9,1,val,current_repo_v1
7204,288.16,0.8098550754189442,,9,1,val,current_repo_v1
7205,288.2,0.2631223962391753,,9,1,val,current_repo_v1
7206,288.24,-1.034735777597498,,9,1,val,current_repo_v1
7207,288.28,-0.9364947680823164,,9,1,val,current_repo_v1
7208,288.32,-0.41370149255180577,,9,1,val,current_repo_v1
7209,288.36,0.22035427896731707,,9,1,val,current_repo_v1
7210,288.4,0.1540989707058246,,9,1,val,current_repo_v1
7211,288.44,0.21099052268685542,,9,1,val,current_repo_v1
7212,288.48,0.37290433210455,,9,1,val,current_repo_v1
7213,288.52,-0.2116883706410598,,9,1,val,current_repo_v1
7214,288.56,-0.6373520520099176,,9,1,val,current_repo_v1
7215,288.6,-0.4440544801071581,,9,1,val,current_repo_v1
7216,288.64,-0.40701122605972245,,9,1,val,current_repo_v1
7217,288.68,-0.3254083362098807,,9,1,val,current_repo_v1
7218,288.72,-0.3788658975483078,,9,1,val,current_repo_v1
7219,288.76,0.2743651326537399,,9,1,val,current_repo_v1
7220,288.8,0.8910503694360656,,9,1,val,current_repo_v1
7221,288.84,1.0361350661557336,,9,1,val,current_repo_v1
7222,288.88,1.0271153789201757,,9,1,val,current_repo_v1
7223,288.92,0.36379944080890936,,9,1,val,current_repo_v1
7224,288.96,0.9879017031587646,,9,1,val,current_repo_v1
7225,289.0,0.23928055245244473,,9,1,val,current_repo_v1
7226,289.04,0.19503248192387368,,9,1,val,current_repo_v1
7227,289.08,0.47552667518221775,,9,1,val,current_repo_v1
7228,289.12,-0.046988634239603526,,9,1,val,current_repo_v1
7229,289.16,0.2523247357339031,,9,1,val,current_repo_v1
7230,289.2,0.4963975432101103,,9,1,val,current_repo_v1
7231,289.24,0.2387353921158814,,9,1,val,current_repo_v1
7232,289.28,0.0414286111349812,,9,1,val,current_repo_v1
7233,289.32,-0.5487189047661355,,9,1,val,current_repo_v1
7234,289.36,-0.3613484768378467,,9,1,val,current_repo_v1
7235,289.4,-0.27485958322349047,,9,1,val,current_repo_v1
7236,289.44,-0.6480014914351714,,9,1,val,current_repo_v1
7237,289.48,-0.7757285918123511,,9,1,val,current_repo_v1
7238,289.52,-0.672523559772226,,9,1,val,current_repo_v1
7239,289.56,-0.7789813478359868,,9,1,val,current_repo_v1
7240,289.6,-0.7433995983029099,,9,1,val,current_repo_v1
7241,289.64,-0.2029311895894718,,9,1,val,current_repo_v1
7242,289.68,-0.16196221309171308,,9,1,val,current_repo_v1
7243,289.72,0.3480763059403494,,9,1,val,current_repo_v1
7244,289.76,0.12760672233331927,,9,1,val,current_repo_v1
7245,289.8,0.0754926603135024,,9,1,val,current_repo_v1
7246,289.84,-0.26235978348944367,,9,1,val,current_repo_v1
7247,289.88,-0.18790075644698584,,9,1,val,current_repo_v1
7248,289.92,0.03908877656194092,,9,1,val,current_repo_v1
7249,289.96,0.06033925173842985,,9,1,val,current_repo_v1
7250,290.0,-0.31724561733133116,,9,1,val,current_repo_v1
7251,290.04,-0.6008384467906713,,9,1,val,current_repo_v1
7252,290.08,-0.6652420353623552,,9,1,val,current_repo_v1
7253,290.12,-0.5193661303423067,,9,1,val,current_repo_v1
7254,290.16,-0.22266847949834956,,9,1,val,current_repo_v1
7255,290.2,-0.10155102946409802,,9,1,val,current_repo_v1
7256,290.24,0.2655623880634695,,9,1,val,current_repo_v1
7257,290.28,0.053527830413334365,,9,1,val,current_repo_v1
7258,290.32,-0.33155062650472555,,9,1,val,current_repo_v1
7259,290.36,-0.9332139990998956,,9,1,val,current_repo_v1
7260,290.4,-0.4297534519781664,,9,1,val,current_repo_v1
7261,290.44,-0.1233262742619168,,9,1,val,current_repo_v1
7262,290.48,-0.023175021883606886,,9,1,val,current_repo_v1
7263,290.52,-0.03983193013655468,,9,1,val,current_repo_v1
7264,290.56,0.2313500935302688,,9,1,val,current_repo_v1
7265,290.6,0.37293263635926693,,9,1,val,current_repo_v1
7266,290.64,0.23619769478109354,,9,1,val,current_repo_v1
7267,290.68,0.15812584566850232,,9,1,val,current_repo_v1
7268,290.72,0.06306471357599255,,9,1,val,current_repo_v1
7269,290.76,-0.020458905790526182,,9,1,val,current_repo_v1
7270,290.8,-0.2770017735067321,,9,1,val,current_repo_v1
7271,290.84,-0.10211478419098138,,9,1,val,current_repo_v1
7272,290.88,-0.04902746301634024,,9,1,val,current_repo_v1
7273,290.92,-0.06419659853740313,,9,1,val,current_repo_v1
7274,290.96,-0.2549697513449376,,9,1,val,current_repo_v1
7275,291.0,-0.15523978267381508,,9,1,val,current_repo_v1
7276,291.04,-0.4527045128051264,,9,1,val,current_repo_v1
7277,291.08,-0.4290980846806984,,9,1,val,current_repo_v1
7278,291.12,-0.10842964305081998,,9,1,val,current_repo_v1
7279,291.16,-0.08800125354349364,,9,1,val,current_repo_v1
7280,291.2,-0.2258008332034639,,9,1,val,current_repo_v1
7281,291.24,-0.32337045414492266,,9,1,val,current_repo_v1
7282,291.28,-0.18517301279128986,,9,1,val,current_repo_v1
7283,291.32,-0.1822167960263351,,9,1,val,current_repo_v1
7284,291.36,-0.2791261461888054,,9,1,val,current_repo_v1
7285,291.4,-0.4084352504975092,,9,1,val,current_repo_v1
7286,291.44,-0.5256605013882678,,9,1,val,current_repo_v1
7287,291.48,-0.39786108679599236,,9,1,val,current_repo_v1
7288,291.52,-0.18335828768483334,,9,1,val,current_repo_v1
7289,291.56,0.08769596933819021,,9,1,val,current_repo_v1
7290,291.6,0.44935125968498285,,9,1,val,current_repo_v1
7291,291.64,0.5863071977768295,,9,1,val,current_repo_v1
7292,291.68,0.8579106022494842,,9,1,val,current_repo_v1
7293,291.72,0.6029696163778224,,9,1,val,current_repo_v1
7294,291.76,0.20712898244019573,,9,1,val,current_repo_v1
7295,291.8,0.32593672275569835,,9,1,val,current_repo_v1
7296,291.84,0.5496303211877495,,9,1,val,current_repo_v1
7297,291.88,0.6477106809964845,,9,1,val,current_repo_v1
7298,291.92,0.2285384080968617,,9,1,val,current_repo_v1
7299,291.96,0.09054672483846427,,9,1,val,current_repo_v1
7300,292.0,0.2877220463927611,,9,1,val,current_repo_v1
7301,292.04,0.2745555916438849,,9,1,val,current_repo_v1
7302,292.08,0.5706253783812782,,9,1,val,current_repo_v1
7303,292.12,0.8026207409500422,,9,1,val,current_repo_v1
7304,292.16,1.0646700272507343,,9,1,val,current_repo_v1
7305,292.2,0.6912171363570822,,9,1,val,current_repo_v1
7306,292.24,0.25917227775455504,,9,1,val,current_repo_v1
7307,292.28,0.5398706937358266,,9,1,val,current_repo_v1
7308,292.32,0.7437771178306609,,9,1,val,current_repo_v1
7309,292.36,0.43559830485187356,,9,1,val,current_repo_v1
7310,292.4,0.5515568553827361,,9,1,val,current_repo_v1
7311,292.44,0.7035466736189295,,9,1,val,current_repo_v1
7312,292.48,0.2660206451136807,,9,1,val,current_repo_v1
7313,292.52,0.147150616018072,,9,1,val,current_repo_v1
7314,292.56,0.31352236982834414,,9,1,val,current_repo_v1
7315,292.6,0.688094055572467,,9,1,val,current_repo_v1
7316,292.64,0.39621145365894395,,9,1,val,current_repo_v1
7317,292.68,0.4336648281038431,,9,1,val,current_repo_v1
7318,292.72,0.4669449513802815,,9,1,val,current_repo_v1
7319,292.76,0.9612829838024897,,9,1,val,current_repo_v1
7320,292.8,1.3565190330334442,,9,1,val,current_repo_v1
7321,292.84,1.3005102048247346,,9,1,val,current_repo_v1
7322,292.88,0.9554648330558739,,9,1,val,current_repo_v1
7323,292.92,0.1473157565368021,,9,1,val,current_repo_v1
7324,292.96,0.018001766952573623,,9,1,val,current_repo_v1
7325,293.0,0.21783005406937989,,9,1,val,current_repo_v1
7326,293.04,0.6997401154794173,,9,1,val,current_repo_v1
7327,293.08,1.2484483393947161,,9,1,val,current_repo_v1
7328,293.12,1.4056294880813842,,9,1,val,current_repo_v1
7329,293.16,0.7605654733728816,,9,1,val,current_repo_v1
7330,293.2,0.4033713620172438,,9,1,val,current_repo_v1
7331,293.24,0.45820981172087444,,9,1,val,current_repo_v1
7332,293.28,1.5729097696286123,,9,1,val,current_repo_v1
7333,293.32,1.2615858830223508,,9,1,val,current_repo_v1
7334,293.36,1.334907302352069,,9,1,val,current_repo_v1
7335,293.4,1.3442657667564344,,9,1,val,current_repo_v1
7336,293.44,1.6833504469693328,,9,1,val,current_repo_v1
7337,293.48,1.8957189693367338,,9,1,val,current_repo_v1
7338,293.52,1.5660672281881247,,9,1,val,current_repo_v1
7339,293.56,1.6117894260547705,,9,1,val,current_repo_v1
7340,293.6,1.4962695186480373,,9,1,val,current_repo_v1
7341,293.64,1.064743433825575,,9,1,val,current_repo_v1
7342,293.68,0.9798480503320531,,9,1,val,current_repo_v1
7343,293.72,0.8730893535706327,,9,1,val,current_repo_v1
7344,293.76,0.5707577238330078,,9,1,val,current_repo_v1
7345,293.8,0.8246494617579418,,9,1,val,current_repo_v1
7346,293.84,0.8358951354064865,,9,1,val,current_repo_v1
7347,293.88,1.022620003000348,,9,1,val,current_repo_v1
7348,293.92,0.8230838432225874,,9,1,val,current_repo_v1
7349,293.96,0.8373030657440353,,9,1,val,current_repo_v1
7350,294.0,0.7008946669055294,,9,1,val,current_repo_v1
7351,294.04,0.8702737841914668,,9,1,val,current_repo_v1
7352,294.08,0.7991545135576409,,9,1,val,current_repo_v1
7353,294.12,0.5941270856181858,,9,1,val,current_repo_v1
7354,294.16,0.4663138587438057,,9,1,val,current_repo_v1
7355,294.2,1.1342380013991915,,9,1,val,current_repo_v1
7356,294.24,0.8619225240209908,,9,1,val,current_repo_v1
7357,294.28,0.6651043494852072,,9,1,val,current_repo_v1
7358,294.32,0.9795896708404519,,9,1,val,current_repo_v1
7359,294.36,1.1824798119781859,,9,1,val,current_repo_v1
7360,294.4,0.862811365007882,,9,1,val,current_repo_v1
7361,294.44,0.8743450332344384,,9,1,val,current_repo_v1
7362,294.48,0.8659474570107891,,9,1,val,current_repo_v1
7363,294.52,0.7320961024118817,,9,1,val,current_repo_v1
7364,294.56,0.8465013173858521,,9,1,val,current_repo_v1
7365,294.6,1.2560620382656047,,9,1,val,current_repo_v1
7366,294.64,1.645505667890595,,9,1,val,current_repo_v1
7367,294.68,2.0193787531660226,,9,1,val,current_repo_v1
7368,294.72,1.9940787304934893,,9,1,val,current_repo_v1
7369,294.76,1.337229319323941,,9,1,val,current_repo_v1
7370,294.8,0.06701551175112064,,9,1,val,current_repo_v1
7371,294.84,-0.8050639370295875,,9,1,val,current_repo_v1
7372,294.88,-0.6566264726829958,,9,1,val,current_repo_v1
7373,294.92,0.3624560810695998,,9,1,val,current_repo_v1
7374,294.96,0.8827172667120118,,9,1,val,current_repo_v1
7375,295.0,0.9721853166459604,,9,1,val,current_repo_v1
7376,295.04,0.1601476579078835,,9,1,val,current_repo_v1
7377,295.08,-0.47170506675289026,,9,1,val,current_repo_v1
7378,295.12,-0.21996853032948968,,9,1,val,current_repo_v1
7379,295.16,0.032602659968802204,,9,1,val,current_repo_v1
7380,295.2,0.6191047893420645,,9,1,val,current_repo_v1
7381,295.24,0.24243744783982218,,9,1,val,current_repo_v1
7382,295.28,-0.16585967983664124,,9,1,val,current_repo_v1
7383,295.32,-0.16707688416277422,,9,1,val,current_repo_v1
7384,295.36,0.3265944204206216,,9,1,val,current_repo_v1
7385,295.4,0.9809961446983412,,9,1,val,current_repo_v1
7386,295.44,0.789267347036865,,9,1,val,current_repo_v1
7387,295.48,0.5063114604072997,,9,1,val,current_repo_v1
7388,295.52,0.10435434013946278,,9,1,val,current_repo_v1
7389,295.56,0.18085188038806443,,9,1,val,current_repo_v1
7390,295.6,-0.1377233329497937,,9,1,val,current_repo_v1
7391,295.64,-0.022856683979354888,,9,1,val,current_repo_v1
7392,295.68,-0.324561466111845,,9,1,val,current_repo_v1
7393,295.72,-0.5857697082331397,,9,1,val,current_repo_v1
7394,295.76,-0.7483042450070664,,9,1,val,current_repo_v1
7395,295.8,-0.5364643762067541,,9,1,val,current_repo_v1
7396,295.84,-0.5112336819660145,,9,1,val,current_repo_v1
7397,295.88,-0.6496461968160384,,9,1,val,current_repo_v1
7398,295.92,-0.09007125098494437,,9,1,val,current_repo_v1
7399,295.96,0.23235703074288716,,9,1,val,current_repo_v1
7400,296.0,0.3104916055794823,,9,1,val,current_repo_v1
7401,296.04,-0.20202283177514285,,9,1,val,current_repo_v1
7402,296.08,0.0617469393293688,,9,1,val,current_repo_v1
7403,296.12,-0.7535808280669456,,9,1,val,current_repo_v1
7404,296.16,-0.9990184298081185,,9,1,val,current_repo_v1
7405,296.2,-0.6644575268684085,,9,1,val,current_repo_v1
7406,296.24,-0.9624492356152,,9,1,val,current_repo_v1
7407,296.28,-1.2680971238896164,,9,1,val,current_repo_v1
7408,296.32,-0.9622381431632117,,9,1,val,current_repo_v1
7409,296.36,-0.9415601130422413,,9,1,val,current_repo_v1
7410,296.4,-0.2103579250213981,,9,1,val,current_repo_v1
7411,296.44,-0.27748690260666165,,9,1,val,current_repo_v1
7412,296.48,-0.33692853199958633,,9,1,val,current_repo_v1
7413,296.52,-0.3389336189975439,,9,1,val,current_repo_v1
7414,296.56,-0.5004504891586936,,9,1,val,current_repo_v1
7415,296.6,-0.0006205877769314005,,9,1,val,current_repo_v1
7416,296.64,-0.0011344823501367384,,9,1,val,current_repo_v1
7417,296.68,-0.24793662954100015,,9,1,val,current_repo_v1
7418,296.72,-0.3442285051518113,,9,1,val,current_repo_v1
7419,296.76,-0.5518655319719132,,9,1,val,current_repo_v1
7420,296.8,-0.5809147274853733,,9,1,val,current_repo_v1
7421,296.84,-0.5056979911747043,,9,1,val,current_repo_v1
7422,296.88,-0.048450842719131006,,9,1,val,current_repo_v1
7423,296.92,-0.46052794474698766,,9,1,val,current_repo_v1
7424,296.96,-0.6652161585737374,,9,1,val,current_repo_v1
7425,297.0,-0.5379365372972884,,9,1,val,current_repo_v1
7426,297.04,-0.3684470674024802,,9,1,val,current_repo_v1
7427,297.08,-0.5361724976829836,,9,1,val,current_repo_v1
7428,297.12,-1.08794097956025,,9,1,val,current_repo_v1
7429,297.16,-0.9166614961638754,,9,1,val,current_repo_v1
7430,297.2,-0.9155520470578868,,9,1,val,current_repo_v1
7431,297.24,-0.812630494508829,,9,1,val,current_repo_v1
7432,297.28,-0.7855112801922165,,9,1,val,current_repo_v1
7433,297.32,-0.8343312646467236,,9,1,val,current_repo_v1
7434,297.36,-0.8928355280054336,,9,1,val,current_repo_v1
7435,297.4,-1.1066686863184612,,9,1,val,current_repo_v1
7436,297.44,-1.1072971087422279,,9,1,val,current_repo_v1
7437,297.48,-0.9383666357407485,,9,1,val,current_repo_v1
7438,297.52,-1.246299060910465,,9,1,val,current_repo_v1
7439,297.56,-1.5646418200946615,,9,1,val,current_repo_v1
7440,297.6,-1.3692601228977537,,9,1,val,current_repo_v1
7441,297.64,-1.275638095876172,,9,1,val,current_repo_v1
7442,297.68,-0.8055732679665262,,9,1,val,current_repo_v1
7443,297.72,-1.0596789627534458,,9,1,val,current_repo_v1
7444,297.76,-1.030041543654822,,9,1,val,current_repo_v1
7445,297.8,-0.9256773965523184,,9,1,val,current_repo_v1
7446,297.84,-0.8113908846706002,,9,1,val,current_repo_v1
7447,297.88,-0.46799652969446454,,9,1,val,current_repo_v1
7448,297.92,0.19601325105194242,,9,1,val,current_repo_v1
7449,297.96,0.4329027008473313,,9,1,val,current_repo_v1
7450,298.0,0.38875738495874035,,9,1,val,current_repo_v1
7451,298.04,0.20245598882588806,,9,1,val,current_repo_v1
7452,298.08,0.033316213628668566,,9,1,val,current_repo_v1
7453,298.12,-0.12787636526762086,,9,1,val,current_repo_v1
7454,298.16,-0.1888018804123391,,9,1,val,current_repo_v1
7455,298.2,0.00247363043576415,,9,1,val,current_repo_v1
7456,298.24,0.00447828048982382,,9,1,val,current_repo_v1
7457,298.28,-0.23377547200864565,,9,1,val,current_repo_v1
7458,298.32,-0.3859985454623133,,9,1,val,current_repo_v1
7459,298.36,-0.6130083538818338,,9,1,val,current_repo_v1
7460,298.4,-1.0886697048832366,,9,1,val,current_repo_v1
7461,298.44,-1.6249126961817415,,9,1,val,current_repo_v1
7462,298.48,-1.4454547882011555,,9,1,val,current_repo_v1
7463,298.52,-1.6378333214387495,,9,1,val,current_repo_v1
7464,298.56,-1.541785381896249,,9,1,val,current_repo_v1
7465,298.6,-1.510657595711347,,9,1,val,current_repo_v1
7466,298.64,-1.7928819897065726,,9,1,val,current_repo_v1
7467,298.68,-1.8590925840425176,,9,1,val,current_repo_v1
7468,298.72,-1.5919895560698547,,9,1,val,current_repo_v1
7469,298.76,-2.146813343878246,,9,1,val,current_repo_v1
7470,298.8,-2.0537000166524173,,9,1,val,current_repo_v1
7471,298.84,-1.6799595681246513,,9,1,val,current_repo_v1
7472,298.88,-1.8587218614198444,,9,1,val,current_repo_v1
7473,298.92,-1.3346939766312693,,9,1,val,current_repo_v1
7474,298.96,-0.9551062477636969,,9,1,val,current_repo_v1
7475,299.0,-0.9267322762203964,,9,1,val,current_repo_v1
7476,299.04,-0.7271878145085765,,9,1,val,current_repo_v1
7477,299.08,-0.5790411120513497,,9,1,val,current_repo_v1
7478,299.12,-0.48742844436806015,,9,1,val,current_repo_v1
7479,299.16,0.10706497015915924,,9,1,val,current_repo_v1
7480,299.2,0.14610809215243906,,9,1,val,current_repo_v1
7481,299.24,0.0905101065123575,,9,1,val,current_repo_v1
7482,299.28,-0.24983187369796786,,9,1,val,current_repo_v1
7483,299.32,-0.31130784105534576,,9,1,val,current_repo_v1
7484,299.36,-0.5683002542527993,,9,1,val,current_repo_v1
7485,299.4,-0.3274043202099661,,9,1,val,current_repo_v1
7486,299.44,-0.3936673720883151,,9,1,val,current_repo_v1
7487,299.48,-0.5015104665055801,,9,1,val,current_repo_v1
7488,299.52,-0.47689042563676076,,9,1,val,current_repo_v1
7489,299.56,-0.34398398649163664,,9,1,val,current_repo_v1
7490,299.6,-0.0819839534780977,,9,1,val,current_repo_v1
7491,299.64,-0.5981421630956213,,9,1,val,current_repo_v1
7492,299.68,-1.0534190131767716,,9,1,val,current_repo_v1
7493,299.72,-1.5402151026259843,,9,1,val,current_repo_v1
7494,299.76,-1.597031985749803,,9,1,val,current_repo_v1
7495,299.8,-1.4165712429743063,,9,1,val,current_repo_v1
7496,299.84,-1.8747590618523218,,9,1,val,current_repo_v1
7497,299.88,-1.5887417035277394,,9,1,val,current_repo_v1
7498,299.92,-1.3985759512875522,,9,1,val,current_repo_v1
7499,299.96,-1.539201392782949,,9,1,val,current_repo_v1
7500,300.0,-1.4379131365240918,,9,1,val,current_repo_v1
7501,300.04,-1.3967712758907465,,9,1,val,current_repo_v1
7502,300.08,-0.8998394473921975,,9,1,val,current_repo_v1
7503,300.12,-0.7526769367902393,,9,1,val,current_repo_v1
7504,300.16,-0.6333861549956524,,9,1,val,current_repo_v1
7505,300.2,-0.5188578189411296,,9,1,val,current_repo_v1
7506,300.24,-0.9772111424577901,,9,1,val,current_repo_v1
7507,300.28,-0.8219511875406904,,9,1,val,current_repo_v1
7508,300.32,-1.0967537495855102,,9,1,val,current_repo_v1
7509,300.36,-1.1122596262381899,,9,1,val,current_repo_v1
7510,300.4,-0.7765910705174047,,9,1,val,current_repo_v1
7511,300.44,-1.1341443983064055,,9,1,val,current_repo_v1
7512,300.48,-1.2522644132013374,,9,1,val,current_repo_v1
7513,300.52,-0.9452897690557303,,9,1,val,current_repo_v1
7514,300.56,-0.7153005130206854,,9,1,val,current_repo_v1
7515,300.6,-0.539079922379344,,9,1,val,current_repo_v1
7516,300.64,-0.7672178956684781,,9,1,val,current_repo_v1
7517,300.68,-0.6548032028958699,,9,1,val,current_repo_v1
7518,300.72,-0.33801144890111035,,9,1,val,current_repo_v1
7519,300.76,-0.4050783804528778,,9,1,val,current_repo_v1
7520,300.8,-0.38265483228393976,,9,1,val,current_repo_v1
7521,300.84,-0.4611722427990432,,9,1,val,current_repo_v1
7522,300.88,-0.7246783000552006,,9,1,val,current_repo_v1
7523,300.92,-0.8238254826652218,,9,1,val,current_repo_v1
7524,300.96,-0.5651470243392316,,9,1,val,current_repo_v1
7525,301.0,-0.32510303379858146,,9,1,val,current_repo_v1
7526,301.04,-0.6163357302133597,,9,1,val,current_repo_v1
7527,301.08,-0.9130551554282269,,9,1,val,current_repo_v1
7528,301.12,-0.8926925017028675,,9,1,val,current_repo_v1
7529,301.16,-1.4575945461633655,,9,1,val,current_repo_v1
7530,301.2,-1.245974168847745,,9,1,val,current_repo_v1
7531,301.24,-1.293511528764745,,9,1,val,current_repo_v1
7532,301.28,-1.4187901411862833,,9,1,val,current_repo_v1
7533,301.32,-1.157986290642458,,9,1,val,current_repo_v1
7534,301.36,-0.6523637936634396,,9,1,val,current_repo_v1
7535,301.4,-0.5975205375769325,,9,1,val,current_repo_v1
7536,301.44,-0.8711150468428133,,9,1,val,current_repo_v1
7537,301.48,-1.153461105438932,,9,1,val,current_repo_v1
7538,301.52,-1.2974762605952828,,9,1,val,current_repo_v1
7539,301.56,-1.0901488085268145,,9,1,val,current_repo_v1
7540,301.6,-1.0641850195241098,,9,1,val,current_repo_v1
7541,301.64,-1.2129085850251557,,9,1,val,current_repo_v1
7542,301.68,-1.3050788902207586,,9,1,val,current_repo_v1
7543,301.72,-1.1285988034534105,,9,1,val,current_repo_v1
7544,301.76,-0.9694729631253335,,9,1,val,current_repo_v1
7545,301.8,-1.005171473777783,,9,1,val,current_repo_v1
7546,301.84,-0.63932961154231,,9,1,val,current_repo_v1
7547,301.88,-0.628472283920319,,9,1,val,current_repo_v1
7548,301.92,-1.0968203592552728,,9,1,val,current_repo_v1
7549,301.96,-1.4138278178876094,,9,1,val,current_repo_v1
7550,302.0,-1.5315228320178895,,9,1,val,current_repo_v1
7551,302.04,-1.3299654668672725,,9,1,val,current_repo_v1
7552,302.08,-1.80316454190559,,9,1,val,current_repo_v1
7553,302.12,-1.390166237733407,,9,1,val,current_repo_v1
7554,302.16,-1.9444186000220414,,9,1,val,current_repo_v1
7555,302.2,-1.5714335789443532,,9,1,val,current_repo_v1
7556,302.24,-1.7262886325161027,,9,1,val,current_repo_v1
7557,302.28,-1.6552178626549392,,9,1,val,current_repo_v1
7558,302.32,-1.7821756990252753,,9,1,val,current_repo_v1
7559,302.36,-1.8266247394722008,,9,1,val,current_repo_v1
7560,302.4,-1.93739467831462,,9,1,val,current_repo_v1
7561,302.44,-1.8747176978299909,,9,1,val,current_repo_v1
7562,302.48,-1.4832411138962238,,9,1,val,current_repo_v1
7563,302.52,-0.4109985575996438,,9,1,val,current_repo_v1
7564,302.56,0.06466795783588485,,9,1,val,current_repo_v1
7565,302.6,-0.2791376281034547,,9,1,val,current_repo_v1
7566,302.64,-1.4627726226489384,,9,1,val,current_repo_v1
7567,302.68,-1.743396054202405,,9,1,val,current_repo_v1
7568,302.72,-1.0188928715516024,,9,1,val,current_repo_v1
7569,302.76,-0.7493019335738467,,9,1,val,current_repo_v1
7570,302.8,-0.8397472328100202,,9,1,val,current_repo_v1
7571,302.84,-1.006631837383075,,9,1,val,current_repo_v1
7572,302.88,-1.2932929597171712,,9,1,val,current_repo_v1
7573,302.92,-1.2330340267632993,,9,1,val,current_repo_v1
7574,302.96,-0.9694855859490494,,9,1,val,current_repo_v1
7575,303.0,-0.830971845762688,,9,1,val,current_repo_v1
7576,303.04,-1.113213911711116,,9,1,val,current_repo_v1
7577,303.08,-0.8161037130035961,,9,1,val,current_repo_v1
7578,303.12,-0.5020577144629886,,9,1,val,current_repo_v1
7579,303.16,-0.5140115285219984,,9,1,val,current_repo_v1
7580,303.2,-0.3840263749046613,,9,1,val,current_repo_v1
7581,303.24,-0.2572317128055148,,9,1,val,current_repo_v1
7582,303.28,-0.3963688505608175,,9,1,val,current_repo_v1
7583,303.32,-0.700892579284684,,9,1,val,current_repo_v1
7584,303.36,-1.0236852722233307,,9,1,val,current_repo_v1
7585,303.4,-1.24220693565904,,9,1,val,current_repo_v1
7586,303.44,-1.3119925078686314,,9,1,val,current_repo_v1
7587,303.48,-1.2645512756091606,,9,1,val,current_repo_v1
7588,303.52,-1.2860723161570686,,9,1,val,current_repo_v1
7589,303.56,-1.3480606730586704,,9,1,val,current_repo_v1
7590,303.6,-1.8437844002289585,,9,1,val,current_repo_v1
7591,303.64,-1.8467121185419084,,9,1,val,current_repo_v1
7592,303.68,-1.6677191188686455,,9,1,val,current_repo_v1
7593,303.72,-2.034008217458239,,9,1,val,current_repo_v1
7594,303.76,-1.7951177830826004,,9,1,val,current_repo_v1
7595,303.8,-1.5453226854960358,,9,1,val,current_repo_v1
7596,303.84,-1.3911547019290103,,9,1,val,current_repo_v1
7597,303.88,-1.310501849486421,,9,1,val,current_repo_v1
7598,303.92,-1.1081860468277631,,9,1,val,current_repo_v1
7599,303.96,-1.402065870749082,,9,1,val,current_repo_v1
7600,304.0,-1.7898245476052803,,9,1,val,current_repo_v1
7601,304.04,-1.839610323722024,,9,1,val,current_repo_v1
7602,304.08,-1.971990342568871,,9,1,val,current_repo_v1
7603,304.12,-1.859499621558035,,9,1,val,current_repo_v1
7604,304.16,-1.5566146751977534,,9,1,val,current_repo_v1
7605,304.2,-1.8370461427320937,,9,1,val,current_repo_v1
7606,304.24,-1.491261656085342,,9,1,val,current_repo_v1
7607,304.28,-1.3861082912046592,,9,1,val,current_repo_v1
7608,304.32,-1.1653966649528755,,9,1,val,current_repo_v1
7609,304.36,-1.3653366579909028,,9,1,val,current_repo_v1
7610,304.4,-1.14127726469236,,9,1,val,current_repo_v1
7611,304.44,-1.6308985362864914,,9,1,val,current_repo_v1
7612,304.48,-1.5682942826861952,,9,1,val,current_repo_v1
7613,304.52,-1.5656532966688854,,9,1,val,current_repo_v1
7614,304.56,-1.9275690723341203,,9,1,val,current_repo_v1
7615,304.6,-1.6028320761486405,,9,1,val,current_repo_v1
7616,304.64,-1.4011295485252901,,9,1,val,current_repo_v1
7617,304.68,-1.686639372237847,,9,1,val,current_repo_v1
7618,304.72,-1.5079969957679555,,9,1,val,current_repo_v1
7619,304.76,-1.7749692318671924,,9,1,val,current_repo_v1
7620,304.8,-1.2304524651160984,,9,1,val,current_repo_v1
7621,304.84,-1.209406236937198,,9,1,val,current_repo_v1
7622,304.88,-0.9383897452180131,,9,1,val,current_repo_v1
7623,304.92,-1.0517928050875804,,9,1,val,current_repo_v1
7624,304.96,-1.6302223413298922,,9,1,val,current_repo_v1
7625,305.0,-1.5801308986819345,,9,1,val,current_repo_v1
7626,305.04,-1.1752227564265951,,9,1,val,current_repo_v1
7627,305.08,-1.489404353223505,,9,1,val,current_repo_v1
7628,305.12,-1.500321930554079,,9,1,val,current_repo_v1
7629,305.16,-1.381137617422604,,9,1,val,current_repo_v1
7630,305.2,-1.4781109070421277,,9,1,val,current_repo_v1
7631,305.24,-0.9451307214769092,,9,1,val,current_repo_v1
7632,305.28,-0.3590373106394383,,9,1,val,current_repo_v1
7633,305.32,0.04638452592315322,,9,1,val,current_repo_v1
7634,305.36,0.18841804947273008,,9,1,val,current_repo_v1
7635,305.4,0.21808561770030602,,9,1,val,current_repo_v1
7636,305.44,-0.1513345237627084,,9,1,val,current_repo_v1
7637,305.48,-0.08412997915777608,,9,1,val,current_repo_v1
7638,305.52,-0.33651103210518113,,9,1,val,current_repo_v1
7639,305.56,-0.4237741660318843,,9,1,val,current_repo_v1
7640,305.6,-0.6356092284493201,,9,1,val,current_repo_v1
7641,305.64,-0.7687304983442254,,9,1,val,current_repo_v1
7642,305.68,-0.7920068396284812,,9,1,val,current_repo_v1
7643,305.72,-0.478506292720369,,9,1,val,current_repo_v1
7644,305.76,-0.4178599361770613,,9,1,val,current_repo_v1
7645,305.8,-0.5476496059494281,,9,1,val,current_repo_v1
7646,305.84,-0.21832426189252055,,9,1,val,current_repo_v1
7647,305.88,-0.21024536341837718,,9,1,val,current_repo_v1
7648,305.92,-0.4401069832859249,,9,1,val,current_repo_v1
7649,305.96,-0.3125957574689491,,9,1,val,current_repo_v1
7650,306.0,-0.2283902598408262,,9,1,val,current_repo_v1
7651,306.04,-0.6312334780588622,,9,1,val,current_repo_v1
7652,306.08,-0.9325680989202145,,9,1,val,current_repo_v1
7653,306.12,-0.9700593418362616,,9,1,val,current_repo_v1
7654,306.16,-0.9971435520917232,,9,1,val,current_repo_v1
7655,306.2,-0.8366413384853874,,9,1,val,current_repo_v1
7656,306.24,-0.5261092427713701,,9,1,val,current_repo_v1
7657,306.28,-0.7330954416556096,,9,1,val,current_repo_v1
7658,306.32,-0.5781360555909156,,9,1,val,current_repo_v1
7659,306.36,-0.45082584824161637,,9,1,val,current_repo_v1
7660,306.4,-0.40974836400922243,,9,1,val,current_repo_v1
7661,306.44,-0.5398550608541477,,9,1,val,current_repo_v1
7662,306.48,-0.09325987335423867,,9,1,val,current_repo_v1
7663,306.52,-0.35543106700243376,,9,1,val,current_repo_v1
7664,306.56,-0.19331866658316182,,9,1,val,current_repo_v1
7665,306.6,-0.26311331751596423,,9,1,val,current_repo_v1
7666,306.64,-0.18264470975030597,,9,1,val,current_repo_v1
7667,306.68,-0.2406662472005247,,9,1,val,current_repo_v1
7668,306.72,-0.36549237994116796,,9,1,val,current_repo_v1
7669,306.76,-0.3894118783684126,,9,1,val,current_repo_v1
7670,306.8,-0.04844263788371563,,9,1,val,current_repo_v1
7671,306.84,1.1866253414837935,,9,1,val,current_repo_v1
7672,306.88,1.7265667230324295,,9,1,val,current_repo_v1
7673,306.92,1.8342516437586691,,9,1,val,current_repo_v1
7674,306.96,1.6616448218992397,,9,1,val,current_repo_v1
7675,307.0,1.1730586218498165,,9,1,val,current_repo_v1
7676,307.04,0.7625778427691368,,9,1,val,current_repo_v1
7677,307.08,0.644909870611202,,9,1,val,current_repo_v1
7678,307.12,0.4048121116964541,,9,1,val,current_repo_v1
7679,307.16,-1.1795753002411444,,9,1,val,current_repo_v1
7680,307.2,-2.2946736053357646,,9,1,val,current_repo_v1
7681,307.24,-0.592547533427422,,9,1,val,current_repo_v1
7682,307.28,0.6581045567908121,,9,1,val,current_repo_v1
7683,307.32,1.2305246094085673,,9,1,val,current_repo_v1
7684,307.36,1.2169147779766682,,9,1,val,current_repo_v1
7685,307.4,1.2475354179441207,,9,1,val,current_repo_v1
7686,307.44,1.425931552252907,,9,1,val,current_repo_v1
7687,307.48,1.4208903848553303,,9,1,val,current_repo_v1
7688,307.52,1.2166771775948764,,9,1,val,current_repo_v1
7689,307.56,1.2059896269518648,,9,1,val,current_repo_v1
7690,307.6,1.257870694706813,,9,1,val,current_repo_v1
7691,307.64,1.2723353826002144,,9,1,val,current_repo_v1
7692,307.68,1.5199908144682805,,9,1,val,current_repo_v1
7693,307.72,1.6665267475207075,,9,1,val,current_repo_v1
7694,307.76,1.676736864131324,,9,1,val,current_repo_v1
7695,307.8,1.754578516633726,,9,1,val,current_repo_v1
7696,307.84,1.870657032539212,,9,1,val,current_repo_v1
7697,307.88,1.837113917585584,,9,1,val,current_repo_v1
7698,307.92,1.6172883164600165,,9,1,val,current_repo_v1
7699,307.96,1.5641367129487354,,9,1,val,current_repo_v1
7700,308.0,1.4284765077113315,,9,1,val,current_repo_v1
7701,308.04,1.392054223766738,,9,1,val,current_repo_v1
7702,308.08,1.3156182683330735,,9,1,val,current_repo_v1
7703,308.12,1.3549538028926658,,9,1,val,current_repo_v1
7704,308.16,1.3535334439286888,,9,1,val,current_repo_v1
7705,308.2,1.2944489190736206,,9,1,val,current_repo_v1
7706,308.24,1.0892838538063396,,9,1,val,current_repo_v1
7707,308.28,1.0310327266124566,,9,1,val,current_repo_v1
7708,308.32,1.2034459337758119,,9,1,val,current_repo_v1
7709,308.36,1.2932977175507256,,9,1,val,current_repo_v1
7710,308.4,1.4748846103989735,,9,1,val,current_repo_v1
7711,308.44,1.5011973719281024,,9,1,val,current_repo_v1
7712,308.48,1.5184677251389846,,9,1,val,current_repo_v1
7713,308.52,1.2935915380473755,,9,1,val,current_repo_v1
7714,308.56,1.228671578887065,,9,1,val,current_repo_v1
7715,308.6,1.1959587544380148,,9,1,val,current_repo_v1
7716,308.64,1.2761957333884855,,9,1,val,current_repo_v1
7717,308.68,1.3034004430611124,,9,1,val,current_repo_v1
7718,308.72,1.3367835394494798,,9,1,val,current_repo_v1
7719,308.76,1.48772911031911,,9,1,val,current_repo_v1
7720,308.8,1.3717721619158727,,9,1,val,current_repo_v1
7721,308.84,1.135550192473787,,9,1,val,current_repo_v1
7722,308.88,0.9715254342615478,,9,1,val,current_repo_v1
7723,308.92,1.0460601982463014,,9,1,val,current_repo_v1
7724,308.96,0.9360762729268104,,9,1,val,current_repo_v1
7725,309.0,1.0644946670997266,,9,1,val,current_repo_v1
7726,309.04,0.9030456446160501,,9,1,val,current_repo_v1
7727,309.08,0.8510353385659792,,9,1,val,current_repo_v1
7728,309.12,0.8461873974699007,,9,1,val,current_repo_v1
7729,309.16,0.8124500366790127,,9,1,val,current_repo_v1
7730,309.2,0.8073617764391111,,9,1,val,current_repo_v1
7731,309.24,0.9151109279183361,,9,1,val,current_repo_v1
7732,309.28,1.1710678083525226,,9,1,val,current_repo_v1
7733,309.32,1.3013381649618572,,9,1,val,current_repo_v1
7734,309.36,1.5600379849895207,,9,1,val,current_repo_v1
7735,309.4,1.308217603887053,,9,1,val,current_repo_v1
7736,309.44,1.0411158381967616,,9,1,val,current_repo_v1
7737,309.48,1.103994492564914,,9,1,val,current_repo_v1
7738,309.52,1.2217439790344609,,9,1,val,current_repo_v1
7739,309.56,1.1084726820247592,,9,1,val,current_repo_v1
7740,309.6,1.0797407077811454,,9,1,val,current_repo_v1
7741,309.64,1.2550925083055753,,9,1,val,current_repo_v1
7742,309.68,1.1671657051473447,,9,1,val,current_repo_v1
7743,309.72,1.2058845662190905,,9,1,val,current_repo_v1
7744,309.76,0.9963394782210169,,9,1,val,current_repo_v1
7745,309.8,1.001101292819895,,9,1,val,current_repo_v1
7746,309.84,0.9627735450860561,,9,1,val,current_repo_v1
7747,309.88,0.8539168379244,,9,1,val,current_repo_v1
7748,309.92,0.9466568208641682,,9,1,val,current_repo_v1
7749,309.96,1.1259523799120383,,9,1,val,current_repo_v1
7750,310.0,1.060670437007012,,9,1,val,current_repo_v1
7751,310.04,1.0266797944033312,,9,1,val,current_repo_v1
7752,310.08,1.0965851863395801,,9,1,val,current_repo_v1
7753,310.12,1.0066218362227461,,9,1,val,current_repo_v1
7754,310.16,0.9360244222509311,,9,1,val,current_repo_v1
7755,310.2,1.2501552364570452,,9,1,val,current_repo_v1
7756,310.24,1.2723044081327881,,9,1,val,current_repo_v1
7757,310.28,1.2407137527120864,,9,1,val,current_repo_v1
7758,310.32,1.0345713895932587,,9,1,val,current_repo_v1
7759,310.36,0.9870328644925309,,9,1,val,current_repo_v1
7760,310.4,1.1729087015435287,,9,1,val,current_repo_v1
7761,310.44,1.1635026588036186,,9,1,val,current_repo_v1
7762,310.48,0.9752299417262488,,9,1,val,current_repo_v1
7763,310.52,0.6824942796761372,,9,1,val,current_repo_v1
7764,310.56,0.6670053952861521,,9,1,val,current_repo_v1
7765,310.6,0.6857627171307739,,9,1,val,current_repo_v1
7766,310.64,0.4820737454491079,,9,1,val,current_repo_v1
7767,310.68,0.5731892195259547,,9,1,val,current_repo_v1
7768,310.72,0.26038392318332076,,9,1,val,current_repo_v1
7769,310.76,0.2951601909153538,,9,1,val,current_repo_v1
7770,310.8,0.2551635116889775,,9,1,val,current_repo_v1
7771,310.84,0.5611469000529673,,9,1,val,current_repo_v1
7772,310.88,0.6920173748313518,,9,1,val,current_repo_v1
7773,310.92,0.7307111844529536,,9,1,val,current_repo_v1
7774,310.96,0.7636832137320786,,9,1,val,current_repo_v1
7775,311.0,0.4006279369305468,,9,1,val,current_repo_v1
7776,311.04,0.34638960539596586,,9,1,val,current_repo_v1
7777,311.08,0.3947535660690731,,9,1,val,current_repo_v1
7778,311.12,0.6119858566115195,,9,1,val,current_repo_v1
7779,311.16,0.7367289214622473,,9,1,val,current_repo_v1
7780,311.2,0.7745617574077769,,9,1,val,current_repo_v1
7781,311.24,0.648115096848615,,9,1,val,current_repo_v1
7782,311.28,0.533674683616206,,9,1,val,current_repo_v1
7783,311.32,0.8816909340452606,,9,1,val,current_repo_v1
7784,311.36,0.6224760542606642,,9,1,val,current_repo_v1
7785,311.4,0.5344479772167742,,9,1,val,current_repo_v1
7786,311.44,0.655243108302371,,9,1,val,current_repo_v1
7787,311.48,0.9328514327633157,,9,1,val,current_repo_v1
7788,311.52,0.9081547810644051,,9,1,val,current_repo_v1
7789,311.56,0.9510993751216767,,9,1,val,current_repo_v1
7790,311.6,1.0540785071666081,,9,1,val,current_repo_v1
7791,311.64,0.751607055381668,,9,1,val,current_repo_v1
7792,311.68,0.9936579049705281,,9,1,val,current_repo_v1
7793,311.72,0.8872643962090747,,9,1,val,current_repo_v1
7794,311.76,1.0436632211212855,,9,1,val,current_repo_v1
7795,311.8,0.9342106195815922,,9,1,val,current_repo_v1
7796,311.84,1.136845585482976,,9,1,val,current_repo_v1
7797,311.88,1.1145925182581862,,9,1,val,current_repo_v1
7798,311.92,1.1531975797192004,,9,1,val,current_repo_v1
7799,311.96,0.9074574186034204,,9,1,val,current_repo_v1
7800,312.0,1.0550936734893028,,9,1,val,current_repo_v1
7801,312.04,1.0121598573815118,,9,1,val,current_repo_v1
7802,312.08,1.142210673956833,,9,1,val,current_repo_v1
7803,312.12,1.2803550509015367,,9,1,val,current_repo_v1
7804,312.16,1.1518960694954414,,9,1,val,current_repo_v1
7805,312.2,0.8497487815333915,,9,1,val,current_repo_v1
7806,312.24,1.038143940000806,,9,1,val,current_repo_v1
7807,312.28,0.9977043938592876,,9,1,val,current_repo_v1
7808,312.32,0.9706076578787539,,9,1,val,current_repo_v1
7809,312.36,1.0442090125990346,,9,1,val,current_repo_v1
7810,312.4,0.9877779994863481,,9,1,val,current_repo_v1
7811,312.44,0.9504017213647603,,9,1,val,current_repo_v1
7812,312.48,0.8467970798553813,,9,1,val,current_repo_v1
7813,312.52,0.7442799917077758,,9,1,val,current_repo_v1
7814,312.56,0.7002756145009057,,9,1,val,current_repo_v1
7815,312.6,0.8002626032826139,,9,1,val,current_repo_v1
7816,312.64,0.7598169399265254,,9,1,val,current_repo_v1
7817,312.68,0.7098827970817974,,9,1,val,current_repo_v1
7818,312.72,0.8360283547460118,,9,1,val,current_repo_v1
7819,312.76,0.9349679890045496,,9,1,val,current_repo_v1
7820,312.8,0.7667742519641841,,9,1,val,current_repo_v1
7821,312.84,0.9337664903840786,,9,1,val,current_repo_v1
7822,312.88,0.7183666939999349,,9,1,val,current_repo_v1
7823,312.92,0.4688286165239559,,9,1,val,current_repo_v1
7824,312.96,0.17138561221423262,,9,1,val,current_repo_v1
7825,313.0,-0.009444499871587044,,9,1,val,current_repo_v1
7826,313.04,-0.12484416881376043,,9,1,val,current_repo_v1
7827,313.08,-0.249984439942304,,9,1,val,current_repo_v1
7828,313.12,-0.3983186641556957,,9,1,val,current_repo_v1
7829,313.16,-0.39243557869092577,,9,1,val,current_repo_v1
7830,313.2,-0.3040390608424958,,9,1,val,current_repo_v1
7831,313.24,-0.22765485898606683,,9,1,val,current_repo_v1
7832,313.28,-0.3081889355124211,,9,1,val,current_repo_v1
7833,313.32,-0.5430620348671521,,9,1,val,current_repo_v1
7834,313.36,-0.4456760760107605,,9,1,val,current_repo_v1
7835,313.4,-0.4448891886000366,,9,1,val,current_repo_v1
7836,313.44,-0.4143642878955374,,9,1,val,current_repo_v1
7837,313.48,-0.1306022883237424,,9,1,val,current_repo_v1
7838,313.52,0.006105775136047338,,9,1,val,current_repo_v1
7839,313.56,-0.07032900904522418,,9,1,val,current_repo_v1
7840,313.6,-0.3097062960217229,,9,1,val,current_repo_v1
7841,313.64,0.0831591322973879,,9,1,val,current_repo_v1
7842,313.68,-0.10998365829822003,,9,1,val,current_repo_v1
7843,313.72,-0.10300146473304427,,9,1,val,current_repo_v1
7844,313.76,-0.014726229159596671,,9,1,val,current_repo_v1
7845,313.8,0.029995342906288643,,9,1,val,current_repo_v1
7846,313.84,-0.22442462984783185,,9,1,val,current_repo_v1
7847,313.88,-0.06924703885547887,,9,1,val,current_repo_v1
7848,313.92,0.4735404253211902,,9,1,val,current_repo_v1
7849,313.96,0.5606542215334692,,9,1,val,current_repo_v1
7850,314.0,0.7703072832236362,,9,1,val,current_repo_v1
7851,314.04,0.6170055166594571,,9,1,val,current_repo_v1
7852,314.08,0.6991540766137431,,9,1,val,current_repo_v1
7853,314.12,0.9486030660838806,,9,1,val,current_repo_v1
7854,314.16,0.81396924206255,,9,1,val,current_repo_v1
7855,314.2,0.536601819337292,,9,1,val,current_repo_v1
7856,314.24,0.43235040376043626,,9,1,val,current_repo_v1
7857,314.28,0.7772878989358474,,9,1,val,current_repo_v1
7858,314.32,0.8702334882542198,,9,1,val,current_repo_v1
7859,314.36,0.8693853315991515,,9,1,val,current_repo_v1
7860,314.4,0.6944886809683259,,9,1,val,current_repo_v1
7861,314.44,0.734944782428641,,9,1,val,current_repo_v1
7862,314.48,0.3325220256136513,,9,1,val,current_repo_v1
7863,314.52,0.328543724247619,,9,1,val,current_repo_v1
7864,314.56,0.09076717517226514,,9,1,val,current_repo_v1
7865,314.6,0.05292448371437269,,9,1,val,current_repo_v1
7866,314.64,0.09286761303860011,,9,1,val,current_repo_v1
7867,314.68,-0.012201433807126167,,9,1,val,current_repo_v1
7868,314.72,-0.07977193713251197,,9,1,val,current_repo_v1
7869,314.76,-0.038326986116350395,,9,1,val,current_repo_v1
7870,314.8,-0.19067076228746926,,9,1,val,current_repo_v1
7871,314.84,-0.05522138248078296,,9,1,val,current_repo_v1
7872,314.88,0.07355374604140966,,9,1,val,current_repo_v1
7873,314.92,-0.103869915004702,,9,1,val,current_repo_v1
7874,314.96,-0.16396545521543518,,9,1,val,current_repo_v1
7875,315.0,-0.02429637771081208,,9,1,val,current_repo_v1
7876,315.04,-0.21072575895941326,,9,1,val,current_repo_v1
7877,315.08,-0.40288196057697956,,9,1,val,current_repo_v1
7878,315.12,-0.29783797731872774,,9,1,val,current_repo_v1
7879,315.16,-0.1059112683461819,,9,1,val,current_repo_v1
7880,315.2,-0.18878889346870825,,9,1,val,current_repo_v1
7881,315.24,-0.18585532496245924,,9,1,val,current_repo_v1
7882,315.28,0.07904700472530551,,9,1,val,current_repo_v1
7883,315.32,0.02629629724031089,,9,1,val,current_repo_v1
7884,315.36,0.0808727748025135,,9,1,val,current_repo_v1
7885,315.4,0.15280556821883703,,9,1,val,current_repo_v1
7886,315.44,0.09072663648840812,,9,1,val,current_repo_v1
7887,315.48,-0.09656322990871272,,9,1,val,current_repo_v1
7888,315.52,-0.13193550125475723,,9,1,val,current_repo_v1
7889,315.56,-0.115812040814444,,9,1,val,current_repo_v1
7890,315.6,-0.2305312121163572,,9,1,val,current_repo_v1
7891,315.64,-0.2922906346901412,,9,1,val,current_repo_v1
7892,315.68,-0.3399268895760236,,9,1,val,current_repo_v1
7893,315.72,-0.17677657747670725,,9,1,val,current_repo_v1
7894,315.76,-0.11214261023487676,,9,1,val,current_repo_v1
7895,315.8,-0.10828559721249213,,9,1,val,current_repo_v1
7896,315.84,-0.01187173536152981,,9,1,val,current_repo_v1
7897,315.88,-0.11388355250924743,,9,1,val,current_repo_v1
7898,315.92,-0.134851130786533,,9,1,val,current_repo_v1
7899,315.96,-0.08723626187698476,,9,1,val,current_repo_v1
7900,316.0,0.06480149274600305,,9,1,val,current_repo_v1
7901,316.04,0.2356672691637525,,9,1,val,current_repo_v1
7902,316.08,0.08552008582549141,,9,1,val,current_repo_v1
7903,316.12,0.05508939508030301,,9,1,val,current_repo_v1
7904,316.16,0.06052191856239632,,9,1,val,current_repo_v1
7905,316.2,0.23522585872826993,,9,1,val,current_repo_v1
7906,316.24,-0.11821292615987972,,9,1,val,current_repo_v1
7907,316.28,-0.1051529036621239,,9,1,val,current_repo_v1
7908,316.32,-0.1512927227964798,,9,1,val,current_repo_v1
7909,316.36,-0.006268196892746294,,9,1,val,current_repo_v1
7910,316.4,0.1923941175699511,,9,1,val,current_repo_v1
7911,316.44,0.3870841811258685,,9,1,val,current_repo_v1
7912,316.48,0.27207049749946716,,9,1,val,current_repo_v1
7913,316.52,0.0049712017559318785,,9,1,val,current_repo_v1
7914,316.56,-0.12734649796748262,,9,1,val,current_repo_v1
7915,316.6,0.14515429217273265,,9,1,val,current_repo_v1
7916,316.64,0.5257667758540918,,9,1,val,current_repo_v1
7917,316.68,0.21686957855790065,,9,1,val,current_repo_v1
7918,316.72,0.059727870126679745,,9,1,val,current_repo_v1
7919,316.76,-0.07233459367373204,,9,1,val,current_repo_v1
7920,316.8,-0.22300177059377277,,9,1,val,current_repo_v1
7921,316.84,0.02239679142385937,,9,1,val,current_repo_v1
7922,316.88,0.2134560757291744,,9,1,val,current_repo_v1
7923,316.92,0.26754089430764055,,9,1,val,current_repo_v1
7924,316.96,0.13421799907853388,,9,1,val,current_repo_v1
7925,317.0,0.029465087211574547,,9,1,val,current_repo_v1
7926,317.04,0.12522054743244485,,9,1,val,current_repo_v1
7927,317.08,-0.07618828106756075,,9,1,val,current_repo_v1
7928,317.12,-0.0629295947442446,,9,1,val,current_repo_v1
7929,317.16,-0.061202064220072135,,9,1,val,current_repo_v1
7930,317.2,-0.17831457144785245,,9,1,val,current_repo_v1
7931,317.24,-0.337625700263283,,9,1,val,current_repo_v1
7932,317.28,0.0594471336723047,,9,1,val,current_repo_v1
7933,317.32,0.2991549019522168,,9,1,val,current_repo_v1
7934,317.36,0.3336595362277468,,9,1,val,current_repo_v1
7935,317.4,0.4114459881510525,,9,1,val,current_repo_v1
7936,317.44,-0.3220017273848762,,9,1,val,current_repo_v1
7937,317.48,-0.9627141207159472,,9,1,val,current_repo_v1
7938,317.52,-1.2795650563342058,,9,1,val,current_repo_v1
7939,317.56,-1.3770461718616869,,9,1,val,current_repo_v1
7940,317.6,-1.2083262087203321,,9,1,val,current_repo_v1
7941,317.64,-0.5259292218854518,,9,1,val,current_repo_v1
7942,317.68,-0.04788344679309881,,9,1,val,current_repo_v1
7943,317.72,-0.01939384290216195,,9,1,val,current_repo_v1
7944,317.76,-0.10509879544277224,,9,1,val,current_repo_v1
7945,317.8,0.11247989451203319,,9,1,val,current_repo_v1
7946,317.84,0.07058417821290917,,9,1,val,current_repo_v1
7947,317.88,0.0842717371093054,,9,1,val,current_repo_v1
7948,317.92,0.2549678336467192,,9,1,val,current_repo_v1
7949,317.96,0.16827003229986393,,9,1,val,current_repo_v1
7950,318.0,0.45177945402403485,,9,1,val,current_repo_v1
7951,318.04,0.5361235114171014,,9,1,val,current_repo_v1
7952,318.08,0.5450839199305162,,9,1,val,current_repo_v1
7953,318.12,0.471175296551396,,9,1,val,current_repo_v1
7954,318.16,0.3608967739461035,,9,1,val,current_repo_v1
7955,318.2,-0.046383369842423465,,9,1,val,current_repo_v1
7956,318.24,-0.09288815547046478,,9,1,val,current_repo_v1
7957,318.28,0.09020621203139588,,9,1,val,current_repo_v1
7958,318.32,0.2842054490788009,,9,1,val,current_repo_v1
7959,318.36,0.081601475850839,,9,1,val,current_repo_v1
7960,318.4,-0.04478835469260754,,9,1,val,current_repo_v1
7961,318.44,-0.14243705944524632,,9,1,val,current_repo_v1
7962,318.48,-0.30619885025495674,,9,1,val,current_repo_v1
7963,318.52,-0.28111914440558883,,9,1,val,current_repo_v1
7964,318.56,-0.6046301973869784,,9,1,val,current_repo_v1
7965,318.6,-0.39290691978341175,,9,1,val,current_repo_v1
7966,318.64,-0.33988872980894386,,9,1,val,current_repo_v1
7967,318.68,-0.5588249801797393,,9,1,val,current_repo_v1
7968,318.72,-0.6027627962661688,,9,1,val,current_repo_v1
7969,318.76,-0.3055621744464528,,9,1,val,current_repo_v1
7970,318.8,-0.4594632095665468,,9,1,val,current_repo_v1
7971,318.84,-0.36869272697172145,,9,1,val,current_repo_v1
7972,318.88,-0.160810744547547,,9,1,val,current_repo_v1
7973,318.92,-0.18992594286424494,,9,1,val,current_repo_v1
7974,318.96,-0.13593691209805409,,9,1,val,current_repo_v1
7975,319.0,-0.03833647750879835,,9,1,val,current_repo_v1
7976,319.04,0.060519393997653124,,9,1,val,current_repo_v1
7977,319.08,0.01180837849634011,,9,1,val,current_repo_v1
7978,319.12,-0.024792017738951268,,9,1,val,current_repo_v1
7979,319.16,-0.16517960093428316,,9,1,val,current_repo_v1
7980,319.2,-0.22502523351010142,,9,1,val,current_repo_v1
7981,319.24,-0.08101823463984413,,9,1,val,current_repo_v1
7982,319.28,-0.03115621484725655,,9,1,val,current_repo_v1
7983,319.32,0.17279140638161417,,9,1,val,current_repo_v1
7984,319.36,0.16956858101498185,,9,1,val,current_repo_v1
7985,319.4,-0.14597256672011946,,9,1,val,current_repo_v1
7986,319.44,-0.008271815273713795,,9,1,val,current_repo_v1
7987,319.48,-0.4374520636132056,,9,1,val,current_repo_v1
7988,319.52,-0.4575660962606827,,9,1,val,current_repo_v1
7989,319.56,-0.16899909746810432,,9,1,val,current_repo_v1
7990,319.6,-0.5057402290848307,,9,1,val,current_repo_v1
7991,319.64,-0.9640963199128443,,9,1,val,current_repo_v1
7992,319.68,-0.9982984433630893,,9,1,val,current_repo_v1
7993,319.72,-0.9361615255362151,,9,1,val,current_repo_v1
7994,319.76,-0.6142139306453516,,9,1,val,current_repo_v1
7995,319.8,-0.48360722433330855,,9,1,val,current_repo_v1
7996,319.84,-0.4367700912872901,,9,1,val,current_repo_v1
7997,319.88,-0.4189320994037658,,9,1,val,current_repo_v1
7998,319.92,-0.42625469654003545,,9,1,val,current_repo_v1
7999,319.96,-0.659278285199108,,9,1,val,current_repo_v1
8000,320.0,-0.7406232567759075,,9,1,val,current_repo_v1
8001,320.04,-0.5431756402805956,,9,1,val,current_repo_v1
8002,320.08,-0.4227220051258374,,9,1,val,current_repo_v1
8003,320.12,-0.6304093047688543,,9,1,val,current_repo_v1
8004,320.16,-0.4731499431244693,,9,1,val,current_repo_v1
8005,320.2,-0.334295750817692,,9,1,val,current_repo_v1
8006,320.24,-0.6598978716462736,,9,1,val,current_repo_v1
8007,320.28,-0.6988849191726613,,9,1,val,current_repo_v1
8008,320.32,-0.734848023629926,,9,1,val,current_repo_v1
8009,320.36,-0.6409122708896808,,9,1,val,current_repo_v1
8010,320.4,-0.5363083872352181,,9,1,val,current_repo_v1
8011,320.44,-0.9229139691449639,,9,1,val,current_repo_v1
8012,320.48,-0.8822760504738171,,9,1,val,current_repo_v1
8013,320.52,-0.9442846038933643,,9,1,val,current_repo_v1
8014,320.56,-0.9297449558468192,,9,1,val,current_repo_v1
8015,320.6,-0.6518058648551943,,9,1,val,current_repo_v1
8016,320.64,-0.6895628667597843,,9,1,val,current_repo_v1
8017,320.68,-0.9567173084644286,,9,1,val,current_repo_v1
8018,320.72,-0.9762420008923366,,9,1,val,current_repo_v1
8019,320.76,-1.0098644454380872,,9,1,val,current_repo_v1
8020,320.8,-1.0338748039214258,,9,1,val,current_repo_v1
8021,320.84,-1.127305061121169,,9,1,val,current_repo_v1
8022,320.88,-1.1525726528466167,,9,1,val,current_repo_v1
8023,320.92,-1.4111337189120485,,9,1,val,current_repo_v1
8024,320.96,-1.2195537249224546,,9,1,val,current_repo_v1
8025,321.0,-1.2773061534809136,,9,1,val,current_repo_v1
8026,321.04,-1.1348630253704193,,9,1,val,current_repo_v1
8027,321.08,-0.7702528108843696,,9,1,val,current_repo_v1
8028,321.12,-0.7140540577280567,,9,1,val,current_repo_v1
8029,321.16,-0.623856117287394,,9,1,val,current_repo_v1
8030,321.2,-0.6296129016910215,,9,1,val,current_repo_v1
8031,321.24,-0.914696413807233,,9,1,val,current_repo_v1
8032,321.28,-0.9178696945907802,,9,1,val,current_repo_v1
8033,321.32,-0.8150245586745258,,9,1,val,current_repo_v1
8034,321.36,-0.49289859357469146,,9,1,val,current_repo_v1
8035,321.4,-0.5436699209277193,,9,1,val,current_repo_v1
8036,321.44,-0.9921079193168528,,9,1,val,current_repo_v1
8037,321.48,-1.038483493958765,,9,1,val,current_repo_v1
8038,321.52,-1.0335897223027333,,9,1,val,current_repo_v1
8039,321.56,-1.0250250393128135,,9,1,val,current_repo_v1
8040,321.6,-0.9321404764921756,,9,1,val,current_repo_v1
8041,321.64,-1.1813008402431155,,9,1,val,current_repo_v1
8042,321.68,-1.028025775806028,,9,1,val,current_repo_v1
8043,321.72,-0.630419208830539,,9,1,val,current_repo_v1
8044,321.76,-0.5949738343429165,,9,1,val,current_repo_v1
8045,321.8,-0.6670109784581804,,9,1,val,current_repo_v1
8046,321.84,-0.42660803850543827,,9,1,val,current_repo_v1
8047,321.88,-0.12915976659427963,,9,1,val,current_repo_v1
8048,321.92,-0.11692987681580533,,9,1,val,current_repo_v1
8049,321.96,-0.1487117437411428,,9,1,val,current_repo_v1
8050,322.0,0.006171268171404353,,9,1,val,current_repo_v1
8051,322.04,0.08626677439761216,,9,1,val,current_repo_v1
8052,322.08,0.23099022168105912,,9,1,val,current_repo_v1
8053,322.12,0.3490694794201852,,9,1,val,current_repo_v1
8054,322.16,0.178069397371831,,9,1,val,current_repo_v1
8055,322.2,0.12519297141755767,,9,1,val,current_repo_v1
8056,322.24,0.1694510188317965,,9,1,val,current_repo_v1
8057,322.28,0.19312306136488652,,9,1,val,current_repo_v1
8058,322.32,0.4253315311825013,,9,1,val,current_repo_v1
8059,322.36,0.2869799457315679,,9,1,val,current_repo_v1
8060,322.4,0.296258036733388,,9,1,val,current_repo_v1
8061,322.44,0.3793251255849586,,9,1,val,current_repo_v1
8062,322.48,0.5064176863238017,,9,1,val,current_repo_v1
8063,322.52,0.495171964125935,,9,1,val,current_repo_v1
8064,322.56,0.32549854085012775,,9,1,val,current_repo_v1
8065,322.6,0.2294322982132393,,9,1,val,current_repo_v1
8066,322.64,0.29988678298113225,,9,1,val,current_repo_v1
8067,322.68,0.28682451507723467,,9,1,val,current_repo_v1
8068,322.72,0.34874953938830766,,9,1,val,current_repo_v1
8069,322.76,0.2273946831695522,,9,1,val,current_repo_v1
8070,322.8,0.5778517993106967,,9,1,val,current_repo_v1
8071,322.84,0.5278157514391233,,9,1,val,current_repo_v1
8072,322.88,0.4330133447521339,,9,1,val,current_repo_v1
8073,322.92,0.6707366048779446,,9,1,val,current_repo_v1
8074,322.96,0.5870885020155251,,9,1,val,current_repo_v1
8075,323.0,0.7859523993317671,,9,1,val,current_repo_v1
8076,323.04,0.5810631427626798,,9,1,val,current_repo_v1
8077,323.08,0.484732500518264,,9,1,val,current_repo_v1
8078,323.12,0.5235081642967315,,9,1,val,current_repo_v1
8079,323.16,0.2698480066376633,,9,1,val,current_repo_v1
8080,323.2,0.29915912574322945,,9,1,val,current_repo_v1
8081,323.24,0.37266318762225326,,9,1,val,current_repo_v1
8082,323.28,0.47521916377676826,,9,1,val,current_repo_v1
8083,323.32,0.7060775012246566,,9,1,val,current_repo_v1
8084,323.36,0.5541846359844662,,9,1,val,current_repo_v1
8085,323.4,0.6503068074402807,,9,1,val,current_repo_v1
8086,323.44,0.48188275241642115,,9,1,val,current_repo_v1
8087,323.48,0.24389261666766193,,9,1,val,current_repo_v1
8088,323.52,0.405199438187246,,9,1,val,current_repo_v1
8089,323.56,0.7893904681174175,,9,1,val,current_repo_v1
8090,323.6,0.9245258066348474,,9,1,val,current_repo_v1
8091,323.64,0.7980856516848314,,9,1,val,current_repo_v1
8092,323.68,0.2860411232176937,,9,1,val,current_repo_v1
8093,323.72,0.3581998105605456,,9,1,val,current_repo_v1
8094,323.76,0.6208295525548838,,9,1,val,current_repo_v1
8095,323.8,0.37419156882764554,,9,1,val,current_repo_v1
8096,323.84,0.43937383997463786,,9,1,val,current_repo_v1
8097,323.88,0.9228627981595923,,9,1,val,current_repo_v1
8098,323.92,0.9444631682996231,,9,1,val,current_repo_v1
8099,323.96,1.6981457557454482,,9,1,val,current_repo_v1
8100,324.0,1.6944717372549534,,9,1,val,current_repo_v1
8101,324.04,1.6825847270629941,,9,1,val,current_repo_v1
8102,324.08,1.310704785652316,,9,1,val,current_repo_v1
8103,324.12,1.7743171173742973,,9,1,val,current_repo_v1
8104,324.16,1.5317288753403915,,9,1,val,current_repo_v1
8105,324.2,1.2136426507735607,,9,1,val,current_repo_v1
8106,324.24,1.0573693744080017,,9,1,val,current_repo_v1
8107,324.28,0.8179161562919193,,9,1,val,current_repo_v1
8108,324.32,1.1400126519533091,,9,1,val,current_repo_v1
8109,324.36,1.1468805361398726,,9,1,val,current_repo_v1
8110,324.4,0.9893092451017376,,9,1,val,current_repo_v1
8111,324.44,0.7701175524733209,,9,1,val,current_repo_v1
8112,324.48,1.0702275652369377,,9,1,val,current_repo_v1
8113,324.52,1.1119652231496762,,9,1,val,current_repo_v1
8114,324.56,1.229417199374102,,9,1,val,current_repo_v1
8115,324.6,1.0190048262880984,,9,1,val,current_repo_v1
8116,324.64,0.7549255957365928,,9,1,val,current_repo_v1
8117,324.68,0.8581409202329785,,9,1,val,current_repo_v1
8118,324.72,0.8083187806740685,,9,1,val,current_repo_v1
8119,324.76,0.14433686723848058,,9,1,val,current_repo_v1
8120,324.8,0.4335866151461262,,9,1,val,current_repo_v1
8121,324.84,0.29889504170629505,,9,1,val,current_repo_v1
8122,324.88,0.4152063758853576,,9,1,val,current_repo_v1
8123,324.92,0.28674598654892486,,9,1,val,current_repo_v1
8124,324.96,0.2832757781121208,,9,1,val,current_repo_v1
8125,325.0,0.2604619662184108,,9,1,val,current_repo_v1
8126,325.04,0.4435028141614488,,9,1,val,current_repo_v1
8127,325.08,0.3415938548210205,,9,1,val,current_repo_v1
8128,325.12,0.1163584998453704,,9,1,val,current_repo_v1
8129,325.16,0.1800796063232579,,9,1,val,current_repo_v1
8130,325.2,0.023162802626129925,,9,1,val,current_repo_v1
8131,325.24,0.2211697133793678,,9,1,val,current_repo_v1
8132,325.28,0.47310454950841385,,9,1,val,current_repo_v1
8133,325.32,0.47380264020922813,,9,1,val,current_repo_v1
8134,325.36,0.7297299541063259,,9,1,val,current_repo_v1
8135,325.4,0.5084962284459217,,9,1,val,current_repo_v1
8136,325.44,0.3332111104152375,,9,1,val,current_repo_v1
8137,325.48,0.7283071191269278,,9,1,val,current_repo_v1
8138,325.52,0.9586056828923356,,9,1,val,current_repo_v1
8139,325.56,1.3689090142011622,,9,1,val,current_repo_v1
8140,325.6,1.0769791252480263,,9,1,val,current_repo_v1
8141,325.64,1.0657309270347386,,9,1,val,current_repo_v1
8142,325.68,1.3680791120911602,,9,1,val,current_repo_v1
8143,325.72,1.4130622921785585,,9,1,val,current_repo_v1
8144,325.76,1.4435976795366063,,9,1,val,current_repo_v1
8145,325.8,1.0739318785043508,,9,1,val,current_repo_v1
8146,325.84,1.2804182621187603,,9,1,val,current_repo_v1
8147,325.88,-0.15203751794504314,,9,1,val,current_repo_v1
8148,325.92,-0.6321561579231765,,9,1,val,current_repo_v1
8149,325.96,0.2505005920589816,,9,1,val,current_repo_v1
8150,326.0,0.09560125543691719,,9,1,val,current_repo_v1
8151,326.04,1.3211209455854345,,9,1,val,current_repo_v1
8152,326.08,0.8874156758963783,,9,1,val,current_repo_v1
8153,326.12,0.14753044163861728,,9,1,val,current_repo_v1
8154,326.16,0.9042813219591982,,9,1,val,current_repo_v1
8155,326.2,2.1244983277186043,,9,1,val,current_repo_v1
8156,326.24,2.599136113364609,,9,1,val,current_repo_v1
8157,326.28,2.4550568731032385,,9,1,val,current_repo_v1
8158,326.32,2.1244171532522462,,9,1,val,current_repo_v1
8159,326.36,1.1135492904273845,,9,1,val,current_repo_v1
8160,326.4,-0.7613403691010753,,9,1,val,current_repo_v1
8161,326.44,-1.8004791818079864,,9,1,val,current_repo_v1
8162,326.48,-3.1355171789348377,,9,1,val,current_repo_v1
8163,326.52,-4.442837008759754,,9,1,val,current_repo_v1
8164,326.56,-2.9415948743567824,,9,1,val,current_repo_v1
8165,326.6,-3.59072533172538,,9,1,val,current_repo_v1
8166,326.64,-4.993254654302126,,9,1,val,current_repo_v1
8167,326.68,-4.142520224433806,,9,1,val,current_repo_v1
8168,326.72,-3.7819801423563217,,9,1,val,current_repo_v1
8169,326.76,-4.318889424549742,,9,1,val,current_repo_v1
8170,326.8,-3.705328530834403,,9,1,val,current_repo_v1
8171,326.84,-3.6593084343280604,,9,1,val,current_repo_v1
8172,326.88,-3.3441965354232845,,9,1,val,current_repo_v1
8173,326.92,-3.3104225198942983,,9,1,val,current_repo_v1
8174,326.96,-2.092128941173272,,9,1,val,current_repo_v1
8175,327.0,-2.548067664161036,,9,1,val,current_repo_v1
8176,327.04,-1.5099268313168372,,9,1,val,current_repo_v1
8177,327.08,-1.0913438986367836,,9,1,val,current_repo_v1
8178,327.12,-1.188293399088535,,9,1,val,current_repo_v1
8179,327.16,-1.072064768679473,,9,1,val,current_repo_v1
8180,327.2,-0.9414687432182666,,9,1,val,current_repo_v1
8181,327.24,-0.9152381271419354,,9,1,val,current_repo_v1
8182,327.28,-1.3754820098059921,,9,1,val,current_repo_v1
8183,327.32,-1.091218155892844,,9,1,val,current_repo_v1
8184,327.36,-0.7243938010283717,,9,1,val,current_repo_v1
8185,327.4,-1.4360114595819613,,9,1,val,current_repo_v1
8186,327.44,-1.6591806525125974,,9,1,val,current_repo_v1
8187,327.48,-2.0768467797962966,,9,1,val,current_repo_v1
8188,327.52,-1.3986186746908986,,9,1,val,current_repo_v1
8189,327.56,-2.030016492204678,,9,1,val,current_repo_v1
8190,327.6,-1.5572457192849074,,9,1,val,current_repo_v1
8191,327.64,-0.2692662158376627,,9,1,val,current_repo_v1
8192,327.68,-2.0233450385748637,,9,1,val,current_repo_v1
8193,327.72,0.019012223991035852,,9,1,val,current_repo_v1
8194,327.76,-0.10262785342571298,,9,1,val,current_repo_v1
8195,327.8,-0.03484892482671533,,9,1,val,current_repo_v1
8196,327.84,-0.25067668044981917,,9,1,val,current_repo_v1
8197,327.88,-0.18398370005063694,,9,1,val,current_repo_v1
8198,327.92,-0.8148652197997729,,9,1,val,current_repo_v1
8199,327.96,-0.9723817472027094,,9,1,val,current_repo_v1
8200,328.0,-0.5913204978635871,,9,1,val,current_repo_v1
8201,328.04,-0.7303482782711198,,9,1,val,current_repo_v1
8202,328.08,-0.46730305117923876,,9,1,val,current_repo_v1
8203,328.12,-1.2662553568108144,,9,1,val,current_repo_v1
8204,328.16,-1.424096193684607,,9,1,val,current_repo_v1
8205,328.2,-1.0578057357139978,,9,1,val,current_repo_v1
8206,328.24,-1.3298273925955486,,9,1,val,current_repo_v1
8207,328.28,-1.6169390526376604,,9,1,val,current_repo_v1
8208,328.32,-1.1247690387379896,,9,1,val,current_repo_v1
8209,328.36,-0.23552603918609974,,9,1,val,current_repo_v1
8210,328.4,0.004738092186423571,,9,1,val,current_repo_v1
8211,328.44,-0.2881044208527106,,9,1,val,current_repo_v1
8212,328.48,-2.1050137370306556,,9,1,val,current_repo_v1
8213,328.52,-1.7471269724982657,,9,1,val,current_repo_v1
8214,328.56,-2.286246219828417,,9,1,val,current_repo_v1
8215,328.6,-2.1747342531487877,,9,1,val,current_repo_v1
8216,328.64,-1.9271498003894627,,9,1,val,current_repo_v1
8217,328.68,-2.057780490066566,,9,1,val,current_repo_v1
8218,328.72,-1.6795521422145578,,9,1,val,current_repo_v1
8219,328.76,-1.8821245765892256,,9,1,val,current_repo_v1
8220,328.8,-1.577669933550543,,9,1,val,current_repo_v1
8221,328.84,-2.1207714875657904,,9,1,val,current_repo_v1
8222,328.88,-1.4057208579053588,,9,1,val,current_repo_v1
8223,328.92,-0.9891688404625585,,9,1,val,current_repo_v1
8224,328.96,-0.6712923489667005,,9,1,val,current_repo_v1
8225,329.0,-0.30467653771481257,,9,1,val,current_repo_v1
8226,329.04,-0.34968627428133653,,9,1,val,current_repo_v1
8227,329.08,-0.8775103519291801,,9,1,val,current_repo_v1
8228,329.12,-0.23107595978368364,,9,1,val,current_repo_v1
8229,329.16,-0.24291286707535487,,9,1,val,current_repo_v1
8230,329.2,-0.00961959300132394,,9,1,val,current_repo_v1
8231,329.24,0.5530094510965107,,9,1,val,current_repo_v1
8232,329.28,0.04851671504606602,,9,1,val,current_repo_v1
8233,329.32,-0.05338879122383616,,9,1,val,current_repo_v1
8234,329.36,-0.3364509523192254,,9,1,val,current_repo_v1
8235,329.4,-0.24187434852878562,,9,1,val,current_repo_v1
8236,329.44,-0.8168402062181,,9,1,val,current_repo_v1
8237,329.48,-0.7155896242331028,,9,1,val,current_repo_v1
8238,329.52,0.35333147874923354,,9,1,val,current_repo_v1
8239,329.56,1.1318760768846483,,9,1,val,current_repo_v1
8240,329.6,0.30446583365740004,,9,1,val,current_repo_v1
8241,329.64,-1.1268089841491318,,9,1,val,current_repo_v1
8242,329.68,0.14661902521700332,,9,1,val,current_repo_v1
8243,329.72,1.078437643979083,,9,1,val,current_repo_v1
8244,329.76,1.1526864524573481,,9,1,val,current_repo_v1
8245,329.8,0.6451879611275289,,9,1,val,current_repo_v1
8246,329.84,0.04597029097065145,,9,1,val,current_repo_v1
8247,329.88,-0.30134183043566704,,9,1,val,current_repo_v1
8248,329.92,-0.742372537396329,,9,1,val,current_repo_v1
8249,329.96,-1.0115301726753736,,9,1,val,current_repo_v1
8250,330.0,0.2045109359775236,,9,1,val,current_repo_v1
8251,330.04,0.6171463582425339,,9,1,val,current_repo_v1
8252,330.08,0.8387350765452886,,9,1,val,current_repo_v1
8253,330.12,1.21219015215843,,9,1,val,current_repo_v1
8254,330.16,0.7725243365613778,,9,1,val,current_repo_v1
8255,330.2,1.003501765496094,,9,1,val,current_repo_v1
8256,330.24,1.1435220882422767,,9,1,val,current_repo_v1
8257,330.28,1.2413809174947967,,9,1,val,current_repo_v1
8258,330.32,1.3865700923553752,,9,1,val,current_repo_v1
8259,330.36,1.1623577686925812,,9,1,val,current_repo_v1
8260,330.4,1.207274824603437,,9,1,val,current_repo_v1
8261,330.44,1.326203477005342,,9,1,val,current_repo_v1
8262,330.48,1.1879835573156303,,9,1,val,current_repo_v1
8263,330.52,1.0809685201341321,,9,1,val,current_repo_v1
8264,330.56,1.284417075573331,,9,1,val,current_repo_v1
8265,330.6,1.232020414018908,,9,1,val,current_repo_v1
8266,330.64,1.347609164364215,,9,1,val,current_repo_v1
8267,330.68,1.2116548473342295,,9,1,val,current_repo_v1
8268,330.72,0.9659148804157376,,9,1,val,current_repo_v1
8269,330.76,0.9771983254367861,,9,1,val,current_repo_v1
8270,330.8,1.0174683373459348,,9,1,val,current_repo_v1
8271,330.84,1.3563862020884947,,9,1,val,current_repo_v1
8272,330.88,1.258563590630175,,9,1,val,current_repo_v1
8273,330.92,1.0906660530032368,,9,1,val,current_repo_v1
8274,330.96,0.7180874382998804,,9,1,val,current_repo_v1
8275,331.0,0.40841651045922317,,9,1,val,current_repo_v1
8276,331.04,0.40015967872000685,,9,1,val,current_repo_v1
8277,331.08,0.34704434155224806,,9,1,val,current_repo_v1
8278,331.12,0.7324257037588342,,9,1,val,current_repo_v1
8279,331.16,0.9566988597220746,,9,1,val,current_repo_v1
8280,331.2,0.853676615879221,,9,1,val,current_repo_v1
8281,331.24,0.8084588940173156,,9,1,val,current_repo_v1
8282,331.28,0.46021674359306736,,9,1,val,current_repo_v1
8283,331.32,0.3058824057742622,,9,1,val,current_repo_v1
8284,331.36,0.3973281851632301,,9,1,val,current_repo_v1
8285,331.4,0.34793245429930947,,9,1,val,current_repo_v1
8286,331.44,0.5068531251926801,,9,1,val,current_repo_v1
8287,331.48,0.029147841667067197,,9,1,val,current_repo_v1
8288,331.52,0.16005835143009312,,9,1,val,current_repo_v1
8289,331.56,0.31872059428254057,,9,1,val,current_repo_v1
8290,331.6,0.08811019215336148,,9,1,val,current_repo_v1
8291,331.64,-0.04762691217573301,,9,1,val,current_repo_v1
8292,331.68,-0.5074759644444186,,9,1,val,current_repo_v1
8293,331.72,-0.5118757952985807,,9,1,val,current_repo_v1
8294,331.76,-0.7761090242994212,,9,1,val,current_repo_v1
8295,331.8,-0.7429198339030596,,9,1,val,current_repo_v1
8296,331.84,-0.5501796567660034,,9,1,val,current_repo_v1
8297,331.88,-0.45805226917103486,,9,1,val,current_repo_v1
8298,331.92,-0.7413878114985185,,9,1,val,current_repo_v1
8299,331.96,-0.4784198263779147,,9,1,val,current_repo_v1
8300,332.0,-0.5799400027478916,,9,1,val,current_repo_v1
8301,332.04,-0.8294122473432597,,9,1,val,current_repo_v1
8302,332.08,-0.7701814433810524,,9,1,val,current_repo_v1
8303,332.12,-0.6153849888409384,,9,1,val,current_repo_v1
8304,332.16,-0.6320824115030822,,9,1,val,current_repo_v1
8305,332.2,-0.9140016730096355,,9,1,val,current_repo_v1
8306,332.24,-0.9225964565791857,,9,1,val,current_repo_v1
8307,332.28,-0.9646948359542685,,9,1,val,current_repo_v1
8308,332.32,-0.5501922310403974,,9,1,val,current_repo_v1
8309,332.36,-0.7550513870298544,,9,1,val,current_repo_v1
8310,332.4,-0.6508827480469821,,9,1,val,current_repo_v1
8311,332.44,-0.5919880995901952,,9,1,val,current_repo_v1
8312,332.48,-0.6053361045286322,,9,1,val,current_repo_v1
8313,332.52,-0.18279637783218539,,9,1,val,current_repo_v1
8314,332.56,-0.2975761993745876,,9,1,val,current_repo_v1
8315,332.6,-0.1649306642858079,,9,1,val,current_repo_v1
8316,332.64,-0.07169093890019279,,9,1,val,current_repo_v1
8317,332.68,0.010128450582373391,,9,1,val,current_repo_v1
8318,332.72,-0.10240158931060449,,9,1,val,current_repo_v1
8319,332.76,0.04920087209147081,,9,1,val,current_repo_v1
8320,332.8,0.2849298535121308,,9,1,val,current_repo_v1
8321,332.84,-0.06952588188629652,,9,1,val,current_repo_v1
8322,332.88,0.15477322368954458,,9,1,val,current_repo_v1
8323,332.92,-0.0014404401772827036,,9,1,val,current_repo_v1
8324,332.96,-0.2728736003837338,,9,1,val,current_repo_v1
8325,333.0,-0.1473671702687836,,9,1,val,current_repo_v1
8326,333.04,-0.09608799273313749,,9,1,val,current_repo_v1
8327,333.08,-0.24123109428715273,,9,1,val,current_repo_v1
8328,333.12,-0.1905293138378676,,9,1,val,current_repo_v1
8329,333.16,-0.21919152270578965,,9,1,val,current_repo_v1
8330,333.2,-0.20329829528765717,,9,1,val,current_repo_v1
8331,333.24,0.1168681463529021,,9,1,val,current_repo_v1
8332,333.28,0.264777418350964,,9,1,val,current_repo_v1
8333,333.32,0.09681489138788432,,9,1,val,current_repo_v1
8334,333.36,0.3054422818958122,,9,1,val,current_repo_v1
8335,333.4,0.35497895144145364,,9,1,val,current_repo_v1
8336,333.44,-0.10611772433792076,,9,1,val,current_repo_v1
8337,333.48,0.002497346779553551,,9,1,val,current_repo_v1
8338,333.52,0.1380900259787422,,9,1,val,current_repo_v1
8339,333.56,0.2846429998431857,,9,1,val,current_repo_v1
8340,333.6,0.16583271068827887,,9,1,val,current_repo_v1
8341,333.64,0.21628875874433975,,9,1,val,current_repo_v1
8342,333.68,0.25676614908234496,,9,1,val,current_repo_v1
8343,333.72,0.34814917847264804,,9,1,val,current_repo_v1
8344,333.76,0.22278121102399745,,9,1,val,current_repo_v1
8345,333.8,0.4291888233634873,,9,1,val,current_repo_v1
8346,333.84,0.3330725021009719,,9,1,val,current_repo_v1
8347,333.88,0.47694038288908275,,9,1,val,current_repo_v1
8348,333.92,0.26695849664111515,,9,1,val,current_repo_v1
8349,333.96,0.2528109086442553,,9,1,val,current_repo_v1
8350,334.0,0.24704970625232733,,9,1,val,current_repo_v1
8351,334.04,0.14833427276271374,,9,1,val,current_repo_v1
8352,334.08,-0.04588530234818505,,9,1,val,current_repo_v1
8353,334.12,0.20574569088355396,,9,1,val,current_repo_v1
8354,334.16,0.4877155650582762,,9,1,val,current_repo_v1
8355,334.2,0.23865810159528217,,9,1,val,current_repo_v1
8356,334.24,0.3782325716430207,,9,1,val,current_repo_v1
8357,334.28,0.07528083962168426,,9,1,val,current_repo_v1
8358,334.32,0.3440347205331104,,9,1,val,current_repo_v1
8359,334.36,0.5034529248781776,,9,1,val,current_repo_v1
8360,334.4,0.4967428259880637,,9,1,val,current_repo_v1
8361,334.44,0.2846487772125018,,9,1,val,current_repo_v1
8362,334.48,0.023570374184189332,,9,1,val,current_repo_v1
8363,334.52,-0.41038037908281594,,9,1,val,current_repo_v1
8364,334.56,-0.3900180894773714,,9,1,val,current_repo_v1
8365,334.6,-0.5450237673205774,,9,1,val,current_repo_v1
8366,334.64,-0.32265561392802367,,9,1,val,current_repo_v1
8367,334.68,-0.4933824361175884,,9,1,val,current_repo_v1
8368,334.72,-0.7341744503367138,,9,1,val,current_repo_v1
8369,334.76,-0.630475623142685,,9,1,val,current_repo_v1
8370,334.8,-0.7318306832685928,,9,1,val,current_repo_v1
8371,334.84,-0.5216596488621739,,9,1,val,current_repo_v1
8372,334.88,-0.6247883128188173,,9,1,val,current_repo_v1
8373,334.92,-0.8363976208890255,,9,1,val,current_repo_v1
8374,334.96,-0.9113999148444892,,9,1,val,current_repo_v1
8375,335.0,-0.9741875877832428,,9,1,val,current_repo_v1
8376,335.04,-0.9092094665351951,,9,1,val,current_repo_v1
8377,335.08,-0.9749514628153461,,9,1,val,current_repo_v1
8378,335.12,-0.9011168771522521,,9,1,val,current_repo_v1
8379,335.16,-0.9475544007290166,,9,1,val,current_repo_v1
8380,335.2,-0.995134386950719,,9,1,val,current_repo_v1
8381,335.24,-0.9652515024801421,,9,1,val,current_repo_v1
8382,335.28,-0.9256078739232367,,9,1,val,current_repo_v1
8383,335.32,-0.918166622244037,,9,1,val,current_repo_v1
8384,335.36,-0.8279379015332361,,9,1,val,current_repo_v1
8385,335.4,-1.0351671868726517,,9,1,val,current_repo_v1
8386,335.44,-0.897915243564666,,9,1,val,current_repo_v1
8387,335.48,-0.7622670785591144,,9,1,val,current_repo_v1
8388,335.52,-0.7276501497018344,,9,1,val,current_repo_v1
8389,335.56,-0.6349329363940768,,9,1,val,current_repo_v1
8390,335.6,-0.6384515485048994,,9,1,val,current_repo_v1
8391,335.64,-0.6122911347481577,,9,1,val,current_repo_v1
8392,335.68,-0.6777002768767832,,9,1,val,current_repo_v1
8393,335.72,-0.2533202638558551,,9,1,val,current_repo_v1
8394,335.76,-0.4909857017391824,,9,1,val,current_repo_v1
8395,335.8,-0.6305717993495362,,9,1,val,current_repo_v1
8396,335.84,-0.6516957549929336,,9,1,val,current_repo_v1
8397,335.88,-0.30735107131361356,,9,1,val,current_repo_v1
8398,335.92,-0.12191200823784895,,9,1,val,current_repo_v1
8399,335.96,-0.12681801432302098,,9,1,val,current_repo_v1
8400,336.0,-0.22796601159066512,,9,1,val,current_repo_v1
8401,336.04,-0.10671170101773944,,9,1,val,current_repo_v1
8402,336.08,-0.24587857523275758,,9,1,val,current_repo_v1
8403,336.12,-0.12852525123060393,,9,1,val,current_repo_v1
8404,336.16,0.28923644539342186,,9,1,val,current_repo_v1
8405,336.2,0.31985626002240064,,9,1,val,current_repo_v1
8406,336.24,0.32260580232366765,,9,1,val,current_repo_v1
8407,336.28,0.3506382051121465,,9,1,val,current_repo_v1
8408,336.32,0.16007981023041024,,9,1,val,current_repo_v1
8409,336.36,-0.030827633036065834,,9,1,val,current_repo_v1
8410,336.4,0.03994479820717064,,9,1,val,current_repo_v1
8411,336.44,-0.1228300516419138,,9,1,val,current_repo_v1
8412,336.48,-0.15711893273054495,,9,1,val,current_repo_v1
8413,336.52,0.11673089741965209,,9,1,val,current_repo_v1
8414,336.56,0.1459917922516253,,9,1,val,current_repo_v1
8415,336.6,0.16563739676593547,,9,1,val,current_repo_v1
8416,336.64,0.18559364411696308,,9,1,val,current_repo_v1
8417,336.68,0.24462995949530067,,9,1,val,current_repo_v1
8418,336.72,0.3985991093141389,,9,1,val,current_repo_v1
8419,336.76,0.22964841552005305,,9,1,val,current_repo_v1
8420,336.8,0.15662965266358572,,9,1,val,current_repo_v1
8421,336.84,0.07241429345443476,,9,1,val,current_repo_v1
8422,336.88,0.03414514475223096,,9,1,val,current_repo_v1
8423,336.92,0.17770335975872928,,9,1,val,current_repo_v1
8424,336.96,0.08503333032327537,,9,1,val,current_repo_v1
8425,337.0,0.0032223338047472506,,9,1,val,current_repo_v1
8426,337.04,0.1030076062222753,,9,1,val,current_repo_v1
8427,337.08,-0.23263849543709197,,9,1,val,current_repo_v1
8428,337.12,-0.09450729963330697,,9,1,val,current_repo_v1
8429,337.16,-0.05282333727068335,,9,1,val,current_repo_v1
8430,337.2,0.03517239985609981,,9,1,val,current_repo_v1
8431,337.24,-0.27796812348617145,,9,1,val,current_repo_v1
8432,337.28,-0.3670079926748783,,9,1,val,current_repo_v1
8433,337.32,-0.2859383928523746,,9,1,val,current_repo_v1
8434,337.36,-0.2880636636969046,,9,1,val,current_repo_v1
8435,337.4,-0.36914328895439813,,9,1,val,current_repo_v1
8436,337.44,-0.37093359375189644,,9,1,val,current_repo_v1
8437,337.48,-0.3314381377256876,,9,1,val,current_repo_v1
8438,337.52,-0.5669355328118165,,9,1,val,current_repo_v1
8439,337.56,-0.4684365807489316,,9,1,val,current_repo_v1
8440,337.6,-0.5588050749577257,,9,1,val,current_repo_v1
8441,337.64,-0.6506787923453256,,9,1,val,current_repo_v1
8442,337.68,-0.4928912140777498,,9,1,val,current_repo_v1
8443,337.72,-0.2810722943098738,,9,1,val,current_repo_v1
8444,337.76,-0.4789831927102222,,9,1,val,current_repo_v1
8445,337.8,-0.6448872466271572,,9,1,val,current_repo_v1
8446,337.84,-0.612817652145079,,9,1,val,current_repo_v1
8447,337.88,-0.5522197963744337,,9,1,val,current_repo_v1
8448,337.92,-0.4724668541641482,,9,1,val,current_repo_v1
8449,337.96,-0.5893827002259,,9,1,val,current_repo_v1
8450,338.0,-0.31084317549463264,,9,1,val,current_repo_v1
8451,338.04,-0.45125550974117873,,9,1,val,current_repo_v1
8452,338.08,-0.5399051637544355,,9,1,val,current_repo_v1
8453,338.12,-0.22169390040883383,,9,1,val,current_repo_v1
8454,338.16,-0.18445688601735832,,9,1,val,current_repo_v1
8455,338.2,-0.16110738090487198,,9,1,val,current_repo_v1
8456,338.24,-0.11200350429006084,,9,1,val,current_repo_v1
8457,338.28,-0.25424864826550264,,9,1,val,current_repo_v1
8458,338.32,-0.6030781726617797,,9,1,val,current_repo_v1
8459,338.36,-0.5846278281800655,,9,1,val,current_repo_v1
8460,338.4,-0.16060525954224786,,9,1,val,current_repo_v1
8461,338.44,-0.20571760510078596,,9,1,val,current_repo_v1
8462,338.48,-0.46899548054361645,,9,1,val,current_repo_v1
8463,338.52,-0.3515570010307021,,9,1,val,current_repo_v1
8464,338.56,-0.05830979904950138,,9,1,val,current_repo_v1
8465,338.6,-0.01280098152164256,,9,1,val,current_repo_v1
8466,338.64,-0.19691486051051554,,9,1,val,current_repo_v1
8467,338.68,-0.38193938520051596,,9,1,val,current_repo_v1
8468,338.72,-0.3159676049794127,,9,1,val,current_repo_v1
8469,338.76,-0.4647924686407792,,9,1,val,current_repo_v1
8470,338.8,-0.35508529873126055,,9,1,val,current_repo_v1
8471,338.84,-0.47624447690775773,,9,1,val,current_repo_v1
8472,338.88,-0.855442937311659,,9,1,val,current_repo_v1
8473,338.92,-0.7393601490658382,,9,1,val,current_repo_v1
8474,338.96,-0.4802921309802448,,9,1,val,current_repo_v1
8475,339.0,-0.6891270394963299,,9,1,val,current_repo_v1
8476,339.04,-0.5007480479531363,,9,1,val,current_repo_v1
8477,339.08,-0.3671746139479289,,9,1,val,current_repo_v1
8478,339.12,-0.3421811559690663,,9,1,val,current_repo_v1
8479,339.16,-0.3218261002125975,,9,1,val,current_repo_v1
8480,339.2,-0.3017936547007153,,9,1,val,current_repo_v1
8481,339.24,-0.43316811999062027,,9,1,val,current_repo_v1
8482,339.28,-0.592575449287563,,9,1,val,current_repo_v1
8483,339.32,-0.6379037665049488,,9,1,val,current_repo_v1
8484,339.36,-0.49355774771927424,,9,1,val,current_repo_v1
8485,339.4,-0.47738072523948166,,9,1,val,current_repo_v1
8486,339.44,-0.6262379470239509,,9,1,val,current_repo_v1
8487,339.48,-0.5743645015125541,,9,1,val,current_repo_v1
8488,339.52,-0.4403716256400621,,9,1,val,current_repo_v1
8489,339.56,-0.18574169527435463,,9,1,val,current_repo_v1
8490,339.6,-0.29733114667187116,,9,1,val,current_repo_v1
8491,339.64,-0.5045232432306467,,9,1,val,current_repo_v1
8492,339.68,-0.6749741838980348,,9,1,val,current_repo_v1
8493,339.72,-0.4579647832928189,,9,1,val,current_repo_v1
8494,339.76,-0.061374377901125425,,9,1,val,current_repo_v1
8495,339.8,-0.08572992206377342,,9,1,val,current_repo_v1
8496,339.84,-0.6571451250897555,,9,1,val,current_repo_v1
8497,339.88,-0.29635617918777957,,9,1,val,current_repo_v1
8498,339.92,0.12085938611324323,,9,1,val,current_repo_v1
8499,339.96,-0.3865472984487035,,9,1,val,current_repo_v1
8500,340.0,-0.3373114405020777,,9,1,val,current_repo_v1
8501,340.04,-0.4524916240282246,,9,1,val,current_repo_v1
8502,340.08,-0.3484475383309034,,9,1,val,current_repo_v1
8503,340.12,-0.5771191900419514,,9,1,val,current_repo_v1
8504,340.16,-0.7065964449273484,,9,1,val,current_repo_v1
8505,340.2,-0.4682039323979821,,9,1,val,current_repo_v1
8506,340.24,-0.4452090315332701,,9,1,val,current_repo_v1
8507,340.28,-0.7105608854619541,,9,1,val,current_repo_v1
8508,340.32,-0.803657414622376,,9,1,val,current_repo_v1
8509,340.36,-0.7907980100603905,,9,1,val,current_repo_v1
8510,340.4,-1.183112798038219,,9,1,val,current_repo_v1
8511,340.44,-1.25058373277288,,9,1,val,current_repo_v1
8512,340.48,-1.4289977332321566,,9,1,val,current_repo_v1
8513,340.52,-1.120894026054479,,9,1,val,current_repo_v1
8514,340.56,-0.7783269029756364,,9,1,val,current_repo_v1
8515,340.6,-0.9135989078344526,,9,1,val,current_repo_v1
8516,340.64,-0.6568598492737749,,9,1,val,current_repo_v1
8517,340.68,-0.6368210195260519,,9,1,val,current_repo_v1
8518,340.72,-0.8076384104757784,,9,1,val,current_repo_v1
8519,340.76,-0.9001797781393084,,9,1,val,current_repo_v1
8520,340.8,-1.0310418538849895,,9,1,val,current_repo_v1
8521,340.84,-0.7586773902409066,,9,1,val,current_repo_v1
8522,340.88,-0.959849516521577,,9,1,val,current_repo_v1
8523,340.92,-0.9338045530525143,,9,1,val,current_repo_v1
8524,340.96,-0.9089069071605881,,9,1,val,current_repo_v1
8525,341.0,-0.9156372996672915,,9,1,val,current_repo_v1
8526,341.04,-0.916281646268669,,9,1,val,current_repo_v1
8527,341.08,-0.9916761216471232,,9,1,val,current_repo_v1
8528,341.12,-0.8006202661376732,,9,1,val,current_repo_v1
8529,341.16,-0.9370707572383398,,9,1,val,current_repo_v1
8530,341.2,-0.6858938488494539,,9,1,val,current_repo_v1
8531,341.24,-0.38721754611335973,,9,1,val,current_repo_v1
8532,341.28,-0.39545765261115245,,9,1,val,current_repo_v1
8533,341.32,-0.47307765318403444,,9,1,val,current_repo_v1
8534,341.36,-0.2819863323948749,,9,1,val,current_repo_v1
8535,341.4,-0.23120631471321187,,9,1,val,current_repo_v1
8536,341.44,-0.3947518425681426,,9,1,val,current_repo_v1
8537,341.48,-0.6925277253040523,,9,1,val,current_repo_v1
8538,341.52,-0.5041936904330162,,9,1,val,current_repo_v1
8539,341.56,-0.5597047909927414,,9,1,val,current_repo_v1
8540,341.6,-0.707121894239186,,9,1,val,current_repo_v1
8541,341.64,-1.0230502470917742,,9,1,val,current_repo_v1
8542,341.68,-0.8310424364768534,,9,1,val,current_repo_v1
8543,341.72,-0.7311168140381336,,9,1,val,current_repo_v1
8544,341.76,-0.6172286978926196,,9,1,val,current_repo_v1
8545,341.8,-0.6500549335578254,,9,1,val,current_repo_v1
8546,341.84,-0.6448565634556631,,9,1,val,current_repo_v1
8547,341.88,-0.7875985611922937,,9,1,val,current_repo_v1
8548,341.92,-0.763217043142384,,9,1,val,current_repo_v1
8549,341.96,-0.9959755525034215,,9,1,val,current_repo_v1
8550,342.0,-0.9081837164603078,,9,1,val,current_repo_v1
8551,342.04,-1.0166370758549172,,9,1,val,current_repo_v1
8552,342.08,-1.0481444206390935,,9,1,val,current_repo_v1
8553,342.12,-1.1501584892616181,,9,1,val,current_repo_v1
8554,342.16,-1.1067677269353096,,9,1,val,current_repo_v1
8555,342.2,-0.9967247656402854,,9,1,val,current_repo_v1
8556,342.24,-0.7015443539323252,,9,1,val,current_repo_v1
8557,342.28,-0.6418095594585974,,9,1,val,current_repo_v1
8558,342.32,-0.5888907013969097,,9,1,val,current_repo_v1
8559,342.36,-0.38959379267788835,,9,1,val,current_repo_v1
8560,342.4,-0.44822307054070837,,9,1,val,current_repo_v1
8561,342.44,-0.26575381804005416,,9,1,val,current_repo_v1
8562,342.48,-0.5448586025271864,,9,1,val,current_repo_v1
8563,342.52,-0.4618856750856046,,9,1,val,current_repo_v1
8564,342.56,-0.8092888932259616,,9,1,val,current_repo_v1
8565,342.6,-0.868918675516237,,9,1,val,current_repo_v1
8566,342.64,-0.8195284792750227,,9,1,val,current_repo_v1
8567,342.68,-0.6557701597418342,,9,1,val,current_repo_v1
8568,342.72,-1.0765847105562247,,9,1,val,current_repo_v1
8569,342.76,-1.3407794399447315,,9,1,val,current_repo_v1
8570,342.8,-0.799229279513497,,9,1,val,current_repo_v1
8571,342.84,-0.5978736853450474,,9,1,val,current_repo_v1
8572,342.88,-0.8942211256548697,,9,1,val,current_repo_v1
8573,342.92,-1.1623085396800892,,9,1,val,current_repo_v1
8574,342.96,-1.1281614711609744,,9,1,val,current_repo_v1
8575,343.0,-0.9038529227420075,,9,1,val,current_repo_v1
8576,343.04,-0.649519483085659,,9,1,val,current_repo_v1
8577,343.08,-1.022311326411171,,9,1,val,current_repo_v1
8578,343.12,-0.5968255054834032,,9,1,val,current_repo_v1
8579,343.16,-0.5277650173976496,,9,1,val,current_repo_v1
8580,343.2,-0.2421721743444992,,9,1,val,current_repo_v1
8581,343.24,-0.177311032687773,,9,1,val,current_repo_v1
8582,343.28,-0.22707690358250301,,9,1,val,current_repo_v1
8583,343.32,-0.44450424102602193,,9,1,val,current_repo_v1
8584,343.36,-0.2711210426840784,,9,1,val,current_repo_v1
8585,343.4,-0.12304325598940848,,9,1,val,current_repo_v1
8586,343.44,-0.0554075934052543,,9,1,val,current_repo_v1
8587,343.48,-0.12225241180894288,,9,1,val,current_repo_v1
8588,343.52,0.027244756794598986,,9,1,val,current_repo_v1
8589,343.56,-0.3110278085661395,,9,1,val,current_repo_v1
8590,343.6,-0.3360382345330356,,9,1,val,current_repo_v1
8591,343.64,-0.6600702217393183,,9,1,val,current_repo_v1
8592,343.68,-0.7324299760991688,,9,1,val,current_repo_v1
8593,343.72,-0.7200942730734294,,9,1,val,current_repo_v1
8594,343.76,-0.7668046438397464,,9,1,val,current_repo_v1
8595,343.8,-0.456825282156522,,9,1,val,current_repo_v1
8596,343.84,-0.4686371865473713,,9,1,val,current_repo_v1
8597,343.88,-0.6175980125849553,,9,1,val,current_repo_v1
8598,343.92,-0.6788718691149119,,9,1,val,current_repo_v1
8599,343.96,-0.8127658014691996,,9,1,val,current_repo_v1
8600,344.0,-0.7492284299003622,,9,1,val,current_repo_v1
8601,344.04,-0.31123210411305,,9,1,val,current_repo_v1
8602,344.08,-0.049778812323371495,,9,1,val,current_repo_v1
8603,344.12,0.05671824910754209,,9,1,val,current_repo_v1
8604,344.16,0.22982251338868928,,9,1,val,current_repo_v1
8605,344.2,0.04484738156514275,,9,1,val,current_repo_v1
8606,344.24,-0.17151256869122194,,9,1,val,current_repo_v1
8607,344.28,-0.12053937325738277,,9,1,val,current_repo_v1
8608,344.32,-0.4042984355951977,,9,1,val,current_repo_v1
8609,344.36,-0.32228909082170215,,9,1,val,current_repo_v1
8610,344.4,-0.2855301658784684,,9,1,val,current_repo_v1
8611,344.44,-0.26327003472733,,9,1,val,current_repo_v1
8612,344.48,-0.6017490864231335,,9,1,val,current_repo_v1
8613,344.52,-0.8044893072545796,,9,1,val,current_repo_v1
8614,344.56,-0.7719189265162317,,9,1,val,current_repo_v1
8615,344.6,-0.8864557587021018,,9,1,val,current_repo_v1
8616,344.64,-1.0231481225248948,,9,1,val,current_repo_v1
8617,344.68,-0.7295658573980185,,9,1,val,current_repo_v1
8618,344.72,-0.6760579504126936,,9,1,val,current_repo_v1
8619,344.76,-0.6696892503547742,,9,1,val,current_repo_v1
8620,344.8,-0.9926403111817342,,9,1,val,current_repo_v1
8621,344.84,-0.6579502184962236,,9,1,val,current_repo_v1
8622,344.88,-0.5761617974124182,,9,1,val,current_repo_v1
8623,344.92,-0.7133830089995878,,9,1,val,current_repo_v1
8624,344.96,-0.6425196418419419,,9,1,val,current_repo_v1
8625,345.0,-0.8435284482034566,,9,1,val,current_repo_v1
8626,345.04,-0.7343802023632839,,9,1,val,current_repo_v1
8627,345.08,-0.7333942141831018,,9,1,val,current_repo_v1
8628,345.12,-0.7821064191428034,,9,1,val,current_repo_v1
8629,345.16,-0.6800361789547428,,9,1,val,current_repo_v1
8630,345.2,-0.36950770016521334,,9,1,val,current_repo_v1
8631,345.24,-0.22360475317281955,,9,1,val,current_repo_v1
8632,345.28,-0.5097731727127565,,9,1,val,current_repo_v1
8633,345.32,-0.6114609413422237,,9,1,val,current_repo_v1
8634,345.36,-0.7924960711461184,,9,1,val,current_repo_v1
8635,345.4,-0.9997498738931362,,9,1,val,current_repo_v1
8636,345.44,-0.7948168258356187,,9,1,val,current_repo_v1
8637,345.48,-0.70690327664229,,9,1,val,current_repo_v1
8638,345.52,-0.8467657169933793,,9,1,val,current_repo_v1
8639,345.56,-0.5369305467964487,,9,1,val,current_repo_v1
8640,345.6,-0.7667259939381317,,9,1,val,current_repo_v1
8641,345.64,-0.9525362408551283,,9,1,val,current_repo_v1
8642,345.68,-0.6942501581494164,,9,1,val,current_repo_v1
8643,345.72,-0.47594186898382873,,9,1,val,current_repo_v1
8644,345.76,-0.7722736764119721,,9,1,val,current_repo_v1
8645,345.8,-0.5191362007533884,,9,1,val,current_repo_v1
8646,345.84,-0.295908505889761,,9,1,val,current_repo_v1
8647,345.88,-0.9762574395767276,,9,1,val,current_repo_v1
8648,345.92,-0.4753013092295659,,9,1,val,current_repo_v1
8649,345.96,-0.4664286778902989,,9,1,val,current_repo_v1
8650,346.0,-0.449144827967905,,9,1,val,current_repo_v1
8651,346.04,-0.5118746786641751,,9,1,val,current_repo_v1
8652,346.08,-0.9146292215456066,,9,1,val,current_repo_v1
8653,346.12,-0.8525510483983336,,9,1,val,current_repo_v1
8654,346.16,-0.9376299483289566,,9,1,val,current_repo_v1
8655,346.2,-1.1237451335373376,,9,1,val,current_repo_v1
8656,346.24,-1.0094952763937175,,9,1,val,current_repo_v1
8657,346.28,-0.954515693811078,,9,1,val,current_repo_v1
8658,346.32,-0.9619414097072427,,9,1,val,current_repo_v1
8659,346.36,-0.7094569224293498,,9,1,val,current_repo_v1
8660,346.4,-0.6615354888261308,,9,1,val,current_repo_v1
8661,346.44,-0.9165878953917469,,9,1,val,current_repo_v1
8662,346.48,-0.7980530265404578,,9,1,val,current_repo_v1
8663,346.52,-0.8421331406896237,,9,1,val,current_repo_v1
8664,346.56,-1.101922019108042,,9,1,val,current_repo_v1
8665,346.6,-0.9749811750004005,,9,1,val,current_repo_v1
8666,346.64,-1.0707705408540118,,9,1,val,current_repo_v1
8667,346.68,-0.8075115025481112,,9,1,val,current_repo_v1
8668,346.72,-0.9572002771195299,,9,1,val,current_repo_v1
8669,346.76,-0.9268811284416008,,9,1,val,current_repo_v1
8670,346.8,-0.8582885101718112,,9,1,val,current_repo_v1
8671,346.84,-0.6640800073406575,,9,1,val,current_repo_v1
8672,346.88,-0.8325031884767213,,9,1,val,current_repo_v1
8673,346.92,-0.7974840770361221,,9,1,val,current_repo_v1
8674,346.96,-0.6976171992770035,,9,1,val,current_repo_v1
8675,347.0,-0.7448182094912954,,9,1,val,current_repo_v1
8676,347.04,-0.6890293582604972,,9,1,val,current_repo_v1
8677,347.08,-0.6932648011104201,,9,1,val,current_repo_v1
8678,347.12,-1.346660704809927,,9,1,val,current_repo_v1
8679,347.16,-1.2862569006792535,,9,1,val,current_repo_v1
8680,347.2,-0.8232755159457821,,9,1,val,current_repo_v1
8681,347.24,-1.2068703116526627,,9,1,val,current_repo_v1
8682,347.28,-1.1630338665505366,,9,1,val,current_repo_v1
8683,347.32,-0.9934724465605476,,9,1,val,current_repo_v1
8684,347.36,-1.2848982964528408,,9,1,val,current_repo_v1
8685,347.4,-1.5693462493949542,,9,1,val,current_repo_v1
8686,347.44,-1.742048130826829,,9,1,val,current_repo_v1
8687,347.48,-1.530691376329584,,9,1,val,current_repo_v1
8688,347.52,-1.5546371642146832,,9,1,val,current_repo_v1
8689,347.56,-1.2974053785851853,,9,1,val,current_repo_v1
8690,347.6,-1.2789317789782406,,9,1,val,current_repo_v1
8691,347.64,-1.2895281539945653,,9,1,val,current_repo_v1
8692,347.68,-1.4165743501309132,,9,1,val,current_repo_v1
8693,347.72,-1.1649614688306071,,9,1,val,current_repo_v1
8694,347.76,-1.0651219243397656,,9,1,val,current_repo_v1
8695,347.8,-1.3866378672088655,,9,1,val,current_repo_v1
8696,347.84,-1.4424175426178085,,9,1,val,current_repo_v1
8697,347.88,-1.2904705934329275,,9,1,val,current_repo_v1
8698,347.92,-1.5986024592173558,,9,1,val,current_repo_v1
8699,347.96,-1.455945131498266,,9,1,val,current_repo_v1
8700,348.0,-1.6181687098648825,,9,1,val,current_repo_v1
8701,348.04,-1.4496946975887008,,9,1,val,current_repo_v1
8702,348.08,-1.5133773287289156,,9,1,val,current_repo_v1
8703,348.12,-1.542390889040039,,9,1,val,current_repo_v1
8704,348.16,-1.5843496405650948,,9,1,val,current_repo_v1
8705,348.2,-1.618157543520826,,9,1,val,current_repo_v1
8706,348.24,-1.4265695874424267,,9,1,val,current_repo_v1
8707,348.28,-1.457383647908665,,9,1,val,current_repo_v1
8708,348.32,-1.3690261151657888,,9,1,val,current_repo_v1
8709,348.36,-1.4844202798285822,,9,1,val,current_repo_v1
8710,348.4,-1.578908718050298,,9,1,val,current_repo_v1
8711,348.44,-1.6405268378224465,,9,1,val,current_repo_v1
8712,348.48,-1.8694355315980835,,9,1,val,current_repo_v1
8713,348.52,-1.8143767165219653,,9,1,val,current_repo_v1
8714,348.56,-1.3450421675136095,,9,1,val,current_repo_v1
8715,348.6,-1.7251770472399468,,9,1,val,current_repo_v1
8716,348.64,-1.7459817910912965,,9,1,val,current_repo_v1
8717,348.68,-1.670267181483677,,9,1,val,current_repo_v1
8718,348.72,-1.3476050862211684,,9,1,val,current_repo_v1
8719,348.76,-1.705283671260889,,9,1,val,current_repo_v1
8720,348.8,-1.7684766339395688,,9,1,val,current_repo_v1
8721,348.84,-1.5455924255289812,,9,1,val,current_repo_v1
8722,348.88,-1.6402572919867888,,9,1,val,current_repo_v1
8723,348.92,-1.5159987979187877,,9,1,val,current_repo_v1
8724,348.96,-1.2617852265384188,,9,1,val,current_repo_v1
8725,349.0,-1.4130119950809827,,9,1,val,current_repo_v1
8726,349.04,-1.5343130586509794,,9,1,val,current_repo_v1
8727,349.08,-1.4948372165508523,,9,1,val,current_repo_v1
8728,349.12,-1.4274770713689597,,9,1,val,current_repo_v1
8729,349.16,-1.6111926577889377,,9,1,val,current_repo_v1
8730,349.2,-1.4851659003156192,,9,1,val,current_repo_v1
8731,349.24,-1.4198970657275285,,9,1,val,current_repo_v1
8732,349.28,-1.5357563328949329,,9,1,val,current_repo_v1
8733,349.32,-1.7751519715151418,,9,1,val,current_repo_v1
8734,349.36,-1.6655524597271236,,9,1,val,current_repo_v1
8735,349.4,-1.5608686638886744,,9,1,val,current_repo_v1
8736,349.44,-1.3257968278844001,,9,1,val,current_repo_v1
8737,349.48,-1.3203899869936366,,9,1,val,current_repo_v1
8738,349.52,-1.790580946041798,,9,1,val,current_repo_v1
8739,349.56,-1.7190743974665021,,9,1,val,current_repo_v1
8740,349.6,-1.7051514229078033,,9,1,val,current_repo_v1
8741,349.64,-1.5797315319592904,,9,1,val,current_repo_v1
8742,349.68,-1.2994838721579833,,9,1,val,current_repo_v1
8743,349.72,-1.3496807639332913,,9,1,val,current_repo_v1
8744,349.76,-1.368525280360197,,9,1,val,current_repo_v1
8745,349.8,-1.2405298478804094,,9,1,val,current_repo_v1
8746,349.84,-1.3895630609570722,,9,1,val,current_repo_v1
8747,349.88,-1.5738825038438926,,9,1,val,current_repo_v1
8748,349.92,-1.6917335554950308,,9,1,val,current_repo_v1
8749,349.96,-1.9740787402033537,,9,1,val,current_repo_v1
8750,350.0,-1.7739877587739548,,9,1,val,current_repo_v1
8751,350.04,-1.448046351008685,,9,1,val,current_repo_v1
8752,350.08,-1.291143001542412,,9,1,val,current_repo_v1
8753,350.12,-1.5320195886804342,,9,1,val,current_repo_v1
8754,350.16,-1.406860019196402,,9,1,val,current_repo_v1
8755,350.2,-1.5595356937042695,,9,1,val,current_repo_v1
8756,350.24,-1.5817941984531214,,9,1,val,current_repo_v1
8757,350.28,-1.5803846174386251,,9,1,val,current_repo_v1
8758,350.32,-1.7489520386103048,,9,1,val,current_repo_v1
8759,350.36,-1.7687578316125026,,9,1,val,current_repo_v1
8760,350.4,-1.752577507778815,,9,1,val,current_repo_v1
8761,350.44,-1.7427274329400353,,9,1,val,current_repo_v1
8762,350.48,-1.7341000242261118,,9,1,val,current_repo_v1
8763,350.52,-1.2680498368500035,,9,1,val,current_repo_v1
8764,350.56,-1.2099645541400192,,9,1,val,current_repo_v1
8765,350.6,-1.7499742931340092,,9,1,val,current_repo_v1
8766,350.64,-2.0149885350776136,,9,1,val,current_repo_v1
8767,350.68,-1.9812595733194287,,9,1,val,current_repo_v1
8768,350.72,-1.716275820350031,,9,1,val,current_repo_v1
8769,350.76,-1.8910761005767174,,9,1,val,current_repo_v1
8770,350.8,-1.9009102512378864,,9,1,val,current_repo_v1
8771,350.84,-1.4899482998270188,,9,1,val,current_repo_v1
8772,350.88,-1.2708802623216966,,9,1,val,current_repo_v1
8773,350.92,-1.5686822888674947,,9,1,val,current_repo_v1
8774,350.96,-1.4448797700315716,,9,1,val,current_repo_v1
8775,351.0,-1.6146751977535259,,9,1,val,current_repo_v1
8776,351.04,-1.9240302151560302,,9,1,val,current_repo_v1
8777,351.08,-1.7856665894732446,,9,1,val,current_repo_v1
8778,351.12,-1.742824725781292,,9,1,val,current_repo_v1
8779,351.16,-1.542428563313899,,9,1,val,current_repo_v1
8780,351.2,-1.3998700820143697,,9,1,val,current_repo_v1
8781,351.24,-1.6949352861812608,,9,1,val,current_repo_v1
8782,351.28,-2.0510165985276934,,9,1,val,current_repo_v1
8783,351.32,-1.8175355296075613,,9,1,val,current_repo_v1
8784,351.36,-1.906984548207292,,9,1,val,current_repo_v1
8785,351.4,-1.8386439980172458,,9,1,val,current_repo_v1
8786,351.44,-1.7210742411376854,,9,1,val,current_repo_v1
8787,351.48,-1.7986865466430328,,9,1,val,current_repo_v1
8788,351.52,-2.1600164290905597,,9,1,val,current_repo_v1
8789,351.56,-2.288729614746565,,9,1,val,current_repo_v1
8790,351.6,-1.8267136818300764,,9,1,val,current_repo_v1
8791,351.64,-1.7801863420076407,,9,1,val,current_repo_v1
8792,351.68,-1.813763635683946,,9,1,val,current_repo_v1
8793,351.72,-1.9080503029234945,,9,1,val,current_repo_v1
8794,351.76,-2.219499446780476,,9,1,val,current_repo_v1
8795,351.8,-2.2517492077964385,,9,1,val,current_repo_v1
8796,351.84,-2.047456573845218,,9,1,val,current_repo_v1
8797,351.88,-1.8110155498623384,,9,1,val,current_repo_v1
8798,351.92,-1.7159536470493422,,9,1,val,current_repo_v1
8799,351.96,-1.82197099566406,,9,1,val,current_repo_v1
8800,352.0,-2.0135615734058465,,9,1,val,current_repo_v1
8801,352.04,-2.263613691102997,,9,1,val,current_repo_v1
8802,352.08,-2.279074513984875,,9,1,val,current_repo_v1
8803,352.12,-2.2300276585487344,,9,1,val,current_repo_v1
8804,352.16,-2.100714403273001,,9,1,val,current_repo_v1
8805,352.2,-2.144457730775561,,9,1,val,current_repo_v1
8806,352.24,-2.0245069209485953,,9,1,val,current_repo_v1
8807,352.28,-1.975840692196813,,9,1,val,current_repo_v1
8808,352.32,-2.1365472984487037,,9,1,val,current_repo_v1
8809,352.36,-1.9881673650486633,,9,1,val,current_repo_v1
8810,352.4,-2.2191429005598224,,9,1,val,current_repo_v1
8811,352.44,-2.0693876619666067,,9,1,val,current_repo_v1
8812,352.48,-2.0935131794416924,,9,1,val,current_repo_v1
8813,352.52,-2.2576168788514783,,9,1,val,current_repo_v1
8814,352.56,-2.3520604574996806,,9,1,val,current_repo_v1
8815,352.6,-2.0719654367666926,,9,1,val,current_repo_v1
8816,352.64,-1.717183304276564,,9,1,val,current_repo_v1
8817,352.68,-1.829264269009851,,9,1,val,current_repo_v1
8818,352.72,-1.763004542760058,,9,1,val,current_repo_v1
8819,352.76,-1.5864384265941534,,9,1,val,current_repo_v1
8820,352.8,-1.447990033795183,,9,1,val,current_repo_v1
8821,352.84,-2.081040470229313,,9,1,val,current_repo_v1
8822,352.88,-2.0328917772498847,,9,1,val,current_repo_v1
8823,352.92,-1.9390405003298927,,9,1,val,current_repo_v1
8824,352.96,-2.143398967161724,,9,1,val,current_repo_v1
8825,353.0,-2.0594426246540256,,9,1,val,current_repo_v1
8826,353.04,-1.7217018867723002,,9,1,val,current_repo_v1
8827,353.08,-1.8556143164182641,,9,1,val,current_repo_v1
8828,353.12,-1.803785196437839,,9,1,val,current_repo_v1
8829,353.16,-1.7437026917200589,,9,1,val,current_repo_v1
8830,353.2,-1.683281506932115,,9,1,val,current_repo_v1
8831,353.24,-1.731156575932839,,9,1,val,current_repo_v1
8832,353.28,-2.1072398205422864,,9,1,val,current_repo_v1
8833,353.32,-1.8551676626560072,,9,1,val,current_repo_v1
8834,353.36,-1.6452283541634198,,9,1,val,current_repo_v1
8835,353.4,-1.6852025065043954,,9,1,val,current_repo_v1
8836,353.44,-1.7320259971909362,,9,1,val,current_repo_v1
8837,353.48,-1.8261674048591074,,9,1,val,current_repo_v1
8838,353.52,-1.8897116704316665,,9,1,val,current_repo_v1
8839,353.56,-1.7532698211103133,,9,1,val,current_repo_v1
8840,353.6,-1.5066301381568055,,9,1,val,current_repo_v1
8841,353.64,-1.5270255141251825,,9,1,val,current_repo_v1
8842,353.68,-1.7149442095466416,,9,1,val,current_repo_v1
8843,353.72,-1.9278357052104589,,9,1,val,current_repo_v1
8844,353.76,-2.127548778717531,,9,1,val,current_repo_v1
8845,353.8,-2.063444836561135,,9,1,val,current_repo_v1
8846,353.84,-1.821974102820667,,9,1,val,current_repo_v1
8847,353.88,-1.651482866216032,,9,1,val,current_repo_v1
8848,353.92,-2.040266225062034,,9,1,val,current_repo_v1
8849,353.96,-2.2497359645123876,,9,1,val,current_repo_v1
8850,354.0,-2.48593851422568,,9,1,val,current_repo_v1
8851,354.04,-1.9562145316859578,,9,1,val,current_repo_v1
8852,354.08,-1.6890105211235673,,9,1,val,current_repo_v1
8853,354.12,-1.8375366850814245,,9,1,val,current_repo_v1
8854,354.16,-2.2355838371539223,,9,1,val,current_repo_v1
8855,354.2,-2.316518081466733,,9,1,val,current_repo_v1
8856,354.24,-2.301803752959688,,9,1,val,current_repo_v1
8857,354.28,-1.8675716260284567,,9,1,val,current_repo_v1
8858,354.32,-1.7136151233079955,,9,1,val,current_repo_v1
8859,354.36,-1.5194233699929263,,9,1,val,current_repo_v1
8860,354.4,-1.236748632486973,,9,1,val,current_repo_v1
8861,354.44,-0.9880481279138696,,9,1,val,current_repo_v1
8862,354.48,-0.798630083781565,,9,1,val,current_repo_v1
8863,354.52,-0.7576623695661778,,9,1,val,current_repo_v1
8864,354.56,-0.7342169795427722,,9,1,val,current_repo_v1
8865,354.6,-0.6693719319862839,,9,1,val,current_repo_v1
8866,354.64,-0.4521586727780553,,9,1,val,current_repo_v1
8867,354.68,-0.6832135864306587,,9,1,val,current_repo_v1
8868,354.72,-0.9004595193325827,,9,1,val,current_repo_v1
8869,354.76,-0.734570272958853,,9,1,val,current_repo_v1
8870,354.8,-0.7352839479920243,,9,1,val,current_repo_v1
8871,354.84,-1.0068085569150984,,9,1,val,current_repo_v1
8872,354.88,-1.0309977711006277,,9,1,val,current_repo_v1
8873,354.92,-1.0335233068302585,,9,1,val,current_repo_v1
8874,354.96,-1.1170352288445116,,9,1,val,current_repo_v1
8875,355.0,-1.3455708696300201,,9,1,val,current_repo_v1
8876,355.04,-1.3318565600572105,,9,1,val,current_repo_v1
8877,355.08,-1.1440325358136212,,9,1,val,current_repo_v1
8878,355.12,-1.0744515504468721,,9,1,val,current_repo_v1
8879,355.16,-1.0656527626263435,,9,1,val,current_repo_v1
8880,355.2,-1.3190242945662143,,9,1,val,current_repo_v1
8881,355.24,-1.6254901418174243,,9,1,val,current_repo_v1
8882,355.28,-1.7020044558567717,,9,1,val,current_repo_v1
8883,355.32,-2.013219980376364,,9,1,val,current_repo_v1
8884,355.36,-1.9302703566093349,,9,1,val,current_repo_v1
8885,355.4,-1.7783581687389944,,9,1,val,current_repo_v1
8886,355.44,-1.773525763425951,,9,1,val,current_repo_v1
8887,355.48,-1.897771828867524,,9,1,val,current_repo_v1
8888,355.52,-1.9936314941393687,,9,1,val,current_repo_v1
8889,355.56,-1.8704340940526596,,9,1,val,current_repo_v1
8890,355.6,-1.7142297577243184,,9,1,val,current_repo_v1
8891,355.64,-1.2993107452757868,,9,1,val,current_repo_v1
8892,355.68,-0.9369474419604993,,9,1,val,current_repo_v1
8893,355.72,-0.04084231435103393,,9,1,val,current_repo_v1
8894,355.76,0.10386435610733478,,9,1,val,current_repo_v1
8895,355.8,0.20070724224800837,,9,1,val,current_repo_v1
8896,355.84,0.7941150939356556,,9,1,val,current_repo_v1
8897,355.88,1.1118726881419738,,9,1,val,current_repo_v1
8898,355.92,1.0506165521145414,,9,1,val,current_repo_v1
8899,355.96,1.4213108219837156,,9,1,val,current_repo_v1
8900,356.0,2.0624190864862477,,9,1,val,current_repo_v1
8901,356.04,2.087529766803042,,9,1,val,current_repo_v1
8902,356.08,1.832251217495622,,9,1,val,current_repo_v1
8903,356.12,1.6682370430355755,,9,1,val,current_repo_v1
8904,356.16,1.6001987609242043,,9,1,val,current_repo_v1
8905,356.2,0.6714391135670594,,9,1,val,current_repo_v1
8906,356.24,-0.3373033813146282,,9,1,val,current_repo_v1
8907,356.28,-2.6704653598160175,,9,1,val,current_repo_v1
8908,356.32,-3.411875067058751,,9,1,val,current_repo_v1
8909,356.36,-3.213546814411963,,9,1,val,current_repo_v1
8910,356.4,-3.4633365715731097,,9,1,val,current_repo_v1
8911,356.44,-3.7180379665407783,,9,1,val,current_repo_v1
8912,356.48,-4.235553542377004,,9,1,val,current_repo_v1
8913,356.52,-0.12291486730742061,,9,1,val,current_repo_v1
8914,356.56,0.47238611664168806,,9,1,val,current_repo_v1
8915,356.6,0.19551858201024294,,9,1,val,current_repo_v1
8916,356.64,-0.832376377647698,,9,1,val,current_repo_v1
8917,356.68,-1.4991119843515825,,9,1,val,current_repo_v1
8918,356.72,-3.4005479276479162,,9,1,val,current_repo_v1
8919,356.76,-3.3744516960948383,,9,1,val,current_repo_v1
8920,356.8,-3.8604692486167083,,9,1,val,current_repo_v1
8921,356.84,-3.143079803918998,,9,1,val,current_repo_v1
8922,356.88,0.3220469510783047,,9,1,val,current_repo_v1
8923,356.92,1.6756771295310475,,9,1,val,current_repo_v1
8924,356.96,1.3240142909784194,,9,1,val,current_repo_v1
8925,357.0,2.027485713148273,,9,1,val,current_repo_v1
8926,357.04,0.5878401911678103,,9,1,val,current_repo_v1
8927,357.08,0.9476895620414213,,9,1,val,current_repo_v1
8928,357.12,0.5104655831428986,,9,1,val,current_repo_v1
8929,357.16,-1.3370781367352815,,9,1,val,current_repo_v1
8930,357.2,1.2337236213327663,,9,1,val,current_repo_v1
8931,357.24,-1.1923641626382866,,9,1,val,current_repo_v1
8932,357.28,-2.0995806795060203,,9,1,val,current_repo_v1
8933,357.32,-0.4569727264473888,,9,1,val,current_repo_v1
8934,357.36,0.33993016665525755,,9,1,val,current_repo_v1
8935,357.4,1.9645426823791692,,9,1,val,current_repo_v1
8936,357.44,3.1362726063849156,,9,1,val,current_repo_v1
8937,357.48,1.962830250694134,,9,1,val,current_repo_v1
8938,357.52,-1.0745655442548918,,9,1,val,current_repo_v1
8939,357.56,-2.0333947482256436,,9,1,val,current_repo_v1
8940,357.6,-5.184762698196538,,9,1,val,current_repo_v1
8941,357.64,-1.9858568057167798,,9,1,val,current_repo_v1
8942,357.68,1.4459123170115369,,9,1,val,current_repo_v1
8943,357.72,0.44392660119305105,,9,1,val,current_repo_v1
8944,357.76,1.3864883352971533,,9,1,val,current_repo_v1
8945,357.8,1.5815348479750806,,9,1,val,current_repo_v1
8946,357.84,1.3742791518045054,,9,1,val,current_repo_v1
8947,357.88,1.3289414645679767,,9,1,val,current_repo_v1
8948,357.92,0.8973043959954577,,9,1,val,current_repo_v1
8949,357.96,1.061126218041802,,9,1,val,current_repo_v1
8950,358.0,0.87126273388029,,9,1,val,current_repo_v1
8951,358.04,0.6847818266294002,,9,1,val,current_repo_v1
8952,358.08,0.4606366952282328,,9,1,val,current_repo_v1
8953,358.12,0.40869212496012886,,9,1,val,current_repo_v1
8954,358.16,0.1863813083168387,,9,1,val,current_repo_v1
8955,358.2,-0.062474262790682994,,9,1,val,current_repo_v1
8956,358.24,-1.379080097156903,,9,1,val,current_repo_v1
8957,358.28,-3.600517535772354,,9,1,val,current_repo_v1
8958,358.32,-2.206503958468968,,9,1,val,current_repo_v1
8959,358.36,-2.7362792090927055,,9,1,val,current_repo_v1
8960,358.4,-3.407908004860758,,9,1,val,current_repo_v1
8961,358.44,-6.63976606994695,,9,1,val,current_repo_v1
8962,358.48,-4.821686787933163,,9,1,val,current_repo_v1
8963,358.52,0.8253182772175995,,9,1,val,current_repo_v1
8964,358.56,2.0877769799505863,,9,1,val,current_repo_v1
8965,358.6,0.2239507399159417,,9,1,val,current_repo_v1
8966,358.64,-2.352959008350969,,9,1,val,current_repo_v1
8967,358.68,-3.4595101082115836,,9,1,val,current_repo_v1
8968,358.72,-2.7753468484935873,,9,1,val,current_repo_v1
8969,358.76,-4.419343797654194,,9,1,val,current_repo_v1
8970,358.8,-3.6412181801675048,,9,1,val,current_repo_v1
8971,358.84,-4.36749855929887,,9,1,val,current_repo_v1
8972,358.88,-4.392358919311512,,9,1,val,current_repo_v1
8973,358.92,-1.6797624578773944,,9,1,val,current_repo_v1
8974,358.96,-1.5586848182871702,,9,1,val,current_repo_v1
8975,359.0,-1.552846276825321,,9,1,val,current_repo_v1
8976,359.04,-1.52733885144927,,9,1,val,current_repo_v1
8977,359.08,-1.609914742535663,,9,1,val,current_repo_v1
8978,359.12,-1.292066700942488,,9,1,val,current_repo_v1
8979,359.16,-1.3394861831057099,,9,1,val,current_repo_v1
8980,359.2,-1.2035660447984013,,9,1,val,current_repo_v1
8981,359.24,-0.8084461255456337,,9,1,val,current_repo_v1
8982,359.28,-0.7548609280397095,,9,1,val,current_repo_v1
8983,359.32,-1.4977911514976738,,9,1,val,current_repo_v1
8984,359.36,-1.8516084147626837,,9,1,val,current_repo_v1
8985,359.4,-1.4069427472410634,,9,1,val,current_repo_v1
8986,359.44,-0.5411360347147072,,9,1,val,current_repo_v1
8987,359.48,-0.24271012510674783,,9,1,val,current_repo_v1
8988,359.52,-0.3225935193452056,,9,1,val,current_repo_v1
8989,359.56,-2.3412658070523715,,9,1,val,current_repo_v1
8990,359.6,-2.3310071411197706,,9,1,val,current_repo_v1
8991,359.64,1.371113153419256,,9,1,val,current_repo_v1
8992,359.68,-0.7645390411800204,,9,1,val,current_repo_v1
8993,359.72,-1.481261855137562,,9,1,val,current_repo_v1
8994,359.76,-1.8804290400682409,,9,1,val,current_repo_v1
8995,359.8,-1.4135124414919984,,9,1,val,current_repo_v1
8996,359.84,-0.6745840900958898,,9,1,val,current_repo_v1
8997,359.88,-0.1928677890298923,,9,1,val,current_repo_v1
8998,359.92,-0.33369725905092873,,9,1,val,current_repo_v1
8999,359.96,0.016438575883318502,,9,1,val,current_repo_v1
9000,360.0,-0.07626952835790171,,9,1,val,current_repo_v1
9001,360.04,-0.8699544267514532,,9,1,val,current_repo_v1
9002,360.08,-0.746423444273389,,9,1,val,current_repo_v1
9003,360.12,-0.8935183256698228,,9,1,val,current_repo_v1
9004,360.16,-0.9308952834819185,,9,1,val,current_repo_v1
9005,360.2,-1.1727602377169002,,9,1,val,current_repo_v1
9006,360.24,-1.9277589972817235,,9,1,val,current_repo_v1
9007,360.28,-2.214577516517693,,9,1,val,current_repo_v1
9008,360.32,-1.9822068676899893,,9,1,val,current_repo_v1
9009,360.36,-1.908613669255802,,9,1,val,current_repo_v1
9010,360.4,-2.329826421609109,,9,1,val,current_repo_v1
9011,360.44,-3.153492079906358,,9,1,val,current_repo_v1
9012,360.48,-2.590796505031409,,9,1,val,current_repo_v1
9013,360.52,-1.7187056168167083,,9,1,val,current_repo_v1
9014,360.56,-1.5963186991112075,,9,1,val,current_repo_v1
9015,360.6,-1.6530339199547908,,9,1,val,current_repo_v1
9016,360.64,-1.1037620384112525,,9,1,val,current_repo_v1
9017,360.68,-0.07042557364665124,,9,1,val,current_repo_v1
9018,360.72,0.4048534271694629,,9,1,val,current_repo_v1
9019,360.76,-0.31559037674759355,,9,1,val,current_repo_v1
9020,360.8,-0.7785399374005042,,9,1,val,current_repo_v1
9021,360.84,-0.39199504214323894,,9,1,val,current_repo_v1
9022,360.88,-0.09404207575539104,,9,1,val,current_repo_v1
9023,360.92,-0.044584423265611885,,9,1,val,current_repo_v1
9024,360.96,-0.1833314884590979,,9,1,val,current_repo_v1
9025,361.0,-0.6711186880419622,,9,1,val,current_repo_v1
9026,361.04,-0.6853635931547398,,9,1,val,current_repo_v1
9027,361.08,-0.9477167496617326,,9,1,val,current_repo_v1
9028,361.12,-0.35975166536311737,,9,1,val,current_repo_v1
9029,361.16,-0.4925585541235124,,9,1,val,current_repo_v1
9030,361.2,-0.18026295283773214,,9,1,val,current_repo_v1
9031,361.24,-0.05158338758720065,,9,1,val,current_repo_v1
9032,361.28,-0.1500168223400676,,9,1,val,current_repo_v1
9033,361.32,-0.3408904479694489,,9,1,val,current_repo_v1
9034,361.36,-0.38537109402498637,,9,1,val,current_repo_v1
9035,361.4,-0.20576690693726116,,9,1,val,current_repo_v1
9036,361.44,-0.23080590418014518,,9,1,val,current_repo_v1
9037,361.48,-0.49235076302541897,,9,1,val,current_repo_v1
9038,361.52,-0.21282558995922343,,9,1,val,current_repo_v1
9039,361.56,-0.11395521130849647,,9,1,val,current_repo_v1
9040,361.6,-0.6618962102884752,,9,1,val,current_repo_v1
9041,361.64,-0.6187931997935683,,9,1,val,current_repo_v1
9042,361.68,0.1380350924209168,,9,1,val,current_repo_v1
9043,361.72,0.5537521586242288,,9,1,val,current_repo_v1
9044,361.76,0.7111819283887791,,9,1,val,current_repo_v1
9045,361.8,0.37607503977403206,,9,1,val,current_repo_v1
9046,361.84,0.4301813171528153,,9,1,val,current_repo_v1
9047,361.88,0.18074553309825753,,9,1,val,current_repo_v1
9048,361.92,-0.1814565136440587,,9,1,val,current_repo_v1
9049,361.96,-0.4214505954817088,,9,1,val,current_repo_v1
9050,362.0,-0.1997397270848414,,9,1,val,current_repo_v1
9051,362.04,-0.2910348336530306,,9,1,val,current_repo_v1
9052,362.08,-0.7996477746690028,,9,1,val,current_repo_v1
9053,362.12,-0.9882710664004222,,9,1,val,current_repo_v1
9054,362.16,-0.7362610516462832,,9,1,val,current_repo_v1
9055,362.2,-0.6995833497187295,,9,1,val,current_repo_v1
9056,362.24,-0.3909534407147237,,9,1,val,current_repo_v1
9057,362.28,-0.510376883531633,,9,1,val,current_repo_v1
9058,362.32,-0.4238386395314796,,9,1,val,current_repo_v1
9059,362.36,-0.6376054309213545,,9,1,val,current_repo_v1
9060,362.4,-0.7693600374023977,,9,1,val,current_repo_v1
9061,362.44,-1.2172064623031507,,9,1,val,current_repo_v1
9062,362.48,-0.9251013102976511,,9,1,val,current_repo_v1
9063,362.52,-0.9107835326525747,,9,1,val,current_repo_v1
9064,362.56,-0.440350215389067,,9,1,val,current_repo_v1
9065,362.6,-0.2846717653164615,,9,1,val,current_repo_v1
9066,362.64,-0.494981650783756,,9,1,val,current_repo_v1
9067,362.68,-0.4255939402678272,,9,1,val,current_repo_v1
9068,362.72,-0.22474927916394183,,9,1,val,current_repo_v1
9069,362.76,0.02279598822387646,,9,1,val,current_repo_v1
9070,362.8,-0.5148042418513604,,9,1,val,current_repo_v1
9071,362.84,-0.44169357512837654,,9,1,val,current_repo_v1
9072,362.88,-0.43127003569831646,,9,1,val,current_repo_v1
9073,362.92,-0.8098327912801534,,9,1,val,current_repo_v1
9074,362.96,-0.920176855470125,,9,1,val,current_repo_v1
9075,363.0,-0.7275938810376543,,9,1,val,current_repo_v1
9076,363.04,-0.6824091727146985,,9,1,val,current_repo_v1
9077,363.08,-0.872532881242047,,9,1,val,current_repo_v1
9078,363.12,-0.8690496615869511,,9,1,val,current_repo_v1
9079,363.16,-0.8946264153947958,,9,1,val,current_repo_v1
9080,363.2,-1.0268083530079462,,9,1,val,current_repo_v1
9081,363.24,-0.5281930767695864,,9,1,val,current_repo_v1
9082,363.28,-1.327286418181527,,9,1,val,current_repo_v1
9083,363.32,-1.8303389568012989,,9,1,val,current_repo_v1
9084,363.36,-1.8260726365825939,,9,1,val,current_repo_v1
9085,363.4,-1.8019012885475547,,9,1,val,current_repo_v1
9086,363.44,-1.903560461626373,,9,1,val,current_repo_v1
9087,363.48,-1.977547686357786,,9,1,val,current_repo_v1
9088,363.52,-1.7166269290466225,,9,1,val,current_repo_v1
9089,363.56,-1.507968254569341,,9,1,val,current_repo_v1
9090,363.6,-1.0293251498596196,,9,1,val,current_repo_v1
9091,363.64,-0.5710447474245799,,9,1,val,current_repo_v1
9092,363.68,-0.29269131224447886,,9,1,val,current_repo_v1
9093,363.72,0.025797719978191646,,9,1,val,current_repo_v1
9094,363.76,0.2365940999950965,,9,1,val,current_repo_v1
9095,363.8,0.3280308006608534,,9,1,val,current_repo_v1
9096,363.84,0.3133328090006559,,9,1,val,current_repo_v1
9097,363.88,-0.08779016109150528,,9,1,val,current_repo_v1
9098,363.92,-0.5223271534901379,,9,1,val,current_repo_v1
9099,363.96,0.5811605327025805,,9,1,val,current_repo_v1
9100,364.0,1.2124924202371052,,9,1,val,current_repo_v1
9101,364.04,0.753120726142499,,9,1,val,current_repo_v1
9102,364.08,0.5394247682133995,,9,1,val,current_repo_v1
9103,364.12,0.8153152720145687,,9,1,val,current_repo_v1
9104,364.16,0.7821010787173852,,9,1,val,current_repo_v1
9105,364.2,1.2062181000611236,,9,1,val,current_repo_v1
9106,364.24,0.7042553480719365,,9,1,val,current_repo_v1
9107,364.28,-0.054777374656574236,,9,1,val,current_repo_v1
9108,364.32,-0.09030732206309373,,9,1,val,current_repo_v1
9109,364.36,0.08192712042804966,,9,1,val,current_repo_v1
9110,364.4,-0.13553167090744994,,9,1,val,current_repo_v1
9111,364.44,-0.3177433207056547,,9,1,val,current_repo_v1
9112,364.48,0.16175024675192898,,9,1,val,current_repo_v1
9113,364.52,0.8090666344299169,,9,1,val,current_repo_v1
9114,364.56,0.7992248129758743,,9,1,val,current_repo_v1
9115,364.6,0.856354013888019,,9,1,val,current_repo_v1
9116,364.64,1.0043673028084326,,9,1,val,current_repo_v1
9117,364.68,1.3695601577076175,,9,1,val,current_repo_v1
9118,364.72,1.8650272531618959,,9,1,val,current_repo_v1
9119,364.76,1.2474883251017959,,9,1,val,current_repo_v1
9120,364.8,1.325207924608729,,9,1,val,current_repo_v1
9121,364.84,1.6240562861419359,,9,1,val,current_repo_v1
9122,364.88,1.4816141290178813,,9,1,val,current_repo_v1
9123,364.92,1.9381182574094762,,9,1,val,current_repo_v1
9124,364.96,1.9396044492540638,,9,1,val,current_repo_v1
9125,365.0,1.211325391635243,,9,1,val,current_repo_v1
9126,365.04,0.5947636643280458,,9,1,val,current_repo_v1
9127,365.08,0.4558972133174674,,9,1,val,current_repo_v1
9128,365.12,0.5956168215632784,,9,1,val,current_repo_v1
9129,365.16,0.7292280512156507,,9,1,val,current_repo_v1
9130,365.2,1.1086051245751327,,9,1,val,current_repo_v1
9131,365.24,1.3204574705511951,,9,1,val,current_repo_v1
9132,365.28,1.4965333356637007,,9,1,val,current_repo_v1
9133,365.32,0.7989774056310417,,9,1,val,current_repo_v1
9134,365.36,0.6391583780836708,,9,1,val,current_repo_v1
9135,365.4,0.1975735777112005,,9,1,val,current_repo_v1
9136,365.44,-0.35202562336115695,,9,1,val,current_repo_v1
9137,365.48,0.05976293487448301,,9,1,val,current_repo_v1
9138,365.52,0.03922608618184343,,9,1,val,current_repo_v1
9139,365.56,-0.19613843547867932,,9,1,val,current_repo_v1
9140,365.6,-0.4299963442360546,,9,1,val,current_repo_v1
9141,365.64,-0.517114801183244,,9,1,val,current_repo_v1
9142,365.68,-0.5374050678695247,,9,1,val,current_repo_v1
9143,365.72,0.2250003519825844,,9,1,val,current_repo_v1
9144,365.76,0.16294633212299875,,9,1,val,current_repo_v1
9145,365.8,0.8903074677110597,,9,1,val,current_repo_v1
9146,365.84,0.44162934437539114,,9,1,val,current_repo_v1
9147,365.88,0.03597132749867582,,9,1,val,current_repo_v1
9148,365.92,-0.0554235175828652,,9,1,val,current_repo_v1
9149,365.96,-0.42619983580619303,,9,1,val,current_repo_v1
9150,366.0,-0.17474777413496032,,9,1,val,current_repo_v1
9151,366.04,-0.21843556121316987,,9,1,val,current_repo_v1
9152,366.08,-0.17703403453119076,,9,1,val,current_repo_v1
9153,366.12,-0.3372755140038092,,9,1,val,current_repo_v1
9154,366.16,-0.9083315976950724,,9,1,val,current_repo_v1
9155,366.2,-0.7070332431772424,,9,1,val,current_repo_v1
9156,366.24,-0.7157033752945123,,9,1,val,current_repo_v1
9157,366.28,-1.123147588482353,,9,1,val,current_repo_v1
9158,366.32,-1.353835420711432,,9,1,val,current_repo_v1
9159,366.36,-1.495980455984942,,9,1,val,current_repo_v1
9160,366.4,-1.5223230267977692,,9,1,val,current_repo_v1
9161,366.44,0.4007946553022414,,9,1,val,current_repo_v1
9162,366.48,1.364927387206574,,9,1,val,current_repo_v1
9163,366.52,1.9896599654037532,,9,1,val,current_repo_v1
9164,366.56,2.264186767299701,,9,1,val,current_repo_v1
9165,366.6,2.709209466535195,,9,1,val,current_repo_v1
9166,366.64,2.800540256855043,,9,1,val,current_repo_v1
9167,366.68,3.143214188442251,,9,1,val,current_repo_v1
9168,366.72,3.2344529292476167,,9,1,val,current_repo_v1
9169,366.76,3.399066590735527,,9,1,val,current_repo_v1
9170,366.8,3.676590439376219,,9,1,val,current_repo_v1
9171,366.84,3.701885801313842,,9,1,val,current_repo_v1
9172,366.88,3.754550940618839,,9,1,val,current_repo_v1
9173,366.92,3.4984342358166796,,9,1,val,current_repo_v1
9174,366.96,3.5812450085228336,,9,1,val,current_repo_v1
9175,367.0,3.5501260583145324,,9,1,val,current_repo_v1
9176,367.04,3.6523192739351797,,9,1,val,current_repo_v1
9177,367.08,3.4470418655368267,,9,1,val,current_repo_v1
9178,367.12,3.4771583693447927,,9,1,val,current_repo_v1
9179,367.16,3.24712585586386,,9,1,val,current_repo_v1
9180,367.2,3.0507807459214926,,9,1,val,current_repo_v1
9181,367.24,2.9572792183170766,,9,1,val,current_repo_v1
9182,367.28,2.526265523038838,,9,1,val,current_repo_v1
9183,367.32,2.086564606281991,,9,1,val,current_repo_v1
9184,367.36,2.1230086403228334,,9,1,val,current_repo_v1
9185,367.4,1.6563708119534257,,9,1,val,current_repo_v1
9186,367.44,1.5656034850645293,,9,1,val,current_repo_v1
9187,367.48,1.2313795629687134,,9,1,val,current_repo_v1
9188,367.52,1.4929573868036146,,9,1,val,current_repo_v1
9189,367.56,1.4808004423814218,,9,1,val,current_repo_v1
9190,367.6,1.6722973199317785,,9,1,val,current_repo_v1
9191,367.64,2.018251243712256,,9,1,val,current_repo_v1
9192,367.68,1.9455899980628821,,9,1,val,current_repo_v1
9193,367.72,1.9512026880788595,,9,1,val,current_repo_v1
9194,367.76,1.8424514300445538,,9,1,val,current_repo_v1
9195,367.8,1.88026999248942,,9,1,val,current_repo_v1
9196,367.84,1.93255722387209,,9,1,val,current_repo_v1
9197,367.88,2.0658651173607034,,9,1,val,current_repo_v1
9198,367.92,2.108354512975049,,9,1,val,current_repo_v1
9199,367.96,1.7388631011073614,,9,1,val,current_repo_v1
9200,368.0,1.6978775692908061,,9,1,val,current_repo_v1
9201,368.04,1.8240861925242784,,9,1,val,current_repo_v1
9202,368.08,1.8106976489019844,,9,1,val,current_repo_v1
9203,368.12,1.946791302486065,,9,1,val,current_repo_v1
9204,368.16,1.8074005673473768,,9,1,val,current_repo_v1
9205,368.2,1.7644070355735446,,9,1,val,current_repo_v1
9206,368.24,1.6952836761158212,,9,1,val,current_repo_v1
9207,368.28,1.6472043115681867,,9,1,val,current_repo_v1
9208,368.32,1.6901733744837386,,9,1,val,current_repo_v1
9209,368.36,1.8164511319517167,,9,1,val,current_repo_v1
9210,368.4,1.9204255250973292,,9,1,val,current_repo_v1
9211,368.44,2.0382953167867535,,9,1,val,current_repo_v1
9212,368.48,2.031398594302931,,9,1,val,current_repo_v1
9213,368.52,1.698424234656351,,9,1,val,current_repo_v1
9214,368.56,1.537925031107978,,9,1,val,current_repo_v1
9215,368.6,1.43701400308094,,9,1,val,current_repo_v1
9216,368.64,1.5893569205359264,,9,1,val,current_repo_v1
9217,368.68,1.701404968828908,,9,1,val,current_repo_v1
9218,368.72,1.8552107744539295,,9,1,val,current_repo_v1
9219,368.76,1.6734492982438254,,9,1,val,current_repo_v1
9220,368.8,1.6290697804259815,,9,1,val,current_repo_v1
9221,368.84,1.3523024273204514,,9,1,val,current_repo_v1
9222,368.88,1.2195884862369955,,9,1,val,current_repo_v1
9223,368.92,1.1395228863931302,,9,1,val,current_repo_v1
9224,368.96,1.2726427969070198,,9,1,val,current_repo_v1
9225,369.0,1.2794573739380444,,9,1,val,current_repo_v1
9226,369.04,1.2126108805827471,,9,1,val,current_repo_v1
9227,369.08,1.0960293937015022,,9,1,val,current_repo_v1
9228,369.12,1.0238209190289553,,9,1,val,current_repo_v1
9229,369.16,1.0400300811599015,,9,1,val,current_repo_v1
9230,369.2,0.9857242660677622,,9,1,val,current_repo_v1
9231,369.24,1.0804697244000638,,9,1,val,current_repo_v1
9232,369.28,0.8802164911365931,,9,1,val,current_repo_v1
9233,369.32,1.2017429206592416,,9,1,val,current_repo_v1
9234,369.36,1.1600531323779797,,9,1,val,current_repo_v1
9235,369.4,1.193658487562392,,9,1,val,current_repo_v1
9236,369.44,0.871125436397718,,9,1,val,current_repo_v1
9237,369.48,0.8971096161156561,,9,1,val,current_repo_v1
9238,369.52,0.7911769860678011,,9,1,val,current_repo_v1
9239,369.56,0.9188521386704575,,9,1,val,current_repo_v1
9240,369.6,0.9595610364503454,,9,1,val,current_repo_v1
9241,369.64,0.9488136730426491,,9,1,val,current_repo_v1
9242,369.68,0.8638685750434152,,9,1,val,current_repo_v1
9243,369.72,1.0476832991788854,,9,1,val,current_repo_v1
9244,369.76,1.0901927942125325,,9,1,val,current_repo_v1
9245,369.8,1.2360865168337491,,9,1,val,current_repo_v1
9246,369.84,1.047478615237399,,9,1,val,current_repo_v1
9247,369.88,1.0276909796816232,,9,1,val,current_repo_v1
9248,369.92,0.9158564513067293,,9,1,val,current_repo_v1
9249,369.96,1.2188205330618456,,9,1,val,current_repo_v1
9250,370.0,1.3747074539230522,,9,1,val,current_repo_v1
9251,370.04,1.3920029556827225,,9,1,val,current_repo_v1
9252,370.08,1.3037969939230813,,9,1,val,current_repo_v1
9253,370.12,1.364234297085924,,9,1,val,current_repo_v1
9254,370.16,1.6868943532769094,,9,1,val,current_repo_v1
9255,370.2,1.556098207510483,,9,1,val,current_repo_v1
9256,370.24,1.8122832697579963,,9,1,val,current_repo_v1
9257,370.28,1.9377496709569701,,9,1,val,current_repo_v1
9258,370.32,2.007144324025943,,9,1,val,current_repo_v1
9259,370.36,2.1126350095957735,,9,1,val,current_repo_v1
9260,370.4,2.1897736679158406,,9,1,val,current_repo_v1
9261,370.44,2.1449964340523002,,9,1,val,current_repo_v1
9262,370.48,1.1358574125833045,,9,1,val,current_repo_v1
9263,370.52,0.3164768873670295,,9,1,val,current_repo_v1
9264,370.56,0.2519978774236428,,9,1,val,current_repo_v1
9265,370.6,-0.354503483656599,,9,1,val,current_repo_v1
9266,370.64,-0.3515675119589117,,9,1,val,current_repo_v1
9267,370.68,-0.3671952231351113,,9,1,val,current_repo_v1
9268,370.72,0.028678151251528696,,9,1,val,current_repo_v1
9269,370.76,-0.2513361501649949,,9,1,val,current_repo_v1
9270,370.8,0.1883165813897826,,9,1,val,current_repo_v1
9271,370.84,0.2675572068798273,,9,1,val,current_repo_v1
9272,370.88,0.8556234436907971,,9,1,val,current_repo_v1
9273,370.92,1.1576410078645047,,9,1,val,current_repo_v1
9274,370.96,1.335247438901892,,9,1,val,current_repo_v1
9275,371.0,1.4894472708241393,,9,1,val,current_repo_v1
9276,371.04,1.3309110134622415,,9,1,val,current_repo_v1
9277,371.08,1.5080771992478739,,9,1,val,current_repo_v1
9278,371.12,1.4476507711331557,,9,1,val,current_repo_v1
9279,371.16,1.3845220877567834,,9,1,val,current_repo_v1
9280,371.2,1.2479561463684379,,9,1,val,current_repo_v1
9281,371.24,1.3202787119476482,,9,1,val,current_repo_v1
9282,371.28,1.064222402502038,,9,1,val,current_repo_v1
9283,371.32,1.3275658680788693,,9,1,val,current_repo_v1
9284,371.36,1.6386984703565122,,9,1,val,current_repo_v1
9285,371.4,1.3458263361623024,,9,1,val,current_repo_v1
9286,371.44,1.394850470515754,,9,1,val,current_repo_v1
9287,371.48,1.369899031975069,,9,1,val,current_repo_v1
9288,371.52,1.5968684716333594,,9,1,val,current_repo_v1
9289,371.56,1.4828473788949301,,9,1,val,current_repo_v1
9290,371.6,1.5816857392678083,,9,1,val,current_repo_v1
9291,371.64,1.5537012303854671,,9,1,val,current_repo_v1
9292,371.68,1.5299555628055876,,9,1,val,current_repo_v1
9293,371.72,1.595203035692005,,9,1,val,current_repo_v1
9294,371.76,1.4426273727874253,,9,1,val,current_repo_v1
9295,371.8,1.411067109242286,,9,1,val,current_repo_v1
9296,371.84,1.3833864220169234,,9,1,val,current_repo_v1
9297,371.88,1.3778176205880197,,9,1,val,current_repo_v1
9298,371.92,1.6279782945691272,,9,1,val,current_repo_v1
9299,371.96,1.379766584569763,,9,1,val,current_repo_v1
9300,372.0,1.6589553836585895,,9,1,val,current_repo_v1
9301,372.04,1.378671603161726,,9,1,val,current_repo_v1
9302,372.08,1.3614202812850618,,9,1,val,current_repo_v1
9303,372.12,1.516390979341778,,9,1,val,current_repo_v1
9304,372.16,1.3984445768222624,,9,1,val,current_repo_v1
9305,372.2,1.1863261805617253,,9,1,val,current_repo_v1
9306,372.24,1.070798019770255,,9,1,val,current_repo_v1
9307,372.28,1.0541689060041433,,9,1,val,current_repo_v1
9308,372.32,0.7819131928413053,,9,1,val,current_repo_v1
9309,372.36,0.9442150812642826,,9,1,val,current_repo_v1
9310,372.4,0.6813397282500251,,9,1,val,current_repo_v1
9311,372.44,0.25913843887713184,,9,1,val,current_repo_v1
9312,372.48,0.2732865123672115,,9,1,val,current_repo_v1
9313,372.52,1.1923294984223898,,9,1,val,current_repo_v1
9314,372.56,0.5390789999422263,,9,1,val,current_repo_v1
9315,372.6,0.566353426441223,,9,1,val,current_repo_v1
9316,372.64,0.4824676746476897,,9,1,val,current_repo_v1
9317,372.68,0.5567886274184238,,9,1,val,current_repo_v1
9318,372.72,0.8433410478205967,,9,1,val,current_repo_v1
9319,372.76,0.9519359770381127,,9,1,val,current_repo_v1
9320,372.8,0.5262328493451425,,9,1,val,current_repo_v1
9321,372.84,-0.03859398311260384,,9,1,val,current_repo_v1
9322,372.88,-0.17112888339957888,,9,1,val,current_repo_v1
9323,372.92,-0.09613700327368079,,9,1,val,current_repo_v1
9324,372.96,-0.42900564677164,,9,1,val,current_repo_v1
9325,373.0,-0.7827005171959271,,9,1,val,current_repo_v1
9326,373.04,-0.7509981497853392,,9,1,val,current_repo_v1
9327,373.08,-0.6547829578286024,,9,1,val,current_repo_v1
9328,373.12,-0.809671656080487,,9,1,val,current_repo_v1
9329,373.16,-0.900602254339217,,9,1,val,current_repo_v1
9330,373.2,-0.288381006340056,,9,1,val,current_repo_v1
9331,373.24,-0.39703463168785114,,9,1,val,current_repo_v1
9332,373.28,-0.3899361139472007,,9,1,val,current_repo_v1
9333,373.32,-0.27638548841346156,,9,1,val,current_repo_v1
9334,373.36,-0.07099891686462653,,9,1,val,current_repo_v1
9335,373.4,0.047434040891151934,,9,1,val,current_repo_v1
9336,373.44,0.14415917672001752,,9,1,val,current_repo_v1
9337,373.48,-0.15128284300945596,,9,1,val,current_repo_v1
9338,373.52,-0.5728470439046084,,9,1,val,current_repo_v1
9339,373.56,-0.4601327047167123,,9,1,val,current_repo_v1
9340,373.6,-0.48105134527743754,,9,1,val,current_repo_v1
9341,373.64,-0.9201040314871483,,9,1,val,current_repo_v1
9342,373.68,-0.8980769128068742,,9,1,val,current_repo_v1
9343,373.72,-0.4991763122032119,,9,1,val,current_repo_v1
9344,373.76,-0.4362136675080264,,9,1,val,current_repo_v1
9345,373.8,-0.9254933946219974,,9,1,val,current_repo_v1
9346,373.84,-1.2691441385675328,,9,1,val,current_repo_v1
9347,373.88,-1.0088662713780872,,9,1,val,current_repo_v1
9348,373.92,-0.7122050568002792,,9,1,val,current_repo_v1
9349,373.96,-0.6107132817836632,,9,1,val,current_repo_v1
9350,374.0,-0.8176990437240049,,9,1,val,current_repo_v1
9351,374.04,-0.6542678495223475,,9,1,val,current_repo_v1
9352,374.08,-0.6092289348133109,,9,1,val,current_repo_v1
9353,374.12,-0.5086158539752913,,9,1,val,current_repo_v1
9354,374.16,-0.31691334577166963,,9,1,val,current_repo_v1
9355,374.2,-0.2973328701728016,,9,1,val,current_repo_v1
9356,374.24,-0.10849468700494863,,9,1,val,current_repo_v1
9357,374.28,-0.08731860152707037,,9,1,val,current_repo_v1
9358,374.32,0.12321160076338954,,9,1,val,current_repo_v1
9359,374.36,-0.4113649107833385,,9,1,val,current_repo_v1
9360,374.4,-0.4012449259889861,,9,1,val,current_repo_v1
9361,374.44,-0.28743779011254217,,9,1,val,current_repo_v1
9362,374.48,-0.4444286011823702,,9,1,val,current_repo_v1
9363,374.52,-0.1486570529299273,,9,1,val,current_repo_v1
9364,374.56,-0.30503728345181796,,9,1,val,current_repo_v1
9365,374.6,-0.523441117683071,,9,1,val,current_repo_v1
9366,374.64,-0.33682961275604306,,9,1,val,current_repo_v1
9367,374.68,-0.6435013091324673,,9,1,val,current_repo_v1
9368,374.72,-0.7992644777719357,,9,1,val,current_repo_v1
9369,374.76,-0.6504724577268917,,9,1,val,current_repo_v1
9370,374.8,-0.7357471085237559,,9,1,val,current_repo_v1
9371,374.84,-0.3992187685852873,,9,1,val,current_repo_v1
9372,374.88,-0.550923820773381,,9,1,val,current_repo_v1
9373,374.92,-0.4533942044732374,,9,1,val,current_repo_v1
9374,374.96,-0.21393926285622458,,9,1,val,current_repo_v1
9375,375.0,-0.21782010145837308,,9,1,val,current_repo_v1
9376,375.04,0.3042279905289983,,9,1,val,current_repo_v1
9377,375.08,1.054066855329332,,9,1,val,current_repo_v1
9378,375.12,1.0985609495470592,,9,1,val,current_repo_v1
9379,375.16,0.7670251548601998,,9,1,val,current_repo_v1
9380,375.2,1.0001914785259067,,9,1,val,current_repo_v1
9381,375.24,0.9281103001756029,,9,1,val,current_repo_v1
9382,375.28,1.0765765542701313,,9,1,val,current_repo_v1
9383,375.32,0.745424590522881,,9,1,val,current_repo_v1
9384,375.36,0.8542281361769642,,9,1,val,current_repo_v1
9385,375.4,0.5416429867348688,,9,1,val,current_repo_v1
9386,375.44,0.5188705388634895,,9,1,val,current_repo_v1
9387,375.48,0.7320866352940948,,9,1,val,current_repo_v1
9388,375.52,1.1300375140610974,,9,1,val,current_repo_v1
9389,375.56,0.7757545171502908,,9,1,val,current_repo_v1
9390,375.6,0.6049385826802236,,9,1,val,current_repo_v1
9391,375.64,0.6815017373374872,,9,1,val,current_repo_v1
9392,375.68,0.2545531981623111,,9,1,val,current_repo_v1
9393,375.72,0.14644708779319543,,9,1,val,current_repo_v1
9394,375.76,-0.4047677133414993,,9,1,val,current_repo_v1
9395,375.8,-0.3508370874096558,,9,1,val,current_repo_v1
9396,375.84,-0.27838256477329165,,9,1,val,current_repo_v1
9397,375.88,0.16352571973156108,,9,1,val,current_repo_v1
9398,375.92,0.2806244510892283,,9,1,val,current_repo_v1
9399,375.96,0.020845592037134406,,9,1,val,current_repo_v1
9400,376.0,0.037216908903508705,,9,1,val,current_repo_v1
9401,376.04,0.03844714872259451,,9,1,val,current_repo_v1
9402,376.08,0.3458994028918889,,9,1,val,current_repo_v1
9403,376.12,0.3291112415469562,,9,1,val,current_repo_v1
9404,376.16,0.4577000923893597,,9,1,val,current_repo_v1
9405,376.2,0.21407765269854123,,9,1,val,current_repo_v1
9406,376.24,0.5761231036027966,,9,1,val,current_repo_v1
9407,376.28,0.14478160330251907,,9,1,val,current_repo_v1
9408,376.32,-0.2243068249180366,,9,1,val,current_repo_v1
9409,376.36,-0.8335045667919725,,9,1,val,current_repo_v1
9410,376.4,-0.6389589374689588,,9,1,val,current_repo_v1
9411,376.44,-0.5527419443323764,,9,1,val,current_repo_v1
9412,376.48,-0.5286055518091662,,9,1,val,current_repo_v1
9413,376.52,-0.7139830786193155,,9,1,val,current_repo_v1
9414,376.56,-0.5470427879739446,,9,1,val,current_repo_v1
9415,376.6,-0.3900742610429074,,9,1,val,current_repo_v1
9416,376.64,-0.09047120029945221,,9,1,val,current_repo_v1
9417,376.68,0.22098760487260416,,9,1,val,current_repo_v1
9418,376.72,0.3369823974723281,,9,1,val,current_repo_v1
9419,376.76,-0.19803868021581145,,9,1,val,current_repo_v1
9420,376.8,-0.23430640739386754,,9,1,val,current_repo_v1
9421,376.84,-0.2678461967189397,,9,1,val,current_repo_v1
9422,376.88,-0.410018006943524,,9,1,val,current_repo_v1
9423,376.92,-0.7211294417167817,,9,1,val,current_repo_v1
9424,376.96,-1.0291068721079775,,9,1,val,current_repo_v1
9425,377.0,-0.5806701360012156,,9,1,val,current_repo_v1
9426,377.04,-0.2997019557123375,,9,1,val,current_repo_v1
9427,377.08,-0.159440731230468,,9,1,val,current_repo_v1
9428,377.12,-0.27844062976238504,,9,1,val,current_repo_v1
9429,377.16,-0.5072150118387522,,9,1,val,current_repo_v1
9430,377.2,-0.4207656616471523,,9,1,val,current_repo_v1
9431,377.24,-0.5482057384327599,,9,1,val,current_repo_v1
9432,377.28,-0.4321698488319761,,9,1,val,current_repo_v1
9433,377.32,-0.42463499405999044,,9,1,val,current_repo_v1
9434,377.36,-0.364093916721406,,9,1,val,current_repo_v1
9435,377.4,-0.6897048735265887,,9,1,val,current_repo_v1
9436,377.44,-0.6613130843821201,,9,1,val,current_repo_v1
9437,377.48,-0.49804681222724384,,9,1,val,current_repo_v1
9438,377.52,-0.5144654646825529,,9,1,val,current_repo_v1
9439,377.56,-0.5161121605856214,,9,1,val,current_repo_v1
9440,377.6,-0.1580778303890597,,9,1,val,current_repo_v1
9441,377.64,-0.17271278075466037,,9,1,val,current_repo_v1
9442,377.68,-0.6998691595772519,,9,1,val,current_repo_v1
9443,377.72,-0.6049616921574882,,9,1,val,current_repo_v1
9444,377.76,-0.7683452109249568,,9,1,val,current_repo_v1
9445,377.8,-0.6454449326887925,,9,1,val,current_repo_v1
9446,377.84,-0.8210788533232739,,9,1,val,current_repo_v1
9447,377.88,-0.9293662711353404,,9,1,val,current_repo_v1
9448,377.92,-0.7044888217613597,,9,1,val,current_repo_v1
9449,377.96,-0.7548381584076987,,9,1,val,current_repo_v1
9450,378.0,-0.3340599224861525,,9,1,val,current_repo_v1
9451,378.04,0.17089742450701806,,9,1,val,current_repo_v1
9452,378.08,-0.027569123917774926,,9,1,val,current_repo_v1
9453,378.12,-0.3120981754679305,,9,1,val,current_repo_v1
9454,378.16,0.1531910741100545,,9,1,val,current_repo_v1
9455,378.2,-0.1284650986206652,,9,1,val,current_repo_v1
9456,378.24,-0.292656429556633,,9,1,val,current_repo_v1
9457,378.28,-0.4079378626937786,,9,1,val,current_repo_v1
9458,378.32,-0.44293347626253726,,9,1,val,current_repo_v1
9459,378.36,-0.6891977758584612,,9,1,val,current_repo_v1
9460,378.4,-0.5072579294393864,,9,1,val,current_repo_v1
9461,378.44,-0.28074856743088156,,9,1,val,current_repo_v1
9462,378.48,-0.1304746764309063,,9,1,val,current_repo_v1
9463,378.52,-0.5764301295150263,,9,1,val,current_repo_v1
9464,378.56,-0.34038036451801934,,9,1,val,current_repo_v1
9465,378.6,-0.07913838061794548,,9,1,val,current_repo_v1
9466,378.64,-0.2406238636424323,,9,1,val,current_repo_v1
9467,378.68,-0.33435721425932424,,9,1,val,current_repo_v1
9468,378.72,-0.6282266729003996,,9,1,val,current_repo_v1
9469,378.76,-0.5599765700972104,,9,1,val,current_repo_v1
9470,378.8,-0.5072760383364866,,9,1,val,current_repo_v1
9471,378.84,-0.12098580854769073,,9,1,val,current_repo_v1
9472,378.88,-0.22553723465974937,,9,1,val,current_repo_v1
9473,378.92,-0.03327967722954265,,9,1,val,current_repo_v1
9474,378.96,-0.309393832585431,,9,1,val,current_repo_v1
9475,379.0,0.16675881327979314,,9,1,val,current_repo_v1
9476,379.04,0.134357966773815,,9,1,val,current_repo_v1
9477,379.08,0.084157476280015,,9,1,val,current_repo_v1
9478,379.12,0.10172983054830148,,9,1,val,current_repo_v1
9479,379.16,-0.2254051319546297,,9,1,val,current_repo_v1
9480,379.2,-0.2739978327582666,,9,1,val,current_repo_v1
9481,379.24,-0.5346676628987538,,9,1,val,current_repo_v1
9482,379.28,-0.503145898965948,,9,1,val,current_repo_v1
9483,379.32,-0.06970267424230286,,9,1,val,current_repo_v1
9484,379.36,0.024776994758129705,,9,1,val,current_repo_v1
9485,379.4,-0.32586591356958405,,9,1,val,current_repo_v1
9486,379.44,0.25981570191881487,,9,1,val,current_repo_v1
9487,379.48,0.6961355710686823,,9,1,val,current_repo_v1
9488,379.52,1.544372672363444,,9,1,val,current_repo_v1
9489,379.56,2.055083478131686,,9,1,val,current_repo_v1
9490,379.6,1.9092611230137866,,9,1,val,current_repo_v1
9491,379.64,1.9975651544038362,,9,1,val,current_repo_v1
9492,379.68,1.8695384561606905,,9,1,val,current_repo_v1
9493,379.72,1.6461964276437897,,9,1,val,current_repo_v1
9494,379.76,1.4572662556481069,,9,1,val,current_repo_v1
9495,379.8,1.575004769970885,,9,1,val,current_repo_v1
9496,379.84,1.623022962372819,,9,1,val,current_repo_v1
9497,379.88,1.7726907150878184,,9,1,val,current_repo_v1
9498,379.92,1.7415067087880585,,9,1,val,current_repo_v1
9499,379.96,1.477482581717005,,9,1,val,current_repo_v1
9500,380.0,1.504072171480089,,9,1,val,current_repo_v1
9501,380.04,1.3374788628389411,,9,1,val,current_repo_v1
9502,380.08,1.15613850344773,,9,1,val,current_repo_v1
9503,380.12,1.4597019751320663,,9,1,val,current_repo_v1
9504,380.16,1.591917217580098,,9,1,val,current_repo_v1
9505,380.2,0.9945993734224504,,9,1,val,current_repo_v1
9506,380.24,1.0906412928490248,,9,1,val,current_repo_v1
9507,380.28,1.230401099933439,,9,1,val,current_repo_v1
9508,380.32,1.6201855457987602,,9,1,val,current_repo_v1
9509,380.36,1.607814401767972,,9,1,val,current_repo_v1
9510,380.4,1.485256978843662,,9,1,val,current_repo_v1
9511,380.44,1.4242072745333074,,9,1,val,current_repo_v1
9512,380.48,1.4063683116633434,,9,1,val,current_repo_v1
9513,380.52,1.3445927949893215,,9,1,val,current_repo_v1
9514,380.56,1.4379516846857474,,9,1,val,current_repo_v1
9515,380.6,1.7329035747351271,,9,1,val,current_repo_v1
9516,380.64,1.6008545651655701,,9,1,val,current_repo_v1
9517,380.68,1.2446235267101378,,9,1,val,current_repo_v1
9518,380.72,1.5224173095810631,,9,1,val,current_repo_v1
9519,380.76,1.4982973267286837,,9,1,val,current_repo_v1
9520,380.8,1.6357070553331188,,9,1,val,current_repo_v1
9521,380.84,1.9620893880406514,,9,1,val,current_repo_v1
9522,380.88,2.104990433356103,,9,1,val,current_repo_v1
9523,380.92,2.065074151806933,,9,1,val,current_repo_v1
9524,380.96,2.1817001098671156,,9,1,val,current_repo_v1
9525,381.0,2.086849493703396,,9,1,val,current_repo_v1
9526,381.04,1.884482714256654,,9,1,val,current_repo_v1
9527,381.08,1.8807028582442331,,9,1,val,current_repo_v1
9528,381.12,1.712287590647653,,9,1,val,current_repo_v1
9529,381.16,1.3977475056572097,,9,1,val,current_repo_v1
9530,381.2,0.807745995773296,,9,1,val,current_repo_v1
9531,381.24,0.5931125504366769,,9,1,val,current_repo_v1
9532,381.28,0.9429734809038525,,9,1,val,current_repo_v1
9533,381.32,1.6228272115065776,,9,1,val,current_repo_v1
9534,381.36,1.5638834796852645,,9,1,val,current_repo_v1
9535,381.4,1.503224403219597,,9,1,val,current_repo_v1
9536,381.44,1.4171788862882635,,9,1,val,current_repo_v1
9537,381.48,1.5599908921471957,,9,1,val,current_repo_v1
9538,381.52,1.45731868891585,,9,1,val,current_repo_v1
9539,381.56,1.25673201890899,,9,1,val,current_repo_v1
9540,381.6,1.071952619745689,,9,1,val,current_repo_v1
9541,381.64,0.9591171014501197,,9,1,val,current_repo_v1
9542,381.68,0.6745442796518625,,9,1,val,current_repo_v1
9543,381.72,1.0242856331389905,,9,1,val,current_repo_v1
9544,381.76,1.2376223260854051,,9,1,val,current_repo_v1
9545,381.8,1.3676689674190354,,9,1,val,current_repo_v1
9546,381.84,1.2863871099608157,,9,1,val,current_repo_v1
9547,381.88,1.3283803315044804,,9,1,val,current_repo_v1
9548,381.92,1.0320340078290637,,9,1,val,current_repo_v1
9549,381.96,0.7999701421669796,,9,1,val,current_repo_v1
9550,382.0,1.2235393329614455,,9,1,val,current_repo_v1
9551,382.04,1.089829062692225,,9,1,val,current_repo_v1
9552,382.08,0.946576326088318,,9,1,val,current_repo_v1
9553,382.12,1.2336706054731592,,9,1,val,current_repo_v1
9554,382.16,1.1491161353186121,,9,1,val,current_repo_v1
9555,382.2,1.3943015718813978,,9,1,val,current_repo_v1
9556,382.24,1.3422493192171325,,9,1,val,current_repo_v1
9557,382.28,1.3135376385901083,,9,1,val,current_repo_v1
9558,382.32,0.9538394017558348,,9,1,val,current_repo_v1
9559,382.36,1.2000836019324572,,9,1,val,current_repo_v1
9560,382.4,1.2540003427582131,,9,1,val,current_repo_v1
9561,382.44,1.2064024903860204,,9,1,val,current_repo_v1
9562,382.48,1.4507164666191854,,9,1,val,current_repo_v1
9563,382.52,1.604694233942676,,9,1,val,current_repo_v1
9564,382.56,1.7436591915275608,,9,1,val,current_repo_v1
9565,382.6,1.8546555644077152,,9,1,val,current_repo_v1
9566,382.64,1.7035745409297487,,9,1,val,current_repo_v1
9567,382.68,1.5981253164808926,,9,1,val,current_repo_v1
9568,382.72,1.7016583962896665,,9,1,val,current_repo_v1
9569,382.76,1.9326502443730122,,9,1,val,current_repo_v1
9570,382.8,1.8787865194068631,,9,1,val,current_repo_v1
9571,382.84,1.8870286407015182,,9,1,val,current_repo_v1
9572,382.88,1.7037409680055113,,9,1,val,current_repo_v1
9573,382.92,1.572795387426017,,9,1,val,current_repo_v1
9574,382.96,1.5800111760539208,,9,1,val,current_repo_v1
9575,383.0,1.509287728042234,,9,1,val,current_repo_v1
9576,383.04,1.903997599721521,,9,1,val,current_repo_v1
9577,383.08,1.9941649540893336,,9,1,val,current_repo_v1
9578,383.12,2.310664975208289,,9,1,val,current_repo_v1
9579,383.16,2.211752528570062,,9,1,val,current_repo_v1
9580,383.2,2.0625192922868236,,9,1,val,current_repo_v1
9581,383.24,2.1403799761234437,,9,1,val,current_repo_v1
9582,383.28,2.19557356411739,,9,1,val,current_repo_v1
9583,383.32,1.8895660224657131,,9,1,val,current_repo_v1
9584,383.36,1.5409078043520583,,9,1,val,current_repo_v1
9585,383.4,1.0229481964169629,,9,1,val,current_repo_v1
9586,383.44,0.5295164341882383,,9,1,val,current_repo_v1
9587,383.48,0.49250277095255224,,9,1,val,current_repo_v1
9588,383.52,0.584710604774049,,9,1,val,current_repo_v1
9589,383.56,0.8045418376209666,,9,1,val,current_repo_v1
9590,383.6,0.8334168867164685,,9,1,val,current_repo_v1
9591,383.64,0.9222761281527323,,9,1,val,current_repo_v1
9592,383.68,0.7421805248278806,,9,1,val,current_repo_v1
9593,383.72,0.6907124176057319,,9,1,val,current_repo_v1
9594,383.76,0.5143700167155315,,9,1,val,current_repo_v1
9595,383.8,0.46718813493410155,,9,1,val,current_repo_v1
9596,383.84,0.23650700251145643,,9,1,val,current_repo_v1
9597,383.88,0.20417822747396422,,9,1,val,current_repo_v1
9598,383.92,-0.3422306034535075,,9,1,val,current_repo_v1
9599,383.96,-0.33568275639746553,,9,1,val,current_repo_v1
9600,384.0,-0.33616803114536103,,9,1,val,current_repo_v1
9601,384.04,-0.9081713849325237,,9,1,val,current_repo_v1
9602,384.08,-0.8284629139011759,,9,1,val,current_repo_v1
9603,384.12,-0.6497361101603536,,9,1,val,current_repo_v1
9604,384.16,-1.0014155040317785,,9,1,val,current_repo_v1
9605,384.2,-1.1845154850489936,,9,1,val,current_repo_v1
9606,384.24,-1.1759176914214804,,9,1,val,current_repo_v1
9607,384.28,-1.1356086458574564,,9,1,val,current_repo_v1
9608,384.32,-0.9760588728498112,,9,1,val,current_repo_v1
9609,384.36,-1.0879874898107111,,9,1,val,current_repo_v1
9610,384.4,-0.7663174999429545,,9,1,val,current_repo_v1
9611,384.44,-0.7073891582567103,,9,1,val,current_repo_v1
9612,384.48,-0.4958573834537114,,9,1,val,current_repo_v1
9613,384.52,-0.5407784204089697,,9,1,val,current_repo_v1
9614,384.56,-0.2333837032548922,,9,1,val,current_repo_v1
9615,384.6,-0.6303769223710907,,9,1,val,current_repo_v1
9616,384.64,-1.0980645812790901,,9,1,val,current_repo_v1
9617,384.68,-0.9230203892587538,,9,1,val,current_repo_v1
9618,384.72,-0.484383139597264,,9,1,val,current_repo_v1
9619,384.76,-0.35015611034484095,,9,1,val,current_repo_v1
9620,384.8,-0.27430638797413875,,9,1,val,current_repo_v1
9621,384.84,-0.17138046598610227,,9,1,val,current_repo_v1
9622,384.88,-0.18094193938034558,,9,1,val,current_repo_v1
9623,384.92,-0.03912289156363287,,9,1,val,current_repo_v1
9624,384.96,0.12315856062912153,,9,1,val,current_repo_v1
9625,385.0,-0.2602875042298597,,9,1,val,current_repo_v1
9626,385.04,0.16343942331173375,,9,1,val,current_repo_v1
9627,385.08,0.3049087976711861,,9,1,val,current_repo_v1
9628,385.12,0.39175826709992084,,9,1,val,current_repo_v1
9629,385.16,0.3053181898288199,,9,1,val,current_repo_v1
9630,385.2,-0.25114333653273363,,9,1,val,current_repo_v1
9631,385.24,-0.450156110344841,,9,1,val,current_repo_v1
9632,385.28,-0.711556437858567,,9,1,val,current_repo_v1
9633,385.32,-0.5479785761551947,,9,1,val,current_repo_v1
9634,385.36,-0.5254031899817503,,9,1,val,current_repo_v1
9635,385.4,-0.5649778299521158,,9,1,val,current_repo_v1
9636,385.44,-1.1962308248384157,,9,1,val,current_repo_v1
9637,385.48,-1.3917042802538742,,9,1,val,current_repo_v1
9638,385.52,-1.540218889473099,,9,1,val,current_repo_v1
9639,385.56,-1.4385600076902125,,9,1,val,current_repo_v1
9640,385.6,-1.102444118516663,,9,1,val,current_repo_v1
9641,385.64,-1.2303061374596374,,9,1,val,current_repo_v1
9642,385.68,-1.2592549329752336,,9,1,val,current_repo_v1
9643,385.72,-1.0030711330100919,,9,1,val,current_repo_v1
9644,385.76,-0.6322681126596726,,9,1,val,current_repo_v1
9645,385.8,-0.286773683937117,,9,1,val,current_repo_v1
9646,385.84,-0.08968266221178088,,9,1,val,current_repo_v1
9647,385.88,-0.20545104504843037,,9,1,val,current_repo_v1
9648,385.92,-0.44705303188088324,,9,1,val,current_repo_v1
9649,385.96,-0.573038425331871,,9,1,val,current_repo_v1
9650,386.0,-0.3856828777707705,,9,1,val,current_repo_v1
9651,386.04,-0.4638227930327839,,9,1,val,current_repo_v1
9652,386.08,-0.40948682881169224,,9,1,val,current_repo_v1
9653,386.12,-0.3408460738891551,,9,1,val,current_repo_v1
9654,386.16,0.05186030685113467,,9,1,val,current_repo_v1
9655,386.2,-0.13624422930621563,,9,1,val,current_repo_v1
9656,386.24,-0.28846625894946065,,9,1,val,current_repo_v1
9657,386.28,-0.4496650339529683,,9,1,val,current_repo_v1
9658,386.32,-0.5796805066218848,,9,1,val,current_repo_v1
9659,386.36,-0.6265522067851561,,9,1,val,current_repo_v1
9660,386.4,-0.33629433220650357,,9,1,val,current_repo_v1
9661,386.44,-0.4700886170774182,,9,1,val,current_repo_v1
9662,386.48,-0.8110924034390398,,9,1,val,current_repo_v1
9663,386.52,-0.4227073917799201,,9,1,val,current_repo_v1
9664,386.56,0.0473948373136495,,9,1,val,current_repo_v1
9665,386.6,0.720207878486873,,9,1,val,current_repo_v1
9666,386.64,0.3774957871325848,,9,1,val,current_repo_v1
9667,386.68,0.8604537128336734,,9,1,val,current_repo_v1
9668,386.72,1.165651548893294,,9,1,val,current_repo_v1
9669,386.76,1.565926046759794,,9,1,val,current_repo_v1
9670,386.8,1.2359671826003114,,9,1,val,current_repo_v1
9671,386.84,0.9562745386479305,,9,1,val,current_repo_v1
9672,386.88,0.9340632238400475,,9,1,val,current_repo_v1
9673,386.92,0.8891559748922326,,9,1,val,current_repo_v1
9674,386.96,1.1658769148459458,,9,1,val,current_repo_v1
9675,387.0,1.4193018510399993,,9,1,val,current_repo_v1
9676,387.04,1.4907786874302407,,9,1,val,current_repo_v1
9677,387.08,1.242631062535896,,9,1,val,current_repo_v1
9678,387.12,1.1607092279152775,,9,1,val,current_repo_v1
9679,387.16,1.3718887773872794,,9,1,val,current_repo_v1
9680,387.2,1.5787613223087533,,9,1,val,current_repo_v1
9681,387.24,1.256504128391595,,9,1,val,current_repo_v1
9682,387.28,1.601582028206185,,9,1,val,current_repo_v1
9683,387.32,1.5932657235475378,,9,1,val,current_repo_v1
9684,387.36,1.6023652258684382,,9,1,val,current_repo_v1
9685,387.4,1.910205504425028,,9,1,val,current_repo_v1
9686,387.44,2.1848880525459022,,9,1,val,current_repo_v1
9687,387.48,2.4153938248175395,,9,1,val,current_repo_v1
9688,387.52,2.3874793240575,,9,1,val,current_repo_v1
9689,387.56,2.1064304062461616,,9,1,val,current_repo_v1
9690,387.6,2.0335955482213715,,9,1,val,current_repo_v1
9691,387.64,1.7004846678813708,,9,1,val,current_repo_v1
9692,387.68,1.3102765806324133,,9,1,val,current_repo_v1
9693,387.72,1.7408544000978754,,9,1,val,current_repo_v1
9694,387.76,1.876589759685711,,9,1,val,current_repo_v1
9695,387.8,1.835491205047576,,9,1,val,current_repo_v1
9696,387.84,1.9851106997365229,,9,1,val,current_repo_v1
9697,387.88,1.7521081329338695,,9,1,val,current_repo_v1
9698,387.92,1.6361313764072627,,9,1,val,current_repo_v1
9699,387.96,1.7559650852696016,,9,1,val,current_repo_v1
9700,388.0,1.763660152804136,,9,1,val,current_repo_v1
9701,388.04,2.1021456372851026,,9,1,val,current_repo_v1
9702,388.08,2.2408444474868685,,9,1,val,current_repo_v1
9703,388.12,2.3167588861037762,,9,1,val,current_repo_v1
9704,388.16,2.1830245353708513,,9,1,val,current_repo_v1
9705,388.2,2.509328023979481,,9,1,val,current_repo_v1
9706,388.24,2.3984479752748014,,9,1,val,current_repo_v1
9707,388.28,1.5469365620574427,,9,1,val,current_repo_v1
9708,388.32,0.8956067233043057,,9,1,val,current_repo_v1
9709,388.36,0.8794621317715987,,9,1,val,current_repo_v1
9710,388.4,0.8623572346500396,,9,1,val,current_repo_v1
9711,388.44,0.881730356094712,,9,1,val,current_repo_v1
9712,388.48,0.7984668609610532,,9,1,val,current_repo_v1
9713,388.52,1.0554540065570714,,9,1,val,current_repo_v1
9714,388.56,1.2950669519424827,,9,1,val,current_repo_v1
9715,388.6,1.27079471841636,,9,1,val,current_repo_v1
9716,388.64,1.3867817673992273,,9,1,val,current_repo_v1
9717,388.68,1.417061882422281,,9,1,val,current_repo_v1
9718,388.72,1.351831887291778,,9,1,val,current_repo_v1
9719,388.76,1.2917963783176787,,9,1,val,current_repo_v1
9720,388.8,1.2254609151255897,,9,1,val,current_repo_v1
9721,388.84,0.9490216583380304,,9,1,val,current_repo_v1
9722,388.88,1.1041179049413985,,9,1,val,current_repo_v1
9723,388.92,0.9994896495272996,,9,1,val,current_repo_v1
9724,388.96,0.9002445429348357,,9,1,val,current_repo_v1
9725,389.0,0.9280909775454531,,9,1,val,current_repo_v1
9726,389.04,0.8762932204270302,,9,1,val,current_repo_v1
9727,389.08,1.0721105021407824,,9,1,val,current_repo_v1
9728,389.12,1.2858444256396737,,9,1,val,current_repo_v1
9729,389.16,1.517645688019144,,9,1,val,current_repo_v1
9730,389.2,1.541124043032177,,9,1,val,current_repo_v1
9731,389.24,1.735650495373007,,9,1,val,current_repo_v1
9732,389.28,1.713907196029054,,9,1,val,current_repo_v1
9733,389.32,1.9269952193482642,,9,1,val,current_repo_v1
9734,389.36,2.063404637722532,,9,1,val,current_repo_v1
9735,389.4,1.7976971114609899,,9,1,val,current_repo_v1
9736,389.44,1.453767014716756,,9,1,val,current_repo_v1
9737,389.48,1.1458879938012225,,9,1,val,current_repo_v1
9738,389.52,0.7274431839422146,,9,1,val,current_repo_v1
9739,389.56,0.4048415325855767,,9,1,val,current_repo_v1
9740,389.6,0.6673964600747369,,9,1,val,current_repo_v1
9741,389.64,1.2394866200496077,,9,1,val,current_repo_v1
9742,389.68,1.8111437200723772,,9,1,val,current_repo_v1
9743,389.72,2.0696358461005913,,9,1,val,current_repo_v1
9744,389.76,2.058194907079025,,9,1,val,current_repo_v1
9745,389.8,1.8563582862283536,,9,1,val,current_repo_v1
9746,389.84,2.0242643685359614,,9,1,val,current_repo_v1
9747,389.88,2.0333011451328575,,9,1,val,current_repo_v1
9748,389.92,2.2012468436872044,,9,1,val,current_repo_v1
9749,389.96,1.48297875336022,,9,1,val,current_repo_v1
9750,390.0,1.6878478619606838,,9,1,val,current_repo_v1
9751,390.04,1.7539617460472356,,9,1,val,current_repo_v1
9752,390.08,1.619474395330332,,9,1,val,current_repo_v1
9753,390.12,1.8531540309773804,,9,1,val,current_repo_v1
9754,390.16,1.8982122683165668,,9,1,val,current_repo_v1
9755,390.2,2.0613677023693526,,9,1,val,current_repo_v1
9756,390.24,1.933340421534343,,9,1,val,current_repo_v1
9757,390.28,1.8300688283737774,,9,1,val,current_repo_v1
9758,390.32,1.3247409772298826,,9,1,val,current_repo_v1
9759,390.36,1.6783889004598107,,9,1,val,current_repo_v1
9760,390.4,1.9135565728256823,,9,1,val,current_repo_v1
9761,390.44,1.5221905842473957,,9,1,val,current_repo_v1
9762,390.48,1.742353214766179,,9,1,val,current_repo_v1
9763,390.52,1.8418383492065342,,9,1,val,current_repo_v1
9764,390.56,1.6952821225375176,,9,1,val,current_repo_v1
9765,390.6,1.845577617985776,,9,1,val,current_repo_v1
9766,390.64,1.886037651941172,,9,1,val,current_repo_v1
9767,390.68,1.9433802271234382,,9,1,val,current_repo_v1
9768,390.72,2.07166248899751,,9,1,val,current_repo_v1
9769,390.76,2.471147671987187,,9,1,val,current_repo_v1
9770,390.8,2.174385863214227,,9,1,val,current_repo_v1
9771,390.84,2.3315726436222457,,9,1,val,current_repo_v1
9772,390.88,2.325672735817408,,9,1,val,current_repo_v1
9773,390.92,2.071331188424288,,9,1,val,current_repo_v1
9774,390.96,1.683227908480644,,9,1,val,current_repo_v1
