frame_idx,timestamp_s,y_pred,y_true,subject_id,story_id,split,manifest_id
0,0.0,0.37639418590886764,,3,1,val,current_repo_v1
1,0.04,0.37639418590886764,,3,1,val,current_repo_v1
2,0.08,0.37639418590886764,,3,1,val,current_repo_v1
3,0.12,0.37639418590886764,,3,1,val,current_repo_v1
4,0.16,-0.17306509854374377,,3,1,val,current_repo_v1
5,0.2,0.037057291186176365,,3,1,val,current_repo_v1
6,0.24,0.11233283303496902,,3,1,val,current_repo_v1
7,0.28,0.1462045281064189,,3,1,val,current_repo_v1
8,0.32,0.21673363254045647,,3,1,val,current_repo_v1
9,0.36,0.3536040350668987,,3,1,val,current_repo_v1
10,0.4,0.38963633722676166,,3,1,val,current_repo_v1
11,0.44,0.3949299024209384,,3,1,val,current_repo_v1
12,0.48,0.27776931165733154,,3,1,val,current_repo_v1
13,0.52,0.28478362532337353,,3,1,val,current_repo_v1
14,0.56,0.1861099664764409,,3,1,val,current_repo_v1
15,0.6,0.19777848240197277,,3,1,val,current_repo_v1
16,0.64,0.22434805367687408,,3,1,val,current_repo_v1
17,0.68,0.1579549907628172,,3,1,val,current_repo_v1
18,0.72,-0.007201830640993136,,3,1,val,current_repo_v1
19,0.76,-0.05175957303722109,,3,1,val,current_repo_v1
20,0.8,-0.01010895593296989,,3,1,val,current_repo_v1
21,0.84,-0.13321264935584212,,3,1,val,current_repo_v1
22,0.88,-0.18376692018711113,,3,1,val,current_repo_v1
23,0.92,-0.446854289563035,,3,1,val,current_repo_v1
24,0.96,-0.5481600386814386,,3,1,val,current_repo_v1
25,1.0,-0.3742419690115694,,3,1,val,current_repo_v1
26,1.04,-0.1260345181573986,,3,1,val,current_repo_v1
27,1.08,-0.38793449515840417,,3,1,val,current_repo_v1
28,1.12,-0.23275388623401982,,3,1,val,current_repo_v1
29,1.16,0.3225250967320699,,3,1,val,current_repo_v1
30,1.2,0.5079386393813096,,3,1,val,current_repo_v1
31,1.24,0.14166940202082878,,3,1,val,current_repo_v1
32,1.28,-0.08459644623394692,,3,1,val,current_repo_v1
33,1.32,-0.31423592959255336,,3,1,val,current_repo_v1
34,1.36,-0.1281474036610542,,3,1,val,current_repo_v1
35,1.4,-0.034291138189029256,,3,1,val,current_repo_v1
36,1.44,-0.17915501056518682,,3,1,val,current_repo_v1
37,1.48,-0.1363071872199394,,3,1,val,current_repo_v1
38,1.52,0.04676874757832889,,3,1,val,current_repo_v1
39,1.56,0.36021417690213037,,3,1,val,current_repo_v1
40,1.6,0.46334420413570365,,3,1,val,current_repo_v1
41,1.64,0.7464688494982704,,3,1,val,current_repo_v1
42,1.68,0.9820128729069795,,3,1,val,current_repo_v1
43,1.72,0.8000991029632865,,3,1,val,current_repo_v1
44,1.76,0.7714198352166465,,3,1,val,current_repo_v1
45,1.8,0.8834313922683136,,3,1,val,current_repo_v1
46,1.84,0.9659724979406067,,3,1,val,current_repo_v1
47,1.88,0.7138099736365768,,3,1,val,current_repo_v1
48,1.92,0.6326112605779999,,3,1,val,current_repo_v1
49,1.96,0.8733317281872685,,3,1,val,current_repo_v1
50,2.0,1.0145361389828704,,3,1,val,current_repo_v1
51,2.04,1.1169212235465056,,3,1,val,current_repo_v1
52,2.08,1.0355345474281559,,3,1,val,current_repo_v1
53,2.12,1.0918147345575115,,3,1,val,current_repo_v1
54,2.16,1.3439604025499803,,3,1,val,current_repo_v1
55,2.2,1.4390626493672316,,3,1,val,current_repo_v1
56,2.24,1.258376656711572,,3,1,val,current_repo_v1
57,2.28,1.2580082475958305,,3,1,val,current_repo_v1
58,2.32,1.2835598343252361,,3,1,val,current_repo_v1
59,2.36,1.3979581539787616,,3,1,val,current_repo_v1
60,2.4,1.255478282275034,,3,1,val,current_repo_v1
61,2.44,1.211495154076179,,3,1,val,current_repo_v1
62,2.48,1.3222994347592787,,3,1,val,current_repo_v1
63,2.52,1.333292331494401,,3,1,val,current_repo_v1
64,2.56,1.2578237393206344,,3,1,val,current_repo_v1
65,2.6,1.1231539586402302,,3,1,val,current_repo_v1
66,2.64,0.9319268487710193,,3,1,val,current_repo_v1
67,2.68,1.0566714509738355,,3,1,val,current_repo_v1
68,2.72,1.3405596796571881,,3,1,val,current_repo_v1
69,2.76,1.48092051558142,,3,1,val,current_repo_v1
70,2.8,1.518643877844588,,3,1,val,current_repo_v1
71,2.84,1.3826722128487463,,3,1,val,current_repo_v1
72,2.88,1.2724782521310896,,3,1,val,current_repo_v1
73,2.92,1.3070251867462923,,3,1,val,current_repo_v1
74,2.96,1.1233468191418756,,3,1,val,current_repo_v1
75,3.0,1.069064180861845,,3,1,val,current_repo_v1
76,3.04,1.273225852327625,,3,1,val,current_repo_v1
77,3.08,1.7255481167589626,,3,1,val,current_repo_v1
78,3.12,1.638288458718855,,3,1,val,current_repo_v1
79,3.16,1.3875585690388583,,3,1,val,current_repo_v1
80,3.2,1.2791778007539933,,3,1,val,current_repo_v1
81,3.24,1.1212399320553972,,3,1,val,current_repo_v1
82,3.28,0.8919915132267756,,3,1,val,current_repo_v1
83,3.32,0.6457652959068547,,3,1,val,current_repo_v1
84,3.36,0.7843300994271816,,3,1,val,current_repo_v1
85,3.4,1.1056621185756477,,3,1,val,current_repo_v1
86,3.44,1.028637734402388,,3,1,val,current_repo_v1
87,3.48,1.083612544467064,,3,1,val,current_repo_v1
88,3.52,1.1060984085136218,,3,1,val,current_repo_v1
89,3.56,1.1693902138177563,,3,1,val,current_repo_v1
90,3.6,1.180721907229391,,3,1,val,current_repo_v1
91,3.64,1.2008339166604214,,3,1,val,current_repo_v1
92,3.68,1.2722808358695628,,3,1,val,current_repo_v1
93,3.72,1.1354648367090374,,3,1,val,current_repo_v1
94,3.76,1.0930239850886942,,3,1,val,current_repo_v1
95,3.8,1.2506253349907188,,3,1,val,current_repo_v1
96,3.84,1.2860674764226139,,3,1,val,current_repo_v1
97,3.88,1.1221881375453764,,3,1,val,current_repo_v1
98,3.92,1.077295224098208,,3,1,val,current_repo_v1
99,3.96,1.203479142706217,,3,1,val,current_repo_v1
100,4.0,0.9330009450923874,,3,1,val,current_repo_v1
101,4.04,0.6990268365388039,,3,1,val,current_repo_v1
102,4.08,0.7854101182363955,,3,1,val,current_repo_v1
103,4.12,0.76180429655233,,3,1,val,current_repo_v1
104,4.16,0.5106518221786691,,3,1,val,current_repo_v1
105,4.2,0.32182711635357586,,3,1,val,current_repo_v1
106,4.24,0.0203756170871671,,3,1,val,current_repo_v1
107,4.28,-0.20359081577030952,,3,1,val,current_repo_v1
108,4.32,-0.5646779711773777,,3,1,val,current_repo_v1
109,4.36,-0.6491395953923348,,3,1,val,current_repo_v1
110,4.4,-0.7149931044777729,,3,1,val,current_repo_v1
111,4.44,-0.6232071091721797,,3,1,val,current_repo_v1
112,4.48,-0.6285248578583935,,3,1,val,current_repo_v1
113,4.52,-0.2980432783521452,,3,1,val,current_repo_v1
114,4.56,-0.15506408587425147,,3,1,val,current_repo_v1
115,4.6,0.025710335978939024,,3,1,val,current_repo_v1
116,4.64,0.3454094758742522,,3,1,val,current_repo_v1
117,4.68,0.4811037710226489,,3,1,val,current_repo_v1
118,4.72,0.6237712641041581,,3,1,val,current_repo_v1
119,4.76,0.7120696733618873,,3,1,val,current_repo_v1
120,4.8,0.7006108742495619,,3,1,val,current_repo_v1
121,4.84,0.455418434776059,,3,1,val,current_repo_v1
122,4.88,0.4795168479972993,,3,1,val,current_repo_v1
123,4.92,0.5494492807632052,,3,1,val,current_repo_v1
124,4.96,0.3977843517392866,,3,1,val,current_repo_v1
125,5.0,0.14943239787637808,,3,1,val,current_repo_v1
126,5.04,0.10226393931545608,,3,1,val,current_repo_v1
127,5.08,0.22813472536095095,,3,1,val,current_repo_v1
128,5.12,0.5466306321245915,,3,1,val,current_repo_v1
129,5.16,0.5132584761241357,,3,1,val,current_repo_v1
130,5.2,0.3285557459103893,,3,1,val,current_repo_v1
131,5.24,0.20178701959227316,,3,1,val,current_repo_v1
132,5.28,0.07433430287496542,,3,1,val,current_repo_v1
133,5.32,0.16095112421347654,,3,1,val,current_repo_v1
134,5.36,0.28015573257719867,,3,1,val,current_repo_v1
135,5.4,0.33401236934365397,,3,1,val,current_repo_v1
136,5.44,0.5963793781706666,,3,1,val,current_repo_v1
137,5.48,0.4814078679947314,,3,1,val,current_repo_v1
138,5.52,0.6837074865029918,,3,1,val,current_repo_v1
139,5.56,1.2099170388532667,,3,1,val,current_repo_v1
140,5.6,1.5484490257165813,,3,1,val,current_repo_v1
141,5.64,1.0509627801251331,,3,1,val,current_repo_v1
142,5.68,0.4848249156937652,,3,1,val,current_repo_v1
143,5.72,0.6907833408920983,,3,1,val,current_repo_v1
144,5.76,1.27509128414039,,3,1,val,current_repo_v1
145,5.8,2.0274355452990216,,3,1,val,current_repo_v1
146,5.84,2.2892714664178615,,3,1,val,current_repo_v1
147,5.88,2.288577927905252,,3,1,val,current_repo_v1
148,5.92,2.126368275024542,,3,1,val,current_repo_v1
149,5.96,1.995767850928855,,3,1,val,current_repo_v1
150,6.0,2.0165718802858676,,3,1,val,current_repo_v1
151,6.04,2.2443484849554762,,3,1,val,current_repo_v1
152,6.08,2.2732026938815615,,3,1,val,current_repo_v1
153,6.12,2.242605754942183,,3,1,val,current_repo_v1
154,6.16,2.2818152060786594,,3,1,val,current_repo_v1
155,6.2,2.096632374702746,,3,1,val,current_repo_v1
156,6.24,2.288226526959734,,3,1,val,current_repo_v1
157,6.28,2.522773750106396,,3,1,val,current_repo_v1
158,6.32,2.598970808285196,,3,1,val,current_repo_v1
159,6.36,2.423898271096718,,3,1,val,current_repo_v1
160,6.4,2.221014338419004,,3,1,val,current_repo_v1
161,6.44,2.248148596131203,,3,1,val,current_repo_v1
162,6.48,2.3604353210797058,,3,1,val,current_repo_v1
163,6.52,2.541518272279697,,3,1,val,current_repo_v1
164,6.56,2.5135389211095007,,3,1,val,current_repo_v1
165,6.6,2.6144947119396824,,3,1,val,current_repo_v1
166,6.64,2.536667299157997,,3,1,val,current_repo_v1
167,6.68,2.510675777882712,,3,1,val,current_repo_v1
168,6.72,2.5166413935887246,,3,1,val,current_repo_v1
169,6.76,2.5408400714920214,,3,1,val,current_repo_v1
170,6.8,2.3778562431488015,,3,1,val,current_repo_v1
171,6.84,2.358338152947641,,3,1,val,current_repo_v1
172,6.88,2.421753115627236,,3,1,val,current_repo_v1
173,6.92,2.3538413142273877,,3,1,val,current_repo_v1
174,6.96,2.4104375192338487,,3,1,val,current_repo_v1
175,7.0,2.5715970694618986,,3,1,val,current_repo_v1
176,7.04,2.451955981336874,,3,1,val,current_repo_v1
177,7.08,2.6485083189314373,,3,1,val,current_repo_v1
178,7.12,2.514949384368778,,3,1,val,current_repo_v1
179,7.16,2.1234053606563514,,3,1,val,current_repo_v1
180,7.2,2.169217322730258,,3,1,val,current_repo_v1
181,7.24,2.1247535618639164,,3,1,val,current_repo_v1
182,7.28,1.840489482990349,,3,1,val,current_repo_v1
183,7.32,1.9743483384118667,,3,1,val,current_repo_v1
184,7.36,2.2617288607616275,,3,1,val,current_repo_v1
185,7.4,2.1651841085072667,,3,1,val,current_repo_v1
186,7.44,1.9657730315871333,,3,1,val,current_repo_v1
187,7.48,2.1441658065771656,,3,1,val,current_repo_v1
188,7.52,2.353519373862436,,3,1,val,current_repo_v1
189,7.56,2.454039178471969,,3,1,val,current_repo_v1
190,7.6,2.6242959737484965,,3,1,val,current_repo_v1
191,7.64,2.8444952867247206,,3,1,val,current_repo_v1
192,7.68,2.7196206935066223,,3,1,val,current_repo_v1
193,7.72,2.687084367585738,,3,1,val,current_repo_v1
194,7.76,2.5369673718755177,,3,1,val,current_repo_v1
195,7.8,2.5770825080764133,,3,1,val,current_repo_v1
196,7.84,2.7791061614298584,,3,1,val,current_repo_v1
197,7.88,2.651673053462374,,3,1,val,current_repo_v1
198,7.92,2.7743927722565767,,3,1,val,current_repo_v1
199,7.96,2.911680899999476,,3,1,val,current_repo_v1
200,8.0,2.9400086149419358,,3,1,val,current_repo_v1
201,8.04,3.018757961664951,,3,1,val,current_repo_v1
202,8.08,3.28465215368613,,3,1,val,current_repo_v1
203,8.12,3.3793949510487398,,3,1,val,current_repo_v1
204,8.16,3.143774998308674,,3,1,val,current_repo_v1
205,8.2,3.106702957849882,,3,1,val,current_repo_v1
206,8.24,3.2222704373476336,,3,1,val,current_repo_v1
207,8.28,2.986189441707572,,3,1,val,current_repo_v1
208,8.32,2.9118324549448635,,3,1,val,current_repo_v1
209,8.36,2.976828266303299,,3,1,val,current_repo_v1
210,8.4,2.858626039007479,,3,1,val,current_repo_v1
211,8.44,2.7475766584427608,,3,1,val,current_repo_v1
212,8.48,2.7864643210729483,,3,1,val,current_repo_v1
213,8.52,2.8656358348783053,,3,1,val,current_repo_v1
214,8.56,2.763120607440725,,3,1,val,current_repo_v1
215,8.6,2.8558941016652746,,3,1,val,current_repo_v1
216,8.64,2.7940411571903443,,3,1,val,current_repo_v1
217,8.68,2.4250648493436784,,3,1,val,current_repo_v1
218,8.72,2.3542249092094,,3,1,val,current_repo_v1
219,8.76,2.3786343669365424,,3,1,val,current_repo_v1
220,8.8,2.5766366510426884,,3,1,val,current_repo_v1
221,8.84,2.8858102582197107,,3,1,val,current_repo_v1
222,8.88,3.0216365944753365,,3,1,val,current_repo_v1
223,8.92,2.587033806243988,,3,1,val,current_repo_v1
224,8.96,2.6043936811306727,,3,1,val,current_repo_v1
225,9.0,2.754132700629401,,3,1,val,current_repo_v1
226,9.04,3.0144627912487802,,3,1,val,current_repo_v1
227,9.08,3.08868887584423,,3,1,val,current_repo_v1
228,9.12,3.0547253822111697,,3,1,val,current_repo_v1
229,9.16,3.20292121397941,,3,1,val,current_repo_v1
230,9.2,3.2639732558671923,,3,1,val,current_repo_v1
231,9.24,3.1200586235181538,,3,1,val,current_repo_v1
232,9.28,3.1232813680582465,,3,1,val,current_repo_v1
233,9.32,3.0900799011946796,,3,1,val,current_repo_v1
234,9.36,2.9368760744474947,,3,1,val,current_repo_v1
235,9.4,2.9588226883827593,,3,1,val,current_repo_v1
236,9.44,3.025376569620629,,3,1,val,current_repo_v1
237,9.48,3.0251973763986277,,3,1,val,current_repo_v1
238,9.52,2.8583882283416706,,3,1,val,current_repo_v1
239,9.56,2.5065977653542206,,3,1,val,current_repo_v1
240,9.6,2.402542691076732,,3,1,val,current_repo_v1
241,9.64,2.3735874961399426,,3,1,val,current_repo_v1
242,9.68,2.695077600156293,,3,1,val,current_repo_v1
243,9.72,2.5632062709123615,,3,1,val,current_repo_v1
244,9.76,2.42962091294239,,3,1,val,current_repo_v1
245,9.8,2.538805165411669,,3,1,val,current_repo_v1
246,9.84,2.758449434975677,,3,1,val,current_repo_v1
247,9.88,2.541929201820998,,3,1,val,current_repo_v1
248,9.92,2.4273278471354254,,3,1,val,current_repo_v1
249,9.96,2.1966885548150166,,3,1,val,current_repo_v1
250,10.0,2.254218690597162,,3,1,val,current_repo_v1
251,10.04,1.9465323871627493,,3,1,val,current_repo_v1
252,10.08,1.8521203379675282,,3,1,val,current_repo_v1
253,10.12,1.7401582868399055,,3,1,val,current_repo_v1
254,10.16,2.246336162991725,,3,1,val,current_repo_v1
255,10.2,2.3688397869088873,,3,1,val,current_repo_v1
256,10.24,2.3488898106709715,,3,1,val,current_repo_v1
257,10.28,2.3412898920368432,,3,1,val,current_repo_v1
258,10.32,2.201654333085728,,3,1,val,current_repo_v1
259,10.36,2.021227715025982,,3,1,val,current_repo_v1
260,10.4,2.069985735156518,,3,1,val,current_repo_v1
261,10.44,2.026900547230284,,3,1,val,current_repo_v1
262,10.48,2.012143529822498,,3,1,val,current_repo_v1
263,10.52,1.6494910722671838,,3,1,val,current_repo_v1
264,10.56,1.4813894551318776,,3,1,val,current_repo_v1
265,10.6,1.4169574949880948,,3,1,val,current_repo_v1
266,10.64,1.2939835647925106,,3,1,val,current_repo_v1
267,10.68,1.2017854630409803,,3,1,val,current_repo_v1
268,10.72,1.2715274650438442,,3,1,val,current_repo_v1
269,10.76,1.2336230872547227,,3,1,val,current_repo_v1
270,10.8,1.4030398004091225,,3,1,val,current_repo_v1
271,10.84,1.382694536072165,,3,1,val,current_repo_v1
272,10.88,1.353982618713042,,3,1,val,current_repo_v1
273,10.92,1.3431560072135902,,3,1,val,current_repo_v1
274,10.96,1.3145675509472525,,3,1,val,current_repo_v1
275,11.0,1.2262600681344262,,3,1,val,current_repo_v1
276,11.04,1.1350719783485994,,3,1,val,current_repo_v1
277,11.08,1.0313122691700871,,3,1,val,current_repo_v1
278,11.12,0.8301118416272081,,3,1,val,current_repo_v1
279,11.16,0.8655626390028778,,3,1,val,current_repo_v1
280,11.2,0.9880808413516605,,3,1,val,current_repo_v1
281,11.24,0.835552633794885,,3,1,val,current_repo_v1
282,11.28,0.9371831326635,,3,1,val,current_repo_v1
283,11.32,0.7596047756815967,,3,1,val,current_repo_v1
284,11.36,1.1423630164627698,,3,1,val,current_repo_v1
285,11.4,1.1297954972539779,,3,1,val,current_repo_v1
286,11.44,1.0381577539678581,,3,1,val,current_repo_v1
287,11.48,1.4868070129241593,,3,1,val,current_repo_v1
288,11.52,1.5073581976077552,,3,1,val,current_repo_v1
289,11.56,2.1177370842119307,,3,1,val,current_repo_v1
290,11.6,2.3050123761013643,,3,1,val,current_repo_v1
291,11.64,1.8764244057827475,,3,1,val,current_repo_v1
292,11.68,1.7376761569978636,,3,1,val,current_repo_v1
293,11.72,1.6503369250184945,,3,1,val,current_repo_v1
294,11.76,1.3510825738312142,,3,1,val,current_repo_v1
295,11.8,1.0310232821349445,,3,1,val,current_repo_v1
296,11.84,0.7009311441692234,,3,1,val,current_repo_v1
297,11.88,0.4884713459028267,,3,1,val,current_repo_v1
298,11.92,0.24381914362192478,,3,1,val,current_repo_v1
299,11.96,0.4201456537177544,,3,1,val,current_repo_v1
300,12.0,0.6445039578543617,,3,1,val,current_repo_v1
301,12.04,0.8304523087490103,,3,1,val,current_repo_v1
302,12.08,0.8038351297833486,,3,1,val,current_repo_v1
303,12.12,0.7945889113867498,,3,1,val,current_repo_v1
304,12.16,0.9362870146948313,,3,1,val,current_repo_v1
305,12.2,0.913907603570835,,3,1,val,current_repo_v1
306,12.24,0.8824995875139074,,3,1,val,current_repo_v1
307,12.28,0.7978566060910054,,3,1,val,current_repo_v1
308,12.32,0.9106842515960915,,3,1,val,current_repo_v1
309,12.36,1.018387730245257,,3,1,val,current_repo_v1
310,12.4,1.0622185442054113,,3,1,val,current_repo_v1
311,12.44,1.1497659744113597,,3,1,val,current_repo_v1
312,12.48,1.2258075293195418,,3,1,val,current_repo_v1
313,12.52,1.4422692968890767,,3,1,val,current_repo_v1
314,12.56,1.7782749630394998,,3,1,val,current_repo_v1
315,12.6,1.7140925066785542,,3,1,val,current_repo_v1
316,12.64,1.7312744032125396,,3,1,val,current_repo_v1
317,12.68,1.9091036307052445,,3,1,val,current_repo_v1
318,12.72,2.0078380330172623,,3,1,val,current_repo_v1
319,12.76,1.964751933939052,,3,1,val,current_repo_v1
320,12.8,2.13957481548603,,3,1,val,current_repo_v1
321,12.84,1.9937668093302874,,3,1,val,current_repo_v1
322,12.88,1.9699975877251428,,3,1,val,current_repo_v1
323,12.92,2.0666462113047994,,3,1,val,current_repo_v1
324,12.96,2.0606666246018173,,3,1,val,current_repo_v1
325,13.0,2.117883931538774,,3,1,val,current_repo_v1
326,13.04,2.236652287929188,,3,1,val,current_repo_v1
327,13.08,2.2346705323807847,,3,1,val,current_repo_v1
328,13.12,2.1093332258174002,,3,1,val,current_repo_v1
329,13.16,1.8855628045288202,,3,1,val,current_repo_v1
330,13.2,1.8576250626322073,,3,1,val,current_repo_v1
331,13.24,1.8937605907180493,,3,1,val,current_repo_v1
332,13.28,1.943934692878383,,3,1,val,current_repo_v1
333,13.32,1.9577161702369017,,3,1,val,current_repo_v1
334,13.36,1.902803774082601,,3,1,val,current_repo_v1
335,13.4,1.6949659081098676,,3,1,val,current_repo_v1
336,13.44,1.638193243337334,,3,1,val,current_repo_v1
337,13.48,1.6032273306717066,,3,1,val,current_repo_v1
338,13.52,1.5850138582419124,,3,1,val,current_repo_v1
339,13.56,1.353467969705108,,3,1,val,current_repo_v1
340,13.6,1.4925653415555689,,3,1,val,current_repo_v1
341,13.64,1.7546273802231882,,3,1,val,current_repo_v1
342,13.68,1.7416619913180884,,3,1,val,current_repo_v1
343,13.72,1.660405154356358,,3,1,val,current_repo_v1
344,13.76,1.4589798241340013,,3,1,val,current_repo_v1
345,13.8,1.5020174802988062,,3,1,val,current_repo_v1
346,13.84,1.647105068958639,,3,1,val,current_repo_v1
347,13.88,1.6034860978329692,,3,1,val,current_repo_v1
348,13.92,1.5904133448533315,,3,1,val,current_repo_v1
349,13.96,1.5417572218854756,,3,1,val,current_repo_v1
350,14.0,1.4892274881491399,,3,1,val,current_repo_v1
351,14.04,1.3819739667175925,,3,1,val,current_repo_v1
352,14.08,1.4484614857198568,,3,1,val,current_repo_v1
353,14.12,1.287769963890288,,3,1,val,current_repo_v1
354,14.16,1.4191819206795129,,3,1,val,current_repo_v1
355,14.2,1.5315032694031143,,3,1,val,current_repo_v1
356,14.24,1.546350490856552,,3,1,val,current_repo_v1
357,14.28,1.3872173426237426,,3,1,val,current_repo_v1
358,14.32,1.3473975715218236,,3,1,val,current_repo_v1
359,14.36,1.4759920945417364,,3,1,val,current_repo_v1
360,14.4,1.4029761716294458,,3,1,val,current_repo_v1
361,14.44,1.3485892064481315,,3,1,val,current_repo_v1
362,14.48,1.3658294167085987,,3,1,val,current_repo_v1
363,14.52,1.4202903370586542,,3,1,val,current_repo_v1
364,14.56,1.482872203114606,,3,1,val,current_repo_v1
365,14.6,1.3871423244443624,,3,1,val,current_repo_v1
366,14.64,1.574712373998122,,3,1,val,current_repo_v1
367,14.68,1.488281712397764,,3,1,val,current_repo_v1
368,14.72,1.213326113972508,,3,1,val,current_repo_v1
369,14.76,1.3091903875592523,,3,1,val,current_repo_v1
370,14.8,1.2908060741339065,,3,1,val,current_repo_v1
371,14.84,1.2948737602733333,,3,1,val,current_repo_v1
372,14.88,1.373203521511273,,3,1,val,current_repo_v1
373,14.92,1.3368936596806367,,3,1,val,current_repo_v1
374,14.96,1.3379572777542776,,3,1,val,current_repo_v1
375,15.0,1.392540444327817,,3,1,val,current_repo_v1
376,15.04,1.3012094555403773,,3,1,val,current_repo_v1
377,15.08,1.3169827111190382,,3,1,val,current_repo_v1
378,15.12,1.3418400000425204,,3,1,val,current_repo_v1
379,15.16,1.577163828390296,,3,1,val,current_repo_v1
380,15.2,1.7392147889684704,,3,1,val,current_repo_v1
381,15.24,1.8614131769735798,,3,1,val,current_repo_v1
382,15.28,2.1178116468153227,,3,1,val,current_repo_v1
383,15.32,1.9938234526114793,,3,1,val,current_repo_v1
384,15.36,1.8997723714575265,,3,1,val,current_repo_v1
385,15.4,2.032505650471016,,3,1,val,current_repo_v1
386,15.44,1.8809031733221384,,3,1,val,current_repo_v1
387,15.48,1.9242210087196485,,3,1,val,current_repo_v1
388,15.52,1.7061776331779592,,3,1,val,current_repo_v1
389,15.56,1.4496862258346361,,3,1,val,current_repo_v1
390,15.6,1.624327180703684,,3,1,val,current_repo_v1
391,15.64,1.4771112928859305,,3,1,val,current_repo_v1
392,15.68,1.5914494765090215,,3,1,val,current_repo_v1
393,15.72,1.674050566353086,,3,1,val,current_repo_v1
394,15.76,1.6720291756937151,,3,1,val,current_repo_v1
395,15.8,1.6349035291269851,,3,1,val,current_repo_v1
396,15.84,1.7401391526484038,,3,1,val,current_repo_v1
397,15.88,1.6833844071980701,,3,1,val,current_repo_v1
398,15.92,1.6339569940822958,,3,1,val,current_repo_v1
399,15.96,1.6121450787808573,,3,1,val,current_repo_v1
400,16.0,1.5610672657187192,,3,1,val,current_repo_v1
401,16.04,1.318517091047089,,3,1,val,current_repo_v1
402,16.08,1.3142163018603976,,3,1,val,current_repo_v1
403,16.12,1.1523463568081769,,3,1,val,current_repo_v1
404,16.16,1.2828848225694773,,3,1,val,current_repo_v1
405,16.2,1.2912892883986589,,3,1,val,current_repo_v1
406,16.24,1.1530019306551085,,3,1,val,current_repo_v1
407,16.28,1.2525935751181403,,3,1,val,current_repo_v1
408,16.32,1.3501121969764789,,3,1,val,current_repo_v1
409,16.36,1.3582357242796415,,3,1,val,current_repo_v1
410,16.4,1.3547613499354334,,3,1,val,current_repo_v1
411,16.44,1.4216646579562056,,3,1,val,current_repo_v1
412,16.48,1.2648267015516386,,3,1,val,current_repo_v1
413,16.52,1.172320022997476,,3,1,val,current_repo_v1
414,16.56,1.1841120000157932,,3,1,val,current_repo_v1
415,16.6,1.3107366124629949,,3,1,val,current_repo_v1
416,16.64,1.2695485948100327,,3,1,val,current_repo_v1
417,16.68,1.2655843244199132,,3,1,val,current_repo_v1
418,16.72,0.9453640625411679,,3,1,val,current_repo_v1
419,16.76,0.9706126912384613,,3,1,val,current_repo_v1
420,16.8,1.2300574458542244,,3,1,val,current_repo_v1
421,16.84,1.1459655595183074,,3,1,val,current_repo_v1
422,16.88,1.274456059354262,,3,1,val,current_repo_v1
423,16.92,1.1919035642822655,,3,1,val,current_repo_v1
424,16.96,0.9649864796436121,,3,1,val,current_repo_v1
425,17.0,0.9536329185845467,,3,1,val,current_repo_v1
426,17.04,1.0557246122118207,,3,1,val,current_repo_v1
427,17.08,1.135584653193918,,3,1,val,current_repo_v1
428,17.12,1.0603023915993002,,3,1,val,current_repo_v1
429,17.16,1.209235193457686,,3,1,val,current_repo_v1
430,17.2,1.1250049638800375,,3,1,val,current_repo_v1
431,17.24,0.964597265891079,,3,1,val,current_repo_v1
432,17.28,0.8482100533320031,,3,1,val,current_repo_v1
433,17.32,0.9840863510876611,,3,1,val,current_repo_v1
434,17.36,1.0266769353494394,,3,1,val,current_repo_v1
435,17.4,0.9550236402176712,,3,1,val,current_repo_v1
436,17.44,0.6384438860601417,,3,1,val,current_repo_v1
437,17.48,0.9625910610979791,,3,1,val,current_repo_v1
438,17.52,0.6480481871834174,,3,1,val,current_repo_v1
439,17.56,-0.06288291636361372,,3,1,val,current_repo_v1
440,17.6,-0.7029450937541215,,3,1,val,current_repo_v1
441,17.64,-1.0141607443686442,,3,1,val,current_repo_v1
442,17.68,-0.8750237374072153,,3,1,val,current_repo_v1
443,17.72,-0.5108530728714294,,3,1,val,current_repo_v1
444,17.76,-0.11747462498693066,,3,1,val,current_repo_v1
445,17.8,-0.19544226975246506,,3,1,val,current_repo_v1
446,17.84,-0.2797584703155418,,3,1,val,current_repo_v1
447,17.88,-0.15300575559517549,,3,1,val,current_repo_v1
448,17.92,-0.35245211118089015,,3,1,val,current_repo_v1
449,17.96,-0.18854636787867343,,3,1,val,current_repo_v1
450,18.0,-0.24811674377669912,,3,1,val,current_repo_v1
451,18.04,-0.26499735272386227,,3,1,val,current_repo_v1
452,18.08,-0.17300940437919382,,3,1,val,current_repo_v1
453,18.12,-0.19267183623926273,,3,1,val,current_repo_v1
454,18.16,0.1292339808662641,,3,1,val,current_repo_v1
455,18.2,-0.0873817049490966,,3,1,val,current_repo_v1
456,18.24,-0.15843170357857217,,3,1,val,current_repo_v1
457,18.28,-0.3135988445378072,,3,1,val,current_repo_v1
458,18.32,-0.16315165114785027,,3,1,val,current_repo_v1
459,18.36,-0.10174396576316078,,3,1,val,current_repo_v1
460,18.4,-0.2086973480390225,,3,1,val,current_repo_v1
461,18.44,-0.04609011968816431,,3,1,val,current_repo_v1
462,18.48,-0.11170183181789778,,3,1,val,current_repo_v1
463,18.52,-0.30369037051311754,,3,1,val,current_repo_v1
464,18.56,-0.08659219176165237,,3,1,val,current_repo_v1
465,18.6,-0.06553645667119282,,3,1,val,current_repo_v1
466,18.64,0.0247301262757931,,3,1,val,current_repo_v1
467,18.68,0.022813859775685015,,3,1,val,current_repo_v1
468,18.72,0.39609006463939905,,3,1,val,current_repo_v1
469,18.76,0.3797936559676924,,3,1,val,current_repo_v1
470,18.8,0.242486735715282,,3,1,val,current_repo_v1
471,18.84,0.4942146405266276,,3,1,val,current_repo_v1
472,18.88,0.25749830620644076,,3,1,val,current_repo_v1
473,18.92,0.27181049162647536,,3,1,val,current_repo_v1
474,18.96,0.5033295771093111,,3,1,val,current_repo_v1
475,19.0,0.21476258302777473,,3,1,val,current_repo_v1
476,19.04,0.18365236180842712,,3,1,val,current_repo_v1
477,19.08,0.15258710973557535,,3,1,val,current_repo_v1
478,19.12,-0.08097592690921077,,3,1,val,current_repo_v1
479,19.16,0.13817097706091377,,3,1,val,current_repo_v1
480,19.2,0.3557304739562014,,3,1,val,current_repo_v1
481,19.24,0.22778396981474988,,3,1,val,current_repo_v1
482,19.28,0.1971999388617024,,3,1,val,current_repo_v1
483,19.32,0.222335394890609,,3,1,val,current_repo_v1
484,19.36,0.1549157294519474,,3,1,val,current_repo_v1
485,19.4,0.29465853858360364,,3,1,val,current_repo_v1
486,19.44,0.3997985670768445,,3,1,val,current_repo_v1
487,19.48,0.35810075989315526,,3,1,val,current_repo_v1
488,19.52,0.21661529667753746,,3,1,val,current_repo_v1
489,19.56,0.428041468956179,,3,1,val,current_repo_v1
490,19.6,0.2637003278856316,,3,1,val,current_repo_v1
491,19.64,0.28051271432857094,,3,1,val,current_repo_v1
492,19.68,0.31345207314029516,,3,1,val,current_repo_v1
493,19.72,0.47769955538061437,,3,1,val,current_repo_v1
494,19.76,0.42315731471667617,,3,1,val,current_repo_v1
495,19.8,0.3734658193864439,,3,1,val,current_repo_v1
496,19.84,0.5308793201226927,,3,1,val,current_repo_v1
497,19.88,0.5659916245391754,,3,1,val,current_repo_v1
498,19.92,0.5356126027807903,,3,1,val,current_repo_v1
499,19.96,0.6697346672294548,,3,1,val,current_repo_v1
500,20.0,0.5872371070286947,,3,1,val,current_repo_v1
501,20.04,0.28719320468930437,,3,1,val,current_repo_v1
502,20.08,0.3989514994562321,,3,1,val,current_repo_v1
503,20.12,0.34980502486647636,,3,1,val,current_repo_v1
504,20.16,0.19111963190067593,,3,1,val,current_repo_v1
505,20.2,0.06062184527864964,,3,1,val,current_repo_v1
506,20.24,0.4130978172519186,,3,1,val,current_repo_v1
507,20.28,0.7542894187693207,,3,1,val,current_repo_v1
508,20.32,0.5554073794654135,,3,1,val,current_repo_v1
509,20.36,0.6056309116204602,,3,1,val,current_repo_v1
510,20.4,0.47036144108100286,,3,1,val,current_repo_v1
511,20.44,0.560024566175867,,3,1,val,current_repo_v1
512,20.48,0.16630364853345153,,3,1,val,current_repo_v1
513,20.52,0.07235873556706796,,3,1,val,current_repo_v1
514,20.56,0.07546899080275603,,3,1,val,current_repo_v1
515,20.6,0.013861981432089452,,3,1,val,current_repo_v1
516,20.64,0.006116240517090896,,3,1,val,current_repo_v1
517,20.68,0.03133772447842434,,3,1,val,current_repo_v1
518,20.72,-0.04967869174673225,,3,1,val,current_repo_v1
519,20.76,-0.19954199806972453,,3,1,val,current_repo_v1
520,20.8,-0.338490757236388,,3,1,val,current_repo_v1
521,20.84,-0.24153655606268756,,3,1,val,current_repo_v1
522,20.88,-0.1799419801200306,,3,1,val,current_repo_v1
523,20.92,-0.38473992040024474,,3,1,val,current_repo_v1
524,20.96,-0.37024561847895177,,3,1,val,current_repo_v1
525,21.0,-0.2518165902703699,,3,1,val,current_repo_v1
526,21.04,-0.3867465807693327,,3,1,val,current_repo_v1
527,21.08,-0.28493996381663644,,3,1,val,current_repo_v1
528,21.12,-0.25427920627425327,,3,1,val,current_repo_v1
529,21.16,-0.16605830188150605,,3,1,val,current_repo_v1
530,21.2,-0.43076372530863566,,3,1,val,current_repo_v1
531,21.24,-0.4202201783564808,,3,1,val,current_repo_v1
532,21.28,0.3129975981274612,,3,1,val,current_repo_v1
533,21.32,0.6332401832296253,,3,1,val,current_repo_v1
534,21.36,0.626471766703181,,3,1,val,current_repo_v1
535,21.4,0.7286944004623792,,3,1,val,current_repo_v1
536,21.44,0.5958013281710499,,3,1,val,current_repo_v1
537,21.48,0.5610638109341426,,3,1,val,current_repo_v1
538,21.52,0.5493058502562729,,3,1,val,current_repo_v1
539,21.56,0.3502817092087321,,3,1,val,current_repo_v1
540,21.6,0.5991041022263922,,3,1,val,current_repo_v1
541,21.64,0.4024259497297713,,3,1,val,current_repo_v1
542,21.68,0.37778562887064004,,3,1,val,current_repo_v1
543,21.72,0.3167629716340926,,3,1,val,current_repo_v1
544,21.76,0.3374450964496128,,3,1,val,current_repo_v1
545,21.8,0.23788287460248148,,3,1,val,current_repo_v1
546,21.84,0.1864500539515864,,3,1,val,current_repo_v1
547,21.88,0.21707808595215494,,3,1,val,current_repo_v1
548,21.92,0.2692168595613365,,3,1,val,current_repo_v1
549,21.96,0.23550586891970254,,3,1,val,current_repo_v1
550,22.0,0.21211113077680793,,3,1,val,current_repo_v1
551,22.04,0.06497475995131714,,3,1,val,current_repo_v1
552,22.08,0.08327171668093758,,3,1,val,current_repo_v1
553,22.12,0.10193252676641806,,3,1,val,current_repo_v1
554,22.16,0.22597658597580694,,3,1,val,current_repo_v1
555,22.2,0.14285756318022716,,3,1,val,current_repo_v1
556,22.24,0.26515441254577304,,3,1,val,current_repo_v1
557,22.28,0.20865368867349257,,3,1,val,current_repo_v1
558,22.32,0.15394425162190747,,3,1,val,current_repo_v1
559,22.36,0.021713264117673454,,3,1,val,current_repo_v1
560,22.4,0.11254061365022591,,3,1,val,current_repo_v1
561,22.44,0.028929587769789253,,3,1,val,current_repo_v1
562,22.48,0.029169182774884492,,3,1,val,current_repo_v1
563,22.52,0.17371993207969452,,3,1,val,current_repo_v1
564,22.56,0.2502444354999692,,3,1,val,current_repo_v1
565,22.6,0.10685020380571476,,3,1,val,current_repo_v1
566,22.64,0.21045545374191513,,3,1,val,current_repo_v1
567,22.68,0.2812564041645416,,3,1,val,current_repo_v1
568,22.72,0.03170153986961871,,3,1,val,current_repo_v1
569,22.76,-0.09779746283657859,,3,1,val,current_repo_v1
570,22.8,-0.11504230478625856,,3,1,val,current_repo_v1
571,22.84,-0.14079130777719084,,3,1,val,current_repo_v1
572,22.88,-0.25700275342534296,,3,1,val,current_repo_v1
573,22.92,-0.041348029227629375,,3,1,val,current_repo_v1
574,22.96,-0.03774415740879312,,3,1,val,current_repo_v1
575,23.0,-0.10494241291721934,,3,1,val,current_repo_v1
576,23.04,-0.28049824979094756,,3,1,val,current_repo_v1
577,23.08,-0.3989547644174804,,3,1,val,current_repo_v1
578,23.12,-0.30242557767604766,,3,1,val,current_repo_v1
579,23.16,-0.26910490176225144,,3,1,val,current_repo_v1
580,23.2,-0.29650096380896757,,3,1,val,current_repo_v1
581,23.24,-0.2369733551068284,,3,1,val,current_repo_v1
582,23.28,-0.04344762709829758,,3,1,val,current_repo_v1
583,23.32,-0.3695790348789736,,3,1,val,current_repo_v1
584,23.36,-0.21165058141746546,,3,1,val,current_repo_v1
585,23.4,-0.24056405318667431,,3,1,val,current_repo_v1
586,23.44,-0.2590212967347882,,3,1,val,current_repo_v1
587,23.48,-0.3893599924252899,,3,1,val,current_repo_v1
588,23.52,-0.5901413280237471,,3,1,val,current_repo_v1
589,23.56,-0.4030085934539349,,3,1,val,current_repo_v1
590,23.6,-0.2881751607670715,,3,1,val,current_repo_v1
591,23.64,-0.3747608700620593,,3,1,val,current_repo_v1
592,23.68,-0.5991525831044634,,3,1,val,current_repo_v1
593,23.72,-0.29049707971995137,,3,1,val,current_repo_v1
594,23.76,-0.48340420197475487,,3,1,val,current_repo_v1
595,23.8,-0.4569986000909178,,3,1,val,current_repo_v1
596,23.84,-0.5395339730986934,,3,1,val,current_repo_v1
597,23.88,-0.6363144099975847,,3,1,val,current_repo_v1
598,23.92,-0.4999250577499512,,3,1,val,current_repo_v1
599,23.96,-0.5506291466431529,,3,1,val,current_repo_v1
600,24.0,-0.4456871038814239,,3,1,val,current_repo_v1
601,24.04,-0.46264432552392565,,3,1,val,current_repo_v1
602,24.08,-0.3859596112144889,,3,1,val,current_repo_v1
603,24.12,-0.38162598259198593,,3,1,val,current_repo_v1
604,24.16,-0.3720417268121883,,3,1,val,current_repo_v1
605,24.2,-0.3633815309949985,,3,1,val,current_repo_v1
606,24.24,-0.27293880149043204,,3,1,val,current_repo_v1
607,24.28,-0.35792616039570113,,3,1,val,current_repo_v1
608,24.32,-0.3256104091824074,,3,1,val,current_repo_v1
609,24.36,-0.15580382738499154,,3,1,val,current_repo_v1
610,24.4,-0.14985279011059943,,3,1,val,current_repo_v1
611,24.44,-0.21088308773611458,,3,1,val,current_repo_v1
612,24.48,-0.07342726057374785,,3,1,val,current_repo_v1
613,24.52,0.0346393595937963,,3,1,val,current_repo_v1
614,24.56,0.024494840260252337,,3,1,val,current_repo_v1
615,24.6,0.005584146745277823,,3,1,val,current_repo_v1
616,24.64,0.0483802147600394,,3,1,val,current_repo_v1
617,24.68,0.1862081431018848,,3,1,val,current_repo_v1
618,24.72,-0.10689960532692855,,3,1,val,current_repo_v1
619,24.76,0.018263263088831017,,3,1,val,current_repo_v1
620,24.8,0.00048188550145362985,,3,1,val,current_repo_v1
621,24.84,-0.015534410375712758,,3,1,val,current_repo_v1
622,24.88,0.1750151346139726,,3,1,val,current_repo_v1
623,24.92,0.13144416980805293,,3,1,val,current_repo_v1
624,24.96,0.13313714712697458,,3,1,val,current_repo_v1
625,25.0,0.09259416812621823,,3,1,val,current_repo_v1
626,25.04,-0.005497236134373959,,3,1,val,current_repo_v1
627,25.08,0.07775514704056699,,3,1,val,current_repo_v1
628,25.12,0.05982557438071468,,3,1,val,current_repo_v1
629,25.16,0.03100181311650346,,3,1,val,current_repo_v1
630,25.2,-0.03966829208586301,,3,1,val,current_repo_v1
631,25.24,-0.0809402211411404,,3,1,val,current_repo_v1
632,25.28,-0.0001520864507069431,,3,1,val,current_repo_v1
633,25.32,-0.009708248377902712,,3,1,val,current_repo_v1
634,25.36,0.18279842258332693,,3,1,val,current_repo_v1
635,25.4,0.027177708272067853,,3,1,val,current_repo_v1
636,25.44,-0.2526738324213841,,3,1,val,current_repo_v1
637,25.48,-0.11928079395657191,,3,1,val,current_repo_v1
638,25.52,0.02056701594918384,,3,1,val,current_repo_v1
639,25.56,-0.09841006068196233,,3,1,val,current_repo_v1
640,25.6,-0.3069138743465237,,3,1,val,current_repo_v1
641,25.64,-0.3241902269687166,,3,1,val,current_repo_v1
642,25.68,-0.3122990103143163,,3,1,val,current_repo_v1
643,25.72,-0.359806474357412,,3,1,val,current_repo_v1
644,25.76,-0.49205186945227086,,3,1,val,current_repo_v1
645,25.8,-0.290180454408195,,3,1,val,current_repo_v1
646,25.84,-0.1415935011629716,,3,1,val,current_repo_v1
647,25.88,-0.06157805182192051,,3,1,val,current_repo_v1
648,25.92,-0.16159813702829756,,3,1,val,current_repo_v1
649,25.96,-0.4029328919105726,,3,1,val,current_repo_v1
650,26.0,-0.41885071693613607,,3,1,val,current_repo_v1
651,26.04,-0.5467338960152363,,3,1,val,current_repo_v1
652,26.08,-0.5876249160885977,,3,1,val,current_repo_v1
653,26.12,-0.4301295635331467,,3,1,val,current_repo_v1
654,26.16,-0.26113543507241116,,3,1,val,current_repo_v1
655,26.2,-0.30166689179713413,,3,1,val,current_repo_v1
656,26.24,-0.45731590876665634,,3,1,val,current_repo_v1
657,26.28,-0.4171734380064724,,3,1,val,current_repo_v1
658,26.32,-0.34564838751536525,,3,1,val,current_repo_v1
659,26.36,-0.3620693202904965,,3,1,val,current_repo_v1
660,26.4,-0.4401911110898509,,3,1,val,current_repo_v1
661,26.44,-0.48646331880577437,,3,1,val,current_repo_v1
662,26.48,-0.5258208701030611,,3,1,val,current_repo_v1
663,26.52,-0.5626594278679324,,3,1,val,current_repo_v1
664,26.56,-0.5582466808821561,,3,1,val,current_repo_v1
665,26.6,-0.6441264372188574,,3,1,val,current_repo_v1
666,26.64,-0.7477787823228316,,3,1,val,current_repo_v1
667,26.68,-0.6933013093785404,,3,1,val,current_repo_v1
668,26.72,-0.6790273543768438,,3,1,val,current_repo_v1
669,26.76,-0.5776296928028333,,3,1,val,current_repo_v1
670,26.8,-0.7637512764669717,,3,1,val,current_repo_v1
671,26.84,-0.7378422144455401,,3,1,val,current_repo_v1
672,26.88,-0.6886961954317725,,3,1,val,current_repo_v1
673,26.92,-0.9135999379201787,,3,1,val,current_repo_v1
674,26.96,-1.0269873344560245,,3,1,val,current_repo_v1
675,27.0,-0.9499914997113547,,3,1,val,current_repo_v1
676,27.04,-1.009731330894635,,3,1,val,current_repo_v1
677,27.08,-1.0270535448329672,,3,1,val,current_repo_v1
678,27.12,-1.1443109075293878,,3,1,val,current_repo_v1
679,27.16,-1.1815753529138375,,3,1,val,current_repo_v1
680,27.2,-1.1162408967375521,,3,1,val,current_repo_v1
681,27.24,-1.1722202518560736,,3,1,val,current_repo_v1
682,27.28,-0.9897877327205532,,3,1,val,current_repo_v1
683,27.32,-0.9478149094986911,,3,1,val,current_repo_v1
684,27.36,-1.0177400530487866,,3,1,val,current_repo_v1
685,27.4,-0.8766748966468924,,3,1,val,current_repo_v1
686,27.44,-0.6793379053420916,,3,1,val,current_repo_v1
687,27.48,-0.6279789639306064,,3,1,val,current_repo_v1
688,27.52,-0.4353847084856571,,3,1,val,current_repo_v1
689,27.56,-0.490839695641831,,3,1,val,current_repo_v1
690,27.6,-0.4648458585219399,,3,1,val,current_repo_v1
691,27.64,-0.4419535827292965,,3,1,val,current_repo_v1
692,27.68,-0.3661819945587523,,3,1,val,current_repo_v1
693,27.72,-0.26918848097374204,,3,1,val,current_repo_v1
694,27.76,-0.4220506826768218,,3,1,val,current_repo_v1
695,27.8,-0.47117035421260867,,3,1,val,current_repo_v1
696,27.84,-0.5610656332380952,,3,1,val,current_repo_v1
697,27.88,-0.5543108080619638,,3,1,val,current_repo_v1
698,27.92,-0.7435315233147466,,3,1,val,current_repo_v1
699,27.96,-0.8040542618336433,,3,1,val,current_repo_v1
700,28.0,-0.607249307353657,,3,1,val,current_repo_v1
701,28.04,-0.6325875706266166,,3,1,val,current_repo_v1
702,28.08,-0.735597135975993,,3,1,val,current_repo_v1
703,28.12,-0.5571961606181741,,3,1,val,current_repo_v1
704,28.16,-0.6231324326747907,,3,1,val,current_repo_v1
705,28.2,-0.7093281689239318,,3,1,val,current_repo_v1
706,28.24,-0.8838127093703856,,3,1,val,current_repo_v1
707,28.28,-0.790461848510202,,3,1,val,current_repo_v1
708,28.32,-0.6697392229893363,,3,1,val,current_repo_v1
709,28.36,-0.5997723183069946,,3,1,val,current_repo_v1
710,28.4,-0.724717222085929,,3,1,val,current_repo_v1
711,28.44,-0.7140887861413177,,3,1,val,current_repo_v1
712,28.48,-0.09517945745607431,,3,1,val,current_repo_v1
713,28.52,0.2880166962525306,,3,1,val,current_repo_v1
714,28.56,0.253296794620498,,3,1,val,current_repo_v1
715,28.6,-0.11154719224342396,,3,1,val,current_repo_v1
716,28.64,-0.4965004930471132,,3,1,val,current_repo_v1
717,28.68,-0.3503171302418099,,3,1,val,current_repo_v1
718,28.72,-0.11789769373008231,,3,1,val,current_repo_v1
719,28.76,-0.2267205415644373,,3,1,val,current_repo_v1
720,28.8,-0.2699263052688654,,3,1,val,current_repo_v1
721,28.84,-0.1666958045475747,,3,1,val,current_repo_v1
722,28.88,-0.2788736278525796,,3,1,val,current_repo_v1
723,28.92,-0.2939077493551512,,3,1,val,current_repo_v1
724,28.96,-0.3551557268824988,,3,1,val,current_repo_v1
725,29.0,-0.042719331934259475,,3,1,val,current_repo_v1
726,29.04,0.9998322721070336,,3,1,val,current_repo_v1
727,29.08,0.7966541891996448,,3,1,val,current_repo_v1
728,29.12,0.5671462059517813,,3,1,val,current_repo_v1
729,29.16,-0.6763847099283143,,3,1,val,current_repo_v1
730,29.2,-1.4675441971350194,,3,1,val,current_repo_v1
731,29.24,-1.339787630215956,,3,1,val,current_repo_v1
732,29.28,-0.33442227383898165,,3,1,val,current_repo_v1
733,29.32,0.6232880498394057,,3,1,val,current_repo_v1
734,29.36,0.5766958379564805,,3,1,val,current_repo_v1
735,29.4,0.6678285372950828,,3,1,val,current_repo_v1
736,29.44,0.6537352941020146,,3,1,val,current_repo_v1
737,29.48,0.4647120710400898,,3,1,val,current_repo_v1
738,29.52,0.30215466182176787,,3,1,val,current_repo_v1
739,29.56,0.4539922921098567,,3,1,val,current_repo_v1
740,29.6,0.4444286131788566,,3,1,val,current_repo_v1
741,29.64,0.23845223069365773,,3,1,val,current_repo_v1
742,29.68,0.25094662995635353,,3,1,val,current_repo_v1
743,29.72,0.21991723551023484,,3,1,val,current_repo_v1
744,29.76,0.3579417259086292,,3,1,val,current_repo_v1
745,29.8,0.26044257992378367,,3,1,val,current_repo_v1
746,29.84,0.3498289426058537,,3,1,val,current_repo_v1
747,29.88,0.40655540438025684,,3,1,val,current_repo_v1
748,29.92,0.3363012210727281,,3,1,val,current_repo_v1
749,29.96,0.35941221130434364,,3,1,val,current_repo_v1
750,30.0,0.4248339102823576,,3,1,val,current_repo_v1
751,30.04,0.36409371015845615,,3,1,val,current_repo_v1
752,30.08,0.40660024065042283,,3,1,val,current_repo_v1
753,30.12,0.5186667705379919,,3,1,val,current_repo_v1
754,30.16,0.548791429036333,,3,1,val,current_repo_v1
755,30.2,0.7167270266886284,,3,1,val,current_repo_v1
756,30.24,1.1983010660250335,,3,1,val,current_repo_v1
757,30.28,1.483856399107648,,3,1,val,current_repo_v1
758,30.32,1.5717357923502868,,3,1,val,current_repo_v1
759,30.36,1.748330560773799,,3,1,val,current_repo_v1
760,30.4,1.7626452138971025,,3,1,val,current_repo_v1
761,30.44,1.7589908870375799,,3,1,val,current_repo_v1
762,30.48,1.7413326098786641,,3,1,val,current_repo_v1
763,30.52,1.767899523626968,,3,1,val,current_repo_v1
764,30.56,2.005766680857859,,3,1,val,current_repo_v1
765,30.6,1.8343997987569,,3,1,val,current_repo_v1
766,30.64,1.6393013559991498,,3,1,val,current_repo_v1
767,30.68,1.440790193514253,,3,1,val,current_repo_v1
768,30.72,1.071322622893711,,3,1,val,current_repo_v1
769,30.76,0.9050235680848063,,3,1,val,current_repo_v1
770,30.8,0.746590184569778,,3,1,val,current_repo_v1
771,30.84,0.6245109676502324,,3,1,val,current_repo_v1
772,30.88,0.8129906885583078,,3,1,val,current_repo_v1
773,30.92,0.9716910396023855,,3,1,val,current_repo_v1
774,30.96,0.8855534652210633,,3,1,val,current_repo_v1
775,31.0,0.9529235867710149,,3,1,val,current_repo_v1
776,31.04,0.751969018403068,,3,1,val,current_repo_v1
777,31.08,1.368558316877549,,3,1,val,current_repo_v1
778,31.12,1.259248781011532,,3,1,val,current_repo_v1
779,31.16,0.8452453166598596,,3,1,val,current_repo_v1
780,31.2,0.22524557633817285,,3,1,val,current_repo_v1
781,31.24,2.0099566132207696,,3,1,val,current_repo_v1
782,31.28,2.9834702604930348,,3,1,val,current_repo_v1
783,31.32,3.229665043069774,,3,1,val,current_repo_v1
784,31.36,1.4403604334987758,,3,1,val,current_repo_v1
785,31.4,0.9393469667484957,,3,1,val,current_repo_v1
786,31.44,0.8188978386791759,,3,1,val,current_repo_v1
787,31.48,1.0321916826858573,,3,1,val,current_repo_v1
788,31.52,0.9411188536250296,,3,1,val,current_repo_v1
789,31.56,1.301941566153316,,3,1,val,current_repo_v1
790,31.6,1.1825026019083622,,3,1,val,current_repo_v1
791,31.64,0.9432864841765931,,3,1,val,current_repo_v1
792,31.68,0.48471497002196107,,3,1,val,current_repo_v1
793,31.72,0.11260906394244374,,3,1,val,current_repo_v1
794,31.76,0.002425562490181389,,3,1,val,current_repo_v1
795,31.8,-0.2776098980261487,,3,1,val,current_repo_v1
796,31.84,-0.3447865896044697,,3,1,val,current_repo_v1
797,31.88,-0.45683109998594545,,3,1,val,current_repo_v1
798,31.92,-0.9444409137305364,,3,1,val,current_repo_v1
799,31.96,-0.7046709674558533,,3,1,val,current_repo_v1
800,32.0,0.2142451246345806,,3,1,val,current_repo_v1
801,32.04,0.3135010855236857,,3,1,val,current_repo_v1
802,32.08,-0.6342599900790735,,3,1,val,current_repo_v1
803,32.12,-0.49462344404665065,,3,1,val,current_repo_v1
804,32.16,-0.056013779579125234,,3,1,val,current_repo_v1
805,32.2,-0.29220055426893304,,3,1,val,current_repo_v1
806,32.24,-0.4657195014085271,,3,1,val,current_repo_v1
807,32.28,-0.09019978411772508,,3,1,val,current_repo_v1
808,32.32,0.10954859936579267,,3,1,val,current_repo_v1
809,32.36,-0.37108911742099043,,3,1,val,current_repo_v1
810,32.4,-0.6639295661299298,,3,1,val,current_repo_v1
811,32.44,-1.0001063769932304,,3,1,val,current_repo_v1
812,32.48,-1.1849463115087377,,3,1,val,current_repo_v1
813,32.52,-1.1972962172538624,,3,1,val,current_repo_v1
814,32.56,-1.0044258447954353,,3,1,val,current_repo_v1
815,32.6,-0.9677231246043607,,3,1,val,current_repo_v1
816,32.64,-0.8026026448767709,,3,1,val,current_repo_v1
817,32.68,-0.8598603462180093,,3,1,val,current_repo_v1
818,32.72,-1.0125937148281101,,3,1,val,current_repo_v1
819,32.76,-1.1147344588034402,,3,1,val,current_repo_v1
820,32.8,-0.9457273084623772,,3,1,val,current_repo_v1
821,32.84,-0.9294006799167905,,3,1,val,current_repo_v1
822,32.88,-0.47827202457437623,,3,1,val,current_repo_v1
823,32.92,0.024355149272889332,,3,1,val,current_repo_v1
824,32.96,0.33436464347648215,,3,1,val,current_repo_v1
825,33.0,0.5556787508956814,,3,1,val,current_repo_v1
826,33.04,0.5739351993270232,,3,1,val,current_repo_v1
827,33.08,-0.07696190382471987,,3,1,val,current_repo_v1
828,33.12,-1.4632579863799484,,3,1,val,current_repo_v1
829,33.16,-1.8950035538723542,,3,1,val,current_repo_v1
830,33.2,-2.7923640301193435,,3,1,val,current_repo_v1
831,33.24,-1.1857781932630789,,3,1,val,current_repo_v1
832,33.28,-0.33223676192988366,,3,1,val,current_repo_v1
833,33.32,-0.0061632312820341095,,3,1,val,current_repo_v1
834,33.36,-0.731195436707929,,3,1,val,current_repo_v1
835,33.4,-0.609990166392296,,3,1,val,current_repo_v1
836,33.44,-0.5970455061946566,,3,1,val,current_repo_v1
837,33.48,-0.6305638641226392,,3,1,val,current_repo_v1
838,33.52,-0.45165347888075,,3,1,val,current_repo_v1
839,33.56,-0.217039855533817,,3,1,val,current_repo_v1
840,33.6,-0.053102535120922396,,3,1,val,current_repo_v1
841,33.64,0.5137533075765855,,3,1,val,current_repo_v1
842,33.68,0.8387708225750962,,3,1,val,current_repo_v1
843,33.72,0.9473259246047555,,3,1,val,current_repo_v1
844,33.76,1.0461438491812654,,3,1,val,current_repo_v1
845,33.8,1.087184108355408,,3,1,val,current_repo_v1
846,33.84,0.9320383130294505,,3,1,val,current_repo_v1
847,33.88,0.9812002772028029,,3,1,val,current_repo_v1
848,33.92,1.1263915853292688,,3,1,val,current_repo_v1
849,33.96,1.1715312691033453,,3,1,val,current_repo_v1
850,34.0,1.0898009368312762,,3,1,val,current_repo_v1
851,34.04,0.9919810273861153,,3,1,val,current_repo_v1
852,34.08,0.8153101777725842,,3,1,val,current_repo_v1
853,34.12,0.457383789588889,,3,1,val,current_repo_v1
854,34.16,0.27210183247089004,,3,1,val,current_repo_v1
855,34.2,0.4383152769586901,,3,1,val,current_repo_v1
856,34.24,0.5225650583391628,,3,1,val,current_repo_v1
857,34.28,0.4264116078939474,,3,1,val,current_repo_v1
858,34.32,0.46202713395399486,,3,1,val,current_repo_v1
859,34.36,0.4520783794190206,,3,1,val,current_repo_v1
860,34.4,0.4676924491544927,,3,1,val,current_repo_v1
861,34.44,0.3696701121119356,,3,1,val,current_repo_v1
862,34.48,0.3097740183647237,,3,1,val,current_repo_v1
863,34.52,0.2236952132858714,,3,1,val,current_repo_v1
864,34.56,0.4877387797138998,,3,1,val,current_repo_v1
865,34.6,0.5465090692650899,,3,1,val,current_repo_v1
866,34.64,0.343957137588732,,3,1,val,current_repo_v1
867,34.68,0.3061647175986954,,3,1,val,current_repo_v1
868,34.72,0.5298699155916402,,3,1,val,current_repo_v1
869,34.76,0.4243674384351694,,3,1,val,current_repo_v1
870,34.8,0.24520690401112638,,3,1,val,current_repo_v1
871,34.84,0.5091976995538621,,3,1,val,current_repo_v1
872,34.88,0.4643837526113046,,3,1,val,current_repo_v1
873,34.92,0.3636621658036919,,3,1,val,current_repo_v1
874,34.96,0.40611968391226794,,3,1,val,current_repo_v1
875,35.0,0.15579134650114984,,3,1,val,current_repo_v1
876,35.04,0.21414227835525831,,3,1,val,current_repo_v1
877,35.08,0.22725219874259509,,3,1,val,current_repo_v1
878,35.12,0.22203980200363838,,3,1,val,current_repo_v1
879,35.16,0.17604595121646763,,3,1,val,current_repo_v1
880,35.2,0.081359284612063,,3,1,val,current_repo_v1
881,35.24,0.23914983142549498,,3,1,val,current_repo_v1
882,35.28,0.16338086281688252,,3,1,val,current_repo_v1
883,35.32,0.2156956406161483,,3,1,val,current_repo_v1
884,35.36,0.12735446416253252,,3,1,val,current_repo_v1
885,35.4,0.09498328453734854,,3,1,val,current_repo_v1
886,35.44,0.10253730389067209,,3,1,val,current_repo_v1
887,35.48,0.04846741959710226,,3,1,val,current_repo_v1
888,35.52,0.25265724186248273,,3,1,val,current_repo_v1
889,35.56,0.18391021781771358,,3,1,val,current_repo_v1
890,35.6,0.09655065575987379,,3,1,val,current_repo_v1
891,35.64,0.02178497937113961,,3,1,val,current_repo_v1
892,35.68,0.092133239120219,,3,1,val,current_repo_v1
893,35.72,0.381966943254442,,3,1,val,current_repo_v1
894,35.76,0.2524755050078811,,3,1,val,current_repo_v1
895,35.8,0.24142239631299314,,3,1,val,current_repo_v1
896,35.84,0.05387909286620394,,3,1,val,current_repo_v1
897,35.88,-0.11915129648194352,,3,1,val,current_repo_v1
898,35.92,-0.018211223023352596,,3,1,val,current_repo_v1
899,35.96,0.09800280422206566,,3,1,val,current_repo_v1
900,36.0,0.1335236464059117,,3,1,val,current_repo_v1
901,36.04,0.2211329020699171,,3,1,val,current_repo_v1
902,36.08,0.1599859105532735,,3,1,val,current_repo_v1
903,36.12,-0.015854528436711497,,3,1,val,current_repo_v1
904,36.16,-0.046003522285752295,,3,1,val,current_repo_v1
905,36.2,-0.14106476726407105,,3,1,val,current_repo_v1
906,36.24,0.011676982045978095,,3,1,val,current_repo_v1
907,36.28,-0.231745582678272,,3,1,val,current_repo_v1
908,36.32,-0.43037694129470594,,3,1,val,current_repo_v1
909,36.36,-0.2611024058132711,,3,1,val,current_repo_v1
910,36.4,-0.41812726226697194,,3,1,val,current_repo_v1
911,36.44,-0.3419032491755403,,3,1,val,current_repo_v1
912,36.48,-0.18758457103838144,,3,1,val,current_repo_v1
913,36.52,-0.3960239301917876,,3,1,val,current_repo_v1
914,36.56,-0.2926786433038188,,3,1,val,current_repo_v1
915,36.6,-0.10624124107706971,,3,1,val,current_repo_v1
916,36.64,0.23160974510447535,,3,1,val,current_repo_v1
917,36.68,0.19457832683795867,,3,1,val,current_repo_v1
918,36.72,0.26465506329810745,,3,1,val,current_repo_v1
919,36.76,0.41611392011672466,,3,1,val,current_repo_v1
920,36.8,0.2920663871404262,,3,1,val,current_repo_v1
921,36.84,-0.07826175703054356,,3,1,val,current_repo_v1
922,36.88,-0.13684949348681993,,3,1,val,current_repo_v1
923,36.92,-0.1198668165359809,,3,1,val,current_repo_v1
924,36.96,0.1781558375115346,,3,1,val,current_repo_v1
925,37.0,0.1840384624583746,,3,1,val,current_repo_v1
926,37.04,0.18338243303545498,,3,1,val,current_repo_v1
927,37.08,0.12147552178826332,,3,1,val,current_repo_v1
928,37.12,0.33578307931555174,,3,1,val,current_repo_v1
929,37.16,0.16931026023183807,,3,1,val,current_repo_v1
930,37.2,0.17848916727618938,,3,1,val,current_repo_v1
931,37.24,0.08915511990342397,,3,1,val,current_repo_v1
932,37.28,0.33687107070455813,,3,1,val,current_repo_v1
933,37.32,0.26233523240183987,,3,1,val,current_repo_v1
934,37.36,-0.013676077955429635,,3,1,val,current_repo_v1
935,37.4,0.053696862470948487,,3,1,val,current_repo_v1
936,37.44,0.24431663260097217,,3,1,val,current_repo_v1
937,37.48,0.2630614584915985,,3,1,val,current_repo_v1
938,37.52,0.24823033405640835,,3,1,val,current_repo_v1
939,37.56,0.11628702380635104,,3,1,val,current_repo_v1
940,37.6,0.29726655925703455,,3,1,val,current_repo_v1
941,37.64,0.13039070728248087,,3,1,val,current_repo_v1
942,37.68,0.1494683693971082,,3,1,val,current_repo_v1
943,37.72,0.36805019779211173,,3,1,val,current_repo_v1
944,37.76,0.3509555820245205,,3,1,val,current_repo_v1
945,37.8,0.23930020946624642,,3,1,val,current_repo_v1
946,37.84,0.14302494939120242,,3,1,val,current_repo_v1
947,37.88,0.2140370403019983,,3,1,val,current_repo_v1
948,37.92,0.2158892604111072,,3,1,val,current_repo_v1
949,37.96,0.20830950101445384,,3,1,val,current_repo_v1
950,38.0,0.134764787256264,,3,1,val,current_repo_v1
951,38.04,0.13730314276817537,,3,1,val,current_repo_v1
952,38.08,0.08593983542013711,,3,1,val,current_repo_v1
953,38.12,0.1836722552932425,,3,1,val,current_repo_v1
954,38.16,0.08857165993894826,,3,1,val,current_repo_v1
955,38.2,0.275743023556088,,3,1,val,current_repo_v1
956,38.24,0.058925621980812505,,3,1,val,current_repo_v1
957,38.28,-0.09083288288257506,,3,1,val,current_repo_v1
958,38.32,0.10707749825913025,,3,1,val,current_repo_v1
959,38.36,0.1208342985849582,,3,1,val,current_repo_v1
960,38.4,0.09694267889766708,,3,1,val,current_repo_v1
961,38.44,0.18418804324114676,,3,1,val,current_repo_v1
962,38.48,0.17119326968481202,,3,1,val,current_repo_v1
963,38.52,0.013829066066946435,,3,1,val,current_repo_v1
964,38.56,-0.013424941691968218,,3,1,val,current_repo_v1
965,38.6,0.1491210876178167,,3,1,val,current_repo_v1
966,38.64,0.03332923694590666,,3,1,val,current_repo_v1
967,38.68,0.13736267136395883,,3,1,val,current_repo_v1
968,38.72,0.13837397412829522,,3,1,val,current_repo_v1
969,38.76,0.21990865549579158,,3,1,val,current_repo_v1
970,38.8,0.5545293326776076,,3,1,val,current_repo_v1
971,38.84,0.441755672927116,,3,1,val,current_repo_v1
972,38.88,0.24159168075725232,,3,1,val,current_repo_v1
973,38.92,0.2494536315138919,,3,1,val,current_repo_v1
974,38.96,0.1079701614432222,,3,1,val,current_repo_v1
975,39.0,0.18998479211422262,,3,1,val,current_repo_v1
976,39.04,0.22386650985741155,,3,1,val,current_repo_v1
977,39.08,0.2933172469451922,,3,1,val,current_repo_v1
978,39.12,0.269151788124364,,3,1,val,current_repo_v1
979,39.16,0.2924021086790187,,3,1,val,current_repo_v1
980,39.2,0.39649886815942215,,3,1,val,current_repo_v1
981,39.24,0.35022859664144823,,3,1,val,current_repo_v1
982,39.28,0.17250506277799152,,3,1,val,current_repo_v1
983,39.32,0.1763696759207058,,3,1,val,current_repo_v1
984,39.36,-0.0070737188766619875,,3,1,val,current_repo_v1
985,39.4,0.09482402276482842,,3,1,val,current_repo_v1
986,39.44,0.3259031926841178,,3,1,val,current_repo_v1
987,39.48,0.3338662813101242,,3,1,val,current_repo_v1
988,39.52,0.26052511510696813,,3,1,val,current_repo_v1
989,39.56,0.4058433770754618,,3,1,val,current_repo_v1
990,39.6,0.22872925202547187,,3,1,val,current_repo_v1
991,39.64,0.30974364663218107,,3,1,val,current_repo_v1
992,39.68,0.3426242361414354,,3,1,val,current_repo_v1
993,39.72,0.23302241031436186,,3,1,val,current_repo_v1
994,39.76,0.31385370133850504,,3,1,val,current_repo_v1
995,39.8,0.25260401540120186,,3,1,val,current_repo_v1
996,39.84,0.144046730403266,,3,1,val,current_repo_v1
997,39.88,0.29336223507402087,,3,1,val,current_repo_v1
998,39.92,0.2976080134601444,,3,1,val,current_repo_v1
999,39.96,0.3072120867954261,,3,1,val,current_repo_v1
1000,40.0,0.4192921321039767,,3,1,val,current_repo_v1
1001,40.04,0.19221578569280315,,3,1,val,current_repo_v1
1002,40.08,0.1272663671558262,,3,1,val,current_repo_v1
1003,40.12,0.07340940768971266,,3,1,val,current_repo_v1
1004,40.16,0.028791054704729434,,3,1,val,current_repo_v1
1005,40.2,0.19920439728018097,,3,1,val,current_repo_v1
1006,40.24,0.10014228397402883,,3,1,val,current_repo_v1
1007,40.28,0.014758365153417871,,3,1,val,current_repo_v1
1008,40.32,0.21850407675969452,,3,1,val,current_repo_v1
1009,40.36,0.2297599926986355,,3,1,val,current_repo_v1
1010,40.4,0.14841500178320036,,3,1,val,current_repo_v1
1011,40.44,0.3563118648463976,,3,1,val,current_repo_v1
1012,40.48,0.19216191383220574,,3,1,val,current_repo_v1
1013,40.52,0.11624427559279737,,3,1,val,current_repo_v1
1014,40.56,0.062116476201735424,,3,1,val,current_repo_v1
1015,40.6,0.2231692128428997,,3,1,val,current_repo_v1
1016,40.64,0.3067707475569168,,3,1,val,current_repo_v1
1017,40.68,0.157003482346924,,3,1,val,current_repo_v1
1018,40.72,0.08705992593397444,,3,1,val,current_repo_v1
1019,40.76,-0.12380937113733255,,3,1,val,current_repo_v1
1020,40.8,0.011417892185057092,,3,1,val,current_repo_v1
1021,40.84,0.1307718725258902,,3,1,val,current_repo_v1
1022,40.88,0.32609032052124576,,3,1,val,current_repo_v1
1023,40.92,0.5041029932785078,,3,1,val,current_repo_v1
1024,40.96,0.44768066644085286,,3,1,val,current_repo_v1
1025,41.0,0.2867372110898433,,3,1,val,current_repo_v1
1026,41.04,-0.1601986455574014,,3,1,val,current_repo_v1
1027,41.08,-0.18384414031710064,,3,1,val,current_repo_v1
1028,41.12,0.1250125188485074,,3,1,val,current_repo_v1
1029,41.16,0.3785815580865839,,3,1,val,current_repo_v1
1030,41.2,0.4163739021472891,,3,1,val,current_repo_v1
1031,41.24,0.24965279415003985,,3,1,val,current_repo_v1
1032,41.28,0.19898082336400194,,3,1,val,current_repo_v1
1033,41.32,-0.14989944868471797,,3,1,val,current_repo_v1
1034,41.36,-0.049367609276164924,,3,1,val,current_repo_v1
1035,41.4,-0.009962279447122092,,3,1,val,current_repo_v1
1036,41.44,0.08303546256642202,,3,1,val,current_repo_v1
1037,41.48,0.43470658362731274,,3,1,val,current_repo_v1
1038,41.52,0.5701336454940004,,3,1,val,current_repo_v1
1039,41.56,0.005767041522182641,,3,1,val,current_repo_v1
1040,41.6,-0.15425342636802447,,3,1,val,current_repo_v1
1041,41.64,-0.37161018245742394,,3,1,val,current_repo_v1
1042,41.68,-0.2013298680705089,,3,1,val,current_repo_v1
1043,41.72,-0.048150765811846664,,3,1,val,current_repo_v1
1044,41.76,0.3492307713334276,,3,1,val,current_repo_v1
1045,41.8,0.5640694735158872,,3,1,val,current_repo_v1
1046,41.84,0.40008937641593967,,3,1,val,current_repo_v1
1047,41.88,0.041432984658250814,,3,1,val,current_repo_v1
1048,41.92,0.053002374841696835,,3,1,val,current_repo_v1
1049,41.96,0.17997738217077555,,3,1,val,current_repo_v1
1050,42.0,0.1643195012111108,,3,1,val,current_repo_v1
1051,42.04,0.3039222207264144,,3,1,val,current_repo_v1
1052,42.08,0.26337986814264175,,3,1,val,current_repo_v1
1053,42.12,0.20652075782635887,,3,1,val,current_repo_v1
1054,42.16,0.08738184731659289,,3,1,val,current_repo_v1
1055,42.2,-0.05354190019681642,,3,1,val,current_repo_v1
1056,42.24,-0.055040631303795454,,3,1,val,current_repo_v1
1057,42.28,0.21449402098276701,,3,1,val,current_repo_v1
1058,42.32,0.29197895451536926,,3,1,val,current_repo_v1
1059,42.36,0.10025834195700714,,3,1,val,current_repo_v1
1060,42.4,0.16659069937064455,,3,1,val,current_repo_v1
1061,42.44,0.21249863611938552,,3,1,val,current_repo_v1
1062,42.48,0.0888357231710731,,3,1,val,current_repo_v1
1063,42.52,0.2441680388995076,,3,1,val,current_repo_v1
1064,42.56,0.3982213630059086,,3,1,val,current_repo_v1
1065,42.6,0.28329389184216025,,3,1,val,current_repo_v1
1066,42.64,0.2098031068915663,,3,1,val,current_repo_v1
1067,42.68,0.13340701895294818,,3,1,val,current_repo_v1
1068,42.72,-0.018091140785812393,,3,1,val,current_repo_v1
1069,42.76,0.00259327140081492,,3,1,val,current_repo_v1
1070,42.8,0.10678771396600842,,3,1,val,current_repo_v1
1071,42.84,0.10399486231772309,,3,1,val,current_repo_v1
1072,42.88,0.14678872838187534,,3,1,val,current_repo_v1
1073,42.92,0.11625650021514576,,3,1,val,current_repo_v1
1074,42.96,0.10409472837078965,,3,1,val,current_repo_v1
1075,43.0,0.21419049348066965,,3,1,val,current_repo_v1
1076,43.04,0.1359280625773103,,3,1,val,current_repo_v1
1077,43.08,0.2359901461950939,,3,1,val,current_repo_v1
1078,43.12,0.4200078419813425,,3,1,val,current_repo_v1
1079,43.16,0.41548313719648106,,3,1,val,current_repo_v1
1080,43.2,0.24497159901325277,,3,1,val,current_repo_v1
1081,43.24,0.2830642815441384,,3,1,val,current_repo_v1
1082,43.28,0.16960687816478198,,3,1,val,current_repo_v1
1083,43.32,0.1798124256984037,,3,1,val,current_repo_v1
1084,43.36,0.24879923457159647,,3,1,val,current_repo_v1
1085,43.4,0.181635223191612,,3,1,val,current_repo_v1
1086,43.44,0.08549152966547587,,3,1,val,current_repo_v1
1087,43.48,0.3287495555286766,,3,1,val,current_repo_v1
1088,43.52,0.20082233743738961,,3,1,val,current_repo_v1
1089,43.56,0.15507358653183742,,3,1,val,current_repo_v1
1090,43.6,0.03619591088660326,,3,1,val,current_repo_v1
1091,43.64,0.15321819637314438,,3,1,val,current_repo_v1
1092,43.68,0.04402014374789154,,3,1,val,current_repo_v1
1093,43.72,0.032485510215873925,,3,1,val,current_repo_v1
1094,43.76,0.3116957897413551,,3,1,val,current_repo_v1
1095,43.8,0.22218387790988722,,3,1,val,current_repo_v1
1096,43.84,0.2561141904251443,,3,1,val,current_repo_v1
1097,43.88,0.2541452669337405,,3,1,val,current_repo_v1
1098,43.92,0.16589063093553819,,3,1,val,current_repo_v1
1099,43.96,0.21706669655245148,,3,1,val,current_repo_v1
1100,44.0,0.08279660787230751,,3,1,val,current_repo_v1
1101,44.04,0.08898479143085863,,3,1,val,current_repo_v1
1102,44.08,0.20770931761474687,,3,1,val,current_repo_v1
1103,44.12,0.17670068984075418,,3,1,val,current_repo_v1
1104,44.16,0.23146415061159936,,3,1,val,current_repo_v1
1105,44.2,0.3814470930873102,,3,1,val,current_repo_v1
1106,44.24,0.19754594882469367,,3,1,val,current_repo_v1
1107,44.28,0.15891652185044944,,3,1,val,current_repo_v1
1108,44.32,0.06734927894849417,,3,1,val,current_repo_v1
1109,44.36,0.011688238569351687,,3,1,val,current_repo_v1
1110,44.4,0.1754352136397021,,3,1,val,current_repo_v1
1111,44.44,0.27199336742104735,,3,1,val,current_repo_v1
1112,44.48,0.6098241089446195,,3,1,val,current_repo_v1
1113,44.52,0.6231610959973777,,3,1,val,current_repo_v1
1114,44.56,0.47387233743359314,,3,1,val,current_repo_v1
1115,44.6,0.25912213088682956,,3,1,val,current_repo_v1
1116,44.64,0.317385402327887,,3,1,val,current_repo_v1
1117,44.68,0.22321632699300636,,3,1,val,current_repo_v1
1118,44.72,0.18286979615480198,,3,1,val,current_repo_v1
1119,44.76,0.27699726221609927,,3,1,val,current_repo_v1
1120,44.8,0.34038572555905056,,3,1,val,current_repo_v1
1121,44.84,0.3416179826776342,,3,1,val,current_repo_v1
1122,44.88,0.2412600594025531,,3,1,val,current_repo_v1
1123,44.92,0.3355278049035314,,3,1,val,current_repo_v1
1124,44.96,0.303416948990903,,3,1,val,current_repo_v1
1125,45.0,0.10916350477948565,,3,1,val,current_repo_v1
1126,45.04,0.15960018954998278,,3,1,val,current_repo_v1
1127,45.08,0.3933067990691975,,3,1,val,current_repo_v1
1128,45.12,0.5512845686314216,,3,1,val,current_repo_v1
1129,45.16,0.4102497080327386,,3,1,val,current_repo_v1
1130,45.2,0.3841731838710003,,3,1,val,current_repo_v1
1131,45.24,0.2831846295343383,,3,1,val,current_repo_v1
1132,45.28,0.46753045392604375,,3,1,val,current_repo_v1
1133,45.32,0.4654494207768922,,3,1,val,current_repo_v1
1134,45.36,0.7027277840077795,,3,1,val,current_repo_v1
1135,45.4,0.48685579751955577,,3,1,val,current_repo_v1
1136,45.44,0.5513841879141613,,3,1,val,current_repo_v1
1137,45.48,0.4746134836369633,,3,1,val,current_repo_v1
1138,45.52,-0.05056161699407774,,3,1,val,current_repo_v1
1139,45.56,-0.41766409334569765,,3,1,val,current_repo_v1
1140,45.6,-0.5785785816567948,,3,1,val,current_repo_v1
1141,45.64,-0.8058203780809939,,3,1,val,current_repo_v1
1142,45.68,-0.9716012911327221,,3,1,val,current_repo_v1
1143,45.72,-0.9043860654187378,,3,1,val,current_repo_v1
1144,45.76,-0.9104637528178324,,3,1,val,current_repo_v1
1145,45.8,-0.9421413180010753,,3,1,val,current_repo_v1
1146,45.84,-0.8473045201262461,,3,1,val,current_repo_v1
1147,45.88,-0.6700452181947028,,3,1,val,current_repo_v1
1148,45.92,-0.7686114370377659,,3,1,val,current_repo_v1
1149,45.96,-0.4854385006204565,,3,1,val,current_repo_v1
1150,46.0,-0.3529918168681717,,3,1,val,current_repo_v1
1151,46.04,-0.5441379481054911,,3,1,val,current_repo_v1
1152,46.08,-0.24696392772104717,,3,1,val,current_repo_v1
1153,46.12,-0.4036921092948056,,3,1,val,current_repo_v1
1154,46.16,-0.36085335001348884,,3,1,val,current_repo_v1
1155,46.2,-0.6668349260649525,,3,1,val,current_repo_v1
1156,46.24,-0.7577844458916575,,3,1,val,current_repo_v1
1157,46.28,-0.3161434262548898,,3,1,val,current_repo_v1
1158,46.32,-0.17024599432914195,,3,1,val,current_repo_v1
1159,46.36,-0.30796097779059467,,3,1,val,current_repo_v1
1160,46.4,0.20580652857095455,,3,1,val,current_repo_v1
1161,46.44,0.43400921068346954,,3,1,val,current_repo_v1
1162,46.48,0.4021760283356116,,3,1,val,current_repo_v1
1163,46.52,0.692782712045376,,3,1,val,current_repo_v1
1164,46.56,0.5613855235110998,,3,1,val,current_repo_v1
1165,46.6,0.5660301207101731,,3,1,val,current_repo_v1
1166,46.64,0.5187369292401653,,3,1,val,current_repo_v1
1167,46.68,0.5194236341129529,,3,1,val,current_repo_v1
1168,46.72,0.5454293541732014,,3,1,val,current_repo_v1
1169,46.76,0.6264273480443375,,3,1,val,current_repo_v1
1170,46.8,0.5811623049441915,,3,1,val,current_repo_v1
1171,46.84,0.5882575213127939,,3,1,val,current_repo_v1
1172,46.88,0.5704301495329472,,3,1,val,current_repo_v1
1173,46.92,0.5232753772340023,,3,1,val,current_repo_v1
1174,46.96,0.5246364104985665,,3,1,val,current_repo_v1
1175,47.0,0.5135176229320552,,3,1,val,current_repo_v1
1176,47.04,0.5337325925364049,,3,1,val,current_repo_v1
1177,47.08,0.6342622679590143,,3,1,val,current_repo_v1
1178,47.12,0.6220948963264706,,3,1,val,current_repo_v1
1179,47.16,0.7290828549215987,,3,1,val,current_repo_v1
1180,47.2,0.7727085078284279,,3,1,val,current_repo_v1
1181,47.24,0.773766810848874,,3,1,val,current_repo_v1
1182,47.28,0.6625856169649209,,3,1,val,current_repo_v1
1183,47.32,0.7780896195416587,,3,1,val,current_repo_v1
1184,47.36,0.664257884558715,,3,1,val,current_repo_v1
1185,47.4,0.5787573952321391,,3,1,val,current_repo_v1
1186,47.44,0.6622963262124528,,3,1,val,current_repo_v1
1187,47.48,0.4791107020038738,,3,1,val,current_repo_v1
1188,47.52,0.6930156632339776,,3,1,val,current_repo_v1
1189,47.56,0.6551562356090189,,3,1,val,current_repo_v1
1190,47.6,0.6836140934254235,,3,1,val,current_repo_v1
1191,47.64,0.6881069838204465,,3,1,val,current_repo_v1
1192,47.68,0.6524727411802197,,3,1,val,current_repo_v1
1193,47.72,0.7019217182260995,,3,1,val,current_repo_v1
1194,47.76,0.5870888170445555,,3,1,val,current_repo_v1
1195,47.8,0.5740801484205826,,3,1,val,current_repo_v1
1196,47.84,0.6306765812150379,,3,1,val,current_repo_v1
1197,47.88,0.7690620776193664,,3,1,val,current_repo_v1
1198,47.92,0.6944932480221738,,3,1,val,current_repo_v1
1199,47.96,0.5777756289777004,,3,1,val,current_repo_v1
1200,48.0,0.5425844339859384,,3,1,val,current_repo_v1
1201,48.04,0.6236762005812998,,3,1,val,current_repo_v1
1202,48.08,0.6955055378678178,,3,1,val,current_repo_v1
1203,48.12,0.7150105682239849,,3,1,val,current_repo_v1
1204,48.16,0.5710994665888542,,3,1,val,current_repo_v1
1205,48.2,0.5249493152730863,,3,1,val,current_repo_v1
1206,48.24,0.4897869734272397,,3,1,val,current_repo_v1
1207,48.28,0.392411250570514,,3,1,val,current_repo_v1
1208,48.32,0.2237400495560374,,3,1,val,current_repo_v1
1209,48.36,0.5125792882551523,,3,1,val,current_repo_v1
1210,48.4,0.4539192101284261,,3,1,val,current_repo_v1
1211,48.44,0.6100039855306029,,3,1,val,current_repo_v1
1212,48.48,0.5086869988711586,,3,1,val,current_repo_v1
1213,48.52,0.39453514582721627,,3,1,val,current_repo_v1
1214,48.56,0.4087415616886714,,3,1,val,current_repo_v1
1215,48.6,0.355871512689196,,3,1,val,current_repo_v1
1216,48.64,0.3192880774776823,,3,1,val,current_repo_v1
1217,48.68,0.4863107008497479,,3,1,val,current_repo_v1
1218,48.72,0.21462420182137762,,3,1,val,current_repo_v1
1219,48.76,-0.12993502689151165,,3,1,val,current_repo_v1
1220,48.8,-0.3434265434212132,,3,1,val,current_repo_v1
1221,48.84,-0.3148292034231069,,3,1,val,current_repo_v1
1222,48.88,-0.4198095904971708,,3,1,val,current_repo_v1
1223,48.92,-0.19451448925262077,,3,1,val,current_repo_v1
1224,48.96,0.1654850164474321,,3,1,val,current_repo_v1
1225,49.0,0.1693630311171308,,3,1,val,current_repo_v1
1226,49.04,0.08237713628122888,,3,1,val,current_repo_v1
1227,49.08,-0.1438704414781892,,3,1,val,current_repo_v1
1228,49.12,-0.12968371978705467,,3,1,val,current_repo_v1
1229,49.16,-0.1373911543543839,,3,1,val,current_repo_v1
1230,49.2,-0.06364446857478595,,3,1,val,current_repo_v1
1231,49.24,-0.1367813848765932,,3,1,val,current_repo_v1
1232,49.28,0.13857400995175376,,3,1,val,current_repo_v1
1233,49.32,0.3421385921380796,,3,1,val,current_repo_v1
1234,49.36,0.3351437163808649,,3,1,val,current_repo_v1
1235,49.4,0.39765166523274126,,3,1,val,current_repo_v1
1236,49.44,0.32845293759573263,,3,1,val,current_repo_v1
1237,49.48,0.28540981451907005,,3,1,val,current_repo_v1
1238,49.52,0.39747998901454434,,3,1,val,current_repo_v1
1239,49.56,0.43976833657285824,,3,1,val,current_repo_v1
1240,49.6,0.5287816204853084,,3,1,val,current_repo_v1
1241,49.64,0.5408474746018285,,3,1,val,current_repo_v1
1242,49.68,0.5004592965253751,,3,1,val,current_repo_v1
1243,49.72,0.48867992377606284,,3,1,val,current_repo_v1
1244,49.76,0.49202901472353255,,3,1,val,current_repo_v1
1245,49.8,0.49499390325433873,,3,1,val,current_repo_v1
1246,49.84,0.4662636109970273,,3,1,val,current_repo_v1
1247,49.88,0.35293524951631117,,3,1,val,current_repo_v1
1248,49.92,0.4329948327812132,,3,1,val,current_repo_v1
1249,49.96,0.43954958416922035,,3,1,val,current_repo_v1
1250,50.0,0.3187113182766988,,3,1,val,current_repo_v1
1251,50.04,0.35609725059131864,,3,1,val,current_repo_v1
1252,50.08,0.5003045525480707,,3,1,val,current_repo_v1
1253,50.12,0.5660544180962072,,3,1,val,current_repo_v1
1254,50.16,0.37904457514919543,,3,1,val,current_repo_v1
1255,50.2,0.3073901790421226,,3,1,val,current_repo_v1
1256,50.24,0.24541145762980063,,3,1,val,current_repo_v1
1257,50.28,0.25913029328995035,,3,1,val,current_repo_v1
1258,50.32,0.20728160769121606,,3,1,val,current_repo_v1
1259,50.36,0.3629978221189887,,3,1,val,current_repo_v1
1260,50.4,0.5043934229709461,,3,1,val,current_repo_v1
1261,50.44,0.2236363300894045,,3,1,val,current_repo_v1
1262,50.48,-0.2096901620111736,,3,1,val,current_repo_v1
1263,50.52,-0.17735694705166785,,3,1,val,current_repo_v1
1264,50.56,-0.39859634000881233,,3,1,val,current_repo_v1
1265,50.6,-0.31501412930962547,,3,1,val,current_repo_v1
1266,50.64,-0.02681401626603694,,3,1,val,current_repo_v1
1267,50.68,0.2099760359437306,,3,1,val,current_repo_v1
1268,50.72,0.41084852470448113,,3,1,val,current_repo_v1
1269,50.76,0.45934485439449735,,3,1,val,current_repo_v1
1270,50.8,0.5376418900906225,,3,1,val,current_repo_v1
1271,50.84,0.2790921145035577,,3,1,val,current_repo_v1
1272,50.88,0.23981664281346723,,3,1,val,current_repo_v1
1273,50.92,0.47131731543344907,,3,1,val,current_repo_v1
1274,50.96,0.5699243083274507,,3,1,val,current_repo_v1
1275,51.0,0.7881929282306089,,3,1,val,current_repo_v1
1276,51.04,0.7124251744912982,,3,1,val,current_repo_v1
1277,51.08,0.8079547515854234,,3,1,val,current_repo_v1
1278,51.12,0.6719856681868478,,3,1,val,current_repo_v1
1279,51.16,0.44449641807175794,,3,1,val,current_repo_v1
1280,51.2,0.6295548012735779,,3,1,val,current_repo_v1
1281,51.24,0.8600149383366511,,3,1,val,current_repo_v1
1282,51.28,0.7813756891441026,,3,1,val,current_repo_v1
1283,51.32,0.7330270799682402,,3,1,val,current_repo_v1
1284,51.36,0.834349913186199,,3,1,val,current_repo_v1
1285,51.4,0.7373217948084231,,3,1,val,current_repo_v1
1286,51.44,0.44589237882874605,,3,1,val,current_repo_v1
1287,51.48,0.453744724524969,,3,1,val,current_repo_v1
1288,51.52,0.4844807280347264,,3,1,val,current_repo_v1
1289,51.56,0.5785911099964686,,3,1,val,current_repo_v1
1290,51.6,0.47809211002372715,,3,1,val,current_repo_v1
1291,51.64,0.535138348177138,,3,1,val,current_repo_v1
1292,51.68,0.6830646687837283,,3,1,val,current_repo_v1
1293,51.72,0.6297639106521334,,3,1,val,current_repo_v1
1294,51.76,0.4625736353164328,,3,1,val,current_repo_v1
1295,51.8,0.5859841212026508,,3,1,val,current_repo_v1
1296,51.84,0.47360855893646087,,3,1,val,current_repo_v1
1297,51.88,0.39670664877467904,,3,1,val,current_repo_v1
1298,51.92,0.5259718555784635,,3,1,val,current_repo_v1
1299,51.96,0.5521614005499258,,3,1,val,current_repo_v1
1300,52.0,0.6976257885166149,,3,1,val,current_repo_v1
1301,52.04,0.5578255008811219,,3,1,val,current_repo_v1
1302,52.08,0.5630917315160103,,3,1,val,current_repo_v1
1303,52.12,0.5457388421278102,,3,1,val,current_repo_v1
1304,52.16,0.5198608352029033,,3,1,val,current_repo_v1
1305,52.2,0.3990039666241994,,3,1,val,current_repo_v1
1306,52.24,0.3583542120012231,,3,1,val,current_repo_v1
1307,52.28,0.5914359990527056,,3,1,val,current_repo_v1
1308,52.32,0.6905757501001698,,3,1,val,current_repo_v1
1309,52.36,0.58673529007776,,3,1,val,current_repo_v1
1310,52.4,0.6885406921611545,,3,1,val,current_repo_v1
1311,52.44,0.6155361206839015,,3,1,val,current_repo_v1
1312,52.48,0.6315566780947903,,3,1,val,current_repo_v1
1313,52.52,0.6624635226000998,,3,1,val,current_repo_v1
1314,52.56,0.5710737265455245,,3,1,val,current_repo_v1
1315,52.6,0.5012797129506814,,3,1,val,current_repo_v1
1316,52.64,0.7185437118706626,,3,1,val,current_repo_v1
1317,52.68,0.7029973331340947,,3,1,val,current_repo_v1
1318,52.72,0.5950068795770675,,3,1,val,current_repo_v1
1319,52.76,0.6916689806130397,,3,1,val,current_repo_v1
1320,52.8,0.7078891562360646,,3,1,val,current_repo_v1
1321,52.84,0.6189166463745529,,3,1,val,current_repo_v1
1322,52.88,0.6214651384522003,,3,1,val,current_repo_v1
1323,52.92,0.6824028687316256,,3,1,val,current_repo_v1
1324,52.96,0.7018667453901974,,3,1,val,current_repo_v1
1325,53.0,0.6929212071457701,,3,1,val,current_repo_v1
1326,53.04,0.804213561570829,,3,1,val,current_repo_v1
1327,53.08,0.7311791119016873,,3,1,val,current_repo_v1
1328,53.12,0.7949978667654355,,3,1,val,current_repo_v1
1329,53.16,0.6076230694872591,,3,1,val,current_repo_v1
1330,53.2,0.8631781542809602,,3,1,val,current_repo_v1
1331,53.24,0.7146606858650943,,3,1,val,current_repo_v1
1332,53.28,0.750073974151074,,3,1,val,current_repo_v1
1333,53.32,0.9191083071927628,,3,1,val,current_repo_v1
1334,53.36,0.853315997148398,,3,1,val,current_repo_v1
1335,53.4,0.60599362603635,,3,1,val,current_repo_v1
1336,53.44,0.6297323240502892,,3,1,val,current_repo_v1
1337,53.48,0.6281785062134111,,3,1,val,current_repo_v1
1338,53.52,0.7378839755777862,,3,1,val,current_repo_v1
1339,53.56,0.6969480433049274,,3,1,val,current_repo_v1
1340,53.6,0.6303329250613187,,3,1,val,current_repo_v1
1341,53.64,0.6495254682542883,,3,1,val,current_repo_v1
1342,53.68,0.7707173370429368,,3,1,val,current_repo_v1
1343,53.72,0.7301507250377958,,3,1,val,current_repo_v1
1344,53.76,0.7630266069285059,,3,1,val,current_repo_v1
1345,53.8,0.7395401461533327,,3,1,val,current_repo_v1
1346,53.84,0.7584886145106571,,3,1,val,current_repo_v1
1347,53.88,0.75009614551583,,3,1,val,current_repo_v1
1348,53.92,0.7547598769064052,,3,1,val,current_repo_v1
1349,53.96,0.8159358354629612,,3,1,val,current_repo_v1
1350,54.0,0.7790151980908936,,3,1,val,current_repo_v1
1351,54.04,0.6555566869025927,,3,1,val,current_repo_v1
1352,54.08,0.7662180685840797,,3,1,val,current_repo_v1
1353,54.12,0.7123032319851397,,3,1,val,current_repo_v1
1354,54.16,0.7132616120055206,,3,1,val,current_repo_v1
1355,54.2,0.6000674935826428,,3,1,val,current_repo_v1
1356,54.24,0.19601441624656865,,3,1,val,current_repo_v1
1357,54.28,0.44570096098439643,,3,1,val,current_repo_v1
1358,54.32,0.42231525843193324,,3,1,val,current_repo_v1
1359,54.36,0.583265167776108,,3,1,val,current_repo_v1
1360,54.4,0.547828341397408,,3,1,val,current_repo_v1
1361,54.44,0.5052964505087683,,3,1,val,current_repo_v1
1362,54.48,0.6222923125879973,,3,1,val,current_repo_v1
1363,54.52,0.5551426898163049,,3,1,val,current_repo_v1
1364,54.56,0.44314536951426714,,3,1,val,current_repo_v1
1365,54.6,0.5054998651874721,,3,1,val,current_repo_v1
1366,54.64,0.536604391706968,,3,1,val,current_repo_v1
1367,54.68,0.6124424560071149,,3,1,val,current_repo_v1
1368,54.72,0.5226772818909077,,3,1,val,current_repo_v1
1369,54.76,0.6465244373617565,,3,1,val,current_repo_v1
1370,54.8,0.6580640252826451,,3,1,val,current_repo_v1
1371,54.84,0.6942410107834077,,3,1,val,current_repo_v1
1372,54.88,0.5894852986008274,,3,1,val,current_repo_v1
1373,54.92,0.6836294311503575,,3,1,val,current_repo_v1
1374,54.96,0.714163196886047,,3,1,val,current_repo_v1
1375,55.0,0.6252454320724433,,3,1,val,current_repo_v1
1376,55.04,0.6613549543622957,,3,1,val,current_repo_v1
1377,55.08,0.601380843227115,,3,1,val,current_repo_v1
1378,55.12,0.18572591591844007,,3,1,val,current_repo_v1
1379,55.16,0.32697394811490627,,3,1,val,current_repo_v1
1380,55.2,0.44112234637427195,,3,1,val,current_repo_v1
1381,55.24,0.5107946452509506,,3,1,val,current_repo_v1
1382,55.28,0.49676647349485475,,3,1,val,current_repo_v1
1383,55.32,0.47284554508566007,,3,1,val,current_repo_v1
1384,55.36,0.3653451014685416,,3,1,val,current_repo_v1
1385,55.4,0.41092403642451514,,3,1,val,current_repo_v1
1386,55.44,0.4412180552964467,,3,1,val,current_repo_v1
1387,55.48,0.5776285538628629,,3,1,val,current_repo_v1
1388,55.52,0.47213215105290063,,3,1,val,current_repo_v1
1389,55.56,0.41247033725758897,,3,1,val,current_repo_v1
1390,55.6,0.564754735731379,,3,1,val,current_repo_v1
1391,55.64,0.4199846835352788,,3,1,val,current_repo_v1
1392,55.68,0.5923612738846152,,3,1,val,current_repo_v1
1393,55.72,0.8112221425723536,,3,1,val,current_repo_v1
1394,55.76,0.5680604710306443,,3,1,val,current_repo_v1
1395,55.8,0.7228246075725385,,3,1,val,current_repo_v1
1396,55.84,0.7952479779829237,,3,1,val,current_repo_v1
1397,55.88,0.7264664820217187,,3,1,val,current_repo_v1
1398,55.92,0.6894831270219507,,3,1,val,current_repo_v1
1399,55.96,0.5982666017015308,,3,1,val,current_repo_v1
1400,56.0,0.5905581041235626,,3,1,val,current_repo_v1
1401,56.04,0.5159339979731424,,3,1,val,current_repo_v1
1402,56.08,0.7025643840867004,,3,1,val,current_repo_v1
1403,56.12,0.7407550154550357,,3,1,val,current_repo_v1
1404,56.16,0.9335330578465333,,3,1,val,current_repo_v1
1405,56.2,0.8597455410689985,,3,1,val,current_repo_v1
1406,56.24,0.7808347685875193,,3,1,val,current_repo_v1
1407,56.28,0.6712728436240736,,3,1,val,current_repo_v1
1408,56.32,0.5554950778431301,,3,1,val,current_repo_v1
1409,56.36,0.43381562885317626,,3,1,val,current_repo_v1
1410,56.4,0.4938700732209321,,3,1,val,current_repo_v1
1411,56.44,0.6103089936546617,,3,1,val,current_repo_v1
1412,56.48,0.46553457552200844,,3,1,val,current_repo_v1
1413,56.52,0.33316093578648853,,3,1,val,current_repo_v1
1414,56.56,0.4247527797918033,,3,1,val,current_repo_v1
1415,56.6,0.5962368588157104,,3,1,val,current_repo_v1
1416,56.64,0.4521264806504349,,3,1,val,current_repo_v1
1417,56.68,0.28327957916319957,,3,1,val,current_repo_v1
1418,56.72,0.3020254300997992,,3,1,val,current_repo_v1
1419,56.76,0.08345060618561335,,3,1,val,current_repo_v1
1420,56.8,0.2180486905948843,,3,1,val,current_repo_v1
1421,56.84,0.33769543545509495,,3,1,val,current_repo_v1
1422,56.88,0.2292448881147134,,3,1,val,current_repo_v1
1423,56.92,0.2262538039645893,,3,1,val,current_repo_v1
1424,56.96,0.5268290977294776,,3,1,val,current_repo_v1
1425,57.0,0.24332248986552232,,3,1,val,current_repo_v1
1426,57.04,0.2993556029506442,,3,1,val,current_repo_v1
1427,57.08,0.19068265859871963,,3,1,val,current_repo_v1
1428,57.12,0.11062916866265897,,3,1,val,current_repo_v1
1429,57.16,0.24216506110299046,,3,1,val,current_repo_v1
1430,57.2,0.28753860721764485,,3,1,val,current_repo_v1
1431,57.24,0.09101149714342466,,3,1,val,current_repo_v1
1432,57.28,0.057418880329375366,,3,1,val,current_repo_v1
1433,57.32,0.1751153992960288,,3,1,val,current_repo_v1
1434,57.36,0.1960861694647005,,3,1,val,current_repo_v1
1435,57.4,0.13779180496245258,,3,1,val,current_repo_v1
1436,57.44,0.15997326831960265,,3,1,val,current_repo_v1
1437,57.48,0.3023891315969966,,3,1,val,current_repo_v1
1438,57.52,0.33751388842382174,,3,1,val,current_repo_v1
1439,57.56,0.2697655628743838,,3,1,val,current_repo_v1
1440,57.6,0.23330099503110863,,3,1,val,current_repo_v1
1441,57.64,0.07452207611140989,,3,1,val,current_repo_v1
1442,57.68,0.4249849337224256,,3,1,val,current_repo_v1
1443,57.72,0.3217038830487844,,3,1,val,current_repo_v1
1444,57.76,0.33287490999526886,,3,1,val,current_repo_v1
1445,57.8,0.25101724423451505,,3,1,val,current_repo_v1
1446,57.84,0.239223217124251,,3,1,val,current_repo_v1
1447,57.88,0.2035477448570976,,3,1,val,current_repo_v1
1448,57.92,-0.01629377961860849,,3,1,val,current_repo_v1
1449,57.96,0.02240623316029798,,3,1,val,current_repo_v1
1450,58.0,0.1033234572052038,,3,1,val,current_repo_v1
1451,58.04,0.043059751600229644,,3,1,val,current_repo_v1
1452,58.08,0.1040545617545021,,3,1,val,current_repo_v1
1453,58.12,0.2218997883166171,,3,1,val,current_repo_v1
1454,58.16,0.48498057082304585,,3,1,val,current_repo_v1
1455,58.2,0.3131663131017352,,3,1,val,current_repo_v1
1456,58.24,0.29604394516353316,,3,1,val,current_repo_v1
1457,58.28,0.10922369775691847,,3,1,val,current_repo_v1
1458,58.32,0.06254107302268062,,3,1,val,current_repo_v1
1459,58.36,-0.02969517372668979,,3,1,val,current_repo_v1
1460,58.4,0.2424550352194407,,3,1,val,current_repo_v1
1461,58.44,0.37518994671355455,,3,1,val,current_repo_v1
1462,58.48,0.4371802853135741,,3,1,val,current_repo_v1
1463,58.52,0.2525231886279729,,3,1,val,current_repo_v1
1464,58.56,0.26054265478251143,,3,1,val,current_repo_v1
1465,58.6,0.17428218877838894,,3,1,val,current_repo_v1
1466,58.64,0.10171552073740137,,3,1,val,current_repo_v1
1467,58.68,0.25133979203411716,,3,1,val,current_repo_v1
1468,58.72,0.5302782635356751,,3,1,val,current_repo_v1
1469,58.76,0.6118284155044353,,3,1,val,current_repo_v1
1470,58.8,0.8186187224571096,,3,1,val,current_repo_v1
1471,58.84,0.8093278576136732,,3,1,val,current_repo_v1
1472,58.88,0.5117167310509432,,3,1,val,current_repo_v1
1473,58.92,0.43346999853684176,,3,1,val,current_repo_v1
1474,58.96,0.5049640318960898,,3,1,val,current_repo_v1
1475,59.0,0.3533328534599592,,3,1,val,current_repo_v1
1476,59.04,0.4770800479660772,,3,1,val,current_repo_v1
1477,59.08,0.6755835036238412,,3,1,val,current_repo_v1
1478,59.12,0.2892726053578318,,3,1,val,current_repo_v1
1479,59.16,0.06422044000895663,,3,1,val,current_repo_v1
1480,59.2,0.02275038285467103,,3,1,val,current_repo_v1
1481,59.24,0.03756005725375302,,3,1,val,current_repo_v1
1482,59.28,0.020757617553221336,,3,1,val,current_repo_v1
1483,59.32,0.040309078695512826,,3,1,val,current_repo_v1
1484,59.36,0.17742266388795686,,3,1,val,current_repo_v1
1485,59.4,0.24346451567982455,,3,1,val,current_repo_v1
1486,59.44,0.2126595303725298,,3,1,val,current_repo_v1
1487,59.48,0.13459897657891437,,3,1,val,current_repo_v1
1488,59.52,0.37348009410073896,,3,1,val,current_repo_v1
1489,59.56,0.43875130114400446,,3,1,val,current_repo_v1
1490,59.6,0.17449619559881704,,3,1,val,current_repo_v1
1491,59.64,0.3965723297875095,,3,1,val,current_repo_v1
1492,59.68,0.43174469430509516,,3,1,val,current_repo_v1
1493,59.72,0.44390606752046163,,3,1,val,current_repo_v1
1494,59.76,0.34573061898122426,,3,1,val,current_repo_v1
1495,59.8,0.4371593667827854,,3,1,val,current_repo_v1
1496,59.84,0.39337756520602174,,3,1,val,current_repo_v1
1497,59.88,0.3440157929972048,,3,1,val,current_repo_v1
1498,59.92,0.3180142870148467,,3,1,val,current_repo_v1
1499,59.96,0.34924117365182344,,3,1,val,current_repo_v1
1500,60.0,0.46887049273048786,,3,1,val,current_repo_v1
1501,60.04,0.5416823176000926,,3,1,val,current_repo_v1
1502,60.08,0.5613045828438739,,3,1,val,current_repo_v1
1503,60.12,0.4985104943067808,,3,1,val,current_repo_v1
1504,60.16,0.545774377054885,,3,1,val,current_repo_v1
1505,60.2,0.5865450871027121,,3,1,val,current_repo_v1
1506,60.24,0.6397946688649727,,3,1,val,current_repo_v1
1507,60.28,0.6462155568417984,,3,1,val,current_repo_v1
1508,60.32,0.5615240945408253,,3,1,val,current_repo_v1
1509,60.36,0.4834486206335984,,3,1,val,current_repo_v1
1510,60.4,0.47194616215574303,,3,1,val,current_repo_v1
1511,60.44,0.467907974561548,,3,1,val,current_repo_v1
1512,60.48,0.6524892937744554,,3,1,val,current_repo_v1
1513,60.52,0.663819468599463,,3,1,val,current_repo_v1
1514,60.56,0.5946931395799028,,3,1,val,current_repo_v1
1515,60.6,0.3595304332732656,,3,1,val,current_repo_v1
1516,60.64,0.4522908676528216,,3,1,val,current_repo_v1
1517,60.68,0.6009089424327347,,3,1,val,current_repo_v1
1518,60.72,0.5918844376836968,,3,1,val,current_repo_v1
1519,60.76,0.5341724511529528,,3,1,val,current_repo_v1
1520,60.8,0.5319986703255493,,3,1,val,current_repo_v1
1521,60.84,0.6020011858642971,,3,1,val,current_repo_v1
1522,60.88,0.4737296662199744,,3,1,val,current_repo_v1
1523,60.92,0.45730345635631386,,3,1,val,current_repo_v1
1524,60.96,0.39681036824131194,,3,1,val,current_repo_v1
1525,61.0,0.43458764032974284,,3,1,val,current_repo_v1
1526,61.04,0.4779422255236295,,3,1,val,current_repo_v1
1527,61.08,0.4555377577202856,,3,1,val,current_repo_v1
1528,61.12,0.47221480013008216,,3,1,val,current_repo_v1
1529,61.16,0.4731305837955721,,3,1,val,current_repo_v1
1530,61.2,0.5020448528227602,,3,1,val,current_repo_v1
1531,61.24,0.46197557793800387,,3,1,val,current_repo_v1
1532,61.28,0.4380810729361212,,3,1,val,current_repo_v1
1533,61.32,0.40829152854172174,,3,1,val,current_repo_v1
1534,61.36,0.35547064378429966,,3,1,val,current_repo_v1
1535,61.4,0.4139145511046541,,3,1,val,current_repo_v1
1536,61.44,0.32016016381297663,,3,1,val,current_repo_v1
1537,61.48,0.2901116624339861,,3,1,val,current_repo_v1
1538,61.52,0.28032475126879813,,3,1,val,current_repo_v1
1539,61.56,0.2553120350040292,,3,1,val,current_repo_v1
1540,61.6,0.21048555972179797,,3,1,val,current_repo_v1
1541,61.64,0.06347470008103938,,3,1,val,current_repo_v1
1542,61.68,-0.015856654457989477,,3,1,val,current_repo_v1
1543,61.72,-0.1490747802168557,,3,1,val,current_repo_v1
1544,61.76,-0.42896632617676606,,3,1,val,current_repo_v1
1545,61.8,-0.5688407967689944,,3,1,val,current_repo_v1
1546,61.84,-0.6718722297658013,,3,1,val,current_repo_v1
1547,61.88,-0.5646897022590722,,3,1,val,current_repo_v1
1548,61.92,-0.7350897761838693,,3,1,val,current_repo_v1
1549,61.96,-0.7079477736798717,,3,1,val,current_repo_v1
1550,62.0,-0.7994729896969213,,3,1,val,current_repo_v1
1551,62.04,-0.5594414289110496,,3,1,val,current_repo_v1
1552,62.08,-0.5200013044659128,,3,1,val,current_repo_v1
1553,62.12,-0.5764986115182822,,3,1,val,current_repo_v1
1554,62.16,-0.35370433771362053,,3,1,val,current_repo_v1
1555,62.2,-0.2947271786991498,,3,1,val,current_repo_v1
1556,62.24,-0.15899783267316575,,3,1,val,current_repo_v1
1557,62.28,-0.2693112017555469,,3,1,val,current_repo_v1
1558,62.32,-0.3664093649414991,,3,1,val,current_repo_v1
1559,62.36,-0.12287464310366912,,3,1,val,current_repo_v1
1560,62.4,-0.23760072120716097,,3,1,val,current_repo_v1
1561,62.44,-0.2300492834511035,,3,1,val,current_repo_v1
1562,62.48,-0.07852060012113765,,3,1,val,current_repo_v1
1563,62.52,0.12778243983872306,,3,1,val,current_repo_v1
1564,62.56,0.04443500263209027,,3,1,val,current_repo_v1
1565,62.6,-0.11964977254229853,,3,1,val,current_repo_v1
1566,62.64,-0.019729581862487272,,3,1,val,current_repo_v1
1567,62.68,0.056214679098727946,,3,1,val,current_repo_v1
1568,62.72,0.018198950945172113,,3,1,val,current_repo_v1
1569,62.76,-0.13168286315233832,,3,1,val,current_repo_v1
1570,62.8,-0.057550133669791385,,3,1,val,current_repo_v1
1571,62.84,-0.015019799332444505,,3,1,val,current_repo_v1
1572,62.88,0.07915061425690127,,3,1,val,current_repo_v1
1573,62.92,0.2548827305645399,,3,1,val,current_repo_v1
1574,62.96,0.7287182422724252,,3,1,val,current_repo_v1
1575,63.0,0.7662056161737373,,3,1,val,current_repo_v1
1576,63.04,0.38720542171871963,,3,1,val,current_repo_v1
1577,63.08,0.3015669308324034,,3,1,val,current_repo_v1
1578,63.12,0.36527315842708136,,3,1,val,current_repo_v1
1579,63.16,0.2950781240686793,,3,1,val,current_repo_v1
1580,63.2,0.12265766554815169,,3,1,val,current_repo_v1
1581,63.24,0.20962493871553842,,3,1,val,current_repo_v1
1582,63.28,0.21359258796090339,,3,1,val,current_repo_v1
1583,63.32,0.3489906068583472,,3,1,val,current_repo_v1
1584,63.36,0.3927901758986483,,3,1,val,current_repo_v1
1585,63.4,0.3784403674949266,,3,1,val,current_repo_v1
1586,63.44,0.296968005126141,,3,1,val,current_repo_v1
1587,63.48,-0.008023860564590765,,3,1,val,current_repo_v1
1588,63.52,0.129774939387513,,3,1,val,current_repo_v1
1589,63.56,0.0797536450065341,,3,1,val,current_repo_v1
1590,63.6,0.1404237623575936,,3,1,val,current_repo_v1
1591,63.64,0.2214997925990314,,3,1,val,current_repo_v1
1592,63.68,0.28854410138813247,,3,1,val,current_repo_v1
1593,63.72,0.4572263880849871,,3,1,val,current_repo_v1
1594,63.76,0.37339862192819345,,3,1,val,current_repo_v1
1595,63.8,0.3776906792417788,,3,1,val,current_repo_v1
1596,63.84,0.18032544222571345,,3,1,val,current_repo_v1
1597,63.88,0.09510093703628533,,3,1,val,current_repo_v1
1598,63.92,0.040511468328243413,,3,1,val,current_repo_v1
1599,63.96,0.24921756722270474,,3,1,val,current_repo_v1
1600,64.0,0.4066318272522671,,3,1,val,current_repo_v1
1601,64.04,0.5255947905189474,,3,1,val,current_repo_v1
1602,64.08,0.49709137510372897,,3,1,val,current_repo_v1
1603,64.12,0.35863659318453767,,3,1,val,current_repo_v1
1604,64.16,0.15284659822548596,,3,1,val,current_repo_v1
1605,64.2,0.17598767545465155,,3,1,val,current_repo_v1
1606,64.24,0.3663006341389967,,3,1,val,current_repo_v1
1607,64.28,0.6810062246106553,,3,1,val,current_repo_v1
1608,64.32,0.5862945203092359,,3,1,val,current_repo_v1
1609,64.36,0.38596477440902116,,3,1,val,current_repo_v1
1610,64.4,0.44359111265399515,,3,1,val,current_repo_v1
1611,64.44,0.2195743386498292,,3,1,val,current_repo_v1
1612,64.48,0.1956342001198013,,3,1,val,current_repo_v1
1613,64.52,-0.04937634114927091,,3,1,val,current_repo_v1
1614,64.56,0.42062241398934147,,3,1,val,current_repo_v1
1615,64.6,0.25426474173662983,,3,1,val,current_repo_v1
1616,64.64,0.2616620809146994,,3,1,val,current_repo_v1
1617,64.68,0.42356566266071105,,3,1,val,current_repo_v1
1618,64.72,0.28527951978646243,,3,1,val,current_repo_v1
1619,64.76,0.13117169740248036,,3,1,val,current_repo_v1
1620,64.8,0.1927199184883442,,3,1,val,current_repo_v1
1621,64.84,0.18874171506592072,,3,1,val,current_repo_v1
1622,64.88,0.4015677584621152,,3,1,val,current_repo_v1
1623,64.92,0.31375935914429465,,3,1,val,current_repo_v1
1624,64.96,0.22846243635508534,,3,1,val,current_repo_v1
1625,65.0,0.12462865811383493,,3,1,val,current_repo_v1
1626,65.04,0.21416463954334278,,3,1,val,current_repo_v1
1627,65.08,0.05179542117278775,,3,1,val,current_repo_v1
1628,65.12,0.1743331373597291,,3,1,val,current_repo_v1
1629,65.16,0.23847421223508541,,3,1,val,current_repo_v1
1630,65.2,0.15100436282345042,,3,1,val,current_repo_v1
1631,65.24,0.19437495012392048,,3,1,val,current_repo_v1
1632,65.28,0.07508585139673143,,3,1,val,current_repo_v1
1633,65.32,0.22840298368863324,,3,1,val,current_repo_v1
1634,65.36,0.3031534362464305,,3,1,val,current_repo_v1
1635,65.4,0.1947745661948494,,3,1,val,current_repo_v1
1636,65.44,-0.01804007831047519,,3,1,val,current_repo_v1
1637,65.48,0.164853588127872,,3,1,val,current_repo_v1
1638,65.52,0.09853131033297213,,3,1,val,current_repo_v1
1639,65.56,0.16944287080905207,,3,1,val,current_repo_v1
1640,65.6,0.18517512454878046,,3,1,val,current_repo_v1
1641,65.64,0.09662975514081436,,3,1,val,current_repo_v1
1642,65.68,0.21464823345475192,,3,1,val,current_repo_v1
1643,65.72,0.2834777926827055,,3,1,val,current_repo_v1
1644,65.76,0.263896719101185,,3,1,val,current_repo_v1
1645,65.8,0.2633152522816574,,3,1,val,current_repo_v1
1646,65.84,0.10996478701329014,,3,1,val,current_repo_v1
1647,65.88,0.15236909764291817,,3,1,val,current_repo_v1
1648,65.92,0.328504569541055,,3,1,val,current_repo_v1
1649,65.96,0.6551225229858967,,3,1,val,current_repo_v1
1650,66.0,0.7496293319866507,,3,1,val,current_repo_v1
1651,66.04,0.35364051911061545,,3,1,val,current_repo_v1
1652,66.08,-0.06971378476509857,,3,1,val,current_repo_v1
1653,66.12,0.010958823447676073,,3,1,val,current_repo_v1
1654,66.16,0.030868101563984774,,3,1,val,current_repo_v1
1655,66.2,0.19538803722754372,,3,1,val,current_repo_v1
1656,66.24,0.12263488674874476,,3,1,val,current_repo_v1
1657,66.28,0.1292436998206777,,3,1,val,current_repo_v1
1658,66.32,0.15660864982387052,,3,1,val,current_repo_v1
1659,66.36,0.008516214822605164,,3,1,val,current_repo_v1
1660,66.4,0.17297665985504634,,3,1,val,current_repo_v1
1661,66.44,0.20912794327714487,,3,1,val,current_repo_v1
1662,66.48,0.13044097249983885,,3,1,val,current_repo_v1
1663,66.52,0.060197628104361224,,3,1,val,current_repo_v1
1664,66.56,0.10994834831305147,,3,1,val,current_repo_v1
1665,66.6,0.22708143367637446,,3,1,val,current_repo_v1
1666,66.64,0.156451438143297,,3,1,val,current_repo_v1
1667,66.68,0.20840691834658415,,3,1,val,current_repo_v1
1668,66.72,0.3332840172326173,,3,1,val,current_repo_v1
1669,66.76,0.187156462485861,,3,1,val,current_repo_v1
1670,66.8,0.24889046366322123,,3,1,val,current_repo_v1
1671,66.84,0.2936257478184934,,3,1,val,current_repo_v1
1672,66.88,0.19214566495529548,,3,1,val,current_repo_v1
1673,66.92,0.1979011082721134,,3,1,val,current_repo_v1
1674,66.96,0.32498699140730536,,3,1,val,current_repo_v1
1675,67.0,0.16483373260772227,,3,1,val,current_repo_v1
1676,67.04,0.22919564794332878,,3,1,val,current_repo_v1
1677,67.08,0.232717288296306,,3,1,val,current_repo_v1
1678,67.12,0.3121703860269985,,3,1,val,current_repo_v1
1679,67.16,0.2830738106752236,,3,1,val,current_repo_v1
1680,67.2,0.4276292486162449,,3,1,val,current_repo_v1
1681,67.24,0.2686913906236843,,3,1,val,current_repo_v1
1682,67.28,0.20575178352304657,,3,1,val,current_repo_v1
1683,67.32,0.3034209352807992,,3,1,val,current_repo_v1
1684,67.36,0.22105928858316704,,3,1,val,current_repo_v1
1685,67.4,0.22218980039773303,,3,1,val,current_repo_v1
1686,67.44,0.2640119798261841,,3,1,val,current_repo_v1
1687,67.48,0.22584492451523488,,3,1,val,current_repo_v1
1688,67.52,0.133568558605409,,3,1,val,current_repo_v1
1689,67.56,0.11732613568829674,,3,1,val,current_repo_v1
1690,67.6,0.21162586642010894,,3,1,val,current_repo_v1
1691,67.64,0.16021795058989877,,3,1,val,current_repo_v1
1692,67.68,0.36437115593523256,,3,1,val,current_repo_v1
1693,67.72,0.134837109944381,,3,1,val,current_repo_v1
1694,67.76,0.1501942348225429,,3,1,val,current_repo_v1
1695,67.8,0.18217470109089948,,3,1,val,current_repo_v1
1696,67.84,0.06394489246546411,,3,1,val,current_repo_v1
1697,67.88,0.0989378359730545,,3,1,val,current_repo_v1
1698,67.92,0.17586949145039527,,3,1,val,current_repo_v1
1699,67.96,0.3168328266189405,,3,1,val,current_repo_v1
1700,68.0,0.40427570213561115,,3,1,val,current_repo_v1
1701,68.04,0.24113352317184758,,3,1,val,current_repo_v1
1702,68.08,0.19435908089366696,,3,1,val,current_repo_v1
1703,68.12,0.2371905129945078,,3,1,val,current_repo_v1
1704,68.16,0.18589091035547758,,3,1,val,current_repo_v1
1705,68.2,0.36654508862129875,,3,1,val,current_repo_v1
1706,68.24,0.262820952334527,,3,1,val,current_repo_v1
1707,68.28,0.039048537900998936,,3,1,val,current_repo_v1
1708,68.32,0.08294992817464901,,3,1,val,current_repo_v1
1709,68.36,0.17215548413642648,,3,1,val,current_repo_v1
1710,68.4,0.23199785788170377,,3,1,val,current_repo_v1
1711,68.44,0.166872624977971,,3,1,val,current_repo_v1
1712,68.48,0.006138848475502275,,3,1,val,current_repo_v1
1713,68.52,0.18774920481109503,,3,1,val,current_repo_v1
1714,68.56,0.22229139384308794,,3,1,val,current_repo_v1
1715,68.6,0.0787774785402829,,3,1,val,current_repo_v1
1716,68.64,0.034610943041536155,,3,1,val,current_repo_v1
1717,68.68,0.1803870588781092,,3,1,val,current_repo_v1
1718,68.72,0.2007974326167047,,3,1,val,current_repo_v1
1719,68.76,0.13361487549753642,,3,1,val,current_repo_v1
1720,68.8,0.13879925431322263,,3,1,val,current_repo_v1
1721,68.84,0.21394034429851586,,3,1,val,current_repo_v1
1722,68.88,0.07265449929503412,,3,1,val,current_repo_v1
1723,68.92,0.11435046519243795,,3,1,val,current_repo_v1
1724,68.96,0.2827227514116971,,3,1,val,current_repo_v1
1725,69.0,0.22477963599630407,,3,1,val,current_repo_v1
1726,69.04,0.3598371877719456,,3,1,val,current_repo_v1
1727,69.08,0.3010637091888386,,3,1,val,current_repo_v1
1728,69.12,0.3056217849148312,,3,1,val,current_repo_v1
1729,69.16,0.2597136963074275,,3,1,val,current_repo_v1
1730,69.2,0.3392315237931014,,3,1,val,current_repo_v1
1731,69.24,0.20342473934030014,,3,1,val,current_repo_v1
1732,69.28,0.3205015041220895,,3,1,val,current_repo_v1
1733,69.32,0.28886657325840326,,3,1,val,current_repo_v1
1734,69.36,0.4415633818954558,,3,1,val,current_repo_v1
1735,69.4,0.5523925294345747,,3,1,val,current_repo_v1
1736,69.44,0.6503272819934122,,3,1,val,current_repo_v1
1737,69.48,0.2751913210344521,,3,1,val,current_repo_v1
1738,69.52,0.07549381969410958,,3,1,val,current_repo_v1
1739,69.56,0.13416777390614118,,3,1,val,current_repo_v1
1740,69.6,0.18809715097203591,,3,1,val,current_repo_v1
1741,69.64,0.13835077771756582,,3,1,val,current_repo_v1
1742,69.68,0.12704619107722537,,3,1,val,current_repo_v1
1743,69.72,0.2926063585803675,,3,1,val,current_repo_v1
1744,69.76,0.5690631937805374,,3,1,val,current_repo_v1
1745,69.8,0.5930935363562166,,3,1,val,current_repo_v1
1746,69.84,0.7360375260978603,,3,1,val,current_repo_v1
1747,69.88,0.6248871215577723,,3,1,val,current_repo_v1
1748,69.92,0.5810369456181221,,3,1,val,current_repo_v1
1749,69.96,0.4863857190291281,,3,1,val,current_repo_v1
1750,70.0,0.4096893495673281,,3,1,val,current_repo_v1
1751,70.04,0.47148382845711373,,3,1,val,current_repo_v1
1752,70.08,0.4910407185465972,,3,1,val,current_repo_v1
1753,70.12,0.4330724705225252,,3,1,val,current_repo_v1
1754,70.16,0.3480185215936564,,3,1,val,current_repo_v1
1755,70.2,0.4378361249131653,,3,1,val,current_repo_v1
1756,70.24,0.11926688939776726,,3,1,val,current_repo_v1
1757,70.28,0.24107315935341922,,3,1,val,current_repo_v1
1758,70.32,0.2836868640965955,,3,1,val,current_repo_v1
1759,70.36,0.1470420286312804,,3,1,val,current_repo_v1
1760,70.4,0.057743060609601674,,3,1,val,current_repo_v1
1761,70.44,0.239917780682834,,3,1,val,current_repo_v1
1762,70.48,0.25658552174953936,,3,1,val,current_repo_v1
1763,70.52,0.1216198634471719,,3,1,val,current_repo_v1
1764,70.56,0.3384997548621537,,3,1,val,current_repo_v1
1765,70.6,0.3750127656188343,,3,1,val,current_repo_v1
1766,70.64,0.5967523430462893,,3,1,val,current_repo_v1
1767,70.68,0.39149835221961554,,3,1,val,current_repo_v1
1768,70.72,0.06878876619468235,,3,1,val,current_repo_v1
1769,70.76,0.13767525343882042,,3,1,val,current_repo_v1
1770,70.8,0.12272928588995365,,3,1,val,current_repo_v1
1771,70.84,0.21281313540986388,,3,1,val,current_repo_v1
1772,70.88,0.8839625938704833,,3,1,val,current_repo_v1
1773,70.92,0.5961364802396573,,3,1,val,current_repo_v1
1774,70.96,0.5909858899764246,,3,1,val,current_repo_v1
1775,71.0,0.4102749545354146,,3,1,val,current_repo_v1
1776,71.04,0.08691653339170781,,3,1,val,current_repo_v1
1777,71.08,0.03979591030954035,,3,1,val,current_repo_v1
1778,71.12,0.5805030105600236,,3,1,val,current_repo_v1
1779,71.16,0.904820684911422,,3,1,val,current_repo_v1
1780,71.2,0.9435472255004711,,3,1,val,current_repo_v1
1781,71.24,0.9380664945045007,,3,1,val,current_repo_v1
1782,71.28,0.6487323104589389,,3,1,val,current_repo_v1
1783,71.32,0.7110441718125873,,3,1,val,current_repo_v1
1784,71.36,0.7843495373360088,,3,1,val,current_repo_v1
1785,71.4,0.8081738836357181,,3,1,val,current_repo_v1
1786,71.44,0.8079483735215894,,3,1,val,current_repo_v1
1787,71.48,0.5975811116980448,,3,1,val,current_repo_v1
1788,71.52,0.7459507077410941,,3,1,val,current_repo_v1
1789,71.56,0.5600363352222273,,3,1,val,current_repo_v1
1790,71.6,0.398168933802607,,3,1,val,current_repo_v1
1791,71.64,0.28139406404229084,,3,1,val,current_repo_v1
1792,71.68,0.1830128849797432,,3,1,val,current_repo_v1
1793,71.72,0.45734848244980825,,3,1,val,current_repo_v1
1794,71.76,0.6016696024742636,,3,1,val,current_repo_v1
1795,71.8,0.4941254235622838,,3,1,val,current_repo_v1
1796,71.84,0.5050822538650118,,3,1,val,current_repo_v1
1797,71.88,0.3146398356707039,,3,1,val,current_repo_v1
1798,71.92,0.2464130034750577,,3,1,val,current_repo_v1
1799,71.96,0.31288985440626643,,3,1,val,current_repo_v1
1800,72.0,0.36028099471372405,,3,1,val,current_repo_v1
1801,72.04,0.48973518962325463,,3,1,val,current_repo_v1
1802,72.08,0.4945298231810882,,3,1,val,current_repo_v1
1803,72.12,0.5814215276814424,,3,1,val,current_repo_v1
1804,72.16,0.6303895683425106,,3,1,val,current_repo_v1
1805,72.2,0.46940849000781387,,3,1,val,current_repo_v1
1806,72.24,0.4034423397593086,,3,1,val,current_repo_v1
1807,72.28,0.5432052321991085,,3,1,val,current_repo_v1
1808,72.32,0.46798716885415276,,3,1,val,current_repo_v1
1809,72.36,0.442663901624136,,3,1,val,current_repo_v1
1810,72.4,0.4534512196946107,,3,1,val,current_repo_v1
1811,72.44,0.30182118019845044,,3,1,val,current_repo_v1
1812,72.48,0.31729432509492494,,3,1,val,current_repo_v1
1813,72.52,0.21326962254997878,,3,1,val,current_repo_v1
1814,72.56,0.2596798318256426,,3,1,val,current_repo_v1
1815,72.6,0.20194612950613058,,3,1,val,current_repo_v1
1816,72.64,0.14712418416780806,,3,1,val,current_repo_v1
1817,72.68,0.3102466404877518,,3,1,val,current_repo_v1
1818,72.72,0.2536248093319578,,3,1,val,current_repo_v1
1819,72.76,0.4549316138680672,,3,1,val,current_repo_v1
1820,72.8,0.4181900937886694,,3,1,val,current_repo_v1
1821,72.84,0.4826496162797346,,3,1,val,current_repo_v1
1822,72.88,0.39563676653120117,,3,1,val,current_repo_v1
1823,72.92,0.4188771403434481,,3,1,val,current_repo_v1
1824,72.96,0.4145620005131304,,3,1,val,current_repo_v1
1825,73.0,0.45512766340162947,,3,1,val,current_repo_v1
1826,73.04,0.43032455005607,,3,1,val,current_repo_v1
1827,73.08,0.4525247299933995,,3,1,val,current_repo_v1
1828,73.12,0.493905835936001,,3,1,val,current_repo_v1
1829,73.16,0.5003227755875962,,3,1,val,current_repo_v1
1830,73.2,0.5345811787436444,,3,1,val,current_repo_v1
1831,73.24,0.31164544859466575,,3,1,val,current_repo_v1
1832,73.28,0.25530531525820416,,3,1,val,current_repo_v1
1833,73.32,0.1484981254187028,,3,1,val,current_repo_v1
1834,73.36,0.14136968996763208,,3,1,val,current_repo_v1
1835,73.4,0.5019851723683141,,3,1,val,current_repo_v1
1836,73.44,0.7286096633285855,,3,1,val,current_repo_v1
1837,73.48,0.9361665907753,,3,1,val,current_repo_v1
1838,73.52,0.613367654909693,,3,1,val,current_repo_v1
1839,73.56,0.6394408381808516,,3,1,val,current_repo_v1
1840,73.6,0.6476945083579592,,3,1,val,current_repo_v1
1841,73.64,0.776053194874679,,3,1,val,current_repo_v1
1842,73.68,0.7432175555295877,,3,1,val,current_repo_v1
1843,73.72,0.5710573258099515,,3,1,val,current_repo_v1
1844,73.76,0.40755159720765327,,3,1,val,current_repo_v1
1845,73.8,0.3413833990084085,,3,1,val,current_repo_v1
1846,73.84,0.25013399628751126,,3,1,val,current_repo_v1
1847,73.88,0.295359670029349,,3,1,val,current_repo_v1
1848,73.92,0.19687883371939602,,3,1,val,current_repo_v1
1849,73.96,0.3449269070088164,,3,1,val,current_repo_v1
1850,74.0,0.4170029386929115,,3,1,val,current_repo_v1
1851,74.04,0.24283145487964025,,3,1,val,current_repo_v1
1852,74.08,-0.06645776419553899,,3,1,val,current_repo_v1
1853,74.12,0.07153495926884913,,3,1,val,current_repo_v1
1854,74.16,0.07432388157423675,,3,1,val,current_repo_v1
1855,74.2,0.026774485557899495,,3,1,val,current_repo_v1
1856,74.24,0.19724409176788615,,3,1,val,current_repo_v1
1857,74.28,0.21108881825942485,,3,1,val,current_repo_v1
1858,74.32,0.20451914675780616,,3,1,val,current_repo_v1
1859,74.36,0.2076289084528404,,3,1,val,current_repo_v1
1860,74.4,-0.014281367602670313,,3,1,val,current_repo_v1
1861,74.44,0.03327445393333298,,3,1,val,current_repo_v1
1862,74.48,0.08474516332057493,,3,1,val,current_repo_v1
1863,74.52,0.19033816722235547,,3,1,val,current_repo_v1
1864,74.56,0.20351346276399016,,3,1,val,current_repo_v1
1865,74.6,0.09408705267468283,,3,1,val,current_repo_v1
1866,74.64,0.19150189811938992,,3,1,val,current_repo_v1
1867,74.68,0.1890188571253717,,3,1,val,current_repo_v1
1868,74.72,0.2531196514904434,,3,1,val,current_repo_v1
1869,74.76,0.2920057575693381,,3,1,val,current_repo_v1
1870,74.8,0.09802713957276539,,3,1,val,current_repo_v1
1871,74.84,0.1343905695466738,,3,1,val,current_repo_v1
1872,74.88,0.24408759177293546,,3,1,val,current_repo_v1
1873,74.92,0.18280662295111344,,3,1,val,current_repo_v1
1874,74.96,0.2080116682122082,,3,1,val,current_repo_v1
1875,75.0,0.1976860384410463,,3,1,val,current_repo_v1
1876,75.04,0.35682894359293493,,3,1,val,current_repo_v1
1877,75.08,0.12556803681904394,,3,1,val,current_repo_v1
1878,75.12,0.0899208482278208,,3,1,val,current_repo_v1
1879,75.16,0.03222911584621607,,3,1,val,current_repo_v1
1880,75.2,-0.0014851207743333949,,3,1,val,current_repo_v1
1881,75.24,-0.05541234334545089,,3,1,val,current_repo_v1
1882,75.28,-0.0335618939083492,,3,1,val,current_repo_v1
1883,75.32,0.07166367846783113,,3,1,val,current_repo_v1
1884,75.36,0.07499450841110965,,3,1,val,current_repo_v1
1885,75.4,0.12315709072514865,,3,1,val,current_repo_v1
1886,75.44,0.19811868377111527,,3,1,val,current_repo_v1
1887,75.48,0.2897732074394648,,3,1,val,current_repo_v1
1888,75.52,0.45248050115788435,,3,1,val,current_repo_v1
1889,75.56,0.32019080129817895,,3,1,val,current_repo_v1
1890,75.6,0.23649724023455784,,3,1,val,current_repo_v1
1891,75.64,0.1336344652650264,,3,1,val,current_repo_v1
1892,75.68,0.12080404074641266,,3,1,val,current_repo_v1
1893,75.72,0.13561515780279043,,3,1,val,current_repo_v1
1894,75.76,0.1864431064177673,,3,1,val,current_repo_v1
1895,75.8,0.21478129960795408,,3,1,val,current_repo_v1
1896,75.84,0.24178192169696588,,3,1,val,current_repo_v1
1897,75.88,0.26394546573191585,,3,1,val,current_repo_v1
1898,75.92,0.2873713349006666,,3,1,val,current_repo_v1
1899,75.96,0.43649339061745807,,3,1,val,current_repo_v1
1900,76.0,0.6465570869742396,,3,1,val,current_repo_v1
1901,76.04,0.5168451499494197,,3,1,val,current_repo_v1
1902,76.08,0.4358573306086852,,3,1,val,current_repo_v1
1903,76.12,0.4937930049496053,,3,1,val,current_repo_v1
1904,76.16,0.2671279677263896,,3,1,val,current_repo_v1
1905,76.2,0.2943214503170467,,3,1,val,current_repo_v1
1906,76.24,0.085455292392086,,3,1,val,current_repo_v1
1907,76.28,0.09032714607990909,,3,1,val,current_repo_v1
1908,76.32,0.21163524369253145,,3,1,val,current_repo_v1
1909,76.36,0.1452229137106429,,3,1,val,current_repo_v1
1910,76.4,0.2984438055750504,,3,1,val,current_repo_v1
1911,76.44,0.40796841127213446,,3,1,val,current_repo_v1
1912,76.48,0.4521166478020243,,3,1,val,current_repo_v1
1913,76.52,0.41344432075556364,,3,1,val,current_repo_v1
1914,76.56,0.4500527367170936,,3,1,val,current_repo_v1
1915,76.6,0.6045029814031604,,3,1,val,current_repo_v1
1916,76.64,0.523401647712048,,3,1,val,current_repo_v1
1917,76.68,0.4479470644999169,,3,1,val,current_repo_v1
1918,76.72,0.7018612784783398,,3,1,val,current_repo_v1
1919,76.76,0.5932255015341141,,3,1,val,current_repo_v1
1920,76.8,0.6032261537670706,,3,1,val,current_repo_v1
1921,76.84,0.5651163112072984,,3,1,val,current_repo_v1
1922,76.88,0.598483304013222,,3,1,val,current_repo_v1
1923,76.92,0.4268436837540312,,3,1,val,current_repo_v1
1924,76.96,0.39475086105759993,,3,1,val,current_repo_v1
1925,77.0,0.5614376869617417,,3,1,val,current_repo_v1
1926,77.04,0.2842102449776354,,3,1,val,current_repo_v1
1927,77.08,0.33063879118682177,,3,1,val,current_repo_v1
1928,77.12,0.3050504546610397,,3,1,val,current_repo_v1
1929,77.16,0.4246048314896553,,3,1,val,current_repo_v1
1930,77.2,0.5186010916663687,,3,1,val,current_repo_v1
1931,77.24,0.5210435863974425,,3,1,val,current_repo_v1
1932,77.28,0.5463745224899262,,3,1,val,current_repo_v1
1933,77.32,0.5890397452844278,,3,1,val,current_repo_v1
1934,77.36,0.6715918986744334,,3,1,val,current_repo_v1
1935,77.4,0.6358955078764912,,3,1,val,current_repo_v1
1936,77.44,0.552637553386862,,3,1,val,current_repo_v1
1937,77.48,0.4543184085880326,,3,1,val,current_repo_v1
1938,77.52,0.4990983391901423,,3,1,val,current_repo_v1
1939,77.56,0.6254026817176824,,3,1,val,current_repo_v1
1940,77.6,0.6660818589565594,,3,1,val,current_repo_v1
1941,77.64,0.6033890221828301,,3,1,val,current_repo_v1
1942,77.68,0.7186957223920382,,3,1,val,current_repo_v1
1943,77.72,0.9440972575768172,,3,1,val,current_repo_v1
1944,77.76,0.7069821044436806,,3,1,val,current_repo_v1
1945,77.8,0.7085196734036484,,3,1,val,current_repo_v1
1946,77.84,0.8106461426646837,,3,1,val,current_repo_v1
1947,77.88,0.8651855739433617,,3,1,val,current_repo_v1
1948,77.92,0.8009782127617312,,3,1,val,current_repo_v1
1949,77.96,0.829366671169276,,3,1,val,current_repo_v1
1950,78.0,0.5782724345927656,,3,1,val,current_repo_v1
1951,78.04,0.6554628382490362,,3,1,val,current_repo_v1
1952,78.08,0.5922261196748008,,3,1,val,current_repo_v1
1953,78.12,0.7853542342485171,,3,1,val,current_repo_v1
1954,78.16,0.8144945448951534,,3,1,val,current_repo_v1
1955,78.2,0.7455303629627048,,3,1,val,current_repo_v1
1956,78.24,0.6278198160520833,,3,1,val,current_repo_v1
1957,78.28,0.2905059254870544,,3,1,val,current_repo_v1
1958,78.32,0.244753188291606,,3,1,val,current_repo_v1
1959,78.36,0.4049233034027502,,3,1,val,current_repo_v1
1960,78.4,0.5719194274381725,,3,1,val,current_repo_v1
1961,78.44,0.6916357235659056,,3,1,val,current_repo_v1
1962,78.48,0.5418287852802791,,3,1,val,current_repo_v1
1963,78.52,0.4818643551348463,,3,1,val,current_repo_v1
1964,78.56,0.4742569194969135,,3,1,val,current_repo_v1
1965,78.6,0.5466747470661096,,3,1,val,current_repo_v1
1966,78.64,0.4261760751080797,,3,1,val,current_repo_v1
1967,78.68,0.34669161856353703,,3,1,val,current_repo_v1
1968,78.72,0.41672025379227146,,3,1,val,current_repo_v1
1969,78.76,0.671645504782371,,3,1,val,current_repo_v1
1970,78.8,0.7415001859129678,,3,1,val,current_repo_v1
1971,78.84,0.45631493239138443,,3,1,val,current_repo_v1
1972,78.88,0.45854592596996496,,3,1,val,current_repo_v1
1973,78.92,0.41638350720770567,,3,1,val,current_repo_v1
1974,78.96,0.37299520939069675,,3,1,val,current_repo_v1
1975,79.0,0.33807341166658733,,3,1,val,current_repo_v1
1976,79.04,0.44687482844716697,,3,1,val,current_repo_v1
1977,79.08,0.4638550187124041,,3,1,val,current_repo_v1
1978,79.12,0.528165453961351,,3,1,val,current_repo_v1
1979,79.16,0.47706478617047454,,3,1,val,current_repo_v1
1980,79.2,0.4032615899860146,,3,1,val,current_repo_v1
1981,79.24,0.4392971191424602,,3,1,val,current_repo_v1
1982,79.28,0.21890095937469461,,3,1,val,current_repo_v1
1983,79.32,0.34461468559827874,,3,1,val,current_repo_v1
1984,79.36,0.46658646251395486,,3,1,val,current_repo_v1
1985,79.4,0.7269715639339017,,3,1,val,current_repo_v1
1986,79.44,0.5909099606450683,,3,1,val,current_repo_v1
1987,79.48,0.5526001202265033,,3,1,val,current_repo_v1
1988,79.52,0.42520448338404276,,3,1,val,current_repo_v1
1989,79.56,0.46484191019670934,,3,1,val,current_repo_v1
1990,79.6,0.4058219650040193,,3,1,val,current_repo_v1
1991,79.64,0.3817032406866411,,3,1,val,current_repo_v1
1992,79.68,0.611925680977903,,3,1,val,current_repo_v1
1993,79.72,0.5139352342545156,,3,1,val,current_repo_v1
1994,79.76,0.43864777150069995,,3,1,val,current_repo_v1
1995,79.8,0.4351970491432096,,3,1,val,current_repo_v1
1996,79.84,0.5668014108580918,,3,1,val,current_repo_v1
1997,79.88,0.5990102535728357,,3,1,val,current_repo_v1
1998,79.92,0.6491585777251739,,3,1,val,current_repo_v1
1999,79.96,0.7040677848475578,,3,1,val,current_repo_v1
2000,80.0,0.7465385526244556,,3,1,val,current_repo_v1
2001,80.04,0.8871484367555367,,3,1,val,current_repo_v1
2002,80.08,1.0524239641777564,,3,1,val,current_repo_v1
2003,80.12,0.8794306757991429,,3,1,val,current_repo_v1
2004,80.16,0.662414168534718,,3,1,val,current_repo_v1
2005,80.2,0.6788001738174253,,3,1,val,current_repo_v1
2006,80.24,0.7794999309422731,,3,1,val,current_repo_v1
2007,80.28,0.7594966523137452,,3,1,val,current_repo_v1
2008,80.32,0.8209483862017878,,3,1,val,current_repo_v1
2009,80.36,0.6871622710797097,,3,1,val,current_repo_v1
2010,80.4,0.6441340301519931,,3,1,val,current_repo_v1
2011,80.44,0.577668188973831,,3,1,val,current_repo_v1
2012,80.48,0.6504565137153808,,3,1,val,current_repo_v1
2013,80.52,0.6658124616889067,,3,1,val,current_repo_v1
2014,80.56,0.6444005421050542,,3,1,val,current_repo_v1
2015,80.6,0.6205783597912885,,3,1,val,current_repo_v1
2016,80.64,0.630368156271068,,3,1,val,current_repo_v1
2017,80.68,0.6865115567099851,,3,1,val,current_repo_v1
2018,80.72,0.730878887325504,,3,1,val,current_repo_v1
2019,80.76,0.7590705369061729,,3,1,val,current_repo_v1
2020,80.8,0.6946132163657169,,3,1,val,current_repo_v1
2021,80.84,0.6643924313338787,,3,1,val,current_repo_v1
2022,80.88,0.7739768313794059,,3,1,val,current_repo_v1
2023,80.92,0.8214086698084705,,3,1,val,current_repo_v1
2024,80.96,0.6870196757954223,,3,1,val,current_repo_v1
2025,81.0,0.7932625778266156,,3,1,val,current_repo_v1
2026,81.04,0.775244547495733,,3,1,val,current_repo_v1
2027,81.08,0.7453335541358289,,3,1,val,current_repo_v1
2028,81.12,0.6619783341727321,,3,1,val,current_repo_v1
2029,81.16,0.6677538228330281,,3,1,val,current_repo_v1
2030,81.2,0.7698449090256513,,3,1,val,current_repo_v1
2031,81.24,0.7732798001175538,,3,1,val,current_repo_v1
2032,81.28,1.1727109071952988,,3,1,val,current_repo_v1
2033,81.32,1.0760753434606356,,3,1,val,current_repo_v1
2034,81.36,1.0310003514768749,,3,1,val,current_repo_v1
2035,81.4,1.03201157831188,,3,1,val,current_repo_v1
2036,81.44,1.0309760540908408,,3,1,val,current_repo_v1
2037,81.48,0.7889065120866967,,3,1,val,current_repo_v1
2038,81.52,0.8054853778710493,,3,1,val,current_repo_v1
2039,81.56,0.7034638429459488,,3,1,val,current_repo_v1
2040,81.6,0.6552307982124109,,3,1,val,current_repo_v1
2041,81.64,0.8011718325566902,,3,1,val,current_repo_v1
2042,81.68,0.8303566377915013,,3,1,val,current_repo_v1
2043,81.72,0.727873148814428,,3,1,val,current_repo_v1
2044,81.76,0.7699689775530877,,3,1,val,current_repo_v1
2045,81.8,0.6311673884129259,,3,1,val,current_repo_v1
2046,81.84,0.5931278564139898,,3,1,val,current_repo_v1
2047,81.88,0.5440505534450998,,3,1,val,current_repo_v1
2048,81.92,0.5649790309762059,,3,1,val,current_repo_v1
2049,81.96,0.6648238617946459,,3,1,val,current_repo_v1
2050,82.0,0.6715958469996639,,3,1,val,current_repo_v1
2051,82.04,0.7250690786074349,,3,1,val,current_repo_v1
2052,82.08,0.7692500786438049,,3,1,val,current_repo_v1
2053,82.12,0.6506115614100108,,3,1,val,current_repo_v1
2054,82.16,0.6324077699699646,,3,1,val,current_repo_v1
2055,82.2,0.6406885089537007,,3,1,val,current_repo_v1
2056,82.24,0.6371623508055076,,3,1,val,current_repo_v1
2057,82.28,0.7329288274134651,,3,1,val,current_repo_v1
2058,82.32,0.8398347443660626,,3,1,val,current_repo_v1
2059,82.36,0.7333115112435015,,3,1,val,current_repo_v1
2060,82.4,0.7468118982173387,,3,1,val,current_repo_v1
2061,82.44,0.814630154680956,,3,1,val,current_repo_v1
2062,82.48,0.7258124267614143,,3,1,val,current_repo_v1
2063,82.52,0.7916263007358842,,3,1,val,current_repo_v1
2064,82.56,0.6882498828220593,,3,1,val,current_repo_v1
2065,82.6,0.6299128840002548,,3,1,val,current_repo_v1
2066,82.64,0.5149267194633679,,3,1,val,current_repo_v1
2067,82.68,0.649049087629358,,3,1,val,current_repo_v1
2068,82.72,0.6782184032805724,,3,1,val,current_repo_v1
2069,82.76,0.6135353828026594,,3,1,val,current_repo_v1
2070,82.8,0.5887054284384655,,3,1,val,current_repo_v1
2071,82.84,0.681298856253703,,3,1,val,current_repo_v1
2072,82.88,0.6262719207030509,,3,1,val,current_repo_v1
2073,82.92,0.5607915283518984,,3,1,val,current_repo_v1
2074,82.96,0.5749011722805397,,3,1,val,current_repo_v1
2075,83.0,0.5938769751971524,,3,1,val,current_repo_v1
2076,83.04,0.5405969078083522,,3,1,val,current_repo_v1
2077,83.08,0.594574765752318,,3,1,val,current_repo_v1
2078,83.12,0.5508305112299101,,3,1,val,current_repo_v1
2079,83.16,0.6190980415471634,,3,1,val,current_repo_v1
2080,83.2,0.5956960141884585,,3,1,val,current_repo_v1
2081,83.24,0.5358532987611901,,3,1,val,current_repo_v1
2082,83.28,0.6091629163271677,,3,1,val,current_repo_v1
2083,83.32,0.7527773620646886,,3,1,val,current_repo_v1
2084,83.36,0.5934107691026239,,3,1,val,current_repo_v1
2085,83.4,0.555459466986724,,3,1,val,current_repo_v1
2086,83.44,0.7022510996655237,,3,1,val,current_repo_v1
2087,83.48,0.6128508039511498,,3,1,val,current_repo_v1
2088,83.52,0.5674364078562257,,3,1,val,current_repo_v1
2089,83.56,0.8127190134107144,,3,1,val,current_repo_v1
2090,83.6,0.7380996148788385,,3,1,val,current_repo_v1
2091,83.64,0.7456190484217291,,3,1,val,current_repo_v1
2092,83.68,0.7621522047486052,,3,1,val,current_repo_v1
2093,83.72,0.7057341299535062,,3,1,val,current_repo_v1
2094,83.76,0.8105437899260152,,3,1,val,current_repo_v1
2095,83.8,0.7814027199860655,,3,1,val,current_repo_v1
2096,83.84,0.8227515559628404,,3,1,val,current_repo_v1
2097,83.88,0.8415792966833081,,3,1,val,current_repo_v1
2098,83.92,0.7248332421042417,,3,1,val,current_repo_v1
2099,83.96,0.7135748964266974,,3,1,val,current_repo_v1
2100,84.0,0.46652913586878075,,3,1,val,current_repo_v1
2101,84.04,0.37670378775747354,,3,1,val,current_repo_v1
2102,84.08,0.5454310246184911,,3,1,val,current_repo_v1
2103,84.12,0.4794470689417828,,3,1,val,current_repo_v1
2104,84.16,0.42009907107296723,,3,1,val,current_repo_v1
2105,84.2,0.4767151315995782,,3,1,val,current_repo_v1
2106,84.24,0.6735308300799513,,3,1,val,current_repo_v1
2107,84.28,0.7620847795023606,,3,1,val,current_repo_v1
2108,84.32,0.8612858434848951,,3,1,val,current_repo_v1
2109,84.36,0.6574947071561345,,3,1,val,current_repo_v1
2110,84.4,0.603458041945033,,3,1,val,current_repo_v1
2111,84.44,0.7176488087712957,,3,1,val,current_repo_v1
2112,84.48,0.7347169631669092,,3,1,val,current_repo_v1
2113,84.52,0.761765724452001,,3,1,val,current_repo_v1
2114,84.56,0.6735159479310054,,3,1,val,current_repo_v1
2115,84.6,0.7529964941149833,,3,1,val,current_repo_v1
2116,84.64,0.5719488120894074,,3,1,val,current_repo_v1
2117,84.68,0.5704337941408524,,3,1,val,current_repo_v1
2118,84.72,0.5400143779781856,,3,1,val,current_repo_v1
2119,84.76,0.606077148300842,,3,1,val,current_repo_v1
2120,84.8,0.38218729017403835,,3,1,val,current_repo_v1
2121,84.84,0.38393837241378054,,3,1,val,current_repo_v1
2122,84.88,0.4687291123155022,,3,1,val,current_repo_v1
2123,84.92,0.6535831317219762,,3,1,val,current_repo_v1
2124,84.96,0.5775864890132915,,3,1,val,current_repo_v1
2125,85.0,0.5118277397333864,,3,1,val,current_repo_v1
2126,85.04,0.6284053071261727,,3,1,val,current_repo_v1
2127,85.08,0.550419581688609,,3,1,val,current_repo_v1
2128,85.12,0.4825526545235924,,3,1,val,current_repo_v1
2129,85.16,0.5780988601412848,,3,1,val,current_repo_v1
2130,85.2,0.7403357336872856,,3,1,val,current_repo_v1
2131,85.24,0.712598748942779,,3,1,val,current_repo_v1
2132,85.28,0.5406770132529333,,3,1,val,current_repo_v1
2133,85.32,0.6678944439547002,,3,1,val,current_repo_v1
2134,85.36,0.7850562875522745,,3,1,val,current_repo_v1
2135,85.4,0.7128550863654383,,3,1,val,current_repo_v1
2136,85.44,0.8061301697529283,,3,1,val,current_repo_v1
2137,85.48,0.7562739077736526,,3,1,val,current_repo_v1
2138,85.52,0.7416107390194228,,3,1,val,current_repo_v1
2139,85.56,0.6164362629071322,,3,1,val,current_repo_v1
2140,85.6,0.7485616137291164,,3,1,val,current_repo_v1
2141,85.64,0.76328097018855,,3,1,val,current_repo_v1
2142,85.68,0.9467526581530145,,3,1,val,current_repo_v1
2143,85.72,0.6295184311238581,,3,1,val,current_repo_v1
2144,85.76,0.5969138447340845,,3,1,val,current_repo_v1
2145,85.8,0.7873208039306488,,3,1,val,current_repo_v1
2146,85.84,0.8233190517853985,,3,1,val,current_repo_v1
2147,85.88,0.8027853308480145,,3,1,val,current_repo_v1
2148,85.92,0.5849129101958741,,3,1,val,current_repo_v1
2149,85.96,0.7736427423214376,,3,1,val,current_repo_v1
2150,86.0,0.6971229844843726,,3,1,val,current_repo_v1
2151,86.04,0.6746817668846522,,3,1,val,current_repo_v1
2152,86.08,0.6654118585366702,,3,1,val,current_repo_v1
2153,86.12,0.663315905273907,,3,1,val,current_repo_v1
2154,86.16,0.6794300835503584,,3,1,val,current_repo_v1
2155,86.2,0.5107449874682435,,3,1,val,current_repo_v1
2156,86.24,0.41335392688658384,,3,1,val,current_repo_v1
2157,86.28,0.6521064580857563,,3,1,val,current_repo_v1
2158,86.32,0.6014433330668214,,3,1,val,current_repo_v1
2159,86.36,0.3726507939436639,,3,1,val,current_repo_v1
2160,86.4,0.3863916870745727,,3,1,val,current_repo_v1
2161,86.44,0.6046603069777309,,3,1,val,current_repo_v1
2162,86.48,0.5936877593034121,,3,1,val,current_repo_v1
2163,86.52,0.5902973627996845,,3,1,val,current_repo_v1
2164,86.56,0.8834736089765478,,3,1,val,current_repo_v1
2165,86.6,1.0335048045423356,,3,1,val,current_repo_v1
2166,86.64,0.7956163870986651,,3,1,val,current_repo_v1
2167,86.68,0.86816625577509,,3,1,val,current_repo_v1
2168,86.72,0.9748065719266028,,3,1,val,current_repo_v1
2169,86.76,0.7304163258388805,,3,1,val,current_repo_v1
2170,86.8,0.9575572501463727,,3,1,val,current_repo_v1
2171,86.84,0.8243600429182952,,3,1,val,current_repo_v1
2172,86.88,0.37476990565249074,,3,1,val,current_repo_v1
2173,86.92,-0.06493272357524495,,3,1,val,current_repo_v1
2174,86.96,-0.09252375316255156,,3,1,val,current_repo_v1
2175,87.0,0.05572098658624839,,3,1,val,current_repo_v1
2176,87.04,0.2577363066955775,,3,1,val,current_repo_v1
2177,87.08,0.08308493052580075,,3,1,val,current_repo_v1
2178,87.12,0.2542653871359464,,3,1,val,current_repo_v1
2179,87.16,0.9084794156721633,,3,1,val,current_repo_v1
2180,87.2,1.2056148829386109,,3,1,val,current_repo_v1
2181,87.24,1.5014717002650162,,3,1,val,current_repo_v1
2182,87.28,1.4394760086471359,,3,1,val,current_repo_v1
2183,87.32,1.4239493715367209,,3,1,val,current_repo_v1
2184,87.36,1.5169990966687448,,3,1,val,current_repo_v1
2185,87.4,1.6368708581024303,,3,1,val,current_repo_v1
2186,87.44,1.6622083241174108,,3,1,val,current_repo_v1
2187,87.48,1.6301512641360483,,3,1,val,current_repo_v1
2188,87.52,1.3635734044153363,,3,1,val,current_repo_v1
2189,87.56,0.3753099150570977,,3,1,val,current_repo_v1
2190,87.6,-0.3756244523122418,,3,1,val,current_repo_v1
2191,87.64,0.6967355930357921,,3,1,val,current_repo_v1
2192,87.68,-0.09871726126546405,,3,1,val,current_repo_v1
2193,87.72,-0.03519452639117531,,3,1,val,current_repo_v1
2194,87.76,-0.3303051956695073,,3,1,val,current_repo_v1
2195,87.8,-0.3992096212181783,,3,1,val,current_repo_v1
2196,87.84,-0.40395026902141745,,3,1,val,current_repo_v1
2197,87.88,-0.38460917009164897,,3,1,val,current_repo_v1
2198,87.92,-0.29449115237262835,,3,1,val,current_repo_v1
2199,87.96,-0.1389511224671019,,3,1,val,current_repo_v1
2200,88.0,0.010778984826358352,,3,1,val,current_repo_v1
2201,88.04,0.05012484300661625,,3,1,val,current_repo_v1
2202,88.08,0.20872464463364515,,3,1,val,current_repo_v1
2203,88.12,0.24392217972457547,,3,1,val,current_repo_v1
2204,88.16,0.15686236768459808,,3,1,val,current_repo_v1
2205,88.2,-0.16859832783870726,,3,1,val,current_repo_v1
2206,88.24,-0.6125673217925306,,3,1,val,current_repo_v1
2207,88.28,0.3078519432707668,,3,1,val,current_repo_v1
2208,88.32,1.3192510239639803,,3,1,val,current_repo_v1
2209,88.36,0.516563376200756,,3,1,val,current_repo_v1
2210,88.4,-0.6787192331501993,,3,1,val,current_repo_v1
2211,88.44,-1.2783380223491914,,3,1,val,current_repo_v1
2212,88.48,-1.971836444271933,,3,1,val,current_repo_v1
2213,88.52,0.040502584596474704,,3,1,val,current_repo_v1
2214,88.56,-0.8152421450916888,,3,1,val,current_repo_v1
2215,88.6,-0.7026668886840316,,3,1,val,current_repo_v1
2216,88.64,-0.7733173092072438,,3,1,val,current_repo_v1
2217,88.68,-0.8489603869844674,,3,1,val,current_repo_v1
2218,88.72,-0.8872526117981576,,3,1,val,current_repo_v1
2219,88.76,-0.856613608009208,,3,1,val,current_repo_v1
2220,88.8,-0.8074514919771929,,3,1,val,current_repo_v1
2221,88.84,-0.8335723968331091,,3,1,val,current_repo_v1
2222,88.88,-0.6576250018887421,,3,1,val,current_repo_v1
2223,88.92,-0.349805898053787,,3,1,val,current_repo_v1
2224,88.96,-0.07590428416825606,,3,1,val,current_repo_v1
2225,89.0,-0.08820910687288769,,3,1,val,current_repo_v1
2226,89.04,-0.23022995729506618,,3,1,val,current_repo_v1
2227,89.08,-0.11423733997988328,,3,1,val,current_repo_v1
2228,89.12,0.0034352137915607747,,3,1,val,current_repo_v1
2229,89.16,-0.25660759820263124,,3,1,val,current_repo_v1
2230,89.2,-0.22323238604658827,,3,1,val,current_repo_v1
2231,89.24,-0.22475769241954205,,3,1,val,current_repo_v1
2232,89.28,-0.10438983720827287,,3,1,val,current_repo_v1
2233,89.32,-0.14909683768761472,,3,1,val,current_repo_v1
2234,89.36,-0.11552753117829187,,3,1,val,current_repo_v1
2235,89.4,-0.30934577693587334,,3,1,val,current_repo_v1
2236,89.44,-0.09638745515328954,,3,1,val,current_repo_v1
2237,89.48,-0.08657062783154713,,3,1,val,current_repo_v1
2238,89.52,-0.03488169754598679,,3,1,val,current_repo_v1
2239,89.56,0.012436066553881239,,3,1,val,current_repo_v1
2240,89.6,0.14811373317871085,,3,1,val,current_repo_v1
2241,89.64,0.2649561610616014,,3,1,val,current_repo_v1
2242,89.68,0.1981972326644035,,3,1,val,current_repo_v1
2243,89.72,0.19862152576802328,,3,1,val,current_repo_v1
2244,89.76,-0.015857983221288216,,3,1,val,current_repo_v1
2245,89.8,-0.22611944701275408,,3,1,val,current_repo_v1
2246,89.84,-0.16537155904405276,,3,1,val,current_repo_v1
2247,89.88,-0.27270417985654066,,3,1,val,current_repo_v1
2248,89.92,-0.377167753936727,,3,1,val,current_repo_v1
2249,89.96,-0.3505383883133825,,3,1,val,current_repo_v1
2250,90.0,-0.1230350438161596,,3,1,val,current_repo_v1
2251,90.04,0.01624872505161486,,3,1,val,current_repo_v1
2252,90.08,0.013114020571230027,,3,1,val,current_repo_v1
2253,90.12,-0.03429278965198626,,3,1,val,current_repo_v1
2254,90.16,-0.10088592635416735,,3,1,val,current_repo_v1
2255,90.2,-0.1984406810830651,,3,1,val,current_repo_v1
2256,90.24,-0.36567436901396877,,3,1,val,current_repo_v1
2257,90.28,-0.5327007888526023,,3,1,val,current_repo_v1
2258,90.32,-0.47014272664203066,,3,1,val,current_repo_v1
2259,90.36,-0.4482941374735472,,3,1,val,current_repo_v1
2260,90.4,-0.506787550717946,,3,1,val,current_repo_v1
2261,90.44,-0.5933121369011919,,3,1,val,current_repo_v1
2262,90.48,-0.5538911466475568,,3,1,val,current_repo_v1
2263,90.52,-0.6504237122442349,,3,1,val,current_repo_v1
2264,90.56,-0.6800841388106627,,3,1,val,current_repo_v1
2265,90.6,-0.5937196496225818,,3,1,val,current_repo_v1
2266,90.64,-0.5213031887813502,,3,1,val,current_repo_v1
2267,90.68,-0.3379638836061057,,3,1,val,current_repo_v1
2268,90.72,-0.4744742672079213,,3,1,val,current_repo_v1
2269,90.76,-0.7253015742200483,,3,1,val,current_repo_v1
2270,90.8,-0.6629766530214065,,3,1,val,current_repo_v1
2271,90.84,-0.8151054722952472,,3,1,val,current_repo_v1
2272,90.88,-0.7625597933993266,,3,1,val,current_repo_v1
2273,90.92,-0.6079464525095062,,3,1,val,current_repo_v1
2274,90.96,-0.4592586746034078,,3,1,val,current_repo_v1
2275,91.0,-0.5637249441748573,,3,1,val,current_repo_v1
2276,91.04,-0.7570766326647528,,3,1,val,current_repo_v1
2277,91.08,-0.7898393798517419,,3,1,val,current_repo_v1
2278,91.12,-0.7708928856570328,,3,1,val,current_repo_v1
2279,91.16,-0.70630754826391,,3,1,val,current_repo_v1
2280,91.2,-0.7028436521674294,,3,1,val,current_repo_v1
2281,91.24,-0.6455469231498736,,3,1,val,current_repo_v1
2282,91.28,-0.9299936879946843,,3,1,val,current_repo_v1
2283,91.32,-0.8773710167567682,,3,1,val,current_repo_v1
2284,91.36,-0.9665152408011425,,3,1,val,current_repo_v1
2285,91.4,-0.8280977401836472,,3,1,val,current_repo_v1
2286,91.44,-0.9064832335508025,,3,1,val,current_repo_v1
2287,91.48,-0.9568665969483546,,3,1,val,current_repo_v1
2288,91.52,-0.9538523543521668,,3,1,val,current_repo_v1
2289,91.56,-1.0339389684590317,,3,1,val,current_repo_v1
2290,91.6,-0.7395384757080429,,3,1,val,current_repo_v1
2291,91.64,-0.6178609249513729,,3,1,val,current_repo_v1
2292,91.68,-0.7447674250412353,,3,1,val,current_repo_v1
2293,91.72,-0.6910497009864967,,3,1,val,current_repo_v1
2294,91.76,-0.8866278652597569,,3,1,val,current_repo_v1
2295,91.8,-0.873648809075013,,3,1,val,current_repo_v1
2296,91.84,-0.9645626421159804,,3,1,val,current_repo_v1
2297,91.88,-0.8177178968698968,,3,1,val,current_repo_v1
2298,91.92,-0.7327342205371985,,3,1,val,current_repo_v1
2299,91.96,-0.8107778041252558,,3,1,val,current_repo_v1
2300,92.0,-0.962105113377298,,3,1,val,current_repo_v1
2301,92.04,-1.113903791918401,,3,1,val,current_repo_v1
2302,92.08,-1.2500999040177323,,3,1,val,current_repo_v1
2303,92.12,-1.4133336917197774,,3,1,val,current_repo_v1
2304,92.16,-1.1021891109594044,,3,1,val,current_repo_v1
2305,92.2,-1.0472859781835289,,3,1,val,current_repo_v1
2306,92.24,-0.9897553868253954,,3,1,val,current_repo_v1
2307,92.28,-1.1769476120263254,,3,1,val,current_repo_v1
2308,92.32,-1.4065105301454253,,3,1,val,current_repo_v1
2309,92.36,-1.3579948764405787,,3,1,val,current_repo_v1
2310,92.4,-1.2554611222461476,,3,1,val,current_repo_v1
2311,92.44,-1.0570006805545968,,3,1,val,current_repo_v1
2312,92.48,-1.3218544888775299,,3,1,val,current_repo_v1
2313,92.52,-1.286136723972811,,3,1,val,current_repo_v1
2314,92.56,-1.3597128534918494,,3,1,val,current_repo_v1
2315,92.6,-1.145279765797496,,3,1,val,current_repo_v1
2316,92.64,-1.175901153981571,,3,1,val,current_repo_v1
2317,92.68,-1.054404352998195,,3,1,val,current_repo_v1
2318,92.72,-1.2520004151815838,,3,1,val,current_repo_v1
2319,92.76,-1.3374245575654808,,3,1,val,current_repo_v1
2320,92.8,-1.306302795087767,,3,1,val,current_repo_v1
2321,92.84,-1.2371724797783106,,3,1,val,current_repo_v1
2322,92.88,-1.120148979422468,,3,1,val,current_repo_v1
2323,92.92,-1.0010005207992838,,3,1,val,current_repo_v1
2324,92.96,-1.0228273182496679,,3,1,val,current_repo_v1
2325,93.0,-1.1210047029868548,,3,1,val,current_repo_v1
2326,93.04,-1.1343893736597048,,3,1,val,current_repo_v1
2327,93.08,-1.1596070231898048,,3,1,val,current_repo_v1
2328,93.12,-0.9809416619002029,,3,1,val,current_repo_v1
2329,93.16,-1.0563927903277572,,3,1,val,current_repo_v1
2330,93.2,-1.0858100911751818,,3,1,val,current_repo_v1
2331,93.24,-1.1281163960203615,,3,1,val,current_repo_v1
2332,93.28,-1.2890864266373459,,3,1,val,current_repo_v1
2333,93.32,-1.0592741565940713,,3,1,val,current_repo_v1
2334,93.36,-1.1326428471798442,,3,1,val,current_repo_v1
2335,93.4,-0.9938677194116601,,3,1,val,current_repo_v1
2336,93.44,-1.0420357686375568,,3,1,val,current_repo_v1
2337,93.48,-1.2653632182070031,,3,1,val,current_repo_v1
2338,93.52,-1.123281975492897,,3,1,val,current_repo_v1
2339,93.56,-1.1297134935761128,,3,1,val,current_repo_v1
2340,93.6,-1.1063790433223153,,3,1,val,current_repo_v1
2341,93.64,-1.102403990967143,,3,1,val,current_repo_v1
2342,93.68,-1.213818439757023,,3,1,val,current_repo_v1
2343,93.72,-1.2152812942549363,,3,1,val,current_repo_v1
2344,93.76,-1.134246474658092,,3,1,val,current_repo_v1
2345,93.8,-0.8529078010630258,,3,1,val,current_repo_v1
2346,93.84,-0.8336428592526078,,3,1,val,current_repo_v1
2347,93.88,-0.9206203638973949,,3,1,val,current_repo_v1
2348,93.92,-0.9589967184102282,,3,1,val,current_repo_v1
2349,93.96,-0.9110807545644348,,3,1,val,current_repo_v1
2350,94.0,-0.9046995016985772,,3,1,val,current_repo_v1
2351,94.04,-0.9333285042278591,,3,1,val,current_repo_v1
2352,94.08,-1.0702899839872633,,3,1,val,current_repo_v1
2353,94.12,-1.190144737250725,,3,1,val,current_repo_v1
2354,94.16,-1.1318838575836052,,3,1,val,current_repo_v1
2355,94.2,-1.0481070779728174,,3,1,val,current_repo_v1
2356,94.24,-0.8946353725446068,,3,1,val,current_repo_v1
2357,94.28,-0.9775728293265805,,3,1,val,current_repo_v1
2358,94.32,-1.0797966399904146,,3,1,val,current_repo_v1
2359,94.36,-1.0498286996319932,,3,1,val,current_repo_v1
2360,94.4,-1.037861022140917,,3,1,val,current_repo_v1
2361,94.44,-1.1479315217657882,,3,1,val,current_repo_v1
2362,94.48,-1.0580981631100228,,3,1,val,current_repo_v1
2363,94.52,-1.1160682334380474,,3,1,val,current_repo_v1
2364,94.56,-1.0300295190461515,,3,1,val,current_repo_v1
2365,94.6,-1.1511061271098009,,3,1,val,current_repo_v1
2366,94.64,-1.1346487482556185,,3,1,val,current_repo_v1
2367,94.68,-1.0947401398360124,,3,1,val,current_repo_v1
2368,94.72,-0.8810297475175095,,3,1,val,current_repo_v1
2369,94.76,-1.0815091501298277,,3,1,val,current_repo_v1
2370,94.8,-1.2088118115060424,,3,1,val,current_repo_v1
2371,94.84,-1.1262181627364505,,3,1,val,current_repo_v1
2372,94.88,-1.2492895861934963,,3,1,val,current_repo_v1
2373,94.92,-1.0622563570124268,,3,1,val,current_repo_v1
2374,94.96,-1.2853201799434038,,3,1,val,current_repo_v1
2375,95.0,-1.1229093143345998,,3,1,val,current_repo_v1
2376,95.04,-1.0854368225822335,,3,1,val,current_repo_v1
2377,95.08,-1.2038540817444552,,3,1,val,current_repo_v1
2378,95.12,-1.1459807453845787,,3,1,val,current_repo_v1
2379,95.16,-1.2058408486287278,,3,1,val,current_repo_v1
2380,95.2,-1.1503434929056569,,3,1,val,current_repo_v1
2381,95.24,-1.0129653129757685,,3,1,val,current_repo_v1
2382,95.28,-1.0443639137956078,,3,1,val,current_repo_v1
2383,95.32,-1.1657115895721997,,3,1,val,current_repo_v1
2384,95.36,-1.104776023278718,,3,1,val,current_repo_v1
2385,95.4,-1.1362707506320546,,3,1,val,current_repo_v1
2386,95.44,-1.1119290218684827,,3,1,val,current_repo_v1
2387,95.48,-1.2968060098976921,,3,1,val,current_repo_v1
2388,95.52,-1.2510660288299116,,3,1,val,current_repo_v1
2389,95.56,-1.3753298465065789,,3,1,val,current_repo_v1
2390,95.6,-1.4064540387228959,,3,1,val,current_repo_v1
2391,95.64,-1.4819558879437964,,3,1,val,current_repo_v1
2392,95.68,-1.389001074475968,,3,1,val,current_repo_v1
2393,95.72,-1.354006916099076,,3,1,val,current_repo_v1
2394,95.76,-1.424421044543107,,3,1,val,current_repo_v1
2395,95.8,-1.3603084431670094,,3,1,val,current_repo_v1
2396,95.84,-1.2913134339260302,,3,1,val,current_repo_v1
2397,95.88,-1.3403766899686191,,3,1,val,current_repo_v1
2398,95.92,-1.1818562914398563,,3,1,val,current_repo_v1
2399,95.96,-1.1395018473985965,,3,1,val,current_repo_v1
2400,96.0,-1.1801673193931637,,3,1,val,current_repo_v1
2401,96.04,-1.2365018719237706,,3,1,val,current_repo_v1
2402,96.08,-1.2606241649197225,,3,1,val,current_repo_v1
2403,96.12,-1.1635357586528496,,3,1,val,current_repo_v1
2404,96.16,-1.0963026136166651,,3,1,val,current_repo_v1
2405,96.2,-1.015668245313395,,3,1,val,current_repo_v1
2406,96.24,-1.0056639484725334,,3,1,val,current_repo_v1
2407,96.28,-1.1240819669280686,,3,1,val,current_repo_v1
2408,96.32,-1.2313186320480547,,3,1,val,current_repo_v1
2409,96.36,-1.0938060572016655,,3,1,val,current_repo_v1
2410,96.4,-1.2202426686244285,,3,1,val,current_repo_v1
2411,96.44,-1.2285850242605603,,3,1,val,current_repo_v1
2412,96.48,-1.1813738364684174,,3,1,val,current_repo_v1
2413,96.52,-1.1721447781007053,,3,1,val,current_repo_v1
2414,96.56,-1.1689252225925295,,3,1,val,current_repo_v1
2415,96.6,-1.1212555734976566,,3,1,val,current_repo_v1
2416,96.64,-1.1312998091668116,,3,1,val,current_repo_v1
2417,96.68,-1.0867256470526778,,3,1,val,current_repo_v1
2418,96.72,-1.2758443512487831,,3,1,val,current_repo_v1
2419,96.76,-1.3136870744208433,,3,1,val,current_repo_v1
2420,96.8,-1.166984468883059,,3,1,val,current_repo_v1
2421,96.84,-1.2090064943116403,,3,1,val,current_repo_v1
2422,96.88,-1.2522453632045398,,3,1,val,current_repo_v1
2423,96.92,-1.2101973699446347,,3,1,val,current_repo_v1
2424,96.96,-1.260472154398347,,3,1,val,current_repo_v1
2425,97.0,-1.2657993562863146,,3,1,val,current_repo_v1
2426,97.04,-1.152836556571414,,3,1,val,current_repo_v1
2427,97.08,-1.1679765615265623,,3,1,val,current_repo_v1
2428,97.12,-1.0757672222339913,,3,1,val,current_repo_v1
2429,97.16,-1.115935660825499,,3,1,val,current_repo_v1
2430,97.2,-1.3849218470781748,,3,1,val,current_repo_v1
2431,97.24,-1.166196474282242,,3,1,val,current_repo_v1
2432,97.28,-1.211553315943998,,3,1,val,current_repo_v1
2433,97.32,-1.11207161715277,,3,1,val,current_repo_v1
2434,97.36,-1.1280910356236884,,3,1,val,current_repo_v1
2435,97.4,-1.0904858194001112,,3,1,val,current_repo_v1
2436,97.44,-1.023573551718239,,3,1,val,current_repo_v1
2437,97.48,-1.1583775754564813,,3,1,val,current_repo_v1
2438,97.52,-1.287110289859463,,3,1,val,current_repo_v1
2439,97.56,-1.2706893570843318,,3,1,val,current_repo_v1
2440,97.6,-1.243026175649904,,3,1,val,current_repo_v1
2441,97.64,-1.2174346500922049,,3,1,val,current_repo_v1
2442,97.68,-1.1704272566254226,,3,1,val,current_repo_v1
2443,97.72,-1.1314035286334443,,3,1,val,current_repo_v1
2444,97.76,-1.1452645799312247,,3,1,val,current_repo_v1
2445,97.8,-1.2974240746549335,,3,1,val,current_repo_v1
2446,97.84,-1.2094928976083097,,3,1,val,current_repo_v1
2447,97.88,-1.2242602414051604,,3,1,val,current_repo_v1
2448,97.92,-1.0848113167505191,,3,1,val,current_repo_v1
2449,97.96,-1.0915778350436796,,3,1,val,current_repo_v1
2450,98.0,-1.1717078807280803,,3,1,val,current_repo_v1
2451,98.04,-1.2764121507886665,,3,1,val,current_repo_v1
2452,98.08,-1.17306306743413,,3,1,val,current_repo_v1
2453,98.12,-1.0914397955192734,,3,1,val,current_repo_v1
2454,98.16,-1.1432828243828217,,3,1,val,current_repo_v1
2455,98.2,-1.1127598406121848,,3,1,val,current_repo_v1
2456,98.24,-1.0641255852917595,,3,1,val,current_repo_v1
2457,98.28,-1.1793806915203109,,3,1,val,current_repo_v1
2458,98.32,-1.303948226522404,,3,1,val,current_repo_v1
2459,98.36,-1.3134870765620505,,3,1,val,current_repo_v1
2460,98.4,-1.3254562726397539,,3,1,val,current_repo_v1
2461,98.44,-1.2983394786737668,,3,1,val,current_repo_v1
2462,98.48,-1.3118359173223735,,3,1,val,current_repo_v1
2463,98.52,-1.325632276829838,,3,1,val,current_repo_v1
2464,98.56,-1.2259208158819257,,3,1,val,current_repo_v1
2465,98.6,-1.2618979553825582,,3,1,val,current_repo_v1
2466,98.64,-1.2095439221189812,,3,1,val,current_repo_v1
2467,98.68,-1.2710390875845596,,3,1,val,current_repo_v1
2468,98.72,-1.1453608583233847,,3,1,val,current_repo_v1
2469,98.76,-1.1444919230553416,,3,1,val,current_repo_v1
2470,98.8,-1.2784292894054816,,3,1,val,current_repo_v1
2471,98.84,-1.189782402481492,,3,1,val,current_repo_v1
2472,98.88,-1.1708544350436338,,3,1,val,current_repo_v1
2473,98.92,-1.1475417005786044,,3,1,val,current_repo_v1
2474,98.96,-1.2291904847487964,,3,1,val,current_repo_v1
2475,99.0,-1.0584946660783663,,3,1,val,current_repo_v1
2476,99.04,-1.2244526463308176,,3,1,val,current_repo_v1
2477,99.08,-1.1484604454880172,,3,1,val,current_repo_v1
2478,99.12,-1.1599494644742223,,3,1,val,current_repo_v1
2479,99.16,-1.0577923197633192,,3,1,val,current_repo_v1
2480,99.2,-1.166829573047092,,3,1,val,current_repo_v1
2481,99.24,-0.9784766920870475,,3,1,val,current_repo_v1
2482,99.28,-1.1216100116164285,,3,1,val,current_repo_v1
2483,99.32,-1.011457660172355,,3,1,val,current_repo_v1
2484,99.36,-1.095611504842659,,3,1,val,current_repo_v1
2485,99.4,-1.1344028890806863,,3,1,val,current_repo_v1
2486,99.44,-1.0616044277734005,,3,1,val,current_repo_v1
2487,99.48,-0.9792125991665541,,3,1,val,current_repo_v1
2488,99.52,-0.9892768801791871,,3,1,val,current_repo_v1
2489,99.56,-1.0345773822770765,,3,1,val,current_repo_v1
2490,99.6,-1.0735086283434627,,3,1,val,current_repo_v1
2491,99.64,-1.1122344096391983,,3,1,val,current_repo_v1
2492,99.68,-1.0197608362735069,,3,1,val,current_repo_v1
2493,99.72,-0.9907462645995969,,3,1,val,current_repo_v1
2494,99.76,-1.0437718168696903,,3,1,val,current_repo_v1
2495,99.8,-1.0824767935286341,,3,1,val,current_repo_v1
2496,99.84,-1.0885301835416947,,3,1,val,current_repo_v1
2497,99.88,-1.1011584462155721,,3,1,val,current_repo_v1
2498,99.92,-1.0226128938179173,,3,1,val,current_repo_v1
2499,99.96,-0.9944801653983811,,3,1,val,current_repo_v1
2500,100.0,-0.9974606953714467,,3,1,val,current_repo_v1
2501,100.04,-1.0517399927608975,,3,1,val,current_repo_v1
2502,100.08,-1.021527256238183,,3,1,val,current_repo_v1
2503,100.12,-1.0488770013927717,,3,1,val,current_repo_v1
2504,100.16,-1.0004760009782736,,3,1,val,current_repo_v1
2505,100.2,-0.9634808010028139,,3,1,val,current_repo_v1
2506,100.24,-0.8795442660788522,,3,1,val,current_repo_v1
2507,100.28,-0.8599409831679099,,3,1,val,current_repo_v1
2508,100.32,-0.6608489612981364,,3,1,val,current_repo_v1
2509,100.36,-0.7331834943908345,,3,1,val,current_repo_v1
2510,100.4,-0.9250279097239733,,3,1,val,current_repo_v1
2511,100.44,-0.5755275512995647,,3,1,val,current_repo_v1
2512,100.48,-0.528756184159304,,3,1,val,current_repo_v1
2513,100.52,-0.772061362137277,,3,1,val,current_repo_v1
2514,100.56,-1.2144115996935796,,3,1,val,current_repo_v1
2515,100.6,-1.5612089498510304,,3,1,val,current_repo_v1
2516,100.64,-1.8018059184028479,,3,1,val,current_repo_v1
2517,100.68,-1.7873568703630431,,3,1,val,current_repo_v1
2518,100.72,-1.846008026793335,,3,1,val,current_repo_v1
2519,100.76,-1.9288296154156588,,3,1,val,current_repo_v1
2520,100.8,-1.639659894301815,,3,1,val,current_repo_v1
2521,100.84,-1.6785704875900722,,3,1,val,current_repo_v1
2522,100.88,-1.653942657105949,,3,1,val,current_repo_v1
2523,100.92,-1.8069856655293213,,3,1,val,current_repo_v1
2524,100.96,-1.6119019530618541,,3,1,val,current_repo_v1
2525,101.0,-1.5003576651153545,,3,1,val,current_repo_v1
2526,101.04,-1.6093118517106233,,3,1,val,current_repo_v1
2527,101.08,-1.4263241373042248,,3,1,val,current_repo_v1
2528,101.12,-1.1958004094261405,,3,1,val,current_repo_v1
2529,101.16,-1.0175036091109426,,3,1,val,current_repo_v1
2530,101.2,-0.699413468694071,,3,1,val,current_repo_v1
2531,101.24,0.13924382054831455,,3,1,val,current_repo_v1
2532,101.28,0.2192411987085028,,3,1,val,current_repo_v1
2533,101.32,0.637822784129646,,3,1,val,current_repo_v1
2534,101.36,0.8167115295120986,,3,1,val,current_repo_v1
2535,101.4,0.6119335016990327,,3,1,val,current_repo_v1
2536,101.44,1.1519307196483317,,3,1,val,current_repo_v1
2537,101.48,0.9484964511769464,,3,1,val,current_repo_v1
2538,101.52,1.1401176342758972,,3,1,val,current_repo_v1
2539,101.56,1.216433901504927,,3,1,val,current_repo_v1
2540,101.6,1.0491553583215245,,3,1,val,current_repo_v1
2541,101.64,1.2674937952448648,,3,1,val,current_repo_v1
2542,101.68,1.0860811588881243,,3,1,val,current_repo_v1
2543,101.72,1.1386321528372398,,3,1,val,current_repo_v1
2544,101.76,0.9871768267325308,,3,1,val,current_repo_v1
2545,101.8,0.866483358074906,,3,1,val,current_repo_v1
2546,101.84,0.928853533155036,,3,1,val,current_repo_v1
2547,101.88,0.8718580917243027,,3,1,val,current_repo_v1
2548,101.92,0.9355541447885789,,3,1,val,current_repo_v1
2549,101.96,0.9104473520822594,,3,1,val,current_repo_v1
2550,102.0,0.89450568524665,,3,1,val,current_repo_v1
2551,102.04,0.8840511274708448,,3,1,val,current_repo_v1
2552,102.08,0.322173733751218,,3,1,val,current_repo_v1
2553,102.12,0.0634601975787503,,3,1,val,current_repo_v1
2554,102.16,-0.5073607412403558,,3,1,val,current_repo_v1
2555,102.2,-0.8642927968652727,,3,1,val,current_repo_v1
2556,102.24,-1.0128061650972453,,3,1,val,current_repo_v1
2557,102.28,-1.3066510070013677,,3,1,val,current_repo_v1
2558,102.32,-1.4669077574795897,,3,1,val,current_repo_v1
2559,102.36,-1.4779664090156666,,3,1,val,current_repo_v1
2560,102.4,-1.9515107697024656,,3,1,val,current_repo_v1
2561,102.44,-0.6914711087755249,,3,1,val,current_repo_v1
2562,102.48,0.38096144908395435,,3,1,val,current_repo_v1
2563,102.52,-0.5012005186580766,,3,1,val,current_repo_v1
2564,102.56,-1.8074915067348178,,3,1,val,current_repo_v1
2565,102.6,-1.434604382747307,,3,1,val,current_repo_v1
2566,102.64,-1.071424671915054,,3,1,val,current_repo_v1
2567,102.68,-1.1439692255382838,,3,1,val,current_repo_v1
2568,102.72,-1.1765618910230347,,3,1,val,current_repo_v1
2569,102.76,-1.0980298540463613,,3,1,val,current_repo_v1
2570,102.8,-1.01887656328053,,3,1,val,current_repo_v1
2571,102.84,-0.9119873507808307,,3,1,val,current_repo_v1
2572,102.88,-0.7351237925243169,,3,1,val,current_repo_v1
2573,102.92,-1.0209023578411196,,3,1,val,current_repo_v1
2574,102.96,-1.0014258769135425,,3,1,val,current_repo_v1
2575,103.0,-0.5417113985340021,,3,1,val,current_repo_v1
2576,103.04,-0.2293951522614678,,3,1,val,current_repo_v1
2577,103.08,-0.4111947624554665,,3,1,val,current_repo_v1
2578,103.12,-0.7357969819761231,,3,1,val,current_repo_v1
2579,103.16,-0.9639675080168086,,3,1,val,current_repo_v1
2580,103.2,-1.0376948887639093,,3,1,val,current_repo_v1
2581,103.24,-0.8808736368122406,,3,1,val,current_repo_v1
2582,103.28,-0.5537117256375615,,3,1,val,current_repo_v1
2583,103.32,-0.47825774986008124,,3,1,val,current_repo_v1
2584,103.36,-0.42018570644004494,,3,1,val,current_repo_v1
2585,103.4,-0.3549731168405866,,3,1,val,current_repo_v1
2586,103.44,0.174938635812631,,3,1,val,current_repo_v1
2587,103.48,-0.03474859342811896,,3,1,val,current_repo_v1
2588,103.52,-0.38144762459262965,,3,1,val,current_repo_v1
2589,103.56,-0.8117131016289043,,3,1,val,current_repo_v1
2590,103.6,-0.7901326189294404,,3,1,val,current_repo_v1
2591,103.64,-0.6146928495298569,,3,1,val,current_repo_v1
2592,103.68,-0.27290484209698285,,3,1,val,current_repo_v1
2593,103.72,0.07476186093983352,,3,1,val,current_repo_v1
2594,103.76,0.161064334846529,,3,1,val,current_repo_v1
2595,103.8,-0.036000079649868594,,3,1,val,current_repo_v1
2596,103.84,-0.5881782510908578,,3,1,val,current_repo_v1
2597,103.88,-0.8227176914810556,,3,1,val,current_repo_v1
2598,103.92,-0.7173832079702108,,3,1,val,current_repo_v1
2599,103.96,-0.6102957060216744,,3,1,val,current_repo_v1
2600,104.0,-0.3718639003181515,,3,1,val,current_repo_v1
2601,104.04,-0.03190503996882038,,3,1,val,current_repo_v1
2602,104.08,-0.35034894463164823,,3,1,val,current_repo_v1
2603,104.12,-0.6106722395758709,,3,1,val,current_repo_v1
2604,104.16,-0.6095653038186911,,3,1,val,current_repo_v1
2605,104.2,-0.7538847913625223,,3,1,val,current_repo_v1
2606,104.24,-0.4612362920032519,,3,1,val,current_repo_v1
2607,104.28,-0.4885210036855338,,3,1,val,current_repo_v1
2608,104.32,-0.21584943547681076,,3,1,val,current_repo_v1
2609,104.36,-0.28740519938245157,,3,1,val,current_repo_v1
2610,104.4,-0.6917098305933095,,3,1,val,current_repo_v1
2611,104.44,-0.9755552351337772,,3,1,val,current_repo_v1
2612,104.48,-0.7056349662467547,,3,1,val,current_repo_v1
2613,104.52,-0.4838439466973057,,3,1,val,current_repo_v1
2614,104.56,-0.3048573284067346,,3,1,val,current_repo_v1
2615,104.6,-0.1777767603247376,,3,1,val,current_repo_v1
2616,104.64,-0.07467029965738407,,3,1,val,current_repo_v1
2617,104.68,0.06571347641608392,,3,1,val,current_repo_v1
2618,104.72,-0.3748096546574558,,3,1,val,current_repo_v1
2619,104.76,-0.7905552415877704,,3,1,val,current_repo_v1
2620,104.8,-0.8203341179111142,,3,1,val,current_repo_v1
2621,104.84,-0.6974300427003781,,3,1,val,current_repo_v1
2622,104.88,-0.545327457010521,,3,1,val,current_repo_v1
2623,104.92,-0.3401413849707456,,3,1,val,current_repo_v1
2624,104.96,-0.08893722170476383,,3,1,val,current_repo_v1
2625,105.0,0.14466073294127982,,3,1,val,current_repo_v1
2626,105.04,-0.19374422415067538,,3,1,val,current_repo_v1
2627,105.08,-0.5339412083743067,,3,1,val,current_repo_v1
2628,105.12,-0.8045342870664787,,3,1,val,current_repo_v1
2629,105.16,-0.7500257590256627,,3,1,val,current_repo_v1
2630,105.2,-0.6517402509206242,,3,1,val,current_repo_v1
2631,105.24,-0.0446075140729321,,3,1,val,current_repo_v1
2632,105.28,-0.0927422398135297,,3,1,val,current_repo_v1
2633,105.32,0.023501589694445945,,3,1,val,current_repo_v1
2634,105.36,-0.35594611325725367,,3,1,val,current_repo_v1
2635,105.4,-0.45497295738899074,,3,1,val,current_repo_v1
2636,105.44,-0.8329093819117047,,3,1,val,current_repo_v1
2637,105.48,-0.621298815251864,,3,1,val,current_repo_v1
2638,105.52,-0.4503676156542288,,3,1,val,current_repo_v1
2639,105.56,-0.3900539105845564,,3,1,val,current_repo_v1
2640,105.6,-0.22809641901328165,,3,1,val,current_repo_v1
2641,105.64,-0.18419449723431208,,3,1,val,current_repo_v1
2642,105.68,-0.25770942771227734,,3,1,val,current_repo_v1
2643,105.72,-0.722594010193209,,3,1,val,current_repo_v1
2644,105.76,-0.6907119673206232,,3,1,val,current_repo_v1
2645,105.8,-0.8926420757378376,,3,1,val,current_repo_v1
2646,105.84,-0.8977970699022888,,3,1,val,current_repo_v1
2647,105.88,-0.8438940782790404,,3,1,val,current_repo_v1
2648,105.92,-0.657283927332289,,3,1,val,current_repo_v1
2649,105.96,-0.6169390669393745,,3,1,val,current_repo_v1
2650,106.0,-0.9238469049040553,,3,1,val,current_repo_v1
2651,106.04,-1.0490798845661562,,3,1,val,current_repo_v1
2652,106.08,-1.0066047128880398,,3,1,val,current_repo_v1
2653,106.12,-0.964218530386273,,3,1,val,current_repo_v1
2654,106.16,-1.0489811764353927,,3,1,val,current_repo_v1
2655,106.2,-0.9335758819894183,,3,1,val,current_repo_v1
2656,106.24,-0.8977475639782444,,3,1,val,current_repo_v1
2657,106.28,-0.7981370890410361,,3,1,val,current_repo_v1
2658,106.32,-0.8878512386465718,,3,1,val,current_repo_v1
2659,106.36,-0.9721113843807747,,3,1,val,current_repo_v1
2660,106.4,-0.9000486782943327,,3,1,val,current_repo_v1
2661,106.44,-0.8869232303587334,,3,1,val,current_repo_v1
2662,106.48,-0.9161800165996704,,3,1,val,current_repo_v1
2663,106.52,-1.0256300217286967,,3,1,val,current_repo_v1
2664,106.56,-0.962573141775779,,3,1,val,current_repo_v1
2665,106.6,-1.0037439993998545,,3,1,val,current_repo_v1
2666,106.64,-0.947646194524417,,3,1,val,current_repo_v1
2667,106.68,-0.8338375420582057,,3,1,val,current_repo_v1
2668,106.72,-0.8465087807336307,,3,1,val,current_repo_v1
2669,106.76,-0.9052855242779861,,3,1,val,current_repo_v1
2670,106.8,-1.0198710856626365,,3,1,val,current_repo_v1
2671,106.84,-1.2056739559584062,,3,1,val,current_repo_v1
2672,106.88,-1.183910635429036,,3,1,val,current_repo_v1
2673,106.92,-1.3341910310603355,,3,1,val,current_repo_v1
2674,106.96,-1.5657823253372913,,3,1,val,current_repo_v1
2675,107.0,-1.6399750010269443,,3,1,val,current_repo_v1
2676,107.04,-1.6300976580281108,,3,1,val,current_repo_v1
2677,107.08,-1.8166027227802648,,3,1,val,current_repo_v1
2678,107.12,-1.840283866361036,,3,1,val,current_repo_v1
2679,107.16,-1.802960347956791,,3,1,val,current_repo_v1
2680,107.2,-1.7566826353643443,,3,1,val,current_repo_v1
2681,107.24,-1.779416636465775,,3,1,val,current_repo_v1
2682,107.28,-1.8528547264604076,,3,1,val,current_repo_v1
2683,107.32,-1.7639508946791078,,3,1,val,current_repo_v1
2684,107.36,-1.570511355952833,,3,1,val,current_repo_v1
2685,107.4,-1.494820442696855,,3,1,val,current_repo_v1
2686,107.44,-1.4109414622060614,,3,1,val,current_repo_v1
2687,107.48,-1.242435293593288,,3,1,val,current_repo_v1
2688,107.52,-1.124985070395222,,3,1,val,current_repo_v1
2689,107.56,-1.324526442047963,,3,1,val,current_repo_v1
2690,107.6,-1.2000372661158298,,3,1,val,current_repo_v1
2691,107.64,-1.159011433514645,,3,1,val,current_repo_v1
2692,107.68,-1.2572694552017325,,3,1,val,current_repo_v1
2693,107.72,-1.1162337593804046,,3,1,val,current_repo_v1
2694,107.76,-1.2375708050506065,,3,1,val,current_repo_v1
2695,107.8,-1.236206506824794,,3,1,val,current_repo_v1
2696,107.84,-1.28119949513069,,3,1,val,current_repo_v1
2697,107.88,-1.2097070183227348,,3,1,val,current_repo_v1
2698,107.92,-1.0602510633713034,,3,1,val,current_repo_v1
2699,107.96,-1.068886961802459,,3,1,val,current_repo_v1
2700,108.0,-1.089524857782464,,3,1,val,current_repo_v1
2701,108.04,-1.244689483582598,,3,1,val,current_repo_v1
2702,108.08,-1.1749564412408342,,3,1,val,current_repo_v1
2703,108.12,-1.2182850586033969,,3,1,val,current_repo_v1
2704,108.16,-1.3493755306036588,,3,1,val,current_repo_v1
2705,108.2,-1.2368689143115477,,3,1,val,current_repo_v1
2706,108.24,-1.3136245086518057,,3,1,val,current_repo_v1
2707,108.28,-1.4233434554724964,,3,1,val,current_repo_v1
2708,108.32,-1.5261491885318463,,3,1,val,current_repo_v1
2709,108.36,-1.4863584224345054,,3,1,val,current_repo_v1
2710,108.4,-1.555122758366824,,3,1,val,current_repo_v1
2711,108.44,-1.5874448117146203,,3,1,val,current_repo_v1
2712,108.48,-1.3137979312446237,,3,1,val,current_repo_v1
2713,108.52,-1.2509790138161772,,3,1,val,current_repo_v1
2714,108.56,-1.3499864580037526,,3,1,val,current_repo_v1
2715,108.6,-1.3644628406028454,,3,1,val,current_repo_v1
2716,108.64,-1.645055128870678,,3,1,val,current_repo_v1
2717,108.68,-1.6144996473462205,,3,1,val,current_repo_v1
2718,108.72,-1.4699350599207708,,3,1,val,current_repo_v1
2719,108.76,-1.2614186894430364,,3,1,val,current_repo_v1
2720,108.8,-1.307044320937794,,3,1,val,current_repo_v1
2721,108.84,-1.233136228382065,,3,1,val,current_repo_v1
2722,108.88,-1.37639179413493,,3,1,val,current_repo_v1
2723,108.92,-1.359708297731968,,3,1,val,current_repo_v1
2724,108.96,-1.1296521426763768,,3,1,val,current_repo_v1
2725,109.0,-1.1008492619782886,,3,1,val,current_repo_v1
2726,109.04,-1.12922633098613,,3,1,val,current_repo_v1
2727,109.08,-1.2278661253512775,,3,1,val,current_repo_v1
2728,109.12,-1.4117677251898821,,3,1,val,current_repo_v1
2729,109.16,-1.465153182490605,,3,1,val,current_repo_v1
2730,109.2,-1.661878183384673,,3,1,val,current_repo_v1
2731,109.24,-1.560451782558744,,3,1,val,current_repo_v1
2732,109.28,-1.3071357398527472,,3,1,val,current_repo_v1
2733,109.32,-1.516828255673193,,3,1,val,current_repo_v1
2734,109.36,-1.3962580962496909,,3,1,val,current_repo_v1
2735,109.4,-1.2546477672486573,,3,1,val,current_repo_v1
2736,109.44,-1.351805117348402,,3,1,val,current_repo_v1
2737,109.48,-1.4043869386060484,,3,1,val,current_repo_v1
2738,109.52,-1.4546807053925999,,3,1,val,current_repo_v1
2739,109.56,-1.4810971272061553,,3,1,val,current_repo_v1
2740,109.6,-1.3805074676117743,,3,1,val,current_repo_v1
2741,109.64,-1.3815161128495133,,3,1,val,current_repo_v1
2742,109.68,-1.1996548860031186,,3,1,val,current_repo_v1
2743,109.72,-1.0602723235840832,,3,1,val,current_repo_v1
2744,109.76,-1.0484337259563128,,3,1,val,current_repo_v1
2745,109.8,-0.9226408434047897,,3,1,val,current_repo_v1
2746,109.84,-0.6489880404469474,,3,1,val,current_repo_v1
2747,109.88,-0.545660521022516,,3,1,val,current_repo_v1
2748,109.92,-0.63946817274014,,3,1,val,current_repo_v1
2749,109.96,-0.2865906295156597,,3,1,val,current_repo_v1
2750,110.0,0.034293615383464766,,3,1,val,current_repo_v1
2751,110.04,0.37514666699468135,,3,1,val,current_repo_v1
2752,110.08,0.5231213166206801,,3,1,val,current_repo_v1
2753,110.12,0.5264848341411075,,3,1,val,current_repo_v1
2754,110.16,0.5819244835723475,,3,1,val,current_repo_v1
2755,110.2,0.6254937209859788,,3,1,val,current_repo_v1
2756,110.24,0.5961844675770746,,3,1,val,current_repo_v1
2757,110.28,0.5831147517706909,,3,1,val,current_repo_v1
2758,110.32,0.5811108248575318,,3,1,val,current_repo_v1
2759,110.36,0.5370590565431304,,3,1,val,current_repo_v1
2760,110.4,0.5452536537004425,,3,1,val,current_repo_v1
2761,110.44,0.5378030121317607,,3,1,val,current_repo_v1
2762,110.48,0.471096930549187,,3,1,val,current_repo_v1
2763,110.52,0.6114588674487236,,3,1,val,current_repo_v1
2764,110.56,0.5078132800552401,,3,1,val,current_repo_v1
2765,110.6,0.06969746945002335,,3,1,val,current_repo_v1
2766,110.64,-0.04454336327910233,,3,1,val,current_repo_v1
2767,110.68,-0.15323379035957171,,3,1,val,current_repo_v1
2768,110.72,-0.34301720839587063,,3,1,val,current_repo_v1
2769,110.76,-0.22615744964309797,,3,1,val,current_repo_v1
2770,110.8,-0.015545913669413259,,3,1,val,current_repo_v1
2771,110.84,-0.1348612839452516,,3,1,val,current_repo_v1
2772,110.88,-0.02900619097396148,,3,1,val,current_repo_v1
2773,110.92,-0.17097159400191692,,3,1,val,current_repo_v1
2774,110.96,-0.012902215701411245,,3,1,val,current_repo_v1
2775,111.0,-0.15765107412289664,,3,1,val,current_repo_v1
2776,111.04,-0.010703530053322892,,3,1,val,current_repo_v1
2777,111.08,-0.0139606800716864,,3,1,val,current_repo_v1
2778,111.12,-0.15494170677443772,,3,1,val,current_repo_v1
2779,111.16,-0.25112897424560604,,3,1,val,current_repo_v1
2780,111.2,0.02419858299163236,,3,1,val,current_repo_v1
2781,111.24,0.3533270448661104,,3,1,val,current_repo_v1
2782,111.28,0.42208728061453554,,3,1,val,current_repo_v1
2783,111.32,0.3851801206987837,,3,1,val,current_repo_v1
2784,111.36,0.3339559918151218,,3,1,val,current_repo_v1
2785,111.4,0.1768415007857547,,3,1,val,current_repo_v1
2786,111.44,0.2768701565154086,,3,1,val,current_repo_v1
2787,111.48,0.15223741720001327,,3,1,val,current_repo_v1
2788,111.52,-0.053692031467240935,,3,1,val,current_repo_v1
2789,111.56,0.00827358264425567,,3,1,val,current_repo_v1
2790,111.6,0.2179564744219519,,3,1,val,current_repo_v1
2791,111.64,0.27534986147832435,,3,1,val,current_repo_v1
2792,111.68,0.3467293934058868,,3,1,val,current_repo_v1
2793,111.72,0.03453799393643546,,3,1,val,current_repo_v1
2794,111.76,-0.10042951514338382,,3,1,val,current_repo_v1
2795,111.8,-0.12689616420963146,,3,1,val,current_repo_v1
2796,111.84,-0.07866182867746063,,3,1,val,current_repo_v1
2797,111.88,-0.11356308751743811,,3,1,val,current_repo_v1
2798,111.92,0.08215502400467846,,3,1,val,current_repo_v1
2799,111.96,0.09462408185303407,,3,1,val,current_repo_v1
2800,112.0,0.20811610900748898,,3,1,val,current_repo_v1
2801,112.04,-0.07778797698521223,,3,1,val,current_repo_v1
2802,112.08,-0.22741089104513004,,3,1,val,current_repo_v1
2803,112.12,-0.30988624191646846,,3,1,val,current_repo_v1
2804,112.16,-0.3109501257427692,,3,1,val,current_repo_v1
2805,112.2,-0.02667310091820581,,3,1,val,current_repo_v1
2806,112.24,0.2754886223313782,,3,1,val,current_repo_v1
2807,112.28,0.134373675270447,,3,1,val,current_repo_v1
2808,112.32,-0.22525149882601864,,3,1,val,current_repo_v1
2809,112.36,-0.3353793250960639,,3,1,val,current_repo_v1
2810,112.4,-0.1889884664104963,,3,1,val,current_repo_v1
2811,112.44,-0.13026600284689435,,3,1,val,current_repo_v1
2812,112.48,-0.239095086377587,,3,1,val,current_repo_v1
2813,112.52,-0.2105989032311803,,3,1,val,current_repo_v1
2814,112.56,-0.22205886026580884,,3,1,val,current_repo_v1
2815,112.6,-0.029894583133164634,,3,1,val,current_repo_v1
2816,112.64,-0.10766343541804146,,3,1,val,current_repo_v1
2817,112.68,-0.04356903809913652,,3,1,val,current_repo_v1
2818,112.72,-0.1920189958482601,,3,1,val,current_repo_v1
2819,112.76,-0.10654704645910776,,3,1,val,current_repo_v1
2820,112.8,-0.028519977500620533,,3,1,val,current_repo_v1
2821,112.84,-0.18976444519462624,,3,1,val,current_repo_v1
2822,112.88,-0.09340217959701419,,3,1,val,current_repo_v1
2823,112.92,-0.21384015554579106,,3,1,val,current_repo_v1
2824,112.96,-0.2203280701398717,,3,1,val,current_repo_v1
2825,113.0,-0.45918764271392387,,3,1,val,current_repo_v1
2826,113.04,-0.7436821671081577,,3,1,val,current_repo_v1
2827,113.08,-0.7387633890935564,,3,1,val,current_repo_v1
2828,113.12,-0.7469477357911354,,3,1,val,current_repo_v1
2829,113.16,-0.9840111810496183,,3,1,val,current_repo_v1
2830,113.2,-1.0761432242828683,,3,1,val,current_repo_v1
2831,113.24,-1.3349194970653693,,3,1,val,current_repo_v1
2832,113.28,-1.4159664653552304,,3,1,val,current_repo_v1
2833,113.32,-1.2742676027538353,,3,1,val,current_repo_v1
2834,113.36,-0.9736837289745037,,3,1,val,current_repo_v1
2835,113.4,-1.0518863845117528,,3,1,val,current_repo_v1
2836,113.44,-1.1998611100670828,,3,1,val,current_repo_v1
2837,113.48,-1.2514023957678206,,3,1,val,current_repo_v1
2838,113.52,-1.1732462089813618,,3,1,val,current_repo_v1
2839,113.56,-1.1350211056965904,,3,1,val,current_repo_v1
2840,113.6,-1.1282266454094911,,3,1,val,current_repo_v1
2841,113.64,-0.9461921478289412,,3,1,val,current_repo_v1
2842,113.68,-0.9433715250277123,,3,1,val,current_repo_v1
2843,113.72,-0.913666907590435,,3,1,val,current_repo_v1
2844,113.76,-0.9159569362241452,,3,1,val,current_repo_v1
2845,113.8,-0.9687255436369284,,3,1,val,current_repo_v1
2846,113.84,-1.210190840022138,,3,1,val,current_repo_v1
2847,113.88,-1.376877286279623,,3,1,val,current_repo_v1
2848,113.92,-1.4302098967657217,,3,1,val,current_repo_v1
2849,113.96,-1.4398799526899522,,3,1,val,current_repo_v1
2850,114.0,-1.5286474153921359,,3,1,val,current_repo_v1
2851,114.04,-1.5411200229367323,,3,1,val,current_repo_v1
2852,114.08,-1.5725620553341078,,3,1,val,current_repo_v1
2853,114.12,-1.592602691193663,,3,1,val,current_repo_v1
2854,114.16,-1.640146449457147,,3,1,val,current_repo_v1
2855,114.2,-1.4783545597575607,,3,1,val,current_repo_v1
2856,114.24,-1.3662307791541488,,3,1,val,current_repo_v1
2857,114.28,-1.363350324039811,,3,1,val,current_repo_v1
2858,114.32,-1.3600449683872025,,3,1,val,current_repo_v1
2859,114.36,-1.4382445867511973,,3,1,val,current_repo_v1
2860,114.4,-1.6621773449502173,,3,1,val,current_repo_v1
2861,114.44,-1.5535132084007302,,3,1,val,current_repo_v1
2862,114.48,-1.4470406960715152,,3,1,val,current_repo_v1
2863,114.52,-1.5746352297974637,,3,1,val,current_repo_v1
2864,114.56,-1.6090362282377995,,3,1,val,current_repo_v1
2865,114.6,-1.633996021758613,,3,1,val,current_repo_v1
2866,114.64,-1.5066582810313116,,3,1,val,current_repo_v1
2867,114.68,-1.4433611606739822,,3,1,val,current_repo_v1
2868,114.72,-1.4504881914324228,,3,1,val,current_repo_v1
2869,114.76,-1.4679789684863662,,3,1,val,current_repo_v1
2870,114.8,-1.5743957486863656,,3,1,val,current_repo_v1
2871,114.84,-1.6161251424718992,,3,1,val,current_repo_v1
2872,114.88,-1.509768042726346,,3,1,val,current_repo_v1
2873,114.92,-1.4457617424141473,,3,1,val,current_repo_v1
2874,114.96,-1.5791176419447597,,3,1,val,current_repo_v1
2875,115.0,-1.4524628096236782,,3,1,val,current_repo_v1
2876,115.04,-1.3848478919094336,,3,1,val,current_repo_v1
2877,115.08,-1.4608996213480174,,3,1,val,current_repo_v1
2878,115.12,-1.5179070596131052,,3,1,val,current_repo_v1
2879,115.16,-1.613190929390961,,3,1,val,current_repo_v1
2880,115.2,-1.6498353358555538,,3,1,val,current_repo_v1
2881,115.24,-1.80300955016351,,3,1,val,current_repo_v1
2882,115.28,-1.9545429316208536,,3,1,val,current_repo_v1
2883,115.32,-1.9294649920604494,,3,1,val,current_repo_v1
2884,115.36,-1.9806392353734101,,3,1,val,current_repo_v1
2885,115.4,-1.6990680661657305,,3,1,val,current_repo_v1
2886,115.44,-1.4521379839441355,,3,1,val,current_repo_v1
2887,115.48,-1.3780631505767478,,3,1,val,current_repo_v1
2888,115.52,-1.61696932477792,,3,1,val,current_repo_v1
2889,115.56,-1.6526220941749978,,3,1,val,current_repo_v1
2890,115.6,-1.5431479435186002,,3,1,val,current_repo_v1
2891,115.64,-1.6764432514427903,,3,1,val,current_repo_v1
2892,115.68,-1.7171009786455589,,3,1,val,current_repo_v1
2893,115.72,-1.860573246710115,,3,1,val,current_repo_v1
2894,115.76,-1.7460294464577106,,3,1,val,current_repo_v1
2895,115.8,-1.6944392622675795,,3,1,val,current_repo_v1
2896,115.84,-1.6959734903369676,,3,1,val,current_repo_v1
2897,115.88,-1.8018324936688226,,3,1,val,current_repo_v1
2898,115.92,-2.039204743517932,,3,1,val,current_repo_v1
2899,115.96,-1.7500054099648592,,3,1,val,current_repo_v1
2900,116.0,-1.5310319001140535,,3,1,val,current_repo_v1
2901,116.04,-1.6600504125202609,,3,1,val,current_repo_v1
2902,116.08,-1.7283300156011998,,3,1,val,current_repo_v1
2903,116.12,-1.6189782630269487,,3,1,val,current_repo_v1
2904,116.16,-1.7824478872321867,,3,1,val,current_repo_v1
2905,116.2,-1.7813198810855555,,3,1,val,current_repo_v1
2906,116.24,-1.6592741110364726,,3,1,val,current_repo_v1
2907,116.28,-1.7116532009793972,,3,1,val,current_repo_v1
2908,116.32,-1.803660112674572,,3,1,val,current_repo_v1
2909,116.36,-1.745102653039174,,3,1,val,current_repo_v1
2910,116.4,-1.638623762646125,,3,1,val,current_repo_v1
2911,116.44,-1.5485260180585767,,3,1,val,current_repo_v1
2912,116.48,-1.5695739324279063,,3,1,val,current_repo_v1
2913,116.52,-1.6580785277849341,,3,1,val,current_repo_v1
2914,116.56,-1.8585535264960338,,3,1,val,current_repo_v1
2915,116.6,-1.8198301749389016,,3,1,val,current_repo_v1
2916,116.64,-1.7489285801875623,,3,1,val,current_repo_v1
2917,116.68,-1.7182678606098447,,3,1,val,current_repo_v1
2918,116.72,-1.7604116766859217,,3,1,val,current_repo_v1
2919,116.76,-1.8836786941005415,,3,1,val,current_repo_v1
2920,116.8,-2.0750606998057197,,3,1,val,current_repo_v1
2921,116.84,-2.1196497440687994,,3,1,val,current_repo_v1
2922,116.88,-2.236892072757611,,3,1,val,current_repo_v1
2923,116.92,-2.3539049430070644,,3,1,val,current_repo_v1
2924,116.96,-2.372087891845653,,3,1,val,current_repo_v1
2925,117.0,-2.4036714565166766,,3,1,val,current_repo_v1
2926,117.04,-2.278218281793642,,3,1,val,current_repo_v1
2927,117.08,-2.291062943061885,,3,1,val,current_repo_v1
2928,117.12,-2.1032979069852025,,3,1,val,current_repo_v1
2929,117.16,-1.8507226308359188,,3,1,val,current_repo_v1
2930,117.2,-1.5345126525220953,,3,1,val,current_repo_v1
2931,117.24,-1.2131857965681612,,3,1,val,current_repo_v1
2932,117.28,-1.1621461000303641,,3,1,val,current_repo_v1
2933,117.32,-0.8474653384500591,,3,1,val,current_repo_v1
2934,117.36,-0.6469251164433243,,3,1,val,current_repo_v1
2935,117.4,-0.6174657887109941,,3,1,val,current_repo_v1
2936,117.44,-0.9753657155227116,,3,1,val,current_repo_v1
2937,117.48,-0.9700085974781895,,3,1,val,current_repo_v1
2938,117.52,-0.6300523661819566,,3,1,val,current_repo_v1
2939,117.56,-0.33185225579589467,,3,1,val,current_repo_v1
2940,117.6,-0.12382397804245224,,3,1,val,current_repo_v1
2941,117.64,0.2246467596664303,,3,1,val,current_repo_v1
2942,117.68,-0.11261012695308273,,3,1,val,current_repo_v1
2943,117.72,-0.5200378644389608,,3,1,val,current_repo_v1
2944,117.76,-0.9811532010173619,,3,1,val,current_repo_v1
2945,117.8,-1.233440401283479,,3,1,val,current_repo_v1
2946,117.84,-1.3901176912228959,,3,1,val,current_repo_v1
2947,117.88,-1.6377372117732072,,3,1,val,current_repo_v1
2948,117.92,-1.7116372558198123,,3,1,val,current_repo_v1
2949,117.96,-1.8365876265106045,,3,1,val,current_repo_v1
2950,118.0,-1.5398032564723492,,3,1,val,current_repo_v1
2951,118.04,-1.288593948994168,,3,1,val,current_repo_v1
2952,118.08,-1.2566047698350382,,3,1,val,current_repo_v1
2953,118.12,-1.0112087638241687,,3,1,val,current_repo_v1
2954,118.16,-0.8962031613784545,,3,1,val,current_repo_v1
2955,118.2,-0.6900017243551151,,3,1,val,current_repo_v1
2956,118.24,-0.8264227391339243,,3,1,val,current_repo_v1
2957,118.28,-1.1303796975294342,,3,1,val,current_repo_v1
2958,118.32,-0.9352782175984297,,3,1,val,current_repo_v1
2959,118.36,-0.8236991540181688,,3,1,val,current_repo_v1
2960,118.4,-0.7819216969658866,,3,1,val,current_repo_v1
2961,118.44,-0.7983894781384648,,3,1,val,current_repo_v1
2962,118.48,-0.755771711176061,,3,1,val,current_repo_v1
2963,118.52,-0.9288430549073089,,3,1,val,current_repo_v1
2964,118.56,-0.9445529854236184,,3,1,val,current_repo_v1
2965,118.6,-0.8784057816844937,,3,1,val,current_repo_v1
2966,118.64,-0.8737892783380223,,3,1,val,current_repo_v1
2967,118.68,-1.083079824278267,,3,1,val,current_repo_v1
2968,118.72,-1.0541920545877224,,3,1,val,current_repo_v1
2969,118.76,-1.1158361934014223,,3,1,val,current_repo_v1
2970,118.8,-1.1718167633892453,,3,1,val,current_repo_v1
2971,118.84,-1.0977464857817392,,3,1,val,current_repo_v1
2972,118.88,-1.0897002545378975,,3,1,val,current_repo_v1
2973,118.92,-1.2816544636841778,,3,1,val,current_repo_v1
2974,118.96,-1.131829492182354,,3,1,val,current_repo_v1
2975,119.0,-1.0796317214827085,,3,1,val,current_repo_v1
2976,119.04,-1.1779673429464423,,3,1,val,current_repo_v1
2977,119.08,-1.1010623196820748,,3,1,val,current_repo_v1
2978,119.12,-1.0854761539758762,,3,1,val,current_repo_v1
2979,119.16,-1.1151462994967176,,3,1,val,current_repo_v1
2980,119.2,-1.023605745754734,,3,1,val,current_repo_v1
2981,119.24,-0.8984983532066969,,3,1,val,current_repo_v1
2982,119.28,-0.93614700100781,,3,1,val,current_repo_v1
2983,119.32,-0.9769535497000373,,3,1,val,current_repo_v1
2984,119.36,-1.0377419649493502,,3,1,val,current_repo_v1
2985,119.4,-1.0225160079911066,,3,1,val,current_repo_v1
2986,119.44,-0.969153633207116,,3,1,val,current_repo_v1
2987,119.48,-1.0345998573591582,,3,1,val,current_repo_v1
2988,119.52,-1.1278170825961544,,3,1,val,current_repo_v1
2989,119.56,-0.9045907708960746,,3,1,val,current_repo_v1
2990,119.6,-0.7486902380164343,,3,1,val,current_repo_v1
2991,119.64,-0.9500634807174806,,3,1,val,current_repo_v1
2992,119.68,-0.8026386353798338,,3,1,val,current_repo_v1
2993,119.72,-0.7332916936880175,,3,1,val,current_repo_v1
2994,119.76,-0.8421390477140678,,3,1,val,current_repo_v1
2995,119.8,-0.8884012707229179,,3,1,val,current_repo_v1
2996,119.84,-0.8796329515378765,,3,1,val,current_repo_v1
2997,119.88,-0.9276612907940773,,3,1,val,current_repo_v1
2998,119.92,-0.9464580523473515,,3,1,val,current_repo_v1
2999,119.96,-0.7968506943091953,,3,1,val,current_repo_v1
3000,120.0,-0.8506126092347834,,3,1,val,current_repo_v1
3001,120.04,-0.783372023124126,,3,1,val,current_repo_v1
3002,120.08,-0.5061259784538373,,3,1,val,current_repo_v1
3003,120.12,-0.2832564207171358,,3,1,val,current_repo_v1
3004,120.16,-0.14938525525277216,,3,1,val,current_repo_v1
3005,120.2,-0.25130850914959835,,3,1,val,current_repo_v1
3006,120.24,-0.312314386003916,,3,1,val,current_repo_v1
3007,120.28,-0.6318382620201257,,3,1,val,current_repo_v1
3008,120.32,-0.6027865609031824,,3,1,val,current_repo_v1
3009,120.36,-0.46901798545664775,,3,1,val,current_repo_v1
3010,120.4,-0.5506826008924278,,3,1,val,current_repo_v1
3011,120.44,-0.7197660222468385,,3,1,val,current_repo_v1
3012,120.48,-0.7398481155213145,,3,1,val,current_repo_v1
3013,120.52,-0.6448675074928962,,3,1,val,current_repo_v1
3014,120.56,-0.619564475429686,,3,1,val,current_repo_v1
3015,120.6,-0.7771140794923912,,3,1,val,current_repo_v1
3016,120.64,-0.8483392850539717,,3,1,val,current_repo_v1
3017,120.68,-0.8762357213943267,,3,1,val,current_repo_v1
3018,120.72,-0.8790422213399234,,3,1,val,current_repo_v1
3019,120.76,-0.9360572525381468,,3,1,val,current_repo_v1
3020,120.8,-0.8709885490216088,,3,1,val,current_repo_v1
3021,120.84,-0.7454193542802617,,3,1,val,current_repo_v1
3022,120.88,-0.7161900544572758,,3,1,val,current_repo_v1
3023,120.92,-0.7125311718378717,,3,1,val,current_repo_v1
3024,120.96,-0.5975468296049374,,3,1,val,current_repo_v1
3025,121.0,-0.62175116424342,,3,1,val,current_repo_v1
3026,121.04,-0.6173746735133663,,3,1,val,current_repo_v1
3027,121.08,-0.6253767138863585,,3,1,val,current_repo_v1
3028,121.12,-0.50155643739881,,3,1,val,current_repo_v1
3029,121.16,-0.7919900022330816,,3,1,val,current_repo_v1
3030,121.2,-0.7704461934006629,,3,1,val,current_repo_v1
3031,121.24,-0.7569499825400503,,3,1,val,current_repo_v1
3032,121.28,-0.8699803593598581,,3,1,val,current_repo_v1
3033,121.32,-0.8786653081390701,,3,1,val,current_repo_v1
3034,121.36,-0.9394146957120656,,3,1,val,current_repo_v1
3035,121.4,-0.939011510962563,,3,1,val,current_repo_v1
3036,121.44,-0.8749698275819522,,3,1,val,current_repo_v1
3037,121.48,-0.6867381298347527,,3,1,val,current_repo_v1
3038,121.52,-0.8253354311089001,,3,1,val,current_repo_v1
3039,121.56,-0.9093360503885266,,3,1,val,current_repo_v1
3040,121.6,-0.8760337493729187,,3,1,val,current_repo_v1
3041,121.64,-0.8402067980897091,,3,1,val,current_repo_v1
3042,121.68,-0.7945972636131989,,3,1,val,current_repo_v1
3043,121.72,-0.9320755184018151,,3,1,val,current_repo_v1
3044,121.76,-1.1011227594298345,,3,1,val,current_repo_v1
3045,121.8,-1.4527285622834258,,3,1,val,current_repo_v1
3046,121.84,-1.5957959751531894,,3,1,val,current_repo_v1
3047,121.88,-1.6345709586556438,,3,1,val,current_repo_v1
3048,121.92,-1.5843947304740322,,3,1,val,current_repo_v1
3049,121.96,-1.5526175460080496,,3,1,val,current_repo_v1
3050,122.0,-1.4889334897781277,,3,1,val,current_repo_v1
3051,122.04,-1.6401432604252302,,3,1,val,current_repo_v1
3052,122.08,-1.7121400598520546,,3,1,val,current_repo_v1
3053,122.12,-1.7073316071559144,,3,1,val,current_repo_v1
3054,122.16,-1.5157930351694793,,3,1,val,current_repo_v1
3055,122.2,-1.476520107111989,,3,1,val,current_repo_v1
3056,122.24,-1.5113168492273545,,3,1,val,current_repo_v1
3057,122.28,-1.4097282633496482,,3,1,val,current_repo_v1
3058,122.32,-1.5602933939735346,,3,1,val,current_repo_v1
3059,122.36,-1.5332409880805375,,3,1,val,current_repo_v1
3060,122.4,-1.4652578131092142,,3,1,val,current_repo_v1
3061,122.44,-1.482231663275283,,3,1,val,current_repo_v1
3062,122.48,-1.5146594102523276,,3,1,val,current_repo_v1
3063,122.52,-1.5760746980613192,,3,1,val,current_repo_v1
3064,122.56,-1.5532854204066608,,3,1,val,current_repo_v1
3065,122.6,-1.508568966725565,,3,1,val,current_repo_v1
3066,122.64,-1.4767498692686738,,3,1,val,current_repo_v1
3067,122.68,-1.8546250947503145,,3,1,val,current_repo_v1
3068,122.72,-1.881900277301511,,3,1,val,current_repo_v1
3069,122.76,-1.8509364478330186,,3,1,val,current_repo_v1
3070,122.8,-1.8289224086515095,,3,1,val,current_repo_v1
3071,122.84,-1.8004643989764422,,3,1,val,current_repo_v1
3072,122.88,-1.5944940908377518,,3,1,val,current_repo_v1
3073,122.92,-1.6103932372478016,,3,1,val,current_repo_v1
3074,122.96,-1.3105829314963295,,3,1,val,current_repo_v1
3075,123.0,-1.1821771687941687,,3,1,val,current_repo_v1
3076,123.04,-0.9395706545586717,,3,1,val,current_repo_v1
3077,123.08,-1.1096731614338828,,3,1,val,current_repo_v1
3078,123.12,-1.4827946033379598,,3,1,val,current_repo_v1
3079,123.16,-1.7184052926995999,,3,1,val,current_repo_v1
3080,123.2,-1.5772106008584115,,3,1,val,current_repo_v1
3081,123.24,-1.7070755734505805,,3,1,val,current_repo_v1
3082,123.28,-1.679916562776359,,3,1,val,current_repo_v1
3083,123.32,-1.538730678737608,,3,1,val,current_repo_v1
3084,123.36,-1.6602232276784281,,3,1,val,current_repo_v1
3085,123.4,-1.599550832447428,,3,1,val,current_repo_v1
3086,123.44,-1.8530832737477905,,3,1,val,current_repo_v1
3087,123.48,-1.9273049544420215,,3,1,val,current_repo_v1
3088,123.52,-1.8548753578264652,,3,1,val,current_repo_v1
3089,123.56,-1.9431052408626452,,3,1,val,current_repo_v1
3090,123.6,-1.9412285715088395,,3,1,val,current_repo_v1
3091,123.64,-1.7990237158432851,,3,1,val,current_repo_v1
3092,123.68,-1.8501273448780844,,3,1,val,current_repo_v1
3093,123.72,-2.0623905241409335,,3,1,val,current_repo_v1
3094,123.76,-2.0619917432926496,,3,1,val,current_repo_v1
3095,123.8,-1.9628989545366295,,3,1,val,current_repo_v1
3096,123.84,-1.7412480246035331,,3,1,val,current_repo_v1
3097,123.88,-1.589086707575872,,3,1,val,current_repo_v1
3098,123.92,-1.6139725459279441,,3,1,val,current_repo_v1
3099,123.96,-1.633729357946889,,3,1,val,current_repo_v1
3100,124.0,-1.5652635761454643,,3,1,val,current_repo_v1
3101,124.04,-1.6735406249636964,,3,1,val,current_repo_v1
3102,124.08,-1.8116287441417673,,3,1,val,current_repo_v1
3103,124.12,-1.8135093618208036,,3,1,val,current_repo_v1
3104,124.16,-1.8271098236533687,,3,1,val,current_repo_v1
3105,124.2,-1.7104058339238737,,3,1,val,current_repo_v1
3106,124.24,-1.7323448549260028,,3,1,val,current_repo_v1
3107,124.28,-1.7955613383334317,,3,1,val,current_repo_v1
3108,124.32,-1.8013582390651701,,3,1,val,current_repo_v1
3109,124.36,-1.857408360320516,,3,1,val,current_repo_v1
3110,124.4,-1.7348152916510158,,3,1,val,current_repo_v1
3111,124.44,-1.8691576650546111,,3,1,val,current_repo_v1
3112,124.48,-1.9029481916708408,,3,1,val,current_repo_v1
3113,124.52,-1.9084879956866065,,3,1,val,current_repo_v1
3114,124.56,-1.9532870604802182,,3,1,val,current_repo_v1
3115,124.6,-2.050390197037374,,3,1,val,current_repo_v1
3116,124.64,-1.9544038290858086,,3,1,val,current_repo_v1
3117,124.68,-1.8807180576122913,,3,1,val,current_repo_v1
3118,124.72,-1.8085239937826025,,3,1,val,current_repo_v1
3119,124.76,-2.0582812287279233,,3,1,val,current_repo_v1
3120,124.8,-1.9603709633784483,,3,1,val,current_repo_v1
3121,124.84,-1.5404535152660856,,3,1,val,current_repo_v1
3122,124.88,-1.30746056553229,,3,1,val,current_repo_v1
3123,124.92,-1.4108984862045137,,3,1,val,current_repo_v1
3124,124.96,-1.4274714295010205,,3,1,val,current_repo_v1
3125,125.0,-1.6048689228156328,,3,1,val,current_repo_v1
3126,125.04,-1.9866908030825183,,3,1,val,current_repo_v1
3127,125.08,-1.9993011464341954,,3,1,val,current_repo_v1
3128,125.12,-1.9170353605174006,,3,1,val,current_repo_v1
3129,125.16,-2.158322982267236,,3,1,val,current_repo_v1
3130,125.2,-2.210696301580978,,3,1,val,current_repo_v1
3131,125.24,-2.228353212011929,,3,1,val,current_repo_v1
3132,125.28,-2.1478464049853376,,3,1,val,current_repo_v1
3133,125.32,-1.9048898565322876,,3,1,val,current_repo_v1
3134,125.36,-1.8817493297907744,,3,1,val,current_repo_v1
3135,125.4,-2.034275411326272,,3,1,val,current_repo_v1
3136,125.44,-2.178500290923233,,3,1,val,current_repo_v1
3137,125.48,-2.0515324778983004,,3,1,val,current_repo_v1
3138,125.52,-2.1611111073146447,,3,1,val,current_repo_v1
3139,125.56,-2.0123245453484513,,3,1,val,current_repo_v1
3140,125.6,-1.85370179408102,,3,1,val,current_repo_v1
3141,125.64,-1.8726062234261578,,3,1,val,current_repo_v1
3142,125.68,-1.8257613187284782,,3,1,val,current_repo_v1
3143,125.72,-2.017882572403743,,3,1,val,current_repo_v1
3144,125.76,-2.182429937538254,,3,1,val,current_repo_v1
3145,125.8,-1.9937065214411904,,3,1,val,current_repo_v1
3146,125.84,-1.6146581877900927,,3,1,val,current_repo_v1
3147,125.88,-1.3838910304756797,,3,1,val,current_repo_v1
3148,125.92,-1.5183278599674825,,3,1,val,current_repo_v1
3149,125.96,-1.5413441663228966,,3,1,val,current_repo_v1
3150,126.0,-1.4831487377394061,,3,1,val,current_repo_v1
3151,126.04,-1.4280446959527617,,3,1,val,current_repo_v1
3152,126.08,-1.3347611084801598,,3,1,val,current_repo_v1
3153,126.12,-1.2010925319630215,,3,1,val,current_repo_v1
3154,126.16,-0.7710376069625982,,3,1,val,current_repo_v1
3155,126.2,-0.2399055560604856,,3,1,val,current_repo_v1
3156,126.24,-0.005417586265781056,,3,1,val,current_repo_v1
3157,126.28,-0.12230746048960296,,3,1,val,current_repo_v1
3158,126.32,-0.5922270308267771,,3,1,val,current_repo_v1
3159,126.36,-0.9030973928069563,,3,1,val,current_repo_v1
3160,126.4,-0.9683393670576496,,3,1,val,current_repo_v1
3161,126.44,-1.1787167654469304,,3,1,val,current_repo_v1
3162,126.48,-1.3373099042751326,,3,1,val,current_repo_v1
3163,126.52,-1.5079229599743844,,3,1,val,current_repo_v1
3164,126.56,-1.4764147172000663,,3,1,val,current_repo_v1
3165,126.6,-1.4219768793667433,,3,1,val,current_repo_v1
3166,126.64,-1.4525823223912333,,3,1,val,current_repo_v1
3167,126.68,-1.5039728124398972,,3,1,val,current_repo_v1
3168,126.72,-1.4538427492917503,,3,1,val,current_repo_v1
3169,126.76,-1.5011212104714748,,3,1,val,current_repo_v1
3170,126.8,-1.4312470914320508,,3,1,val,current_repo_v1
3171,126.84,-1.4471834432144652,,3,1,val,current_repo_v1
3172,126.88,-1.476797856606091,,3,1,val,current_repo_v1
3173,126.92,-1.398146762437851,,3,1,val,current_repo_v1
3174,126.96,-1.2771547396493326,,3,1,val,current_repo_v1
3175,127.0,-1.3439353458706327,,3,1,val,current_repo_v1
3176,127.04,-1.531465304737436,,3,1,val,current_repo_v1
3177,127.08,-1.7336194046821518,,3,1,val,current_repo_v1
3178,127.12,-1.546667268026971,,3,1,val,current_repo_v1
3179,127.16,-1.4856255525282531,,3,1,val,current_repo_v1
3180,127.2,-1.4361380033820443,,3,1,val,current_repo_v1
3181,127.24,-1.4942907596813124,,3,1,val,current_repo_v1
3182,127.28,-1.5597190645111545,,3,1,val,current_repo_v1
3183,127.32,-1.6220717758450727,,3,1,val,current_repo_v1
3184,127.36,-1.7355405686241325,,3,1,val,current_repo_v1
3185,127.4,-1.749115366342699,,3,1,val,current_repo_v1
3186,127.44,-1.5831403779200237,,3,1,val,current_repo_v1
3187,127.48,-1.5765071915327253,,3,1,val,current_repo_v1
3188,127.52,-1.899605478787205,,3,1,val,current_repo_v1
3189,127.56,-1.9761636568659364,,3,1,val,current_repo_v1
3190,127.6,-1.8063258396398338,,3,1,val,current_repo_v1
3191,127.64,-1.826940349385781,,3,1,val,current_repo_v1
3192,127.68,-1.767586391064454,,3,1,val,current_repo_v1
3193,127.72,-1.6497811223129655,,3,1,val,current_repo_v1
3194,127.76,-1.7991347245257283,,3,1,val,current_repo_v1
3195,127.8,-1.5679680270697178,,3,1,val,current_repo_v1
3196,127.84,-1.6321961928881399,,3,1,val,current_repo_v1
3197,127.88,-1.7751339184599466,,3,1,val,current_repo_v1
3198,127.92,-1.8092308958575312,,3,1,val,current_repo_v1
3199,127.96,-1.8610317080128451,,3,1,val,current_repo_v1
3200,128.0,-1.9012794168262892,,3,1,val,current_repo_v1
3201,128.04,-1.9509025757583005,,3,1,val,current_repo_v1
3202,128.08,-2.019259626757223,,3,1,val,current_repo_v1
3203,128.12,-1.6712408773755725,,3,1,val,current_repo_v1
3204,128.16,-1.721835628031621,,3,1,val,current_repo_v1
3205,128.2,-1.9795253520824112,,3,1,val,current_repo_v1
3206,128.24,-1.8928047922949345,,3,1,val,current_repo_v1
3207,128.28,-1.655190783454786,,3,1,val,current_repo_v1
3208,128.32,-1.698066558285139,,3,1,val,current_repo_v1
3209,128.36,-1.9702182383620646,,3,1,val,current_repo_v1
3210,128.4,-2.092213439476464,,3,1,val,current_repo_v1
3211,128.44,-2.1433144869139973,,3,1,val,current_repo_v1
3212,128.48,-2.2314644922935907,,3,1,val,current_repo_v1
3213,128.52,-2.225720590235139,,3,1,val,current_repo_v1
3214,128.56,-2.12847121378579,,3,1,val,current_repo_v1
3215,128.6,-2.199589358990158,,3,1,val,current_repo_v1
3216,128.64,-2.2890933362064994,,3,1,val,current_repo_v1
3217,128.68,-2.226395146414909,,3,1,val,current_repo_v1
3218,128.72,-2.2416113844187393,,3,1,val,current_repo_v1
3219,128.76,-1.9104934411863927,,3,1,val,current_repo_v1
3220,128.8,-1.2338104808445103,,3,1,val,current_repo_v1
3221,128.84,-0.794341837342516,,3,1,val,current_repo_v1
3222,128.88,-0.9558321357379546,,3,1,val,current_repo_v1
3223,128.92,-1.2932871409653093,,3,1,val,current_repo_v1
3224,128.96,-1.5146410353541393,,3,1,val,current_repo_v1
3225,129.0,-1.6796249941439503,,3,1,val,current_repo_v1
3226,129.04,-1.7855690383269245,,3,1,val,current_repo_v1
3227,129.08,-1.8158191320806665,,3,1,val,current_repo_v1
3228,129.12,-1.7345164338027967,,3,1,val,current_repo_v1
3229,129.16,-1.4810003932380071,,3,1,val,current_repo_v1
3230,129.2,-1.6638344266777403,,3,1,val,current_repo_v1
3231,129.24,-1.7454481314968457,,3,1,val,current_repo_v1
3232,129.28,-1.79656770569123,,3,1,val,current_repo_v1
3233,129.32,-1.9281419993908948,,3,1,val,current_repo_v1
3234,129.36,-1.7946023508784,,3,1,val,current_repo_v1
3235,129.4,-1.8679479589474404,,3,1,val,current_repo_v1
3236,129.44,-1.887814412920864,,3,1,val,current_repo_v1
3237,129.48,-1.7979156031814694,,3,1,val,current_repo_v1
3238,129.52,-1.7617027790363065,,3,1,val,current_repo_v1
3239,129.56,-1.9321794656564422,,3,1,val,current_repo_v1
3240,129.6,-1.6928761810522757,,3,1,val,current_repo_v1
3241,129.64,-1.5225893177605312,,3,1,val,current_repo_v1
3242,129.68,-1.792776098600615,,3,1,val,current_repo_v1
3243,129.72,-1.7750636078991107,,3,1,val,current_repo_v1
3244,129.76,-1.6556137098304415,,3,1,val,current_repo_v1
3245,129.8,-1.5285298767871962,,3,1,val,current_repo_v1
3246,129.84,-1.476278499979613,,3,1,val,current_repo_v1
3247,129.88,-1.6542560933857884,,3,1,val,current_repo_v1
3248,129.92,-1.512060804815985,,3,1,val,current_repo_v1
3249,129.96,-1.3556087212733714,,3,1,val,current_repo_v1
3250,130.0,-1.3811159652732647,,3,1,val,current_repo_v1
3251,130.04,-1.357410828023785,,3,1,val,current_repo_v1
3252,130.08,-1.3384673710023303,,3,1,val,current_repo_v1
3253,130.12,-1.3650098355059372,,3,1,val,current_repo_v1
3254,130.16,-1.759061653174404,,3,1,val,current_repo_v1
3255,130.2,-1.53256491331414,,3,1,val,current_repo_v1
3256,130.24,-1.4028325133345194,,3,1,val,current_repo_v1
3257,130.28,-0.9974019260689768,,3,1,val,current_repo_v1
3258,130.32,-0.8101923889804976,,3,1,val,current_repo_v1
3259,130.36,-0.8377749334650252,,3,1,val,current_repo_v1
3260,130.4,-1.1456788503631055,,3,1,val,current_repo_v1
3261,130.44,-1.3729579660536664,,3,1,val,current_repo_v1
3262,130.48,-1.3807364704751452,,3,1,val,current_repo_v1
3263,130.52,-1.51179687446019,,3,1,val,current_repo_v1
3264,130.56,-1.6391321854488878,,3,1,val,current_repo_v1
3265,130.6,-1.2297560064087394,,3,1,val,current_repo_v1
3266,130.64,-1.1664253252869503,,3,1,val,current_repo_v1
3267,130.68,-1.1318223548252064,,3,1,val,current_repo_v1
3268,130.72,-1.0818160564871704,,3,1,val,current_repo_v1
3269,130.76,-1.1057477668614177,,3,1,val,current_repo_v1
3270,130.8,-1.2444985972435678,,3,1,val,current_repo_v1
3271,130.84,-1.2434721845422916,,3,1,val,current_repo_v1
3272,130.88,-1.2347553454439097,,3,1,val,current_repo_v1
3273,130.92,-1.4133016495419448,,3,1,val,current_repo_v1
3274,130.96,-1.521881200816301,,3,1,val,current_repo_v1
3275,131.0,-1.2905184538267283,,3,1,val,current_repo_v1
3276,131.04,-0.9915533933919158,,3,1,val,current_repo_v1
3277,131.08,-1.25270215406198,,3,1,val,current_repo_v1
3278,131.12,-1.1725567706526452,,3,1,val,current_repo_v1
3279,131.16,-1.1593455225726133,,3,1,val,current_repo_v1
3280,131.2,-1.3760584643702751,,3,1,val,current_repo_v1
3281,131.24,-1.4373196156366133,,3,1,val,current_repo_v1
3282,131.28,-1.5768938236879924,,3,1,val,current_repo_v1
3283,131.32,-1.4826594491281453,,3,1,val,current_repo_v1
3284,131.36,-1.3049703871811242,,3,1,val,current_repo_v1
3285,131.4,-1.2282254229472562,,3,1,val,current_repo_v1
3286,131.44,-1.1018281429181358,,3,1,val,current_repo_v1
3287,131.48,-1.0680345791286516,,3,1,val,current_repo_v1
3288,131.52,-0.8234955115514708,,3,1,val,current_repo_v1
3289,131.56,-0.8345928870465396,,3,1,val,current_repo_v1
3290,131.6,-1.259467305627176,,3,1,val,current_repo_v1
3291,131.64,-1.545683527609917,,3,1,val,current_repo_v1
3292,131.68,-1.318373736469488,,3,1,val,current_repo_v1
3293,131.72,-1.204823091871226,,3,1,val,current_repo_v1
3294,131.76,-1.247797726691005,,3,1,val,current_repo_v1
3295,131.8,-1.2168345046571636,,3,1,val,current_repo_v1
3296,131.84,-0.9446351409601461,,3,1,val,current_repo_v1
3297,131.88,-0.8410072451008687,,3,1,val,current_repo_v1
3298,131.92,-0.9489161885206848,,3,1,val,current_repo_v1
3299,131.96,-1.0116207563761086,,3,1,val,current_repo_v1
3300,132.0,-0.8700682855255688,,3,1,val,current_repo_v1
3301,132.04,-0.9630244657213617,,3,1,val,current_repo_v1
3302,132.08,-1.029758906909197,,3,1,val,current_repo_v1
3303,132.12,-0.8743853235891704,,3,1,val,current_repo_v1
3304,132.16,-0.4504716388381871,,3,1,val,current_repo_v1
3305,132.2,-0.10199037542574525,,3,1,val,current_repo_v1
3306,132.24,0.16320037879624827,,3,1,val,current_repo_v1
3307,132.28,0.18125705715679127,,3,1,val,current_repo_v1
3308,132.32,0.5119023782661096,,3,1,val,current_repo_v1
3309,132.36,0.706656063894836,,3,1,val,current_repo_v1
3310,132.4,0.7911105887173113,,3,1,val,current_repo_v1
3311,132.44,0.8364929426344031,,3,1,val,current_repo_v1
3312,132.48,0.907030380312557,,3,1,val,current_repo_v1
3313,132.52,0.8085567193244173,,3,1,val,current_repo_v1
3314,132.56,0.8357608320214643,,3,1,val,current_repo_v1
3315,132.6,1.1110291074332461,,3,1,val,current_repo_v1
3316,132.64,1.0563153424097738,,3,1,val,current_repo_v1
3317,132.68,0.8997549836406459,,3,1,val,current_repo_v1
3318,132.72,0.8591974831552677,,3,1,val,current_repo_v1
3319,132.76,0.8088167013549817,,3,1,val,current_repo_v1
3320,132.8,0.7780988829200841,,3,1,val,current_repo_v1
3321,132.84,0.6200489804930714,,3,1,val,current_repo_v1
3322,132.88,0.47921115650925833,,3,1,val,current_repo_v1
3323,132.92,0.4395563039150454,,3,1,val,current_repo_v1
3324,132.96,0.37804496550188793,,3,1,val,current_repo_v1
3325,133.0,0.2235775987516003,,3,1,val,current_repo_v1
3326,133.04,-0.22297542220694525,,3,1,val,current_repo_v1
3327,133.08,-0.6258996391914103,,3,1,val,current_repo_v1
3328,133.12,-0.45635008767180246,,3,1,val,current_repo_v1
3329,133.16,0.05843407447194377,,3,1,val,current_repo_v1
3330,133.2,0.29780307591239913,,3,1,val,current_repo_v1
3331,133.24,0.6901880549342638,,3,1,val,current_repo_v1
3332,133.28,1.0114687458547331,,3,1,val,current_repo_v1
3333,133.32,1.3307359427662924,,3,1,val,current_repo_v1
3334,133.36,1.3901949872822166,,3,1,val,current_repo_v1
3335,133.4,1.036625044485097,,3,1,val,current_repo_v1
3336,133.44,0.5555293219715719,,3,1,val,current_repo_v1
3337,133.48,0.45123757596824515,,3,1,val,current_repo_v1
3338,133.52,0.6817879930063011,,3,1,val,current_repo_v1
3339,133.56,0.7690356542120543,,3,1,val,current_repo_v1
3340,133.6,0.6213034849057425,,3,1,val,current_repo_v1
3341,133.64,0.8806686276175782,,3,1,val,current_repo_v1
3342,133.68,1.254153467301527,,3,1,val,current_repo_v1
3343,133.72,1.3503893390359298,,3,1,val,current_repo_v1
3344,133.76,1.0234279192606974,,3,1,val,current_repo_v1
3345,133.8,0.8370851914189833,,3,1,val,current_repo_v1
3346,133.84,0.7866006901520645,,3,1,val,current_repo_v1
3347,133.88,0.9527237407708847,,3,1,val,current_repo_v1
3348,133.92,0.8025267155454144,,3,1,val,current_repo_v1
3349,133.96,0.8559840019936005,,3,1,val,current_repo_v1
3350,134.0,1.037229593821357,,3,1,val,current_repo_v1
3351,134.04,1.121052234748284,,3,1,val,current_repo_v1
3352,134.08,1.1141836674337806,,3,1,val,current_repo_v1
3353,134.12,0.947414002629129,,3,1,val,current_repo_v1
3354,134.16,0.7724023607643988,,3,1,val,current_repo_v1
3355,134.2,0.8012892193029673,,3,1,val,current_repo_v1
3356,134.24,0.5720078091798714,,3,1,val,current_repo_v1
3357,134.28,0.6454565672455594,,3,1,val,current_repo_v1
3358,134.32,0.5273138305808571,,3,1,val,current_repo_v1
3359,134.36,0.5902572721127284,,3,1,val,current_repo_v1
3360,134.4,0.395548650542162,,3,1,val,current_repo_v1
3361,134.44,0.17775151382206159,,3,1,val,current_repo_v1
3362,134.48,0.4898385294432307,,3,1,val,current_repo_v1
3363,134.52,0.8582067572397288,,3,1,val,current_repo_v1
3364,134.56,0.8217383549652202,,3,1,val,current_repo_v1
3365,134.6,0.6444880126947767,,3,1,val,current_repo_v1
3366,134.64,0.5320095282199333,,3,1,val,current_repo_v1
3367,134.68,0.28233308208317587,,3,1,val,current_repo_v1
3368,134.72,0.3006785956201988,,3,1,val,current_repo_v1
3369,134.76,0.45000368636903737,,3,1,val,current_repo_v1
3370,134.8,0.4288119998107841,,3,1,val,current_repo_v1
3371,134.84,0.32704999134025975,,3,1,val,current_repo_v1
3372,134.88,0.1566234940081507,,3,1,val,current_repo_v1
3373,134.92,-0.19921548296255903,,3,1,val,current_repo_v1
3374,134.96,-0.3275979733246592,,3,1,val,current_repo_v1
3375,135.0,-0.3769886746087229,,3,1,val,current_repo_v1
3376,135.04,-0.7265156842284376,,3,1,val,current_repo_v1
3377,135.08,-0.5990935860139994,,3,1,val,current_repo_v1
3378,135.12,-0.2526233014513664,,3,1,val,current_repo_v1
3379,135.16,-0.23524998707303132,,3,1,val,current_repo_v1
3380,135.2,-0.05400414847494799,,3,1,val,current_repo_v1
3381,135.24,-0.04647073444392129,,3,1,val,current_repo_v1
3382,135.28,0.2621652266289328,,3,1,val,current_repo_v1
3383,135.32,0.3572325079890944,,3,1,val,current_repo_v1
3384,135.36,0.4673500078700752,,3,1,val,current_repo_v1
3385,135.4,0.7965238944670372,,3,1,val,current_repo_v1
3386,135.44,0.6856054160695774,,3,1,val,current_repo_v1
3387,135.48,0.5205594609807139,,3,1,val,current_repo_v1
3388,135.52,0.5228186623058934,,3,1,val,current_repo_v1
3389,135.56,0.47520778251349016,,3,1,val,current_repo_v1
3390,135.6,0.6044930346607527,,3,1,val,current_repo_v1
3391,135.64,0.6245583475529989,,3,1,val,current_repo_v1
3392,135.68,0.471030264596256,,3,1,val,current_repo_v1
3393,135.72,0.3256650403363183,,3,1,val,current_repo_v1
3394,135.76,0.2483828001537721,,3,1,val,current_repo_v1
3395,135.8,0.2959691547721471,,3,1,val,current_repo_v1
3396,135.84,0.3044050173798443,,3,1,val,current_repo_v1
3397,135.88,0.6034256960498753,,3,1,val,current_repo_v1
3398,135.92,0.6027617699764946,,3,1,val,current_repo_v1
3399,135.96,0.4390965518136822,,3,1,val,current_repo_v1
3400,136.0,0.5351157212363937,,3,1,val,current_repo_v1
3401,136.04,0.1970508895842497,,3,1,val,current_repo_v1
3402,136.08,0.1522067037854796,,3,1,val,current_repo_v1
3403,136.12,-0.06564215030044097,,3,1,val,current_repo_v1
3404,136.16,-0.15370555827762208,,3,1,val,current_repo_v1
3405,136.2,-0.16621040731454584,,3,1,val,current_repo_v1
3406,136.24,0.13546267272309384,,3,1,val,current_repo_v1
3407,136.28,0.044704304988078716,,3,1,val,current_repo_v1
3408,136.32,0.07994096266699043,,3,1,val,current_repo_v1
3409,136.36,-0.14502011595775627,,3,1,val,current_repo_v1
3410,136.4,0.027932977331070336,,3,1,val,current_repo_v1
3411,136.44,0.2854662300122679,,3,1,val,current_repo_v1
3412,136.48,0.38466661063082014,,3,1,val,current_repo_v1
3413,136.52,0.5425844339859384,,3,1,val,current_repo_v1
3414,136.56,0.6663260476862017,,3,1,val,current_repo_v1
3415,136.6,0.49335701872895665,,3,1,val,current_repo_v1
3416,136.64,0.5056304636374053,,3,1,val,current_repo_v1
3417,136.68,0.541043979711379,,3,1,val,current_repo_v1
3418,136.72,0.23234242518739928,,3,1,val,current_repo_v1
3419,136.76,0.2626085400300574,,3,1,val,current_repo_v1
3420,136.8,0.10969685138526611,,3,1,val,current_repo_v1
3421,136.84,0.23703603476986312,,3,1,val,current_repo_v1
3422,136.88,0.3946709074716816,,3,1,val,current_repo_v1
3423,136.92,0.46790505128229076,,3,1,val,current_repo_v1
3424,136.96,0.5058732097097518,,3,1,val,current_repo_v1
3425,137.0,0.6894393917270893,,3,1,val,current_repo_v1
3426,137.04,0.696762623877755,,3,1,val,current_repo_v1
3427,137.08,0.5204757109282278,,3,1,val,current_repo_v1
3428,137.12,0.24280465182567143,,3,1,val,current_repo_v1
3429,137.16,-0.1701473431453771,,3,1,val,current_repo_v1
3430,137.2,-0.17561801350494274,,3,1,val,current_repo_v1
3431,137.24,0.011633037945455558,,3,1,val,current_repo_v1
3432,137.28,0.09648753950318376,,3,1,val,current_repo_v1
3433,137.32,0.5978929534619257,,3,1,val,current_repo_v1
3434,137.36,0.9407334363390643,,3,1,val,current_repo_v1
3435,137.4,0.45851555423742235,,3,1,val,current_repo_v1
3436,137.44,-0.14612927264787826,,3,1,val,current_repo_v1
3437,137.48,-0.15409552183230232,,3,1,val,current_repo_v1
3438,137.52,-0.3122378872025744,,3,1,val,current_repo_v1
3439,137.56,-0.3322019483314567,,3,1,val,current_repo_v1
3440,137.6,-0.6795730584813026,,3,1,val,current_repo_v1
3441,137.64,-0.5976234802649417,,3,1,val,current_repo_v1
3442,137.68,-0.43117176953534514,,3,1,val,current_repo_v1
3443,137.72,-0.21903269676459805,,3,1,val,current_repo_v1
3444,137.76,-0.31126872521714083,,3,1,val,current_repo_v1
3445,137.8,-0.4373185146613085,,3,1,val,current_repo_v1
3446,137.84,-0.5095486828880572,,3,1,val,current_repo_v1
3447,137.88,-0.2786300465575881,,3,1,val,current_repo_v1
3448,137.92,-0.1877355944784494,,3,1,val,current_repo_v1
3449,137.96,0.24171571132002306,,3,1,val,current_repo_v1
3450,138.0,0.39720421368305775,,3,1,val,current_repo_v1
3451,138.04,0.7352600097447703,,3,1,val,current_repo_v1
3452,138.08,0.7785161905252191,,3,1,val,current_repo_v1
3453,138.12,0.7527014327333321,,3,1,val,current_repo_v1
3454,138.16,0.3946912565324851,,3,1,val,current_repo_v1
3455,138.2,0.447536590534604,,3,1,val,current_repo_v1
3456,138.24,0.38625482445480275,,3,1,val,current_repo_v1
3457,138.28,0.5112296443902916,,3,1,val,current_repo_v1
3458,138.32,0.7182308830254741,,3,1,val,current_repo_v1
3459,138.36,0.8243204078073272,,3,1,val,current_repo_v1
3460,138.4,0.6502636532137355,,3,1,val,current_repo_v1
3461,138.44,0.40266656978083987,,3,1,val,current_repo_v1
3462,138.48,0.9059734440200754,,3,1,val,current_repo_v1
3463,138.52,1.1381243374691281,,3,1,val,current_repo_v1
3464,138.56,1.4304032128433553,,3,1,val,current_repo_v1
3465,138.6,1.5456267324700623,,3,1,val,current_repo_v1
3466,138.64,1.775108861780599,,3,1,val,current_repo_v1
3467,138.68,1.9547936502729926,,3,1,val,current_repo_v1
3468,138.72,1.9413069305787993,,3,1,val,current_repo_v1
3469,138.76,2.145997222049483,,3,1,val,current_repo_v1
3470,138.8,1.8713009982201405,,3,1,val,current_repo_v1
3471,138.84,1.8574445026822417,,3,1,val,current_repo_v1
3472,138.88,2.0237336866780695,,3,1,val,current_repo_v1
3473,138.92,2.1592520535657136,,3,1,val,current_repo_v1
3474,138.96,2.090921122256778,,3,1,val,current_repo_v1
3475,139.0,2.1715775100661414,,3,1,val,current_repo_v1
3476,139.04,1.9114700442462993,,3,1,val,current_repo_v1
3477,139.08,1.8062927344513624,,3,1,val,current_repo_v1
3478,139.12,1.8468037661859504,,3,1,val,current_repo_v1
3479,139.16,1.9702956862800483,,3,1,val,current_repo_v1
3480,139.2,2.0704071429455464,,3,1,val,current_repo_v1
3481,139.24,1.7969339887856934,,3,1,val,current_repo_v1
3482,139.28,1.8586019694094391,,3,1,val,current_repo_v1
3483,139.32,1.9872754589339627,,3,1,val,current_repo_v1
3484,139.36,1.9535853108937862,,3,1,val,current_repo_v1
3485,139.4,1.9300271728298126,,3,1,val,current_repo_v1
3486,139.44,1.8600769726003692,,3,1,val,current_repo_v1
3487,139.48,1.725939760250099,,3,1,val,current_repo_v1
3488,139.52,1.888886535079617,,3,1,val,current_repo_v1
3489,139.56,1.8973234986626186,,3,1,val,current_repo_v1
3490,139.6,2.010089185833318,,3,1,val,current_repo_v1
3491,139.64,2.4050775158747353,,3,1,val,current_repo_v1
3492,139.68,2.755928884891969,,3,1,val,current_repo_v1
3493,139.72,3.0735637530380275,,3,1,val,current_repo_v1
3494,139.76,3.058922148213903,,3,1,val,current_repo_v1
3495,139.8,3.193337110058275,,3,1,val,current_repo_v1
3496,139.84,3.3458329717198927,,3,1,val,current_repo_v1
3497,139.88,3.332125601388778,,3,1,val,current_repo_v1
3498,139.92,3.4011289628562063,,3,1,val,current_repo_v1
3499,139.96,3.205846619257911,,3,1,val,current_repo_v1
3500,140.0,3.260505411445481,,3,1,val,current_repo_v1
3501,140.04,3.188627365492898,,3,1,val,current_repo_v1
3502,140.08,3.168466913148462,,3,1,val,current_repo_v1
3503,140.12,3.0809744557784158,,3,1,val,current_repo_v1
3504,140.16,2.993605915077143,,3,1,val,current_repo_v1
3505,140.2,2.8763400482956105,,3,1,val,current_repo_v1
3506,140.24,2.886286183268653,,3,1,val,current_repo_v1
3507,140.28,2.7863124624102356,,3,1,val,current_repo_v1
3508,140.32,2.5612709841147487,,3,1,val,current_repo_v1
3509,140.36,2.5438493027523394,,3,1,val,current_repo_v1
3510,140.4,2.4884688781995576,,3,1,val,current_repo_v1
3511,140.44,2.5016578030561707,,3,1,val,current_repo_v1
3512,140.48,2.6601789608782473,,3,1,val,current_repo_v1
3513,140.52,2.625006064855342,,3,1,val,current_repo_v1
3514,140.56,2.62943821178528,,3,1,val,current_repo_v1
3515,140.6,2.6444385067707326,,3,1,val,current_repo_v1
3516,140.64,2.5762873761184486,,3,1,val,current_repo_v1
3517,140.68,2.3982444834873067,,3,1,val,current_repo_v1
3518,140.72,2.0816273720987497,,3,1,val,current_repo_v1
3519,140.76,2.1361895821768346,,3,1,val,current_repo_v1
3520,140.8,2.1123635654318353,,3,1,val,current_repo_v1
3521,140.84,2.126655591614395,,3,1,val,current_repo_v1
3522,140.88,2.1824112589227407,,3,1,val,current_repo_v1
3523,140.92,2.251108928902128,,3,1,val,current_repo_v1
3524,140.96,2.1727445438890896,,3,1,val,current_repo_v1
3525,141.0,2.148794458616654,,3,1,val,current_repo_v1
3526,141.04,2.208980602409648,,3,1,val,current_repo_v1
3527,141.08,2.3975137396023323,,3,1,val,current_repo_v1
3528,141.12,2.5570420240755207,,3,1,val,current_repo_v1
3529,141.16,2.5893578512181454,,3,1,val,current_repo_v1
3530,141.2,2.4124053037852824,,3,1,val,current_repo_v1
3531,141.24,2.3078275319907355,,3,1,val,current_repo_v1
3532,141.28,2.313714484909463,,3,1,val,current_repo_v1
3533,141.32,2.571703674243123,,3,1,val,current_repo_v1
3534,141.36,2.7490496874710755,,3,1,val,current_repo_v1
3535,141.4,2.8125988932085084,,3,1,val,current_repo_v1
3536,141.44,2.8722228562321392,,3,1,val,current_repo_v1
3537,141.48,2.767991929623229,,3,1,val,current_repo_v1
3538,141.52,2.8222388811175216,,3,1,val,current_repo_v1
3539,141.56,3.0363747814089463,,3,1,val,current_repo_v1
3540,141.6,3.041537975941184,,3,1,val,current_repo_v1
3541,141.64,3.020009277045705,,3,1,val,current_repo_v1
3542,141.68,2.8953062841164723,,3,1,val,current_repo_v1
3543,141.72,2.812498666491118,,3,1,val,current_repo_v1
3544,141.76,2.6991206851923604,,3,1,val,current_repo_v1
3545,141.8,2.6235937792921122,,3,1,val,current_repo_v1
3546,141.84,2.6193393069975484,,3,1,val,current_repo_v1
3547,141.88,2.7094795720106566,,3,1,val,current_repo_v1
3548,141.92,2.6658973506813632,,3,1,val,current_repo_v1
3549,141.96,2.431766068411872,,3,1,val,current_repo_v1
3550,142.0,2.2572024096021446,,3,1,val,current_repo_v1
3551,142.04,2.000895814251343,,3,1,val,current_repo_v1
3552,142.08,2.007840766473191,,3,1,val,current_repo_v1
3553,142.12,2.1939555544621734,,3,1,val,current_repo_v1
3554,142.16,2.0985781397480863,,3,1,val,current_repo_v1
3555,142.2,1.963658095991531,,3,1,val,current_repo_v1
3556,142.24,2.0730752996494113,,3,1,val,current_repo_v1
3557,142.28,2.0873220719504824,,3,1,val,current_repo_v1
3558,142.32,1.9433084277533552,,3,1,val,current_repo_v1
3559,142.36,2.020629999329544,,3,1,val,current_repo_v1
3560,142.4,1.901313888742725,,3,1,val,current_repo_v1
3561,142.44,1.6606788036665667,,3,1,val,current_repo_v1
3562,142.48,1.6273096848393651,,3,1,val,current_repo_v1
3563,142.52,1.8873163165071658,,3,1,val,current_repo_v1
3564,142.56,2.091096063436223,,3,1,val,current_repo_v1
3565,142.6,2.1325187027230763,,3,1,val,current_repo_v1
3566,142.64,2.1953880372275436,,3,1,val,current_repo_v1
3567,142.68,1.943366589621174,,3,1,val,current_repo_v1
3568,142.72,1.785712544763188,,3,1,val,current_repo_v1
3569,142.76,1.5797478553950182,,3,1,val,current_repo_v1
3570,142.8,1.2657421055704718,,3,1,val,current_repo_v1
3571,142.84,1.2859926101018964,,3,1,val,current_repo_v1
3572,142.88,1.253183394164117,,3,1,val,current_repo_v1
3573,142.92,0.9579908066284181,,3,1,val,current_repo_v1
3574,142.96,0.8915518823982218,,3,1,val,current_repo_v1
3575,143.0,1.0278154197437976,,3,1,val,current_repo_v1
3576,143.04,1.1474089761073933,,3,1,val,current_repo_v1
3577,143.08,1.1676745146464262,,3,1,val,current_repo_v1
3578,143.12,1.2028853753350097,,3,1,val,current_repo_v1
3579,143.16,0.9061943983743227,,3,1,val,current_repo_v1
3580,143.2,0.817981219791041,,3,1,val,current_repo_v1
3581,143.24,0.9179068014533786,,3,1,val,current_repo_v1
3582,143.28,0.7646243119189081,,3,1,val,current_repo_v1
3583,143.32,0.6089721818468002,,3,1,val,current_repo_v1
3584,143.36,0.6250543938747505,,3,1,val,current_repo_v1
3585,143.4,0.6797764731600064,,3,1,val,current_repo_v1
3586,143.44,0.9109370962695085,,3,1,val,current_repo_v1
3587,143.48,0.8535323957427638,,3,1,val,current_repo_v1
3588,143.52,1.048738810009703,,3,1,val,current_repo_v1
3589,143.56,1.1673212913969562,,3,1,val,current_repo_v1
3590,143.6,1.010376578352502,,3,1,val,current_repo_v1
3591,143.64,0.7663726607027214,,3,1,val,current_repo_v1
3592,143.68,0.5146033364411209,,3,1,val,current_repo_v1
3593,143.72,0.060841148169939865,,3,1,val,current_repo_v1
3594,143.76,0.10644682923288369,,3,1,val,current_repo_v1
3595,143.8,0.02886377602183606,,3,1,val,current_repo_v1
3596,143.84,-0.41550071483669004,,3,1,val,current_repo_v1
3597,143.88,-0.4400415303070787,,3,1,val,current_repo_v1
3598,143.92,-0.2544691055319757,,3,1,val,current_repo_v1
3599,143.96,-0.2592224335335514,,3,1,val,current_repo_v1
3600,144.0,-0.30425729686569036,,3,1,val,current_repo_v1
3601,144.04,-0.29356116992217474,,3,1,val,current_repo_v1
3602,144.08,0.018865097951494977,,3,1,val,current_repo_v1
3603,144.12,0.17261576774310922,,3,1,val,current_repo_v1
3604,144.16,0.003810380617792931,,3,1,val,current_repo_v1
3605,144.2,-0.03317842231149993,,3,1,val,current_repo_v1
3606,144.24,-0.0629810929890576,,3,1,val,current_repo_v1
3607,144.28,-0.15582341715248152,,3,1,val,current_repo_v1
3608,144.32,-0.474949888539538,,3,1,val,current_repo_v1
3609,144.36,-0.48003358506184557,,3,1,val,current_repo_v1
3610,144.4,-0.6953204221579709,,3,1,val,current_repo_v1
3611,144.44,-0.7573989526763608,,3,1,val,current_repo_v1
3612,144.48,-0.3923607196004963,,3,1,val,current_repo_v1
3613,144.52,-0.2878880719652128,,3,1,val,current_repo_v1
3614,144.56,-0.4812573380953173,,3,1,val,current_repo_v1
3615,144.6,-0.5396637742906473,,3,1,val,current_repo_v1
3616,144.64,-0.5670943841831306,,3,1,val,current_repo_v1
3617,144.68,-0.5244739596941294,,3,1,val,current_repo_v1
3618,144.72,-0.8660247449135131,,3,1,val,current_repo_v1
3619,144.76,-1.1650400705656834,,3,1,val,current_repo_v1
3620,144.8,-1.0916599905802071,,3,1,val,current_repo_v1
3621,144.84,-1.0440368102361244,,3,1,val,current_repo_v1
3622,144.88,-0.10863125914900987,,3,1,val,current_repo_v1
3623,144.92,0.6537365089713163,,3,1,val,current_repo_v1
3624,144.96,0.8871949055063267,,3,1,val,current_repo_v1
3625,145.0,0.9372312718595799,,3,1,val,current_repo_v1
3626,145.04,0.3911929264842343,,3,1,val,current_repo_v1
3627,145.08,0.3205712831776061,,3,1,val,current_repo_v1
3628,145.12,-0.27532985409951194,,3,1,val,current_repo_v1
3629,145.16,-0.19777284464911954,,3,1,val,current_repo_v1
3630,145.2,-0.040001118818697536,,3,1,val,current_repo_v1
3631,145.24,0.34870021513057453,,3,1,val,current_repo_v1
3632,145.28,0.4106521334889277,,3,1,val,current_repo_v1
3633,145.32,0.3205808123086913,,3,1,val,current_repo_v1
3634,145.36,0.1329772399551379,,3,1,val,current_repo_v1
3635,145.4,-0.4862275582319126,,3,1,val,current_repo_v1
3636,145.44,-0.7407291994823746,,3,1,val,current_repo_v1
3637,145.48,-0.7025570189415588,,3,1,val,current_repo_v1
3638,145.52,-1.2773357551752862,,3,1,val,current_repo_v1
3639,145.56,-1.5073765725059436,,3,1,val,current_repo_v1
3640,145.6,-1.50544796748949,,3,1,val,current_repo_v1
3641,145.64,-1.4860364820695542,,3,1,val,current_repo_v1
3642,145.68,-1.4268485052665723,,3,1,val,current_repo_v1
3643,145.72,-1.0330240200161867,,3,1,val,current_repo_v1
3644,145.76,-0.9980374545724302,,3,1,val,current_repo_v1
3645,145.8,-0.760221549640205,,3,1,val,current_repo_v1
3646,145.84,0.17523365922961645,,3,1,val,current_repo_v1
3647,145.88,0.8931445760527544,,3,1,val,current_repo_v1
3648,145.92,1.1322067091005328,,3,1,val,current_repo_v1
3649,145.96,1.2102933446194692,,3,1,val,current_repo_v1
3650,146.0,1.3016281298734766,,3,1,val,current_repo_v1
3651,146.04,1.0237381665086198,,3,1,val,current_repo_v1
3652,146.08,0.7784707847850679,,3,1,val,current_repo_v1
3653,146.12,0.6086304998556963,,3,1,val,current_repo_v1
3654,146.16,0.11981004986962554,,3,1,val,current_repo_v1
3655,146.2,-0.5541232626135134,,3,1,val,current_repo_v1
3656,146.24,-0.8208009314402936,,3,1,val,current_repo_v1
3657,146.28,-1.3200068245283023,,3,1,val,current_repo_v1
3658,146.32,-1.43910623280343,,3,1,val,current_repo_v1
3659,146.36,-1.5138934351576039,,3,1,val,current_repo_v1
3660,146.4,-1.3631208656004519,,3,1,val,current_repo_v1
3661,146.44,-1.368859300747046,,3,1,val,current_repo_v1
3662,146.48,-1.4552170701893017,,3,1,val,current_repo_v1
3663,146.52,-1.1491515542620234,,3,1,val,current_repo_v1
3664,146.56,-1.154926283629006,,3,1,val,current_repo_v1
3665,146.6,-1.1024571414990925,,3,1,val,current_repo_v1
3666,146.64,-0.9123815758692333,,3,1,val,current_repo_v1
3667,146.68,-0.8801732646598088,,3,1,val,current_repo_v1
3668,146.72,-0.9116722440557015,,3,1,val,current_repo_v1
3669,146.76,-1.0113912979367494,,3,1,val,current_repo_v1
3670,146.8,-1.0527352744363176,,3,1,val,current_repo_v1
3671,146.84,-1.2939279845219576,,3,1,val,current_repo_v1
3672,146.88,-1.0994583884865015,,3,1,val,current_repo_v1
3673,146.92,-1.0128849797431934,,3,1,val,current_repo_v1
3674,146.96,-1.127340701971224,,3,1,val,current_repo_v1
3675,147.0,-0.9680300309617035,,3,1,val,current_repo_v1
3676,147.04,-1.042155129546449,,3,1,val,current_repo_v1
3677,147.08,-1.2052660635903594,,3,1,val,current_repo_v1
3678,147.12,-1.284198855577932,,3,1,val,current_repo_v1
3679,147.16,-1.2071784197299027,,3,1,val,current_repo_v1
3680,147.2,-1.2920879131058658,,3,1,val,current_repo_v1
3681,147.24,-1.4170068490534764,,3,1,val,current_repo_v1
3682,147.28,-1.2895775375525593,,3,1,val,current_repo_v1
3683,147.32,-1.285931411060823,,3,1,val,current_repo_v1
3684,147.36,-1.1795987605599667,,3,1,val,current_repo_v1
3685,147.4,-1.3992524453610633,,3,1,val,current_repo_v1
3686,147.44,-1.5764470555022911,,3,1,val,current_repo_v1
3687,147.48,-1.3698416744361355,,3,1,val,current_repo_v1
3688,147.52,-1.379809373339283,,3,1,val,current_repo_v1
3689,147.56,-1.2769526157692617,,3,1,val,current_repo_v1
3690,147.6,-1.0855549686218242,,3,1,val,current_repo_v1
3691,147.64,-0.9563092756561984,,3,1,val,current_repo_v1
3692,147.68,-0.7407948024246666,,3,1,val,current_repo_v1
3693,147.72,-0.6703471132161759,,3,1,val,current_repo_v1
3694,147.76,-0.9130978931812499,,3,1,val,current_repo_v1
3695,147.8,-1.0760844549803985,,3,1,val,current_repo_v1
3696,147.84,-1.1613711652745404,,3,1,val,current_repo_v1
3697,147.88,-1.2765746395577693,,3,1,val,current_repo_v1
3698,147.92,-1.3760060731316393,,3,1,val,current_repo_v1
3699,147.96,-1.2549296169266524,,3,1,val,current_repo_v1
3700,148.0,-1.2763328805667304,,3,1,val,current_repo_v1
3701,148.04,-1.141125823937648,,3,1,val,current_repo_v1
3702,148.08,-1.0438948223864877,,3,1,val,current_repo_v1
3703,148.12,-0.9964432423312705,,3,1,val,current_repo_v1
3704,148.16,-0.8311894306978187,,3,1,val,current_repo_v1
3705,148.2,-0.8403363335290032,,3,1,val,current_repo_v1
3706,148.24,-0.9933582335982584,,3,1,val,current_repo_v1
3707,148.28,-1.1202690996246738,,3,1,val,current_repo_v1
3708,148.32,-1.1917230043323,,3,1,val,current_repo_v1
3709,148.36,-1.1394562897997826,,3,1,val,current_repo_v1
3710,148.4,-0.9270412518742206,,3,1,val,current_repo_v1
3711,148.44,-0.9881795494824239,,3,1,val,current_repo_v1
3712,148.48,-1.047535026390378,,3,1,val,current_repo_v1
3713,148.52,-0.9829399700428416,,3,1,val,current_repo_v1
3714,148.56,-0.7430030551685058,,3,1,val,current_repo_v1
3715,148.6,-0.6324524543814679,,3,1,val,current_repo_v1
3716,148.64,-0.48093570144769143,,3,1,val,current_repo_v1
3717,148.68,-0.6755909446983142,,3,1,val,current_repo_v1
3718,148.72,-0.7234684883024411,,3,1,val,current_repo_v1
3719,148.76,-0.7934006173510215,,3,1,val,current_repo_v1
3720,148.8,-0.8866548961017198,,3,1,val,current_repo_v1
3721,148.84,-0.868621072469915,,3,1,val,current_repo_v1
3722,148.88,-1.0136485250993137,,3,1,val,current_repo_v1
3723,148.92,-1.066183270171519,,3,1,val,current_repo_v1
3724,148.96,-0.9894222089194034,,3,1,val,current_repo_v1
3725,149.0,-1.0281692504279187,,3,1,val,current_repo_v1
3726,149.04,-1.0532350412953058,,3,1,val,current_repo_v1
3727,149.08,-1.0641913400927143,,3,1,val,current_repo_v1
3728,149.12,-1.1291165371729885,,3,1,val,current_repo_v1
3729,149.16,-1.0041067897450757,,3,1,val,current_repo_v1
3730,149.2,-0.9664136473557876,,3,1,val,current_repo_v1
3731,149.24,-0.9131621293955775,,3,1,val,current_repo_v1
3732,149.28,-1.0537827954917112,,3,1,val,current_repo_v1
3733,149.32,-1.1403530152031023,,3,1,val,current_repo_v1
3734,149.36,-1.0853756235411602,,3,1,val,current_repo_v1
3735,149.4,-1.064575542509378,,3,1,val,current_repo_v1
3736,149.44,-1.050222317285745,,3,1,val,current_repo_v1
3737,149.48,-0.8805541261858928,,3,1,val,current_repo_v1
3738,149.52,-1.1058812506259423,,3,1,val,current_repo_v1
3739,149.56,-1.0185833242028313,,3,1,val,current_repo_v1
3740,149.6,-0.6709138497454203,,3,1,val,current_repo_v1
3741,149.64,-0.9427759353525524,,3,1,val,current_repo_v1
3742,149.68,-1.1436512334985631,,3,1,val,current_repo_v1
3743,149.72,-1.1195632605603842,,3,1,val,current_repo_v1
3744,149.76,-1.0349117750523704,,3,1,val,current_repo_v1
3745,149.8,-1.0152187436717648,,3,1,val,current_repo_v1
3746,149.84,-1.0799443984692343,,3,1,val,current_repo_v1
3747,149.88,-0.7187393058282368,,3,1,val,current_repo_v1
3748,149.92,-0.6351319625203709,,3,1,val,current_repo_v1
3749,149.96,-0.6167202006417395,,3,1,val,current_repo_v1
3750,150.0,-0.8242011987570976,,3,1,val,current_repo_v1
3751,150.04,-0.9434729666144045,,3,1,val,current_repo_v1
3752,150.08,-0.951483359213846,,3,1,val,current_repo_v1
3753,150.12,-0.9613271414482198,,3,1,val,current_repo_v1
3754,150.16,-0.8841209824556928,,3,1,val,current_repo_v1
3755,150.2,-0.7867420705670501,,3,1,val,current_repo_v1
3756,150.24,-0.8426735902068171,,3,1,val,current_repo_v1
3757,150.28,-0.612404567270768,,3,1,val,current_repo_v1
3758,150.32,-0.6001698083566456,,3,1,val,current_repo_v1
3759,150.36,-0.411784733360106,,3,1,val,current_repo_v1
3760,150.4,-0.38610277596876147,,3,1,val,current_repo_v1
3761,150.44,-0.28233661279708394,,3,1,val,current_repo_v1
3762,150.48,-0.43400268076097287,,3,1,val,current_repo_v1
3763,150.52,-0.557896039229952,,3,1,val,current_repo_v1
3764,150.56,-0.5532850407600041,,3,1,val,current_repo_v1
3765,150.6,-0.5302559403122563,,3,1,val,current_repo_v1
3766,150.64,-0.7480200857378824,,3,1,val,current_repo_v1
3767,150.68,-0.8984933418708273,,3,1,val,current_repo_v1
3768,150.72,-0.8427493676795108,,3,1,val,current_repo_v1
3769,150.76,-0.8536209293431255,,3,1,val,current_repo_v1
3770,150.8,-1.1880653365821976,,3,1,val,current_repo_v1
3771,150.84,-1.5769258658658247,,3,1,val,current_repo_v1
3772,150.88,-1.088598368081253,,3,1,val,current_repo_v1
3773,150.92,-0.6279081218644508,,3,1,val,current_repo_v1
3774,150.96,-0.4052506347502278,,3,1,val,current_repo_v1
3775,151.0,-0.3387885520739679,,3,1,val,current_repo_v1
3776,151.04,-0.4440108879623992,,3,1,val,current_repo_v1
3777,151.08,-0.1742319425433638,,3,1,val,current_repo_v1
3778,151.12,-0.17581493622581565,,3,1,val,current_repo_v1
3779,151.16,-0.5272831171663235,,3,1,val,current_repo_v1
3780,151.2,-0.9547308567159607,,3,1,val,current_repo_v1
3781,151.24,-1.7033113009192535,,3,1,val,current_repo_v1
3782,151.28,-2.238347789898377,,3,1,val,current_repo_v1
3783,151.32,-2.43100130818645,,3,1,val,current_repo_v1
3784,151.36,-2.331004656669963,,3,1,val,current_repo_v1
3785,151.4,-1.9772172522678382,,3,1,val,current_repo_v1
3786,151.44,-1.606083032824022,,3,1,val,current_repo_v1
3787,151.48,-1.4209278397247227,,3,1,val,current_repo_v1
3788,151.52,-1.2536619008103254,,3,1,val,current_repo_v1
3789,151.56,-1.254578671557123,,3,1,val,current_repo_v1
3790,151.6,-1.351568673410558,,3,1,val,current_repo_v1
3791,151.64,-1.3447128622237225,,3,1,val,current_repo_v1
3792,151.68,-1.427513494350592,,3,1,val,current_repo_v1
3793,151.72,-1.2450270653898086,,3,1,val,current_repo_v1
3794,151.76,-1.258760099834922,,3,1,val,current_repo_v1
3795,151.8,-1.3003555542799428,,3,1,val,current_repo_v1
3796,151.84,-1.3828723625662018,,3,1,val,current_repo_v1
3797,151.88,-1.3438650353097965,,3,1,val,current_repo_v1
3798,151.92,-1.6599176880490498,,3,1,val,current_repo_v1
3799,151.96,-1.798968743007383,,3,1,val,current_repo_v1
3800,152.0,-1.8726098680340628,,3,1,val,current_repo_v1
3801,152.04,-1.9143289354305317,,3,1,val,current_repo_v1
3802,152.08,-2.1839026628492437,,3,1,val,current_repo_v1
3803,152.12,-2.0418024378022985,,3,1,val,current_repo_v1
3804,152.16,-1.8632470221845006,,3,1,val,current_repo_v1
3805,152.2,-1.5158638013063035,,3,1,val,current_repo_v1
3806,152.24,-1.9734951964447458,,3,1,val,current_repo_v1
3807,152.28,-2.240690817205374,,3,1,val,current_repo_v1
3808,152.32,-2.211205939253042,,3,1,val,current_repo_v1
3809,152.36,-2.2470096561608566,,3,1,val,current_repo_v1
3810,152.4,-2.195533517826423,,3,1,val,current_repo_v1
3811,152.44,-1.5538087253583694,,3,1,val,current_repo_v1
3812,152.48,-0.5376200983725231,,3,1,val,current_repo_v1
3813,152.52,0.177573193787371,,3,1,val,current_repo_v1
3814,152.56,0.4671887719349398,,3,1,val,current_repo_v1
3815,152.6,0.5246060387660239,,3,1,val,current_repo_v1
3816,152.64,0.11147067445974952,,3,1,val,current_repo_v1
3817,152.68,-0.3735948612850842,,3,1,val,current_repo_v1
3818,152.72,0.20143827617335305,,3,1,val,current_repo_v1
3819,152.76,1.1960098225220217,,3,1,val,current_repo_v1
3820,152.8,1.9167413621463885,,3,1,val,current_repo_v1
3821,152.84,2.8605297392032476,,3,1,val,current_repo_v1
3822,152.88,-0.6017115154651723,,3,1,val,current_repo_v1
3823,152.92,2.148163637731745,,3,1,val,current_repo_v1
3824,152.96,2.3701808507593047,,3,1,val,current_repo_v1
3825,153.0,2.401216661233923,,3,1,val,current_repo_v1
3826,153.04,2.0299832780833555,,3,1,val,current_repo_v1
3827,153.08,1.5590785246718315,,3,1,val,current_repo_v1
3828,153.12,1.1247323775804678,,3,1,val,current_repo_v1
3829,153.16,0.32763548241434926,,3,1,val,current_repo_v1
3830,153.2,0.04124486973981524,,3,1,val,current_repo_v1
3831,153.24,-1.2724155345033892,,3,1,val,current_repo_v1
3832,153.28,-4.08491268240788,,3,1,val,current_repo_v1
3833,153.32,0.8896004985823615,,3,1,val,current_repo_v1
3834,153.36,-0.43180388121888746,,3,1,val,current_repo_v1
3835,153.4,-0.6415528884618623,,3,1,val,current_repo_v1
3836,153.44,-0.43013449893968486,,3,1,val,current_repo_v1
3837,153.48,0.19733687741080372,,3,1,val,current_repo_v1
3838,153.52,0.5613790695179346,,3,1,val,current_repo_v1
3839,153.56,0.7670337014615105,,3,1,val,current_repo_v1
3840,153.6,0.7053163667723831,,3,1,val,current_repo_v1
3841,153.64,0.7848146804198983,,3,1,val,current_repo_v1
3842,153.68,0.8687475707359549,,3,1,val,current_repo_v1
3843,153.72,0.6693393791304133,,3,1,val,current_repo_v1
3844,153.76,0.16923691249774775,,3,1,val,current_repo_v1
3845,153.8,-0.7596195059718799,,3,1,val,current_repo_v1
3846,153.84,-1.8742273146506176,,3,1,val,current_repo_v1
3847,153.88,-2.175461447223686,,3,1,val,current_repo_v1
3848,153.92,-2.0388876626301875,,3,1,val,current_repo_v1
3849,153.96,-1.560682911443393,,3,1,val,current_repo_v1
3850,154.0,-0.9085793386722283,,3,1,val,current_repo_v1
3851,154.04,0.08004263204167669,,3,1,val,current_repo_v1
3852,154.08,0.2846876126838733,,3,1,val,current_repo_v1
3853,154.12,-0.18214546829832726,,3,1,val,current_repo_v1
3854,154.16,-0.41765088164204167,,3,1,val,current_repo_v1
3855,154.2,-0.34175719910667623,,3,1,val,current_repo_v1
3856,154.24,0.021962160465859856,,3,1,val,current_repo_v1
3857,154.28,0.5504361342828448,,3,1,val,current_repo_v1
3858,154.32,0.9605730113291877,,3,1,val,current_repo_v1
3859,154.36,1.3354898782025189,,3,1,val,current_repo_v1
3860,154.4,1.3679689534075603,,3,1,val,current_repo_v1
3861,154.44,1.1912835253624088,,3,1,val,current_repo_v1
3862,154.48,1.2648888117446881,,3,1,val,current_repo_v1
3863,154.52,1.1133918763663957,,3,1,val,current_repo_v1
3864,154.56,0.7505884713003452,,3,1,val,current_repo_v1
3865,154.6,0.42886196131081666,,3,1,val,current_repo_v1
3866,154.64,0.18220909707800395,,3,1,val,current_repo_v1
3867,154.68,0.26618029374172986,,3,1,val,current_repo_v1
3868,154.72,0.7587794238497523,,3,1,val,current_repo_v1
3869,154.76,0.7112531293324802,,3,1,val,current_repo_v1
3870,154.8,0.6412532713203298,,3,1,val,current_repo_v1
3871,154.84,0.9057511229378638,,3,1,val,current_repo_v1
3872,154.88,1.239130241658005,,3,1,val,current_repo_v1
3873,154.92,1.8926407849392046,,3,1,val,current_repo_v1
3874,154.96,1.6496675320332561,,3,1,val,current_repo_v1
3875,155.0,1.4550533665508971,,3,1,val,current_repo_v1
3876,155.04,0.7917084562724119,,3,1,val,current_repo_v1
3877,155.08,0.475626760563915,,3,1,val,current_repo_v1
3878,155.12,0.3294743389611394,,3,1,val,current_repo_v1
3879,155.16,0.48099731810008717,,3,1,val,current_repo_v1
3880,155.2,0.9250273022893225,,3,1,val,current_repo_v1
3881,155.24,1.4606873229375448,,3,1,val,current_repo_v1
3882,155.28,1.8178513047050902,,3,1,val,current_repo_v1
3883,155.32,1.8656594489003573,,3,1,val,current_repo_v1
3884,155.36,1.9875560937426562,,3,1,val,current_repo_v1
3885,155.4,1.6677311199629525,,3,1,val,current_repo_v1
3886,155.44,1.1607415592589327,,3,1,val,current_repo_v1
3887,155.48,1.2017162154907832,,3,1,val,current_repo_v1
3888,155.52,1.2810777044831942,,3,1,val,current_repo_v1
3889,155.56,1.6125174362218293,,3,1,val,current_repo_v1
3890,155.6,1.7978056575096653,,3,1,val,current_repo_v1
3891,155.64,1.9803420479704812,,3,1,val,current_repo_v1
3892,155.68,2.2585697450012114,,3,1,val,current_repo_v1
3893,155.72,1.9930661334605302,,3,1,val,current_repo_v1
3894,155.76,1.8301752426188906,,3,1,val,current_repo_v1
3895,155.8,1.629795459289312,,3,1,val,current_repo_v1
3896,155.84,1.479760770974282,,3,1,val,current_repo_v1
3897,155.88,1.2558722036461114,,3,1,val,current_repo_v1
3898,155.92,1.4099291723604175,,3,1,val,current_repo_v1
3899,155.96,1.6687282239423253,,3,1,val,current_repo_v1
3900,156.0,1.567802349268698,,3,1,val,current_repo_v1
3901,156.04,1.4048411478662226,,3,1,val,current_repo_v1
3902,156.08,1.4771901075318783,,3,1,val,current_repo_v1
3903,156.12,1.6842111257578791,,3,1,val,current_repo_v1
3904,156.16,1.5210596454510243,,3,1,val,current_repo_v1
3905,156.2,1.5658749591215462,,3,1,val,current_repo_v1
3906,156.24,1.6543130403843056,,3,1,val,current_repo_v1
3907,156.28,1.5416967821377159,,3,1,val,current_repo_v1
3908,156.32,1.3279686223556757,,3,1,val,current_repo_v1
3909,156.36,0.9516854830939168,,3,1,val,current_repo_v1
3910,156.4,1.2921588311013528,,3,1,val,current_repo_v1
3911,156.44,1.4190460071763848,,3,1,val,current_repo_v1
3912,156.48,1.384751006082623,,3,1,val,current_repo_v1
3913,156.52,1.0329072407045605,,3,1,val,current_repo_v1
3914,156.56,0.7941380430171553,,3,1,val,current_repo_v1
3915,156.6,1.0653187388046947,,3,1,val,current_repo_v1
3916,156.64,1.1060159492597688,,3,1,val,current_repo_v1
3917,156.68,1.228289507302921,,3,1,val,current_repo_v1
3918,156.72,1.2574216175817707,,3,1,val,current_repo_v1
3919,156.76,1.2337236176894386,,3,1,val,current_repo_v1
3920,156.8,1.3019962352718928,,3,1,val,current_repo_v1
3921,156.84,1.6486291224976255,,3,1,val,current_repo_v1
3922,156.88,1.5885869407168838,,3,1,val,current_repo_v1
3923,156.92,1.6519325039876187,,3,1,val,current_repo_v1
3924,156.96,1.4303389766290278,,3,1,val,current_repo_v1
3925,157.0,1.2060203455680543,,3,1,val,current_repo_v1
3926,157.04,1.1414470050092858,,3,1,val,current_repo_v1
3927,157.08,1.3535967458510885,,3,1,val,current_repo_v1
3928,157.12,1.505457990161229,,3,1,val,current_repo_v1
3929,157.16,1.3367603277747748,,3,1,val,current_repo_v1
3930,157.2,1.2172004840343016,,3,1,val,current_repo_v1
3931,157.24,1.2061359100103788,,3,1,val,current_repo_v1
3932,157.28,1.216223425398407,,3,1,val,current_repo_v1
3933,157.32,1.4191999918603757,,3,1,val,current_repo_v1
3934,157.36,1.4002513716443887,,3,1,val,current_repo_v1
3935,157.4,1.287885680191275,,3,1,val,current_repo_v1
3936,157.44,1.2644106088158054,,3,1,val,current_repo_v1
3937,157.48,1.2212701443363438,,3,1,val,current_repo_v1
3938,157.52,1.4258764579665473,,3,1,val,current_repo_v1
3939,157.56,1.4428815910171349,,3,1,val,current_repo_v1
3940,157.6,1.2727862214990713,,3,1,val,current_repo_v1
3941,157.64,1.3973748648552813,,3,1,val,current_repo_v1
3942,157.68,1.2986674933852265,,3,1,val,current_repo_v1
3943,157.72,1.4021473270483589,,3,1,val,current_repo_v1
3944,157.76,1.6204884974276281,,3,1,val,current_repo_v1
3945,157.8,1.6923732251613708,,3,1,val,current_repo_v1
3946,157.84,1.567332194848939,,3,1,val,current_repo_v1
3947,157.88,1.4378070819439215,,3,1,val,current_repo_v1
3948,157.92,1.4049949806915507,,3,1,val,current_repo_v1
3949,157.96,1.3855066547882822,,3,1,val,current_repo_v1
3950,158.0,1.436407856225685,,3,1,val,current_repo_v1
3951,158.04,1.28823692927813,,3,1,val,current_repo_v1
3952,158.08,1.0156093241522623,,3,1,val,current_repo_v1
3953,158.12,1.1484671272691764,,3,1,val,current_repo_v1
3954,158.16,1.0397759598777265,,3,1,val,current_repo_v1
3955,158.2,1.1709734922352009,,3,1,val,current_repo_v1
3956,158.24,1.0701300768154267,,3,1,val,current_repo_v1
3957,158.28,1.0375497118823558,,3,1,val,current_repo_v1
3958,158.32,1.269053991145577,,3,1,val,current_repo_v1
3959,158.36,1.1442935956418385,,3,1,val,current_repo_v1
3960,158.4,1.0575563314014633,,3,1,val,current_repo_v1
3961,158.44,1.1809260052720771,,3,1,val,current_repo_v1
3962,158.48,1.3097425456568763,,3,1,val,current_repo_v1
3963,158.52,1.2419060661537336,,3,1,val,current_repo_v1
3964,158.56,1.1325415574518147,,3,1,val,current_repo_v1
3965,158.6,1.1440079494972757,,3,1,val,current_repo_v1
3966,158.64,1.4020106542519173,,3,1,val,current_repo_v1
3967,158.68,1.4223995020250733,,3,1,val,current_repo_v1
3968,158.72,1.24565576025344,,3,1,val,current_repo_v1
3969,158.76,1.0856283163559144,,3,1,val,current_repo_v1
3970,158.8,1.0537258484931937,,3,1,val,current_repo_v1
3971,158.84,1.07189634492144,,3,1,val,current_repo_v1
3972,158.88,1.160995315084326,,3,1,val,current_repo_v1
3973,158.92,1.4259122966109474,,3,1,val,current_repo_v1
3974,158.96,1.7429995624192633,,3,1,val,current_repo_v1
3975,159.0,2.1858775847578245,,3,1,val,current_repo_v1
3976,159.04,2.0663705878319756,,3,1,val,current_repo_v1
3977,159.08,2.1058497399534297,,3,1,val,current_repo_v1
3978,159.12,2.072413499597309,,3,1,val,current_repo_v1
3979,159.16,2.0832162692867144,,3,1,val,current_repo_v1
3980,159.2,2.1186045008933467,,3,1,val,current_repo_v1
3981,159.24,2.033369118827202,,3,1,val,current_repo_v1
3982,159.28,2.2387992657026223,,3,1,val,current_repo_v1
3983,159.32,2.386166860324426,,3,1,val,current_repo_v1
3984,159.36,2.433746912808299,,3,1,val,current_repo_v1
3985,159.4,2.501549679688319,,3,1,val,current_repo_v1
3986,159.44,2.2922352919380287,,3,1,val,current_repo_v1
3987,159.48,2.1537464177490584,,3,1,val,current_repo_v1
3988,159.52,1.9607322351370422,,3,1,val,current_repo_v1
3989,159.56,1.9920596142440692,,3,1,val,current_repo_v1
3990,159.6,1.9498416911405885,,3,1,val,current_repo_v1
3991,159.64,1.9982089789319644,,3,1,val,current_repo_v1
3992,159.68,2.061708982462678,,3,1,val,current_repo_v1
3993,159.72,2.153301320008647,,3,1,val,current_repo_v1
3994,159.76,2.135653217380133,,3,1,val,current_repo_v1
3995,159.8,1.849410875707405,,3,1,val,current_repo_v1
3996,159.84,1.6250837405613197,,3,1,val,current_repo_v1
3997,159.88,1.2641597383050036,,3,1,val,current_repo_v1
3998,159.92,1.0790584550309674,,3,1,val,current_repo_v1
3999,159.96,1.26873508795388,,3,1,val,current_repo_v1
4000,160.0,1.4709939703758677,,3,1,val,current_repo_v1
4001,160.04,1.6418471146208686,,3,1,val,current_repo_v1
4002,160.08,1.8497926483854652,,3,1,val,current_repo_v1
4003,160.12,1.8540938931481448,,3,1,val,current_repo_v1
4004,160.16,1.688819428736564,,3,1,val,current_repo_v1
4005,160.2,1.5905380208154187,,3,1,val,current_repo_v1
4006,160.24,1.455630581327869,,3,1,val,current_repo_v1
4007,160.28,1.5078078511080482,,3,1,val,current_repo_v1
4008,160.32,1.706007399617058,,3,1,val,current_repo_v1
4009,160.36,1.8195581960739828,,3,1,val,current_repo_v1
4010,160.4,1.6687774261490442,,3,1,val,current_repo_v1
4011,160.44,1.6405566197051344,,3,1,val,current_repo_v1
4012,160.48,1.699904048103965,,3,1,val,current_repo_v1
4013,160.52,2.0848030404534015,,3,1,val,current_repo_v1
4014,160.56,1.7478897150759434,,3,1,val,current_repo_v1
4015,160.6,1.6048992945481753,,3,1,val,current_repo_v1
4016,160.64,1.606142409561143,,3,1,val,current_repo_v1
4017,160.68,1.916654347132654,,3,1,val,current_repo_v1
4018,160.72,2.1825778478757365,,3,1,val,current_repo_v1
4019,160.76,2.129494589313812,,3,1,val,current_repo_v1
4020,160.8,2.081217353709425,,3,1,val,current_repo_v1
4021,160.84,2.2228140154308145,,3,1,val,current_repo_v1
4022,160.88,2.248145103381961,,3,1,val,current_repo_v1
4023,160.92,2.153665173364507,,3,1,val,current_repo_v1
4024,160.96,1.9816937419272884,,3,1,val,current_repo_v1
4025,161.0,1.7637401148552623,,3,1,val,current_repo_v1
4026,161.04,1.5624279193366266,,3,1,val,current_repo_v1
4027,161.08,1.5968334735368437,,3,1,val,current_repo_v1
4028,161.12,1.533768696933465,,3,1,val,current_repo_v1
4029,161.16,1.4638607134122559,,3,1,val,current_repo_v1
4030,161.2,1.2059832920543523,,3,1,val,current_repo_v1
4031,161.24,1.1192065445616717,,3,1,val,current_repo_v1
4032,161.28,0.8560544644130993,,3,1,val,current_repo_v1
4033,161.32,0.47925747340138575,,3,1,val,current_repo_v1
4034,161.36,0.10163862330707013,,3,1,val,current_repo_v1
4035,161.4,-0.10239743257114711,,3,1,val,current_repo_v1
4036,161.44,-0.5057892318692716,,3,1,val,current_repo_v1
4037,161.48,-0.504557202538682,,3,1,val,current_repo_v1
4038,161.52,-0.48926640193146,,3,1,val,current_repo_v1
4039,161.56,-0.6156563168154388,,3,1,val,current_repo_v1
4040,161.6,-0.501552640932242,,3,1,val,current_repo_v1
4041,161.64,-0.40570473011640495,,3,1,val,current_repo_v1
4042,161.68,-0.3663477103244377,,3,1,val,current_repo_v1
4043,161.72,-0.49428548259278315,,3,1,val,current_repo_v1
4044,161.76,-0.4009831026106706,,3,1,val,current_repo_v1
4045,161.8,-0.11635533173107258,,3,1,val,current_repo_v1
4046,161.84,-0.08067386104674203,,3,1,val,current_repo_v1
4047,161.88,-0.3743736684368072,,3,1,val,current_repo_v1
4048,161.92,-0.5440548434523215,,3,1,val,current_repo_v1
4049,161.96,-0.7949567130678403,,3,1,val,current_repo_v1
4050,162.0,-0.8438890669431709,,3,1,val,current_repo_v1
4051,162.04,-1.0417443518638108,,3,1,val,current_repo_v1
4052,162.08,-1.0077504864982083,,3,1,val,current_repo_v1
4053,162.12,-1.352413918727218,,3,1,val,current_repo_v1
4054,162.16,-1.4307748109910137,,3,1,val,current_repo_v1
4055,162.2,-1.2207913339728103,,3,1,val,current_repo_v1
4056,162.24,-1.1437382485122976,,3,1,val,current_repo_v1
4057,162.28,-1.2115013802813501,,3,1,val,current_repo_v1
4058,162.32,-1.2759539932032617,,3,1,val,current_repo_v1
4059,162.36,-1.1376651168730842,,3,1,val,current_repo_v1
4060,162.4,-1.3221679251573693,,3,1,val,current_repo_v1
4061,162.44,-1.0670505349942723,,3,1,val,current_repo_v1
4062,162.48,-1.0057148211245424,,3,1,val,current_repo_v1
4063,162.52,-1.1467380645355278,,3,1,val,current_repo_v1
4064,162.56,-1.2921437970937442,,3,1,val,current_repo_v1
4065,162.6,-1.0711900502811624,,3,1,val,current_repo_v1
4066,162.64,-0.8675327014342519,,3,1,val,current_repo_v1
4067,162.68,-0.8685616957327944,,3,1,val,current_repo_v1
4068,162.72,-1.1404035841377855,,3,1,val,current_repo_v1
4069,162.76,-1.1683218881255713,,3,1,val,current_repo_v1
4070,162.8,-1.0243168998722185,,3,1,val,current_repo_v1
4071,162.84,-0.8989545366294863,,3,1,val,current_repo_v1
4072,162.88,-1.2288869192820335,,3,1,val,current_repo_v1
4073,162.92,-1.2691605959268013,,3,1,val,current_repo_v1
4074,162.96,-1.1925301331246188,,3,1,val,current_repo_v1
4075,163.0,-0.9297725817817744,,3,1,val,current_repo_v1
4076,163.04,-0.8932684927215282,,3,1,val,current_repo_v1
4077,163.08,-1.1343596093618131,,3,1,val,current_repo_v1
4078,163.12,-1.0363287682341442,,3,1,val,current_repo_v1
4079,163.16,-0.873648201640362,,3,1,val,current_repo_v1
4080,163.2,-0.8672534333535229,,3,1,val,current_repo_v1
4081,163.24,-0.8931242269919509,,3,1,val,current_repo_v1
4082,163.28,-0.9585742476105609,,3,1,val,current_repo_v1
4083,163.32,-0.976915129458371,,3,1,val,current_repo_v1
4084,163.36,-0.8468181168295769,,3,1,val,current_repo_v1
4085,163.4,-0.9200344931766486,,3,1,val,current_repo_v1
4086,163.44,-0.9829414886294687,,3,1,val,current_repo_v1
4087,163.48,-0.8451399267479369,,3,1,val,current_repo_v1
4088,163.52,-0.7867894504698165,,3,1,val,current_repo_v1
4089,163.56,-0.7045749927810189,,3,1,val,current_repo_v1
4090,163.6,-0.6210513995256391,,3,1,val,current_repo_v1
4091,163.64,-0.6966169914202134,,3,1,val,current_repo_v1
4092,163.68,-0.6855404205619363,,3,1,val,current_repo_v1
4093,163.72,-0.6375886180717427,,3,1,val,current_repo_v1
4094,163.76,-0.7192756706249387,,3,1,val,current_repo_v1
4095,163.8,-1.030376212373125,,3,1,val,current_repo_v1
4096,163.84,-1.1517323922348288,,3,1,val,current_repo_v1
4097,163.88,-1.0108959349789801,,3,1,val,current_repo_v1
4098,163.92,-0.9102648179696785,,3,1,val,current_repo_v1
4099,163.96,-0.8501878605551755,,3,1,val,current_repo_v1
4100,164.0,-0.9667235908863846,,3,1,val,current_repo_v1
4101,164.04,-0.8014653753517141,,3,1,val,current_repo_v1
4102,164.08,-0.3296080884783238,,3,1,val,current_repo_v1
4103,164.12,0.22370113577371722,,3,1,val,current_repo_v1
4104,164.16,0.6017558581946845,,3,1,val,current_repo_v1
4105,164.2,0.6433200677198521,,3,1,val,current_repo_v1
4106,164.24,0.5993833703071212,,3,1,val,current_repo_v1
4107,164.28,0.3661772489755425,,3,1,val,current_repo_v1
4108,164.32,0.14083004122734905,,3,1,val,current_repo_v1
4109,164.36,0.09892638962635251,,3,1,val,current_repo_v1
4110,164.4,0.23621835180048567,,3,1,val,current_repo_v1
4111,164.44,0.3094255406984633,,3,1,val,current_repo_v1
4112,164.48,0.4549360557339515,,3,1,val,current_repo_v1
4113,164.52,0.5400897758042226,,3,1,val,current_repo_v1
4114,164.56,0.5405784569808326,,3,1,val,current_repo_v1
4115,164.6,0.631845892917927,,3,1,val,current_repo_v1
4116,164.64,0.8176314892908132,,3,1,val,current_repo_v1
4117,164.68,0.478556038238315,,3,1,val,current_repo_v1
4118,164.72,0.4364415308841416,,3,1,val,current_repo_v1
4119,164.76,0.25239414672933264,,3,1,val,current_repo_v1
4120,164.8,-0.072637937209632,,3,1,val,current_repo_v1
4121,164.84,-0.24895037190566144,,3,1,val,current_repo_v1
4122,164.88,-0.392961168752863,,3,1,val,current_repo_v1
4123,164.92,-0.4503287398365743,,3,1,val,current_repo_v1
4124,164.96,-0.2977823472049388,,3,1,val,current_repo_v1
4125,165.0,-0.32085825808546775,,3,1,val,current_repo_v1
4126,165.04,-0.21586393797909983,,3,1,val,current_repo_v1
4127,165.08,-0.03406021811004149,,3,1,val,current_repo_v1
4128,165.12,0.282622600623638,,3,1,val,current_repo_v1
4129,165.16,0.3837655192909476,,3,1,val,current_repo_v1
4130,165.2,0.5239644359160619,,3,1,val,current_repo_v1
4131,165.24,0.8705414771185821,,3,1,val,current_repo_v1
4132,165.28,0.8766176459310496,,3,1,val,current_repo_v1
4133,165.32,0.825401034051192,,3,1,val,current_repo_v1
4134,165.36,0.8817102261851258,,3,1,val,current_repo_v1
4135,165.4,0.9349278796635511,,3,1,val,current_repo_v1
4136,165.44,0.9749373222351986,,3,1,val,current_repo_v1
4137,165.48,1.1934417406768842,,3,1,val,current_repo_v1
4138,165.52,1.073234979033254,,3,1,val,current_repo_v1
4139,165.56,0.9747540288293041,,3,1,val,current_repo_v1
4140,165.6,0.6787222703234537,,3,1,val,current_repo_v1
4141,165.64,0.6882863289011105,,3,1,val,current_repo_v1
4142,165.68,0.5917386533674924,,3,1,val,current_repo_v1
4143,165.72,0.7182453095984318,,3,1,val,current_repo_v1
4144,165.76,0.885838655789638,,3,1,val,current_repo_v1
4145,165.8,0.8165458517110789,,3,1,val,current_repo_v1
4146,165.84,0.692649987574165,,3,1,val,current_repo_v1
4147,165.88,0.7958458455380242,,3,1,val,current_repo_v1
4148,165.92,0.706603217080212,,3,1,val,current_repo_v1
4149,165.96,0.6347433562024887,,3,1,val,current_repo_v1
4150,166.0,0.6402971691798895,,3,1,val,current_repo_v1
4151,166.04,0.6417671610349502,,3,1,val,current_repo_v1
4152,166.08,0.6625102950682152,,3,1,val,current_repo_v1
4153,166.12,0.5693477769144613,,3,1,val,current_repo_v1
4154,166.16,0.46548947349918274,,3,1,val,current_repo_v1
4155,166.2,0.46795493685299194,,3,1,val,current_repo_v1
4156,166.24,0.302313923594288,,3,1,val,current_repo_v1
4157,166.28,0.21443992133417555,,3,1,val,current_repo_v1
4158,166.32,-0.002097263043728992,,3,1,val,current_repo_v1
4159,166.36,0.07000636895231417,,3,1,val,current_repo_v1
4160,166.4,0.3106761727152352,,3,1,val,current_repo_v1
4161,166.44,0.14945529056978205,,3,1,val,current_repo_v1
4162,166.48,0.017920385210758186,,3,1,val,current_repo_v1
4163,166.52,-0.12041671573599706,,3,1,val,current_repo_v1
4164,166.56,-0.05810462659435461,,3,1,val,current_repo_v1
4165,166.6,-0.05419071633325718,,3,1,val,current_repo_v1
4166,166.64,-0.1125624528241573,,3,1,val,current_repo_v1
4167,166.68,-0.09678821016418883,,3,1,val,current_repo_v1
4168,166.72,-0.091976378612803,,3,1,val,current_repo_v1
4169,166.76,-0.08172838658295306,,3,1,val,current_repo_v1
4170,166.8,-0.40464069443144157,,3,1,val,current_repo_v1
4171,166.84,-0.374811173244083,,3,1,val,current_repo_v1
4172,166.88,-0.21332349441057616,,3,1,val,current_repo_v1
4173,166.92,-0.05004649342782283,,3,1,val,current_repo_v1
4174,166.96,-0.0706866672877686,,3,1,val,current_repo_v1
4175,167.0,0.04895928980562926,,3,1,val,current_repo_v1
4176,167.04,-0.06093206405307278,,3,1,val,current_repo_v1
4177,167.08,-0.2532420116079243,,3,1,val,current_repo_v1
4178,167.12,-0.29204994844018756,,3,1,val,current_repo_v1
4179,167.16,0.036729276474716556,,3,1,val,current_repo_v1
4180,167.2,0.7791385073250164,,3,1,val,current_repo_v1
4181,167.24,1.3075172088134819,,3,1,val,current_repo_v1
4182,167.28,1.166824713569885,,3,1,val,current_repo_v1
4183,167.32,0.7436591605207568,,3,1,val,current_repo_v1
4184,167.36,0.35790649469887986,,3,1,val,current_repo_v1
4185,167.4,0.2520987816303561,,3,1,val,current_repo_v1
4186,167.44,0.5864521496011318,,3,1,val,current_repo_v1
4187,167.48,0.8986297109499435,,3,1,val,current_repo_v1
4188,167.52,0.8734682491250473,,3,1,val,current_repo_v1
4189,167.56,0.38383617153377475,,3,1,val,current_repo_v1
4190,167.6,0.1965820259631237,,3,1,val,current_repo_v1
4191,167.64,0.13413195424407376,,3,1,val,current_repo_v1
4192,167.68,-0.29732696104012857,,3,1,val,current_repo_v1
4193,167.72,-0.20659327033780428,,3,1,val,current_repo_v1
4194,167.76,-0.05135137695184888,,3,1,val,current_repo_v1
4195,167.8,0.33004866842351954,,3,1,val,current_repo_v1
4196,167.84,0.4374646786241696,,3,1,val,current_repo_v1
4197,167.88,0.5848294638607134,,3,1,val,current_repo_v1
4198,167.92,0.6616955733427607,,3,1,val,current_repo_v1
4199,167.96,0.21368518378049256,,3,1,val,current_repo_v1
4200,168.0,0.2738603937497708,,3,1,val,current_repo_v1
4201,168.04,0.36721193797393664,,3,1,val,current_repo_v1
4202,168.08,0.7476667106297495,,3,1,val,current_repo_v1
4203,168.12,1.212007069628184,,3,1,val,current_repo_v1
4204,168.16,1.2145084855203905,,3,1,val,current_repo_v1
4205,168.2,1.2028748970872825,,3,1,val,current_repo_v1
4206,168.24,1.3876607699188641,,3,1,val,current_repo_v1
4207,168.28,1.4574521259871098,,3,1,val,current_repo_v1
4208,168.32,1.4513373850743132,,3,1,val,current_repo_v1
4209,168.36,1.4555718120253989,,3,1,val,current_repo_v1
4210,168.4,1.4192528386749999,,3,1,val,current_repo_v1
4211,168.44,1.0889802926179757,,3,1,val,current_repo_v1
4212,168.48,0.5852501882857595,,3,1,val,current_repo_v1
4213,168.52,0.17606246584603763,,3,1,val,current_repo_v1
4214,168.56,0.15538797192831877,,3,1,val,current_repo_v1
4215,168.6,0.09392653806819533,,3,1,val,current_repo_v1
4216,168.64,-0.22707180963362503,,3,1,val,current_repo_v1
4217,168.68,-0.5099377447819275,,3,1,val,current_repo_v1
4218,168.72,-0.4616204184905841,,3,1,val,current_repo_v1
4219,168.76,-0.41264675905899567,,3,1,val,current_repo_v1
4220,168.8,-0.4435033003822814,,3,1,val,current_repo_v1
4221,168.84,-0.740999204184678,,3,1,val,current_repo_v1
4222,168.88,-0.7650186888659735,,3,1,val,current_repo_v1
4223,168.92,-0.8902616911998132,,3,1,val,current_repo_v1
4224,168.96,-0.46722164933541716,,3,1,val,current_repo_v1
4225,169.0,-0.09231117001708637,,3,1,val,current_repo_v1
4226,169.04,0.1926737534548795,,3,1,val,current_repo_v1
4227,169.08,0.3838165058369535,,3,1,val,current_repo_v1
4228,169.12,0.3597056781700363,,3,1,val,current_repo_v1
4229,169.16,0.4736521423726595,,3,1,val,current_repo_v1
4230,169.2,0.4504212217621664,,3,1,val,current_repo_v1
4231,169.24,0.2703882972855036,,3,1,val,current_repo_v1
4232,169.28,0.1862607621285148,,3,1,val,current_repo_v1
4233,169.32,0.11419146917257758,,3,1,val,current_repo_v1
4234,169.36,0.046117995243938545,,3,1,val,current_repo_v1
4235,169.4,0.10535367464934506,,3,1,val,current_repo_v1
4236,169.44,0.07204110419167115,,3,1,val,current_repo_v1
4237,169.48,0.15778737676384785,,3,1,val,current_repo_v1
4238,169.52,0.42206503332044815,,3,1,val,current_repo_v1
4239,169.56,0.10257993821022873,,3,1,val,current_repo_v1
4240,169.6,0.0328210798958037,,3,1,val,current_repo_v1
4241,169.64,0.10059336114928458,,3,1,val,current_repo_v1
4242,169.68,0.101293068920067,,3,1,val,current_repo_v1
4243,169.72,-0.13259031357371193,,3,1,val,current_repo_v1
4244,169.76,-0.26048354379805044,,3,1,val,current_repo_v1
4245,169.8,-0.43134504026950055,,3,1,val,current_repo_v1
4246,169.84,-0.6273339442607334,,3,1,val,current_repo_v1
4247,169.88,-0.708188317801609,,3,1,val,current_repo_v1
4248,169.92,-0.5400551899937898,,3,1,val,current_repo_v1
4249,169.96,-0.6796668312055277,,3,1,val,current_repo_v1
4250,170.0,-0.8208812646728687,,3,1,val,current_repo_v1
4251,170.04,-1.0761149785716038,,3,1,val,current_repo_v1
4252,170.08,-0.6688043810616758,,3,1,val,current_repo_v1
4253,170.12,-0.3376795282601758,,3,1,val,current_repo_v1
4254,170.16,-0.44465461683363905,,3,1,val,current_repo_v1
4255,170.2,-0.6216484318580947,,3,1,val,current_repo_v1
4256,170.24,-0.6763052878477155,,3,1,val,current_repo_v1
4257,170.28,-0.7981296479665632,,3,1,val,current_repo_v1
4258,170.32,-0.801697111671014,,3,1,val,current_repo_v1
4259,170.36,-0.6659877065856774,,3,1,val,current_repo_v1
4260,170.4,-0.7066284256182223,,3,1,val,current_repo_v1
4261,170.44,-0.9459444663500566,,3,1,val,current_repo_v1
4262,170.48,-0.8314752287010443,,3,1,val,current_repo_v1
4263,170.52,-0.6534087979771819,,3,1,val,current_repo_v1
4264,170.56,-0.731294068909361,,3,1,val,current_repo_v1
4265,170.6,-0.5627151979618138,,3,1,val,current_repo_v1
4266,170.64,-0.6458094867777042,,3,1,val,current_repo_v1
4267,170.68,-0.47849305485795485,,3,1,val,current_repo_v1
4268,170.72,-0.7342423289166,,3,1,val,current_repo_v1
4269,170.76,-0.7997235564903975,,3,1,val,current_repo_v1
4270,170.8,-0.7498098919366163,,3,1,val,current_repo_v1
4271,170.84,-0.7484925180375821,,3,1,val,current_repo_v1
4272,170.88,-0.49287353871154455,,3,1,val,current_repo_v1
4273,170.92,-0.3753285557079457,,3,1,val,current_repo_v1
4274,170.96,-0.5232092427863908,,3,1,val,current_repo_v1
4275,171.0,-0.5879566133726283,,3,1,val,current_repo_v1
4276,171.04,-0.5655691917041739,,3,1,val,current_repo_v1
4277,171.08,-0.7575375996354177,,3,1,val,current_repo_v1
4278,171.12,-0.5499459345196076,,3,1,val,current_repo_v1
4279,171.16,-0.6544286048266301,,3,1,val,current_repo_v1
4280,171.2,-0.6584632617069172,,3,1,val,current_repo_v1
4281,171.24,-0.7386381056968183,,3,1,val,current_repo_v1
4282,171.28,-0.7933421517658771,,3,1,val,current_repo_v1
4283,171.32,-0.7993092860585168,,3,1,val,current_repo_v1
4284,171.36,-0.48709922695588453,,3,1,val,current_repo_v1
4285,171.4,-0.4855221367789456,,3,1,val,current_repo_v1
4286,171.44,-0.4720035267655828,,3,1,val,current_repo_v1
4287,171.48,-0.2472491942189533,,3,1,val,current_repo_v1
4288,171.52,-0.6079158150243038,,3,1,val,current_repo_v1
4289,171.56,-0.7658044055868498,,3,1,val,current_repo_v1
4290,171.6,-0.49068104130396173,,3,1,val,current_repo_v1
4291,171.64,-0.4038651522409669,,3,1,val,current_repo_v1
4292,171.68,-0.2272039076878524,,3,1,val,current_repo_v1
4293,171.72,-0.3472094945680536,,3,1,val,current_repo_v1
4294,171.76,-0.7909922908190581,,3,1,val,current_repo_v1
4295,171.8,-0.6727457207937257,,3,1,val,current_repo_v1
4296,171.84,-0.7437186891165402,,3,1,val,current_repo_v1
4297,171.88,-0.9704527840666246,,3,1,val,current_repo_v1
4298,171.92,-0.9413962994018059,,3,1,val,current_repo_v1
4299,171.96,-0.8248482685189171,,3,1,val,current_repo_v1
4300,172.0,-0.8402143910228448,,3,1,val,current_repo_v1
4301,172.04,-0.9113657932743469,,3,1,val,current_repo_v1
4302,172.08,-0.9006476088600722,,3,1,val,current_repo_v1
4303,172.12,-1.0513234444490762,,3,1,val,current_repo_v1
4304,172.16,-1.0668929057023764,,3,1,val,current_repo_v1
4305,172.2,-0.9607736166226315,,3,1,val,current_repo_v1
4306,172.24,-0.9454598853573397,,3,1,val,current_repo_v1
4307,172.28,-1.1021113593240952,,3,1,val,current_repo_v1
4308,172.32,-1.093330284011386,,3,1,val,current_repo_v1
4309,172.36,-1.018235416006556,,3,1,val,current_repo_v1
4310,172.4,-1.181754849853164,,3,1,val,current_repo_v1
4311,172.44,-1.0398271362470606,,3,1,val,current_repo_v1
4312,172.48,-1.1307137865874026,,3,1,val,current_repo_v1
4313,172.52,-1.1169285127623159,,3,1,val,current_repo_v1
4314,172.56,-1.0740575974091697,,3,1,val,current_repo_v1
4315,172.6,-0.9775562767323448,,3,1,val,current_repo_v1
4316,172.64,-1.2124725164293988,,3,1,val,current_repo_v1
4317,172.68,-1.413522603896192,,3,1,val,current_repo_v1
4318,172.72,-1.4943987311905014,,3,1,val,current_repo_v1
4319,172.76,-1.5917706575806592,,3,1,val,current_repo_v1
4320,172.8,-1.5216550832675215,,3,1,val,current_repo_v1
4321,172.84,-1.4984691507858572,,3,1,val,current_repo_v1
4322,172.88,-1.469210845958293,,3,1,val,current_repo_v1
4323,172.92,-1.3450556072254656,,3,1,val,current_repo_v1
4324,172.96,-1.527862457964573,,3,1,val,current_repo_v1
4325,173.0,-1.4744826194343705,,3,1,val,current_repo_v1
4326,173.04,-1.3605720698054788,,3,1,val,current_repo_v1
4327,173.08,-1.3840061393420162,,3,1,val,current_repo_v1
4328,173.12,-1.3156449881592005,,3,1,val,current_repo_v1
4329,173.16,-1.322987354501368,,3,1,val,current_repo_v1
4330,173.2,-1.2502122794281398,,3,1,val,current_repo_v1
4331,173.24,-1.2418869319622319,,3,1,val,current_repo_v1
4332,173.28,-1.0699536170493542,,3,1,val,current_repo_v1
4333,173.32,-0.9449750006472976,,3,1,val,current_repo_v1
4334,173.36,-0.9773427634525704,,3,1,val,current_repo_v1
4335,173.4,-1.0737116633755097,,3,1,val,current_repo_v1
4336,173.44,-1.0106210707994698,,3,1,val,current_repo_v1
4337,173.48,-1.0303438664779672,,3,1,val,current_repo_v1
4338,173.52,-0.8515146496912979,,3,1,val,current_repo_v1
4339,173.56,-0.935759305841904,,3,1,val,current_repo_v1
4340,173.6,-1.1291077293705511,,3,1,val,current_repo_v1
4341,173.64,-1.348767640376819,,3,1,val,current_repo_v1
4342,173.68,-1.26945216455921,,3,1,val,current_repo_v1
4343,173.72,-1.1377850852166276,,3,1,val,current_repo_v1
4344,173.76,-1.044137948105491,,3,1,val,current_repo_v1
4345,173.8,-1.1600638140472452,,3,1,val,current_repo_v1
4346,173.84,-1.2104175650055682,,3,1,val,current_repo_v1
4347,173.88,-1.2640709009873168,,3,1,val,current_repo_v1
4348,173.92,-1.5261883680668262,,3,1,val,current_repo_v1
4349,173.96,-1.3856200932093286,,3,1,val,current_repo_v1
4350,174.0,-1.232556128290502,,3,1,val,current_repo_v1
4351,174.04,-1.0145170047913685,,3,1,val,current_repo_v1
4352,174.08,-1.109290173886521,,3,1,val,current_repo_v1
4353,174.12,-1.1284263395509584,,3,1,val,current_repo_v1
4354,174.16,-1.0719722742527966,,3,1,val,current_repo_v1
4355,174.2,-1.3060525320116163,,3,1,val,current_repo_v1
4356,174.24,-1.5064582831725188,,3,1,val,current_repo_v1
4357,174.28,-1.5254823771438741,,3,1,val,current_repo_v1
4358,174.32,-1.4303122495043903,,3,1,val,current_repo_v1
4359,174.36,-1.2596565215209161,,3,1,val,current_repo_v1
4360,174.4,-1.3153064952000135,,3,1,val,current_repo_v1
4361,174.44,-1.5098810255714044,,3,1,val,current_repo_v1
4362,174.48,-1.4739711594583536,,3,1,val,current_repo_v1
4363,174.52,-1.543846645225742,,3,1,val,current_repo_v1
4364,174.56,-1.6536176795677435,,3,1,val,current_repo_v1
4365,174.6,-1.5989443089485527,,3,1,val,current_repo_v1
4366,174.64,-1.692341334842201,,3,1,val,current_repo_v1
4367,174.68,-1.7283509720966541,,3,1,val,current_repo_v1
4368,174.72,-1.8755718712502774,,3,1,val,current_repo_v1
4369,174.76,-1.9877322497914032,,3,1,val,current_repo_v1
4370,174.8,-1.970552782996021,,3,1,val,current_repo_v1
4371,174.84,-1.9631688073802702,,3,1,val,current_repo_v1
4372,174.88,-1.8870302147866147,,3,1,val,current_repo_v1
4373,174.92,-1.8821722561664298,,3,1,val,current_repo_v1
4374,174.96,-1.6640901566657487,,3,1,val,current_repo_v1
4375,175.0,-1.7473872147610265,,3,1,val,current_repo_v1
4376,175.04,-1.7395268585203454,,3,1,val,current_repo_v1
4377,175.08,-1.8629882550232377,,3,1,val,current_repo_v1
4378,175.12,-1.639315023278794,,3,1,val,current_repo_v1
4379,175.16,-1.6268498568086704,,3,1,val,current_repo_v1
4380,175.2,-1.6671221667254739,,3,1,val,current_repo_v1
4381,175.24,-1.6928108818273093,,3,1,val,current_repo_v1
4382,175.28,-1.8204477841201547,,3,1,val,current_repo_v1
4383,175.32,-1.4483568551012476,,3,1,val,current_repo_v1
4384,175.36,-1.2974811735121135,,3,1,val,current_repo_v1
4385,175.4,-1.4064563166028368,,3,1,val,current_repo_v1
4386,175.44,-1.0539454361194767,,3,1,val,current_repo_v1
4387,175.48,-1.1604903850308057,,3,1,val,current_repo_v1
4388,175.52,-1.4369773262108583,,3,1,val,current_repo_v1
4389,175.56,-1.5199996719852886,,3,1,val,current_repo_v1
4390,175.6,-1.7558530314899439,,3,1,val,current_repo_v1
4391,175.64,-1.7123225939646356,,3,1,val,current_repo_v1
4392,175.68,-1.4061934492576806,,3,1,val,current_repo_v1
4393,175.72,-1.4875400346890744,,3,1,val,current_repo_v1
4394,175.76,-1.3716323917868458,,3,1,val,current_repo_v1
4395,175.8,-1.238635182417561,,3,1,val,current_repo_v1
4396,175.84,-1.5566683758359154,,3,1,val,current_repo_v1
4397,175.88,-1.6908283669855926,,3,1,val,current_repo_v1
4398,175.92,-1.7427650926440348,,3,1,val,current_repo_v1
4399,175.96,-1.5837421938003549,,3,1,val,current_repo_v1
4400,176.0,-1.7216906030087302,,3,1,val,current_repo_v1
4401,176.04,-1.702372814383688,,3,1,val,current_repo_v1
4402,176.08,-1.6933311496057635,,3,1,val,current_repo_v1
4403,176.12,-1.8283849808441686,,3,1,val,current_repo_v1
4404,176.16,-1.6993441452145426,,3,1,val,current_repo_v1
4405,176.2,-1.8044711897921215,,3,1,val,current_repo_v1
4406,176.24,-1.812666090666759,,3,1,val,current_repo_v1
4407,176.28,-1.898149002353126,,3,1,val,current_repo_v1
4408,176.32,-1.8149553600071555,,3,1,val,current_repo_v1
4409,176.36,-1.885872748059417,,3,1,val,current_repo_v1
4410,176.4,-1.9118323790155323,,3,1,val,current_repo_v1
4411,176.44,-2.101051917363679,,3,1,val,current_repo_v1
4412,176.48,-1.9897777859781456,,3,1,val,current_repo_v1
4413,176.52,-1.917066947119245,,3,1,val,current_repo_v1
4414,176.56,-2.0190927340869016,,3,1,val,current_repo_v1
4415,176.6,-1.946004222733834,,3,1,val,current_repo_v1
4416,176.64,-2.011978915032117,,3,1,val,current_repo_v1
4417,176.68,-1.8574605997004892,,3,1,val,current_repo_v1
4418,176.72,-1.71410905927279,,3,1,val,current_repo_v1
4419,176.76,-1.7017262001978566,,3,1,val,current_repo_v1
4420,176.8,-1.784650141558849,,3,1,val,current_repo_v1
4421,176.84,-1.8482057253601156,,3,1,val,current_repo_v1
4422,176.88,-1.7939329578931615,,3,1,val,current_repo_v1
4423,176.92,-1.7604783426388526,,3,1,val,current_repo_v1
4424,176.96,-1.7167905795389737,,3,1,val,current_repo_v1
4425,177.0,-1.7583404763851807,,3,1,val,current_repo_v1
4426,177.04,-1.6416026221739008,,3,1,val,current_repo_v1
4427,177.08,-1.5274899486649383,,3,1,val,current_repo_v1
4428,177.12,-1.4195893574715714,,3,1,val,current_repo_v1
4429,177.16,-1.2305614647557683,,3,1,val,current_repo_v1
4430,177.2,-1.2277563315381361,,3,1,val,current_repo_v1
4431,177.24,-1.4308583332555058,,3,1,val,current_repo_v1
4432,177.28,-1.6425921332201379,,3,1,val,current_repo_v1
4433,177.32,-1.7221953812035877,,3,1,val,current_repo_v1
4434,177.36,-1.5384251391082298,,3,1,val,current_repo_v1
4435,177.4,-1.4155370090570785,,3,1,val,current_repo_v1
4436,177.44,-1.4794786175789614,,3,1,val,current_repo_v1
4437,177.48,-1.4949396517470845,,3,1,val,current_repo_v1
4438,177.52,-1.5927102071268637,,3,1,val,current_repo_v1
4439,177.56,-1.4273529797441045,,3,1,val,current_repo_v1
4440,177.6,-1.1657617029308949,,3,1,val,current_repo_v1
4441,177.64,-1.3146674739473176,,3,1,val,current_repo_v1
4442,177.68,-1.2031608469491708,,3,1,val,current_repo_v1
4443,177.72,-1.1765020587099257,,3,1,val,current_repo_v1
4444,177.76,-1.3641538082242248,,3,1,val,current_repo_v1
4445,177.8,-1.3046653031277342,,3,1,val,current_repo_v1
4446,177.84,-1.3411464615299107,,3,1,val,current_repo_v1
4447,177.88,-1.4398559590212436,,3,1,val,current_repo_v1
4448,177.92,-1.5065574468792704,,3,1,val,current_repo_v1
4449,177.96,-1.4425403646020192,,3,1,val,current_repo_v1
4450,178.0,-1.360117708686642,,3,1,val,current_repo_v1
4451,178.04,-1.5413974687135088,,3,1,val,current_repo_v1
4452,178.08,-1.582867791620454,,3,1,val,current_repo_v1
4453,178.12,-1.5361812755079842,,3,1,val,current_repo_v1
4454,178.16,-1.5330391679177922,,3,1,val,current_repo_v1
4455,178.2,-1.3682716077223471,,3,1,val,current_repo_v1
4456,178.24,-1.2193214939764123,,3,1,val,current_repo_v1
4457,178.28,-1.4786543287577558,,3,1,val,current_repo_v1
4458,178.32,-1.7250191930367336,,3,1,val,current_repo_v1
4459,178.36,-1.8239549599355087,,3,1,val,current_repo_v1
4460,178.4,-1.5201976956814662,,3,1,val,current_repo_v1
4461,178.44,-0.9978298637805016,,3,1,val,current_repo_v1
4462,178.48,-0.8456434900734927,,3,1,val,current_repo_v1
4463,178.52,-0.7585764647470365,,3,1,val,current_repo_v1
4464,178.56,-0.8457421982042561,,3,1,val,current_repo_v1
4465,178.6,-0.9017528362072965,,3,1,val,current_repo_v1
4466,178.64,-1.041543290994379,,3,1,val,current_repo_v1
4467,178.68,-0.8797893659604707,,3,1,val,current_repo_v1
4468,178.72,-0.9208625784644219,,3,1,val,current_repo_v1
4469,178.76,-0.9086334003561541,,3,1,val,current_repo_v1
4470,178.8,-0.7034948980424734,,3,1,val,current_repo_v1
4471,178.84,-0.8328299598311059,,3,1,val,current_repo_v1
4472,178.88,-0.9269442141887471,,3,1,val,current_repo_v1
4473,178.92,-1.1322278174546498,,3,1,val,current_repo_v1
4474,178.96,-1.418676686908667,,3,1,val,current_repo_v1
4475,179.0,-1.269149662103086,,3,1,val,current_repo_v1
4476,179.04,-1.0924314325867885,,3,1,val,current_repo_v1
4477,179.08,-0.4987371433608797,,3,1,val,current_repo_v1
4478,179.12,-0.5038817352069351,,3,1,val,current_repo_v1
4479,179.16,-0.5247747537402978,,3,1,val,current_repo_v1
4480,179.2,-0.7432003195713698,,3,1,val,current_repo_v1
4481,179.24,-0.602445638205392,,3,1,val,current_repo_v1
4482,179.28,-0.029694822553532268,,3,1,val,current_repo_v1
4483,179.32,-0.19601946554710387,,3,1,val,current_repo_v1
4484,179.36,-0.09584397198177301,,3,1,val,current_repo_v1
4485,179.4,0.012100838555942567,,3,1,val,current_repo_v1
4486,179.44,0.15097972375542523,,3,1,val,current_repo_v1
4487,179.48,0.04257325339189611,,3,1,val,current_repo_v1
4488,179.52,-0.018325325826048483,,3,1,val,current_repo_v1
4489,179.56,-0.10930696375991722,,3,1,val,current_repo_v1
4490,179.6,-0.16179483196117642,,3,1,val,current_repo_v1
4491,179.64,-0.0030205067660247515,,3,1,val,current_repo_v1
4492,179.68,0.04013489680938116,,3,1,val,current_repo_v1
4493,179.72,-0.3207325191127415,,3,1,val,current_repo_v1
4494,179.76,-0.4015206063473428,,3,1,val,current_repo_v1
4495,179.8,-0.32528664651350353,,3,1,val,current_repo_v1
4496,179.84,-0.4744942366220681,,3,1,val,current_repo_v1
4497,179.88,-0.30216813927808367,,3,1,val,current_repo_v1
4498,179.92,-0.09969575306748804,,3,1,val,current_repo_v1
4499,179.96,0.19216176197354304,,3,1,val,current_repo_v1
4500,180.0,0.0763006068044374,,3,1,val,current_repo_v1
4501,180.04,-0.2557292666798328,,3,1,val,current_repo_v1
4502,180.08,-0.3567676686225303,,3,1,val,current_repo_v1
4503,180.12,-0.38024684018189325,,3,1,val,current_repo_v1
4504,180.16,-0.27408525846458287,,3,1,val,current_repo_v1
4505,180.2,-0.3054654464215683,,3,1,val,current_repo_v1
4506,180.24,-0.4010530335248499,,3,1,val,current_repo_v1
4507,180.28,-0.5696776518945393,,3,1,val,current_repo_v1
4508,180.32,-0.5826310819299505,,3,1,val,current_repo_v1
4509,180.36,-0.7249715853459732,,3,1,val,current_repo_v1
4510,180.4,-1.0594888847431474,,3,1,val,current_repo_v1
4511,180.44,-0.8598188888030888,,3,1,val,current_repo_v1
4512,180.48,-0.8530953465114762,,3,1,val,current_repo_v1
4513,180.52,-0.48253674732867324,,3,1,val,current_repo_v1
4514,180.56,-0.7417036765210031,,3,1,val,current_repo_v1
4515,180.6,-1.1662506878248304,,3,1,val,current_repo_v1
4516,180.64,-1.1503252698661313,,3,1,val,current_repo_v1
4517,180.68,-1.0028175096986434,,3,1,val,current_repo_v1
4518,180.72,-0.865227183216945,,3,1,val,current_repo_v1
4519,180.76,-1.0405329753113501,,3,1,val,current_repo_v1
4520,180.8,-1.0522918471411962,,3,1,val,current_repo_v1
4521,180.84,-1.0317939648482124,,3,1,val,current_repo_v1
4522,180.88,-0.8781635671174667,,3,1,val,current_repo_v1
4523,180.92,-0.6485711884178006,,3,1,val,current_repo_v1
4524,180.96,-0.722008215401794,,3,1,val,current_repo_v1
4525,181.0,-0.9068795846604831,,3,1,val,current_repo_v1
4526,181.04,-0.8753080168238138,,3,1,val,current_repo_v1
4527,181.08,-0.9496117011959098,,3,1,val,current_repo_v1
4528,181.12,-1.0091398414033683,,3,1,val,current_repo_v1
4529,181.16,-0.9102415835942834,,3,1,val,current_repo_v1
4530,181.2,-0.9867508631836212,,3,1,val,current_repo_v1
4531,181.24,-0.8963027806611942,,3,1,val,current_repo_v1
4532,181.28,-0.8848734421294351,,3,1,val,current_repo_v1
4533,181.32,-1.0369015791098972,,3,1,val,current_repo_v1
4534,181.36,-1.048559464929039,,3,1,val,current_repo_v1
4535,181.4,-1.1102875815832192,,3,1,val,current_repo_v1
4536,181.44,-1.2294820533812052,,3,1,val,current_repo_v1
4537,181.48,-1.2377187153880889,,3,1,val,current_repo_v1
4538,181.52,-1.1115320633241512,,3,1,val,current_repo_v1
4539,181.56,-1.1352432749201393,,3,1,val,current_repo_v1
4540,181.6,-1.4627952730346623,,3,1,val,current_repo_v1
4541,181.64,-1.450913395688019,,3,1,val,current_repo_v1
4542,181.68,-1.1838342505216914,,3,1,val,current_repo_v1
4543,181.72,-1.0786145721598577,,3,1,val,current_repo_v1
4544,181.76,-0.984843214662622,,3,1,val,current_repo_v1
4545,181.8,-0.7933350144087296,,3,1,val,current_repo_v1
4546,181.84,-0.9064759443349923,,3,1,val,current_repo_v1
4547,181.88,-0.9669238924625029,,3,1,val,current_repo_v1
4548,181.92,-0.9469096800102595,,3,1,val,current_repo_v1
4549,181.96,-0.7896881286236799,,3,1,val,current_repo_v1
4550,182.0,-0.3685996224338069,,3,1,val,current_repo_v1
4551,182.04,-0.3298062640331641,,3,1,val,current_repo_v1
4552,182.08,-0.5479315293587214,,3,1,val,current_repo_v1
4553,182.12,-0.4027262881999517,,3,1,val,current_repo_v1
4554,182.16,-0.64006657180056,,3,1,val,current_repo_v1
4555,182.2,-1.0551012324013842,,3,1,val,current_repo_v1
4556,182.24,-1.309857047088562,,3,1,val,current_repo_v1
4557,182.28,-0.9657691591912342,,3,1,val,current_repo_v1
4558,182.32,-1.1318527265577492,,3,1,val,current_repo_v1
4559,182.36,-1.136776288120226,,3,1,val,current_repo_v1
4560,182.4,-1.1079553362412748,,3,1,val,current_repo_v1
4561,182.44,-1.3528514235344937,,3,1,val,current_repo_v1
4562,182.48,-1.2718641356990787,,3,1,val,current_repo_v1
4563,182.52,-1.746606813093345,,3,1,val,current_repo_v1
4564,182.56,-1.6656743462351693,,3,1,val,current_repo_v1
4565,182.6,-1.5154660834686584,,3,1,val,current_repo_v1
4566,182.64,-1.6190449289798796,,3,1,val,current_repo_v1
4567,182.68,-1.6460238352801235,,3,1,val,current_repo_v1
4568,182.72,-1.6456520852738024,,3,1,val,current_repo_v1
4569,182.76,-1.7791725995947956,,3,1,val,current_repo_v1
4570,182.8,-1.8780928769099738,,3,1,val,current_repo_v1
4571,182.84,-1.9963350430340874,,3,1,val,current_repo_v1
4572,182.88,-2.1708015122996787,,3,1,val,current_repo_v1
4573,182.92,-2.1626491318506007,,3,1,val,current_repo_v1
4574,182.96,-1.95294234131586,,3,1,val,current_repo_v1
4575,183.0,-1.7648805734122361,,3,1,val,current_repo_v1
4576,183.04,-1.7713231771778297,,3,1,val,current_repo_v1
4577,183.08,-1.764661593220604,,3,1,val,current_repo_v1
4578,183.12,-1.6996302469350935,,3,1,val,current_repo_v1
4579,183.16,-1.8065833919317948,,3,1,val,current_repo_v1
4580,183.2,-1.6584247655359194,,3,1,val,current_repo_v1
4581,183.24,-1.47574486863884,,3,1,val,current_repo_v1
4582,183.28,-1.4019535553947373,,3,1,val,current_repo_v1
4583,183.32,-1.4746107881457002,,3,1,val,current_repo_v1
4584,183.36,-1.6779624455045699,,3,1,val,current_repo_v1
4585,183.4,-1.8154397891412097,,3,1,val,current_repo_v1
4586,183.44,-1.6640895492310979,,3,1,val,current_repo_v1
4587,183.48,-1.5226795218061826,,3,1,val,current_repo_v1
4588,183.52,-1.588667729525447,,3,1,val,current_repo_v1
4589,183.56,-1.6913946479388489,,3,1,val,current_repo_v1
4590,183.6,-1.6448727466167599,,3,1,val,current_repo_v1
4591,183.64,-1.859185410391582,,3,1,val,current_repo_v1
4592,183.68,-1.9353530079898158,,3,1,val,current_repo_v1
4593,183.72,-1.9250862993797864,,3,1,val,current_repo_v1
4594,183.76,-1.6121560126045726,,3,1,val,current_repo_v1
4595,183.8,-1.3470648491918196,,3,1,val,current_repo_v1
4596,183.84,-0.6572332065389429,,3,1,val,current_repo_v1
4597,183.88,0.03849283010713401,,3,1,val,current_repo_v1
4598,183.92,0.42712993733324495,,3,1,val,current_repo_v1
4599,183.96,0.878198798327216,,3,1,val,current_repo_v1
4600,184.0,1.040876327747744,,3,1,val,current_repo_v1
4601,184.04,1.2576188819846348,,3,1,val,current_repo_v1
4602,184.08,1.0861604291100604,,3,1,val,current_repo_v1
4603,184.12,1.2556942252934118,,3,1,val,current_repo_v1
4604,184.16,1.0519645917230498,,3,1,val,current_repo_v1
4605,184.2,1.045237556682195,,3,1,val,current_repo_v1
4606,184.24,0.6392258063144503,,3,1,val,current_repo_v1
4607,184.28,0.3106231740419484,,3,1,val,current_repo_v1
4608,184.32,0.14818387289855134,,3,1,val,current_repo_v1
4609,184.36,-0.12008314869218181,,3,1,val,current_repo_v1
4610,184.4,-0.2574841074214771,,3,1,val,current_repo_v1
4611,184.44,-0.23831658294318944,,3,1,val,current_repo_v1
4612,184.48,-0.21336624262412984,,3,1,val,current_repo_v1
4613,184.52,-0.15395113271756164,,3,1,val,current_repo_v1
4614,184.56,-0.07602838116919174,,3,1,val,current_repo_v1
4615,184.6,-0.07077275216719396,,3,1,val,current_repo_v1
4616,184.64,-0.18760214867859046,,3,1,val,current_repo_v1
4617,184.68,-0.41688027485810514,,3,1,val,current_repo_v1
4618,184.72,-0.3411747072411753,,3,1,val,current_repo_v1
4619,184.76,-0.25346412388447476,,3,1,val,current_repo_v1
4620,184.8,-0.15549153953628894,,3,1,val,current_repo_v1
4621,184.84,-0.1974737400305737,,3,1,val,current_repo_v1
4622,184.88,-0.327324627731776,,3,1,val,current_repo_v1
4623,184.92,-0.44843293629126674,,3,1,val,current_repo_v1
4624,184.96,-0.3434328455557158,,3,1,val,current_repo_v1
4625,185.0,-0.2923579178081693,,3,1,val,current_repo_v1
4626,185.04,-0.19979127406456773,,3,1,val,current_repo_v1
4627,185.08,-0.2993350640665123,,3,1,val,current_repo_v1
4628,185.12,-0.09653375199248057,,3,1,val,current_repo_v1
4629,185.16,-0.2840693581033035,,3,1,val,current_repo_v1
4630,185.2,-0.38477165886075176,,3,1,val,current_repo_v1
4631,185.24,-0.42676547654273406,,3,1,val,current_repo_v1
4632,185.28,-0.5542389029851692,,3,1,val,current_repo_v1
4633,185.32,-0.34508696603931577,,3,1,val,current_repo_v1
4634,185.36,-0.28455392011368746,,3,1,val,current_repo_v1
4635,185.4,-0.5091189608372454,,3,1,val,current_repo_v1
4636,185.44,-0.7532280785756205,,3,1,val,current_repo_v1
4637,185.48,-0.7825697538090138,,3,1,val,current_repo_v1
4638,185.52,-0.8634638004255232,,3,1,val,current_repo_v1
4639,185.56,-0.7238819994410083,,3,1,val,current_repo_v1
4640,185.6,-0.725774006519748,,3,1,val,current_repo_v1
4641,185.64,-0.8646173188274902,,3,1,val,current_repo_v1
4642,185.68,-0.8240159311885878,,3,1,val,current_repo_v1
4643,185.72,-1.0786362879486255,,3,1,val,current_repo_v1
4644,185.76,-0.8549302547330359,,3,1,val,current_repo_v1
4645,185.8,-0.9382777299043343,,3,1,val,current_repo_v1
4646,185.84,-0.6057740384100672,,3,1,val,current_repo_v1
4647,185.88,-0.2497358608385438,,3,1,val,current_repo_v1
4648,185.92,-0.27778161220901126,,3,1,val,current_repo_v1
4649,185.96,-0.09920625565056593,,3,1,val,current_repo_v1
4650,186.0,-0.13837394565479594,,3,1,val,current_repo_v1
4651,186.04,-0.33039145138992815,,3,1,val,current_repo_v1
4652,186.08,-0.49302346117630785,,3,1,val,current_repo_v1
4653,186.12,-0.4267120982227905,,3,1,val,current_repo_v1
4654,186.16,-0.41039553031360865,,3,1,val,current_repo_v1
4655,186.2,-0.2813318779199099,,3,1,val,current_repo_v1
4656,186.24,-0.2089325011782334,,3,1,val,current_repo_v1
4657,186.28,-0.4863359853170896,,3,1,val,current_repo_v1
4658,186.32,-0.4493846345304883,,3,1,val,current_repo_v1
4659,186.36,-0.2972531956947158,,3,1,val,current_repo_v1
4660,186.4,-0.32659733863137835,,3,1,val,current_repo_v1
4661,186.44,-0.4688409182559245,,3,1,val,current_repo_v1
4662,186.48,-0.40906612161555445,,3,1,val,current_repo_v1
4663,186.52,-0.31112612993285343,,3,1,val,current_repo_v1
4664,186.56,-0.44289696670673456,,3,1,val,current_repo_v1
4665,186.6,-0.272700952859958,,3,1,val,current_repo_v1
4666,186.64,-0.1789097398425727,,3,1,val,current_repo_v1
4667,186.68,-0.2071569317291288,,3,1,val,current_repo_v1
4668,186.72,-0.20673184136752978,,3,1,val,current_repo_v1
4669,186.76,-0.0450433769084173,,3,1,val,current_repo_v1
4670,186.8,-0.10314859195508992,,3,1,val,current_repo_v1
4671,186.84,0.11165170896803611,,3,1,val,current_repo_v1
4672,186.88,0.21115267482709563,,3,1,val,current_repo_v1
4673,186.92,0.22875544764478983,,3,1,val,current_repo_v1
4674,186.96,0.03831272573315654,,3,1,val,current_repo_v1
4675,187.0,0.2309830244034593,,3,1,val,current_repo_v1
4676,187.04,0.3539191038273622,,3,1,val,current_repo_v1
4677,187.08,0.24658270553063935,,3,1,val,current_repo_v1
4678,187.12,0.09720436933818705,,3,1,val,current_repo_v1
4679,187.16,0.565009934214068,,3,1,val,current_repo_v1
4680,187.2,0.39585111503362036,,3,1,val,current_repo_v1
4681,187.24,-0.28295463958965966,,3,1,val,current_repo_v1
4682,187.28,-0.5133415428126396,,3,1,val,current_repo_v1
4683,187.32,-0.4913274656664648,,3,1,val,current_repo_v1
4684,187.36,-0.28570043403483686,,3,1,val,current_repo_v1
4685,187.4,-0.2577637171841972,,3,1,val,current_repo_v1
4686,187.44,-0.2628271026103669,,3,1,val,current_repo_v1
4687,187.48,-0.13016052751447385,,3,1,val,current_repo_v1
4688,187.52,-0.2451800250278262,,3,1,val,current_repo_v1
4689,187.56,-0.3493357436340279,,3,1,val,current_repo_v1
4690,187.6,-0.10416379558882476,,3,1,val,current_repo_v1
4691,187.64,-0.022221762849767516,,3,1,val,current_repo_v1
4692,187.68,-0.11905448658446405,,3,1,val,current_repo_v1
4693,187.72,-0.1590705065344403,,3,1,val,current_repo_v1
4694,187.76,-0.48418748895702785,,3,1,val,current_repo_v1
4695,187.8,-0.5002515159101182,,3,1,val,current_repo_v1
4696,187.84,-0.4165227236367477,,3,1,val,current_repo_v1
4697,187.88,-0.3017505659202889,,3,1,val,current_repo_v1
4698,187.92,-0.08521094231261457,,3,1,val,current_repo_v1
4699,187.96,0.04844055959613492,,3,1,val,current_repo_v1
4700,188.0,-0.05380546988828745,,3,1,val,current_repo_v1
4701,188.04,-0.1686302371402098,,3,1,val,current_repo_v1
4702,188.08,-0.2737935759381771,,3,1,val,current_repo_v1
4703,188.12,-0.3636433353295155,,3,1,val,current_repo_v1
4704,188.16,-0.14073006128028545,,3,1,val,current_repo_v1
4705,188.2,-0.2641238616959378,,3,1,val,current_repo_v1
4706,188.24,-0.40529034579052725,,3,1,val,current_repo_v1
4707,188.28,-0.4316157283357862,,3,1,val,current_repo_v1
4708,188.32,-0.31388786953761544,,3,1,val,current_repo_v1
4709,188.36,-0.23114839848715363,,3,1,val,current_repo_v1
4710,188.4,-0.04375064207740828,,3,1,val,current_repo_v1
4711,188.44,0.05803747659193626,,3,1,val,current_repo_v1
4712,188.48,0.356376708495376,,3,1,val,current_repo_v1
4713,188.52,0.8645324298350336,,3,1,val,current_repo_v1
4714,188.56,0.9540473408750901,,3,1,val,current_repo_v1
4715,188.6,0.92051877045204,,3,1,val,current_repo_v1
4716,188.64,0.7144111820822572,,3,1,val,current_repo_v1
4717,188.68,0.5764170254517397,,3,1,val,current_repo_v1
4718,188.72,0.6635907694534174,,3,1,val,current_repo_v1
4719,188.76,0.9883692209521523,,3,1,val,current_repo_v1
4720,188.8,0.7730532269927862,,3,1,val,current_repo_v1
4721,188.84,0.45273330786663557,,3,1,val,current_repo_v1
4722,188.88,0.31699797291464077,,3,1,val,current_repo_v1
4723,188.92,-0.67859668320939,,3,1,val,current_repo_v1
4724,188.96,-0.4717404316324328,,3,1,val,current_repo_v1
4725,189.0,-0.15812092482533027,,3,1,val,current_repo_v1
4726,189.04,-0.5860983948463422,,3,1,val,current_repo_v1
4727,189.08,-0.6134807136840829,,3,1,val,current_repo_v1
4728,189.12,0.09902012438591204,,3,1,val,current_repo_v1
4729,189.16,0.24749932441877426,,3,1,val,current_repo_v1
4730,189.2,-0.036134474566369486,,3,1,val,current_repo_v1
4731,189.24,0.10497203484761476,,3,1,val,current_repo_v1
4732,189.28,0.06948482935755965,,3,1,val,current_repo_v1
4733,189.32,0.06069392119643974,,3,1,val,current_repo_v1
4734,189.36,0.18080584710520564,,3,1,val,current_repo_v1
4735,189.4,-0.006310534184865598,,3,1,val,current_repo_v1
4736,189.44,-0.03143149720264954,,3,1,val,current_repo_v1
4737,189.48,-0.03375183113073733,,3,1,val,current_repo_v1
4738,189.52,-0.05472544864933489,,3,1,val,current_repo_v1
4739,189.56,0.034839775063911615,,3,1,val,current_repo_v1
4740,189.6,-0.27201762684241576,,3,1,val,current_repo_v1
4741,189.64,-0.5972591713330936,,3,1,val,current_repo_v1
4742,189.68,-0.7745453902126029,,3,1,val,current_repo_v1
4743,189.72,-0.5445847162911923,,3,1,val,current_repo_v1
4744,189.76,-0.4687946013637971,,3,1,val,current_repo_v1
4745,189.8,-0.32807598643021363,,3,1,val,current_repo_v1
4746,189.84,-0.3546771443069592,,3,1,val,current_repo_v1
4747,189.88,-0.8206788370754725,,3,1,val,current_repo_v1
4748,189.92,-0.9451973217295092,,3,1,val,current_repo_v1
4749,189.96,-0.6954437313920937,,3,1,val,current_repo_v1
4750,190.0,-0.9125887110851737,,3,1,val,current_repo_v1
4751,190.04,-0.687892331600702,,3,1,val,current_repo_v1
4752,190.08,-0.3907139642620379,,3,1,val,current_repo_v1
4753,190.12,-0.33471798061994934,,3,1,val,current_repo_v1
4754,190.16,-0.4100929898928189,,3,1,val,current_repo_v1
4755,190.2,-0.46867706275885734,,3,1,val,current_repo_v1
4756,190.24,-0.5648057602420505,,3,1,val,current_repo_v1
4757,190.28,-0.04094070632956777,,3,1,val,current_repo_v1
4758,190.32,-0.2083247248453908,,3,1,val,current_repo_v1
4759,190.36,-0.014805906406013421,,3,1,val,current_repo_v1
4760,190.4,0.020342227163703108,,3,1,val,current_repo_v1
4761,190.44,0.22313910686301688,,3,1,val,current_repo_v1
4762,190.48,-0.019230042791493273,,3,1,val,current_repo_v1
4763,190.52,0.09662935651182473,,3,1,val,current_repo_v1
4764,190.56,-0.010673832193596106,,3,1,val,current_repo_v1
4765,190.6,0.07815772435541882,,3,1,val,current_repo_v1
4766,190.64,0.005091080649781959,,3,1,val,current_repo_v1
4767,190.68,0.03162082699038681,,3,1,val,current_repo_v1
4768,190.72,0.15759151705361393,,3,1,val,current_repo_v1
4769,190.76,0.030663035422323875,,3,1,val,current_repo_v1
4770,190.8,-0.0012100098244961835,,3,1,val,current_repo_v1
4771,190.84,0.025514931844693233,,3,1,val,current_repo_v1
4772,190.88,0.22445336765946544,,3,1,val,current_repo_v1
4773,190.92,0.13694895141973043,,3,1,val,current_repo_v1
4774,190.96,0.11980636729705475,,3,1,val,current_repo_v1
4775,191.0,0.3093986996798288,,3,1,val,current_repo_v1
4776,191.04,0.34074779457562376,,3,1,val,current_repo_v1
4777,191.08,0.3813877922795208,,3,1,val,current_repo_v1
4778,191.12,0.29753914555660416,,3,1,val,current_repo_v1
4779,191.16,0.25295006332885883,,3,1,val,current_repo_v1
4780,191.2,0.44916614787951015,,3,1,val,current_repo_v1
4781,191.24,0.37488903877338897,,3,1,val,current_repo_v1
4782,191.28,0.10722295987567634,,3,1,val,current_repo_v1
4783,191.32,-0.08792182824770062,,3,1,val,current_repo_v1
4784,191.36,-0.3106959143413878,,3,1,val,current_repo_v1
4785,191.4,-0.23454809633397242,,3,1,val,current_repo_v1
4786,191.44,-0.13156298972045932,,3,1,val,current_repo_v1
4787,191.48,0.06675515091296289,,3,1,val,current_repo_v1
4788,191.52,0.3293430191825585,,3,1,val,current_repo_v1
4789,191.56,0.11273556220848358,,3,1,val,current_repo_v1
4790,191.6,0.1590201274230853,,3,1,val,current_repo_v1
4791,191.64,0.36979072585479533,,3,1,val,current_repo_v1
4792,191.68,0.36749071251401183,,3,1,val,current_repo_v1
4793,191.72,0.2118194102857365,,3,1,val,current_repo_v1
4794,191.76,0.028926379755539442,,3,1,val,current_repo_v1
4795,191.8,-0.08909248769622133,,3,1,val,current_repo_v1
4796,191.84,-0.07247935880109409,,3,1,val,current_repo_v1
4797,191.88,0.014654968386443243,,3,1,val,current_repo_v1
4798,191.92,0.13443064125129717,,3,1,val,current_repo_v1
4799,191.96,0.35309773828541396,,3,1,val,current_repo_v1
4800,192.0,0.33182446566061824,,3,1,val,current_repo_v1
4801,192.04,0.1716475169096519,,3,1,val,current_repo_v1
4802,192.08,0.1761767394897291,,3,1,val,current_repo_v1
4803,192.12,0.15231325161970552,,3,1,val,current_repo_v1
4804,192.16,0.32745765592031245,,3,1,val,current_repo_v1
4805,192.2,0.3447180633829205,,3,1,val,current_repo_v1
4806,192.24,0.11621018332301833,,3,1,val,current_repo_v1
4807,192.28,0.10980313346683228,,3,1,val,current_repo_v1
4808,192.32,0.06623543362216092,,3,1,val,current_repo_v1
4809,192.36,0.15978018002996322,,3,1,val,current_repo_v1
4810,192.4,0.22558372761536874,,3,1,val,current_repo_v1
4811,192.44,0.24575029227097872,,3,1,val,current_repo_v1
4812,192.48,0.1877634035960587,,3,1,val,current_repo_v1
4813,192.52,0.09394684916433317,,3,1,val,current_repo_v1
4814,192.56,0.0363157653361494,,3,1,val,current_repo_v1
4815,192.6,0.16011407926460317,,3,1,val,current_repo_v1
4816,192.64,0.05151677950904246,,3,1,val,current_repo_v1
4817,192.68,0.14223727749004358,,3,1,val,current_repo_v1
4818,192.72,-0.027355221557612785,,3,1,val,current_repo_v1
4819,192.76,0.04389780261274348,,3,1,val,current_repo_v1
4820,192.8,-0.06988356275001156,,3,1,val,current_repo_v1
4821,192.84,-0.05571843346248153,,3,1,val,current_repo_v1
4822,192.88,-0.22232089238831992,,3,1,val,current_repo_v1
4823,192.92,-0.3746033546641604,,3,1,val,current_repo_v1
4824,192.96,-0.458124252428277,,3,1,val,current_repo_v1
4825,193.0,-0.33509823471138234,,3,1,val,current_repo_v1
4826,193.04,-0.09644821760070754,,3,1,val,current_repo_v1
4827,193.08,0.11475163781465969,,3,1,val,current_repo_v1
4828,193.12,-0.07662673277377972,,3,1,val,current_repo_v1
4829,193.16,-0.17359616726958352,,3,1,val,current_repo_v1
4830,193.2,0.048203090612317666,,3,1,val,current_repo_v1
4831,193.24,-0.13413619679546332,,3,1,val,current_repo_v1
4832,193.28,-0.1618409780123083,,3,1,val,current_repo_v1
4833,193.32,-0.05425077643436012,,3,1,val,current_repo_v1
4834,193.36,0.04167168749370261,,3,1,val,current_repo_v1
4835,193.4,0.16926849909959202,,3,1,val,current_repo_v1
4836,193.44,0.028765447537729475,,3,1,val,current_repo_v1
4837,193.48,0.06486861074608086,,3,1,val,current_repo_v1
4838,193.52,0.11028579724393231,,3,1,val,current_repo_v1
4839,193.56,0.17117322434133392,,3,1,val,current_repo_v1
4840,193.6,0.1658158785088178,,3,1,val,current_repo_v1
4841,193.64,-0.17440561190650883,,3,1,val,current_repo_v1
4842,193.68,-0.17164689049266824,,3,1,val,current_repo_v1
4843,193.72,-0.16942394542321149,,3,1,val,current_repo_v1
4844,193.76,-0.14190834213544107,,3,1,val,current_repo_v1
4845,193.8,-0.022087738088756984,,3,1,val,current_repo_v1
4846,193.84,-0.09924614702302732,,3,1,val,current_repo_v1
4847,193.88,0.03810781145015835,,3,1,val,current_repo_v1
4848,193.92,0.12454583819565788,,3,1,val,current_repo_v1
4849,193.96,0.16093552073588277,,3,1,val,current_repo_v1
4850,194.0,0.19148409269118682,,3,1,val,current_repo_v1
4851,194.04,0.040107960879082465,,3,1,val,current_repo_v1
4852,194.08,0.1883321142879184,,3,1,val,current_repo_v1
4853,194.12,0.23471066103240656,,3,1,val,current_repo_v1
4854,194.16,0.31309448395427203,,3,1,val,current_repo_v1
4855,194.2,0.32267957495671457,,3,1,val,current_repo_v1
4856,194.24,0.23151297317166156,,3,1,val,current_repo_v1
4857,194.28,0.11383486706786207,,3,1,val,current_repo_v1
4858,194.32,0.15063724450634203,,3,1,val,current_repo_v1
4859,194.36,0.529916308413099,,3,1,val,current_repo_v1
4860,194.4,0.580257682890411,,3,1,val,current_repo_v1
4861,194.44,0.5796286083801229,,3,1,val,current_repo_v1
4862,194.48,0.5671873596493766,,3,1,val,current_repo_v1
4863,194.52,0.33013716405921545,,3,1,val,current_repo_v1
4864,194.56,0.2520716748590619,,3,1,val,current_repo_v1
4865,194.6,0.70271214256552,,3,1,val,current_repo_v1
4866,194.64,0.9268277385944463,,3,1,val,current_repo_v1
4867,194.68,0.8644162579580583,,3,1,val,current_repo_v1
4868,194.72,0.7907509874040073,,3,1,val,current_repo_v1
4869,194.76,1.0074473766074334,,3,1,val,current_repo_v1
4870,194.8,1.0360616488464323,,3,1,val,current_repo_v1
4871,194.84,1.0442143330128357,,3,1,val,current_repo_v1
4872,194.88,0.6330934118321133,,3,1,val,current_repo_v1
4873,194.92,0.5321925938378336,,3,1,val,current_repo_v1
4874,194.96,1.2214844169094317,,3,1,val,current_repo_v1
4875,195.0,1.3618241444795465,,3,1,val,current_repo_v1
4876,195.04,1.7230984846707411,,3,1,val,current_repo_v1
4877,195.08,1.7132920596673946,,3,1,val,current_repo_v1
4878,195.12,1.2194756305190657,,3,1,val,current_repo_v1
4879,195.16,1.1757114825118424,,3,1,val,current_repo_v1
4880,195.2,1.1978318227572506,,3,1,val,current_repo_v1
4881,195.24,0.9601215355249424,,3,1,val,current_repo_v1
4882,195.28,0.8738554887149652,,3,1,val,current_repo_v1
4883,195.32,0.6588025139594178,,3,1,val,current_repo_v1
4884,195.36,0.5685540876137924,,3,1,val,current_repo_v1
4885,195.4,0.7476219123242492,,3,1,val,current_repo_v1
4886,195.44,0.6850805925312417,,3,1,val,current_repo_v1
4887,195.48,0.6092096887952833,,3,1,val,current_repo_v1
4888,195.52,0.708988005519455,,3,1,val,current_repo_v1
4889,195.56,0.9926534575446079,,3,1,val,current_repo_v1
4890,195.6,0.7433417759156868,,3,1,val,current_repo_v1
4891,195.64,0.7560216705348864,,3,1,val,current_repo_v1
4892,195.68,0.780543503672436,,3,1,val,current_repo_v1
4893,195.72,0.6046078398097636,,3,1,val,current_repo_v1
4894,195.76,0.45005368583373556,,3,1,val,current_repo_v1
4895,195.8,0.484438890973149,,3,1,val,current_repo_v1
4896,195.84,0.2885833948171094,,3,1,val,current_repo_v1
4897,195.88,0.4419973559888235,,3,1,val,current_repo_v1
4898,195.92,0.5795872268945337,,3,1,val,current_repo_v1
4899,195.96,0.5009447886700682,,3,1,val,current_repo_v1
4900,196.0,0.820886427867401,,3,1,val,current_repo_v1
4901,196.04,1.0238288261302593,,3,1,val,current_repo_v1
4902,196.08,0.8616727793574875,,3,1,val,current_repo_v1
4903,196.12,0.8938880760653967,,3,1,val,current_repo_v1
4904,196.16,0.7741394720071714,,3,1,val,current_repo_v1
4905,196.2,0.5264980458447636,,3,1,val,current_repo_v1
4906,196.24,0.332645413591244,,3,1,val,current_repo_v1
4907,196.28,-0.09123513749776863,,3,1,val,current_repo_v1
4908,196.32,-0.29122569758364775,,3,1,val,current_repo_v1
4909,196.36,-0.21348298397109036,,3,1,val,current_repo_v1
4910,196.4,-0.10315240740399059,,3,1,val,current_repo_v1
4911,196.44,0.14875630412764754,,3,1,val,current_repo_v1
4912,196.48,0.44177055507606183,,3,1,val,current_repo_v1
4913,196.52,0.6183935692108383,,3,1,val,current_repo_v1
4914,196.56,0.5339355516391207,,3,1,val,current_repo_v1
4915,196.6,0.7235085789893974,,3,1,val,current_repo_v1
4916,196.64,0.952472870260083,,3,1,val,current_repo_v1
4917,196.68,1.0460893319213516,,3,1,val,current_repo_v1
4918,196.72,1.2185224136932171,,3,1,val,current_repo_v1
4919,196.76,1.217447709937198,,3,1,val,current_repo_v1
4920,196.8,1.0880911601477918,,3,1,val,current_repo_v1
4921,196.84,1.4419906362429984,,3,1,val,current_repo_v1
4922,196.88,1.7804576275986719,,3,1,val,current_repo_v1
4923,196.92,1.9643534568080934,,3,1,val,current_repo_v1
4924,196.96,1.9522211645266365,,3,1,val,current_repo_v1
4925,197.0,1.5239961364119032,,3,1,val,current_repo_v1
4926,197.04,1.2864630682389808,,3,1,val,current_repo_v1
4927,197.08,1.1353527650159554,,3,1,val,current_repo_v1
4928,197.12,0.96939903680606,,3,1,val,current_repo_v1
4929,197.16,0.8428700953163676,,3,1,val,current_repo_v1
4930,197.2,1.0416474660369999,,3,1,val,current_repo_v1
4931,197.24,1.0911382042151256,,3,1,val,current_repo_v1
4932,197.28,1.0486650066996246,,3,1,val,current_repo_v1
4933,197.32,0.9369421329657747,,3,1,val,current_repo_v1
4934,197.36,0.984593103445134,,3,1,val,current_repo_v1
4935,197.4,1.6772526581150498,,3,1,val,current_repo_v1
4936,197.44,2.4787022401658416,,3,1,val,current_repo_v1
4937,197.48,2.414516746631642,,3,1,val,current_repo_v1
4938,197.52,2.0920948378608855,,3,1,val,current_repo_v1
4939,197.56,2.0690677495404186,,3,1,val,current_repo_v1
4940,197.6,2.0042398938629433,,3,1,val,current_repo_v1
4941,197.64,2.1589437804804064,,3,1,val,current_repo_v1
4942,197.68,1.9216816281617637,,3,1,val,current_repo_v1
4943,197.72,2.037039238987646,,3,1,val,current_repo_v1
4944,197.76,1.9760233394615896,,3,1,val,current_repo_v1
4945,197.8,1.8861397155884663,,3,1,val,current_repo_v1
4946,197.84,1.709577900494763,,3,1,val,current_repo_v1
4947,197.88,1.7678368059992675,,3,1,val,current_repo_v1
4948,197.92,2.0611021552464774,,3,1,val,current_repo_v1
4949,197.96,2.1368920803505445,,3,1,val,current_repo_v1
4950,198.0,1.8417417095230795,,3,1,val,current_repo_v1
4951,198.04,1.7055003435422598,,3,1,val,current_repo_v1
4952,198.08,1.5577695029992467,,3,1,val,current_repo_v1
4953,198.12,1.1099806752258765,,3,1,val,current_repo_v1
4954,198.16,1.1189404881845988,,3,1,val,current_repo_v1
4955,198.2,1.354672208900421,,3,1,val,current_repo_v1
4956,198.24,1.0363899672752175,,3,1,val,current_repo_v1
4957,198.28,0.998388703659285,,3,1,val,current_repo_v1
4958,198.32,1.0105762724939695,,3,1,val,current_repo_v1
4959,198.36,0.9655447120877445,,3,1,val,current_repo_v1
4960,198.4,0.8442284710543342,,3,1,val,current_repo_v1
4961,198.44,1.3932139374969486,,3,1,val,current_repo_v1
4962,198.48,1.7777218937898995,,3,1,val,current_repo_v1
4963,198.52,1.5700964780863014,,3,1,val,current_repo_v1
4964,198.56,1.2379578927818617,,3,1,val,current_repo_v1
4965,198.6,1.0432267961292139,,3,1,val,current_repo_v1
4966,198.64,1.0764446637283533,,3,1,val,current_repo_v1
4967,198.68,0.8062899250661022,,3,1,val,current_repo_v1
4968,198.72,0.938999362269546,,3,1,val,current_repo_v1
4969,198.76,1.0972222696780543,,3,1,val,current_repo_v1
4970,198.8,0.9866653667565138,,3,1,val,current_repo_v1
4971,198.84,1.015818889106806,,3,1,val,current_repo_v1
4972,198.88,1.1486873223301102,,3,1,val,current_repo_v1
4973,198.92,1.589150032638223,,3,1,val,current_repo_v1
4974,198.96,1.3492236719409458,,3,1,val,current_repo_v1
4975,199.0,1.072909697777723,,3,1,val,current_repo_v1
4976,199.04,0.9908399613944908,,3,1,val,current_repo_v1
4977,199.08,0.804012045125409,,3,1,val,current_repo_v1
4978,199.12,0.7004559784135949,,3,1,val,current_repo_v1
4979,199.16,0.4413761021996651,,3,1,val,current_repo_v1
4980,199.2,0.707661520100658,,3,1,val,current_repo_v1
4981,199.24,0.9810748419474021,,3,1,val,current_repo_v1
4982,199.28,1.3053715977680118,,3,1,val,current_repo_v1
4983,199.32,1.525771212320354,,3,1,val,current_repo_v1
4984,199.36,1.546739249033097,,3,1,val,current_repo_v1
4985,199.4,1.2865184966508711,,3,1,val,current_repo_v1
4986,199.44,1.2682418510173885,,3,1,val,current_repo_v1
4987,199.48,1.4695340011925462,,3,1,val,current_repo_v1
4988,199.52,1.8141155816023533,,3,1,val,current_repo_v1
4989,199.56,1.696073717054358,,3,1,val,current_repo_v1
4990,199.6,1.3481664319311388,,3,1,val,current_repo_v1
4991,199.64,0.8552701144201873,,3,1,val,current_repo_v1
4992,199.68,1.2365847867536117,,3,1,val,current_repo_v1
4993,199.72,1.3321626549024799,,3,1,val,current_repo_v1
4994,199.76,1.7634350308018722,,3,1,val,current_repo_v1
4995,199.8,2.0266469432635534,,3,1,val,current_repo_v1
4996,199.84,1.6403330837536212,,3,1,val,current_repo_v1
4997,199.88,1.6174467684134892,,3,1,val,current_repo_v1
4998,199.92,1.5770915436668447,,3,1,val,current_repo_v1
4999,199.96,1.7974269220048593,,3,1,val,current_repo_v1
5000,200.0,1.7401260928034104,,3,1,val,current_repo_v1
5001,200.04,1.6247780490732786,,3,1,val,current_repo_v1
5002,200.08,1.0405683583797622,,3,1,val,current_repo_v1
5003,200.12,0.8500850522405189,,3,1,val,current_repo_v1
5004,200.16,0.6632777887495661,,3,1,val,current_repo_v1
5005,200.2,0.4222983261910408,,3,1,val,current_repo_v1
5006,200.24,0.2764004576716377,,3,1,val,current_repo_v1
5007,200.28,0.1285743827647707,,3,1,val,current_repo_v1
5008,200.32,-0.003882741270575614,,3,1,val,current_repo_v1
5009,200.36,0.30527114326262716,,3,1,val,current_repo_v1
5010,200.4,0.12625094522526373,,3,1,val,current_repo_v1
5011,200.44,-0.10261717205609264,,3,1,val,current_repo_v1
5012,200.48,0.12045239303056816,,3,1,val,current_repo_v1
5013,200.52,-0.17932549089641486,,3,1,val,current_repo_v1
5014,200.56,-0.12581550000110098,,3,1,val,current_repo_v1
5015,200.6,0.00045094429892588166,,3,1,val,current_repo_v1
5016,200.64,-0.09682486504890114,,3,1,val,current_repo_v1
5017,200.68,-0.4951953058057617,,3,1,val,current_repo_v1
5018,200.72,-0.7224206635297222,,3,1,val,current_repo_v1
5019,200.76,-0.6944639393002702,,3,1,val,current_repo_v1
5020,200.8,-0.7463071200224811,,3,1,val,current_repo_v1
5021,200.84,-0.7060094497090046,,3,1,val,current_repo_v1
5022,200.88,-0.30864073512956314,,3,1,val,current_repo_v1
5023,200.92,-0.1724502038360865,,3,1,val,current_repo_v1
5024,200.96,0.014315184628623186,,3,1,val,current_repo_v1
5025,201.0,0.17239097895762848,,3,1,val,current_repo_v1
5026,201.04,0.13394180821602442,,3,1,val,current_repo_v1
5027,201.08,0.21198968181130332,,3,1,val,current_repo_v1
5028,201.12,0.3677561614564339,,3,1,val,current_repo_v1
5029,201.16,0.4570027382394767,,3,1,val,current_repo_v1
5030,201.2,0.4823411154064334,,3,1,val,current_repo_v1
5031,201.24,0.2398614411189675,,3,1,val,current_repo_v1
5032,201.28,0.3321475829302055,,3,1,val,current_repo_v1
5033,201.32,0.13838225042541305,,3,1,val,current_repo_v1
5034,201.36,0.07021116934131533,,3,1,val,current_repo_v1
5035,201.4,0.19767635745129836,,3,1,val,current_repo_v1
5036,201.44,0.09814589304700687,,3,1,val,current_repo_v1
5037,201.48,0.08648683032322889,,3,1,val,current_repo_v1
5038,201.52,0.1395809847442028,,3,1,val,current_repo_v1
5039,201.56,0.12581962865849347,,3,1,val,current_repo_v1
5040,201.6,0.004387405571436176,,3,1,val,current_repo_v1
5041,201.64,-0.11402367484144627,,3,1,val,current_repo_v1
5042,201.68,-0.0960874204004346,,3,1,val,current_repo_v1
5043,201.72,-0.21503642216131172,,3,1,val,current_repo_v1
5044,201.76,-0.2582311761126931,,3,1,val,current_repo_v1
5045,201.8,-0.318051302563883,,3,1,val,current_repo_v1
5046,201.84,-0.3556760705902845,,3,1,val,current_repo_v1
5047,201.88,-0.4400753947888637,,3,1,val,current_repo_v1
5048,201.92,-0.41903404830669616,,3,1,val,current_repo_v1
5049,201.96,-0.5151731101436196,,3,1,val,current_repo_v1
5050,202.0,-0.6250601645039335,,3,1,val,current_repo_v1
5051,202.04,-0.4754318879349887,,3,1,val,current_repo_v1
5052,202.08,-0.3950740542565186,,3,1,val,current_repo_v1
5053,202.12,-0.25727177104633886,,3,1,val,current_repo_v1
5054,202.16,-0.10261105974491845,,3,1,val,current_repo_v1
5055,202.2,-0.2394499421076813,,3,1,val,current_repo_v1
5056,202.24,-0.3898825380836849,,3,1,val,current_repo_v1
5057,202.28,-0.2636329785687184,,3,1,val,current_repo_v1
5058,202.32,-0.250195385151913,,3,1,val,current_repo_v1
5059,202.36,-0.21091330760999447,,3,1,val,current_repo_v1
5060,202.4,-0.346484445382931,,3,1,val,current_repo_v1
5061,202.44,-0.42623590742118855,,3,1,val,current_repo_v1
5062,202.48,-0.2669687818832008,,3,1,val,current_repo_v1
5063,202.52,-0.2656653789811362,,3,1,val,current_repo_v1
5064,202.56,-0.12429894448358601,,3,1,val,current_repo_v1
5065,202.6,-0.005651790288349987,,3,1,val,current_repo_v1
5066,202.64,-0.029106683444011724,,3,1,val,current_repo_v1
5067,202.68,0.051601744430830314,,3,1,val,current_repo_v1
5068,202.72,-0.03714951685027518,,3,1,val,current_repo_v1
5069,202.76,-0.013539613964649278,,3,1,val,current_repo_v1
5070,202.8,0.09758477528828279,,3,1,val,current_repo_v1
5071,202.84,0.1980794662714697,,3,1,val,current_repo_v1
5072,202.88,0.14436356452068358,,3,1,val,current_repo_v1
5073,202.92,-0.012256446229391166,,3,1,val,current_repo_v1
5074,202.96,-0.2851422775200357,,3,1,val,current_repo_v1
5075,203.0,-0.24940670718711364,,3,1,val,current_repo_v1
5076,203.04,-0.2589590726477416,,3,1,val,current_repo_v1
5077,203.08,-0.22678724548203394,,3,1,val,current_repo_v1
5078,203.12,-0.21272710747743703,,3,1,val,current_repo_v1
5079,203.16,-0.23489942135015868,,3,1,val,current_repo_v1
5080,203.2,-0.10693753202794108,,3,1,val,current_repo_v1
5081,203.24,0.11969152418337814,,3,1,val,current_repo_v1
5082,203.28,0.07295238904427827,,3,1,val,current_repo_v1
5083,203.32,0.24988035435611508,,3,1,val,current_repo_v1
5084,203.36,0.22318375330985446,,3,1,val,current_repo_v1
5085,203.4,0.35072855332376474,,3,1,val,current_repo_v1
5086,203.44,0.06416861824030586,,3,1,val,current_repo_v1
5087,203.48,-0.03851518180405206,,3,1,val,current_repo_v1
5088,203.52,0.029238734042406987,,3,1,val,current_repo_v1
5089,203.56,0.13098565155832426,,3,1,val,current_repo_v1
5090,203.6,0.0008758448371965046,,3,1,val,current_repo_v1
5091,203.64,0.013940606254709042,,3,1,val,current_repo_v1
5092,203.68,0.006581706300638696,,3,1,val,current_repo_v1
5093,203.72,-0.07949716521637848,,3,1,val,current_repo_v1
5094,203.76,-0.004336912566084143,,3,1,val,current_repo_v1
5095,203.8,0.06095745292324509,,3,1,val,current_repo_v1
5096,203.84,0.05159502468500527,,3,1,val,current_repo_v1
5097,203.88,0.13831852673407216,,3,1,val,current_repo_v1
5098,203.92,-0.11154646142360966,,3,1,val,current_repo_v1
5099,203.96,-0.11992774982439444,,3,1,val,current_repo_v1
5100,204.0,-0.22892271996176805,,3,1,val,current_repo_v1
5101,204.04,-0.3009279475443733,,3,1,val,current_repo_v1
5102,204.08,-0.22599150608941848,,3,1,val,current_repo_v1
5103,204.12,-0.1575052138773609,,3,1,val,current_repo_v1
5104,204.16,-0.24216843995823584,,3,1,val,current_repo_v1
5105,204.2,-0.20852563385615994,,3,1,val,current_repo_v1
5106,204.24,-0.1870386581282615,,3,1,val,current_repo_v1
5107,204.28,-0.1906938961397604,,3,1,val,current_repo_v1
5108,204.32,-0.22135681766808724,,3,1,val,current_repo_v1
5109,204.36,-0.18242466044972488,,3,1,val,current_repo_v1
5110,204.4,-0.10034016530271012,,3,1,val,current_repo_v1
5111,204.44,-0.19070803797772554,,3,1,val,current_repo_v1
5112,204.48,-0.2588921029774852,,3,1,val,current_repo_v1
5113,204.52,-0.22163840159342257,,3,1,val,current_repo_v1
5114,204.56,-0.28026898117491683,,3,1,val,current_repo_v1
5115,204.6,-0.21843581629080508,,3,1,val,current_repo_v1
5116,204.64,-0.15830888788510314,,3,1,val,current_repo_v1
5117,204.68,-0.3683376662406272,,3,1,val,current_repo_v1
5118,204.72,-0.4109413103473987,,3,1,val,current_repo_v1
5119,204.76,-0.43711043032872615,,3,1,val,current_repo_v1
5120,204.8,-0.45544220065677354,,3,1,val,current_repo_v1
5121,204.84,-0.42821584066563906,,3,1,val,current_repo_v1
5122,204.88,-0.516098043293538,,3,1,val,current_repo_v1
5123,204.92,-0.6679592876036786,,3,1,val,current_repo_v1
5124,204.96,-0.4272376430897741,,3,1,val,current_repo_v1
5125,205.0,-0.6094665956879277,,3,1,val,current_repo_v1
5126,205.04,-0.7724296193943557,,3,1,val,current_repo_v1
5127,205.08,-1.097529783470048,,3,1,val,current_repo_v1
5128,205.12,-1.0137249100066583,,3,1,val,current_repo_v1
5129,205.16,-0.9498769982796691,,3,1,val,current_repo_v1
5130,205.2,-0.9893324604497401,,3,1,val,current_repo_v1
5131,205.24,-1.1048442078182763,,3,1,val,current_repo_v1
5132,205.28,-1.112727494717027,,3,1,val,current_repo_v1
5133,205.32,-1.278479402764177,,3,1,val,current_repo_v1
5134,205.36,-1.3480898951651314,,3,1,val,current_repo_v1
5135,205.4,-1.2493735640339765,,3,1,val,current_repo_v1
5136,205.44,-1.3467022107052613,,3,1,val,current_repo_v1
5137,205.48,-1.2253823250639457,,3,1,val,current_repo_v1
5138,205.52,-1.098085586175577,,3,1,val,current_repo_v1
5139,205.56,-0.888274772456878,,3,1,val,current_repo_v1
5140,205.6,-0.8203837756938214,,3,1,val,current_repo_v1
5141,205.64,-0.8624379951588977,,3,1,val,current_repo_v1
5142,205.68,-1.096443386597,,3,1,val,current_repo_v1
5143,205.72,-1.2455534075147714,,3,1,val,current_repo_v1
5144,205.76,-1.2295617791791296,,3,1,val,current_repo_v1
5145,205.8,-1.1562307495417095,,3,1,val,current_repo_v1
5146,205.84,-1.1585087813410653,,3,1,val,current_repo_v1
5147,205.88,-1.3523282704414479,,3,1,val,current_repo_v1
5148,205.92,-1.5359041334485333,,3,1,val,current_repo_v1
5149,205.96,-1.260844511839319,,3,1,val,current_repo_v1
5150,206.0,-1.148130456613942,,3,1,val,current_repo_v1
5151,206.04,-1.0829489221110085,,3,1,val,current_repo_v1
5152,206.08,-1.0922927856277318,,3,1,val,current_repo_v1
5153,206.12,-0.760135673566441,,3,1,val,current_repo_v1
5154,206.16,-0.9110932069747772,,3,1,val,current_repo_v1
5155,206.2,-1.164597554422538,,3,1,val,current_repo_v1
5156,206.24,-1.0076832131106266,,3,1,val,current_repo_v1
5157,206.28,-0.781774773709712,,3,1,val,current_repo_v1
5158,206.32,-0.9032431771231606,,3,1,val,current_repo_v1
5159,206.36,-0.9569967398222996,,3,1,val,current_repo_v1
5160,206.4,-1.1156791715441772,,3,1,val,current_repo_v1
5161,206.44,-0.9059316828878293,,3,1,val,current_repo_v1
5162,206.48,-0.8078230901248513,,3,1,val,current_repo_v1
5163,206.52,-0.8078463245002464,,3,1,val,current_repo_v1
5164,206.56,-0.5869295173073698,,3,1,val,current_repo_v1
5165,206.6,-0.9177301898286434,,3,1,val,current_repo_v1
5166,206.64,-1.149779034256353,,3,1,val,current_repo_v1
5167,206.68,-1.033903889107945,,3,1,val,current_repo_v1
5168,206.72,-1.129661102337477,,3,1,val,current_repo_v1
5169,206.76,-0.907179505519341,,3,1,val,current_repo_v1
5170,206.8,-0.953553952079936,,3,1,val,current_repo_v1
5171,206.84,-0.9508651425979419,,3,1,val,current_repo_v1
5172,206.88,-1.029524133416643,,3,1,val,current_repo_v1
5173,206.92,-1.0531998100855564,,3,1,val,current_repo_v1
5174,206.96,-1.0418424525599232,,3,1,val,current_repo_v1
5175,207.0,-0.9704691848021977,,3,1,val,current_repo_v1
5176,207.04,-0.9402640412126188,,3,1,val,current_repo_v1
5177,207.08,-0.8668681679262203,,3,1,val,current_repo_v1
5178,207.12,-0.8486689702107214,,3,1,val,current_repo_v1
5179,207.16,-0.8644871759535452,,3,1,val,current_repo_v1
5180,207.2,-0.7492172635053793,,3,1,val,current_repo_v1
5181,207.24,-0.8091275560375549,,3,1,val,current_repo_v1
5182,207.28,-1.012802672348003,,3,1,val,current_repo_v1
5183,207.32,-1.2718677803069838,,3,1,val,current_repo_v1
5184,207.36,-1.00475021489899,,3,1,val,current_repo_v1
5185,207.4,-0.720449082511721,,3,1,val,current_repo_v1
5186,207.44,-0.8449567852007052,,3,1,val,current_repo_v1
5187,207.48,-0.9372528357896852,,3,1,val,current_repo_v1
5188,207.52,-1.0428278634222672,,3,1,val,current_repo_v1
5189,207.56,-1.0954904734884767,,3,1,val,current_repo_v1
5190,207.6,-0.8498906731522464,,3,1,val,current_repo_v1
5191,207.64,-0.9326416474964088,,3,1,val,current_repo_v1
5192,207.68,-0.9182369421861163,,3,1,val,current_repo_v1
5193,207.72,-1.0575511682069312,,3,1,val,current_repo_v1
5194,207.76,-1.124754548945224,,3,1,val,current_repo_v1
5195,207.8,-1.2874178036514567,,3,1,val,current_repo_v1
5196,207.84,-1.4245849000401742,,3,1,val,current_repo_v1
5197,207.88,-1.3962360767435975,,3,1,val,current_repo_v1
5198,207.92,-1.2300955623785652,,3,1,val,current_repo_v1
5199,207.96,-1.1800104493945813,,3,1,val,current_repo_v1
5200,208.0,-1.25166769285158,,3,1,val,current_repo_v1
5201,208.04,-1.2535774673938571,,3,1,val,current_repo_v1
5202,208.08,-1.3893911993804775,,3,1,val,current_repo_v1
5203,208.12,-1.4384530886951021,,3,1,val,current_repo_v1
5204,208.16,-1.0544590221167716,,3,1,val,current_repo_v1
5205,208.2,-1.0483699453179733,,3,1,val,current_repo_v1
5206,208.24,-1.1121405609856416,,3,1,val,current_repo_v1
5207,208.28,-1.3911729570700875,,3,1,val,current_repo_v1
5208,208.32,-1.508255378587063,,3,1,val,current_repo_v1
5209,208.36,-1.3332713749989464,,3,1,val,current_repo_v1
5210,208.4,-1.3623864771075724,,3,1,val,current_repo_v1
5211,208.44,-1.2931755248482153,,3,1,val,current_repo_v1
5212,208.48,-1.4931884176486796,,3,1,val,current_repo_v1
5213,208.52,-1.6977909348123152,,3,1,val,current_repo_v1
5214,208.56,-1.602110562066116,,3,1,val,current_repo_v1
5215,208.6,-1.5754467624910014,,3,1,val,current_repo_v1
5216,208.64,-1.5959165509313833,,3,1,val,current_repo_v1
5217,208.68,-1.5727939435120701,,3,1,val,current_repo_v1
5218,208.72,-1.4930696641744383,,3,1,val,current_repo_v1
5219,208.76,-1.4878296291588677,,3,1,val,current_repo_v1
5220,208.8,-1.3868159801781925,,3,1,val,current_repo_v1
5221,208.84,-1.3829959755176502,,3,1,val,current_repo_v1
5222,208.88,-1.5349518277746608,,3,1,val,current_repo_v1
5223,208.92,-1.364678328045235,,3,1,val,current_repo_v1
5224,208.96,-1.245304055590597,,3,1,val,current_repo_v1
5225,209.0,-1.154500927514747,,3,1,val,current_repo_v1
5226,209.04,-1.2724480322572096,,3,1,val,current_repo_v1
5227,209.08,-0.9879728698424717,,3,1,val,current_repo_v1
5228,209.12,-1.1354109268837744,,3,1,val,current_repo_v1
5229,209.16,-1.0977189993637881,,3,1,val,current_repo_v1
5230,209.2,-1.0877382406156473,,3,1,val,current_repo_v1
5231,209.24,-0.9361479121597863,,3,1,val,current_repo_v1
5232,209.28,-1.075844518293312,,3,1,val,current_repo_v1
5233,209.32,-0.6647394283781776,,3,1,val,current_repo_v1
5234,209.36,-0.45689404540163997,,3,1,val,current_repo_v1
5235,209.4,-0.6927386730331893,,3,1,val,current_repo_v1
5236,209.44,-0.471552582466657,,3,1,val,current_repo_v1
5237,209.48,-0.3284794748970417,,3,1,val,current_repo_v1
5238,209.52,-0.11960666366442091,,3,1,val,current_repo_v1
5239,209.56,-0.1200346108671122,,3,1,val,current_repo_v1
5240,209.6,-0.5027844045101719,,3,1,val,current_repo_v1
5241,209.64,-0.6813468435911203,,3,1,val,current_repo_v1
5242,209.68,-0.6790013865455199,,3,1,val,current_repo_v1
5243,209.72,-0.621296575336589,,3,1,val,current_repo_v1
5244,209.76,-0.6874064598093521,,3,1,val,current_repo_v1
5245,209.8,-0.7187083266610433,,3,1,val,current_repo_v1
5246,209.84,-0.6272518646535371,,3,1,val,current_repo_v1
5247,209.88,-0.7312781237497761,,3,1,val,current_repo_v1
5248,209.92,-0.8966901721097746,,3,1,val,current_repo_v1
5249,209.96,-0.9465781725495573,,3,1,val,current_repo_v1
5250,210.0,-1.2066639225806315,,3,1,val,current_repo_v1
5251,210.04,-1.4116231557429795,,3,1,val,current_repo_v1
5252,210.08,-1.453649281355454,,3,1,val,current_repo_v1
5253,210.12,-1.757634181744903,,3,1,val,current_repo_v1
5254,210.16,-1.5269985340323995,,3,1,val,current_repo_v1
5255,210.2,-0.9836909111299568,,3,1,val,current_repo_v1
5256,210.24,0.024508944133551796,,3,1,val,current_repo_v1
5257,210.28,0.4324894851163704,,3,1,val,current_repo_v1
5258,210.32,0.2240998027280042,,3,1,val,current_repo_v1
5259,210.36,0.15001344708458322,,3,1,val,current_repo_v1
5260,210.4,-0.8145879379727218,,3,1,val,current_repo_v1
5261,210.44,-1.6116990698884697,,3,1,val,current_repo_v1
5262,210.48,-1.8760854572475725,,3,1,val,current_repo_v1
5263,210.52,-2.2231127214203705,,3,1,val,current_repo_v1
5264,210.56,-2.4017727676567775,,3,1,val,current_repo_v1
5265,210.6,-2.471826687352854,,3,1,val,current_repo_v1
5266,210.64,-2.6233511091490973,,3,1,val,current_repo_v1
5267,210.68,-2.6340039943384053,,3,1,val,current_repo_v1
5268,210.72,-2.5366288789163307,,3,1,val,current_repo_v1
5269,210.76,-2.414859036057397,,3,1,val,current_repo_v1
5270,210.8,-2.326533785781033,,3,1,val,current_repo_v1
5271,210.84,-2.2806398200292617,,3,1,val,current_repo_v1
5272,210.88,-2.001801954891751,,3,1,val,current_repo_v1
5273,210.92,-2.0577676427306284,,3,1,val,current_repo_v1
5274,210.96,-2.0736897197987476,,3,1,val,current_repo_v1
5275,211.0,-1.7222328902932778,,3,1,val,current_repo_v1
5276,211.04,-1.2896536187425784,,3,1,val,current_repo_v1
5277,211.08,-1.4919822042907513,,3,1,val,current_repo_v1
5278,211.12,-1.3401804885763942,,3,1,val,current_repo_v1
5279,211.16,-1.4070576769071796,,3,1,val,current_repo_v1
5280,211.2,-1.3335052373395242,,3,1,val,current_repo_v1
5281,211.24,-1.2794635987572192,,3,1,val,current_repo_v1
5282,211.28,-1.346078223460174,,3,1,val,current_repo_v1
5283,211.32,-1.41421826843008,,3,1,val,current_repo_v1
5284,211.36,-1.1109715530000779,,3,1,val,current_repo_v1
5285,211.4,-1.0340634925624563,,3,1,val,current_repo_v1
5286,211.44,-1.2550538373127516,,3,1,val,current_repo_v1
5287,211.48,-1.3061220832791387,,3,1,val,current_repo_v1
5288,211.52,-1.2360948907077,,3,1,val,current_repo_v1
5289,211.56,-0.9905227286480836,,3,1,val,current_repo_v1
5290,211.6,-1.2201626391091789,,3,1,val,current_repo_v1
5291,211.64,-1.1183937969988325,,3,1,val,current_repo_v1
5292,211.68,-0.9379995248342444,,3,1,val,current_repo_v1
5293,211.72,-1.0380071101744468,,3,1,val,current_repo_v1
5294,211.76,-1.1069406166570275,,3,1,val,current_repo_v1
5295,211.8,-1.0694500537237983,,3,1,val,current_repo_v1
5296,211.84,-0.692172392079933,,3,1,val,current_repo_v1
5297,211.88,-0.8505808707742765,,3,1,val,current_repo_v1
5298,211.92,-1.365551059779846,,3,1,val,current_repo_v1
5299,211.96,-1.6643833957434473,,3,1,val,current_repo_v1
5300,212.0,-1.7254440935750042,,3,1,val,current_repo_v1
5301,212.04,-1.9317118928339492,,3,1,val,current_repo_v1
5302,212.08,-1.9286610523000476,,3,1,val,current_repo_v1
5303,212.12,-1.835232895380543,,3,1,val,current_repo_v1
5304,212.16,-1.580998259623796,,3,1,val,current_repo_v1
5305,212.2,-1.1201978779118613,,3,1,val,current_repo_v1
5306,212.24,-1.3629949747690628,,3,1,val,current_repo_v1
5307,212.28,-1.4672930229068921,,3,1,val,current_repo_v1
5308,212.32,-1.7821467515040272,,3,1,val,current_repo_v1
5309,212.36,-1.5945777649609068,,3,1,val,current_repo_v1
5310,212.4,-1.5180288502606007,,3,1,val,current_repo_v1
5311,212.44,-1.3150225195007403,,3,1,val,current_repo_v1
5312,212.48,-1.08482255429156,,3,1,val,current_repo_v1
5313,212.52,-0.8505263535143626,,3,1,val,current_repo_v1
5314,212.56,-0.9809371061403215,,3,1,val,current_repo_v1
5315,212.6,-1.2337658343976727,,3,1,val,current_repo_v1
5316,212.64,-1.5429145367540105,,3,1,val,current_repo_v1
5317,212.68,-1.6575499077800306,,3,1,val,current_repo_v1
5318,212.72,-1.529127592483634,,3,1,val,current_repo_v1
5319,212.76,-1.4655221990409975,,3,1,val,current_repo_v1
5320,212.8,-1.5493843232202298,,3,1,val,current_repo_v1
5321,212.84,-1.5245949151189802,,3,1,val,current_repo_v1
5322,212.88,-1.3563166863589387,,3,1,val,current_repo_v1
5323,212.92,-1.810032709596655,,3,1,val,current_repo_v1
5324,212.96,-1.7375599851208883,,3,1,val,current_repo_v1
5325,213.0,-1.9312013440099085,,3,1,val,current_repo_v1
5326,213.04,-2.1219053007860738,,3,1,val,current_repo_v1
5327,213.08,-2.080308783330414,,3,1,val,current_repo_v1
5328,213.12,-1.9372266401703673,,3,1,val,current_repo_v1
5329,213.16,-1.8890602613897605,,3,1,val,current_repo_v1
5330,213.2,-1.869626300887743,,3,1,val,current_repo_v1
5331,213.24,-1.8928084369028395,,3,1,val,current_repo_v1
5332,213.28,-1.8544695914796965,,3,1,val,current_repo_v1
5333,213.32,-1.9563819400263065,,3,1,val,current_repo_v1
5334,213.36,-2.061839884629937,,3,1,val,current_repo_v1
5335,213.4,-1.9027600387877397,,3,1,val,current_repo_v1
5336,213.44,-1.777640649405348,,3,1,val,current_repo_v1
5337,213.48,-1.8911745895507117,,3,1,val,current_repo_v1
5338,213.52,-1.881977573360832,,3,1,val,current_repo_v1
5339,213.56,-1.7971982228588137,,3,1,val,current_repo_v1
5340,213.6,-1.8493149010325707,,3,1,val,current_repo_v1
5341,213.64,-2.002160645053079,,3,1,val,current_repo_v1
5342,213.68,-2.1278619568309862,,3,1,val,current_repo_v1
5343,213.72,-1.9945953501940488,,3,1,val,current_repo_v1
5344,213.76,-1.920901985787396,,3,1,val,current_repo_v1
5345,213.8,-2.0281813231916046,,3,1,val,current_repo_v1
5346,213.84,-2.139419919650063,,3,1,val,current_repo_v1
5347,213.88,-2.033463574915409,,3,1,val,current_repo_v1
5348,213.92,-2.0685511263698695,,3,1,val,current_repo_v1
5349,213.96,-1.904513095190097,,3,1,val,current_repo_v1
5350,214.0,-0.7900569933154095,,3,1,val,current_repo_v1
5351,214.04,1.3684621903440517,,3,1,val,current_repo_v1
5352,214.08,-1.380243081679991,,3,1,val,current_repo_v1
5353,214.12,-1.3200654419721094,,3,1,val,current_repo_v1
5354,214.16,-1.752006299704764,,3,1,val,current_repo_v1
5355,214.2,-1.5795045778173522,,3,1,val,current_repo_v1
5356,214.24,-1.5378826999650193,,3,1,val,current_repo_v1
5357,214.28,-1.356443488342304,,3,1,val,current_repo_v1
5358,214.32,-1.478640965195437,,3,1,val,current_repo_v1
5359,214.36,-1.1919419845239319,,3,1,val,current_repo_v1
5360,214.4,-1.8641880903173322,,3,1,val,current_repo_v1
5361,214.44,-0.5110705724410999,,3,1,val,current_repo_v1
5362,214.48,0.667270456709613,,3,1,val,current_repo_v1
5363,214.52,-1.021659980709394,,3,1,val,current_repo_v1
5364,214.56,-2.248938413035973,,3,1,val,current_repo_v1
5365,214.6,-2.1440270077594463,,3,1,val,current_repo_v1
5366,214.64,-2.012543373681421,,3,1,val,current_repo_v1
5367,214.68,-2.1236251001412967,,3,1,val,current_repo_v1
5368,214.72,-2.1385971494154847,,3,1,val,current_repo_v1
5369,214.76,-2.068482182536998,,3,1,val,current_repo_v1
5370,214.8,-2.023803237945592,,3,1,val,current_repo_v1
5371,214.84,-1.9810774994739995,,3,1,val,current_repo_v1
5372,214.88,-1.7189961747562157,,3,1,val,current_repo_v1
5373,214.92,-1.6596879258923651,,3,1,val,current_repo_v1
5374,214.96,-1.6864244657669192,,3,1,val,current_repo_v1
5375,215.0,-1.6398176754523737,,3,1,val,current_repo_v1
5376,215.04,-1.9457229804904899,,3,1,val,current_repo_v1
5377,215.08,-1.9641285541286155,,3,1,val,current_repo_v1
5378,215.12,-2.013331216423575,,3,1,val,current_repo_v1
5379,215.16,-1.982709372663512,,3,1,val,current_repo_v1
5380,215.2,-1.9609231214760723,,3,1,val,current_repo_v1
5381,215.24,-1.7998709353225604,,3,1,val,current_repo_v1
5382,215.28,-1.9281889237176733,,3,1,val,current_repo_v1
5383,215.32,-1.9120591039989625,,3,1,val,current_repo_v1
5384,215.36,-1.961075587573436,,3,1,val,current_repo_v1
5385,215.4,-1.8747474305704093,,3,1,val,current_repo_v1
5386,215.44,-1.8800620281893716,,3,1,val,current_repo_v1
5387,215.48,-1.8885097737374261,,3,1,val,current_repo_v1
5388,215.52,-2.070870160008158,,3,1,val,current_repo_v1
5389,215.56,-2.0136994736806537,,3,1,val,current_repo_v1
5390,215.6,-1.8377622532666886,,3,1,val,current_repo_v1
5391,215.64,-1.7072895423063428,,3,1,val,current_repo_v1
5392,215.68,-1.7996115607266467,,3,1,val,current_repo_v1
5393,215.72,-1.882168459699862,,3,1,val,current_repo_v1
5394,215.76,-1.980475835452331,,3,1,val,current_repo_v1
5395,215.8,-1.83327801881544,,3,1,val,current_repo_v1
5396,215.84,-2.058201958505987,,3,1,val,current_repo_v1
5397,215.88,-1.998501154999024,,3,1,val,current_repo_v1
5398,215.92,-1.7515912699795697,,3,1,val,current_repo_v1
5399,215.96,-1.7673112231676182,,3,1,val,current_repo_v1
5400,216.0,-1.732061790378706,,3,1,val,current_repo_v1
5401,216.04,-1.4970955891816193,,3,1,val,current_repo_v1
5402,216.08,-1.5636359549985077,,3,1,val,current_repo_v1
5403,216.12,-1.903681213435756,,3,1,val,current_repo_v1
5404,216.16,-2.0800843362269243,,3,1,val,current_repo_v1
5405,216.2,-2.0536790000957468,,3,1,val,current_repo_v1
5406,216.24,-2.0379294344684693,,3,1,val,current_repo_v1
5407,216.28,-1.8864432810552294,,3,1,val,current_repo_v1
5408,216.32,-1.8642817871122261,,3,1,val,current_repo_v1
5409,216.36,-1.8265142339782088,,3,1,val,current_repo_v1
5410,216.4,-1.821274350821301,,3,1,val,current_repo_v1
5411,216.44,-1.7405159139905944,,3,1,val,current_repo_v1
5412,216.48,-1.7768512880765666,,3,1,val,current_repo_v1
5413,216.52,-1.928610027789376,,3,1,val,current_repo_v1
5414,216.56,-1.9714900546622849,,3,1,val,current_repo_v1
5415,216.6,-1.9207833841718172,,3,1,val,current_repo_v1
5416,216.64,-1.810686916715622,,3,1,val,current_repo_v1
5417,216.68,-1.5911843312839247,,3,1,val,current_repo_v1
5418,216.72,-1.5649258424795907,,3,1,val,current_repo_v1
5419,216.76,-1.6229208176283003,,3,1,val,current_repo_v1
5420,216.8,-1.664714599486824,,3,1,val,current_repo_v1
5421,216.84,-1.6395154767135751,,3,1,val,current_repo_v1
5422,216.88,-1.5618156252085684,,3,1,val,current_repo_v1
5423,216.92,-1.4457424563639827,,3,1,val,current_repo_v1
5424,216.96,-1.442957216631166,,3,1,val,current_repo_v1
5425,217.0,-1.670651969481572,,3,1,val,current_repo_v1
5426,217.04,-1.603446007146013,,3,1,val,current_repo_v1
5427,217.08,-1.529541103622201,,3,1,val,current_repo_v1
5428,217.12,-1.5461053909749334,,3,1,val,current_repo_v1
5429,217.16,-1.4809325124157744,,3,1,val,current_repo_v1
5430,217.2,-1.538599017277036,,3,1,val,current_repo_v1
5431,217.24,-1.4867353356353588,,3,1,val,current_repo_v1
5432,217.28,-1.3982422815366973,,3,1,val,current_repo_v1
5433,217.32,-1.892383536364569,,3,1,val,current_repo_v1
5434,217.36,-2.0726907935154224,,3,1,val,current_repo_v1
5435,217.4,-2.0469124818025866,,3,1,val,current_repo_v1
5436,217.44,-1.755558881260269,,3,1,val,current_repo_v1
5437,217.48,-1.8265555395344666,,3,1,val,current_repo_v1
5438,217.52,-1.528070352473827,,3,1,val,current_repo_v1
5439,217.56,-1.362023383045026,,3,1,val,current_repo_v1
5440,217.6,-1.5151049635687273,,3,1,val,current_repo_v1
5441,217.64,-1.4162577302703137,,3,1,val,current_repo_v1
5442,217.68,-1.2833572548691772,,3,1,val,current_repo_v1
5443,217.72,-1.6191946616213144,,3,1,val,current_repo_v1
5444,217.76,-1.6920576628602533,,3,1,val,current_repo_v1
5445,217.8,-1.76903709686935,,3,1,val,current_repo_v1
5446,217.84,-1.8718054726976727,,3,1,val,current_repo_v1
5447,217.88,-1.8356584033534644,,3,1,val,current_repo_v1
5448,217.92,-1.8578156452539119,,3,1,val,current_repo_v1
5449,217.96,-1.825673696280093,,3,1,val,current_repo_v1
5450,218.0,-1.819726759189594,,3,1,val,current_repo_v1
5451,218.04,-1.678790075216355,,3,1,val,current_repo_v1
5452,218.08,-1.8506293896170132,,3,1,val,current_repo_v1
5453,218.12,-1.673387399573019,,3,1,val,current_repo_v1
5454,218.16,-1.6521267312172285,,3,1,val,current_repo_v1
5455,218.2,-1.5133468958305003,,3,1,val,current_repo_v1
5456,218.24,-1.65947547562323,,3,1,val,current_repo_v1
5457,218.28,-1.6086400289867815,,3,1,val,current_repo_v1
5458,218.32,-1.5716843122636273,,3,1,val,current_repo_v1
5459,218.36,-1.5737488307832088,,3,1,val,current_repo_v1
5460,218.4,-1.385477042349053,,3,1,val,current_repo_v1
5461,218.44,-1.1928540476521854,,3,1,val,current_repo_v1
5462,218.48,-1.3186466264863832,,3,1,val,current_repo_v1
5463,218.52,-1.5109703077590437,,3,1,val,current_repo_v1
5464,218.56,-1.45891649907165,,3,1,val,current_repo_v1
5465,218.6,-1.4663595477071962,,3,1,val,current_repo_v1
5466,218.64,-1.3985201828894618,,3,1,val,current_repo_v1
5467,218.68,-1.501107846909156,,3,1,val,current_repo_v1
5468,218.72,-1.2767196645806602,,3,1,val,current_repo_v1
5469,218.76,-1.066905661830044,,3,1,val,current_repo_v1
5470,218.8,-1.1341260507385609,,3,1,val,current_repo_v1
5471,218.84,-1.01911391837035,,3,1,val,current_repo_v1
5472,218.88,-1.171181842320443,,3,1,val,current_repo_v1
5473,218.92,-1.0994757003740507,,3,1,val,current_repo_v1
5474,218.96,-1.3402459396600235,,3,1,val,current_repo_v1
5475,219.0,-1.1612165731558985,,3,1,val,current_repo_v1
5476,219.04,-1.0750331374584372,,3,1,val,current_repo_v1
5477,219.08,-1.1260298579946866,,3,1,val,current_repo_v1
5478,219.12,-1.108471503835836,,3,1,val,current_repo_v1
5479,219.16,-1.1441443185763918,,3,1,val,current_repo_v1
5480,219.2,-0.8782833836023471,,3,1,val,current_repo_v1
5481,219.24,-0.9699899188626758,,3,1,val,current_repo_v1
5482,219.28,-0.8477116532009794,,3,1,val,current_repo_v1
5483,219.32,-0.6494115742572536,,3,1,val,current_repo_v1
5484,219.36,-0.8437121516011105,,3,1,val,current_repo_v1
5485,219.4,-0.9055813449529507,,3,1,val,current_repo_v1
5486,219.44,-0.9859970367819145,,3,1,val,current_repo_v1
5487,219.48,-0.9333740618266729,,3,1,val,current_repo_v1
5488,219.52,-0.7643977387941405,,3,1,val,current_repo_v1
5489,219.56,-0.4739823969993943,,3,1,val,current_repo_v1
5490,219.6,-0.24602515645048903,,3,1,val,current_repo_v1
5491,219.64,0.3343791459787712,,3,1,val,current_repo_v1
5492,219.68,0.9298963465918854,,3,1,val,current_repo_v1
5493,219.72,1.2580574498025496,,3,1,val,current_repo_v1
5494,219.76,1.1216780442973238,,3,1,val,current_repo_v1
5495,219.8,1.2158604831945232,,3,1,val,current_repo_v1
5496,219.84,1.0784355307965192,,3,1,val,current_repo_v1
5497,219.88,0.42080703615853465,,3,1,val,current_repo_v1
5498,219.92,0.1397032309676867,,3,1,val,current_repo_v1
5499,219.96,0.08316862363128838,,3,1,val,current_repo_v1
5500,220.0,0.23939284325050125,,3,1,val,current_repo_v1
5501,220.04,0.3052745980472039,,3,1,val,current_repo_v1
5502,220.08,0.15861269063102665,,3,1,val,current_repo_v1
5503,220.12,-0.05572577962529027,,3,1,val,current_repo_v1
5504,220.16,-0.09036011839205062,,3,1,val,current_repo_v1
5505,220.2,-0.219858580101762,,3,1,val,current_repo_v1
5506,220.24,-0.11825999053464956,,3,1,val,current_repo_v1
5507,220.28,0.20887684497834913,,3,1,val,current_repo_v1
5508,220.32,0.6782496861650912,,3,1,val,current_repo_v1
5509,220.36,0.5598547122616228,,3,1,val,current_repo_v1
5510,220.4,0.05108043262406985,,3,1,val,current_repo_v1
5511,220.44,-0.029939058739006666,,3,1,val,current_repo_v1
5512,220.48,-0.7607742392431486,,3,1,val,current_repo_v1
5513,220.52,-0.6961327900741533,,3,1,val,current_repo_v1
5514,220.56,-0.6107944098700234,,3,1,val,current_repo_v1
5515,220.6,-0.41907144350238923,,3,1,val,current_repo_v1
5516,220.64,0.11180015081083794,,3,1,val,current_repo_v1
5517,220.68,0.1927382174572011,,3,1,val,current_repo_v1
5518,220.72,0.21868197918306265,,3,1,val,current_repo_v1
5519,220.76,-0.0584108400965487,,3,1,val,current_repo_v1
5520,220.8,-0.172223383940992,,3,1,val,current_repo_v1
5521,220.84,-0.4819797297538424,,3,1,val,current_repo_v1
5522,220.88,-0.9621810427086543,,3,1,val,current_repo_v1
5523,220.92,-0.9594767436430635,,3,1,val,current_repo_v1
5524,220.96,-0.8933927131076274,,3,1,val,current_repo_v1
5525,221.0,-0.708966061942693,,3,1,val,current_repo_v1
5526,221.04,-0.32264544472226986,,3,1,val,current_repo_v1
5527,221.08,-0.4232986192023305,,3,1,val,current_repo_v1
5528,221.12,-0.6620138690998069,,3,1,val,current_repo_v1
5529,221.16,-0.6579887033859394,,3,1,val,current_repo_v1
5530,221.2,-0.8571984157193154,,3,1,val,current_repo_v1
5531,221.24,-1.0741112035171074,,3,1,val,current_repo_v1
5532,221.28,-1.0080853348494903,,3,1,val,current_repo_v1
5533,221.32,-1.0417792793562346,,3,1,val,current_repo_v1
5534,221.36,-0.8213588601671007,,3,1,val,current_repo_v1
5535,221.4,-0.679083845799373,,3,1,val,current_repo_v1
5536,221.44,-0.7146041944425652,,3,1,val,current_repo_v1
5537,221.48,-0.7674425049815337,,3,1,val,current_repo_v1
5538,221.52,-0.8213699458494788,,3,1,val,current_repo_v1
5539,221.56,-1.152015304923463,,3,1,val,current_repo_v1
5540,221.6,-1.4265453953757974,,3,1,val,current_repo_v1
5541,221.64,-1.2561412971964385,,3,1,val,current_repo_v1
5542,221.68,-1.2997818322522134,,3,1,val,current_repo_v1
5543,221.72,-1.4112662878856042,,3,1,val,current_repo_v1
5544,221.76,-1.0380616274343608,,3,1,val,current_repo_v1
5545,221.8,-1.2132920976320603,,3,1,val,current_repo_v1
5546,221.84,-1.241765748749387,,3,1,val,current_repo_v1
5547,221.88,-1.640885849285896,,3,1,val,current_repo_v1
5548,221.92,-1.6875911958725422,,3,1,val,current_repo_v1
5549,221.96,-1.718550621439816,,3,1,val,current_repo_v1
5550,222.0,-1.6300445074961611,,3,1,val,current_repo_v1
5551,222.04,-1.7006246174585375,,3,1,val,current_repo_v1
5552,222.08,-1.627682042280337,,3,1,val,current_repo_v1
5553,222.12,-1.608054310124698,,3,1,val,current_repo_v1
5554,222.16,-1.4090424696288368,,3,1,val,current_repo_v1
5555,222.2,-1.4108113193321166,,3,1,val,current_repo_v1
5556,222.24,-1.3699780435152518,,3,1,val,current_repo_v1
5557,222.28,-1.123730565982551,,3,1,val,current_repo_v1
5558,222.32,-0.966093984870777,,3,1,val,current_repo_v1
5559,222.36,-1.0750206850480948,,3,1,val,current_repo_v1
5560,222.4,-1.1327281917482888,,3,1,val,current_repo_v1
5561,222.44,-1.1626208102100046,,3,1,val,current_repo_v1
5562,222.48,-1.235813041029705,,3,1,val,current_repo_v1
5563,222.52,-1.1335565807533876,,3,1,val,current_repo_v1
5564,222.56,-1.5179978710934074,,3,1,val,current_repo_v1
5565,222.6,-1.4767709776227909,,3,1,val,current_repo_v1
5566,222.64,-1.1822508202455844,,3,1,val,current_repo_v1
5567,222.68,-1.118193647281377,,3,1,val,current_repo_v1
5568,222.72,-1.0031809074785152,,3,1,val,current_repo_v1
5569,222.76,-1.070473581110483,,3,1,val,current_repo_v1
5570,222.8,-1.1895972867716451,,3,1,val,current_repo_v1
5571,222.84,-1.0250801415110133,,3,1,val,current_repo_v1
5572,222.88,-0.8693727728503439,,3,1,val,current_repo_v1
5573,222.92,-0.5356607419768703,,3,1,val,current_repo_v1
5574,222.96,-0.554739656925465,,3,1,val,current_repo_v1
5575,223.0,-0.7718379021150951,,3,1,val,current_repo_v1
5576,223.04,-0.8871707599789554,,3,1,val,current_repo_v1
5577,223.08,-0.8078209641035734,,3,1,val,current_repo_v1
5578,223.12,-0.8287845969150975,,3,1,val,current_repo_v1
5579,223.16,-0.8743605706271482,,3,1,val,current_repo_v1
5580,223.2,-0.5544874196866989,,3,1,val,current_repo_v1
5581,223.24,0.013903514776341422,,3,1,val,current_repo_v1
5582,223.28,0.39991333426118975,,3,1,val,current_repo_v1
5583,223.32,0.9482167275202292,,3,1,val,current_repo_v1
5584,223.36,1.2597584186835964,,3,1,val,current_repo_v1
5585,223.4,1.4542889100428007,,3,1,val,current_repo_v1
5586,223.44,1.6240735767369536,,3,1,val,current_repo_v1
5587,223.48,1.698671107621399,,3,1,val,current_repo_v1
5588,223.52,1.6086505072345088,,3,1,val,current_repo_v1
5589,223.56,1.4738352459552255,,3,1,val,current_repo_v1
5590,223.6,1.2544453396512611,,3,1,val,current_repo_v1
5591,223.64,1.0368684739214258,,3,1,val,current_repo_v1
5592,223.68,0.9246957948286203,,3,1,val,current_repo_v1
5593,223.72,0.8127852237876573,,3,1,val,current_repo_v1
5594,223.76,0.8323751431362808,,3,1,val,current_repo_v1
5595,223.8,0.6081377944245244,,3,1,val,current_repo_v1
5596,223.84,0.49598379394723263,,3,1,val,current_repo_v1
5597,223.88,0.31413722146178996,,3,1,val,current_repo_v1
5598,223.92,0.6328880989201254,,3,1,val,current_repo_v1
5599,223.96,0.7072683580228943,,3,1,val,current_repo_v1
5600,224.0,0.802850630072981,,3,1,val,current_repo_v1
5601,224.04,0.8249899526512282,,3,1,val,current_repo_v1
5602,224.08,0.6964630067362225,,3,1,val,current_repo_v1
5603,224.12,0.5197473208525254,,3,1,val,current_repo_v1
5604,224.16,0.6673931585090851,,3,1,val,current_repo_v1
5605,224.2,0.8260587339194014,,3,1,val,current_repo_v1
5606,224.24,0.9874524502053547,,3,1,val,current_repo_v1
5607,224.28,0.9894017079999371,,3,1,val,current_repo_v1
5608,224.32,0.9142808721637832,,3,1,val,current_repo_v1
5609,224.36,0.818054719383794,,3,1,val,current_repo_v1
5610,224.4,0.7791931764435931,,3,1,val,current_repo_v1
5611,224.44,0.5824672264328833,,3,1,val,current_repo_v1
5612,224.48,0.5192238640421541,,3,1,val,current_repo_v1
5613,224.52,0.5684642632147978,,3,1,val,current_repo_v1
5614,224.56,0.6239416495237219,,3,1,val,current_repo_v1
5615,224.6,0.7655187594422869,,3,1,val,current_repo_v1
5616,224.64,0.6182519610078586,,3,1,val,current_repo_v1
5617,224.68,0.5615630462878112,,3,1,val,current_repo_v1
5618,224.72,0.19101940518328545,,3,1,val,current_repo_v1
5619,224.76,-0.13858176423471852,,3,1,val,current_repo_v1
5620,224.8,-0.5728728340873496,,3,1,val,current_repo_v1
5621,224.84,-1.0175567596428923,,3,1,val,current_repo_v1
5622,224.88,-1.1711684787581242,,3,1,val,current_repo_v1
5623,224.92,-0.9452036997933432,,3,1,val,current_repo_v1
5624,224.96,-0.8038491007803181,,3,1,val,current_repo_v1
5625,225.0,-0.41983153407393287,,3,1,val,current_repo_v1
5626,225.04,0.11434925032313625,,3,1,val,current_repo_v1
5627,225.08,0.7372677331244973,,3,1,val,current_repo_v1
5628,225.12,0.9543489321792379,,3,1,val,current_repo_v1
5629,225.16,1.0467310866299762,,3,1,val,current_repo_v1
5630,225.2,1.1293186610530594,,3,1,val,current_repo_v1
5631,225.24,1.1614256825344542,,3,1,val,current_repo_v1
5632,225.28,1.4770476641062538,,3,1,val,current_repo_v1
5633,225.32,1.535373235563689,,3,1,val,current_repo_v1
5634,225.36,1.3992153918473613,,3,1,val,current_repo_v1
5635,225.4,1.3350589033177398,,3,1,val,current_repo_v1
5636,225.44,1.1793560904169516,,3,1,val,current_repo_v1
5637,225.48,1.1339846703235752,,3,1,val,current_repo_v1
5638,225.52,1.272074459946936,,3,1,val,current_repo_v1
5639,225.56,1.1472246196908598,,3,1,val,current_repo_v1
5640,225.6,0.9388441627162534,,3,1,val,current_repo_v1
5641,225.64,1.2261244583486235,,3,1,val,current_repo_v1
5642,225.68,1.2926481197126136,,3,1,val,current_repo_v1
5643,225.72,1.2624519357841348,,3,1,val,current_repo_v1
5644,225.76,1.266907620806793,,3,1,val,current_repo_v1
5645,225.8,0.9162770542851439,,3,1,val,current_repo_v1
5646,225.84,0.6775737632573562,,3,1,val,current_repo_v1
5647,225.88,0.40974033611333394,,3,1,val,current_repo_v1
5648,225.92,0.5544820287041725,,3,1,val,current_repo_v1
5649,225.96,0.4398840149091798,,3,1,val,current_repo_v1
5650,226.0,0.7419114191715943,,3,1,val,current_repo_v1
5651,226.04,0.9384979249652681,,3,1,val,current_repo_v1
5652,226.08,0.7715398035601897,,3,1,val,current_repo_v1
5653,226.12,0.9108206206752076,,3,1,val,current_repo_v1
5654,226.16,0.9080375069636688,,3,1,val,current_repo_v1
5655,226.2,1.003964346319451,,3,1,val,current_repo_v1
5656,226.24,0.5635465482108354,,3,1,val,current_repo_v1
5657,226.28,0.31427533691552734,,3,1,val,current_repo_v1
5658,226.32,0.3990356671200407,,3,1,val,current_repo_v1
5659,226.36,0.59139985669098,,3,1,val,current_repo_v1
5660,226.4,0.8079755562222151,,3,1,val,current_repo_v1
5661,226.44,0.9882437856967514,,3,1,val,current_repo_v1
5662,226.48,1.2875016296332742,,3,1,val,current_repo_v1
5663,226.52,1.4291042138425094,,3,1,val,current_repo_v1
5664,226.56,1.5959176139420224,,3,1,val,current_repo_v1
5665,226.6,1.5732249183968494,,3,1,val,current_repo_v1
5666,226.64,1.737325819062985,,3,1,val,current_repo_v1
5667,226.68,1.633967927906011,,3,1,val,current_repo_v1
5668,226.72,1.5518940913388855,,3,1,val,current_repo_v1
5669,226.76,1.76215638086183,,3,1,val,current_repo_v1
5670,226.8,1.7255918520538238,,3,1,val,current_repo_v1
5671,226.84,1.5792319915177826,,3,1,val,current_repo_v1
5672,226.88,1.6533532936359603,,3,1,val,current_repo_v1
5673,226.92,1.450627597684793,,3,1,val,current_repo_v1
5674,226.96,1.0245011044300893,,3,1,val,current_repo_v1
5675,227.0,1.0154846481901751,,3,1,val,current_repo_v1
5676,227.04,1.0138832985918678,,3,1,val,current_repo_v1
5677,227.08,0.8135627401407471,,3,1,val,current_repo_v1
5678,227.12,0.7731495053849461,,3,1,val,current_repo_v1
5679,227.16,0.7252453865148445,,3,1,val,current_repo_v1
5680,227.2,0.713272545829236,,3,1,val,current_repo_v1
5681,227.24,0.8963471233907063,,3,1,val,current_repo_v1
5682,227.28,0.7451821510491042,,3,1,val,current_repo_v1
5683,227.32,0.7526466117560928,,3,1,val,current_repo_v1
5684,227.36,0.6521067618030817,,3,1,val,current_repo_v1
5685,227.4,0.6981257072342657,,3,1,val,current_repo_v1
5686,227.44,0.6878536835710415,,3,1,val,current_repo_v1
5687,227.48,0.3567484585016971,,3,1,val,current_repo_v1
5688,227.52,0.46217660084277,,3,1,val,current_repo_v1
5689,227.56,0.7833996614007398,,3,1,val,current_repo_v1
5690,227.6,1.1053395707760456,,3,1,val,current_repo_v1
5691,227.64,2.381489461654207,,3,1,val,current_repo_v1
5692,227.68,-1.4739807265541045,,3,1,val,current_repo_v1
5693,227.72,1.720640804073396,,3,1,val,current_repo_v1
5694,227.76,2.5652335840595786,,3,1,val,current_repo_v1
5695,227.8,2.6768320855486665,,3,1,val,current_repo_v1
5696,227.84,2.6738404698932228,,3,1,val,current_repo_v1
5697,227.88,2.5643840867003624,,3,1,val,current_repo_v1
5698,227.92,2.5398302113849804,,3,1,val,current_repo_v1
5699,227.96,2.5424673889216525,,3,1,val,current_repo_v1
5700,228.0,0.9716691719549547,,3,1,val,current_repo_v1
5701,228.04,-2.684782190259011,,3,1,val,current_repo_v1
5702,228.08,-4.506501183244735,,3,1,val,current_repo_v1
5703,228.12,1.2683194507940347,,3,1,val,current_repo_v1
5704,228.16,0.6568496115569302,,3,1,val,current_repo_v1
5705,228.2,0.7480477240144962,,3,1,val,current_repo_v1
5706,228.24,1.1194811050238567,,3,1,val,current_repo_v1
5707,228.28,1.0663509221351541,,3,1,val,current_repo_v1
5708,228.32,1.0620724561718815,,3,1,val,current_repo_v1
5709,228.36,1.0426562631334015,,3,1,val,current_repo_v1
5710,228.4,1.0235706664036475,,3,1,val,current_repo_v1
5711,228.44,0.9127984278983802,,3,1,val,current_repo_v1
5712,228.48,0.8211775409238216,,3,1,val,current_repo_v1
5713,228.52,0.9792135103185304,,3,1,val,current_repo_v1
5714,228.56,0.9324645802956856,,3,1,val,current_repo_v1
5715,228.6,0.9468979868932307,,3,1,val,current_repo_v1
5716,228.64,1.0815981393061775,,3,1,val,current_repo_v1
5717,228.68,1.2043606822432653,,3,1,val,current_repo_v1
5718,228.72,1.259593652034553,,3,1,val,current_repo_v1
5719,228.76,1.3983324855823487,,3,1,val,current_repo_v1
5720,228.8,1.263121328769373,,3,1,val,current_repo_v1
5721,228.84,1.1877915354133262,,3,1,val,current_repo_v1
5722,228.88,1.2602387476337573,,3,1,val,current_repo_v1
5723,228.92,1.1261753385935656,,3,1,val,current_repo_v1
5724,228.96,1.0842564251969664,,3,1,val,current_repo_v1
5725,229.0,1.275828557947861,,3,1,val,current_repo_v1
5726,229.04,1.6776991225834257,,3,1,val,current_repo_v1
5727,229.08,1.5963577003465643,,3,1,val,current_repo_v1
5728,229.12,1.441327165745606,,3,1,val,current_repo_v1
5729,229.16,1.3621515517563556,,3,1,val,current_repo_v1
5730,229.2,1.3960319787009114,,3,1,val,current_repo_v1
5731,229.24,1.6405232107993377,,3,1,val,current_repo_v1
5732,229.28,1.5609699243159203,,3,1,val,current_repo_v1
5733,229.32,1.7587198193246374,,3,1,val,current_repo_v1
5734,229.36,1.367470401417874,,3,1,val,current_repo_v1
5735,229.4,1.0178960118953928,,3,1,val,current_repo_v1
5736,229.44,1.0722612612879392,,3,1,val,current_repo_v1
5737,229.48,1.0063436678468363,,3,1,val,current_repo_v1
5738,229.52,1.0924944539318144,,3,1,val,current_repo_v1
5739,229.56,1.1008380244372478,,3,1,val,current_repo_v1
5740,229.6,0.9533712661086924,,3,1,val,current_repo_v1
5741,229.64,1.1129677351214387,,3,1,val,current_repo_v1
5742,229.68,1.0531736903955697,,3,1,val,current_repo_v1
5743,229.72,1.083447929676683,,3,1,val,current_repo_v1
5744,229.76,1.0747685996679914,,3,1,val,current_repo_v1
5745,229.8,1.2093029224212557,,3,1,val,current_repo_v1
5746,229.84,1.3899553543124556,,3,1,val,current_repo_v1
5747,229.88,1.4150499983257583,,3,1,val,current_repo_v1
5748,229.92,1.523156358007101,,3,1,val,current_repo_v1
5749,229.96,1.3215914696737112,,3,1,val,current_repo_v1
5750,230.0,1.152996311884588,,3,1,val,current_repo_v1
5751,230.04,0.9350934056059081,,3,1,val,current_repo_v1
5752,230.08,0.9050545472519999,,3,1,val,current_repo_v1
5753,230.12,1.1400912108685852,,3,1,val,current_repo_v1
5754,230.16,1.176400920840559,,3,1,val,current_repo_v1
5755,230.2,1.089786206540993,,3,1,val,current_repo_v1
5756,230.24,1.306084422330786,,3,1,val,current_repo_v1
5757,230.28,1.2099830973715466,,3,1,val,current_repo_v1
5758,230.32,0.9994099531660291,,3,1,val,current_repo_v1
5759,230.36,0.9332853763676486,,3,1,val,current_repo_v1
5760,230.4,0.7331008832783187,,3,1,val,current_repo_v1
5761,230.44,0.8930071439629993,,3,1,val,current_repo_v1
5762,230.48,1.0997321896553727,,3,1,val,current_repo_v1
5763,230.52,0.884211793935995,,3,1,val,current_repo_v1
5764,230.56,0.8351632681836891,,3,1,val,current_repo_v1
5765,230.6,0.7945407721906698,,3,1,val,current_repo_v1
5766,230.64,1.0084405322615757,,3,1,val,current_repo_v1
5767,230.68,1.2921828247700613,,3,1,val,current_repo_v1
5768,230.72,1.3003552505626175,,3,1,val,current_repo_v1
5769,230.76,1.1669914543815438,,3,1,val,current_repo_v1
5770,230.8,1.1866775002636647,,3,1,val,current_repo_v1
5771,230.84,1.0519193378415614,,3,1,val,current_repo_v1
5772,230.88,0.7682119728254997,,3,1,val,current_repo_v1
5773,230.92,0.7193230505277051,,3,1,val,current_repo_v1
5774,230.96,0.7117232837522393,,3,1,val,current_repo_v1
5775,231.0,0.5856574732191554,,3,1,val,current_repo_v1
5776,231.04,0.7428947040126601,,3,1,val,current_repo_v1
5777,231.08,1.255336598142723,,3,1,val,current_repo_v1
5778,231.12,1.3511861414391844,,3,1,val,current_repo_v1
5779,231.16,1.09534119642303,,3,1,val,current_repo_v1
5780,231.2,1.1334130743171238,,3,1,val,current_repo_v1
5781,231.24,1.3634324795763386,,3,1,val,current_repo_v1
5782,231.28,1.361225213913807,,3,1,val,current_repo_v1
5783,231.32,1.2938563072331573,,3,1,val,current_repo_v1
5784,231.36,1.2448586541328601,,3,1,val,current_repo_v1
5785,231.4,0.9992401751811162,,3,1,val,current_repo_v1
5786,231.44,0.8524371910672787,,3,1,val,current_repo_v1
5787,231.48,1.0700044897013632,,3,1,val,current_repo_v1
5788,231.52,1.1862398435977262,,3,1,val,current_repo_v1
5789,231.56,1.334640380843303,,3,1,val,current_repo_v1
5790,231.6,1.25973062854832,,3,1,val,current_repo_v1
5791,231.64,1.418934846635279,,3,1,val,current_repo_v1
5792,231.68,1.6619211593862206,,3,1,val,current_repo_v1
5793,231.72,1.6123270054587875,,3,1,val,current_repo_v1
5794,231.76,1.6603436515979593,,3,1,val,current_repo_v1
5795,231.8,1.6807372069896593,,3,1,val,current_repo_v1
5796,231.84,1.8765803646293537,,3,1,val,current_repo_v1
5797,231.88,1.8407479464342864,,3,1,val,current_repo_v1
5798,231.92,1.51318455892006,,3,1,val,current_repo_v1
5799,231.96,1.530694773882831,,3,1,val,current_repo_v1
5800,232.0,0.9653462328155789,,3,1,val,current_repo_v1
5801,232.04,1.1563962754840666,,3,1,val,current_repo_v1
5802,232.08,0.4979197641088277,,3,1,val,current_repo_v1
5803,232.12,0.7862383553828315,,3,1,val,current_repo_v1
5804,232.16,0.932176656271182,,3,1,val,current_repo_v1
5805,232.2,0.5213977207988889,,3,1,val,current_repo_v1
5806,232.24,0.9755969962660233,,3,1,val,current_repo_v1
5807,232.28,0.17901995126703654,,3,1,val,current_repo_v1
5808,232.32,-0.3021790351371333,,3,1,val,current_repo_v1
5809,232.36,1.9268548453657406,,3,1,val,current_repo_v1
5810,232.4,3.154837294452656,,3,1,val,current_repo_v1
5811,232.44,3.084750269568109,,3,1,val,current_repo_v1
5812,232.48,-0.29240059009239155,,3,1,val,current_repo_v1
5813,232.52,0.06267064642664039,,3,1,val,current_repo_v1
5814,232.56,1.1614328198916017,,3,1,val,current_repo_v1
5815,232.6,0.18543400560404022,,3,1,val,current_repo_v1
5816,232.64,-2.2204438054231916,,3,1,val,current_repo_v1
5817,232.68,-2.0618240913290147,,3,1,val,current_repo_v1
5818,232.72,-2.4563105284901656,,3,1,val,current_repo_v1
5819,232.76,-1.423758333339028,,3,1,val,current_repo_v1
5820,232.8,-1.1250965346536532,,3,1,val,current_repo_v1
5821,232.84,-0.5034610107818891,,3,1,val,current_repo_v1
5822,232.88,-1.7732967323584463,,3,1,val,current_repo_v1
5823,232.92,0.686781865129614,,3,1,val,current_repo_v1
5824,232.96,1.17172018127976,,3,1,val,current_repo_v1
5825,233.0,1.0534231941784071,,3,1,val,current_repo_v1
5826,233.04,1.8764793786186496,,3,1,val,current_repo_v1
5827,233.08,2.3963681178508263,,3,1,val,current_repo_v1
5828,233.12,3.084970160911717,,3,1,val,current_repo_v1
5829,233.16,2.919394408913314,,3,1,val,current_repo_v1
5830,233.2,1.426400674070232,,3,1,val,current_repo_v1
5831,233.24,-0.5118265248640846,,3,1,val,current_repo_v1
5832,233.28,-0.6944706210814295,,3,1,val,current_repo_v1
5833,233.32,-0.4435428975285838,,3,1,val,current_repo_v1
5834,233.36,0.31384565282938126,,3,1,val,current_repo_v1
5835,233.4,0.31439363481378063,,3,1,val,current_repo_v1
5836,233.44,0.5577924716219819,,3,1,val,current_repo_v1
5837,233.48,1.0507896612496403,,3,1,val,current_repo_v1
5838,233.52,1.5049091729541848,,3,1,val,current_repo_v1
5839,233.56,2.192601734484088,,3,1,val,current_repo_v1
5840,233.6,1.4425815182996142,,3,1,val,current_repo_v1
5841,233.64,1.0652907968107554,,3,1,val,current_repo_v1
5842,233.68,1.5802587079363843,,3,1,val,current_repo_v1
5843,233.72,1.4747659876989927,,3,1,val,current_repo_v1
5844,233.76,1.8551483997020228,,3,1,val,current_repo_v1
5845,233.8,2.002733152211506,,3,1,val,current_repo_v1
5846,233.84,1.7870525456029667,,3,1,val,current_repo_v1
5847,233.88,1.3601745038264965,,3,1,val,current_repo_v1
5848,233.92,0.9896337480365625,,3,1,val,current_repo_v1
5849,233.96,1.1631855725766338,,3,1,val,current_repo_v1
5850,234.0,1.4069535018645587,,3,1,val,current_repo_v1
5851,234.04,1.0632164074780976,,3,1,val,current_repo_v1
5852,234.08,1.1023282134944492,,3,1,val,current_repo_v1
5853,234.12,1.4585086067036033,,3,1,val,current_repo_v1
5854,234.16,1.3335322681814872,,3,1,val,current_repo_v1
5855,234.2,1.2621234654966869,,3,1,val,current_repo_v1
5856,234.24,1.1357693133277769,,3,1,val,current_repo_v1
5857,234.28,1.243542798820453,,3,1,val,current_repo_v1
5858,234.32,1.4849525149351097,,3,1,val,current_repo_v1
5859,234.36,1.5976761372562374,,3,1,val,current_repo_v1
5860,234.4,1.8570504294525016,,3,1,val,current_repo_v1
5861,234.44,1.696405831949711,,3,1,val,current_repo_v1
5862,234.48,1.6485671641632387,,3,1,val,current_repo_v1
5863,234.52,1.5510609947152425,,3,1,val,current_repo_v1
5864,234.56,1.7622474960594576,,3,1,val,current_repo_v1
5865,234.6,1.7017981812039826,,3,1,val,current_repo_v1
5866,234.64,1.634038238466847,,3,1,val,current_repo_v1
5867,234.68,1.755640884938134,,3,1,val,current_repo_v1
5868,234.72,1.7345064111310577,,3,1,val,current_repo_v1
5869,234.76,1.8836812756978076,,3,1,val,current_repo_v1
5870,234.8,1.844060135726717,,3,1,val,current_repo_v1
5871,234.84,1.8650298428847496,,3,1,val,current_repo_v1
5872,234.88,1.5898271704152598,,3,1,val,current_repo_v1
5873,234.92,1.540376674782753,,3,1,val,current_repo_v1
5874,234.96,1.5602762339446479,,3,1,val,current_repo_v1
5875,235.0,1.669696778493108,,3,1,val,current_repo_v1
5876,235.04,2.0315963207986916,,3,1,val,current_repo_v1
5877,235.08,2.071481998560228,,3,1,val,current_repo_v1
5878,235.12,1.9563845216235727,,3,1,val,current_repo_v1
5879,235.16,1.5339363488970998,,3,1,val,current_repo_v1
5880,235.2,1.5131206264230581,,3,1,val,current_repo_v1
5881,235.24,1.509487104200327,,3,1,val,current_repo_v1
5882,235.28,1.5027631063327265,,3,1,val,current_repo_v1
5883,235.32,1.4725972941367902,,3,1,val,current_repo_v1
5884,235.36,1.0969293343176811,,3,1,val,current_repo_v1
5885,235.4,0.898586583089733,,3,1,val,current_repo_v1
5886,235.44,0.9154425909335367,,3,1,val,current_repo_v1
5887,235.48,1.3098814963332588,,3,1,val,current_repo_v1
5888,235.52,1.6918508313616385,,3,1,val,current_repo_v1
5889,235.56,1.7782608401838675,,3,1,val,current_repo_v1
5890,235.6,1.7512706963425828,,3,1,val,current_repo_v1
5891,235.64,1.6265058969376258,,3,1,val,current_repo_v1
5892,235.68,1.552000088685459,,3,1,val,current_repo_v1
5893,235.72,1.5258270963082323,,3,1,val,current_repo_v1
5894,235.76,1.7428306955863266,,3,1,val,current_repo_v1
5895,235.8,2.001285331721202,,3,1,val,current_repo_v1
5896,235.84,1.8530275416185749,,3,1,val,current_repo_v1
5897,235.88,1.7039427292388138,,3,1,val,current_repo_v1
5898,235.92,1.7677818331633655,,3,1,val,current_repo_v1
5899,235.96,1.5622496372666017,,3,1,val,current_repo_v1
5900,236.0,1.5948839120249358,,3,1,val,current_repo_v1
5901,236.04,1.6064248666737888,,3,1,val,current_repo_v1
5902,236.08,1.5518088986291034,,3,1,val,current_repo_v1
5903,236.12,1.354555885164783,,3,1,val,current_repo_v1
5904,236.16,1.61608824081686,,3,1,val,current_repo_v1
5905,236.2,1.0285575530284756,,3,1,val,current_repo_v1
5906,236.24,0.7812712103841561,,3,1,val,current_repo_v1
5907,236.28,0.8664321817055717,,3,1,val,current_repo_v1
5908,236.32,0.7752179722297582,,3,1,val,current_repo_v1
5909,236.36,0.8612193293906268,,3,1,val,current_repo_v1
5910,236.4,1.1011447789359279,,3,1,val,current_repo_v1
5911,236.44,1.0097167524630146,,3,1,val,current_repo_v1
5912,236.48,0.9593698351445137,,3,1,val,current_repo_v1
5913,236.52,0.9359896754332395,,3,1,val,current_repo_v1
5914,236.56,0.8561118669876048,,3,1,val,current_repo_v1
5915,236.6,0.8477687520581595,,3,1,val,current_repo_v1
5916,236.64,0.6977191815941833,,3,1,val,current_repo_v1
5917,236.68,0.7339081639293004,,3,1,val,current_repo_v1
5918,236.72,0.7227975767305757,,3,1,val,current_repo_v1
5919,236.76,1.1241181092897943,,3,1,val,current_repo_v1
5920,236.8,1.233256956018922,,3,1,val,current_repo_v1
5921,236.84,1.0939556379844377,,3,1,val,current_repo_v1
5922,236.88,0.6241176537138061,,3,1,val,current_repo_v1
5923,236.92,1.1265732082898732,,3,1,val,current_repo_v1
5924,236.96,1.136664672003132,,3,1,val,current_repo_v1
5925,237.0,1.2726093061570107,,3,1,val,current_repo_v1
5926,237.04,1.7596824513875744,,3,1,val,current_repo_v1
5927,237.08,1.8374472984002221,,3,1,val,current_repo_v1
5928,237.12,1.6836348221328838,,3,1,val,current_repo_v1
5929,237.16,1.6879228551919072,,3,1,val,current_repo_v1
5930,237.2,1.703228689806738,,3,1,val,current_repo_v1
5931,237.24,1.616912681496728,,3,1,val,current_repo_v1
5932,237.28,1.7032668063310787,,3,1,val,current_repo_v1
5933,237.32,1.9178409707230926,,3,1,val,current_repo_v1
5934,237.36,2.0960266104971845,,3,1,val,current_repo_v1
5935,237.4,2.2184040398656326,,3,1,val,current_repo_v1
5936,237.44,1.8814735544592878,,3,1,val,current_repo_v1
5937,237.48,1.6909574468488986,,3,1,val,current_repo_v1
5938,237.52,1.6763456063226658,,3,1,val,current_repo_v1
5939,237.56,1.8426610618671433,,3,1,val,current_repo_v1
5940,237.6,1.8505763909437265,,3,1,val,current_repo_v1
5941,237.64,1.8087662083496296,,3,1,val,current_repo_v1
5942,237.68,1.6333806904573003,,3,1,val,current_repo_v1
5943,237.72,1.557722730531131,,3,1,val,current_repo_v1
5944,237.76,1.5888369000757092,,3,1,val,current_repo_v1
5945,237.8,1.5243889947723415,,3,1,val,current_repo_v1
5946,237.84,1.6982849310421202,,3,1,val,current_repo_v1
5947,237.88,1.6633829508734947,,3,1,val,current_repo_v1
5948,237.92,1.7104519989573383,,3,1,val,current_repo_v1
5949,237.96,1.6578063970613526,,3,1,val,current_repo_v1
5950,238.0,1.5537826056683828,,3,1,val,current_repo_v1
5951,238.04,1.7225331148694611,,3,1,val,current_repo_v1
5952,238.08,1.5706882712948935,,3,1,val,current_repo_v1
5953,238.12,1.544964324983309,,3,1,val,current_repo_v1
5954,238.16,1.555397774404997,,3,1,val,current_repo_v1
5955,238.2,1.480658863105566,,3,1,val,current_repo_v1
5956,238.24,1.4459716110860166,,3,1,val,current_repo_v1
5957,238.28,1.4899416794398785,,3,1,val,current_repo_v1
5958,238.32,1.0269909790639296,,3,1,val,current_repo_v1
5959,238.36,0.7108948947471405,,3,1,val,current_repo_v1
5960,238.4,0.907753379405733,,3,1,val,current_repo_v1
5961,238.44,0.9223053876188569,,3,1,val,current_repo_v1
5962,238.48,1.1094512959276595,,3,1,val,current_repo_v1
5963,238.52,1.3754003089260776,,3,1,val,current_repo_v1
5964,238.56,0.8967972324669873,,3,1,val,current_repo_v1
5965,238.6,0.761874607113166,,3,1,val,current_repo_v1
5966,238.64,0.869677856903734,,3,1,val,current_repo_v1
5967,238.68,1.0132714600397976,,3,1,val,current_repo_v1
5968,238.72,1.220039329875056,,3,1,val,current_repo_v1
5969,238.76,1.2857274648767998,,3,1,val,current_repo_v1
5970,238.8,1.443083563038543,,3,1,val,current_repo_v1
5971,238.84,1.2782791011880588,,3,1,val,current_repo_v1
5972,238.88,1.4099387394561682,,3,1,val,current_repo_v1
5973,238.92,1.3141136454044038,,3,1,val,current_repo_v1
5974,238.96,1.1880764222645757,,3,1,val,current_repo_v1
5975,239.0,0.9801330145212568,,3,1,val,current_repo_v1
5976,239.04,0.9932812412562629,,3,1,val,current_repo_v1
5977,239.08,1.003700415963656,,3,1,val,current_repo_v1
5978,239.12,1.3420876815214051,,3,1,val,current_repo_v1
5979,239.16,1.1764602975776797,,3,1,val,current_repo_v1
5980,239.2,1.0106572131611955,,3,1,val,current_repo_v1
5981,239.24,1.1262705539750866,,3,1,val,current_repo_v1
5982,239.28,1.064786018615898,,3,1,val,current_repo_v1
5983,239.32,1.1690227158539912,,3,1,val,current_repo_v1
5984,239.36,1.4354143968542175,,3,1,val,current_repo_v1
5985,239.4,1.4425342902555105,,3,1,val,current_repo_v1
5986,239.44,1.4799133889303084,,3,1,val,current_repo_v1
5987,239.48,1.5927130924414552,,3,1,val,current_repo_v1
5988,239.52,1.6145620612565954,,3,1,val,current_repo_v1
5989,239.56,1.5948129940294489,,3,1,val,current_repo_v1
5990,239.6,1.5597456397771292,,3,1,val,current_repo_v1
5991,239.64,1.5942752625047827,,3,1,val,current_repo_v1
5992,239.68,1.403805319927858,,3,1,val,current_repo_v1
5993,239.72,1.1019563116294655,,3,1,val,current_repo_v1
5994,239.76,1.280148633184717,,3,1,val,current_repo_v1
5995,239.8,1.3228850017626994,,3,1,val,current_repo_v1
5996,239.84,1.3315002474157263,,3,1,val,current_repo_v1
5997,239.88,1.2935398337800637,,3,1,val,current_repo_v1
5998,239.92,1.1275659083680274,,3,1,val,current_repo_v1
5999,239.96,1.2412772194314396,,3,1,val,current_repo_v1
6000,240.0,1.2693651495454756,,3,1,val,current_repo_v1
6001,240.04,1.227880703782898,,3,1,val,current_repo_v1
6002,240.08,1.2119575637041395,,3,1,val,current_repo_v1
6003,240.12,1.359615815806376,,3,1,val,current_repo_v1
6004,240.16,1.220396957025745,,3,1,val,current_repo_v1
6005,240.2,1.2801820420905137,,3,1,val,current_repo_v1
6006,240.24,1.2140023405975684,,3,1,val,current_repo_v1
6007,240.28,1.1975722963026743,,3,1,val,current_repo_v1
6008,240.32,1.3310112625217907,,3,1,val,current_repo_v1
6009,240.36,1.705845518282606,,3,1,val,current_repo_v1
6010,240.4,1.6612437178918587,,3,1,val,current_repo_v1
6011,240.44,1.4510488536151587,,3,1,val,current_repo_v1
6012,240.48,1.2291216927745876,,3,1,val,current_repo_v1
6013,240.52,1.45762342255865,,3,1,val,current_repo_v1
6014,240.56,1.538059007872429,,3,1,val,current_repo_v1
6015,240.6,1.6010964499165194,,3,1,val,current_repo_v1
6016,240.64,1.5514836173735724,,3,1,val,current_repo_v1
6017,240.68,1.630761735960154,,3,1,val,current_repo_v1
6018,240.72,1.7941885360225074,,3,1,val,current_repo_v1
6019,240.76,1.6147994163464157,,3,1,val,current_repo_v1
6020,240.8,1.5420170520573773,,3,1,val,current_repo_v1
6021,240.84,1.667302574816777,,3,1,val,current_repo_v1
6022,240.88,1.5708878135776982,,3,1,val,current_repo_v1
6023,240.92,1.4632725648115688,,3,1,val,current_repo_v1
6024,240.96,1.410345113237588,,3,1,val,current_repo_v1
6025,241.0,1.318402893332729,,3,1,val,current_repo_v1
6026,241.04,1.3424026363878716,,3,1,val,current_repo_v1
6027,241.08,1.4922894143654195,,3,1,val,current_repo_v1
6028,241.12,1.4745658379815372,,3,1,val,current_repo_v1
6029,241.16,1.5075373908297565,,3,1,val,current_repo_v1
6030,241.2,1.5743533801194687,,3,1,val,current_repo_v1
6031,241.24,1.3678050979104932,,3,1,val,current_repo_v1
6032,241.28,1.5375287174222356,,3,1,val,current_repo_v1
6033,241.32,1.5528055470324882,,3,1,val,current_repo_v1
6034,241.36,1.7351530253168892,,3,1,val,current_repo_v1
6035,241.4,1.4845695273877477,,3,1,val,current_repo_v1
6036,241.44,1.3076819754625255,,3,1,val,current_repo_v1
6037,241.48,1.3531218838127852,,3,1,val,current_repo_v1
6038,241.52,1.0935363562166873,,3,1,val,current_repo_v1
6039,241.56,0.9184992020966214,,3,1,val,current_repo_v1
6040,241.6,1.2794174337237543,,3,1,val,current_repo_v1
6041,241.64,1.325022412440383,,3,1,val,current_repo_v1
6042,241.68,1.3061498734144152,,3,1,val,current_repo_v1
6043,241.72,1.3036066963899626,,3,1,val,current_repo_v1
6044,241.76,0.9504334084198491,,3,1,val,current_repo_v1
6045,241.8,1.2194574074795403,,3,1,val,current_repo_v1
6046,241.84,1.358738832029209,,3,1,val,current_repo_v1
6047,241.88,1.1636578530176709,,3,1,val,current_repo_v1
6048,241.92,1.0436415221370827,,3,1,val,current_repo_v1
6049,241.96,1.186241969619004,,3,1,val,current_repo_v1
6050,242.0,1.1416951420641586,,3,1,val,current_repo_v1
6051,242.04,1.0315543318784515,,3,1,val,current_repo_v1
6052,242.08,1.1356686310343982,,3,1,val,current_repo_v1
6053,242.12,1.0037122609393476,,3,1,val,current_repo_v1
6054,242.16,0.8938953652812069,,3,1,val,current_repo_v1
6055,242.2,0.9279694120207217,,3,1,val,current_repo_v1
6056,242.24,1.0497501887033707,,3,1,val,current_repo_v1
6057,242.28,1.033854231325238,,3,1,val,current_repo_v1
6058,242.32,0.998294551288403,,3,1,val,current_repo_v1
6059,242.36,1.047002458060244,,3,1,val,current_repo_v1
6060,242.4,1.2045867997920447,,3,1,val,current_repo_v1
6061,242.44,1.2378587290751102,,3,1,val,current_repo_v1
6062,242.48,1.1827622802216013,,3,1,val,current_repo_v1
6063,242.52,1.1819808155432807,,3,1,val,current_repo_v1
6064,242.56,1.0433443347341536,,3,1,val,current_repo_v1
6065,242.6,1.263216088574906,,3,1,val,current_repo_v1
6066,242.64,1.2709917076817931,,3,1,val,current_repo_v1
6067,242.68,1.1608457343015537,,3,1,val,current_repo_v1
6068,242.72,1.2400957590355335,,3,1,val,current_repo_v1
6069,242.76,1.0339492948480962,,3,1,val,current_repo_v1
6070,242.8,1.0149305159299358,,3,1,val,current_repo_v1
6071,242.84,1.0539832489264922,,3,1,val,current_repo_v1
6072,242.88,0.9800774342507039,,3,1,val,current_repo_v1
6073,242.92,1.1264697925405658,,3,1,val,current_repo_v1
6074,242.96,1.1157462930730961,,3,1,val,current_repo_v1
6075,243.0,1.0936807738049275,,3,1,val,current_repo_v1
6076,243.04,1.0097624619204912,,3,1,val,current_repo_v1
6077,243.08,0.8364356919185604,,3,1,val,current_repo_v1
6078,243.12,0.7683099216629495,,3,1,val,current_repo_v1
6079,243.16,0.6901623908202653,,3,1,val,current_repo_v1
6080,243.2,0.9397468106074187,,3,1,val,current_repo_v1
6081,243.24,0.9113247914354144,,3,1,val,current_repo_v1
6082,243.28,0.9543231162065767,,3,1,val,current_repo_v1
6083,243.32,0.9702221107579638,,3,1,val,current_repo_v1
6084,243.36,0.942402211183616,,3,1,val,current_repo_v1
6085,243.4,0.9133230995780531,,3,1,val,current_repo_v1
6086,243.44,1.0882951063318154,,3,1,val,current_repo_v1
6087,243.48,0.9729906460378822,,3,1,val,current_repo_v1
6088,243.52,0.8225801075326377,,3,1,val,current_repo_v1
6089,243.56,0.7116519101807642,,3,1,val,current_repo_v1
6090,243.6,0.6251174911491076,,3,1,val,current_repo_v1
6091,243.64,0.6450547492240212,,3,1,val,current_repo_v1
6092,243.68,0.43226321570892823,,3,1,val,current_repo_v1
6093,243.72,0.3647593066771267,,3,1,val,current_repo_v1
6094,243.76,0.5310604875073092,,3,1,val,current_repo_v1
6095,243.8,0.6152466780727708,,3,1,val,current_repo_v1
6096,243.84,0.6150450097686881,,3,1,val,current_repo_v1
6097,243.88,0.7352351049240855,,3,1,val,current_repo_v1
6098,243.92,0.8531847912638141,,3,1,val,current_repo_v1
6099,243.96,0.9766672961208236,,3,1,val,current_repo_v1
6100,244.0,0.8861063826120009,,3,1,val,current_repo_v1
6101,244.04,0.9514387127670083,,3,1,val,current_repo_v1
6102,244.08,0.9329632841440346,,3,1,val,current_repo_v1
6103,244.12,0.8118063428478101,,3,1,val,current_repo_v1
6104,244.16,0.7068932671259935,,3,1,val,current_repo_v1
6105,244.2,0.6755771255600073,,3,1,val,current_repo_v1
6106,244.24,1.0139707691815905,,3,1,val,current_repo_v1
6107,244.28,0.8307777418632041,,3,1,val,current_repo_v1
6108,244.32,0.9520997535257975,,3,1,val,current_repo_v1
6109,244.36,0.9155116866250711,,3,1,val,current_repo_v1
6110,244.4,0.7715762496392408,,3,1,val,current_repo_v1
6111,244.44,0.6439590889725478,,3,1,val,current_repo_v1
6112,244.48,0.66781942577532,,3,1,val,current_repo_v1
6113,244.52,0.641191312985943,,3,1,val,current_repo_v1
6114,244.56,0.5056047995234068,,3,1,val,current_repo_v1
6115,244.6,0.41118022198851173,,3,1,val,current_repo_v1
6116,244.64,0.46605924720168146,,3,1,val,current_repo_v1
6117,244.68,0.703157999599245,,3,1,val,current_repo_v1
6118,244.72,0.6181120232501687,,3,1,val,current_repo_v1
6119,244.76,0.8845376826261769,,3,1,val,current_repo_v1
6120,244.8,0.6443130715153316,,3,1,val,current_repo_v1
6121,244.84,0.7312299845536961,,3,1,val,current_repo_v1
6122,244.88,0.5920075950591569,,3,1,val,current_repo_v1
6123,244.92,0.6508152038767087,,3,1,val,current_repo_v1
6124,244.96,0.681705533752448,,3,1,val,current_repo_v1
6125,245.0,0.3256264682359893,,3,1,val,current_repo_v1
6126,245.04,0.4810293602779196,,3,1,val,current_repo_v1
6127,245.08,0.7080009242118213,,3,1,val,current_repo_v1
6128,245.12,0.554805715443745,,3,1,val,current_repo_v1
6129,245.16,0.6645787619130273,,3,1,val,current_repo_v1
6130,245.2,0.6406903312576532,,3,1,val,current_repo_v1
6131,245.24,0.5946604140380881,,3,1,val,current_repo_v1
6132,245.28,0.4455897245139593,,3,1,val,current_repo_v1
6133,245.32,0.38245539664305794,,3,1,val,current_repo_v1
6134,245.36,0.5298300526926781,,3,1,val,current_repo_v1
6135,245.4,0.4243715765837283,,3,1,val,current_repo_v1
6136,245.44,0.6470358973377733,,3,1,val,current_repo_v1
6137,245.48,0.494991397586404,,3,1,val,current_repo_v1
6138,245.52,0.27876607395471314,,3,1,val,current_repo_v1
6139,245.56,0.26072792235102116,,3,1,val,current_repo_v1
6140,245.6,0.3963631824442882,,3,1,val,current_repo_v1
6141,245.64,0.6179109623807368,,3,1,val,current_repo_v1
6142,245.68,0.3542178857462498,,3,1,val,current_repo_v1
6143,245.72,-0.09623104073069529,,3,1,val,current_repo_v1
6144,245.76,-0.22650467447539097,,3,1,val,current_repo_v1
6145,245.8,-0.33505799216576343,,3,1,val,current_repo_v1
6146,245.84,-0.800882086228234,,3,1,val,current_repo_v1
6147,245.88,-1.0730788683279853,,3,1,val,current_repo_v1
6148,245.92,-1.4533379710968926,,3,1,val,current_repo_v1
6149,245.96,-1.4096180139605188,,3,1,val,current_repo_v1
6150,246.0,-1.3988170665750654,,3,1,val,current_repo_v1
6151,246.04,-1.1192208192759667,,3,1,val,current_repo_v1
6152,246.08,-0.8861927901910845,,3,1,val,current_repo_v1
6153,246.12,-0.5420198994073032,,3,1,val,current_repo_v1
6154,246.16,-0.1039752061120682,,3,1,val,current_repo_v1
6155,246.2,0.31976711562921006,,3,1,val,current_repo_v1
6156,246.24,0.6608808516173061,,3,1,val,current_repo_v1
6157,246.28,1.0932617957545026,,3,1,val,current_repo_v1
6158,246.32,1.3345035561881988,,3,1,val,current_repo_v1
6159,246.36,1.324744814804944,,3,1,val,current_repo_v1
6160,246.4,1.063473807911396,,3,1,val,current_repo_v1
6161,246.44,0.799221359892806,,3,1,val,current_repo_v1
6162,246.48,0.6830042290359686,,3,1,val,current_repo_v1
6163,246.52,0.5488457944375842,,3,1,val,current_repo_v1
6164,246.56,0.4775785240264322,,3,1,val,current_repo_v1
6165,246.6,0.5221196568814259,,3,1,val,current_repo_v1
6166,246.64,0.6498917513487517,,3,1,val,current_repo_v1
6167,246.68,0.7213855948846714,,3,1,val,current_repo_v1
6168,246.72,0.7311186721539276,,3,1,val,current_repo_v1
6169,246.76,0.5371984627955009,,3,1,val,current_repo_v1
6170,246.8,0.37997793645489447,,3,1,val,current_repo_v1
6171,246.84,0.10263709401440729,,3,1,val,current_repo_v1
6172,246.88,-0.13171475347150802,,3,1,val,current_repo_v1
6173,246.92,0.16659385043789585,,3,1,val,current_repo_v1
6174,246.96,0.20375901822159687,,3,1,val,current_repo_v1
6175,247.0,0.11529901236440825,,3,1,val,current_repo_v1
6176,247.04,0.05468637351718558,,3,1,val,current_repo_v1
6177,247.08,0.19932736483231273,,3,1,val,current_repo_v1
6178,247.12,0.1798317497132339,,3,1,val,current_repo_v1
6179,247.16,-0.013377466877537606,,3,1,val,current_repo_v1
6180,247.2,-0.06085002241054215,,3,1,val,current_repo_v1
6181,247.24,-0.036733936637428556,,3,1,val,current_repo_v1
6182,247.28,-0.05608334982898057,,3,1,val,current_repo_v1
6183,247.32,0.20633985619440218,,3,1,val,current_repo_v1
6184,247.36,0.05087029819954091,,3,1,val,current_repo_v1
6185,247.4,0.058167163889893056,,3,1,val,current_repo_v1
6186,247.44,-0.004667584804141428,,3,1,val,current_repo_v1
6187,247.48,0.11755388571770037,,3,1,val,current_repo_v1
6188,247.52,0.16951872421107717,,3,1,val,current_repo_v1
6189,247.56,0.2242029906893176,,3,1,val,current_repo_v1
6190,247.6,0.10026908595739407,,3,1,val,current_repo_v1
6191,247.64,-0.261488696286547,,3,1,val,current_repo_v1
6192,247.68,-0.46898070415495174,,3,1,val,current_repo_v1
6193,247.72,-0.5183979047756588,,3,1,val,current_repo_v1
6194,247.76,-0.5487859621244754,,3,1,val,current_repo_v1
6195,247.8,-0.3482983591443706,,3,1,val,current_repo_v1
6196,247.84,-0.37844568254812155,,3,1,val,current_repo_v1
6197,247.88,-0.29317525909555564,,3,1,val,current_repo_v1
6198,247.92,-0.35653851390049657,,3,1,val,current_repo_v1
6199,247.96,-0.546574178666728,,3,1,val,current_repo_v1
6200,248.0,-0.5024843697573169,,3,1,val,current_repo_v1
6201,248.04,-0.5027598034068125,,3,1,val,current_repo_v1
6202,248.08,-0.5879771902214259,,3,1,val,current_repo_v1
6203,248.12,-0.5129874843405245,,3,1,val,current_repo_v1
6204,248.16,-0.4656129345919683,,3,1,val,current_repo_v1
6205,248.2,-0.4009689417903726,,3,1,val,current_repo_v1
6206,248.24,-0.22121760123904521,,3,1,val,current_repo_v1
6207,248.28,-0.3904527293975061,,3,1,val,current_repo_v1
6208,248.32,-0.4959361862564721,,3,1,val,current_repo_v1
6209,248.36,-0.47067802842809353,,3,1,val,current_repo_v1
6210,248.4,-0.6734577860631864,,3,1,val,current_repo_v1
6211,248.44,-0.7651573358250303,,3,1,val,current_repo_v1
6212,248.48,-0.4376604624050722,,3,1,val,current_repo_v1
6213,248.52,-0.3792560763016888,,3,1,val,current_repo_v1
6214,248.56,-0.3620951362631577,,3,1,val,current_repo_v1
6215,248.6,-0.41294652805919085,,3,1,val,current_repo_v1
6216,248.64,-0.3659419439776689,,3,1,val,current_repo_v1
6217,248.68,-0.13125291331353248,,3,1,val,current_repo_v1
6218,248.72,0.1412942162122638,,3,1,val,current_repo_v1
6219,248.76,0.03437709968329117,,3,1,val,current_repo_v1
6220,248.8,-0.26540718128985863,,3,1,val,current_repo_v1
6221,248.84,-0.42275485129582135,,3,1,val,current_repo_v1
6222,248.88,-0.4611580088626234,,3,1,val,current_repo_v1
6223,248.92,-0.44124482038574986,,3,1,val,current_repo_v1
6224,248.96,-0.5757483158304835,,3,1,val,current_repo_v1
6225,249.0,-0.6335996326842667,,3,1,val,current_repo_v1
6226,249.04,-0.4750630991725905,,3,1,val,current_repo_v1
6227,249.08,-0.2887760275307607,,3,1,val,current_repo_v1
6228,249.12,-0.05041573776620918,,3,1,val,current_repo_v1
6229,249.16,-0.1847059382279962,,3,1,val,current_repo_v1
6230,249.2,-0.3922655042189753,,3,1,val,current_repo_v1
6231,249.24,-0.4239798571632604,,3,1,val,current_repo_v1
6232,249.28,-0.44845309552874185,,3,1,val,current_repo_v1
6233,249.32,-0.10366186474389302,,3,1,val,current_repo_v1
6234,249.36,0.15834462212667275,,3,1,val,current_repo_v1
6235,249.4,0.1585728656967302,,3,1,val,current_repo_v1
6236,249.44,0.2643709737048373,,3,1,val,current_repo_v1
6237,249.48,0.10785125611031803,,3,1,val,current_repo_v1
6238,249.52,-0.3683688731958147,,3,1,val,current_repo_v1
6239,249.56,-0.45814828406165126,,3,1,val,current_repo_v1
6240,249.6,-0.18997623108211217,,3,1,val,current_repo_v1
6241,249.64,-0.0079885913901757,,3,1,val,current_repo_v1
6242,249.68,0.16877936234699387,,3,1,val,current_repo_v1
6243,249.72,0.3401987116159197,,3,1,val,current_repo_v1
6244,249.76,0.22532329000881615,,3,1,val,current_repo_v1
6245,249.8,0.08775414781056634,,3,1,val,current_repo_v1
6246,249.84,-0.04317845761863901,,3,1,val,current_repo_v1
6247,249.88,-0.03232113270465366,,3,1,val,current_repo_v1
6248,249.92,0.4532995888198919,,3,1,val,current_repo_v1
6249,249.96,0.8604955710041373,,3,1,val,current_repo_v1
6250,250.0,1.1999863934638209,,3,1,val,current_repo_v1
6251,250.04,0.7949451718094742,,3,1,val,current_repo_v1
6252,250.08,0.6858181700560382,,3,1,val,current_repo_v1
6253,250.12,-0.07256303292424887,,3,1,val,current_repo_v1
6254,250.16,0.04225366683621686,,3,1,val,current_repo_v1
6255,250.2,0.40549243170593235,,3,1,val,current_repo_v1
6256,250.24,0.31376843269939175,,3,1,val,current_repo_v1
6257,250.28,0.3910013188165563,,3,1,val,current_repo_v1
6258,250.32,0.6599734961075967,,3,1,val,current_repo_v1
6259,250.36,0.3694750116950153,,3,1,val,current_repo_v1
6260,250.4,0.21509044588057183,,3,1,val,current_repo_v1
6261,250.44,0.023902040988019794,,3,1,val,current_repo_v1
6262,250.48,0.15451011496384132,,3,1,val,current_repo_v1
6263,250.52,0.05446171760803472,,3,1,val,current_repo_v1
6264,250.56,0.1624048671916269,,3,1,val,current_repo_v1
6265,250.6,0.15140481411702425,,3,1,val,current_repo_v1
6266,250.64,0.09537582019812847,,3,1,val,current_repo_v1
6267,250.68,0.34237571943990575,,3,1,val,current_repo_v1
6268,250.72,0.10318475329914843,,3,1,val,current_repo_v1
6269,250.76,-0.13880378159960474,,3,1,val,current_repo_v1
6270,250.8,-0.1007014180789712,,3,1,val,current_repo_v1
6271,250.84,-0.3078819353566526,,3,1,val,current_repo_v1
6272,250.88,-0.4073079399833305,,3,1,val,current_repo_v1
6273,250.92,-0.6885091814886416,,3,1,val,current_repo_v1
6274,250.96,-0.3138344152883405,,3,1,val,current_repo_v1
6275,251.0,-0.3321094664058646,,3,1,val,current_repo_v1
6276,251.04,-0.2974486757582929,,3,1,val,current_repo_v1
6277,251.08,-0.19731470604604764,,3,1,val,current_repo_v1
6278,251.12,-0.19187613481131297,,3,1,val,current_repo_v1
6279,251.16,-0.2583998531223014,,3,1,val,current_repo_v1
6280,251.2,-0.419298586097142,,3,1,val,current_repo_v1
6281,251.24,-0.4224297218989531,,3,1,val,current_repo_v1
6282,251.28,-0.29401241793842603,,3,1,val,current_repo_v1
6283,251.32,-0.17041808815866133,,3,1,val,current_repo_v1
6284,251.36,-0.18496639481688162,,3,1,val,current_repo_v1
6285,251.4,-0.35926152954626683,,3,1,val,current_repo_v1
6286,251.44,-0.48089523111407845,,3,1,val,current_repo_v1
6287,251.48,-0.4258022370451463,,3,1,val,current_repo_v1
6288,251.52,-0.37760624582531044,,3,1,val,current_repo_v1
6289,251.56,-0.5145219401979068,,3,1,val,current_repo_v1
6290,251.6,-0.5152542026695083,,3,1,val,current_repo_v1
6291,251.64,-0.4997457126692873,,3,1,val,current_repo_v1
6292,251.68,-0.5383670152050763,,3,1,val,current_repo_v1
6293,251.72,-0.22152120467047393,,3,1,val,current_repo_v1
6294,251.76,-0.39661162321648646,,3,1,val,current_repo_v1
6295,251.8,-0.41885512083735477,,3,1,val,current_repo_v1
6296,251.84,-0.6774800664624623,,3,1,val,current_repo_v1
6297,251.88,-0.3620257368542979,,3,1,val,current_repo_v1
6298,251.92,-0.20826698058889423,,3,1,val,current_repo_v1
6299,251.96,-0.4708828857640932,,3,1,val,current_repo_v1
6300,252.0,-0.429318866062254,,3,1,val,current_repo_v1
6301,252.04,-0.5141456344317042,,3,1,val,current_repo_v1
6302,252.08,-0.5496570993431278,,3,1,val,current_repo_v1
6303,252.12,-0.49998037226784436,,3,1,val,current_repo_v1
6304,252.16,-0.025796202561536738,,3,1,val,current_repo_v1
6305,252.2,0.5304223774065896,,3,1,val,current_repo_v1
6306,252.24,0.9821732356548043,,3,1,val,current_repo_v1
6307,252.28,1.1116248489670688,,3,1,val,current_repo_v1
6308,252.32,1.3388063195375053,,3,1,val,current_repo_v1
6309,252.36,1.2099566739642347,,3,1,val,current_repo_v1
6310,252.4,0.7990108837862859,,3,1,val,current_repo_v1
6311,252.44,0.6640138476877354,,3,1,val,current_repo_v1
6312,252.48,0.6585302313771736,,3,1,val,current_repo_v1
6313,252.52,0.6648950835074583,,3,1,val,current_repo_v1
6314,252.56,0.7014640162166829,,3,1,val,current_repo_v1
6315,252.6,0.8488723089600939,,3,1,val,current_repo_v1
6316,252.64,0.6163112072983881,,3,1,val,current_repo_v1
6317,252.68,0.6459754682960493,,3,1,val,current_repo_v1
6318,252.72,0.22172211368124306,,3,1,val,current_repo_v1
6319,252.76,-0.004856952556544382,,3,1,val,current_repo_v1
6320,252.8,0.0022579864558777323,,3,1,val,current_repo_v1
6321,252.84,0.0019429366777470346,,3,1,val,current_repo_v1
6322,252.88,-0.06125032184545329,,3,1,val,current_repo_v1
6323,252.92,0.1977541850159387,,3,1,val,current_repo_v1
6324,252.96,0.3317589766123233,,3,1,val,current_repo_v1
6325,253.0,0.2862540727544223,,3,1,val,current_repo_v1
6326,253.04,0.19957360365390164,,3,1,val,current_repo_v1
6327,253.08,0.5076274050520796,,3,1,val,current_repo_v1
6328,253.12,0.5191732951074708,,3,1,val,current_repo_v1
6329,253.16,0.6672592191685723,,3,1,val,current_repo_v1
6330,253.2,0.7142218143298542,,3,1,val,current_repo_v1
6331,253.24,0.7086328081073695,,3,1,val,current_repo_v1
6332,253.28,0.8234781996639216,,3,1,val,current_repo_v1
6333,253.32,0.6137479849304575,,3,1,val,current_repo_v1
6334,253.36,0.5969709435912645,,3,1,val,current_repo_v1
6335,253.4,0.609965033783617,,3,1,val,current_repo_v1
6336,253.44,0.6370226408358118,,3,1,val,current_repo_v1
6337,253.48,0.7548219870994547,,3,1,val,current_repo_v1
6338,253.52,0.7538247312614192,,3,1,val,current_repo_v1
6339,253.56,0.6862629640791241,,3,1,val,current_repo_v1
6340,253.6,0.5705336412115861,,3,1,val,current_repo_v1
6341,253.64,0.4473506016374464,,3,1,val,current_repo_v1
6342,253.68,0.22913107004701014,,3,1,val,current_repo_v1
6343,253.72,0.2167501471700265,,3,1,val,current_repo_v1
6344,253.76,-0.045764838432633334,,3,1,val,current_repo_v1
6345,253.8,-0.0353038266636629,,3,1,val,current_repo_v1
6346,253.84,-0.20071315105889906,,3,1,val,current_repo_v1
6347,253.88,-0.07494318967427911,,3,1,val,current_repo_v1
6348,253.92,-0.2044061639127478,,3,1,val,current_repo_v1
6349,253.96,-0.12543399307570055,,3,1,val,current_repo_v1
6350,254.0,-0.1348896245681804,,3,1,val,current_repo_v1
6351,254.04,-0.023459989912029036,,3,1,val,current_repo_v1
6352,254.08,-0.11713738486171105,,3,1,val,current_repo_v1
6353,254.12,-0.1636276521261238,,3,1,val,current_repo_v1
6354,254.16,-0.3540927162435087,,3,1,val,current_repo_v1
6355,254.2,-0.2553369398247141,,3,1,val,current_repo_v1
6356,254.24,-0.4811210449455325,,3,1,val,current_repo_v1
6357,254.28,-0.32389174876715443,,3,1,val,current_repo_v1
6358,254.32,-0.36063949505172344,,3,1,val,current_repo_v1
6359,254.36,-0.7159328058826401,,3,1,val,current_repo_v1
6360,254.4,-0.7668596714340415,,3,1,val,current_repo_v1
6361,254.44,-0.9177681544943217,,3,1,val,current_repo_v1
6362,254.48,-1.112251417809422,,3,1,val,current_repo_v1
6363,254.52,-1.2184285650396605,,3,1,val,current_repo_v1
6364,254.56,-1.2217146346421044,,3,1,val,current_repo_v1
6365,254.6,-1.2360090905632672,,3,1,val,current_repo_v1
6366,254.64,-1.0908739701420054,,3,1,val,current_repo_v1
6367,254.68,-0.819236787214351,,3,1,val,current_repo_v1
6368,254.72,-0.6358834351128055,,3,1,val,current_repo_v1
6369,254.76,-0.6599177639783811,,3,1,val,current_repo_v1
6370,254.8,-0.4795326792628872,,3,1,val,current_repo_v1
6371,254.84,-0.610147567896198,,3,1,val,current_repo_v1
6372,254.88,-0.8532854735571928,,3,1,val,current_repo_v1
6373,254.92,-1.3141872968558195,,3,1,val,current_repo_v1
6374,254.96,-1.3053325700916945,,3,1,val,current_repo_v1
6375,255.0,-0.7618878947461535,,3,1,val,current_repo_v1
6376,255.04,-0.7064469545162805,,3,1,val,current_repo_v1
6377,255.08,-0.23059122905366009,,3,1,val,current_repo_v1
6378,255.12,0.30357127535688494,,3,1,val,current_repo_v1
6379,255.16,0.3616278291933245,,3,1,val,current_repo_v1
6380,255.2,-0.5663324713076344,,3,1,val,current_repo_v1
6381,255.24,-0.7597449412272808,,3,1,val,current_repo_v1
6382,255.28,0.8377029524588993,,3,1,val,current_repo_v1
6383,255.32,-0.38776000955494705,,3,1,val,current_repo_v1
6384,255.36,-0.2350891687492184,,3,1,val,current_repo_v1
6385,255.4,-0.29670532760431345,,3,1,val,current_repo_v1
6386,255.44,-0.2213727248630064,,3,1,val,current_repo_v1
6387,255.48,1.2692931685393498,,3,1,val,current_repo_v1
6388,255.52,1.0759301665790821,,3,1,val,current_repo_v1
6389,255.56,0.11929031359649073,,3,1,val,current_repo_v1
6390,255.6,0.18209330484768538,,3,1,val,current_repo_v1
6391,255.64,0.896885158632698,,3,1,val,current_repo_v1
6392,255.68,0.575103599877936,,3,1,val,current_repo_v1
6393,255.72,0.371665041399329,,3,1,val,current_repo_v1
6394,255.76,-0.8981220474404944,,3,1,val,current_repo_v1
6395,255.8,-0.7007528620991985,,3,1,val,current_repo_v1
6396,255.84,-0.6172253205185882,,3,1,val,current_repo_v1
6397,255.88,-0.6542587509123858,,3,1,val,current_repo_v1
6398,255.92,-0.47454548892073367,,3,1,val,current_repo_v1
6399,255.96,-0.4307682051391857,,3,1,val,current_repo_v1
6400,256.0,-0.4450200647054576,,3,1,val,current_repo_v1
6401,256.04,-0.18458035111393264,,3,1,val,current_repo_v1
6402,256.08,-0.07297965716540164,,3,1,val,current_repo_v1
6403,256.12,-0.18563542713779602,,3,1,val,current_repo_v1
6404,256.16,-0.13710972228771126,,3,1,val,current_repo_v1
6405,256.2,0.02716836896431101,,3,1,val,current_repo_v1
6406,256.24,-0.06429159528360402,,3,1,val,current_repo_v1
6407,256.28,-0.11241393505202411,,3,1,val,current_repo_v1
6408,256.32,-0.023666138046661764,,3,1,val,current_repo_v1
6409,256.36,0.0016550506179091027,,3,1,val,current_repo_v1
6410,256.4,0.10415505422455235,,3,1,val,current_repo_v1
6411,256.44,-0.16004652114202877,,3,1,val,current_repo_v1
6412,256.48,-0.27403909343111815,,3,1,val,current_repo_v1
6413,256.52,-0.1285676345454464,,3,1,val,current_repo_v1
6414,256.56,-0.16604835513909835,,3,1,val,current_repo_v1
6415,256.6,-0.2000304134936748,,3,1,val,current_repo_v1
6416,256.64,-0.3307935731287919,,3,1,val,current_repo_v1
6417,256.68,-0.4815129921539944,,3,1,val,current_repo_v1
6418,256.72,-0.18273762217124326,,3,1,val,current_repo_v1
6419,256.76,-0.22335653050335605,,3,1,val,current_repo_v1
6420,256.8,-0.25806713079229754,,3,1,val,current_repo_v1
6421,256.84,-0.13087835392195118,,3,1,val,current_repo_v1
6422,256.88,-0.19748317424999473,,3,1,val,current_repo_v1
6423,256.92,-0.30881992835156435,,3,1,val,current_repo_v1
6424,256.96,-0.38972680702507284,,3,1,val,current_repo_v1
6425,257.0,-0.3505134834926976,,3,1,val,current_repo_v1
6426,257.04,-0.3161093339851107,,3,1,val,current_repo_v1
6427,257.08,-0.2305582377591857,,3,1,val,current_repo_v1
6428,257.12,-0.3294245672844353,,3,1,val,current_repo_v1
6429,257.16,-0.40333501364943625,,3,1,val,current_repo_v1
6430,257.2,-0.3634498673932193,,3,1,val,current_repo_v1
6431,257.24,-0.2735312780630063,,3,1,val,current_repo_v1
6432,257.28,-0.17712963361591952,,3,1,val,current_repo_v1
6433,257.32,-0.33440181088418114,,3,1,val,current_repo_v1
6434,257.36,-0.41810121850631665,,3,1,val,current_repo_v1
6435,257.4,-0.2571287201860633,,3,1,val,current_repo_v1
6436,257.44,-0.15085915746839765,,3,1,val,current_repo_v1
6437,257.48,-0.3325009200736727,,3,1,val,current_repo_v1
6438,257.52,-0.21311597954797903,,3,1,val,current_repo_v1
6439,257.56,-0.09825049519211677,,3,1,val,current_repo_v1
6440,257.6,-0.1535092429914,,3,1,val,current_repo_v1
6441,257.64,-0.23449486987269158,,3,1,val,current_repo_v1
6442,257.68,-0.13553882035127793,,3,1,val,current_repo_v1
6443,257.72,-0.133287819393885,,3,1,val,current_repo_v1
6444,257.76,-0.16504791026914595,,3,1,val,current_repo_v1
6445,257.8,-0.17176864317549828,,3,1,val,current_repo_v1
6446,257.84,-0.26779956266223726,,3,1,val,current_repo_v1
6447,257.88,-0.10267770671551656,,3,1,val,current_repo_v1
6448,257.92,-0.11202749272008554,,3,1,val,current_repo_v1
6449,257.96,-0.1142685089704051,,3,1,val,current_repo_v1
6450,258.0,-0.17601229554034387,,3,1,val,current_repo_v1
6451,258.04,-0.3350003618032639,,3,1,val,current_repo_v1
6452,258.08,-0.2651621573375714,,3,1,val,current_repo_v1
6453,258.12,-0.32797978396738503,,3,1,val,current_repo_v1
6454,258.16,-0.21314175755597453,,3,1,val,current_repo_v1
6455,258.2,-0.10784807656956748,,3,1,val,current_repo_v1
6456,258.24,-0.18851804623807747,,3,1,val,current_repo_v1
6457,258.28,-0.31554760879173577,,3,1,val,current_repo_v1
6458,258.32,-0.17987094823054667,,3,1,val,current_repo_v1
6459,258.36,-0.099025733665266,,3,1,val,current_repo_v1
6460,258.4,-0.037871414968146506,,3,1,val,current_repo_v1
6461,258.44,0.017069008600591292,,3,1,val,current_repo_v1
6462,258.48,0.06965682827541482,,3,1,val,current_repo_v1
6463,258.52,-0.01811224913992948,,3,1,val,current_repo_v1
6464,258.56,0.044356339844805005,,3,1,val,current_repo_v1
6465,258.6,0.14685725460342453,,3,1,val,current_repo_v1
6466,258.64,0.25641525022397255,,3,1,val,current_repo_v1
6467,258.68,0.11398046156073803,,3,1,val,current_repo_v1
6468,258.72,0.032489496505770134,,3,1,val,current_repo_v1
6469,258.76,0.06637402363421925,,3,1,val,current_repo_v1
6470,258.8,0.08776604973325647,,3,1,val,current_repo_v1
6471,258.84,0.38513300654867705,,3,1,val,current_repo_v1
6472,258.88,0.18158586912623031,,3,1,val,current_repo_v1
6473,258.92,0.08254495908585945,,3,1,val,current_repo_v1
6474,258.96,0.2960491083580654,,3,1,val,current_repo_v1
6475,259.0,0.3102838078954508,,3,1,val,current_repo_v1
6476,259.04,0.4777863426063548,,3,1,val,current_repo_v1
6477,259.08,0.2719971259229495,,3,1,val,current_repo_v1
6478,259.12,0.33593956966747734,,3,1,val,current_repo_v1
6479,259.16,0.37415931993438795,,3,1,val,current_repo_v1
6480,259.2,0.27561234917682353,,3,1,val,current_repo_v1
6481,259.24,0.15180974524114815,,3,1,val,current_repo_v1
6482,259.28,0.08424589000224067,,3,1,val,current_repo_v1
6483,259.32,0.25005047402301916,,3,1,val,current_repo_v1
6484,259.36,0.22400143627923194,,3,1,val,current_repo_v1
6485,259.4,0.12254426509177085,,3,1,val,current_repo_v1
6486,259.44,0.16734873985024154,,3,1,val,current_repo_v1
6487,259.48,0.2140532132495772,,3,1,val,current_repo_v1
6488,259.52,0.28657350745143884,,3,1,val,current_repo_v1
6489,259.56,0.12466113688532264,,3,1,val,current_repo_v1
6490,259.6,0.3659075479905644,,3,1,val,current_repo_v1
6491,259.64,0.23417528331701232,,3,1,val,current_repo_v1
6492,259.68,0.2532947065638857,,3,1,val,current_repo_v1
6493,259.72,0.22398298545171233,,3,1,val,current_repo_v1
6494,259.76,0.14943399239233657,,3,1,val,current_repo_v1
6495,259.8,0.09979352157277588,,3,1,val,current_repo_v1
6496,259.84,0.29744047539050644,,3,1,val,current_repo_v1
6497,259.88,0.45898195015527926,,3,1,val,current_repo_v1
6498,259.92,0.17605202556297614,,3,1,val,current_repo_v1
6499,259.96,-0.1649541755095864,,3,1,val,current_repo_v1
6500,260.0,-0.1649666279199289,,3,1,val,current_repo_v1
6501,260.04,-0.09016796972788674,,3,1,val,current_repo_v1
6502,260.08,-0.21893265987053592,,3,1,val,current_repo_v1
6503,260.12,-0.028173777714300855,,3,1,val,current_repo_v1
6504,260.16,-0.24276137210679824,,3,1,val,current_repo_v1
6505,260.2,-0.33551341629523934,,3,1,val,current_repo_v1
6506,260.24,-0.36479389248755956,,3,1,val,current_repo_v1
6507,260.28,-0.43027261439342224,,3,1,val,current_repo_v1
6508,260.32,-0.3579072539921934,,3,1,val,current_repo_v1
6509,260.36,-0.5222968000114805,,3,1,val,current_repo_v1
6510,260.4,-0.34885344052125183,,3,1,val,current_repo_v1
6511,260.44,-0.16466253094784633,,3,1,val,current_repo_v1
6512,260.48,-0.06913607644747312,,3,1,val,current_repo_v1
6513,260.52,-0.22040716952081227,,3,1,val,current_repo_v1
6514,260.56,-0.24783436259338454,,3,1,val,current_repo_v1
6515,260.6,-0.0164963780570003,,3,1,val,current_repo_v1
6516,260.64,0.03860810981446592,,3,1,val,current_repo_v1
6517,260.68,0.029695278129520407,,3,1,val,current_repo_v1
6518,260.72,-0.149478952047666,,3,1,val,current_repo_v1
6519,260.76,0.03529309215444239,,3,1,val,current_repo_v1
6520,260.8,-0.19174411268641695,,3,1,val,current_repo_v1
6521,260.84,-0.268828518996114,,3,1,val,current_repo_v1
6522,260.88,-0.16718011978763173,,3,1,val,current_repo_v1
6523,260.92,-0.32731213735676784,,3,1,val,current_repo_v1
6524,260.96,-0.0061159462909318885,,3,1,val,current_repo_v1
6525,261.0,0.006745106221717749,,3,1,val,current_repo_v1
6526,261.04,0.022924602705468377,,3,1,val,current_repo_v1
6527,261.08,-0.2545874413948947,,3,1,val,current_repo_v1
6528,261.12,-0.2720544525681236,,3,1,val,current_repo_v1
6529,261.16,-0.3087431258328973,,3,1,val,current_repo_v1
6530,261.2,-0.3463592758801899,,3,1,val,current_repo_v1
6531,261.24,-0.23900328781597707,,3,1,val,current_repo_v1
6532,261.28,-0.3593956207454423,,3,1,val,current_repo_v1
6533,261.32,-0.07049099740086306,,3,1,val,current_repo_v1
6534,261.36,-0.11926571249313124,,3,1,val,current_repo_v1
6535,261.4,-0.3626498759580478,,3,1,val,current_repo_v1
6536,261.44,-0.5539711761628064,,3,1,val,current_repo_v1
6537,261.48,-0.4352388482401213,,3,1,val,current_repo_v1
6538,261.52,-0.49404015492317055,,3,1,val,current_repo_v1
6539,261.56,-0.42322265190630837,,3,1,val,current_repo_v1
6540,261.6,-0.49892191738873565,,3,1,val,current_repo_v1
6541,261.64,-0.7105608056891722,,3,1,val,current_repo_v1
6542,261.68,-0.9999774489885871,,3,1,val,current_repo_v1
6543,261.72,-0.9083817705520388,,3,1,val,current_repo_v1
6544,261.76,-0.7172883722353466,,3,1,val,current_repo_v1
6545,261.8,-0.6576543865399771,,3,1,val,current_repo_v1
6546,261.84,-0.5855556140211406,,3,1,val,current_repo_v1
6547,261.88,-0.5395990065710002,,3,1,val,current_repo_v1
6548,261.92,-0.5922148062044287,,3,1,val,current_repo_v1
6549,261.96,-0.698519628605343,,3,1,val,current_repo_v1
6550,262.0,-0.7776333601895379,,3,1,val,current_repo_v1
6551,262.04,-0.5965765286795335,,3,1,val,current_repo_v1
6552,262.08,-0.6024940431541318,,3,1,val,current_repo_v1
6553,262.12,-0.3574894908110703,,3,1,val,current_repo_v1
6554,262.16,-0.1361347896730946,,3,1,val,current_repo_v1
6555,262.2,0.11394944442887893,,3,1,val,current_repo_v1
6556,262.24,0.05808392636039356,,3,1,val,current_repo_v1
6557,262.28,0.015528516361366214,,3,1,val,current_repo_v1
6558,262.32,-0.11175824731109561,,3,1,val,current_repo_v1
6559,262.36,0.07466114068178921,,3,1,val,current_repo_v1
6560,262.4,0.010980501271778336,,3,1,val,current_repo_v1
6561,262.44,-0.1937647630348073,,3,1,val,current_repo_v1
6562,262.48,-0.3908353752628768,,3,1,val,current_repo_v1
6563,262.52,-0.4078086179942948,,3,1,val,current_repo_v1
6564,262.56,-0.3828866372804968,,3,1,val,current_repo_v1
6565,262.6,-0.4287738453217775,,3,1,val,current_repo_v1
6566,262.64,-0.12425202015680774,,3,1,val,current_repo_v1
6567,262.68,-0.05378716142826413,,3,1,val,current_repo_v1
6568,262.72,-0.29050357167778235,,3,1,val,current_repo_v1
6569,262.76,-0.24917709688909176,,3,1,val,current_repo_v1
6570,262.8,-0.15060690124729872,,3,1,val,current_repo_v1
6571,262.84,-0.017137734136635288,,3,1,val,current_repo_v1
6572,262.88,0.04910108783193741,,3,1,val,current_repo_v1
6573,262.92,-0.16654950770838367,,3,1,val,current_repo_v1
6574,262.96,0.03483001814483232,,3,1,val,current_repo_v1
6575,263.0,0.2080658817547967,,3,1,val,current_repo_v1
6576,263.04,0.19031546435227992,,3,1,val,current_repo_v1
6577,263.08,0.3939592598135434,,3,1,val,current_repo_v1
6578,263.12,0.5133994009631332,,3,1,val,current_repo_v1
6579,263.16,0.4497478804516975,,3,1,val,current_repo_v1
6580,263.2,0.39990881646597404,,3,1,val,current_repo_v1
6581,263.24,0.13886504707884298,,3,1,val,current_repo_v1
6582,263.28,0.34967343933523565,,3,1,val,current_repo_v1
6583,263.32,0.40500618026792573,,3,1,val,current_repo_v1
6584,263.36,0.41882455928148377,,3,1,val,current_repo_v1
6585,263.4,0.19735255681772884,,3,1,val,current_repo_v1
6586,263.44,0.15571260778453322,,3,1,val,current_repo_v1
6587,263.48,0.06307424878746552,,3,1,val,current_repo_v1
6588,263.52,0.06701984056207143,,3,1,val,current_repo_v1
6589,263.56,0.0960258322215381,,3,1,val,current_repo_v1
6590,263.6,-0.05000074600568058,,3,1,val,current_repo_v1
6591,263.64,0.10692275428182584,,3,1,val,current_repo_v1
6592,263.68,0.07625533394061612,,3,1,val,current_repo_v1
6593,263.72,0.13966642422431164,,3,1,val,current_repo_v1
6594,263.76,0.024313369158310453,,3,1,val,current_repo_v1
6595,263.8,-0.25284110473836235,,3,1,val,current_repo_v1
6596,263.84,-0.04051910871721115,,3,1,val,current_repo_v1
6597,263.88,0.1421487059250163,,3,1,val,current_repo_v1
6598,263.92,0.22421024194046213,,3,1,val,current_repo_v1
6599,263.96,0.22900935532884575,,3,1,val,current_repo_v1
6600,264.0,0.11325886716019214,,3,1,val,current_repo_v1
6601,264.04,-0.018647911590316306,,3,1,val,current_repo_v1
6602,264.08,0.07346307074464882,,3,1,val,current_repo_v1
6603,264.12,0.09646899376399995,,3,1,val,current_repo_v1
6604,264.16,0.10975806940867223,,3,1,val,current_repo_v1
6605,264.2,0.08982403833034133,,3,1,val,current_repo_v1
6606,264.24,0.019294820002306732,,3,1,val,current_repo_v1
6607,264.28,0.17955692349838928,,3,1,val,current_repo_v1
6608,264.32,0.0014209225246715285,,3,1,val,current_repo_v1
6609,264.36,-0.26304817085861115,,3,1,val,current_repo_v1
6610,264.4,-0.4695229914394994,,3,1,val,current_repo_v1
6611,264.44,-0.55533889120853,,3,1,val,current_repo_v1
6612,264.48,-0.5299544249374399,,3,1,val,current_repo_v1
6613,264.52,-0.5215831022613957,,3,1,val,current_repo_v1
6614,264.56,-0.7574611387987418,,3,1,val,current_repo_v1
6615,264.6,-0.6570579616421722,,3,1,val,current_repo_v1
6616,264.64,-0.5292268700843825,,3,1,val,current_repo_v1
6617,264.68,-0.041368150500438836,,3,1,val,current_repo_v1
6618,264.72,0.02843223166707175,,3,1,val,current_repo_v1
6619,264.76,-0.03156447793535392,,3,1,val,current_repo_v1
6620,264.8,0.10317214903014327,,3,1,val,current_repo_v1
6621,264.84,0.018509881557076724,,3,1,val,current_repo_v1
6622,264.88,0.15403335469225424,,3,1,val,current_repo_v1
6623,264.92,-0.049390027411247914,,3,1,val,current_repo_v1
6624,264.96,-0.1943832074387055,,3,1,val,current_repo_v1
6625,265.0,-0.24052426621704354,,3,1,val,current_repo_v1
6626,265.04,-0.10446481742298734,,3,1,val,current_repo_v1
6627,265.08,0.048172870738437804,,3,1,val,current_repo_v1
6628,265.12,0.032458460391578195,,3,1,val,current_repo_v1
6629,265.16,-0.19697596631653375,,3,1,val,current_repo_v1
6630,265.2,0.010044862086138638,,3,1,val,current_repo_v1
6631,265.24,0.0870644247468573,,3,1,val,current_repo_v1
6632,265.28,0.05293282357417434,,3,1,val,current_repo_v1
6633,265.32,0.016388036392321084,,3,1,val,current_repo_v1
6634,265.36,0.11241212223923798,,3,1,val,current_repo_v1
6635,265.4,0.12391285332480495,,3,1,val,current_repo_v1
6636,265.44,0.1747484708022488,,3,1,val,current_repo_v1
6637,265.48,-0.16082280364348414,,3,1,val,current_repo_v1
6638,265.52,-0.06926908565367675,,3,1,val,current_repo_v1
6639,265.56,0.20542449014023464,,3,1,val,current_repo_v1
6640,265.6,0.11400931470665349,,3,1,val,current_repo_v1
6641,265.64,0.0028086829138731324,,3,1,val,current_repo_v1
6642,265.68,-0.12716750716640013,,3,1,val,current_repo_v1
6643,265.72,-0.1066466657418474,,3,1,val,current_repo_v1
6644,265.76,-0.12575519312967112,,3,1,val,current_repo_v1
6645,265.8,-0.12435230382119675,,3,1,val,current_repo_v1
6646,265.84,-0.013121015560881239,,3,1,val,current_repo_v1
6647,265.88,0.11380927888319495,,3,1,val,current_repo_v1
6648,265.92,-0.009325706915362561,,3,1,val,current_repo_v1
6649,265.96,-0.10303069268582622,,3,1,val,current_repo_v1
6650,266.0,-0.13651373398356176,,3,1,val,current_repo_v1
6651,266.04,-0.1257809616465002,,3,1,val,current_repo_v1
6652,266.08,-0.20120219289983304,,3,1,val,current_repo_v1
6653,266.12,-0.07296125379371413,,3,1,val,current_repo_v1
6654,266.16,0.05423827656818556,,3,1,val,current_repo_v1
6655,266.2,0.272320812662522,,3,1,val,current_repo_v1
6656,266.24,0.5462373941174965,,3,1,val,current_repo_v1
6657,266.28,0.45859660879864533,,3,1,val,current_repo_v1
6658,266.32,0.4584143784033899,,3,1,val,current_repo_v1
6659,266.36,0.6295891972606823,,3,1,val,current_repo_v1
6660,266.4,0.7013507296542991,,3,1,val,current_repo_v1
6661,266.44,0.3900254750499634,,3,1,val,current_repo_v1
6662,266.48,0.7754667167192819,,3,1,val,current_repo_v1
6663,266.52,0.8955923858370233,,3,1,val,current_repo_v1
6664,266.56,0.7549547115706658,,3,1,val,current_repo_v1
6665,266.6,0.8832244089110359,,3,1,val,current_repo_v1
6666,266.64,0.9274137611738553,,3,1,val,current_repo_v1
6667,266.68,1.1128986394299043,,3,1,val,current_repo_v1
6668,266.72,1.0344832299061946,,3,1,val,current_repo_v1
6669,266.76,0.6564500714153326,,3,1,val,current_repo_v1
6670,266.8,0.40418583977195083,,3,1,val,current_repo_v1
6671,266.84,0.38231428198073203,,3,1,val,current_repo_v1
6672,266.88,0.20486405574549277,,3,1,val,current_repo_v1
6673,266.92,0.07369503485194275,,3,1,val,current_repo_v1
6674,266.96,0.28618706511950026,,3,1,val,current_repo_v1
6675,267.0,0.13041828861209612,,3,1,val,current_repo_v1
6676,267.04,0.34986204779432506,,3,1,val,current_repo_v1
6677,267.08,0.23450079236053736,,3,1,val,current_repo_v1
6678,267.12,0.05806923403477609,,3,1,val,current_repo_v1
6679,267.16,0.03658895907036986,,3,1,val,current_repo_v1
6680,267.2,0.2917174918628434,,3,1,val,current_repo_v1
6681,267.24,0.24716515943147457,,3,1,val,current_repo_v1
6682,267.28,0.16005276632953283,,3,1,val,current_repo_v1
6683,267.32,0.10235826252733361,,3,1,val,current_repo_v1
6684,267.36,0.17676838083965843,,3,1,val,current_repo_v1
6685,267.4,0.35590609849962884,,3,1,val,current_repo_v1
6686,267.44,0.07782879849198274,,3,1,val,current_repo_v1
6687,267.48,0.13889393818942408,,3,1,val,current_repo_v1
6688,267.52,-0.07424892983302153,,3,1,val,current_repo_v1
6689,267.56,-0.268128526490339,,3,1,val,current_repo_v1
6690,267.6,-0.20935345339127348,,3,1,val,current_repo_v1
6691,267.64,-0.015919713767681,,3,1,val,current_repo_v1
6692,267.68,0.26022435902546526,,3,1,val,current_repo_v1
6693,267.72,0.4671885821116114,,3,1,val,current_repo_v1
6694,267.76,0.4442661244097538,,3,1,val,current_repo_v1
6695,267.8,0.20576112283080342,,3,1,val,current_repo_v1
6696,267.84,-0.012260261678291827,,3,1,val,current_repo_v1
6697,267.88,-0.20669562307647277,,3,1,val,current_repo_v1
6698,267.92,0.02924955397212528,,3,1,val,current_repo_v1
6699,267.96,-0.09397457286144469,,3,1,val,current_repo_v1
6700,268.0,-0.046624092710928454,,3,1,val,current_repo_v1
6701,268.04,-0.05138998701684363,,3,1,val,current_repo_v1
6702,268.08,-0.1237581947679983,,3,1,val,current_repo_v1
6703,268.12,-0.08879748326156872,,3,1,val,current_repo_v1
6704,268.16,-0.12267586011417797,,3,1,val,current_repo_v1
6705,268.2,-0.3878893172062471,,3,1,val,current_repo_v1
6706,268.24,-0.44409600474284977,,3,1,val,current_repo_v1
6707,268.28,-0.42459196146799033,,3,1,val,current_repo_v1
6708,268.32,-0.3092179878712005,,3,1,val,current_repo_v1
6709,268.36,-0.22383826414614696,,3,1,val,current_repo_v1
6710,268.4,-0.11209928390288304,,3,1,val,current_repo_v1
6711,268.44,-0.22021738415708686,,3,1,val,current_repo_v1
6712,268.48,-0.24829225442612954,,3,1,val,current_repo_v1
6713,268.52,-0.31010620918940807,,3,1,val,current_repo_v1
6714,268.56,-0.04676228409399717,,3,1,val,current_repo_v1
6715,268.6,-0.12482773532948509,,3,1,val,current_repo_v1
6716,268.64,-0.24153617641603078,,3,1,val,current_repo_v1
6717,268.68,-0.1306660175468129,,3,1,val,current_repo_v1
6718,268.72,-0.17644828176099253,,3,1,val,current_repo_v1
6719,268.76,-0.2968275738277973,,3,1,val,current_repo_v1
6720,268.8,-0.32409478379920154,,3,1,val,current_repo_v1
6721,268.84,-0.32208789564211954,,3,1,val,current_repo_v1
6722,268.88,-0.5436751588308736,,3,1,val,current_repo_v1
6723,268.92,-0.5456046749993033,,3,1,val,current_repo_v1
6724,268.96,-0.3663663509752857,,3,1,val,current_repo_v1
6725,269.0,-0.34548718954489555,,3,1,val,current_repo_v1
6726,269.04,-0.26698962448465813,,3,1,val,current_repo_v1
6727,269.08,-0.2034662537022193,,3,1,val,current_repo_v1
6728,269.12,-0.26089238528273917,,3,1,val,current_repo_v1
6729,269.16,-0.3152850071992396,,3,1,val,current_repo_v1
6730,269.2,-0.3254698639900666,,3,1,val,current_repo_v1
6731,269.24,-0.2671373829634778,,3,1,val,current_repo_v1
6732,269.28,-0.04177194268459237,,3,1,val,current_repo_v1
6733,269.32,0.14085990043690497,,3,1,val,current_repo_v1
6734,269.36,-0.04379564918856981,,3,1,val,current_repo_v1
6735,269.4,-0.11719319292025802,,3,1,val,current_repo_v1
6736,269.44,-0.15218689572116198,,3,1,val,current_repo_v1
6737,269.48,-0.17453368570617428,,3,1,val,current_repo_v1
6738,269.52,0.10077938801110785,,3,1,val,current_repo_v1
6739,269.56,0.23464798136937182,,3,1,val,current_repo_v1
6740,269.6,0.2798358043395283,,3,1,val,current_repo_v1
6741,269.64,0.28763682180775435,,3,1,val,current_repo_v1
6742,269.68,0.42541693365317806,,3,1,val,current_repo_v1
6743,269.72,0.2968735110732679,,3,1,val,current_repo_v1
6744,269.76,0.3095654784561532,,3,1,val,current_repo_v1
6745,269.8,0.2616943888451916,,3,1,val,current_repo_v1
6746,269.84,0.5412395736689531,,3,1,val,current_repo_v1
6747,269.88,0.4899360986340237,,3,1,val,current_repo_v1
6748,269.92,0.2896378634063219,,3,1,val,current_repo_v1
6749,269.96,0.1811958201510523,,3,1,val,current_repo_v1
6750,270.0,0.3104963720585831,,3,1,val,current_repo_v1
6751,270.04,0.4795415250299902,,3,1,val,current_repo_v1
6752,270.08,0.6283829079734226,,3,1,val,current_repo_v1
6753,270.12,0.4616779349590866,,3,1,val,current_repo_v1
6754,270.16,0.5534774077209955,,3,1,val,current_repo_v1
6755,270.2,0.4614887190653464,,3,1,val,current_repo_v1
6756,270.24,0.2524681398627395,,3,1,val,current_repo_v1
6757,270.28,0.5156641451295016,,3,1,val,current_repo_v1
6758,270.32,0.46856237150384344,,3,1,val,current_repo_v1
6759,270.36,0.4456569219722097,,3,1,val,current_repo_v1
6760,270.4,0.41829946999048834,,3,1,val,current_repo_v1
6761,270.44,0.5029683053507172,,3,1,val,current_repo_v1
6762,270.48,0.5775944615930839,,3,1,val,current_repo_v1
6763,270.52,0.3649921819363969,,3,1,val,current_repo_v1
6764,270.56,0.37510475400377263,,3,1,val,current_repo_v1
6765,270.6,0.2217098131295633,,3,1,val,current_repo_v1
6766,270.64,0.26301525549346816,,3,1,val,current_repo_v1
6767,270.68,0.18893263936961646,,3,1,val,current_repo_v1
6768,270.72,0.3490174858416474,,3,1,val,current_repo_v1
6769,270.76,0.3648088126011711,,3,1,val,current_repo_v1
6770,270.8,0.45779942674873414,,3,1,val,current_repo_v1
6771,270.84,0.44590513495641393,,3,1,val,current_repo_v1
6772,270.88,0.5504820715283154,,3,1,val,current_repo_v1
6773,270.92,0.3276057181164575,,3,1,val,current_repo_v1
6774,270.96,0.4229900423996979,,3,1,val,current_repo_v1
6775,271.0,0.3905206102197387,,3,1,val,current_repo_v1
6776,271.04,0.6083970171617753,,3,1,val,current_repo_v1
6777,271.08,0.685691823648661,,3,1,val,current_repo_v1
6778,271.12,0.5706995468006,,3,1,val,current_repo_v1
6779,271.16,0.37832749854386527,,3,1,val,current_repo_v1
6780,271.2,0.17193502332283306,,3,1,val,current_repo_v1
6781,271.24,0.33494580657868434,,3,1,val,current_repo_v1
6782,271.28,0.2408847786823239,,3,1,val,current_repo_v1
6783,271.32,0.32712273163969924,,3,1,val,current_repo_v1
6784,271.36,0.41921844268789527,,3,1,val,current_repo_v1
6785,271.4,0.44982453111170184,,3,1,val,current_repo_v1
6786,271.44,0.45253976400100804,,3,1,val,current_repo_v1
6787,271.48,0.5692727587350811,,3,1,val,current_repo_v1
6788,271.52,0.38033203289167516,,3,1,val,current_repo_v1
6789,271.56,0.3434891471549166,,3,1,val,current_repo_v1
6790,271.6,0.2556095261242837,,3,1,val,current_repo_v1
6791,271.64,0.21739057311535237,,3,1,val,current_repo_v1
6792,271.68,0.3247315651366223,,3,1,val,current_repo_v1
6793,271.72,0.385822976382713,,3,1,val,current_repo_v1
6794,271.76,0.40160401471783785,,3,1,val,current_repo_v1
6795,271.8,0.24773462941664787,,3,1,val,current_repo_v1
6796,271.84,0.25786557638221186,,3,1,val,current_repo_v1
6797,271.88,0.30092908648434363,,3,1,val,current_repo_v1
6798,271.92,0.46587052484859504,,3,1,val,current_repo_v1
6799,271.96,0.5514503982911041,,3,1,val,current_repo_v1
6800,272.0,0.5727779603878197,,3,1,val,current_repo_v1
6801,272.04,0.6425753528379081,,3,1,val,current_repo_v1
6802,272.08,0.4877457652123846,,3,1,val,current_repo_v1
6803,272.12,0.552098606992894,,3,1,val,current_repo_v1
6804,272.16,0.5263337347717082,,3,1,val,current_repo_v1
6805,272.2,0.521162339871684,,3,1,val,current_repo_v1
6806,272.24,0.7342808250875977,,3,1,val,current_repo_v1
6807,272.28,0.8656452501153936,,3,1,val,current_repo_v1
6808,272.32,0.5025380138299202,,3,1,val,current_repo_v1
6809,272.36,0.6095215305591641,,3,1,val,current_repo_v1
6810,272.4,0.5259360169340632,,3,1,val,current_repo_v1
6811,272.44,0.5747118804574681,,3,1,val,current_repo_v1
6812,272.48,0.5135909706661455,,3,1,val,current_repo_v1
6813,272.52,0.34835887482146166,,3,1,val,current_repo_v1
6814,272.56,0.44118449453198716,,3,1,val,current_repo_v1
6815,272.6,0.5513092456641124,,3,1,val,current_repo_v1
6816,272.64,0.2424970621043465,,3,1,val,current_repo_v1
6817,272.68,0.5612662385315389,,3,1,val,current_repo_v1
6818,272.72,0.7257937481459006,,3,1,val,current_repo_v1
6819,272.76,0.7458178314112203,,3,1,val,current_repo_v1
6820,272.8,0.8182688400982191,,3,1,val,current_repo_v1
6821,272.84,0.9731052993282304,,3,1,val,current_repo_v1
6822,272.88,0.9605792375343589,,3,1,val,current_repo_v1
6823,272.92,0.8491678259177331,,3,1,val,current_repo_v1
6824,272.96,0.8870568659819208,,3,1,val,current_repo_v1
6825,273.0,0.8803173785307234,,3,1,val,current_repo_v1
6826,273.04,1.050825348035378,,3,1,val,current_repo_v1
6827,273.08,0.7134292639691557,,3,1,val,current_repo_v1
6828,273.12,1.0125902220788676,,3,1,val,current_repo_v1
6829,273.16,0.6659312151631482,,3,1,val,current_repo_v1
6830,273.2,0.8064817225571086,,3,1,val,current_repo_v1
6831,273.24,0.8354130756838518,,3,1,val,current_repo_v1
6832,273.28,0.9545144581215949,,3,1,val,current_repo_v1
6833,273.32,0.8574135994443796,,3,1,val,current_repo_v1
6834,273.36,0.7278786157262856,,3,1,val,current_repo_v1
6835,273.4,0.8457749996754022,,3,1,val,current_repo_v1
6836,273.44,0.5352522421741727,,3,1,val,current_repo_v1
6837,273.48,0.6353153318555966,,3,1,val,current_repo_v1
6838,273.52,0.18343751976535408,,3,1,val,current_repo_v1
6839,273.56,-0.10228536087806502,,3,1,val,current_repo_v1
6840,273.6,-0.2702411082766692,,3,1,val,current_repo_v1
6841,273.64,-0.4155886410024008,,3,1,val,current_repo_v1
6842,273.68,-0.2950219363634755,,3,1,val,current_repo_v1
6843,273.72,-0.19821065317372077,,3,1,val,current_repo_v1
6844,273.76,-0.33339483609173204,,3,1,val,current_repo_v1
6845,273.8,-0.532011084771226,,3,1,val,current_repo_v1
6846,273.84,-1.0878161441096188,,3,1,val,current_repo_v1
6847,273.88,-0.9947365028210404,,3,1,val,current_repo_v1
6848,273.92,-0.6875526997015445,,3,1,val,current_repo_v1
6849,273.96,-0.21748108087832924,,3,1,val,current_repo_v1
6850,274.0,-0.039443436862217345,,3,1,val,current_repo_v1
6851,274.04,0.1176379205051791,,3,1,val,current_repo_v1
6852,274.08,-0.17498998302296082,,3,1,val,current_repo_v1
6853,274.12,-0.4073223665562882,,3,1,val,current_repo_v1
6854,274.16,-0.5711329514239825,,3,1,val,current_repo_v1
6855,274.2,-0.8785956050128848,,3,1,val,current_repo_v1
6856,274.24,-0.7304586944057775,,3,1,val,current_repo_v1
6857,274.28,-0.4251123431404417,,3,1,val,current_repo_v1
6858,274.32,-0.4609337136177965,,3,1,val,current_repo_v1
6859,274.36,-0.43623982461539323,,3,1,val,current_repo_v1
6860,274.4,-0.5566555437789162,,3,1,val,current_repo_v1
6861,274.44,-0.4136955329483564,,3,1,val,current_repo_v1
6862,274.48,-0.4661766339479585,,3,1,val,current_repo_v1
6863,274.52,-0.4646856476327778,,3,1,val,current_repo_v1
6864,274.56,-0.5020230611046609,,3,1,val,current_repo_v1
6865,274.6,-0.8359098053695856,,3,1,val,current_repo_v1
6866,274.64,-0.6251729575256636,,3,1,val,current_repo_v1
6867,274.68,-0.2447693612391849,,3,1,val,current_repo_v1
6868,274.72,-0.2123412725801493,,3,1,val,current_repo_v1
6869,274.76,-0.4084467280950143,,3,1,val,current_repo_v1
6870,274.8,-0.5510281552794309,,3,1,val,current_repo_v1
6871,274.84,-0.7155982612486836,,3,1,val,current_repo_v1
6872,274.88,-0.9893977596747066,,3,1,val,current_repo_v1
6873,274.92,-1.099641074457745,,3,1,val,current_repo_v1
6874,274.96,-1.1999903417890514,,3,1,val,current_repo_v1
6875,275.0,-1.303763110812557,,3,1,val,current_repo_v1
6876,275.04,-1.1241811306348202,,3,1,val,current_repo_v1
6877,275.08,-0.8345142242592544,,3,1,val,current_repo_v1
6878,275.12,-0.891167831840221,,3,1,val,current_repo_v1
6879,275.16,-0.9639416920441475,,3,1,val,current_repo_v1
6880,275.2,-1.046336557824248,,3,1,val,current_repo_v1
6881,275.24,-1.0260496072137724,,3,1,val,current_repo_v1
6882,275.28,-1.0951853894350865,,3,1,val,current_repo_v1
6883,275.32,-0.8623365535722055,,3,1,val,current_repo_v1
6884,275.36,-0.754386000878806,,3,1,val,current_repo_v1
6885,275.4,-0.8057169623316865,,3,1,val,current_repo_v1
6886,275.44,-0.8772174876487655,,3,1,val,current_repo_v1
6887,275.48,-0.9915090506624037,,3,1,val,current_repo_v1
6888,275.52,-0.9082028810473631,,3,1,val,current_repo_v1
6889,275.56,-0.9399876584464814,,3,1,val,current_repo_v1
6890,275.6,-0.8425724523374503,,3,1,val,current_repo_v1
6891,275.64,-0.8874336273241115,,3,1,val,current_repo_v1
6892,275.68,-1.0503591419408493,,3,1,val,current_repo_v1
6893,275.72,-1.1468853674383592,,3,1,val,current_repo_v1
6894,275.76,-1.1949783984848759,,3,1,val,current_repo_v1
6895,275.8,-1.1200394893266519,,3,1,val,current_repo_v1
6896,275.84,-1.2283592104291063,,3,1,val,current_repo_v1
6897,275.88,-1.2715125828948983,,3,1,val,current_repo_v1
6898,275.92,-1.3175622037759505,,3,1,val,current_repo_v1
6899,275.96,-1.2625425954057743,,3,1,val,current_repo_v1
6900,276.0,-1.1359784227063325,,3,1,val,current_repo_v1
6901,276.04,-1.0660206295437535,,3,1,val,current_repo_v1
6902,276.08,-1.1041666144652513,,3,1,val,current_repo_v1
6903,276.12,-1.2175224243992528,,3,1,val,current_repo_v1
6904,276.16,-1.0210235410539643,,3,1,val,current_repo_v1
6905,276.2,-0.8382877601690065,,3,1,val,current_repo_v1
6906,276.24,-0.8904338989233297,,3,1,val,current_repo_v1
6907,276.28,-1.019442996092449,,3,1,val,current_repo_v1
6908,276.32,-0.8057318444806324,,3,1,val,current_repo_v1
6909,276.36,-0.8072724506138544,,3,1,val,current_repo_v1
6910,276.4,-0.7628134732953884,,3,1,val,current_repo_v1
6911,276.44,-0.8291766959822222,,3,1,val,current_repo_v1
6912,276.48,-0.5126785278912351,,3,1,val,current_repo_v1
6913,276.52,-0.37535710513653575,,3,1,val,current_repo_v1
6914,276.56,-0.4436485152285006,,3,1,val,current_repo_v1
6915,276.6,-0.446291045783033,,3,1,val,current_repo_v1
6916,276.64,-0.335462847360556,,3,1,val,current_repo_v1
6917,276.68,-0.5850588843354069,,3,1,val,current_repo_v1
6918,276.72,-0.4375714352640568,,3,1,val,current_repo_v1
6919,276.76,-0.36214722378446823,,3,1,val,current_repo_v1
6920,276.8,-0.17791700179975295,,3,1,val,current_repo_v1
6921,276.84,-0.316631613890846,,3,1,val,current_repo_v1
6922,276.88,-0.3837160892962346,,3,1,val,current_repo_v1
6923,276.92,-0.23662301717194978,,3,1,val,current_repo_v1
6924,276.96,-0.24852748349467177,,3,1,val,current_repo_v1
6925,277.0,0.07701077384061415,,3,1,val,current_repo_v1
6926,277.04,0.15284868628209827,,3,1,val,current_repo_v1
6927,277.08,0.4366845806738136,,3,1,val,current_repo_v1
6928,277.12,0.6415973830500372,,3,1,val,current_repo_v1
6929,277.16,0.656380064571822,,3,1,val,current_repo_v1
6930,277.2,0.6284337806254314,,3,1,val,current_repo_v1
6931,277.24,0.656812709901891,,3,1,val,current_repo_v1
6932,277.28,0.4931317364028221,,3,1,val,current_repo_v1
6933,277.32,0.11330497524665833,,3,1,val,current_repo_v1
6934,277.36,0.11639983581041387,,3,1,val,current_repo_v1
6935,277.4,0.11692464036641673,,3,1,val,current_repo_v1
6936,277.44,0.32600368515416805,,3,1,val,current_repo_v1
6937,277.48,0.5140911931011217,,3,1,val,current_repo_v1
6938,277.52,0.6881536044298994,,3,1,val,current_repo_v1
6939,277.56,0.6306096874741128,,3,1,val,current_repo_v1
6940,277.6,0.6244959336426239,,3,1,val,current_repo_v1
6941,277.64,0.7455856395159323,,3,1,val,current_repo_v1
6942,277.68,0.5420021319437658,,3,1,val,current_repo_v1
6943,277.72,0.3530352104810419,,3,1,val,current_repo_v1
6944,277.76,0.2921047314527612,,3,1,val,current_repo_v1
6945,277.8,0.1068975457438155,,3,1,val,current_repo_v1
6946,277.84,-0.3041890363968009,,3,1,val,current_repo_v1
6947,277.88,-0.23533905217871243,,3,1,val,current_repo_v1
6948,277.92,-0.26318970313225953,,3,1,val,current_repo_v1
6949,277.96,-0.07900240969325993,,3,1,val,current_repo_v1
6950,278.0,-0.15739709050950934,,3,1,val,current_repo_v1
6951,278.04,0.027099880707427505,,3,1,val,current_repo_v1
6952,278.08,-0.08868446245184466,,3,1,val,current_repo_v1
6953,278.12,-0.46865716927404194,,3,1,val,current_repo_v1
6954,278.16,-0.6377705447496728,,3,1,val,current_repo_v1
6955,278.2,-0.5153350294427371,,3,1,val,current_repo_v1
6956,278.24,-0.296365581811159,,3,1,val,current_repo_v1
6957,278.28,-0.31139746339845564,,3,1,val,current_repo_v1
6958,278.32,-0.2883704130426546,,3,1,val,current_repo_v1
6959,278.36,-0.07671790491840597,,3,1,val,current_repo_v1
6960,278.4,0.10421587361896885,,3,1,val,current_repo_v1
6961,278.44,0.014956673584588047,,3,1,val,current_repo_v1
6962,278.48,0.44571310967741345,,3,1,val,current_repo_v1
6963,278.52,0.6985035315870954,,3,1,val,current_repo_v1
6964,278.56,0.4982874898605869,,3,1,val,current_repo_v1
6965,278.6,0.3720849685663958,,3,1,val,current_repo_v1
6966,278.64,0.46026356133924456,,3,1,val,current_repo_v1
6967,278.68,0.2790329275897654,,3,1,val,current_repo_v1
6968,278.72,0.07005640638167807,,3,1,val,current_repo_v1
6969,278.76,-0.05613902501119768,,3,1,val,current_repo_v1
6970,278.8,-0.24920071091114362,,3,1,val,current_repo_v1
6971,278.84,0.04666003575815931,,3,1,val,current_repo_v1
6972,278.88,0.1220709596047605,,3,1,val,current_repo_v1
6973,278.92,0.23033177852841516,,3,1,val,current_repo_v1
6974,278.96,0.11008809624741299,,3,1,val,current_repo_v1
6975,279.0,0.014435912265479921,,3,1,val,current_repo_v1
6976,279.04,-0.1415366680584513,,3,1,val,current_repo_v1
6977,279.08,-0.35561973102641803,,3,1,val,current_repo_v1
6978,279.12,-0.3750186881066801,,3,1,val,current_repo_v1
6979,279.16,-0.3544514064048365,,3,1,val,current_repo_v1
6980,279.2,-0.30959968461992926,,3,1,val,current_repo_v1
6981,279.24,-0.2500677479459028,,3,1,val,current_repo_v1
6982,279.28,-0.12503621829105702,,3,1,val,current_repo_v1
6983,279.32,-0.12540774050938408,,3,1,val,current_repo_v1
6984,279.36,0.11280987804154868,,3,1,val,current_repo_v1
6985,279.4,0.1210787720495931,,3,1,val,current_repo_v1
6986,279.44,0.18870743297281328,,3,1,val,current_repo_v1
6987,279.48,0.24418185803781448,,3,1,val,current_repo_v1
6988,279.52,0.3932529651732658,,3,1,val,current_repo_v1
6989,279.56,0.3711935582162712,,3,1,val,current_repo_v1
6990,279.6,0.3320964824902026,,3,1,val,current_repo_v1
6991,279.64,0.433032493729566,,3,1,val,current_repo_v1
6992,279.68,0.35954664418551024,,3,1,val,current_repo_v1
6993,279.72,0.1676414853872863,,3,1,val,current_repo_v1
6994,279.76,-0.0225699083252032,,3,1,val,current_repo_v1
6995,279.8,-0.08986062677688872,,3,1,val,current_repo_v1
6996,279.84,0.059523888164902714,,3,1,val,current_repo_v1
6997,279.88,0.15634175822415264,,3,1,val,current_repo_v1
6998,279.92,0.21301829646318896,,3,1,val,current_repo_v1
6999,279.96,0.05760213577060413,,3,1,val,current_repo_v1
7000,280.0,0.1840074073618498,,3,1,val,current_repo_v1
7001,280.04,0.3855567301823116,,3,1,val,current_repo_v1
7002,280.08,0.3315830863162361,,3,1,val,current_repo_v1
7003,280.12,0.44408396994382976,,3,1,val,current_repo_v1
7004,280.16,-0.09372818218119305,,3,1,val,current_repo_v1
7005,280.2,-0.029763832824568848,,3,1,val,current_repo_v1
7006,280.24,-0.40896866631875844,,3,1,val,current_repo_v1
7007,280.28,-0.4685880735825076,,3,1,val,current_repo_v1
7008,280.32,-0.3047394860844694,,3,1,val,current_repo_v1
7009,280.36,-0.413640370289126,,3,1,val,current_repo_v1
7010,280.4,-0.46398265591841426,,3,1,val,current_repo_v1
7011,280.44,-0.44927886497190883,,3,1,val,current_repo_v1
7012,280.48,-0.18331286278559963,,3,1,val,current_repo_v1
7013,280.52,-0.1352460748142332,,3,1,val,current_repo_v1
7014,280.56,-0.07577810860187449,,3,1,val,current_repo_v1
7015,280.6,-0.2129793826808688,,3,1,val,current_repo_v1
7016,280.64,-0.44150529595696814,,3,1,val,current_repo_v1
7017,280.68,-0.35608874650620675,,3,1,val,current_repo_v1
7018,280.72,-0.09467631174184088,,3,1,val,current_repo_v1
7019,280.76,-0.08696933275049978,,3,1,val,current_repo_v1
7020,280.8,-0.004902130508701462,,3,1,val,current_repo_v1
7021,280.84,0.23599363894433628,,3,1,val,current_repo_v1
7022,280.88,0.2653641673236452,,3,1,val,current_repo_v1
7023,280.92,-0.0337016798073764,,3,1,val,current_repo_v1
7024,280.96,-0.05958097753091634,,3,1,val,current_repo_v1
7025,281.0,-0.3065554879025213,,3,1,val,current_repo_v1
7026,281.04,-0.2670754246290909,,3,1,val,current_repo_v1
7027,281.08,-0.16959171128084355,,3,1,val,current_repo_v1
7028,281.12,0.1203860118126298,,3,1,val,current_repo_v1
7029,281.16,0.32142097036015027,,3,1,val,current_repo_v1
7030,281.2,0.6317196983692126,,3,1,val,current_repo_v1
7031,281.24,0.31752051857303576,,3,1,val,current_repo_v1
7032,281.28,-0.030041620283336373,,3,1,val,current_repo_v1
7033,281.32,-0.2644262502580648,,3,1,val,current_repo_v1
7034,281.36,-0.3033367676169906,,3,1,val,current_repo_v1
7035,281.4,-0.09793819785224775,,3,1,val,current_repo_v1
7036,281.44,0.132454447526416,,3,1,val,current_repo_v1
7037,281.48,0.19287090396374648,,3,1,val,current_repo_v1
7038,281.52,0.3946363596259144,,3,1,val,current_repo_v1
7039,281.56,0.6008777354775473,,3,1,val,current_repo_v1
7040,281.6,0.20156450868673312,,3,1,val,current_repo_v1
7041,281.64,0.08817777653253675,,3,1,val,current_repo_v1
7042,281.68,0.22624431279816973,,3,1,val,current_repo_v1
7043,281.72,0.5015930733011894,,3,1,val,current_repo_v1
7044,281.76,0.527266298819428,,3,1,val,current_repo_v1
7045,281.8,0.7372426764451496,,3,1,val,current_repo_v1
7046,281.84,0.922351400793659,,3,1,val,current_repo_v1
7047,281.88,0.7677954245136783,,3,1,val,current_repo_v1
7048,281.92,0.9184985946619706,,3,1,val,current_repo_v1
7049,281.96,0.8775860486231697,,3,1,val,current_repo_v1
7050,282.0,0.8071984954451134,,3,1,val,current_repo_v1
7051,282.04,0.9151665118847246,,3,1,val,current_repo_v1
7052,282.08,1.0102253271244401,,3,1,val,current_repo_v1
7053,282.12,1.0761019187266105,,3,1,val,current_repo_v1
7054,282.16,1.0074657515056218,,3,1,val,current_repo_v1
7055,282.2,0.8271102033000254,,3,1,val,current_repo_v1
7056,282.24,0.8827790074532991,,3,1,val,current_repo_v1
7057,282.28,0.8686675412207052,,3,1,val,current_repo_v1
7058,282.32,0.9119398190194016,,3,1,val,current_repo_v1
7059,282.36,0.8472585069514442,,3,1,val,current_repo_v1
7060,282.4,0.9405818813936768,,3,1,val,current_repo_v1
7061,282.44,0.9761772482162492,,3,1,val,current_repo_v1
7062,282.48,0.7891854764501003,,3,1,val,current_repo_v1
7063,282.52,0.7165241435152441,,3,1,val,current_repo_v1
7064,282.56,0.8412986618746147,,3,1,val,current_repo_v1
7065,282.6,1.0103888789041817,,3,1,val,current_repo_v1
7066,282.64,0.9588056802125353,,3,1,val,current_repo_v1
7067,282.68,0.8563135352916874,,3,1,val,current_repo_v1
7068,282.72,1.0311370242733164,,3,1,val,current_repo_v1
7069,282.76,0.6095399813866837,,3,1,val,current_repo_v1
7070,282.8,0.4688006377456399,,3,1,val,current_repo_v1
7071,282.84,0.6553806827125086,,3,1,val,current_repo_v1
7072,282.88,0.6903546438872599,,3,1,val,current_repo_v1
7073,282.92,0.604834792581188,,3,1,val,current_repo_v1
7074,282.96,0.3775108785851268,,3,1,val,current_repo_v1
7075,283.0,0.4149653750859615,,3,1,val,current_repo_v1
7076,283.04,0.3932223276880635,,3,1,val,current_repo_v1
7077,283.08,0.4287224031997835,,3,1,val,current_repo_v1
7078,283.12,0.5027321651301987,,3,1,val,current_repo_v1
7079,283.16,0.3377144937172654,,3,1,val,current_repo_v1
7080,283.2,0.20738604848649683,,3,1,val,current_repo_v1
7081,283.24,0.2536917410375485,,3,1,val,current_repo_v1
7082,283.28,0.22740367775865117,,3,1,val,current_repo_v1
7083,283.32,0.21184773192633244,,3,1,val,current_repo_v1
7084,283.36,0.1104856622263953,,3,1,val,current_repo_v1
7085,283.4,0.18816161497435752,,3,1,val,current_repo_v1
7086,283.44,0.2324232519606282,,3,1,val,current_repo_v1
7087,283.48,0.4377171816155955,,3,1,val,current_repo_v1
7088,283.52,0.3654737637205251,,3,1,val,current_repo_v1
7089,283.56,0.12238162446400536,,3,1,val,current_repo_v1
7090,283.6,0.31767066882579315,,3,1,val,current_repo_v1
7091,283.64,0.32063844267119085,,3,1,val,current_repo_v1
7092,283.68,0.5431461591793133,,3,1,val,current_repo_v1
7093,283.72,0.4067479231999111,,3,1,val,current_repo_v1
7094,283.76,0.2102363976209518,,3,1,val,current_repo_v1
7095,283.8,0.17620802237424793,,3,1,val,current_repo_v1
7096,283.84,0.22048461743879583,,3,1,val,current_repo_v1
7097,283.88,0.5309837988826391,,3,1,val,current_repo_v1
7098,283.92,0.45509638051711065,,3,1,val,current_repo_v1
7099,283.96,0.4534958661414483,,3,1,val,current_repo_v1
7100,284.0,0.576498269836291,,3,1,val,current_repo_v1
7101,284.04,0.5667785561293535,,3,1,val,current_repo_v1
7102,284.08,0.7571282646100752,,3,1,val,current_repo_v1
7103,284.12,0.7095822284666504,,3,1,val,current_repo_v1
7104,284.16,0.6959198082996986,,3,1,val,current_repo_v1
7105,284.2,0.7235729670623876,,3,1,val,current_repo_v1
7106,284.24,0.8253109818642033,,3,1,val,current_repo_v1
7107,284.28,0.7727517875473011,,3,1,val,current_repo_v1
7108,284.32,0.7172390940992963,,3,1,val,current_repo_v1
7109,284.36,0.7070973651686797,,3,1,val,current_repo_v1
7110,284.4,0.6297333870609282,,3,1,val,current_repo_v1
7111,284.44,0.29884323182265093,,3,1,val,current_repo_v1
7112,284.48,0.15538220129913569,,3,1,val,current_repo_v1
7113,284.52,0.22500810735435559,,3,1,val,current_repo_v1
7114,284.56,0.26771569871575407,,3,1,val,current_repo_v1
7115,284.6,0.10662245377631113,,3,1,val,current_repo_v1
7116,284.64,0.24024412494900396,,3,1,val,current_repo_v1
7117,284.68,0.3138466399106889,,3,1,val,current_repo_v1
7118,284.72,0.3190436609600459,,3,1,val,current_repo_v1
7119,284.76,0.3553750107914562,,3,1,val,current_repo_v1
7120,284.8,0.21874815159533978,,3,1,val,current_repo_v1
7121,284.84,0.17983934264636955,,3,1,val,current_repo_v1
7122,284.88,0.39018678691443015,,3,1,val,current_repo_v1
7123,284.92,0.5474177915027637,,3,1,val,current_repo_v1
7124,284.96,0.511803821994009,,3,1,val,current_repo_v1
7125,285.0,0.18911988110074143,,3,1,val,current_repo_v1
7126,285.04,0.26961628580893704,,3,1,val,current_repo_v1
7127,285.08,0.1948653776751517,,3,1,val,current_repo_v1
7128,285.12,0.44075105194393893,,3,1,val,current_repo_v1
7129,285.16,0.5947353562881369,,3,1,val,current_repo_v1
7130,285.2,0.4027557867451837,,3,1,val,current_repo_v1
7131,285.24,0.32543057056108965,,3,1,val,current_repo_v1
7132,285.28,0.4395585438303204,,3,1,val,current_repo_v1
7133,285.32,0.40000539857545947,,3,1,val,current_repo_v1
7134,285.36,0.6069315051372647,,3,1,val,current_repo_v1
7135,285.4,0.4063088238766768,,3,1,val,current_repo_v1
7136,285.44,0.4993426797784473,,3,1,val,current_repo_v1
7137,285.48,0.2459807377916455,,3,1,val,current_repo_v1
7138,285.52,0.3372373537990216,,3,1,val,current_repo_v1
7139,285.56,0.38056927408749835,,3,1,val,current_repo_v1
7140,285.6,0.47176119830455876,,3,1,val,current_repo_v1
7141,285.64,0.5695151251607709,,3,1,val,current_repo_v1
7142,285.68,0.5700678147637144,,3,1,val,current_repo_v1
7143,285.72,0.5050079190496138,,3,1,val,current_repo_v1
7144,285.76,0.5115018510432044,,3,1,val,current_repo_v1
7145,285.8,0.425782571348325,,3,1,val,current_repo_v1
7146,285.84,0.465781687530908,,3,1,val,current_repo_v1
7147,285.88,0.29775125414374837,,3,1,val,current_repo_v1
7148,285.92,0.5509544278986839,,3,1,val,current_repo_v1
7149,285.96,0.5063156499235657,,3,1,val,current_repo_v1
7150,286.0,0.2290279200503624,,3,1,val,current_repo_v1
7151,286.04,0.40398269084590666,,3,1,val,current_repo_v1
7152,286.08,0.4582994213957163,,3,1,val,current_repo_v1
7153,286.12,0.5084909493375963,,3,1,val,current_repo_v1
7154,286.16,0.4323099881770438,,3,1,val,current_repo_v1
7155,286.2,0.31944680774488293,,3,1,val,current_repo_v1
7156,286.24,0.34101795113658995,,3,1,val,current_repo_v1
7157,286.28,0.49339521118262897,,3,1,val,current_repo_v1
7158,286.32,0.3765944874849859,,3,1,val,current_repo_v1
7159,286.36,0.329743508440798,,3,1,val,current_repo_v1
7160,286.4,0.4648929347073809,,3,1,val,current_repo_v1
7161,286.44,0.4589806593566462,,3,1,val,current_repo_v1
7162,286.48,0.4879628471707326,,3,1,val,current_repo_v1
7163,286.52,0.32293997459860146,,3,1,val,current_repo_v1
7164,286.56,0.21384930503021948,,3,1,val,current_repo_v1
7165,286.6,0.26565531834473144,,3,1,val,current_repo_v1
7166,286.64,0.4137387747025639,,3,1,val,current_repo_v1
7167,286.68,0.3569691850679503,,3,1,val,current_repo_v1
7168,286.72,0.5369477441433619,,3,1,val,current_repo_v1
7169,286.76,0.4293465423035334,,3,1,val,current_repo_v1
7170,286.8,0.44922932108319874,,3,1,val,current_repo_v1
7171,286.84,0.47322777333970834,,3,1,val,current_repo_v1
7172,286.88,0.5056256041601984,,3,1,val,current_repo_v1
7173,286.92,0.4536128352764029,,3,1,val,current_repo_v1
7174,286.96,0.6434336579995613,,3,1,val,current_repo_v1
7175,287.0,0.6194740435960404,,3,1,val,current_repo_v1
7176,287.04,0.6662355399232248,,3,1,val,current_repo_v1
7177,287.08,0.6609772818681289,,3,1,val,current_repo_v1
7178,287.12,0.6079105379357745,,3,1,val,current_repo_v1
7179,287.16,0.5176906989834049,,3,1,val,current_repo_v1
7180,287.2,0.354777219165687,,3,1,val,current_repo_v1
7181,287.24,0.21498323366469652,,3,1,val,current_repo_v1
7182,287.28,0.32711961853711363,,3,1,val,current_repo_v1
7183,287.32,0.5392613867991238,,3,1,val,current_repo_v1
7184,287.36,0.7364167171786543,,3,1,val,current_repo_v1
7185,287.4,0.6807914964615792,,3,1,val,current_repo_v1
7186,287.44,0.7259937460046935,,3,1,val,current_repo_v1
7187,287.48,0.7092352314223516,,3,1,val,current_repo_v1
7188,287.52,0.9779861886064849,,3,1,val,current_repo_v1
7189,287.56,0.8457122820477017,,3,1,val,current_repo_v1
7190,287.6,0.6569912956892413,,3,1,val,current_repo_v1
7191,287.64,0.5517519895952518,,3,1,val,current_repo_v1
7192,287.68,0.6890412183134562,,3,1,val,current_repo_v1
7193,287.72,0.7656741108542422,,3,1,val,current_repo_v1
7194,287.76,0.6269295446419291,,3,1,val,current_repo_v1
7195,287.8,0.6706439969017796,,3,1,val,current_repo_v1
7196,287.84,0.6574951627321226,,3,1,val,current_repo_v1
7197,287.88,0.579328915309259,,3,1,val,current_repo_v1
7198,287.92,0.6385046295252268,,3,1,val,current_repo_v1
7199,287.96,0.7277322239754305,,3,1,val,current_repo_v1
7200,288.0,0.3934457497455798,,3,1,val,current_repo_v1
7201,288.04,0.4511783510897871,,3,1,val,current_repo_v1
7202,288.08,0.36157703247064704,,3,1,val,current_repo_v1
7203,288.12,0.4623316105727342,,3,1,val,current_repo_v1
7204,288.16,0.46064305613736406,,3,1,val,current_repo_v1
7205,288.2,0.4297725438171087,,3,1,val,current_repo_v1
7206,288.24,0.3331475722241698,,3,1,val,current_repo_v1
7207,288.28,0.5343382048833039,,3,1,val,current_repo_v1
7208,288.32,0.6113774712055094,,3,1,val,current_repo_v1
7209,288.36,0.418815447761721,,3,1,val,current_repo_v1
7210,288.4,0.3507247568571969,,3,1,val,current_repo_v1
7211,288.44,0.47202763432828854,,3,1,val,current_repo_v1
7212,288.48,0.6143485100121555,,3,1,val,current_repo_v1
7213,288.52,0.6236311744878054,,3,1,val,current_repo_v1
7214,288.56,0.4997040274663726,,3,1,val,current_repo_v1
7215,288.6,0.4233727262297344,,3,1,val,current_repo_v1
7216,288.64,0.38080476890870035,,3,1,val,current_repo_v1
7217,288.68,0.5686904566929086,,3,1,val,current_repo_v1
7218,288.72,0.3141697571802762,,3,1,val,current_repo_v1
7219,288.76,0.13614252497372656,,3,1,val,current_repo_v1
7220,288.8,0.3692509822028481,,3,1,val,current_repo_v1
7221,288.84,0.4271921993849572,,3,1,val,current_repo_v1
7222,288.88,0.5170071831425344,,3,1,val,current_repo_v1
7223,288.92,0.36788903778630766,,3,1,val,current_repo_v1
7224,288.96,0.602358205580335,,3,1,val,current_repo_v1
7225,289.0,0.3084551258790623,,3,1,val,current_repo_v1
7226,289.04,0.3170192331274206,,3,1,val,current_repo_v1
7227,289.08,0.5276855805871782,,3,1,val,current_repo_v1
7228,289.12,0.7096308232387185,,3,1,val,current_repo_v1
7229,289.16,0.6902516837139405,,3,1,val,current_repo_v1
7230,289.2,0.6519145087360871,,3,1,val,current_repo_v1
7231,289.24,0.6782674536286286,,3,1,val,current_repo_v1
7232,289.28,0.5721195012262966,,3,1,val,current_repo_v1
7233,289.32,0.6627455241367576,,3,1,val,current_repo_v1
7234,289.36,0.42000062869486365,,3,1,val,current_repo_v1
7235,289.4,0.7450058431416945,,3,1,val,current_repo_v1
7236,289.44,0.6710904613701554,,3,1,val,current_repo_v1
7237,289.48,0.7221029752073269,,3,1,val,current_repo_v1
7238,289.52,0.7493821060837541,,3,1,val,current_repo_v1
7239,289.56,0.7216306947662899,,3,1,val,current_repo_v1
7240,289.6,0.7812256527853423,,3,1,val,current_repo_v1
7241,289.64,0.7387152498974764,,3,1,val,current_repo_v1
7242,289.68,0.6799436695476533,,3,1,val,current_repo_v1
7243,289.72,0.535275324690905,,3,1,val,current_repo_v1
7244,289.76,0.5809176606385611,,3,1,val,current_repo_v1
7245,289.8,0.494237950831354,,3,1,val,current_repo_v1
7246,289.84,0.7546579797437248,,3,1,val,current_repo_v1
7247,289.88,0.8363596107285411,,3,1,val,current_repo_v1
7248,289.92,0.6444426069546256,,3,1,val,current_repo_v1
7249,289.96,0.5792588325364171,,3,1,val,current_repo_v1
7250,290.0,0.7893305014729911,,3,1,val,current_repo_v1
7251,290.04,0.8429082118407084,,3,1,val,current_repo_v1
7252,290.08,0.7914711011825918,,3,1,val,current_repo_v1
7253,290.12,0.5524037669756156,,3,1,val,current_repo_v1
7254,290.16,0.4393148486413319,,3,1,val,current_repo_v1
7255,290.2,0.7354499849318242,,3,1,val,current_repo_v1
7256,290.24,0.6570916742652945,,3,1,val,current_repo_v1
7257,290.28,0.7826579836920501,,3,1,val,current_repo_v1
7258,290.32,0.9235614106181551,,3,1,val,current_repo_v1
7259,290.36,0.6631083144819786,,3,1,val,current_repo_v1
7260,290.4,0.7182327053294266,,3,1,val,current_repo_v1
7261,290.44,0.6534508628267534,,3,1,val,current_repo_v1
7262,290.48,0.7450898209821748,,3,1,val,current_repo_v1
7263,290.52,0.6944107887683207,,3,1,val,current_repo_v1
7264,290.56,0.7010450381662581,,3,1,val,current_repo_v1
7265,290.6,0.5523600316807542,,3,1,val,current_repo_v1
7266,290.64,0.47917045838765127,,3,1,val,current_repo_v1
7267,290.68,0.3700886345863723,,3,1,val,current_repo_v1
7268,290.72,0.420379895704989,,3,1,val,current_repo_v1
7269,290.76,0.5809153827586204,,3,1,val,current_repo_v1
7270,290.8,0.692588029239778,,3,1,val,current_repo_v1
7271,290.84,0.7442611282597505,,3,1,val,current_repo_v1
7272,290.88,0.6976034652931962,,3,1,val,current_repo_v1
7273,290.92,0.6363141062802593,,3,1,val,current_repo_v1
7274,290.96,0.6343716061961675,,3,1,val,current_repo_v1
7275,291.0,0.5493135950480712,,3,1,val,current_repo_v1
7276,291.04,0.49147723627256534,,3,1,val,current_repo_v1
7277,291.08,0.6681808493925767,,3,1,val,current_repo_v1
7278,291.12,0.6128604469762321,,3,1,val,current_repo_v1
7279,291.16,0.5070281707690145,,3,1,val,current_repo_v1
7280,291.2,0.49812059719026547,,3,1,val,current_repo_v1
7281,291.24,0.4925246813986274,,3,1,val,current_repo_v1
7282,291.28,0.6053491378717966,,3,1,val,current_repo_v1
7283,291.32,0.5805267005114069,,3,1,val,current_repo_v1
7284,291.36,0.482146964106155,,3,1,val,current_repo_v1
7285,291.4,0.5439559454982297,,3,1,val,current_repo_v1
7286,291.44,0.5867478943467651,,3,1,val,current_repo_v1
7287,291.48,0.5868598141811845,,3,1,val,current_repo_v1
7288,291.52,0.8243936036827548,,3,1,val,current_repo_v1
7289,291.56,0.8103459180885003,,3,1,val,current_repo_v1
7290,291.6,0.7534854790089187,,3,1,val,current_repo_v1
7291,291.64,0.6420663226004946,,3,1,val,current_repo_v1
7292,291.68,0.5187282732963907,,3,1,val,current_repo_v1
7293,291.72,0.5039914530907452,,3,1,val,current_repo_v1
7294,291.76,0.4658043144716522,,3,1,val,current_repo_v1
7295,291.8,0.6095141654140225,,3,1,val,current_repo_v1
7296,291.84,0.6433756479904049,,3,1,val,current_repo_v1
7297,291.88,0.4051288441027321,,3,1,val,current_repo_v1
7298,291.92,0.5489734316435944,,3,1,val,current_repo_v1
7299,291.96,0.6007426571970642,,3,1,val,current_repo_v1
7300,292.0,0.45805473912542016,,3,1,val,current_repo_v1
7301,292.04,0.4028599617878047,,3,1,val,current_repo_v1
7302,292.08,0.5148835156738261,,3,1,val,current_repo_v1
7303,292.12,0.6481030081606568,,3,1,val,current_repo_v1
7304,292.16,0.8493861986747142,,3,1,val,current_repo_v1
7305,292.2,0.777426756478917,,3,1,val,current_repo_v1
7306,292.24,0.8418608426439778,,3,1,val,current_repo_v1
7307,292.28,0.898903967694803,,3,1,val,current_repo_v1
7308,292.32,0.8448492692675045,,3,1,val,current_repo_v1
7309,292.36,0.7481959380693038,,3,1,val,current_repo_v1
7310,292.4,0.7060715599020542,,3,1,val,current_repo_v1
7311,292.44,0.6891604273636858,,3,1,val,current_repo_v1
7312,292.48,0.7006992559912608,,3,1,val,current_repo_v1
7313,292.52,0.44708431747237937,,3,1,val,current_repo_v1
7314,292.56,0.6481960975208997,,3,1,val,current_repo_v1
7315,292.6,0.6016024050160131,,3,1,val,current_repo_v1
7316,292.64,0.6799767747361247,,3,1,val,current_repo_v1
7317,292.68,0.22764232364710446,,3,1,val,current_repo_v1
7318,292.72,0.1717320642201173,,3,1,val,current_repo_v1
7319,292.76,0.449898486280443,,3,1,val,current_repo_v1
7320,292.8,0.5352259706255234,,3,1,val,current_repo_v1
7321,292.84,0.5602402814062507,,3,1,val,current_repo_v1
7322,292.88,0.6242974543704581,,3,1,val,current_repo_v1
7323,292.92,0.6830481161894926,,3,1,val,current_repo_v1
7324,292.96,0.6111732213041606,,3,1,val,current_repo_v1
7325,293.0,0.5452229782505745,,3,1,val,current_repo_v1
7326,293.04,0.4181703521625167,,3,1,val,current_repo_v1
7327,293.08,0.47685689166122064,,3,1,val,current_repo_v1
7328,293.12,0.38705496774863685,,3,1,val,current_repo_v1
7329,293.16,0.817429517269405,,3,1,val,current_repo_v1
7330,293.2,0.5631022097637375,,3,1,val,current_repo_v1
7331,293.24,0.6360516185817601,,3,1,val,current_repo_v1
7332,293.28,0.6159020241317082,,3,1,val,current_repo_v1
7333,293.32,0.5254102063144198,,3,1,val,current_repo_v1
7334,293.36,0.5013062882166561,,3,1,val,current_repo_v1
7335,293.4,0.4670861534436116,,3,1,val,current_repo_v1
7336,293.44,0.363349261029172,,3,1,val,current_repo_v1
7337,293.48,0.42158497012294704,,3,1,val,current_repo_v1
7338,293.52,0.5757344207628453,,3,1,val,current_repo_v1
7339,293.56,0.4879585191988453,,3,1,val,current_repo_v1
7340,293.6,0.542926040047711,,3,1,val,current_repo_v1
7341,293.64,0.5973450474068577,,3,1,val,current_repo_v1
7342,293.68,0.4918001637188243,,3,1,val,current_repo_v1
7343,293.72,0.408337162069867,,3,1,val,current_repo_v1
7344,293.76,0.6176414891837528,,3,1,val,current_repo_v1
7345,293.8,0.52745505913718,,3,1,val,current_repo_v1
7346,293.84,0.5164392317439882,,3,1,val,current_repo_v1
7347,293.88,0.7349421695637124,,3,1,val,current_repo_v1
7348,293.92,0.5857659762336637,,3,1,val,current_repo_v1
7349,293.96,0.49178376298325127,,3,1,val,current_repo_v1
7350,294.0,0.5469427016764665,,3,1,val,current_repo_v1
7351,294.04,0.5183500692969043,,3,1,val,current_repo_v1
7352,294.08,0.4296491586536545,,3,1,val,current_repo_v1
7353,294.12,0.5030491700886118,,3,1,val,current_repo_v1
7354,294.16,0.3885481180497612,,3,1,val,current_repo_v1
7355,294.2,0.3200563684170124,,3,1,val,current_repo_v1
7356,294.24,0.4190175716417918,,3,1,val,current_repo_v1
7357,294.28,0.3915298249274628,,3,1,val,current_repo_v1
7358,294.32,0.2806297593928569,,3,1,val,current_repo_v1
7359,294.36,0.362135454738108,,3,1,val,current_repo_v1
7360,294.4,0.3391248810472113,,3,1,val,current_repo_v1
7361,294.44,0.42581248750487943,,3,1,val,current_repo_v1
7362,294.48,0.4971908425278059,,3,1,val,current_repo_v1
7363,294.52,0.3844427709619814,,3,1,val,current_repo_v1
7364,294.56,0.3261846627154561,,3,1,val,current_repo_v1
7365,294.6,0.48624828693937294,,3,1,val,current_repo_v1
7366,294.64,0.483792580504643,,3,1,val,current_repo_v1
7367,294.68,0.5652153230553871,,3,1,val,current_repo_v1
7368,294.72,0.34884246873287084,,3,1,val,current_repo_v1
7369,294.76,0.3836487779439871,,3,1,val,current_repo_v1
7370,294.8,0.4775360036008726,,3,1,val,current_repo_v1
7371,294.84,0.37653814792111945,,3,1,val,current_repo_v1
7372,294.88,0.26861174075509137,,3,1,val,current_repo_v1
7373,294.92,0.4148315116747801,,3,1,val,current_repo_v1
7374,294.96,0.3563363140910944,,3,1,val,current_repo_v1
7375,295.0,0.34279856988622975,,3,1,val,current_repo_v1
7376,295.04,0.46304192946757367,,3,1,val,current_repo_v1
7377,295.08,0.47146363125497287,,3,1,val,current_repo_v1
7378,295.12,0.34303615276404403,,3,1,val,current_repo_v1
7379,295.16,0.4250708477608554,,3,1,val,current_repo_v1
7380,295.2,0.5028518297564164,,3,1,val,current_repo_v1
7381,295.24,0.5029232033278915,,3,1,val,current_repo_v1
7382,295.28,0.6270375161511179,,3,1,val,current_repo_v1
7383,295.32,0.4532766201971566,,3,1,val,current_repo_v1
7384,295.36,0.4162962644059771,,3,1,val,current_repo_v1
7385,295.4,0.40349427542195637,,3,1,val,current_repo_v1
7386,295.44,0.3181378620016293,,3,1,val,current_repo_v1
7387,295.48,0.4845331952026937,,3,1,val,current_repo_v1
7388,295.52,0.4574761576204841,,3,1,val,current_repo_v1
7389,295.56,0.17676936792096606,,3,1,val,current_repo_v1
7390,295.6,0.4892076326289901,,3,1,val,current_repo_v1
7391,295.64,0.6313389887017914,,3,1,val,current_repo_v1
7392,295.68,0.44821410795829747,,3,1,val,current_repo_v1
7393,295.72,0.43296351193202864,,3,1,val,current_repo_v1
7394,295.76,0.490330247793095,,3,1,val,current_repo_v1
7395,295.8,0.32022815852920633,,3,1,val,current_repo_v1
7396,295.84,0.382691005358257,,3,1,val,current_repo_v1
7397,295.88,0.4382172901565746,,3,1,val,current_repo_v1
7398,295.92,0.5289220138189864,,3,1,val,current_repo_v1
7399,295.96,0.6462697703843869,,3,1,val,current_repo_v1
7400,296.0,0.6778847697985921,,3,1,val,current_repo_v1
7401,296.04,0.7547516765386186,,3,1,val,current_repo_v1
7402,296.08,0.7906629093796338,,3,1,val,current_repo_v1
7403,296.12,0.8425350951064229,,3,1,val,current_repo_v1
7404,296.16,0.8622032216663436,,3,1,val,current_repo_v1
7405,296.2,0.7429625848348929,,3,1,val,current_repo_v1
7406,296.24,0.7596507888563987,,3,1,val,current_repo_v1
7407,296.28,0.744251409305337,,3,1,val,current_repo_v1
7408,296.32,0.7112730228172955,,3,1,val,current_repo_v1
7409,296.36,0.699623944800591,,3,1,val,current_repo_v1
7410,296.4,0.645218301003763,,3,1,val,current_repo_v1
7411,296.44,0.8877068210583319,,3,1,val,current_repo_v1
7412,296.48,0.9458263203104659,,3,1,val,current_repo_v1
7413,296.52,0.7537135707203134,,3,1,val,current_repo_v1
7414,296.56,1.0225671843604407,,3,1,val,current_repo_v1
7415,296.6,0.9612613866472652,,3,1,val,current_repo_v1
7416,296.64,1.0639359138220312,,3,1,val,current_repo_v1
7417,296.68,1.0718614174290162,,3,1,val,current_repo_v1
7418,296.72,0.950348823144718,,3,1,val,current_repo_v1
7419,296.76,0.8199690496859525,,3,1,val,current_repo_v1
7420,296.8,1.113137361247689,,3,1,val,current_repo_v1
7421,296.84,1.050809402875793,,3,1,val,current_repo_v1
7422,296.88,0.945960107792316,,3,1,val,current_repo_v1
7423,296.92,0.9730972508191067,,3,1,val,current_repo_v1
7424,296.96,0.887175771314825,,3,1,val,current_repo_v1
7425,297.0,0.675295883316663,,3,1,val,current_repo_v1
7426,297.04,0.43896568761108934,,3,1,val,current_repo_v1
7427,297.08,0.31590075611187457,,3,1,val,current_repo_v1
7428,297.12,0.16034573965457166,,3,1,val,current_repo_v1
7429,297.16,0.2723273425850186,,3,1,val,current_repo_v1
7430,297.2,0.10525694068119695,,3,1,val,current_repo_v1
7431,297.24,0.13455085636516723,,3,1,val,current_repo_v1
7432,297.28,-0.018670329725399296,,3,1,val,current_repo_v1
7433,297.32,-0.23319161882928968,,3,1,val,current_repo_v1
7434,297.36,-0.017012830386553948,,3,1,val,current_repo_v1
7435,297.4,-0.15762715638351935,,3,1,val,current_repo_v1
7436,297.44,-0.26702026196986045,,3,1,val,current_repo_v1
7437,297.48,-0.17828001993296808,,3,1,val,current_repo_v1
7438,297.52,-0.22826251442562384,,3,1,val,current_repo_v1
7439,297.56,-0.2897691452202372,,3,1,val,current_repo_v1
7440,297.6,-0.2798555839303467,,3,1,val,current_repo_v1
7441,297.64,-0.2707881791090923,,3,1,val,current_repo_v1
7442,297.68,-0.1360119360149599,,3,1,val,current_repo_v1
7443,297.72,-0.08125671357656687,,3,1,val,current_repo_v1
7444,297.76,-0.27397242747818723,,3,1,val,current_repo_v1
7445,297.8,-0.36946969664182033,,3,1,val,current_repo_v1
7446,297.84,-0.37839131714687035,,3,1,val,current_repo_v1
7447,297.88,-0.3076372151216908,,3,1,val,current_repo_v1
7448,297.92,-0.2715166830787916,,3,1,val,current_repo_v1
7449,297.96,-0.5405194598903686,,3,1,val,current_repo_v1
7450,298.0,-0.28730918674295136,,3,1,val,current_repo_v1
7451,298.04,-0.2612123135204095,,3,1,val,current_repo_v1
7452,298.08,-0.20221628606709677,,3,1,val,current_repo_v1
7453,298.12,-0.15994215627607936,,3,1,val,current_repo_v1
7454,298.16,0.04981174840876799,,3,1,val,current_repo_v1
7455,298.2,-0.017244376882525402,,3,1,val,current_repo_v1
7456,298.24,-0.19641332997118255,,3,1,val,current_repo_v1
7457,298.28,-0.4544200779627188,,3,1,val,current_repo_v1
7458,298.32,-0.6862943988223057,,3,1,val,current_repo_v1
7459,298.36,-0.6942636377241519,,3,1,val,current_repo_v1
7460,298.4,-0.5973967932461771,,3,1,val,current_repo_v1
7461,298.44,-0.2822709149431278,,3,1,val,current_repo_v1
7462,298.48,-0.3155561888061791,,3,1,val,current_repo_v1
7463,298.52,-0.5360670398289585,,3,1,val,current_repo_v1
7464,298.56,-0.327038639905222,,3,1,val,current_repo_v1
7465,298.6,0.24824711443863812,,3,1,val,current_repo_v1
7466,298.64,-0.260529253255527,,3,1,val,current_repo_v1
7467,298.68,-0.6079581076618694,,3,1,val,current_repo_v1
7468,298.72,-1.686110422052429,,3,1,val,current_repo_v1
7469,298.76,-1.6714785361827182,,3,1,val,current_repo_v1
7470,298.8,-2.6078700296374957,,3,1,val,current_repo_v1
7471,298.84,-1.5077632046612106,,3,1,val,current_repo_v1
7472,298.88,0.048319281471625855,,3,1,val,current_repo_v1
7473,298.92,0.19185789278945456,,3,1,val,current_repo_v1
7474,298.96,-0.9802464529423034,,3,1,val,current_repo_v1
7475,299.0,-0.881397093622612,,3,1,val,current_repo_v1
7476,299.04,-0.7797878549667767,,3,1,val,current_repo_v1
7477,299.08,-0.576666984810565,,3,1,val,current_repo_v1
7478,299.12,-0.5652245864338127,,3,1,val,current_repo_v1
7479,299.16,-0.4573662499133456,,3,1,val,current_repo_v1
7480,299.2,-0.3351811495412236,,3,1,val,current_repo_v1
7481,299.24,-0.05431417742604274,,3,1,val,current_repo_v1
7482,299.28,0.09142056641610746,,3,1,val,current_repo_v1
7483,299.32,0.16346168959011145,,3,1,val,current_repo_v1
7484,299.36,0.31516340637507223,,3,1,val,current_repo_v1
7485,299.4,0.4196593643150821,,3,1,val,current_repo_v1
7486,299.44,0.6016232096528048,,3,1,val,current_repo_v1
7487,299.48,0.33921014968632457,,3,1,val,current_repo_v1
7488,299.52,0.5340647074317579,,3,1,val,current_repo_v1
7489,299.56,0.3002934820515589,,3,1,val,current_repo_v1
7490,299.6,0.28892948070943203,,3,1,val,current_repo_v1
7491,299.64,0.4188961606409529,,3,1,val,current_repo_v1
7492,299.68,0.5159039299579253,,3,1,val,current_repo_v1
7493,299.72,0.6491619186157537,,3,1,val,current_repo_v1
7494,299.76,0.6661708481329092,,3,1,val,current_repo_v1
7495,299.8,0.6221188140658479,,3,1,val,current_repo_v1
7496,299.84,0.5440031735423334,,3,1,val,current_repo_v1
7497,299.88,0.6403585200796256,,3,1,val,current_repo_v1
7498,299.92,0.6442166412645088,,3,1,val,current_repo_v1
7499,299.96,0.6890102391462627,,3,1,val,current_repo_v1
7500,300.0,0.7659933177632646,,3,1,val,current_repo_v1
7501,300.04,0.6456585392669676,,3,1,val,current_repo_v1
7502,300.08,0.41777999947001326,,3,1,val,current_repo_v1
7503,300.12,0.6682335443485381,,3,1,val,current_repo_v1
7504,300.16,0.7974924490178199,,3,1,val,current_repo_v1
7505,300.2,0.9266145290319975,,3,1,val,current_repo_v1
7506,300.24,0.8698265265345299,,3,1,val,current_repo_v1
7507,300.28,1.0049571982562677,,3,1,val,current_repo_v1
7508,300.32,0.9645969621737535,,3,1,val,current_repo_v1
7509,300.36,0.5083103134582994,,3,1,val,current_repo_v1
7510,300.4,0.5856657495162733,,3,1,val,current_repo_v1
7511,300.44,0.1659204711627613,,3,1,val,current_repo_v1
7512,300.48,-0.5393918333903942,,3,1,val,current_repo_v1
7513,300.52,-0.6767233547461641,,3,1,val,current_repo_v1
7514,300.56,-0.6170641605127842,,3,1,val,current_repo_v1
7515,300.6,-0.7629918312947447,,3,1,val,current_repo_v1
7516,300.64,-0.9097612546441226,,3,1,val,current_repo_v1
7517,300.68,-0.8460573049293854,,3,1,val,current_repo_v1
7518,300.72,-0.7511845165514932,,3,1,val,current_repo_v1
7519,300.76,-0.6229350164132639,,3,1,val,current_repo_v1
7520,300.8,-0.715178675763608,,3,1,val,current_repo_v1
7521,300.84,-0.6585947713088265,,3,1,val,current_repo_v1
7522,300.88,-0.6234044115397094,,3,1,val,current_repo_v1
7523,300.92,-0.6780226574643354,,3,1,val,current_repo_v1
7524,300.96,-0.8523811552207375,,3,1,val,current_repo_v1
7525,301.0,-0.9682011756745809,,3,1,val,current_repo_v1
7526,301.04,-0.9860494280205504,,3,1,val,current_repo_v1
7527,301.08,-1.0941052187672098,,3,1,val,current_repo_v1
7528,301.12,-1.038412269086565,,3,1,val,current_repo_v1
7529,301.16,-1.134028101901111,,3,1,val,current_repo_v1
7530,301.2,-1.0786438808817613,,3,1,val,current_repo_v1
7531,301.24,-1.040492884624394,,3,1,val,current_repo_v1
7532,301.28,-1.2902148883599651,,3,1,val,current_repo_v1
7533,301.32,-1.2437450745591865,,3,1,val,current_repo_v1
7534,301.36,-1.2646551012627731,,3,1,val,current_repo_v1
7535,301.4,-1.2940476491481754,,3,1,val,current_repo_v1
7536,301.44,-1.3595652468716926,,3,1,val,current_repo_v1
7537,301.48,-1.0916926401926905,,3,1,val,current_repo_v1
7538,301.52,-1.1451986732716073,,3,1,val,current_repo_v1
7539,301.56,-1.592322967536946,,3,1,val,current_repo_v1
7540,301.6,-1.5223042790506192,,3,1,val,current_repo_v1
7541,301.64,-1.3790207713038152,,3,1,val,current_repo_v1
7542,301.68,-1.3062434183506464,,3,1,val,current_repo_v1
7543,301.72,-1.351627898289016,,3,1,val,current_repo_v1
7544,301.76,-1.1854513934209208,,3,1,val,current_repo_v1
7545,301.8,-0.9054348013434328,,3,1,val,current_repo_v1
7546,301.84,-0.9097556358736023,,3,1,val,current_repo_v1
7547,301.88,-1.4107457163898245,,3,1,val,current_repo_v1
7548,301.92,-1.2528739062095082,,3,1,val,current_repo_v1
7549,301.96,-1.1562075151663145,,3,1,val,current_repo_v1
7550,302.0,-1.0933283098487707,,3,1,val,current_repo_v1
7551,302.04,-1.2125536089552875,,3,1,val,current_repo_v1
7552,302.08,-1.3127104713609368,,3,1,val,current_repo_v1
7553,302.12,-1.4908636133812083,,3,1,val,current_repo_v1
7554,302.16,-1.5265696851688983,,3,1,val,current_repo_v1
7555,302.2,-1.4251648482730748,,3,1,val,current_repo_v1
7556,302.24,-1.5761261781479787,,3,1,val,current_repo_v1
7557,302.28,-1.4402886043513126,,3,1,val,current_repo_v1
7558,302.32,-1.4130188887119735,,3,1,val,current_repo_v1
7559,302.36,-1.3468232420594435,,3,1,val,current_repo_v1
7560,302.4,-1.1660833395785208,,3,1,val,current_repo_v1
7561,302.44,-1.0505456243786608,,3,1,val,current_repo_v1
7562,302.48,-1.1131279460106007,,3,1,val,current_repo_v1
7563,302.52,-1.1658883530555975,,3,1,val,current_repo_v1
7564,302.56,-0.8629863567899538,,3,1,val,current_repo_v1
7565,302.6,-0.7332393783787129,,3,1,val,current_repo_v1
7566,302.64,-0.574933594105029,,3,1,val,current_repo_v1
7567,302.68,-0.7238640801188081,,3,1,val,current_repo_v1
7568,302.72,-0.9571715291430821,,3,1,val,current_repo_v1
7569,302.76,-0.859723065986917,,3,1,val,current_repo_v1
7570,302.8,-1.0295472159333754,,3,1,val,current_repo_v1
7571,302.84,-0.9352019845497478,,3,1,val,current_repo_v1
7572,302.88,-1.0737519059211287,,3,1,val,current_repo_v1
7573,302.92,-1.1191609869628578,,3,1,val,current_repo_v1
7574,302.96,-1.1798607167531463,,3,1,val,current_repo_v1
7575,303.0,-1.351546502045802,,3,1,val,current_repo_v1
7576,303.04,-1.2473145124262528,,3,1,val,current_repo_v1
7577,303.08,-1.2829824676896018,,3,1,val,current_repo_v1
7578,303.12,-1.3936201594197055,,3,1,val,current_repo_v1
7579,303.16,-1.0771580957257785,,3,1,val,current_repo_v1
7580,303.2,-1.0017100044714784,,3,1,val,current_repo_v1
7581,303.24,-1.146541103849989,,3,1,val,current_repo_v1
7582,303.28,-1.0390139331082333,,3,1,val,current_repo_v1
7583,303.32,-0.9500387277554584,,3,1,val,current_repo_v1
7584,303.36,-0.7556505279632162,,3,1,val,current_repo_v1
7585,303.4,-0.9671492507179688,,3,1,val,current_repo_v1
7586,303.44,-1.0349784410053013,,3,1,val,current_repo_v1
7587,303.48,-0.9972371594199333,,3,1,val,current_repo_v1
7588,303.52,-1.0731305002733076,,3,1,val,current_repo_v1
7589,303.56,-1.1013756041032514,,3,1,val,current_repo_v1
7590,303.6,-1.0411505844926034,,3,1,val,current_repo_v1
7591,303.64,-0.9425628776487662,,3,1,val,current_repo_v1
7592,303.68,-1.0501793412841973,,3,1,val,current_repo_v1
7593,303.72,-1.1814351873681534,,3,1,val,current_repo_v1
7594,303.76,-1.2505708177308048,,3,1,val,current_repo_v1
7595,303.8,-1.1749654009019341,,3,1,val,current_repo_v1
7596,303.84,-1.1392909157160884,,3,1,val,current_repo_v1
7597,303.88,-1.3259016740974907,,3,1,val,current_repo_v1
7598,303.92,-1.4205319441910302,,3,1,val,current_repo_v1
7599,303.96,-1.6558592652880482,,3,1,val,current_repo_v1
7600,304.0,-1.6282100548505898,,3,1,val,current_repo_v1
7601,304.04,-1.5067187207790713,,3,1,val,current_repo_v1
7602,304.08,-1.3283043818589337,,3,1,val,current_repo_v1
7603,304.12,-1.2947140049601595,,3,1,val,current_repo_v1
7604,304.16,-1.0368945936114125,,3,1,val,current_repo_v1
7605,304.2,-1.0950702805687502,,3,1,val,current_repo_v1
7606,304.24,-1.1184165757982394,,3,1,val,current_repo_v1
7607,304.28,-0.9868102399207419,,3,1,val,current_repo_v1
7608,304.32,-0.8917710144485166,,3,1,val,current_repo_v1
7609,304.36,-0.9269707894547219,,3,1,val,current_repo_v1
7610,304.4,-0.957531737891037,,3,1,val,current_repo_v1
7611,304.44,-1.1765922627555772,,3,1,val,current_repo_v1
7612,304.48,-1.4573638961040736,,3,1,val,current_repo_v1
7613,304.52,-1.3611782895870288,,3,1,val,current_repo_v1
7614,304.56,-1.440144490480398,,3,1,val,current_repo_v1
7615,304.6,-1.7288548391395353,,3,1,val,current_repo_v1
7616,304.64,-1.5558600321742948,,3,1,val,current_repo_v1
7617,304.68,-1.375234479266395,,3,1,val,current_repo_v1
7618,304.72,-1.369797027989298,,3,1,val,current_repo_v1
7619,304.76,-1.3426762856980803,,3,1,val,current_repo_v1
7620,304.8,-1.2421326392785013,,3,1,val,current_repo_v1
7621,304.84,-1.2281740947192592,,3,1,val,current_repo_v1
7622,304.88,-1.2244913702898093,,3,1,val,current_repo_v1
7623,304.92,-1.3532872578964796,,3,1,val,current_repo_v1
7624,304.96,-1.4480894319962103,,3,1,val,current_repo_v1
7625,305.0,-1.2815795973634603,,3,1,val,current_repo_v1
7626,305.04,-1.316297372974215,,3,1,val,current_repo_v1
7627,305.08,-1.2253823250639457,,3,1,val,current_repo_v1
7628,305.12,-0.9738305763013471,,3,1,val,current_repo_v1
7629,305.16,-1.2189877086357694,,3,1,val,current_repo_v1
7630,305.2,-1.2940080140372074,,3,1,val,current_repo_v1
7631,305.24,-1.3249862700786574,,3,1,val,current_repo_v1
7632,305.28,-1.3481163185724436,,3,1,val,current_repo_v1
7633,305.32,-1.238045059654259,,3,1,val,current_repo_v1
7634,305.36,-1.157398238940646,,3,1,val,current_repo_v1
7635,305.4,-1.1451388409584984,,3,1,val,current_repo_v1
7636,305.44,-1.0209716053913167,,3,1,val,current_repo_v1
7637,305.48,-1.028310327125579,,3,1,val,current_repo_v1
7638,305.52,-0.985382768491241,,3,1,val,current_repo_v1
7639,305.56,-1.0470276665982543,,3,1,val,current_repo_v1
7640,305.6,-1.0908536210812019,,3,1,val,current_repo_v1
7641,305.64,-1.0615455066122679,,3,1,val,current_repo_v1
7642,305.68,-0.7822892708589833,,3,1,val,current_repo_v1
7643,305.72,-1.0674520492984851,,3,1,val,current_repo_v1
7644,305.76,-0.8397831124207402,,3,1,val,current_repo_v1
7645,305.8,-0.5452772297578287,,3,1,val,current_repo_v1
7646,305.84,-0.7966801570309687,,3,1,val,current_repo_v1
7647,305.88,-0.8390976224172543,,3,1,val,current_repo_v1
7648,305.92,-0.8367673512379252,,3,1,val,current_repo_v1
7649,305.96,-1.258919855148096,,3,1,val,current_repo_v1
7650,306.0,-1.318418838492314,,3,1,val,current_repo_v1
7651,306.04,-1.1086429522660388,,3,1,val,current_repo_v1
7652,306.08,-1.0810851607435334,,3,1,val,current_repo_v1
7653,306.12,-0.6360762196851195,,3,1,val,current_repo_v1
7654,306.16,-0.7178699149842056,,3,1,val,current_repo_v1
7655,306.2,-0.8786460220889055,,3,1,val,current_repo_v1
7656,306.24,-0.795426563770274,,3,1,val,current_repo_v1
7657,306.28,-0.41635412255647075,,3,1,val,current_repo_v1
7658,306.32,-0.5104683009847807,,3,1,val,current_repo_v1
7659,306.36,-0.33111794323234656,,3,1,val,current_repo_v1
7660,306.4,-0.5706039517724222,,3,1,val,current_repo_v1
7661,306.44,-1.0652889745068028,,3,1,val,current_repo_v1
7662,306.48,-0.9409360157951232,,3,1,val,current_repo_v1
7663,306.52,-1.008418057179494,,3,1,val,current_repo_v1
7664,306.56,-1.317878677229044,,3,1,val,current_repo_v1
7665,306.6,-1.4728827884226905,,3,1,val,current_repo_v1
7666,306.64,-1.6690781063012157,,3,1,val,current_repo_v1
7667,306.68,-1.3286061250217442,,3,1,val,current_repo_v1
7668,306.72,-1.161382402815581,,3,1,val,current_repo_v1
7669,306.76,-1.2827932517958616,,3,1,val,current_repo_v1
7670,306.8,-1.3077718757908514,,3,1,val,current_repo_v1
7671,306.84,-0.9520115236427613,,3,1,val,current_repo_v1
7672,306.88,-1.0158454643727808,,3,1,val,current_repo_v1
7673,306.92,-0.9084280874441664,,3,1,val,current_repo_v1
7674,306.96,-0.8604340682457386,,3,1,val,current_repo_v1
7675,307.0,-0.3551087266263892,,3,1,val,current_repo_v1
7676,307.04,-0.34693797127912296,,3,1,val,current_repo_v1
7677,307.08,-0.6146345358033752,,3,1,val,current_repo_v1
7678,307.12,-0.7096587652326577,,3,1,val,current_repo_v1
7679,307.16,-0.8529671778001465,,3,1,val,current_repo_v1
7680,307.2,-1.0453658772521874,,3,1,val,current_repo_v1
7681,307.24,-0.9190644200392387,,3,1,val,current_repo_v1
7682,307.28,-0.9132123946129355,,3,1,val,current_repo_v1
7683,307.32,-1.2320823292628378,,3,1,val,current_repo_v1
7684,307.36,-1.3341800972366202,,3,1,val,current_repo_v1
7685,307.4,-1.3996340661804607,,3,1,val,current_repo_v1
7686,307.44,-1.487428722289306,,3,1,val,current_repo_v1
7687,307.48,-1.1034834023417062,,3,1,val,current_repo_v1
7688,307.52,-1.2694930145394798,,3,1,val,current_repo_v1
7689,307.56,-1.3085240317472684,,3,1,val,current_repo_v1
7690,307.6,-0.9824427847811197,,3,1,val,current_repo_v1
7691,307.64,-0.9569514859408111,,3,1,val,current_repo_v1
7692,307.68,-0.7076425377678189,,3,1,val,current_repo_v1
7693,307.72,-0.6702250188513548,,3,1,val,current_repo_v1
7694,307.76,-0.7434181608230315,,3,1,val,current_repo_v1
7695,307.8,-0.7290994075158345,,3,1,val,current_repo_v1
7696,307.84,-0.904140509961131,,3,1,val,current_repo_v1
7697,307.88,-1.22605764053703,,3,1,val,current_repo_v1
7698,307.92,-1.4428083951417072,,3,1,val,current_repo_v1
7699,307.96,-1.486336402928412,,3,1,val,current_repo_v1
7700,308.0,-1.2466555976887415,,3,1,val,current_repo_v1
7701,308.04,-0.8605124273156984,,3,1,val,current_repo_v1
7702,308.08,-0.9029479638828468,,3,1,val,current_repo_v1
7703,308.12,-0.792118322803074,,3,1,val,current_repo_v1
7704,308.16,-0.6356816908793915,,3,1,val,current_repo_v1
7705,308.2,-0.4916038863972679,,3,1,val,current_repo_v1
7706,308.24,0.20076220140695533,,3,1,val,current_repo_v1
7707,308.28,0.0785065437036703,,3,1,val,current_repo_v1
7708,308.32,0.0487283697266415,,3,1,val,current_repo_v1
7709,308.36,-0.2714653928154604,,3,1,val,current_repo_v1
7710,308.4,-0.33846642188568826,,3,1,val,current_repo_v1
7711,308.44,-0.7915234924212277,,3,1,val,current_repo_v1
7712,308.48,-0.42978742596605457,,3,1,val,current_repo_v1
7713,308.52,-0.6562048196750513,,3,1,val,current_repo_v1
7714,308.56,-0.4817473859998917,,3,1,val,current_repo_v1
7715,308.6,0.11913889152743315,,3,1,val,current_repo_v1
7716,308.64,-0.22481604411068948,,3,1,val,current_repo_v1
7717,308.68,0.014688320345241559,,3,1,val,current_repo_v1
7718,308.72,-0.20247127574412452,,3,1,val,current_repo_v1
7719,308.76,-0.5594472754695641,,3,1,val,current_repo_v1
7720,308.8,-0.9894828005258258,,3,1,val,current_repo_v1
7721,308.84,-0.8142939396017097,,3,1,val,current_repo_v1
7722,308.88,-0.6577742789541888,,3,1,val,current_repo_v1
7723,308.92,-0.591273965859591,,3,1,val,current_repo_v1
7724,308.96,-0.4148973803697318,,3,1,val,current_repo_v1
7725,309.0,-0.5011867754491011,,3,1,val,current_repo_v1
7726,309.04,-0.7355763313392013,,3,1,val,current_repo_v1
7727,309.08,-0.5340092030905363,,3,1,val,current_repo_v1
7728,309.12,-0.6308727826072629,,3,1,val,current_repo_v1
7729,309.16,-0.8683017137022299,,3,1,val,current_repo_v1
7730,309.2,-1.1118310730310328,,3,1,val,current_repo_v1
7731,309.24,-1.346664246039583,,3,1,val,current_repo_v1
7732,309.28,-0.9912264416910951,,3,1,val,current_repo_v1
7733,309.32,-0.955048089462368,,3,1,val,current_repo_v1
7734,309.36,-0.9731502494923935,,3,1,val,current_repo_v1
7735,309.4,-0.6155989142409334,,3,1,val,current_repo_v1
7736,309.44,-0.7782088285918882,,3,1,val,current_repo_v1
7737,309.48,-1.0578349920475414,,3,1,val,current_repo_v1
7738,309.52,-0.8897332230535725,,3,1,val,current_repo_v1
7739,309.56,-0.9840693429174373,,3,1,val,current_repo_v1
7740,309.6,-0.8227904317804949,,3,1,val,current_repo_v1
7741,309.64,-0.9613643468205846,,3,1,val,current_repo_v1
7742,309.68,-1.2171086095433603,,3,1,val,current_repo_v1
7743,309.72,-1.3468876301324337,,3,1,val,current_repo_v1
7744,309.76,-1.081264202106872,,3,1,val,current_repo_v1
7745,309.8,-0.858929148898254,,3,1,val,current_repo_v1
7746,309.84,-0.9889702775391699,,3,1,val,current_repo_v1
7747,309.88,-1.0078233786563104,,3,1,val,current_repo_v1
7748,309.92,-0.8808359758638878,,3,1,val,current_repo_v1
7749,309.96,-1.3245841483397938,,3,1,val,current_repo_v1
7750,310.0,-1.585976794022175,,3,1,val,current_repo_v1
7751,310.04,-1.5179510986252918,,3,1,val,current_repo_v1
7752,310.08,-1.4309190767205908,,3,1,val,current_repo_v1
7753,310.12,-1.562790557823185,,3,1,val,current_repo_v1
7754,310.16,-1.6181246654838395,,3,1,val,current_repo_v1
7755,310.2,-1.294702159984468,,3,1,val,current_repo_v1
7756,310.24,-1.2638434167105728,,3,1,val,current_repo_v1
7757,310.28,-0.8227744866209101,,3,1,val,current_repo_v1
7758,310.32,-0.8417149064691107,,3,1,val,current_repo_v1
7759,310.36,-0.9022339244507709,,3,1,val,current_repo_v1
7760,310.4,-1.0336079165743177,,3,1,val,current_repo_v1
7761,310.44,-0.8240343060867762,,3,1,val,current_repo_v1
7762,310.48,-1.013950420120787,,3,1,val,current_repo_v1
7763,310.52,-0.949999244503153,,3,1,val,current_repo_v1
7764,310.56,-0.6985329921676617,,3,1,val,current_repo_v1
7765,310.6,-1.0909981905281045,,3,1,val,current_repo_v1
7766,310.64,-0.9649380367302066,,3,1,val,current_repo_v1
7767,310.68,-1.0948546412676978,,3,1,val,current_repo_v1
7768,310.72,-1.3867834824243719,,3,1,val,current_repo_v1
7769,310.76,-0.9885733189948384,,3,1,val,current_repo_v1
7770,310.8,-0.9052214399223213,,3,1,val,current_repo_v1
7771,310.84,-0.7496695745322697,,3,1,val,current_repo_v1
7772,310.88,-0.7257970890364803,,3,1,val,current_repo_v1
7773,310.92,-0.7951356025725161,,3,1,val,current_repo_v1
7774,310.96,-0.5593191067582344,,3,1,val,current_repo_v1
7775,311.0,-0.5712793811395034,,3,1,val,current_repo_v1
7776,311.04,-0.6451748694262271,,3,1,val,current_repo_v1
7777,311.08,-0.36288153634801634,,3,1,val,current_repo_v1
7778,311.12,-0.613682913493485,,3,1,val,current_repo_v1
7779,311.16,-0.6413104461068412,,3,1,val,current_repo_v1
7780,311.2,-0.6574224224326831,,3,1,val,current_repo_v1
7781,311.24,-0.8301898969798425,,3,1,val,current_repo_v1
7782,311.28,-0.8918060937996032,,3,1,val,current_repo_v1
7783,311.32,-0.9955386202774898,,3,1,val,current_repo_v1
7784,311.36,-1.5024463291623074,,3,1,val,current_repo_v1
7785,311.4,-1.4704275375639486,,3,1,val,current_repo_v1
7786,311.44,-1.5304669858887616,,3,1,val,current_repo_v1
7787,311.48,-1.188220080559502,,3,1,val,current_repo_v1
7788,311.52,-1.139068442775214,,3,1,val,current_repo_v1
7789,311.56,-0.9892858398402872,,3,1,val,current_repo_v1
7790,311.6,-1.062665616108438,,3,1,val,current_repo_v1
7791,311.64,-1.3662268308289183,,3,1,val,current_repo_v1
7792,311.68,-1.2545290137744158,,3,1,val,current_repo_v1
7793,311.72,-0.7845368549964651,,3,1,val,current_repo_v1
7794,311.76,-0.6736576320633165,,3,1,val,current_repo_v1
7795,311.8,-0.616156653144412,,3,1,val,current_repo_v1
7796,311.84,-0.7156687236681825,,3,1,val,current_repo_v1
7797,311.88,-0.635810694813366,,3,1,val,current_repo_v1
7798,311.92,-0.7791989470727763,,3,1,val,current_repo_v1
7799,311.96,-0.749733355170609,,3,1,val,current_repo_v1
7800,312.0,-0.7471145525321256,,3,1,val,current_repo_v1
7801,312.04,-0.9967698903147658,,3,1,val,current_repo_v1
7802,312.08,-0.9942684744225593,,3,1,val,current_repo_v1
7803,312.12,-0.7965033935475709,,3,1,val,current_repo_v1
7804,312.16,-1.13223677711575,,3,1,val,current_repo_v1
7805,312.2,-0.5123358588188236,,3,1,val,current_repo_v1
7806,312.24,-0.3580891047407921,,3,1,val,current_repo_v1
7807,312.28,-0.5452378224348547,,3,1,val,current_repo_v1
7808,312.32,-0.6396024157979782,,3,1,val,current_repo_v1
7809,312.36,-0.4319966657912015,,3,1,val,current_repo_v1
7810,312.4,-0.4247775327538255,,3,1,val,current_repo_v1
7811,312.44,-0.7573142914718984,,3,1,val,current_repo_v1
7812,312.48,-0.46161354688609635,,3,1,val,current_repo_v1
7813,312.52,-0.47759625352530394,,3,1,val,current_repo_v1
7814,312.56,-0.45769289789684103,,3,1,val,current_repo_v1
7815,312.6,-0.5762748857434404,,3,1,val,current_repo_v1
7816,312.64,-0.7964241233256348,,3,1,val,current_repo_v1
7817,312.68,-0.9183326131436255,,3,1,val,current_repo_v1
7818,312.72,-0.6967492603154363,,3,1,val,current_repo_v1
7819,312.76,-0.5863344591375294,,3,1,val,current_repo_v1
7820,312.8,-0.06994684984769715,,3,1,val,current_repo_v1
7821,312.84,-0.2571951583510002,,3,1,val,current_repo_v1
7822,312.88,-0.3811338086661335,,3,1,val,current_repo_v1
7823,312.92,-0.7775988123437707,,3,1,val,current_repo_v1
7824,312.96,-0.8536573754221766,,3,1,val,current_repo_v1
7825,313.0,-1.066292760267335,,3,1,val,current_repo_v1
7826,313.04,-0.910514169893853,,3,1,val,current_repo_v1
7827,313.08,-0.41893211317935014,,3,1,val,current_repo_v1
7828,313.12,-0.39916140609276696,,3,1,val,current_repo_v1
7829,313.16,0.10908394982255695,,3,1,val,current_repo_v1
7830,313.2,0.004115122989191992,,3,1,val,current_repo_v1
7831,313.24,-0.11797342374694395,,3,1,val,current_repo_v1
7832,313.28,-0.23941317332897194,,3,1,val,current_repo_v1
7833,313.32,-0.3434950696427624,,3,1,val,current_repo_v1
7834,313.36,-0.45392198154902064,,3,1,val,current_repo_v1
7835,313.4,-0.3014349656545059,,3,1,val,current_repo_v1
7836,313.44,-0.17237543242703324,,3,1,val,current_repo_v1
7837,313.48,-0.2245950138271109,,3,1,val,current_repo_v1
7838,313.52,0.2732911135879259,,3,1,val,current_repo_v1
7839,313.56,-0.32627972623831436,,3,1,val,current_repo_v1
7840,313.6,-0.35520891537911403,,3,1,val,current_repo_v1
7841,313.64,-0.3297225899100093,,3,1,val,current_repo_v1
7842,313.68,-0.5495399024201791,,3,1,val,current_repo_v1
7843,313.72,-0.573268615727045,,3,1,val,current_repo_v1
7844,313.76,-0.31789093981605815,,3,1,val,current_repo_v1
7845,313.8,-0.5469381459165851,,3,1,val,current_repo_v1
7846,313.84,-0.5823421328594736,,3,1,val,current_repo_v1
7847,313.88,-0.28173035505086846,,3,1,val,current_repo_v1
7848,313.92,-0.228234534467019,,3,1,val,current_repo_v1
7849,313.96,-0.45504858300302176,,3,1,val,current_repo_v1
7850,314.0,-0.6625549415150529,,3,1,val,current_repo_v1
7851,314.04,-0.7714521811118044,,3,1,val,current_repo_v1
7852,314.08,-0.7368794305239404,,3,1,val,current_repo_v1
7853,314.12,-0.8352771621807238,,3,1,val,current_repo_v1
7854,314.16,-0.7995824797927372,,3,1,val,current_repo_v1
7855,314.2,-0.5395064487160768,,3,1,val,current_repo_v1
7856,314.24,-0.7696649565103365,,3,1,val,current_repo_v1
7857,314.28,-0.3152052814013153,,3,1,val,current_repo_v1
7858,314.32,-0.3473496601137376,,3,1,val,current_repo_v1
7859,314.36,-0.5853610830742055,,3,1,val,current_repo_v1
7860,314.4,-0.6483230513629277,,3,1,val,current_repo_v1
7861,314.44,-0.6109007109339224,,3,1,val,current_repo_v1
7862,314.48,-0.5230361618755638,,3,1,val,current_repo_v1
7863,314.52,-0.4737661502636912,,3,1,val,current_repo_v1
7864,314.56,-0.9232628564872616,,3,1,val,current_repo_v1
7865,314.6,-0.5121758757176555,,3,1,val,current_repo_v1
7866,314.64,-0.5754203011190238,,3,1,val,current_repo_v1
7867,314.68,-0.6794090511255726,,3,1,val,current_repo_v1
7868,314.72,-0.3867467326279954,,3,1,val,current_repo_v1
7869,314.76,-0.27167317343071723,,3,1,val,current_repo_v1
7870,314.8,-0.4579533355033936,,3,1,val,current_repo_v1
7871,314.84,-0.6769031554028161,,3,1,val,current_repo_v1
7872,314.88,-0.8210218857945408,,3,1,val,current_repo_v1
7873,314.92,-0.7278377657460159,,3,1,val,current_repo_v1
7874,314.96,-0.8749848615895608,,3,1,val,current_repo_v1
7875,315.0,-0.7311318838575837,,3,1,val,current_repo_v1
7876,315.04,-0.364488618610841,,3,1,val,current_repo_v1
7877,315.08,-0.4975344986815251,,3,1,val,current_repo_v1
7878,315.12,-0.48226097199718665,,3,1,val,current_repo_v1
7879,315.16,-0.4696428838537112,,3,1,val,current_repo_v1
7880,315.2,-0.6600679521958042,,3,1,val,current_repo_v1
7881,315.24,-0.6802165595645483,,3,1,val,current_repo_v1
7882,315.28,-0.7258216901398398,,3,1,val,current_repo_v1
7883,315.32,-0.8541226703647288,,3,1,val,current_repo_v1
7884,315.36,-0.49523357418876535,,3,1,val,current_repo_v1
7885,315.4,-0.8423144444695011,,3,1,val,current_repo_v1
7886,315.44,-0.7913435399059129,,3,1,val,current_repo_v1
7887,315.48,-0.7449291545170246,,3,1,val,current_repo_v1
7888,315.52,-0.7043896492831777,,3,1,val,current_repo_v1
7889,315.56,-0.4226001832478483,,3,1,val,current_repo_v1
7890,315.6,-0.32462598540137116,,3,1,val,current_repo_v1
7891,315.64,-0.20522041107988137,,3,1,val,current_repo_v1
7892,315.68,-0.30373983847249625,,3,1,val,current_repo_v1
7893,315.72,-0.3902544019840031,,3,1,val,current_repo_v1
7894,315.76,-0.5937693833346204,,3,1,val,current_repo_v1
7895,315.8,-0.7247219297044731,,3,1,val,current_repo_v1
7896,315.84,-0.8745264002868306,,3,1,val,current_repo_v1
7897,315.88,-0.8426983431688393,,3,1,val,current_repo_v1
7898,315.92,-0.44841543458038907,,3,1,val,current_repo_v1
7899,315.96,-0.22913160155232962,,3,1,val,current_repo_v1
7900,316.0,-0.43947836245640803,,3,1,val,current_repo_v1
7901,316.04,-0.4197385206430212,,3,1,val,current_repo_v1
7902,316.08,-0.17051292389352551,,3,1,val,current_repo_v1
7903,316.12,-0.013098464549468378,,3,1,val,current_repo_v1
7904,316.16,-0.10982489671143232,,3,1,val,current_repo_v1
7905,316.2,-0.21696498921309954,,3,1,val,current_repo_v1
7906,316.24,-0.36733251375213066,,3,1,val,current_repo_v1
7907,316.28,-0.5589246538818378,,3,1,val,current_repo_v1
7908,316.32,-0.5884286280610056,,3,1,val,current_repo_v1
7909,316.36,-0.6411550187655546,,3,1,val,current_repo_v1
7910,316.4,-0.6570467241011315,,3,1,val,current_repo_v1
7911,316.44,-0.4223673079885781,,3,1,val,current_repo_v1
7912,316.48,-0.22723253304577376,,3,1,val,current_repo_v1
7913,316.52,-0.11338125575117229,,3,1,val,current_repo_v1
7914,316.56,-0.3102382882613026,,3,1,val,current_repo_v1
7915,316.6,-0.33247578746499373,,3,1,val,current_repo_v1
7916,316.64,-0.6477507719924942,,3,1,val,current_repo_v1
7917,316.68,-0.7159140513377951,,3,1,val,current_repo_v1
7918,316.72,-0.447556408090088,,3,1,val,current_repo_v1
7919,316.76,0.03721317410345113,,3,1,val,current_repo_v1
7920,316.8,0.3099743958701733,,3,1,val,current_repo_v1
7921,316.84,0.09755144231181731,,3,1,val,current_repo_v1
7922,316.88,0.922459220444185,,3,1,val,current_repo_v1
7923,316.92,1.2127056194766632,,3,1,val,current_repo_v1
7924,316.96,1.2184211239651876,,3,1,val,current_repo_v1
7925,317.0,1.0296354458164116,,3,1,val,current_repo_v1
7926,317.04,0.9822288159253573,,3,1,val,current_repo_v1
7927,317.08,1.0217599037094591,,3,1,val,current_repo_v1
7928,317.12,0.8532297414279771,,3,1,val,current_repo_v1
7929,317.16,0.6975175132901007,,3,1,val,current_repo_v1
7930,317.2,0.6737570994873935,,3,1,val,current_repo_v1
7931,317.24,0.6750497204244055,,3,1,val,current_repo_v1
7932,317.28,0.5182017033834337,,3,1,val,current_repo_v1
7933,317.32,0.34211027049748366,,3,1,val,current_repo_v1
7934,317.36,0.38931261252252347,,3,1,val,current_repo_v1
7935,317.4,0.2255628470492457,,3,1,val,current_repo_v1
7936,317.44,0.05293768305138115,,3,1,val,current_repo_v1
7937,317.48,-0.016695711534143787,,3,1,val,current_repo_v1
7938,317.52,-0.006869962515966988,,3,1,val,current_repo_v1
7939,317.56,-0.0013712647419644173,,3,1,val,current_repo_v1
7940,317.6,-0.07974203731000298,,3,1,val,current_repo_v1
7941,317.64,-0.16491188287202088,,3,1,val,current_repo_v1
7942,317.68,0.03397482608576476,,3,1,val,current_repo_v1
7943,317.72,-0.08345122311143062,,3,1,val,current_repo_v1
7944,317.76,-0.06044042163253985,,3,1,val,current_repo_v1
7945,317.8,-0.09376022435902547,,3,1,val,current_repo_v1
7946,317.84,-0.09490330247793095,,3,1,val,current_repo_v1
7947,317.88,-0.006021793920049906,,3,1,val,current_repo_v1
7948,317.92,-0.044575595280263135,,3,1,val,current_repo_v1
7949,317.96,-0.05971309456747654,,3,1,val,current_repo_v1
7950,318.0,-0.06876626263910159,,3,1,val,current_repo_v1
7951,318.04,0.14618002191472362,,3,1,val,current_repo_v1
7952,318.08,0.21411953752051704,,3,1,val,current_repo_v1
7953,318.12,0.17998550660923068,,3,1,val,current_repo_v1
7954,318.16,0.18402582022470373,,3,1,val,current_repo_v1
7955,318.2,0.10830459218318164,,3,1,val,current_repo_v1
7956,318.24,0.17403841766006908,,3,1,val,current_repo_v1
7957,318.28,-0.10865030792001391,,3,1,val,current_repo_v1
7958,318.32,0.03980950165985315,,3,1,val,current_repo_v1
7959,318.36,0.08910830947064272,,3,1,val,current_repo_v1
7960,318.4,0.10825389037216837,,3,1,val,current_repo_v1
7961,318.44,0.23945905362744407,,3,1,val,current_repo_v1
7962,318.48,0.25138337547031575,,3,1,val,current_repo_v1
7963,318.52,0.18088845821772143,,3,1,val,current_repo_v1
7964,318.56,0.027959780385039157,,3,1,val,current_repo_v1
7965,318.6,-0.010076704949476243,,3,1,val,current_repo_v1
7966,318.64,0.03329225936153607,,3,1,val,current_repo_v1
7967,318.68,0.1440819236483497,,3,1,val,current_repo_v1
7968,318.72,0.07722588163634694,,3,1,val,current_repo_v1
7969,318.76,0.13220277975763509,,3,1,val,current_repo_v1
7970,318.8,0.07487032598967619,,3,1,val,current_repo_v1
7971,318.84,-0.06779972021559982,,3,1,val,current_repo_v1
7972,318.88,-0.015642154096907543,,3,1,val,current_repo_v1
7973,318.92,-0.11980351045596246,,3,1,val,current_repo_v1
7974,318.96,0.05293851827402607,,3,1,val,current_repo_v1
7975,319.0,0.4897654094971345,,3,1,val,current_repo_v1
7976,319.04,0.6198087400886596,,3,1,val,current_repo_v1
7977,319.08,0.41105471080377953,,3,1,val,current_repo_v1
7978,319.12,0.2899651188244682,,3,1,val,current_repo_v1
7979,319.16,0.17939401711796404,,3,1,val,current_repo_v1
7980,319.2,0.10575137350465724,,3,1,val,current_repo_v1
7981,319.24,-0.21351301402164183,,3,1,val,current_repo_v1
7982,319.28,-0.07241286368915868,,3,1,val,current_repo_v1
7983,319.32,-0.049095478552583456,,3,1,val,current_repo_v1
7984,319.36,-0.20401343842863945,,3,1,val,current_repo_v1
7985,319.4,-0.15149504663617497,,3,1,val,current_repo_v1
7986,319.44,-0.16750023784863047,,3,1,val,current_repo_v1
7987,319.48,-0.10308823762782798,,3,1,val,current_repo_v1
7988,319.52,-0.32795347445407,,3,1,val,current_repo_v1
7989,319.56,-0.36720461079346073,,3,1,val,current_repo_v1
7990,319.6,-0.3183422637616408,,3,1,val,current_repo_v1
7991,319.64,-0.4120894377668394,,3,1,val,current_repo_v1
7992,319.68,-0.43912491141894383,,3,1,val,current_repo_v1
7993,319.72,-0.516514173994037,,3,1,val,current_repo_v1
7994,319.76,-0.5339953080228982,,3,1,val,current_repo_v1
7995,319.8,-0.48017519326482533,,3,1,val,current_repo_v1
7996,319.84,-0.4779466673895139,,3,1,val,current_repo_v1
7997,319.88,-0.41556107865511843,,3,1,val,current_repo_v1
7998,319.92,-0.3352583696712131,,3,1,val,current_repo_v1
7999,319.96,-0.23566991424009812,,3,1,val,current_repo_v1
8000,320.0,-0.13627647380540572,,3,1,val,current_repo_v1
8001,320.04,0.00756026454082762,,3,1,val,current_repo_v1
8002,320.08,0.006705338234419814,,3,1,val,current_repo_v1
8003,320.12,0.009469052001797096,,3,1,val,current_repo_v1
8004,320.16,-0.07271804265421304,,3,1,val,current_repo_v1
8005,320.2,-0.012740590628452649,,3,1,val,current_repo_v1
8006,320.24,0.0398292812506715,,3,1,val,current_repo_v1
8007,320.28,-0.012609764390525509,,3,1,val,current_repo_v1
8008,320.32,0.08094896250541281,,3,1,val,current_repo_v1
8009,320.36,0.18804286150011607,,3,1,val,current_repo_v1
8010,320.4,0.3722567966432554,,3,1,val,current_repo_v1
8011,320.44,0.27663842019610874,,3,1,val,current_repo_v1
8012,320.48,0.22159455240456424,,3,1,val,current_repo_v1
8013,320.52,0.4062084073359579,,3,1,val,current_repo_v1
8014,320.56,0.4803893519439162,,3,1,val,current_repo_v1
8015,320.6,0.6431580345267374,,3,1,val,current_repo_v1
8016,320.64,0.6043496041538203,,3,1,val,current_repo_v1
8017,320.68,0.510544230316137,,3,1,val,current_repo_v1
8018,320.72,0.5803231339740402,,3,1,val,current_repo_v1
8019,320.76,0.8736439495978061,,3,1,val,current_repo_v1
8020,320.8,1.0113474107832254,,3,1,val,current_repo_v1
8021,320.84,0.9218013687173129,,3,1,val,current_repo_v1
8022,320.88,0.9315259419014572,,3,1,val,current_repo_v1
8023,320.92,0.9473766453981016,,3,1,val,current_repo_v1
8024,320.96,1.0058669835045806,,3,1,val,current_repo_v1
8025,321.0,0.9670616282695834,,3,1,val,current_repo_v1
8026,321.04,0.9578629416344138,,3,1,val,current_repo_v1
8027,321.08,1.0528423347935303,,3,1,val,current_repo_v1
8028,321.12,1.0382971602202284,,3,1,val,current_repo_v1
8029,321.16,1.0351448780996346,,3,1,val,current_repo_v1
8030,321.2,0.8949248151557375,,3,1,val,current_repo_v1
8031,321.24,0.8756398280018415,,3,1,val,current_repo_v1
8032,321.28,0.8545609344653182,,3,1,val,current_repo_v1
8033,321.32,0.8826388419076151,,3,1,val,current_repo_v1
8034,321.36,0.9961869049086111,,3,1,val,current_repo_v1
8035,321.4,1.1791249615323025,,3,1,val,current_repo_v1
8036,321.44,1.150854345447023,,3,1,val,current_repo_v1
8037,321.48,1.0904308465642092,,3,1,val,current_repo_v1
8038,321.52,1.3658318464472021,,3,1,val,current_repo_v1
8039,321.56,1.2752448132483927,,3,1,val,current_repo_v1
8040,321.6,1.0169535770345968,,3,1,val,current_repo_v1
8041,321.64,0.7062542458732978,,3,1,val,current_repo_v1
8042,321.68,0.5368453914046933,,3,1,val,current_repo_v1
8043,321.72,0.7403495528255923,,3,1,val,current_repo_v1
8044,321.76,0.7336762757513379,,3,1,val,current_repo_v1
8045,321.8,0.6857275104343985,,3,1,val,current_repo_v1
8046,321.84,0.5172480309815969,,3,1,val,current_repo_v1
8047,321.88,0.5551894622844205,,3,1,val,current_repo_v1
8048,321.92,0.5546192330059336,,3,1,val,current_repo_v1
8049,321.96,0.5134077531895824,,3,1,val,current_repo_v1
8050,322.0,0.4815613211734028,,3,1,val,current_repo_v1
8051,322.04,0.5285570215231561,,3,1,val,current_repo_v1
8052,322.08,0.5693223405884569,,3,1,val,current_repo_v1
8053,322.12,0.7849162738652532,,3,1,val,current_repo_v1
8054,322.16,0.9757192424895071,,3,1,val,current_repo_v1
8055,322.2,0.6773839399289651,,3,1,val,current_repo_v1
8056,322.24,0.47652356189656586,,3,1,val,current_repo_v1
8057,322.28,0.41172349635436706,,3,1,val,current_repo_v1
8058,322.32,0.5231668742194939,,3,1,val,current_repo_v1
8059,322.36,0.35625605678785066,,3,1,val,current_repo_v1
8060,322.4,0.627214127775853,,3,1,val,current_repo_v1
8061,322.44,0.606442899889986,,3,1,val,current_repo_v1
8062,322.48,0.38987073107265896,,3,1,val,current_repo_v1
8063,322.52,0.40761222677874137,,3,1,val,current_repo_v1
8064,322.56,0.7382186720704054,,3,1,val,current_repo_v1
8065,322.6,0.5294832834363732,,3,1,val,current_repo_v1
8066,322.64,0.3157217147485361,,3,1,val,current_repo_v1
8067,322.68,0.40666971598861396,,3,1,val,current_repo_v1
8068,322.72,0.37320348354660743,,3,1,val,current_repo_v1
8069,322.76,0.529730964915258,,3,1,val,current_repo_v1
8070,322.8,0.7333676989487052,,3,1,val,current_repo_v1
8071,322.84,0.5709496580180881,,3,1,val,current_repo_v1
8072,322.88,0.6167834877394252,,3,1,val,current_repo_v1
8073,322.92,0.7720543007094609,,3,1,val,current_repo_v1
8074,322.96,0.789352217261759,,3,1,val,current_repo_v1
8075,323.0,0.737090665923774,,3,1,val,current_repo_v1
8076,323.04,0.6529521589784043,,3,1,val,current_repo_v1
8077,323.08,0.5938752288225312,,3,1,val,current_repo_v1
8078,323.12,0.8085533784338376,,3,1,val,current_repo_v1
8079,323.16,0.5166352812775504,,3,1,val,current_repo_v1
8080,323.2,0.6463200356017449,,3,1,val,current_repo_v1
8081,323.24,0.6684821369793991,,3,1,val,current_repo_v1
8082,323.28,0.7093969608981407,,3,1,val,current_repo_v1
8083,323.32,0.5701114741292443,,3,1,val,current_repo_v1
8084,323.36,0.5651793325523242,,3,1,val,current_repo_v1
8085,323.4,0.6754102328896858,,3,1,val,current_repo_v1
8086,323.44,0.6269908955416651,,3,1,val,current_repo_v1
8087,323.48,0.542041159620083,,3,1,val,current_repo_v1
8088,323.52,0.6462012821275034,,3,1,val,current_repo_v1
8089,323.56,0.7517403192570223,,3,1,val,current_repo_v1
8090,323.6,0.6160026304957555,,3,1,val,current_repo_v1
8091,323.64,0.5622401840648479,,3,1,val,current_repo_v1
8092,323.68,0.5749438445647621,,3,1,val,current_repo_v1
8093,323.72,0.566866634153727,,3,1,val,current_repo_v1
8094,323.76,0.6631728544136316,,3,1,val,current_repo_v1
8095,323.8,0.6236576738244488,,3,1,val,current_repo_v1
8096,323.84,0.6293894271898836,,3,1,val,current_repo_v1
8097,323.88,0.7794115492005742,,3,1,val,current_repo_v1
8098,323.92,0.7371521686821728,,3,1,val,current_repo_v1
8099,323.96,0.538935498108942,,3,1,val,current_repo_v1
8100,324.0,0.5457515223261467,,3,1,val,current_repo_v1
8101,324.04,0.7239025003604745,,3,1,val,current_repo_v1
8102,324.08,0.7060641188275812,,3,1,val,current_repo_v1
8103,324.12,0.7146391219349891,,3,1,val,current_repo_v1
8104,324.16,0.6971076467594386,,3,1,val,current_repo_v1
8105,324.2,0.5855242931719562,,3,1,val,current_repo_v1
8106,324.24,0.6466031001490417,,3,1,val,current_repo_v1
8107,324.28,0.6859407199968474,,3,1,val,current_repo_v1
8108,324.32,0.7147697203849223,,3,1,val,current_repo_v1
8109,324.36,0.7355792166537929,,3,1,val,current_repo_v1
8110,324.4,0.6616887397029386,,3,1,val,current_repo_v1
8111,324.44,0.5832345682555714,,3,1,val,current_repo_v1
8112,324.48,0.7696046686212396,,3,1,val,current_repo_v1
8113,324.52,0.937472423415968,,3,1,val,current_repo_v1
8114,324.56,0.8195169664470563,,3,1,val,current_repo_v1
8115,324.6,0.7939638611310236,,3,1,val,current_repo_v1
8116,324.64,0.6649682793828858,,3,1,val,current_repo_v1
8117,324.68,0.7625766497108877,,3,1,val,current_repo_v1
8118,324.72,0.7742184385117821,,3,1,val,current_repo_v1
8119,324.76,0.6658908207588666,,3,1,val,current_repo_v1
8120,324.8,0.7577759418065456,,3,1,val,current_repo_v1
8121,324.84,0.8690341280324941,,3,1,val,current_repo_v1
8122,324.88,0.7472099197723092,,3,1,val,current_repo_v1
8123,324.92,0.7193027014669016,,3,1,val,current_repo_v1
8124,324.96,0.6284583817287909,,3,1,val,current_repo_v1
8125,325.0,0.6513559725746292,,3,1,val,current_repo_v1
8126,325.04,0.7787868026621735,,3,1,val,current_repo_v1
8127,325.08,0.7391688517229997,,3,1,val,current_repo_v1
8128,325.12,0.4790748633594735,,3,1,val,current_repo_v1
8129,325.16,0.3346828253395313,,3,1,val,current_repo_v1
8130,325.2,0.43417633114178505,,3,1,val,current_repo_v1
8131,325.24,0.40217082717641367,,3,1,val,current_repo_v1
8132,325.28,0.3984806616724908,,3,1,val,current_repo_v1
8133,325.32,0.3762457440660658,,3,1,val,current_repo_v1
8134,325.36,0.2936396049214659,,3,1,val,current_repo_v1
8135,325.4,0.19148401676185547,,3,1,val,current_repo_v1
8136,325.44,0.3214850547158151,,3,1,val,current_repo_v1
8137,325.48,0.3466775336725704,,3,1,val,current_repo_v1
8138,325.52,0.489348633397319,,3,1,val,current_repo_v1
8139,325.56,0.26047431838429064,,3,1,val,current_repo_v1
8140,325.6,0.28464554783430185,,3,1,val,current_repo_v1
8141,325.64,0.13098293708472825,,3,1,val,current_repo_v1
8142,325.68,0.2146619007343961,,3,1,val,current_repo_v1
8143,325.72,0.2343212194918794,,3,1,val,current_repo_v1
8144,325.76,0.38317733272559495,,3,1,val,current_repo_v1
8145,325.8,0.3409547779329014,,3,1,val,current_repo_v1
8146,325.84,0.2522536395016576,,3,1,val,current_repo_v1
8147,325.88,0.11487760457538002,,3,1,val,current_repo_v1
8148,325.92,-0.05999553269778964,,3,1,val,current_repo_v1
8149,325.96,0.11680822171911447,,3,1,val,current_repo_v1
8150,326.0,-0.055820881112814205,,3,1,val,current_repo_v1
8151,326.04,0.13398074098067742,,3,1,val,current_repo_v1
8152,326.08,-0.04259495968949763,,3,1,val,current_repo_v1
8153,326.12,-0.20627850529466618,,3,1,val,current_repo_v1
8154,326.16,-0.17759496652313744,,3,1,val,current_repo_v1
8155,326.2,-0.10576070332124766,,3,1,val,current_repo_v1
8156,326.24,-0.4985745786624456,,3,1,val,current_repo_v1
8157,326.28,-0.32385549251143175,,3,1,val,current_repo_v1
8158,326.32,-0.38690762688113967,,3,1,val,current_repo_v1
8159,326.36,-0.2516227237050841,,3,1,val,current_repo_v1
8160,326.4,-0.3152852729518993,,3,1,val,current_repo_v1
8161,326.44,-1.0717876141189377,,3,1,val,current_repo_v1
8162,326.48,-1.2915219358699348,,3,1,val,current_repo_v1
8163,326.52,-1.018531692257509,,3,1,val,current_repo_v1
8164,326.56,-0.8544643523558327,,3,1,val,current_repo_v1
8165,326.6,-0.7286262159228212,,3,1,val,current_repo_v1
8166,326.64,-0.5492446512151996,,3,1,val,current_repo_v1
8167,326.68,-0.2557494259173079,,3,1,val,current_repo_v1
8168,326.72,-0.2204715955584682,,3,1,val,current_repo_v1
8169,326.76,-0.1901345627203232,,3,1,val,current_repo_v1
8170,326.8,-0.28628539360360683,,3,1,val,current_repo_v1
8171,326.84,-0.5059525938256849,,3,1,val,current_repo_v1
8172,326.88,-0.39569758592561766,,3,1,val,current_repo_v1
8173,326.92,-0.5267628493878691,,3,1,val,current_repo_v1
8174,326.96,-0.2636352944133248,,3,1,val,current_repo_v1
8175,327.0,-0.15420598951825953,,3,1,val,current_repo_v1
8176,327.04,-0.46344818935499626,,3,1,val,current_repo_v1
8177,327.08,-0.4526642501397669,,3,1,val,current_repo_v1
8178,327.12,-0.5633178111001241,,3,1,val,current_repo_v1
8179,327.16,-0.5589078734996079,,3,1,val,current_repo_v1
8180,327.2,-0.654534222526547,,3,1,val,current_repo_v1
8181,327.24,-0.3938387599646807,,3,1,val,current_repo_v1
8182,327.28,-0.4289335247056201,,3,1,val,current_repo_v1
8183,327.32,-0.4283938949476699,,3,1,val,current_repo_v1
8184,327.36,-0.317883764494245,,3,1,val,current_repo_v1
8185,327.4,-0.24042225516036617,,3,1,val,current_repo_v1
8186,327.44,-0.12214870174890306,,3,1,val,current_repo_v1
8187,327.48,-0.24406496483219126,,3,1,val,current_repo_v1
8188,327.52,-0.381854150232712,,3,1,val,current_repo_v1
8189,327.56,-0.22595790736029325,,3,1,val,current_repo_v1
8190,327.6,-0.18611009935277079,,3,1,val,current_repo_v1
8191,327.64,-0.46576395803203624,,3,1,val,current_repo_v1
8192,327.68,-0.16792942839412273,,3,1,val,current_repo_v1
8193,327.72,-0.36611597400513785,,3,1,val,current_repo_v1
8194,327.76,-0.30004253561142585,,3,1,val,current_repo_v1
8195,327.8,-0.43475062263949943,,3,1,val,current_repo_v1
8196,327.84,-0.20244105587024466,,3,1,val,current_repo_v1
8197,327.88,-0.3725031493588413,,3,1,val,current_repo_v1
8198,327.92,-0.16913708440934688,,3,1,val,current_repo_v1
8199,327.96,-0.325103011425618,,3,1,val,current_repo_v1
8200,328.0,-0.2015244179997769,,3,1,val,current_repo_v1
8201,328.04,-0.2747405665588546,,3,1,val,current_repo_v1
8202,328.08,-0.08603868591839678,,3,1,val,current_repo_v1
8203,328.12,-0.11327766916086927,,3,1,val,current_repo_v1
8204,328.16,-0.2734819429799575,,3,1,val,current_repo_v1
8205,328.2,-0.21729270020723393,,3,1,val,current_repo_v1
8206,328.24,-0.28272700345425306,,3,1,val,current_repo_v1
8207,328.28,-0.2633200358295329,,3,1,val,current_repo_v1
8208,328.32,-0.4086603932334513,,3,1,val,current_repo_v1
8209,328.36,-0.21138270273643994,,3,1,val,current_repo_v1
8210,328.4,-0.011567083830006071,,3,1,val,current_repo_v1
8211,328.44,-0.15849480085292936,,3,1,val,current_repo_v1
8212,328.48,-0.1721689426104094,,3,1,val,current_repo_v1
8213,328.52,-0.3304461584731705,,3,1,val,current_repo_v1
8214,328.56,-0.294550889774073,,3,1,val,current_repo_v1
8215,328.6,-0.43602513443098295,,3,1,val,current_repo_v1
8216,328.64,-0.39351693349372646,,3,1,val,current_repo_v1
8217,328.68,-0.36447491336653115,,3,1,val,current_repo_v1
8218,328.72,-0.28266477936720646,,3,1,val,current_repo_v1
8219,328.76,-0.22075443231777092,,3,1,val,current_repo_v1
8220,328.8,-0.015611858293696323,,3,1,val,current_repo_v1
8221,328.84,-0.11543802947895547,,3,1,val,current_repo_v1
8222,328.88,-0.3197807449441885,,3,1,val,current_repo_v1
8223,328.92,-0.06962403629543526,,3,1,val,current_repo_v1
8224,328.96,-0.01028926911260859,,3,1,val,current_repo_v1
8225,329.0,-0.058684840579914826,,3,1,val,current_repo_v1
8226,329.04,0.008899638963622333,,3,1,val,current_repo_v1
8227,329.08,-0.0953667561341978,,3,1,val,current_repo_v1
8228,329.12,-0.23704286840968522,,3,1,val,current_repo_v1
8229,329.16,-0.4001787832036119,,3,1,val,current_repo_v1
8230,329.2,-0.35561828836912224,,3,1,val,current_repo_v1
8231,329.24,-0.21089903289569945,,3,1,val,current_repo_v1
8232,329.28,-0.1948380051511977,,3,1,val,current_repo_v1
8233,329.32,-0.3015033400173924,,3,1,val,current_repo_v1
8234,329.36,-0.04474349401422505,,3,1,val,current_repo_v1
8235,329.4,-0.2432749201394275,,3,1,val,current_repo_v1
8236,329.44,-0.22426658150432863,,3,1,val,current_repo_v1
8237,329.48,-0.15065638818901028,,3,1,val,current_repo_v1
8238,329.52,-0.1297284801278893,,3,1,val,current_repo_v1
8239,329.56,-0.22897251062080504,,3,1,val,current_repo_v1
8240,329.6,-0.24138492518796875,,3,1,val,current_repo_v1
8241,329.64,-0.16384687908808265,,3,1,val,current_repo_v1
8242,329.68,-0.5110597525113816,,3,1,val,current_repo_v1
8243,329.72,-0.4380019166081821,,3,1,val,current_repo_v1
8244,329.76,-0.13245743724383816,,3,1,val,current_repo_v1
8245,329.8,0.041525789283501216,,3,1,val,current_repo_v1
8246,329.84,0.04457799654536728,,3,1,val,current_repo_v1
8247,329.88,-0.2673978964993617,,3,1,val,current_repo_v1
8248,329.92,-0.4564988332319297,,3,1,val,current_repo_v1
8249,329.96,-0.9885001231194108,,3,1,val,current_repo_v1
8250,330.0,-1.7776114925421072,,3,1,val,current_repo_v1
8251,330.04,-1.8899094550316509,,3,1,val,current_repo_v1
8252,330.08,-1.345535632458301,,3,1,val,current_repo_v1
8253,330.12,-0.9510428172333159,,3,1,val,current_repo_v1
8254,330.16,-0.7425877976553175,,3,1,val,current_repo_v1
8255,330.2,-0.6436243924799286,,3,1,val,current_repo_v1
8256,330.24,-0.7702576608709049,,3,1,val,current_repo_v1
8257,330.28,-0.8558084533795044,,3,1,val,current_repo_v1
8258,330.32,-1.0525067271489348,,3,1,val,current_repo_v1
8259,330.36,-1.1922499538919136,,3,1,val,current_repo_v1
8260,330.4,-1.240409650891361,,3,1,val,current_repo_v1
8261,330.44,-1.0962414145755919,,3,1,val,current_repo_v1
8262,330.48,-0.9609941154008905,,3,1,val,current_repo_v1
8263,330.52,-0.7614166013864241,,3,1,val,current_repo_v1
8264,330.56,-0.6168760455943486,,3,1,val,current_repo_v1
8265,330.6,-0.7239483616766138,,3,1,val,current_repo_v1
8266,330.64,-0.7301532307057305,,3,1,val,current_repo_v1
8267,330.68,-0.5790228441745612,,3,1,val,current_repo_v1
8268,330.72,-0.8835648760328382,,3,1,val,current_repo_v1
8269,330.76,-0.7667245172242272,,3,1,val,current_repo_v1
8270,330.8,-0.5195767456096332,,3,1,val,current_repo_v1
8271,330.84,-0.4717974545602815,,3,1,val,current_repo_v1
8272,330.88,-0.3052427077280342,,3,1,val,current_repo_v1
8273,330.92,-0.30906791354777446,,3,1,val,current_repo_v1
8274,330.96,-0.4142285948191443,,3,1,val,current_repo_v1
8275,331.0,-0.5252819616737588,,3,1,val,current_repo_v1
8276,331.04,-0.7619010305204781,,3,1,val,current_repo_v1
8277,331.08,-0.8383772049213444,,3,1,val,current_repo_v1
8278,331.12,-0.7116865339558628,,3,1,val,current_repo_v1
8279,331.16,-0.8505473100098169,,3,1,val,current_repo_v1
8280,331.2,-0.650701309879674,,3,1,val,current_repo_v1
8281,331.24,-0.612059354565756,,3,1,val,current_repo_v1
8282,331.28,-0.6735479901088378,,3,1,val,current_repo_v1
8283,331.32,-0.6531041694997799,,3,1,val,current_repo_v1
8284,331.36,-0.8484694279279167,,3,1,val,current_repo_v1
8285,331.4,-1.0512715087864284,,3,1,val,current_repo_v1
8286,331.44,-0.7299527013416182,,3,1,val,current_repo_v1
8287,331.48,-0.5128563164206063,,3,1,val,current_repo_v1
8288,331.52,-0.42790923802562175,,3,1,val,current_repo_v1
8289,331.56,-0.29851884273676343,,3,1,val,current_repo_v1
8290,331.6,-0.3032125851955571,,3,1,val,current_repo_v1
8291,331.64,-0.26471121303864553,,3,1,val,current_repo_v1
8292,331.68,-0.6362009715765382,,3,1,val,current_repo_v1
8293,331.72,-0.8542057370532328,,3,1,val,current_repo_v1
8294,331.76,-0.48448012060007556,,3,1,val,current_repo_v1
8295,331.8,-0.3155486338377091,,3,1,val,current_repo_v1
8296,331.84,-0.16694646625271514,,3,1,val,current_repo_v1
8297,331.88,-0.13755506679844962,,3,1,val,current_repo_v1
8298,331.92,-0.337050301891225,,3,1,val,current_repo_v1
8299,331.96,-0.33634241273498894,,3,1,val,current_repo_v1
8300,332.0,-0.41015513805053416,,3,1,val,current_repo_v1
8301,332.04,-0.6465950516399179,,3,1,val,current_repo_v1
8302,332.08,-0.8570987964365757,,3,1,val,current_repo_v1
8303,332.12,-1.0893664691972547,,3,1,val,current_repo_v1
8304,332.16,-1.4061680888610077,,3,1,val,current_repo_v1
8305,332.2,-1.2277312748587885,,3,1,val,current_repo_v1
8306,332.24,-1.2618920328947123,,3,1,val,current_repo_v1
8307,332.28,-1.162407448788893,,3,1,val,current_repo_v1
8308,332.32,-0.9255783973763075,,3,1,val,current_repo_v1
8309,332.36,-0.8882983105495985,,3,1,val,current_repo_v1
8310,332.4,-0.8578752497790266,,3,1,val,current_repo_v1
8311,332.44,-0.7553305617608802,,3,1,val,current_repo_v1
8312,332.48,-0.5763132300557754,,3,1,val,current_repo_v1
8313,332.52,-0.6223313402643146,,3,1,val,current_repo_v1
8314,332.56,-0.3310228797094883,,3,1,val,current_repo_v1
8315,332.6,-0.3100734456829278,,3,1,val,current_repo_v1
8316,332.64,-0.5392537938659883,,3,1,val,current_repo_v1
8317,332.68,-0.507362715402971,,3,1,val,current_repo_v1
8318,332.72,-0.39103142479643915,,3,1,val,current_repo_v1
8319,332.76,0.05500189785363725,,3,1,val,current_repo_v1
8320,332.8,-0.07667997821739342,,3,1,val,current_repo_v1
8321,332.84,-0.014403490440990723,,3,1,val,current_repo_v1
8322,332.88,0.05332458095930788,,3,1,val,current_repo_v1
8323,332.92,0.042855691522209215,,3,1,val,current_repo_v1
8324,332.96,-0.02592893652391421,,3,1,val,current_repo_v1
8325,333.0,-0.10936370195277333,,3,1,val,current_repo_v1
8326,333.04,-0.07598218766222777,,3,1,val,current_repo_v1
8327,333.08,-0.07044836308130642,,3,1,val,current_repo_v1
8328,333.12,-0.062382409193644926,,3,1,val,current_repo_v1
8329,333.16,-0.1833119136689577,,3,1,val,current_repo_v1
8330,333.2,-0.07752666619134906,,3,1,val,current_repo_v1
8331,333.24,-0.2565119082627893,,3,1,val,current_repo_v1
8332,333.28,-0.20697394204055977,,3,1,val,current_repo_v1
8333,333.32,-0.25262109950075706,,3,1,val,current_repo_v1
8334,333.36,-0.1799822226656495,,3,1,val,current_repo_v1
8335,333.4,-0.1421602566745489,,3,1,val,current_repo_v1
8336,333.44,-0.09633688621860616,,3,1,val,current_repo_v1
8337,333.48,-0.19895375455737338,,3,1,val,current_repo_v1
8338,333.52,-0.32824428379316517,,3,1,val,current_repo_v1
8339,333.56,-0.22075264797848407,,3,1,val,current_repo_v1
8340,333.6,-0.23852219957250267,,3,1,val,current_repo_v1
8341,333.64,-0.08772109007792703,,3,1,val,current_repo_v1
8342,333.68,-0.1456310243755173,,3,1,val,current_repo_v1
8343,333.72,-0.09632931226780336,,3,1,val,current_repo_v1
8344,333.76,-0.22802069848758644,,3,1,val,current_repo_v1
8345,333.8,-0.15868239375721185,,3,1,val,current_repo_v1
8346,333.84,-0.2286228370675758,,3,1,val,current_repo_v1
8347,333.88,-0.2313781606438382,,3,1,val,current_repo_v1
8348,333.92,-0.3381716642213626,,3,1,val,current_repo_v1
8349,333.96,-0.1982430370335443,,3,1,val,current_repo_v1
8350,334.0,-0.22634723500682338,,3,1,val,current_repo_v1
8351,334.04,-0.2630097885816105,,3,1,val,current_repo_v1
8352,334.08,-0.3273529873370376,,3,1,val,current_repo_v1
8353,334.12,-0.30999937662018956,,3,1,val,current_repo_v1
8354,334.16,-0.21942289759843878,,3,1,val,current_repo_v1
8355,334.2,-0.2643448540148507,,3,1,val,current_repo_v1
8356,334.24,-0.13557188757508368,,3,1,val,current_repo_v1
8357,334.28,-0.5399498760111984,,3,1,val,current_repo_v1
8358,334.32,-0.6024334135830437,,3,1,val,current_repo_v1
8359,334.36,-0.46667624894828386,,3,1,val,current_repo_v1
8360,334.4,-0.5253157881908781,,3,1,val,current_repo_v1
8361,334.44,-0.6551248008658374,,3,1,val,current_repo_v1
8362,334.48,-0.6675041671915282,,3,1,val,current_repo_v1
8363,334.52,-0.7033961899117102,,3,1,val,current_repo_v1
8364,334.56,-0.6066349631336521,,3,1,val,current_repo_v1
8365,334.6,-0.39617366283322253,,3,1,val,current_repo_v1
8366,334.64,-0.5270686547699072,,3,1,val,current_repo_v1
8367,334.68,-0.5238088187514469,,3,1,val,current_repo_v1
8368,334.72,-0.6612548035742366,,3,1,val,current_repo_v1
8369,334.76,-0.5928059160490385,,3,1,val,current_repo_v1
8370,334.8,-0.6328827079375992,,3,1,val,current_repo_v1
8371,334.84,-0.5578403830300678,,3,1,val,current_repo_v1
8372,334.88,-0.413254801144498,,3,1,val,current_repo_v1
8373,334.92,-0.2632910687896204,,3,1,val,current_repo_v1
8374,334.96,-0.3764836686258712,,3,1,val,current_repo_v1
8375,335.0,-0.5158651300696021,,3,1,val,current_repo_v1
8376,335.04,-0.45033906622563874,,3,1,val,current_repo_v1
8377,335.08,-0.4920034645035311,,3,1,val,current_repo_v1
8378,335.12,-0.6429791450220617,,3,1,val,current_repo_v1
8379,335.16,-0.8647424503655655,,3,1,val,current_repo_v1
8380,335.2,-0.8925409378684708,,3,1,val,current_repo_v1
8381,335.24,-1.3741500565559626,,3,1,val,current_repo_v1
8382,335.28,-2.149639855791977,,3,1,val,current_repo_v1
8383,335.32,-2.283057106222325,,3,1,val,current_repo_v1
8384,335.36,-1.827365553641377,,3,1,val,current_repo_v1
8385,335.4,-1.690825026095013,,3,1,val,current_repo_v1
8386,335.44,-1.7332957938719107,,3,1,val,current_repo_v1
8387,335.48,-1.8399148498106437,,3,1,val,current_repo_v1
8388,335.52,-1.7096353030692686,,3,1,val,current_repo_v1
8389,335.56,-1.6468545021651628,,3,1,val,current_repo_v1
8390,335.6,-1.3994601880116546,,3,1,val,current_repo_v1
8391,335.64,-1.4227897787882453,,3,1,val,current_repo_v1
8392,335.68,-1.1740443781125807,,3,1,val,current_repo_v1
8393,335.72,-0.8481517396055213,,3,1,val,current_repo_v1
8394,335.76,-0.7184823609709265,,3,1,val,current_repo_v1
8395,335.8,-0.6998271316913008,,3,1,val,current_repo_v1
8396,335.84,-0.6688986093618892,,3,1,val,current_repo_v1
8397,335.88,-0.6253810418582458,,3,1,val,current_repo_v1
8398,335.92,-0.4651121806516726,,3,1,val,current_repo_v1
8399,335.96,-0.46927698040590454,,3,1,val,current_repo_v1
8400,336.0,-0.6114344182040268,,3,1,val,current_repo_v1
8401,336.04,-0.42719823576680005,,3,1,val,current_repo_v1
8402,336.08,-0.7460333188536098,,3,1,val,current_repo_v1
8403,336.12,-0.7519814708134104,,3,1,val,current_repo_v1
8404,336.16,-0.48167206410318614,,3,1,val,current_repo_v1
8405,336.2,-0.27695257780459603,,3,1,val,current_repo_v1
8406,336.24,-0.30179023899592267,,3,1,val,current_repo_v1
8407,336.28,-0.10970644695451628,,3,1,val,current_repo_v1
8408,336.32,-0.40102539524823616,,3,1,val,current_repo_v1
8409,336.36,-0.37694118081195943,,3,1,val,current_repo_v1
8410,336.4,-0.4260692425388612,,3,1,val,current_repo_v1
8411,336.44,-0.38545506080762537,,3,1,val,current_repo_v1
8412,336.48,-0.24459449598907104,,3,1,val,current_repo_v1
8413,336.52,-0.4203804651749742,,3,1,val,current_repo_v1
8414,336.56,-0.5063704709008051,,3,1,val,current_repo_v1
8415,336.6,-0.4596816389437288,,3,1,val,current_repo_v1
8416,336.64,-0.5676602854897301,,3,1,val,current_repo_v1
8417,336.68,-0.4683157910002634,,3,1,val,current_repo_v1
8418,336.72,-0.43591553044116993,,3,1,val,current_repo_v1
8419,336.76,-0.39575563389943963,,3,1,val,current_repo_v1
8420,336.8,-0.2505017600039362,,3,1,val,current_repo_v1
8421,336.84,-0.30701918832911507,,3,1,val,current_repo_v1
8422,336.88,-0.2847762981428976,,3,1,val,current_repo_v1
8423,336.92,-0.21361081100042892,,3,1,val,current_repo_v1
8424,336.96,-0.01719731967941725,,3,1,val,current_repo_v1
8425,337.0,-0.14512320900740547,,3,1,val,current_repo_v1
8426,337.04,-0.04251756871851258,,3,1,val,current_repo_v1
8427,337.08,0.1402084647385324,,3,1,val,current_repo_v1
8428,337.12,0.1907109802393156,,3,1,val,current_repo_v1
8429,337.16,-0.1598973769529119,,3,1,val,current_repo_v1
8430,337.2,0.23340809335298687,,3,1,val,current_repo_v1
8431,337.24,0.6815545862417115,,3,1,val,current_repo_v1
8432,337.28,1.3297818147884672,,3,1,val,current_repo_v1
8433,337.32,1.4456729050964603,,3,1,val,current_repo_v1
8434,337.36,1.294165187753115,,3,1,val,current_repo_v1
8435,337.4,1.158361478438234,,3,1,val,current_repo_v1
8436,337.44,0.9874061333132272,,3,1,val,current_repo_v1
8437,337.48,0.7897014921859986,,3,1,val,current_repo_v1
8438,337.52,0.804880524817464,,3,1,val,current_repo_v1
8439,337.56,1.0006176851105846,,3,1,val,current_repo_v1
8440,337.6,0.8205620577638463,,3,1,val,current_repo_v1
8441,337.64,0.43936192482677294,,3,1,val,current_repo_v1
8442,337.68,0.34055307380536015,,3,1,val,current_repo_v1
8443,337.72,0.41017848631992626,,3,1,val,current_repo_v1
8444,337.76,0.33774129677123427,,3,1,val,current_repo_v1
8445,337.8,0.2525840839517208,,3,1,val,current_repo_v1
8446,337.84,0.013782388510495066,,3,1,val,current_repo_v1
8447,337.88,-0.18564768972481008,,3,1,val,current_repo_v1
8448,337.92,-0.17502821344129876,,3,1,val,current_repo_v1
8449,337.96,-0.13513491427312738,,3,1,val,current_repo_v1
8450,338.0,-0.22440959439993846,,3,1,val,current_repo_v1
8451,338.04,-0.3960287896689944,,3,1,val,current_repo_v1
8452,338.08,-0.3899853843630072,,3,1,val,current_repo_v1
8453,338.12,-0.2982823798165866,,3,1,val,current_repo_v1
8454,338.16,-0.2720819769507403,,3,1,val,current_repo_v1
8455,338.2,-0.11303177202127145,,3,1,val,current_repo_v1
8456,338.24,-0.16110042026125612,,3,1,val,current_repo_v1
8457,338.28,-0.1932053916507044,,3,1,val,current_repo_v1
8458,338.32,-0.21039266018488337,,3,1,val,current_repo_v1
8459,338.36,-0.052998511936964074,,3,1,val,current_repo_v1
8460,338.4,-0.05768365539898168,,3,1,val,current_repo_v1
8461,338.44,-0.09665761171425576,,3,1,val,current_repo_v1
8462,338.48,-0.1455248182232825,,3,1,val,current_repo_v1
8463,338.52,-0.10373513654865199,,3,1,val,current_repo_v1
8464,338.56,-0.01947668024207182,,3,1,val,current_repo_v1
8465,338.6,-0.03324953962148165,,3,1,val,current_repo_v1
8466,338.64,-0.10995712764198956,,3,1,val,current_repo_v1
8467,338.68,-0.09828192993529834,,3,1,val,current_repo_v1
8468,338.72,-0.09283680979573415,,3,1,val,current_repo_v1
8469,338.76,-0.24241262868787813,,3,1,val,current_repo_v1
8470,338.8,-0.2526887525349956,,3,1,val,current_repo_v1
8471,338.84,-0.30706470796326324,,3,1,val,current_repo_v1
8472,338.88,-0.15626133957107977,,3,1,val,current_repo_v1
8473,338.92,-0.13767664864028412,,3,1,val,current_repo_v1
8474,338.96,-0.02662821719220774,,3,1,val,current_repo_v1
8475,339.0,-0.0951812417953612,,3,1,val,current_repo_v1
8476,339.04,-0.11207221509625448,,3,1,val,current_repo_v1
8477,339.08,-0.30433087238777473,,3,1,val,current_repo_v1
8478,339.12,-0.26939107941213386,,3,1,val,current_repo_v1
8479,339.16,-0.25967235278650397,,3,1,val,current_repo_v1
8480,339.2,-0.17340112379966166,,3,1,val,current_repo_v1
8481,339.24,-0.3103275052256464,,3,1,val,current_repo_v1
8482,339.28,-0.3223687962034727,,3,1,val,current_repo_v1
8483,339.32,-0.22921045416294328,,3,1,val,current_repo_v1
8484,339.36,-0.3693745571896307,,3,1,val,current_repo_v1
8485,339.4,-0.5041246331379444,,3,1,val,current_repo_v1
8486,339.44,-0.5320484040375878,,3,1,val,current_repo_v1
8487,339.48,-0.3921236682280015,,3,1,val,current_repo_v1
8488,339.52,-0.22971872510704328,,3,1,val,current_repo_v1
8489,339.56,-0.2523571311802964,,3,1,val,current_repo_v1
8490,339.6,-0.27674305081471795,,3,1,val,current_repo_v1
8491,339.64,-0.3369779412384423,,3,1,val,current_repo_v1
8492,339.68,-0.21905304582540155,,3,1,val,current_repo_v1
8493,339.72,-0.25188538224457885,,3,1,val,current_repo_v1
8494,339.76,-0.2623883449691237,,3,1,val,current_repo_v1
8495,339.8,-0.18290128784498208,,3,1,val,current_repo_v1
8496,339.84,-0.16642784993721782,,3,1,val,current_repo_v1
8497,339.88,-0.26016494432367887,,3,1,val,current_repo_v1
8498,339.92,-0.21772914200387072,,3,1,val,current_repo_v1
8499,339.96,-0.10785088595482767,,3,1,val,current_repo_v1
8500,340.0,-0.23194372026844665,,3,1,val,current_repo_v1
8501,340.04,-0.5170122704077352,,3,1,val,current_repo_v1
8502,340.08,-0.5560167882788802,,3,1,val,current_repo_v1
8503,340.12,-0.5973910985463253,,3,1,val,current_repo_v1
8504,340.16,-0.49573254378977416,,3,1,val,current_repo_v1
8505,340.2,-0.5812549007637807,,3,1,val,current_repo_v1
8506,340.24,-0.5404204860069456,,3,1,val,current_repo_v1
8507,340.28,-0.608107156939322,,3,1,val,current_repo_v1
8508,340.32,-0.5839675900204865,,3,1,val,current_repo_v1
8509,340.36,-0.6462595199246538,,3,1,val,current_repo_v1
8510,340.4,-0.7397667192781003,,3,1,val,current_repo_v1
8511,340.44,-0.7095630942751486,,3,1,val,current_repo_v1
8512,340.48,-0.8462694514811953,,3,1,val,current_repo_v1
8513,340.52,-0.8994555183577762,,3,1,val,current_repo_v1
8514,340.56,-0.8340542443698971,,3,1,val,current_repo_v1
8515,340.6,-0.9003372097534871,,3,1,val,current_repo_v1
8516,340.64,-0.7676261021047535,,3,1,val,current_repo_v1
8517,340.68,-0.3704434903164666,,3,1,val,current_repo_v1
8518,340.72,-0.10698069785281722,,3,1,val,current_repo_v1
8519,340.76,-0.2915005997278237,,3,1,val,current_repo_v1
8520,340.8,-0.44814265845749107,,3,1,val,current_repo_v1
8521,340.84,-0.4944253444211417,,3,1,val,current_repo_v1
8522,340.88,-0.5300844539173878,,3,1,val,current_repo_v1
8523,340.92,-0.5434939914462571,,3,1,val,current_repo_v1
8524,340.96,-0.58107965586701,,3,1,val,current_repo_v1
8525,341.0,-0.5501733049023545,,3,1,val,current_repo_v1
8526,341.04,-0.5905757576931029,,3,1,val,current_repo_v1
8527,341.08,-0.6514445061749908,,3,1,val,current_repo_v1
8528,341.12,-0.5939245069585816,,3,1,val,current_repo_v1
8529,341.16,-0.6355010929647602,,3,1,val,current_repo_v1
8530,341.2,-0.7516417629849217,,3,1,val,current_repo_v1
8531,341.24,-0.7111372611728303,,3,1,val,current_repo_v1
8532,341.28,-0.6289036313278651,,3,1,val,current_repo_v1
8533,341.32,-0.6009412123985612,,3,1,val,current_repo_v1
8534,341.36,-0.6805743385738998,,3,1,val,current_repo_v1
8535,341.4,-0.8683525863542387,,3,1,val,current_repo_v1
8536,341.44,-0.8297223241573496,,3,1,val,current_repo_v1
8537,341.48,-0.6979730892782393,,3,1,val,current_repo_v1
8538,341.52,-0.6242580850121499,,3,1,val,current_repo_v1
8539,341.56,-0.7112552553537582,,3,1,val,current_repo_v1
8540,341.6,-0.8265759645246015,,3,1,val,current_repo_v1
8541,341.64,-0.8503919585978617,,3,1,val,current_repo_v1
8542,341.68,-0.8713068447786549,,3,1,val,current_repo_v1
8543,341.72,-1.0151529888708102,,3,1,val,current_repo_v1
8544,341.76,-1.0716106987768772,,3,1,val,current_repo_v1
8545,341.8,-1.0815012534793667,,3,1,val,current_repo_v1
8546,341.84,-0.9854813247633416,,3,1,val,current_repo_v1
8547,341.88,-0.9037500813392962,,3,1,val,current_repo_v1
8548,341.92,-1.0268277310015133,,3,1,val,current_repo_v1
8549,341.96,-1.120467275179514,,3,1,val,current_repo_v1
8550,342.0,-0.9621020762040436,,3,1,val,current_repo_v1
8551,342.04,-0.8942218614060397,,3,1,val,current_repo_v1
8552,342.08,-0.9147420669224422,,3,1,val,current_repo_v1
8553,342.12,-0.9991211179895493,,3,1,val,current_repo_v1
8554,342.16,-1.1234332267209592,,3,1,val,current_repo_v1
8555,342.2,-1.097782476284802,,3,1,val,current_repo_v1
8556,342.24,-1.160847252888181,,3,1,val,current_repo_v1
8557,342.28,-1.0616112614132225,,3,1,val,current_repo_v1
8558,342.32,-1.0293286913177315,,3,1,val,current_repo_v1
8559,342.36,-1.1503085654132328,,3,1,val,current_repo_v1
8560,342.4,-1.2249147522414527,,3,1,val,current_repo_v1
8561,342.44,-1.1045240897572774,,3,1,val,current_repo_v1
8562,342.48,-0.8899377766722467,,3,1,val,current_repo_v1
8563,342.52,-0.9222279397008734,,3,1,val,current_repo_v1
8564,342.56,-1.0633829964310937,,3,1,val,current_repo_v1
8565,342.6,-0.9841338828490902,,3,1,val,current_repo_v1
8566,342.64,-1.1040709435077423,,3,1,val,current_repo_v1
8567,342.68,-1.1336987204616868,,3,1,val,current_repo_v1
8568,342.72,-0.9628559026057504,,3,1,val,current_repo_v1
8569,342.76,-0.9766477063533336,,3,1,val,current_repo_v1
8570,342.8,-1.1322964575701961,,3,1,val,current_repo_v1
8571,342.84,-1.053055088779991,,3,1,val,current_repo_v1
8572,342.88,-0.8859605982957965,,3,1,val,current_repo_v1
8573,342.92,-0.8457951968775429,,3,1,val,current_repo_v1
8574,342.96,-0.8890954166701784,,3,1,val,current_repo_v1
8575,343.0,-0.966438855893798,,3,1,val,current_repo_v1
8576,343.04,-0.9340628927207385,,3,1,val,current_repo_v1
8577,343.08,-0.8057959288362972,,3,1,val,current_repo_v1
8578,343.12,-0.6840471184021493,,3,1,val,current_repo_v1
8579,343.16,-0.8173223050535298,,3,1,val,current_repo_v1
8580,343.2,-0.9148889142492855,,3,1,val,current_repo_v1
8581,343.24,-1.0125089776943164,,3,1,val,current_repo_v1
8582,343.28,-0.995072566041624,,3,1,val,current_repo_v1
8583,343.32,-1.0483930278347058,,3,1,val,current_repo_v1
8584,343.36,-1.1459607000411005,,3,1,val,current_repo_v1
8585,343.4,-1.0178695884880806,,3,1,val,current_repo_v1
8586,343.44,-0.9475555349027774,,3,1,val,current_repo_v1
8587,343.48,-0.9664021060974214,,3,1,val,current_repo_v1
8588,343.52,-1.0012005186580766,,3,1,val,current_repo_v1
8589,343.56,-1.1363334682597552,,3,1,val,current_repo_v1
8590,343.6,-1.0923117679605707,,3,1,val,current_repo_v1
8591,343.64,-1.1090333808878736,,3,1,val,current_repo_v1
8592,343.68,-1.0680664694478215,,3,1,val,current_repo_v1
8593,343.72,-1.033851497869309,,3,1,val,current_repo_v1
8594,343.76,-0.8457748478167394,,3,1,val,current_repo_v1
8595,343.8,-0.9472660922916467,,3,1,val,current_repo_v1
8596,343.84,-1.002525181772921,,3,1,val,current_repo_v1
8597,343.88,-0.9423353933720223,,3,1,val,current_repo_v1
8598,343.92,-0.9558057123306425,,3,1,val,current_repo_v1
8599,343.96,-1.0381278378113037,,3,1,val,current_repo_v1
8600,344.0,-0.9189599412792923,,3,1,val,current_repo_v1
8601,344.04,-0.8473180355472276,,3,1,val,current_repo_v1
8602,344.08,-1.0238443157138561,,3,1,val,current_repo_v1
8603,344.12,-0.83657282029099,,3,1,val,current_repo_v1
8604,344.16,-0.8717211152105357,,3,1,val,current_repo_v1
8605,344.2,-1.0817797622667822,,3,1,val,current_repo_v1
8606,344.24,-0.7460457712639523,,3,1,val,current_repo_v1
8607,344.28,-0.6205238425313746,,3,1,val,current_repo_v1
8608,344.32,-0.7248343051148807,,3,1,val,current_repo_v1
8609,344.36,-0.558246453094162,,3,1,val,current_repo_v1
8610,344.4,-0.6466099337888638,,3,1,val,current_repo_v1
8611,344.44,-0.6935410942069641,,3,1,val,current_repo_v1
8612,344.48,-0.6894829751632879,,3,1,val,current_repo_v1
8613,344.52,-0.8196436165717588,,3,1,val,current_repo_v1
8614,344.56,-0.8079669002784404,,3,1,val,current_repo_v1
8615,344.6,-0.7985679120671525,,3,1,val,current_repo_v1
8616,344.64,-0.7812273991599634,,3,1,val,current_repo_v1
8617,344.68,-0.7555773320877885,,3,1,val,current_repo_v1
8618,344.72,-0.7059265348791635,,3,1,val,current_repo_v1
8619,344.76,-0.6874653809704847,,3,1,val,current_repo_v1
8620,344.8,-0.6324645651098193,,3,1,val,current_repo_v1
8621,344.84,-0.7574388915046544,,3,1,val,current_repo_v1
8622,344.88,-0.5568368630221955,,3,1,val,current_repo_v1
8623,344.92,-0.6545305779186419,,3,1,val,current_repo_v1
8624,344.96,-0.7471093893375933,,3,1,val,current_repo_v1
8625,345.0,-0.3437802222466715,,3,1,val,current_repo_v1
8626,345.04,-0.2459351042635003,,3,1,val,current_repo_v1
8627,345.08,-0.42293161477921914,,3,1,val,current_repo_v1
8628,345.12,-0.49364991612466413,,3,1,val,current_repo_v1
8629,345.16,-0.5518993684274147,,3,1,val,current_repo_v1
8630,345.2,-0.7852556779764165,,3,1,val,current_repo_v1
8631,345.24,-0.44163369245629186,,3,1,val,current_repo_v1
8632,345.28,-0.4225346562348877,,3,1,val,current_repo_v1
8633,345.32,-0.574685001474168,,3,1,val,current_repo_v1
8634,345.36,-0.6570329049628246,,3,1,val,current_repo_v1
8635,345.4,-0.603069891203139,,3,1,val,current_repo_v1
8636,345.44,-0.5398730734925313,,3,1,val,current_repo_v1
8637,345.48,-0.6187238618022388,,3,1,val,current_repo_v1
8638,345.52,-0.5581661198615869,,3,1,val,current_repo_v1
8639,345.56,-0.6543955755674902,,3,1,val,current_repo_v1
8640,345.6,-0.621494674962098,,3,1,val,current_repo_v1
8641,345.64,-0.8256611679404192,,3,1,val,current_repo_v1
8642,345.68,-0.9845551387794558,,3,1,val,current_repo_v1
8643,345.72,-1.049923611296189,,3,1,val,current_repo_v1
8644,345.76,-0.9954213853898755,,3,1,val,current_repo_v1
8645,345.8,-1.0142181469431497,,3,1,val,current_repo_v1
8646,345.84,-1.0097738513201946,,3,1,val,current_repo_v1
8647,345.88,-1.04868490018444,,3,1,val,current_repo_v1
8648,345.92,-0.6940013018843154,,3,1,val,current_repo_v1
8649,345.96,-0.5124969428952962,,3,1,val,current_repo_v1
8650,346.0,-0.46598407716363854,,3,1,val,current_repo_v1
8651,346.04,-0.33388275797502853,,3,1,val,current_repo_v1
8652,346.08,-0.1563869741409754,,3,1,val,current_repo_v1
8653,346.12,-0.5232586727811038,,3,1,val,current_repo_v1
8654,346.16,-0.4810139845883199,,3,1,val,current_repo_v1
8655,346.2,-0.17718297397119742,,3,1,val,current_repo_v1
8656,346.24,-0.3387322884394328,,3,1,val,current_repo_v1
8657,346.28,-0.19953233606230944,,3,1,val,current_repo_v1
8658,346.32,0.13603242744325972,,3,1,val,current_repo_v1
8659,346.36,0.4234911759866504,,3,1,val,current_repo_v1
8660,346.4,0.2656282115734372,,3,1,val,current_repo_v1
8661,346.44,0.22450849235403023,,3,1,val,current_repo_v1
8662,346.48,0.10148116485616973,,3,1,val,current_repo_v1
8663,346.52,-0.2287591681820263,,3,1,val,current_repo_v1
8664,346.56,-0.3395121586017948,,3,1,val,current_repo_v1
8665,346.6,-0.7109097768960864,,3,1,val,current_repo_v1
8666,346.64,-1.090873514566017,,3,1,val,current_repo_v1
8667,346.68,-0.8745763617868632,,3,1,val,current_repo_v1
8668,346.72,-0.49631332724531957,,3,1,val,current_repo_v1
8669,346.76,-0.06866510578740197,,3,1,val,current_repo_v1
8670,346.8,-0.21202662143100823,,3,1,val,current_repo_v1
8671,346.84,-0.4104259779754826,,3,1,val,current_repo_v1
8672,346.88,-0.6420565277167496,,3,1,val,current_repo_v1
8673,346.92,-0.605931553807966,,3,1,val,current_repo_v1
8674,346.96,-0.679765083760303,,3,1,val,current_repo_v1
8675,347.0,-0.7672121353901982,,3,1,val,current_repo_v1
8676,347.04,-0.22612354719664732,,3,1,val,current_repo_v1
8677,347.08,-0.23641225633043716,,3,1,val,current_repo_v1
8678,347.12,-0.2225407078025968,,3,1,val,current_repo_v1
8679,347.16,-0.28660141148071233,,3,1,val,current_repo_v1
8680,347.2,-0.2358670647489651,,3,1,val,current_repo_v1
8681,347.24,-0.20636988624495364,,3,1,val,current_repo_v1
8682,347.28,-0.3950299393150005,,3,1,val,current_repo_v1
8683,347.32,-0.5612953194654484,,3,1,val,current_repo_v1
8684,347.36,-0.4470355328769829,,3,1,val,current_repo_v1
8685,347.4,-0.36237668222382735,,3,1,val,current_repo_v1
8686,347.44,-0.22765473809278125,,3,1,val,current_repo_v1
8687,347.48,-0.7200358750904793,,3,1,val,current_repo_v1
8688,347.52,-0.8035801590886537,,3,1,val,current_repo_v1
8689,347.56,-0.5758425441306969,,3,1,val,current_repo_v1
8690,347.6,-0.453317394248095,,3,1,val,current_repo_v1
8691,347.64,-0.20848007625734608,,3,1,val,current_repo_v1
8692,347.68,-0.047983351127372134,,3,1,val,current_repo_v1
8693,347.72,0.01568848048020139,,3,1,val,current_repo_v1
8694,347.76,-0.05678663576950315,,3,1,val,current_repo_v1
8695,347.8,0.12412420261863559,,3,1,val,current_repo_v1
8696,347.84,-0.045497586168591515,,3,1,val,current_repo_v1
8697,347.88,0.057508438975710285,,3,1,val,current_repo_v1
8698,347.92,0.16395230696467106,,3,1,val,current_repo_v1
8699,347.96,-0.2642035495291964,,3,1,val,current_repo_v1
8700,348.0,-0.33052884551501766,,3,1,val,current_repo_v1
8701,348.04,-0.06415991484069912,,3,1,val,current_repo_v1
8702,348.08,-0.4188783172480841,,3,1,val,current_repo_v1
8703,348.12,-0.2216613132691594,,3,1,val,current_repo_v1
8704,348.16,0.1882034900006006,,3,1,val,current_repo_v1
8705,348.2,0.318391086321703,,3,1,val,current_repo_v1
8706,348.24,0.676662003846428,,3,1,val,current_repo_v1
8707,348.28,0.6446877068362442,,3,1,val,current_repo_v1
8708,348.32,0.5420711517059689,,3,1,val,current_repo_v1
8709,348.36,0.677493430024781,,3,1,val,current_repo_v1
8710,348.4,0.32067116821300545,,3,1,val,current_repo_v1
8711,348.44,0.4583130507106947,,3,1,val,current_repo_v1
8712,348.48,-0.020324981714318777,,3,1,val,current_repo_v1
8713,348.52,-0.22063279352893791,,3,1,val,current_repo_v1
8714,348.56,-0.14485766515331916,,3,1,val,current_repo_v1
8715,348.6,-0.27388097059856836,,3,1,val,current_repo_v1
8716,348.64,-0.4521455768772711,,3,1,val,current_repo_v1
8717,348.68,-0.6036304015272121,,3,1,val,current_repo_v1
8718,348.72,-0.558619873545773,,3,1,val,current_repo_v1
8719,348.76,-0.6205850795371135,,3,1,val,current_repo_v1
8720,348.8,-0.6173910742489394,,3,1,val,current_repo_v1
8721,348.84,-0.005936411386939592,,3,1,val,current_repo_v1
8722,348.88,0.49642213397715335,,3,1,val,current_repo_v1
8723,348.92,0.5388200095959489,,3,1,val,current_repo_v1
8724,348.96,1.1221506284556861,,3,1,val,current_repo_v1
8725,349.0,1.0926106258087898,,3,1,val,current_repo_v1
8726,349.04,1.2232131759257552,,3,1,val,current_repo_v1
8727,349.08,1.0946134897113098,,3,1,val,current_repo_v1
8728,349.12,1.4056917082360774,,3,1,val,current_repo_v1
8729,349.16,1.1550043389816405,,3,1,val,current_repo_v1
8730,349.2,0.9102500876793954,,3,1,val,current_repo_v1
8731,349.24,0.9916917366336473,,3,1,val,current_repo_v1
8732,349.28,0.9058638020655967,,3,1,val,current_repo_v1
8733,349.32,0.7771649521444,,3,1,val,current_repo_v1
8734,349.36,0.8266889473696599,,3,1,val,current_repo_v1
8735,349.4,0.5138112416564106,,3,1,val,current_repo_v1
8736,349.44,0.27008222615080585,,3,1,val,current_repo_v1
8737,349.48,0.09875653571210817,,3,1,val,current_repo_v1
8738,349.52,0.17265369444412174,,3,1,val,current_repo_v1
8739,349.56,0.07968576418430144,,3,1,val,current_repo_v1
8740,349.6,0.10386843998101462,,3,1,val,current_repo_v1
8741,349.64,0.2668868541346672,,3,1,val,current_repo_v1
8742,349.68,0.6121066205745254,,3,1,val,current_repo_v1
8743,349.72,0.6945960563368304,,3,1,val,current_repo_v1
8744,349.76,1.2661446828853238,,3,1,val,current_repo_v1
8745,349.8,1.2286059807560148,,3,1,val,current_repo_v1
8746,349.84,1.1619445835849442,,3,1,val,current_repo_v1
8747,349.88,1.1498157840527297,,3,1,val,current_repo_v1
8748,349.92,1.2315107332563866,,3,1,val,current_repo_v1
8749,349.96,1.0877385443329726,,3,1,val,current_repo_v1
8750,350.0,1.0477010079087232,,3,1,val,current_repo_v1
8751,350.04,1.035028250646671,,3,1,val,current_repo_v1
8752,350.08,0.9040083929245708,,3,1,val,current_repo_v1
8753,350.12,0.6629660229150166,,3,1,val,current_repo_v1
8754,350.16,0.9663829719059196,,3,1,val,current_repo_v1
8755,350.2,0.943315641039834,,3,1,val,current_repo_v1
8756,350.24,0.7831521317805178,,3,1,val,current_repo_v1
8757,350.28,0.5748597907949505,,3,1,val,current_repo_v1
8758,350.32,0.6184053382571986,,3,1,val,current_repo_v1
8759,350.36,0.5140451799263197,,3,1,val,current_repo_v1
8760,350.4,0.619734253414599,,3,1,val,current_repo_v1
8761,350.44,0.6274321208861773,,3,1,val,current_repo_v1
8762,350.48,0.6599669661851001,,3,1,val,current_repo_v1
8763,350.52,0.7599414463368311,,3,1,val,current_repo_v1
8764,350.56,0.8641811807481787,,3,1,val,current_repo_v1
8765,350.6,0.6382844344642932,,3,1,val,current_repo_v1
8766,350.64,0.9559511929295214,,3,1,val,current_repo_v1
8767,350.68,0.9112512918426614,,3,1,val,current_repo_v1
8768,350.72,0.8467327722611322,,3,1,val,current_repo_v1
8769,350.76,0.7575107965814489,,3,1,val,current_repo_v1
8770,350.8,0.6487755901778121,,3,1,val,current_repo_v1
8771,350.84,0.674180481439037,,3,1,val,current_repo_v1
8772,350.88,0.6487441554346305,,3,1,val,current_repo_v1
8773,350.92,0.7364358513701562,,3,1,val,current_repo_v1
8774,350.96,0.7903810597016387,,3,1,val,current_repo_v1
8775,351.0,0.7251433374935013,,3,1,val,current_repo_v1
8776,351.04,0.8071623530833877,,3,1,val,current_repo_v1
8777,351.08,1.0491570287668142,,3,1,val,current_repo_v1
8778,351.12,0.9891385369374557,,3,1,val,current_repo_v1
8779,351.16,0.8808959600356594,,3,1,val,current_repo_v1
8780,351.2,0.899732204841239,,3,1,val,current_repo_v1
8781,351.24,0.9081134362950253,,3,1,val,current_repo_v1
8782,351.28,1.1082727208463448,,3,1,val,current_repo_v1
8783,351.32,1.1582594294168909,,3,1,val,current_repo_v1
8784,351.36,0.9610376988370891,,3,1,val,current_repo_v1
8785,351.4,0.9588532119739644,,3,1,val,current_repo_v1
8786,351.44,1.0173010296548837,,3,1,val,current_repo_v1
8787,351.48,1.1099811308018646,,3,1,val,current_repo_v1
8788,351.52,0.9462469688061805,,3,1,val,current_repo_v1
8789,351.56,0.907622173521149,,3,1,val,current_repo_v1
8790,351.6,1.0093049117697372,,3,1,val,current_repo_v1
8791,351.64,1.1622470860410683,,3,1,val,current_repo_v1
8792,351.68,1.15273557056071,,3,1,val,current_repo_v1
8793,351.72,0.9637195228205985,,3,1,val,current_repo_v1
8794,351.76,0.7953199589890495,,3,1,val,current_repo_v1
8795,351.8,0.568586357579619,,3,1,val,current_repo_v1
8796,351.84,0.674577136266043,,3,1,val,current_repo_v1
8797,351.88,1.043349953504674,,3,1,val,current_repo_v1
8798,351.92,0.9006562648038469,,3,1,val,current_repo_v1
8799,351.96,0.8129095960324191,,3,1,val,current_repo_v1
8800,352.0,0.8359757120292031,,3,1,val,current_repo_v1
8801,352.04,0.7783125480585211,,3,1,val,current_repo_v1
8802,352.08,0.7826177411464311,,3,1,val,current_repo_v1
8803,352.12,0.6365078779338809,,3,1,val,current_repo_v1
8804,352.16,0.7179084870845346,,3,1,val,current_repo_v1
8805,352.2,0.7256289814968572,,3,1,val,current_repo_v1
8806,352.24,0.6045681287694642,,3,1,val,current_repo_v1
8807,352.28,0.7406795416996674,,3,1,val,current_repo_v1
8808,352.32,0.6116128521327144,,3,1,val,current_repo_v1
8809,352.36,0.6351816962324094,,3,1,val,current_repo_v1
8810,352.4,0.48634426161420746,,3,1,val,current_repo_v1
8811,352.44,0.7110513091697348,,3,1,val,current_repo_v1
8812,352.48,0.7192077898027059,,3,1,val,current_repo_v1
8813,352.52,0.4504619578484391,,3,1,val,current_repo_v1
8814,352.56,0.5485757138059494,,3,1,val,current_repo_v1
8815,352.6,0.6495707221357767,,3,1,val,current_repo_v1
8816,352.64,0.6995531786637668,,3,1,val,current_repo_v1
8817,352.68,0.7963088626006358,,3,1,val,current_repo_v1
8818,352.72,1.0370358221677354,,3,1,val,current_repo_v1
8819,352.76,0.7170310477313796,,3,1,val,current_repo_v1
8820,352.8,0.6827571549917347,,3,1,val,current_repo_v1
8821,352.84,0.6684772775021923,,3,1,val,current_repo_v1
8822,352.88,0.5805667152690317,,3,1,val,current_repo_v1
8823,352.92,0.6960894344259488,,3,1,val,current_repo_v1
8824,352.96,0.6711250851452539,,3,1,val,current_repo_v1
8825,353.0,0.8091647614099196,,3,1,val,current_repo_v1
8826,353.04,0.6319898549301788,,3,1,val,current_repo_v1
8827,353.08,0.6033039054023795,,3,1,val,current_repo_v1
8828,353.12,0.6211389460446931,,3,1,val,current_repo_v1
8829,353.16,0.5363659736065088,,3,1,val,current_repo_v1
8830,353.2,0.46790562075227593,,3,1,val,current_repo_v1
8831,353.24,0.1365753031801254,,3,1,val,current_repo_v1
8832,353.28,0.40821206849645725,,3,1,val,current_repo_v1
8833,353.32,0.6106081552202061,,3,1,val,current_repo_v1
8834,353.36,1.017347346547011,,3,1,val,current_repo_v1
8835,353.4,0.8561786847991985,,3,1,val,current_repo_v1
8836,353.44,0.6930460349665201,,3,1,val,current_repo_v1
8837,353.48,0.6188610661039999,,3,1,val,current_repo_v1
8838,353.52,0.7570108778637982,,3,1,val,current_repo_v1
8839,353.56,0.5337537768198534,,3,1,val,current_repo_v1
8840,353.6,0.6351558043304169,,3,1,val,current_repo_v1
8841,353.64,0.7656408538071081,,3,1,val,current_repo_v1
8842,353.68,0.6759566203581268,,3,1,val,current_repo_v1
8843,353.72,0.9876257209395101,,3,1,val,current_repo_v1
8844,353.76,0.9391408945431944,,3,1,val,current_repo_v1
8845,353.8,0.9277123153047488,,3,1,val,current_repo_v1
8846,353.84,0.7144907560215187,,3,1,val,current_repo_v1
8847,353.88,0.8744911690770812,,3,1,val,current_repo_v1
8848,353.92,1.099866888289199,,3,1,val,current_repo_v1
8849,353.96,1.2405130666406685,,3,1,val,current_repo_v1
8850,354.0,1.1905451885442988,,3,1,val,current_repo_v1
8851,354.04,0.9828029935290746,,3,1,val,current_repo_v1
8852,354.08,0.7345004127138806,,3,1,val,current_repo_v1
8853,354.12,0.6441045695714268,,3,1,val,current_repo_v1
8854,354.16,0.6657567295596911,,3,1,val,current_repo_v1
8855,354.2,0.8302930090118246,,3,1,val,current_repo_v1
8856,354.24,1.0534758891343685,,3,1,val,current_repo_v1
8857,354.28,1.192045096555914,,3,1,val,current_repo_v1
8858,354.32,1.1149390124221146,,3,1,val,current_repo_v1
8859,354.36,1.5449457982264578,,3,1,val,current_repo_v1
8860,354.4,1.6913493940573605,,3,1,val,current_repo_v1
8861,354.44,1.457369514874594,,3,1,val,current_repo_v1
8862,354.48,1.5090412471666022,,3,1,val,current_repo_v1
8863,354.52,1.3357439377452376,,3,1,val,current_repo_v1
8864,354.56,1.227301514843311,,3,1,val,current_repo_v1
8865,354.6,0.94258155626428,,3,1,val,current_repo_v1
8866,354.64,-0.2534508552338202,,3,1,val,current_repo_v1
8867,354.68,-1.216897222284864,,3,1,val,current_repo_v1
8868,354.72,-1.6423675342579855,,3,1,val,current_repo_v1
8869,354.76,-1.6426314646137805,,3,1,val,current_repo_v1
8870,354.8,-1.3974978703720788,,3,1,val,current_repo_v1
8871,354.84,-1.4922538794383446,,3,1,val,current_repo_v1
8872,354.88,-1.6641669971490813,,3,1,val,current_repo_v1
8873,354.92,-1.6397453907289223,,3,1,val,current_repo_v1
8874,354.96,-1.7438162583073333,,3,1,val,current_repo_v1
8875,355.0,-2.5267349833232613,,3,1,val,current_repo_v1
8876,355.04,-2.744051411446544,,3,1,val,current_repo_v1
8877,355.08,-2.5163103417040107,,3,1,val,current_repo_v1
8878,355.12,-1.828242992994532,,3,1,val,current_repo_v1
8879,355.16,-1.6560463551605105,,3,1,val,current_repo_v1
8880,355.2,-1.2112172527234142,,3,1,val,current_repo_v1
8881,355.24,-0.7139926596078204,,3,1,val,current_repo_v1
8882,355.28,-0.6737503417769027,,3,1,val,current_repo_v1
8883,355.32,-0.5447402954911417,,3,1,val,current_repo_v1
8884,355.36,-0.22067172629359094,,3,1,val,current_repo_v1
8885,355.4,-0.10804035811006124,,3,1,val,current_repo_v1
8886,355.44,0.13068681269243815,,3,1,val,current_repo_v1
8887,355.48,0.7651122338022045,,3,1,val,current_repo_v1
8888,355.52,1.0479113321565805,,3,1,val,current_repo_v1
8889,355.56,1.141174570568379,,3,1,val,current_repo_v1
8890,355.6,0.754442644159998,,3,1,val,current_repo_v1
8891,355.64,0.887667641523352,,3,1,val,current_repo_v1
8892,355.68,1.5733702471370656,,3,1,val,current_repo_v1
8893,355.72,1.6862065485859263,,3,1,val,current_repo_v1
8894,355.76,1.6619325487859242,,3,1,val,current_repo_v1
8895,355.8,1.6241318904634354,,3,1,val,current_repo_v1
8896,355.84,1.0861089490234008,,3,1,val,current_repo_v1
8897,355.88,1.2739857530758403,,3,1,val,current_repo_v1
8898,355.92,1.3462792843296059,,3,1,val,current_repo_v1
8899,355.96,0.8175828945187451,,3,1,val,current_repo_v1
8900,356.0,0.8170453148527416,,3,1,val,current_repo_v1
8901,356.04,0.28873992313370067,,3,1,val,current_repo_v1
8902,356.08,0.15647478641268914,,3,1,val,current_repo_v1
8903,356.12,0.06354715564548626,,3,1,val,current_repo_v1
8904,356.16,-0.051055935923540983,,3,1,val,current_repo_v1
8905,356.2,0.39285741132156443,,3,1,val,current_repo_v1
8906,356.24,0.4736247318840398,,3,1,val,current_repo_v1
8907,356.28,0.5918817801570994,,3,1,val,current_repo_v1
8908,356.32,0.9262430827430017,,3,1,val,current_repo_v1
8909,356.36,0.906130769594646,,3,1,val,current_repo_v1
8910,356.4,0.9460852393303913,,3,1,val,current_repo_v1
8911,356.44,0.9289504189818469,,3,1,val,current_repo_v1
8912,356.48,0.8925893807818762,,3,1,val,current_repo_v1
8913,356.52,1.100417527800196,,3,1,val,current_repo_v1
8914,356.56,1.081980823136214,,3,1,val,current_repo_v1
8915,356.6,1.042715791729185,,3,1,val,current_repo_v1
8916,356.64,1.0194921982991678,,3,1,val,current_repo_v1
8917,356.68,1.1123206653596192,,3,1,val,current_repo_v1
8918,356.72,1.2116580984212697,,3,1,val,current_repo_v1
8919,356.76,1.4683785086279637,,3,1,val,current_repo_v1
8920,356.8,1.5277686093110165,,3,1,val,current_repo_v1
8921,356.84,1.3614329565643981,,3,1,val,current_repo_v1
8922,356.88,1.493166550001249,,3,1,val,current_repo_v1
8923,356.92,1.5114987759052845,,3,1,val,current_repo_v1
8924,356.96,1.749754235736732,,3,1,val,current_repo_v1
8925,357.0,1.8454882145908689,,3,1,val,current_repo_v1
8926,357.04,1.8077127648063904,,3,1,val,current_repo_v1
8927,357.08,1.755953410065997,,3,1,val,current_repo_v1
8928,357.12,1.8811537401156146,,3,1,val,current_repo_v1
8929,357.16,1.8612107493761836,,3,1,val,current_repo_v1
8930,357.2,1.9444716651097358,,3,1,val,current_repo_v1
8931,357.24,1.8889237404519814,,3,1,val,current_repo_v1
8932,357.28,1.9828993478505659,,3,1,val,current_repo_v1
8933,357.32,2.062007232876246,,3,1,val,current_repo_v1
8934,357.36,1.7624997332982235,,3,1,val,current_repo_v1
8935,357.4,1.9283702429609524,,3,1,val,current_repo_v1
8936,357.44,1.9984571159868372,,3,1,val,current_repo_v1
8937,357.48,2.1216149470229664,,3,1,val,current_repo_v1
8938,357.52,2.108114711907792,,3,1,val,current_repo_v1
8939,357.56,2.012489767573483,,3,1,val,current_repo_v1
8940,357.6,1.949297581552088,,3,1,val,current_repo_v1
8941,357.64,1.7592186750316492,,3,1,val,current_repo_v1
8942,357.68,1.9036487156819353,,3,1,val,current_repo_v1
8943,357.72,2.074770649759938,,3,1,val,current_repo_v1
8944,357.76,1.9591000582302043,,3,1,val,current_repo_v1
8945,357.8,1.6851734541034906,,3,1,val,current_repo_v1
8946,357.84,1.4714919149309031,,3,1,val,current_repo_v1
8947,357.88,0.7621932065875376,,3,1,val,current_repo_v1
8948,357.92,0.06905903664964559,,3,1,val,current_repo_v1
8949,357.96,-0.3026871921872363,,3,1,val,current_repo_v1
8950,358.0,-0.47696945689495657,,3,1,val,current_repo_v1
8951,358.04,-1.0396067893274643,,3,1,val,current_repo_v1
8952,358.08,-1.124848701316106,,3,1,val,current_repo_v1
8953,358.12,-0.9116813555754643,,3,1,val,current_repo_v1
8954,358.16,-0.6557504585562144,,3,1,val,current_repo_v1
8955,358.2,-0.3107163393315227,,3,1,val,current_repo_v1
8956,358.24,0.43457951589128774,,3,1,val,current_repo_v1
8957,358.28,0.054719440740991304,,3,1,val,current_repo_v1
8958,358.32,0.09946269747605588,,3,1,val,current_repo_v1
8959,358.36,0.2454608116951823,,3,1,val,current_repo_v1
8960,358.4,-0.1902669265272103,,3,1,val,current_repo_v1
8961,358.44,0.14122975220994216,,3,1,val,current_repo_v1
8962,358.48,0.9113194763822194,,3,1,val,current_repo_v1
8963,358.52,0.2818078788981834,,3,1,val,current_repo_v1
8964,358.56,0.6269106382384213,,3,1,val,current_repo_v1
8965,358.6,1.2000056795139855,,3,1,val,current_repo_v1
8966,358.64,1.509767435291695,,3,1,val,current_repo_v1
8967,358.68,1.5951300749171933,,3,1,val,current_repo_v1
8968,358.72,0.585456716067049,,3,1,val,current_repo_v1
8969,358.76,-0.6811296097741095,,3,1,val,current_repo_v1
8970,358.8,-1.6927177924670662,,3,1,val,current_repo_v1
8971,358.84,-2.4952370669380075,,3,1,val,current_repo_v1
8972,358.88,-0.8854957589292324,,3,1,val,current_repo_v1
8973,358.92,0.19115231947782488,,3,1,val,current_repo_v1
8974,358.96,0.2452335552064325,,3,1,val,current_repo_v1
8975,359.0,-0.9433832181447412,,3,1,val,current_repo_v1
8976,359.04,-0.36019553625128237,,3,1,val,current_repo_v1
8977,359.08,0.7202212945176517,,3,1,val,current_repo_v1
8978,359.12,0.9763161988926314,,3,1,val,current_repo_v1
8979,359.16,1.52498898834872,,3,1,val,current_repo_v1
8980,359.2,-0.12189515472917109,,3,1,val,current_repo_v1
8981,359.24,-0.08242565512396564,,3,1,val,current_repo_v1
8982,359.28,-0.5124973605066188,,3,1,val,current_repo_v1
8983,359.32,0.4967142341148815,,3,1,val,current_repo_v1
8984,359.36,0.12768969216047119,,3,1,val,current_repo_v1
8985,359.4,0.6149745473491893,,3,1,val,current_repo_v1
8986,359.44,-0.3398173185845163,,3,1,val,current_repo_v1
8987,359.48,-0.09376797864199024,,3,1,val,current_repo_v1
8988,359.52,0.07144025641031482,,3,1,val,current_repo_v1
8989,359.56,0.27602088694418686,,3,1,val,current_repo_v1
8990,359.6,0.9184676154947772,,3,1,val,current_repo_v1
8991,359.64,1.5984715729315275,,3,1,val,current_repo_v1
8992,359.68,1.333461502044663,,3,1,val,current_repo_v1
8993,359.72,0.9974927375492791,,3,1,val,current_repo_v1
8994,359.76,-0.41426283894758603,,3,1,val,current_repo_v1
8995,359.8,-0.49559746550929107,,3,1,val,current_repo_v1
8996,359.84,-0.4799399641962831,,3,1,val,current_repo_v1
8997,359.88,-0.6199293158668536,,3,1,val,current_repo_v1
8998,359.92,-0.6444705489485648,,3,1,val,current_repo_v1
8999,359.96,-0.823169622861289,,3,1,val,current_repo_v1
9000,360.0,-0.6200329973688209,,3,1,val,current_repo_v1
9001,360.04,-0.4872223843313447,,3,1,val,current_repo_v1
9002,360.08,-0.7423032904507249,,3,1,val,current_repo_v1
9003,360.12,-0.815263253445806,,3,1,val,current_repo_v1
9004,360.16,-1.0018442475293166,,3,1,val,current_repo_v1
9005,360.2,-1.0818945674157932,,3,1,val,current_repo_v1
9006,360.24,-1.154927802215633,,3,1,val,current_repo_v1
9007,360.28,-1.3716424144585848,,3,1,val,current_repo_v1
9008,360.32,-1.0189432292334608,,3,1,val,current_repo_v1
9009,360.36,-0.8028358997826979,,3,1,val,current_repo_v1
9010,360.4,-0.492032621366772,,3,1,val,current_repo_v1
9011,360.44,-0.15628335907717314,,3,1,val,current_repo_v1
9012,360.48,0.15494750587712008,,3,1,val,current_repo_v1
9013,360.52,-0.008710109861390246,,3,1,val,current_repo_v1
9014,360.56,0.1234045064513736,,3,1,val,current_repo_v1
9015,360.6,-0.13437315325629393,,3,1,val,current_repo_v1
9016,360.64,-0.22968700562886912,,3,1,val,current_repo_v1
9017,360.68,-0.14074557933738144,,3,1,val,current_repo_v1
9018,360.72,-0.0662860500126764,,3,1,val,current_repo_v1
9019,360.76,0.600549189260768,,3,1,val,current_repo_v1
9020,360.8,-0.2127012155754445,,3,1,val,current_repo_v1
9021,360.84,0.6149309639129907,,3,1,val,current_repo_v1
9022,360.88,1.8228368246019537,,3,1,val,current_repo_v1
9023,360.92,1.487531682462625,,3,1,val,current_repo_v1
9024,360.96,0.4212692179985013,,3,1,val,current_repo_v1
9025,361.0,0.6066419106674712,,3,1,val,current_repo_v1
9026,361.04,0.6859264452825524,,3,1,val,current_repo_v1
9027,361.08,0.4549258432388841,,3,1,val,current_repo_v1
9028,361.12,0.4431137449477572,,3,1,val,current_repo_v1
9029,361.16,0.5447927626591089,,3,1,val,current_repo_v1
9030,361.2,0.3782776129731641,,3,1,val,current_repo_v1
9031,361.24,-0.05415000872048371,,3,1,val,current_repo_v1
9032,361.28,-0.3447972197108596,,3,1,val,current_repo_v1
9033,361.32,-0.40439160825992676,,3,1,val,current_repo_v1
9034,361.36,-0.5228902636653624,,3,1,val,current_repo_v1
9035,361.4,-0.7586812472243084,,3,1,val,current_repo_v1
9036,361.44,-0.6229034677760853,,3,1,val,current_repo_v1
9037,361.48,-0.6096937382826805,,3,1,val,current_repo_v1
9038,361.52,-0.7798449538239568,,3,1,val,current_repo_v1
9039,361.56,-0.6455356096795015,,3,1,val,current_repo_v1
9040,361.6,-0.10837109678628346,,3,1,val,current_repo_v1
9041,361.64,0.6627720994027323,,3,1,val,current_repo_v1
9042,361.68,1.0893965372124716,,3,1,val,current_repo_v1
9043,361.72,1.4590086772799167,,3,1,val,current_repo_v1
9044,361.76,1.5702050570301411,,3,1,val,current_repo_v1
9045,361.8,1.4434314712348182,,3,1,val,current_repo_v1
9046,361.84,1.5386006877223257,,3,1,val,current_repo_v1
9047,361.88,1.6225235553666433,,3,1,val,current_repo_v1
9048,361.92,1.4796467251185845,,3,1,val,current_repo_v1
9049,361.96,1.242411451783242,,3,1,val,current_repo_v1
9050,362.0,0.7531454674631046,,3,1,val,current_repo_v1
9051,362.04,0.430395809733548,,3,1,val,current_repo_v1
9052,362.08,-0.2875052552588465,,3,1,val,current_repo_v1
9053,362.12,-0.6669365954396388,,3,1,val,current_repo_v1
9054,362.16,-0.8473932055852705,,3,1,val,current_repo_v1
9055,362.2,-0.8335221316157511,,3,1,val,current_repo_v1
9056,362.24,-0.5649797902695195,,3,1,val,current_repo_v1
9057,362.28,-0.16372134892101764,,3,1,val,current_repo_v1
9058,362.32,-0.07005867477045234,,3,1,val,current_repo_v1
9059,362.36,-0.5677220160361229,,3,1,val,current_repo_v1
9060,362.4,-0.5413890025930626,,3,1,val,current_repo_v1
9061,362.44,-0.4857812835868652,,3,1,val,current_repo_v1
9062,362.48,-0.27679354382007,,3,1,val,current_repo_v1
9063,362.52,0.4605356920628261,,3,1,val,current_repo_v1
9064,362.56,0.8475476458452494,,3,1,val,current_repo_v1
9065,362.6,1.2233764239881715,,3,1,val,current_repo_v1
9066,362.64,1.3828111635251286,,3,1,val,current_repo_v1
9067,362.68,1.3555327919420148,,3,1,val,current_repo_v1
9068,362.72,1.1876168979512065,,3,1,val,current_repo_v1
9069,362.76,0.9052600120226503,,3,1,val,current_repo_v1
9070,362.8,0.7516555821232286,,3,1,val,current_repo_v1
9071,362.84,0.552535732153513,,3,1,val,current_repo_v1
9072,362.88,0.6407923802789962,,3,1,val,current_repo_v1
9073,362.92,0.8306390949041472,,3,1,val,current_repo_v1
9074,362.96,0.19695271295880584,,3,1,val,current_repo_v1
9075,363.0,-0.6428083799558411,,3,1,val,current_repo_v1
9076,363.04,-2.1464295636622266,,3,1,val,current_repo_v1
9077,363.08,-3.233720276798859,,3,1,val,current_repo_v1
9078,363.12,-2.385660867260267,,3,1,val,current_repo_v1
9079,363.16,-1.5070081633902022,,3,1,val,current_repo_v1
9080,363.2,-1.933477401646649,,3,1,val,current_repo_v1
9081,363.24,-0.4589250790860933,,3,1,val,current_repo_v1
9082,363.28,-1.3949906838506891,,3,1,val,current_repo_v1
9083,363.32,1.038093365894868,,3,1,val,current_repo_v1
9084,363.36,2.2939506873920332,,3,1,val,current_repo_v1
9085,363.4,2.593183170931883,,3,1,val,current_repo_v1
9086,363.44,2.4614568667108423,,3,1,val,current_repo_v1
9087,363.48,2.0872109114093766,,3,1,val,current_repo_v1
9088,363.52,0.514006911543316,,3,1,val,current_repo_v1
9089,363.56,0.3623942598640364,,3,1,val,current_repo_v1
9090,363.6,0.2091866366502834,,3,1,val,current_repo_v1
9091,363.64,-0.8268986641828664,,3,1,val,current_repo_v1
9092,363.68,-0.6817889041582774,,3,1,val,current_repo_v1
9093,363.72,1.3105473965692547,,3,1,val,current_repo_v1
9094,363.76,1.3702954281203215,,3,1,val,current_repo_v1
9095,363.8,1.1676113414427378,,3,1,val,current_repo_v1
9096,363.84,1.2398492924259505,,3,1,val,current_repo_v1
9097,363.88,1.694828172302787,,3,1,val,current_repo_v1
9098,363.92,2.18914694990737,,3,1,val,current_repo_v1
9099,363.96,2.060486368369177,,3,1,val,current_repo_v1
