frame_idx,timestamp_s,y_pred,y_true,subject_id,story_id,split,manifest_id
0,0.0,0.6610505456214293,,5,1,val,current_repo_v1
1,0.04,0.6610505456214293,,5,1,val,current_repo_v1
2,0.08,0.6610505456214293,,5,1,val,current_repo_v1
3,0.12,0.6610505456214293,,5,1,val,current_repo_v1
4,0.16,0.4952778125411038,,5,1,val,current_repo_v1
5,0.2,0.5684584789880317,,5,1,val,current_repo_v1
6,0.24,0.5919817144814049,,5,1,val,current_repo_v1
7,0.28,0.3701972828074922,,5,1,val,current_repo_v1
8,0.32,0.39379528787185175,,5,1,val,current_repo_v1
9,0.36,0.47823178272347366,,5,1,val,current_repo_v1
10,0.4,0.5713398289688012,,5,1,val,current_repo_v1
11,0.44,0.6035942841834652,,5,1,val,current_repo_v1
12,0.48,0.5489057655401411,,5,1,val,current_repo_v1
13,0.52,0.39070644926223674,,5,1,val,current_repo_v1
14,0.56,0.46157908095551503,,5,1,val,current_repo_v1
15,0.6,0.3681690098421638,,5,1,val,current_repo_v1
16,0.64,0.15855425688500063,,5,1,val,current_repo_v1
17,0.68,-0.09098763114038451,,5,1,val,current_repo_v1
18,0.72,0.3217828397000148,,5,1,val,current_repo_v1
19,0.76,0.4823452140967529,,5,1,val,current_repo_v1
20,0.8,0.26767796979047415,,5,1,val,current_repo_v1
21,0.84,0.34369550098354523,,5,1,val,current_repo_v1
22,0.88,0.19439838815302954,,5,1,val,current_repo_v1
23,0.92,0.2042739056161647,,5,1,val,current_repo_v1
24,0.96,0.2338150889168578,,5,1,val,current_repo_v1
25,1.0,0.34830256703949414,,5,1,val,current_repo_v1
26,1.04,0.36467157824036056,,5,1,val,current_repo_v1
27,1.08,0.5025538699002917,,5,1,val,current_repo_v1
28,1.12,0.6775557544863584,,5,1,val,current_repo_v1
29,1.16,0.5847517793479979,,5,1,val,current_repo_v1
30,1.2,0.4598142407917406,,5,1,val,current_repo_v1
31,1.24,0.4480931795009092,,5,1,val,current_repo_v1
32,1.28,0.5692187386050069,,5,1,val,current_repo_v1
33,1.32,0.4755088116369118,,5,1,val,current_repo_v1
34,1.36,0.4680550998126709,,5,1,val,current_repo_v1
35,1.4,0.36021560646798123,,5,1,val,current_repo_v1
36,1.44,0.2851932635849599,,5,1,val,current_repo_v1
37,1.48,0.332226761416806,,5,1,val,current_repo_v1
38,1.52,0.3053659874326552,,5,1,val,current_repo_v1
39,1.56,0.2585891902762398,,5,1,val,current_repo_v1
40,1.6,0.43079169721360366,,5,1,val,current_repo_v1
41,1.64,0.3831304132739684,,5,1,val,current_repo_v1
42,1.68,0.20872727866508609,,5,1,val,current_repo_v1
43,1.72,0.2162057090557614,,5,1,val,current_repo_v1
44,1.76,0.14848350776428998,,5,1,val,current_repo_v1
45,1.8,0.28503484376597343,,5,1,val,current_repo_v1
46,1.84,0.23998542013828156,,5,1,val,current_repo_v1
47,1.88,0.17726811467810574,,5,1,val,current_repo_v1
48,1.92,0.20616291155901553,,5,1,val,current_repo_v1
49,1.96,0.08962841692233058,,5,1,val,current_repo_v1
50,2.0,0.1673742219892602,,5,1,val,current_repo_v1
51,2.04,0.21978552223741987,,5,1,val,current_repo_v1
52,2.08,0.31052772747895097,,5,1,val,current_repo_v1
53,2.12,0.26509080758257575,,5,1,val,current_repo_v1
54,2.16,0.3375020881868416,,5,1,val,current_repo_v1
55,2.2,0.1511521102821297,,5,1,val,current_repo_v1
56,2.24,0.12403172996324872,,5,1,val,current_repo_v1
57,2.28,0.0761779921354034,,5,1,val,current_repo_v1
58,2.32,0.09712976518917028,,5,1,val,current_repo_v1
59,2.36,0.08375351656393593,,5,1,val,current_repo_v1
60,2.4,0.28064934446279965,,5,1,val,current_repo_v1
61,2.44,0.31210042580595415,,5,1,val,current_repo_v1
62,2.48,0.21448490395404574,,5,1,val,current_repo_v1
63,2.52,0.21119154376205285,,5,1,val,current_repo_v1
64,2.56,0.16870841070503817,,5,1,val,current_repo_v1
65,2.6,0.18571343389424563,,5,1,val,current_repo_v1
66,2.64,0.49084725505639965,,5,1,val,current_repo_v1
67,2.68,0.27055774416725725,,5,1,val,current_repo_v1
68,2.72,0.06968464163439816,,5,1,val,current_repo_v1
69,2.76,-0.2138221885474953,,5,1,val,current_repo_v1
70,2.8,-0.14678797371352345,,5,1,val,current_repo_v1
71,2.84,0.027824046082283196,,5,1,val,current_repo_v1
72,2.88,0.02218451947393325,,5,1,val,current_repo_v1
73,2.92,0.12610694364993533,,5,1,val,current_repo_v1
74,2.96,0.06490379873619372,,5,1,val,current_repo_v1
75,3.0,0.32701073465134584,,5,1,val,current_repo_v1
76,3.04,0.5479985450422618,,5,1,val,current_repo_v1
77,3.08,0.7847111901523196,,5,1,val,current_repo_v1
78,3.12,0.6465420157925448,,5,1,val,current_repo_v1
79,3.16,0.032045191473535135,,5,1,val,current_repo_v1
80,3.2,0.26109515772287,,5,1,val,current_repo_v1
81,3.24,0.5859581599793805,,5,1,val,current_repo_v1
82,3.28,0.4644837580602375,,5,1,val,current_repo_v1
83,3.32,0.41868938068286593,,5,1,val,current_repo_v1
84,3.36,0.5370723657313254,,5,1,val,current_repo_v1
85,3.4,0.5820842204120192,,5,1,val,current_repo_v1
86,3.44,0.7456790186107068,,5,1,val,current_repo_v1
87,3.48,0.778268729613833,,5,1,val,current_repo_v1
88,3.52,1.010430662088439,,5,1,val,current_repo_v1
89,3.56,0.8733894564837413,,5,1,val,current_repo_v1
90,3.6,0.927432673213922,,5,1,val,current_repo_v1
91,3.64,1.0357883917192148,,5,1,val,current_repo_v1
92,3.68,1.1793985154290918,,5,1,val,current_repo_v1
93,3.72,1.1885221219301403,,5,1,val,current_repo_v1
94,3.76,1.2910407392259176,,5,1,val,current_repo_v1
95,3.8,1.5339415792233737,,5,1,val,current_repo_v1
96,3.84,1.4969406681559467,,5,1,val,current_repo_v1
97,3.88,1.2005292065004591,,5,1,val,current_repo_v1
98,3.92,0.9491502256142134,,5,1,val,current_repo_v1
99,3.96,1.0570665756936115,,5,1,val,current_repo_v1
100,4.0,1.0060906711393631,,5,1,val,current_repo_v1
101,4.04,1.3319701835157118,,5,1,val,current_repo_v1
102,4.08,1.6306409385132208,,5,1,val,current_repo_v1
103,4.12,1.3581569673167349,,5,1,val,current_repo_v1
104,4.16,0.8497457384413896,,5,1,val,current_repo_v1
105,4.2,0.8706021516448037,,5,1,val,current_repo_v1
106,4.24,1.1501942658327944,,5,1,val,current_repo_v1
107,4.28,1.251005092106535,,5,1,val,current_repo_v1
108,4.32,1.0907256511684802,,5,1,val,current_repo_v1
109,4.36,0.3374742184124345,,5,1,val,current_repo_v1
110,4.4,-0.4061081623898499,,5,1,val,current_repo_v1
111,4.44,-0.6443236881541673,,5,1,val,current_repo_v1
112,4.48,-0.7232119698102817,,5,1,val,current_repo_v1
113,4.52,-0.9309378805237095,,5,1,val,current_repo_v1
114,4.56,-0.8713207089121154,,5,1,val,current_repo_v1
115,4.6,-0.5351039247926975,,5,1,val,current_repo_v1
116,4.64,-0.2701120937878068,,5,1,val,current_repo_v1
117,4.68,0.1882834895445784,,5,1,val,current_repo_v1
118,4.72,0.2660917253616666,,5,1,val,current_repo_v1
119,4.76,0.24808165099070295,,5,1,val,current_repo_v1
120,4.8,0.18867642880885074,,5,1,val,current_repo_v1
121,4.84,0.1493282361248425,,5,1,val,current_repo_v1
122,4.88,0.2971242485289793,,5,1,val,current_repo_v1
123,4.92,0.47664291910881873,,5,1,val,current_repo_v1
124,4.96,0.9472967423794174,,5,1,val,current_repo_v1
125,5.0,1.2340669809307718,,5,1,val,current_repo_v1
126,5.04,1.005120017234243,,5,1,val,current_repo_v1
127,5.08,0.23204918470883287,,5,1,val,current_repo_v1
128,5.12,-0.09849145535634556,,5,1,val,current_repo_v1
129,5.16,-0.5996597759433837,,5,1,val,current_repo_v1
130,5.2,-0.5682937976778789,,5,1,val,current_repo_v1
131,5.24,-0.4072035550209506,,5,1,val,current_repo_v1
132,5.28,-0.17314991556808873,,5,1,val,current_repo_v1
133,5.32,-0.06350819727413144,,5,1,val,current_repo_v1
134,5.36,-0.04588585448932956,,5,1,val,current_repo_v1
135,5.4,0.05916623682007265,,5,1,val,current_repo_v1
136,5.44,0.16995004803341296,,5,1,val,current_repo_v1
137,5.48,0.17990567575117636,,5,1,val,current_repo_v1
138,5.52,-0.08123639711506501,,5,1,val,current_repo_v1
139,5.56,-0.001906974478571253,,5,1,val,current_repo_v1
140,5.6,0.16280235124313516,,5,1,val,current_repo_v1
141,5.64,0.468221499963536,,5,1,val,current_repo_v1
142,5.68,0.6745918183018395,,5,1,val,current_repo_v1
143,5.72,0.8905727070849059,,5,1,val,current_repo_v1
144,5.76,0.7938983937597243,,5,1,val,current_repo_v1
145,5.8,0.758569096209817,,5,1,val,current_repo_v1
146,5.84,0.8287296367508443,,5,1,val,current_repo_v1
147,5.88,0.8895838825779697,,5,1,val,current_repo_v1
148,5.92,0.8681344693288017,,5,1,val,current_repo_v1
149,5.96,0.5366582069692115,,5,1,val,current_repo_v1
150,6.0,-0.37203320931215517,,5,1,val,current_repo_v1
151,6.04,-1.307266677399872,,5,1,val,current_repo_v1
152,6.08,-1.1972664375806679,,5,1,val,current_repo_v1
153,6.12,-1.457984862251696,,5,1,val,current_repo_v1
154,6.16,-1.1521383565279975,,5,1,val,current_repo_v1
155,6.2,-0.8023906946220012,,5,1,val,current_repo_v1
156,6.24,-0.7339567705012884,,5,1,val,current_repo_v1
157,6.28,-0.9817792244050499,,5,1,val,current_repo_v1
158,6.32,-1.0302741051653865,,5,1,val,current_repo_v1
159,6.36,-1.1484768165629455,,5,1,val,current_repo_v1
160,6.4,-1.288987051972914,,5,1,val,current_repo_v1
161,6.44,-1.3764582828764913,,5,1,val,current_repo_v1
162,6.48,-1.2890976307254072,,5,1,val,current_repo_v1
163,6.52,-1.1427601160528509,,5,1,val,current_repo_v1
164,6.56,-0.837626110729192,,5,1,val,current_repo_v1
165,6.6,-0.47399361262421386,,5,1,val,current_repo_v1
166,6.64,-0.7610569953665783,,5,1,val,current_repo_v1
167,6.68,-1.3195279048469426,,5,1,val,current_repo_v1
168,6.72,-1.77396180588608,,5,1,val,current_repo_v1
169,6.76,-2.1079346843803295,,5,1,val,current_repo_v1
170,6.8,-2.030043534961261,,5,1,val,current_repo_v1
171,6.84,-1.9324487415098477,,5,1,val,current_repo_v1
172,6.88,-1.758789844467015,,5,1,val,current_repo_v1
173,6.92,-1.5277125004818892,,5,1,val,current_repo_v1
174,6.96,-1.3533112279504453,,5,1,val,current_repo_v1
175,7.0,-1.3466945097035516,,5,1,val,current_repo_v1
176,7.04,-1.2018748950790983,,5,1,val,current_repo_v1
177,7.08,-1.0142437874344068,,5,1,val,current_repo_v1
178,7.12,-0.6147813998844448,,5,1,val,current_repo_v1
179,7.16,-0.4017761517726527,,5,1,val,current_repo_v1
180,7.2,-0.454361586954883,,5,1,val,current_repo_v1
181,7.24,-0.28254015109592057,,5,1,val,current_repo_v1
182,7.28,-0.442567352159441,,5,1,val,current_repo_v1
183,7.32,-1.0323674076043314,,5,1,val,current_repo_v1
184,7.36,-0.6743579741154048,,5,1,val,current_repo_v1
185,7.4,-0.7556265227598656,,5,1,val,current_repo_v1
186,7.44,-0.6179009320782085,,5,1,val,current_repo_v1
187,7.48,-0.32430763254492295,,5,1,val,current_repo_v1
188,7.52,-0.17611460886101676,,5,1,val,current_repo_v1
189,7.56,-0.11716798975112577,,5,1,val,current_repo_v1
190,7.6,-0.15475203799260032,,5,1,val,current_repo_v1
191,7.64,-0.2515008958024846,,5,1,val,current_repo_v1
192,7.68,-0.22275883019629897,,5,1,val,current_repo_v1
193,7.72,-0.21397356930451694,,5,1,val,current_repo_v1
194,7.76,-0.09223512071213699,,5,1,val,current_repo_v1
195,7.8,0.02576722808369641,,5,1,val,current_repo_v1
196,7.84,0.0581426364822959,,5,1,val,current_repo_v1
197,7.88,-0.07865074912398465,,5,1,val,current_repo_v1
198,7.92,-0.36552068555225165,,5,1,val,current_repo_v1
199,7.96,-0.5872346856817376,,5,1,val,current_repo_v1
200,8.0,-0.12071700703668833,,5,1,val,current_repo_v1
201,8.04,0.3587930611546337,,5,1,val,current_repo_v1
202,8.08,0.2776327585502708,,5,1,val,current_repo_v1
203,8.12,0.0511034005872051,,5,1,val,current_repo_v1
204,8.16,0.07409567799958372,,5,1,val,current_repo_v1
205,8.2,0.07744739692623807,,5,1,val,current_repo_v1
206,8.24,0.06531802911667058,,5,1,val,current_repo_v1
207,8.28,-0.06224452195233786,,5,1,val,current_repo_v1
208,8.32,0.1928618264057641,,5,1,val,current_repo_v1
209,8.36,0.7308108827499356,,5,1,val,current_repo_v1
210,8.4,0.9194720670786591,,5,1,val,current_repo_v1
211,8.44,1.0999594271742332,,5,1,val,current_repo_v1
212,8.48,0.7592858527868588,,5,1,val,current_repo_v1
213,8.52,0.6312915197228377,,5,1,val,current_repo_v1
214,8.56,0.7622061631571077,,5,1,val,current_repo_v1
215,8.6,0.7471081937382306,,5,1,val,current_repo_v1
216,8.64,0.9369928652559022,,5,1,val,current_repo_v1
217,8.68,1.046578455215646,,5,1,val,current_repo_v1
218,8.72,0.8852051767880875,,5,1,val,current_repo_v1
219,8.76,0.9929936778583114,,5,1,val,current_repo_v1
220,8.8,1.0367108362348318,,5,1,val,current_repo_v1
221,8.84,0.8888785030894525,,5,1,val,current_repo_v1
222,8.88,0.9111222662963901,,5,1,val,current_repo_v1
223,8.92,0.7510269868632279,,5,1,val,current_repo_v1
224,8.96,0.8274600682608941,,5,1,val,current_repo_v1
225,9.0,0.7658107358299795,,5,1,val,current_repo_v1
226,9.04,0.7060505730410311,,5,1,val,current_repo_v1
227,9.08,0.6647852590910918,,5,1,val,current_repo_v1
228,9.12,0.9909834527204624,,5,1,val,current_repo_v1
229,9.16,0.8894724853298992,,5,1,val,current_repo_v1
230,9.2,0.5860176646078502,,5,1,val,current_repo_v1
231,9.24,0.29150644274701193,,5,1,val,current_repo_v1
232,9.28,0.37080698016302305,,5,1,val,current_repo_v1
233,9.32,0.2679810996275272,,5,1,val,current_repo_v1
234,9.36,0.12614668161021325,,5,1,val,current_repo_v1
235,9.4,-0.02613543087694353,,5,1,val,current_repo_v1
236,9.44,0.14974804250643972,,5,1,val,current_repo_v1
237,9.48,0.32455729415838885,,5,1,val,current_repo_v1
238,9.52,0.4527759563977584,,5,1,val,current_repo_v1
239,9.56,0.6111979443974673,,5,1,val,current_repo_v1
240,9.6,0.8097154115432595,,5,1,val,current_repo_v1
241,9.64,0.678520187825091,,5,1,val,current_repo_v1
242,9.68,0.6953439960934843,,5,1,val,current_repo_v1
243,9.72,0.7063662667851958,,5,1,val,current_repo_v1
244,9.76,0.43977579114350135,,5,1,val,current_repo_v1
245,9.8,0.14575863367551087,,5,1,val,current_repo_v1
246,9.84,0.35985027096705335,,5,1,val,current_repo_v1
247,9.88,0.4468076912719806,,5,1,val,current_repo_v1
248,9.92,0.3132565303465011,,5,1,val,current_repo_v1
249,9.96,-0.05320171119596364,,5,1,val,current_repo_v1
250,10.0,-0.6562228131578403,,5,1,val,current_repo_v1
251,10.04,-1.0314033835133873,,5,1,val,current_repo_v1
252,10.08,-0.8439243523469583,,5,1,val,current_repo_v1
253,10.12,-0.7420807483537804,,5,1,val,current_repo_v1
254,10.16,-0.43287071690472473,,5,1,val,current_repo_v1
255,10.2,-0.4697642004276312,,5,1,val,current_repo_v1
256,10.24,-0.8305024981712763,,5,1,val,current_repo_v1
257,10.28,-0.7534575094800204,,5,1,val,current_repo_v1
258,10.32,-0.830039966320544,,5,1,val,current_repo_v1
259,10.36,-0.9338920766108586,,5,1,val,current_repo_v1
260,10.4,-0.7591170789988195,,5,1,val,current_repo_v1
261,10.44,-0.8205747197655305,,5,1,val,current_repo_v1
262,10.48,-0.7871944238842903,,5,1,val,current_repo_v1
263,10.52,-0.9429254848992886,,5,1,val,current_repo_v1
264,10.56,-0.8054972945856436,,5,1,val,current_repo_v1
265,10.6,-0.7386980698319145,,5,1,val,current_repo_v1
266,10.64,-0.6421992828832849,,5,1,val,current_repo_v1
267,10.68,-0.7695718867067888,,5,1,val,current_repo_v1
268,10.72,-0.8311456719959186,,5,1,val,current_repo_v1
269,10.76,-1.0117091521801818,,5,1,val,current_repo_v1
270,10.8,-1.1152170850802416,,5,1,val,current_repo_v1
271,10.84,-0.9356566712259599,,5,1,val,current_repo_v1
272,10.88,-1.1159128881705045,,5,1,val,current_repo_v1
273,10.92,-0.9517536144969317,,5,1,val,current_repo_v1
274,10.96,-0.8728166732787468,,5,1,val,current_repo_v1
275,11.0,-0.790632269008066,,5,1,val,current_repo_v1
276,11.04,-0.8350386006606733,,5,1,val,current_repo_v1
277,11.08,-0.885630958187399,,5,1,val,current_repo_v1
278,11.12,-0.6927461729806916,,5,1,val,current_repo_v1
279,11.16,-0.5686056444928302,,5,1,val,current_repo_v1
280,11.2,-0.7111325302309295,,5,1,val,current_repo_v1
281,11.24,-1.1798099731558005,,5,1,val,current_repo_v1
282,11.28,-1.4062605253415643,,5,1,val,current_repo_v1
283,11.32,-1.1539915942141203,,5,1,val,current_repo_v1
284,11.36,-1.1418434828558326,,5,1,val,current_repo_v1
285,11.4,-0.8985843873441922,,5,1,val,current_repo_v1
286,11.44,-0.6116844172438356,,5,1,val,current_repo_v1
287,11.48,-0.6390941562116816,,5,1,val,current_repo_v1
288,11.52,-0.7974735005918132,,5,1,val,current_repo_v1
289,11.56,-0.717604129211968,,5,1,val,current_repo_v1
290,11.6,-0.48032197487922484,,5,1,val,current_repo_v1
291,11.64,-0.3307783311808264,,5,1,val,current_repo_v1
292,11.68,-0.2825086185538051,,5,1,val,current_repo_v1
293,11.72,-0.6498595420664575,,5,1,val,current_repo_v1
294,11.76,-0.7227898716410681,,5,1,val,current_repo_v1
295,11.8,-0.41149369958936893,,5,1,val,current_repo_v1
296,11.84,-0.5068751582254263,,5,1,val,current_repo_v1
297,11.88,-0.873862792476094,,5,1,val,current_repo_v1
298,11.92,-1.209568753505719,,5,1,val,current_repo_v1
299,11.96,-1.2002377402253825,,5,1,val,current_repo_v1
300,12.0,-0.9118346029973144,,5,1,val,current_repo_v1
301,12.04,-0.8022341164180636,,5,1,val,current_repo_v1
302,12.08,-0.7191928291275075,,5,1,val,current_repo_v1
303,12.12,-0.8799853849429717,,5,1,val,current_repo_v1
304,12.16,-0.8414047774113554,,5,1,val,current_repo_v1
305,12.2,-0.6888178853069976,,5,1,val,current_repo_v1
306,12.24,-0.3507242499040519,,5,1,val,current_repo_v1
307,12.28,-0.0364498614778085,,5,1,val,current_repo_v1
308,12.32,0.325817777347431,,5,1,val,current_repo_v1
309,12.36,0.4388296511809213,,5,1,val,current_repo_v1
310,12.4,-0.0705275386110965,,5,1,val,current_repo_v1
311,12.44,-0.7128932779168174,,5,1,val,current_repo_v1
312,12.48,-0.7481254200416991,,5,1,val,current_repo_v1
313,12.52,-0.912425884202356,,5,1,val,current_repo_v1
314,12.56,-0.790503437804199,,5,1,val,current_repo_v1
315,12.6,-0.8083644845929258,,5,1,val,current_repo_v1
316,12.64,-0.5834088736543217,,5,1,val,current_repo_v1
317,12.68,-0.7001367787959226,,5,1,val,current_repo_v1
318,12.72,-0.8605992353450618,,5,1,val,current_repo_v1
319,12.76,-0.695126439969038,,5,1,val,current_repo_v1
320,12.8,-0.21716111848075434,,5,1,val,current_repo_v1
321,12.84,-0.3519573134912544,,5,1,val,current_repo_v1
322,12.88,-0.21384700942587692,,5,1,val,current_repo_v1
323,12.92,-0.22552667530288634,,5,1,val,current_repo_v1
324,12.96,0.30932599180996956,,5,1,val,current_repo_v1
325,13.0,0.48318662755021735,,5,1,val,current_repo_v1
326,13.04,-0.10335872115631817,,5,1,val,current_repo_v1
327,13.08,-0.5168249132374225,,5,1,val,current_repo_v1
328,13.12,-0.12521781190431427,,5,1,val,current_repo_v1
329,13.16,0.25981621745855976,,5,1,val,current_repo_v1
330,13.2,0.279280349222597,,5,1,val,current_repo_v1
331,13.24,-0.1558935733118713,,5,1,val,current_repo_v1
332,13.28,-0.8322363992022287,,5,1,val,current_repo_v1
333,13.32,-1.4485284554489175,,5,1,val,current_repo_v1
334,13.36,-1.654779846379839,,5,1,val,current_repo_v1
335,13.4,-1.7165569459703702,,5,1,val,current_repo_v1
336,13.44,-1.832906910779153,,5,1,val,current_repo_v1
337,13.48,-1.7947273660804137,,5,1,val,current_repo_v1
338,13.52,-1.7617927410410135,,5,1,val,current_repo_v1
339,13.56,-1.5793744680290307,,5,1,val,current_repo_v1
340,13.6,-1.50963340647137,,5,1,val,current_repo_v1
341,13.64,-1.3206844390976675,,5,1,val,current_repo_v1
342,13.68,-0.9122702063435535,,5,1,val,current_repo_v1
343,13.72,-0.7732289249461655,,5,1,val,current_repo_v1
344,13.76,-0.8605175494864472,,5,1,val,current_repo_v1
345,13.8,-1.0718254423948133,,5,1,val,current_repo_v1
346,13.84,-1.0371066606960142,,5,1,val,current_repo_v1
347,13.88,-1.1611935367987836,,5,1,val,current_repo_v1
348,13.92,-1.0887374435616606,,5,1,val,current_repo_v1
349,13.96,-1.110588738139283,,5,1,val,current_repo_v1
350,14.0,-1.1660248706429128,,5,1,val,current_repo_v1
351,14.04,-1.1975866330505076,,5,1,val,current_repo_v1
352,14.08,-1.2254032052450505,,5,1,val,current_repo_v1
353,14.12,-1.1376923188364398,,5,1,val,current_repo_v1
354,14.16,-1.133011178930745,,5,1,val,current_repo_v1
355,14.2,-1.1270792959333784,,5,1,val,current_repo_v1
356,14.24,-1.129146324664292,,5,1,val,current_repo_v1
357,14.28,-0.9286798967746118,,5,1,val,current_repo_v1
358,14.32,-1.212023667290715,,5,1,val,current_repo_v1
359,14.36,-1.027950887318778,,5,1,val,current_repo_v1
360,14.4,-1.1140056297762797,,5,1,val,current_repo_v1
361,14.44,-1.0609713725442371,,5,1,val,current_repo_v1
362,14.48,-1.5588600222778126,,5,1,val,current_repo_v1
363,14.52,-1.5907268379870674,,5,1,val,current_repo_v1
364,14.56,-1.5523976722967976,,5,1,val,current_repo_v1
365,14.6,-1.3200795708660429,,5,1,val,current_repo_v1
366,14.64,-1.2762438124803714,,5,1,val,current_repo_v1
367,14.68,-1.2211964653759593,,5,1,val,current_repo_v1
368,14.72,-1.6199924747516623,,5,1,val,current_repo_v1
369,14.76,-1.4651473533495336,,5,1,val,current_repo_v1
370,14.8,-1.1428929578850466,,5,1,val,current_repo_v1
371,14.84,-1.1365111478688381,,5,1,val,current_repo_v1
372,14.88,-0.9441249083182641,,5,1,val,current_repo_v1
373,14.92,-0.5490390575449046,,5,1,val,current_repo_v1
374,14.96,-0.4026438389341485,,5,1,val,current_repo_v1
375,15.0,-0.4020431041051891,,5,1,val,current_repo_v1
376,15.04,-0.5410762823963619,,5,1,val,current_repo_v1
377,15.08,-0.7101078556177076,,5,1,val,current_repo_v1
378,15.12,-0.719781982244048,,5,1,val,current_repo_v1
379,15.16,-0.47037365223448885,,5,1,val,current_repo_v1
380,15.2,-0.5566355968473842,,5,1,val,current_repo_v1
381,15.24,-0.5329281998491185,,5,1,val,current_repo_v1
382,15.28,-0.7511453413237055,,5,1,val,current_repo_v1
383,15.32,-1.0953219130828087,,5,1,val,current_repo_v1
384,15.36,-1.1070557838294248,,5,1,val,current_repo_v1
385,15.4,-0.9588078186298924,,5,1,val,current_repo_v1
386,15.44,-1.3592702850009786,,5,1,val,current_repo_v1
387,15.48,-1.5066349297734887,,5,1,val,current_repo_v1
388,15.52,-1.917295441789945,,5,1,val,current_repo_v1
389,15.56,-2.1755718849060983,,5,1,val,current_repo_v1
390,15.6,-1.8962869521082686,,5,1,val,current_repo_v1
391,15.64,-1.4502546626214432,,5,1,val,current_repo_v1
392,15.68,-1.2296528342823927,,5,1,val,current_repo_v1
393,15.72,-1.2657301549403943,,5,1,val,current_repo_v1
394,15.76,-1.5086343507697173,,5,1,val,current_repo_v1
395,15.8,-1.327176991565485,,5,1,val,current_repo_v1
396,15.84,-1.673825256268919,,5,1,val,current_repo_v1
397,15.88,-1.5619171032590284,,5,1,val,current_repo_v1
398,15.92,-1.2044749281299496,,5,1,val,current_repo_v1
399,15.96,-1.2224536745826922,,5,1,val,current_repo_v1
400,16.0,-1.4065208069351458,,5,1,val,current_repo_v1
401,16.04,-1.5904190836500025,,5,1,val,current_repo_v1
402,16.08,-1.8314519530409443,,5,1,val,current_repo_v1
403,16.12,-1.9529484543406743,,5,1,val,current_repo_v1
404,16.16,-1.410904341848934,,5,1,val,current_repo_v1
405,16.2,-1.114846224734167,,5,1,val,current_repo_v1
406,16.24,-1.4147565094339392,,5,1,val,current_repo_v1
407,16.28,-1.51959924492146,,5,1,val,current_repo_v1
408,16.32,-1.5745697352911638,,5,1,val,current_repo_v1
409,16.36,-1.6054432247678072,,5,1,val,current_repo_v1
410,16.4,-1.7585920959355392,,5,1,val,current_repo_v1
411,16.44,-1.7978142403006432,,5,1,val,current_repo_v1
412,16.48,-1.6266902240607088,,5,1,val,current_repo_v1
413,16.52,-1.815078112716172,,5,1,val,current_repo_v1
414,16.56,-1.6513737588844626,,5,1,val,current_repo_v1
415,16.6,-1.6736252159498268,,5,1,val,current_repo_v1
416,16.64,-1.621629302207147,,5,1,val,current_repo_v1
417,16.68,-1.6487527723468323,,5,1,val,current_repo_v1
418,16.72,-1.6776327339954036,,5,1,val,current_repo_v1
419,16.76,-1.392346755323925,,5,1,val,current_repo_v1
420,16.8,-1.3822350609619598,,5,1,val,current_repo_v1
421,16.84,-1.4773792786549367,,5,1,val,current_repo_v1
422,16.88,-1.258970199967473,,5,1,val,current_repo_v1
423,16.92,-1.1382478317847533,,5,1,val,current_repo_v1
424,16.96,-1.294694503482985,,5,1,val,current_repo_v1
425,17.0,-1.342159143860174,,5,1,val,current_repo_v1
426,17.04,-1.3535913171369973,,5,1,val,current_repo_v1
427,17.08,-1.5417639414556306,,5,1,val,current_repo_v1
428,17.12,-1.5415584990657283,,5,1,val,current_repo_v1
429,17.16,-1.2298054837075592,,5,1,val,current_repo_v1
430,17.2,-1.3209129630628498,,5,1,val,current_repo_v1
431,17.24,-1.2497757935989882,,5,1,val,current_repo_v1
432,17.28,-1.1173549136785916,,5,1,val,current_repo_v1
433,17.32,-1.029530010836063,,5,1,val,current_repo_v1
434,17.36,-1.1527360219985419,,5,1,val,current_repo_v1
435,17.4,-1.0893122730055984,,5,1,val,current_repo_v1
436,17.44,-0.9526423369947642,,5,1,val,current_repo_v1
437,17.48,-1.1450916007047902,,5,1,val,current_repo_v1
438,17.52,-1.1195533927992196,,5,1,val,current_repo_v1
439,17.56,-1.0035318084160498,,5,1,val,current_repo_v1
440,17.6,-1.142955327248037,,5,1,val,current_repo_v1
441,17.64,-1.0174770905134152,,5,1,val,current_repo_v1
442,17.68,-0.8919276446635684,,5,1,val,current_repo_v1
443,17.72,-0.8535334904244611,,5,1,val,current_repo_v1
444,17.76,-0.8288723823795254,,5,1,val,current_repo_v1
445,17.8,-1.0294522537562194,,5,1,val,current_repo_v1
446,17.84,-1.102620847393382,,5,1,val,current_repo_v1
447,17.88,-0.9364006837057256,,5,1,val,current_repo_v1
448,17.92,-1.079205489617097,,5,1,val,current_repo_v1
449,17.96,-1.1506753775331313,,5,1,val,current_repo_v1
450,18.0,-1.1531567287252742,,5,1,val,current_repo_v1
451,18.04,-1.2628339083401179,,5,1,val,current_repo_v1
452,18.08,-0.9838298013748598,,5,1,val,current_repo_v1
453,18.12,-0.9432310292982947,,5,1,val,current_repo_v1
454,18.16,-1.038165957672156,,5,1,val,current_repo_v1
455,18.2,-1.1542212640731107,,5,1,val,current_repo_v1
456,18.24,-0.870077004882408,,5,1,val,current_repo_v1
457,18.28,-0.7635944135057663,,5,1,val,current_repo_v1
458,18.32,-0.8854256794966121,,5,1,val,current_repo_v1
459,18.36,-0.9147445184737316,,5,1,val,current_repo_v1
460,18.4,-0.873123690969792,,5,1,val,current_repo_v1
461,18.44,-1.1022385281092253,,5,1,val,current_repo_v1
462,18.48,-1.1480922054911722,,5,1,val,current_repo_v1
463,18.52,-1.0780728554372292,,5,1,val,current_repo_v1
464,18.56,-1.1135349948193323,,5,1,val,current_repo_v1
465,18.6,-1.2524027551543326,,5,1,val,current_repo_v1
466,18.64,-1.257588743132106,,5,1,val,current_repo_v1
467,18.68,-1.4007055595575442,,5,1,val,current_repo_v1
468,18.72,-1.289419381336844,,5,1,val,current_repo_v1
469,18.76,-1.1576442125773796,,5,1,val,current_repo_v1
470,18.8,-1.134254146314433,,5,1,val,current_repo_v1
471,18.84,-1.0144349880012642,,5,1,val,current_repo_v1
472,18.88,-1.0537576436232605,,5,1,val,current_repo_v1
473,18.92,-1.1277198505721735,,5,1,val,current_repo_v1
474,18.96,-1.1218447711678712,,5,1,val,current_repo_v1
475,19.0,-1.283837323349215,,5,1,val,current_repo_v1
476,19.04,-1.3351031390369434,,5,1,val,current_repo_v1
477,19.08,-1.372373744397091,,5,1,val,current_repo_v1
478,19.12,-1.3493255637367827,,5,1,val,current_repo_v1
479,19.16,-1.33736513341437,,5,1,val,current_repo_v1
480,19.2,-1.1549566004997571,,5,1,val,current_repo_v1
481,19.24,-1.1533710927169691,,5,1,val,current_repo_v1
482,19.28,-1.2189166277949475,,5,1,val,current_repo_v1
483,19.32,-1.2951635014487781,,5,1,val,current_repo_v1
484,19.36,-1.2295637819635823,,5,1,val,current_repo_v1
485,19.4,-1.0951295666221432,,5,1,val,current_repo_v1
486,19.44,-1.0878668916656442,,5,1,val,current_repo_v1
487,19.48,-1.385463043819716,,5,1,val,current_repo_v1
488,19.52,-1.5567298056883314,,5,1,val,current_repo_v1
489,19.56,-1.2702367097394507,,5,1,val,current_repo_v1
490,19.6,-1.1904026973685449,,5,1,val,current_repo_v1
491,19.64,-1.3159140013244894,,5,1,val,current_repo_v1
492,19.68,-1.3154802805180783,,5,1,val,current_repo_v1
493,19.72,-1.4436331971002012,,5,1,val,current_repo_v1
494,19.76,-1.5028808179586441,,5,1,val,current_repo_v1
495,19.8,-1.5530455933957883,,5,1,val,current_repo_v1
496,19.84,-1.4575009676663964,,5,1,val,current_repo_v1
497,19.88,-1.4084116954178243,,5,1,val,current_repo_v1
498,19.92,-1.5459890156256535,,5,1,val,current_repo_v1
499,19.96,-1.2611750633536039,,5,1,val,current_repo_v1
500,20.0,-1.0511901866963858,,5,1,val,current_repo_v1
501,20.04,-1.1695732945191817,,5,1,val,current_repo_v1
502,20.08,-1.2976121946673866,,5,1,val,current_repo_v1
503,20.12,-1.2647588462388122,,5,1,val,current_repo_v1
504,20.16,-1.327844802107004,,5,1,val,current_repo_v1
505,20.2,-1.3543252621211623,,5,1,val,current_repo_v1
506,20.24,-1.3218389271094493,,5,1,val,current_repo_v1
507,20.28,-1.3301822617766577,,5,1,val,current_repo_v1
508,20.32,-1.4923904875426202,,5,1,val,current_repo_v1
509,20.36,-1.461454792402102,,5,1,val,current_repo_v1
510,20.4,-1.2006748987132185,,5,1,val,current_repo_v1
511,20.44,-1.1432769141603583,,5,1,val,current_repo_v1
512,20.48,-1.3195993595108408,,5,1,val,current_repo_v1
513,20.52,-1.4108477019549848,,5,1,val,current_repo_v1
514,20.56,-1.2860836844611152,,5,1,val,current_repo_v1
515,20.6,-1.2691152889489918,,5,1,val,current_repo_v1
516,20.64,-1.3833182580089587,,5,1,val,current_repo_v1
517,20.68,-1.428475477504181,,5,1,val,current_repo_v1
518,20.72,-1.1962601791179353,,5,1,val,current_repo_v1
519,20.76,-1.14767149876444,,5,1,val,current_repo_v1
520,20.8,-1.2607235811931652,,5,1,val,current_repo_v1
521,20.84,-1.3964330126440379,,5,1,val,current_repo_v1
522,20.88,-1.422631910179605,,5,1,val,current_repo_v1
523,20.92,-1.4250245364511684,,5,1,val,current_repo_v1
524,20.96,-1.3517519938756888,,5,1,val,current_repo_v1
525,21.0,-1.3872740471340501,,5,1,val,current_repo_v1
526,21.04,-1.335034712806681,,5,1,val,current_repo_v1
527,21.08,-1.3564057960291014,,5,1,val,current_repo_v1
528,21.12,-1.4327634121345407,,5,1,val,current_repo_v1
529,21.16,-1.3214307433650498,,5,1,val,current_repo_v1
530,21.2,-1.3524887217448165,,5,1,val,current_repo_v1
531,21.24,-1.4879332880268747,,5,1,val,current_repo_v1
532,21.28,-1.6153150999256234,,5,1,val,current_repo_v1
533,21.32,-1.7779701424272338,,5,1,val,current_repo_v1
534,21.36,-1.8067569592791084,,5,1,val,current_repo_v1
535,21.4,-1.440556799623361,,5,1,val,current_repo_v1
536,21.44,-1.3054285818819293,,5,1,val,current_repo_v1
537,21.48,-1.305289192085115,,5,1,val,current_repo_v1
538,21.52,-1.3598859573742237,,5,1,val,current_repo_v1
539,21.56,-1.4238652193154806,,5,1,val,current_repo_v1
540,21.6,-1.3689357355741996,,5,1,val,current_repo_v1
541,21.64,-1.2448321621616534,,5,1,val,current_repo_v1
542,21.68,-1.0819465494559173,,5,1,val,current_repo_v1
543,21.72,-1.1221116825756288,,5,1,val,current_repo_v1
544,21.76,-1.0311250950171054,,5,1,val,current_repo_v1
545,21.8,-0.9811546304300122,,5,1,val,current_repo_v1
546,21.84,-1.224371164171633,,5,1,val,current_repo_v1
547,21.88,-1.452887599194502,,5,1,val,current_repo_v1
548,21.92,-1.3688224557863014,,5,1,val,current_repo_v1
549,21.96,-1.0312567091059353,,5,1,val,current_repo_v1
550,22.0,-0.9947767704734596,,5,1,val,current_repo_v1
551,22.04,-1.2088465130083093,,5,1,val,current_repo_v1
552,22.08,-1.0640444960387678,,5,1,val,current_repo_v1
553,22.12,-0.8118016749202397,,5,1,val,current_repo_v1
554,22.16,-0.6569463223233947,,5,1,val,current_repo_v1
555,22.2,-0.7676395004983411,,5,1,val,current_repo_v1
556,22.24,-0.7240808028655857,,5,1,val,current_repo_v1
557,22.28,-0.7588646549627801,,5,1,val,current_repo_v1
558,22.32,-0.5990459451851875,,5,1,val,current_repo_v1
559,22.36,-0.5926781723681295,,5,1,val,current_repo_v1
560,22.4,-0.7361247197368831,,5,1,val,current_repo_v1
561,22.44,-0.8018449217710575,,5,1,val,current_repo_v1
562,22.48,-0.7382909501317655,,5,1,val,current_repo_v1
563,22.52,-0.7837235115391916,,5,1,val,current_repo_v1
564,22.56,-0.5869854947032287,,5,1,val,current_repo_v1
565,22.6,-0.642316573299512,,5,1,val,current_repo_v1
566,22.64,-0.6897950871767362,,5,1,val,current_repo_v1
567,22.68,-0.7147583019392534,,5,1,val,current_repo_v1
568,22.72,-0.6541111764179638,,5,1,val,current_repo_v1
569,22.76,-0.6077216709063373,,5,1,val,current_repo_v1
570,22.8,-0.7035350905833148,,5,1,val,current_repo_v1
571,22.84,-0.7357771046652039,,5,1,val,current_repo_v1
572,22.88,-0.6855146417809088,,5,1,val,current_repo_v1
573,22.92,-0.7868559759630767,,5,1,val,current_repo_v1
574,22.96,-0.8501701283982197,,5,1,val,current_repo_v1
575,23.0,-0.7017678767823662,,5,1,val,current_repo_v1
576,23.04,-0.6776129264024329,,5,1,val,current_repo_v1
577,23.08,-0.7364262535075605,,5,1,val,current_repo_v1
578,23.12,-0.5382850487786531,,5,1,val,current_repo_v1
579,23.16,-0.36749567445549786,,5,1,val,current_repo_v1
580,23.2,-0.4606445636301327,,5,1,val,current_repo_v1
581,23.24,-0.4645310261798266,,5,1,val,current_repo_v1
582,23.28,-0.44185485175940126,,5,1,val,current_repo_v1
583,23.32,-0.5160966977222987,,5,1,val,current_repo_v1
584,23.36,-0.528375277275608,,5,1,val,current_repo_v1
585,23.4,-0.5301040217844235,,5,1,val,current_repo_v1
586,23.44,-0.5274432154369576,,5,1,val,current_repo_v1
587,23.48,-0.4900325245587552,,5,1,val,current_repo_v1
588,23.52,-0.6378824553590466,,5,1,val,current_repo_v1
589,23.56,-0.5653031376127611,,5,1,val,current_repo_v1
590,23.6,-0.5394636005604075,,5,1,val,current_repo_v1
591,23.64,-0.6644664959885123,,5,1,val,current_repo_v1
592,23.68,-0.7278733839725634,,5,1,val,current_repo_v1
593,23.72,-0.6893797006712564,,5,1,val,current_repo_v1
594,23.76,-0.6633145043882412,,5,1,val,current_repo_v1
595,23.8,-0.7220582184445196,,5,1,val,current_repo_v1
596,23.84,-0.9075816999776632,,5,1,val,current_repo_v1
597,23.88,-0.789187133216785,,5,1,val,current_repo_v1
598,23.92,-0.7447299729888275,,5,1,val,current_repo_v1
599,23.96,-0.8155638079917417,,5,1,val,current_repo_v1
600,24.0,-0.8536028988494162,,5,1,val,current_repo_v1
601,24.04,-0.9201374221334464,,5,1,val,current_repo_v1
602,24.08,-0.8053876161782854,,5,1,val,current_repo_v1
603,24.12,-1.051864054105177,,5,1,val,current_repo_v1
604,24.16,-1.1112589223179763,,5,1,val,current_repo_v1
605,24.2,-1.1617695939860875,,5,1,val,current_repo_v1
606,24.24,-1.1185057184602756,,5,1,val,current_repo_v1
607,24.28,-1.1480024983759,,5,1,val,current_repo_v1
608,24.32,-1.3345258541062737,,5,1,val,current_repo_v1
609,24.36,-1.2335672893808303,,5,1,val,current_repo_v1
610,24.4,-1.2424760407928375,,5,1,val,current_repo_v1
611,24.44,-1.049907440427641,,5,1,val,current_repo_v1
612,24.48,-0.8837184614214796,,5,1,val,current_repo_v1
613,24.52,-0.7175492900082889,,5,1,val,current_repo_v1
614,24.56,-0.6277322098553907,,5,1,val,current_repo_v1
615,24.6,-0.6940684525858198,,5,1,val,current_repo_v1
616,24.64,-0.844766584296,,5,1,val,current_repo_v1
617,24.68,-0.8126625685684439,,5,1,val,current_repo_v1
618,24.72,-0.6413708835094994,,5,1,val,current_repo_v1
619,24.76,-0.725384584470667,,5,1,val,current_repo_v1
620,24.8,-0.8963070052499125,,5,1,val,current_repo_v1
621,24.84,-1.1836810479886413,,5,1,val,current_repo_v1
622,24.88,-1.4958720403302237,,5,1,val,current_repo_v1
623,24.92,-1.5570095674766526,,5,1,val,current_repo_v1
624,24.96,-1.4334486566318563,,5,1,val,current_repo_v1
625,25.0,-1.5122517738231527,,5,1,val,current_repo_v1
626,25.04,-1.4319977913715343,,5,1,val,current_repo_v1
627,25.08,-1.0061338058562868,,5,1,val,current_repo_v1
628,25.12,-0.6303237305522381,,5,1,val,current_repo_v1
629,25.16,-0.4703414035087432,,5,1,val,current_repo_v1
630,25.2,-0.43566117295163503,,5,1,val,current_repo_v1
631,25.24,-0.19447364882136228,,5,1,val,current_repo_v1
632,25.28,0.08962141878514467,,5,1,val,current_repo_v1
633,25.32,0.06844476407151458,,5,1,val,current_repo_v1
634,25.36,0.2660172013393534,,5,1,val,current_repo_v1
635,25.4,0.2822098267433117,,5,1,val,current_repo_v1
636,25.44,0.445347577011635,,5,1,val,current_repo_v1
637,25.48,0.6137468214747375,,5,1,val,current_repo_v1
638,25.52,0.6696179025281446,,5,1,val,current_repo_v1
639,25.56,0.3236088624081924,,5,1,val,current_repo_v1
640,25.6,-0.6665171957326588,,5,1,val,current_repo_v1
641,25.64,-1.611390249933354,,5,1,val,current_repo_v1
642,25.68,-1.7403555233759471,,5,1,val,current_repo_v1
643,25.72,-1.4974147407943188,,5,1,val,current_repo_v1
644,25.76,-1.3387667252409385,,5,1,val,current_repo_v1
645,25.8,-1.147628773295305,,5,1,val,current_repo_v1
646,25.84,-0.7284904477882899,,5,1,val,current_repo_v1
647,25.88,-0.6836308742097528,,5,1,val,current_repo_v1
648,25.92,-0.22602829031743468,,5,1,val,current_repo_v1
649,25.96,-0.047738058824786045,,5,1,val,current_repo_v1
650,26.0,-0.19535647815103813,,5,1,val,current_repo_v1
651,26.04,-0.23190807607130634,,5,1,val,current_repo_v1
652,26.08,-0.4816716331614138,,5,1,val,current_repo_v1
653,26.12,-0.7363782896667307,,5,1,val,current_repo_v1
654,26.16,-1.0832653913796209,,5,1,val,current_repo_v1
655,26.2,-1.0862123028561321,,5,1,val,current_repo_v1
656,26.24,-0.8916493561672865,,5,1,val,current_repo_v1
657,26.28,-0.7698842246190865,,5,1,val,current_repo_v1
658,26.32,-0.792648551013187,,5,1,val,current_repo_v1
659,26.36,-0.7370492923410012,,5,1,val,current_repo_v1
660,26.4,-0.8421305374397474,,5,1,val,current_repo_v1
661,26.44,-0.36663674519667916,,5,1,val,current_repo_v1
662,26.48,0.009068867051517831,,5,1,val,current_repo_v1
663,26.52,0.6091620594232701,,5,1,val,current_repo_v1
664,26.56,0.9623812066212691,,5,1,val,current_repo_v1
665,26.6,1.0793154135731284,,5,1,val,current_repo_v1
666,26.64,1.0321123643824446,,5,1,val,current_repo_v1
667,26.68,1.0355531560902986,,5,1,val,current_repo_v1
668,26.72,0.999256969714927,,5,1,val,current_repo_v1
669,26.76,1.1041670673884598,,5,1,val,current_repo_v1
670,26.8,1.0766360683008367,,5,1,val,current_repo_v1
671,26.84,0.9694912321526016,,5,1,val,current_repo_v1
672,26.88,0.7249930161864867,,5,1,val,current_repo_v1
673,26.92,0.5941628414957941,,5,1,val,current_repo_v1
674,26.96,0.656694921406827,,5,1,val,current_repo_v1
675,27.0,0.7384314858223879,,5,1,val,current_repo_v1
676,27.04,0.6859211885341538,,5,1,val,current_repo_v1
677,27.08,0.4582749780090701,,5,1,val,current_repo_v1
678,27.12,0.6005847987200693,,5,1,val,current_repo_v1
679,27.16,0.6101064805451377,,5,1,val,current_repo_v1
680,27.2,0.20723489521660543,,5,1,val,current_repo_v1
681,27.24,-0.36502467723240783,,5,1,val,current_repo_v1
682,27.28,-0.44716345037465405,,5,1,val,current_repo_v1
683,27.32,-0.5454331752791091,,5,1,val,current_repo_v1
684,27.36,-0.5633755396034406,,5,1,val,current_repo_v1
685,27.4,-0.5037976967043357,,5,1,val,current_repo_v1
686,27.44,-0.21350749746041284,,5,1,val,current_repo_v1
687,27.48,0.19541549168216146,,5,1,val,current_repo_v1
688,27.52,0.5928859474704271,,5,1,val,current_repo_v1
689,27.56,0.5449958121673787,,5,1,val,current_repo_v1
690,27.6,0.5149187598122273,,5,1,val,current_repo_v1
691,27.64,0.4324148148681686,,5,1,val,current_repo_v1
692,27.68,0.3464766671056531,,5,1,val,current_repo_v1
693,27.72,0.29389417850750116,,5,1,val,current_repo_v1
694,27.76,0.31615969323440557,,5,1,val,current_repo_v1
695,27.8,0.16586804689030202,,5,1,val,current_repo_v1
696,27.84,-0.2244850169064354,,5,1,val,current_repo_v1
697,27.88,-0.326020129916529,,5,1,val,current_repo_v1
698,27.92,-0.28862701623084913,,5,1,val,current_repo_v1
699,27.96,-0.4443678378056068,,5,1,val,current_repo_v1
700,28.0,-0.5644945867567251,,5,1,val,current_repo_v1
701,28.04,-0.8090702733292315,,5,1,val,current_repo_v1
702,28.08,-1.0527032576205826,,5,1,val,current_repo_v1
703,28.12,-1.2166898287273449,,5,1,val,current_repo_v1
704,28.16,-1.3981554547369082,,5,1,val,current_repo_v1
705,28.2,-1.267326057617014,,5,1,val,current_repo_v1
706,28.24,-1.3685613556971425,,5,1,val,current_repo_v1
707,28.28,-1.41382620736078,,5,1,val,current_repo_v1
708,28.32,-1.5257083322113123,,5,1,val,current_repo_v1
709,28.36,-1.2836182939327296,,5,1,val,current_repo_v1
710,28.4,-0.8458045185375743,,5,1,val,current_repo_v1
711,28.44,-0.7383013450255972,,5,1,val,current_repo_v1
712,28.48,-0.925848966121404,,5,1,val,current_repo_v1
713,28.52,-0.5206116830258014,,5,1,val,current_repo_v1
714,28.56,0.2773092890981218,,5,1,val,current_repo_v1
715,28.6,0.494390727034426,,5,1,val,current_repo_v1
716,28.64,0.3440545340685279,,5,1,val,current_repo_v1
717,28.68,0.292289927175993,,5,1,val,current_repo_v1
718,28.72,0.17288701478865995,,5,1,val,current_repo_v1
719,28.76,-0.09899366378018745,,5,1,val,current_repo_v1
720,28.8,-0.3986388582248615,,5,1,val,current_repo_v1
721,28.84,-0.6383835383514697,,5,1,val,current_repo_v1
722,28.88,-0.9400790846796699,,5,1,val,current_repo_v1
723,28.92,-1.2658974554363944,,5,1,val,current_repo_v1
724,28.96,-1.4061627969696346,,5,1,val,current_repo_v1
725,29.0,-1.2846689967053098,,5,1,val,current_repo_v1
726,29.04,-1.1068427294306538,,5,1,val,current_repo_v1
727,29.08,-1.0745513600654535,,5,1,val,current_repo_v1
728,29.12,-0.990798636419108,,5,1,val,current_repo_v1
729,29.16,-1.0097068664494324,,5,1,val,current_repo_v1
730,29.2,-1.2418593862248994,,5,1,val,current_repo_v1
731,29.24,-1.158055752153646,,5,1,val,current_repo_v1
732,29.28,-0.7196824531818483,,5,1,val,current_repo_v1
733,29.32,-0.5435634449071036,,5,1,val,current_repo_v1
734,29.36,-0.6177225000423572,,5,1,val,current_repo_v1
735,29.4,-0.5345410044594094,,5,1,val,current_repo_v1
736,29.44,-0.31213742180604814,,5,1,val,current_repo_v1
737,29.48,-0.3055424960039,,5,1,val,current_repo_v1
738,29.52,-0.056870648314795366,,5,1,val,current_repo_v1
739,29.56,0.3235378988416405,,5,1,val,current_repo_v1
740,29.6,0.38233786400646874,,5,1,val,current_repo_v1
741,29.64,0.3288501806869912,,5,1,val,current_repo_v1
742,29.68,0.566798324408594,,5,1,val,current_repo_v1
743,29.72,0.3953253835040565,,5,1,val,current_repo_v1
744,29.76,0.5386884852487044,,5,1,val,current_repo_v1
745,29.8,0.7595410597078609,,5,1,val,current_repo_v1
746,29.84,0.9055348062379512,,5,1,val,current_repo_v1
747,29.88,0.8071684988553749,,5,1,val,current_repo_v1
748,29.92,0.8784367094611623,,5,1,val,current_repo_v1
749,29.96,0.8092779256571926,,5,1,val,current_repo_v1
750,30.0,0.7684451456950775,,5,1,val,current_repo_v1
751,30.04,0.6958494989620249,,5,1,val,current_repo_v1
752,30.08,0.6907781822146313,,5,1,val,current_repo_v1
753,30.12,0.7984146886561506,,5,1,val,current_repo_v1
754,30.16,0.8808046171662913,,5,1,val,current_repo_v1
755,30.2,0.9099926605501584,,5,1,val,current_repo_v1
756,30.24,0.7535091565509481,,5,1,val,current_repo_v1
757,30.28,0.91957912630017,,5,1,val,current_repo_v1
758,30.32,1.0074222815940725,,5,1,val,current_repo_v1
759,30.36,1.0279519513630284,,5,1,val,current_repo_v1
760,30.4,1.1076872531673119,,5,1,val,current_repo_v1
761,30.44,1.076929744513972,,5,1,val,current_repo_v1
762,30.48,0.9157960397418891,,5,1,val,current_repo_v1
763,30.52,1.02209332371983,,5,1,val,current_repo_v1
764,30.56,1.0307746152109054,,5,1,val,current_repo_v1
765,30.6,0.998999880254097,,5,1,val,current_repo_v1
766,30.64,0.9579711524507762,,5,1,val,current_repo_v1
767,30.68,0.8458478988031712,,5,1,val,current_repo_v1
768,30.72,0.762089936785131,,5,1,val,current_repo_v1
769,30.76,0.8390585598390249,,5,1,val,current_repo_v1
770,30.8,0.7610144335965587,,5,1,val,current_repo_v1
771,30.84,0.7142083547608654,,5,1,val,current_repo_v1
772,30.88,0.7679069848530027,,5,1,val,current_repo_v1
773,30.92,0.8565555397949685,,5,1,val,current_repo_v1
774,30.96,0.8449910157832957,,5,1,val,current_repo_v1
775,31.0,0.6659219857488461,,5,1,val,current_repo_v1
776,31.04,0.017525468717631058,,5,1,val,current_repo_v1
777,31.08,-0.9949633056155263,,5,1,val,current_repo_v1
778,31.12,-2.011744429339563,,5,1,val,current_repo_v1
779,31.16,-1.971587726724298,,5,1,val,current_repo_v1
780,31.2,-1.3759562176893756,,5,1,val,current_repo_v1
781,31.24,-1.062736703805358,,5,1,val,current_repo_v1
782,31.28,-0.5142682604521681,,5,1,val,current_repo_v1
783,31.32,-0.47073526358054,,5,1,val,current_repo_v1
784,31.36,-0.4646693928571692,,5,1,val,current_repo_v1
785,31.4,-1.0583807521925246,,5,1,val,current_repo_v1
786,31.44,-2.002677462732464,,5,1,val,current_repo_v1
787,31.48,-1.766848588221996,,5,1,val,current_repo_v1
788,31.52,-2.122064373531261,,5,1,val,current_repo_v1
789,31.56,-1.0566178764181358,,5,1,val,current_repo_v1
790,31.6,0.044295133912833656,,5,1,val,current_repo_v1
791,31.64,-1.643481006032558,,5,1,val,current_repo_v1
792,31.68,-1.6166371339820784,,5,1,val,current_repo_v1
793,31.72,-3.2282388831726068,,5,1,val,current_repo_v1
794,31.76,-3.545409520756925,,5,1,val,current_repo_v1
795,31.8,-3.4744505377802417,,5,1,val,current_repo_v1
796,31.84,-3.5166993150910857,,5,1,val,current_repo_v1
797,31.88,-3.3562024817277,,5,1,val,current_repo_v1
798,31.92,-3.1673094176019276,,5,1,val,current_repo_v1
799,31.96,-3.076074334786136,,5,1,val,current_repo_v1
800,32.0,-3.010621862655296,,5,1,val,current_repo_v1
801,32.04,-3.16459856024991,,5,1,val,current_repo_v1
802,32.08,-3.298425861120781,,5,1,val,current_repo_v1
803,32.12,-3.6152753210405666,,5,1,val,current_repo_v1
804,32.16,-3.9245589352420214,,5,1,val,current_repo_v1
805,32.2,-3.724910839230526,,5,1,val,current_repo_v1
806,32.24,-2.809441542923095,,5,1,val,current_repo_v1
807,32.28,-2.1651460519415657,,5,1,val,current_repo_v1
808,32.32,-1.217506523614375,,5,1,val,current_repo_v1
809,32.36,-1.1966590320127535,,5,1,val,current_repo_v1
810,32.4,-1.793678709546777,,5,1,val,current_repo_v1
811,32.44,-1.6768643303474342,,5,1,val,current_repo_v1
812,32.48,-0.9901934407892524,,5,1,val,current_repo_v1
813,32.52,0.640840498375409,,5,1,val,current_repo_v1
814,32.56,0.6194504669803742,,5,1,val,current_repo_v1
815,32.6,0.43229805647406677,,5,1,val,current_repo_v1
816,32.64,-0.5687903789446269,,5,1,val,current_repo_v1
817,32.68,-0.8934677259418162,,5,1,val,current_repo_v1
818,32.72,-2.83023264017944,,5,1,val,current_repo_v1
819,32.76,-2.773099357096279,,5,1,val,current_repo_v1
820,32.8,-1.867274066777944,,5,1,val,current_repo_v1
821,32.84,-1.936766796777452,,5,1,val,current_repo_v1
822,32.88,-2.1332761259491173,,5,1,val,current_repo_v1
823,32.92,-0.8762341378626478,,5,1,val,current_repo_v1
824,32.96,-0.7235354392624307,,5,1,val,current_repo_v1
825,33.0,-0.3703436707414923,,5,1,val,current_repo_v1
826,33.04,-0.3863865523795835,,5,1,val,current_repo_v1
827,33.08,-0.9397616720947929,,5,1,val,current_repo_v1
828,33.12,-1.8695817332085838,,5,1,val,current_repo_v1
829,33.16,-2.480393224919229,,5,1,val,current_repo_v1
830,33.2,-2.213509809710419,,5,1,val,current_repo_v1
831,33.24,-1.86938824085411,,5,1,val,current_repo_v1
832,33.28,-1.6411445285575972,,5,1,val,current_repo_v1
833,33.32,-1.6698208485065362,,5,1,val,current_repo_v1
834,33.36,-1.2854863463888015,,5,1,val,current_repo_v1
835,33.4,-0.4060761592127775,,5,1,val,current_repo_v1
836,33.44,0.10273877214368166,,5,1,val,current_repo_v1
837,33.48,0.635776916411221,,5,1,val,current_repo_v1
838,33.52,0.6919607446247145,,5,1,val,current_repo_v1
839,33.56,0.10006439923202197,,5,1,val,current_repo_v1
840,33.6,-0.2416244166070461,,5,1,val,current_repo_v1
841,33.64,1.1029517651552845,,5,1,val,current_repo_v1
842,33.68,0.8624711347303471,,5,1,val,current_repo_v1
843,33.72,0.9682482647689137,,5,1,val,current_repo_v1
844,33.76,1.3915344803130123,,5,1,val,current_repo_v1
845,33.8,1.5487668259158944,,5,1,val,current_repo_v1
846,33.84,1.4099394992624128,,5,1,val,current_repo_v1
847,33.88,0.8066081567831552,,5,1,val,current_repo_v1
848,33.92,0.7507392856678069,,5,1,val,current_repo_v1
849,33.96,0.28307104778974684,,5,1,val,current_repo_v1
850,34.0,-0.29207582919536074,,5,1,val,current_repo_v1
851,34.04,-0.5243602699954991,,5,1,val,current_repo_v1
852,34.08,-0.684710306177096,,5,1,val,current_repo_v1
853,34.12,-0.8855229167711953,,5,1,val,current_repo_v1
854,34.16,-1.0345692425568263,,5,1,val,current_repo_v1
855,34.2,-0.8229059588687966,,5,1,val,current_repo_v1
856,34.24,-1.086527914750739,,5,1,val,current_repo_v1
857,34.28,-1.261995932568078,,5,1,val,current_repo_v1
858,34.32,-1.1794682512522778,,5,1,val,current_repo_v1
859,34.36,-0.9346639179402526,,5,1,val,current_repo_v1
860,34.4,-0.4178532465258751,,5,1,val,current_repo_v1
861,34.44,-0.07992313119248176,,5,1,val,current_repo_v1
862,34.48,0.471728098715805,,5,1,val,current_repo_v1
863,34.52,0.4282210481539774,,5,1,val,current_repo_v1
864,34.56,0.5196242090365677,,5,1,val,current_repo_v1
865,34.6,0.5595484179831008,,5,1,val,current_repo_v1
866,34.64,0.3198657593588626,,5,1,val,current_repo_v1
867,34.68,0.3138335901908871,,5,1,val,current_repo_v1
868,34.72,0.2106094706322559,,5,1,val,current_repo_v1
869,34.76,0.06553124721455723,,5,1,val,current_repo_v1
870,34.8,-0.15105716479516287,,5,1,val,current_repo_v1
871,34.84,-0.2701035200466346,,5,1,val,current_repo_v1
872,34.88,-0.37299944334115787,,5,1,val,current_repo_v1
873,34.92,-0.23998468349226199,,5,1,val,current_repo_v1
874,34.96,-0.10073182098814189,,5,1,val,current_repo_v1
875,35.0,-0.010564754684188802,,5,1,val,current_repo_v1
876,35.04,0.10815027611539052,,5,1,val,current_repo_v1
877,35.08,0.26331684119311444,,5,1,val,current_repo_v1
878,35.12,0.08766482556999827,,5,1,val,current_repo_v1
879,35.16,0.07315170705028354,,5,1,val,current_repo_v1
880,35.2,0.08535815668084329,,5,1,val,current_repo_v1
881,35.24,0.28697385978859735,,5,1,val,current_repo_v1
882,35.28,0.36950004734996916,,5,1,val,current_repo_v1
883,35.32,0.3191552233482084,,5,1,val,current_repo_v1
884,35.36,0.47309752366618574,,5,1,val,current_repo_v1
885,35.4,0.46236311786901074,,5,1,val,current_repo_v1
886,35.44,0.35337552077804224,,5,1,val,current_repo_v1
887,35.48,0.28329457893190746,,5,1,val,current_repo_v1
888,35.52,0.05528104293852353,,5,1,val,current_repo_v1
889,35.56,-0.04293279406479391,,5,1,val,current_repo_v1
890,35.6,-0.21297897440376076,,5,1,val,current_repo_v1
891,35.64,-0.23090126512405895,,5,1,val,current_repo_v1
892,35.68,-0.2307282760837966,,5,1,val,current_repo_v1
893,35.72,-0.3885308061682154,,5,1,val,current_repo_v1
894,35.76,-0.24998221818358315,,5,1,val,current_repo_v1
895,35.8,-0.1973192305454037,,5,1,val,current_repo_v1
896,35.84,-0.19960530915519226,,5,1,val,current_repo_v1
897,35.88,0.11127848436227367,,5,1,val,current_repo_v1
898,35.92,-0.23374713332155245,,5,1,val,current_repo_v1
899,35.96,-0.14580602456943653,,5,1,val,current_repo_v1
900,36.0,-0.07532447517858959,,5,1,val,current_repo_v1
901,36.04,-0.27074458624516545,,5,1,val,current_repo_v1
902,36.08,-0.20739458370373667,,5,1,val,current_repo_v1
903,36.12,-0.17682796868141262,,5,1,val,current_repo_v1
904,36.16,-0.02881839287656751,,5,1,val,current_repo_v1
905,36.2,-0.024125221085886623,,5,1,val,current_repo_v1
906,36.24,0.0829073558361231,,5,1,val,current_repo_v1
907,36.28,-0.0008195007921809437,,5,1,val,current_repo_v1
908,36.32,0.17538453126845452,,5,1,val,current_repo_v1
909,36.36,0.3199383599165691,,5,1,val,current_repo_v1
910,36.4,0.3716721709130081,,5,1,val,current_repo_v1
911,36.44,0.34098797900100486,,5,1,val,current_repo_v1
912,36.48,0.08012017377152203,,5,1,val,current_repo_v1
913,36.52,-0.15405586657932774,,5,1,val,current_repo_v1
914,36.56,-0.2540544383045453,,5,1,val,current_repo_v1
915,36.6,-0.41704985219197616,,5,1,val,current_repo_v1
916,36.64,-0.3741342056095267,,5,1,val,current_repo_v1
917,36.68,-0.37125891249602927,,5,1,val,current_repo_v1
918,36.72,-0.4178224710921686,,5,1,val,current_repo_v1
919,36.76,-0.3673745780348363,,5,1,val,current_repo_v1
920,36.8,-0.40133162682462103,,5,1,val,current_repo_v1
921,36.84,-0.1856427158763669,,5,1,val,current_repo_v1
922,36.88,-0.28532350669369777,,5,1,val,current_repo_v1
923,36.92,-0.42618197104702854,,5,1,val,current_repo_v1
924,36.96,-0.32535653462723296,,5,1,val,current_repo_v1
925,37.0,-0.5284534436032402,,5,1,val,current_repo_v1
926,37.04,-0.5546401455547055,,5,1,val,current_repo_v1
927,37.08,-0.13964576084361358,,5,1,val,current_repo_v1
928,37.12,-0.14498241339477835,,5,1,val,current_repo_v1
929,37.16,-0.04253326846892299,,5,1,val,current_repo_v1
930,37.2,-0.09146763787169214,,5,1,val,current_repo_v1
931,37.24,-0.1282965830183285,,5,1,val,current_repo_v1
932,37.28,-0.1457140870537163,,5,1,val,current_repo_v1
933,37.32,0.003643448654994866,,5,1,val,current_repo_v1
934,37.36,-0.017357019770024025,,5,1,val,current_repo_v1
935,37.4,0.02234793211594121,,5,1,val,current_repo_v1
936,37.44,0.1735204075911536,,5,1,val,current_repo_v1
937,37.48,-0.0434842963847787,,5,1,val,current_repo_v1
938,37.52,-0.12574551646538906,,5,1,val,current_repo_v1
939,37.56,-0.4045522841469602,,5,1,val,current_repo_v1
940,37.6,-0.16808015396229206,,5,1,val,current_repo_v1
941,37.64,-0.10928405618906659,,5,1,val,current_repo_v1
942,37.68,-0.08764143705887692,,5,1,val,current_repo_v1
943,37.72,-0.040752488103780654,,5,1,val,current_repo_v1
944,37.76,-0.09063430706205351,,5,1,val,current_repo_v1
945,37.8,-0.012487390564071957,,5,1,val,current_repo_v1
946,37.84,-0.007344854470258612,,5,1,val,current_repo_v1
947,37.88,-0.06241505550586832,,5,1,val,current_repo_v1
948,37.92,0.015263016494241024,,5,1,val,current_repo_v1
949,37.96,-0.0198865803516699,,5,1,val,current_repo_v1
950,38.0,-0.07634556887366087,,5,1,val,current_repo_v1
951,38.04,-0.3632361825464494,,5,1,val,current_repo_v1
952,38.08,-0.301817318007713,,5,1,val,current_repo_v1
953,38.12,-0.12709932861263282,,5,1,val,current_repo_v1
954,38.16,-0.1121341601011726,,5,1,val,current_repo_v1
955,38.2,-0.12535192240465487,,5,1,val,current_repo_v1
956,38.24,-0.03729696347553521,,5,1,val,current_repo_v1
957,38.28,-0.039711545890959855,,5,1,val,current_repo_v1
958,38.32,-0.1325469896264689,,5,1,val,current_repo_v1
959,38.36,-0.09878326949204247,,5,1,val,current_repo_v1
960,38.4,0.08697135519213078,,5,1,val,current_repo_v1
961,38.44,0.16289424783407655,,5,1,val,current_repo_v1
962,38.48,0.02989624156652851,,5,1,val,current_repo_v1
963,38.52,-0.15997694543507418,,5,1,val,current_repo_v1
964,38.56,-0.15637693587504584,,5,1,val,current_repo_v1
965,38.6,-0.08572603974925552,,5,1,val,current_repo_v1
966,38.64,0.003085377908002244,,5,1,val,current_repo_v1
967,38.68,0.14546372971900964,,5,1,val,current_repo_v1
968,38.72,0.17577458533581686,,5,1,val,current_repo_v1
969,38.76,0.1733008666149323,,5,1,val,current_repo_v1
970,38.8,0.2184124345193307,,5,1,val,current_repo_v1
971,38.84,0.34826139671195594,,5,1,val,current_repo_v1
972,38.88,0.07578384559015455,,5,1,val,current_repo_v1
973,38.92,0.029555921336681855,,5,1,val,current_repo_v1
974,38.96,0.3574630876910788,,5,1,val,current_repo_v1
975,39.0,0.2575440532735853,,5,1,val,current_repo_v1
976,39.04,0.20951264563389496,,5,1,val,current_repo_v1
977,39.08,0.42163158580980764,,5,1,val,current_repo_v1
978,39.12,0.4574527173521144,,5,1,val,current_repo_v1
979,39.16,0.6409611446235031,,5,1,val,current_repo_v1
980,39.2,0.6191399706831254,,5,1,val,current_repo_v1
981,39.24,0.7456952248231374,,5,1,val,current_repo_v1
982,39.28,0.7955488900913499,,5,1,val,current_repo_v1
983,39.32,0.9261169415734121,,5,1,val,current_repo_v1
984,39.36,0.9174634789319648,,5,1,val,current_repo_v1
985,39.4,0.835172997634466,,5,1,val,current_repo_v1
986,39.44,0.7659593746268172,,5,1,val,current_repo_v1
987,39.48,0.7443943079525767,,5,1,val,current_repo_v1
988,39.52,0.7318579022924179,,5,1,val,current_repo_v1
989,39.56,0.8363999225048387,,5,1,val,current_repo_v1
990,39.6,0.8816047784426599,,5,1,val,current_repo_v1
991,39.64,0.9034432226397187,,5,1,val,current_repo_v1
992,39.68,1.039235485843014,,5,1,val,current_repo_v1
993,39.72,0.8545356564093074,,5,1,val,current_repo_v1
994,39.76,0.732047956965467,,5,1,val,current_repo_v1
995,39.8,0.5786638092440399,,5,1,val,current_repo_v1
996,39.84,0.5735370803460632,,5,1,val,current_repo_v1
997,39.88,0.5177011127529223,,5,1,val,current_repo_v1
998,39.92,0.37665807764691034,,5,1,val,current_repo_v1
999,39.96,0.19493311131367969,,5,1,val,current_repo_v1
1000,40.0,0.2805823710621871,,5,1,val,current_repo_v1
1001,40.04,0.3893765576482396,,5,1,val,current_repo_v1
1002,40.08,0.32745976132505267,,5,1,val,current_repo_v1
1003,40.12,0.20766701995664102,,5,1,val,current_repo_v1
1004,40.16,0.6046744937216069,,5,1,val,current_repo_v1
1005,40.2,0.7856703032697998,,5,1,val,current_repo_v1
1006,40.24,1.3011449852781294,,5,1,val,current_repo_v1
1007,40.28,0.8955976151330665,,5,1,val,current_repo_v1
1008,40.32,0.1116320744516673,,5,1,val,current_repo_v1
1009,40.36,-0.47480965271478204,,5,1,val,current_repo_v1
1010,40.4,-0.5547526068470265,,5,1,val,current_repo_v1
1011,40.44,-0.6618046255967959,,5,1,val,current_repo_v1
1012,40.48,-0.8226487875584089,,5,1,val,current_repo_v1
1013,40.52,-0.5520199775126525,,5,1,val,current_repo_v1
1014,40.56,0.30024459921832036,,5,1,val,current_repo_v1
1015,40.6,0.11709594167793394,,5,1,val,current_repo_v1
1016,40.64,-0.2813894486261838,,5,1,val,current_repo_v1
1017,40.68,-1.0312006421588902,,5,1,val,current_repo_v1
1018,40.72,-1.2014360177505499,,5,1,val,current_repo_v1
1019,40.76,-1.0221171419411295,,5,1,val,current_repo_v1
1020,40.8,-0.8662349047930037,,5,1,val,current_repo_v1
1021,40.84,-0.3913995513170944,,5,1,val,current_repo_v1
1022,40.88,0.2000804867625938,,5,1,val,current_repo_v1
1023,40.92,0.30648564845762283,,5,1,val,current_repo_v1
1024,40.96,0.36058830842910483,,5,1,val,current_repo_v1
1025,41.0,0.363573116250845,,5,1,val,current_repo_v1
1026,41.04,0.3337978636774335,,5,1,val,current_repo_v1
1027,41.08,0.4733456096756654,,5,1,val,current_repo_v1
1028,41.12,0.48251038650425204,,5,1,val,current_repo_v1
1029,41.16,0.2986179211079942,,5,1,val,current_repo_v1
1030,41.2,0.420975152356813,,5,1,val,current_repo_v1
1031,41.24,0.46184812045177354,,5,1,val,current_repo_v1
1032,41.28,0.3164494202063804,,5,1,val,current_repo_v1
1033,41.32,0.0757932582892935,,5,1,val,current_repo_v1
1034,41.36,0.1118685992111176,,5,1,val,current_repo_v1
1035,41.4,-0.039696567421895264,,5,1,val,current_repo_v1
1036,41.44,-0.16618953149067606,,5,1,val,current_repo_v1
1037,41.48,-0.09037916152821963,,5,1,val,current_repo_v1
1038,41.52,0.09394835472976264,,5,1,val,current_repo_v1
1039,41.56,0.15980880598110733,,5,1,val,current_repo_v1
1040,41.6,0.30138257408183006,,5,1,val,current_repo_v1
1041,41.64,0.3005140070375887,,5,1,val,current_repo_v1
1042,41.68,0.4537351922895752,,5,1,val,current_repo_v1
1043,41.72,0.5063255793700482,,5,1,val,current_repo_v1
1044,41.76,0.620668920421522,,5,1,val,current_repo_v1
1045,41.8,0.5915250757988292,,5,1,val,current_repo_v1
1046,41.84,0.4561889601807631,,5,1,val,current_repo_v1
1047,41.88,0.23559412997889836,,5,1,val,current_repo_v1
1048,41.92,0.2263172806433899,,5,1,val,current_repo_v1
1049,41.96,0.8559385578287997,,5,1,val,current_repo_v1
1050,42.0,0.7733692969376724,,5,1,val,current_repo_v1
1051,42.04,0.4467649658028455,,5,1,val,current_repo_v1
1052,42.08,0.38397604197965596,,5,1,val,current_repo_v1
1053,42.12,0.5671320250554592,,5,1,val,current_repo_v1
1054,42.16,0.5039929488243007,,5,1,val,current_repo_v1
1055,42.2,0.09336791859112029,,5,1,val,current_repo_v1
1056,42.24,-0.05714993946815958,,5,1,val,current_repo_v1
1057,42.28,0.3214816333275684,,5,1,val,current_repo_v1
1058,42.32,0.4583865389562561,,5,1,val,current_repo_v1
1059,42.36,0.8006372315467511,,5,1,val,current_repo_v1
1060,42.4,0.5113943178563731,,5,1,val,current_repo_v1
1061,42.44,0.2654541377693393,,5,1,val,current_repo_v1
1062,42.48,0.14771778468933633,,5,1,val,current_repo_v1
1063,42.52,0.1845818228338494,,5,1,val,current_repo_v1
1064,42.56,-0.1359489641815695,,5,1,val,current_repo_v1
1065,42.6,-0.8366727270807529,,5,1,val,current_repo_v1
1066,42.64,-0.6381123707667102,,5,1,val,current_repo_v1
1067,42.68,0.4601555125226959,,5,1,val,current_repo_v1
1068,42.72,0.8975440794654438,,5,1,val,current_repo_v1
1069,42.76,0.721239886566335,,5,1,val,current_repo_v1
1070,42.8,0.6257376998326258,,5,1,val,current_repo_v1
1071,42.84,0.22788758487082952,,5,1,val,current_repo_v1
1072,42.88,0.176191690682009,,5,1,val,current_repo_v1
1073,42.92,0.18154874423543796,,5,1,val,current_repo_v1
1074,42.96,0.5770304194699799,,5,1,val,current_repo_v1
1075,43.0,0.7357496850633642,,5,1,val,current_repo_v1
1076,43.04,0.9919836543159231,,5,1,val,current_repo_v1
1077,43.08,0.9535489026961818,,5,1,val,current_repo_v1
1078,43.12,1.244353915195837,,5,1,val,current_repo_v1
1079,43.16,1.4068298708651343,,5,1,val,current_repo_v1
1080,43.2,1.590234267348648,,5,1,val,current_repo_v1
1081,43.24,1.301281837738654,,5,1,val,current_repo_v1
1082,43.28,0.810007205216567,,5,1,val,current_repo_v1
1083,43.32,0.5228398735358853,,5,1,val,current_repo_v1
1084,43.36,-0.012063512166977682,,5,1,val,current_repo_v1
1085,43.4,-0.11281621246573675,,5,1,val,current_repo_v1
1086,43.44,0.08393178490067188,,5,1,val,current_repo_v1
1087,43.48,0.26660103423464154,,5,1,val,current_repo_v1
1088,43.52,-0.20202893594674606,,5,1,val,current_repo_v1
1089,43.56,-0.6201132437740929,,5,1,val,current_repo_v1
1090,43.6,-0.4097074557662481,,5,1,val,current_repo_v1
1091,43.64,-0.16600137981984422,,5,1,val,current_repo_v1
1092,43.68,0.07708623575275442,,5,1,val,current_repo_v1
1093,43.72,0.343062742515124,,5,1,val,current_repo_v1
1094,43.76,0.3672221332335642,,5,1,val,current_repo_v1
1095,43.8,0.5263066934030975,,5,1,val,current_repo_v1
1096,43.84,0.4699191416404141,,5,1,val,current_repo_v1
1097,43.88,0.37802471971232826,,5,1,val,current_repo_v1
1098,43.92,0.2048249782259714,,5,1,val,current_repo_v1
1099,43.96,0.010532951015413336,,5,1,val,current_repo_v1
1100,44.0,-0.3997327366391442,,5,1,val,current_repo_v1
1101,44.04,-0.5806730112624173,,5,1,val,current_repo_v1
1102,44.08,-0.6967274991677946,,5,1,val,current_repo_v1
1103,44.12,-0.8472760917360022,,5,1,val,current_repo_v1
1104,44.16,-0.8165003306312885,,5,1,val,current_repo_v1
1105,44.2,-1.0293791621011665,,5,1,val,current_repo_v1
1106,44.24,-1.0636837850378518,,5,1,val,current_repo_v1
1107,44.28,-0.8876828447501325,,5,1,val,current_repo_v1
1108,44.32,-0.6540033805504334,,5,1,val,current_repo_v1
1109,44.36,-0.6420905048210617,,5,1,val,current_repo_v1
1110,44.4,-0.4643249699182413,,5,1,val,current_repo_v1
1111,44.44,-0.021062124162177696,,5,1,val,current_repo_v1
1112,44.48,0.2983638191560214,,5,1,val,current_repo_v1
1113,44.52,0.6206584846029114,,5,1,val,current_repo_v1
1114,44.56,0.9457253945701167,,5,1,val,current_repo_v1
1115,44.6,0.8560706630149759,,5,1,val,current_repo_v1
1116,44.64,0.6850958994435622,,5,1,val,current_repo_v1
1117,44.68,0.23065238108139144,,5,1,val,current_repo_v1
1118,44.72,0.009734702972456724,,5,1,val,current_repo_v1
1119,44.76,-0.26381986811253366,,5,1,val,current_repo_v1
1120,44.8,-0.3781819527127276,,5,1,val,current_repo_v1
1121,44.84,-0.4126238782825049,,5,1,val,current_repo_v1
1122,44.88,-0.1470470071013495,,5,1,val,current_repo_v1
1123,44.92,0.2278168668529508,,5,1,val,current_repo_v1
1124,44.96,0.5944621653284128,,5,1,val,current_repo_v1
1125,45.0,0.8897351405606547,,5,1,val,current_repo_v1
1126,45.04,0.5413055430075636,,5,1,val,current_repo_v1
1127,45.08,0.11155364211297253,,5,1,val,current_repo_v1
1128,45.12,-0.18198995427638157,,5,1,val,current_repo_v1
1129,45.16,-0.3573179684252235,,5,1,val,current_repo_v1
1130,45.2,-0.3534581069817918,,5,1,val,current_repo_v1
1131,45.24,0.01839756552404957,,5,1,val,current_repo_v1
1132,45.28,0.4365114670821132,,5,1,val,current_repo_v1
1133,45.32,0.7366430729859873,,5,1,val,current_repo_v1
1134,45.36,0.6981461157023711,,5,1,val,current_repo_v1
1135,45.4,0.49500684958023866,,5,1,val,current_repo_v1
1136,45.44,0.28531413491933766,,5,1,val,current_repo_v1
1137,45.48,0.11758186203978756,,5,1,val,current_repo_v1
1138,45.52,-0.03772996809831638,,5,1,val,current_repo_v1
1139,45.56,-0.1533858460997499,,5,1,val,current_repo_v1
1140,45.6,-0.05412164906887534,,5,1,val,current_repo_v1
1141,45.64,-0.015676556269074528,,5,1,val,current_repo_v1
1142,45.68,0.3862305061977713,,5,1,val,current_repo_v1
1143,45.72,0.7671760683024738,,5,1,val,current_repo_v1
1144,45.76,0.8022102163472065,,5,1,val,current_repo_v1
1145,45.8,0.5501006463086627,,5,1,val,current_repo_v1
1146,45.84,0.5714399309779049,,5,1,val,current_repo_v1
1147,45.88,0.6762155498280873,,5,1,val,current_repo_v1
1148,45.92,0.7180516825936357,,5,1,val,current_repo_v1
1149,45.96,0.7885308634629058,,5,1,val,current_repo_v1
1150,46.0,0.8647720076476952,,5,1,val,current_repo_v1
1151,46.04,0.8495551108214364,,5,1,val,current_repo_v1
1152,46.08,0.862227386747427,,5,1,val,current_repo_v1
1153,46.12,1.2221221838738856,,5,1,val,current_repo_v1
1154,46.16,1.5226262052654311,,5,1,val,current_repo_v1
1155,46.2,1.4390289957787727,,5,1,val,current_repo_v1
1156,46.24,1.4671238564695979,,5,1,val,current_repo_v1
1157,46.28,1.2811695188645633,,5,1,val,current_repo_v1
1158,46.32,1.0216436422496613,,5,1,val,current_repo_v1
1159,46.36,0.8419938486783384,,5,1,val,current_repo_v1
1160,46.4,0.7628037467780945,,5,1,val,current_repo_v1
1161,46.44,0.5925819991377967,,5,1,val,current_repo_v1
1162,46.48,0.5296753756505914,,5,1,val,current_repo_v1
1163,46.52,0.32976358082647916,,5,1,val,current_repo_v1
1164,46.56,0.189242950522679,,5,1,val,current_repo_v1
1165,46.6,0.20889324910577312,,5,1,val,current_repo_v1
1166,46.64,0.2363442811754939,,5,1,val,current_repo_v1
1167,46.68,0.437045985618869,,5,1,val,current_repo_v1
1168,46.72,0.747228430738536,,5,1,val,current_repo_v1
1169,46.76,1.0792416671216138,,5,1,val,current_repo_v1
1170,46.8,1.335367349409296,,5,1,val,current_repo_v1
1171,46.84,1.986364682177758,,5,1,val,current_repo_v1
1172,46.88,2.123765534739121,,5,1,val,current_repo_v1
1173,46.92,1.942878339554036,,5,1,val,current_repo_v1
1174,46.96,1.5913685385196705,,5,1,val,current_repo_v1
1175,47.0,0.983700888321435,,5,1,val,current_repo_v1
1176,47.04,0.5893985833642247,,5,1,val,current_repo_v1
1177,47.08,0.16630469381840218,,5,1,val,current_repo_v1
1178,47.12,0.21962309179010467,,5,1,val,current_repo_v1
1179,47.16,0.09791799689249969,,5,1,val,current_repo_v1
1180,47.2,0.14784677959231882,,5,1,val,current_repo_v1
1181,47.24,0.05712728248746044,,5,1,val,current_repo_v1
1182,47.28,0.27222997155646017,,5,1,val,current_repo_v1
1183,47.32,0.7172421904676859,,5,1,val,current_repo_v1
1184,47.36,0.29252027229383465,,5,1,val,current_repo_v1
1185,47.4,0.2791691156736419,,5,1,val,current_repo_v1
1186,47.44,0.19049383685107726,,5,1,val,current_repo_v1
1187,47.48,0.3382125832727169,,5,1,val,current_repo_v1
1188,47.52,0.515948959270596,,5,1,val,current_repo_v1
1189,47.56,0.3214030168273687,,5,1,val,current_repo_v1
1190,47.6,0.6110377648129898,,5,1,val,current_repo_v1
1191,47.64,0.6891037039625908,,5,1,val,current_repo_v1
1192,47.68,0.8341944861718037,,5,1,val,current_repo_v1
1193,47.72,0.8317942478913712,,5,1,val,current_repo_v1
1194,47.76,0.4733908724810901,,5,1,val,current_repo_v1
1195,47.8,0.43271057824502596,,5,1,val,current_repo_v1
1196,47.84,0.3812278203045344,,5,1,val,current_repo_v1
1197,47.88,-0.059472205813659494,,5,1,val,current_repo_v1
1198,47.92,-0.8926269672848136,,5,1,val,current_repo_v1
1199,47.96,-1.2354100503235637,,5,1,val,current_repo_v1
1200,48.0,-1.3072899226742674,,5,1,val,current_repo_v1
1201,48.04,-1.4953134989482741,,5,1,val,current_repo_v1
1202,48.08,-1.2743756781747417,,5,1,val,current_repo_v1
1203,48.12,-0.7933166071033794,,5,1,val,current_repo_v1
1204,48.16,-0.12970484558385212,,5,1,val,current_repo_v1
1205,48.2,0.1564756873664471,,5,1,val,current_repo_v1
1206,48.24,0.4506432024719876,,5,1,val,current_repo_v1
1207,48.28,-0.030247163871899876,,5,1,val,current_repo_v1
1208,48.32,0.19952190445586537,,5,1,val,current_repo_v1
1209,48.36,0.5558452575179432,,5,1,val,current_repo_v1
1210,48.4,0.3809789567242563,,5,1,val,current_repo_v1
1211,48.44,-0.5634330389177459,,5,1,val,current_repo_v1
1212,48.48,-0.6664269975200402,,5,1,val,current_repo_v1
1213,48.52,-0.3101688990178626,,5,1,val,current_repo_v1
1214,48.56,0.0662809891633641,,5,1,val,current_repo_v1
1215,48.6,-0.0627745285322238,,5,1,val,current_repo_v1
1216,48.64,-0.9265442781143204,,5,1,val,current_repo_v1
1217,48.68,-1.1388121844853016,,5,1,val,current_repo_v1
1218,48.72,-0.8806186549711288,,5,1,val,current_repo_v1
1219,48.76,-0.9224085836613386,,5,1,val,current_repo_v1
1220,48.8,-1.49366979612994,,5,1,val,current_repo_v1
1221,48.84,-1.8612577968865573,,5,1,val,current_repo_v1
1222,48.88,-1.9880486549784953,,5,1,val,current_repo_v1
1223,48.92,-1.7025310420586408,,5,1,val,current_repo_v1
1224,48.96,-0.9693610095062531,,5,1,val,current_repo_v1
1225,49.0,-0.3147935627287235,,5,1,val,current_repo_v1
1226,49.04,0.30199507478471316,,5,1,val,current_repo_v1
1227,49.08,0.5635802862721021,,5,1,val,current_repo_v1
1228,49.12,0.4331043973920439,,5,1,val,current_repo_v1
1229,49.16,0.39720898737609717,,5,1,val,current_repo_v1
1230,49.2,0.6558490880772451,,5,1,val,current_repo_v1
1231,49.24,0.472021856778498,,5,1,val,current_repo_v1
1232,49.28,0.19500808550856036,,5,1,val,current_repo_v1
1233,49.32,0.30779743085697225,,5,1,val,current_repo_v1
1234,49.36,0.09673334731869443,,5,1,val,current_repo_v1
1235,49.4,-0.136163450947601,,5,1,val,current_repo_v1
1236,49.44,-0.10757348228206716,,5,1,val,current_repo_v1
1237,49.48,-0.3244207486337058,,5,1,val,current_repo_v1
1238,49.52,-0.23782567632084928,,5,1,val,current_repo_v1
1239,49.56,-0.12697639057692234,,5,1,val,current_repo_v1
1240,49.6,-0.1851823735013039,,5,1,val,current_repo_v1
1241,49.64,-0.07815076086939618,,5,1,val,current_repo_v1
1242,49.68,-0.07100750441762525,,5,1,val,current_repo_v1
1243,49.72,0.2706294239174393,,5,1,val,current_repo_v1
1244,49.76,0.602483258286838,,5,1,val,current_repo_v1
1245,49.8,0.9200778356554189,,5,1,val,current_repo_v1
1246,49.84,1.0793232711306706,,5,1,val,current_repo_v1
1247,49.88,1.2530352885364702,,5,1,val,current_repo_v1
1248,49.92,1.6174438432230653,,5,1,val,current_repo_v1
1249,49.96,1.553065073590528,,5,1,val,current_repo_v1
1250,50.0,1.3049087553407859,,5,1,val,current_repo_v1
1251,50.04,1.7154721119322167,,5,1,val,current_repo_v1
1252,50.08,1.785201878250911,,5,1,val,current_repo_v1
1253,50.12,2.3732791642047,,5,1,val,current_repo_v1
1254,50.16,3.5080219523787814,,5,1,val,current_repo_v1
1255,50.2,3.710756758911391,,5,1,val,current_repo_v1
1256,50.24,3.608055207854087,,5,1,val,current_repo_v1
1257,50.28,3.5460341965815205,,5,1,val,current_repo_v1
1258,50.32,3.413629768422228,,5,1,val,current_repo_v1
1259,50.36,3.167917396116746,,5,1,val,current_repo_v1
1260,50.4,3.024915742019034,,5,1,val,current_repo_v1
1261,50.44,2.704699154993351,,5,1,val,current_repo_v1
1262,50.48,1.9511592230086965,,5,1,val,current_repo_v1
1263,50.52,1.461633388137069,,5,1,val,current_repo_v1
1264,50.56,1.3793424975917814,,5,1,val,current_repo_v1
1265,50.6,1.3555957309562476,,5,1,val,current_repo_v1
1266,50.64,1.4345600099267144,,5,1,val,current_repo_v1
1267,50.68,1.171479161470925,,5,1,val,current_repo_v1
1268,50.72,0.5414554095477673,,5,1,val,current_repo_v1
1269,50.76,0.4719274842384353,,5,1,val,current_repo_v1
1270,50.8,1.960452585492477,,5,1,val,current_repo_v1
1271,50.84,1.196052854188205,,5,1,val,current_repo_v1
1272,50.88,-0.7839036624157553,,5,1,val,current_repo_v1
1273,50.92,0.7859278838279762,,5,1,val,current_repo_v1
1274,50.96,1.7895859042620457,,5,1,val,current_repo_v1
1275,51.0,1.9507869712201404,,5,1,val,current_repo_v1
1276,51.04,2.108289256664416,,5,1,val,current_repo_v1
1277,51.08,1.794554827212719,,5,1,val,current_repo_v1
1278,51.12,-0.29907629909367167,,5,1,val,current_repo_v1
1279,51.16,-2.7579444203852215,,5,1,val,current_repo_v1
1280,51.2,-1.3570700051900804,,5,1,val,current_repo_v1
1281,51.24,-3.3412452935481185,,5,1,val,current_repo_v1
1282,51.28,-3.4282886968134414,,5,1,val,current_repo_v1
1283,51.32,-3.2952019707409113,,5,1,val,current_repo_v1
1284,51.36,-1.590284359277979,,5,1,val,current_repo_v1
1285,51.4,-2.0648027503415785,,5,1,val,current_repo_v1
1286,51.44,-3.477109666211774,,5,1,val,current_repo_v1
1287,51.48,-4.7229980969159335,,5,1,val,current_repo_v1
1288,51.52,-5.033916737882603,,5,1,val,current_repo_v1
1289,51.56,-5.656285714542956,,5,1,val,current_repo_v1
1290,51.6,-3.16583710775748,,5,1,val,current_repo_v1
1291,51.64,-2.233567371230388,,5,1,val,current_repo_v1
1292,51.68,-1.025938206694197,,5,1,val,current_repo_v1
1293,51.72,0.9192507458745572,,5,1,val,current_repo_v1
1294,51.76,0.853631136946833,,5,1,val,current_repo_v1
1295,51.8,0.73673924621632,,5,1,val,current_repo_v1
1296,51.84,0.8633237615732205,,5,1,val,current_repo_v1
1297,51.88,0.8829636448000935,,5,1,val,current_repo_v1
1298,51.92,0.9865961527270185,,5,1,val,current_repo_v1
1299,51.96,1.0896436818648472,,5,1,val,current_repo_v1
1300,52.0,1.1174357810416289,,5,1,val,current_repo_v1
1301,52.04,0.5339694899225597,,5,1,val,current_repo_v1
1302,52.08,0.13257201512874486,,5,1,val,current_repo_v1
1303,52.12,-0.0805629287228678,,5,1,val,current_repo_v1
1304,52.16,-0.5336815022536866,,5,1,val,current_repo_v1
1305,52.2,-0.14564895526815266,,5,1,val,current_repo_v1
1306,52.24,0.27595570203716185,,5,1,val,current_repo_v1
1307,52.28,0.5021122506115594,,5,1,val,current_repo_v1
1308,52.32,0.7879219846029523,,5,1,val,current_repo_v1
1309,52.36,0.9853017838210762,,5,1,val,current_repo_v1
1310,52.4,0.9794959491426136,,5,1,val,current_repo_v1
1311,52.44,0.7228027220216316,,5,1,val,current_repo_v1
1312,52.48,0.5076638196389338,,5,1,val,current_repo_v1
1313,52.52,0.41891753632503836,,5,1,val,current_repo_v1
1314,52.56,0.19696330774361478,,5,1,val,current_repo_v1
1315,52.6,0.16775932415837988,,5,1,val,current_repo_v1
1316,52.64,0.37615646263236197,,5,1,val,current_repo_v1
1317,52.68,0.6412314937126853,,5,1,val,current_repo_v1
1318,52.72,1.0167825970160762,,5,1,val,current_repo_v1
1319,52.76,1.2483978562946034,,5,1,val,current_repo_v1
1320,52.8,1.5089092015845746,,5,1,val,current_repo_v1
1321,52.84,1.6303564294505513,,5,1,val,current_repo_v1
1322,52.88,1.529497803035096,,5,1,val,current_repo_v1
1323,52.92,1.5273847748527383,,5,1,val,current_repo_v1
1324,52.96,1.7361016381616032,,5,1,val,current_repo_v1
1325,53.0,1.8255957808844778,,5,1,val,current_repo_v1
1326,53.04,1.8411776448886548,,5,1,val,current_repo_v1
1327,53.08,1.8851819315136922,,5,1,val,current_repo_v1
1328,53.12,1.9397338432451647,,5,1,val,current_repo_v1
1329,53.16,2.021211312885731,,5,1,val,current_repo_v1
1330,53.2,2.0370135158993175,,5,1,val,current_repo_v1
1331,53.24,1.9797499283202498,,5,1,val,current_repo_v1
1332,53.28,1.6364771393776012,,5,1,val,current_repo_v1
1333,53.32,1.468207544613943,,5,1,val,current_repo_v1
1334,53.36,1.2872071514905172,,5,1,val,current_repo_v1
1335,53.4,1.3637327228884184,,5,1,val,current_repo_v1
1336,53.44,1.4608489419757844,,5,1,val,current_repo_v1
1337,53.48,1.531803668775466,,5,1,val,current_repo_v1
1338,53.52,1.7778480228871008,,5,1,val,current_repo_v1
1339,53.56,1.579410481834432,,5,1,val,current_repo_v1
1340,53.6,1.2844134623860766,,5,1,val,current_repo_v1
1341,53.64,0.9055569056185383,,5,1,val,current_repo_v1
1342,53.68,0.5519113631495448,,5,1,val,current_repo_v1
1343,53.72,0.12419070226674983,,5,1,val,current_repo_v1
1344,53.76,0.1558230599178869,,5,1,val,current_repo_v1
1345,53.8,0.0748747732460315,,5,1,val,current_repo_v1
1346,53.84,-0.3683207589221952,,5,1,val,current_repo_v1
1347,53.88,-0.6101670492178579,,5,1,val,current_repo_v1
1348,53.92,-1.0895532381035555,,5,1,val,current_repo_v1
1349,53.96,-1.0207234895216606,,5,1,val,current_repo_v1
1350,54.0,-0.929618383803544,,5,1,val,current_repo_v1
1351,54.04,-0.9761161353552684,,5,1,val,current_repo_v1
1352,54.08,-1.2920703248126033,,5,1,val,current_repo_v1
1353,54.12,-1.2424168635625985,,5,1,val,current_repo_v1
1354,54.16,-1.095735989995365,,5,1,val,current_repo_v1
1355,54.2,-1.2813455772632405,,5,1,val,current_repo_v1
1356,54.24,-1.3228393742535831,,5,1,val,current_repo_v1
1357,54.28,-1.4791478838983667,,5,1,val,current_repo_v1
1358,54.32,-1.4369557464814717,,5,1,val,current_repo_v1
1359,54.36,-1.486459832288619,,5,1,val,current_repo_v1
1360,54.4,-1.40776066403564,,5,1,val,current_repo_v1
1361,54.44,-1.4905383957503056,,5,1,val,current_repo_v1
1362,54.48,-1.425818640860265,,5,1,val,current_repo_v1
1363,54.52,-1.5140979724473107,,5,1,val,current_repo_v1
1364,54.56,-1.6335356299719002,,5,1,val,current_repo_v1
1365,54.6,-1.6649390134852875,,5,1,val,current_repo_v1
1366,54.64,-1.7235493536872448,,5,1,val,current_repo_v1
1367,54.68,-1.658853335168946,,5,1,val,current_repo_v1
1368,54.72,-1.418622100346412,,5,1,val,current_repo_v1
1369,54.76,-1.0136852460524572,,5,1,val,current_repo_v1
1370,54.8,-1.0405252711737234,,5,1,val,current_repo_v1
1371,54.84,-1.1698485545818278,,5,1,val,current_repo_v1
1372,54.88,-1.0263097218367336,,5,1,val,current_repo_v1
1373,54.92,-1.1165110447383952,,5,1,val,current_repo_v1
1374,54.96,-1.1080353593363377,,5,1,val,current_repo_v1
1375,55.0,-1.094431799142495,,5,1,val,current_repo_v1
1376,55.04,-1.1176211702898875,,5,1,val,current_repo_v1
1377,55.08,-1.069027087865582,,5,1,val,current_repo_v1
1378,55.12,-0.8540675587886495,,5,1,val,current_repo_v1
1379,55.16,-0.7176813951944652,,5,1,val,current_repo_v1
1380,55.2,-0.6750252526347986,,5,1,val,current_repo_v1
1381,55.24,-0.6854862399843765,,5,1,val,current_repo_v1
1382,55.28,-0.7252821906739468,,5,1,val,current_repo_v1
1383,55.32,-0.773751125124483,,5,1,val,current_repo_v1
1384,55.36,-0.8823510827100421,,5,1,val,current_repo_v1
1385,55.4,-1.0146389570991272,,5,1,val,current_repo_v1
1386,55.44,-1.0816084289329346,,5,1,val,current_repo_v1
1387,55.48,-0.8245922234571501,,5,1,val,current_repo_v1
1388,55.52,-0.9679269234052658,,5,1,val,current_repo_v1
1389,55.56,-0.9134807613023803,,5,1,val,current_repo_v1
1390,55.6,-0.9306027884343628,,5,1,val,current_repo_v1
1391,55.64,-0.9471359898480357,,5,1,val,current_repo_v1
1392,55.68,-0.9083183459972333,,5,1,val,current_repo_v1
1393,55.72,-0.7585080364397505,,5,1,val,current_repo_v1
1394,55.76,-0.6557827490107049,,5,1,val,current_repo_v1
1395,55.8,-0.5369167697220807,,5,1,val,current_repo_v1
1396,55.84,-0.49101463740195755,,5,1,val,current_repo_v1
1397,55.88,-0.48628987168199284,,5,1,val,current_repo_v1
1398,55.92,-0.3811363124989922,,5,1,val,current_repo_v1
1399,55.96,-0.25180287974572946,,5,1,val,current_repo_v1
1400,56.0,-0.23918282383757053,,5,1,val,current_repo_v1
1401,56.04,-0.14568363901824075,,5,1,val,current_repo_v1
1402,56.08,-0.20771461547446102,,5,1,val,current_repo_v1
1403,56.12,-0.26738232918795335,,5,1,val,current_repo_v1
1404,56.16,-0.05407068748799369,,5,1,val,current_repo_v1
1405,56.2,0.088500100306633,,5,1,val,current_repo_v1
1406,56.24,-0.052407975109876895,,5,1,val,current_repo_v1
1407,56.28,-0.13871015901159128,,5,1,val,current_repo_v1
1408,56.32,-0.10930940908957346,,5,1,val,current_repo_v1
1409,56.36,-0.12790135196643973,,5,1,val,current_repo_v1
1410,56.4,-0.152957302277865,,5,1,val,current_repo_v1
1411,56.44,-0.25219391600778457,,5,1,val,current_repo_v1
1412,56.48,-0.22462845825635724,,5,1,val,current_repo_v1
1413,56.52,-0.16736990442508992,,5,1,val,current_repo_v1
1414,56.56,-0.2066202050380531,,5,1,val,current_repo_v1
1415,56.6,-0.21992577145459025,,5,1,val,current_repo_v1
1416,56.64,-0.3231219189268672,,5,1,val,current_repo_v1
1417,56.68,-0.26415770216206425,,5,1,val,current_repo_v1
1418,56.72,-0.3743262246719613,,5,1,val,current_repo_v1
1419,56.76,-0.2911111298455654,,5,1,val,current_repo_v1
1420,56.8,-0.22667019547393227,,5,1,val,current_repo_v1
1421,56.84,-0.34129452605709315,,5,1,val,current_repo_v1
1422,56.88,-0.3609029790537978,,5,1,val,current_repo_v1
1423,56.92,-0.34068446037855254,,5,1,val,current_repo_v1
1424,56.96,-0.24855603056491665,,5,1,val,current_repo_v1
1425,57.0,-0.17300401873143498,,5,1,val,current_repo_v1
1426,57.04,-0.06272805844582259,,5,1,val,current_repo_v1
1427,57.08,-0.23042563734408988,,5,1,val,current_repo_v1
1428,57.12,-0.3082369834443718,,5,1,val,current_repo_v1
1429,57.16,-0.32398995394898333,,5,1,val,current_repo_v1
1430,57.2,-0.04056577391580644,,5,1,val,current_repo_v1
1431,57.24,0.03385483403897201,,5,1,val,current_repo_v1
1432,57.28,-0.26008609591278503,,5,1,val,current_repo_v1
1433,57.32,-0.3983472691754484,,5,1,val,current_repo_v1
1434,57.36,-0.30689561242990304,,5,1,val,current_repo_v1
1435,57.4,-0.29045815453638485,,5,1,val,current_repo_v1
1436,57.44,-0.30512326256920685,,5,1,val,current_repo_v1
1437,57.48,-0.2025055459214079,,5,1,val,current_repo_v1
1438,57.52,-0.22611402772915687,,5,1,val,current_repo_v1
1439,57.56,-0.17717722074424658,,5,1,val,current_repo_v1
1440,57.6,-0.16236740269335792,,5,1,val,current_repo_v1
1441,57.64,-0.25366839486551174,,5,1,val,current_repo_v1
1442,57.68,-0.38610646319303144,,5,1,val,current_repo_v1
1443,57.72,-0.3731832774478195,,5,1,val,current_repo_v1
1444,57.76,-0.2054981294511324,,5,1,val,current_repo_v1
1445,57.8,-0.26978385659892007,,5,1,val,current_repo_v1
1446,57.84,-0.48314185584213903,,5,1,val,current_repo_v1
1447,57.88,-0.4218121868589389,,5,1,val,current_repo_v1
1448,57.92,-0.41330486660281857,,5,1,val,current_repo_v1
1449,57.96,-0.2888292051008317,,5,1,val,current_repo_v1
1450,58.0,-0.18957098308767142,,5,1,val,current_repo_v1
1451,58.04,-0.3021504661700636,,5,1,val,current_repo_v1
1452,58.08,-0.35284415344925907,,5,1,val,current_repo_v1
1453,58.12,-0.04630999889748646,,5,1,val,current_repo_v1
1454,58.16,0.17854459945568407,,5,1,val,current_repo_v1
1455,58.2,0.24267831151237765,,5,1,val,current_repo_v1
1456,58.24,0.236024413103885,,5,1,val,current_repo_v1
1457,58.28,0.25334635778062303,,5,1,val,current_repo_v1
1458,58.32,0.10030227450917481,,5,1,val,current_repo_v1
1459,58.36,-0.11056297599098738,,5,1,val,current_repo_v1
1460,58.4,-0.0024220435141714724,,5,1,val,current_repo_v1
1461,58.44,0.07546907265351437,,5,1,val,current_repo_v1
1462,58.48,0.09703968975088842,,5,1,val,current_repo_v1
1463,58.52,-0.160803707817705,,5,1,val,current_repo_v1
1464,58.56,-0.03096585926034028,,5,1,val,current_repo_v1
1465,58.6,0.08273109281355154,,5,1,val,current_repo_v1
1466,58.64,-0.09608268425951974,,5,1,val,current_repo_v1
1467,58.68,-0.10445916799760868,,5,1,val,current_repo_v1
1468,58.72,-0.17212736904336776,,5,1,val,current_repo_v1
1469,58.76,-0.013900190664452253,,5,1,val,current_repo_v1
1470,58.8,0.005593253472447025,,5,1,val,current_repo_v1
1471,58.84,-0.023305190829379114,,5,1,val,current_repo_v1
1472,58.88,0.08442181820280144,,5,1,val,current_repo_v1
1473,58.92,0.16986167097345398,,5,1,val,current_repo_v1
1474,58.96,0.2697127293332527,,5,1,val,current_repo_v1
1475,59.0,0.3331284979943175,,5,1,val,current_repo_v1
1476,59.04,0.25328654621631186,,5,1,val,current_repo_v1
1477,59.08,0.23010779504903484,,5,1,val,current_repo_v1
1478,59.12,0.25704045340726206,,5,1,val,current_repo_v1
1479,59.16,0.23382345803413568,,5,1,val,current_repo_v1
1480,59.2,0.2501920804496029,,5,1,val,current_repo_v1
1481,59.24,0.37411869511833684,,5,1,val,current_repo_v1
1482,59.28,0.3195720831457273,,5,1,val,current_repo_v1
1483,59.32,0.34265811922648565,,5,1,val,current_repo_v1
1484,59.36,0.2674293926836481,,5,1,val,current_repo_v1
1485,59.4,0.12551539643383114,,5,1,val,current_repo_v1
1486,59.44,0.31792355120348725,,5,1,val,current_repo_v1
1487,59.48,0.4856055275298123,,5,1,val,current_repo_v1
1488,59.52,0.2898735440702983,,5,1,val,current_repo_v1
1489,59.56,0.16795392148188296,,5,1,val,current_repo_v1
1490,59.6,0.09927256614815244,,5,1,val,current_repo_v1
1491,59.64,0.33987985876367716,,5,1,val,current_repo_v1
1492,59.68,0.5898065215599511,,5,1,val,current_repo_v1
1493,59.72,0.5128791506831533,,5,1,val,current_repo_v1
1494,59.76,0.38963127347189536,,5,1,val,current_repo_v1
1495,59.8,0.37416457179544454,,5,1,val,current_repo_v1
1496,59.84,0.009625640994580168,,5,1,val,current_repo_v1
1497,59.88,0.08695144528721296,,5,1,val,current_repo_v1
1498,59.92,0.2535894509670812,,5,1,val,current_repo_v1
1499,59.96,0.1542742411993514,,5,1,val,current_repo_v1
1500,60.0,0.15397825273621024,,5,1,val,current_repo_v1
1501,60.04,0.035528094778841265,,5,1,val,current_repo_v1
1502,60.08,-0.07757784465887028,,5,1,val,current_repo_v1
1503,60.12,0.23645829760941178,,5,1,val,current_repo_v1
1504,60.16,0.4873023916358919,,5,1,val,current_repo_v1
1505,60.2,0.6735285925469267,,5,1,val,current_repo_v1
1506,60.24,0.6476432197422443,,5,1,val,current_repo_v1
1507,60.28,0.5640186315785252,,5,1,val,current_repo_v1
1508,60.32,0.9810315286951863,,5,1,val,current_repo_v1
1509,60.36,1.1407079020918864,,5,1,val,current_repo_v1
1510,60.4,1.5296346554956208,,5,1,val,current_repo_v1
1511,60.44,1.7555855979810007,,5,1,val,current_repo_v1
1512,60.48,1.8154305569117573,,5,1,val,current_repo_v1
1513,60.52,1.7800119614943666,,5,1,val,current_repo_v1
1514,60.56,1.6261989630152134,,5,1,val,current_repo_v1
1515,60.6,1.3216754735426626,,5,1,val,current_repo_v1
1516,60.64,1.3508394531565568,,5,1,val,current_repo_v1
1517,60.68,1.3994796168818642,,5,1,val,current_repo_v1
1518,60.72,1.1384716084755873,,5,1,val,current_repo_v1
1519,60.76,0.957518933644318,,5,1,val,current_repo_v1
1520,60.8,0.961741552327609,,5,1,val,current_repo_v1
1521,60.84,0.9155390321306168,,5,1,val,current_repo_v1
1522,60.88,0.8426845770960218,,5,1,val,current_repo_v1
1523,60.92,0.8700265037052886,,5,1,val,current_repo_v1
1524,60.96,0.9631736740392111,,5,1,val,current_repo_v1
1525,61.0,1.1199111572160576,,5,1,val,current_repo_v1
1526,61.04,0.9306389659388795,,5,1,val,current_repo_v1
1527,61.08,0.40961946749168837,,5,1,val,current_repo_v1
1528,61.12,0.5346767928756835,,5,1,val,current_repo_v1
1529,61.16,0.5903659223622568,,5,1,val,current_repo_v1
1530,61.2,0.5933056310776877,,5,1,val,current_repo_v1
1531,61.24,0.6501457290450604,,5,1,val,current_repo_v1
1532,61.28,0.6765823176962754,,5,1,val,current_repo_v1
1533,61.32,0.632752943576107,,5,1,val,current_repo_v1
1534,61.36,0.802555948879058,,5,1,val,current_repo_v1
1535,61.4,0.6326637684829602,,5,1,val,current_repo_v1
1536,61.44,0.23532541788087075,,5,1,val,current_repo_v1
1537,61.48,-0.4340404698590231,,5,1,val,current_repo_v1
1538,61.52,-1.1855234815331437,,5,1,val,current_repo_v1
1539,61.56,-0.9836936037107971,,5,1,val,current_repo_v1
1540,61.6,0.08529931708003012,,5,1,val,current_repo_v1
1541,61.64,0.6644692379486962,,5,1,val,current_repo_v1
1542,61.68,0.20123012518808006,,5,1,val,current_repo_v1
1543,61.72,-0.030735846656326886,,5,1,val,current_repo_v1
1544,61.76,-0.29045449176867644,,5,1,val,current_repo_v1
1545,61.8,-0.009647609927434637,,5,1,val,current_repo_v1
1546,61.84,0.2680697836233277,,5,1,val,current_repo_v1
1547,61.88,0.8290413198666802,,5,1,val,current_repo_v1
1548,61.92,1.179225976561397,,5,1,val,current_repo_v1
1549,61.96,1.1060208780214866,,5,1,val,current_repo_v1
1550,62.0,1.1105853004578583,,5,1,val,current_repo_v1
1551,62.04,0.8325544665835676,,5,1,val,current_repo_v1
1552,62.08,0.19725370997444083,,5,1,val,current_repo_v1
1553,62.12,-0.09844459648454512,,5,1,val,current_repo_v1
1554,62.16,-0.06207470458243752,,5,1,val,current_repo_v1
1555,62.2,0.02588037486606343,,5,1,val,current_repo_v1
1556,62.24,0.37973467974764474,,5,1,val,current_repo_v1
1557,62.28,0.2947894898947308,,5,1,val,current_repo_v1
1558,62.32,0.2956714598040505,,5,1,val,current_repo_v1
1559,62.36,0.5813731114544609,,5,1,val,current_repo_v1
1560,62.4,0.9770431634461185,,5,1,val,current_repo_v1
1561,62.44,0.9927150619637984,,5,1,val,current_repo_v1
1562,62.48,1.0298678858103725,,5,1,val,current_repo_v1
1563,62.52,0.7724742720238948,,5,1,val,current_repo_v1
1564,62.56,0.3510553722898486,,5,1,val,current_repo_v1
1565,62.6,-0.11913391381585339,,5,1,val,current_repo_v1
1566,62.64,-0.15031963889284722,,5,1,val,current_repo_v1
1567,62.68,-0.10622605440032636,,5,1,val,current_repo_v1
1568,62.72,0.06507570326981617,,5,1,val,current_repo_v1
1569,62.76,0.24474836867692729,,5,1,val,current_repo_v1
1570,62.8,0.7351025824599509,,5,1,val,current_repo_v1
1571,62.84,1.0098463380958045,,5,1,val,current_repo_v1
1572,62.88,1.0766125774777682,,5,1,val,current_repo_v1
1573,62.92,0.9756315859735067,,5,1,val,current_repo_v1
1574,62.96,0.7261896567204994,,5,1,val,current_repo_v1
1575,63.0,0.9424988850043998,,5,1,val,current_repo_v1
1576,63.04,1.1820014132144638,,5,1,val,current_repo_v1
1577,63.08,1.1019529550023053,,5,1,val,current_repo_v1
1578,63.12,0.976874471507637,,5,1,val,current_repo_v1
1579,63.16,1.069501242353512,,5,1,val,current_repo_v1
1580,63.2,0.42951754514842067,,5,1,val,current_repo_v1
1581,63.24,-0.16936895709830876,,5,1,val,current_repo_v1
1582,63.28,-0.05626954516282619,,5,1,val,current_repo_v1
1583,63.32,0.15357878596970895,,5,1,val,current_repo_v1
1584,63.36,0.4141612994501265,,5,1,val,current_repo_v1
1585,63.4,0.6109901283703909,,5,1,val,current_repo_v1
1586,63.44,0.6718654913834106,,5,1,val,current_repo_v1
1587,63.48,0.40162247922801464,,5,1,val,current_repo_v1
1588,63.52,0.0037915554297073143,,5,1,val,current_repo_v1
1589,63.56,-0.12297562511985845,,5,1,val,current_repo_v1
1590,63.6,-0.35146437452982543,,5,1,val,current_repo_v1
1591,63.64,-0.42831730323386785,,5,1,val,current_repo_v1
1592,63.68,-0.2064128391835441,,5,1,val,current_repo_v1
1593,63.72,-0.021268405510046745,,5,1,val,current_repo_v1
1594,63.76,-0.0882146499740496,,5,1,val,current_repo_v1
1595,63.8,0.1264874417814327,,5,1,val,current_repo_v1
1596,63.84,-0.10177794018548911,,5,1,val,current_repo_v1
1597,63.88,0.005892142479290221,,5,1,val,current_repo_v1
1598,63.92,-0.06842835835078707,,5,1,val,current_repo_v1
1599,63.96,-0.35201530390290614,,5,1,val,current_repo_v1
1600,64.0,-0.6669839428356141,,5,1,val,current_repo_v1
1601,64.04,-0.7404715041992507,,5,1,val,current_repo_v1
1602,64.08,-0.8186235900083626,,5,1,val,current_repo_v1
1603,64.12,-0.7814456383475654,,5,1,val,current_repo_v1
1604,64.16,-0.7821577294998165,,5,1,val,current_repo_v1
1605,64.2,-0.6751684484360473,,5,1,val,current_repo_v1
1606,64.24,-0.952573583366271,,5,1,val,current_repo_v1
1607,64.28,-1.0815645575699915,,5,1,val,current_repo_v1
1608,64.32,-1.1261611894443209,,5,1,val,current_repo_v1
1609,64.36,-1.1317714855293666,,5,1,val,current_repo_v1
1610,64.4,-1.3476235840333448,,5,1,val,current_repo_v1
1611,64.44,-1.5158561009473512,,5,1,val,current_repo_v1
1612,64.48,-1.4185734817091202,,5,1,val,current_repo_v1
1613,64.52,-0.9975957510912388,,5,1,val,current_repo_v1
1614,64.56,-0.7429652965241685,,5,1,val,current_repo_v1
1615,64.6,-0.602599402809257,,5,1,val,current_repo_v1
1616,64.64,-0.6078325361322826,,5,1,val,current_repo_v1
1617,64.68,-0.2630570506968794,,5,1,val,current_repo_v1
1618,64.72,-0.3780308993539369,,5,1,val,current_repo_v1
1619,64.76,-0.2888618835367554,,5,1,val,current_repo_v1
1620,64.8,-0.3425794004143388,,5,1,val,current_repo_v1
1621,64.84,-0.36674973851112547,,5,1,val,current_repo_v1
1622,64.88,-0.49652581367259213,,5,1,val,current_repo_v1
1623,64.92,-0.5740997142058992,,5,1,val,current_repo_v1
1624,64.96,-0.4171229029222502,,5,1,val,current_repo_v1
1625,65.0,-0.17257541352238182,,5,1,val,current_repo_v1
1626,65.04,-0.18580418459137876,,5,1,val,current_repo_v1
1627,65.08,-0.24531566796155396,,5,1,val,current_repo_v1
1628,65.12,-0.013176676383300497,,5,1,val,current_repo_v1
1629,65.16,0.0036341791925819425,,5,1,val,current_repo_v1
1630,65.2,0.05391088134212321,,5,1,val,current_repo_v1
1631,65.24,0.030162600489771384,,5,1,val,current_repo_v1
1632,65.28,0.08325685344763024,,5,1,val,current_repo_v1
1633,65.32,0.08034992548007017,,5,1,val,current_repo_v1
1634,65.36,0.0580609813172655,,5,1,val,current_repo_v1
1635,65.4,0.12455190436501236,,5,1,val,current_repo_v1
1636,65.44,0.151259333202756,,5,1,val,current_repo_v1
1637,65.48,0.277873109776545,,5,1,val,current_repo_v1
1638,65.52,0.24264812948796471,,5,1,val,current_repo_v1
1639,65.56,0.22168651914047816,,5,1,val,current_repo_v1
1640,65.6,0.10183267707722105,,5,1,val,current_repo_v1
1641,65.64,-0.012334894606826238,,5,1,val,current_repo_v1
1642,65.68,0.09488319945337591,,5,1,val,current_repo_v1
1643,65.72,0.12039726173941605,,5,1,val,current_repo_v1
1644,65.76,0.18929783065113698,,5,1,val,current_repo_v1
1645,65.8,0.18014453322302196,,5,1,val,current_repo_v1
1646,65.84,-0.028276344180500537,,5,1,val,current_repo_v1
1647,65.88,-0.26802102174931003,,5,1,val,current_repo_v1
1648,65.92,-0.6856459284715078,,5,1,val,current_repo_v1
1649,65.96,-0.43797268631148817,,5,1,val,current_repo_v1
1650,66.0,-0.13649899320951514,,5,1,val,current_repo_v1
1651,66.04,0.14833581023736617,,5,1,val,current_repo_v1
1652,66.08,-0.17842561066113408,,5,1,val,current_repo_v1
1653,66.12,-0.5438308474122076,,5,1,val,current_repo_v1
1654,66.16,-1.065863111361971,,5,1,val,current_repo_v1
1655,66.2,-1.1064869294032014,,5,1,val,current_repo_v1
1656,66.24,-0.6239978237839591,,5,1,val,current_repo_v1
1657,66.28,-0.5132284845955449,,5,1,val,current_repo_v1
1658,66.32,-0.4718081066584861,,5,1,val,current_repo_v1
1659,66.36,-0.46652549527781256,,5,1,val,current_repo_v1
1660,66.4,-0.5787956279567641,,5,1,val,current_repo_v1
1661,66.44,-0.6536623134433724,,5,1,val,current_repo_v1
1662,66.48,-0.887991008334986,,5,1,val,current_repo_v1
1663,66.52,-0.5572342854374004,,5,1,val,current_repo_v1
1664,66.56,-0.27631092911771005,,5,1,val,current_repo_v1
1665,66.6,-0.4060534868852863,,5,1,val,current_repo_v1
1666,66.64,-0.3262898855964177,,5,1,val,current_repo_v1
1667,66.68,-0.2579851610025818,,5,1,val,current_repo_v1
1668,66.72,-0.30856724640981237,,5,1,val,current_repo_v1
1669,66.76,-0.23667081998605774,,5,1,val,current_repo_v1
1670,66.8,-0.3147078867041696,,5,1,val,current_repo_v1
1671,66.84,-0.3031142447123344,,5,1,val,current_repo_v1
1672,66.88,-0.38309472686679813,,5,1,val,current_repo_v1
1673,66.92,-0.33734434362670646,,5,1,val,current_repo_v1
1674,66.96,-0.2597293546154188,,5,1,val,current_repo_v1
1675,67.0,-0.0797222007594493,,5,1,val,current_repo_v1
1676,67.04,-0.18274297020749763,,5,1,val,current_repo_v1
1677,67.08,-0.1534231899604642,,5,1,val,current_repo_v1
1678,67.12,-0.14711641552630453,,5,1,val,current_repo_v1
1679,67.16,-0.31606063480716284,,5,1,val,current_repo_v1
1680,67.2,-0.11557795978027323,,5,1,val,current_repo_v1
1681,67.24,-0.05607439535480842,,5,1,val,current_repo_v1
1682,67.28,-0.10428016301485316,,5,1,val,current_repo_v1
1683,67.32,-0.26556301814350963,,5,1,val,current_repo_v1
1684,67.36,-0.2403846618184991,,5,1,val,current_repo_v1
1685,67.4,-0.18475894527677714,,5,1,val,current_repo_v1
1686,67.44,0.25127016189924367,,5,1,val,current_repo_v1
1687,67.48,0.5499862206269561,,5,1,val,current_repo_v1
1688,67.52,0.46296340252540263,,5,1,val,current_repo_v1
1689,67.56,0.5771114096073537,,5,1,val,current_repo_v1
1690,67.6,0.5364266545703934,,5,1,val,current_repo_v1
1691,67.64,0.49420955303839065,,5,1,val,current_repo_v1
1692,67.68,0.352858722670535,,5,1,val,current_repo_v1
1693,67.72,0.3072470744307957,,5,1,val,current_repo_v1
1694,67.76,0.32151339095596765,,5,1,val,current_repo_v1
1695,67.8,0.4299889576761666,,5,1,val,current_repo_v1
1696,67.84,0.8216832901754257,,5,1,val,current_repo_v1
1697,67.88,0.9384569901445766,,5,1,val,current_repo_v1
1698,67.92,1.035523690249516,,5,1,val,current_repo_v1
1699,67.96,0.977147603481782,,5,1,val,current_repo_v1
1700,68.0,1.052016212432997,,5,1,val,current_repo_v1
1701,68.04,1.0150538525072608,,5,1,val,current_repo_v1
1702,68.08,0.9423149690481805,,5,1,val,current_repo_v1
1703,68.12,0.9841224953933023,,5,1,val,current_repo_v1
1704,68.16,0.9024521881947237,,5,1,val,current_repo_v1
1705,68.2,0.8564258082459665,,5,1,val,current_repo_v1
1706,68.24,0.7762001457413225,,5,1,val,current_repo_v1
1707,68.28,0.9529983825708896,,5,1,val,current_repo_v1
1708,68.32,0.9024755153186768,,5,1,val,current_repo_v1
1709,68.36,0.7310525844939123,,5,1,val,current_repo_v1
1710,68.4,0.654567364927972,,5,1,val,current_repo_v1
1711,68.44,0.749896480771861,,5,1,val,current_repo_v1
1712,68.48,0.6370383817949559,,5,1,val,current_repo_v1
1713,68.52,0.7283938653101685,,5,1,val,current_repo_v1
1714,68.56,0.8519172890575244,,5,1,val,current_repo_v1
1715,68.6,0.7767903629021136,,5,1,val,current_repo_v1
1716,68.64,0.6993195928115462,,5,1,val,current_repo_v1
1717,68.68,0.8127796134359978,,5,1,val,current_repo_v1
1718,68.72,0.8792399810207245,,5,1,val,current_repo_v1
1719,68.76,0.9364435728739762,,5,1,val,current_repo_v1
1720,68.8,0.9021951805834515,,5,1,val,current_repo_v1
1721,68.84,0.6656576935269359,,5,1,val,current_repo_v1
1722,68.88,0.6973669897623391,,5,1,val,current_repo_v1
1723,68.92,0.8581080622059912,,5,1,val,current_repo_v1
1724,68.96,0.8428111983618302,,5,1,val,current_repo_v1
1725,69.0,0.7781489018613162,,5,1,val,current_repo_v1
1726,69.04,0.8174562516160172,,5,1,val,current_repo_v1
1727,69.08,0.7883871356395319,,5,1,val,current_repo_v1
1728,69.12,0.7557473327070751,,5,1,val,current_repo_v1
1729,69.16,0.6579890038393172,,5,1,val,current_repo_v1
1730,69.2,0.5914377832455101,,5,1,val,current_repo_v1
1731,69.24,0.6108517207682694,,5,1,val,current_repo_v1
1732,69.28,0.4161128793798619,,5,1,val,current_repo_v1
1733,69.32,0.3163383503565408,,5,1,val,current_repo_v1
1734,69.36,0.34979673071585543,,5,1,val,current_repo_v1
1735,69.4,0.4045073896645453,,5,1,val,current_repo_v1
1736,69.44,0.43091070647054314,,5,1,val,current_repo_v1
1737,69.48,0.6011115415488408,,5,1,val,current_repo_v1
1738,69.52,0.9848578318199487,,5,1,val,current_repo_v1
1739,69.56,1.622362019447946,,5,1,val,current_repo_v1
1740,69.6,2.077869868534059,,5,1,val,current_repo_v1
1741,69.64,2.5056518347355934,,5,1,val,current_repo_v1
1742,69.68,2.680275738064063,,5,1,val,current_repo_v1
1743,69.72,2.4923926974806787,,5,1,val,current_repo_v1
1744,69.76,2.148167179686053,,5,1,val,current_repo_v1
1745,69.8,1.7798587391222962,,5,1,val,current_repo_v1
1746,69.84,1.7793090374925813,,5,1,val,current_repo_v1
1747,69.88,2.0157030013496176,,5,1,val,current_repo_v1
1748,69.92,1.9710872985283368,,5,1,val,current_repo_v1
1749,69.96,1.8349831066605322,,5,1,val,current_repo_v1
1750,70.0,1.8004306432630406,,5,1,val,current_repo_v1
1751,70.04,1.676551828736021,,5,1,val,current_repo_v1
1752,70.08,1.9661180481794325,,5,1,val,current_repo_v1
1753,70.12,2.0139568228850053,,5,1,val,current_repo_v1
1754,70.16,2.006873398459935,,5,1,val,current_repo_v1
1755,70.2,2.2978096158006314,,5,1,val,current_repo_v1
1756,70.24,2.4847687385763595,,5,1,val,current_repo_v1
1757,70.28,2.570481595431223,,5,1,val,current_repo_v1
1758,70.32,2.543067723060712,,5,1,val,current_repo_v1
1759,70.36,2.292492177433144,,5,1,val,current_repo_v1
1760,70.4,1.9754459511765752,,5,1,val,current_repo_v1
1761,70.44,1.3337310130511575,,5,1,val,current_repo_v1
1762,70.48,0.7109649841862562,,5,1,val,current_repo_v1
1763,70.52,0.45888794934691013,,5,1,val,current_repo_v1
1764,70.56,0.35371875689838306,,5,1,val,current_repo_v1
1765,70.6,0.5065214453616961,,5,1,val,current_repo_v1
1766,70.64,0.8326337788050079,,5,1,val,current_repo_v1
1767,70.68,1.0198601403867245,,5,1,val,current_repo_v1
1768,70.72,1.0104219860353196,,5,1,val,current_repo_v1
1769,70.76,1.2991159347420025,,5,1,val,current_repo_v1
1770,70.8,1.551272568276241,,5,1,val,current_repo_v1
1771,70.84,1.0616267419529812,,5,1,val,current_repo_v1
1772,70.88,0.7835186420961934,,5,1,val,current_repo_v1
1773,70.92,0.40937932088930856,,5,1,val,current_repo_v1
1774,70.96,-0.16082695309210032,,5,1,val,current_repo_v1
1775,71.0,-0.291708467917879,,5,1,val,current_repo_v1
1776,71.04,-0.09813397741295975,,5,1,val,current_repo_v1
1777,71.08,-0.040714141585984145,,5,1,val,current_repo_v1
1778,71.12,-0.12869627487111354,,5,1,val,current_repo_v1
1779,71.16,-0.10650004579482755,,5,1,val,current_repo_v1
1780,71.2,-0.10917820424853225,,5,1,val,current_repo_v1
1781,71.24,0.16492520137242064,,5,1,val,current_repo_v1
1782,71.28,0.27197490787218404,,5,1,val,current_repo_v1
1783,71.32,0.21215258034413975,,5,1,val,current_repo_v1
1784,71.36,0.24578855378133907,,5,1,val,current_repo_v1
1785,71.4,0.44098810586781934,,5,1,val,current_repo_v1
1786,71.44,0.7407326861379671,,5,1,val,current_repo_v1
1787,71.48,1.0643452113138678,,5,1,val,current_repo_v1
1788,71.52,1.1730796477227776,,5,1,val,current_repo_v1
1789,71.56,0.9337832985486355,,5,1,val,current_repo_v1
1790,71.6,0.680051756749335,,5,1,val,current_repo_v1
1791,71.64,0.5459279149308081,,5,1,val,current_repo_v1
1792,71.68,0.3261213164322727,,5,1,val,current_repo_v1
1793,71.72,0.1796034257968689,,5,1,val,current_repo_v1
1794,71.76,0.2838372824244363,,5,1,val,current_repo_v1
1795,71.8,0.49185973408551986,,5,1,val,current_repo_v1
1796,71.84,0.6950850240928266,,5,1,val,current_repo_v1
1797,71.88,0.5790445324618211,,5,1,val,current_repo_v1
1798,71.92,0.49703675953672166,,5,1,val,current_repo_v1
1799,71.96,0.26388221701313447,,5,1,val,current_repo_v1
1800,72.0,0.2244857126276761,,5,1,val,current_repo_v1
1801,72.04,0.41582877956498104,,5,1,val,current_repo_v1
1802,72.08,0.5256360999766155,,5,1,val,current_repo_v1
1803,72.12,0.7416074942109854,,5,1,val,current_repo_v1
1804,72.16,0.8079287175475711,,5,1,val,current_repo_v1
1805,72.2,0.8737801244227867,,5,1,val,current_repo_v1
1806,72.24,1.0242218214685987,,5,1,val,current_repo_v1
1807,72.28,0.9580992470086237,,5,1,val,current_repo_v1
1808,72.32,0.8492595520684734,,5,1,val,current_repo_v1
1809,72.36,0.6805121605115663,,5,1,val,current_repo_v1
1810,72.4,0.41062719924646024,,5,1,val,current_repo_v1
1811,72.44,0.14403389979502415,,5,1,val,current_repo_v1
1812,72.48,0.252843433173151,,5,1,val,current_repo_v1
1813,72.52,0.3514256187642403,,5,1,val,current_repo_v1
1814,72.56,0.4895575106504691,,5,1,val,current_repo_v1
1815,72.6,0.4647708453839755,,5,1,val,current_repo_v1
1816,72.64,0.5899534005912975,,5,1,val,current_repo_v1
1817,72.68,0.9382337045510891,,5,1,val,current_repo_v1
1818,72.72,1.0991487073049175,,5,1,val,current_repo_v1
1819,72.76,1.2017853516629415,,5,1,val,current_repo_v1
1820,72.8,0.9942363996933261,,5,1,val,current_repo_v1
1821,72.84,0.7629057313270261,,5,1,val,current_repo_v1
1822,72.88,0.833549266108218,,5,1,val,current_repo_v1
1823,72.92,0.5132431765911575,,5,1,val,current_repo_v1
1824,72.96,0.10203582767950692,,5,1,val,current_repo_v1
1825,73.0,-0.04001277272579572,,5,1,val,current_repo_v1
1826,73.04,-0.2629977302299146,,5,1,val,current_repo_v1
1827,73.08,-0.27629214464421104,,5,1,val,current_repo_v1
1828,73.12,-0.2562552910623475,,5,1,val,current_repo_v1
1829,73.16,-0.285643108754244,,5,1,val,current_repo_v1
1830,73.2,-0.296919706484212,,5,1,val,current_repo_v1
1831,73.24,-0.5897613406040841,,5,1,val,current_repo_v1
1832,73.28,-0.7533478310726622,,5,1,val,current_repo_v1
1833,73.32,-0.5547612010505882,,5,1,val,current_repo_v1
1834,73.36,-0.6843428425876672,,5,1,val,current_repo_v1
1835,73.4,-0.2388855257815057,,5,1,val,current_repo_v1
1836,73.44,0.09701826562915258,,5,1,val,current_repo_v1
1837,73.48,0.3424876675225129,,5,1,val,current_repo_v1
1838,73.52,0.5269470843427772,,5,1,val,current_repo_v1
1839,73.56,0.6939259525058119,,5,1,val,current_repo_v1
1840,73.6,0.8171642942435943,,5,1,val,current_repo_v1
1841,73.64,0.9524188058526035,,5,1,val,current_repo_v1
1842,73.68,0.9665077339237851,,5,1,val,current_repo_v1
1843,73.72,1.0688331862633196,,5,1,val,current_repo_v1
1844,73.76,1.3220249711541696,,5,1,val,current_repo_v1
1845,73.8,1.3176191731606788,,5,1,val,current_repo_v1
1846,73.84,1.24119051163913,,5,1,val,current_repo_v1
1847,73.88,1.3170219987874807,,5,1,val,current_repo_v1
1848,73.92,1.3243038265404885,,5,1,val,current_repo_v1
1849,73.96,1.2595221933848042,,5,1,val,current_repo_v1
1850,74.0,1.211309120651732,,5,1,val,current_repo_v1
1851,74.04,1.1746799702755146,,5,1,val,current_repo_v1
1852,74.08,1.3603870403666467,,5,1,val,current_repo_v1
1853,74.12,1.3894491172811672,,5,1,val,current_repo_v1
1854,74.16,1.223689602904415,,5,1,val,current_repo_v1
1855,74.2,0.8885649374337888,,5,1,val,current_repo_v1
1856,74.24,0.7778702859668033,,5,1,val,current_repo_v1
1857,74.28,0.950569415095694,,5,1,val,current_repo_v1
1858,74.32,0.8165869274633668,,5,1,val,current_repo_v1
1859,74.36,0.6393730995044254,,5,1,val,current_repo_v1
1860,74.4,0.23030554358051053,,5,1,val,current_repo_v1
1861,74.44,0.4746105945903827,,5,1,val,current_repo_v1
1862,74.48,0.685336946391077,,5,1,val,current_repo_v1
1863,74.52,0.6601534744687084,,5,1,val,current_repo_v1
1864,74.56,0.38551522291276874,,5,1,val,current_repo_v1
1865,74.6,0.04337361020474094,,5,1,val,current_repo_v1
1866,74.64,-0.11052577536699909,,5,1,val,current_repo_v1
1867,74.68,-0.09897690508324222,,5,1,val,current_repo_v1
1868,74.72,-0.17338232738726309,,5,1,val,current_repo_v1
1869,74.76,-0.4260127470864218,,5,1,val,current_repo_v1
1870,74.8,-0.504554273091213,,5,1,val,current_repo_v1
1871,74.84,-0.3211416098023685,,5,1,val,current_repo_v1
1872,74.88,-0.35294961660439417,,5,1,val,current_repo_v1
1873,74.92,-0.21956565386296764,,5,1,val,current_repo_v1
1874,74.96,-0.2119299290847247,,5,1,val,current_repo_v1
1875,75.0,-0.43763321527080296,,5,1,val,current_repo_v1
1876,75.04,-0.5086964745840344,,5,1,val,current_repo_v1
1877,75.08,-0.6017414557451309,,5,1,val,current_repo_v1
1878,75.12,-0.6393816118584295,,5,1,val,current_repo_v1
1879,75.16,-0.588321402259719,,5,1,val,current_repo_v1
1880,75.2,-0.40875926956472486,,5,1,val,current_repo_v1
1881,75.24,-0.4780367761521819,,5,1,val,current_repo_v1
1882,75.28,-0.7649799628190199,,5,1,val,current_repo_v1
1883,75.32,-0.8929182698607747,,5,1,val,current_repo_v1
1884,75.36,-1.0025476493339043,,5,1,val,current_repo_v1
1885,75.4,-0.926768136654712,,5,1,val,current_repo_v1
1886,75.44,-1.299581986123717,,5,1,val,current_repo_v1
1887,75.48,-1.4672273143105685,,5,1,val,current_repo_v1
1888,75.52,-1.1565863070437192,,5,1,val,current_repo_v1
1889,75.56,-0.9304471924251181,,5,1,val,current_repo_v1
1890,75.6,-0.8141717107138697,,5,1,val,current_repo_v1
1891,75.64,-1.1970068926331061,,5,1,val,current_repo_v1
1892,75.68,-1.0317998627710314,,5,1,val,current_repo_v1
1893,75.72,-1.2568075709531308,,5,1,val,current_repo_v1
1894,75.76,-1.2568862283781093,,5,1,val,current_repo_v1
1895,75.8,-1.1009925322919014,,5,1,val,current_repo_v1
1896,75.84,-1.0142083465759097,,5,1,val,current_repo_v1
1897,75.88,-0.8748695420361731,,5,1,val,current_repo_v1
1898,75.92,-0.930604261726402,,5,1,val,current_repo_v1
1899,75.96,-0.9866874149838875,,5,1,val,current_repo_v1
1900,76.0,-0.6759333325530342,,5,1,val,current_repo_v1
1901,76.04,-0.5588222896316991,,5,1,val,current_repo_v1
1902,76.08,-0.581024759736762,,5,1,val,current_repo_v1
1903,76.12,-0.5774064772629705,,5,1,val,current_repo_v1
1904,76.16,-0.3976621883772482,,5,1,val,current_repo_v1
1905,76.2,-0.25148346184668807,,5,1,val,current_repo_v1
1906,76.24,-0.3009378240475146,,5,1,val,current_repo_v1
1907,76.28,-0.2609502635432985,,5,1,val,current_repo_v1
1908,76.32,-0.5841931970412695,,5,1,val,current_repo_v1
1909,76.36,-0.6483406188988828,,5,1,val,current_repo_v1
1910,76.4,-0.5458269944261269,,5,1,val,current_repo_v1
1911,76.44,-0.5198858002230727,,5,1,val,current_repo_v1
1912,76.48,-0.42812061874664264,,5,1,val,current_repo_v1
1913,76.52,-0.37615056946420544,,5,1,val,current_repo_v1
1914,76.56,-0.661705464857606,,5,1,val,current_repo_v1
1915,76.6,-0.525641133724416,,5,1,val,current_repo_v1
1916,76.64,-0.4262046024497409,,5,1,val,current_repo_v1
1917,76.68,-0.5282796769921794,,5,1,val,current_repo_v1
1918,76.72,-0.5329813611368641,,5,1,val,current_repo_v1
1919,76.76,-0.44382214680422083,,5,1,val,current_repo_v1
1920,76.8,-0.3439102742230287,,5,1,val,current_repo_v1
1921,76.84,-0.6272990619958835,,5,1,val,current_repo_v1
1922,76.88,-0.2454645932318437,,5,1,val,current_repo_v1
1923,76.92,-0.25834861396368186,,5,1,val,current_repo_v1
1924,76.96,-0.30240008685875064,,5,1,val,current_repo_v1
1925,77.0,-0.3933168772069199,,5,1,val,current_repo_v1
1926,77.04,-0.5737236973376876,,5,1,val,current_repo_v1
1927,77.08,-0.5785681680358324,,5,1,val,current_repo_v1
1928,77.12,-0.3311326988410184,,5,1,val,current_repo_v1
1929,77.16,-0.03231856643855468,,5,1,val,current_repo_v1
1930,77.2,-0.1304004440502206,,5,1,val,current_repo_v1
1931,77.24,-0.29884501270591607,,5,1,val,current_repo_v1
1932,77.28,-0.36332748572809725,,5,1,val,current_repo_v1
1933,77.32,-0.2477990653926401,,5,1,val,current_repo_v1
1934,77.36,-0.6220605266020476,,5,1,val,current_repo_v1
1935,77.4,-1.3422002323381546,,5,1,val,current_repo_v1
1936,77.44,-1.8359016223973785,,5,1,val,current_repo_v1
1937,77.48,-1.6567317946325844,,5,1,val,current_repo_v1
1938,77.52,-1.3523511326382724,,5,1,val,current_repo_v1
1939,77.56,-0.7913083463549159,,5,1,val,current_repo_v1
1940,77.6,-0.3352524940174112,,5,1,val,current_repo_v1
1941,77.64,0.11966129097869727,,5,1,val,current_repo_v1
1942,77.68,-0.17991195770473214,,5,1,val,current_repo_v1
1943,77.72,-0.7033138512287705,,5,1,val,current_repo_v1
1944,77.76,-1.2250836645716727,,5,1,val,current_repo_v1
1945,77.8,-1.1144233899189337,,5,1,val,current_repo_v1
1946,77.84,-0.9223671677851273,,5,1,val,current_repo_v1
1947,77.88,-0.4041815056504433,,5,1,val,current_repo_v1
1948,77.92,-0.12071684333757286,,5,1,val,current_repo_v1
1949,77.96,-0.24942083252950248,,5,1,val,current_repo_v1
1950,78.0,-0.4274877579662742,,5,1,val,current_repo_v1
1951,78.04,-0.4923025401928392,,5,1,val,current_repo_v1
1952,78.08,-0.48160950934709673,,5,1,val,current_repo_v1
1953,78.12,-0.46606419117044623,,5,1,val,current_repo_v1
1954,78.16,-0.5335200130762854,,5,1,val,current_repo_v1
1955,78.2,-0.6859941164900912,,5,1,val,current_repo_v1
1956,78.24,-0.7705483519305077,,5,1,val,current_repo_v1
1957,78.28,-0.557578462827655,,5,1,val,current_repo_v1
1958,78.32,-0.5275513387027189,,5,1,val,current_repo_v1
1959,78.36,-0.49370560531144697,,5,1,val,current_repo_v1
1960,78.4,-0.2096231629992199,,5,1,val,current_repo_v1
1961,78.44,-0.06476898739901504,,5,1,val,current_repo_v1
1962,78.48,-0.2971603032591594,,5,1,val,current_repo_v1
1963,78.52,-0.6082739507971205,,5,1,val,current_repo_v1
1964,78.56,-0.5816601578534201,,5,1,val,current_repo_v1
1965,78.6,-0.38123056226471835,,5,1,val,current_repo_v1
1966,78.64,0.015504774509788675,,5,1,val,current_repo_v1
1967,78.68,-0.0910445370453963,,5,1,val,current_repo_v1
1968,78.72,-0.06297200082144216,,5,1,val,current_repo_v1
1969,78.76,0.06972894270751953,,5,1,val,current_repo_v1
1970,78.8,0.20061893407812065,,5,1,val,current_repo_v1
1971,78.84,0.6456592273876478,,5,1,val,current_repo_v1
1972,78.88,0.5478240827099603,,5,1,val,current_repo_v1
1973,78.92,0.6948970975082784,,5,1,val,current_repo_v1
1974,78.96,0.9745973349620304,,5,1,val,current_repo_v1
1975,79.0,1.00931898139535,,5,1,val,current_repo_v1
1976,79.04,0.9396523210856657,,5,1,val,current_repo_v1
1977,79.08,0.800049797270923,,5,1,val,current_repo_v1
1978,79.12,0.46614080235648153,,5,1,val,current_repo_v1
1979,79.16,0.5410277865334069,,5,1,val,current_repo_v1
1980,79.2,0.6862560350748272,,5,1,val,current_repo_v1
1981,79.24,0.9457276045081754,,5,1,val,current_repo_v1
1982,79.28,0.8561453098116257,,5,1,val,current_repo_v1
1983,79.32,0.7877269371068817,,5,1,val,current_repo_v1
1984,79.36,0.6785642228871498,,5,1,val,current_repo_v1
1985,79.4,0.5642971656234804,,5,1,val,current_repo_v1
1986,79.44,0.7034949843000271,,5,1,val,current_repo_v1
1987,79.48,0.6504229534970919,,5,1,val,current_repo_v1
1988,79.52,0.4922785991972032,,5,1,val,current_repo_v1
1989,79.56,0.5249352222137735,,5,1,val,current_repo_v1
1990,79.6,0.22199998248419464,,5,1,val,current_repo_v1
1991,79.64,0.1673690040799549,,5,1,val,current_repo_v1
1992,79.68,0.1638519899714648,,5,1,val,current_repo_v1
1993,79.72,0.053803658421496904,,5,1,val,current_repo_v1
1994,79.76,-0.012228060471599144,,5,1,val,current_repo_v1
1995,79.8,0.18494108100511583,,5,1,val,current_repo_v1
1996,79.84,0.22446748063869174,,5,1,val,current_repo_v1
1997,79.88,0.42123187349463315,,5,1,val,current_repo_v1
1998,79.92,0.3403060903355562,,5,1,val,current_repo_v1
1999,79.96,0.5004493540719377,,5,1,val,current_repo_v1
2000,80.0,0.5476889490901481,,5,1,val,current_repo_v1
2001,80.04,0.6908043740731049,,5,1,val,current_repo_v1
2002,80.08,0.7680789507737934,,5,1,val,current_repo_v1
2003,80.12,0.8956779095491997,,5,1,val,current_repo_v1
2004,80.16,0.9405552854065431,,5,1,val,current_repo_v1
2005,80.2,0.881839113726441,,5,1,val,current_repo_v1
2006,80.24,0.8994273559392536,,5,1,val,current_repo_v1
2007,80.28,0.9104240895689533,,5,1,val,current_repo_v1
2008,80.32,0.8942579015721418,,5,1,val,current_repo_v1
2009,80.36,0.9516549039303094,,5,1,val,current_repo_v1
2010,80.4,0.9135885571699107,,5,1,val,current_repo_v1
2011,80.44,0.9854827531932172,,5,1,val,current_repo_v1
2012,80.48,0.9207747846394899,,5,1,val,current_repo_v1
2013,80.52,0.9829107126911095,,5,1,val,current_repo_v1
2014,80.56,1.0404534891115942,,5,1,val,current_repo_v1
2015,80.6,0.9203032493374074,,5,1,val,current_repo_v1
2016,80.64,0.8065135386944193,,5,1,val,current_repo_v1
2017,80.68,0.8417212078015397,,5,1,val,current_repo_v1
2018,80.72,0.8164138156487678,,5,1,val,current_repo_v1
2019,80.76,0.7432186209053429,,5,1,val,current_repo_v1
2020,80.8,0.8830381278976278,,5,1,val,current_repo_v1
2021,80.84,1.0212838315938801,,5,1,val,current_repo_v1
2022,80.88,1.0429389327816236,,5,1,val,current_repo_v1
2023,80.92,0.8609872840982598,,5,1,val,current_repo_v1
2024,80.96,0.8408692357551281,,5,1,val,current_repo_v1
2025,81.0,0.7132527611743676,,5,1,val,current_repo_v1
2026,81.04,0.5642469099950342,,5,1,val,current_repo_v1
2027,81.08,-0.015147654658217937,,5,1,val,current_repo_v1
2028,81.12,-0.8315054826516998,,5,1,val,current_repo_v1
2029,81.16,-1.5426434968029972,,5,1,val,current_repo_v1
2030,81.2,-1.8059525418257378,,5,1,val,current_repo_v1
2031,81.24,-1.9135611375680712,,5,1,val,current_repo_v1
2032,81.28,-1.7475032815533933,,5,1,val,current_repo_v1
2033,81.32,-1.189893674969022,,5,1,val,current_repo_v1
2034,81.36,-0.8780351555309388,,5,1,val,current_repo_v1
2035,81.4,-0.8259792460624429,,5,1,val,current_repo_v1
2036,81.44,-1.2144519799694489,,5,1,val,current_repo_v1
2037,81.48,-1.6477461864858687,,5,1,val,current_repo_v1
2038,81.52,-1.398016637886998,,5,1,val,current_repo_v1
2039,81.56,-1.2976486995701344,,5,1,val,current_repo_v1
2040,81.6,-1.0694606449728778,,5,1,val,current_repo_v1
2041,81.64,-0.8795986457826974,,5,1,val,current_repo_v1
2042,81.68,-0.7813989022501017,,5,1,val,current_repo_v1
2043,81.72,-0.9381470258694531,,5,1,val,current_repo_v1
2044,81.76,-1.1013017599210053,,5,1,val,current_repo_v1
2045,81.8,-1.186515334473716,,5,1,val,current_repo_v1
2046,81.84,-1.096355918545612,,5,1,val,current_repo_v1
2047,81.88,-1.1350327811571186,,5,1,val,current_repo_v1
2048,81.92,-1.2160297938938103,,5,1,val,current_repo_v1
2049,81.96,-1.242444610562669,,5,1,val,current_repo_v1
2050,82.0,-1.212877030779608,,5,1,val,current_repo_v1
2051,82.04,-1.3069667806203493,,5,1,val,current_repo_v1
2052,82.08,-1.1971919544831335,,5,1,val,current_repo_v1
2053,82.12,-1.297783096543927,,5,1,val,current_repo_v1
2054,82.16,-1.0733217341596755,,5,1,val,current_repo_v1
2055,82.2,-0.9394707787666204,,5,1,val,current_repo_v1
2056,82.24,-1.2391477103773043,,5,1,val,current_repo_v1
2057,82.28,-1.1435856506921158,,5,1,val,current_repo_v1
2058,82.32,-1.097782883735077,,5,1,val,current_repo_v1
2059,82.36,-1.2047137651394058,,5,1,val,current_repo_v1
2060,82.4,-1.154888665366841,,5,1,val,current_repo_v1
2061,82.44,-1.1984545657606767,,5,1,val,current_repo_v1
2062,82.48,-1.263942806148244,,5,1,val,current_repo_v1
2063,82.52,-1.13750913952624,,5,1,val,current_repo_v1
2064,82.56,-1.1049193466735563,,5,1,val,current_repo_v1
2065,82.6,-1.0347175539554332,,5,1,val,current_repo_v1
2066,82.64,-1.1267283250298321,,5,1,val,current_repo_v1
2067,82.68,-1.2663557311101248,,5,1,val,current_repo_v1
2068,82.72,-1.2655157090991416,,5,1,val,current_repo_v1
2069,82.76,-1.0173972871946284,,5,1,val,current_repo_v1
2070,82.8,-0.7975799050168623,,5,1,val,current_repo_v1
2071,82.84,-0.6698826858474012,,5,1,val,current_repo_v1
2072,82.88,-0.7794081573069924,,5,1,val,current_repo_v1
2073,82.92,-0.8322797794678256,,5,1,val,current_repo_v1
2074,82.96,-0.780452966911416,,5,1,val,current_repo_v1
2075,83.0,-0.8183881906803311,,5,1,val,current_repo_v1
2076,83.04,-0.8777720910523946,,5,1,val,current_repo_v1
2077,83.08,-0.8246907703246571,,5,1,val,current_repo_v1
2078,83.12,-0.6572801048198176,,5,1,val,current_repo_v1
2079,83.16,-0.3050393667725336,,5,1,val,current_repo_v1
2080,83.2,0.19517293051782858,,5,1,val,current_repo_v1
2081,83.24,-0.06489843247456505,,5,1,val,current_repo_v1
2082,83.28,-0.7631484971152532,,5,1,val,current_repo_v1
2083,83.32,-0.6789457236757294,,5,1,val,current_repo_v1
2084,83.36,-1.2301318178942287,,5,1,val,current_repo_v1
2085,83.4,-0.8770207939619908,,5,1,val,current_repo_v1
2086,83.44,-0.7338793408196759,,5,1,val,current_repo_v1
2087,83.48,-0.606415474739303,,5,1,val,current_repo_v1
2088,83.52,-0.28348111407397414,,5,1,val,current_repo_v1
2089,83.56,-0.08661960671778608,,5,1,val,current_repo_v1
2090,83.6,-0.17196704622216408,,5,1,val,current_repo_v1
2091,83.64,-0.182172928962687,,5,1,val,current_repo_v1
2092,83.68,0.05477926422485972,,5,1,val,current_repo_v1
2093,83.72,0.4094335871460835,,5,1,val,current_repo_v1
2094,83.76,0.36690733983453455,,5,1,val,current_repo_v1
2095,83.8,0.3957474816732702,,5,1,val,current_repo_v1
2096,83.84,0.3814288018935404,,5,1,val,current_repo_v1
2097,83.88,0.2505586232315073,,5,1,val,current_repo_v1
2098,83.92,0.15971148685696634,,5,1,val,current_repo_v1
2099,83.96,-0.07370876490899925,,5,1,val,current_repo_v1
2100,84.0,0.8950155010784907,,5,1,val,current_repo_v1
2101,84.04,1.1148108657252276,,5,1,val,current_repo_v1
2102,84.08,1.7570552886396007,,5,1,val,current_repo_v1
2103,84.12,1.6731858475239323,,5,1,val,current_repo_v1
2104,84.16,1.2643741533174813,,5,1,val,current_repo_v1
2105,84.2,1.1522071101564906,,5,1,val,current_repo_v1
2106,84.24,0.8330291940184016,,5,1,val,current_repo_v1
2107,84.28,0.6045944857789258,,5,1,val,current_repo_v1
2108,84.32,0.38791226906044973,,5,1,val,current_repo_v1
2109,84.36,0.3300261951324559,,5,1,val,current_repo_v1
2110,84.4,0.410681833826245,,5,1,val,current_repo_v1
2111,84.44,0.45689744995247406,,5,1,val,current_repo_v1
2112,84.48,0.6338653609152156,,5,1,val,current_repo_v1
2113,84.52,0.6103012415677562,,5,1,val,current_repo_v1
2114,84.56,0.6149987513849968,,5,1,val,current_repo_v1
2115,84.6,0.8537323848497451,,5,1,val,current_repo_v1
2116,84.64,0.9210888413925,,5,1,val,current_repo_v1
2117,84.68,1.3081180764993796,,5,1,val,current_repo_v1
2118,84.72,1.2245917487297153,,5,1,val,current_repo_v1
2119,84.76,1.3379415998494624,,5,1,val,current_repo_v1
2120,84.8,1.3873565514882418,,5,1,val,current_repo_v1
2121,84.84,1.2977531396057977,,5,1,val,current_repo_v1
2122,84.88,1.3409196960074685,,5,1,val,current_repo_v1
2123,84.92,1.4269645346684852,,5,1,val,current_repo_v1
2124,84.96,1.3582443826443906,,5,1,val,current_repo_v1
2125,85.0,1.2750439798136073,,5,1,val,current_repo_v1
2126,85.04,1.287951163970283,,5,1,val,current_repo_v1
2127,85.08,1.148926252484441,,5,1,val,current_repo_v1
2128,85.12,1.0570077258616037,,5,1,val,current_repo_v1
2129,85.16,1.1000088643071022,,5,1,val,current_repo_v1
2130,85.2,1.210927456164037,,5,1,val,current_repo_v1
2131,85.24,1.2777408408912534,,5,1,val,current_repo_v1
2132,85.28,1.2788216643010781,,5,1,val,current_repo_v1
2133,85.32,1.1792472574464068,,5,1,val,current_repo_v1
2134,85.36,1.2298068751500404,,5,1,val,current_repo_v1
2135,85.4,1.170647324415715,,5,1,val,current_repo_v1
2136,85.44,1.1261264033822855,,5,1,val,current_repo_v1
2137,85.48,1.101944278949186,,5,1,val,current_repo_v1
2138,85.52,1.1213794564321762,,5,1,val,current_repo_v1
2139,85.56,1.1180516171139896,,5,1,val,current_repo_v1
2140,85.6,1.113856990979442,,5,1,val,current_repo_v1
2141,85.64,1.1864724453054654,,5,1,val,current_repo_v1
2142,85.68,1.099490511057998,,5,1,val,current_repo_v1
2143,85.72,1.1198630296761123,,5,1,val,current_repo_v1
2144,85.76,1.253692540485042,,5,1,val,current_repo_v1
2145,85.8,1.3180294031440216,,5,1,val,current_repo_v1
2146,85.84,1.1684583398437836,,5,1,val,current_repo_v1
2147,85.88,1.0674296300473656,,5,1,val,current_repo_v1
2148,85.92,1.1319000711845604,,5,1,val,current_repo_v1
2149,85.96,1.1812548633984084,,5,1,val,current_repo_v1
2150,86.0,1.1770879842639315,,5,1,val,current_repo_v1
2151,86.04,1.188985717825123,,5,1,val,current_repo_v1
2152,86.08,1.2561692262523945,,5,1,val,current_repo_v1
2153,86.12,1.3534065826852009,,5,1,val,current_repo_v1
2154,86.16,1.3467946117126552,,5,1,val,current_repo_v1
2155,86.2,1.4159673917909967,,5,1,val,current_repo_v1
2156,86.24,1.399663942085872,,5,1,val,current_repo_v1
2157,86.28,1.0539018625439809,,5,1,val,current_repo_v1
2158,86.32,0.9551320368417955,,5,1,val,current_repo_v1
2159,86.36,0.5594658727041302,,5,1,val,current_repo_v1
2160,86.4,0.525879725185199,,5,1,val,current_repo_v1
2161,86.44,0.4074863452429078,,5,1,val,current_repo_v1
2162,86.48,0.416638230766152,,5,1,val,current_repo_v1
2163,86.52,0.4929221004200765,,5,1,val,current_repo_v1
2164,86.56,0.7127649378102968,,5,1,val,current_repo_v1
2165,86.6,0.6437169783074935,,5,1,val,current_repo_v1
2166,86.64,0.8851052384780992,,5,1,val,current_repo_v1
2167,86.68,1.2124373349554824,,5,1,val,current_repo_v1
2168,86.72,1.340894077095899,,5,1,val,current_repo_v1
2169,86.76,1.3633179093298429,,5,1,val,current_repo_v1
2170,86.8,1.0722923122721053,,5,1,val,current_repo_v1
2171,86.84,0.9507475197333145,,5,1,val,current_repo_v1
2172,86.88,0.9797751379840307,,5,1,val,current_repo_v1
2173,86.92,1.003305903636715,,5,1,val,current_repo_v1
2174,86.96,1.1030738846954178,,5,1,val,current_repo_v1
2175,87.0,1.0887162445262084,,5,1,val,current_repo_v1
2176,87.04,0.9911838204377854,,5,1,val,current_repo_v1
2177,87.08,0.9471467939896561,,5,1,val,current_repo_v1
2178,87.12,1.0334453662796357,,5,1,val,current_repo_v1
2179,87.16,1.2788332869382757,,5,1,val,current_repo_v1
2180,87.2,1.3957852552441625,,5,1,val,current_repo_v1
2181,87.24,1.3483153764952789,,5,1,val,current_repo_v1
2182,87.28,1.3611518426340758,,5,1,val,current_repo_v1
2183,87.32,1.3556378016289208,,5,1,val,current_repo_v1
2184,87.36,1.4916094790627603,,5,1,val,current_repo_v1
2185,87.4,1.4291235623022873,,5,1,val,current_repo_v1
2186,87.44,1.3885489358452525,,5,1,val,current_repo_v1
2187,87.48,1.2541031797161735,,5,1,val,current_repo_v1
2188,87.52,1.2255503707498492,,5,1,val,current_repo_v1
2189,87.56,1.264438159671626,,5,1,val,current_repo_v1
2190,87.6,1.2117867128210866,,5,1,val,current_repo_v1
2191,87.64,1.321490084294404,,5,1,val,current_repo_v1
2192,87.68,1.3495563794895813,,5,1,val,current_repo_v1
2193,87.72,1.2002760458184003,,5,1,val,current_repo_v1
2194,87.76,1.2560511991901477,,5,1,val,current_repo_v1
2195,87.8,1.1850900881249633,,5,1,val,current_repo_v1
2196,87.84,1.0295810031105288,,5,1,val,current_repo_v1
2197,87.88,1.11123895102589,,5,1,val,current_repo_v1
2198,87.92,1.0409931232457081,,5,1,val,current_repo_v1
2199,87.96,1.0802281998409335,,5,1,val,current_repo_v1
2200,88.0,1.1913892300878648,,5,1,val,current_repo_v1
2201,88.04,1.1649704846402347,,5,1,val,current_repo_v1
2202,88.08,1.1653141709331432,,5,1,val,current_repo_v1
2203,88.12,1.2138676559768142,,5,1,val,current_repo_v1
2204,88.16,1.2681476634775077,,5,1,val,current_repo_v1
2205,88.2,0.997133382939622,,5,1,val,current_repo_v1
2206,88.24,1.0801279341327144,,5,1,val,current_repo_v1
2207,88.28,1.0858715631473022,,5,1,val,current_repo_v1
2208,88.32,1.0049041799505087,,5,1,val,current_repo_v1
2209,88.36,0.878416165222172,,5,1,val,current_repo_v1
2210,88.4,0.8004524970949546,,5,1,val,current_repo_v1
2211,88.44,0.9643290623961278,,5,1,val,current_repo_v1
2212,88.48,1.0084813330215412,,5,1,val,current_repo_v1
2213,88.52,0.8756638919939428,,5,1,val,current_repo_v1
2214,88.56,0.827366432366851,,5,1,val,current_repo_v1
2215,88.6,0.9663924897465013,,5,1,val,current_repo_v1
2216,88.64,1.0448849060166545,,5,1,val,current_repo_v1
2217,88.68,0.8992918949212104,,5,1,val,current_repo_v1
2218,88.72,0.8599670293611552,,5,1,val,current_repo_v1
2219,88.76,0.889640768020592,,5,1,val,current_repo_v1
2220,88.8,0.8357556027863882,,5,1,val,current_repo_v1
2221,88.84,1.0281986459300267,,5,1,val,current_repo_v1
2222,88.88,1.0441570997493193,,5,1,val,current_repo_v1
2223,88.92,0.8776836116804885,,5,1,val,current_repo_v1
2224,88.96,0.8733279874658861,,5,1,val,current_repo_v1
2225,89.0,0.9739325528541473,,5,1,val,current_repo_v1
2226,89.04,0.9091494464064238,,5,1,val,current_repo_v1
2227,89.08,0.830539248622697,,5,1,val,current_repo_v1
2228,89.12,0.8785037442489432,,5,1,val,current_repo_v1
2229,89.16,1.0582680453515303,,5,1,val,current_repo_v1
2230,89.2,0.9927464921939667,,5,1,val,current_repo_v1
2231,89.24,1.067697769198489,,5,1,val,current_repo_v1
2232,89.28,0.866420948837724,,5,1,val,current_repo_v1
2233,89.32,1.0194394336599921,,5,1,val,current_repo_v1
2234,89.36,1.1754206269234135,,5,1,val,current_repo_v1
2235,89.4,1.1328053272930543,,5,1,val,current_repo_v1
2236,89.44,1.151865388252968,,5,1,val,current_repo_v1
2237,89.48,1.1965232435964794,,5,1,val,current_repo_v1
2238,89.52,1.1725030175885696,,5,1,val,current_repo_v1
2239,89.56,1.1507148290199571,,5,1,val,current_repo_v1
2240,89.6,1.2232800277175342,,5,1,val,current_repo_v1
2241,89.64,1.101476754275432,,5,1,val,current_repo_v1
2242,89.68,1.0240009095122855,,5,1,val,current_repo_v1
2243,89.72,1.049165310487703,,5,1,val,current_repo_v1
2244,89.76,1.0969754378480703,,5,1,val,current_repo_v1
2245,89.8,1.0073076922132504,,5,1,val,current_repo_v1
2246,89.84,0.9275914613559182,,5,1,val,current_repo_v1
2247,89.88,0.9792779837703786,,5,1,val,current_repo_v1
2248,89.92,1.0240024646538823,,5,1,val,current_repo_v1
2249,89.96,1.16296443382983,,5,1,val,current_repo_v1
2250,90.0,1.0626248973094987,,5,1,val,current_repo_v1
2251,90.04,0.9701673094994515,,5,1,val,current_repo_v1
2252,90.08,1.0164506152099233,,5,1,val,current_repo_v1
2253,90.12,0.9967369036819778,,5,1,val,current_repo_v1
2254,90.16,1.1315405879270102,,5,1,val,current_repo_v1
2255,90.2,1.1489562094225703,,5,1,val,current_repo_v1
2256,90.24,1.1560069758741063,,5,1,val,current_repo_v1
2257,90.28,1.0366330791549885,,5,1,val,current_repo_v1
2258,90.32,1.067655616676258,,5,1,val,current_repo_v1
2259,90.36,1.1456734692106927,,5,1,val,current_repo_v1
2260,90.4,1.0596909999126665,,5,1,val,current_repo_v1
2261,90.44,1.0611184561994778,,5,1,val,current_repo_v1
2262,90.48,1.0517901439545467,,5,1,val,current_repo_v1
2263,90.52,1.090412494760605,,5,1,val,current_repo_v1
2264,90.56,0.9486087907898294,,5,1,val,current_repo_v1
2265,90.6,0.9617968007790768,,5,1,val,current_repo_v1
2266,90.64,1.0634546881257654,,5,1,val,current_repo_v1
2267,90.68,1.0973970449199377,,5,1,val,current_repo_v1
2268,90.72,1.032031005922061,,5,1,val,current_repo_v1
2269,90.76,1.1329637880368195,,5,1,val,current_repo_v1
2270,90.8,1.020599405592142,,5,1,val,current_repo_v1
2271,90.84,1.018867468950575,,5,1,val,current_repo_v1
2272,90.88,1.0089443559696198,,5,1,val,current_repo_v1
2273,90.92,1.0635715692942038,,5,1,val,current_repo_v1
2274,90.96,1.0288619547458706,,5,1,val,current_repo_v1
2275,91.0,1.0538634751014055,,5,1,val,current_repo_v1
2276,91.04,1.0683057477133076,,5,1,val,current_repo_v1
2277,91.08,1.1338765743046246,,5,1,val,current_repo_v1
2278,91.12,1.0536915910301725,,5,1,val,current_repo_v1
2279,91.16,1.1315556482456326,,5,1,val,current_repo_v1
2280,91.2,1.1282388586177394,,5,1,val,current_repo_v1
2281,91.24,1.0824079354128413,,5,1,val,current_repo_v1
2282,91.28,1.1465717681067795,,5,1,val,current_repo_v1
2283,91.32,1.3131644291316653,,5,1,val,current_repo_v1
2284,91.36,1.2254061518291288,,5,1,val,current_repo_v1
2285,91.4,1.1557860639177928,,5,1,val,current_repo_v1
2286,91.44,1.1819381435063385,,5,1,val,current_repo_v1
2287,91.48,1.1840803101312483,,5,1,val,current_repo_v1
2288,91.52,1.1087282976920798,,5,1,val,current_repo_v1
2289,91.56,1.070751166949607,,5,1,val,current_repo_v1
2290,91.6,0.9530546132170502,,5,1,val,current_repo_v1
2291,91.64,0.9059150792831648,,5,1,val,current_repo_v1
2292,91.68,0.9978467836847967,,5,1,val,current_repo_v1
2293,91.72,1.0086961062610247,,5,1,val,current_repo_v1
2294,91.76,1.1029477545269557,,5,1,val,current_repo_v1
2295,91.8,1.0248087646470807,,5,1,val,current_repo_v1
2296,91.84,1.0431242401803245,,5,1,val,current_repo_v1
2297,91.88,1.1820727041792467,,5,1,val,current_repo_v1
2298,91.92,1.0960960461998193,,5,1,val,current_repo_v1
2299,91.96,1.175706609278122,,5,1,val,current_repo_v1
2300,92.0,1.1240213146070275,,5,1,val,current_repo_v1
2301,92.04,1.1121203889130846,,5,1,val,current_repo_v1
2302,92.08,1.0370129429524133,,5,1,val,current_repo_v1
2303,92.12,1.029170445728955,,5,1,val,current_repo_v1
2304,92.16,1.019587172111695,,5,1,val,current_repo_v1
2305,92.2,1.1044974940530157,,5,1,val,current_repo_v1
2306,92.24,1.164720925338716,,5,1,val,current_repo_v1
2307,92.28,1.1244908036701668,,5,1,val,current_repo_v1
2308,92.32,1.188778965842297,,5,1,val,current_repo_v1
2309,92.36,1.167628221629286,,5,1,val,current_repo_v1
2310,92.4,1.163586490468578,,5,1,val,current_repo_v1
2311,92.44,0.9080229509433857,,5,1,val,current_repo_v1
2312,92.48,1.1171728802622,,5,1,val,current_repo_v1
2313,92.52,1.1032025522001694,,5,1,val,current_repo_v1
2314,92.56,1.1470126098247135,,5,1,val,current_repo_v1
2315,92.6,1.2467962241489425,,5,1,val,current_repo_v1
2316,92.64,1.06772658024281,,5,1,val,current_repo_v1
2317,92.68,1.0432332637912207,,5,1,val,current_repo_v1
2318,92.72,1.1216327808133506,,5,1,val,current_repo_v1
2319,92.76,1.2809934604658861,,5,1,val,current_repo_v1
2320,92.8,1.2516030849753106,,5,1,val,current_repo_v1
2321,92.84,1.063986873950126,,5,1,val,current_repo_v1
2322,92.88,1.1136204457576024,,5,1,val,current_repo_v1
2323,92.92,1.3403059061740512,,5,1,val,current_repo_v1
2324,92.96,1.1723034683668239,,5,1,val,current_repo_v1
2325,93.0,0.9885300940770632,,5,1,val,current_repo_v1
2326,93.04,0.9859840817343135,,5,1,val,current_repo_v1
2327,93.08,1.2881056140857197,,5,1,val,current_repo_v1
2328,93.12,1.315854169297789,,5,1,val,current_repo_v1
2329,93.16,1.4363952407101366,,5,1,val,current_repo_v1
2330,93.2,1.4522603041840594,,5,1,val,current_repo_v1
2331,93.24,1.4315839600076512,,5,1,val,current_repo_v1
2332,93.28,1.3096384320342145,,5,1,val,current_repo_v1
2333,93.32,1.160797139390697,,5,1,val,current_repo_v1
2334,93.36,1.184828578788016,,5,1,val,current_repo_v1
2335,93.4,1.1397024621247311,,5,1,val,current_repo_v1
2336,93.44,1.166066941315586,,5,1,val,current_repo_v1
2337,93.48,1.0854682085268086,,5,1,val,current_repo_v1
2338,93.52,0.9363706449180387,,5,1,val,current_repo_v1
2339,93.56,0.8667247743960178,,5,1,val,current_repo_v1
2340,93.6,1.2655056416035408,,5,1,val,current_repo_v1
2341,93.64,1.4672120902928307,,5,1,val,current_repo_v1
2342,93.68,1.5085066654596586,,5,1,val,current_repo_v1
2343,93.72,1.4747699147545041,,5,1,val,current_repo_v1
2344,93.76,1.4972145367761112,,5,1,val,current_repo_v1
2345,93.8,1.4478633459428034,,5,1,val,current_repo_v1
2346,93.84,1.4828155625802484,,5,1,val,current_repo_v1
2347,93.88,1.3189807405535174,,5,1,val,current_repo_v1
2348,93.92,1.4022443312428683,,5,1,val,current_repo_v1
2349,93.96,1.4565780320534327,,5,1,val,current_repo_v1
2350,94.0,1.4076208649910371,,5,1,val,current_repo_v1
2351,94.04,1.3669125782062292,,5,1,val,current_repo_v1
2352,94.08,1.2454711616588516,,5,1,val,current_repo_v1
2353,94.12,1.3264220112449834,,5,1,val,current_repo_v1
2354,94.16,1.2215582404211258,,5,1,val,current_repo_v1
2355,94.2,1.2762428302856788,,5,1,val,current_repo_v1
2356,94.24,1.306851045345719,,5,1,val,current_repo_v1
2357,94.28,1.2463088100326605,,5,1,val,current_repo_v1
2358,94.32,1.2555038711976072,,5,1,val,current_repo_v1
2359,94.36,1.1272267069868502,,5,1,val,current_repo_v1
2360,94.4,1.2877625825892731,,5,1,val,current_repo_v1
2361,94.44,1.1916667000885695,,5,1,val,current_repo_v1
2362,94.48,1.2539051856360246,,5,1,val,current_repo_v1
2363,94.52,1.3243862490451226,,5,1,val,current_repo_v1
2364,94.56,1.2537996815561108,,5,1,val,current_repo_v1
2365,94.6,1.198665164672716,,5,1,val,current_repo_v1
2366,94.64,1.235963517032934,,5,1,val,current_repo_v1
2367,94.68,1.4128215858892017,,5,1,val,current_repo_v1
2368,94.72,1.338477714452594,,5,1,val,current_repo_v1
2369,94.76,1.1361624687529082,,5,1,val,current_repo_v1
2370,94.8,1.2313043946582687,,5,1,val,current_repo_v1
2371,94.84,1.1618957241545493,,5,1,val,current_repo_v1
2372,94.88,1.1570045582837196,,5,1,val,current_repo_v1
2373,94.92,1.2178297475178508,,5,1,val,current_repo_v1
2374,94.96,1.270054758172617,,5,1,val,current_repo_v1
2375,95.0,1.1555558211118984,,5,1,val,current_repo_v1
2376,95.04,1.075533391059098,,5,1,val,current_repo_v1
2377,95.08,1.2470350611583987,,5,1,val,current_repo_v1
2378,95.12,1.3767945208596462,,5,1,val,current_repo_v1
2379,95.16,1.3796983794687914,,5,1,val,current_repo_v1
2380,95.2,1.220270092081571,,5,1,val,current_repo_v1
2381,95.24,1.2165529762668204,,5,1,val,current_repo_v1
2382,95.28,1.1976594791568873,,5,1,val,current_repo_v1
2383,95.32,1.1780480795761044,,5,1,val,current_repo_v1
2384,95.36,1.0861135922895098,,5,1,val,current_repo_v1
2385,95.4,1.1654590446503252,,5,1,val,current_repo_v1
2386,95.44,1.2059088505318216,,5,1,val,current_repo_v1
2387,95.48,1.2153736059894886,,5,1,val,current_repo_v1
2388,95.52,1.2065416294626323,,5,1,val,current_repo_v1
2389,95.56,1.2469075395474554,,5,1,val,current_repo_v1
2390,95.6,1.1640897015495022,,5,1,val,current_repo_v1
2391,95.64,1.289017008911043,,5,1,val,current_repo_v1
2392,95.68,1.1561979308922903,,5,1,val,current_repo_v1
2393,95.72,1.1695312238465085,,5,1,val,current_repo_v1
2394,95.76,1.1178563240692456,,5,1,val,current_repo_v1
2395,95.8,1.2057585747438293,,5,1,val,current_repo_v1
2396,95.84,1.2036430092251817,,5,1,val,current_repo_v1
2397,95.88,1.2688120363376023,,5,1,val,current_repo_v1
2398,95.92,1.2348547010743656,,5,1,val,current_repo_v1
2399,95.96,1.1251221093089385,,5,1,val,current_repo_v1
2400,96.0,1.1510104696224779,,5,1,val,current_repo_v1
2401,96.04,1.295571275945389,,5,1,val,current_repo_v1
2402,96.08,1.2916488814398517,,5,1,val,current_repo_v1
2403,96.12,1.2973196643480598,,5,1,val,current_repo_v1
2404,96.16,1.232976499273135,,5,1,val,current_repo_v1
2405,96.2,1.3112854906844154,,5,1,val,current_repo_v1
2406,96.24,1.266594568119581,,5,1,val,current_repo_v1
2407,96.28,1.2036195184021132,,5,1,val,current_repo_v1
2408,96.32,1.1066172338991074,,5,1,val,current_repo_v1
2409,96.36,1.0658098272998886,,5,1,val,current_repo_v1
2410,96.4,1.1584803876591494,,5,1,val,current_repo_v1
2411,96.44,1.0854191806417284,,5,1,val,current_repo_v1
2412,96.48,1.246013087580582,,5,1,val,current_repo_v1
2413,96.52,1.2813943595996475,,5,1,val,current_repo_v1
2414,96.56,1.10249905525148,,5,1,val,current_repo_v1
2415,96.6,0.9426021791462551,,5,1,val,current_repo_v1
2416,96.64,0.9039083736762983,,5,1,val,current_repo_v1
2417,96.68,1.0764974151500422,,5,1,val,current_repo_v1
2418,96.72,1.124083929518691,,5,1,val,current_repo_v1
2419,96.76,0.9395220165897594,,5,1,val,current_repo_v1
2420,96.8,0.8854533446471249,,5,1,val,current_repo_v1
2421,96.84,0.9987659542181047,,5,1,val,current_repo_v1
2422,96.88,1.0248838206915192,,5,1,val,current_repo_v1
2423,96.92,0.9421446401185444,,5,1,val,current_repo_v1
2424,96.96,0.9409409605225668,,5,1,val,current_repo_v1
2425,97.0,0.998131374597024,,5,1,val,current_repo_v1
2426,97.04,1.1087770800284868,,5,1,val,current_repo_v1
2427,97.08,1.2049105314761888,,5,1,val,current_repo_v1
2428,97.12,1.0191240673140585,,5,1,val,current_repo_v1
2429,97.16,0.9788405797338694,,5,1,val,current_repo_v1
2430,97.2,0.9409060926109739,,5,1,val,current_repo_v1
2431,97.24,0.9929555359644092,,5,1,val,current_repo_v1
2432,97.28,1.1889979952587826,,5,1,val,current_repo_v1
2433,97.32,1.04451764705112,,5,1,val,current_repo_v1
2434,97.36,1.2400880799460645,,5,1,val,current_repo_v1
2435,97.4,1.2380019802681996,,5,1,val,current_repo_v1
2436,97.44,1.0912382749485432,,5,1,val,current_repo_v1
2437,97.48,1.0868302670169936,,5,1,val,current_repo_v1
2438,97.52,0.9223943418382936,,5,1,val,current_repo_v1
2439,97.56,1.0092964727669742,,5,1,val,current_repo_v1
2440,97.6,0.982588307283211,,5,1,val,current_repo_v1
2441,97.64,1.0765984993538387,,5,1,val,current_repo_v1
2442,97.68,1.1225832997272691,,5,1,val,current_repo_v1
2443,97.72,1.2342938679047994,,5,1,val,current_repo_v1
2444,97.76,1.2915067906076323,,5,1,val,current_repo_v1
2445,97.8,1.285235477494359,,5,1,val,current_repo_v1
2446,97.84,0.7681455763137857,,5,1,val,current_repo_v1
2447,97.88,0.8358723202557111,,5,1,val,current_repo_v1
2448,97.92,0.731315812671572,,5,1,val,current_repo_v1
2449,97.96,0.5482839544500663,,5,1,val,current_repo_v1
2450,98.0,0.690364187151633,,5,1,val,current_repo_v1
2451,98.04,0.8715640476472467,,5,1,val,current_repo_v1
2452,98.08,1.008268524171443,,5,1,val,current_repo_v1
2453,98.12,1.0837384818233005,,5,1,val,current_repo_v1
2454,98.16,1.0311530057162912,,5,1,val,current_repo_v1
2455,98.2,1.0761002810959361,,5,1,val,current_repo_v1
2456,98.24,1.199938743790995,,5,1,val,current_repo_v1
2457,98.28,1.2119970661844528,,5,1,val,current_repo_v1
2458,98.32,1.2313314050123196,,5,1,val,current_repo_v1
2459,98.36,1.1915590679201544,,5,1,val,current_repo_v1
2460,98.4,1.0962504963152557,,5,1,val,current_repo_v1
2461,98.44,1.009931625334959,,5,1,val,current_repo_v1
2462,98.48,1.1102009349347581,,5,1,val,current_repo_v1
2463,98.52,1.1009494794245354,,5,1,val,current_repo_v1
2464,98.56,1.0456118119388549,,5,1,val,current_repo_v1
2465,98.6,1.169566828404121,,5,1,val,current_repo_v1
2466,98.64,1.0406365047226787,,5,1,val,current_repo_v1
2467,98.68,1.0556220946987924,,5,1,val,current_repo_v1
2468,98.72,0.9542874312555796,,5,1,val,current_repo_v1
2469,98.76,0.966729382526118,,5,1,val,current_repo_v1
2470,98.8,0.9990880322277722,,5,1,val,current_repo_v1
2471,98.84,1.0716303130491849,,5,1,val,current_repo_v1
2472,98.88,0.9289979641559506,,5,1,val,current_repo_v1
2473,98.92,0.7618123849348686,,5,1,val,current_repo_v1
2474,98.96,0.9205332465946287,,5,1,val,current_repo_v1
2475,99.0,1.0075219743553876,,5,1,val,current_repo_v1
2476,99.04,0.8815370888584172,,5,1,val,current_repo_v1
2477,99.08,0.8857531595770899,,5,1,val,current_repo_v1
2478,99.12,0.9265899501675338,,5,1,val,current_repo_v1
2479,99.16,0.9213056608709268,,5,1,val,current_repo_v1
2480,99.2,0.8703977732991519,,5,1,val,current_repo_v1
2481,99.24,0.8839587717229749,,5,1,val,current_repo_v1
2482,99.28,0.9229041008838361,,5,1,val,current_repo_v1
2483,99.32,1.0144518490101564,,5,1,val,current_repo_v1
2484,99.36,1.0045347928964734,,5,1,val,current_repo_v1
2485,99.4,0.8556318675359854,,5,1,val,current_repo_v1
2486,99.44,0.8932367464899021,,5,1,val,current_repo_v1
2487,99.48,0.7985209293820841,,5,1,val,current_repo_v1
2488,99.52,0.8189893756818579,,5,1,val,current_repo_v1
2489,99.56,0.7824438755536406,,5,1,val,current_repo_v1
2490,99.6,0.6518376412528973,,5,1,val,current_repo_v1
2491,99.64,0.538953268567961,,5,1,val,current_repo_v1
2492,99.68,0.50938748947517,,5,1,val,current_repo_v1
2493,99.72,0.35295812895839807,,5,1,val,current_repo_v1
2494,99.76,0.5123798274562213,,5,1,val,current_repo_v1
2495,99.8,0.6935887323279643,,5,1,val,current_repo_v1
2496,99.84,0.8065587196502864,,5,1,val,current_repo_v1
2497,99.88,0.7634554329567408,,5,1,val,current_repo_v1
2498,99.92,0.9512351793982698,,5,1,val,current_repo_v1
2499,99.96,0.835768698715625,,5,1,val,current_repo_v1
2500,100.0,0.9594744832776033,,5,1,val,current_repo_v1
2501,100.04,1.158432587517435,,5,1,val,current_repo_v1
2502,100.08,1.1103518655192122,,5,1,val,current_repo_v1
2503,100.12,1.1080839779736291,,5,1,val,current_repo_v1
2504,100.16,0.9112462683763511,,5,1,val,current_repo_v1
2505,100.2,0.8955178936638375,,5,1,val,current_repo_v1
2506,100.24,0.8568537995833366,,5,1,val,current_repo_v1
2507,100.28,0.7138746541140002,,5,1,val,current_repo_v1
2508,100.32,0.4948937744162346,,5,1,val,current_repo_v1
2509,100.36,0.5018553657746238,,5,1,val,current_repo_v1
2510,100.4,0.4475841161766074,,5,1,val,current_repo_v1
2511,100.44,0.46181533970390265,,5,1,val,current_repo_v1
2512,100.48,0.4330635953875155,,5,1,val,current_repo_v1
2513,100.52,0.5113844140598879,,5,1,val,current_repo_v1
2514,100.56,0.5217600732455322,,5,1,val,current_repo_v1
2515,100.6,0.40776737569937377,,5,1,val,current_repo_v1
2516,100.64,0.4242317007102168,,5,1,val,current_repo_v1
2517,100.68,0.485534072865914,,5,1,val,current_repo_v1
2518,100.72,0.6766020434396883,,5,1,val,current_repo_v1
2519,100.76,0.5155463003713433,,5,1,val,current_repo_v1
2520,100.8,0.5589109736274995,,5,1,val,current_repo_v1
2521,100.84,0.66002325182236,,5,1,val,current_repo_v1
2522,100.88,0.5929734446476406,,5,1,val,current_repo_v1
2523,100.92,0.9028649555143561,,5,1,val,current_repo_v1
2524,100.96,1.004745637357186,,5,1,val,current_repo_v1
2525,101.0,1.2991767489633959,,5,1,val,current_repo_v1
2526,101.04,1.226416502769748,,5,1,val,current_repo_v1
2527,101.08,1.0585425687681569,,5,1,val,current_repo_v1
2528,101.12,0.8145475638829659,,5,1,val,current_repo_v1
2529,101.16,0.4077857509250842,,5,1,val,current_repo_v1
2530,101.2,-0.02803952271640348,,5,1,val,current_repo_v1
2531,101.24,-0.4379536972140948,,5,1,val,current_repo_v1
2532,101.28,-0.8477550753478381,,5,1,val,current_repo_v1
2533,101.32,-0.9147391164029215,,5,1,val,current_repo_v1
2534,101.36,-0.2945601269715819,,5,1,val,current_repo_v1
2535,101.4,-0.2142897132212491,,5,1,val,current_repo_v1
2536,101.44,-0.06478339292117552,,5,1,val,current_repo_v1
2537,101.48,-0.14053421733038338,,5,1,val,current_repo_v1
2538,101.52,-0.10164292934001345,,5,1,val,current_repo_v1
2539,101.56,0.030002707378745816,,5,1,val,current_repo_v1
2540,101.6,-0.2332428786587673,,5,1,val,current_repo_v1
2541,101.64,-0.6521505521120992,,5,1,val,current_repo_v1
2542,101.68,-0.8534529504596549,,5,1,val,current_repo_v1
2543,101.72,-0.3951368839726043,,5,1,val,current_repo_v1
2544,101.76,-0.1270678369952962,,5,1,val,current_repo_v1
2545,101.8,-0.16424482692378997,,5,1,val,current_repo_v1
2546,101.84,-0.03324579915329907,,5,1,val,current_repo_v1
2547,101.88,-0.037238502428926554,,5,1,val,current_repo_v1
2548,101.92,-0.030412515325306564,,5,1,val,current_repo_v1
2549,101.96,0.058169145507805706,,5,1,val,current_repo_v1
2550,102.0,-0.21867848650673208,,5,1,val,current_repo_v1
2551,102.04,-0.33468934859783933,,5,1,val,current_repo_v1
2552,102.08,-0.5019783038103343,,5,1,val,current_repo_v1
2553,102.12,-1.2123288024419325,,5,1,val,current_repo_v1
2554,102.16,-1.840083807399151,,5,1,val,current_repo_v1
2555,102.2,-2.0061799690068463,,5,1,val,current_repo_v1
2556,102.24,-2.068903085785621,,5,1,val,current_repo_v1
2557,102.28,-2.019135771800814,,5,1,val,current_repo_v1
2558,102.32,-1.956394811818454,,5,1,val,current_repo_v1
2559,102.36,-1.749492389505348,,5,1,val,current_repo_v1
2560,102.4,-1.0206950058755706,,5,1,val,current_repo_v1
2561,102.44,-1.1540038716477798,,5,1,val,current_repo_v1
2562,102.48,-0.49865525269127486,,5,1,val,current_repo_v1
2563,102.52,0.13033097423809725,,5,1,val,current_repo_v1
2564,102.56,0.029449895465837345,,5,1,val,current_repo_v1
2565,102.6,0.44092377211544354,,5,1,val,current_repo_v1
2566,102.64,0.5889282758055081,,5,1,val,current_repo_v1
2567,102.68,0.47176452176899486,,5,1,val,current_repo_v1
2568,102.72,-0.17159117259067846,,5,1,val,current_repo_v1
2569,102.76,-0.5734341954519966,,5,1,val,current_repo_v1
2570,102.8,-0.7793980079618339,,5,1,val,current_repo_v1
2571,102.84,-1.1088130119843305,,5,1,val,current_repo_v1
2572,102.88,-1.3351886718247712,,5,1,val,current_repo_v1
2573,102.92,-1.090843678230727,,5,1,val,current_repo_v1
2574,102.96,-0.6437298696128361,,5,1,val,current_repo_v1
2575,103.0,-0.4505789914939484,,5,1,val,current_repo_v1
2576,103.04,-0.3153613940354754,,5,1,val,current_repo_v1
2577,103.08,-0.41001795206349695,,5,1,val,current_repo_v1
2578,103.12,-0.3350498140500823,,5,1,val,current_repo_v1
2579,103.16,-0.16784418168735646,,5,1,val,current_repo_v1
2580,103.2,-0.1628848965221059,,5,1,val,current_repo_v1
2581,103.24,-0.0939992037675024,,5,1,val,current_repo_v1
2582,103.28,0.22814070462810956,,5,1,val,current_repo_v1
2583,103.32,0.5142108429874205,,5,1,val,current_repo_v1
2584,103.36,0.2732053113487604,,5,1,val,current_repo_v1
2585,103.4,0.2796372542190787,,5,1,val,current_repo_v1
2586,103.44,0.14880186161908082,,5,1,val,current_repo_v1
2587,103.48,-0.2251773004657158,,5,1,val,current_repo_v1
2588,103.52,-0.3876981506174281,,5,1,val,current_repo_v1
2589,103.56,-0.4419369468658045,,5,1,val,current_repo_v1
2590,103.6,-0.2584105740788835,,5,1,val,current_repo_v1
2591,103.64,-0.03653877055989272,,5,1,val,current_repo_v1
2592,103.68,0.0077017748135323845,,5,1,val,current_repo_v1
2593,103.72,0.0990990860105437,,5,1,val,current_repo_v1
2594,103.76,0.1825394103574231,,5,1,val,current_repo_v1
2595,103.8,0.195992387827432,,5,1,val,current_repo_v1
2596,103.84,0.17482210203251278,,5,1,val,current_repo_v1
2597,103.88,0.14469407786528496,,5,1,val,current_repo_v1
2598,103.92,0.5126680197489887,,5,1,val,current_repo_v1
2599,103.96,0.5127923901519594,,5,1,val,current_repo_v1
2600,104.0,0.36146855949771217,,5,1,val,current_repo_v1
2601,104.04,0.24722918784694492,,5,1,val,current_repo_v1
2602,104.08,0.1376225830132538,,5,1,val,current_repo_v1
2603,104.12,0.19852704354404657,,5,1,val,current_repo_v1
2604,104.16,0.18770681848559165,,5,1,val,current_repo_v1
2605,104.2,0.18218033634766156,,5,1,val,current_repo_v1
2606,104.24,0.0875141814589962,,5,1,val,current_repo_v1
2607,104.28,0.11754979747554684,,5,1,val,current_repo_v1
2608,104.32,0.024024497531703812,,5,1,val,current_repo_v1
2609,104.36,0.18423746128208984,,5,1,val,current_repo_v1
2610,104.4,-0.06430721265669177,,5,1,val,current_repo_v1
2611,104.44,-0.04969518406205768,,5,1,val,current_repo_v1
2612,104.48,-0.17315685231810635,,5,1,val,current_repo_v1
2613,104.52,-0.4395671975456264,,5,1,val,current_repo_v1
2614,104.56,-0.5092172833198705,,5,1,val,current_repo_v1
2615,104.6,-0.784829872011028,,5,1,val,current_repo_v1
2616,104.64,-0.49299036295122334,,5,1,val,current_repo_v1
2617,104.68,-0.18265150332673435,,5,1,val,current_repo_v1
2618,104.72,-0.20742241255336488,,5,1,val,current_repo_v1
2619,104.76,-0.13071411201783142,,5,1,val,current_repo_v1
2620,104.8,-0.1104100605547583,,5,1,val,current_repo_v1
2621,104.84,-0.053490302505324924,,5,1,val,current_repo_v1
2622,104.88,0.16024183106627793,,5,1,val,current_repo_v1
2623,104.92,0.125098147850913,,5,1,val,current_repo_v1
2624,104.96,-0.05610574373541901,,5,1,val,current_repo_v1
2625,105.0,-0.05230653281426526,,5,1,val,current_repo_v1
2626,105.04,-0.15563323033112156,,5,1,val,current_repo_v1
2627,105.08,-0.05830186968126227,,5,1,val,current_repo_v1
2628,105.12,-0.15217185345949844,,5,1,val,current_repo_v1
2629,105.16,-0.2094324739920984,,5,1,val,current_repo_v1
2630,105.2,-0.0718988870260839,,5,1,val,current_repo_v1
2631,105.24,0.1927142516531769,,5,1,val,current_repo_v1
2632,105.28,0.11838621810598977,,5,1,val,current_repo_v1
2633,105.32,0.10047413811801839,,5,1,val,current_repo_v1
2634,105.36,0.045272172083456755,,5,1,val,current_repo_v1
2635,105.4,0.061743495231485694,,5,1,val,current_repo_v1
2636,105.44,0.23292370630839915,,5,1,val,current_repo_v1
2637,105.48,0.21998308660739066,,5,1,val,current_repo_v1
2638,105.52,0.1263810373563837,,5,1,val,current_repo_v1
2639,105.56,0.06032682262390529,,5,1,val,current_repo_v1
2640,105.6,-0.04859970958139926,,5,1,val,current_repo_v1
2641,105.64,0.11017732133735302,,5,1,val,current_repo_v1
2642,105.68,0.32061902083865185,,5,1,val,current_repo_v1
2643,105.72,0.4794149590052398,,5,1,val,current_repo_v1
2644,105.76,0.6209370186478665,,5,1,val,current_repo_v1
2645,105.8,0.7865108163781293,,5,1,val,current_repo_v1
2646,105.84,0.8086316415493565,,5,1,val,current_repo_v1
2647,105.88,0.796312464615413,,5,1,val,current_repo_v1
2648,105.92,0.8540612563727042,,5,1,val,current_repo_v1
2649,105.96,0.9128866972123759,,5,1,val,current_repo_v1
2650,106.0,1.0954853666495956,,5,1,val,current_repo_v1
2651,106.04,0.9011571644923195,,5,1,val,current_repo_v1
2652,106.08,0.6604133468145011,,5,1,val,current_repo_v1
2653,106.12,0.5680936345844502,,5,1,val,current_repo_v1
2654,106.16,0.47512874321559245,,5,1,val,current_repo_v1
2655,106.2,0.420702920727803,,5,1,val,current_repo_v1
2656,106.24,0.5545829327138522,,5,1,val,current_repo_v1
2657,106.28,0.8773265020601124,,5,1,val,current_repo_v1
2658,106.32,1.0367179571463545,,5,1,val,current_repo_v1
2659,106.36,0.6213535510471546,,5,1,val,current_repo_v1
2660,106.4,0.28357069841490967,,5,1,val,current_repo_v1
2661,106.44,0.13060021835825011,,5,1,val,current_repo_v1
2662,106.48,0.16176842762988972,,5,1,val,current_repo_v1
2663,106.52,0.35610037440443193,,5,1,val,current_repo_v1
2664,106.56,0.3963418322367266,,5,1,val,current_repo_v1
2665,106.6,0.5900740468393916,,5,1,val,current_repo_v1
2666,106.64,0.6743170493365398,,5,1,val,current_repo_v1
2667,106.68,0.8566673462908276,,5,1,val,current_repo_v1
2668,106.72,0.8335055584443902,,5,1,val,current_repo_v1
2669,106.76,0.6563522173086114,,5,1,val,current_repo_v1
2670,106.8,0.472396850527238,,5,1,val,current_repo_v1
2671,106.84,0.42052800822293396,,5,1,val,current_repo_v1
2672,106.88,0.4499789523862297,,5,1,val,current_repo_v1
2673,106.92,0.42691837151792544,,5,1,val,current_repo_v1
2674,106.96,0.5162543808952655,,5,1,val,current_repo_v1
2675,107.0,0.47054062533225804,,5,1,val,current_repo_v1
2676,107.04,0.5060919807322867,,5,1,val,current_repo_v1
2677,107.08,0.6004783124454626,,5,1,val,current_repo_v1
2678,107.12,0.6624731727843345,,5,1,val,current_repo_v1
2679,107.16,0.7094118069787716,,5,1,val,current_repo_v1
2680,107.2,0.7025587072091535,,5,1,val,current_repo_v1
2681,107.24,0.520582380884134,,5,1,val,current_repo_v1
2682,107.28,0.5428175089627312,,5,1,val,current_repo_v1
2683,107.32,0.5403488853768154,,5,1,val,current_repo_v1
2684,107.36,0.7359223876301746,,5,1,val,current_repo_v1
2685,107.4,0.5901968621007655,,5,1,val,current_repo_v1
2686,107.44,0.4809366650577772,,5,1,val,current_repo_v1
2687,107.48,0.5618454439712358,,5,1,val,current_repo_v1
2688,107.52,0.6648707918789196,,5,1,val,current_repo_v1
2689,107.56,0.5323012731616855,,5,1,val,current_repo_v1
2690,107.6,0.570063262341665,,5,1,val,current_repo_v1
2691,107.64,0.46557800479753,,5,1,val,current_repo_v1
2692,107.68,0.3319519515267275,,5,1,val,current_repo_v1
2693,107.72,0.3907713150367378,,5,1,val,current_repo_v1
2694,107.76,0.3999430900025103,,5,1,val,current_repo_v1
2695,107.8,0.35238211269587316,,5,1,val,current_repo_v1
2696,107.84,0.3707435467557823,,5,1,val,current_repo_v1
2697,107.88,0.3360770873867622,,5,1,val,current_repo_v1
2698,107.92,0.32708456295241833,,5,1,val,current_repo_v1
2699,107.96,0.17934652049754382,,5,1,val,current_repo_v1
2700,108.0,0.2432503171465738,,5,1,val,current_repo_v1
2701,108.04,0.23063200054151667,,5,1,val,current_repo_v1
2702,108.08,0.1915935470463482,,5,1,val,current_repo_v1
2703,108.12,0.2012064911282855,,5,1,val,current_repo_v1
2704,108.16,-0.12524474040880743,,5,1,val,current_repo_v1
2705,108.2,-0.16685329047908756,,5,1,val,current_repo_v1
2706,108.24,-0.16083659087752303,,5,1,val,current_repo_v1
2707,108.28,-0.1012170456287548,,5,1,val,current_repo_v1
2708,108.32,0.1480485387521233,,5,1,val,current_repo_v1
2709,108.36,0.12742756580151957,,5,1,val,current_repo_v1
2710,108.4,0.010095992035874335,,5,1,val,current_repo_v1
2711,108.44,-0.08382762110726573,,5,1,val,current_repo_v1
2712,108.48,-0.05510219653928611,,5,1,val,current_repo_v1
2713,108.52,-0.36660134526296095,,5,1,val,current_repo_v1
2714,108.56,-0.3806466475198725,,5,1,val,current_repo_v1
2715,108.6,-0.20094598444842032,,5,1,val,current_repo_v1
2716,108.64,0.12945125519161513,,5,1,val,current_repo_v1
2717,108.68,0.16514177530217425,,5,1,val,current_repo_v1
2718,108.72,0.049926260710321566,,5,1,val,current_repo_v1
2719,108.76,-0.10881642920336562,,5,1,val,current_repo_v1
2720,108.8,0.06620870577269379,,5,1,val,current_repo_v1
2721,108.84,0.17192765612250652,,5,1,val,current_repo_v1
2722,108.88,0.10152211939280396,,5,1,val,current_repo_v1
2723,108.92,0.28660418626110973,,5,1,val,current_repo_v1
2724,108.96,0.2607979619787523,,5,1,val,current_repo_v1
2725,109.0,0.24697586346577055,,5,1,val,current_repo_v1
2726,109.04,0.24722212832259072,,5,1,val,current_repo_v1
2727,109.08,0.0750279444621285,,5,1,val,current_repo_v1
2728,109.12,0.013127837775322473,,5,1,val,current_repo_v1
2729,109.16,0.05437771029463631,,5,1,val,current_repo_v1
2730,109.2,0.010548635436913348,,5,1,val,current_repo_v1
2731,109.24,-0.13828511425829937,,5,1,val,current_repo_v1
2732,109.28,0.04817233723130939,,5,1,val,current_repo_v1
2733,109.32,0.148400430463194,,5,1,val,current_repo_v1
2734,109.36,-0.08282502541224143,,5,1,val,current_repo_v1
2735,109.4,-0.21799481761340278,,5,1,val,current_repo_v1
2736,109.44,-0.28537574717391895,,5,1,val,current_repo_v1
2737,109.48,-0.14559051468393344,,5,1,val,current_repo_v1
2738,109.52,-0.1738006195520423,,5,1,val,current_repo_v1
2739,109.56,-0.2521037382575555,,5,1,val,current_repo_v1
2740,109.6,-0.3581156742148602,,5,1,val,current_repo_v1
2741,109.64,0.07201244305623956,,5,1,val,current_repo_v1
2742,109.68,0.0569749604605249,,5,1,val,current_repo_v1
2743,109.72,0.19056766515214973,,5,1,val,current_repo_v1
2744,109.76,-0.08330610641899427,,5,1,val,current_repo_v1
2745,109.8,-0.4474317941496719,,5,1,val,current_repo_v1
2746,109.84,-0.4768148850296095,,5,1,val,current_repo_v1
2747,109.88,-0.285326780676007,,5,1,val,current_repo_v1
2748,109.92,-0.02990212706128903,,5,1,val,current_repo_v1
2749,109.96,0.020598085768023456,,5,1,val,current_repo_v1
2750,110.0,-0.0932398649580517,,5,1,val,current_repo_v1
2751,110.04,-0.05675996725035496,,5,1,val,current_repo_v1
2752,110.08,-0.11880487859377876,,5,1,val,current_repo_v1
2753,110.12,-0.28148050625915844,,5,1,val,current_repo_v1
2754,110.16,-0.28684936661128996,,5,1,val,current_repo_v1
2755,110.2,-0.3555208386109246,,5,1,val,current_repo_v1
2756,110.24,-0.5987642599322597,,5,1,val,current_repo_v1
2757,110.28,-0.6421458760468661,,5,1,val,current_repo_v1
2758,110.32,-0.40667849010811263,,5,1,val,current_repo_v1
2759,110.36,-0.4489690925429569,,5,1,val,current_repo_v1
2760,110.4,-0.7038958015842309,,5,1,val,current_repo_v1
2761,110.44,-0.7673709520994288,,5,1,val,current_repo_v1
2762,110.48,-0.6507868975555384,,5,1,val,current_repo_v1
2763,110.52,-0.5091751307976395,,5,1,val,current_repo_v1
2764,110.56,-0.5963223193021637,,5,1,val,current_repo_v1
2765,110.6,-0.6649520684897455,,5,1,val,current_repo_v1
2766,110.64,-0.8494265251662426,,5,1,val,current_repo_v1
2767,110.68,-1.0937472094416412,,5,1,val,current_repo_v1
2768,110.72,-0.6318685181800554,,5,1,val,current_repo_v1
2769,110.76,-0.2862796527647103,,5,1,val,current_repo_v1
2770,110.8,-0.03976567914220354,,5,1,val,current_repo_v1
2771,110.84,0.23072062315014885,,5,1,val,current_repo_v1
2772,110.88,-0.11669049989371835,,5,1,val,current_repo_v1
2773,110.92,-0.568706360373617,,5,1,val,current_repo_v1
2774,110.96,-0.4724579102973046,,5,1,val,current_repo_v1
2775,111.0,-0.6171825794347912,,5,1,val,current_repo_v1
2776,111.04,-0.5777819621090569,,5,1,val,current_repo_v1
2777,111.08,-0.28309750565928304,,5,1,val,current_repo_v1
2778,111.12,-0.23763099714778846,,5,1,val,current_repo_v1
2779,111.16,-0.18704338689541108,,5,1,val,current_repo_v1
2780,111.2,-0.1784677427209756,,5,1,val,current_repo_v1
2781,111.24,-0.5589737522382785,,5,1,val,current_repo_v1
2782,111.28,-0.566433316305897,,5,1,val,current_repo_v1
2783,111.32,-0.43046937365526294,,5,1,val,current_repo_v1
2784,111.36,-0.14337994229115084,,5,1,val,current_repo_v1
2785,111.4,0.06442974656021094,,5,1,val,current_repo_v1
2786,111.44,-0.21967899503803426,,5,1,val,current_repo_v1
2787,111.48,-0.4586969124791683,,5,1,val,current_repo_v1
2788,111.52,-0.4554963492232518,,5,1,val,current_repo_v1
2789,111.56,-0.4107341356936345,,5,1,val,current_repo_v1
2790,111.6,-0.263061102249987,,5,1,val,current_repo_v1
2791,111.64,-0.322160207085929,,5,1,val,current_repo_v1
2792,111.68,-0.3254713695567282,,5,1,val,current_repo_v1
2793,111.72,-0.36087277656699546,,5,1,val,current_repo_v1
2794,111.76,-0.3596702837896051,,5,1,val,current_repo_v1
2795,111.8,-0.2929251615935356,,5,1,val,current_repo_v1
2796,111.84,-0.19671209098855194,,5,1,val,current_repo_v1
2797,111.88,-0.234089223548085,,5,1,val,current_repo_v1
2798,111.92,-0.34404905014815995,,5,1,val,current_repo_v1
2799,111.96,-0.328616643436398,,5,1,val,current_repo_v1
2800,112.0,-0.45866703739059683,,5,1,val,current_repo_v1
2801,112.04,-0.3060784059831372,,5,1,val,current_repo_v1
2802,112.08,-0.4408907867436784,,5,1,val,current_repo_v1
2803,112.12,-0.5595227990715314,,5,1,val,current_repo_v1
2804,112.16,-0.43595386697007754,,5,1,val,current_repo_v1
2805,112.2,0.20892177367664203,,5,1,val,current_repo_v1
2806,112.24,0.7350687785926083,,5,1,val,current_repo_v1
2807,112.28,0.8568140206982798,,5,1,val,current_repo_v1
2808,112.32,0.7941430420877792,,5,1,val,current_repo_v1
2809,112.36,0.5494481007096602,,5,1,val,current_repo_v1
2810,112.4,0.1612889938454862,,5,1,val,current_repo_v1
2811,112.44,-0.9902714434177691,,5,1,val,current_repo_v1
2812,112.48,-0.9347765429316891,,5,1,val,current_repo_v1
2813,112.52,-0.8565436716090976,,5,1,val,current_repo_v1
2814,112.56,-0.8119612815578132,,5,1,val,current_repo_v1
2815,112.6,-0.7915033938509864,,5,1,val,current_repo_v1
2816,112.64,-0.06601291651500625,,5,1,val,current_repo_v1
2817,112.68,0.02951152818280804,,5,1,val,current_repo_v1
2818,112.72,-0.341580467487023,,5,1,val,current_repo_v1
2819,112.76,-0.8718594427010944,,5,1,val,current_repo_v1
2820,112.8,-1.35539372624777,,5,1,val,current_repo_v1
2821,112.84,-1.5260588120175123,,5,1,val,current_repo_v1
2822,112.88,-1.187021001041372,,5,1,val,current_repo_v1
2823,112.92,-0.9954309121388378,,5,1,val,current_repo_v1
2824,112.96,-0.7684097866861381,,5,1,val,current_repo_v1
2825,113.0,-0.6644468930194359,,5,1,val,current_repo_v1
2826,113.04,-0.9861498270887168,,5,1,val,current_repo_v1
2827,113.08,-0.9817485308209012,,5,1,val,current_repo_v1
2828,113.12,-1.0368054543235679,,5,1,val,current_repo_v1
2829,113.16,-0.984248380013091,,5,1,val,current_repo_v1
2830,113.2,-0.8204882866325676,,5,1,val,current_repo_v1
2831,113.24,-1.0043376991614594,,5,1,val,current_repo_v1
2832,113.28,-0.93746890228366,,5,1,val,current_repo_v1
2833,113.32,-0.6607830203419888,,5,1,val,current_repo_v1
2834,113.36,-0.6248166058347112,,5,1,val,current_repo_v1
2835,113.4,-0.7758968931299328,,5,1,val,current_repo_v1
2836,113.44,-0.7445663557229252,,5,1,val,current_repo_v1
2837,113.48,-0.5896541995330156,,5,1,val,current_repo_v1
2838,113.52,-0.49712708052367677,,5,1,val,current_repo_v1
2839,113.56,-0.36369548133965135,,5,1,val,current_repo_v1
2840,113.6,-0.42540247678398685,,5,1,val,current_repo_v1
2841,113.64,-0.3787802320549551,,5,1,val,current_repo_v1
2842,113.68,-0.4738076095042724,,5,1,val,current_repo_v1
2843,113.72,-0.29964253433404786,,5,1,val,current_repo_v1
2844,113.76,0.08715772663508202,,5,1,val,current_repo_v1
2845,113.8,0.14120370578783595,,5,1,val,current_repo_v1
2846,113.84,0.11060807509729662,,5,1,val,current_repo_v1
2847,113.88,-0.3107947616610451,,5,1,val,current_repo_v1
2848,113.92,-0.7199058206248935,,5,1,val,current_repo_v1
2849,113.96,-0.7083430154539332,,5,1,val,current_repo_v1
2850,114.0,-0.6200917991899677,,5,1,val,current_repo_v1
2851,114.04,-0.5552797998483655,,5,1,val,current_repo_v1
2852,114.08,-0.41818858416389487,,5,1,val,current_repo_v1
2853,114.12,-0.3535283339023242,,5,1,val,current_repo_v1
2854,114.16,-0.3129581477837964,,5,1,val,current_repo_v1
2855,114.2,-0.09188613466036567,,5,1,val,current_repo_v1
2856,114.24,-0.10954456286893177,,5,1,val,current_repo_v1
2857,114.28,-0.20120512014819353,,5,1,val,current_repo_v1
2858,114.32,-0.39823267979462634,,5,1,val,current_repo_v1
2859,114.36,-0.5029066824188869,,5,1,val,current_repo_v1
2860,114.4,-0.42724376443468104,,5,1,val,current_repo_v1
2861,114.44,-0.28806794282677434,,5,1,val,current_repo_v1
2862,114.48,-0.2970950486992591,,5,1,val,current_repo_v1
2863,114.52,-0.25857724024081125,,5,1,val,current_repo_v1
2864,114.56,-0.14395714537226284,,5,1,val,current_repo_v1
2865,114.6,0.09191349287503693,,5,1,val,current_repo_v1
2866,114.64,0.3347561992241153,,5,1,val,current_repo_v1
2867,114.68,0.09637079470272937,,5,1,val,current_repo_v1
2868,114.72,-0.07334763442909975,,5,1,val,current_repo_v1
2869,114.76,-0.18238045851631143,,5,1,val,current_repo_v1
2870,114.8,-0.05768740458899367,,5,1,val,current_repo_v1
2871,114.84,0.035143401857510234,,5,1,val,current_repo_v1
2872,114.88,-0.011558439008615239,,5,1,val,current_repo_v1
2873,114.92,0.046328839642556435,,5,1,val,current_repo_v1
2874,114.96,0.18406213952943215,,5,1,val,current_repo_v1
2875,115.0,0.24532874342840133,,5,1,val,current_repo_v1
2876,115.04,0.40084924645613923,,5,1,val,current_repo_v1
2877,115.08,0.41873194245288553,,5,1,val,current_repo_v1
2878,115.12,0.4080004832397888,,5,1,val,current_repo_v1
2879,115.16,0.48124859372228623,,5,1,val,current_repo_v1
2880,115.2,0.29130302613366343,,5,1,val,current_repo_v1
2881,115.24,0.3765885464476187,,5,1,val,current_repo_v1
2882,115.28,0.4566986783015267,,5,1,val,current_repo_v1
2883,115.32,0.21618416215968897,,5,1,val,current_repo_v1
2884,115.36,0.3789760161970453,,5,1,val,current_repo_v1
2885,115.4,0.2707093500105627,,5,1,val,current_repo_v1
2886,115.44,0.3952896970968862,,5,1,val,current_repo_v1
2887,115.48,0.3369400681986885,,5,1,val,current_repo_v1
2888,115.52,0.23115266604062668,,5,1,val,current_repo_v1
2889,115.56,0.1771477753658532,,5,1,val,current_repo_v1
2890,115.6,0.09759661460407282,,5,1,val,current_repo_v1
2891,115.64,0.21661931533336057,,5,1,val,current_repo_v1
2892,115.68,0.16240763175098222,,5,1,val,current_repo_v1
2893,115.72,0.09758171798456595,,5,1,val,current_repo_v1
2894,115.76,0.08586360327781287,,5,1,val,current_repo_v1
2895,115.8,0.16110221315474632,,5,1,val,current_repo_v1
2896,115.84,0.09536273554972659,,5,1,val,current_repo_v1
2897,115.88,0.028486505708965725,,5,1,val,current_repo_v1
2898,115.92,0.21399390891961284,,5,1,val,current_repo_v1
2899,115.96,0.1781474244767992,,5,1,val,current_repo_v1
2900,116.0,0.21569148920932263,,5,1,val,current_repo_v1
2901,116.04,0.043559521243929936,,5,1,val,current_repo_v1
2902,116.08,-0.09211938543750675,,5,1,val,current_repo_v1
2903,116.12,-0.04223974572370847,,5,1,val,current_repo_v1
2904,116.16,-0.01593940845032841,,5,1,val,current_repo_v1
2905,116.2,0.1495749511542302,,5,1,val,current_repo_v1
2906,116.24,0.1273968722173708,,5,1,val,current_repo_v1
2907,116.28,0.16731524938291573,,5,1,val,current_repo_v1
2908,116.32,0.1856541134272808,,5,1,val,current_repo_v1
2909,116.36,0.22805455796859875,,5,1,val,current_repo_v1
2910,116.4,0.18478879990295916,,5,1,val,current_repo_v1
2911,116.44,0.15574962040221363,,5,1,val,current_repo_v1
2912,116.48,0.05418422817135729,,5,1,val,current_repo_v1
2913,116.52,-0.12485405200737268,,5,1,val,current_repo_v1
2914,116.56,0.030149872883544367,,5,1,val,current_repo_v1
2915,116.6,-0.06408311879882173,,5,1,val,current_repo_v1
2916,116.64,0.019340728208967158,,5,1,val,current_repo_v1
2917,116.68,-0.025502616136951334,,5,1,val,current_repo_v1
2918,116.72,-0.09016670053874197,,5,1,val,current_repo_v1
2919,116.76,-0.043593616700321844,,5,1,val,current_repo_v1
2920,116.8,-0.019471296158137273,,5,1,val,current_repo_v1
2921,116.84,0.026237090585442876,,5,1,val,current_repo_v1
2922,116.88,-0.033310094538694664,,5,1,val,current_repo_v1
2923,116.92,0.036242938122471,,5,1,val,current_repo_v1
2924,116.96,-0.11000107877717089,,5,1,val,current_repo_v1
2925,117.0,-0.1675037284519785,,5,1,val,current_repo_v1
2926,117.04,-0.1593471949378995,,5,1,val,current_repo_v1
2927,117.08,0.08681731432448292,,5,1,val,current_repo_v1
2928,117.12,0.05007592262663088,,5,1,val,current_repo_v1
2929,117.16,-0.18762967527743113,,5,1,val,current_repo_v1
2930,117.2,-0.6536082108857129,,5,1,val,current_repo_v1
2931,117.24,-0.8667281302278848,,5,1,val,current_repo_v1
2932,117.28,-1.0891724739609956,,5,1,val,current_repo_v1
2933,117.32,-0.9138201914182866,,5,1,val,current_repo_v1
2934,117.36,-0.662994145219286,,5,1,val,current_repo_v1
2935,117.4,-0.2406126332991666,,5,1,val,current_repo_v1
2936,117.44,-0.3014642190156658,,5,1,val,current_repo_v1
2937,117.48,-0.45937810542337626,,5,1,val,current_repo_v1
2938,117.52,-0.49600786967127664,,5,1,val,current_repo_v1
2939,117.56,-0.46564585808088815,,5,1,val,current_repo_v1
2940,117.6,-0.5178347730806954,,5,1,val,current_repo_v1
2941,117.64,-0.42887887304945344,,5,1,val,current_repo_v1
2942,117.68,-0.2584179405390792,,5,1,val,current_repo_v1
2943,117.72,-0.05784704192015134,,5,1,val,current_repo_v1
2944,117.76,-0.004918649417636304,,5,1,val,current_repo_v1
2945,117.8,-0.3277083179694893,,5,1,val,current_repo_v1
2946,117.84,-0.3286132057549734,,5,1,val,current_repo_v1
2947,117.88,0.08701305754179423,,5,1,val,current_repo_v1
2948,117.92,0.14939705114050403,,5,1,val,current_repo_v1
2949,117.96,0.20726906740695772,,5,1,val,current_repo_v1
2950,118.0,0.14189766726304984,,5,1,val,current_repo_v1
2951,118.04,0.23817028342128205,,5,1,val,current_repo_v1
2952,118.08,0.06806381576744969,,5,1,val,current_repo_v1
2953,118.12,0.2142129792608772,,5,1,val,current_repo_v1
2954,118.16,0.37716534028094206,,5,1,val,current_repo_v1
2955,118.2,0.4040309843137778,,5,1,val,current_repo_v1
2956,118.24,0.27824773520227525,,5,1,val,current_repo_v1
2957,118.28,0.2441314071731479,,5,1,val,current_repo_v1
2958,118.32,0.28957745329521,,5,1,val,current_repo_v1
2959,118.36,0.41886867213907353,,5,1,val,current_repo_v1
2960,118.4,0.23701520200020676,,5,1,val,current_repo_v1
2961,118.44,0.22261283104769808,,5,1,val,current_repo_v1
2962,118.48,0.158218550923971,,5,1,val,current_repo_v1
2963,118.52,0.39468626123252176,,5,1,val,current_repo_v1
2964,118.56,0.4940433984361987,,5,1,val,current_repo_v1
2965,118.6,0.5125343594212156,,5,1,val,current_repo_v1
2966,118.64,0.5369777476425895,,5,1,val,current_repo_v1
2967,118.68,0.7081613094357725,,5,1,val,current_repo_v1
2968,118.72,0.6725998456153642,,5,1,val,current_repo_v1
2969,118.76,0.44567317455228495,,5,1,val,current_repo_v1
2970,118.8,0.2782876368616686,,5,1,val,current_repo_v1
2971,118.84,0.26375993377388585,,5,1,val,current_repo_v1
2972,118.88,0.3277354306354873,,5,1,val,current_repo_v1
2973,118.92,0.4380047304133394,,5,1,val,current_repo_v1
2974,118.96,0.6049162363903625,,5,1,val,current_repo_v1
2975,119.0,0.5874776151690804,,5,1,val,current_repo_v1
2976,119.04,0.5444149258561689,,5,1,val,current_repo_v1
2977,119.08,0.34926994696230507,,5,1,val,current_repo_v1
2978,119.12,0.3438787621433027,,5,1,val,current_repo_v1
2979,119.16,0.19420039407288064,,5,1,val,current_repo_v1
2980,119.2,0.12287310854880161,,5,1,val,current_repo_v1
2981,119.24,0.05316901741324786,,5,1,val,current_repo_v1
2982,119.28,0.24522395553211748,,5,1,val,current_repo_v1
2983,119.32,0.31530131646010157,,5,1,val,current_repo_v1
2984,119.36,0.43711445277391014,,5,1,val,current_repo_v1
2985,119.4,0.06462170423547725,,5,1,val,current_repo_v1
2986,119.44,-0.31558095547408616,,5,1,val,current_repo_v1
2987,119.48,-0.3261675409700007,,5,1,val,current_repo_v1
2988,119.52,-0.12118311980557128,,5,1,val,current_repo_v1
2989,119.56,-0.04851714384003912,,5,1,val,current_repo_v1
2990,119.6,0.19879430281242447,,5,1,val,current_repo_v1
2991,119.64,0.4750135808878663,,5,1,val,current_repo_v1
2992,119.68,0.5663377160224684,,5,1,val,current_repo_v1
2993,119.72,0.6135035645891639,,5,1,val,current_repo_v1
2994,119.76,0.5317842295055051,,5,1,val,current_repo_v1
2995,119.8,0.32474161936239687,,5,1,val,current_repo_v1
2996,119.84,-0.012179027470921512,,5,1,val,current_repo_v1
2997,119.88,0.055777828829165814,,5,1,val,current_repo_v1
2998,119.92,0.2608992098816644,,5,1,val,current_repo_v1
2999,119.96,0.3963832071881591,,5,1,val,current_repo_v1
3000,120.0,0.47570402283209784,,5,1,val,current_repo_v1
3001,120.04,0.5047331962244108,,5,1,val,current_repo_v1
3002,120.08,0.49976312737992934,,5,1,val,current_repo_v1
3003,120.12,0.37771336399472333,,5,1,val,current_repo_v1
3004,120.16,0.32606921918877757,,5,1,val,current_repo_v1
3005,120.2,0.46790621546716005,,5,1,val,current_repo_v1
3006,120.24,0.5563160970987852,,5,1,val,current_repo_v1
3007,120.28,0.5669089031610872,,5,1,val,current_repo_v1
3008,120.32,0.5690137873124509,,5,1,val,current_repo_v1
3009,120.36,0.43112089613479376,,5,1,val,current_repo_v1
3010,120.4,0.5805767971073057,,5,1,val,current_repo_v1
3011,120.44,0.5360158925649253,,5,1,val,current_repo_v1
3012,120.48,0.16018785128295498,,5,1,val,current_repo_v1
3013,120.52,0.2138582023528965,,5,1,val,current_repo_v1
3014,120.56,0.3314633915166371,,5,1,val,current_repo_v1
3015,120.6,0.5368234203014896,,5,1,val,current_repo_v1
3016,120.64,0.6509573083347323,,5,1,val,current_repo_v1
3017,120.68,0.7364621036138462,,5,1,val,current_repo_v1
3018,120.72,0.6763778575010659,,5,1,val,current_repo_v1
3019,120.76,0.6638781204427701,,5,1,val,current_repo_v1
3020,120.8,0.7065410974405071,,5,1,val,current_repo_v1
3021,120.84,0.6243830896521942,,5,1,val,current_repo_v1
3022,120.88,0.7078014987799914,,5,1,val,current_repo_v1
3023,120.92,0.46267103590519104,,5,1,val,current_repo_v1
3024,120.96,0.3717726003203428,,5,1,val,current_repo_v1
3025,121.0,0.24230775810214447,,5,1,val,current_repo_v1
3026,121.04,0.5603273802240173,,5,1,val,current_repo_v1
3027,121.08,0.510995424036776,,5,1,val,current_repo_v1
3028,121.12,0.7976241856275942,,5,1,val,current_repo_v1
3029,121.16,0.6615345220562868,,5,1,val,current_repo_v1
3030,121.2,0.5433361486852873,,5,1,val,current_repo_v1
3031,121.24,0.4027745936026222,,5,1,val,current_repo_v1
3032,121.28,0.4668337407122237,,5,1,val,current_repo_v1
3033,121.32,0.47767790676631466,,5,1,val,current_repo_v1
3034,121.36,0.6111951205877256,,5,1,val,current_repo_v1
3035,121.4,0.5049565227426772,,5,1,val,current_repo_v1
3036,121.44,0.42090316567078945,,5,1,val,current_repo_v1
3037,121.48,0.38617967762242095,,5,1,val,current_repo_v1
3038,121.52,0.34785268094543115,,5,1,val,current_repo_v1
3039,121.56,0.5539230615794329,,5,1,val,current_repo_v1
3040,121.6,0.5575755980931345,,5,1,val,current_repo_v1
3041,121.64,0.4662591568169591,,5,1,val,current_repo_v1
3042,121.68,0.8690240921717691,,5,1,val,current_repo_v1
3043,121.72,1.2905560261450406,,5,1,val,current_repo_v1
3044,121.76,1.2293644782905098,,5,1,val,current_repo_v1
3045,121.8,1.37174710418311,,5,1,val,current_repo_v1
3046,121.84,1.3989854092522904,,5,1,val,current_repo_v1
3047,121.88,1.4498233154522062,,5,1,val,current_repo_v1
3048,121.92,1.473114098201626,,5,1,val,current_repo_v1
3049,121.96,1.529621886964615,,5,1,val,current_repo_v1
3050,122.0,1.5679600561062348,,5,1,val,current_repo_v1
3051,122.04,1.5155188807695037,,5,1,val,current_repo_v1
3052,122.08,1.4947233636370407,,5,1,val,current_repo_v1
3053,122.12,1.5575288210708917,,5,1,val,current_repo_v1
3054,122.16,1.5512784614443975,,5,1,val,current_repo_v1
3055,122.2,1.4077747421595694,,5,1,val,current_repo_v1
3056,122.24,1.531050325446119,,5,1,val,current_repo_v1
3057,122.28,1.4962123707912651,,5,1,val,current_repo_v1
3058,122.32,1.4360550739482107,,5,1,val,current_repo_v1
3059,122.36,1.4791816059161516,,5,1,val,current_repo_v1
3060,122.4,1.3863905630079123,,5,1,val,current_repo_v1
3061,122.44,1.4429161949744862,,5,1,val,current_repo_v1
3062,122.48,1.3215937058344902,,5,1,val,current_repo_v1
3063,122.52,1.3060976201668144,,5,1,val,current_repo_v1
3064,122.56,1.327744781947458,,5,1,val,current_repo_v1
3065,122.6,1.1170600915716482,,5,1,val,current_repo_v1
3066,122.64,1.1332768625951368,,5,1,val,current_repo_v1
3067,122.68,1.0594749989298171,,5,1,val,current_repo_v1
3068,122.72,1.0948284420992545,,5,1,val,current_repo_v1
3069,122.76,0.9920235150505377,,5,1,val,current_repo_v1
3070,122.8,0.7815034241353228,,5,1,val,current_repo_v1
3071,122.84,0.6450275534258665,,5,1,val,current_repo_v1
3072,122.88,0.44171795837409783,,5,1,val,current_repo_v1
3073,122.92,0.41904477146252966,,5,1,val,current_repo_v1
3074,122.96,0.6268342383575347,,5,1,val,current_repo_v1
3075,123.0,0.8005495706704223,,5,1,val,current_repo_v1
3076,123.04,0.9041960748717193,,5,1,val,current_repo_v1
3077,123.08,1.0860403369353413,,5,1,val,current_repo_v1
3078,123.12,1.1088566377986004,,5,1,val,current_repo_v1
3079,123.16,1.0848870766669256,,5,1,val,current_repo_v1
3080,123.2,1.099315598553129,,5,1,val,current_repo_v1
3081,123.24,0.936868945025499,,5,1,val,current_repo_v1
3082,123.28,0.7789630594120566,,5,1,val,current_repo_v1
3083,123.32,0.8612866079308784,,5,1,val,current_repo_v1
3084,123.36,0.7434285650209204,,5,1,val,current_repo_v1
3085,123.4,0.6140298981701467,,5,1,val,current_repo_v1
3086,123.44,0.7873776850440477,,5,1,val,current_repo_v1
3087,123.48,0.7029897269801597,,5,1,val,current_repo_v1
3088,123.52,0.8875880629622812,,5,1,val,current_repo_v1
3089,123.56,0.8951174856274223,,5,1,val,current_repo_v1
3090,123.6,1.0235614592368332,,5,1,val,current_repo_v1
3091,123.64,0.9355123704556818,,5,1,val,current_repo_v1
3092,123.68,0.7974700629103886,,5,1,val,current_repo_v1
3093,123.72,0.5890049688411011,,5,1,val,current_repo_v1
3094,123.76,0.7399821256935829,,5,1,val,current_repo_v1
3095,123.8,0.9047879290236649,,5,1,val,current_repo_v1
3096,123.84,0.8929462624095184,,5,1,val,current_repo_v1
3097,123.88,0.7603351641169575,,5,1,val,current_repo_v1
3098,123.92,0.7999747412264845,,5,1,val,current_repo_v1
3099,123.96,0.6147457134772745,,5,1,val,current_repo_v1
3100,124.0,0.8482568131367231,,5,1,val,current_repo_v1
3101,124.04,0.9808396733318672,,5,1,val,current_repo_v1
3102,124.08,0.8790175957723722,,5,1,val,current_repo_v1
3103,124.12,0.6626680565812897,,5,1,val,current_repo_v1
3104,124.16,0.4282742912912807,,5,1,val,current_repo_v1
3105,124.2,0.4413905601431778,,5,1,val,current_repo_v1
3106,124.24,0.33299221848069704,,5,1,val,current_repo_v1
3107,124.28,0.36091288285028317,,5,1,val,current_repo_v1
3108,124.32,0.564701666137782,,5,1,val,current_repo_v1
3109,124.36,0.7004307824072888,,5,1,val,current_repo_v1
3110,124.4,0.5693653720876802,,5,1,val,current_repo_v1
3111,124.44,0.528833962197127,,5,1,val,current_repo_v1
3112,124.48,0.4787736267956463,,5,1,val,current_repo_v1
3113,124.52,0.5062869463787996,,5,1,val,current_repo_v1
3114,124.56,0.7192856465259733,,5,1,val,current_repo_v1
3115,124.6,0.6961715769716924,,5,1,val,current_repo_v1
3116,124.64,0.6698026369799412,,5,1,val,current_repo_v1
3117,124.68,0.7088372230835069,,5,1,val,current_repo_v1
3118,124.72,0.6900338423366347,,5,1,val,current_repo_v1
3119,124.76,0.6735988194674589,,5,1,val,current_repo_v1
3120,124.8,0.5927134495275111,,5,1,val,current_repo_v1
3121,124.84,0.7010571770725965,,5,1,val,current_repo_v1
3122,124.88,0.7960791933758825,,5,1,val,current_repo_v1
3123,124.92,1.0393781496221375,,5,1,val,current_repo_v1
3124,124.96,1.0145484314882778,,5,1,val,current_repo_v1
3125,125.0,0.8512600371089525,,5,1,val,current_repo_v1
3126,125.04,0.8947013624759229,,5,1,val,current_repo_v1
3127,125.08,1.0001936560535891,,5,1,val,current_repo_v1
3128,125.12,1.171813844312483,,5,1,val,current_repo_v1
3129,125.16,1.1831562286244763,,5,1,val,current_repo_v1
3130,125.2,1.2163635763902332,,5,1,val,current_repo_v1
3131,125.24,1.187591819856981,,5,1,val,current_repo_v1
3132,125.28,1.0634887375417812,,5,1,val,current_repo_v1
3133,125.32,0.9745600115637055,,5,1,val,current_repo_v1
3134,125.36,1.0510156015897476,,5,1,val,current_repo_v1
3135,125.4,1.093911235955332,,5,1,val,current_repo_v1
3136,125.44,1.107821240893316,,5,1,val,current_repo_v1
3137,125.48,1.1114445571149079,,5,1,val,current_repo_v1
3138,125.52,1.1860914356142322,,5,1,val,current_repo_v1
3139,125.56,1.1759626346947016,,5,1,val,current_repo_v1
3140,125.6,1.1366518472585758,,5,1,val,current_repo_v1
3141,125.64,1.0527047309126218,,5,1,val,current_repo_v1
3142,125.68,0.8827241529941755,,5,1,val,current_repo_v1
3143,125.72,0.8687379461179451,,5,1,val,current_repo_v1
3144,125.76,0.870689075875113,,5,1,val,current_repo_v1
3145,125.8,1.091398045285232,,5,1,val,current_repo_v1
3146,125.84,1.1116872410535774,,5,1,val,current_repo_v1
3147,125.88,1.1944133256973153,,5,1,val,current_repo_v1
3148,125.92,0.9671133388014295,,5,1,val,current_repo_v1
3149,125.96,0.9162144546810048,,5,1,val,current_repo_v1
3150,126.0,1.1373659846497703,,5,1,val,current_repo_v1
3151,126.04,1.108295640929919,,5,1,val,current_repo_v1
3152,126.08,1.1018752797720195,,5,1,val,current_repo_v1
3153,126.12,1.0825025535015773,,5,1,val,current_repo_v1
3154,126.16,1.0423343100986722,,5,1,val,current_repo_v1
3155,126.2,0.8757621933127765,,5,1,val,current_repo_v1
3156,126.24,0.864054514424634,,5,1,val,current_repo_v1
3157,126.28,0.9232692317608696,,5,1,val,current_repo_v1
3158,126.32,0.9848692907580309,,5,1,val,current_repo_v1
3159,126.36,1.0915417731086061,,5,1,val,current_repo_v1
3160,126.4,1.2036606068800937,,5,1,val,current_repo_v1
3161,126.44,1.0534585653393151,,5,1,val,current_repo_v1
3162,126.48,1.1553177207484617,,5,1,val,current_repo_v1
3163,126.52,1.0834457878048578,,5,1,val,current_repo_v1
3164,126.56,0.9953278635456557,,5,1,val,current_repo_v1
3165,126.6,1.1067224924303483,,5,1,val,current_repo_v1
3166,126.64,1.1312492035014914,,5,1,val,current_repo_v1
3167,126.68,0.9670023508011476,,5,1,val,current_repo_v1
3168,126.72,1.1613379194186193,,5,1,val,current_repo_v1
3169,126.76,1.0615866356696935,,5,1,val,current_repo_v1
3170,126.8,0.9975967332859316,,5,1,val,current_repo_v1
3171,126.84,0.8723717390829264,,5,1,val,current_repo_v1
3172,126.88,0.9786854748219711,,5,1,val,current_repo_v1
3173,126.92,0.9747618525730677,,5,1,val,current_repo_v1
3174,126.96,0.862649403067083,,5,1,val,current_repo_v1
3175,127.0,0.9319406194554598,,5,1,val,current_repo_v1
3176,127.04,0.7570446481970957,,5,1,val,current_repo_v1
3177,127.08,0.5938543505127097,,5,1,val,current_repo_v1
3178,127.12,0.5819349268187197,,5,1,val,current_repo_v1
3179,127.16,0.6659241138373471,,5,1,val,current_repo_v1
3180,127.2,0.8586510521719721,,5,1,val,current_repo_v1
3181,127.24,0.9382161068961772,,5,1,val,current_repo_v1
3182,127.28,0.9691778301960534,,5,1,val,current_repo_v1
3183,127.32,0.9898654696114282,,5,1,val,current_repo_v1
3184,127.36,0.9128839961769708,,5,1,val,current_repo_v1
3185,127.4,0.7851029221356154,,5,1,val,current_repo_v1
3186,127.44,0.6674880133368943,,5,1,val,current_repo_v1
3187,127.48,0.5609037648095521,,5,1,val,current_repo_v1
3188,127.52,0.505463130580247,,5,1,val,current_repo_v1
3189,127.56,0.6220180466815857,,5,1,val,current_repo_v1
3190,127.6,0.5583516955995305,,5,1,val,current_repo_v1
3191,127.64,0.5895499641212464,,5,1,val,current_repo_v1
3192,127.68,0.5396326608218989,,5,1,val,current_repo_v1
3193,127.72,0.4662733986400041,,5,1,val,current_repo_v1
3194,127.76,0.5225108383138107,,5,1,val,current_repo_v1
3195,127.8,0.46077953355082946,,5,1,val,current_repo_v1
3196,127.84,0.4374820800624545,,5,1,val,current_repo_v1
3197,127.88,0.4589140184310471,,5,1,val,current_repo_v1
3198,127.92,0.4525608966848228,,5,1,val,current_repo_v1
3199,127.96,0.43788707167410257,,5,1,val,current_repo_v1
3200,128.0,0.6371236281093317,,5,1,val,current_repo_v1
3201,128.04,0.6496940831855063,,5,1,val,current_repo_v1
3202,128.08,0.4889687258569383,,5,1,val,current_repo_v1
3203,128.12,0.5027661876530434,,5,1,val,current_repo_v1
3204,128.16,0.48610706069480286,,5,1,val,current_repo_v1
3205,128.2,0.49631701545082285,,5,1,val,current_repo_v1
3206,128.24,0.6572269844568508,,5,1,val,current_repo_v1
3207,128.28,0.5320202017804407,,5,1,val,current_repo_v1
3208,128.32,0.4470422721044348,,5,1,val,current_repo_v1
3209,128.36,0.5730923098493583,,5,1,val,current_repo_v1
3210,128.4,0.6571613001867725,,5,1,val,current_repo_v1
3211,128.44,0.41940216755635773,,5,1,val,current_repo_v1
3212,128.48,0.3852423364872969,,5,1,val,current_repo_v1
3213,128.52,0.4898697257884302,,5,1,val,current_repo_v1
3214,128.56,0.7908620207166142,,5,1,val,current_repo_v1
3215,128.6,0.6700883737859766,,5,1,val,current_repo_v1
3216,128.64,0.6692553089874006,,5,1,val,current_repo_v1
3217,128.68,0.6323502437520754,,5,1,val,current_repo_v1
3218,128.72,0.829507616797068,,5,1,val,current_repo_v1
3219,128.76,1.0631900685056244,,5,1,val,current_repo_v1
3220,128.8,0.889312469444537,,5,1,val,current_repo_v1
3221,128.84,0.4206887607543157,,5,1,val,current_repo_v1
3222,128.88,-0.38143170755283984,,5,1,val,current_repo_v1
3223,128.92,0.16901029233633588,,5,1,val,current_repo_v1
3224,128.96,0.7573871885961958,,5,1,val,current_repo_v1
3225,129.0,1.0937131600256254,,5,1,val,current_repo_v1
3226,129.04,1.0371308881651022,,5,1,val,current_repo_v1
3227,129.08,1.2298129320173126,,5,1,val,current_repo_v1
3228,129.12,1.1646662498341522,,5,1,val,current_repo_v1
3229,129.16,0.5855225566331413,,5,1,val,current_repo_v1
3230,129.2,-0.012896868554603109,,5,1,val,current_repo_v1
3231,129.24,0.08280389799515238,,5,1,val,current_repo_v1
3232,129.28,0.09853356695379764,,5,1,val,current_repo_v1
3233,129.32,0.39061355001421316,,5,1,val,current_repo_v1
3234,129.36,0.5460536358514814,,5,1,val,current_repo_v1
3235,129.4,0.5898343094848004,,5,1,val,current_repo_v1
3236,129.44,0.7521664145563872,,5,1,val,current_repo_v1
3237,129.48,0.7812104845682072,,5,1,val,current_repo_v1
3238,129.52,0.9306127740804059,,5,1,val,current_repo_v1
3239,129.56,0.7365195620033727,,5,1,val,current_repo_v1
3240,129.6,0.9829278192486751,,5,1,val,current_repo_v1
3241,129.64,0.9094727521594573,,5,1,val,current_repo_v1
3242,129.68,0.8581829545513142,,5,1,val,current_repo_v1
3243,129.72,1.1694984840234166,,5,1,val,current_repo_v1
3244,129.76,1.0447997824766153,,5,1,val,current_repo_v1
3245,129.8,1.1444179788446722,,5,1,val,current_repo_v1
3246,129.84,1.0235874055466334,,5,1,val,current_repo_v1
3247,129.88,0.8170535517919856,,5,1,val,current_repo_v1
3248,129.92,0.8319577014581581,,5,1,val,current_repo_v1
3249,129.96,0.8885757415754092,,5,1,val,current_repo_v1
3250,130.0,1.1078543081146388,,5,1,val,current_repo_v1
3251,130.04,0.947024019653061,,5,1,val,current_repo_v1
3252,130.08,0.8644838153549279,,5,1,val,current_repo_v1
3253,130.12,1.0156222976856957,,5,1,val,current_repo_v1
3254,130.16,0.9364772130422032,,5,1,val,current_repo_v1
3255,130.2,0.874665245540079,,5,1,val,current_repo_v1
3256,130.24,0.7448897433255164,,5,1,val,current_repo_v1
3257,130.28,0.7674544386483135,,5,1,val,current_repo_v1
3258,130.32,0.7795287217055287,,5,1,val,current_repo_v1
3259,130.36,0.8342994173048136,,5,1,val,current_repo_v1
3260,130.4,0.6733709502987386,,5,1,val,current_repo_v1
3261,130.44,0.6596571796754125,,5,1,val,current_repo_v1
3262,130.48,0.6924364542542413,,5,1,val,current_repo_v1
3263,130.52,0.6628730078738456,,5,1,val,current_repo_v1
3264,130.56,0.7331340187469864,,5,1,val,current_repo_v1
3265,130.6,0.6786319124713925,,5,1,val,current_repo_v1
3266,130.64,0.888551514106321,,5,1,val,current_repo_v1
3267,130.68,0.8553032415616993,,5,1,val,current_repo_v1
3268,130.72,0.8079206962909137,,5,1,val,current_repo_v1
3269,130.76,0.7963438948455814,,5,1,val,current_repo_v1
3270,130.8,0.7273961192014397,,5,1,val,current_repo_v1
3271,130.84,0.6349586254578152,,5,1,val,current_repo_v1
3272,130.88,0.6295032705855526,,5,1,val,current_repo_v1
3273,130.92,0.5267709440945422,,5,1,val,current_repo_v1
3274,130.96,0.5527067362267861,,5,1,val,current_repo_v1
3275,131.0,0.6098818444339477,,5,1,val,current_repo_v1
3276,131.04,0.5009954543211124,,5,1,val,current_repo_v1
3277,131.08,0.5550829925868037,,5,1,val,current_repo_v1
3278,131.12,0.5325661383304998,,5,1,val,current_repo_v1
3279,131.16,0.5834770543359108,,5,1,val,current_repo_v1
3280,131.2,0.6734744081397094,,5,1,val,current_repo_v1
3281,131.24,0.7664138852208919,,5,1,val,current_repo_v1
3282,131.28,0.5898198221130821,,5,1,val,current_repo_v1
3283,131.32,0.47477511220142,,5,1,val,current_repo_v1
3284,131.36,0.3934936313268378,,5,1,val,current_repo_v1
3285,131.4,0.3715553715941274,,5,1,val,current_repo_v1
3286,131.44,0.5134765296802457,,5,1,val,current_repo_v1
3287,131.48,0.7348152905123185,,5,1,val,current_repo_v1
3288,131.52,0.6473260117812616,,5,1,val,current_repo_v1
3289,131.56,0.5861905717985548,,5,1,val,current_repo_v1
3290,131.6,0.5549250638651636,,5,1,val,current_repo_v1
3291,131.64,0.34697210247859284,,5,1,val,current_repo_v1
3292,131.68,0.288733932215634,,5,1,val,current_repo_v1
3293,131.72,0.0208974454098236,,5,1,val,current_repo_v1
3294,131.76,0.33729889665977686,,5,1,val,current_repo_v1
3295,131.8,0.41970108214118773,,5,1,val,current_repo_v1
3296,131.84,0.11756189074770144,,5,1,val,current_repo_v1
3297,131.88,0.02276144631278792,,5,1,val,current_repo_v1
3298,131.92,0.14839938688133295,,5,1,val,current_repo_v1
3299,131.96,-0.08735479990770643,,5,1,val,current_repo_v1
3300,132.0,-0.11237639386727456,,5,1,val,current_repo_v1
3301,132.04,0.07357314019184064,,5,1,val,current_repo_v1
3302,132.08,0.15098433915117263,,5,1,val,current_repo_v1
3303,132.12,0.002430202891957684,,5,1,val,current_repo_v1
3304,132.16,-0.18052265771734516,,5,1,val,current_repo_v1
3305,132.2,0.051339536561256165,,5,1,val,current_repo_v1
3306,132.24,0.018359157619084764,,5,1,val,current_repo_v1
3307,132.28,-0.02826646084640464,,5,1,val,current_repo_v1
3308,132.32,-0.21587849498634626,,5,1,val,current_repo_v1
3309,132.36,-0.27474068627743875,,5,1,val,current_repo_v1
3310,132.4,-0.261869413614217,,5,1,val,current_repo_v1
3311,132.44,-0.07590609813581903,,5,1,val,current_repo_v1
3312,132.48,0.04212776785533778,,5,1,val,current_repo_v1
3313,132.52,0.1254656932898996,,5,1,val,current_repo_v1
3314,132.56,0.11109870180871971,,5,1,val,current_repo_v1
3315,132.6,-0.06026832576811513,,5,1,val,current_repo_v1
3316,132.64,-0.2965701270231471,,5,1,val,current_repo_v1
3317,132.68,-0.2770265193385541,,5,1,val,current_repo_v1
3318,132.72,-0.2908073861368294,,5,1,val,current_repo_v1
3319,132.76,-0.17226774103487472,,5,1,val,current_repo_v1
3320,132.8,-0.2938590445848455,,5,1,val,current_repo_v1
3321,132.84,-0.27954455959494945,,5,1,val,current_repo_v1
3322,132.88,-0.2543380879468587,,5,1,val,current_repo_v1
3323,132.92,-0.2530811038264095,,5,1,val,current_repo_v1
3324,132.96,-0.17409177889127736,,5,1,val,current_repo_v1
3325,133.0,-0.15655330120956457,,5,1,val,current_repo_v1
3326,133.04,-0.32200012981339854,,5,1,val,current_repo_v1
3327,133.08,-0.5341459575690256,,5,1,val,current_repo_v1
3328,133.12,-0.45449991270744666,,5,1,val,current_repo_v1
3329,133.16,-0.4478298285489129,,5,1,val,current_repo_v1
3330,133.2,-0.29006464232520845,,5,1,val,current_repo_v1
3331,133.24,-0.6565906041455001,,5,1,val,current_repo_v1
3332,133.28,-0.5617428455506213,,5,1,val,current_repo_v1
3333,133.32,-0.5500072559632928,,5,1,val,current_repo_v1
3334,133.36,-0.566371478965032,,5,1,val,current_repo_v1
3335,133.4,-0.5175685983189574,,5,1,val,current_repo_v1
3336,133.44,-0.606956295692004,,5,1,val,current_repo_v1
3337,133.48,-0.6583294161499164,,5,1,val,current_repo_v1
3338,133.52,-0.689888231973433,,5,1,val,current_repo_v1
3339,133.56,-0.649524081654101,,5,1,val,current_repo_v1
3340,133.6,-0.5343852856758281,,5,1,val,current_repo_v1
3341,133.64,-0.5495418184532611,,5,1,val,current_repo_v1
3342,133.68,-0.6051876495237952,,5,1,val,current_repo_v1
3343,133.72,-0.552427547385369,,5,1,val,current_repo_v1
3344,133.76,-0.4175335830781605,,5,1,val,current_repo_v1
3345,133.8,-0.009993659626322392,,5,1,val,current_repo_v1
3346,133.84,0.14894389106413183,,5,1,val,current_repo_v1
3347,133.88,-0.6217760584641568,,5,1,val,current_repo_v1
3348,133.92,-1.095389438967936,,5,1,val,current_repo_v1
3349,133.96,-1.2836092086318216,,5,1,val,current_repo_v1
3350,134.0,-1.234734218525387,,5,1,val,current_repo_v1
3351,134.04,-1.6524307640729878,,5,1,val,current_repo_v1
3352,134.08,-1.7251337974257823,,5,1,val,current_repo_v1
3353,134.12,-1.3230621687497244,,5,1,val,current_repo_v1
3354,134.16,-1.054779453501962,,5,1,val,current_repo_v1
3355,134.2,-0.7646956174554659,,5,1,val,current_repo_v1
3356,134.24,-0.4410775674344182,,5,1,val,current_repo_v1
3357,134.28,-0.3362758795000989,,5,1,val,current_repo_v1
3358,134.32,-0.4577630908750266,,5,1,val,current_repo_v1
3359,134.36,-0.7129794655011071,,5,1,val,current_repo_v1
3360,134.4,-0.6432298506646634,,5,1,val,current_repo_v1
3361,134.44,-0.4631744106852306,,5,1,val,current_repo_v1
3362,134.48,-0.5787139830229284,,5,1,val,current_repo_v1
3363,134.52,-0.7032485352817021,,5,1,val,current_repo_v1
3364,134.56,-0.7586122309267408,,5,1,val,current_repo_v1
3365,134.6,-1.1583857695704134,,5,1,val,current_repo_v1
3366,134.64,-1.963283106897896,,5,1,val,current_repo_v1
3367,134.68,-2.223994738055633,,5,1,val,current_repo_v1
3368,134.72,-2.0349908496286937,,5,1,val,current_repo_v1
3369,134.76,-1.9261446885734825,,5,1,val,current_repo_v1
3370,134.8,-1.4700537432381011,,5,1,val,current_repo_v1
3371,134.84,-0.9847608400940386,,5,1,val,current_repo_v1
3372,134.88,0.14736456292295247,,5,1,val,current_repo_v1
3373,134.92,0.9063413517798228,,5,1,val,current_repo_v1
3374,134.96,1.6868796059303934,,5,1,val,current_repo_v1
3375,135.0,2.1179488140694804,,5,1,val,current_repo_v1
3376,135.04,2.0912958151876273,,5,1,val,current_repo_v1
3377,135.08,2.2693709869673406,,5,1,val,current_repo_v1
3378,135.12,2.1299874107195254,,5,1,val,current_repo_v1
3379,135.16,2.0394433018700906,,5,1,val,current_repo_v1
3380,135.2,1.9387825876852265,,5,1,val,current_repo_v1
3381,135.24,1.3920285242434707,,5,1,val,current_repo_v1
3382,135.28,1.5347531994378245,,5,1,val,current_repo_v1
3383,135.32,1.445321753476171,,5,1,val,current_repo_v1
3384,135.36,0.8288023191581085,,5,1,val,current_repo_v1
3385,135.4,0.4015123506480889,,5,1,val,current_repo_v1
3386,135.44,0.6283498466180213,,5,1,val,current_repo_v1
3387,135.48,0.5977551367350064,,5,1,val,current_repo_v1
3388,135.52,0.6438051712059476,,5,1,val,current_repo_v1
3389,135.56,0.4503231297764844,,5,1,val,current_repo_v1
3390,135.6,0.26340157594775443,,5,1,val,current_repo_v1
3391,135.64,0.44106864583262567,,5,1,val,current_repo_v1
3392,135.68,0.2218871937936427,,5,1,val,current_repo_v1
3393,135.72,-0.12218256429262297,,5,1,val,current_repo_v1
3394,135.76,-0.421118552781956,,5,1,val,current_repo_v1
3395,135.8,-0.18711279532036612,,5,1,val,current_repo_v1
3396,135.84,-0.07872423979563148,,5,1,val,current_repo_v1
3397,135.88,-0.8607830694517233,,5,1,val,current_repo_v1
3398,135.92,-1.1328875042490152,,5,1,val,current_repo_v1
3399,135.96,-0.8704159439009679,,5,1,val,current_repo_v1
3400,136.0,-0.37051756012688974,,5,1,val,current_repo_v1
3401,136.04,-0.06605087424740355,,5,1,val,current_repo_v1
3402,136.08,0.4430785844970226,,5,1,val,current_repo_v1
3403,136.12,0.6119243182975423,,5,1,val,current_repo_v1
3404,136.16,0.4874531175964517,,5,1,val,current_repo_v1
3405,136.2,0.299965205753009,,5,1,val,current_repo_v1
3406,136.24,0.18567523061317515,,5,1,val,current_repo_v1
3407,136.28,0.15047830426050685,,5,1,val,current_repo_v1
3408,136.32,-0.34469238767191784,,5,1,val,current_repo_v1
3409,136.36,-0.6273396593765176,,5,1,val,current_repo_v1
3410,136.4,-0.5951894804984016,,5,1,val,current_repo_v1
3411,136.44,-0.6487234292803861,,5,1,val,current_repo_v1
3412,136.48,-0.35486698341899847,,5,1,val,current_repo_v1
3413,136.52,-0.2547231491911995,,5,1,val,current_repo_v1
3414,136.56,-0.3091625791679616,,5,1,val,current_repo_v1
3415,136.6,-0.02348329546699961,,5,1,val,current_repo_v1
3416,136.64,0.17740938701474773,,5,1,val,current_repo_v1
3417,136.68,-0.004318835396201377,,5,1,val,current_repo_v1
3418,136.72,-0.09129166132257263,,5,1,val,current_repo_v1
3419,136.76,-0.36900268851242274,,5,1,val,current_repo_v1
3420,136.8,-0.2651876151469809,,5,1,val,current_repo_v1
3421,136.84,-0.42224738095738934,,5,1,val,current_repo_v1
3422,136.88,-0.24055169630343662,,5,1,val,current_repo_v1
3423,136.92,-0.20541951295093275,,5,1,val,current_repo_v1
3424,136.96,-0.3075853177281149,,5,1,val,current_repo_v1
3425,137.0,-0.08857660918072112,,5,1,val,current_repo_v1
3426,137.04,-0.0634909270174504,,5,1,val,current_repo_v1
3427,137.08,-0.37486798689457623,,5,1,val,current_repo_v1
3428,137.12,-0.7893919208102255,,5,1,val,current_repo_v1
3429,137.16,-0.8533797769550442,,5,1,val,current_repo_v1
3430,137.2,-0.6928839257863512,,5,1,val,current_repo_v1
3431,137.24,-0.6912209064723929,,5,1,val,current_repo_v1
3432,137.28,-0.4319078796323678,,5,1,val,current_repo_v1
3433,137.32,-0.39950192088634556,,5,1,val,current_repo_v1
3434,137.36,-0.4025832702614283,,5,1,val,current_repo_v1
3435,137.4,-0.2916034140105326,,5,1,val,current_repo_v1
3436,137.44,-0.4533171865982481,,5,1,val,current_repo_v1
3437,137.48,-0.704500587966298,,5,1,val,current_repo_v1
3438,137.52,-0.7757903250057684,,5,1,val,current_repo_v1
3439,137.56,-0.8415106088895004,,5,1,val,current_repo_v1
3440,137.6,-0.7005230268588505,,5,1,val,current_repo_v1
3441,137.64,-0.5015877177208466,,5,1,val,current_repo_v1
3442,137.68,-0.2961676727477887,,5,1,val,current_repo_v1
3443,137.72,-0.5840659209789992,,5,1,val,current_repo_v1
3444,137.76,-0.6486250870367735,,5,1,val,current_repo_v1
3445,137.8,-0.7299676686062011,,5,1,val,current_repo_v1
3446,137.84,-0.9732597494896066,,5,1,val,current_repo_v1
3447,137.88,-1.1689870879867195,,5,1,val,current_repo_v1
3448,137.92,-1.2064923560288787,,5,1,val,current_repo_v1
3449,137.96,-1.041812028070797,,5,1,val,current_repo_v1
3450,138.0,-1.1652076028089786,,5,1,val,current_repo_v1
3451,138.04,-1.2063893892852544,,5,1,val,current_repo_v1
3452,138.08,-1.0769645305760072,,5,1,val,current_repo_v1
3453,138.12,-0.9734329431537633,,5,1,val,current_repo_v1
3454,138.16,-0.8469210283545693,,5,1,val,current_repo_v1
3455,138.2,-1.017268292291646,,5,1,val,current_repo_v1
3456,138.24,-1.5432652260435142,,5,1,val,current_repo_v1
3457,138.28,-1.5527267075188722,,5,1,val,current_repo_v1
3458,138.32,-1.3827538234588526,,5,1,val,current_repo_v1
3459,138.36,-1.1408997574552056,,5,1,val,current_repo_v1
3460,138.4,-0.8242160428898231,,5,1,val,current_repo_v1
3461,138.44,-0.6123309878251239,,5,1,val,current_repo_v1
3462,138.48,-0.4724969934611207,,5,1,val,current_repo_v1
3463,138.52,-0.6879971797916389,,5,1,val,current_repo_v1
3464,138.56,-0.9229975730787637,,5,1,val,current_repo_v1
3465,138.6,-0.9526668918620832,,5,1,val,current_repo_v1
3466,138.64,-0.9111067967299792,,5,1,val,current_repo_v1
3467,138.68,-0.6651478117070568,,5,1,val,current_repo_v1
3468,138.72,-0.5557396306636927,,5,1,val,current_repo_v1
3469,138.76,-0.2190887164900749,,5,1,val,current_repo_v1
3470,138.8,-0.42207995768705264,,5,1,val,current_repo_v1
3471,138.84,-0.7626093540784857,,5,1,val,current_repo_v1
3472,138.88,-0.610206418855126,,5,1,val,current_repo_v1
3473,138.92,-0.7761863131660661,,5,1,val,current_repo_v1
3474,138.96,-0.5880850207369946,,5,1,val,current_repo_v1
3475,139.0,-0.3138457039254311,,5,1,val,current_repo_v1
3476,139.04,-0.24458464909907782,,5,1,val,current_repo_v1
3477,139.08,-0.26966007960524285,,5,1,val,current_repo_v1
3478,139.12,-0.249313507296929,,5,1,val,current_repo_v1
3479,139.16,-0.5097357593433112,,5,1,val,current_repo_v1
3480,139.2,-0.5219656384097712,,5,1,val,current_repo_v1
3481,139.24,-0.407676972862861,,5,1,val,current_repo_v1
3482,139.28,-0.31267087629855345,,5,1,val,current_repo_v1
3483,139.32,-0.070579983715212,,5,1,val,current_repo_v1
3484,139.36,-0.2022299175357521,,5,1,val,current_repo_v1
3485,139.4,-0.4916451245451518,,5,1,val,current_repo_v1
3486,139.44,-0.632203651194181,,5,1,val,current_repo_v1
3487,139.48,-0.7434270098793234,,5,1,val,current_repo_v1
3488,139.52,-1.1354011860164615,,5,1,val,current_repo_v1
3489,139.56,-1.1716196971615473,,5,1,val,current_repo_v1
3490,139.6,-1.4699214743528095,,5,1,val,current_repo_v1
3491,139.64,-1.2420670385528605,,5,1,val,current_repo_v1
3492,139.68,-0.9849738944928098,,5,1,val,current_repo_v1
3493,139.72,-0.8298837973643951,,5,1,val,current_repo_v1
3494,139.76,-0.9898617863813304,,5,1,val,current_repo_v1
3495,139.8,-1.1236990728982446,,5,1,val,current_repo_v1
3496,139.84,-0.9933332716733332,,5,1,val,current_repo_v1
3497,139.88,-1.02392683566254,,5,1,val,current_repo_v1
3498,139.92,-1.2389463604652886,,5,1,val,current_repo_v1
3499,139.96,-1.1180189591404552,,5,1,val,current_repo_v1
3500,140.0,-0.7746158657019004,,5,1,val,current_repo_v1
3501,140.04,-1.0051121596767008,,5,1,val,current_repo_v1
3502,140.08,-1.3146053087459444,,5,1,val,current_repo_v1
3503,140.12,-1.2679150470344391,,5,1,val,current_repo_v1
3504,140.16,-1.0951361964363193,,5,1,val,current_repo_v1
3505,140.2,-1.0781457833931667,,5,1,val,current_repo_v1
3506,140.24,-1.136697601161347,,5,1,val,current_repo_v1
3507,140.28,-0.9312139590819328,,5,1,val,current_repo_v1
3508,140.32,-0.976550101710353,,5,1,val,current_repo_v1
3509,140.36,-0.9798654998957645,,5,1,val,current_repo_v1
3510,140.4,-1.0656133883613366,,5,1,val,current_repo_v1
3511,140.44,-1.1025453002515972,,5,1,val,current_repo_v1
3512,140.48,-0.8419507958109724,,5,1,val,current_repo_v1
3513,140.52,-0.9035808117462628,,5,1,val,current_repo_v1
3514,140.56,-1.0247190575318086,,5,1,val,current_repo_v1
3515,140.6,-1.1621505218277628,,5,1,val,current_repo_v1
3516,140.64,-1.100607675671455,,5,1,val,current_repo_v1
3517,140.68,-1.3951147436672384,,5,1,val,current_repo_v1
3518,140.72,-1.503730907465228,,5,1,val,current_repo_v1
3519,140.76,-1.1048172802750669,,5,1,val,current_repo_v1
3520,140.8,0.06174236980006691,,5,1,val,current_repo_v1
3521,140.84,0.9329799451395154,,5,1,val,current_repo_v1
3522,140.88,1.105959572702747,,5,1,val,current_repo_v1
3523,140.92,1.3244158785850209,,5,1,val,current_repo_v1
3524,140.96,1.4834286157676462,,5,1,val,current_repo_v1
3525,141.0,1.3973751010535103,,5,1,val,current_repo_v1
3526,141.04,1.4609987266664304,,5,1,val,current_repo_v1
3527,141.08,1.533268775858833,,5,1,val,current_repo_v1
3528,141.12,1.3438770023778115,,5,1,val,current_repo_v1
3529,141.16,1.1437428018429574,,5,1,val,current_repo_v1
3530,141.2,0.9795142834435451,,5,1,val,current_repo_v1
3531,141.24,0.6459955472203603,,5,1,val,current_repo_v1
3532,141.28,0.015204862383473855,,5,1,val,current_repo_v1
3533,141.32,-0.45407331281255786,,5,1,val,current_repo_v1
3534,141.36,-0.6515571428185566,,5,1,val,current_repo_v1
3535,141.4,-0.9036367149941924,,5,1,val,current_repo_v1
3536,141.44,-1.3981849205776908,,5,1,val,current_repo_v1
3537,141.48,-1.176014036216956,,5,1,val,current_repo_v1
3538,141.52,-1.0711361054196111,,5,1,val,current_repo_v1
3539,141.56,-0.8265753563913905,,5,1,val,current_repo_v1
3540,141.6,-0.3379090646502646,,5,1,val,current_repo_v1
3541,141.64,0.02586479275651058,,5,1,val,current_repo_v1
3542,141.68,0.20588470491229124,,5,1,val,current_repo_v1
3543,141.72,0.03586589813478772,,5,1,val,current_repo_v1
3544,141.76,-0.07606516252007259,,5,1,val,current_repo_v1
3545,141.8,0.1321582246896408,,5,1,val,current_repo_v1
3546,141.84,0.24017799168523082,,5,1,val,current_repo_v1
3547,141.88,-0.038734323558831864,,5,1,val,current_repo_v1
3548,141.92,-0.24616182868936676,,5,1,val,current_repo_v1
3549,141.96,-0.17427197069261996,,5,1,val,current_repo_v1
3550,142.0,-0.20697003004779113,,5,1,val,current_repo_v1
3551,142.04,-0.3397649829094031,,5,1,val,current_repo_v1
3552,142.08,-0.08334817709166749,,5,1,val,current_repo_v1
3553,142.12,-0.5201520977591474,,5,1,val,current_repo_v1
3554,142.16,-0.8340429826404454,,5,1,val,current_repo_v1
3555,142.2,-0.8171322092169641,,5,1,val,current_repo_v1
3556,142.24,-0.7050457878703376,,5,1,val,current_repo_v1
3557,142.28,-0.743346224365844,,5,1,val,current_repo_v1
3558,142.32,-0.8013129814953701,,5,1,val,current_repo_v1
3559,142.36,-0.816367079551304,,5,1,val,current_repo_v1
3560,142.4,-0.8149527191937295,,5,1,val,current_repo_v1
3561,142.44,-0.839549902734078,,5,1,val,current_repo_v1
3562,142.48,-0.9853235558034324,,5,1,val,current_repo_v1
3563,142.52,-1.1111261623353381,,5,1,val,current_repo_v1
3564,142.56,-1.107076000670184,,5,1,val,current_repo_v1
3565,142.6,-1.0955889881896819,,5,1,val,current_repo_v1
3566,142.64,-1.2579920977525993,,5,1,val,current_repo_v1
3567,142.68,-1.669895167904955,,5,1,val,current_repo_v1
3568,142.72,-1.812948387224037,,5,1,val,current_repo_v1
3569,142.76,-1.807708705936393,,5,1,val,current_repo_v1
3570,142.8,-1.5455573410581855,,5,1,val,current_repo_v1
3571,142.84,-1.4795520570144376,,5,1,val,current_repo_v1
3572,142.88,-1.4504095219846684,,5,1,val,current_repo_v1
3573,142.92,-0.8701783346348777,,5,1,val,current_repo_v1
3574,142.96,-0.710895330212628,,5,1,val,current_repo_v1
3575,143.0,-0.5221891695519317,,5,1,val,current_repo_v1
3576,143.04,-0.3565931087419666,,5,1,val,current_repo_v1
3577,143.08,-0.6838731898254125,,5,1,val,current_repo_v1
3578,143.12,-0.7471039375612286,,5,1,val,current_repo_v1
3579,143.16,-1.2033981153484536,,5,1,val,current_repo_v1
3580,143.2,-1.5716450868943552,,5,1,val,current_repo_v1
3581,143.24,-1.552445472438512,,5,1,val,current_repo_v1
3582,143.28,-1.1028909509338911,,5,1,val,current_repo_v1
3583,143.32,-1.0708858094720728,,5,1,val,current_repo_v1
3584,143.36,-1.2672488734840746,,5,1,val,current_repo_v1
3585,143.4,-0.9130896022659887,,5,1,val,current_repo_v1
3586,143.44,-0.7417795419813339,,5,1,val,current_repo_v1
3587,143.48,-1.0812938810825783,,5,1,val,current_repo_v1
3588,143.52,-1.247822044655973,,5,1,val,current_repo_v1
3589,143.56,-1.001198932321629,,5,1,val,current_repo_v1
3590,143.6,-0.5608614895129845,,5,1,val,current_repo_v1
3591,143.64,-0.703506852485898,,5,1,val,current_repo_v1
3592,143.68,-0.8533589053178231,,5,1,val,current_repo_v1
3593,143.72,-0.79382751204273,,5,1,val,current_repo_v1
3594,143.76,-0.6363639823640395,,5,1,val,current_repo_v1
3595,143.8,-0.6149521380618695,,5,1,val,current_repo_v1
3596,143.84,-0.5075517675944013,,5,1,val,current_repo_v1
3597,143.88,-0.4266907069730994,,5,1,val,current_repo_v1
3598,143.92,-0.4722482117304003,,5,1,val,current_repo_v1
3599,143.96,-0.1531194053269493,,5,1,val,current_repo_v1
3600,144.0,0.0035154359467051348,,5,1,val,current_repo_v1
3601,144.04,0.1606958710253957,,5,1,val,current_repo_v1
3602,144.08,0.1105010363381752,,5,1,val,current_repo_v1
3603,144.12,0.40797629669547963,,5,1,val,current_repo_v1
3604,144.16,0.6018030066125439,,5,1,val,current_repo_v1
3605,144.2,0.6116766006110724,,5,1,val,current_repo_v1
3606,144.24,0.5507225392482953,,5,1,val,current_repo_v1
3607,144.28,0.7324178351168489,,5,1,val,current_repo_v1
3608,144.32,0.8332598460720847,,5,1,val,current_repo_v1
3609,144.36,0.8270589235784593,,5,1,val,current_repo_v1
3610,144.4,0.8602117595387679,,5,1,val,current_repo_v1
3611,144.44,0.951454618062544,,5,1,val,current_repo_v1
3612,144.48,1.0810728054271495,,5,1,val,current_repo_v1
3613,144.52,0.8484703586328406,,5,1,val,current_repo_v1
3614,144.56,0.9084258963160905,,5,1,val,current_repo_v1
3615,144.6,0.9319515054466379,,5,1,val,current_repo_v1
3616,144.64,0.8527384856702296,,5,1,val,current_repo_v1
3617,144.68,0.8924323290365317,,5,1,val,current_repo_v1
3618,144.72,1.0279321437700577,,5,1,val,current_repo_v1
3619,144.76,1.0865992057155218,,5,1,val,current_repo_v1
3620,144.8,1.0463933115160609,,5,1,val,current_repo_v1
3621,144.84,0.8539802253105515,,5,1,val,current_repo_v1
3622,144.88,1.021406687780033,,5,1,val,current_repo_v1
3623,144.92,1.166549280759289,,5,1,val,current_repo_v1
3624,144.96,1.0525091923192047,,5,1,val,current_repo_v1
3625,145.0,0.9059172073716658,,5,1,val,current_repo_v1
3626,145.04,0.9246592827997984,,5,1,val,current_repo_v1
3627,145.08,0.5633454598909747,,5,1,val,current_repo_v1
3628,145.12,0.2803478720792906,,5,1,val,current_repo_v1
3629,145.16,0.10046014184364656,,5,1,val,current_repo_v1
3630,145.2,0.10802619218587184,,5,1,val,current_repo_v1
3631,145.24,0.12368094322120735,,5,1,val,current_repo_v1
3632,145.28,0.04237890276084288,,5,1,val,current_repo_v1
3633,145.32,-0.02766155169000102,,5,1,val,current_repo_v1
3634,145.36,-0.1921565083044152,,5,1,val,current_repo_v1
3635,145.4,-0.26235504750261857,,5,1,val,current_repo_v1
3636,145.44,-0.3724369322556584,,5,1,val,current_repo_v1
3637,145.48,-0.5751489436864402,,5,1,val,current_repo_v1
3638,145.52,-0.5747092478623146,,5,1,val,current_repo_v1
3639,145.56,-0.4601704500669816,,5,1,val,current_repo_v1
3640,145.6,-0.7648193739867536,,5,1,val,current_repo_v1
3641,145.64,-1.0076891111522723,,5,1,val,current_repo_v1
3642,145.68,-1.0569754771358582,,5,1,val,current_repo_v1
3643,145.72,-1.1896708804728808,,5,1,val,current_repo_v1
3644,145.76,-0.9207765034802022,,5,1,val,current_repo_v1
3645,145.8,-0.4534938588686083,,5,1,val,current_repo_v1
3646,145.84,-0.02689735306306009,,5,1,val,current_repo_v1
3647,145.88,0.18521969689962878,,5,1,val,current_repo_v1
3648,145.92,0.04419681213161049,,5,1,val,current_repo_v1
3649,145.96,0.2582272310695683,,5,1,val,current_repo_v1
3650,146.0,0.4634543770974461,,5,1,val,current_repo_v1
3651,146.04,0.3372156965843443,,5,1,val,current_repo_v1
3652,146.08,0.28106876205899767,,5,1,val,current_repo_v1
3653,146.12,-0.09908281841094485,,5,1,val,current_repo_v1
3654,146.16,-0.24353814111633137,,5,1,val,current_repo_v1
3655,146.2,-0.2477806697045403,,5,1,val,current_repo_v1
3656,146.24,0.2126726524339562,,5,1,val,current_repo_v1
3657,146.28,0.5456889960717942,,5,1,val,current_repo_v1
3658,146.32,0.8108572947231508,,5,1,val,current_repo_v1
3659,146.36,0.46898867586813936,,5,1,val,current_repo_v1
3660,146.4,0.4760112451470374,,5,1,val,current_repo_v1
3661,146.44,0.23695647494253547,,5,1,val,current_repo_v1
3662,146.48,0.21033725946563533,,5,1,val,current_repo_v1
3663,146.52,0.21062886897743793,,5,1,val,current_repo_v1
3664,146.56,0.31997973486800163,,5,1,val,current_repo_v1
3665,146.6,0.2660442730805726,,5,1,val,current_repo_v1
3666,146.64,0.3892604131258207,,5,1,val,current_repo_v1
3667,146.68,0.5622222793350248,,5,1,val,current_repo_v1
3668,146.72,0.4814039032580789,,5,1,val,current_repo_v1
3669,146.76,0.19883987255369065,,5,1,val,current_repo_v1
3670,146.8,-0.018527181972111072,,5,1,val,current_repo_v1
3671,146.84,-0.10729936811322936,,5,1,val,current_repo_v1
3672,146.88,0.06161636240594156,,5,1,val,current_repo_v1
3673,146.92,-0.08922995281291148,,5,1,val,current_repo_v1
3674,146.96,-0.09407876153761598,,5,1,val,current_repo_v1
3675,147.0,-0.17760500745772245,,5,1,val,current_repo_v1
3676,147.04,-0.33950998061229526,,5,1,val,current_repo_v1
3677,147.08,-0.4045372238283379,,5,1,val,current_repo_v1
3678,147.12,-0.7106040276366669,,5,1,val,current_repo_v1
3679,147.16,-0.6738150250742028,,5,1,val,current_repo_v1
3680,147.2,-0.6885064477398349,,5,1,val,current_repo_v1
3681,147.24,-0.6333188514182523,,5,1,val,current_repo_v1
3682,147.28,-0.6403310667280975,,5,1,val,current_repo_v1
3683,147.32,-0.6224628171782906,,5,1,val,current_repo_v1
3684,147.36,-0.7919939182504624,,5,1,val,current_repo_v1
3685,147.4,-0.759831134540456,,5,1,val,current_repo_v1
3686,147.44,-0.6751871919847675,,5,1,val,current_repo_v1
3687,147.48,-0.6296826848160967,,5,1,val,current_repo_v1
3688,147.52,-0.5601176816571131,,5,1,val,current_repo_v1
3689,147.56,-0.6488565985108128,,5,1,val,current_repo_v1
3690,147.6,-0.6504172649528297,,5,1,val,current_repo_v1
3691,147.64,-0.6552694295094011,,5,1,val,current_repo_v1
3692,147.68,-0.6932149253978114,,5,1,val,current_repo_v1
3693,147.72,-0.6308833359784382,,5,1,val,current_repo_v1
3694,147.76,-0.7386099997077971,,5,1,val,current_repo_v1
3695,147.8,-0.8596788370683879,,5,1,val,current_repo_v1
3696,147.84,-0.8978109908732014,,5,1,val,current_repo_v1
3697,147.88,-1.0008259438870535,,5,1,val,current_repo_v1
3698,147.92,-0.732310448497107,,5,1,val,current_repo_v1
3699,147.96,-1.0545862885457191,,5,1,val,current_repo_v1
3700,148.0,-1.0153672544638088,,5,1,val,current_repo_v1
3701,148.04,-0.9807840156326108,,5,1,val,current_repo_v1
3702,148.08,-0.9530245744293633,,5,1,val,current_repo_v1
3703,148.12,-0.9243009454360563,,5,1,val,current_repo_v1
3704,148.16,-1.1134259712084358,,5,1,val,current_repo_v1
3705,148.2,-1.145051003324156,,5,1,val,current_repo_v1
3706,148.24,-1.2052660859549678,,5,1,val,current_repo_v1
3707,148.28,-1.1192805882233057,,5,1,val,current_repo_v1
3708,148.32,-1.1378686227837902,,5,1,val,current_repo_v1
3709,148.36,-1.0219039238432428,,5,1,val,current_repo_v1
3710,148.4,-0.9785383093171726,,5,1,val,current_repo_v1
3711,148.44,-0.9608926905643912,,5,1,val,current_repo_v1
3712,148.48,-1.0034409554069694,,5,1,val,current_repo_v1
3713,148.52,-1.0038565056115647,,5,1,val,current_repo_v1
3714,148.56,-0.9892886757781049,,5,1,val,current_repo_v1
3715,148.6,-1.0269497853781822,,5,1,val,current_repo_v1
3716,148.64,-1.0599696976567372,,5,1,val,current_repo_v1
3717,148.68,-1.2088603455835656,,5,1,val,current_repo_v1
3718,148.72,-1.2517800437191227,,5,1,val,current_repo_v1
3719,148.76,-1.268440766743739,,5,1,val,current_repo_v1
3720,148.8,-1.0973417146189122,,5,1,val,current_repo_v1
3721,148.84,-1.1518396056422828,,5,1,val,current_repo_v1
3722,148.88,-1.1120388667535854,,5,1,val,current_repo_v1
3723,148.92,-1.1690002657655139,,5,1,val,current_repo_v1
3724,148.96,-1.1605571564874329,,5,1,val,current_repo_v1
3725,149.0,-1.2905227952246021,,5,1,val,current_repo_v1
3726,149.04,-1.2708148950152556,,5,1,val,current_repo_v1
3727,149.08,-1.2760025199841833,,5,1,val,current_repo_v1
3728,149.12,-1.3465202519951442,,5,1,val,current_repo_v1
3729,149.16,-1.4872410044675943,,5,1,val,current_repo_v1
3730,149.2,-1.471179665754235,,5,1,val,current_repo_v1
3731,149.24,-1.3744262857562863,,5,1,val,current_repo_v1
3732,149.28,-1.4090273677910694,,5,1,val,current_repo_v1
3733,149.32,-1.5531847376439294,,5,1,val,current_repo_v1
3734,149.36,-1.7209525946187025,,5,1,val,current_repo_v1
3735,149.4,-1.826954156144565,,5,1,val,current_repo_v1
3736,149.44,-1.8894793606927485,,5,1,val,current_repo_v1
3737,149.48,-1.847451904586006,,5,1,val,current_repo_v1
3738,149.52,-1.580469942509689,,5,1,val,current_repo_v1
3739,149.56,-1.5608560055926166,,5,1,val,current_repo_v1
3740,149.6,-1.5219565121840843,,5,1,val,current_repo_v1
3741,149.64,-1.5075496804306794,,5,1,val,current_repo_v1
3742,149.68,-1.4100314981653013,,5,1,val,current_repo_v1
3743,149.72,-1.298124163650988,,5,1,val,current_repo_v1
3744,149.76,-1.3091483987320849,,5,1,val,current_repo_v1
3745,149.8,-1.4219247300008178,,5,1,val,current_repo_v1
3746,149.84,-1.4175736075118905,,5,1,val,current_repo_v1
3747,149.88,-1.2557492561716816,,5,1,val,current_repo_v1
3748,149.92,-1.1469098886297622,,5,1,val,current_repo_v1
3749,149.96,-1.2853956570788367,,5,1,val,current_repo_v1
3750,150.0,-1.4515726042000119,,5,1,val,current_repo_v1
3751,150.04,-1.564872035992197,,5,1,val,current_repo_v1
3752,150.08,-1.3875533178250248,,5,1,val,current_repo_v1
3753,150.12,-1.3746819837746347,,5,1,val,current_repo_v1
3754,150.16,-1.47859572678192,,5,1,val,current_repo_v1
3755,150.2,-1.44537119060904,,5,1,val,current_repo_v1
3756,150.24,-1.4306238646954783,,5,1,val,current_repo_v1
3757,150.28,-1.2044916254397264,,5,1,val,current_repo_v1
3758,150.32,-1.3463261048442088,,5,1,val,current_repo_v1
3759,150.36,-1.244867111922804,,5,1,val,current_repo_v1
3760,150.4,-1.3150802817294518,,5,1,val,current_repo_v1
3761,150.44,-1.5293645519551118,,5,1,val,current_repo_v1
3762,150.48,-1.4910249095214527,,5,1,val,current_repo_v1
3763,150.52,-1.5678002857695459,,5,1,val,current_repo_v1
3764,150.56,-1.4746600726480303,,5,1,val,current_repo_v1
3765,150.6,-1.7117608892856229,,5,1,val,current_repo_v1
3766,150.64,-1.805274663788618,,5,1,val,current_repo_v1
3767,150.68,-1.6926681703521749,,5,1,val,current_repo_v1
3768,150.72,-1.486569674395093,,5,1,val,current_repo_v1
3769,150.76,-1.4230359195965603,,5,1,val,current_repo_v1
3770,150.8,-1.6352942495692873,,5,1,val,current_repo_v1
3771,150.84,-1.3521199894872429,,5,1,val,current_repo_v1
3772,150.88,-1.221083758534965,,5,1,val,current_repo_v1
3773,150.92,-1.198448999990751,,5,1,val,current_repo_v1
3774,150.96,-1.0723147390509233,,5,1,val,current_repo_v1
3775,151.0,-0.9191521990070503,,5,1,val,current_repo_v1
3776,151.04,-0.73559515309837,,5,1,val,current_repo_v1
3777,151.08,-0.7522913169814832,,5,1,val,current_repo_v1
3778,151.12,-0.46703435397822,,5,1,val,current_repo_v1
3779,151.16,-0.4141776693616725,,5,1,val,current_repo_v1
3780,151.2,-0.4648470063974433,,5,1,val,current_repo_v1
3781,151.24,-0.003900870629653095,,5,1,val,current_repo_v1
3782,151.28,-0.3856366876564401,,5,1,val,current_repo_v1
3783,151.32,-0.4474772615789909,,5,1,val,current_repo_v1
3784,151.36,-0.3434136520315019,,5,1,val,current_repo_v1
3785,151.4,-0.42016295919545815,,5,1,val,current_repo_v1
3786,151.44,-0.2929183885426334,,5,1,val,current_repo_v1
3787,151.48,-0.1676106853615422,,5,1,val,current_repo_v1
3788,151.52,-0.14789703522076503,,5,1,val,current_repo_v1
3789,151.56,-0.05537711897250649,,5,1,val,current_repo_v1
3790,151.6,0.04641358462839114,,5,1,val,current_repo_v1
3791,151.64,0.09042454710798092,,5,1,val,current_repo_v1
3792,151.68,-0.06423536920739426,,5,1,val,current_repo_v1
3793,151.72,-0.07499570596757758,,5,1,val,current_repo_v1
3794,151.76,-0.10276387949551534,,5,1,val,current_repo_v1
3795,151.8,0.03139942915662952,,5,1,val,current_repo_v1
3796,151.84,0.07038030148793492,,5,1,val,current_repo_v1
3797,151.88,-0.050525895685848955,,5,1,val,current_repo_v1
3798,151.92,0.02051779646748768,,5,1,val,current_repo_v1
3799,151.96,0.11192442060948946,,5,1,val,current_repo_v1
3800,152.0,0.0403288271195741,,5,1,val,current_repo_v1
3801,152.04,0.0503749804481869,,5,1,val,current_repo_v1
3802,152.08,0.19922524073387296,,5,1,val,current_repo_v1
3803,152.12,0.3121538940295413,,5,1,val,current_repo_v1
3804,152.16,0.19443857628587496,,5,1,val,current_repo_v1
3805,152.2,-0.3774322926134785,,5,1,val,current_repo_v1
3806,152.24,-0.9453107447106565,,5,1,val,current_repo_v1
3807,152.28,-1.296215513814282,,5,1,val,current_repo_v1
3808,152.32,-1.0548739078915823,,5,1,val,current_repo_v1
3809,152.36,-0.8994496190189561,,5,1,val,current_repo_v1
3810,152.4,-0.8639242917782856,,5,1,val,current_repo_v1
3811,152.44,-0.5708869962906599,,5,1,val,current_repo_v1
3812,152.48,0.16108050255955844,,5,1,val,current_repo_v1
3813,152.52,0.3412881213292008,,5,1,val,current_repo_v1
3814,152.56,0.2073096647875918,,5,1,val,current_repo_v1
3815,152.6,0.05819040593042608,,5,1,val,current_repo_v1
3816,152.64,-0.6042639772648121,,5,1,val,current_repo_v1
3817,152.68,-0.8746083600974567,,5,1,val,current_repo_v1
3818,152.72,-0.9205185136742373,,5,1,val,current_repo_v1
3819,152.76,-0.8316848968822439,,5,1,val,current_repo_v1
3820,152.8,-0.8845997356095586,,5,1,val,current_repo_v1
3821,152.84,-0.6948815460923098,,5,1,val,current_repo_v1
3822,152.88,-0.43007043891088687,,5,1,val,current_repo_v1
3823,152.92,-0.11630607298344994,,5,1,val,current_repo_v1
3824,152.96,0.19459984037699252,,5,1,val,current_repo_v1
3825,153.0,0.30361137846359704,,5,1,val,current_repo_v1
3826,153.04,0.44403732929149303,,5,1,val,current_repo_v1
3827,153.08,0.5866383298041168,,5,1,val,current_repo_v1
3828,153.12,1.0007089808690572,,5,1,val,current_repo_v1
3829,153.16,0.9989694322186214,,5,1,val,current_repo_v1
3830,153.2,0.9687942013189729,,5,1,val,current_repo_v1
3831,153.24,0.9554449477009973,,5,1,val,current_repo_v1
3832,153.28,0.7178953499383713,,5,1,val,current_repo_v1
3833,153.32,0.5502491214063849,,5,1,val,current_repo_v1
3834,153.36,0.4380317407673904,,5,1,val,current_repo_v1
3835,153.4,0.5221802479501392,,5,1,val,current_repo_v1
3836,153.44,0.5480274379361405,,5,1,val,current_repo_v1
3837,153.48,0.583202940167073,,5,1,val,current_repo_v1
3838,153.52,0.5255725028702594,,5,1,val,current_repo_v1
3839,153.56,0.4604245929437333,,5,1,val,current_repo_v1
3840,153.6,0.40483593378927357,,5,1,val,current_repo_v1
3841,153.64,0.14494981680841237,,5,1,val,current_repo_v1
3842,153.68,0.30007310393248654,,5,1,val,current_repo_v1
3843,153.72,0.33943013636872965,,5,1,val,current_repo_v1
3844,153.76,0.6640707124521088,,5,1,val,current_repo_v1
3845,153.8,0.7370869431375571,,5,1,val,current_repo_v1
3846,153.84,0.656544236371046,,5,1,val,current_repo_v1
3847,153.88,0.5409194586437512,,5,1,val,current_repo_v1
3848,153.92,0.2189692979853468,,5,1,val,current_repo_v1
3849,153.96,0.024993903231068586,,5,1,val,current_repo_v1
3850,154.0,0.31339055899728396,,5,1,val,current_repo_v1
3851,154.04,0.4948790005710644,,5,1,val,current_repo_v1
3852,154.08,0.405842274101564,,5,1,val,current_repo_v1
3853,154.12,0.32897487848819285,,5,1,val,current_repo_v1
3854,154.16,0.626064770665315,,5,1,val,current_repo_v1
3855,154.2,0.5160613796381381,,5,1,val,current_repo_v1
3856,154.24,0.2781616499299327,,5,1,val,current_repo_v1
3857,154.28,0.18028834289595358,,5,1,val,current_repo_v1
3858,154.32,0.284134764642006,,5,1,val,current_repo_v1
3859,154.36,0.32088625964464035,,5,1,val,current_repo_v1
3860,154.4,0.2599998878661059,,5,1,val,current_repo_v1
3861,154.44,0.32362023949671687,,5,1,val,current_repo_v1
3862,154.48,0.30122137137788085,,5,1,val,current_repo_v1
3863,154.52,0.2177148716635767,,5,1,val,current_repo_v1
3864,154.56,0.09898785246158862,,5,1,val,current_repo_v1
3865,154.6,0.141692531808989,,5,1,val,current_repo_v1
3866,154.64,-0.07084468518491084,,5,1,val,current_repo_v1
3867,154.68,-0.3713891351423777,,5,1,val,current_repo_v1
3868,154.72,-0.0756825874560478,,5,1,val,current_repo_v1
3869,154.76,0.09893945891058074,,5,1,val,current_repo_v1
3870,154.8,0.2604094835153763,,5,1,val,current_repo_v1
3871,154.84,0.38517223234110115,,5,1,val,current_repo_v1
3872,154.88,-0.03277592130476053,,5,1,val,current_repo_v1
3873,154.92,-0.30407659088734496,,5,1,val,current_repo_v1
3874,154.96,-0.44113232478853964,,5,1,val,current_repo_v1
3875,155.0,-0.6688970125484376,,5,1,val,current_repo_v1
3876,155.04,-1.0879291791790768,,5,1,val,current_repo_v1
3877,155.08,-0.7217850046208167,,5,1,val,current_repo_v1
3878,155.12,-0.5258520191099073,,5,1,val,current_repo_v1
3879,155.16,-0.4103541900466518,,5,1,val,current_repo_v1
3880,155.2,-0.5731558251061568,,5,1,val,current_repo_v1
3881,155.24,-0.4891015267643552,,5,1,val,current_repo_v1
3882,155.28,-0.4723777795802869,,5,1,val,current_repo_v1
3883,155.32,-0.2900290173052064,,5,1,val,current_repo_v1
3884,155.36,-0.4091668394374414,,5,1,val,current_repo_v1
3885,155.4,-0.363152941546238,,5,1,val,current_repo_v1
3886,155.44,-0.399560607019238,,5,1,val,current_repo_v1
3887,155.48,-0.5067128914772265,,5,1,val,current_repo_v1
3888,155.52,-0.5707870989054504,,5,1,val,current_repo_v1
3889,155.56,-0.4821283946183261,,5,1,val,current_repo_v1
3890,155.6,-0.3708028467603577,,5,1,val,current_repo_v1
3891,155.64,-0.43006233580467157,,5,1,val,current_repo_v1
3892,155.68,-0.5784754734117032,,5,1,val,current_repo_v1
3893,155.72,-0.3983364241090491,,5,1,val,current_repo_v1
3894,155.76,-0.22410419137670712,,5,1,val,current_repo_v1
3895,155.8,0.18370505037144558,,5,1,val,current_repo_v1
3896,155.84,0.3080860528599177,,5,1,val,current_repo_v1
3897,155.88,-0.08266507091404757,,5,1,val,current_repo_v1
3898,155.92,-0.4574834927858209,,5,1,val,current_repo_v1
3899,155.96,-0.49443521226905224,,5,1,val,current_repo_v1
3900,156.0,-0.7996344107654432,,5,1,val,current_repo_v1
3901,156.04,-0.9994647038924458,,5,1,val,current_repo_v1
3902,156.08,-1.2104592766938214,,5,1,val,current_repo_v1
3903,156.12,-0.859957371113343,,5,1,val,current_repo_v1
3904,156.16,-0.5932782114758482,,5,1,val,current_repo_v1
3905,156.2,-0.8619977987379944,,5,1,val,current_repo_v1
3906,156.24,-1.1014130753195182,,5,1,val,current_repo_v1
3907,156.28,-0.7484032174406348,,5,1,val,current_repo_v1
3908,156.32,-0.607432864741887,,5,1,val,current_repo_v1
3909,156.36,-0.4280075845074175,,5,1,val,current_repo_v1
3910,156.4,-0.3555588577304902,,5,1,val,current_repo_v1
3911,156.44,-0.488752356551079,,5,1,val,current_repo_v1
3912,156.48,-0.6907487163738485,,5,1,val,current_repo_v1
3913,156.52,-0.7047375424359263,,5,1,val,current_repo_v1
3914,156.56,-0.8740350039455579,,5,1,val,current_repo_v1
3915,156.6,-0.9324494781558672,,5,1,val,current_repo_v1
3916,156.64,-0.7513970287137252,,5,1,val,current_repo_v1
3917,156.68,-0.6506775465464111,,5,1,val,current_repo_v1
3918,156.72,-0.5646306207216725,,5,1,val,current_repo_v1
3919,156.76,-0.20963775268288526,,5,1,val,current_repo_v1
3920,156.8,-0.10426903147500188,,5,1,val,current_repo_v1
3921,156.84,-0.19245137133613754,,5,1,val,current_repo_v1
3922,156.88,-0.22525010564731665,,5,1,val,current_repo_v1
3923,156.92,-0.13636085161845632,,5,1,val,current_repo_v1
3924,156.96,-0.0034691551374061718,,5,1,val,current_repo_v1
3925,157.0,-0.09239503428555199,,5,1,val,current_repo_v1
3926,157.04,-0.2857319973739388,,5,1,val,current_repo_v1
3927,157.08,-0.44387624936188036,,5,1,val,current_repo_v1
3928,157.12,-0.285745727637248,,5,1,val,current_repo_v1
3929,157.16,-0.61409468209509,,5,1,val,current_repo_v1
3930,157.2,-0.6767046827850818,,5,1,val,current_repo_v1
3931,157.24,-0.5097447218698826,,5,1,val,current_repo_v1
3932,157.28,-0.5545182715632455,,5,1,val,current_repo_v1
3933,157.32,-0.47026192758818736,,5,1,val,current_repo_v1
3934,157.36,-0.37100227320776685,,5,1,val,current_repo_v1
3935,157.4,-0.2654811071986113,,5,1,val,current_repo_v1
3936,157.44,-0.465363968204066,,5,1,val,current_repo_v1
3937,157.48,-0.4487242395910076,,5,1,val,current_repo_v1
3938,157.52,-0.40321854560374976,,5,1,val,current_repo_v1
3939,157.56,-0.23079134116802758,,5,1,val,current_repo_v1
3940,157.6,-0.11438015289006287,,5,1,val,current_repo_v1
3941,157.64,-0.23204767049201488,,5,1,val,current_repo_v1
3942,157.68,-0.26024991780258167,,5,1,val,current_repo_v1
3943,157.72,-0.07388061828664812,,5,1,val,current_repo_v1
3944,157.76,-0.12144853745890027,,5,1,val,current_repo_v1
3945,157.8,-0.1278726432340659,,5,1,val,current_repo_v1
3946,157.84,-0.08474822400783398,,5,1,val,current_repo_v1
3947,157.88,-0.0333241394112414,,5,1,val,current_repo_v1
3948,157.92,-0.02096498919954161,,5,1,val,current_repo_v1
3949,157.96,-0.0005302649175525305,,5,1,val,current_repo_v1
3950,158.0,-0.20894154034483384,,5,1,val,current_repo_v1
3951,158.04,-0.33392530343881915,,5,1,val,current_repo_v1
3952,158.08,-0.27667350219606457,,5,1,val,current_repo_v1
3953,158.12,-0.24964532540396644,,5,1,val,current_repo_v1
3954,158.16,-0.18182371782463191,,5,1,val,current_repo_v1
3955,158.2,-0.3153627445531779,,5,1,val,current_repo_v1
3956,158.24,-0.38583189885162616,,5,1,val,current_repo_v1
3957,158.28,-0.11498823371682852,,5,1,val,current_repo_v1
3958,158.32,-0.29453831406444686,,5,1,val,current_repo_v1
3959,158.36,-0.30491861821249244,,5,1,val,current_repo_v1
3960,158.4,-0.36175241376391987,,5,1,val,current_repo_v1
3961,158.44,-0.4723992241644122,,5,1,val,current_repo_v1
3962,158.48,-0.5571099968839873,,5,1,val,current_repo_v1
3963,158.52,-0.6172695445898793,,5,1,val,current_repo_v1
3964,158.56,-0.5039389281161989,,5,1,val,current_repo_v1
3965,158.6,-0.7695684490253641,,5,1,val,current_repo_v1
3966,158.64,-0.6910938759587959,,5,1,val,current_repo_v1
3967,158.68,-0.693279586548418,,5,1,val,current_repo_v1
3968,158.72,-0.785917325235029,,5,1,val,current_repo_v1
3969,158.76,-0.5463553742460531,,5,1,val,current_repo_v1
3970,158.8,-0.4960281683615937,,5,1,val,current_repo_v1
3971,158.84,-0.5559720015580882,,5,1,val,current_repo_v1
3972,158.88,-0.26998342628305527,,5,1,val,current_repo_v1
3973,158.92,-0.2059247293460212,,5,1,val,current_repo_v1
3974,158.96,-0.13793506416227755,,5,1,val,current_repo_v1
3975,159.0,-0.4680947149986122,,5,1,val,current_repo_v1
3976,159.04,-0.5307253008523731,,5,1,val,current_repo_v1
3977,159.08,-0.5664588533679088,,5,1,val,current_repo_v1
3978,159.12,-0.4458985063847157,,5,1,val,current_repo_v1
3979,159.16,-0.36030809646821615,,5,1,val,current_repo_v1
3980,159.2,-0.5390427301345598,,5,1,val,current_repo_v1
3981,159.24,-0.6771826432774462,,5,1,val,current_repo_v1
3982,159.28,-0.5910447007445118,,5,1,val,current_repo_v1
3983,159.32,-0.6390411995478303,,5,1,val,current_repo_v1
3984,159.36,-0.5965225642451503,,5,1,val,current_repo_v1
3985,159.4,-0.2871332618022765,,5,1,val,current_repo_v1
3986,159.44,-0.4429696836604628,,5,1,val,current_repo_v1
3987,159.48,-0.686702974584812,,5,1,val,current_repo_v1
3988,159.52,-0.6822714758301939,,5,1,val,current_repo_v1
3989,159.56,-0.8081516757428278,,5,1,val,current_repo_v1
3990,159.6,-0.7994800424995644,,5,1,val,current_repo_v1
3991,159.64,-0.9977731190828397,,5,1,val,current_repo_v1
3992,159.68,-0.6809633152737741,,5,1,val,current_repo_v1
3993,159.72,-0.2793143986386127,,5,1,val,current_repo_v1
3994,159.76,-0.5452626008007997,,5,1,val,current_repo_v1
3995,159.8,-0.3956504080978024,,5,1,val,current_repo_v1
3996,159.84,-0.49046898732535044,,5,1,val,current_repo_v1
3997,159.88,-0.7985501496741937,,5,1,val,current_repo_v1
3998,159.92,-0.5823856723331389,,5,1,val,current_repo_v1
3999,159.96,-0.630608116840571,,5,1,val,current_repo_v1
4000,160.0,-0.4372900610000199,,5,1,val,current_repo_v1
4001,160.04,-0.6098818853587266,,5,1,val,current_repo_v1
4002,160.08,-0.5572469721188485,,5,1,val,current_repo_v1
4003,160.12,-0.5853471121061471,,5,1,val,current_repo_v1
4004,160.16,-0.5495562649002004,,5,1,val,current_repo_v1
4005,160.2,-0.4281136615342356,,5,1,val,current_repo_v1
4006,160.24,-0.6095742128712195,,5,1,val,current_repo_v1
4007,160.28,-0.7225846747998389,,5,1,val,current_repo_v1
4008,160.32,-0.7927836027834415,,5,1,val,current_repo_v1
4009,160.36,-0.8808042897680605,,5,1,val,current_repo_v1
4010,160.4,-0.6473105012900718,,5,1,val,current_repo_v1
4011,160.44,-0.6479004729021897,,5,1,val,current_repo_v1
4012,160.48,-0.571941013970328,,5,1,val,current_repo_v1
4013,160.52,-0.920546506222981,,5,1,val,current_repo_v1
4014,160.56,-0.9378191365411866,,5,1,val,current_repo_v1
4015,160.6,-0.9257901162893961,,5,1,val,current_repo_v1
4016,160.64,-0.8411634030656097,,5,1,val,current_repo_v1
4017,160.68,-0.8984166776004034,,5,1,val,current_repo_v1
4018,160.72,-0.8775036245030402,,5,1,val,current_repo_v1
4019,160.76,-1.0265361177134147,,5,1,val,current_repo_v1
4020,160.8,-0.7160007782255949,,5,1,val,current_repo_v1
4021,160.84,-0.5185863157197723,,5,1,val,current_repo_v1
4022,160.88,-0.7348406638752147,,5,1,val,current_repo_v1
4023,160.92,-0.800822538945452,,5,1,val,current_repo_v1
4024,160.96,-0.9827444762393599,,5,1,val,current_repo_v1
4025,161.0,-0.8969225957735999,,5,1,val,current_repo_v1
4026,161.04,-0.9891382362909971,,5,1,val,current_repo_v1
4027,161.08,-0.8475841734712979,,5,1,val,current_repo_v1
4028,161.12,-0.7119638761887932,,5,1,val,current_repo_v1
4029,161.16,-0.7857489606947783,,5,1,val,current_repo_v1
4030,161.2,-0.9781040974134149,,5,1,val,current_repo_v1
4031,161.24,-0.9063182702045428,,5,1,val,current_repo_v1
4032,161.28,-0.780181635627541,,5,1,val,current_repo_v1
4033,161.32,-0.8659387730931365,,5,1,val,current_repo_v1
4034,161.36,-0.9364019114490916,,5,1,val,current_repo_v1
4035,161.4,-0.9152457651652702,,5,1,val,current_repo_v1
4036,161.44,-0.8065311363493313,,5,1,val,current_repo_v1
4037,161.48,-0.9195702865479352,,5,1,val,current_repo_v1
4038,161.52,-0.9243462900910389,,5,1,val,current_repo_v1
4039,161.56,-0.972130389292048,,5,1,val,current_repo_v1
4040,161.6,-0.7770664414603369,,5,1,val,current_repo_v1
4041,161.64,-0.793033571332749,,5,1,val,current_repo_v1
4042,161.68,-0.630312885485839,,5,1,val,current_repo_v1
4043,161.72,-0.6755350116803411,,5,1,val,current_repo_v1
4044,161.76,-0.5737331918863843,,5,1,val,current_repo_v1
4045,161.8,-0.7471531291454243,,5,1,val,current_repo_v1
4046,161.84,-0.6911979067466708,,5,1,val,current_repo_v1
4047,161.88,-0.8710669752831524,,5,1,val,current_repo_v1
4048,161.92,-0.8465762780174105,,5,1,val,current_repo_v1
4049,161.96,-0.5542203391731083,,5,1,val,current_repo_v1
4050,162.0,-0.7346142679985336,,5,1,val,current_repo_v1
4051,162.04,-0.8939354961642433,,5,1,val,current_repo_v1
4052,162.08,-0.857498201151345,,5,1,val,current_repo_v1
4053,162.12,-0.8575424817620769,,5,1,val,current_repo_v1
4054,162.16,-0.8764821420225697,,5,1,val,current_repo_v1
4055,162.2,-0.8400567970451001,,5,1,val,current_repo_v1
4056,162.24,-0.7373369116868645,,5,1,val,current_repo_v1
4057,162.28,-0.9578044249016803,,5,1,val,current_repo_v1
4058,162.32,-0.9692754767184253,,5,1,val,current_repo_v1
4059,162.36,-0.9865701245676604,,5,1,val,current_repo_v1
4060,162.4,-1.0517502832199321,,5,1,val,current_repo_v1
4061,162.44,-1.1177862608478288,,5,1,val,current_repo_v1
4062,162.48,-0.9231101980702002,,5,1,val,current_repo_v1
4063,162.52,-1.0594567464784432,,5,1,val,current_repo_v1
4064,162.56,-1.1420653770068385,,5,1,val,current_repo_v1
4065,162.6,-0.8498302071849669,,5,1,val,current_repo_v1
4066,162.64,-0.8612870990282248,,5,1,val,current_repo_v1
4067,162.68,-0.9286723666153006,,5,1,val,current_repo_v1
4068,162.72,-0.9048678960415671,,5,1,val,current_repo_v1
4069,162.76,-0.8738745788124072,,5,1,val,current_repo_v1
4070,162.8,-0.8389784291220072,,5,1,val,current_repo_v1
4071,162.84,-0.8652190699320166,,5,1,val,current_repo_v1
4072,162.88,-0.9564438397035343,,5,1,val,current_repo_v1
4073,162.92,-0.8698383315720672,,5,1,val,current_repo_v1
4074,162.96,-0.8793258412067834,,5,1,val,current_repo_v1
4075,163.0,-1.0005671355855112,,5,1,val,current_repo_v1
4076,163.04,-1.027583464654128,,5,1,val,current_repo_v1
4077,163.08,-0.9164957716109229,,5,1,val,current_repo_v1
4078,163.12,-0.8973519785534515,,5,1,val,current_repo_v1
4079,163.16,-0.721968347630132,,5,1,val,current_repo_v1
4080,163.2,-0.7445548149352852,,5,1,val,current_repo_v1
4081,163.24,-0.5870078396324889,,5,1,val,current_repo_v1
4082,163.28,-0.7288207926032882,,5,1,val,current_repo_v1
4083,163.32,-0.873438975466168,,5,1,val,current_repo_v1
4084,163.36,-0.9231679838579576,,5,1,val,current_repo_v1
4085,163.4,-0.8936840543228967,,5,1,val,current_repo_v1
4086,163.44,-0.9863925110273863,,5,1,val,current_repo_v1
4087,163.48,-1.0122741596771918,,5,1,val,current_repo_v1
4088,163.52,-0.9317734826585752,,5,1,val,current_repo_v1
4089,163.56,-0.9316870495256122,,5,1,val,current_repo_v1
4090,163.6,-0.8921065677967662,,5,1,val,current_repo_v1
4091,163.64,-0.6789042259499602,,5,1,val,current_repo_v1
4092,163.68,-1.044504878520114,,5,1,val,current_repo_v1
4093,163.72,-0.887442616298195,,5,1,val,current_repo_v1
4094,163.76,-0.8561024206433752,,5,1,val,current_repo_v1
4095,163.8,-0.7705550635942416,,5,1,val,current_repo_v1
4096,163.84,-0.855901807377379,,5,1,val,current_repo_v1
4097,163.88,-0.7751044257119909,,5,1,val,current_repo_v1
4098,163.92,-0.886246957958875,,5,1,val,current_repo_v1
4099,163.96,-1.0034087066812238,,5,1,val,current_repo_v1
4100,164.0,-1.0983602505153043,,5,1,val,current_repo_v1
4101,164.04,-0.9605546518909662,,5,1,val,current_repo_v1
4102,164.08,-0.8251650885117024,,5,1,val,current_repo_v1
4103,164.12,-0.8351352649883524,,5,1,val,current_repo_v1
4104,164.16,-1.0002130543987713,,5,1,val,current_repo_v1
4105,164.2,-1.0745281147910581,,5,1,val,current_repo_v1
4106,164.24,-1.256453735315064,,5,1,val,current_repo_v1
4107,164.28,-0.9134440108509596,,5,1,val,current_repo_v1
4108,164.32,-0.5069360952211562,,5,1,val,current_repo_v1
4109,164.36,-0.13055929357938512,,5,1,val,current_repo_v1
4110,164.4,0.16531758815217829,,5,1,val,current_repo_v1
4111,164.44,0.5921139424419177,,5,1,val,current_repo_v1
4112,164.48,0.4441688615307652,,5,1,val,current_repo_v1
4113,164.52,0.4408899273233222,,5,1,val,current_repo_v1
4114,164.56,0.0923495873186224,,5,1,val,current_repo_v1
4115,164.6,0.14859132409420983,,5,1,val,current_repo_v1
4116,164.64,0.006985120548437873,,5,1,val,current_repo_v1
4117,164.68,0.24427163592792883,,5,1,val,current_repo_v1
4118,164.72,0.2196725289229736,,5,1,val,current_repo_v1
4119,164.76,0.32261107537468475,,5,1,val,current_repo_v1
4120,164.8,0.3914116650516385,,5,1,val,current_repo_v1
4121,164.84,0.5844535195596298,,5,1,val,current_repo_v1
4122,164.88,0.611009199317342,,5,1,val,current_repo_v1
4123,164.92,0.6410707411813036,,5,1,val,current_repo_v1
4124,164.96,0.3510463688384983,,5,1,val,current_repo_v1
4125,165.0,0.2887214296956907,,5,1,val,current_repo_v1
4126,165.04,-0.2931376430454027,,5,1,val,current_repo_v1
4127,165.08,-0.4557328125955338,,5,1,val,current_repo_v1
4128,165.12,-0.5310881808665691,,5,1,val,current_repo_v1
4129,165.16,-0.558945391366525,,5,1,val,current_repo_v1
4130,165.2,-0.5845528030731563,,5,1,val,current_repo_v1
4131,165.24,-0.7500704110820372,,5,1,val,current_repo_v1
4132,165.28,-0.9271777118415929,,5,1,val,current_repo_v1
4133,165.32,-0.924128570267477,,5,1,val,current_repo_v1
4134,165.36,-0.8700669373868072,,5,1,val,current_repo_v1
4135,165.4,-0.7468867088350132,,5,1,val,current_repo_v1
4136,165.44,-0.6412168017170727,,5,1,val,current_repo_v1
4137,165.48,-0.8336112262234197,,5,1,val,current_repo_v1
4138,165.52,-0.8448547362696753,,5,1,val,current_repo_v1
4139,165.56,-0.6945483365427909,,5,1,val,current_repo_v1
4140,165.6,-0.5700467696557825,,5,1,val,current_repo_v1
4141,165.64,-0.5433522321233814,,5,1,val,current_repo_v1
4142,165.68,-0.4937199699088286,,5,1,val,current_repo_v1
4143,165.72,-0.48055868380018,,5,1,val,current_repo_v1
4144,165.76,-0.587840904431065,,5,1,val,current_repo_v1
4145,165.8,-0.4385934742820914,,5,1,val,current_repo_v1
4146,165.84,-0.39373111781859144,,5,1,val,current_repo_v1
4147,165.88,-0.31091152005514694,,5,1,val,current_repo_v1
4148,165.92,-0.3523713085542528,,5,1,val,current_repo_v1
4149,165.96,-0.27853514992424416,,5,1,val,current_repo_v1
4150,166.0,-0.3796460366766231,,5,1,val,current_repo_v1
4151,166.04,-0.36082694081466665,,5,1,val,current_repo_v1
4152,166.08,-0.3319476748873361,,5,1,val,current_repo_v1
4153,166.12,-0.6121875055504231,,5,1,val,current_repo_v1
4154,166.16,-0.6813321293809055,,5,1,val,current_repo_v1
4155,166.2,-0.516834203162225,,5,1,val,current_repo_v1
4156,166.24,-0.44332712067906976,,5,1,val,current_repo_v1
4157,166.28,-0.18620819400833408,,5,1,val,current_repo_v1
4158,166.32,0.044321591782369885,,5,1,val,current_repo_v1
4159,166.36,-0.0739975813046443,,5,1,val,current_repo_v1
4160,166.4,-0.18534928521190483,,5,1,val,current_repo_v1
4161,166.44,-0.133397611155178,,5,1,val,current_repo_v1
4162,166.48,-0.14844831245446607,,5,1,val,current_repo_v1
4163,166.52,-0.06740288570437725,,5,1,val,current_repo_v1
4164,166.56,-0.1924995602632511,,5,1,val,current_repo_v1
4165,166.6,-0.23000370287399172,,5,1,val,current_repo_v1
4166,166.64,-0.21591442694218974,,5,1,val,current_repo_v1
4167,166.68,-0.1797731613172115,,5,1,val,current_repo_v1
4168,166.72,-0.1446212726836841,,5,1,val,current_repo_v1
4169,166.76,-0.12594377655660058,,5,1,val,current_repo_v1
4170,166.8,-0.2017182145632135,,5,1,val,current_repo_v1
4171,166.84,-0.002767760699230949,,5,1,val,current_repo_v1
4172,166.88,0.0044529049717631315,,5,1,val,current_repo_v1
4173,166.92,-0.16807540668794374,,5,1,val,current_repo_v1
4174,166.96,-0.14244996761622247,,5,1,val,current_repo_v1
4175,167.0,-0.379166480117883,,5,1,val,current_repo_v1
4176,167.04,-0.35103335475881925,,5,1,val,current_repo_v1
4177,167.08,-0.2645039257912622,,5,1,val,current_repo_v1
4178,167.12,-0.27389436185051047,,5,1,val,current_repo_v1
4179,167.16,-0.4158788714943118,,5,1,val,current_repo_v1
4180,167.2,-0.47807872405051854,,5,1,val,current_repo_v1
4181,167.24,-0.3934256143443642,,5,1,val,current_repo_v1
4182,167.28,-0.30845357783651484,,5,1,val,current_repo_v1
4183,167.32,-0.3825960993611069,,5,1,val,current_repo_v1
4184,167.36,-0.3301482123606419,,5,1,val,current_repo_v1
4185,167.4,-0.3261580464213041,,5,1,val,current_repo_v1
4186,167.44,-0.40831048843969125,,5,1,val,current_repo_v1
4187,167.48,-0.45279650063674864,,5,1,val,current_repo_v1
4188,167.52,-0.42033263332863247,,5,1,val,current_repo_v1
4189,167.56,-0.5069671571283149,,5,1,val,current_repo_v1
4190,167.6,-0.5151643494101962,,5,1,val,current_repo_v1
4191,167.64,-0.5010556955956016,,5,1,val,current_repo_v1
4192,167.68,-0.46272153708231045,,5,1,val,current_repo_v1
4193,167.72,-0.311570102059032,,5,1,val,current_repo_v1
4194,167.76,-0.23002443127448682,,5,1,val,current_repo_v1
4195,167.8,-0.401346196045897,,5,1,val,current_repo_v1
4196,167.84,-0.49664588697378204,,5,1,val,current_repo_v1
4197,167.88,-0.43300400890948804,,5,1,val,current_repo_v1
4198,167.92,-0.3988025982651004,,5,1,val,current_repo_v1
4199,167.96,-0.4751361096757882,,5,1,val,current_repo_v1
4200,168.0,-0.5152201708085681,,5,1,val,current_repo_v1
4201,168.04,-0.5650271818288743,,5,1,val,current_repo_v1
4202,168.08,-0.4888102241883941,,5,1,val,current_repo_v1
4203,168.12,-0.4365942579097571,,5,1,val,current_repo_v1
4204,168.16,-0.45777262634850213,,5,1,val,current_repo_v1
4205,168.2,-0.42880541307139075,,5,1,val,current_repo_v1
4206,168.24,-0.4706873406644891,,5,1,val,current_repo_v1
4207,168.28,-0.29682639798839977,,5,1,val,current_repo_v1
4208,168.32,-0.319241738330729,,5,1,val,current_repo_v1
4209,168.36,-0.40015565330393515,,5,1,val,current_repo_v1
4210,168.4,-0.4952098774081879,,5,1,val,current_repo_v1
4211,168.44,-0.4756711602346692,,5,1,val,current_repo_v1
4212,168.48,-0.22705562504128288,,5,1,val,current_repo_v1
4213,168.52,-0.2204219230111601,,5,1,val,current_repo_v1
4214,168.56,-0.4146343080442482,,5,1,val,current_repo_v1
4215,168.6,-0.5890891511112264,,5,1,val,current_repo_v1
4216,168.64,-0.5160463602442947,,5,1,val,current_repo_v1
4217,168.68,-0.6876193622331571,,5,1,val,current_repo_v1
4218,168.72,-0.7874080512299656,,5,1,val,current_repo_v1
4219,168.76,-0.5886801079464707,,5,1,val,current_repo_v1
4220,168.8,-0.43193574940677487,,5,1,val,current_repo_v1
4221,168.84,-0.12036458330349235,,5,1,val,current_repo_v1
4222,168.88,-0.17013152896528982,,5,1,val,current_repo_v1
4223,168.92,-0.2967869874263528,,5,1,val,current_repo_v1
4224,168.96,-0.3064479158115093,,5,1,val,current_repo_v1
4225,169.0,-0.4574092143121809,,5,1,val,current_repo_v1
4226,169.04,-0.5686821738293079,,5,1,val,current_repo_v1
4227,169.08,-0.5427587819050599,,5,1,val,current_repo_v1
4228,169.12,-0.33189821729207775,,5,1,val,current_repo_v1
4229,169.16,-0.43198187163255575,,5,1,val,current_repo_v1
4230,169.2,-0.49366128377593615,,5,1,val,current_repo_v1
4231,169.24,-0.28792894181535933,,5,1,val,current_repo_v1
4232,169.28,-0.4274372977139337,,5,1,val,current_repo_v1
4233,169.32,-0.581088725166128,,5,1,val,current_repo_v1
4234,169.36,-0.5497485295113083,,5,1,val,current_repo_v1
4235,169.4,-0.5725024200867982,,5,1,val,current_repo_v1
4236,169.44,-0.49449136106565506,,5,1,val,current_repo_v1
4237,169.48,-0.3584557591272283,,5,1,val,current_repo_v1
4238,169.52,-0.39122566193169706,,5,1,val,current_repo_v1
4239,169.56,-0.5118386791052894,,5,1,val,current_repo_v1
4240,169.6,-0.4841700499863434,,5,1,val,current_repo_v1
4241,169.64,-0.5537300193975266,,5,1,val,current_repo_v1
4242,169.68,-0.5359785691666005,,5,1,val,current_repo_v1
4243,169.72,-0.4725646830453634,,5,1,val,current_repo_v1
4244,169.76,-0.5025275552674815,,5,1,val,current_repo_v1
4245,169.8,-0.588217412396623,,5,1,val,current_repo_v1
4246,169.84,-0.5922804653671194,,5,1,val,current_repo_v1
4247,169.88,-0.6576959414978649,,5,1,val,current_repo_v1
4248,169.92,-0.5701185517179117,,5,1,val,current_repo_v1
4249,169.96,-0.5260303692962011,,5,1,val,current_repo_v1
4250,170.0,-0.5431358218927432,,5,1,val,current_repo_v1
4251,170.04,-0.6948234329063214,,5,1,val,current_repo_v1
4252,170.08,-0.5477364627584103,,5,1,val,current_repo_v1
4253,170.12,-0.3351826968070569,,5,1,val,current_repo_v1
4254,170.16,-0.5250322548644625,,5,1,val,current_repo_v1
4255,170.2,-0.6902351922486505,,5,1,val,current_repo_v1
4256,170.24,-0.45579456808684105,,5,1,val,current_repo_v1
4257,170.28,-0.15798218986363619,,5,1,val,current_repo_v1
4258,170.32,-0.12595629953893325,,5,1,val,current_repo_v1
4259,170.36,-0.06580233806535637,,5,1,val,current_repo_v1
4260,170.4,-0.043734674181874794,,5,1,val,current_repo_v1
4261,170.44,-0.20409150387676336,,5,1,val,current_repo_v1
4262,170.48,-0.0795113562987368,,5,1,val,current_repo_v1
4263,170.52,-0.554433229872764,,5,1,val,current_repo_v1
4264,170.56,-0.7446211130770466,,5,1,val,current_repo_v1
4265,170.6,-1.0824279067049276,,5,1,val,current_repo_v1
4266,170.64,-0.9283705054463923,,5,1,val,current_repo_v1
4267,170.68,-0.8157342187709355,,5,1,val,current_repo_v1
4268,170.72,-0.5995086816598141,,5,1,val,current_repo_v1
4269,170.76,-0.5550971116355121,,5,1,val,current_repo_v1
4270,170.8,-0.7161285453852114,,5,1,val,current_repo_v1
4271,170.84,-0.8322267409544166,,5,1,val,current_repo_v1
4272,170.88,-0.738440571123296,,5,1,val,current_repo_v1
4273,170.92,-0.5687913202145408,,5,1,val,current_repo_v1
4274,170.96,-0.42820963014067404,,5,1,val,current_repo_v1
4275,171.0,-0.5774855439357376,,5,1,val,current_repo_v1
4276,171.04,-0.39246032158527533,,5,1,val,current_repo_v1
4277,171.08,-0.6280129947631834,,5,1,val,current_repo_v1
4278,171.12,-0.7424707614963638,,5,1,val,current_repo_v1
4279,171.16,-1.168631615357498,,5,1,val,current_repo_v1
4280,171.2,-1.1449575311292284,,5,1,val,current_repo_v1
4281,171.24,-0.8751523322581303,,5,1,val,current_repo_v1
4282,171.28,-0.5492199450674878,,5,1,val,current_repo_v1
4283,171.32,-0.37460799177444687,,5,1,val,current_repo_v1
4284,171.36,-0.29972911070373676,,5,1,val,current_repo_v1
4285,171.4,-0.29255538575410084,,5,1,val,current_repo_v1
4286,171.44,-0.14873188024722167,,5,1,val,current_repo_v1
4287,171.48,0.015950389080057626,,5,1,val,current_repo_v1
4288,171.52,0.09864222224168423,,5,1,val,current_repo_v1
4289,171.56,0.10349268841993275,,5,1,val,current_repo_v1
4290,171.6,0.08658093280175866,,5,1,val,current_repo_v1
4291,171.64,0.39140429859144277,,5,1,val,current_repo_v1
4292,171.68,0.5086018974200773,,5,1,val,current_repo_v1
4293,171.72,0.5059766547054452,,5,1,val,current_repo_v1
4294,171.76,0.2928064797348271,,5,1,val,current_repo_v1
4295,171.8,0.24725955403286276,,5,1,val,current_repo_v1
4296,171.84,0.2587180624048857,,5,1,val,current_repo_v1
4297,171.88,0.252340651802405,,5,1,val,current_repo_v1
4298,171.92,0.14932770410271726,,5,1,val,current_repo_v1
4299,171.96,-0.17860633448460192,,5,1,val,current_repo_v1
4300,172.0,-0.6633391001803391,,5,1,val,current_repo_v1
4301,172.04,-0.6196834517464527,,5,1,val,current_repo_v1
4302,172.08,-0.4899236237221954,,5,1,val,current_repo_v1
4303,172.12,-0.05631640403462662,,5,1,val,current_repo_v1
4304,172.16,0.26808021944193827,,5,1,val,current_repo_v1
4305,172.2,0.49171052234177803,,5,1,val,current_repo_v1
4306,172.24,-0.22158938417784207,,5,1,val,current_repo_v1
4307,172.28,-0.23397549358761918,,5,1,val,current_repo_v1
4308,172.32,-0.18826566680338272,,5,1,val,current_repo_v1
4309,172.36,-1.0137342739375375,,5,1,val,current_repo_v1
4310,172.4,0.1661607818335234,,5,1,val,current_repo_v1
4311,172.44,0.1788838454100855,,5,1,val,current_repo_v1
4312,172.48,-0.1756832616917796,,5,1,val,current_repo_v1
4313,172.52,0.042166104141939574,,5,1,val,current_repo_v1
4314,172.56,0.7234930411915266,,5,1,val,current_repo_v1
4315,172.6,0.6558182307939808,,5,1,val,current_repo_v1
4316,172.64,0.6814937822574223,,5,1,val,current_repo_v1
4317,172.68,0.6843632640523208,,5,1,val,current_repo_v1
4318,172.72,0.9114008003413454,,5,1,val,current_repo_v1
4319,172.76,0.994305235171377,,5,1,val,current_repo_v1
4320,172.8,1.0901674371847616,,5,1,val,current_repo_v1
4321,172.84,1.0882102505603215,,5,1,val,current_repo_v1
4322,172.88,1.0994069426595556,,5,1,val,current_repo_v1
4323,172.92,0.8889642814259535,,5,1,val,current_repo_v1
4324,172.96,0.6291843028590787,,5,1,val,current_repo_v1
4325,173.0,0.20469088818802023,,5,1,val,current_repo_v1
4326,173.04,-0.733654663783707,,5,1,val,current_repo_v1
4327,173.08,-0.9132315293990925,,5,1,val,current_repo_v1
4328,173.12,-1.4988484176475176,,5,1,val,current_repo_v1
4329,173.16,-1.898049664183542,,5,1,val,current_repo_v1
4330,173.2,-3.00692586402644,,5,1,val,current_repo_v1
4331,173.24,-1.0307554624143966,,5,1,val,current_repo_v1
4332,173.28,0.6724336910131723,,5,1,val,current_repo_v1
4333,173.32,0.6575247531478726,,5,1,val,current_repo_v1
4334,173.36,0.939814383209971,,5,1,val,current_repo_v1
4335,173.4,1.1644737396743714,,5,1,val,current_repo_v1
4336,173.44,0.8138409566510828,,5,1,val,current_repo_v1
4337,173.48,0.4739882924029614,,5,1,val,current_repo_v1
4338,173.52,0.6681610622501082,,5,1,val,current_repo_v1
4339,173.56,1.0889049896063339,,5,1,val,current_repo_v1
4340,173.6,1.3820918242359324,,5,1,val,current_repo_v1
4341,173.64,1.6207646434792873,,5,1,val,current_repo_v1
4342,173.68,0.5828425974891666,,5,1,val,current_repo_v1
4343,173.72,0.3592024726423992,,5,1,val,current_repo_v1
4344,173.76,0.5804000839121666,,5,1,val,current_repo_v1
4345,173.8,0.6812962792746198,,5,1,val,current_repo_v1
4346,173.84,0.6243941802672667,,5,1,val,current_repo_v1
4347,173.88,0.4415920328295302,,5,1,val,current_repo_v1
4348,173.92,0.3221081507672127,,5,1,val,current_repo_v1
4349,173.96,0.43108406383381526,,5,1,val,current_repo_v1
4350,174.0,0.5673684884277412,,5,1,val,current_repo_v1
4351,174.04,0.5362914391010234,,5,1,val,current_repo_v1
4352,174.08,0.6129361834549795,,5,1,val,current_repo_v1
4353,174.12,0.3420150681761799,,5,1,val,current_repo_v1
4354,174.16,0.33827229252508095,,5,1,val,current_repo_v1
4355,174.2,0.5197877035281334,,5,1,val,current_repo_v1
4356,174.24,0.5514464985864173,,5,1,val,current_repo_v1
4357,174.28,0.8510868434447958,,5,1,val,current_repo_v1
4358,174.32,0.755328099272382,,5,1,val,current_repo_v1
4359,174.36,0.5161089342311793,,5,1,val,current_repo_v1
4360,174.4,0.6473688190999545,,5,1,val,current_repo_v1
4361,174.44,0.5496416749136916,,5,1,val,current_repo_v1
4362,174.48,0.2779368501196272,,5,1,val,current_repo_v1
4363,174.52,0.32182875730190136,,5,1,val,current_repo_v1
4364,174.56,0.5789062476340362,,5,1,val,current_repo_v1
4365,174.6,0.5625704673536082,,5,1,val,current_repo_v1
4366,174.64,0.31769469984007415,,5,1,val,current_repo_v1
4367,174.68,0.2425254779257063,,5,1,val,current_repo_v1
4368,174.72,0.40340999171928027,,5,1,val,current_repo_v1
4369,174.76,0.6015611411694517,,5,1,val,current_repo_v1
4370,174.8,0.5326862116316897,,5,1,val,current_repo_v1
4371,174.84,0.5082996679281593,,5,1,val,current_repo_v1
4372,174.88,0.26703655573132296,,5,1,val,current_repo_v1
4373,174.92,0.0651931983099376,,5,1,val,current_repo_v1
4374,174.96,0.0891850174057177,,5,1,val,current_repo_v1
4375,175.0,0.08827034859808487,,5,1,val,current_repo_v1
4376,175.04,-0.003773553642604069,,5,1,val,current_repo_v1
4377,175.08,0.019891166484701458,,5,1,val,current_repo_v1
4378,175.12,0.2088951930327692,,5,1,val,current_repo_v1
4379,175.16,0.3470719589390235,,5,1,val,current_repo_v1
4380,175.2,0.2207771296293189,,5,1,val,current_repo_v1
4381,175.24,-0.061589275317930285,,5,1,val,current_repo_v1
4382,175.28,0.06582799278610738,,5,1,val,current_repo_v1
4383,175.32,0.4071756852465436,,5,1,val,current_repo_v1
4384,175.36,0.753393994223222,,5,1,val,current_repo_v1
4385,175.4,1.5382246028802695,,5,1,val,current_repo_v1
4386,175.44,0.741232623236582,,5,1,val,current_repo_v1
4387,175.48,0.13429427306011024,,5,1,val,current_repo_v1
4388,175.52,-1.1186651613987337,,5,1,val,current_repo_v1
4389,175.56,0.06609341043943637,,5,1,val,current_repo_v1
4390,175.6,-1.975071898697749,,5,1,val,current_repo_v1
4391,175.64,-1.2530464200763214,,5,1,val,current_repo_v1
4392,175.68,0.7596982927082603,,5,1,val,current_repo_v1
4393,175.72,1.6511684801936757,,5,1,val,current_repo_v1
4394,175.76,0.16877530225609302,,5,1,val,current_repo_v1
4395,175.8,-0.29561027725964734,,5,1,val,current_repo_v1
4396,175.84,-0.17531819220191436,,5,1,val,current_repo_v1
4397,175.88,-0.35027244034538224,,5,1,val,current_repo_v1
4398,175.92,-0.7139641975301568,,5,1,val,current_repo_v1
4399,175.96,0.8189216042480575,,5,1,val,current_repo_v1
4400,176.0,1.3897082529809404,,5,1,val,current_repo_v1
4401,176.04,1.6902570460805644,,5,1,val,current_repo_v1
4402,176.08,-0.2000972863843179,,5,1,val,current_repo_v1
4403,176.12,-1.6208106429307314,,5,1,val,current_repo_v1
4404,176.16,-2.2264286165042924,,5,1,val,current_repo_v1
4405,176.2,-1.4433216776834807,,5,1,val,current_repo_v1
4406,176.24,-1.6021245526000862,,5,1,val,current_repo_v1
4407,176.28,-1.811945566442729,,5,1,val,current_repo_v1
4408,176.32,-3.121463188529734,,5,1,val,current_repo_v1
4409,176.36,-2.8847297127072338,,5,1,val,current_repo_v1
4410,176.4,-0.5174767221904055,,5,1,val,current_repo_v1
4411,176.44,-1.5152885561140514,,5,1,val,current_repo_v1
4412,176.48,-1.8644153891246655,,5,1,val,current_repo_v1
4413,176.52,-3.2279124671363792,,5,1,val,current_repo_v1
4414,176.56,-2.1024191700831354,,5,1,val,current_repo_v1
4415,176.6,-2.0992263825352033,,5,1,val,current_repo_v1
4416,176.64,-1.7880340366474847,,5,1,val,current_repo_v1
4417,176.68,-1.6919981498725971,,5,1,val,current_repo_v1
4418,176.72,-1.152453804723489,,5,1,val,current_repo_v1
4419,176.76,-0.9867807234796997,,5,1,val,current_repo_v1
4420,176.8,-0.9697357167815411,,5,1,val,current_repo_v1
4421,176.84,-1.1332415854357551,,5,1,val,current_repo_v1
4422,176.88,-1.112231458762924,,5,1,val,current_repo_v1
4423,176.92,-1.3675928298805233,,5,1,val,current_repo_v1
4424,176.96,-1.3989037233936759,,5,1,val,current_repo_v1
4425,177.0,-1.1903041505010379,,5,1,val,current_repo_v1
4426,177.04,-1.1022851005075736,,5,1,val,current_repo_v1
4427,177.08,-1.4930452840044601,,5,1,val,current_repo_v1
4428,177.12,-3.9945854880570444,,5,1,val,current_repo_v1
4429,177.16,-6.0042222912850605,,5,1,val,current_repo_v1
4430,177.2,-5.060383938268409,,5,1,val,current_repo_v1
4431,177.24,-2.0973340207604854,,5,1,val,current_repo_v1
4432,177.28,-0.7724595391035034,,5,1,val,current_repo_v1
4433,177.32,-1.3093461472635606,,5,1,val,current_repo_v1
4434,177.36,-1.0384969572836162,,5,1,val,current_repo_v1
4435,177.4,-1.1933771102964534,,5,1,val,current_repo_v1
4436,177.44,-1.286228967426086,,5,1,val,current_repo_v1
4437,177.48,-1.3636754281980075,,5,1,val,current_repo_v1
4438,177.52,-1.285632038601561,,5,1,val,current_repo_v1
4439,177.56,-1.6635894779774352,,5,1,val,current_repo_v1
4440,177.6,-1.4089122873129012,,5,1,val,current_repo_v1
4441,177.64,-1.3693160086194132,,5,1,val,current_repo_v1
4442,177.68,-1.3313064654520792,,5,1,val,current_repo_v1
4443,177.72,-1.100699183476997,,5,1,val,current_repo_v1
4444,177.76,-1.1336650750474502,,5,1,val,current_repo_v1
4445,177.8,-1.140607963781898,,5,1,val,current_repo_v1
4446,177.84,-1.1234324070391601,,5,1,val,current_repo_v1
4447,177.88,-0.680315803422572,,5,1,val,current_repo_v1
4448,177.92,-0.5357811071085768,,5,1,val,current_repo_v1
4449,177.96,-0.6375093032253555,,5,1,val,current_repo_v1
4450,178.0,-0.6197250313217795,,5,1,val,current_repo_v1
4451,178.04,-0.39597158576233493,,5,1,val,current_repo_v1
4452,178.08,-0.42387414091727327,,5,1,val,current_repo_v1
4453,178.12,-0.26437697712722297,,5,1,val,current_repo_v1
4454,178.16,-0.1287017178667026,,5,1,val,current_repo_v1
4455,178.2,-0.07433559951567979,,5,1,val,current_repo_v1
4456,178.24,0.0028067031841196807,,5,1,val,current_repo_v1
4457,178.28,0.08301584742489423,,5,1,val,current_repo_v1
4458,178.32,0.28085421390579784,,5,1,val,current_repo_v1
4459,178.36,0.25962726775454004,,5,1,val,current_repo_v1
4460,178.4,0.32552872563430746,,5,1,val,current_repo_v1
4461,178.44,0.4129680147479807,,5,1,val,current_repo_v1
4462,178.48,0.4598843040131575,,5,1,val,current_repo_v1
4463,178.52,0.5624062771408018,,5,1,val,current_repo_v1
4464,178.56,0.5406207077580366,,5,1,val,current_repo_v1
4465,178.6,0.2720803096401509,,5,1,val,current_repo_v1
4466,178.64,-0.016034003518876187,,5,1,val,current_repo_v1
4467,178.68,-0.38404344509044663,,5,1,val,current_repo_v1
4468,178.72,-0.5250405625945721,,5,1,val,current_repo_v1
4469,178.76,-0.4873634923307374,,5,1,val,current_repo_v1
4470,178.8,-0.19188834869090227,,5,1,val,current_repo_v1
4471,178.84,0.1678907950104837,,5,1,val,current_repo_v1
4472,178.88,0.027208506714569394,,5,1,val,current_repo_v1
4473,178.92,-0.11215810109680863,,5,1,val,current_repo_v1
4474,178.96,-0.130203125228923,,5,1,val,current_repo_v1
4475,179.0,-0.14722756722570188,,5,1,val,current_repo_v1
4476,179.04,-0.1613106430535058,,5,1,val,current_repo_v1
4477,179.08,0.006177449575147594,,5,1,val,current_repo_v1
4478,179.12,0.3223545588607589,,5,1,val,current_repo_v1
4479,179.16,0.10659951346985894,,5,1,val,current_repo_v1
4480,179.2,-0.2812203269775242,,5,1,val,current_repo_v1
4481,179.24,-0.4664258025164974,,5,1,val,current_repo_v1
4482,179.28,-0.5947294859839589,,5,1,val,current_repo_v1
4483,179.32,-0.6972113119035367,,5,1,val,current_repo_v1
4484,179.36,-0.7663840919818782,,5,1,val,current_repo_v1
4485,179.4,-0.5535899748042507,,5,1,val,current_repo_v1
4486,179.44,-0.4016345111130009,,5,1,val,current_repo_v1
4487,179.48,-0.32719778135314836,,5,1,val,current_repo_v1
4488,179.52,-0.5906769506816308,,5,1,val,current_repo_v1
4489,179.56,-0.6114074383404773,,5,1,val,current_repo_v1
4490,179.6,-0.3964015005643118,,5,1,val,current_repo_v1
4491,179.64,-0.4837926007508715,,5,1,val,current_repo_v1
4492,179.68,-0.643336991735732,,5,1,val,current_repo_v1
4493,179.72,-0.9510561744155144,,5,1,val,current_repo_v1
4494,179.76,-0.8899053057911754,,5,1,val,current_repo_v1
4495,179.8,-0.5095702595375811,,5,1,val,current_repo_v1
4496,179.84,-0.2205240303344283,,5,1,val,current_repo_v1
4497,179.88,-0.03654789678557961,,5,1,val,current_repo_v1
4498,179.92,-0.22603273065594154,,5,1,val,current_repo_v1
4499,179.96,-0.56952186844206,,5,1,val,current_repo_v1
4500,180.0,-0.75320115666521,,5,1,val,current_repo_v1
4501,180.04,-0.38141120423862845,,5,1,val,current_repo_v1
4502,180.08,-0.02976508532366221,,5,1,val,current_repo_v1
4503,180.12,-0.11293487386205583,,5,1,val,current_repo_v1
4504,180.16,0.02946139532869841,,5,1,val,current_repo_v1
4505,180.2,0.11198234963397287,,5,1,val,current_repo_v1
4506,180.24,0.2821315785661218,,5,1,val,current_repo_v1
4507,180.28,0.013925246860312353,,5,1,val,current_repo_v1
4508,180.32,-0.36725786056551335,,5,1,val,current_repo_v1
4509,180.36,-0.3267588221750423,,5,1,val,current_repo_v1
4510,180.4,0.1602107896215088,,5,1,val,current_repo_v1
4511,180.44,0.7970987933165252,,5,1,val,current_repo_v1
4512,180.48,0.8472711807625383,,5,1,val,current_repo_v1
4513,180.52,-0.11931449440259521,,5,1,val,current_repo_v1
4514,180.56,-0.2276570146667041,,5,1,val,current_repo_v1
4515,180.6,0.033845359952664765,,5,1,val,current_repo_v1
4516,180.64,0.42655594167629696,,5,1,val,current_repo_v1
4517,180.68,0.6067644812534637,,5,1,val,current_repo_v1
4518,180.72,0.13281516970237128,,5,1,val,current_repo_v1
4519,180.76,0.19203983175987108,,5,1,val,current_repo_v1
4520,180.8,0.4104170914317673,,5,1,val,current_repo_v1
4521,180.84,0.3950272874148038,,5,1,val,current_repo_v1
4522,180.88,0.13918300390659755,,5,1,val,current_repo_v1
4523,180.92,-0.1424297712378526,,5,1,val,current_repo_v1
4524,180.96,-0.2815357956354051,,5,1,val,current_repo_v1
4525,181.0,-0.06806456776026133,,5,1,val,current_repo_v1
4526,181.04,0.10114215328343185,,5,1,val,current_repo_v1
4527,181.08,0.4320268070397495,,5,1,val,current_repo_v1
4528,181.12,0.34018867714499246,,5,1,val,current_repo_v1
4529,181.16,0.5731416651326695,,5,1,val,current_repo_v1
4530,181.2,0.7027947613336468,,5,1,val,current_repo_v1
4531,181.24,0.9271994019743914,,5,1,val,current_repo_v1
4532,181.28,0.9157936661047149,,5,1,val,current_repo_v1
4533,181.32,0.842574489440875,,5,1,val,current_repo_v1
4534,181.36,0.8943828858467955,,5,1,val,current_repo_v1
4535,181.4,0.8119530966020402,,5,1,val,current_repo_v1
4536,181.44,0.7904688154412792,,5,1,val,current_repo_v1
4537,181.48,0.7114433130016303,,5,1,val,current_repo_v1
4538,181.52,0.6991820855545599,,5,1,val,current_repo_v1
4539,181.56,0.948280901461563,,5,1,val,current_repo_v1
4540,181.6,0.7153735650647098,,5,1,val,current_repo_v1
4541,181.64,0.7283964844960158,,5,1,val,current_repo_v1
4542,181.68,0.7702364232659987,,5,1,val,current_repo_v1
4543,181.72,0.668608861180449,,5,1,val,current_repo_v1
4544,181.76,0.5937953369815864,,5,1,val,current_repo_v1
4545,181.8,0.7861261234567982,,5,1,val,current_repo_v1
4546,181.84,1.017619590593423,,5,1,val,current_repo_v1
4547,181.88,0.9877863271459706,,5,1,val,current_repo_v1
4548,181.92,0.7231196435091622,,5,1,val,current_repo_v1
4549,181.96,0.6259273452578863,,5,1,val,current_repo_v1
4550,182.0,0.5101705032691941,,5,1,val,current_repo_v1
4551,182.04,0.6447217634781871,,5,1,val,current_repo_v1
4552,182.08,0.6547762859240778,,5,1,val,current_repo_v1
4553,182.12,0.3732325508815729,,5,1,val,current_repo_v1
4554,182.16,0.292383603994815,,5,1,val,current_repo_v1
4555,182.2,0.4986002497884803,,5,1,val,current_repo_v1
4556,182.24,0.6163085489325713,,5,1,val,current_repo_v1
4557,182.28,0.6271967909734998,,5,1,val,current_repo_v1
4558,182.32,0.6894891335299415,,5,1,val,current_repo_v1
4559,182.36,0.5317986350276656,,5,1,val,current_repo_v1
4560,182.4,0.6001145320861316,,5,1,val,current_repo_v1
4561,182.44,0.548567808716274,,5,1,val,current_repo_v1
4562,182.48,0.7109631834959861,,5,1,val,current_repo_v1
4563,182.52,0.7088950088712643,,5,1,val,current_repo_v1
4564,182.56,0.5943855132175986,,5,1,val,current_repo_v1
4565,182.6,0.3782015966065828,,5,1,val,current_repo_v1
4566,182.64,0.2697500118067987,,5,1,val,current_repo_v1
4567,182.68,0.3739745989719532,,5,1,val,current_repo_v1
4568,182.72,0.23320387734450895,,5,1,val,current_repo_v1
4569,182.76,0.3348892866049843,,5,1,val,current_repo_v1
4570,182.8,0.597267804468282,,5,1,val,current_repo_v1
4571,182.84,0.4811932634212608,,5,1,val,current_repo_v1
4572,182.88,0.45873800095714873,,5,1,val,current_repo_v1
4573,182.92,0.3984813387510101,,5,1,val,current_repo_v1
4574,182.96,0.3389276619338251,,5,1,val,current_repo_v1
4575,183.0,0.34229945446451276,,5,1,val,current_repo_v1
4576,183.04,0.4753545252205907,,5,1,val,current_repo_v1
4577,183.08,0.5736725413641064,,5,1,val,current_repo_v1
4578,183.12,0.43205799172124465,,5,1,val,current_repo_v1
4579,183.16,0.43564811794717706,,5,1,val,current_repo_v1
4580,183.2,0.43848080836587605,,5,1,val,current_repo_v1
4581,183.24,0.3758679020165849,,5,1,val,current_repo_v1
4582,183.28,0.3841951532456992,,5,1,val,current_repo_v1
4583,183.32,0.5196819129747673,,5,1,val,current_repo_v1
4584,183.36,0.7718419841904305,,5,1,val,current_repo_v1
4585,183.4,0.675724534331265,,5,1,val,current_repo_v1
4586,183.44,0.47929169357129836,,5,1,val,current_repo_v1
4587,183.48,0.34792634554738816,,5,1,val,current_repo_v1
4588,183.52,0.3567875423663542,,5,1,val,current_repo_v1
4589,183.56,0.41044639357343465,,5,1,val,current_repo_v1
4590,183.6,0.36861611305126396,,5,1,val,current_repo_v1
4591,183.64,0.40774838660198043,,5,1,val,current_repo_v1
4592,183.68,0.6168066444161372,,5,1,val,current_repo_v1
4593,183.72,0.5353223812622789,,5,1,val,current_repo_v1
4594,183.76,0.17874062914644745,,5,1,val,current_repo_v1
4595,183.8,-0.17241322862373978,,5,1,val,current_repo_v1
4596,183.84,-0.20702720196386554,,5,1,val,current_repo_v1
4597,183.88,-0.15588876465035464,,5,1,val,current_repo_v1
4598,183.92,0.28695153532172646,,5,1,val,current_repo_v1
4599,183.96,0.8093127117192278,,5,1,val,current_repo_v1
4600,184.0,1.8681753941076666,,5,1,val,current_repo_v1
4601,184.04,2.5635307672896754,,5,1,val,current_repo_v1
4602,184.08,1.516050575496518,,5,1,val,current_repo_v1
4603,184.12,0.4141106754986705,,5,1,val,current_repo_v1
4604,184.16,0.094144384420526,,5,1,val,current_repo_v1
4605,184.2,0.3605363748847251,,5,1,val,current_repo_v1
4606,184.24,-0.2774309584656875,,5,1,val,current_repo_v1
4607,184.28,-0.7359172311080375,,5,1,val,current_repo_v1
4608,184.32,0.14939439102987778,,5,1,val,current_repo_v1
4609,184.36,0.18370863128959625,,5,1,val,current_repo_v1
4610,184.4,0.5521870324599795,,5,1,val,current_repo_v1
4611,184.44,0.7564803773461051,,5,1,val,current_repo_v1
4612,184.48,0.013847489780468845,,5,1,val,current_repo_v1
4613,184.52,0.03442004615987658,,5,1,val,current_repo_v1
4614,184.56,-0.6956832625102752,,5,1,val,current_repo_v1
4615,184.6,-1.1136497478992697,,5,1,val,current_repo_v1
4616,184.64,-1.3157297579700393,,5,1,val,current_repo_v1
4617,184.68,-1.2639647418297157,,5,1,val,current_repo_v1
4618,184.72,-1.143190890275184,,5,1,val,current_repo_v1
4619,184.76,-1.1844730243092367,,5,1,val,current_repo_v1
4620,184.8,-1.347027555553955,,5,1,val,current_repo_v1
4621,184.84,-1.6591393175236546,,5,1,val,current_repo_v1
4622,184.88,-1.2432007367769788,,5,1,val,current_repo_v1
4623,184.92,-1.1570039034872577,,5,1,val,current_repo_v1
4624,184.96,-1.223160036265902,,5,1,val,current_repo_v1
4625,185.0,-1.0352469568948308,,5,1,val,current_repo_v1
4626,185.04,-0.8638863954330566,,5,1,val,current_repo_v1
4627,185.08,-0.6424261698573125,,5,1,val,current_repo_v1
4628,185.12,-0.567944545615045,,5,1,val,current_repo_v1
4629,185.16,-0.35603239834673717,,5,1,val,current_repo_v1
4630,185.2,-0.4643489518386562,,5,1,val,current_repo_v1
4631,185.24,-0.7940136379370081,,5,1,val,current_repo_v1
4632,185.28,-0.8684026903294829,,5,1,val,current_repo_v1
4633,185.32,-1.3658683415487098,,5,1,val,current_repo_v1
4634,185.36,-1.412028463674798,,5,1,val,current_repo_v1
4635,185.4,-1.788040912010334,,5,1,val,current_repo_v1
4636,185.44,-1.4898356354476356,,5,1,val,current_repo_v1
4637,185.48,-1.4622636297315899,,5,1,val,current_repo_v1
4638,185.52,-1.2313951658177913,,5,1,val,current_repo_v1
4639,185.56,-1.23550393176628,,5,1,val,current_repo_v1
4640,185.6,-0.794005452981235,,5,1,val,current_repo_v1
4641,185.64,-0.011118221393559112,,5,1,val,current_repo_v1
4642,185.68,0.4527173930392026,,5,1,val,current_repo_v1
4643,185.72,0.34215294375617605,,5,1,val,current_repo_v1
4644,185.76,0.4949713268721838,,5,1,val,current_repo_v1
4645,185.8,0.9054056476358533,,5,1,val,current_repo_v1
4646,185.84,1.1332577916481856,,5,1,val,current_repo_v1
4647,185.88,1.1244569998028244,,5,1,val,current_repo_v1
4648,185.92,1.0331795189161286,,5,1,val,current_repo_v1
4649,185.96,0.7459276775670907,,5,1,val,current_repo_v1
4650,186.0,1.0215331453467258,,5,1,val,current_repo_v1
4651,186.04,1.2221040132720695,,5,1,val,current_repo_v1
4652,186.08,1.1895496612778829,,5,1,val,current_repo_v1
4653,186.12,1.0137420496455218,,5,1,val,current_repo_v1
4654,186.16,0.8223969364692736,,5,1,val,current_repo_v1
4655,186.2,0.83736296440109,,5,1,val,current_repo_v1
4656,186.24,0.9276150340285444,,5,1,val,current_repo_v1
4657,186.28,1.1492765685915254,,5,1,val,current_repo_v1
4658,186.32,0.9187826482538993,,5,1,val,current_repo_v1
4659,186.36,1.0014425166054337,,5,1,val,current_repo_v1
4660,186.4,1.0785132060578166,,5,1,val,current_repo_v1
4661,186.44,1.3276802844959668,,5,1,val,current_repo_v1
4662,186.48,1.41660729163333,,5,1,val,current_repo_v1
4663,186.52,1.45899865087374,,5,1,val,current_repo_v1
4664,186.56,1.5924095011948807,,5,1,val,current_repo_v1
4665,186.6,1.278255101662471,,5,1,val,current_repo_v1
4666,186.64,1.2129353076647118,,5,1,val,current_repo_v1
4667,186.68,1.0779874863485168,,5,1,val,current_repo_v1
4668,186.72,1.3953062716323266,,5,1,val,current_repo_v1
4669,186.76,1.117382415129989,,5,1,val,current_repo_v1
4670,186.8,0.8852419272395082,,5,1,val,current_repo_v1
4671,186.84,1.0905058032564174,,5,1,val,current_repo_v1
4672,186.88,0.9125352352114833,,5,1,val,current_repo_v1
4673,186.92,0.8641093536283131,,5,1,val,current_repo_v1
4674,186.96,1.277503559023394,,5,1,val,current_repo_v1
4675,187.0,1.2253869171830623,,5,1,val,current_repo_v1
4676,187.04,1.3650663795820712,,5,1,val,current_repo_v1
4677,187.08,1.425714364523717,,5,1,val,current_repo_v1
4678,187.12,1.2706579894130872,,5,1,val,current_repo_v1
4679,187.16,1.3302647661308495,,5,1,val,current_repo_v1
4680,187.2,1.0025179379444482,,5,1,val,current_repo_v1
4681,187.24,0.7335990879340083,,5,1,val,current_repo_v1
4682,187.28,0.9887260419182688,,5,1,val,current_repo_v1
4683,187.32,1.2068241741359162,,5,1,val,current_repo_v1
4684,187.36,1.182582463224789,,5,1,val,current_repo_v1
4685,187.4,1.464474549984993,,5,1,val,current_repo_v1
4686,187.44,1.3937016929025874,,5,1,val,current_repo_v1
4687,187.48,1.4132354172530845,,5,1,val,current_repo_v1
4688,187.52,1.3720278481661239,,5,1,val,current_repo_v1
4689,187.56,1.289562454363756,,5,1,val,current_repo_v1
4690,187.6,1.1256893267440073,,5,1,val,current_repo_v1
4691,187.64,1.1043818406279433,,5,1,val,current_repo_v1
4692,187.68,1.2608457007332983,,5,1,val,current_repo_v1
4693,187.72,1.2207232112331643,,5,1,val,current_repo_v1
4694,187.76,1.2292494796618991,,5,1,val,current_repo_v1
4695,187.8,1.220991841481634,,5,1,val,current_repo_v1
4696,187.84,1.2946326252173412,,5,1,val,current_repo_v1
4697,187.88,1.3630753072407311,,5,1,val,current_repo_v1
4698,187.92,1.041176629954139,,5,1,val,current_repo_v1
4699,187.96,1.0416468556632978,,5,1,val,current_repo_v1
4700,188.0,1.2997379095311927,,5,1,val,current_repo_v1
4701,188.04,1.455127330492226,,5,1,val,current_repo_v1
4702,188.08,1.445502477299639,,5,1,val,current_repo_v1
4703,188.12,1.5523420145975413,,5,1,val,current_repo_v1
4704,188.16,1.6365653732008343,,5,1,val,current_repo_v1
4705,188.2,1.4539133378519746,,5,1,val,current_repo_v1
4706,188.24,1.3973656065048135,,5,1,val,current_repo_v1
4707,188.28,1.604732934305826,,5,1,val,current_repo_v1
4708,188.32,1.7086663212069666,,5,1,val,current_repo_v1
4709,188.36,1.3643248225890374,,5,1,val,current_repo_v1
4710,188.4,0.9277942845599731,,5,1,val,current_repo_v1
4711,188.44,0.7046895785950965,,5,1,val,current_repo_v1
4712,188.48,0.9913161711726349,,5,1,val,current_repo_v1
4713,188.52,1.1494729256805198,,5,1,val,current_repo_v1
4714,188.56,1.0842608457007332,,5,1,val,current_repo_v1
4715,188.6,0.06400851804254819,,5,1,val,current_repo_v1
4716,188.64,-0.1443615640370068,,5,1,val,current_repo_v1
4717,188.68,-0.27045668042585014,,5,1,val,current_repo_v1
4718,188.72,-0.2317706097390988,,5,1,val,current_repo_v1
4719,188.76,-0.3398031043409159,,5,1,val,current_repo_v1
4720,188.8,-0.5690268423169089,,5,1,val,current_repo_v1
4721,188.84,-0.6097484705796267,,5,1,val,current_repo_v1
4722,188.88,-0.7899768177497641,,5,1,val,current_repo_v1
4723,188.92,-0.7956694544898861,,5,1,val,current_repo_v1
4724,188.96,-0.8708921446278411,,5,1,val,current_repo_v1
4725,189.0,-1.0959379128542848,,5,1,val,current_repo_v1
4726,189.04,-1.1201540048538425,,5,1,val,current_repo_v1
4727,189.08,-1.0675452016228804,,5,1,val,current_repo_v1
4728,189.12,-1.0201657666352884,,5,1,val,current_repo_v1
4729,189.16,-0.8961785014442764,,5,1,val,current_repo_v1
4730,189.2,-0.8030966470574225,,5,1,val,current_repo_v1
4731,189.24,-0.8635737301225279,,5,1,val,current_repo_v1
4732,189.28,-0.5386609019477494,,5,1,val,current_repo_v1
4733,189.32,-0.5116561136667727,,5,1,val,current_repo_v1
4734,189.36,-0.03125731530422212,,5,1,val,current_repo_v1
4735,189.4,-0.03674090827390169,,5,1,val,current_repo_v1
4736,189.44,-0.8824358788518504,,5,1,val,current_repo_v1
4737,189.48,-1.313977031540809,,5,1,val,current_repo_v1
4738,189.52,-1.2697443846497047,,5,1,val,current_repo_v1
4739,189.56,-1.3608377858810659,,5,1,val,current_repo_v1
4740,189.6,-1.2735886946771677,,5,1,val,current_repo_v1
4741,189.64,-1.2669364537222192,,5,1,val,current_repo_v1
4742,189.68,-1.6496229968446177,,5,1,val,current_repo_v1
4743,189.72,-1.681544160660205,,5,1,val,current_repo_v1
4744,189.76,-1.5124626182838652,,5,1,val,current_repo_v1
4745,189.8,-1.2112171217488434,,5,1,val,current_repo_v1
4746,189.84,-1.0662194024867697,,5,1,val,current_repo_v1
4747,189.88,-1.1399077408155178,,5,1,val,current_repo_v1
4748,189.92,-1.2028918758338936,,5,1,val,current_repo_v1
4749,189.96,-1.3290694351897605,,5,1,val,current_repo_v1
4750,190.0,-1.2646178194508435,,5,1,val,current_repo_v1
4751,190.04,-1.2742788501479472,,5,1,val,current_repo_v1
4752,190.08,-1.294619038190758,,5,1,val,current_repo_v1
4753,190.12,-1.0799581781499823,,5,1,val,current_repo_v1
4754,190.16,-0.8142329341830518,,5,1,val,current_repo_v1
4755,190.2,-0.7144745295226035,,5,1,val,current_repo_v1
4756,190.24,-0.6886936376783634,,5,1,val,current_repo_v1
4757,190.28,-0.4286145808275432,,5,1,val,current_repo_v1
4758,190.32,0.013953822587154842,,5,1,val,current_repo_v1
4759,190.36,-0.05239638316626338,,5,1,val,current_repo_v1
4760,190.4,0.30351569633061065,,5,1,val,current_repo_v1
4761,190.44,0.46410958280707476,,5,1,val,current_repo_v1
4762,190.48,0.3265790191590989,,5,1,val,current_repo_v1
4763,190.52,0.26773387303840374,,5,1,val,current_repo_v1
4764,190.56,0.38233634978965075,,5,1,val,current_repo_v1
4765,190.6,0.28521517880404207,,5,1,val,current_repo_v1
4766,190.64,0.17297655820481656,,5,1,val,current_repo_v1
4767,190.68,0.13511066101129876,,5,1,val,current_repo_v1
4768,190.72,0.06758644868437885,,5,1,val,current_repo_v1
4769,190.76,0.043551776229529736,,5,1,val,current_repo_v1
4770,190.8,0.17044040873377342,,5,1,val,current_repo_v1
4771,190.84,-0.09783530837680295,,5,1,val,current_repo_v1
4772,190.88,-0.2582640019833785,,5,1,val,current_repo_v1
4773,190.92,-0.0007817067588991129,,5,1,val,current_repo_v1
4774,190.96,0.08233647563334574,,5,1,val,current_repo_v1
4775,191.0,0.11910854045295709,,5,1,val,current_repo_v1
4776,191.04,0.4147596606419117,,5,1,val,current_repo_v1
4777,191.08,0.3364936197860502,,5,1,val,current_repo_v1
4778,191.12,0.4212467291893612,,5,1,val,current_repo_v1
4779,191.16,0.5152752555609204,,5,1,val,current_repo_v1
4780,191.2,0.7241281937595114,,5,1,val,current_repo_v1
4781,191.24,0.7641210335602012,,5,1,val,current_repo_v1
4782,191.28,0.7886055102595556,,5,1,val,current_repo_v1
4783,191.32,0.5143024326425203,,5,1,val,current_repo_v1
4784,191.36,0.3986817064683332,,5,1,val,current_repo_v1
4785,191.4,0.3511012080421774,,5,1,val,current_repo_v1
4786,191.44,0.48493980415201526,,5,1,val,current_repo_v1
4787,191.48,0.29456694094726293,,5,1,val,current_repo_v1
4788,191.52,0.046830689974583256,,5,1,val,current_repo_v1
4789,191.56,0.13786723134130882,,5,1,val,current_repo_v1
4790,191.6,0.24025460287126613,,5,1,val,current_repo_v1
4791,191.64,0.4935447300057286,,5,1,val,current_repo_v1
4792,191.68,0.54121841415336,,5,1,val,current_repo_v1
4793,191.72,0.3440182747144535,,5,1,val,current_repo_v1
4794,191.76,0.1644438645857999,,5,1,val,current_repo_v1
4795,191.8,0.1401494425594946,,5,1,val,current_repo_v1
4796,191.84,-0.040434093324210926,,5,1,val,current_repo_v1
4797,191.88,-0.09181371826416404,,5,1,val,current_repo_v1
4798,191.92,-0.22465413855509503,,5,1,val,current_repo_v1
4799,191.96,-0.3118748484248503,,5,1,val,current_repo_v1
4800,192.0,-0.3726564936942692,,5,1,val,current_repo_v1
4801,192.04,-0.4492522510879239,,5,1,val,current_repo_v1
4802,192.08,-0.3868578830577718,,5,1,val,current_repo_v1
4803,192.12,0.13268357607593084,,5,1,val,current_repo_v1
4804,192.16,0.37213503016197125,,5,1,val,current_repo_v1
4805,192.2,0.3153819178120762,,5,1,val,current_repo_v1
4806,192.24,0.36373325491054376,,5,1,val,current_repo_v1
4807,192.28,0.5122560709249335,,5,1,val,current_repo_v1
4808,192.32,0.48226401933548474,,5,1,val,current_repo_v1
4809,192.36,0.3857801699311408,,5,1,val,current_repo_v1
4810,192.4,0.2608363494213277,,5,1,val,current_repo_v1
4811,192.44,-0.02621803242748518,,5,1,val,current_repo_v1
4812,192.48,-0.03412803507368138,,5,1,val,current_repo_v1
4813,192.52,0.4940491279052398,,5,1,val,current_repo_v1
4814,192.56,0.7487388824768855,,5,1,val,current_repo_v1
4815,192.6,0.3793648015962628,,5,1,val,current_repo_v1
4816,192.64,-0.003415134429304367,,5,1,val,current_repo_v1
4817,192.68,-0.05098300500338161,,5,1,val,current_repo_v1
4818,192.72,-0.3307615520214917,,5,1,val,current_repo_v1
4819,192.76,-0.03536963147727729,,5,1,val,current_repo_v1
4820,192.8,0.4170729746920349,,5,1,val,current_repo_v1
4821,192.84,0.46616130567069286,,5,1,val,current_repo_v1
4822,192.88,0.44703777037875964,,5,1,val,current_repo_v1
4823,192.92,0.520950744818698,,5,1,val,current_repo_v1
4824,192.96,0.4592980156311374,,5,1,val,current_repo_v1
4825,193.0,0.645711611104595,,5,1,val,current_repo_v1
4826,193.04,0.6822738085425892,,5,1,val,current_repo_v1
4827,193.08,0.6887976684662384,,5,1,val,current_repo_v1
4828,193.12,0.8837195254657301,,5,1,val,current_repo_v1
4829,193.16,1.0966723489357961,,5,1,val,current_repo_v1
4830,193.2,1.1397256255495687,,5,1,val,current_repo_v1
4831,193.24,1.1961691624097395,,5,1,val,current_repo_v1
4832,193.28,1.129428869337576,,5,1,val,current_repo_v1
4833,193.32,0.9763688049399809,,5,1,val,current_repo_v1
4834,193.36,1.0359287637107217,,5,1,val,current_repo_v1
4835,193.4,1.152266696634518,,5,1,val,current_repo_v1
4836,193.44,1.342366223241231,,5,1,val,current_repo_v1
4837,193.48,1.2917144429355933,,5,1,val,current_repo_v1
4838,193.52,1.2201104854439975,,5,1,val,current_repo_v1
4839,193.56,1.4153129227273877,,5,1,val,current_repo_v1
4840,193.6,1.5348501093141769,,5,1,val,current_repo_v1
4841,193.64,1.5163257537096062,,5,1,val,current_repo_v1
4842,193.68,1.3616503064406518,,5,1,val,current_repo_v1
4843,193.72,0.881251270202824,,5,1,val,current_repo_v1
4844,193.76,0.9129760769294171,,5,1,val,current_repo_v1
4845,193.8,0.8402823744262039,,5,1,val,current_repo_v1
4846,193.84,0.8665187590592114,,5,1,val,current_repo_v1
4847,193.88,1.2000995781719344,,5,1,val,current_repo_v1
4848,193.92,1.2050964118217935,,5,1,val,current_repo_v1
4849,193.96,1.251696884568469,,5,1,val,current_repo_v1
4850,194.0,1.1380460726249488,,5,1,val,current_repo_v1
4851,194.04,1.2159212613802601,,5,1,val,current_repo_v1
4852,194.08,1.0023907437317359,,5,1,val,current_repo_v1
4853,194.12,0.8927557166391229,,5,1,val,current_repo_v1
4854,194.16,0.7434906888352374,,5,1,val,current_repo_v1
4855,194.2,0.7523395263709862,,5,1,val,current_repo_v1
4856,194.24,0.9798172086567039,,5,1,val,current_repo_v1
4857,194.28,1.0893333901914928,,5,1,val,current_repo_v1
4858,194.32,1.1142034601573132,,5,1,val,current_repo_v1
4859,194.36,1.1644112066122656,,5,1,val,current_repo_v1
4860,194.4,1.4167269556867312,,5,1,val,current_repo_v1
4861,194.44,1.0173312346015404,,5,1,val,current_repo_v1
4862,194.48,0.8244566805895492,,5,1,val,current_repo_v1
4863,194.52,0.7444193539172421,,5,1,val,current_repo_v1
4864,194.56,0.8452575997928224,,5,1,val,current_repo_v1
4865,194.6,0.9985689423326486,,5,1,val,current_repo_v1
4866,194.64,1.3413516979731677,,5,1,val,current_repo_v1
4867,194.68,1.4070210714319915,,5,1,val,current_repo_v1
4868,194.72,1.318869015907216,,5,1,val,current_repo_v1
4869,194.76,0.8963031583206992,,5,1,val,current_repo_v1
4870,194.8,0.6175281073427484,,5,1,val,current_repo_v1
4871,194.84,0.4086131681041768,,5,1,val,current_repo_v1
4872,194.88,0.3409016277175997,,5,1,val,current_repo_v1
4873,194.92,0.3177225696144812,,5,1,val,current_repo_v1
4874,194.96,0.5183435090067663,,5,1,val,current_repo_v1
4875,195.0,0.7787403467654733,,5,1,val,current_repo_v1
4876,195.04,0.9256413137934429,,5,1,val,current_repo_v1
4877,195.08,0.9588345834352702,,5,1,val,current_repo_v1
4878,195.12,0.8985479642910024,,5,1,val,current_repo_v1
4879,195.16,0.5989419962468704,,5,1,val,current_repo_v1
4880,195.2,0.5664742001599832,,5,1,val,current_repo_v1
4881,195.24,0.3885646918851156,,5,1,val,current_repo_v1
4882,195.28,0.5118728512956416,,5,1,val,current_repo_v1
4883,195.32,0.5676102310964968,,5,1,val,current_repo_v1
4884,195.36,0.8134848292253996,,5,1,val,current_repo_v1
4885,195.4,1.0163073784838956,,5,1,val,current_repo_v1
4886,195.44,1.0083676439858542,,5,1,val,current_repo_v1
4887,195.48,1.042921253277154,,5,1,val,current_repo_v1
4888,195.52,0.7753164160665116,,5,1,val,current_repo_v1
4889,195.56,0.6599486050257102,,5,1,val,current_repo_v1
4890,195.6,0.41350228773606335,,5,1,val,current_repo_v1
4891,195.64,0.6103819861564569,,5,1,val,current_repo_v1
4892,195.68,0.7119980074543666,,5,1,val,current_repo_v1
4893,195.72,0.6652743920480862,,5,1,val,current_repo_v1
4894,195.76,0.8210695821915661,,5,1,val,current_repo_v1
4895,195.8,1.0581786656344891,,5,1,val,current_repo_v1
4896,195.84,1.0675790054902228,,5,1,val,current_repo_v1
4897,195.88,0.8975665880938196,,5,1,val,current_repo_v1
4898,195.92,0.5726296961490683,,5,1,val,current_repo_v1
4899,195.96,0.34109700261190123,,5,1,val,current_repo_v1
4900,196.0,0.19943753802423517,,5,1,val,current_repo_v1
4901,196.04,0.4764777467013196,,5,1,val,current_repo_v1
4902,196.08,0.5895927714399392,,5,1,val,current_repo_v1
4903,196.12,0.789449379199752,,5,1,val,current_repo_v1
4904,196.16,0.9194806612822208,,5,1,val,current_repo_v1
4905,196.2,0.9860953971328263,,5,1,val,current_repo_v1
4906,196.24,1.010744964390122,,5,1,val,current_repo_v1
4907,196.28,0.7806328722393066,,5,1,val,current_repo_v1
4908,196.32,0.4162188336323434,,5,1,val,current_repo_v1
4909,196.36,0.04564720675697565,,5,1,val,current_repo_v1
4910,196.4,-0.1302261863418134,,5,1,val,current_repo_v1
4911,196.44,-0.18233957466222528,,5,1,val,current_repo_v1
4912,196.48,-0.07115205073657645,,5,1,val,current_repo_v1
4913,196.52,-0.0022753384131351507,,5,1,val,current_repo_v1
4914,196.56,-0.060249234358774606,,5,1,val,current_repo_v1
4915,196.6,0.016231890171480554,,5,1,val,current_repo_v1
4916,196.64,0.13786450984351428,,5,1,val,current_repo_v1
4917,196.68,0.026635723509574803,,5,1,val,current_repo_v1
4918,196.72,-0.26409234529021686,,5,1,val,current_repo_v1
4919,196.76,-0.1751838770776794,,5,1,val,current_repo_v1
4920,196.8,-0.04700557690146549,,5,1,val,current_repo_v1
4921,196.84,-0.041655790054083736,,5,1,val,current_repo_v1
4922,196.88,0.08313144969399315,,5,1,val,current_repo_v1
4923,196.92,-0.06791737156187863,,5,1,val,current_repo_v1
4924,196.96,-0.0767919558991309,,5,1,val,current_repo_v1
4925,197.0,-0.1843685842735733,,5,1,val,current_repo_v1
4926,197.04,-0.2206021557372816,,5,1,val,current_repo_v1
4927,197.08,-0.07809025358384428,,5,1,val,current_repo_v1
4928,197.12,0.09736823387561666,,5,1,val,current_repo_v1
4929,197.16,0.07543283376182941,,5,1,val,current_repo_v1
4930,197.2,-0.1490363401395879,,5,1,val,current_repo_v1
4931,197.24,-0.21767118446213832,,5,1,val,current_repo_v1
4932,197.28,-0.3186451164420456,,5,1,val,current_repo_v1
4933,197.32,-0.21047132904119709,,5,1,val,current_repo_v1
4934,197.36,-0.09495753931418419,,5,1,val,current_repo_v1
4935,197.4,-0.14999655822609745,,5,1,val,current_repo_v1
4936,197.44,-0.3153031785375399,,5,1,val,current_repo_v1
4937,197.48,-0.41816263785409447,,5,1,val,current_repo_v1
4938,197.52,-0.3442475762504341,,5,1,val,current_repo_v1
4939,197.56,-0.24953804109617184,,5,1,val,current_repo_v1
4940,197.6,-0.4234039561328932,,5,1,val,current_repo_v1
4941,197.64,-0.3714371808327652,,5,1,val,current_repo_v1
4942,197.68,-0.38591186586952836,,5,1,val,current_repo_v1
4943,197.72,-0.49695364131084685,,5,1,val,current_repo_v1
4944,197.76,-0.5206212594240558,,5,1,val,current_repo_v1
4945,197.8,-0.5547792898028465,,5,1,val,current_repo_v1
4946,197.84,-0.4009049860049534,,5,1,val,current_repo_v1
4947,197.88,-0.40774871400021134,,5,1,val,current_repo_v1
4948,197.92,-0.6604037704162468,,5,1,val,current_repo_v1
4949,197.96,-0.6774205390169884,,5,1,val,current_repo_v1
4950,198.0,-0.7414896308478542,,5,1,val,current_repo_v1
4951,198.04,-0.6772619964236655,,5,1,val,current_repo_v1
4952,198.08,-0.6530229046983856,,5,1,val,current_repo_v1
4953,198.12,-0.6259208791428256,,5,1,val,current_repo_v1
4954,198.16,-0.7462177523996858,,5,1,val,current_repo_v1
4955,198.2,-0.40858108307754665,,5,1,val,current_repo_v1
4956,198.24,0.13247054213954906,,5,1,val,current_repo_v1
4957,198.28,0.4585254376557239,,5,1,val,current_repo_v1
4958,198.32,1.0413646383882447,,5,1,val,current_repo_v1
4959,198.36,1.1389813675211298,,5,1,val,current_repo_v1
4960,198.4,0.73336213346438,,5,1,val,current_repo_v1
4961,198.44,0.26728149053282996,,5,1,val,current_repo_v1
4962,198.48,-0.05248469883905406,,5,1,val,current_repo_v1
4963,198.52,-0.48969996980569813,,5,1,val,current_repo_v1
4964,198.56,-0.38513810107552776,,5,1,val,current_repo_v1
4965,198.6,-0.12896848603773411,,5,1,val,current_repo_v1
4966,198.64,0.28178793319799234,,5,1,val,current_repo_v1
4967,198.68,0.1981369894766842,,5,1,val,current_repo_v1
4968,198.72,-0.07140261269517743,,5,1,val,current_repo_v1
4969,198.76,-0.41901117221908146,,5,1,val,current_repo_v1
4970,198.8,-0.6565989118756096,,5,1,val,current_repo_v1
4971,198.84,-0.721677945399306,,5,1,val,current_repo_v1
4972,198.88,-0.5925514692527635,,5,1,val,current_repo_v1
4973,198.92,-0.23035995307401155,,5,1,val,current_repo_v1
4974,198.96,0.06321259248079215,,5,1,val,current_repo_v1
4975,199.0,0.021225754217073376,,5,1,val,current_repo_v1
4976,199.04,-0.36502160787399296,,5,1,val,current_repo_v1
4977,199.08,-0.5145906249352877,,5,1,val,current_repo_v1
4978,199.12,-0.5059024580813629,,5,1,val,current_repo_v1
4979,199.16,-0.7460575728152081,,5,1,val,current_repo_v1
4980,199.2,-0.8076837418212852,,5,1,val,current_repo_v1
4981,199.24,-0.7225318818351031,,5,1,val,current_repo_v1
4982,199.28,-0.3490220655767198,,5,1,val,current_repo_v1
4983,199.32,-0.38061300735164544,,5,1,val,current_repo_v1
4984,199.36,-0.3591434591112759,,5,1,val,current_repo_v1
4985,199.4,-0.32889726464507535,,5,1,val,current_repo_v1
4986,199.44,-0.22762955414008568,,5,1,val,current_repo_v1
4987,199.48,-0.38578675882053803,,5,1,val,current_repo_v1
4988,199.52,-0.6671290211766905,,5,1,val,current_repo_v1
4989,199.56,-0.6493927949635021,,5,1,val,current_repo_v1
4990,199.6,-0.41995571611528576,,5,1,val,current_repo_v1
4991,199.64,-0.2778718001836213,,5,1,val,current_repo_v1
4992,199.68,-0.17918427421173352,,5,1,val,current_repo_v1
4993,199.72,-0.3904226768455868,,5,1,val,current_repo_v1
4994,199.76,-0.265336745041165,,5,1,val,current_repo_v1
4995,199.8,-0.10983048383647212,,5,1,val,current_repo_v1
4996,199.84,-0.3282457626279339,,5,1,val,current_repo_v1
4997,199.88,-0.19209536668479088,,5,1,val,current_repo_v1
4998,199.92,0.13687081528789313,,5,1,val,current_repo_v1
4999,199.96,0.4351974133575368,,5,1,val,current_repo_v1
5000,200.0,0.537117055589846,,5,1,val,current_repo_v1
5001,200.04,0.4193301808703342,,5,1,val,current_repo_v1
5002,200.08,0.4408665592745903,,5,1,val,current_repo_v1
5003,200.12,0.4620407124611123,,5,1,val,current_repo_v1
5004,200.16,0.1326235394253359,,5,1,val,current_repo_v1
5005,200.2,0.06139723067750889,,5,1,val,current_repo_v1
5006,200.24,-0.15545453228420753,,5,1,val,current_repo_v1
5007,200.28,-0.053537938947923795,,5,1,val,current_repo_v1
5008,200.32,0.2688635197094144,,5,1,val,current_repo_v1
5009,200.36,0.44924545757463225,,5,1,val,current_repo_v1
5010,200.4,0.7500253938252858,,5,1,val,current_repo_v1
5011,200.44,0.8300282618337886,,5,1,val,current_repo_v1
5012,200.48,0.6401883210994164,,5,1,val,current_repo_v1
5013,200.52,0.30364548926678103,,5,1,val,current_repo_v1
5014,200.56,0.009312492260101198,,5,1,val,current_repo_v1
5015,200.6,-0.09153383370150629,,5,1,val,current_repo_v1
5016,200.64,0.3015204496618263,,5,1,val,current_repo_v1
5017,200.68,0.373889475431914,,5,1,val,current_repo_v1
5018,200.72,0.32960376956501136,,5,1,val,current_repo_v1
5019,200.76,0.4243916347460212,,5,1,val,current_repo_v1
5020,200.8,0.22636886632714925,,5,1,val,current_repo_v1
5021,200.84,0.20786730582440635,,5,1,val,current_repo_v1
5022,200.88,0.2276576490007765,,5,1,val,current_repo_v1
5023,200.92,0.17167817867054547,,5,1,val,current_repo_v1
5024,200.96,0.41171763997931826,,5,1,val,current_repo_v1
5025,201.0,0.4509669993223675,,5,1,val,current_repo_v1
5026,201.04,0.5025463806657594,,5,1,val,current_repo_v1
5027,201.08,0.47045349647805446,,5,1,val,current_repo_v1
5028,201.12,0.487680086420037,,5,1,val,current_repo_v1
5029,201.16,0.5176814688590671,,5,1,val,current_repo_v1
5030,201.2,0.5077329825152156,,5,1,val,current_repo_v1
5031,201.24,0.5484143407955302,,5,1,val,current_repo_v1
5032,201.28,0.5656552953348944,,5,1,val,current_repo_v1
5033,201.32,0.8326579244245382,,5,1,val,current_repo_v1
5034,201.36,1.1115341823806222,,5,1,val,current_repo_v1
5035,201.4,0.948291214505837,,5,1,val,current_repo_v1
5036,201.44,0.6044571012962761,,5,1,val,current_repo_v1
5037,201.48,0.09122687739762933,,5,1,val,current_repo_v1
5038,201.52,-0.05367178343720179,,5,1,val,current_repo_v1
5039,201.56,0.0830477482900195,,5,1,val,current_repo_v1
5040,201.6,0.04790466871514283,,5,1,val,current_repo_v1
5041,201.64,0.40338318598912365,,5,1,val,current_repo_v1
5042,201.68,0.6218167786191275,,5,1,val,current_repo_v1
5043,201.72,0.8060361102241802,,5,1,val,current_repo_v1
5044,201.76,0.8637288350344263,,5,1,val,current_repo_v1
5045,201.8,0.8101127092964809,,5,1,val,current_repo_v1
5046,201.84,0.6276703725145256,,5,1,val,current_repo_v1
5047,201.88,0.7090899745177772,,5,1,val,current_repo_v1
5048,201.92,1.2546789095052464,,5,1,val,current_repo_v1
5049,201.96,1.3663622217800526,,5,1,val,current_repo_v1
5050,202.0,1.3390331455513498,,5,1,val,current_repo_v1
5051,202.04,1.5398265624241612,,5,1,val,current_repo_v1
5052,202.08,1.4778720129924714,,5,1,val,current_repo_v1
5053,202.12,1.4723064067659464,,5,1,val,current_repo_v1
5054,202.16,1.2097751780903139,,5,1,val,current_repo_v1
5055,202.2,0.8098475167294358,,5,1,val,current_repo_v1
5056,202.24,-0.12615185859473968,,5,1,val,current_repo_v1
5057,202.28,-1.6373526022470815,,5,1,val,current_repo_v1
5058,202.32,-0.407991643487554,,5,1,val,current_repo_v1
5059,202.36,-1.5512401558513798,,5,1,val,current_repo_v1
5060,202.4,-0.41611165163649594,,5,1,val,current_repo_v1
5061,202.44,1.0535263367731156,,5,1,val,current_repo_v1
5062,202.48,-0.3880369668616514,,5,1,val,current_repo_v1
5063,202.52,-0.19086715268388382,,5,1,val,current_repo_v1
5064,202.56,0.3240826076483337,,5,1,val,current_repo_v1
5065,202.6,0.012169461303861817,,5,1,val,current_repo_v1
5066,202.64,-0.34632532727341037,,5,1,val,current_repo_v1
5067,202.68,-0.569558537043923,,5,1,val,current_repo_v1
5068,202.72,-0.38456183926432963,,5,1,val,current_repo_v1
5069,202.76,-0.503523255137267,,5,1,val,current_repo_v1
5070,202.8,-0.44063222399080926,,5,1,val,current_repo_v1
5071,202.84,-0.2620632129045322,,5,1,val,current_repo_v1
5072,202.88,-0.021397328794666225,,5,1,val,current_repo_v1
5073,202.92,0.02506561367483479,,5,1,val,current_repo_v1
5074,202.96,-0.06689472272521049,,5,1,val,current_repo_v1
5075,203.0,-0.018124031975511923,,5,1,val,current_repo_v1
5076,203.04,-0.2587794086484043,,5,1,val,current_repo_v1
5077,203.08,-0.12424007801245046,,5,1,val,current_repo_v1
5078,203.12,0.09507008245606295,,5,1,val,current_repo_v1
5079,203.16,-0.3758436336227179,,5,1,val,current_repo_v1
5080,203.2,-0.3636332756757765,,5,1,val,current_repo_v1
5081,203.24,0.20263597319165066,,5,1,val,current_repo_v1
5082,203.28,0.053804221137206294,,5,1,val,current_repo_v1
5083,203.32,0.3067878779495409,,5,1,val,current_repo_v1
5084,203.36,0.34635385184427925,,5,1,val,current_repo_v1
5085,203.4,0.339690745360542,,5,1,val,current_repo_v1
5086,203.44,0.2960029505128571,,5,1,val,current_repo_v1
5087,203.48,0.641448354115891,,5,1,val,current_repo_v1
5088,203.52,0.5087126807964649,,5,1,val,current_repo_v1
5089,203.56,0.23666095711435128,,5,1,val,current_repo_v1
5090,203.6,0.1459503048773251,,5,1,val,current_repo_v1
5091,203.64,-0.09008118821330355,,5,1,val,current_repo_v1
5092,203.68,-0.44400892749496074,,5,1,val,current_repo_v1
5093,203.72,-1.0196568260853232,,5,1,val,current_repo_v1
5094,203.76,-1.5105213104736248,,5,1,val,current_repo_v1
5095,203.8,-1.2409326036827226,,5,1,val,current_repo_v1
5096,203.84,-0.9323158996776519,,5,1,val,current_repo_v1
5097,203.88,-0.9053611214764482,,5,1,val,current_repo_v1
5098,203.92,-0.8209276550584623,,5,1,val,current_repo_v1
5099,203.96,-0.5820982166863911,,5,1,val,current_repo_v1
5100,204.0,-0.3380261709049868,,5,1,val,current_repo_v1
5101,204.04,0.17715825210924263,,5,1,val,current_repo_v1
5102,204.08,0.43716650909262644,,5,1,val,current_repo_v1
5103,204.12,0.6803173585641689,,5,1,val,current_repo_v1
5104,204.16,0.8790469797635972,,5,1,val,current_repo_v1
5105,204.2,1.10858154143507,,5,1,val,current_repo_v1
5106,204.24,1.3352783789400433,,5,1,val,current_repo_v1
5107,204.28,0.9501570570238502,,5,1,val,current_repo_v1
5108,204.32,0.772274722802149,,5,1,val,current_repo_v1
5109,204.36,0.9762840906477304,,5,1,val,current_repo_v1
5110,204.4,1.427743087661613,,5,1,val,current_repo_v1
5111,204.44,1.8100877451813733,,5,1,val,current_repo_v1
5112,204.48,1.9300420371143545,,5,1,val,current_repo_v1
5113,204.52,1.8288380055652789,,5,1,val,current_repo_v1
5114,204.56,1.6923278398911334,,5,1,val,current_repo_v1
5115,204.6,1.5546892962141223,,5,1,val,current_repo_v1
5116,204.64,1.4841786851146839,,5,1,val,current_repo_v1
5117,204.68,1.3016761070582392,,5,1,val,current_repo_v1
5118,204.72,1.3860263324760138,,5,1,val,current_repo_v1
5119,204.76,1.6094658031320062,,5,1,val,current_repo_v1
5120,204.8,1.9772443496590189,,5,1,val,current_repo_v1
5121,204.84,2.2026013917535097,,5,1,val,current_repo_v1
5122,204.88,2.088375422967821,,5,1,val,current_repo_v1
5123,204.92,2.0830617496799886,,5,1,val,current_repo_v1
5124,204.96,1.9589629235417907,,5,1,val,current_repo_v1
5125,205.0,1.6139408458513365,,5,1,val,current_repo_v1
5126,205.04,0.8353477464402195,,5,1,val,current_repo_v1
5127,205.08,0.576640201703502,,5,1,val,current_repo_v1
5128,205.12,0.3865033926232431,,5,1,val,current_repo_v1
5129,205.16,-0.09138120473872925,,5,1,val,current_repo_v1
5130,205.2,-0.3503885439430222,,5,1,val,current_repo_v1
5131,205.24,-0.163578632911036,,5,1,val,current_repo_v1
5132,205.28,0.010045209500900222,,5,1,val,current_repo_v1
5133,205.32,-0.12898747513512748,,5,1,val,current_repo_v1
5134,205.36,-0.2880536191541716,,5,1,val,current_repo_v1
5135,205.4,-0.4656398830631739,,5,1,val,current_repo_v1
5136,205.44,-0.5228793250227112,,5,1,val,current_repo_v1
5137,205.48,-0.44657597517404696,,5,1,val,current_repo_v1
5138,205.52,-0.4845750825227703,,5,1,val,current_repo_v1
5139,205.56,-0.9324920399258869,,5,1,val,current_repo_v1
5140,205.6,-0.9853662812725674,,5,1,val,current_repo_v1
5141,205.64,-0.9243548024450428,,5,1,val,current_repo_v1
5142,205.68,-0.7922052538085214,,5,1,val,current_repo_v1
5143,205.72,-1.125867676930301,,5,1,val,current_repo_v1
5144,205.76,-1.5606731536806477,,5,1,val,current_repo_v1
5145,205.8,-1.7682683506503807,,5,1,val,current_repo_v1
5146,205.84,-1.9237551725851127,,5,1,val,current_repo_v1
5147,205.88,-2.0357594169757784,,5,1,val,current_repo_v1
5148,205.92,-2.300594792551068,,5,1,val,current_repo_v1
5149,205.96,-2.5214617316076064,,5,1,val,current_repo_v1
5150,206.0,-2.5554715324373483,,5,1,val,current_repo_v1
5151,206.04,-2.4036504247951123,,5,1,val,current_repo_v1
5152,206.08,-2.3647668102007793,,5,1,val,current_repo_v1
5153,206.12,-2.45934479265338,,5,1,val,current_repo_v1
5154,206.16,-2.6674497486686555,,5,1,val,current_repo_v1
5155,206.2,-2.725256981010166,,5,1,val,current_repo_v1
5156,206.24,-2.804176324573439,,5,1,val,current_repo_v1
5157,206.28,-2.9767423663214605,,5,1,val,current_repo_v1
5158,206.32,-3.274631539892206,,5,1,val,current_repo_v1
5159,206.36,-2.9721342362212613,,5,1,val,current_repo_v1
5160,206.4,-3.097152887689229,,5,1,val,current_repo_v1
5161,206.44,-3.3984758139058635,,5,1,val,current_repo_v1
5162,206.48,-3.727817153326403,,5,1,val,current_repo_v1
5163,206.52,-3.207179646765138,,5,1,val,current_repo_v1
5164,206.56,-2.5255342382020207,,5,1,val,current_repo_v1
5165,206.6,-2.3235213447685896,,5,1,val,current_repo_v1
5166,206.64,-2.8497445925475815,,5,1,val,current_repo_v1
5167,206.68,-3.5805779839258927,,5,1,val,current_repo_v1
5168,206.72,-4.665693584558,,5,1,val,current_repo_v1
5169,206.76,-4.833652151002284,,5,1,val,current_repo_v1
5170,206.8,-3.761726770297483,,5,1,val,current_repo_v1
5171,206.84,0.5187824272600934,,5,1,val,current_repo_v1
5172,206.88,-0.29656636194349156,,5,1,val,current_repo_v1
5173,206.92,-0.4416740870111545,,5,1,val,current_repo_v1
5174,206.96,0.32836035200875596,,5,1,val,current_repo_v1
5175,207.0,0.4737948818980454,,5,1,val,current_repo_v1
5176,207.04,0.2637284421565492,,5,1,val,current_repo_v1
5177,207.08,0.332185550164489,,5,1,val,current_repo_v1
5178,207.12,0.2715828894154362,,5,1,val,current_repo_v1
5179,207.16,-0.006316322696628624,,5,1,val,current_repo_v1
5180,207.2,-0.5557215419114344,,5,1,val,current_repo_v1
5181,207.24,-0.77709156927456,,5,1,val,current_repo_v1
5182,207.28,-0.8507027234703689,,5,1,val,current_repo_v1
5183,207.32,-1.2696116246670668,,5,1,val,current_repo_v1
5184,207.36,-1.0947141801166635,,5,1,val,current_repo_v1
5185,207.4,-0.8710833451946984,,5,1,val,current_repo_v1
5186,207.44,-0.91717086676308,,5,1,val,current_repo_v1
5187,207.48,-0.928324833393179,,5,1,val,current_repo_v1
5188,207.52,-0.7636052994969444,,5,1,val,current_repo_v1
5189,207.56,-0.6885144689964925,,5,1,val,current_repo_v1
5190,207.6,-0.7476165613412916,,5,1,val,current_repo_v1
5191,207.64,-0.6353058312817059,,5,1,val,current_repo_v1
5192,207.68,-0.738260174698059,,5,1,val,current_repo_v1
5193,207.72,-0.7086157381802896,,5,1,val,current_repo_v1
5194,207.76,-0.6627445449929884,,5,1,val,current_repo_v1
5195,207.8,-0.7715655782339763,,5,1,val,current_repo_v1
5196,207.84,-0.8513932881889369,,5,1,val,current_repo_v1
5197,207.88,-1.1128618640565606,,5,1,val,current_repo_v1
5198,207.92,-1.0660588136545033,,5,1,val,current_repo_v1
5199,207.96,-0.9197445442563423,,5,1,val,current_repo_v1
5200,208.0,-0.9908873613396874,,5,1,val,current_repo_v1
5201,208.04,-1.2291890746882943,,5,1,val,current_repo_v1
5202,208.08,-0.9763625025240358,,5,1,val,current_repo_v1
5203,208.12,-0.8790982994362939,,5,1,val,current_repo_v1
5204,208.16,-1.0792157208118134,,5,1,val,current_repo_v1
5205,208.2,-0.9216396070664652,,5,1,val,current_repo_v1
5206,208.24,-0.6466778860583766,,5,1,val,current_repo_v1
5207,208.28,-0.6868771504436615,,5,1,val,current_repo_v1
5208,208.32,-0.8284878531573099,,5,1,val,current_repo_v1
5209,208.36,-0.8297282832047082,,5,1,val,current_repo_v1
5210,208.4,-0.713940215609742,,5,1,val,current_repo_v1
5211,208.44,0.04887444273751739,,5,1,val,current_repo_v1
5212,208.48,-0.11241776881870708,,5,1,val,current_repo_v1
5213,208.52,-0.5405217107179622,,5,1,val,current_repo_v1
5214,208.56,-0.5586002727063565,,5,1,val,current_repo_v1
5215,208.6,-0.02669361928267539,,5,1,val,current_repo_v1
5216,208.64,0.46756535298399343,,5,1,val,current_repo_v1
5217,208.68,0.6670981638934264,,5,1,val,current_repo_v1
5218,208.72,0.8099620242607,,5,1,val,current_repo_v1
5219,208.76,0.8337283529405313,,5,1,val,current_repo_v1
5220,208.8,1.1603306787611938,,5,1,val,current_repo_v1
5221,208.84,1.359556594753918,,5,1,val,current_repo_v1
5222,208.88,1.410568758662241,,5,1,val,current_repo_v1
5223,208.92,0.9214851569510287,,5,1,val,current_repo_v1
5224,208.96,-0.3278844172929454,,5,1,val,current_repo_v1
5225,209.0,-0.8907134064746438,,5,1,val,current_repo_v1
5226,209.04,-0.7861544434037728,,5,1,val,current_repo_v1
5227,209.08,-0.4742948189966603,,5,1,val,current_repo_v1
5228,209.12,-0.3201302562046671,,5,1,val,current_repo_v1
5229,209.16,-0.2843814387466148,,5,1,val,current_repo_v1
5230,209.2,-0.21564364814282944,,5,1,val,current_repo_v1
5231,209.24,0.030990713390104733,,5,1,val,current_repo_v1
5232,209.28,0.12825492159344393,,5,1,val,current_repo_v1
5233,209.32,0.05488399073397527,,5,1,val,current_repo_v1
5234,209.36,-0.39394286262443895,,5,1,val,current_repo_v1
5235,209.4,-0.8129744153833952,,5,1,val,current_repo_v1
5236,209.44,-0.7537539685781185,,5,1,val,current_repo_v1
5237,209.48,-0.5848621534765968,,5,1,val,current_repo_v1
5238,209.52,-0.7737472781952697,,5,1,val,current_repo_v1
5239,209.56,-0.6342935568764801,,5,1,val,current_repo_v1
5240,209.6,-0.5276396543755095,,5,1,val,current_repo_v1
5241,209.64,-0.5698409180180916,,5,1,val,current_repo_v1
5242,209.68,-0.5947014115856576,,5,1,val,current_repo_v1
5243,209.72,-0.20187890570742695,,5,1,val,current_repo_v1
5244,209.76,-0.14898698485627668,,5,1,val,current_repo_v1
5245,209.8,-0.6301425974809817,,5,1,val,current_repo_v1
5246,209.84,-0.9074073604196984,,5,1,val,current_repo_v1
5247,209.88,-0.9314236576488371,,5,1,val,current_repo_v1
5248,209.92,-1.02417958709681,,5,1,val,current_repo_v1
5249,209.96,-0.9247584026142094,,5,1,val,current_repo_v1
5250,210.0,-1.1299661298345158,,5,1,val,current_repo_v1
5251,210.04,-1.2884439801573755,,5,1,val,current_repo_v1
5252,210.08,-1.0611810711111413,,5,1,val,current_repo_v1
5253,210.12,-0.7357933108776343,,5,1,val,current_repo_v1
5254,210.16,-0.7372603823503869,,5,1,val,current_repo_v1
5255,210.2,-0.7125798759602693,,5,1,val,current_repo_v1
5256,210.24,-0.7881198968335434,,5,1,val,current_repo_v1
5257,210.28,-0.7221119936039482,,5,1,val,current_repo_v1
5258,210.32,-0.8579934728251692,,5,1,val,current_repo_v1
5259,210.36,-1.0004964994171903,,5,1,val,current_repo_v1
5260,210.4,-1.014766969807417,,5,1,val,current_repo_v1
5261,210.44,-1.140131435656794,,5,1,val,current_repo_v1
5262,210.48,-0.9597202774994665,,5,1,val,current_repo_v1
5263,210.52,-0.9596297518886172,,5,1,val,current_repo_v1
5264,210.56,-1.381176091384049,,5,1,val,current_repo_v1
5265,210.6,-1.3409130661932924,,5,1,val,current_repo_v1
5266,210.64,-1.321136330505895,,5,1,val,current_repo_v1
5267,210.68,-1.318792650269854,,5,1,val,current_repo_v1
5268,210.72,-1.2110718387838728,,5,1,val,current_repo_v1
5269,210.76,-1.3606420017389758,,5,1,val,current_repo_v1
5270,210.8,-1.338889663276649,,5,1,val,current_repo_v1
5271,210.84,-1.3399397112527673,,5,1,val,current_repo_v1
5272,210.88,-1.5757085900374193,,5,1,val,current_repo_v1
5273,210.92,-1.57360751189049,,5,1,val,current_repo_v1
5274,210.96,-1.4901674535546732,,5,1,val,current_repo_v1
5275,211.0,-1.5336816250280232,,5,1,val,current_repo_v1
5276,211.04,-1.7554685531134466,,5,1,val,current_repo_v1
5277,211.08,-1.7088945177739179,,5,1,val,current_repo_v1
5278,211.12,-1.8099995113581404,,5,1,val,current_repo_v1
5279,211.16,-1.8506613894437152,,5,1,val,current_repo_v1
5280,211.2,-1.8365752442574965,,5,1,val,current_repo_v1
5281,211.24,-1.9089350005651713,,5,1,val,current_repo_v1
5282,211.28,-1.9319825264290176,,5,1,val,current_repo_v1
5283,211.32,-1.9835840890025542,,5,1,val,current_repo_v1
5284,211.36,-1.7548271799790744,,5,1,val,current_repo_v1
5285,211.4,-1.5796571764014302,,5,1,val,current_repo_v1
5286,211.44,-1.6039943238968706,,5,1,val,current_repo_v1
5287,211.48,-1.6367369298738363,,5,1,val,current_repo_v1
5288,211.52,-1.762817824902024,,5,1,val,current_repo_v1
5289,211.56,-1.6919442928636108,,5,1,val,current_repo_v1
5290,211.6,-1.7317478964868287,,5,1,val,current_repo_v1
5291,211.64,-2.002552887705599,,5,1,val,current_repo_v1
5292,211.68,-1.9568426925983526,,5,1,val,current_repo_v1
5293,211.72,-2.0098029578302077,,5,1,val,current_repo_v1
5294,211.76,-1.5993457601151526,,5,1,val,current_repo_v1
5295,211.8,-1.3391417599144575,,5,1,val,current_repo_v1
5296,211.84,-1.4428515338238797,,5,1,val,current_repo_v1
5297,211.88,-1.5198282599839885,,5,1,val,current_repo_v1
5298,211.92,-1.5091853619923556,,5,1,val,current_repo_v1
5299,211.96,-1.4753168334992561,,5,1,val,current_repo_v1
5300,212.0,-1.4531328204694611,,5,1,val,current_repo_v1
5301,212.04,-1.4185839584525097,,5,1,val,current_repo_v1
5302,212.08,-1.0110902058246274,,5,1,val,current_repo_v1
5303,212.12,-1.131080429713452,,5,1,val,current_repo_v1
5304,212.16,-1.219928452027606,,5,1,val,current_repo_v1
5305,212.2,-1.181102132123684,,5,1,val,current_repo_v1
5306,212.24,-1.238255959445836,,5,1,val,current_repo_v1
5307,212.28,-1.2214471705712862,,5,1,val,current_repo_v1
5308,212.32,-1.292966250071516,,5,1,val,current_repo_v1
5309,212.36,-1.323160470068558,,5,1,val,current_repo_v1
5310,212.4,-1.3837422387180003,,5,1,val,current_repo_v1
5311,212.44,-1.294610280288081,,5,1,val,current_repo_v1
5312,212.48,-1.1086601988600484,,5,1,val,current_repo_v1
5313,212.52,-1.3266583109181498,,5,1,val,current_repo_v1
5314,212.56,-1.5298946096909714,,5,1,val,current_repo_v1
5315,212.6,-1.1080018010176682,,5,1,val,current_repo_v1
5316,212.64,-0.8360609834862788,,5,1,val,current_repo_v1
5317,212.68,-0.9741292373413725,,5,1,val,current_repo_v1
5318,212.72,-0.7935467680597161,,5,1,val,current_repo_v1
5319,212.76,-0.8651727430823414,,5,1,val,current_repo_v1
5320,212.8,-0.6347569072227897,,5,1,val,current_repo_v1
5321,212.84,-0.593758750229281,,5,1,val,current_repo_v1
5322,212.88,-0.5707237473477674,,5,1,val,current_repo_v1
5323,212.92,-0.26880115034642416,,5,1,val,current_repo_v1
5324,212.96,-0.44528766313537665,,5,1,val,current_repo_v1
5325,213.0,-0.47948465390364686,,5,1,val,current_repo_v1
5326,213.04,-0.4752712842203793,,5,1,val,current_repo_v1
5327,213.08,-0.2602743908203429,,5,1,val,current_repo_v1
5328,213.12,-0.0011110796103993785,,5,1,val,current_repo_v1
5329,213.16,-0.003128026643176934,,5,1,val,current_repo_v1
5330,213.2,0.0738548561383526,,5,1,val,current_repo_v1
5331,213.24,-0.26364031064526344,,5,1,val,current_repo_v1
5332,213.28,-0.5391085371789748,,5,1,val,current_repo_v1
5333,213.32,-0.7611748587297096,,5,1,val,current_repo_v1
5334,213.36,-1.0240279198663365,,5,1,val,current_repo_v1
5335,213.4,-1.1070024179177849,,5,1,val,current_repo_v1
5336,213.44,-0.9521746486218949,,5,1,val,current_repo_v1
5337,213.48,-0.8730220338190914,,5,1,val,current_repo_v1
5338,213.52,-1.089238117306295,,5,1,val,current_repo_v1
5339,213.56,-0.9413149311518353,,5,1,val,current_repo_v1
5340,213.6,-0.9930143857964171,,5,1,val,current_repo_v1
5341,213.64,-0.9195787170523814,,5,1,val,current_repo_v1
5342,213.68,-0.6936005186642774,,5,1,val,current_repo_v1
5343,213.72,-0.6881452456415724,,5,1,val,current_repo_v1
5344,213.76,-0.7846831976035759,,5,1,val,current_repo_v1
5345,213.8,-0.6313932177983173,,5,1,val,current_repo_v1
5346,213.84,-0.4993603047815611,,5,1,val,current_repo_v1
5347,213.88,-0.5926563185362156,,5,1,val,current_repo_v1
5348,213.92,-0.37702292205049187,,5,1,val,current_repo_v1
5349,213.96,-0.3258482867700749,,5,1,val,current_repo_v1
5350,214.0,-0.3787683229443054,,5,1,val,current_repo_v1
5351,214.04,-0.48092954414625466,,5,1,val,current_repo_v1
5352,214.08,-0.36327043658635944,,5,1,val,current_repo_v1
5353,214.12,-0.44144830500615634,,5,1,val,current_repo_v1
5354,214.16,-0.6143644582373682,,5,1,val,current_repo_v1
5355,214.2,-0.7675735297548106,,5,1,val,current_repo_v1
5356,214.24,-0.5287312000773969,,5,1,val,current_repo_v1
5357,214.28,-0.4621786289658873,,5,1,val,current_repo_v1
5358,214.32,-0.45974761525174834,,5,1,val,current_repo_v1
5359,214.36,-0.5563896389264056,,5,1,val,current_repo_v1
5360,214.4,-0.5543001424918951,,5,1,val,current_repo_v1
5361,214.44,-0.5610634532966833,,5,1,val,current_repo_v1
5362,214.48,-0.6796552774916909,,5,1,val,current_repo_v1
5363,214.52,-0.5137461830481872,,5,1,val,current_repo_v1
5364,214.56,-0.28791781027550806,,5,1,val,current_repo_v1
5365,214.6,-0.17194549932609166,,5,1,val,current_repo_v1
5366,214.64,-0.37122813706232277,,5,1,val,current_repo_v1
5367,214.68,-0.40725872162286064,,5,1,val,current_repo_v1
5368,214.72,-0.2547506915673757,,5,1,val,current_repo_v1
5369,214.76,-0.15676934311719293,,5,1,val,current_repo_v1
5370,214.8,0.08557000379863798,,5,1,val,current_repo_v1
5371,214.84,0.197922420861095,,5,1,val,current_repo_v1
5372,214.88,0.29512126707698944,,5,1,val,current_repo_v1
5373,214.92,0.2932135789725867,,5,1,val,current_repo_v1
5374,214.96,-0.05053441827104759,,5,1,val,current_repo_v1
5375,215.0,-0.12899582379001595,,5,1,val,current_repo_v1
5376,215.04,-0.19042389640399698,,5,1,val,current_repo_v1
5377,215.08,-0.20221837674811216,,5,1,val,current_repo_v1
5378,215.12,-0.09145583107298959,,5,1,val,current_repo_v1
5379,215.16,-0.055354068090810775,,5,1,val,current_repo_v1
5380,215.2,-0.08156935088471597,,5,1,val,current_repo_v1
5381,215.24,-0.05914065371768467,,5,1,val,current_repo_v1
5382,215.28,-0.3379186819732979,,5,1,val,current_repo_v1
5383,215.32,-0.4789749767076621,,5,1,val,current_repo_v1
5384,215.36,-0.47309817846264757,,5,1,val,current_repo_v1
5385,215.4,-0.4182377757480906,,5,1,val,current_repo_v1
5386,215.44,-0.24972142503026593,,5,1,val,current_repo_v1
5387,215.48,-0.24721079215884512,,5,1,val,current_repo_v1
5388,215.52,-0.3431094172254195,,5,1,val,current_repo_v1
5389,215.56,-0.39734207475696615,,5,1,val,current_repo_v1
5390,215.6,-0.4862508703677345,,5,1,val,current_repo_v1
5391,215.64,-0.22586414102940716,,5,1,val,current_repo_v1
5392,215.68,-0.38673302155745465,,5,1,val,current_repo_v1
5393,215.72,0.03077763852894409,,5,1,val,current_repo_v1
5394,215.76,0.5510105269171683,,5,1,val,current_repo_v1
5395,215.8,1.0868454910347314,,5,1,val,current_repo_v1
5396,215.84,1.3266047813073945,,5,1,val,current_repo_v1
5397,215.88,1.1923882039399594,,5,1,val,current_repo_v1
5398,215.92,0.9520132412940513,,5,1,val,current_repo_v1
5399,215.96,1.0208686087875158,,5,1,val,current_repo_v1
5400,216.0,0.6999034257068344,,5,1,val,current_repo_v1
5401,216.04,0.28038271952849414,,5,1,val,current_repo_v1
5402,216.08,-0.5521156596456389,,5,1,val,current_repo_v1
5403,216.12,-1.0289996257019725,,5,1,val,current_repo_v1
5404,216.16,-0.8774021310514549,,5,1,val,current_repo_v1
5405,216.2,-1.1325088681949562,,5,1,val,current_repo_v1
5406,216.24,-1.2674817354758166,,5,1,val,current_repo_v1
5407,216.28,-0.9438665911140682,,5,1,val,current_repo_v1
5408,216.32,-1.1601589583890763,,5,1,val,current_repo_v1
5409,216.36,-1.3235827319368871,,5,1,val,current_repo_v1
5410,216.4,-1.405426969445642,,5,1,val,current_repo_v1
5411,216.44,-1.358855389592845,,5,1,val,current_repo_v1
5412,216.48,-1.1922534795679358,,5,1,val,current_repo_v1
5413,216.52,-1.0646226813145727,,5,1,val,current_repo_v1
5414,216.56,-0.8658984212611757,,5,1,val,current_repo_v1
5415,216.6,-0.9270321014783912,,5,1,val,current_repo_v1
5416,216.64,-0.7423699228412404,,5,1,val,current_repo_v1
5417,216.68,-0.641280685296881,,5,1,val,current_repo_v1
5418,216.72,-0.7105868392295436,,5,1,val,current_repo_v1
5419,216.76,-0.8431191163980105,,5,1,val,current_repo_v1
5420,216.8,-0.7431876817725209,,5,1,val,current_repo_v1
5421,216.84,-0.8979119932274402,,5,1,val,current_repo_v1
5422,216.88,-0.946206097022665,,5,1,val,current_repo_v1
5423,216.92,-0.6831942068192631,,5,1,val,current_repo_v1
5424,216.96,-0.637292974844275,,5,1,val,current_repo_v1
5425,217.0,-0.4940423753167271,,5,1,val,current_repo_v1
5426,217.04,-0.40679471648008925,,5,1,val,current_repo_v1
5427,217.08,-0.41829060963760534,,5,1,val,current_repo_v1
5428,217.12,-0.45766781798982886,,5,1,val,current_repo_v1
5429,217.16,-0.38330319769033644,,5,1,val,current_repo_v1
5430,217.2,-0.45254358550336293,,5,1,val,current_repo_v1
5431,217.24,-0.506191346095371,,5,1,val,current_repo_v1
5432,217.28,-0.5244127764867829,,5,1,val,current_repo_v1
5433,217.32,-0.46302511709193106,,5,1,val,current_repo_v1
5434,217.36,-0.5427209674093887,,5,1,val,current_repo_v1
5435,217.4,-0.6216081031716949,,5,1,val,current_repo_v1
5436,217.44,-0.6650046977553659,,5,1,val,current_repo_v1
5437,217.48,-0.5785166437392414,,5,1,val,current_repo_v1
5438,217.52,-0.5581030775679255,,5,1,val,current_repo_v1
5439,217.56,-0.4609886591708296,,5,1,val,current_repo_v1
5440,217.6,-0.5273652128084408,,5,1,val,current_repo_v1
5441,217.64,-0.5507227438721897,,5,1,val,current_repo_v1
5442,217.68,-0.6937195279212168,,5,1,val,current_repo_v1
5443,217.72,-0.566075265415607,,5,1,val,current_repo_v1
5444,217.76,-0.49882406740409296,,5,1,val,current_repo_v1
5445,217.8,-0.4913382296284431,,5,1,val,current_repo_v1
5446,217.84,-0.44758280658368377,,5,1,val,current_repo_v1
5447,217.88,-0.5236038573077373,,5,1,val,current_repo_v1
5448,217.92,-0.3724032511626525,,5,1,val,current_repo_v1
5449,217.96,-0.4186315539703297,,5,1,val,current_repo_v1
5450,218.0,-0.6605897326114093,,5,1,val,current_repo_v1
5451,218.04,-1.169321852677835,,5,1,val,current_repo_v1
5452,218.08,-1.157644703674726,,5,1,val,current_repo_v1
5453,218.12,-1.0264567236424167,,5,1,val,current_repo_v1
5454,218.16,-0.7983211346116652,,5,1,val,current_repo_v1
5455,218.2,-0.6341223685264877,,5,1,val,current_repo_v1
5456,218.24,-1.0245365330180707,,5,1,val,current_repo_v1
5457,218.28,-0.7468153360206726,,5,1,val,current_repo_v1
5458,218.32,-0.214664891131494,,5,1,val,current_repo_v1
5459,218.36,-0.17149962386035744,,5,1,val,current_repo_v1
5460,218.4,-0.08343059959630161,,5,1,val,current_repo_v1
5461,218.44,0.13023506701882712,,5,1,val,current_repo_v1
5462,218.48,0.022457426361794524,,5,1,val,current_repo_v1
5463,218.52,0.02574302107699776,,5,1,val,current_repo_v1
5464,218.56,0.06705182783567588,,5,1,val,current_repo_v1
5465,218.6,-0.01839504609235069,,5,1,val,current_repo_v1
5466,218.64,-0.06975526757152443,,5,1,val,current_repo_v1
5467,218.68,0.26573825804660955,,5,1,val,current_repo_v1
5468,218.72,0.4691280656649536,,5,1,val,current_repo_v1
5469,218.76,0.28606154415574925,,5,1,val,current_repo_v1
5470,218.8,0.7137715236712604,,5,1,val,current_repo_v1
5471,218.84,0.6184710960973558,,5,1,val,current_repo_v1
5472,218.88,0.22511337596112865,,5,1,val,current_repo_v1
5473,218.92,0.47781254928878053,,5,1,val,current_repo_v1
5474,218.96,-0.006895602710268034,,5,1,val,current_repo_v1
5475,219.0,-0.539443465569206,,5,1,val,current_repo_v1
5476,219.04,0.10774164219842346,,5,1,val,current_repo_v1
5477,219.08,-1.3923238374477604,,5,1,val,current_repo_v1
5478,219.12,-1.747125627694027,,5,1,val,current_repo_v1
5479,219.16,-0.6584794873140143,,5,1,val,current_repo_v1
5480,219.2,-0.9654031741422187,,5,1,val,current_repo_v1
5481,219.24,-2.4334186178441692,,5,1,val,current_repo_v1
5482,219.28,-2.273705248447375,,5,1,val,current_repo_v1
5483,219.32,-3.624637273453725,,5,1,val,current_repo_v1
5484,219.36,-3.2040349867571507,,5,1,val,current_repo_v1
5485,219.4,-2.9375095815138517,,5,1,val,current_repo_v1
5486,219.44,-3.142764044831622,,5,1,val,current_repo_v1
5487,219.48,-3.739514109922483,,5,1,val,current_repo_v1
5488,219.52,-3.662213750611109,,5,1,val,current_repo_v1
5489,219.56,-3.843870986435318,,5,1,val,current_repo_v1
5490,219.6,-3.7227627794374594,,5,1,val,current_repo_v1
5491,219.64,-4.149335500273091,,5,1,val,current_repo_v1
5492,219.68,-4.171567149745485,,5,1,val,current_repo_v1
5493,219.72,-3.9668365235971867,,5,1,val,current_repo_v1
5494,219.76,-4.003222908185177,,5,1,val,current_repo_v1
5495,219.8,-4.218881432485124,,5,1,val,current_repo_v1
5496,219.84,-3.7602436563114154,,5,1,val,current_repo_v1
5497,219.88,-3.321245517815907,,5,1,val,current_repo_v1
5498,219.92,-3.3102658907437728,,5,1,val,current_repo_v1
5499,219.96,-3.29641498118647,,5,1,val,current_repo_v1
5500,220.0,-3.1130156593755354,,5,1,val,current_repo_v1
5501,220.04,-3.3462597248528896,,5,1,val,current_repo_v1
5502,220.08,-3.1866360625713677,,5,1,val,current_repo_v1
5503,220.12,-3.005473198075848,,5,1,val,current_repo_v1
5504,220.16,-3.2383067061716284,,5,1,val,current_repo_v1
5505,220.2,-2.8386582336521675,,5,1,val,current_repo_v1
5506,220.24,-2.3234525911400965,,5,1,val,current_repo_v1
5507,220.28,-3.1438228507104173,,5,1,val,current_repo_v1
5508,220.32,-2.3394319165966104,,5,1,val,current_repo_v1
5509,220.36,-3.8427234556359435,,5,1,val,current_repo_v1
5510,220.4,-3.78037602832715,,5,1,val,current_repo_v1
5511,220.44,-3.738328928326552,,5,1,val,current_repo_v1
5512,220.48,-4.7086937408088065,,5,1,val,current_repo_v1
5513,220.52,-3.8798474684381965,,5,1,val,current_repo_v1
5514,220.56,-2.5600768796525846,,5,1,val,current_repo_v1
5515,220.6,-2.117960764104909,,5,1,val,current_repo_v1
5516,220.64,-2.0572169333311616,,5,1,val,current_repo_v1
5517,220.68,-1.6303066649194515,,5,1,val,current_repo_v1
5518,220.72,-0.9230368608664742,,5,1,val,current_repo_v1
5519,220.76,-1.7446701409621268,,5,1,val,current_repo_v1
5520,220.8,-1.647128222325007,,5,1,val,current_repo_v1
5521,220.84,-0.20714784821195958,,5,1,val,current_repo_v1
5522,220.88,-0.9511585682122345,,5,1,val,current_repo_v1
5523,220.92,-3.473756453530691,,5,1,val,current_repo_v1
5524,220.96,-3.370490467923281,,5,1,val,current_repo_v1
5525,221.0,-3.2753773530622414,,5,1,val,current_repo_v1
5526,221.04,-3.0792432222632105,,5,1,val,current_repo_v1
5527,221.08,-2.8192117609302105,,5,1,val,current_repo_v1
5528,221.12,-2.3979496030992173,,5,1,val,current_repo_v1
5529,221.16,-2.068612683554795,,5,1,val,current_repo_v1
5530,221.2,-1.5056303083019107,,5,1,val,current_repo_v1
5531,221.24,-0.5634077064796285,,5,1,val,current_repo_v1
5532,221.28,0.23764112603055754,,5,1,val,current_repo_v1
5533,221.32,0.4335702441498642,,5,1,val,current_repo_v1
5534,221.36,0.384516862932357,,5,1,val,current_repo_v1
5535,221.4,0.36018507658294796,,5,1,val,current_repo_v1
5536,221.44,0.18415978605180405,,5,1,val,current_repo_v1
5537,221.48,0.6740375330968917,,5,1,val,current_repo_v1
5538,221.52,0.8015211249206775,,5,1,val,current_repo_v1
5539,221.56,0.5582359603249002,,5,1,val,current_repo_v1
5540,221.6,0.7686018875981304,,5,1,val,current_repo_v1
5541,221.64,1.6001596721172198,,5,1,val,current_repo_v1
5542,221.68,1.9231532509375662,,5,1,val,current_repo_v1
5543,221.72,1.8107309190060157,,5,1,val,current_repo_v1
5544,221.76,1.9411763598505984,,5,1,val,current_repo_v1
5545,221.8,1.6348751798337096,,5,1,val,current_repo_v1
5546,221.84,0.5285771182849702,,5,1,val,current_repo_v1
5547,221.88,-1.060062515055203,,5,1,val,current_repo_v1
5548,221.92,-3.289867998762762,,5,1,val,current_repo_v1
5549,221.96,-5.400620436017505,,5,1,val,current_repo_v1
5550,222.0,-4.991222371579476,,5,1,val,current_repo_v1
5551,222.04,2.0045866855160743,,5,1,val,current_repo_v1
5552,222.08,0.8262636732755546,,5,1,val,current_repo_v1
5553,222.12,-0.37586065833072574,,5,1,val,current_repo_v1
5554,222.16,0.3576409467800261,,5,1,val,current_repo_v1
5555,222.2,0.6444845225351067,,5,1,val,current_repo_v1
5556,222.24,0.959140209683834,,5,1,val,current_repo_v1
5557,222.28,1.306373043928576,,5,1,val,current_repo_v1
5558,222.32,1.6619993047698567,,5,1,val,current_repo_v1
5559,222.36,1.4453600590691889,,5,1,val,current_repo_v1
5560,222.4,1.0283952485676942,,5,1,val,current_repo_v1
5561,222.44,0.5733130990313351,,5,1,val,current_repo_v1
5562,222.48,0.21594119174756746,,5,1,val,current_repo_v1
5563,222.52,-0.054250214261679745,,5,1,val,current_repo_v1
5564,222.56,-0.5635861385154798,,5,1,val,current_repo_v1
5565,222.6,-0.8800742735626665,,5,1,val,current_repo_v1
5566,222.64,-1.773656179637516,,5,1,val,current_repo_v1
5567,222.68,-2.9284583300218365,,5,1,val,current_repo_v1
5568,222.72,-3.2682996581062125,,5,1,val,current_repo_v1
5569,222.76,-3.353993525863683,,5,1,val,current_repo_v1
5570,222.8,-1.5210821952084124,,5,1,val,current_repo_v1
5571,222.84,-0.009436745004332706,,5,1,val,current_repo_v1
5572,222.88,-1.1371359873925488,,5,1,val,current_repo_v1
5573,222.92,-1.8712097209118335,,5,1,val,current_repo_v1
5574,222.96,-0.400882968473924,,5,1,val,current_repo_v1
5575,223.0,-0.5271165129272782,,5,1,val,current_repo_v1
5576,223.04,-0.9188057298291792,,5,1,val,current_repo_v1
5577,223.08,-1.2187172422723171,,5,1,val,current_repo_v1
5578,223.12,-1.3075479124802323,,5,1,val,current_repo_v1
5579,223.16,-1.1410537983228535,,5,1,val,current_repo_v1
5580,223.2,-0.8927802715064419,,5,1,val,current_repo_v1
5581,223.24,-1.0976584724073273,,5,1,val,current_repo_v1
5582,223.28,-1.147632374675845,,5,1,val,current_repo_v1
5583,223.32,-0.7158108054021035,,5,1,val,current_repo_v1
5584,223.36,-0.5212391417353596,,5,1,val,current_repo_v1
5585,223.4,-0.2815384148212524,,5,1,val,current_repo_v1
5586,223.44,-0.06531539458403114,,5,1,val,current_repo_v1
5587,223.48,0.39504897754760226,,5,1,val,current_repo_v1
5588,223.52,0.4839762302336387,,5,1,val,current_repo_v1
5589,223.56,0.6214009828658591,,5,1,val,current_repo_v1
5590,223.6,0.5319547221342567,,5,1,val,current_repo_v1
5591,223.64,0.3923219958327116,,5,1,val,current_repo_v1
5592,223.68,0.29042058558938677,,5,1,val,current_repo_v1
5593,223.72,0.38596805559091,,5,1,val,current_repo_v1
5594,223.76,0.4553123104926959,,5,1,val,current_repo_v1
5595,223.8,0.3733930578642815,,5,1,val,current_repo_v1
5596,223.84,0.26663313972366115,,5,1,val,current_repo_v1
5597,223.88,0.2530896366428029,,5,1,val,current_repo_v1
5598,223.92,0.19487638957017278,,5,1,val,current_repo_v1
5599,223.96,0.25814707989016117,,5,1,val,current_repo_v1
5600,224.0,0.03086687500925923,,5,1,val,current_repo_v1
5601,224.04,-0.1808907965656253,,5,1,val,current_repo_v1
5602,224.08,0.046236288255153225,,5,1,val,current_repo_v1
5603,224.12,0.07872056679672834,,5,1,val,current_repo_v1
5604,224.16,0.3029353829663049,,5,1,val,current_repo_v1
5605,224.2,0.2030202773275825,,5,1,val,current_repo_v1
5606,224.24,-0.16070522233736637,,5,1,val,current_repo_v1
5607,224.28,-0.9992524679892518,,5,1,val,current_repo_v1
5608,224.32,-2.081668670207424,,5,1,val,current_repo_v1
5609,224.36,-2.890534810739677,,5,1,val,current_repo_v1
5610,224.4,-2.7599497345496067,,5,1,val,current_repo_v1
5611,224.44,-2.2029337009578938,,5,1,val,current_repo_v1
5612,224.48,-0.1977902747501399,,5,1,val,current_repo_v1
5613,224.52,1.2314741506410007,,5,1,val,current_repo_v1
5614,224.56,1.5378990053396195,,5,1,val,current_repo_v1
5615,224.6,0.9869299352234415,,5,1,val,current_repo_v1
5616,224.64,-0.46076426860831277,,5,1,val,current_repo_v1
5617,224.68,-1.4317520789992286,,5,1,val,current_repo_v1
5618,224.72,-2.0110138401872653,,5,1,val,current_repo_v1
5619,224.76,-3.047189298464985,,5,1,val,current_repo_v1
5620,224.8,-2.4175599386357494,,5,1,val,current_repo_v1
5621,224.84,-1.0201556172901298,,5,1,val,current_repo_v1
5622,224.88,-2.1462286547607756,,5,1,val,current_repo_v1
5623,224.92,-0.5885022897823022,,5,1,val,current_repo_v1
5624,224.96,1.0330718048981558,,5,1,val,current_repo_v1
5625,225.0,1.1874491560778575,,5,1,val,current_repo_v1
5626,225.04,0.8464153617869133,,5,1,val,current_repo_v1
5627,225.08,0.4021861771321012,,5,1,val,current_repo_v1
5628,225.12,-0.04142553701699451,,5,1,val,current_repo_v1
5629,225.16,-0.41843049053176595,,5,1,val,current_repo_v1
5630,225.2,-0.3606884513629875,,5,1,val,current_repo_v1
5631,225.24,-0.7914904616208651,,5,1,val,current_repo_v1
5632,225.28,-1.3166219999988542,,5,1,val,current_repo_v1
5633,225.32,-1.4054953956759042,,5,1,val,current_repo_v1
5634,225.36,-1.7362514228522492,,5,1,val,current_repo_v1
5635,225.4,-1.684246505658219,,5,1,val,current_repo_v1
5636,225.44,-1.5210672985889055,,5,1,val,current_repo_v1
5637,225.48,-1.2926747837964394,,5,1,val,current_repo_v1
5638,225.52,-1.3576334575454938,,5,1,val,current_repo_v1
5639,225.56,-1.3691295553269043,,5,1,val,current_repo_v1
5640,225.6,-1.3915438111625935,,5,1,val,current_repo_v1
5641,225.64,-1.1902927734125135,,5,1,val,current_repo_v1
5642,225.68,-1.3637323954901877,,5,1,val,current_repo_v1
5643,225.72,-1.2502807235206246,,5,1,val,current_repo_v1
5644,225.76,-1.2159765916812857,,5,1,val,current_repo_v1
5645,225.8,-1.0740144269667447,,5,1,val,current_repo_v1
5646,225.84,-0.895017547317434,,5,1,val,current_repo_v1
5647,225.88,-0.6493317351934355,,5,1,val,current_repo_v1
5648,225.92,-0.32752405415264957,,5,1,val,current_repo_v1
5649,225.96,-0.5504989671813558,,5,1,val,current_repo_v1
5650,226.0,-0.6274255195625763,,5,1,val,current_repo_v1
5651,226.04,-0.6973977651960457,,5,1,val,current_repo_v1
5652,226.08,-0.733249344773828,,5,1,val,current_repo_v1
5653,226.12,-1.0969904981666927,,5,1,val,current_repo_v1
5654,226.16,-1.4180720713184662,,5,1,val,current_repo_v1
5655,226.2,-1.8952733271853401,,5,1,val,current_repo_v1
5656,226.24,-1.9541097358657478,,5,1,val,current_repo_v1
5657,226.28,-1.5464372238037831,,5,1,val,current_repo_v1
5658,226.32,-1.5459520196255596,,5,1,val,current_repo_v1
5659,226.36,-1.8434059172482964,,5,1,val,current_repo_v1
5660,226.4,-2.051450140891736,,5,1,val,current_repo_v1
5661,226.44,-1.7331352464903524,,5,1,val,current_repo_v1
5662,226.48,-1.7325108980639878,,5,1,val,current_repo_v1
5663,226.52,-1.4508295739149388,,5,1,val,current_repo_v1
5664,226.56,-1.2914539976428965,,5,1,val,current_repo_v1
5665,226.6,-1.0321103999930592,,5,1,val,current_repo_v1
5666,226.64,-0.691644969030992,,5,1,val,current_repo_v1
5667,226.68,-0.6180859530034573,,5,1,val,current_repo_v1
5668,226.72,-0.4578524705920678,,5,1,val,current_repo_v1
5669,226.76,-0.23605220102873434,,5,1,val,current_repo_v1
5670,226.8,0.0837060949764261,,5,1,val,current_repo_v1
5671,226.84,0.30867624955831935,,5,1,val,current_repo_v1
5672,226.88,0.33975524281203323,,5,1,val,current_repo_v1
5673,226.92,0.38026449193483103,,5,1,val,current_repo_v1
5674,226.96,0.4560409352556084,,5,1,val,current_repo_v1
5675,227.0,0.42531248319526266,,5,1,val,current_repo_v1
5676,227.04,0.4059817048231571,,5,1,val,current_repo_v1
5677,227.08,0.5245995571775228,,5,1,val,current_repo_v1
5678,227.12,0.5512541521257517,,5,1,val,current_repo_v1
5679,227.16,0.49257260280856935,,5,1,val,current_repo_v1
5680,227.2,0.5543360744477386,,5,1,val,current_repo_v1
5681,227.24,0.6108514752195963,,5,1,val,current_repo_v1
5682,227.28,0.6140198306745459,,5,1,val,current_repo_v1
5683,227.32,0.3683049619575533,,5,1,val,current_repo_v1
5684,227.36,0.25961537910627974,,5,1,val,current_repo_v1
5685,227.4,0.37297861262871557,,5,1,val,current_repo_v1
5686,227.44,0.4271800854787671,,5,1,val,current_repo_v1
5687,227.48,0.4824742908492931,,5,1,val,current_repo_v1
5688,227.52,0.44219162176468135,,5,1,val,current_repo_v1
5689,227.56,0.4125649466009393,,5,1,val,current_repo_v1
5690,227.6,0.5092701990589429,,5,1,val,current_repo_v1
5691,227.64,0.7224569076402224,,5,1,val,current_repo_v1
5692,227.68,0.8912171086529143,,5,1,val,current_repo_v1
5693,227.72,0.4804517882777846,,5,1,val,current_repo_v1
5694,227.76,-0.06496870031987625,,5,1,val,current_repo_v1
5695,227.8,-0.09162235399819128,,5,1,val,current_repo_v1
5696,227.84,0.08954566701946555,,5,1,val,current_repo_v1
5697,227.88,0.27510307519428834,,5,1,val,current_repo_v1
5698,227.92,0.2387743945444978,,5,1,val,current_repo_v1
5699,227.96,0.0122473923140155,,5,1,val,current_repo_v1
5700,228.0,-0.14280828451757502,,5,1,val,current_repo_v1
5701,228.04,-0.4977354682862839,,5,1,val,current_repo_v1
5702,228.08,-0.3093934563079285,,5,1,val,current_repo_v1
5703,228.12,0.09911257072517972,,5,1,val,current_repo_v1
5704,228.16,0.3632672035288291,,5,1,val,current_repo_v1
5705,228.2,0.4356121859913336,,5,1,val,current_repo_v1
5706,228.24,0.18403324663555345,,5,1,val,current_repo_v1
5707,228.28,-0.11579310134276655,,5,1,val,current_repo_v1
5708,228.32,0.0003273138235636208,,5,1,val,current_repo_v1
5709,228.36,0.09065174101785,,5,1,val,current_repo_v1
5710,228.4,0.27112056218859826,,5,1,val,current_repo_v1
5711,228.44,0.16012552284474357,,5,1,val,current_repo_v1
5712,228.48,0.1146263358973253,,5,1,val,current_repo_v1
5713,228.52,-0.15293025099903523,,5,1,val,current_repo_v1
5714,228.56,-0.24904729161041214,,5,1,val,current_repo_v1
5715,228.6,-0.07681722695008003,,5,1,val,current_repo_v1
5716,228.64,0.06159921492359712,,5,1,val,current_repo_v1
5717,228.68,-0.15266790270412114,,5,1,val,current_repo_v1
5718,228.72,-0.3254870846718123,,5,1,val,current_repo_v1
5719,228.76,-0.5986536402549876,,5,1,val,current_repo_v1
5720,228.8,-0.7601929095856227,,5,1,val,current_repo_v1
5721,228.84,-0.7913495985320118,,5,1,val,current_repo_v1
5722,228.88,-0.7846831157540182,,5,1,val,current_repo_v1
5723,228.92,-0.8631256856435139,,5,1,val,current_repo_v1
5724,228.96,-0.9050852884668981,,5,1,val,current_repo_v1
5725,229.0,-0.9179261744818125,,5,1,val,current_repo_v1
5726,229.04,-0.9263687926625472,,5,1,val,current_repo_v1
5727,229.08,-0.9361892662981091,,5,1,val,current_repo_v1
5728,229.12,-0.8566591613350547,,5,1,val,current_repo_v1
5729,229.16,-0.9079673750936871,,5,1,val,current_repo_v1
5730,229.2,-1.0276493535481006,,5,1,val,current_repo_v1
5731,229.24,-0.9676599301479505,,5,1,val,current_repo_v1
5732,229.28,-0.7479312728907634,,5,1,val,current_repo_v1
5733,229.32,-0.691923912323736,,5,1,val,current_repo_v1
5734,229.36,-0.7618086198552131,,5,1,val,current_repo_v1
5735,229.4,-0.8902155156149721,,5,1,val,current_repo_v1
5736,229.44,-0.803431493598096,,5,1,val,current_repo_v1
5737,229.48,-0.7022408035269302,,5,1,val,current_repo_v1
5738,229.52,-0.42452283958706244,,5,1,val,current_repo_v1
5739,229.56,-0.6031892107222593,,5,1,val,current_repo_v1
5740,229.6,-0.6917922163853484,,5,1,val,current_repo_v1
5741,229.64,-0.9435878115204398,,5,1,val,current_repo_v1
5742,229.68,-0.7148296747535939,,5,1,val,current_repo_v1
5743,229.72,-0.6936814678768723,,5,1,val,current_repo_v1
5744,229.76,-0.7213025833275561,,5,1,val,current_repo_v1
5745,229.8,-1.0140551242038391,,5,1,val,current_repo_v1
5746,229.84,-1.0445600451220243,,5,1,val,current_repo_v1
5747,229.88,-1.0889568822259348,,5,1,val,current_repo_v1
5748,229.92,-1.317033457725563,,5,1,val,current_repo_v1
5749,229.96,-1.1791609061630015,,5,1,val,current_repo_v1
5750,230.0,-0.967163512580318,,5,1,val,current_repo_v1
5751,230.04,-0.9178012720567165,,5,1,val,current_repo_v1
5752,230.08,-0.7033144241756747,,5,1,val,current_repo_v1
5753,230.12,-0.8185166126364094,,5,1,val,current_repo_v1
5754,230.16,-0.7002699480263493,,5,1,val,current_repo_v1
5755,230.2,-0.4324971145984661,,5,1,val,current_repo_v1
5756,230.24,-0.5937786396718094,,5,1,val,current_repo_v1
5757,230.28,-0.6465239679650653,,5,1,val,current_repo_v1
5758,230.32,-0.5241929285747201,,5,1,val,current_repo_v1
5759,230.36,-0.8285604537150164,,5,1,val,current_repo_v1
5760,230.4,-0.6025784493224781,,5,1,val,current_repo_v1
5761,230.44,-0.4995878056272717,,5,1,val,current_repo_v1
5762,230.48,-0.6088293409710975,,5,1,val,current_repo_v1
5763,230.52,-0.20028216407284055,,5,1,val,current_repo_v1
5764,230.56,-0.009589087493657682,,5,1,val,current_repo_v1
5765,230.6,-0.07211830522796861,,5,1,val,current_repo_v1
5766,230.64,0.15168519645162523,,5,1,val,current_repo_v1
5767,230.68,0.4755904974955263,,5,1,val,current_repo_v1
5768,230.72,0.6722866892074892,,5,1,val,current_repo_v1
5769,230.76,0.6289840988408711,,5,1,val,current_repo_v1
5770,230.8,0.6702972538573037,,5,1,val,current_repo_v1
5771,230.84,0.4624050248425685,,5,1,val,current_repo_v1
5772,230.88,0.5351829096159071,,5,1,val,current_repo_v1
5773,230.92,0.20521470489510282,,5,1,val,current_repo_v1
5774,230.96,0.33491159060946574,,5,1,val,current_repo_v1
5775,231.0,0.235479949845865,,5,1,val,current_repo_v1
5776,231.04,0.1410294071546499,,5,1,val,current_repo_v1
5777,231.08,0.10266124015012192,,5,1,val,current_repo_v1
5778,231.12,0.2070501607648088,,5,1,val,current_repo_v1
5779,231.16,0.22665789757788332,,5,1,val,current_repo_v1
5780,231.2,0.18536628945752323,,5,1,val,current_repo_v1
5781,231.24,-0.057736882646641466,,5,1,val,current_repo_v1
5782,231.28,-0.1194874220556893,,5,1,val,current_repo_v1
5783,231.32,-0.027295704629337322,,5,1,val,current_repo_v1
5784,231.36,-0.08711549226329333,,5,1,val,current_repo_v1
5785,231.4,-0.0734764860953562,,5,1,val,current_repo_v1
5786,231.44,0.12166421104351884,,5,1,val,current_repo_v1
5787,231.48,0.425175671659517,,5,1,val,current_repo_v1
5788,231.52,0.4915633568369795,,5,1,val,current_repo_v1
5789,231.56,0.3791737238037421,,5,1,val,current_repo_v1
5790,231.6,0.3665298087495049,,5,1,val,current_repo_v1
5791,231.64,0.28505851875054683,,5,1,val,current_repo_v1
5792,231.68,0.38664732507051136,,5,1,val,current_repo_v1
5793,231.72,0.37063751065374306,,5,1,val,current_repo_v1
5794,231.76,0.2689820992561758,,5,1,val,current_repo_v1
5795,231.8,0.3770165377849889,,5,1,val,current_repo_v1
5796,231.84,0.3928819286571426,,5,1,val,current_repo_v1
5797,231.88,0.37613583654381405,,5,1,val,current_repo_v1
5798,231.92,0.2983091436514577,,5,1,val,current_repo_v1
5799,231.96,0.2560426663737544,,5,1,val,current_repo_v1
5800,232.0,0.13588209309290408,,5,1,val,current_repo_v1
5801,232.04,0.018412093820546645,,5,1,val,current_repo_v1
5802,232.08,-0.08435346359090216,,5,1,val,current_repo_v1
5803,232.12,-0.2590757245097764,,5,1,val,current_repo_v1
5804,232.16,-0.3140761718176094,,5,1,val,current_repo_v1
5805,232.2,-0.2536162362348483,,5,1,val,current_repo_v1
5806,232.24,-0.1592762927585159,,5,1,val,current_repo_v1
5807,232.28,-0.136335335018834,,5,1,val,current_repo_v1
5808,232.32,-0.08335760002200115,,5,1,val,current_repo_v1
5809,232.36,0.0633476033262678,,5,1,val,current_repo_v1
5810,232.4,0.03898588050111901,,5,1,val,current_repo_v1
5811,232.44,-0.045156789785044234,,5,1,val,current_repo_v1
5812,232.48,0.04913980923487279,,5,1,val,current_repo_v1
5813,232.52,0.25271243295600415,,5,1,val,current_repo_v1
5814,232.56,0.14331319397682202,,5,1,val,current_repo_v1
5815,232.6,0.18723984629635254,,5,1,val,current_repo_v1
5816,232.64,0.2257442314273327,,5,1,val,current_repo_v1
5817,232.68,0.10728101334990842,,5,1,val,current_repo_v1
5818,232.72,0.4784486840514582,,5,1,val,current_repo_v1
5819,232.76,0.5204680370519852,,5,1,val,current_repo_v1
5820,232.8,0.26879165579772746,,5,1,val,current_repo_v1
5821,232.84,-0.16528568728705303,,5,1,val,current_repo_v1
5822,232.88,-0.24166916785273496,,5,1,val,current_repo_v1
5823,232.92,-0.23322446250827805,,5,1,val,current_repo_v1
5824,232.96,-0.1627917312630197,,5,1,val,current_repo_v1
5825,233.0,-0.13599324479230143,,5,1,val,current_repo_v1
5826,233.04,-0.15570265921846604,,5,1,val,current_repo_v1
5827,233.08,-0.5055076567396521,,5,1,val,current_repo_v1
5828,233.12,-0.6820800706394423,,5,1,val,current_repo_v1
5829,233.16,-0.7570872099671153,,5,1,val,current_repo_v1
5830,233.2,-0.9240257672229681,,5,1,val,current_repo_v1
5831,233.24,-0.6768822144757982,,5,1,val,current_repo_v1
5832,233.28,-0.4971368615458255,,5,1,val,current_repo_v1
5833,233.32,-0.44825159931989567,,5,1,val,current_repo_v1
5834,233.36,-0.3827556241491227,,5,1,val,current_repo_v1
5835,233.4,-0.3228821201851077,,5,1,val,current_repo_v1
5836,233.44,-0.17060644056162874,,5,1,val,current_repo_v1
5837,233.48,-0.29972293106212816,,5,1,val,current_repo_v1
5838,233.52,-0.23227240891515205,,5,1,val,current_repo_v1
5839,233.56,-0.30342007558479256,,5,1,val,current_repo_v1
5840,233.6,-0.31535525531864567,,5,1,val,current_repo_v1
5841,233.64,-0.541823527933658,,5,1,val,current_repo_v1
5842,233.68,-0.4090546646185725,,5,1,val,current_repo_v1
5843,233.72,-0.20760624666002647,,5,1,val,current_repo_v1
5844,233.76,-0.14801301604406847,,5,1,val,current_repo_v1
5845,233.8,-0.034091888262748865,,5,1,val,current_repo_v1
5846,233.84,0.14215465441193262,,5,1,val,current_repo_v1
5847,233.88,0.04973842620652592,,5,1,val,current_repo_v1
5848,233.92,-0.19120858811395455,,5,1,val,current_repo_v1
5849,233.96,-0.23336454802633297,,5,1,val,current_repo_v1
5850,234.0,-0.3444115618393462,,5,1,val,current_repo_v1
5851,234.04,-0.2724700158468929,,5,1,val,current_repo_v1
5852,234.08,-0.22038858977877457,,5,1,val,current_repo_v1
5853,234.12,-0.10087446430487586,,5,1,val,current_repo_v1
5854,234.16,0.22402365141190078,,5,1,val,current_repo_v1
5855,234.2,0.33778356881587507,,5,1,val,current_repo_v1
5856,234.24,0.38722055844807346,,5,1,val,current_repo_v1
5857,234.28,0.19125870050567476,,5,1,val,current_repo_v1
5858,234.32,-0.01938829047540433,,5,1,val,current_repo_v1
5859,234.36,-0.14449268702849027,,5,1,val,current_repo_v1
5860,234.4,-0.45835465855352026,,5,1,val,current_repo_v1
5861,234.44,-0.6676059585495833,,5,1,val,current_repo_v1
5862,234.48,-0.4799934307544966,,5,1,val,current_repo_v1
5863,234.52,-0.2144292257923999,,5,1,val,current_repo_v1
5864,234.56,0.13792667458261024,,5,1,val,current_repo_v1
5865,234.6,0.33070423686869127,,5,1,val,current_repo_v1
5866,234.64,0.5216607897320057,,5,1,val,current_repo_v1
5867,234.68,0.22159220798758375,,5,1,val,current_repo_v1
5868,234.72,-0.011706330928238647,,5,1,val,current_repo_v1
5869,234.76,-0.3483727530352476,,5,1,val,current_repo_v1
5870,234.8,-0.7165309178110122,,5,1,val,current_repo_v1
5871,234.84,-0.7729028363081691,,5,1,val,current_repo_v1
5872,234.88,-0.3977881548465947,,5,1,val,current_repo_v1
5873,234.92,-0.12018101520789337,,5,1,val,current_repo_v1
5874,234.96,-0.05759395285645544,,5,1,val,current_repo_v1
5875,235.0,0.16178453153037312,,5,1,val,current_repo_v1
5876,235.04,0.2322702399018722,,5,1,val,current_repo_v1
5877,235.08,0.11270371024863686,,5,1,val,current_repo_v1
5878,235.12,0.09356022412700694,,5,1,val,current_repo_v1
5879,235.16,-0.07628538898633988,,5,1,val,current_repo_v1
5880,235.2,-0.060586403380648655,,5,1,val,current_repo_v1
5881,235.24,0.031582260606208924,,5,1,val,current_repo_v1
5882,235.28,0.11963851633925889,,5,1,val,current_repo_v1
5883,235.32,0.16410312487696987,,5,1,val,current_repo_v1
5884,235.36,0.2901000831837055,,5,1,val,current_repo_v1
5885,235.4,0.46696355411078355,,5,1,val,current_repo_v1
5886,235.44,0.42843287480938264,,5,1,val,current_repo_v1
5887,235.48,0.2829181118911283,,5,1,val,current_repo_v1
5888,235.52,0.1880628845241066,,5,1,val,current_repo_v1
5889,235.56,0.08287385890462211,,5,1,val,current_repo_v1
5890,235.6,0.11639927916731499,,5,1,val,current_repo_v1
5891,235.64,0.24152519448068788,,5,1,val,current_repo_v1
5892,235.68,0.22805903923188448,,5,1,val,current_repo_v1
5893,235.72,0.19634542543231095,,5,1,val,current_repo_v1
5894,235.76,0.2931414285874477,,5,1,val,current_repo_v1
5895,235.8,0.30445758011618873,,5,1,val,current_repo_v1
5896,235.84,0.2996622396150714,,5,1,val,current_repo_v1
5897,235.88,0.5276078967471103,,5,1,val,current_repo_v1
5898,235.92,0.5422689941516036,,5,1,val,current_repo_v1
5899,235.96,0.5557341058185459,,5,1,val,current_repo_v1
5900,236.0,0.24056780020392,,5,1,val,current_repo_v1
5901,236.04,0.3766794403814779,,5,1,val,current_repo_v1
5902,236.08,0.41540250706832316,,5,1,val,current_repo_v1
5903,236.12,0.4394984439171332,,5,1,val,current_repo_v1
5904,236.16,0.3653138517198679,,5,1,val,current_repo_v1
5905,236.2,0.4157779509896307,,5,1,val,current_repo_v1
5906,236.24,0.3643314114784346,,5,1,val,current_repo_v1
5907,236.28,0.3475714867898497,,5,1,val,current_repo_v1
5908,236.32,0.4893623813048407,,5,1,val,current_repo_v1
5909,236.36,0.6782163622667973,,5,1,val,current_repo_v1
5910,236.4,0.5114207961882988,,5,1,val,current_repo_v1
5911,236.44,0.395024504529841,,5,1,val,current_repo_v1
5912,236.48,0.4373800136639652,,5,1,val,current_repo_v1
5913,236.52,0.4944987684506296,,5,1,val,current_repo_v1
5914,236.56,0.4744441535147387,,5,1,val,current_repo_v1
5915,236.6,0.5696156680352186,,5,1,val,current_repo_v1
5916,236.64,0.635746918548313,,5,1,val,current_repo_v1
5917,236.68,0.5259929640483184,,5,1,val,current_repo_v1
5918,236.72,0.495481167767284,,5,1,val,current_repo_v1
5919,236.76,0.4320098641812994,,5,1,val,current_repo_v1
5920,236.8,0.4343959015634657,,5,1,val,current_repo_v1
5921,236.84,0.3941296433151788,,5,1,val,current_repo_v1
5922,236.88,0.23872632839172087,,5,1,val,current_repo_v1
5923,236.92,0.30471031108806956,,5,1,val,current_repo_v1
5924,236.96,0.3966196296356622,,5,1,val,current_repo_v1
5925,237.0,0.3344891241172423,,5,1,val,current_repo_v1
5926,237.04,0.285491380136602,,5,1,val,current_repo_v1
5927,237.08,0.16635891915039833,,5,1,val,current_repo_v1
5928,237.12,0.04153593416578153,,5,1,val,current_repo_v1
5929,237.16,0.006499394579283862,,5,1,val,current_repo_v1
5930,237.2,-0.2221460225575744,,5,1,val,current_repo_v1
5931,237.24,-0.42905763248353573,,5,1,val,current_repo_v1
5932,237.28,-0.45040845794041795,,5,1,val,current_repo_v1
5933,237.32,-0.5612344370227813,,5,1,val,current_repo_v1
5934,237.36,-0.6481590765798376,,5,1,val,current_repo_v1
5935,237.4,-0.5082715526050791,,5,1,val,current_repo_v1
5936,237.44,-0.5939392694288546,,5,1,val,current_repo_v1
5937,237.48,-0.5750990973057827,,5,1,val,current_repo_v1
5938,237.52,-0.5376400333389618,,5,1,val,current_repo_v1
5939,237.56,-0.4343513344792817,,5,1,val,current_repo_v1
5940,237.6,-0.5689715529406623,,5,1,val,current_repo_v1
5941,237.64,-0.8863612199414661,,5,1,val,current_repo_v1
5942,237.68,-1.0924309048542271,,5,1,val,current_repo_v1
5943,237.72,-1.0313924156726515,,5,1,val,current_repo_v1
5944,237.76,-0.7467340594098467,,5,1,val,current_repo_v1
5945,237.8,-0.6527396643038609,,5,1,val,current_repo_v1
5946,237.84,-0.6712120863640519,,5,1,val,current_repo_v1
5947,237.88,-0.7547315796956457,,5,1,val,current_repo_v1
5948,237.92,-0.8837040558993191,,5,1,val,current_repo_v1
5949,237.96,-1.020311704396721,,5,1,val,current_repo_v1
5950,238.0,-0.9086648151751044,,5,1,val,current_repo_v1
5951,238.04,-0.8636889742998118,,5,1,val,current_repo_v1
5952,238.08,-0.9099812016120762,,5,1,val,current_repo_v1
5953,238.12,-0.8320776929097903,,5,1,val,current_repo_v1
5954,238.16,-0.7447127027321464,,5,1,val,current_repo_v1
5955,238.2,-0.8899079249770228,,5,1,val,current_repo_v1
5956,238.24,-0.9659378154533111,,5,1,val,current_repo_v1
5957,238.28,-0.937718379735621,,5,1,val,current_repo_v1
5958,238.32,-1.0323070026307266,,5,1,val,current_repo_v1
5959,238.36,-1.1658804061735193,,5,1,val,current_repo_v1
5960,238.4,-1.1407995735965442,,5,1,val,current_repo_v1
5961,238.44,-1.0621919131491069,,5,1,val,current_repo_v1
5962,238.48,-1.0865231674763907,,5,1,val,current_repo_v1
5963,238.52,-0.7471200619241014,,5,1,val,current_repo_v1
5964,238.56,-0.3769170087227892,,5,1,val,current_repo_v1
5965,238.6,-0.21916098964955047,,5,1,val,current_repo_v1
5966,238.64,-0.4150754362356341,,5,1,val,current_repo_v1
5967,238.68,-0.620767712837702,,5,1,val,current_repo_v1
5968,238.72,-1.1159008562855182,,5,1,val,current_repo_v1
5969,238.76,-1.122636338240678,,5,1,val,current_repo_v1
5970,238.8,-0.5398289769861143,,5,1,val,current_repo_v1
5971,238.84,0.09491583696452076,,5,1,val,current_repo_v1
5972,238.88,0.20127512198244213,,5,1,val,current_repo_v1
5973,238.92,-0.29745224016919286,,5,1,val,current_repo_v1
5974,238.96,-0.7354625568148474,,5,1,val,current_repo_v1
5975,239.0,-0.8035854526161861,,5,1,val,current_repo_v1
5976,239.04,-1.0359568381090232,,5,1,val,current_repo_v1
5977,239.08,-1.0545720467226742,,5,1,val,current_repo_v1
5978,239.12,-0.893186163463225,,5,1,val,current_repo_v1
5979,239.16,-0.6007375709195724,,5,1,val,current_repo_v1
5980,239.2,-0.14523935961888226,,5,1,val,current_repo_v1
5981,239.24,-0.11218611410794173,,5,1,val,current_repo_v1
5982,239.28,-0.3598666818033782,,5,1,val,current_repo_v1
5983,239.32,-0.7861047607222307,,5,1,val,current_repo_v1
5984,239.36,-1.0881036005865994,,5,1,val,current_repo_v1
5985,239.4,-1.2524354949774246,,5,1,val,current_repo_v1
5986,239.44,-1.0324888723480028,,5,1,val,current_repo_v1
5987,239.48,-0.9503106886437095,,5,1,val,current_repo_v1
5988,239.52,-0.8228083941959824,,5,1,val,current_repo_v1
5989,239.56,-0.7289797444443998,,5,1,val,current_repo_v1
5990,239.6,-0.2581744994920007,,5,1,val,current_repo_v1
5991,239.64,0.27727953678388695,,5,1,val,current_repo_v1
5992,239.68,0.6275448971425255,,5,1,val,current_repo_v1
5993,239.72,0.9869974611085688,,5,1,val,current_repo_v1
5994,239.76,0.8708566219197863,,5,1,val,current_repo_v1
5995,239.8,0.977358284243379,,5,1,val,current_repo_v1
5996,239.84,0.9390551467124675,,5,1,val,current_repo_v1
5997,239.88,1.0859076588022611,,5,1,val,current_repo_v1
5998,239.92,1.1533446553098223,,5,1,val,current_repo_v1
5999,239.96,1.4571986154001415,,5,1,val,current_repo_v1
6000,240.0,1.8923215047353652,,5,1,val,current_repo_v1
6001,240.04,2.0429217443745005,,5,1,val,current_repo_v1
6002,240.08,1.8163600404893392,,5,1,val,current_repo_v1
6003,240.12,2.240780609054018,,5,1,val,current_repo_v1
6004,240.16,2.257389848706822,,5,1,val,current_repo_v1
6005,240.2,2.3309778394777934,,5,1,val,current_repo_v1
6006,240.24,2.2459243626600025,,5,1,val,current_repo_v1
6007,240.28,2.242584573306387,,5,1,val,current_repo_v1
6008,240.32,2.2463945065196036,,5,1,val,current_repo_v1
6009,240.36,2.1273829577925567,,5,1,val,current_repo_v1
6010,240.4,2.2299119699821657,,5,1,val,current_repo_v1
6011,240.44,2.032638002242187,,5,1,val,current_repo_v1
6012,240.48,1.9168027074524103,,5,1,val,current_repo_v1
6013,240.52,1.6472730960421893,,5,1,val,current_repo_v1
6014,240.56,1.5214203975809526,,5,1,val,current_repo_v1
6015,240.6,1.3792532815738556,,5,1,val,current_repo_v1
6016,240.64,1.2949041202003317,,5,1,val,current_repo_v1
6017,240.68,1.3582429093523514,,5,1,val,current_repo_v1
6018,240.72,1.4517837760589551,,5,1,val,current_repo_v1
6019,240.76,1.3194156891032947,,5,1,val,current_repo_v1
6020,240.8,1.0289768715249235,,5,1,val,current_repo_v1
6021,240.84,0.8066700350487991,,5,1,val,current_repo_v1
6022,240.88,0.6125953618965918,,5,1,val,current_repo_v1
6023,240.92,0.46171531954435663,,5,1,val,current_repo_v1
6024,240.96,0.32807756178679875,,5,1,val,current_repo_v1
6025,241.0,0.5280329824251812,,5,1,val,current_repo_v1
6026,241.04,0.6995210245731198,,5,1,val,current_repo_v1
6027,241.08,0.7107626520795476,,5,1,val,current_repo_v1
6028,241.12,0.5014319989372653,,5,1,val,current_repo_v1
6029,241.16,-0.21162330017907865,,5,1,val,current_repo_v1
6030,241.2,-0.2118525607902804,,5,1,val,current_repo_v1
6031,241.24,-1.176156781845637,,5,1,val,current_repo_v1
6032,241.28,-1.0320876458160102,,5,1,val,current_repo_v1
6033,241.32,-0.7661378066626686,,5,1,val,current_repo_v1
6034,241.36,-0.24050146113737983,,5,1,val,current_repo_v1
6035,241.4,-0.40782855824377695,,5,1,val,current_repo_v1
6036,241.44,-1.1030079958014452,,5,1,val,current_repo_v1
6037,241.48,-1.0393422176662939,,5,1,val,current_repo_v1
6038,241.52,-0.9671160398368346,,5,1,val,current_repo_v1
6039,241.56,-1.0007252689310455,,5,1,val,current_repo_v1
6040,241.6,-0.9170996576478548,,5,1,val,current_repo_v1
6041,241.64,-1.174156296805158,,5,1,val,current_repo_v1
6042,241.68,-1.0639497142509164,,5,1,val,current_repo_v1
6043,241.72,-1.092781384660427,,5,1,val,current_repo_v1
6044,241.76,-1.282856356399821,,5,1,val,current_repo_v1
6045,241.8,-1.5269328015949533,,5,1,val,current_repo_v1
6046,241.84,-1.7664054547164456,,5,1,val,current_repo_v1
6047,241.88,-1.6839939179230643,,5,1,val,current_repo_v1
6048,241.92,-1.4343765032182836,,5,1,val,current_repo_v1
6049,241.96,-1.2325917245022462,,5,1,val,current_repo_v1
6050,242.0,-1.2280533302252328,,5,1,val,current_repo_v1
6051,242.04,-1.4854692889409706,,5,1,val,current_repo_v1
6052,242.08,-1.4378834293687837,,5,1,val,current_repo_v1
6053,242.12,-1.645797675914548,,5,1,val,current_repo_v1
6054,242.16,-1.547917227506657,,5,1,val,current_repo_v1
6055,242.2,-1.3769426685591375,,5,1,val,current_repo_v1
6056,242.24,-1.264828663911556,,5,1,val,current_repo_v1
6057,242.28,-0.9804887842778786,,5,1,val,current_repo_v1
6058,242.32,-1.4649319253135882,,5,1,val,current_repo_v1
6059,242.36,-0.9863155724431201,,5,1,val,current_repo_v1
6060,242.4,-0.9511089673802502,,5,1,val,current_repo_v1
6061,242.44,-0.889872074870737,,5,1,val,current_repo_v1
6062,242.48,-0.8869210709163393,,5,1,val,current_repo_v1
6063,242.52,-0.8166911219503571,,5,1,val,current_repo_v1
6064,242.56,-0.6163343315432562,,5,1,val,current_repo_v1
6065,242.6,-0.6420782273874023,,5,1,val,current_repo_v1
6066,242.64,-0.6779902119387893,,5,1,val,current_repo_v1
6067,242.68,-0.8644789862310218,,5,1,val,current_repo_v1
6068,242.72,-0.859467174112098,,5,1,val,current_repo_v1
6069,242.76,-0.979977224542066,,5,1,val,current_repo_v1
6070,242.8,-1.0363111648444363,,5,1,val,current_repo_v1
6071,242.84,-1.161204013542173,,5,1,val,current_repo_v1
6072,242.88,-1.3609060484122126,,5,1,val,current_repo_v1
6073,242.92,-1.2333014420173232,,5,1,val,current_repo_v1
6074,242.96,-1.2368785132387976,,5,1,val,current_repo_v1
6075,243.0,-1.1909551000336647,,5,1,val,current_repo_v1
6076,243.04,-1.1033132128022203,,5,1,val,current_repo_v1
6077,243.08,-1.194771417512384,,5,1,val,current_repo_v1
6078,243.12,-1.3381368928942061,,5,1,val,current_repo_v1
6079,243.16,-1.305123692279385,,5,1,val,current_repo_v1
6080,243.2,-1.2725195757540984,,5,1,val,current_repo_v1
6081,243.24,-1.163538281079075,,5,1,val,current_repo_v1
6082,243.28,-0.9973132064179547,,5,1,val,current_repo_v1
6083,243.32,-0.9815588035460829,,5,1,val,current_repo_v1
6084,243.36,-0.701116436152393,,5,1,val,current_repo_v1
6085,243.4,-0.30857608616204724,,5,1,val,current_repo_v1
6086,243.44,0.370408945763782,,5,1,val,current_repo_v1
6087,243.48,0.5309341399989213,,5,1,val,current_repo_v1
6088,243.52,0.6818093941520291,,5,1,val,current_repo_v1
6089,243.56,0.9152186729616616,,5,1,val,current_repo_v1
6090,243.6,0.8763700081284795,,5,1,val,current_repo_v1
6091,243.64,1.088892548473559,,5,1,val,current_repo_v1
6092,243.68,1.0277754837165625,,5,1,val,current_repo_v1
6093,243.72,1.0207602399730813,,5,1,val,current_repo_v1
6094,243.76,0.9913708466771985,,5,1,val,current_repo_v1
6095,243.8,1.0057251310145408,,5,1,val,current_repo_v1
6096,243.84,1.0121505668450195,,5,1,val,current_repo_v1
6097,243.88,0.8241661965091654,,5,1,val,current_repo_v1
6098,243.92,0.9043569911022165,,5,1,val,current_repo_v1
6099,243.96,0.8876185928473145,,5,1,val,current_repo_v1
6100,244.0,0.7676760054010886,,5,1,val,current_repo_v1
6101,244.04,0.8685623788166141,,5,1,val,current_repo_v1
6102,244.08,0.852938444139764,,5,1,val,current_repo_v1
6103,244.12,0.7449982758390664,,5,1,val,current_repo_v1
6104,244.16,0.9067799835596978,,5,1,val,current_repo_v1
6105,244.2,0.8813779733181901,,5,1,val,current_repo_v1
6106,244.24,0.7733560373093202,,5,1,val,current_repo_v1
6107,244.28,0.7588626087238369,,5,1,val,current_repo_v1
6108,244.32,0.7037828491945635,,5,1,val,current_repo_v1
6109,244.36,0.7277851501493304,,5,1,val,current_repo_v1
6110,244.4,0.6406481519147436,,5,1,val,current_repo_v1
6111,244.44,0.698961664695593,,5,1,val,current_repo_v1
6112,244.48,0.699288735528282,,5,1,val,current_repo_v1
6113,244.52,0.6950378787475741,,5,1,val,current_repo_v1
6114,244.56,0.783525108211254,,5,1,val,current_repo_v1
6115,244.6,0.7396706062768625,,5,1,val,current_repo_v1
6116,244.64,0.8635325597949898,,5,1,val,current_repo_v1
6117,244.68,0.30427532161351345,,5,1,val,current_repo_v1
6118,244.72,-0.5378529649633965,,5,1,val,current_repo_v1
6119,244.76,-1.3217948920473905,,5,1,val,current_repo_v1
6120,244.8,-1.4808452800265717,,5,1,val,current_repo_v1
6121,244.84,-1.1996828002239732,,5,1,val,current_repo_v1
6122,244.88,-1.155347677686591,,5,1,val,current_repo_v1
6123,244.92,-1.0341090843432683,,5,1,val,current_repo_v1
6124,244.96,-0.50867752641142,,5,1,val,current_repo_v1
6125,245.0,-0.33504293868723295,,5,1,val,current_repo_v1
6126,245.04,-0.06018672175905831,,5,1,val,current_repo_v1
6127,245.08,-0.3917535506542767,,5,1,val,current_repo_v1
6128,245.12,-0.33601128034234723,,5,1,val,current_repo_v1
6129,245.16,0.3944138249796174,,5,1,val,current_repo_v1
6130,245.2,0.6602541494247163,,5,1,val,current_repo_v1
6131,245.24,0.8543354523910998,,5,1,val,current_repo_v1
6132,245.28,1.1123602899667913,,5,1,val,current_repo_v1
6133,245.32,0.9231529235393353,,5,1,val,current_repo_v1
6134,245.36,0.5788875450100949,,5,1,val,current_repo_v1
6135,245.4,-0.29048326188821855,,5,1,val,current_repo_v1
6136,245.44,-1.2085284456269705,,5,1,val,current_repo_v1
6137,245.48,-2.0075529134882095,,5,1,val,current_repo_v1
6138,245.52,-1.7550656895902996,,5,1,val,current_repo_v1
6139,245.56,-1.5026576960642721,,5,1,val,current_repo_v1
6140,245.6,-1.3311225494958598,,5,1,val,current_repo_v1
6141,245.64,-1.4055517081716224,,5,1,val,current_repo_v1
6142,245.68,-1.4293815521082522,,5,1,val,current_repo_v1
6143,245.72,-1.450988034658704,,5,1,val,current_repo_v1
6144,245.76,-1.632122742906365,,5,1,val,current_repo_v1
6145,245.8,-1.6953582379165293,,5,1,val,current_repo_v1
6146,245.84,-1.8016950552308537,,5,1,val,current_repo_v1
6147,245.88,-1.7363879479145428,,5,1,val,current_repo_v1
6148,245.92,-1.5144779180942936,,5,1,val,current_repo_v1
6149,245.96,-1.4743758909835918,,5,1,val,current_repo_v1
6150,246.0,-1.3041279105600416,,5,1,val,current_repo_v1
6151,246.04,-1.1183474214156257,,5,1,val,current_repo_v1
6152,246.08,-0.8475702590464838,,5,1,val,current_repo_v1
6153,246.12,-0.633839455530194,,5,1,val,current_repo_v1
6154,246.16,-0.4360719758818819,,5,1,val,current_repo_v1
6155,246.2,-0.19976252169320216,,5,1,val,current_repo_v1
6156,246.24,0.04740787259330584,,5,1,val,current_repo_v1
6157,246.28,-0.10742222429938211,,5,1,val,current_repo_v1
6158,246.32,0.12861082393284343,,5,1,val,current_repo_v1
6159,246.36,0.08320313967536992,,5,1,val,current_repo_v1
6160,246.4,-0.08535202819520825,,5,1,val,current_repo_v1
6161,246.44,-0.5431339802776942,,5,1,val,current_repo_v1
6162,246.48,-0.4781602052852387,,5,1,val,current_repo_v1
6163,246.52,-0.5770059873769975,,5,1,val,current_repo_v1
6164,246.56,-0.7263143954464799,,5,1,val,current_repo_v1
6165,246.6,-0.6644270854264652,,5,1,val,current_repo_v1
6166,246.64,-0.6252080513445549,,5,1,val,current_repo_v1
6167,246.68,-0.46437072382101235,,5,1,val,current_repo_v1
6168,246.72,-0.4716922076847404,,5,1,val,current_repo_v1
6169,246.76,-0.33707194829858095,,5,1,val,current_repo_v1
6170,246.8,-0.43434789679785707,,5,1,val,current_repo_v1
6171,246.84,-0.4451916945289382,,5,1,val,current_repo_v1
6172,246.88,-0.5770667606736121,,5,1,val,current_repo_v1
6173,246.92,-0.5178976744658109,,5,1,val,current_repo_v1
6174,246.96,-0.6386491401663036,,5,1,val,current_repo_v1
6175,247.0,-0.5876188056561645,,5,1,val,current_repo_v1
6176,247.04,-0.35557715110664284,,5,1,val,current_repo_v1
6177,247.08,-0.40934150639363726,,5,1,val,current_repo_v1
6178,247.12,-0.332846260256875,,5,1,val,current_repo_v1
6179,247.16,-0.431353348878747,,5,1,val,current_repo_v1
6180,247.2,-0.38755360429847685,,5,1,val,current_repo_v1
6181,247.24,-0.3910343385905031,,5,1,val,current_repo_v1
6182,247.28,-0.6246955912636074,,5,1,val,current_repo_v1
6183,247.32,-0.5337319625060272,,5,1,val,current_repo_v1
6184,247.36,-0.5871178863628569,,5,1,val,current_repo_v1
6185,247.4,-0.8240897490222456,,5,1,val,current_repo_v1
6186,247.44,-0.5513633803605424,,5,1,val,current_repo_v1
6187,247.48,-0.2651281719056795,,5,1,val,current_repo_v1
6188,247.52,-0.2701148357479908,,5,1,val,current_repo_v1
6189,247.56,-0.16702742541315815,,5,1,val,current_repo_v1
6190,247.6,-0.13810788950342445,,5,1,val,current_repo_v1
6191,247.64,-0.5385551523191622,,5,1,val,current_repo_v1
6192,247.68,-0.9533213609256923,,5,1,val,current_repo_v1
6193,247.72,-1.180629860175582,,5,1,val,current_repo_v1
6194,247.76,-1.2307947993118415,,5,1,val,current_repo_v1
6195,247.8,-1.5258374908134102,,5,1,val,current_repo_v1
6196,247.84,-1.7334652639071197,,5,1,val,current_repo_v1
6197,247.88,-1.8082769055661547,,5,1,val,current_repo_v1
6198,247.92,-1.6885218354566882,,5,1,val,current_repo_v1
6199,247.96,-1.0442850306080513,,5,1,val,current_repo_v1
6200,248.0,-0.48570096411412544,,5,1,val,current_repo_v1
6201,248.04,-0.33410072750342396,,5,1,val,current_repo_v1
6202,248.08,-0.8599807800868539,,5,1,val,current_repo_v1
6203,248.12,-0.9356228673586173,,5,1,val,current_repo_v1
6204,248.16,-1.0842046150545728,,5,1,val,current_repo_v1
6205,248.2,-1.145282310174301,,5,1,val,current_repo_v1
6206,248.24,-1.0900034925206283,,5,1,val,current_repo_v1
6207,248.28,-0.9594777572599126,,5,1,val,current_repo_v1
6208,248.32,-0.654484901498559,,5,1,val,current_repo_v1
6209,248.36,-0.2445738654198469,,5,1,val,current_repo_v1
6210,248.4,0.013901050084808419,,5,1,val,current_repo_v1
6211,248.44,-0.08667029205641039,,5,1,val,current_repo_v1
6212,248.48,-0.35294229106897734,,5,1,val,current_repo_v1
6213,248.52,-0.5857455966779557,,5,1,val,current_repo_v1
6214,248.56,-0.49883593558996386,,5,1,val,current_repo_v1
6215,248.6,-0.4399558192457285,,5,1,val,current_repo_v1
6216,248.64,-0.31818815036123893,,5,1,val,current_repo_v1
6217,248.68,-0.398277042254916,,5,1,val,current_repo_v1
6218,248.72,-0.34096127558279543,,5,1,val,current_repo_v1
6219,248.76,-0.16788750056578508,,5,1,val,current_repo_v1
6220,248.8,-0.2439689767258327,,5,1,val,current_repo_v1
6221,248.84,-0.3707817295744633,,5,1,val,current_repo_v1
6222,248.88,-0.17386280475352767,,5,1,val,current_repo_v1
6223,248.92,0.0006730514710125297,,5,1,val,current_repo_v1
6224,248.96,-0.18600790814056875,,5,1,val,current_repo_v1
6225,249.0,-0.3177149371432229,,5,1,val,current_repo_v1
6226,249.04,-0.576207053843995,,5,1,val,current_repo_v1
6227,249.08,-0.6333737724714892,,5,1,val,current_repo_v1
6228,249.12,-0.2851072601621751,,5,1,val,current_repo_v1
6229,249.16,-0.12349635200613675,,5,1,val,current_repo_v1
6230,249.2,-0.17191263672866308,,5,1,val,current_repo_v1
6231,249.24,-0.06036617691438135,,5,1,val,current_repo_v1
6232,249.28,-0.1163668053552856,,5,1,val,current_repo_v1
6233,249.32,0.06417510235491818,,5,1,val,current_repo_v1
6234,249.36,-0.048145280836882264,,5,1,val,current_repo_v1
6235,249.4,-0.11995257309226892,,5,1,val,current_repo_v1
6236,249.44,-0.008658887732445582,,5,1,val,current_repo_v1
6237,249.48,0.22523242614284697,,5,1,val,current_repo_v1
6238,249.52,0.41991470948686305,,5,1,val,current_repo_v1
6239,249.56,0.3827267721800229,,5,1,val,current_repo_v1
6240,249.6,0.3534245486631225,,5,1,val,current_repo_v1
6241,249.64,0.36250362900476585,,5,1,val,current_repo_v1
6242,249.68,0.2906190912292715,,5,1,val,current_repo_v1
6243,249.72,0.3821861149264373,,5,1,val,current_repo_v1
6244,249.76,0.45578081736114245,,5,1,val,current_repo_v1
6245,249.8,0.604099377804217,,5,1,val,current_repo_v1
6246,249.84,0.43355015008344155,,5,1,val,current_repo_v1
6247,249.88,0.28152321126590407,,5,1,val,current_repo_v1
6248,249.92,0.18119106166815782,,5,1,val,current_repo_v1
6249,249.96,0.052422590371529056,,5,1,val,current_repo_v1
6250,250.0,0.13325824182075324,,5,1,val,current_repo_v1
6251,250.04,0.14338395291947958,,5,1,val,current_repo_v1
6252,250.08,0.23046021878223083,,5,1,val,current_repo_v1
6253,250.12,0.297969979546614,,5,1,val,current_repo_v1
6254,250.16,0.26674275674385106,,5,1,val,current_repo_v1
6255,250.2,0.1000905501657167,,5,1,val,current_repo_v1
6256,250.24,-0.17389014250580948,,5,1,val,current_repo_v1
6257,250.28,-0.6358822977167984,,5,1,val,current_repo_v1
6258,250.32,-0.8680040011337801,,5,1,val,current_repo_v1
6259,250.36,-0.810399182748536,,5,1,val,current_repo_v1
6260,250.4,-0.7233845086779765,,5,1,val,current_repo_v1
6261,250.44,-0.8583945356580464,,5,1,val,current_repo_v1
6262,250.48,-1.0965670904045552,,5,1,val,current_repo_v1
6263,250.52,-1.2636788413245648,,5,1,val,current_repo_v1
6264,250.56,-1.2186786911306264,,5,1,val,current_repo_v1
6265,250.6,-1.099549360890006,,5,1,val,current_repo_v1
6266,250.64,-1.0997056935452703,,5,1,val,current_repo_v1
6267,250.68,-1.0242081525924578,,5,1,val,current_repo_v1
6268,250.72,-1.0298140288013862,,5,1,val,current_repo_v1
6269,250.76,-0.9939385491527466,,5,1,val,current_repo_v1
6270,250.8,-0.8194934052583593,,5,1,val,current_repo_v1
6271,250.84,-0.09161963250039677,,5,1,val,current_repo_v1
6272,250.88,0.2921245910693784,,5,1,val,current_repo_v1
6273,250.92,0.2588532369494768,,5,1,val,current_repo_v1
6274,250.96,0.0418774616766047,,5,1,val,current_repo_v1
6275,251.0,0.14939299958739638,,5,1,val,current_repo_v1
6276,251.04,0.1704376872359789,,5,1,val,current_repo_v1
6277,251.08,0.04022496003081472,,5,1,val,current_repo_v1
6278,251.12,-0.18265156471390265,,5,1,val,current_repo_v1
6279,251.16,-0.5963306679570523,,5,1,val,current_repo_v1
6280,251.2,-0.6040272683438569,,5,1,val,current_repo_v1
6281,251.24,-0.51647705261707,,5,1,val,current_repo_v1
6282,251.28,-0.6274387791909286,,5,1,val,current_repo_v1
6283,251.32,-0.7117298683032431,,5,1,val,current_repo_v1
6284,251.36,-0.5090711000097646,,5,1,val,current_repo_v1
6285,251.4,-0.5274858999813138,,5,1,val,current_repo_v1
6286,251.44,-0.6455695202723757,,5,1,val,current_repo_v1
6287,251.48,-0.5080388543124527,,5,1,val,current_repo_v1
6288,251.52,-0.5105014619558754,,5,1,val,current_repo_v1
6289,251.56,-0.8462009977952185,,5,1,val,current_repo_v1
6290,251.6,-0.7782985228528467,,5,1,val,current_repo_v1
6291,251.64,-0.9422497349506697,,5,1,val,current_repo_v1
6292,251.68,-0.9111153090839831,,5,1,val,current_repo_v1
6293,251.72,-0.6123289415861806,,5,1,val,current_repo_v1
6294,251.76,-0.6485175776426951,,5,1,val,current_repo_v1
6295,251.8,-0.761007394534594,,5,1,val,current_repo_v1
6296,251.84,-1.0162743112625727,,5,1,val,current_repo_v1
6297,251.88,-0.965512525151346,,5,1,val,current_repo_v1
6298,251.92,-0.9651053236016391,,5,1,val,current_repo_v1
6299,251.96,-1.0496677849226075,,5,1,val,current_repo_v1
6300,252.0,-0.8201260204900546,,5,1,val,current_repo_v1
6301,252.04,-0.8430912056988246,,5,1,val,current_repo_v1
6302,252.08,-1.0368756812441002,,5,1,val,current_repo_v1
6303,252.12,-1.005137533039597,,5,1,val,current_repo_v1
6304,252.16,-0.8804985816699389,,5,1,val,current_repo_v1
6305,252.2,-0.8933130302777066,,5,1,val,current_repo_v1
6306,252.24,-0.9129520950090022,,5,1,val,current_repo_v1
6307,252.28,-1.0219852823036264,,5,1,val,current_repo_v1
6308,252.32,-0.7217999830898814,,5,1,val,current_repo_v1
6309,252.36,-0.6549695736546572,,5,1,val,current_repo_v1
6310,252.4,-0.6493508061403865,,5,1,val,current_repo_v1
6311,252.44,-0.8492895908561603,,5,1,val,current_repo_v1
6312,252.48,-0.9288361475803184,,5,1,val,current_repo_v1
6313,252.52,-1.0782432662164232,,5,1,val,current_repo_v1
6314,252.56,-1.0998274856871724,,5,1,val,current_repo_v1
6315,252.6,-1.06262448806171,,5,1,val,current_repo_v1
6316,252.64,-0.7719397944119178,,5,1,val,current_repo_v1
6317,252.68,-0.4410983572220817,,5,1,val,current_repo_v1
6318,252.72,-0.3143024653823434,,5,1,val,current_repo_v1
6319,252.76,-0.31985546677697807,,5,1,val,current_repo_v1
6320,252.8,-0.37492769614694027,,5,1,val,current_repo_v1
6321,252.84,-0.2644952088133639,,5,1,val,current_repo_v1
6322,252.88,-0.21606011915494916,,5,1,val,current_repo_v1
6323,252.92,-0.040298090052847804,,5,1,val,current_repo_v1
6324,252.96,0.12866502880245012,,5,1,val,current_repo_v1
6325,253.0,0.45518221062068404,,5,1,val,current_repo_v1
6326,253.04,0.6335810974012193,,5,1,val,current_repo_v1
6327,253.08,0.398781194605754,,5,1,val,current_repo_v1
6328,253.12,-0.03085225207421103,,5,1,val,current_repo_v1
6329,253.16,0.014001919433515937,,5,1,val,current_repo_v1
6330,253.2,0.13453550416913,,5,1,val,current_repo_v1
6331,253.24,0.24043041572127016,,5,1,val,current_repo_v1
6332,253.28,0.30782300884376285,,5,1,val,current_repo_v1
6333,253.32,0.09646747949279794,,5,1,val,current_repo_v1
6334,253.36,0.3496240281490451,,5,1,val,current_repo_v1
6335,253.4,0.5766291110884297,,5,1,val,current_repo_v1
6336,253.44,0.6463678808584742,,5,1,val,current_repo_v1
6337,253.48,0.13789289117765716,,5,1,val,current_repo_v1
6338,253.52,-0.21110910079502931,,5,1,val,current_repo_v1
6339,253.56,-0.39060037223541866,,5,1,val,current_repo_v1
6340,253.6,-0.8368884006653714,,5,1,val,current_repo_v1
6341,253.64,-1.2879866866783378,,5,1,val,current_repo_v1
6342,253.68,-1.743592673384169,,5,1,val,current_repo_v1
6343,253.72,-1.8614637303738062,,5,1,val,current_repo_v1
6344,253.76,-1.9395802934748632,,5,1,val,current_repo_v1
6345,253.8,-2.017809972664703,,5,1,val,current_repo_v1
6346,253.84,-1.8454934083686425,,5,1,val,current_repo_v1
6347,253.88,-1.4050751800465184,,5,1,val,current_repo_v1
6348,253.92,-1.1999736935521457,,5,1,val,current_repo_v1
6349,253.96,-1.3642729299694365,,5,1,val,current_repo_v1
6350,254.0,-1.0067163291586512,,5,1,val,current_repo_v1
6351,254.04,-0.3991569250005136,,5,1,val,current_repo_v1
6352,254.08,-0.14178866411454288,,5,1,val,current_repo_v1
6353,254.12,-0.12936684783520608,,5,1,val,current_repo_v1
6354,254.16,0.3015555631220925,,5,1,val,current_repo_v1
6355,254.2,0.6520373950985374,,5,1,val,current_repo_v1
6356,254.24,0.3251634310581584,,5,1,val,current_repo_v1
6357,254.28,0.31444805528315567,,5,1,val,current_repo_v1
6358,254.32,0.2256151137500136,,5,1,val,current_repo_v1
6359,254.36,0.25792072493825885,,5,1,val,current_repo_v1
6360,254.4,0.25126983450101276,,5,1,val,current_repo_v1
6361,254.44,0.41656951806243764,,5,1,val,current_repo_v1
6362,254.48,0.6079061188846819,,5,1,val,current_repo_v1
6363,254.52,0.5212877603726512,,5,1,val,current_repo_v1
6364,254.56,0.6569544663543888,,5,1,val,current_repo_v1
6365,254.6,0.7334720574204113,,5,1,val,current_repo_v1
6366,254.64,0.593311033148498,,5,1,val,current_repo_v1
6367,254.68,0.7199983106251284,,5,1,val,current_repo_v1
6368,254.72,0.640459120361166,,5,1,val,current_repo_v1
6369,254.76,0.7757287741383554,,5,1,val,current_repo_v1
6370,254.8,0.6562485957685252,,5,1,val,current_repo_v1
6371,254.84,0.4056353993444014,,5,1,val,current_repo_v1
6372,254.88,0.1465825722484,,5,1,val,current_repo_v1
6373,254.92,0.025976425322059595,,5,1,val,current_repo_v1
6374,254.96,-0.17911629815403873,,5,1,val,current_repo_v1
6375,255.0,-0.7023006355536309,,5,1,val,current_repo_v1
6376,255.04,-0.7398930733747727,,5,1,val,current_repo_v1
6377,255.08,-0.7669512275673894,,5,1,val,current_repo_v1
6378,255.12,-0.834411469349346,,5,1,val,current_repo_v1
6379,255.16,-0.9166386809387195,,5,1,val,current_repo_v1
6380,255.2,-0.8981768583962545,,5,1,val,current_repo_v1
6381,255.24,-0.8728488401549347,,5,1,val,current_repo_v1
6382,255.28,-1.0160912138019307,,5,1,val,current_repo_v1
6383,255.32,-0.9624790168427565,,5,1,val,current_repo_v1
6384,255.36,-1.0587123247508887,,5,1,val,current_repo_v1
6385,255.4,-1.2539885084857938,,5,1,val,current_repo_v1
6386,255.44,-1.1081641905402047,,5,1,val,current_repo_v1
6387,255.48,-1.1092807822067574,,5,1,val,current_repo_v1
6388,255.52,-1.4790303479334665,,5,1,val,current_repo_v1
6389,255.56,-1.3712234307127533,,5,1,val,current_repo_v1
6390,255.6,-1.428749837221692,,5,1,val,current_repo_v1
6391,255.64,-1.5027742498344798,,5,1,val,current_repo_v1
6392,255.68,-1.4904941969891312,,5,1,val,current_repo_v1
6393,255.72,-1.5256512012200167,,5,1,val,current_repo_v1
6394,255.76,-1.5945623082622955,,5,1,val,current_repo_v1
6395,255.8,-1.6920421849346559,,5,1,val,current_repo_v1
6396,255.84,-1.603501262161105,,5,1,val,current_repo_v1
6397,255.88,-1.6717267973078371,,5,1,val,current_repo_v1
6398,255.92,-1.6173926053999264,,5,1,val,current_repo_v1
6399,255.96,-1.5626701191901444,,5,1,val,current_repo_v1
6400,256.0,-1.365722158238604,,5,1,val,current_repo_v1
6401,256.04,-1.2125492233008994,,5,1,val,current_repo_v1
6402,256.08,-1.1652221720302545,,5,1,val,current_repo_v1
6403,256.12,-1.0786390906776055,,5,1,val,current_repo_v1
6404,256.16,-1.111670052646454,,5,1,val,current_repo_v1
6405,256.2,-1.2963680813898906,,5,1,val,current_repo_v1
6406,256.24,-1.380073250443195,,5,1,val,current_repo_v1
6407,256.28,-1.471867529437398,,5,1,val,current_repo_v1
6408,256.32,-1.4577612492599776,,5,1,val,current_repo_v1
6409,256.36,-1.5010328186442161,,5,1,val,current_repo_v1
6410,256.4,-1.551914596207075,,5,1,val,current_repo_v1
6411,256.44,-1.434498295360186,,5,1,val,current_repo_v1
6412,256.48,-1.2224451622286883,,5,1,val,current_repo_v1
6413,256.52,-1.0740496222765685,,5,1,val,current_repo_v1
6414,256.56,-1.1430379134517865,,5,1,val,current_repo_v1
6415,256.6,-1.1971412896068987,,5,1,val,current_repo_v1
6416,256.64,-1.1842736387866064,,5,1,val,current_repo_v1
6417,256.68,-1.0859323773686955,,5,1,val,current_repo_v1
6418,256.72,-0.9616628949026306,,5,1,val,current_repo_v1
6419,256.76,-1.0290133764276712,,5,1,val,current_repo_v1
6420,256.8,-0.9361268969351187,,5,1,val,current_repo_v1
6421,256.84,-0.808021534946037,,5,1,val,current_repo_v1
6422,256.88,-0.843159304530856,,5,1,val,current_repo_v1
6423,256.92,-0.7327199418344303,,5,1,val,current_repo_v1
6424,256.96,-0.82843988931648,,5,1,val,current_repo_v1
6425,257.0,-0.7947123876113492,,5,1,val,current_repo_v1
6426,257.04,-0.7811229873909937,,5,1,val,current_repo_v1
6427,257.08,-0.7590917874854809,,5,1,val,current_repo_v1
6428,257.12,-0.7748028100917558,,5,1,val,current_repo_v1
6429,257.16,-0.9209568999054392,,5,1,val,current_repo_v1
6430,257.2,-0.8650647835156955,,5,1,val,current_repo_v1
6431,257.24,-0.8864068919946795,,5,1,val,current_repo_v1
6432,257.28,-0.7486662819191789,,5,1,val,current_repo_v1
6433,257.32,-0.775021921357799,,5,1,val,current_repo_v1
6434,257.36,-1.0068714340705496,,5,1,val,current_repo_v1
6435,257.4,-0.9611078730516633,,5,1,val,current_repo_v1
6436,257.44,-0.9688532966996539,,5,1,val,current_repo_v1
6437,257.48,-1.052204139017545,,5,1,val,current_repo_v1
6438,257.52,-1.139938352550109,,5,1,val,current_repo_v1
6439,257.56,-1.1984688894332793,,5,1,val,current_repo_v1
6440,257.6,-0.9980084365613134,,5,1,val,current_repo_v1
6441,257.64,-0.919483034919395,,5,1,val,current_repo_v1
6442,257.68,-1.0884503971627015,,5,1,val,current_repo_v1
6443,257.72,-0.9770488110656018,,5,1,val,current_repo_v1
6444,257.76,-0.8857272951168472,,5,1,val,current_repo_v1
6445,257.8,-0.9581932103008978,,5,1,val,current_repo_v1
6446,257.84,-0.9247946619682837,,5,1,val,current_repo_v1
6447,257.88,-0.9233845577877112,,5,1,val,current_repo_v1
6448,257.92,-0.8744074194332294,,5,1,val,current_repo_v1
6449,257.96,-0.9042851271905294,,5,1,val,current_repo_v1
6450,258.0,-1.0155507611722396,,5,1,val,current_repo_v1
6451,258.04,-0.9271972738858905,,5,1,val,current_repo_v1
6452,258.08,-0.901474740776312,,5,1,val,current_repo_v1
6453,258.12,-0.9658310836300311,,5,1,val,current_repo_v1
6454,258.16,-1.0934724404763414,,5,1,val,current_repo_v1
6455,258.2,-1.1012340703367627,,5,1,val,current_repo_v1
6456,258.24,-1.2139784802779807,,5,1,val,current_repo_v1
6457,258.28,-1.3354090108341805,,5,1,val,current_repo_v1
6458,258.32,-1.2886689845915753,,5,1,val,current_repo_v1
6459,258.36,-1.080152898247822,,5,1,val,current_repo_v1
6460,258.4,-1.0288148912501758,,5,1,val,current_repo_v1
6461,258.44,-1.0589787450613,,5,1,val,current_repo_v1
6462,258.48,-0.9718801751940673,,5,1,val,current_repo_v1
6463,258.52,-0.9119780034224574,,5,1,val,current_repo_v1
6464,258.56,-0.8560438163600405,,5,1,val,current_repo_v1
6465,258.6,-0.8398199244250294,,5,1,val,current_repo_v1
6466,258.64,-0.7762009642368998,,5,1,val,current_repo_v1
6467,258.68,-0.7795609704312744,,5,1,val,current_repo_v1
6468,258.72,-0.7210477038047849,,5,1,val,current_repo_v1
6469,258.76,-0.905381174618092,,5,1,val,current_repo_v1
6470,258.8,-1.0335845105277766,,5,1,val,current_repo_v1
6471,258.84,-0.9090131668928033,,5,1,val,current_repo_v1
6472,258.88,-0.6931298837073299,,5,1,val,current_repo_v1
6473,258.92,-0.679811364598282,,5,1,val,current_repo_v1
6474,258.96,-0.7458770945404135,,5,1,val,current_repo_v1
6475,259.0,-0.9772129194288505,,5,1,val,current_repo_v1
6476,259.04,-0.9348148485247068,,5,1,val,current_repo_v1
6477,259.08,-0.7891042196148045,,5,1,val,current_repo_v1
6478,259.12,-0.8211827801299068,,5,1,val,current_repo_v1
6479,259.16,-0.8810033478924598,,5,1,val,current_repo_v1
6480,259.2,-0.8952504093091758,,5,1,val,current_repo_v1
6481,259.24,-0.9184969114478638,,5,1,val,current_repo_v1
6482,259.28,-1.0658356917601313,,5,1,val,current_repo_v1
6483,259.32,-1.2025546556560458,,5,1,val,current_repo_v1
6484,259.36,-1.1001664247057323,,5,1,val,current_repo_v1
6485,259.4,-1.0380402367514827,,5,1,val,current_repo_v1
6486,259.44,-1.0345578654683019,,5,1,val,current_repo_v1
6487,259.48,-1.0620715942992438,,5,1,val,current_repo_v1
6488,259.52,-0.96430049690048,,5,1,val,current_repo_v1
6489,259.56,-1.020220114741621,,5,1,val,current_repo_v1
6490,259.6,-1.1049260583372902,,5,1,val,current_repo_v1
6491,259.64,-1.0426927293119719,,5,1,val,current_repo_v1
6492,259.68,-1.1043573676101819,,5,1,val,current_repo_v1
6493,259.72,-1.0515580186088243,,5,1,val,current_repo_v1
6494,259.76,-1.1042683152913717,,5,1,val,current_repo_v1
6495,259.8,-1.0840812677710736,,5,1,val,current_repo_v1
6496,259.84,-1.060877081853732,,5,1,val,current_repo_v1
6497,259.88,-1.0575385202434828,,5,1,val,current_repo_v1
6498,259.92,-1.1638061746815254,,5,1,val,current_repo_v1
6499,259.96,-1.3484409337168366,,5,1,val,current_repo_v1
6500,260.0,-1.355514045097633,,5,1,val,current_repo_v1
6501,260.04,-1.3835109318678551,,5,1,val,current_repo_v1
6502,260.08,-1.3391079560471149,,5,1,val,current_repo_v1
6503,260.12,-1.2237670325860277,,5,1,val,current_repo_v1
6504,260.16,-1.2811190176874439,,5,1,val,current_repo_v1
6505,260.2,-1.2682726477521615,,5,1,val,current_repo_v1
6506,260.24,-1.150408384275816,,5,1,val,current_repo_v1
6507,260.28,-1.0662135093186131,,5,1,val,current_repo_v1
6508,260.32,-1.1516010960310576,,5,1,val,current_repo_v1
6509,260.36,-1.0223041681805425,,5,1,val,current_repo_v1
6510,260.4,-1.010443676168118,,5,1,val,current_repo_v1
6511,260.44,-1.1473689009495123,,5,1,val,current_repo_v1
6512,260.48,-1.2347567271537627,,5,1,val,current_repo_v1
6513,260.52,-1.2433365251932529,,5,1,val,current_repo_v1
6514,260.56,-1.0854279385444054,,5,1,val,current_repo_v1
6515,260.6,-1.1276194211648387,,5,1,val,current_repo_v1
6516,260.64,-1.0972254063973779,,5,1,val,current_repo_v1
6517,260.68,-1.0321197308426404,,5,1,val,current_repo_v1
6518,260.72,-0.8035526309435364,,5,1,val,current_repo_v1
6519,260.76,-0.5966468937233421,,5,1,val,current_repo_v1
6520,260.8,-0.30569281271667115,,5,1,val,current_repo_v1
6521,260.84,-0.15845732654625888,,5,1,val,current_repo_v1
6522,260.88,-0.04293078875062953,,5,1,val,current_repo_v1
6523,260.92,-0.010257634681196382,,5,1,val,current_repo_v1
6524,260.96,-0.12998741071952555,,5,1,val,current_repo_v1
6525,261.0,-0.04166392385388315,,5,1,val,current_repo_v1
6526,261.04,-0.046386088292591214,,5,1,val,current_repo_v1
6527,261.08,-0.1515998682876917,,5,1,val,current_repo_v1
6528,261.12,-0.1036434962300503,,5,1,val,current_repo_v1
6529,261.16,-0.24115367933815138,,5,1,val,current_repo_v1
6530,261.2,-0.4171573206612757,,5,1,val,current_repo_v1
6531,261.24,-0.37757994921562343,,5,1,val,current_repo_v1
6532,261.28,-0.15709459279722254,,5,1,val,current_repo_v1
6533,261.32,0.22092202380889045,,5,1,val,current_repo_v1
6534,261.36,0.3744931977697305,,5,1,val,current_repo_v1
6535,261.4,0.3325622627539413,,5,1,val,current_repo_v1
6536,261.44,0.3740769927686734,,5,1,val,current_repo_v1
6537,261.48,0.48804038817316453,,5,1,val,current_repo_v1
6538,261.52,0.5054665682616717,,5,1,val,current_repo_v1
6539,261.56,0.19898912522221132,,5,1,val,current_repo_v1
6540,261.6,0.15893796761163892,,5,1,val,current_repo_v1
6541,261.64,-0.0651645253867453,,5,1,val,current_repo_v1
6542,261.68,-0.37084847788879216,,5,1,val,current_repo_v1
6543,261.72,-0.3573506263987578,,5,1,val,current_repo_v1
6544,261.76,-0.04873191707952266,,5,1,val,current_repo_v1
6545,261.8,-0.4013110825856308,,5,1,val,current_repo_v1
6546,261.84,-0.2199695814303652,,5,1,val,current_repo_v1
6547,261.88,-0.1332063492011524,,5,1,val,current_repo_v1
6548,261.92,-0.2900688985022104,,5,1,val,current_repo_v1
6549,261.96,-0.39904974300466617,,5,1,val,current_repo_v1
6550,262.0,-0.7258536642860177,,5,1,val,current_repo_v1
6551,262.04,-0.8276910477128082,,5,1,val,current_repo_v1
6552,262.08,-0.9088731222995273,,5,1,val,current_repo_v1
6553,262.12,-0.8640901189822466,,5,1,val,current_repo_v1
6554,262.16,-0.7164196024124994,,5,1,val,current_repo_v1
6555,262.2,-0.7678743268794684,,5,1,val,current_repo_v1
6556,262.24,-0.7533280234796915,,5,1,val,current_repo_v1
6557,262.28,-0.7725071755461023,,5,1,val,current_repo_v1
6558,262.32,-0.9080407122974131,,5,1,val,current_repo_v1
6559,262.36,-0.9497699086157873,,5,1,val,current_repo_v1
6560,262.4,-0.6658986586248931,,5,1,val,current_repo_v1
6561,262.44,-0.0763926119069662,,5,1,val,current_repo_v1
6562,262.48,0.12552276289402683,,5,1,val,current_repo_v1
6563,262.52,0.24682532166671564,,5,1,val,current_repo_v1
6564,262.56,0.36603183604027556,,5,1,val,current_repo_v1
6565,262.6,0.13836235977840705,,5,1,val,current_repo_v1
6566,262.64,0.1309416333259314,,5,1,val,current_repo_v1
6567,262.68,0.11889812570242267,,5,1,val,current_repo_v1
6568,262.72,0.05347847012863558,,5,1,val,current_repo_v1
6569,262.76,-0.07657585260433425,,5,1,val,current_repo_v1
6570,262.8,-0.11042978629817123,,5,1,val,current_repo_v1
6571,262.84,0.060565465240661844,,5,1,val,current_repo_v1
6572,262.88,0.049866367296452635,,5,1,val,current_repo_v1
6573,262.92,-0.13814642018272585,,5,1,val,current_repo_v1
6574,262.96,-0.09075830914201446,,5,1,val,current_repo_v1
6575,263.0,-0.2540918844772068,,5,1,val,current_repo_v1
6576,263.04,-0.2933307261520878,,5,1,val,current_repo_v1
6577,263.08,-0.09693076845193921,,5,1,val,current_repo_v1
6578,263.12,0.004480298995615893,,5,1,val,current_repo_v1
6579,263.16,-0.013843341031011406,,5,1,val,current_repo_v1
6580,263.2,0.04046688686107519,,5,1,val,current_repo_v1
6581,263.24,0.16798815505940354,,5,1,val,current_repo_v1
6582,263.28,0.05697035642290259,,5,1,val,current_repo_v1
6583,263.32,-0.022415015501896986,,5,1,val,current_repo_v1
6584,263.36,-0.22279273637558863,,5,1,val,current_repo_v1
6585,263.4,-0.2436127469882023,,5,1,val,current_repo_v1
6586,263.44,-0.25590722581810066,,5,1,val,current_repo_v1
6587,263.48,-0.3654758319946156,,5,1,val,current_repo_v1
6588,263.52,-0.08203824653856175,,5,1,val,current_repo_v1
6589,263.56,-0.1410182551524092,,5,1,val,current_repo_v1
6590,263.6,-0.12769007779554914,,5,1,val,current_repo_v1
6591,263.64,-0.2041402452883916,,5,1,val,current_repo_v1
6592,263.68,-0.18714314104389454,,5,1,val,current_repo_v1
6593,263.72,-0.21373524385479659,,5,1,val,current_repo_v1
6594,263.76,-0.11826366885567852,,5,1,val,current_repo_v1
6595,263.8,-0.4089997844901145,,5,1,val,current_repo_v1
6596,263.84,-0.5259010060702087,,5,1,val,current_repo_v1
6597,263.88,-0.5414480430875716,,5,1,val,current_repo_v1
6598,263.92,-0.7447309551835202,,5,1,val,current_repo_v1
6599,263.96,-0.5544713717666663,,5,1,val,current_repo_v1
6600,264.0,-0.6409615538712917,,5,1,val,current_repo_v1
6601,264.04,-0.32504612017954193,,5,1,val,current_repo_v1
6602,264.08,-0.4913693733851594,,5,1,val,current_repo_v1
6603,264.12,-0.5307309893966353,,5,1,val,current_repo_v1
6604,264.16,-0.4934364839656307,,5,1,val,current_repo_v1
6605,264.2,-0.5700150938769409,,5,1,val,current_repo_v1
6606,264.24,-0.39689759073371333,,5,1,val,current_repo_v1
6607,264.28,-0.4260373838032985,,5,1,val,current_repo_v1
6608,264.32,-0.557187099167369,,5,1,val,current_repo_v1
6609,264.36,-0.6328596344746081,,5,1,val,current_repo_v1
6610,264.4,-0.5137007974684259,,5,1,val,current_repo_v1
6611,264.44,-0.4339787552924947,,5,1,val,current_repo_v1
6612,264.48,-0.5161829262313673,,5,1,val,current_repo_v1
6613,264.52,-0.36434450740767144,,5,1,val,current_repo_v1
6614,264.56,-0.37588860995469053,,5,1,val,current_repo_v1
6615,264.6,-0.37013863759937865,,5,1,val,current_repo_v1
6616,264.64,-0.1912103888042246,,5,1,val,current_repo_v1
6617,264.68,-0.15591561130529008,,5,1,val,current_repo_v1
6618,264.72,-0.2531435345765681,,5,1,val,current_repo_v1
6619,264.76,-0.26329738146076415,,5,1,val,current_repo_v1
6620,264.8,-0.19335513369020285,,5,1,val,current_repo_v1
6621,264.84,-0.30497169765068033,,5,1,val,current_repo_v1
6622,264.88,-0.24191653767858448,,5,1,val,current_repo_v1
6623,264.92,-0.10450659981631322,,5,1,val,current_repo_v1
6624,264.96,-0.033704299913313134,,5,1,val,current_repo_v1
6625,265.0,-0.2106381179774614,,5,1,val,current_repo_v1
6626,265.04,-0.28777966868444926,,5,1,val,current_repo_v1
6627,265.08,-0.12888330111052662,,5,1,val,current_repo_v1
6628,265.12,0.014334556036130687,,5,1,val,current_repo_v1
6629,265.16,-0.05406912211520211,,5,1,val,current_repo_v1
6630,265.2,-0.2283827337703172,,5,1,val,current_repo_v1
6631,265.24,-0.4640078028820375,,5,1,val,current_repo_v1
6632,265.28,-0.4432513279886118,,5,1,val,current_repo_v1
6633,265.32,-0.46053034257232045,,5,1,val,current_repo_v1
6634,265.36,-0.5484787973222426,,5,1,val,current_repo_v1
6635,265.4,-0.4596775111055526,,5,1,val,current_repo_v1
6636,265.44,-0.5199916317012176,,5,1,val,current_repo_v1
6637,265.48,-0.5314435307214539,,5,1,val,current_repo_v1
6638,265.52,-0.30225277811722606,,5,1,val,current_repo_v1
6639,265.56,-0.5082496987731652,,5,1,val,current_repo_v1
6640,265.6,-0.8255298101409474,,5,1,val,current_repo_v1
6641,265.64,-0.7219169461078776,,5,1,val,current_repo_v1
6642,265.68,-0.8665701605814659,,5,1,val,current_repo_v1
6643,265.72,-0.7731126167246312,,5,1,val,current_repo_v1
6644,265.76,-0.8087030143636971,,5,1,val,current_repo_v1
6645,265.8,-0.788051225054608,,5,1,val,current_repo_v1
6646,265.84,-0.6571435797575239,,5,1,val,current_repo_v1
6647,265.88,-0.5569318103968091,,5,1,val,current_repo_v1
6648,265.92,-0.6301830311625003,,5,1,val,current_repo_v1
6649,265.96,-0.6585587995354546,,5,1,val,current_repo_v1
6650,266.0,-0.7748446352157559,,5,1,val,current_repo_v1
6651,266.04,-0.706841239768703,,5,1,val,current_repo_v1
6652,266.08,-0.6452923776699019,,5,1,val,current_repo_v1
6653,266.12,-0.7625979769899612,,5,1,val,current_repo_v1
6654,266.16,-0.6112706677295104,,5,1,val,current_repo_v1
6655,266.2,-0.39392542866864244,,5,1,val,current_repo_v1
6656,266.24,-0.3374609383216928,,5,1,val,current_repo_v1
6657,266.28,-0.5887376072607761,,5,1,val,current_repo_v1
6658,266.32,-0.7845984833113253,,5,1,val,current_repo_v1
6659,266.36,-0.8525326340325386,,5,1,val,current_repo_v1
6660,266.4,-0.9149057621024598,,5,1,val,current_repo_v1
6661,266.44,-0.8023652394095471,,5,1,val,current_repo_v1
6662,266.48,-0.9180297960218987,,5,1,val,current_repo_v1
6663,266.52,-0.6741513858316942,,5,1,val,current_repo_v1
6664,266.56,-0.668242052387482,,5,1,val,current_repo_v1
6665,266.6,-0.5433727354375927,,5,1,val,current_repo_v1
6666,266.64,-0.49445952158769807,,5,1,val,current_repo_v1
6667,266.68,-0.4466159586829981,,5,1,val,current_repo_v1
6668,266.72,-0.07718700278951478,,5,1,val,current_repo_v1
6669,266.76,-0.19205323462494936,,5,1,val,current_repo_v1
6670,266.8,-0.25134718233306763,,5,1,val,current_repo_v1
6671,266.84,-0.23516507459727767,,5,1,val,current_repo_v1
6672,266.88,-0.018593132253252025,,5,1,val,current_repo_v1
6673,266.92,-0.06183357578536492,,5,1,val,current_repo_v1
6674,266.96,-0.08706181941581188,,5,1,val,current_repo_v1
6675,267.0,-0.14095336891551874,,5,1,val,current_repo_v1
6676,267.04,-0.033350198264183686,,5,1,val,current_repo_v1
6677,267.08,0.03153462416361006,,5,1,val,current_repo_v1
6678,267.12,-0.030822376985639575,,5,1,val,current_repo_v1
6679,267.16,-0.03816681965031086,,5,1,val,current_repo_v1
6680,267.2,-0.15495997679401338,,5,1,val,current_repo_v1
6681,267.24,-0.026380728885863,,5,1,val,current_repo_v1
6682,267.28,-0.05360609916712346,,5,1,val,current_repo_v1
6683,267.32,0.04287557610834328,,5,1,val,current_repo_v1
6684,267.36,-0.12117810652016033,,5,1,val,current_repo_v1
6685,267.4,-0.44200148524207455,,5,1,val,current_repo_v1
6686,267.44,-0.37055967172434184,,5,1,val,current_repo_v1
6687,267.48,-0.20128062636519947,,5,1,val,current_repo_v1
6688,267.52,-0.19251048717920805,,5,1,val,current_repo_v1
6689,267.56,-0.1869460677712701,,5,1,val,current_repo_v1
6690,267.6,-0.1894978095830608,,5,1,val,current_repo_v1
6691,267.64,-0.14222555659131625,,5,1,val,current_repo_v1
6692,267.68,-0.1749988356900413,,5,1,val,current_repo_v1
6693,267.72,-0.24511325400528763,,5,1,val,current_repo_v1
6694,267.76,-0.3536836843628957,,5,1,val,current_repo_v1
6695,267.8,-0.29808209297831467,,5,1,val,current_repo_v1
6696,267.84,-0.44047769202581505,,5,1,val,current_repo_v1
6697,267.88,-0.3362703341925627,,5,1,val,current_repo_v1
6698,267.92,-0.3794307723397932,,5,1,val,current_repo_v1
6699,267.96,-0.3504420326289988,,5,1,val,current_repo_v1
6700,268.0,-0.3387917712056039,,5,1,val,current_repo_v1
6701,268.04,-0.29356894928986094,,5,1,val,current_repo_v1
6702,268.08,-0.30728104199725365,,5,1,val,current_repo_v1
6703,268.12,-0.37674717089049947,,5,1,val,current_repo_v1
6704,268.16,-0.4203868995854074,,5,1,val,current_repo_v1
6705,268.2,-0.414581310455618,,5,1,val,current_repo_v1
6706,268.24,-0.4051487218741388,,5,1,val,current_repo_v1
6707,268.28,-0.4755300925219216,,5,1,val,current_repo_v1
6708,268.32,-0.5424443568290401,,5,1,val,current_repo_v1
6709,268.36,-0.5498960633391166,,5,1,val,current_repo_v1
6710,268.4,-0.6820830581482995,,5,1,val,current_repo_v1
6711,268.44,-0.8821575903555684,,5,1,val,current_repo_v1
6712,268.48,-1.0354462605679033,,5,1,val,current_repo_v1
6713,268.52,-1.1381960210147102,,5,1,val,current_repo_v1
6714,268.56,-1.0764985610438502,,5,1,val,current_repo_v1
6715,268.6,-1.1741909191680777,,5,1,val,current_repo_v1
6716,268.64,-1.0499477922596019,,5,1,val,current_repo_v1
6717,268.68,-1.0676015141185986,,5,1,val,current_repo_v1
6718,268.72,-1.3699503426918207,,5,1,val,current_repo_v1
6719,268.76,-1.4131800869520592,,5,1,val,current_repo_v1
6720,268.8,-1.3909641525947496,,5,1,val,current_repo_v1
6721,268.84,-1.2920745809896053,,5,1,val,current_repo_v1
6722,268.88,-1.4295161127811604,,5,1,val,current_repo_v1
6723,268.92,-1.5187453903352206,,5,1,val,current_repo_v1
6724,268.96,-1.4811857741867285,,5,1,val,current_repo_v1
6725,269.0,-1.3966705400605703,,5,1,val,current_repo_v1
6726,269.04,-1.4728538166080447,,5,1,val,current_repo_v1
6727,269.08,-1.5688140743915897,,5,1,val,current_repo_v1
6728,269.12,-1.4710297173644737,,5,1,val,current_repo_v1
6729,269.16,-1.4437821632952696,,5,1,val,current_repo_v1
6730,269.2,-1.280183149844359,,5,1,val,current_repo_v1
6731,269.24,-1.3066901291152218,,5,1,val,current_repo_v1
6732,269.28,-1.3640710889600745,,5,1,val,current_repo_v1
6733,269.32,-1.4294606187810195,,5,1,val,current_repo_v1
6734,269.36,-1.4358625637884297,,5,1,val,current_repo_v1
6735,269.4,-1.536732321743736,,5,1,val,current_repo_v1
6736,269.44,-1.456266021539366,,5,1,val,current_repo_v1
6737,269.48,-1.5701321796692738,,5,1,val,current_repo_v1
6738,269.52,-1.4284347164244315,,5,1,val,current_repo_v1
6739,269.56,-1.3883719771014402,,5,1,val,current_repo_v1
6740,269.6,-1.3145534161263437,,5,1,val,current_repo_v1
6741,269.64,-1.2318700569517407,,5,1,val,current_repo_v1
6742,269.68,-1.2986940002719043,,5,1,val,current_repo_v1
6743,269.72,-1.2290918374137112,,5,1,val,current_repo_v1
6744,269.76,-1.1351526907591931,,5,1,val,current_repo_v1
6745,269.8,-1.0558966999649766,,5,1,val,current_repo_v1
6746,269.84,-1.1430803933722484,,5,1,val,current_repo_v1
6747,269.88,-1.0895627326522523,,5,1,val,current_repo_v1
6748,269.92,-1.1663435109711557,,5,1,val,current_repo_v1
6749,269.96,-1.244220500416737,,5,1,val,current_repo_v1
6750,270.0,-1.3121166729431635,,5,1,val,current_repo_v1
6751,270.04,-1.393517531397695,,5,1,val,current_repo_v1
6752,270.08,-1.0870161473625986,,5,1,val,current_repo_v1
6753,270.12,-1.0640803461450536,,5,1,val,current_repo_v1
6754,270.16,-1.2115029404044366,,5,1,val,current_repo_v1
6755,270.2,-1.2043145848463566,,5,1,val,current_repo_v1
6756,270.24,-1.155249130819084,,5,1,val,current_repo_v1
6757,270.28,-1.1310375405452016,,5,1,val,current_repo_v1
6758,270.32,-1.0299368031379812,,5,1,val,current_repo_v1
6759,270.36,-1.010206312450701,,5,1,val,current_repo_v1
6760,270.4,-1.017653312611208,,5,1,val,current_repo_v1
6761,270.44,-1.1711826205232692,,5,1,val,current_repo_v1
6762,270.48,-1.2484547417372258,,5,1,val,current_repo_v1
6763,270.52,-1.2342968963384355,,5,1,val,current_repo_v1
6764,270.56,-1.1511937307822353,,5,1,val,current_repo_v1
6765,270.6,-1.1552431558013698,,5,1,val,current_repo_v1
6766,270.64,-1.123739506579763,,5,1,val,current_repo_v1
6767,270.68,-1.2845532614306796,,5,1,val,current_repo_v1
6768,270.72,-1.3257571472875425,,5,1,val,current_repo_v1
6769,270.76,-1.298841656874049,,5,1,val,current_repo_v1
6770,270.8,-1.418711480063453,,5,1,val,current_repo_v1
6771,270.84,-1.2795599473118027,,5,1,val,current_repo_v1
6772,270.88,-1.3968820393177446,,5,1,val,current_repo_v1
6773,270.92,-1.3569163735702212,,5,1,val,current_repo_v1
6774,270.96,-1.190125882164302,,5,1,val,current_repo_v1
6775,271.0,-1.2458613385005506,,5,1,val,current_repo_v1
6776,271.04,-0.9080410396956441,,5,1,val,current_repo_v1
6777,271.08,-0.04526798240922045,,5,1,val,current_repo_v1
6778,271.12,0.13568025208354187,,5,1,val,current_repo_v1
6779,271.16,-0.11571164057043576,,5,1,val,current_repo_v1
6780,271.2,-0.12819615361099376,,5,1,val,current_repo_v1
6781,271.24,-0.016468706519980253,,5,1,val,current_repo_v1
6782,271.28,0.21307531133320898,,5,1,val,current_repo_v1
6783,271.32,0.5493133354128578,,5,1,val,current_repo_v1
6784,271.36,0.6037894953786512,,5,1,val,current_repo_v1
6785,271.4,0.4317257643664185,,5,1,val,current_repo_v1
6786,271.44,0.29995497455829273,,5,1,val,current_repo_v1
6787,271.48,0.15938713752207176,,5,1,val,current_repo_v1
6788,271.52,0.08716449968598418,,5,1,val,current_repo_v1
6789,271.56,-0.08064827734919076,,5,1,val,current_repo_v1
6790,271.6,-0.041325250846385816,,5,1,val,current_repo_v1
6791,271.64,0.10704827413250313,,5,1,val,current_repo_v1
6792,271.68,0.07616391401147383,,5,1,val,current_repo_v1
6793,271.72,-0.026672911344569696,,5,1,val,current_repo_v1
6794,271.76,-0.012205756467117718,,5,1,val,current_repo_v1
6795,271.8,0.1067653815985988,,5,1,val,current_repo_v1
6796,271.84,-0.006404587213445721,,5,1,val,current_repo_v1
6797,271.88,0.11510075639631785,,5,1,val,current_repo_v1
6798,271.92,0.18328254295444327,,5,1,val,current_repo_v1
6799,271.96,0.14134045593641337,,5,1,val,current_repo_v1
6800,272.0,0.4890160758260851,,5,1,val,current_repo_v1
6801,272.04,0.5765959210927701,,5,1,val,current_repo_v1
6802,272.08,0.3369242712340466,,5,1,val,current_repo_v1
6803,272.12,-0.0766637794917257,,5,1,val,current_repo_v1
6804,272.16,-0.24396308355767615,,5,1,val,current_repo_v1
6805,272.2,-0.5574860956017568,,5,1,val,current_repo_v1
6806,272.24,-0.7351671617609998,,5,1,val,current_repo_v1
6807,272.28,-0.8928644947013461,,5,1,val,current_repo_v1
6808,272.32,-0.8560768835813634,,5,1,val,current_repo_v1
6809,272.36,-0.7574332698971977,,5,1,val,current_repo_v1
6810,272.4,-0.7922188408351045,,5,1,val,current_repo_v1
6811,272.44,-1.031561107611133,,5,1,val,current_repo_v1
6812,272.48,-1.2601912316696893,,5,1,val,current_repo_v1
6813,272.52,-1.517072221676104,,5,1,val,current_repo_v1
6814,272.56,-1.7712417813835963,,5,1,val,current_repo_v1
6815,272.6,-1.6474469445028077,,5,1,val,current_repo_v1
6816,272.64,-1.537633649073459,,5,1,val,current_repo_v1
6817,272.68,-1.36834871054616,,5,1,val,current_repo_v1
6818,272.72,-1.4329572318872454,,5,1,val,current_repo_v1
6819,272.76,-1.6765611595856023,,5,1,val,current_repo_v1
6820,272.8,-1.6405381870339333,,5,1,val,current_repo_v1
6821,272.84,-1.6424523207910071,,5,1,val,current_repo_v1
6822,272.88,-1.5737432184572062,,5,1,val,current_repo_v1
6823,272.92,-1.409062072003547,,5,1,val,current_repo_v1
6824,272.96,-1.2561655430222967,,5,1,val,current_repo_v1
6825,273.0,-1.5234365158869583,,5,1,val,current_repo_v1
6826,273.04,-1.6141819746484092,,5,1,val,current_repo_v1
6827,273.08,-1.3823088892630324,,5,1,val,current_repo_v1
6828,273.12,-1.419985386579963,,5,1,val,current_repo_v1
6829,273.16,-1.568649393081437,,5,1,val,current_repo_v1
6830,273.2,-1.5400711289026585,,5,1,val,current_repo_v1
6831,273.24,-1.7475358576773699,,5,1,val,current_repo_v1
6832,273.28,-1.5277964781281204,,5,1,val,current_repo_v1
6833,273.32,-1.365327152272999,,5,1,val,current_repo_v1
6834,273.36,-1.5114404810069328,,5,1,val,current_repo_v1
6835,273.4,-1.5272464491001747,,5,1,val,current_repo_v1
6836,273.44,-1.6932646899289112,,5,1,val,current_repo_v1
6837,273.48,-1.5979091366778755,,5,1,val,current_repo_v1
6838,273.52,-1.7730951827688346,,5,1,val,current_repo_v1
6839,273.56,-1.8419804253508707,,5,1,val,current_repo_v1
6840,273.6,-1.8385299753952045,,5,1,val,current_repo_v1
6841,273.64,-1.7919493920910574,,5,1,val,current_repo_v1
6842,273.68,-1.8385967646343122,,5,1,val,current_repo_v1
6843,273.72,-1.9382438538962476,,5,1,val,current_repo_v1
6844,273.76,-1.85920893875746,,5,1,val,current_repo_v1
6845,273.8,-1.8418145981469096,,5,1,val,current_repo_v1
6846,273.84,-1.8117812125308073,,5,1,val,current_repo_v1
6847,273.88,-1.6667359386756921,,5,1,val,current_repo_v1
6848,273.92,-1.6665303325866745,,5,1,val,current_repo_v1
6849,273.96,-1.6480549230176262,,5,1,val,current_repo_v1
6850,274.0,-1.8385250644217406,,5,1,val,current_repo_v1
6851,274.04,-1.9411496768947785,,5,1,val,current_repo_v1
6852,274.08,-1.645485174303135,,5,1,val,current_repo_v1
6853,274.12,-1.648502803797525,,5,1,val,current_repo_v1
6854,274.16,-1.8280280223419827,,5,1,val,current_repo_v1
6855,274.2,-1.8721154681176737,,5,1,val,current_repo_v1
6856,274.24,-1.7932701165545888,,5,1,val,current_repo_v1
6857,274.28,-1.6268791328399497,,5,1,val,current_repo_v1
6858,274.32,-1.6449184479654124,,5,1,val,current_repo_v1
6859,274.36,-1.6326148224474377,,5,1,val,current_repo_v1
6860,274.4,-1.7315990939908756,,5,1,val,current_repo_v1
6861,274.44,-1.7422280775576944,,5,1,val,current_repo_v1
6862,274.48,-1.8520937567039903,,5,1,val,current_repo_v1
6863,274.52,-1.7935727962190742,,5,1,val,current_repo_v1
6864,274.56,-1.7954500976751697,,5,1,val,current_repo_v1
6865,274.6,-1.5348674614204156,,5,1,val,current_repo_v1
6866,274.64,-1.3623876072566836,,5,1,val,current_repo_v1
6867,274.68,-1.4423655111500788,,5,1,val,current_repo_v1
6868,274.72,-1.5526818539612361,,5,1,val,current_repo_v1
6869,274.76,-1.751715423493295,,5,1,val,current_repo_v1
6870,274.8,-1.582691503205597,,5,1,val,current_repo_v1
6871,274.84,-1.265136991195525,,5,1,val,current_repo_v1
6872,274.88,-1.2028881926037958,,5,1,val,current_repo_v1
6873,274.92,-1.363627955454524,,5,1,val,current_repo_v1
6874,274.96,-1.576151559843854,,5,1,val,current_repo_v1
6875,275.0,-1.725059641726479,,5,1,val,current_repo_v1
6876,275.04,-1.6339162304153447,,5,1,val,current_repo_v1
6877,275.08,-1.5131827306927739,,5,1,val,current_repo_v1
6878,275.12,-1.6256107920933656,,5,1,val,current_repo_v1
6879,275.16,-1.690535498275962,,5,1,val,current_repo_v1
6880,275.2,-1.5044335040687824,,5,1,val,current_repo_v1
6881,275.24,-1.3231770855287772,,5,1,val,current_repo_v1
6882,275.28,-1.466590524751429,,5,1,val,current_repo_v1
6883,275.32,-1.6313959188337224,,5,1,val,current_repo_v1
6884,275.36,-1.729685451331148,,5,1,val,current_repo_v1
6885,275.4,-1.8121668876468309,,5,1,val,current_repo_v1
6886,275.44,-1.7763356067593656,,5,1,val,current_repo_v1
6887,275.48,-1.7270733045457525,,5,1,val,current_repo_v1
6888,275.52,-1.6797827581778553,,5,1,val,current_repo_v1
6889,275.56,-1.5353287655277819,,5,1,val,current_repo_v1
6890,275.6,-1.4803897053882464,,5,1,val,current_repo_v1
6891,275.64,-1.4650682866767664,,5,1,val,current_repo_v1
6892,275.68,-1.50033677000528,,5,1,val,current_repo_v1
6893,275.72,-1.5935460641535197,,5,1,val,current_repo_v1
6894,275.76,-1.6304348413268566,,5,1,val,current_repo_v1
6895,275.8,-1.6110111227819486,,5,1,val,current_repo_v1
6896,275.84,-1.5571906186983513,,5,1,val,current_repo_v1
6897,275.88,-1.5432128423265672,,5,1,val,current_repo_v1
6898,275.92,-1.5352688516515236,,5,1,val,current_repo_v1
6899,275.96,-1.5566099779358147,,5,1,val,current_repo_v1
6900,276.0,-1.6505932415019493,,5,1,val,current_repo_v1
6901,276.04,-1.700131213025997,,5,1,val,current_repo_v1
6902,276.08,-1.6789220282287665,,5,1,val,current_repo_v1
6903,276.12,-1.7332301919773192,,5,1,val,current_repo_v1
6904,276.16,-1.6899488006461532,,5,1,val,current_repo_v1
6905,276.2,-1.7435213005698285,,5,1,val,current_repo_v1
6906,276.24,-1.7943610074600143,,5,1,val,current_repo_v1
6907,276.28,-1.7080021938955454,,5,1,val,current_repo_v1
6908,276.32,-1.6556659496918242,,5,1,val,current_repo_v1
6909,276.36,-1.6740598371013733,,5,1,val,current_repo_v1
6910,276.4,-1.793379467563716,,5,1,val,current_repo_v1
6911,276.44,-1.7470617850389976,,5,1,val,current_repo_v1
6912,276.48,-1.5589536581718557,,5,1,val,current_repo_v1
6913,276.52,-1.4440787860924833,,5,1,val,current_repo_v1
6914,276.56,-1.5252661809004548,,5,1,val,current_repo_v1
6915,276.6,-1.6704643497294094,,5,1,val,current_repo_v1
6916,276.64,-1.8134368653845698,,5,1,val,current_repo_v1
6917,276.68,-1.7116893527721668,,5,1,val,current_repo_v1
6918,276.72,-1.4699116524058817,,5,1,val,current_repo_v1
6919,276.76,-1.3428776192779281,,5,1,val,current_repo_v1
6920,276.8,-1.43573455108014,,5,1,val,current_repo_v1
6921,276.84,-1.524401522172595,,5,1,val,current_repo_v1
6922,276.88,-1.6336801762908515,,5,1,val,current_repo_v1
6923,276.92,-1.4370885064641097,,5,1,val,current_repo_v1
6924,276.96,-1.3413463777519152,,5,1,val,current_repo_v1
6925,277.0,-1.4879142989294813,,5,1,val,current_repo_v1
6926,277.04,-1.4787229209946327,,5,1,val,current_repo_v1
6927,277.08,-1.4604922416031971,,5,1,val,current_repo_v1
6928,277.12,-1.513574626375185,,5,1,val,current_repo_v1
6929,277.16,-1.570519819174683,,5,1,val,current_repo_v1
6930,277.2,-1.751021830341091,,5,1,val,current_repo_v1
6931,277.24,-1.7908833834511817,,5,1,val,current_repo_v1
6932,277.28,-1.6904349870190694,,5,1,val,current_repo_v1
6933,277.32,-1.6544824050870481,,5,1,val,current_repo_v1
6934,277.36,-1.5583972448784071,,5,1,val,current_repo_v1
6935,277.4,-1.6006787620123435,,5,1,val,current_repo_v1
6936,277.44,-1.5531012510950448,,5,1,val,current_repo_v1
6937,277.48,-1.665201095769139,,5,1,val,current_repo_v1
6938,277.52,-1.7825930054478247,,5,1,val,current_repo_v1
6939,277.56,-1.8960153752757205,,5,1,val,current_repo_v1
6940,277.6,-1.9167902663196354,,5,1,val,current_repo_v1
6941,277.64,-1.8880208015739997,,5,1,val,current_repo_v1
6942,277.68,-1.6955800502179776,,5,1,val,current_repo_v1
6943,277.72,-1.682748331353529,,5,1,val,current_repo_v1
6944,277.76,-1.670728232703531,,5,1,val,current_repo_v1
6945,277.8,-1.7414413396087935,,5,1,val,current_repo_v1
6946,277.84,-1.788782141605137,,5,1,val,current_repo_v1
6947,277.88,-1.6765940631078098,,5,1,val,current_repo_v1
6948,277.92,-1.843657031691412,,5,1,val,current_repo_v1
6949,277.96,-1.7007107078947254,,5,1,val,current_repo_v1
6950,278.0,-1.7064660413960686,,5,1,val,current_repo_v1
6951,278.04,-1.6222700205450575,,5,1,val,current_repo_v1
6952,278.08,-1.6125320512636876,,5,1,val,current_repo_v1
6953,278.12,-1.5595357722264316,,5,1,val,current_repo_v1
6954,278.16,-1.3383984840807113,,5,1,val,current_repo_v1
6955,278.2,-1.152654172440812,,5,1,val,current_repo_v1
6956,278.24,-1.1426945545571092,,5,1,val,current_repo_v1
6957,278.28,-1.347835738086981,,5,1,val,current_repo_v1
6958,278.32,-1.5666306555895841,,5,1,val,current_repo_v1
6959,278.36,-1.4398206447011375,,5,1,val,current_repo_v1
6960,278.4,-1.4035951763436443,,5,1,val,current_repo_v1
6961,278.44,-1.424205222378291,,5,1,val,current_repo_v1
6962,278.48,-1.3654853674680911,,5,1,val,current_repo_v1
6963,278.52,-1.5511309685413681,,5,1,val,current_repo_v1
6964,278.56,-1.595984853575643,,5,1,val,current_repo_v1
6965,278.6,-1.392804785448982,,5,1,val,current_repo_v1
6966,278.64,-1.3304748739455423,,5,1,val,current_repo_v1
6967,278.68,-1.3052693026425866,,5,1,val,current_repo_v1
6968,278.72,-1.2621374504533933,,5,1,val,current_repo_v1
6969,278.76,-1.2395909257324123,,5,1,val,current_repo_v1
6970,278.8,-1.2070905125967697,,5,1,val,current_repo_v1
6971,278.84,-1.2645890084065226,,5,1,val,current_repo_v1
6972,278.88,-1.3359824488356369,,5,1,val,current_repo_v1
6973,278.92,-1.4310295111035882,,5,1,val,current_repo_v1
6974,278.96,-1.4439044465345183,,5,1,val,current_repo_v1
6975,279.0,-1.2756804419745158,,5,1,val,current_repo_v1
6976,279.04,-1.2817017865384814,,5,1,val,current_repo_v1
6977,279.08,-1.3570265430749258,,5,1,val,current_repo_v1
6978,279.12,-1.599027037937352,,5,1,val,current_repo_v1
6979,279.16,-1.635135461427291,,5,1,val,current_repo_v1
6980,279.2,-1.6458993330652487,,5,1,val,current_repo_v1
6981,279.24,-1.7259110408259863,,5,1,val,current_repo_v1
6982,279.28,-1.6436379934842842,,5,1,val,current_repo_v1
6983,279.32,-1.6777276794823703,,5,1,val,current_repo_v1
6984,279.36,-1.6436733524932234,,5,1,val,current_repo_v1
6985,279.4,-1.7312150558660064,,5,1,val,current_repo_v1
6986,279.44,-1.7303068531734342,,5,1,val,current_repo_v1
6987,279.48,-1.736757744216367,,5,1,val,current_repo_v1
6988,279.52,-1.8628412584304022,,5,1,val,current_repo_v1
6989,279.56,-1.8827627859854241,,5,1,val,current_repo_v1
6990,279.6,-1.7011314146214576,,5,1,val,current_repo_v1
6991,279.64,-1.6905240393378795,,5,1,val,current_repo_v1
6992,279.68,-1.717150355263913,,5,1,val,current_repo_v1
6993,279.72,-1.6250735315964258,,5,1,val,current_repo_v1
6994,279.76,-1.670940714155398,,5,1,val,current_repo_v1
6995,279.8,-1.7741588996210937,,5,1,val,current_repo_v1
6996,279.84,-1.6414213437618401,,5,1,val,current_repo_v1
6997,279.88,-1.5497794686441302,,5,1,val,current_repo_v1
6998,279.92,-1.5389529002449511,,5,1,val,current_repo_v1
6999,279.96,-1.4993303478434319,,5,1,val,current_repo_v1
7000,280.0,-1.414820515788084,,5,1,val,current_repo_v1
7001,280.04,-1.553382813573636,,5,1,val,current_repo_v1
7002,280.08,-1.6215130758351703,,5,1,val,current_repo_v1
7003,280.12,-1.5970045353658433,,5,1,val,current_repo_v1
7004,280.16,-1.6245218655773255,,5,1,val,current_repo_v1
7005,280.2,-1.508648101495416,,5,1,val,current_repo_v1
7006,280.24,-1.435513557274269,,5,1,val,current_repo_v1
7007,280.28,-1.5147935299889004,,5,1,val,current_repo_v1
7008,280.32,-1.7148421977359267,,5,1,val,current_repo_v1
7009,280.36,-1.8533208452734786,,5,1,val,current_repo_v1
7010,280.4,-1.8060307900029278,,5,1,val,current_repo_v1
7011,280.44,-1.6895120514061057,,5,1,val,current_repo_v1
7012,280.48,-1.5951149564760885,,5,1,val,current_repo_v1
7013,280.52,-1.629207261660022,,5,1,val,current_repo_v1
7014,280.56,-1.7163685282884757,,5,1,val,current_repo_v1
7015,280.6,-1.7490839602122752,,5,1,val,current_repo_v1
7016,280.64,-1.776062720333894,,5,1,val,current_repo_v1
7017,280.68,-1.720609317573583,,5,1,val,current_repo_v1
7018,280.72,-1.7105663768401111,,5,1,val,current_repo_v1
7019,280.76,-1.6720895545476966,,5,1,val,current_repo_v1
7020,280.8,-1.4444449810137674,,5,1,val,current_repo_v1
7021,280.84,-1.5394068378921217,,5,1,val,current_repo_v1
7022,280.88,-1.5448789719237193,,5,1,val,current_repo_v1
7023,280.92,-1.6372502902999189,,5,1,val,current_repo_v1
7024,280.96,-1.628445405976671,,5,1,val,current_repo_v1
7025,281.0,-1.4846252563016589,,5,1,val,current_repo_v1
7026,281.04,-1.505184555610513,,5,1,val,current_repo_v1
7027,281.08,-1.5417747455972508,,5,1,val,current_repo_v1
7028,281.12,-1.5091935469481288,,5,1,val,current_repo_v1
7029,281.16,-1.449348588017372,,5,1,val,current_repo_v1
7030,281.2,-1.698844865376712,,5,1,val,current_repo_v1
7031,281.24,-1.6617571937780913,,5,1,val,current_repo_v1
7032,281.28,-1.6271245178140241,,5,1,val,current_repo_v1
7033,281.32,-1.7129536010408644,,5,1,val,current_repo_v1
7034,281.36,-1.780370462557224,,5,1,val,current_repo_v1
7035,281.4,-1.7446878204665965,,5,1,val,current_repo_v1
7036,281.44,-1.7265051049159907,,5,1,val,current_repo_v1
7037,281.48,-1.5596482335187527,,5,1,val,current_repo_v1
7038,281.52,-1.5592713981549637,,5,1,val,current_repo_v1
7039,281.56,-1.6699035165598435,,5,1,val,current_repo_v1
7040,281.6,-1.6600555414728844,,5,1,val,current_repo_v1
7041,281.64,-1.7115855675329652,,5,1,val,current_repo_v1
7042,281.68,-1.631502486957887,,5,1,val,current_repo_v1
7043,281.72,-1.6192576294223624,,5,1,val,current_repo_v1
7044,281.76,-1.7097439524840399,,5,1,val,current_repo_v1
7045,281.8,-1.7530151944700474,,5,1,val,current_repo_v1
7046,281.84,-1.7409955869173959,,5,1,val,current_repo_v1
7047,281.88,-1.685560682157132,,5,1,val,current_repo_v1
7048,281.92,-1.7048069508608814,,5,1,val,current_repo_v1
7049,281.96,-1.8266002386569404,,5,1,val,current_repo_v1
7050,282.0,-1.8311072027037856,,5,1,val,current_repo_v1
7051,282.04,-1.8174959486515163,,5,1,val,current_repo_v1
7052,282.08,-1.8695566872439182,,5,1,val,current_repo_v1
7053,282.12,-1.8662804131471016,,5,1,val,current_repo_v1
7054,282.16,-1.9460992833498274,,5,1,val,current_repo_v1
7055,282.2,-1.8602286205476604,,5,1,val,current_repo_v1
7056,282.24,-1.6958128303601618,,5,1,val,current_repo_v1
7057,282.28,-1.772637316342893,,5,1,val,current_repo_v1
7058,282.32,-1.7111326120804873,,5,1,val,current_repo_v1
7059,282.36,-1.6401937640950055,,5,1,val,current_repo_v1
7060,282.4,-1.524557036332282,,5,1,val,current_repo_v1
7061,282.44,-1.516244558948338,,5,1,val,current_repo_v1
7062,282.48,-1.4835803648476775,,5,1,val,current_repo_v1
7063,282.52,-1.483965221468124,,5,1,val,current_repo_v1
7064,282.56,-1.5934570118347093,,5,1,val,current_repo_v1
7065,282.6,-1.5365673130353523,,5,1,val,current_repo_v1
7066,282.64,-1.5984275717765373,,5,1,val,current_repo_v1
7067,282.68,-1.6514587187253864,,5,1,val,current_repo_v1
7068,282.72,-1.472307061562408,,5,1,val,current_repo_v1
7069,282.76,-1.4577579752776686,,5,1,val,current_repo_v1
7070,282.8,-1.4766604758389519,,5,1,val,current_repo_v1
7071,282.84,-1.6820123401304208,,5,1,val,current_repo_v1
7072,282.88,-1.7345774356975552,,5,1,val,current_repo_v1
7073,282.92,-1.7295119302687605,,5,1,val,current_repo_v1
7074,282.96,-1.6324642192612144,,5,1,val,current_repo_v1
7075,283.0,-1.5675057910608332,,5,1,val,current_repo_v1
7076,283.04,-1.5099387053217028,,5,1,val,current_repo_v1
7077,283.08,-1.520237671471754,,5,1,val,current_repo_v1
7078,283.12,-1.562729378269941,,5,1,val,current_repo_v1
7079,283.16,-1.097772243292572,,5,1,val,current_repo_v1
7080,283.2,-0.7623085569538279,,5,1,val,current_repo_v1
7081,283.24,-0.5094648373072248,,5,1,val,current_repo_v1
7082,283.28,-0.48265689721258875,,5,1,val,current_repo_v1
7083,283.32,-0.5632480998420549,,5,1,val,current_repo_v1
7084,283.36,-0.7975682823796646,,5,1,val,current_repo_v1
7085,283.4,-0.8738399564494873,,5,1,val,current_repo_v1
7086,283.44,-0.9745552642893571,,5,1,val,current_repo_v1
7087,283.48,-1.0264042580759116,,5,1,val,current_repo_v1
7088,283.52,-0.9097209200184947,,5,1,val,current_repo_v1
7089,283.56,-0.8683259154443322,,5,1,val,current_repo_v1
7090,283.6,-0.9105750201534073,,5,1,val,current_repo_v1
7091,283.64,-0.8251463449629823,,5,1,val,current_repo_v1
7092,283.68,-0.8429678584153254,,5,1,val,current_repo_v1
7093,283.72,-1.0885091651451515,,5,1,val,current_repo_v1
7094,283.76,-0.979664968479326,,5,1,val,current_repo_v1
7095,283.8,-0.5476041938731186,,5,1,val,current_repo_v1
7096,283.84,-0.09942155280561049,,5,1,val,current_repo_v1
7097,283.88,-0.1712324669039267,,5,1,val,current_repo_v1
7098,283.92,-0.48602688905300634,,5,1,val,current_repo_v1
7099,283.96,-0.864561081337425,,5,1,val,current_repo_v1
7100,284.0,-1.1948923093091512,,5,1,val,current_repo_v1
7101,284.04,-1.1017658469133345,,5,1,val,current_repo_v1
7102,284.08,-1.2054035932119542,,5,1,val,current_repo_v1
7103,284.12,-1.0852921501281314,,5,1,val,current_repo_v1
7104,284.16,-1.2277193840296943,,5,1,val,current_repo_v1
7105,284.2,-1.4824159730394104,,5,1,val,current_repo_v1
7106,284.24,-1.4099126526074772,,5,1,val,current_repo_v1
7107,284.28,-1.0136500507426334,,5,1,val,current_repo_v1
7108,284.32,-0.6415701871825721,,5,1,val,current_repo_v1
7109,284.36,-0.5367840097394426,,5,1,val,current_repo_v1
7110,284.4,-0.28847549223710145,,5,1,val,current_repo_v1
7111,284.44,0.11322349586500127,,5,1,val,current_repo_v1
7112,284.48,0.2219723787208502,,5,1,val,current_repo_v1
7113,284.52,-0.08612996220105575,,5,1,val,current_repo_v1
7114,284.56,-0.39627672091355237,,5,1,val,current_repo_v1
7115,284.6,-0.7721272298991196,,5,1,val,current_repo_v1
7116,284.64,-0.9090151312821889,,5,1,val,current_repo_v1
7117,284.68,-0.9601675034829033,,5,1,val,current_repo_v1
7118,284.72,-0.8771614933517288,,5,1,val,current_repo_v1
7119,284.76,-1.011372832347469,,5,1,val,current_repo_v1
7120,284.8,-0.9145819652520799,,5,1,val,current_repo_v1
7121,284.84,-1.141716943439582,,5,1,val,current_repo_v1
7122,284.88,-0.8252878628482975,,5,1,val,current_repo_v1
7123,284.92,-0.3978834277317924,,5,1,val,current_repo_v1
7124,284.96,-0.6239402426200961,,5,1,val,current_repo_v1
7125,285.0,-0.5422383414922337,,5,1,val,current_repo_v1
7126,285.04,-0.40951719646930473,,5,1,val,current_repo_v1
7127,285.08,0.1692003879341638,,5,1,val,current_repo_v1
7128,285.12,0.4501842310770166,,5,1,val,current_repo_v1
7129,285.16,0.1618334980282851,,5,1,val,current_repo_v1
7130,285.2,-0.9291435745191523,,5,1,val,current_repo_v1
7131,285.24,-1.6606607371027402,,5,1,val,current_repo_v1
7132,285.28,-1.6855028963693746,,5,1,val,current_repo_v1
7133,285.32,-2.099638413208816,,5,1,val,current_repo_v1
7134,285.36,-2.203255206020657,,5,1,val,current_repo_v1
7135,285.4,-2.3884843565442035,,5,1,val,current_repo_v1
7136,285.44,-2.2424120344386926,,5,1,val,current_repo_v1
7137,285.48,-1.9483877969839585,,5,1,val,current_repo_v1
7138,285.52,-1.6325742250668036,,5,1,val,current_repo_v1
7139,285.56,-1.9283379293224159,,5,1,val,current_repo_v1
7140,285.6,-1.8927371367895183,,5,1,val,current_repo_v1
7141,285.64,-1.8669222773788203,,5,1,val,current_repo_v1
7142,285.68,-1.9103660582325226,,5,1,val,current_repo_v1
7143,285.72,-1.7420935168847862,,5,1,val,current_repo_v1
7144,285.76,-1.4925355249589176,,5,1,val,current_repo_v1
7145,285.8,-1.166626219343555,,5,1,val,current_repo_v1
7146,285.84,-0.7290137120108579,,5,1,val,current_repo_v1
7147,285.88,-1.8166820366494492,,5,1,val,current_repo_v1
7148,285.92,-2.392247962907745,,5,1,val,current_repo_v1
7149,285.96,-2.030497636307547,,5,1,val,current_repo_v1
7150,286.0,-1.5352027172088778,,5,1,val,current_repo_v1
7151,286.04,-1.4672639829124314,,5,1,val,current_repo_v1
7152,286.08,-1.7747452698526716,,5,1,val,current_repo_v1
7153,286.12,-2.1678775353821313,,5,1,val,current_repo_v1
7154,286.16,-2.1967005297385227,,5,1,val,current_repo_v1
7155,286.2,-1.8955111820001036,,5,1,val,current_repo_v1
7156,286.24,-1.945558912569694,,5,1,val,current_repo_v1
7157,286.28,-1.9716810352201102,,5,1,val,current_repo_v1
7158,286.32,-1.836562966823837,,5,1,val,current_repo_v1
7159,286.36,-2.013001311148065,,5,1,val,current_repo_v1
7160,286.4,-1.6447930544429699,,5,1,val,current_repo_v1
7161,286.44,-1.2970070808870888,,5,1,val,current_repo_v1
7162,286.48,-1.5292494714769433,,5,1,val,current_repo_v1
7163,286.52,-1.2089335190881763,,5,1,val,current_repo_v1
7164,286.56,-1.2112474879347612,,5,1,val,current_repo_v1
7165,286.6,-0.9396745841653682,,5,1,val,current_repo_v1
7166,286.64,-0.7531985374793626,,5,1,val,current_repo_v1
7167,286.68,-0.8193423109747897,,5,1,val,current_repo_v1
7168,286.72,-0.6860610694283144,,5,1,val,current_repo_v1
7169,286.76,-0.6237064802832191,,5,1,val,current_repo_v1
7170,286.8,-0.7529277791423918,,5,1,val,current_repo_v1
7171,286.84,-1.0057394546871437,,5,1,val,current_repo_v1
7172,286.88,-0.8186315294154624,,5,1,val,current_repo_v1
7173,286.92,-0.8472350032580216,,5,1,val,current_repo_v1
7174,286.96,-0.9999510539644775,,5,1,val,current_repo_v1
7175,287.0,-0.8754917623740366,,5,1,val,current_repo_v1
7176,287.04,-0.7090377544999454,,5,1,val,current_repo_v1
7177,287.08,-0.657918122122323,,5,1,val,current_repo_v1
7178,287.12,-0.5869401909730251,,5,1,val,current_repo_v1
7179,287.16,-0.426646262663252,,5,1,val,current_repo_v1
7180,287.2,-0.35520203458356625,,5,1,val,current_repo_v1
7181,287.24,-0.39217556697393263,,5,1,val,current_repo_v1
7182,287.28,-0.1882306556550637,,5,1,val,current_repo_v1
7183,287.32,-0.052885045488300954,,5,1,val,current_repo_v1
7184,287.36,-0.04306727288814431,,5,1,val,current_repo_v1
7185,287.4,-0.1486791282072647,,5,1,val,current_repo_v1
7186,287.44,-0.16919089338546714,,5,1,val,current_repo_v1
7187,287.48,-0.2228632906943519,,5,1,val,current_repo_v1
7188,287.52,-0.03996022530973305,,5,1,val,current_repo_v1
7189,287.56,-0.05104169113627403,,5,1,val,current_repo_v1
7190,287.6,-0.3195423512938819,,5,1,val,current_repo_v1
7191,287.64,-0.3894248488873003,,5,1,val,current_repo_v1
7192,287.68,-0.07337174935504595,,5,1,val,current_repo_v1
7193,287.72,-0.14624913761259736,,5,1,val,current_repo_v1
7194,287.76,-0.38975478445450995,,5,1,val,current_repo_v1
7195,287.8,-0.4577828575432184,,5,1,val,current_repo_v1
7196,287.84,-0.5309649563574066,,5,1,val,current_repo_v1
7197,287.88,-0.5854052662169142,,5,1,val,current_repo_v1
7198,287.92,-0.6984912752873186,,5,1,val,current_repo_v1
7199,287.96,-0.4453384507859481,,5,1,val,current_repo_v1
7200,288.0,-0.16291988720803546,,5,1,val,current_repo_v1
7201,288.04,-0.24432037733955705,,5,1,val,current_repo_v1
7202,288.08,-0.32087838162470883,,5,1,val,current_repo_v1
7203,288.12,-0.3174245144500074,,5,1,val,current_repo_v1
7204,288.16,-0.14543950224992155,,5,1,val,current_repo_v1
7205,288.2,-0.18249578454315302,,5,1,val,current_repo_v1
7206,288.24,-0.4406670919024023,,5,1,val,current_repo_v1
7207,288.28,-0.7225213232421559,,5,1,val,current_repo_v1
7208,288.32,-0.5833948773799498,,5,1,val,current_repo_v1
7209,288.36,-0.35088974970978193,,5,1,val,current_repo_v1
7210,288.4,-0.29017595772372123,,5,1,val,current_repo_v1
7211,288.44,-0.40660036470525934,,5,1,val,current_repo_v1
7212,288.48,-0.5554669488621151,,5,1,val,current_repo_v1
7213,288.52,-0.6607909188243096,,5,1,val,current_repo_v1
7214,288.56,-0.3569913886898808,,5,1,val,current_repo_v1
7215,288.6,-0.28316967650681146,,5,1,val,current_repo_v1
7216,288.64,-0.46773158943574306,,5,1,val,current_repo_v1
7217,288.68,-0.40674945367466453,,5,1,val,current_repo_v1
7218,288.72,-0.41472438348253005,,5,1,val,current_repo_v1
7219,288.76,-0.5158671915624238,,5,1,val,current_repo_v1
7220,288.8,-0.4398507244136032,,5,1,val,current_repo_v1
7221,288.84,-0.3127981318984342,,5,1,val,current_repo_v1
7222,288.88,-0.11324880784072927,,5,1,val,current_repo_v1
7223,288.92,-0.09731511351264989,,5,1,val,current_repo_v1
7224,288.96,-0.15654628260998923,,5,1,val,current_repo_v1
7225,289.0,-0.020838040535502367,,5,1,val,current_repo_v1
7226,289.04,0.05935066433602779,,5,1,val,current_repo_v1
7227,289.08,0.22949834324217722,,5,1,val,current_repo_v1
7228,289.12,0.3373973207529472,,5,1,val,current_repo_v1
7229,289.16,0.12050223379720479,,5,1,val,current_repo_v1
7230,289.2,0.5946434211740058,,5,1,val,current_repo_v1
7231,289.24,0.8400502490804816,,5,1,val,current_repo_v1
7232,289.28,1.1743339921949898,,5,1,val,current_repo_v1
7233,289.32,1.3425325415425384,,5,1,val,current_repo_v1
7234,289.36,1.525825704477097,,5,1,val,current_repo_v1
7235,289.4,1.7745720761885149,,5,1,val,current_repo_v1
7236,289.44,1.8322151183172188,,5,1,val,current_repo_v1
7237,289.48,1.9065705305414666,,5,1,val,current_repo_v1
7238,289.52,1.993832963223275,,5,1,val,current_repo_v1
7239,289.56,2.2244751949595076,,5,1,val,current_repo_v1
7240,289.6,2.1437856091616503,,5,1,val,current_repo_v1
7241,289.64,2.296023003654501,,5,1,val,current_repo_v1
7242,289.68,2.3991067921464038,,5,1,val,current_repo_v1
7243,289.72,2.2719633261597654,,5,1,val,current_repo_v1
7244,289.76,2.3532117807378032,,5,1,val,current_repo_v1
7245,289.8,2.4097187510052147,,5,1,val,current_repo_v1
7246,289.84,2.2837265808976066,,5,1,val,current_repo_v1
7247,289.88,2.223595475913026,,5,1,val,current_repo_v1
7248,289.92,2.227396569374007,,5,1,val,current_repo_v1
7249,289.96,2.287270011950854,,5,1,val,current_repo_v1
7250,290.0,2.2126908230357722,,5,1,val,current_repo_v1
7251,290.04,2.1215731124857653,,5,1,val,current_repo_v1
7252,290.08,2.0410357668652854,,5,1,val,current_repo_v1
7253,290.12,1.7787501687124008,,5,1,val,current_repo_v1
7254,290.16,1.5441591869130415,,5,1,val,current_repo_v1
7255,290.2,1.5861151065063277,,5,1,val,current_repo_v1
7256,290.24,1.4221453964084578,,5,1,val,current_repo_v1
7257,290.28,1.5184450024583516,,5,1,val,current_repo_v1
7258,290.32,1.647995827636945,,5,1,val,current_repo_v1
7259,290.36,1.6645865692897022,,5,1,val,current_repo_v1
7260,290.4,1.5642728972296134,,5,1,val,current_repo_v1
7261,290.44,1.7019595684465698,,5,1,val,current_repo_v1
7262,290.48,1.5046222491489079,,5,1,val,current_repo_v1
7263,290.52,1.368575433821072,,5,1,val,current_repo_v1
7264,290.56,1.2764391055251152,,5,1,val,current_repo_v1
7265,290.6,1.2467259972284104,,5,1,val,current_repo_v1
7266,290.64,1.049519719072674,,5,1,val,current_repo_v1
7267,290.68,1.1000907138648321,,5,1,val,current_repo_v1
7268,290.72,0.8792894181535935,,5,1,val,current_repo_v1
7269,290.76,0.7548963428553562,,5,1,val,current_repo_v1
7270,290.8,0.5803242093721509,,5,1,val,current_repo_v1
7271,290.84,0.30831210087597855,,5,1,val,current_repo_v1
7272,290.88,0.41968090622520726,,5,1,val,current_repo_v1
7273,290.92,0.604158473184898,,5,1,val,current_repo_v1
7274,290.96,0.42349644613312815,,5,1,val,current_repo_v1
7275,291.0,0.673313819307443,,5,1,val,current_repo_v1
7276,291.04,0.7776547760813002,,5,1,val,current_repo_v1
7277,291.08,0.6932543768846372,,5,1,val,current_repo_v1
7278,291.12,0.6957195218643496,,5,1,val,current_repo_v1
7279,291.16,0.5928041797622549,,5,1,val,current_repo_v1
7280,291.2,0.2630998989403511,,5,1,val,current_repo_v1
7281,291.24,-0.06018571910197612,,5,1,val,current_repo_v1
7282,291.28,-0.18835856605140627,,5,1,val,current_repo_v1
7283,291.32,-0.09937545104221907,,5,1,val,current_repo_v1
7284,291.36,-0.07957275369822903,,5,1,val,current_repo_v1
7285,291.4,-0.24231056144949673,,5,1,val,current_repo_v1
7286,291.44,-0.27596971877392307,,5,1,val,current_repo_v1
7287,291.48,-0.2560446307631399,,5,1,val,current_repo_v1
7288,291.52,-0.13959564845189337,,5,1,val,current_repo_v1
7289,291.56,-0.24683923609152975,,5,1,val,current_repo_v1
7290,291.6,-0.5205572530699109,,5,1,val,current_repo_v1
7291,291.64,-0.34777394167089487,,5,1,val,current_repo_v1
7292,291.68,-0.03965686015520149,,5,1,val,current_repo_v1
7293,291.72,-0.1324419766439013,,5,1,val,current_repo_v1
7294,291.76,-0.4519662187231354,,5,1,val,current_repo_v1
7295,291.8,-0.3952867095880291,,5,1,val,current_repo_v1
7296,291.84,-0.2485845142110067,,5,1,val,current_repo_v1
7297,291.88,-0.06600789299840058,,5,1,val,current_repo_v1
7298,291.92,-0.3175937179482248,,5,1,val,current_repo_v1
7299,291.96,0.10160028572043613,,5,1,val,current_repo_v1
7300,292.0,0.1216413340921333,,5,1,val,current_repo_v1
7301,292.04,0.10351186167883102,,5,1,val,current_repo_v1
7302,292.08,0.203213380896657,,5,1,val,current_repo_v1
7303,292.12,0.3063723686697245,,5,1,val,current_repo_v1
7304,292.16,0.40272392872638735,,5,1,val,current_repo_v1
7305,292.2,0.12249625272262323,,5,1,val,current_repo_v1
7306,292.24,0.04307573920177201,,5,1,val,current_repo_v1
7307,292.28,-0.1283210151113109,,5,1,val,current_repo_v1
7308,292.32,-0.3704341963523417,,5,1,val,current_repo_v1
7309,292.36,-0.3503820369031827,,5,1,val,current_repo_v1
7310,292.4,-0.3782128099959918,,5,1,val,current_repo_v1
7311,292.44,-0.0207576642698115,,5,1,val,current_repo_v1
7312,292.48,0.011483654090836803,,5,1,val,current_repo_v1
7313,292.52,-0.2875797511396937,,5,1,val,current_repo_v1
7314,292.56,-0.258067112872259,,5,1,val,current_repo_v1
7315,292.6,-0.3442434837725476,,5,1,val,current_repo_v1
7316,292.64,-0.3964472953918617,,5,1,val,current_repo_v1
7317,292.68,-0.43350791571165287,,5,1,val,current_repo_v1
7318,292.72,-0.43887020763677653,,5,1,val,current_repo_v1
7319,292.76,-0.2973440350538738,,5,1,val,current_repo_v1
7320,292.8,-0.29802226095161405,,5,1,val,current_repo_v1
7321,292.84,-0.27008858250234885,,5,1,val,current_repo_v1
7322,292.88,-0.2014210392814853,,5,1,val,current_repo_v1
7323,292.92,-0.46203441004516704,,5,1,val,current_repo_v1
7324,292.96,-0.44942556752641716,,5,1,val,current_repo_v1
7325,293.0,-0.17679160701539107,,5,1,val,current_repo_v1
7326,293.04,-0.2556138974655857,,5,1,val,current_repo_v1
7327,293.08,-0.42387148080664705,,5,1,val,current_repo_v1
7328,293.12,-0.23253754009502897,,5,1,val,current_repo_v1
7329,293.16,-0.16275827525629757,,5,1,val,current_repo_v1
7330,293.2,-0.15291652073572604,,5,1,val,current_repo_v1
7331,293.24,-0.007298159297573643,,5,1,val,current_repo_v1
7332,293.28,-0.1465295132726015,,5,1,val,current_repo_v1
7333,293.32,-0.071267990635101,,5,1,val,current_repo_v1
7334,293.36,-0.2889687790591508,,5,1,val,current_repo_v1
7335,293.4,-0.331431592963459,,5,1,val,current_repo_v1
7336,293.44,-0.33692140649952607,,5,1,val,current_repo_v1
7337,293.48,-0.17189284959808185,,5,1,val,current_repo_v1
7338,293.52,-0.13957543161113406,,5,1,val,current_repo_v1
7339,293.56,-0.29933606912751726,,5,1,val,current_repo_v1
7340,293.6,-0.31052400332407426,,5,1,val,current_repo_v1
7341,293.64,-0.36778885957128676,,5,1,val,current_repo_v1
7342,293.68,-0.3299748959221486,,5,1,val,current_repo_v1
7343,293.72,-0.5702194722225928,,5,1,val,current_repo_v1
7344,293.76,-0.6468647076738954,,5,1,val,current_repo_v1
7345,293.8,-0.5348665610752805,,5,1,val,current_repo_v1
7346,293.84,-0.5166682531839273,,5,1,val,current_repo_v1
7347,293.88,-0.4950590286732915,,5,1,val,current_repo_v1
7348,293.92,-0.6891821158388962,,5,1,val,current_repo_v1
7349,293.96,-0.6574075855059821,,5,1,val,current_repo_v1
7350,294.0,-0.7901081044403631,,5,1,val,current_repo_v1
7351,294.04,-0.6553637201999061,,5,1,val,current_repo_v1
7352,294.08,-0.7469359822687666,,5,1,val,current_repo_v1
7353,294.12,-0.7653071155012667,,5,1,val,current_repo_v1
7354,294.16,-0.5697066438186354,,5,1,val,current_repo_v1
7355,294.2,-0.49252897699429926,,5,1,val,current_repo_v1
7356,294.24,-0.33672095693264525,,5,1,val,current_repo_v1
7357,294.28,-0.8013624186282391,,5,1,val,current_repo_v1
7358,294.32,-1.326645542387144,,5,1,val,current_repo_v1
7359,294.36,-1.3822139437760654,,5,1,val,current_repo_v1
7360,294.4,-1.0720109134926294,,5,1,val,current_repo_v1
7361,294.44,-0.9264884567159486,,5,1,val,current_repo_v1
7362,294.48,-0.7750939489686014,,5,1,val,current_repo_v1
7363,294.52,-0.9501168688910048,,5,1,val,current_repo_v1
7364,294.56,-1.1600660591410528,,5,1,val,current_repo_v1
7365,294.6,-0.8721121122858069,,5,1,val,current_repo_v1
7366,294.64,-0.8862484312509141,,5,1,val,current_repo_v1
7367,294.68,-0.8935686464464974,,5,1,val,current_repo_v1
7368,294.72,-0.9036615154101846,,5,1,val,current_repo_v1
7369,294.76,-1.0472877634829345,,5,1,val,current_repo_v1
7370,294.8,-1.0739605699577583,,5,1,val,current_repo_v1
7371,294.84,-1.0464551897817047,,5,1,val,current_repo_v1
7372,294.88,-0.8385399610412475,,5,1,val,current_repo_v1
7373,294.92,-0.6822252717548554,,5,1,val,current_repo_v1
7374,294.96,-0.6644124752804105,,5,1,val,current_repo_v1
7375,295.0,-0.7051602135520441,,5,1,val,current_repo_v1
7376,295.04,-0.6048570591601237,,5,1,val,current_repo_v1
7377,295.08,-0.5957121308492865,,5,1,val,current_repo_v1
7378,295.12,-0.4180973219070259,,5,1,val,current_repo_v1
7379,295.16,-0.49554263678513927,,5,1,val,current_repo_v1
7380,295.2,-0.5975627902743409,,5,1,val,current_repo_v1
7381,295.24,-0.5509421006869061,,5,1,val,current_repo_v1
7382,295.28,-0.6141094150154814,,5,1,val,current_repo_v1
7383,295.32,-0.644300442879772,,5,1,val,current_repo_v1
7384,295.36,-0.7757841044393808,,5,1,val,current_repo_v1
7385,295.4,-0.9522150004538558,,5,1,val,current_repo_v1
7386,295.44,-1.024432747778869,,5,1,val,current_repo_v1
7387,295.48,-0.8814587588316696,,5,1,val,current_repo_v1
7388,295.52,-0.9856404772909629,,5,1,val,current_repo_v1
7389,295.56,-0.7556510776271846,,5,1,val,current_repo_v1
7390,295.6,-0.8643978733193114,,5,1,val,current_repo_v1
7391,295.64,-0.8558603096516099,,5,1,val,current_repo_v1
7392,295.68,-0.7350001068136728,,5,1,val,current_repo_v1
7393,295.72,-0.39744721051387033,,5,1,val,current_repo_v1
7394,295.76,-0.18730280906863633,,5,1,val,current_repo_v1
7395,295.8,-0.37896226547134665,,5,1,val,current_repo_v1
7396,295.84,-0.5739401075683258,,5,1,val,current_repo_v1
7397,295.88,-0.6553381831378943,,5,1,val,current_repo_v1
7398,295.92,-0.7240265366088108,,5,1,val,current_repo_v1
7399,295.96,-0.7522173249812953,,5,1,val,current_repo_v1
7400,296.0,-0.6488498868470789,,5,1,val,current_repo_v1
7401,296.04,-0.5881651923787913,,5,1,val,current_repo_v1
7402,296.08,-0.5968775867018041,,5,1,val,current_repo_v1
7403,296.12,-0.8629951355989346,,5,1,val,current_repo_v1
7404,296.16,-0.7697414789904053,,5,1,val,current_repo_v1
7405,296.2,-0.8729216044117566,,5,1,val,current_repo_v1
7406,296.24,-0.8049162445753183,,5,1,val,current_repo_v1
7407,296.28,-0.6344933107221202,,5,1,val,current_repo_v1
7408,296.32,-0.645218058271483,,5,1,val,current_repo_v1
7409,296.36,-0.5250128974440593,,5,1,val,current_repo_v1
7410,296.4,-0.5598619017892068,,5,1,val,current_repo_v1
7411,296.44,-0.7863368860679529,,5,1,val,current_repo_v1
7412,296.48,-0.76129419538488,,5,1,val,current_repo_v1
7413,296.52,-0.8236426867379244,,5,1,val,current_repo_v1
7414,296.56,-0.7819994324551667,,5,1,val,current_repo_v1
7415,296.6,-0.7226457345699056,,5,1,val,current_repo_v1
7416,296.64,-0.9747562868031421,,5,1,val,current_repo_v1
7417,296.68,-1.0263948453767728,,5,1,val,current_repo_v1
7418,296.72,-0.8347874862175576,,5,1,val,current_repo_v1
7419,296.76,-0.701120692329395,,5,1,val,current_repo_v1
7420,296.8,-0.6935600031332011,,5,1,val,current_repo_v1
7421,296.84,-0.6848668434562547,,5,1,val,current_repo_v1
7422,296.88,-0.7563783927971734,,5,1,val,current_repo_v1
7423,296.92,-0.6704652091497656,,5,1,val,current_repo_v1
7424,296.96,-0.7262672501012274,,5,1,val,current_repo_v1
7425,297.0,-0.8766789083593526,,5,1,val,current_repo_v1
7426,297.04,-0.8212708502540242,,5,1,val,current_repo_v1
7427,297.08,-0.7129301920673536,,5,1,val,current_repo_v1
7428,297.12,-0.841149079393007,,5,1,val,current_repo_v1
7429,297.16,-0.8013228034422978,,5,1,val,current_repo_v1
7430,297.2,-1.0514365538651531,,5,1,val,current_repo_v1
7431,297.24,-1.069040429343492,,5,1,val,current_repo_v1
7432,297.28,-1.048628459238552,,5,1,val,current_repo_v1
7433,297.32,-0.9369566877513855,,5,1,val,current_repo_v1
7434,297.36,-1.0621365828480813,,5,1,val,current_repo_v1
7435,297.4,-1.2430052800331195,,5,1,val,current_repo_v1
7436,297.44,-1.0974215997872567,,5,1,val,current_repo_v1
7437,297.48,-1.0296514755797344,,5,1,val,current_repo_v1
7438,297.52,-0.9232556447342865,,5,1,val,current_repo_v1
7439,297.56,-0.9612732910078357,,5,1,val,current_repo_v1
7440,297.6,-1.043673368863135,,5,1,val,current_repo_v1
7441,297.64,-0.9808165917565873,,5,1,val,current_repo_v1
7442,297.68,-0.869311220420286,,5,1,val,current_repo_v1
7443,297.72,-0.9276407347896716,,5,1,val,current_repo_v1
7444,297.76,-0.8940077693237188,,5,1,val,current_repo_v1
7445,297.8,-0.9009074414916852,,5,1,val,current_repo_v1
7446,297.84,-0.8628403580852672,,5,1,val,current_repo_v1
7447,297.88,-1.0185143699585277,,5,1,val,current_repo_v1
7448,297.92,-1.0425967197807544,,5,1,val,current_repo_v1
7449,297.96,-0.9691387879570162,,5,1,val,current_repo_v1
7450,298.0,-0.8257121709555698,,5,1,val,current_repo_v1
7451,298.04,-0.9689313811777284,,5,1,val,current_repo_v1
7452,298.08,-1.0805001859212704,,5,1,val,current_repo_v1
7453,298.12,-1.2986128873601939,,5,1,val,current_repo_v1
7454,298.16,-1.1755566608883607,,5,1,val,current_repo_v1
7455,298.2,-1.0370611523419164,,5,1,val,current_repo_v1
7456,298.24,-1.0199031114045327,,5,1,val,current_repo_v1
7457,298.28,-0.4362738168912441,,5,1,val,current_repo_v1
7458,298.32,-0.16772674803440332,,5,1,val,current_repo_v1
7459,298.36,-0.16498947373762812,,5,1,val,current_repo_v1
7460,298.4,-0.08920844684161791,,5,1,val,current_repo_v1
7461,298.44,-0.9037707027201964,,5,1,val,current_repo_v1
7462,298.48,-0.8317959667320836,,5,1,val,current_repo_v1
7463,298.52,-0.31051614576653214,,5,1,val,current_repo_v1
7464,298.56,-0.3803528894571795,,5,1,val,current_repo_v1
7465,298.6,0.08157003637476196,,5,1,val,current_repo_v1
7466,298.64,0.160164810632454,,5,1,val,current_repo_v1
7467,298.68,0.11199945619153844,,5,1,val,current_repo_v1
7468,298.72,-0.8445411706140117,,5,1,val,current_repo_v1
7469,298.76,-1.5376547662593532,,5,1,val,current_repo_v1
7470,298.8,-1.5142636359521564,,5,1,val,current_repo_v1
7471,298.84,-1.5274152228882139,,5,1,val,current_repo_v1
7472,298.88,-1.5750167975754852,,5,1,val,current_repo_v1
7473,298.92,-1.5699337763413361,,5,1,val,current_repo_v1
7474,298.96,-1.4822758465965766,,5,1,val,current_repo_v1
7475,299.0,-0.9911064726057306,,5,1,val,current_repo_v1
7476,299.04,-0.4987306361339442,,5,1,val,current_repo_v1
7477,299.08,-0.3945625865507917,,5,1,val,current_repo_v1
7478,299.12,-0.3993130939566625,,5,1,val,current_repo_v1
7479,299.16,-0.7843888665939788,,5,1,val,current_repo_v1
7480,299.2,-0.6956068150233553,,5,1,val,current_repo_v1
7481,299.24,0.002347330214756052,,5,1,val,current_repo_v1
7482,299.28,0.3832977137699685,,5,1,val,current_repo_v1
7483,299.32,0.8068018946863021,,5,1,val,current_repo_v1
7484,299.36,0.9257536932362063,,5,1,val,current_repo_v1
7485,299.4,1.3072117563466352,,5,1,val,current_repo_v1
7486,299.44,1.7540023001362712,,5,1,val,current_repo_v1
7487,299.48,2.0171699091232544,,5,1,val,current_repo_v1
7488,299.52,1.8357384143792648,,5,1,val,current_repo_v1
7489,299.56,1.3286971015516467,,5,1,val,current_repo_v1
7490,299.6,1.186702115164456,,5,1,val,current_repo_v1
7491,299.64,1.3007308265160156,,5,1,val,current_repo_v1
7492,299.68,1.1342028266417363,,5,1,val,current_repo_v1
7493,299.72,1.3192301361559209,,5,1,val,current_repo_v1
7494,299.76,1.0910271849391575,,5,1,val,current_repo_v1
7495,299.8,1.2440414954339816,,5,1,val,current_repo_v1
7496,299.84,0.5771851969836473,,5,1,val,current_repo_v1
7497,299.88,-1.1511456850918478,,5,1,val,current_repo_v1
7498,299.92,-1.4798111927142108,,5,1,val,current_repo_v1
7499,299.96,-1.6770124780469255,,5,1,val,current_repo_v1
7500,300.0,-1.8819390520364292,,5,1,val,current_repo_v1
7501,300.04,-1.769488400157904,,5,1,val,current_repo_v1
7502,300.08,-2.787128698689433,,5,1,val,current_repo_v1
7503,300.12,0.26631865326047305,,5,1,val,current_repo_v1
7504,300.16,1.419862284845137,,5,1,val,current_repo_v1
7505,300.2,1.718365330098857,,5,1,val,current_repo_v1
7506,300.24,1.9231092158755074,,5,1,val,current_repo_v1
7507,300.28,1.7372663573681013,,5,1,val,current_repo_v1
7508,300.32,1.4408619347745786,,5,1,val,current_repo_v1
7509,300.36,1.0407948017673283,,5,1,val,current_repo_v1
7510,300.4,1.2596566722081546,,5,1,val,current_repo_v1
7511,300.44,0.22369872913010208,,5,1,val,current_repo_v1
7512,300.48,0.39127939616634677,,5,1,val,current_repo_v1
7513,300.52,0.39889819854852904,,5,1,val,current_repo_v1
7514,300.56,0.7404332804557907,,5,1,val,current_repo_v1
7515,300.6,0.9445590383724641,,5,1,val,current_repo_v1
7516,300.64,0.8418597791027767,,5,1,val,current_repo_v1
7517,300.68,0.8581655205955178,,5,1,val,current_repo_v1
7518,300.72,1.6299802488832242,,5,1,val,current_repo_v1
7519,300.76,2.540439370062886,,5,1,val,current_repo_v1
7520,300.8,1.6794664914867865,,5,1,val,current_repo_v1
7521,300.84,-1.4468583970729942,,5,1,val,current_repo_v1
7522,300.88,-2.1805809141400596,,5,1,val,current_repo_v1
7523,300.92,0.3793326756448538,,5,1,val,current_repo_v1
7524,300.96,-1.0109517163729482,,5,1,val,current_repo_v1
7525,301.0,-1.2862069498950566,,5,1,val,current_repo_v1
7526,301.04,-1.3718867395285972,,5,1,val,current_repo_v1
7527,301.08,-1.307195140886416,,5,1,val,current_repo_v1
7528,301.12,-1.2478059202931,,5,1,val,current_repo_v1
7529,301.16,-1.7212079652388201,,5,1,val,current_repo_v1
7530,301.2,-1.618745742288319,,5,1,val,current_repo_v1
7531,301.24,-1.4447602655101432,,5,1,val,current_repo_v1
7532,301.28,-1.5771887574394086,,5,1,val,current_repo_v1
7533,301.32,-1.2594622795085457,,5,1,val,current_repo_v1
7534,301.36,-1.1086800064530191,,5,1,val,current_repo_v1
7535,301.4,-1.408078895116094,,5,1,val,current_repo_v1
7536,301.44,-1.7406128583854503,,5,1,val,current_repo_v1
7537,301.48,-1.7331663493222897,,5,1,val,current_repo_v1
7538,301.52,-1.605083414112026,,5,1,val,current_repo_v1
7539,301.56,-1.379178634777206,,5,1,val,current_repo_v1
7540,301.6,-0.9024507967522423,,5,1,val,current_repo_v1
7541,301.64,-0.3214186705552846,,5,1,val,current_repo_v1
7542,301.68,-0.17062096885812583,,5,1,val,current_repo_v1
7543,301.72,-0.15168413240737474,,5,1,val,current_repo_v1
7544,301.76,0.017198684358394004,,5,1,val,current_repo_v1
7545,301.8,0.09835619896219672,,5,1,val,current_repo_v1
7546,301.84,0.36645540750152833,,5,1,val,current_repo_v1
7547,301.88,0.268082101981766,,5,1,val,current_repo_v1
7548,301.92,-0.09519191552274407,,5,1,val,current_repo_v1
7549,301.96,-0.16698875149713072,,5,1,val,current_repo_v1
7550,302.0,-0.03065589498521674,,5,1,val,current_repo_v1
7551,302.04,-0.24946106158712678,,5,1,val,current_repo_v1
7552,302.08,-0.8964207761351571,,5,1,val,current_repo_v1
7553,302.12,-0.7676441659231317,,5,1,val,current_repo_v1
7554,302.16,-0.40739729292409754,,5,1,val,current_repo_v1
7555,302.2,0.21560796173565916,,5,1,val,current_repo_v1
7556,302.24,0.347788142569161,,5,1,val,current_repo_v1
7557,302.28,0.42027124616033495,,5,1,val,current_repo_v1
7558,302.32,0.19340056019474303,,5,1,val,current_repo_v1
7559,302.36,0.37903200129453263,,5,1,val,current_repo_v1
7560,302.4,0.729063067294169,,5,1,val,current_repo_v1
7561,302.44,0.7085428920739099,,5,1,val,current_repo_v1
7562,302.48,0.8036095163861586,,5,1,val,current_repo_v1
7563,302.52,0.45560852404212077,,5,1,val,current_repo_v1
7564,302.56,0.434079307474166,,5,1,val,current_repo_v1
7565,302.6,0.16864065973362716,,5,1,val,current_repo_v1
7566,302.64,0.05663477323620956,,5,1,val,current_repo_v1
7567,302.68,-0.020463578808887585,,5,1,val,current_repo_v1
7568,302.72,-0.062388024689427994,,5,1,val,current_repo_v1
7569,302.76,-0.1722945058402524,,5,1,val,current_repo_v1
7570,302.8,-0.25550385073521775,,5,1,val,current_repo_v1
7571,302.84,-0.1761823189076489,,5,1,val,current_repo_v1
7572,302.88,0.02489879404498632,,5,1,val,current_repo_v1
7573,302.92,0.23268806143169446,,5,1,val,current_repo_v1
7574,302.96,0.5323252550821004,,5,1,val,current_repo_v1
7575,303.0,0.895580508575501,,5,1,val,current_repo_v1
7576,303.04,0.8425117108300961,,5,1,val,current_repo_v1
7577,303.08,0.9841369827650205,,5,1,val,current_repo_v1
7578,303.12,1.283929240402546,,5,1,val,current_repo_v1
7579,303.16,1.3028662814771914,,5,1,val,current_repo_v1
7580,303.2,1.188721998550117,,5,1,val,current_repo_v1
7581,303.24,1.0443796486967873,,5,1,val,current_repo_v1
7582,303.28,0.9737055021810043,,5,1,val,current_repo_v1
7583,303.32,0.9286170363142752,,5,1,val,current_repo_v1
7584,303.36,0.9559657564368333,,5,1,val,current_repo_v1
7585,303.4,1.0126084332709613,,5,1,val,current_repo_v1
7586,303.44,1.0043514498871582,,5,1,val,current_repo_v1
7587,303.48,0.7814450654006614,,5,1,val,current_repo_v1
7588,303.52,0.722486455330563,,5,1,val,current_repo_v1
7589,303.56,0.9632563420925183,,5,1,val,current_repo_v1
7590,303.6,1.059096690273989,,5,1,val,current_repo_v1
7591,303.64,0.852875992927216,,5,1,val,current_repo_v1
7592,303.68,0.7298010229066628,,5,1,val,current_repo_v1
7593,303.72,0.8107525272892564,,5,1,val,current_repo_v1
7594,303.76,1.1090303225601035,,5,1,val,current_repo_v1
7595,303.8,0.9452983035778816,,5,1,val,current_repo_v1
7596,303.84,0.7956340954809468,,5,1,val,current_repo_v1
7597,303.88,0.686174594764886,,5,1,val,current_repo_v1
7598,303.92,0.41427703472475674,,5,1,val,current_repo_v1
7599,303.96,0.2223436278523241,,5,1,val,current_repo_v1
7600,304.0,0.1094363577536127,,5,1,val,current_repo_v1
7601,304.04,0.10309762106715945,,5,1,val,current_repo_v1
7602,304.08,0.10610900953277244,,5,1,val,current_repo_v1
7603,304.12,0.17946344259076114,,5,1,val,current_repo_v1
7604,304.16,0.30424354352272476,,5,1,val,current_repo_v1
7605,304.2,0.612479176449394,,5,1,val,current_repo_v1
7606,304.24,0.853589311822833,,5,1,val,current_repo_v1
7607,304.28,0.8708168430347295,,5,1,val,current_repo_v1
7608,304.32,0.700845432266749,,5,1,val,current_repo_v1
7609,304.36,0.6402460659623949,,5,1,val,current_repo_v1
7610,304.4,0.5571767042735373,,5,1,val,current_repo_v1
7611,304.44,0.7581214609785917,,5,1,val,current_repo_v1
7612,304.48,0.8535112273447586,,5,1,val,current_repo_v1
7613,304.52,0.9087505935116055,,5,1,val,current_repo_v1
7614,304.56,0.7588672741486275,,5,1,val,current_repo_v1
7615,304.6,0.8306958268266346,,5,1,val,current_repo_v1
7616,304.64,0.6422140567284552,,5,1,val,current_repo_v1
7617,304.68,1.0673928795959446,,5,1,val,current_repo_v1
7618,304.72,0.9464930615720665,,5,1,val,current_repo_v1
7619,304.76,0.8873804924838778,,5,1,val,current_repo_v1
7620,304.8,0.9965971864869326,,5,1,val,current_repo_v1
7621,304.84,1.169134253491518,,5,1,val,current_repo_v1
7622,304.88,0.9836816536753684,,5,1,val,current_repo_v1
7623,304.92,0.8418371886248431,,5,1,val,current_repo_v1
7624,304.96,0.8724201940211026,,5,1,val,current_repo_v1
7625,305.0,0.7584671116608855,,5,1,val,current_repo_v1
7626,305.04,0.7184131302405714,,5,1,val,current_repo_v1
7627,305.08,0.8094221445779128,,5,1,val,current_repo_v1
7628,305.12,0.7593307881940525,,5,1,val,current_repo_v1
7629,305.16,0.8450029658187244,,5,1,val,current_repo_v1
7630,305.2,0.9353164226144762,,5,1,val,current_repo_v1
7631,305.24,0.9850765338382033,,5,1,val,current_repo_v1
7632,305.28,1.0168362084763893,,5,1,val,current_repo_v1
7633,305.32,1.0608797010395794,,5,1,val,current_repo_v1
7634,305.36,0.9326025368288223,,5,1,val,current_repo_v1
7635,305.4,0.9375592641953939,,5,1,val,current_repo_v1
7636,305.44,0.7498311648247924,,5,1,val,current_repo_v1
7637,305.48,0.6555311434702428,,5,1,val,current_repo_v1
7638,305.52,0.7457796117171571,,5,1,val,current_repo_v1
7639,305.56,0.8373467581886594,,5,1,val,current_repo_v1
7640,305.6,0.7744339959846244,,5,1,val,current_repo_v1
7641,305.64,0.8272566721099351,,5,1,val,current_repo_v1
7642,305.68,0.4296413835292662,,5,1,val,current_repo_v1
7643,305.72,0.3421637478977964,,5,1,val,current_repo_v1
7644,305.76,0.016053171662177082,,5,1,val,current_repo_v1
7645,305.8,-0.009531547254573487,,5,1,val,current_repo_v1
7646,305.84,0.09219935245540897,,5,1,val,current_repo_v1
7647,305.88,0.32584642469263647,,5,1,val,current_repo_v1
7648,305.92,0.25077926917675797,,5,1,val,current_repo_v1
7649,305.96,0.3074038777210169,,5,1,val,current_repo_v1
7650,306.0,0.32084709463126654,,5,1,val,current_repo_v1
7651,306.04,0.559571417708823,,5,1,val,current_repo_v1
7652,306.08,0.7042987469569357,,5,1,val,current_repo_v1
7653,306.12,0.1664023608031635,,5,1,val,current_repo_v1
7654,306.16,0.050927270570164836,,5,1,val,current_repo_v1
7655,306.2,0.1730257497890123,,5,1,val,current_repo_v1
7656,306.24,0.28182625925339944,,5,1,val,current_repo_v1
7657,306.28,0.28732781820100073,,5,1,val,current_repo_v1
7658,306.32,0.22626888709238205,,5,1,val,current_repo_v1
7659,306.36,0.24536052151919,,5,1,val,current_repo_v1
7660,306.4,0.33469591702484713,,5,1,val,current_repo_v1
7661,306.44,0.25276606487870673,,5,1,val,current_repo_v1
7662,306.48,0.23013329118626774,,5,1,val,current_repo_v1
7663,306.52,0.14515043007440862,,5,1,val,current_repo_v1
7664,306.56,0.25467796823533256,,5,1,val,current_repo_v1
7665,306.6,0.4814918915326387,,5,1,val,current_repo_v1
7666,306.64,0.4872045404896257,,5,1,val,current_repo_v1
7667,306.68,0.5005456091518282,,5,1,val,current_repo_v1
7668,306.72,0.15211797598812266,,5,1,val,current_repo_v1
7669,306.76,-0.20796978147068432,,5,1,val,current_repo_v1
7670,306.8,-0.4742091634344958,,5,1,val,current_repo_v1
7671,306.84,-0.5217410841481389,,5,1,val,current_repo_v1
7672,306.88,-0.5722390691348019,,5,1,val,current_repo_v1
7673,306.92,-0.6769972949539665,,5,1,val,current_repo_v1
7674,306.96,-0.5417096751988556,,5,1,val,current_repo_v1
7675,307.0,-0.2578988097191766,,5,1,val,current_repo_v1
7676,307.04,-0.3528788167369577,,5,1,val,current_repo_v1
7677,307.08,-0.42603709732984646,,5,1,val,current_repo_v1
7678,307.12,-0.2993613811032453,,5,1,val,current_repo_v1
7679,307.16,-0.265263837547617,,5,1,val,current_repo_v1
7680,307.2,-0.41487375892538736,,5,1,val,current_repo_v1
7681,307.24,-0.5084817422693297,,5,1,val,current_repo_v1
7682,307.28,-0.3262195563639382,,5,1,val,current_repo_v1
7683,307.32,-0.2955503429209995,,5,1,val,current_repo_v1
7684,307.36,-0.3548690296579417,,5,1,val,current_repo_v1
7685,307.4,-0.28992975425406936,,5,1,val,current_repo_v1
7686,307.44,-0.42237825840019966,,5,1,val,current_repo_v1
7687,307.48,-0.3724203577202181,,5,1,val,current_repo_v1
7688,307.52,-0.27996266759822375,,5,1,val,current_repo_v1
7689,307.56,-0.3874646747540032,,5,1,val,current_repo_v1
7690,307.6,-0.4291394820412658,,5,1,val,current_repo_v1
7691,307.64,-0.4983961579162805,,5,1,val,current_repo_v1
7692,307.68,-0.4931749337039045,,5,1,val,current_repo_v1
7693,307.72,-0.4115455922089698,,5,1,val,current_repo_v1
7694,307.76,-0.2033144446380641,,5,1,val,current_repo_v1
7695,307.8,-0.21221707779563098,,5,1,val,current_repo_v1
7696,307.84,-0.3995000383465178,,5,1,val,current_repo_v1
7697,307.88,-0.5133819934410675,,5,1,val,current_repo_v1
7698,307.92,-0.44603175746470014,,5,1,val,current_repo_v1
7699,307.96,-0.5143165516912288,,5,1,val,current_repo_v1
7700,308.0,-0.40908392583546094,,5,1,val,current_repo_v1
7701,308.04,-0.37315663541677835,,5,1,val,current_repo_v1
7702,308.08,-0.4040798484997426,,5,1,val,current_repo_v1
7703,308.12,-0.4050818917102522,,5,1,val,current_repo_v1
7704,308.16,-0.32147064502444317,,5,1,val,current_repo_v1
7705,308.2,-0.2108646980156475,,5,1,val,current_repo_v1
7706,308.24,-0.34939562695819953,,5,1,val,current_repo_v1
7707,308.28,-0.443924867999172,,5,1,val,current_repo_v1
7708,308.32,-0.30519971005612667,,5,1,val,current_repo_v1
7709,308.36,-0.23142563431565627,,5,1,val,current_repo_v1
7710,308.4,-0.2628637015791317,,5,1,val,current_repo_v1
7711,308.44,-0.24077725322215107,,5,1,val,current_repo_v1
7712,308.48,-0.3188784081439655,,5,1,val,current_repo_v1
7713,308.52,-0.35432076039548727,,5,1,val,current_repo_v1
7714,308.56,-0.2949984313532261,,5,1,val,current_repo_v1
7715,308.6,-0.280044905941353,,5,1,val,current_repo_v1
7716,308.64,-0.3988418042032531,,5,1,val,current_repo_v1
7717,308.68,-0.3012916187608026,,5,1,val,current_repo_v1
7718,308.72,-0.311146612447337,,5,1,val,current_repo_v1
7719,308.76,-0.42822022965840006,,5,1,val,current_repo_v1
7720,308.8,-0.4309128345590441,,5,1,val,current_repo_v1
7721,308.84,-0.261973260240587,,5,1,val,current_repo_v1
7722,308.88,-0.2862155236362288,,5,1,val,current_repo_v1
7723,308.92,-0.2904675058483555,,5,1,val,current_repo_v1
7724,308.96,-0.20267241670722994,,5,1,val,current_repo_v1
7725,309.0,-0.22600093210276342,,5,1,val,current_repo_v1
7726,309.04,-0.25385750826864695,,5,1,val,current_repo_v1
7727,309.08,-0.4956968413519026,,5,1,val,current_repo_v1
7728,309.12,-0.4591176192059005,,5,1,val,current_repo_v1
7729,309.16,-0.44351492448928126,,5,1,val,current_repo_v1
7730,309.2,-0.4888015890600536,,5,1,val,current_repo_v1
7731,309.24,-0.4652488877258976,,5,1,val,current_repo_v1
7732,309.28,-0.39330775098123294,,5,1,val,current_repo_v1
7733,309.32,-0.32055783829424866,,5,1,val,current_repo_v1
7734,309.36,-0.2671682925944894,,5,1,val,current_repo_v1
7735,309.4,-0.3345450273651719,,5,1,val,current_repo_v1
7736,309.44,-0.3709178453889683,,5,1,val,current_repo_v1
7737,309.48,-0.21741354251679368,,5,1,val,current_repo_v1
7738,309.52,-0.20605061396580995,,5,1,val,current_repo_v1
7739,309.56,-0.37354812185140096,,5,1,val,current_repo_v1
7740,309.6,-0.1284108450009196,,5,1,val,current_repo_v1
7741,309.64,0.15010218508034803,,5,1,val,current_repo_v1
7742,309.68,0.2102728234013124,,5,1,val,current_repo_v1
7743,309.72,0.3206301114537243,,5,1,val,current_repo_v1
7744,309.76,0.4210680925296154,,5,1,val,current_repo_v1
7745,309.8,0.48109856348296715,,5,1,val,current_repo_v1
7746,309.84,0.3562247448074027,,5,1,val,current_repo_v1
7747,309.88,-0.5079887623831219,,5,1,val,current_repo_v1
7748,309.92,-1.0982335473999383,,5,1,val,current_repo_v1
7749,309.96,-0.9153405469531216,,5,1,val,current_repo_v1
7750,310.0,-2.943349711157003,,5,1,val,current_repo_v1
7751,310.04,-2.6846286612432606,,5,1,val,current_repo_v1
7752,310.08,-1.1944199555114914,,5,1,val,current_repo_v1
7753,310.12,-0.5039625826383829,,5,1,val,current_repo_v1
7754,310.16,-0.8648505013735583,,5,1,val,current_repo_v1
7755,310.2,-0.780818261487565,,5,1,val,current_repo_v1
7756,310.24,-1.0344333722909944,,5,1,val,current_repo_v1
7757,310.28,-1.2976591763135237,,5,1,val,current_repo_v1
7758,310.32,-1.0970782408925792,,5,1,val,current_repo_v1
7759,310.36,-0.44399288498164563,,5,1,val,current_repo_v1
7760,310.4,-0.1481168012832701,,5,1,val,current_repo_v1
7761,310.44,-0.4901398702537181,,5,1,val,current_repo_v1
7762,310.48,-0.9847802384392206,,5,1,val,current_repo_v1
7763,310.52,-0.044425648148231515,,5,1,val,current_repo_v1
7764,310.56,1.1530098087691487,,5,1,val,current_repo_v1
7765,310.6,0.9110973840308403,,5,1,val,current_repo_v1
7766,310.64,0.830797238428662,,5,1,val,current_repo_v1
7767,310.68,0.2120066221203177,,5,1,val,current_repo_v1
7768,310.72,-0.10901481206891372,,5,1,val,current_repo_v1
7769,310.76,-0.061744431385802226,,5,1,val,current_repo_v1
7770,310.8,0.37192537251984586,,5,1,val,current_repo_v1
7771,310.84,0.6551764484118199,,5,1,val,current_repo_v1
7772,310.88,1.0885597481718288,,5,1,val,current_repo_v1
7773,310.92,1.1343855148545898,,5,1,val,current_repo_v1
7774,310.96,0.8279367600851137,,5,1,val,current_repo_v1
7775,311.0,0.3377522204352645,,5,1,val,current_repo_v1
7776,311.04,-0.30104870973584935,,5,1,val,current_repo_v1
7777,311.08,-0.9684381557428473,,5,1,val,current_repo_v1
7778,311.12,-0.889581672639911,,5,1,val,current_repo_v1
7779,311.16,-1.0619406350068759,,5,1,val,current_repo_v1
7780,311.2,-0.8329362129208203,,5,1,val,current_repo_v1
7781,311.24,-0.4033265870199534,,5,1,val,current_repo_v1
7782,311.28,0.07023532545880565,,5,1,val,current_repo_v1
7783,311.32,-0.0015367024261927745,,5,1,val,current_repo_v1
7784,311.36,-0.1251268565832868,,5,1,val,current_repo_v1
7785,311.4,-0.37177047223184184,,5,1,val,current_repo_v1
7786,311.44,-0.5522931094867976,,5,1,val,current_repo_v1
7787,311.48,-1.0727154744855694,,5,1,val,current_repo_v1
7788,311.52,-1.1426377509640446,,5,1,val,current_repo_v1
7789,311.56,-1.0097483641752016,,5,1,val,current_repo_v1
7790,311.6,-1.1528388250430508,,5,1,val,current_repo_v1
7791,311.64,-1.1810654635218212,,5,1,val,current_repo_v1
7792,311.68,-0.4240419734353986,,5,1,val,current_repo_v1
7793,311.72,-0.27286931891427874,,5,1,val,current_repo_v1
7794,311.76,0.019747111263096646,,5,1,val,current_repo_v1
7795,311.8,0.008828106577455015,,5,1,val,current_repo_v1
7796,311.84,0.06505939474543847,,5,1,val,current_repo_v1
7797,311.88,0.032982993012421406,,5,1,val,current_repo_v1
7798,311.92,0.04191690293223585,,5,1,val,current_repo_v1
7799,311.96,-0.01823594845671431,,5,1,val,current_repo_v1
7800,312.0,-0.27466534375954826,,5,1,val,current_repo_v1
7801,312.04,-0.3969996162074238,,5,1,val,current_repo_v1
7802,312.08,-0.19484784453691445,,5,1,val,current_repo_v1
7803,312.12,-0.11195707858302373,,5,1,val,current_repo_v1
7804,312.16,-0.01261476893828928,,5,1,val,current_repo_v1
7805,312.2,-0.20644050433405686,,5,1,val,current_repo_v1
7806,312.24,-0.25484790837956944,,5,1,val,current_repo_v1
7807,312.28,-0.39688707306554505,,5,1,val,current_repo_v1
7808,312.32,-0.6014523631072286,,5,1,val,current_repo_v1
7809,312.36,-0.6451825355634282,,5,1,val,current_repo_v1
7810,312.4,-0.4779502611696613,,5,1,val,current_repo_v1
7811,312.44,0.12301581325270387,,5,1,val,current_repo_v1
7812,312.48,0.4575849043878484,,5,1,val,current_repo_v1
7813,312.52,0.658642367933897,,5,1,val,current_repo_v1
7814,312.56,0.5654986352813992,,5,1,val,current_repo_v1
7815,312.6,1.1206076151027822,,5,1,val,current_repo_v1
7816,312.64,1.0501367828884005,,5,1,val,current_repo_v1
7817,312.68,1.104441672654644,,5,1,val,current_repo_v1
7818,312.72,1.0207140768225216,,5,1,val,current_repo_v1
7819,312.76,0.8204653687564032,,5,1,val,current_repo_v1
7820,312.8,0.4120891141970759,,5,1,val,current_repo_v1
7821,312.84,-0.19096093181465298,,5,1,val,current_repo_v1
7822,312.88,-0.36873712762236777,,5,1,val,current_repo_v1
7823,312.92,-0.28235871108882254,,5,1,val,current_repo_v1
7824,312.96,-0.0170664538400825,,5,1,val,current_repo_v1
7825,313.0,0.35158821291067094,,5,1,val,current_repo_v1
7826,313.04,0.5203837729323022,,5,1,val,current_repo_v1
7827,313.08,0.9825635887167765,,5,1,val,current_repo_v1
7828,313.12,1.2586835628163024,,5,1,val,current_repo_v1
7829,313.16,1.3912119930555562,,5,1,val,current_repo_v1
7830,313.2,1.394027126744122,,5,1,val,current_repo_v1
7831,313.24,1.3366432203151912,,5,1,val,current_repo_v1
7832,313.28,1.3620791981231568,,5,1,val,current_repo_v1
7833,313.32,1.2744245423607066,,5,1,val,current_repo_v1
7834,313.36,1.2884360407502755,,5,1,val,current_repo_v1
7835,313.4,1.0891021651909054,,5,1,val,current_repo_v1
7836,313.44,1.0571518629327663,,5,1,val,current_repo_v1
7837,313.48,1.271246487733166,,5,1,val,current_repo_v1
7838,313.52,1.2491128940309328,,5,1,val,current_repo_v1
7839,313.56,1.1669338099815045,,5,1,val,current_repo_v1
7840,313.6,1.2766732771097808,,5,1,val,current_repo_v1
7841,313.64,1.2181948783948844,,5,1,val,current_repo_v1
7842,313.68,1.148234787420738,,5,1,val,current_repo_v1
7843,313.72,1.158018756153552,,5,1,val,current_repo_v1
7844,313.76,1.1630289312813213,,5,1,val,current_repo_v1
7845,313.8,1.1021953115427439,,5,1,val,current_repo_v1
7846,313.84,1.224471184331179,,5,1,val,current_repo_v1
7847,313.88,1.3488652418241092,,5,1,val,current_repo_v1
7848,313.92,1.2032762413569937,,5,1,val,current_repo_v1
7849,313.96,1.2516464652409074,,5,1,val,current_repo_v1
7850,314.0,1.3034467585406126,,5,1,val,current_repo_v1
7851,314.04,1.2571691004496242,,5,1,val,current_repo_v1
7852,314.08,1.2942517792252235,,5,1,val,current_repo_v1
7853,314.12,1.38828112409236,,5,1,val,current_repo_v1
7854,314.16,1.4778671020190075,,5,1,val,current_repo_v1
7855,314.2,1.359306789903726,,5,1,val,current_repo_v1
7856,314.24,1.2566049114481912,,5,1,val,current_repo_v1
7857,314.28,1.253623786856549,,5,1,val,current_repo_v1
7858,314.32,1.2267594524166368,,5,1,val,current_repo_v1
7859,314.36,1.3089583440590358,,5,1,val,current_repo_v1
7860,314.4,1.2781207046886782,,5,1,val,current_repo_v1
7861,314.44,1.1425819295656727,,5,1,val,current_repo_v1
7862,314.48,1.1726680262969533,,5,1,val,current_repo_v1
7863,314.52,1.1214196445650215,,5,1,val,current_repo_v1
7864,314.56,1.0817102497827509,,5,1,val,current_repo_v1
7865,314.6,1.2247535653053476,,5,1,val,current_repo_v1
7866,314.64,1.3191325714831066,,5,1,val,current_repo_v1
7867,314.68,1.390435404451814,,5,1,val,current_repo_v1
7868,314.72,1.2168182506834233,,5,1,val,current_repo_v1
7869,314.76,1.263386556553911,,5,1,val,current_repo_v1
7870,314.8,1.2015785996801156,,5,1,val,current_repo_v1
7871,314.84,1.2394554647143692,,5,1,val,current_repo_v1
7872,314.88,1.0516236619541237,,5,1,val,current_repo_v1
7873,314.92,0.8668625272016774,,5,1,val,current_repo_v1
7874,314.96,0.8092758794182494,,5,1,val,current_repo_v1
7875,315.0,0.9580512013182363,,5,1,val,current_repo_v1
7876,315.04,1.1631832995472,,5,1,val,current_repo_v1
7877,315.08,1.2017093952733682,,5,1,val,current_repo_v1
7878,315.12,1.1494551643264923,,5,1,val,current_repo_v1
7879,315.16,1.282769022921723,,5,1,val,current_repo_v1
7880,315.2,1.474985506489565,,5,1,val,current_repo_v1
7881,315.24,1.34976231297683,,5,1,val,current_repo_v1
7882,315.28,1.0648225579345494,,5,1,val,current_repo_v1
7883,315.32,0.9623285773556487,,5,1,val,current_repo_v1
7884,315.36,1.190320193014353,,5,1,val,current_repo_v1
7885,315.4,1.3499469655790688,,5,1,val,current_repo_v1
7886,315.44,1.3315596261341383,,5,1,val,current_repo_v1
7887,315.48,1.406159686686441,,5,1,val,current_repo_v1
7888,315.52,1.4544900498357403,,5,1,val,current_repo_v1
7889,315.56,1.4234479502701731,,5,1,val,current_repo_v1
7890,315.6,1.1467263000717738,,5,1,val,current_repo_v1
7891,315.64,1.159003733731275,,5,1,val,current_repo_v1
7892,315.68,1.2294040116268934,,5,1,val,current_repo_v1
7893,315.72,1.2643752992112895,,5,1,val,current_repo_v1
7894,315.76,1.2868969416667206,,5,1,val,current_repo_v1
7895,315.8,1.2258229297770902,,5,1,val,current_repo_v1
7896,315.84,1.2339128582135663,,5,1,val,current_repo_v1
7897,315.88,1.2030275005510522,,5,1,val,current_repo_v1
7898,315.92,1.2296350729283652,,5,1,val,current_repo_v1
7899,315.96,1.1622611005802561,,5,1,val,current_repo_v1
7900,316.0,1.2113155867667926,,5,1,val,current_repo_v1
7901,316.04,1.067079313940281,,5,1,val,current_repo_v1
7902,316.08,1.133369270745814,,5,1,val,current_repo_v1
7903,316.12,1.2027423366919208,,5,1,val,current_repo_v1
7904,316.16,1.0926242335095855,,5,1,val,current_repo_v1
7905,316.2,1.079758465229121,,5,1,val,current_repo_v1
7906,316.24,1.1653852163492526,,5,1,val,current_repo_v1
7907,316.28,1.1566063601853631,,5,1,val,current_repo_v1
7908,316.32,1.069454260707375,,5,1,val,current_repo_v1
7909,316.36,1.180303935236701,,5,1,val,current_repo_v1
7910,316.4,1.3138833137972081,,5,1,val,current_repo_v1
7911,316.44,1.350878249846921,,5,1,val,current_repo_v1
7912,316.48,1.7289867835063646,,5,1,val,current_repo_v1
7913,316.52,1.819089395841404,,5,1,val,current_repo_v1
7914,316.56,1.9778187698551681,,5,1,val,current_repo_v1
7915,316.6,1.9162096255570988,,5,1,val,current_repo_v1
7916,316.64,1.8186569027783588,,5,1,val,current_repo_v1
7917,316.68,1.8275298859336377,,5,1,val,current_repo_v1
7918,316.72,1.6866281640890468,,5,1,val,current_repo_v1
7919,316.76,1.463224870937571,,5,1,val,current_repo_v1
7920,316.8,1.2410851712583313,,5,1,val,current_repo_v1
7921,316.84,0.8512802539497117,,5,1,val,current_repo_v1
7922,316.88,0.6065519588768178,,5,1,val,current_repo_v1
7923,316.92,0.5534021300692603,,5,1,val,current_repo_v1
7924,316.96,0.516568601347391,,5,1,val,current_repo_v1
7925,317.0,0.47900043192011615,,5,1,val,current_repo_v1
7926,317.04,0.33403940172229474,,5,1,val,current_repo_v1
7927,317.08,0.4586247211692504,,5,1,val,current_repo_v1
7928,317.12,0.6406107466668609,,5,1,val,current_repo_v1
7929,317.16,0.543252907685076,,5,1,val,current_repo_v1
7930,317.2,0.6922188162802372,,5,1,val,current_repo_v1
7931,317.24,0.6350152244269855,,5,1,val,current_repo_v1
7932,317.28,0.6267407661626071,,5,1,val,current_repo_v1
7933,317.32,0.6350579498961206,,5,1,val,current_repo_v1
7934,317.36,0.5125846559744407,,5,1,val,current_repo_v1
7935,317.4,0.5648248906469446,,5,1,val,current_repo_v1
7936,317.44,0.773762011115661,,5,1,val,current_repo_v1
7937,317.48,0.9740482062792197,,5,1,val,current_repo_v1
7938,317.52,1.0972624023974717,,5,1,val,current_repo_v1
7939,317.56,1.145105024032258,,5,1,val,current_repo_v1
7940,317.6,0.9604065860410327,,5,1,val,current_repo_v1
7941,317.64,1.0224992975261709,,5,1,val,current_repo_v1
7942,317.68,0.8596994631569358,,5,1,val,current_repo_v1
7943,317.72,0.77676597173391,,5,1,val,current_repo_v1
7944,317.76,0.6810049766986587,,5,1,val,current_repo_v1
7945,317.8,0.5356016519532537,,5,1,val,current_repo_v1
7946,317.84,0.39367848855297105,,5,1,val,current_repo_v1
7947,317.88,0.49104520821176967,,5,1,val,current_repo_v1
7948,317.92,0.36701141154718825,,5,1,val,current_repo_v1
7949,317.96,0.4077896797038552,,5,1,val,current_repo_v1
7950,318.0,0.6624360130851251,,5,1,val,current_repo_v1
7951,318.04,0.617588839714584,,5,1,val,current_repo_v1
7952,318.08,0.4923732582107179,,5,1,val,current_repo_v1
7953,318.12,0.3530137866576545,,5,1,val,current_repo_v1
7954,318.16,0.19349689712419124,,5,1,val,current_repo_v1
7955,318.2,0.23795299330789832,,5,1,val,current_repo_v1
7956,318.24,0.31349984861924296,,5,1,val,current_repo_v1
7957,318.28,0.2980650682703069,,5,1,val,current_repo_v1
7958,318.32,0.2470433688885084,,5,1,val,current_repo_v1
7959,318.36,0.34682641026583344,,5,1,val,current_repo_v1
7960,318.4,0.3305603862709808,,5,1,val,current_repo_v1
7961,318.44,0.28258510696550376,,5,1,val,current_repo_v1
7962,318.48,0.18516129724018843,,5,1,val,current_repo_v1
7963,318.52,0.13567030736227767,,5,1,val,current_repo_v1
7964,318.56,0.10055598767574839,,5,1,val,current_repo_v1
7965,318.6,-0.10702586781607455,,5,1,val,current_repo_v1
7966,318.64,-0.0756736453918658,,5,1,val,current_repo_v1
7967,318.68,0.03349267020840616,,5,1,val,current_repo_v1
7968,318.72,0.09036023381799457,,5,1,val,current_repo_v1
7969,318.76,0.15722968549225594,,5,1,val,current_repo_v1
7970,318.8,0.29296007042990746,,5,1,val,current_repo_v1
7971,318.84,0.31853807768292414,,5,1,val,current_repo_v1
7972,318.88,0.14671394078855665,,5,1,val,current_repo_v1
7973,318.92,0.22363423167861082,,5,1,val,current_repo_v1
7974,318.96,0.1470859879532184,,5,1,val,current_repo_v1
7975,319.0,0.17181147067530878,,5,1,val,current_repo_v1
7976,319.04,0.11012154086376003,,5,1,val,current_repo_v1
7977,319.08,0.19118828942363753,,5,1,val,current_repo_v1
7978,319.12,0.3061514362510218,,5,1,val,current_repo_v1
7979,319.16,0.2935457449402445,,5,1,val,current_repo_v1
7980,319.2,0.3083708279336498,,5,1,val,current_repo_v1
7981,319.24,0.37768185191499726,,5,1,val,current_repo_v1
7982,319.28,0.37891348313493955,,5,1,val,current_repo_v1
7983,319.32,0.4233741219691006,,5,1,val,current_repo_v1
7984,319.36,0.43375874368131645,,5,1,val,current_repo_v1
7985,319.4,0.4542106972952077,,5,1,val,current_repo_v1
7986,319.44,0.4294647931084637,,5,1,val,current_repo_v1
7987,319.48,0.4407762792124141,,5,1,val,current_repo_v1
7988,319.52,0.5080895191886875,,5,1,val,current_repo_v1
7989,319.56,0.31465818356023806,,5,1,val,current_repo_v1
7990,319.6,0.07325485795541278,,5,1,val,current_repo_v1
7991,319.64,0.2194450690020419,,5,1,val,current_repo_v1
7992,319.68,0.37182981316119607,,5,1,val,current_repo_v1
7993,319.72,0.30616236316697876,,5,1,val,current_repo_v1
7994,319.76,0.3757837197464595,,5,1,val,current_repo_v1
7995,319.8,0.5108121628770185,,5,1,val,current_repo_v1
7996,319.84,0.5466749558442099,,5,1,val,current_repo_v1
7997,319.88,0.7166081837935093,,5,1,val,current_repo_v1
7998,319.92,0.7687682058994378,,5,1,val,current_repo_v1
7999,319.96,0.7720598677131078,,5,1,val,current_repo_v1
8000,320.0,0.8763244997743816,,5,1,val,current_repo_v1
8001,320.04,1.0233124728822185,,5,1,val,current_repo_v1
8002,320.08,0.9449619018956112,,5,1,val,current_repo_v1
8003,320.12,0.9161796686189696,,5,1,val,current_repo_v1
8004,320.16,1.1569519290180992,,5,1,val,current_repo_v1
8005,320.2,1.399074625270216,,5,1,val,current_repo_v1
8006,320.24,1.425959913196907,,5,1,val,current_repo_v1
8007,320.28,0.8439994902409544,,5,1,val,current_repo_v1
8008,320.32,-0.6972055824344956,,5,1,val,current_repo_v1
8009,320.36,-0.29954110226963093,,5,1,val,current_repo_v1
8010,320.4,0.7990026140293253,,5,1,val,current_repo_v1
8011,320.44,-0.8120074447083729,,5,1,val,current_repo_v1
8012,320.48,-0.7091423582347244,,5,1,val,current_repo_v1
8013,320.52,0.4219729803150995,,5,1,val,current_repo_v1
8014,320.56,-0.11095890276411687,,5,1,val,current_repo_v1
8015,320.6,-0.6625798636828356,,5,1,val,current_repo_v1
8016,320.64,-1.2701567427215485,,5,1,val,current_repo_v1
8017,320.68,-1.5093315453024616,,5,1,val,current_repo_v1
8018,320.72,0.5550015932016412,,5,1,val,current_repo_v1
8019,320.76,-1.2343932332678837,,5,1,val,current_repo_v1
8020,320.8,-4.528633553555025,,5,1,val,current_repo_v1
8021,320.84,-3.59581477019468,,5,1,val,current_repo_v1
8022,320.88,-1.862862539315412,,5,1,val,current_repo_v1
8023,320.92,-1.4598934302388444,,5,1,val,current_repo_v1
8024,320.96,-1.048851908531155,,5,1,val,current_repo_v1
8025,321.0,-1.2127805301510444,,5,1,val,current_repo_v1
8026,321.04,-1.1961724363920485,,5,1,val,current_repo_v1
8027,321.08,-1.3067710783278168,,5,1,val,current_repo_v1
8028,321.12,-1.6830853878322611,,5,1,val,current_repo_v1
8029,321.16,-2.7345564003612184,,5,1,val,current_repo_v1
8030,321.2,-3.0281795749830756,,5,1,val,current_repo_v1
8031,321.24,-2.4522058742281687,,5,1,val,current_repo_v1
8032,321.28,-2.321439092019938,,5,1,val,current_repo_v1
8033,321.32,-1.5634747003426304,,5,1,val,current_repo_v1
8034,321.36,-3.0145224851784773,,5,1,val,current_repo_v1
8035,321.4,-2.515971918071539,,5,1,val,current_repo_v1
8036,321.44,-0.67177897640089,,5,1,val,current_repo_v1
8037,321.48,0.9753367638665633,,5,1,val,current_repo_v1
8038,321.52,0.22653776288952512,,5,1,val,current_repo_v1
8039,321.56,-2.7477715025540745,,5,1,val,current_repo_v1
8040,321.6,-6.288057568395332,,5,1,val,current_repo_v1
8041,321.64,-0.723815773997656,,5,1,val,current_repo_v1
8042,321.68,1.1088558193030231,,5,1,val,current_repo_v1
8043,321.72,0.20283773235145514,,5,1,val,current_repo_v1
8044,321.76,-0.7921858554633393,,5,1,val,current_repo_v1
8045,321.8,-0.8929637782148726,,5,1,val,current_repo_v1
8046,321.84,-0.9866532837183141,,5,1,val,current_repo_v1
8047,321.88,-0.9452944566486682,,5,1,val,current_repo_v1
8048,321.92,-1.094292327496123,,5,1,val,current_repo_v1
8049,321.96,-1.0321649117985074,,5,1,val,current_repo_v1
8050,322.0,-0.9903313572940274,,5,1,val,current_repo_v1
8051,322.04,-1.0353401016915276,,5,1,val,current_repo_v1
8052,322.08,-1.022237870038781,,5,1,val,current_repo_v1
8053,322.12,-0.9653339294163791,,5,1,val,current_repo_v1
8054,322.16,-0.9381408871526233,,5,1,val,current_repo_v1
8055,322.2,-0.861738417489548,,5,1,val,current_repo_v1
8056,322.24,-0.9333391009988347,,5,1,val,current_repo_v1
8057,322.28,-0.8952603949552189,,5,1,val,current_repo_v1
8058,322.32,-0.9006036977829492,,5,1,val,current_repo_v1
8059,322.36,-1.0007701224886816,,5,1,val,current_repo_v1
8060,322.4,-0.9812864082179575,,5,1,val,current_repo_v1
8061,322.44,-0.9738991582345934,,5,1,val,current_repo_v1
8062,322.48,-0.9812055408549203,,5,1,val,current_repo_v1
8063,322.52,-1.097586444796525,,5,1,val,current_repo_v1
8064,322.56,-1.127631780448056,,5,1,val,current_repo_v1
8065,322.6,-1.166406207732377,,5,1,val,current_repo_v1
8066,322.64,-1.094892202904726,,5,1,val,current_repo_v1
8067,322.68,-1.1369366018699185,,5,1,val,current_repo_v1
8068,322.72,-1.0087236895619796,,5,1,val,current_repo_v1
8069,322.76,-1.0809420098338969,,5,1,val,current_repo_v1
8070,322.8,-0.9971840478158568,,5,1,val,current_repo_v1
8071,322.84,-0.9751812497068763,,5,1,val,current_repo_v1
8072,322.88,-0.8792285220826423,,5,1,val,current_repo_v1
8073,322.92,-0.9292128192449919,,5,1,val,current_repo_v1
8074,322.96,-0.8847350329284863,,5,1,val,current_repo_v1
8075,323.0,-0.8129982336046946,,5,1,val,current_repo_v1
8076,323.04,-0.8496674084146421,,5,1,val,current_repo_v1
8077,323.08,-0.9556841939582421,,5,1,val,current_repo_v1
8078,323.12,-0.9546987252831729,,5,1,val,current_repo_v1
8079,323.16,-0.8772620046086212,,5,1,val,current_repo_v1
8080,323.2,-0.7842843447087576,,5,1,val,current_repo_v1
8081,323.24,-0.8754760472589525,,5,1,val,current_repo_v1
8082,323.28,-0.8888940545054211,,5,1,val,current_repo_v1
8083,323.32,-0.9068637156572557,,5,1,val,current_repo_v1
8084,323.36,-0.9325057088020278,,5,1,val,current_repo_v1
8085,323.4,-0.8889078870806776,,5,1,val,current_repo_v1
8086,323.44,-0.8363051407169874,,5,1,val,current_repo_v1
8087,323.48,-0.8095643991092476,,5,1,val,current_repo_v1
8088,323.52,-0.7606728753921514,,5,1,val,current_repo_v1
8089,323.56,-0.8452054616245483,,5,1,val,current_repo_v1
8090,323.6,-0.6865345281950036,,5,1,val,current_repo_v1
8091,323.64,-0.6260631336741603,,5,1,val,current_repo_v1
8092,323.68,-0.5592449607478168,,5,1,val,current_repo_v1
8093,323.72,-0.4952742520853426,,5,1,val,current_repo_v1
8094,323.76,-0.5674418665562462,,5,1,val,current_repo_v1
8095,323.8,-0.5757025331701472,,5,1,val,current_repo_v1
8096,323.84,-0.5872601408941917,,5,1,val,current_repo_v1
8097,323.88,-0.5355481632672772,,5,1,val,current_repo_v1
8098,323.92,-0.5311048372515672,,5,1,val,current_repo_v1
8099,323.96,-0.5467018024991452,,5,1,val,current_repo_v1
8100,324.0,-0.5462396798962017,,5,1,val,current_repo_v1
8101,324.04,-0.5916399107283243,,5,1,val,current_repo_v1
8102,324.08,-0.6132382083230032,,5,1,val,current_repo_v1
8103,324.12,-0.5060610825242436,,5,1,val,current_repo_v1
8104,324.16,-0.4885612787585583,,5,1,val,current_repo_v1
8105,324.2,-0.5095651848650018,,5,1,val,current_repo_v1
8106,324.24,-0.4535216877182365,,5,1,val,current_repo_v1
8107,324.28,-0.5014859377958094,,5,1,val,current_repo_v1
8108,324.32,-0.49223022610858475,,5,1,val,current_repo_v1
8109,324.36,-0.5609534065663153,,5,1,val,current_repo_v1
8110,324.4,-0.4692482208157012,,5,1,val,current_repo_v1
8111,324.44,-0.3376221001008632,,5,1,val,current_repo_v1
8112,324.48,-0.15186878500961365,,5,1,val,current_repo_v1
8113,324.52,-0.1801809562762118,,5,1,val,current_repo_v1
8114,324.56,-0.2754212244251849,,5,1,val,current_repo_v1
8115,324.6,-0.35088573908145315,,5,1,val,current_repo_v1
8116,324.64,-0.3609006872661814,,5,1,val,current_repo_v1
8117,324.68,-0.39035678795161416,,5,1,val,current_repo_v1
8118,324.72,-0.3495110757593777,,5,1,val,current_repo_v1
8119,324.76,-0.4062707974610595,,5,1,val,current_repo_v1
8120,324.8,-0.3321176968811308,,5,1,val,current_repo_v1
8121,324.84,-0.346624037234346,,5,1,val,current_repo_v1
8122,324.88,-0.38289014389725196,,5,1,val,current_repo_v1
8123,324.92,-0.3820053092534117,,5,1,val,current_repo_v1
8124,324.96,-0.3497479893042272,,5,1,val,current_repo_v1
8125,325.0,-0.27080642358603046,,5,1,val,current_repo_v1
8126,325.04,-0.18944002379530342,,5,1,val,current_repo_v1
8127,325.08,-0.1563277442908501,,5,1,val,current_repo_v1
8128,325.12,-0.23341578584947195,,5,1,val,current_repo_v1
8129,325.16,-0.2484390266221416,,5,1,val,current_repo_v1
8130,325.2,-0.28632886481129544,,5,1,val,current_repo_v1
8131,325.24,-0.20208307942918446,,5,1,val,current_repo_v1
8132,325.28,-0.2512614858461243,,5,1,val,current_repo_v1
8133,325.32,-0.27637992829487645,,5,1,val,current_repo_v1
8134,325.36,-0.31367240794932727,,5,1,val,current_repo_v1
8135,325.4,-0.32938680684985855,,5,1,val,current_repo_v1
8136,325.44,-0.41642939161960385,,5,1,val,current_repo_v1
8137,325.48,-0.3379811945730142,,5,1,val,current_repo_v1
8138,325.52,-0.3911360775907615,,5,1,val,current_repo_v1
8139,325.56,-0.4012584123952315,,5,1,val,current_repo_v1
8140,325.6,-0.43011091351718433,,5,1,val,current_repo_v1
8141,325.64,-0.42623120355600314,,5,1,val,current_repo_v1
8142,325.68,-0.4246404983262993,,5,1,val,current_repo_v1
8143,325.72,-0.27385153406942825,,5,1,val,current_repo_v1
8144,325.76,-0.3588066891059957,,5,1,val,current_repo_v1
8145,325.8,-0.3666323662453406,,5,1,val,current_repo_v1
8146,325.84,-0.2950063502979365,,5,1,val,current_repo_v1
8147,325.88,-0.40539410684821336,,5,1,val,current_repo_v1
8148,325.92,-0.3462346379634455,,5,1,val,current_repo_v1
8149,325.96,-0.31456790349806185,,5,1,val,current_repo_v1
8150,326.0,-0.31549484973935416,,5,1,val,current_repo_v1
8151,326.04,-0.2594391570084871,,5,1,val,current_repo_v1
8152,326.08,-0.35816232846276624,,5,1,val,current_repo_v1
8153,326.12,-0.3332622606340378,,5,1,val,current_repo_v1
8154,326.16,-0.3531435591314354,,5,1,val,current_repo_v1
8155,326.2,-0.2987140124887692,,5,1,val,current_repo_v1
8156,326.24,-0.375047810372909,,5,1,val,current_repo_v1
8157,326.28,-0.39168839840632363,,5,1,val,current_repo_v1
8158,326.32,-0.4308693315191106,,5,1,val,current_repo_v1
8159,326.36,-0.40007920581701534,,5,1,val,current_repo_v1
8160,326.4,-0.5351328586113552,,5,1,val,current_repo_v1
8161,326.44,-0.5580454554792836,,5,1,val,current_repo_v1
8162,326.48,-0.46773371752424403,,5,1,val,current_repo_v1
8163,326.52,-0.5154599490879381,,5,1,val,current_repo_v1
8164,326.56,-0.4405567996233611,,5,1,val,current_repo_v1
8165,326.6,-0.5314110773718139,,5,1,val,current_repo_v1
8166,326.64,-0.4933613869964134,,5,1,val,current_repo_v1
8167,326.68,-0.5014123141186313,,5,1,val,current_repo_v1
8168,326.72,-0.5601548822811013,,5,1,val,current_repo_v1
8169,326.76,-0.5207017175393044,,5,1,val,current_repo_v1
8170,326.8,-0.48677331609472513,,5,1,val,current_repo_v1
8171,326.84,-0.5730924735484738,,5,1,val,current_repo_v1
8172,326.88,-0.5324720931886681,,5,1,val,current_repo_v1
8173,326.92,-0.4568045507044505,,5,1,val,current_repo_v1
8174,326.96,-0.4743450746251065,,5,1,val,current_repo_v1
8175,327.0,-0.47084653805427396,,5,1,val,current_repo_v1
8176,327.04,-0.49191952518744164,,5,1,val,current_repo_v1
8177,327.08,-0.5055269732352765,,5,1,val,current_repo_v1
8178,327.12,-0.5309454761626669,,5,1,val,current_repo_v1
8179,327.16,-0.36600552140746534,,5,1,val,current_repo_v1
8180,327.2,-0.43760771913357005,,5,1,val,current_repo_v1
8181,327.24,-0.41427625715395827,,5,1,val,current_repo_v1
8182,327.28,-0.4343760121209373,,5,1,val,current_repo_v1
8183,327.32,-0.3878966767197022,,5,1,val,current_repo_v1
8184,327.36,-0.39587692674882013,,5,1,val,current_repo_v1
8185,327.4,-0.400965431903337,,5,1,val,current_repo_v1
8186,327.44,-0.4064453825676976,,5,1,val,current_repo_v1
8187,327.48,-0.5349568002126779,,5,1,val,current_repo_v1
8188,327.52,-0.4696144157369853,,5,1,val,current_repo_v1
8189,327.56,-0.3815560370310317,,5,1,val,current_repo_v1
8190,327.6,-0.3897854371138798,,5,1,val,current_repo_v1
8191,327.64,-0.3689838631141449,,5,1,val,current_repo_v1
8192,327.68,-0.42593650422339624,,5,1,val,current_repo_v1
8193,327.72,-0.36297982973163906,,5,1,val,current_repo_v1
8194,327.76,-0.3311620828322435,,5,1,val,current_repo_v1
8195,327.8,-0.3374022726511898,,5,1,val,current_repo_v1
8196,327.84,-0.29176795208395934,,5,1,val,current_repo_v1
8197,327.88,-0.23092178890065976,,5,1,val,current_repo_v1
8198,327.92,-0.3518745226636105,,5,1,val,current_repo_v1
8199,327.96,-0.3412243605237291,,5,1,val,current_repo_v1
8200,328.0,-0.18467482439382013,,5,1,val,current_repo_v1
8201,328.04,-0.2368210753116606,,5,1,val,current_repo_v1
8202,328.08,-0.2971886436685234,,5,1,val,current_repo_v1
8203,328.12,-0.45709319316978536,,5,1,val,current_repo_v1
8204,328.16,-0.3978815861167435,,5,1,val,current_repo_v1
8205,328.2,-0.383250281951264,,5,1,val,current_repo_v1
8206,328.24,-0.37511545903237287,,5,1,val,current_repo_v1
8207,328.28,-0.2914886813929845,,5,1,val,current_repo_v1
8208,328.32,-0.32500615713298026,,5,1,val,current_repo_v1
8209,328.36,-0.27831086167367447,,5,1,val,current_repo_v1
8210,328.4,-0.3101135687168371,,5,1,val,current_repo_v1
8211,328.44,-0.33068751909652494,,5,1,val,current_repo_v1
8212,328.48,-0.31286977072383737,,5,1,val,current_repo_v1
8213,328.52,-0.31782893311475136,,5,1,val,current_repo_v1
8214,328.56,-0.351681562331262,,5,1,val,current_repo_v1
8215,328.6,-0.33429569314993685,,5,1,val,current_repo_v1
8216,328.64,-0.3804026539882793,,5,1,val,current_repo_v1
8217,328.68,-0.2646151184154384,,5,1,val,current_repo_v1
8218,328.72,-0.25361801646272897,,5,1,val,current_repo_v1
8219,328.76,-0.30182243360507116,,5,1,val,current_repo_v1
8220,328.8,-0.3331845444789731,,5,1,val,current_repo_v1
8221,328.84,-0.19141658830253594,,5,1,val,current_repo_v1
8222,328.88,-0.28642037261683756,,5,1,val,current_repo_v1
8223,328.92,-0.26135103990272346,,5,1,val,current_repo_v1
8224,328.96,-0.2840170854403797,,5,1,val,current_repo_v1
8225,329.0,-0.25649523304083305,,5,1,val,current_repo_v1
8226,329.04,-0.16498779582169468,,5,1,val,current_repo_v1
8227,329.08,-0.18046628383445862,,5,1,val,current_repo_v1
8228,329.12,-0.1875474983214702,,5,1,val,current_repo_v1
8229,329.16,-0.16764712887712147,,5,1,val,current_repo_v1
8230,329.2,-0.3454748285190378,,5,1,val,current_repo_v1
8231,329.24,-0.3442579711442658,,5,1,val,current_repo_v1
8232,329.28,-0.3985712914149554,,5,1,val,current_repo_v1
8233,329.32,-0.5767473018497918,,5,1,val,current_repo_v1
8234,329.36,-0.5892713482267334,,5,1,val,current_repo_v1
8235,329.4,-0.590003901768417,,5,1,val,current_repo_v1
8236,329.44,-0.6215358300122193,,5,1,val,current_repo_v1
8237,329.48,-0.4657547998422268,,5,1,val,current_repo_v1
8238,329.52,-0.44661149788210175,,5,1,val,current_repo_v1
8239,329.56,-0.49897896769209704,,5,1,val,current_repo_v1
8240,329.6,-0.42223608571842264,,5,1,val,current_repo_v1
8241,329.64,-0.45507842538148235,,5,1,val,current_repo_v1
8242,329.68,-0.4987893631916155,,5,1,val,current_repo_v1
8243,329.72,-0.37610563405701164,,5,1,val,current_repo_v1
8244,329.76,-0.5124435064121353,,5,1,val,current_repo_v1
8245,329.8,-0.5646224766906783,,5,1,val,current_repo_v1
8246,329.84,-0.5152479178086385,,5,1,val,current_repo_v1
8247,329.88,-0.415538991205838,,5,1,val,current_repo_v1
8248,329.92,-0.39692529680900496,,5,1,val,current_repo_v1
8249,329.96,-0.48371779025510625,,5,1,val,current_repo_v1
8250,330.0,-0.4751252646093889,,5,1,val,current_repo_v1
8251,330.04,-0.5159764607219933,,5,1,val,current_repo_v1
8252,330.08,-0.2871705852006014,,5,1,val,current_repo_v1
8253,330.12,-0.29573421795244,,5,1,val,current_repo_v1
8254,330.16,-0.3431932107101456,,5,1,val,current_repo_v1
8255,330.2,-0.22453310352160177,,5,1,val,current_repo_v1
8256,330.24,-0.26161320403613264,,5,1,val,current_repo_v1
8257,330.28,-0.07161386640367857,,5,1,val,current_repo_v1
8258,330.32,-0.04626362089183769,,5,1,val,current_repo_v1
8259,330.36,-0.02499814661907715,,5,1,val,current_repo_v1
8260,330.4,0.06960882848155074,,5,1,val,current_repo_v1
8261,330.44,0.04651468929457713,,5,1,val,current_repo_v1
8262,330.48,-0.09459967258539917,,5,1,val,current_repo_v1
8263,330.52,-0.10718406254877721,,5,1,val,current_repo_v1
8264,330.56,-0.05095008101878472,,5,1,val,current_repo_v1
8265,330.6,-0.25448124282332846,,5,1,val,current_repo_v1
8266,330.64,-0.2993032065300887,,5,1,val,current_repo_v1
8267,330.68,-0.2642732532751896,,5,1,val,current_repo_v1
8268,330.72,-0.3417498551467452,,5,1,val,current_repo_v1
8269,330.76,-0.19118667289487234,,5,1,val,current_repo_v1
8270,330.8,-0.22663211496719837,,5,1,val,current_repo_v1
8271,330.84,-0.16147497650303821,,5,1,val,current_repo_v1
8272,330.88,-0.1963334344721035,,5,1,val,current_repo_v1
8273,330.92,-0.12698475969420023,,5,1,val,current_repo_v1
8274,330.96,-0.034145550879035605,,5,1,val,current_repo_v1
8275,331.0,0.012098794441956672,,5,1,val,current_repo_v1
8276,331.04,0.06036891375896795,,5,1,val,current_repo_v1
8277,331.08,-0.12476663667971703,,5,1,val,current_repo_v1
8278,331.12,-0.2789985207329431,,5,1,val,current_repo_v1
8279,331.16,-0.306636722278803,,5,1,val,current_repo_v1
8280,331.2,-0.27038053987477184,,5,1,val,current_repo_v1
8281,331.24,-0.22047160569270222,,5,1,val,current_repo_v1
8282,331.28,-0.27925624452784553,,5,1,val,current_repo_v1
8283,331.32,-0.13078528020827765,,5,1,val,current_repo_v1
8284,331.36,-0.11894455486404502,,5,1,val,current_repo_v1
8285,331.4,-0.14463733565938863,,5,1,val,current_repo_v1
8286,331.44,-0.11312863222759219,,5,1,val,current_repo_v1
8287,331.48,-0.10929551512714879,,5,1,val,current_repo_v1
8288,331.52,-0.035209554204746835,,5,1,val,current_repo_v1
8289,331.56,-0.05252863158916564,,5,1,val,current_repo_v1
8290,331.6,-0.1825726617402509,,5,1,val,current_repo_v1
8291,331.64,-0.25071509912349765,,5,1,val,current_repo_v1
8292,331.68,-0.3439169858867626,,5,1,val,current_repo_v1
8293,331.72,-0.3346979223390115,,5,1,val,current_repo_v1
8294,331.76,-0.3597567578473468,,5,1,val,current_repo_v1
8295,331.8,-0.40239251986713853,,5,1,val,current_repo_v1
8296,331.84,-0.39812660276780826,,5,1,val,current_repo_v1
8297,331.88,-0.38559870946165337,,5,1,val,current_repo_v1
8298,331.92,-0.3628004973506526,,5,1,val,current_repo_v1
8299,331.96,-0.346102000755144,,5,1,val,current_repo_v1
8300,332.0,-0.3269768489344456,,5,1,val,current_repo_v1
8301,332.04,-0.3321058696200388,,5,1,val,current_repo_v1
8302,332.08,-0.43391229345161797,,5,1,val,current_repo_v1
8303,332.12,-0.45976631787568967,,5,1,val,current_repo_v1
8304,332.16,-0.47938459281932194,,5,1,val,current_repo_v1
8305,332.2,-0.3776847575742967,,5,1,val,current_repo_v1
8306,332.24,-0.4452448558166838,,5,1,val,current_repo_v1
8307,332.28,-0.4873306706580876,,5,1,val,current_repo_v1
8308,332.32,-0.4962141714815351,,5,1,val,current_repo_v1
8309,332.36,-0.44708614346737807,,5,1,val,current_repo_v1
8310,332.4,-0.3620912709329221,,5,1,val,current_repo_v1
8311,332.44,-0.3309307555197091,,5,1,val,current_repo_v1
8312,332.48,-0.32387659231152727,,5,1,val,current_repo_v1
8313,332.52,-0.4098895301074185,,5,1,val,current_repo_v1
8314,332.56,-0.27456057632565384,,5,1,val,current_repo_v1
8315,332.6,-0.10396770232821885,,5,1,val,current_repo_v1
8316,332.64,-0.3080418745611329,,5,1,val,current_repo_v1
8317,332.68,-0.26188115902575126,,5,1,val,current_repo_v1
8318,332.72,-0.05392973231838791,,5,1,val,current_repo_v1
8319,332.76,-0.13405631593339967,,5,1,val,current_repo_v1
8320,332.8,-0.07149802881710118,,5,1,val,current_repo_v1
8321,332.84,-0.19780449611079548,,5,1,val,current_repo_v1
8322,332.88,-0.08598183496395387,,5,1,val,current_repo_v1
8323,332.92,-0.2063453337608063,,5,1,val,current_repo_v1
8324,332.96,-0.17093072850935503,,5,1,val,current_repo_v1
8325,333.0,-0.27058127591510467,,5,1,val,current_repo_v1
8326,333.04,-0.1784642231899932,,5,1,val,current_repo_v1
8327,333.08,-0.1290292184095698,,5,1,val,current_repo_v1
8328,333.12,-0.10520225966984999,,5,1,val,current_repo_v1
8329,333.16,-0.15653361639093052,,5,1,val,current_repo_v1
8330,333.2,-0.2680512242361124,,5,1,val,current_repo_v1
8331,333.24,-0.18608531735979192,,5,1,val,current_repo_v1
8332,333.28,-0.12209428954461116,,5,1,val,current_repo_v1
8333,333.32,-0.02041577866717326,,5,1,val,current_repo_v1
8334,333.36,0.02183029505046721,,5,1,val,current_repo_v1
8335,333.4,-0.05006966625106189,,5,1,val,current_repo_v1
8336,333.44,-0.10010352332061691,,5,1,val,current_repo_v1
8337,333.48,-0.13190968850759363,,5,1,val,current_repo_v1
8338,333.52,-0.27988446034581277,,5,1,val,current_repo_v1
8339,333.56,-0.3287075578326466,,5,1,val,current_repo_v1
8340,333.6,-0.40339877832987125,,5,1,val,current_repo_v1
8341,333.64,-0.4019396053394395,,5,1,val,current_repo_v1
8342,333.68,-0.25407964796832616,,5,1,val,current_repo_v1
8343,333.72,-0.15613261494522176,,5,1,val,current_repo_v1
8344,333.76,-0.09808904200576597,,5,1,val,current_repo_v1
8345,333.8,-0.07100930510789531,,5,1,val,current_repo_v1
8346,333.84,-0.06651807152292644,,5,1,val,current_repo_v1
8347,333.88,-0.1852030200522413,,5,1,val,current_repo_v1
8348,333.92,-0.21739973040392674,,5,1,val,current_repo_v1
8349,333.96,-0.2154974852951131,,5,1,val,current_repo_v1
8350,334.0,-0.12845762202316227,,5,1,val,current_repo_v1
8351,334.04,-0.060839922154522635,,5,1,val,current_repo_v1
8352,334.08,0.030146742137961195,,5,1,val,current_repo_v1
8353,334.12,0.009853579223864843,,5,1,val,current_repo_v1
8354,334.16,0.042531439642867465,,5,1,val,current_repo_v1
8355,334.2,-0.0726986390546638,,5,1,val,current_repo_v1
8356,334.24,-0.10433915608358706,,5,1,val,current_repo_v1
8357,334.28,-0.24169685346563713,,5,1,val,current_repo_v1
8358,334.32,-0.18161835728428732,,5,1,val,current_repo_v1
8359,334.36,-0.2568545116744889,,5,1,val,current_repo_v1
8360,334.4,-0.2906086963354398,,5,1,val,current_repo_v1
8361,334.44,-0.3165673654190693,,5,1,val,current_repo_v1
8362,334.48,-0.2540582647713692,,5,1,val,current_repo_v1
8363,334.52,-0.24756319542965166,,5,1,val,current_repo_v1
8364,334.56,-0.2664360459886473,,5,1,val,current_repo_v1
8365,334.6,-0.33282884676346797,,5,1,val,current_repo_v1
8366,334.64,-0.4177694735035384,,5,1,val,current_repo_v1
8367,334.68,-0.5806130564613801,,5,1,val,current_repo_v1
8368,334.72,-0.5824709595722934,,5,1,val,current_repo_v1
8369,334.76,-0.506725496309117,,5,1,val,current_repo_v1
8370,334.8,-0.49688570617793093,,5,1,val,current_repo_v1
8371,334.84,-0.5424616270857211,,5,1,val,current_repo_v1
8372,334.88,-0.4795643753728759,,5,1,val,current_repo_v1
8373,334.92,-0.5723924961307668,,5,1,val,current_repo_v1
8374,334.96,-0.5701293558595321,,5,1,val,current_repo_v1
8375,335.0,-0.6216996519020159,,5,1,val,current_repo_v1
8376,335.04,-0.4986456353682416,,5,1,val,current_repo_v1
8377,335.08,-0.2940201245144582,,5,1,val,current_repo_v1
8378,335.12,-0.3157257882664894,,5,1,val,current_repo_v1
8379,335.16,-0.30250958110460396,,5,1,val,current_repo_v1
8380,335.2,-0.2882541505706101,,5,1,val,current_repo_v1
8381,335.24,-0.4378175404748109,,5,1,val,current_repo_v1
8382,335.28,-0.40234222331391345,,5,1,val,current_repo_v1
8383,335.32,-0.3922597083192791,,5,1,val,current_repo_v1
8384,335.36,-0.368628226785808,,5,1,val,current_repo_v1
8385,335.4,-0.3401276378373153,,5,1,val,current_repo_v1
8386,335.44,-0.36137439158154383,,5,1,val,current_repo_v1
8387,335.48,-0.2311937135938283,,5,1,val,current_repo_v1
8388,335.52,-0.3932152200562192,,5,1,val,current_repo_v1
8389,335.56,-0.3588413523936944,,5,1,val,current_repo_v1
8390,335.6,-0.445987845176978,,5,1,val,current_repo_v1
8391,335.64,-0.3806864673297081,,5,1,val,current_repo_v1
8392,335.68,-0.33085303936464444,,5,1,val,current_repo_v1
8393,335.72,-0.4868337210683299,,5,1,val,current_repo_v1
8394,335.76,-0.424094602701019,,5,1,val,current_repo_v1
8395,335.8,-0.4359296804257683,,5,1,val,current_repo_v1
8396,335.84,-0.4720938843893004,,5,1,val,current_repo_v1
8397,335.88,-0.3790631450512489,,5,1,val,current_repo_v1
8398,335.92,-0.31509957776268654,,5,1,val,current_repo_v1
8399,335.96,-0.3244385099877332,,5,1,val,current_repo_v1
8400,336.0,-0.414599808455665,,5,1,val,current_repo_v1
8401,336.04,-0.3820577338951378,,5,1,val,current_repo_v1
8402,336.08,-0.37288338066829674,,5,1,val,current_repo_v1
8403,336.12,-0.3860056245379081,,5,1,val,current_repo_v1
8404,336.16,-0.38966605953393063,,5,1,val,current_repo_v1
8405,336.2,-0.4130760970889632,,5,1,val,current_repo_v1
8406,336.24,-0.3340006459567096,,5,1,val,current_repo_v1
8407,336.28,-0.3596149944133584,,5,1,val,current_repo_v1
8408,336.32,-0.43692934999910377,,5,1,val,current_repo_v1
8409,336.36,-0.48353051846702,,5,1,val,current_repo_v1
8410,336.4,-0.4230116512026933,,5,1,val,current_repo_v1
8411,336.44,-0.4562677813048571,,5,1,val,current_repo_v1
8412,336.48,-0.2875411795356134,,5,1,val,current_repo_v1
8413,336.52,-0.36147973196234234,,5,1,val,current_repo_v1
8414,336.56,-0.31700867777196007,,5,1,val,current_repo_v1
8415,336.6,-0.22574097790741293,,5,1,val,current_repo_v1
8416,336.64,-0.280312738156635,,5,1,val,current_repo_v1
8417,336.68,-0.27367834040527156,,5,1,val,current_repo_v1
8418,336.72,-0.41361695896644307,,5,1,val,current_repo_v1
8419,336.76,-0.298157189947532,,5,1,val,current_repo_v1
8420,336.8,-0.13150089089151112,,5,1,val,current_repo_v1
8421,336.84,-0.19528614891855864,,5,1,val,current_repo_v1
8422,336.88,-0.23317473890195708,,5,1,val,current_repo_v1
8423,336.92,-0.12712994034722383,,5,1,val,current_repo_v1
8424,336.96,-0.15812591768701006,,5,1,val,current_repo_v1
8425,337.0,-0.13457990755419852,,5,1,val,current_repo_v1
8426,337.04,-0.16146108254061356,,5,1,val,current_repo_v1
8427,337.08,-0.11901920166069478,,5,1,val,current_repo_v1
8428,337.12,-0.11386490992415248,,5,1,val,current_repo_v1
8429,337.16,-0.24074921974862856,,5,1,val,current_repo_v1
8430,337.2,-0.21279254157364125,,5,1,val,current_repo_v1
8431,337.24,-0.17035851825126455,,5,1,val,current_repo_v1
8432,337.28,-0.12736081748719075,,5,1,val,current_repo_v1
8433,337.32,-0.19033844546572684,,5,1,val,current_repo_v1
8434,337.36,-0.2815281836265362,,5,1,val,current_repo_v1
8435,337.4,-0.26246130869094153,,5,1,val,current_repo_v1
8436,337.44,-0.13560982053911522,,5,1,val,current_repo_v1
8437,337.48,-0.3021155164089129,,5,1,val,current_repo_v1
8438,337.52,-0.19243794800866984,,5,1,val,current_repo_v1
8439,337.56,0.19604166126118547,,5,1,val,current_repo_v1
8440,337.6,0.6673030333364245,,5,1,val,current_repo_v1
8441,337.64,0.925186885048926,,5,1,val,current_repo_v1
8442,337.68,0.7805233575310637,,5,1,val,current_repo_v1
8443,337.72,0.5984888361704982,,5,1,val,current_repo_v1
8444,337.76,0.8408224178081065,,5,1,val,current_repo_v1
8445,337.8,1.092507679739378,,5,1,val,current_repo_v1
8446,337.84,1.2893654424782999,,5,1,val,current_repo_v1
8447,337.88,1.0889713695976528,,5,1,val,current_repo_v1
8448,337.92,0.6309303176245752,,5,1,val,current_repo_v1
8449,337.96,0.41094534847735675,,5,1,val,current_repo_v1
8450,338.0,0.2788706921861583,,5,1,val,current_repo_v1
8451,338.04,0.12501828314495794,,5,1,val,current_repo_v1
8452,338.08,0.023478335895360906,,5,1,val,current_repo_v1
8453,338.12,-0.016160583859905642,,5,1,val,current_repo_v1
8454,338.16,-0.02146496722293536,,5,1,val,current_repo_v1
8455,338.2,-0.0637776255557892,,5,1,val,current_repo_v1
8456,338.24,-0.2123691951986722,,5,1,val,current_repo_v1
8457,338.28,-0.2970202382034939,,5,1,val,current_repo_v1
8458,338.32,-0.19120564152987626,,5,1,val,current_repo_v1
8459,338.36,-0.22890976307254074,,5,1,val,current_repo_v1
8460,338.4,-0.4027574051954989,,5,1,val,current_repo_v1
8461,338.44,-0.4521802962413783,,5,1,val,current_repo_v1
8462,338.48,-0.42065209215245264,,5,1,val,current_repo_v1
8463,338.52,-0.4434475213784906,,5,1,val,current_repo_v1
8464,338.56,-0.6211441389537024,,5,1,val,current_repo_v1
8465,338.6,-0.511812732795489,,5,1,val,current_repo_v1
8466,338.64,-0.4214139069110247,,5,1,val,current_repo_v1
8467,338.68,-0.22883540274934303,,5,1,val,current_repo_v1
8468,338.72,0.060749186804181565,,5,1,val,current_repo_v1
8469,338.76,-0.036874660682427236,,5,1,val,current_repo_v1
8470,338.8,-0.027008228520200104,,5,1,val,current_repo_v1
8471,338.84,-0.08088979493166258,,5,1,val,current_repo_v1
8472,338.88,-0.1367794916438559,,5,1,val,current_repo_v1
8473,338.92,-0.05289327136885282,,5,1,val,current_repo_v1
8474,338.96,0.08996760148956373,,5,1,val,current_repo_v1
8475,339.0,0.12164657246382803,,5,1,val,current_repo_v1
8476,339.04,0.2023826488104763,,5,1,val,current_repo_v1
8477,339.08,0.2703614075406524,,5,1,val,current_repo_v1
8478,339.12,0.15209677695267057,,5,1,val,current_repo_v1
8479,339.16,0.3066213345619498,,5,1,val,current_repo_v1
8480,339.2,0.3123506808287137,,5,1,val,current_repo_v1
8481,339.24,0.13912681418521589,,5,1,val,current_repo_v1
8482,339.28,-0.11129509982249286,,5,1,val,current_repo_v1
8483,339.32,-0.30112505491082203,,5,1,val,current_repo_v1
8484,339.36,-0.35576892462040427,,5,1,val,current_repo_v1
8485,339.4,-0.39815561843602354,,5,1,val,current_repo_v1
8486,339.44,-0.41660585926606974,,5,1,val,current_repo_v1
8487,339.48,-0.5617879855817093,,5,1,val,current_repo_v1
8488,339.52,-0.57514751131918,,5,1,val,current_repo_v1
8489,339.56,-0.573041481274008,,5,1,val,current_repo_v1
8490,339.6,-0.5601439553651444,,5,1,val,current_repo_v1
8491,339.64,-0.6323857664601302,,5,1,val,current_repo_v1
8492,339.68,-0.5960260648279601,,5,1,val,current_repo_v1
8493,339.72,-0.5189609820702814,,5,1,val,current_repo_v1
8494,339.76,-0.5400196864556253,,5,1,val,current_repo_v1
8495,339.8,-0.7099854086793435,,5,1,val,current_repo_v1
8496,339.84,-0.7540298015876686,,5,1,val,current_repo_v1
8497,339.88,-1.047758071041651,,5,1,val,current_repo_v1
8498,339.92,-1.1048512478415249,,5,1,val,current_repo_v1
8499,339.96,-0.9822328346539896,,5,1,val,current_repo_v1
8500,340.0,-0.6159555317900818,,5,1,val,current_repo_v1
8501,340.04,-0.20651566269044244,,5,1,val,current_repo_v1
8502,340.08,-0.1733460680331887,,5,1,val,current_repo_v1
8503,340.12,0.04776279273801258,,5,1,val,current_repo_v1
8504,340.16,-0.13977567655412051,,5,1,val,current_repo_v1
8505,340.2,-0.28554783586904625,,5,1,val,current_repo_v1
8506,340.24,-0.34709970593909395,,5,1,val,current_repo_v1
8507,340.28,-0.5442473798114955,,5,1,val,current_repo_v1
8508,340.32,-0.8653709008616057,,5,1,val,current_repo_v1
8509,340.36,-1.081248454578038,,5,1,val,current_repo_v1
8510,340.4,-1.184949552434341,,5,1,val,current_repo_v1
8511,340.44,-1.2734606001193203,,5,1,val,current_repo_v1
8512,340.48,-1.287017424215699,,5,1,val,current_repo_v1
8513,340.52,-1.310085085070747,,5,1,val,current_repo_v1
8514,340.56,-1.8280414456694505,,5,1,val,current_repo_v1
8515,340.6,-1.2547916163462407,,5,1,val,current_repo_v1
8516,340.64,-0.9464520549436437,,5,1,val,current_repo_v1
8517,340.68,-0.9576454730605686,,5,1,val,current_repo_v1
8518,340.72,-0.9002525631802875,,5,1,val,current_repo_v1
8519,340.76,-0.662214732805802,,5,1,val,current_repo_v1
8520,340.8,-0.49610825815383247,,5,1,val,current_repo_v1
8521,340.84,-0.5302435752803532,,5,1,val,current_repo_v1
8522,340.88,-0.7919432533742276,,5,1,val,current_repo_v1
8523,340.92,-0.7806857470536,,5,1,val,current_repo_v1
8524,340.96,-1.0053568080047557,,5,1,val,current_repo_v1
8525,341.0,-0.9552018545145392,,5,1,val,current_repo_v1
8526,341.04,-0.90190641534378,,5,1,val,current_repo_v1
8527,341.08,-0.8232111758695717,,5,1,val,current_repo_v1
8528,341.12,-0.4931151426019827,,5,1,val,current_repo_v1
8529,341.16,-0.4062313050494547,,5,1,val,current_repo_v1
8530,341.2,-0.22438172276458013,,5,1,val,current_repo_v1
8531,341.24,-0.2685271384895335,,5,1,val,current_repo_v1
8532,341.28,-0.5515194674671335,,5,1,val,current_repo_v1
8533,341.32,-0.6832231815626996,,5,1,val,current_repo_v1
8534,341.36,-0.7172646172465039,,5,1,val,current_repo_v1
8535,341.4,-0.6492246759719246,,5,1,val,current_repo_v1
8536,341.44,-0.3704107055292732,,5,1,val,current_repo_v1
8537,341.48,0.13315580709925412,,5,1,val,current_repo_v1
8538,341.52,0.5107166444431476,,5,1,val,current_repo_v1
8539,341.56,0.883462517854458,,5,1,val,current_repo_v1
8540,341.6,1.0003014519211195,,5,1,val,current_repo_v1
8541,341.64,1.021868073736957,,5,1,val,current_repo_v1
8542,341.68,1.0178023606558344,,5,1,val,current_repo_v1
8543,341.72,1.0836207821592847,,5,1,val,current_repo_v1
8544,341.76,0.9147872439428667,,5,1,val,current_repo_v1
8545,341.8,0.6573429243553754,,5,1,val,current_repo_v1
8546,341.84,0.2745585300867106,,5,1,val,current_repo_v1
8547,341.88,-0.22953343624005396,,5,1,val,current_repo_v1
8548,341.92,-0.5245401343986108,,5,1,val,current_repo_v1
8549,341.96,-0.6708390160799186,,5,1,val,current_repo_v1
8550,342.0,-0.735451752673227,,5,1,val,current_repo_v1
8551,342.04,-0.8069211494919147,,5,1,val,current_repo_v1
8552,342.08,-1.0304941986261225,,5,1,val,current_repo_v1
8553,342.12,-1.1617168828709092,,5,1,val,current_repo_v1
8554,342.16,-1.3506158401648385,,5,1,val,current_repo_v1
8555,342.2,-1.2961948877257339,,5,1,val,current_repo_v1
8556,342.24,-1.4217129033454123,,5,1,val,current_repo_v1
8557,342.28,-1.5020867135495477,,5,1,val,current_repo_v1
8558,342.32,-1.6060001291586021,,5,1,val,current_repo_v1
8559,342.36,-1.535600669758561,,5,1,val,current_repo_v1
8560,342.4,-1.462556160050917,,5,1,val,current_repo_v1
8561,342.44,-1.4487581253079078,,5,1,val,current_repo_v1
8562,342.48,-1.6062867663097726,,5,1,val,current_repo_v1
8563,342.52,-1.342606942790515,,5,1,val,current_repo_v1
8564,342.56,-1.2942239503755952,,5,1,val,current_repo_v1
8565,342.6,-1.373113091452066,,5,1,val,current_repo_v1
8566,342.64,-1.4670384055313277,,5,1,val,current_repo_v1
8567,342.68,-1.4207172853251846,,5,1,val,current_repo_v1
8568,342.72,-1.6403031151041327,,5,1,val,current_repo_v1
8569,342.76,-1.6193759838828399,,5,1,val,current_repo_v1
8570,342.8,-1.60375925196707,,5,1,val,current_repo_v1
8571,342.84,-1.6314913554180355,,5,1,val,current_repo_v1
8572,342.88,-1.5671301015908525,,5,1,val,current_repo_v1
8573,342.92,-1.564297615796048,,5,1,val,current_repo_v1
8574,342.96,-1.8778758762915964,,5,1,val,current_repo_v1
8575,343.0,-1.9107199757201472,,5,1,val,current_repo_v1
8576,343.04,-1.8236349928794977,,5,1,val,current_repo_v1
8577,343.08,-1.7204488924404322,,5,1,val,current_repo_v1
8578,343.12,-1.4794314107663435,,5,1,val,current_repo_v1
8579,343.16,-1.3915431563661318,,5,1,val,current_repo_v1
8580,343.2,-1.5001043172613269,,5,1,val,current_repo_v1
8581,343.24,-1.4100344447493796,,5,1,val,current_repo_v1
8582,343.28,-1.4255906079924292,,5,1,val,current_repo_v1
8583,343.32,-1.6796658770094168,,5,1,val,current_repo_v1
8584,343.36,-1.8071793029969951,,5,1,val,current_repo_v1
8585,343.4,-1.8263101638243453,,5,1,val,current_repo_v1
8586,343.44,-1.3248823392145241,,5,1,val,current_repo_v1
8587,343.48,-0.8998601764005298,,5,1,val,current_repo_v1
8588,343.52,-0.8498419935212801,,5,1,val,current_repo_v1
8589,343.56,-0.7591640606449566,,5,1,val,current_repo_v1
8590,343.6,-0.9243276283918763,,5,1,val,current_repo_v1
8591,343.64,-1.1712037377091635,,5,1,val,current_repo_v1
8592,343.68,-1.146896956399641,,5,1,val,current_repo_v1
8593,343.72,-1.1302226463484415,,5,1,val,current_repo_v1
8594,343.76,-1.0450447582029012,,5,1,val,current_repo_v1
8595,343.8,-1.1067251116161956,,5,1,val,current_repo_v1
8596,343.84,-0.9210484077109814,,5,1,val,current_repo_v1
8597,343.88,-0.7598368640094971,,5,1,val,current_repo_v1
8598,343.92,-0.8146367799008917,,5,1,val,current_repo_v1
8599,343.96,-0.8664637561564168,,5,1,val,current_repo_v1
8600,344.0,-0.8273535001367297,,5,1,val,current_repo_v1
8601,344.04,-0.7904503174412322,,5,1,val,current_repo_v1
8602,344.08,-0.8468700360801036,,5,1,val,current_repo_v1
8603,344.12,-0.9702972865971268,,5,1,val,current_repo_v1
8604,344.16,-0.8743255698754995,,5,1,val,current_repo_v1
8605,344.2,-0.7850497199230909,,5,1,val,current_repo_v1
8606,344.24,-0.6331812623117081,,5,1,val,current_repo_v1
8607,344.28,-0.6273984273589677,,5,1,val,current_repo_v1
8608,344.32,-0.8535679490882655,,5,1,val,current_repo_v1
8609,344.36,-0.8389035367766842,,5,1,val,current_repo_v1
8610,344.4,-0.8552135344464273,,5,1,val,current_repo_v1
8611,344.44,-0.8597134594313076,,5,1,val,current_repo_v1
8612,344.48,-1.1294262501517287,,5,1,val,current_repo_v1
8613,344.52,-1.26009636803228,,5,1,val,current_repo_v1
8614,344.56,-1.2208441848794893,,5,1,val,current_repo_v1
8615,344.6,-0.9227944224764779,,5,1,val,current_repo_v1
8616,344.64,-0.6453346938912483,,5,1,val,current_repo_v1
8617,344.68,-0.8126578212940956,,5,1,val,current_repo_v1
8618,344.72,-0.8787618159044659,,5,1,val,current_repo_v1
8619,344.76,-0.8693456790840903,,5,1,val,current_repo_v1
8620,344.8,-1.0139338231592832,,5,1,val,current_repo_v1
8621,344.84,-1.2788661086109254,,5,1,val,current_repo_v1
8622,344.88,-1.0693975389638681,,5,1,val,current_repo_v1
8623,344.92,-1.010814454664635,,5,1,val,current_repo_v1
8624,344.96,-0.8829017665344496,,5,1,val,current_repo_v1
8625,345.0,-0.8488187922000973,,5,1,val,current_repo_v1
8626,345.04,-0.5756916062541901,,5,1,val,current_repo_v1
8627,345.08,-0.6006247003794627,,5,1,val,current_repo_v1
8628,345.12,-0.5797017434856142,,5,1,val,current_repo_v1
8629,345.16,-0.6889771645463403,,5,1,val,current_repo_v1
8630,345.2,-0.9692778503555995,,5,1,val,current_repo_v1
8631,345.24,-1.1087880478692227,,5,1,val,current_repo_v1
8632,345.28,-1.127288339703821,,5,1,val,current_repo_v1
8633,345.32,-0.8713040116023385,,5,1,val,current_repo_v1
8634,345.36,-0.8082884463537946,,5,1,val,current_repo_v1
8635,345.4,-0.7492633744428193,,5,1,val,current_repo_v1
8636,345.44,-0.7237802512896012,,5,1,val,current_repo_v1
8637,345.48,-0.5039721590366373,,5,1,val,current_repo_v1
8638,345.52,-0.6974800240015643,,5,1,val,current_repo_v1
8639,345.56,-0.6512373156717266,,5,1,val,current_repo_v1
8640,345.6,-0.9955150534841842,,5,1,val,current_repo_v1
8641,345.64,-0.9705768846863324,,5,1,val,current_repo_v1
8642,345.68,-0.9746184521479248,,5,1,val,current_repo_v1
8643,345.72,-0.8989378955840281,,5,1,val,current_repo_v1
8644,345.76,-0.8214870967855469,,5,1,val,current_repo_v1
8645,345.8,-0.6902435409035389,,5,1,val,current_repo_v1
8646,345.84,-0.7896472914303431,,5,1,val,current_repo_v1
8647,345.88,-0.9126007148576673,,5,1,val,current_repo_v1
8648,345.92,-0.8110850820423134,,5,1,val,current_repo_v1
8649,345.96,-0.952171292790028,,5,1,val,current_repo_v1
8650,346.0,-1.0033767035041514,,5,1,val,current_repo_v1
8651,346.04,-1.0975785872389827,,5,1,val,current_repo_v1
8652,346.08,-0.9639196509083623,,5,1,val,current_repo_v1
8653,346.12,-0.9978964663663388,,5,1,val,current_repo_v1
8654,346.16,-0.8952725086897629,,5,1,val,current_repo_v1
8655,346.2,-0.9326820127493782,,5,1,val,current_repo_v1
8656,346.24,-1.131067088235542,,5,1,val,current_repo_v1
8657,346.28,-0.9022724465659486,,5,1,val,current_repo_v1
8658,346.32,-0.8871404277310557,,5,1,val,current_repo_v1
8659,346.36,-0.9283665766676213,,5,1,val,current_repo_v1
8660,346.4,-1.226841301974367,,5,1,val,current_repo_v1
8661,346.44,-1.314978624578751,,5,1,val,current_repo_v1
8662,346.48,-1.0459238224529215,,5,1,val,current_repo_v1
8663,346.52,-0.7646060740393092,,5,1,val,current_repo_v1
8664,346.56,-0.8606478539823534,,5,1,val,current_repo_v1
8665,346.6,-0.8815538680177518,,5,1,val,current_repo_v1
8666,346.64,-1.0244635232125754,,5,1,val,current_repo_v1
8667,346.68,-0.9424379889334487,,5,1,val,current_repo_v1
8668,346.72,-0.8626095423324684,,5,1,val,current_repo_v1
8669,346.76,-1.070268172709442,,5,1,val,current_repo_v1
8670,346.8,-1.2190615015121296,,5,1,val,current_repo_v1
8671,346.84,-0.889661066710909,,5,1,val,current_repo_v1
8672,346.88,-0.8654668285432653,,5,1,val,current_repo_v1
8673,346.92,-0.9887634471661514,,5,1,val,current_repo_v1
8674,346.96,-1.1222372397971867,,5,1,val,current_repo_v1
8675,347.0,-1.0897719401218102,,5,1,val,current_repo_v1
8676,347.04,-1.1570905821688937,,5,1,val,current_repo_v1
8677,347.08,-1.162678287776006,,5,1,val,current_repo_v1
8678,347.12,-1.0631101014877222,,5,1,val,current_repo_v1
8679,347.16,-1.0877928178158986,,5,1,val,current_repo_v1
8680,347.2,-1.0080278046221591,,5,1,val,current_repo_v1
8681,347.24,-1.0327136312335292,,5,1,val,current_repo_v1
8682,347.28,-1.1238880635270432,,5,1,val,current_repo_v1
8683,347.32,-1.0671647648785512,,5,1,val,current_repo_v1
8684,347.36,-1.0915423460555103,,5,1,val,current_repo_v1
8685,347.4,-0.991650526615962,,5,1,val,current_repo_v1
8686,347.44,-1.0098903731578632,,5,1,val,current_repo_v1
8687,347.48,-0.9860310633804505,,5,1,val,current_repo_v1
8688,347.52,-0.8394930172914558,,5,1,val,current_repo_v1
8689,347.56,-0.8048447899114199,,5,1,val,current_repo_v1
8690,347.6,-0.8545441687633113,,5,1,val,current_repo_v1
8691,347.64,-0.9180267675882626,,5,1,val,current_repo_v1
8692,347.68,-1.067652588242622,,5,1,val,current_repo_v1
8693,347.72,-1.0056546585453352,,5,1,val,current_repo_v1
8694,347.76,-0.9606112917849154,,5,1,val,current_repo_v1
8695,347.8,-0.9503715028651029,,5,1,val,current_repo_v1
8696,347.84,-1.094307797062534,,5,1,val,current_repo_v1
8697,347.88,-1.0006898280725485,,5,1,val,current_repo_v1
8698,347.92,-0.9503413003783004,,5,1,val,current_repo_v1
8699,347.96,-0.9271597049388923,,5,1,val,current_repo_v1
8700,348.0,-0.9708954431650176,,5,1,val,current_repo_v1
8701,348.04,-0.8893632161703295,,5,1,val,current_repo_v1
8702,348.08,-1.0448073944854843,,5,1,val,current_repo_v1
8703,348.12,-0.9460000816858586,,5,1,val,current_repo_v1
8704,348.16,-0.9275747640461413,,5,1,val,current_repo_v1
8705,348.2,-0.8664466495988512,,5,1,val,current_repo_v1
8706,348.24,-0.7310782034054818,,5,1,val,current_repo_v1
8707,348.28,-0.7760789265463244,,5,1,val,current_repo_v1
8708,348.32,-0.8062251827025365,,5,1,val,current_repo_v1
8709,348.36,-0.8404025295769516,,5,1,val,current_repo_v1
8710,348.4,-0.9382775759140324,,5,1,val,current_repo_v1
8711,348.44,-0.8598508848387363,,5,1,val,current_repo_v1
8712,348.48,-0.9527010231276566,,5,1,val,current_repo_v1
8713,348.52,-0.8437203832490952,,5,1,val,current_repo_v1
8714,348.56,-0.8840962789799613,,5,1,val,current_repo_v1
8715,348.6,-0.9271465271600978,,5,1,val,current_repo_v1
8716,348.64,-0.8763673889426322,,5,1,val,current_repo_v1
8717,348.68,-0.9130047242746226,,5,1,val,current_repo_v1
8718,348.72,-0.8580632086483553,,5,1,val,current_repo_v1
8719,348.76,-0.8309498878538285,,5,1,val,current_repo_v1
8720,348.8,-0.8891671864795662,,5,1,val,current_repo_v1
8721,348.84,-0.8406266336660163,,5,1,val,current_repo_v1
8722,348.88,-0.822064872813563,,5,1,val,current_repo_v1
8723,348.92,-0.89624651842675,,5,1,val,current_repo_v1
8724,348.96,-0.7515906847673144,,5,1,val,current_repo_v1
8725,349.0,-0.7923026547822201,,5,1,val,current_repo_v1
8726,349.04,-0.7744292487102761,,5,1,val,current_repo_v1
8727,349.08,-0.7883429368783578,,5,1,val,current_repo_v1
8728,349.12,-0.7325052504445045,,5,1,val,current_repo_v1
8729,349.16,-0.6971860203901982,,5,1,val,current_repo_v1
8730,349.2,-0.6230468137726941,,5,1,val,current_repo_v1
8731,349.24,-0.7307062790151566,,5,1,val,current_repo_v1
8732,349.28,-0.6837298303250483,,5,1,val,current_repo_v1
8733,349.32,-0.6763190076690581,,5,1,val,current_repo_v1
8734,349.36,-0.7569605068517492,,5,1,val,current_repo_v1
8735,349.4,-0.8335270848780733,,5,1,val,current_repo_v1
8736,349.44,-0.6379816570230153,,5,1,val,current_repo_v1
8737,349.48,-0.7079854965857685,,5,1,val,current_repo_v1
8738,349.52,-0.8134162392960218,,5,1,val,current_repo_v1
8739,349.56,-0.8147227219365082,,5,1,val,current_repo_v1
8740,349.6,-0.6627942685993093,,5,1,val,current_repo_v1
8741,349.64,-0.6107726540955022,,5,1,val,current_repo_v1
8742,349.68,-0.5284047840411696,,5,1,val,current_repo_v1
8743,349.72,-0.43652493133435977,,5,1,val,current_repo_v1
8744,349.76,-0.5366032859159747,,5,1,val,current_repo_v1
8745,349.8,-0.48228390877801314,,5,1,val,current_repo_v1
8746,349.84,-0.3948935043126941,,5,1,val,current_repo_v1
8747,349.88,-0.46918937098369334,,5,1,val,current_repo_v1
8748,349.92,-0.5634623001346344,,5,1,val,current_repo_v1
8749,349.96,-0.5417888646459593,,5,1,val,current_repo_v1
8750,350.0,-0.5930267696345016,,5,1,val,current_repo_v1
8751,350.04,-0.5712647729243627,,5,1,val,current_repo_v1
8752,350.08,-0.7511211138546173,,5,1,val,current_repo_v1
8753,350.12,-0.6816711502490231,,5,1,val,current_repo_v1
8754,350.16,-0.7448295020510272,,5,1,val,current_repo_v1
8755,350.2,-0.6218149779288575,,5,1,val,current_repo_v1
8756,350.24,-0.6996848055381375,,5,1,val,current_repo_v1
8757,350.28,-0.6412004727303057,,5,1,val,current_repo_v1
8758,350.32,-0.641728156828991,,5,1,val,current_repo_v1
8759,350.36,-0.7887246832156105,,5,1,val,current_repo_v1
8760,350.4,-0.5869093336897608,,5,1,val,current_repo_v1
8761,350.44,-0.5480928766575456,,5,1,val,current_repo_v1
8762,350.48,-0.49442514477345145,,5,1,val,current_repo_v1
8763,350.52,-0.3786888879485284,,5,1,val,current_repo_v1
8764,350.56,-0.42894721743015796,,5,1,val,current_repo_v1
8765,350.6,-0.3281469292869749,,5,1,val,current_repo_v1
8766,350.64,-0.2770933290400512,,5,1,val,current_repo_v1
8767,350.68,-0.35338206874266065,,5,1,val,current_repo_v1
8768,350.72,-0.42518557545600233,,5,1,val,current_repo_v1
8769,350.76,-0.42935065390020916,,5,1,val,current_repo_v1
8770,350.8,-0.38604998699819776,,5,1,val,current_repo_v1
8771,350.84,-0.392628358727295,,5,1,val,current_repo_v1
8772,350.88,-0.4159183229811377,,5,1,val,current_repo_v1
8773,350.92,-0.5733210793632137,,5,1,val,current_repo_v1
8774,350.96,-0.5217114136834617,,5,1,val,current_repo_v1
8775,351.0,-0.4805473067116556,,5,1,val,current_repo_v1
8776,351.04,-0.3540290485717375,,5,1,val,current_repo_v1
8777,351.08,-0.46731026883732785,,5,1,val,current_repo_v1
8778,351.12,-0.4510903875306455,,5,1,val,current_repo_v1
8779,351.16,-0.4720407640263336,,5,1,val,current_repo_v1
8780,351.2,-0.4283653489242554,,5,1,val,current_repo_v1
8781,351.24,-0.27917701415596285,,5,1,val,current_repo_v1
8782,351.28,-0.32547638284213914,,5,1,val,current_repo_v1
8783,351.32,-0.44970062296516883,,5,1,val,current_repo_v1
8784,351.36,-0.3780804592611424,,5,1,val,current_repo_v1
8785,351.4,-0.2765254158837415,,5,1,val,current_repo_v1
8786,351.44,-0.24597349285703002,,5,1,val,current_repo_v1
8787,351.48,-0.37218790497626486,,5,1,val,current_repo_v1
8788,351.52,-0.44461780635491427,,5,1,val,current_repo_v1
8789,351.56,-0.4313022747547235,,5,1,val,current_repo_v1
8790,351.6,-0.41469635000900756,,5,1,val,current_repo_v1
8791,351.64,-0.3360764735150792,,5,1,val,current_repo_v1
8792,351.68,-0.4131642490626384,,5,1,val,current_repo_v1
8793,351.72,-0.4568440840408341,,5,1,val,current_repo_v1
8794,351.76,-0.45044962826795615,,5,1,val,current_repo_v1
8795,351.8,-0.3781406596108528,,5,1,val,current_repo_v1
8796,351.84,-0.2979907284094986,,5,1,val,current_repo_v1
8797,351.88,-0.2565507884281423,,5,1,val,current_repo_v1
8798,351.92,-0.3046589095658151,,5,1,val,current_repo_v1
8799,351.96,-0.37633833234963804,,5,1,val,current_repo_v1
8800,352.0,-0.34916321513902515,,5,1,val,current_repo_v1
8801,352.04,-0.3276086047457847,,5,1,val,current_repo_v1
8802,352.08,-0.2383470989283683,,5,1,val,current_repo_v1
8803,352.12,-0.14490328533484287,,5,1,val,current_repo_v1
8804,352.16,-0.23388427225552907,,5,1,val,current_repo_v1
8805,352.2,-0.39398370555374623,,5,1,val,current_repo_v1
8806,352.24,-0.3852254754784045,,5,1,val,current_repo_v1
8807,352.28,-0.23728037410486255,,5,1,val,current_repo_v1
8808,352.32,-0.40877711276831,,5,1,val,current_repo_v1
8809,352.36,-0.30801991841727183,,5,1,val,current_repo_v1
8810,352.4,-0.33151587754553147,,5,1,val,current_repo_v1
8811,352.44,-0.4030574656741371,,5,1,val,current_repo_v1
8812,352.48,-0.33460017350469246,,5,1,val,current_repo_v1
8813,352.52,-0.29482816381075827,,5,1,val,current_repo_v1
8814,352.56,-0.28149945443177293,,5,1,val,current_repo_v1
8815,352.6,-0.23510996938253595,,5,1,val,current_repo_v1
8816,352.64,-0.3868455646993334,,5,1,val,current_repo_v1
8817,352.68,-0.41134154126154887,,5,1,val,current_repo_v1
8818,352.72,-0.3981726431440314,,5,1,val,current_repo_v1
8819,352.76,-0.4035594490116952,,5,1,val,current_repo_v1
8820,352.8,-0.3915335799678773,,5,1,val,current_repo_v1
8821,352.84,-0.34961964919770655,,5,1,val,current_repo_v1
8822,352.88,-0.3506683466561223,,5,1,val,current_repo_v1
8823,352.92,-0.38898871351893594,,5,1,val,current_repo_v1
8824,352.96,-0.3874580040150482,,5,1,val,current_repo_v1
8825,353.0,-0.3640862720530333,,5,1,val,current_repo_v1
8826,353.04,-0.33266516811039737,,5,1,val,current_repo_v1
8827,353.08,-0.3871225026779129,,5,1,val,current_repo_v1
8828,353.12,-0.3789446678164347,,5,1,val,current_repo_v1
8829,353.16,-0.39710098688467244,,5,1,val,current_repo_v1
8830,353.2,-0.484747375841792,,5,1,val,current_repo_v1
8831,353.24,-0.4894309303094396,,5,1,val,current_repo_v1
8832,353.28,-0.49624228680461535,,5,1,val,current_repo_v1
8833,353.32,-0.29570622540369634,,5,1,val,current_repo_v1
8834,353.36,-0.3249498650996514,,5,1,val,current_repo_v1
8835,353.4,-0.16665365940778407,,5,1,val,current_repo_v1
8836,353.44,-0.11355858795434792,,5,1,val,current_repo_v1
8837,353.48,-0.24098210220275984,,5,1,val,current_repo_v1
8838,353.52,-0.3574450807883782,,5,1,val,current_repo_v1
8839,353.56,-0.3848109893180598,,5,1,val,current_repo_v1
8840,353.6,-0.47442397759875826,,5,1,val,current_repo_v1
8841,353.64,-0.4262427034188642,,5,1,val,current_repo_v1
8842,353.68,-0.5388047934702387,,5,1,val,current_repo_v1
8843,353.72,-0.5563893524529535,,5,1,val,current_repo_v1
8844,353.76,-0.5456959532842012,,5,1,val,current_repo_v1
8845,353.8,-0.5716987802042262,,5,1,val,current_repo_v1
8846,353.84,-0.5063023340956528,,5,1,val,current_repo_v1
8847,353.88,-0.4509541489418039,,5,1,val,current_repo_v1
8848,353.92,-0.32686270972619114,,5,1,val,current_repo_v1
8849,353.96,-0.23728180647212282,,5,1,val,current_repo_v1
8850,354.0,-0.2521344523040937,,5,1,val,current_repo_v1
8851,354.04,-0.2612811199180326,,5,1,val,current_repo_v1
8852,354.08,-0.40693946742293474,,5,1,val,current_repo_v1
8853,354.12,-0.20423611158288288,,5,1,val,current_repo_v1
8854,354.16,-0.3381085729472315,,5,1,val,current_repo_v1
8855,354.2,-0.4057124607030042,,5,1,val,current_repo_v1
8856,354.24,-0.4301842097961316,,5,1,val,current_repo_v1
8857,354.28,-0.3588632062256083,,5,1,val,current_repo_v1
8858,354.32,-0.2315137453645526,,5,1,val,current_repo_v1
8859,354.36,-0.29284740451369207,,5,1,val,current_repo_v1
8860,354.4,-0.41408264202514794,,5,1,val,current_repo_v1
8861,354.44,-0.39282430656850065,,5,1,val,current_repo_v1
8862,354.48,-0.3323438881339177,,5,1,val,current_repo_v1
8863,354.52,-0.29360426737402145,,5,1,val,current_repo_v1
8864,354.56,-0.22725316894886424,,5,1,val,current_repo_v1
8865,354.6,-0.22995133961943393,,5,1,val,current_repo_v1
8866,354.64,-0.30564376436920143,,5,1,val,current_repo_v1
8867,354.68,-0.20389269130103718,,5,1,val,current_repo_v1
8868,354.72,-0.2855046602273437,,5,1,val,current_repo_v1
8869,354.76,-0.34005276595438183,,5,1,val,current_repo_v1
8870,354.8,-0.34156679861088207,,5,1,val,current_repo_v1
8871,354.84,-0.2804575300242594,,5,1,val,current_repo_v1
8872,354.88,-0.19652661989073575,,5,1,val,current_repo_v1
8873,354.92,-0.2749888541364761,,5,1,val,current_repo_v1
8874,354.96,-0.40683928356427324,,5,1,val,current_repo_v1
8875,355.0,-0.3768180526074936,,5,1,val,current_repo_v1
8876,355.04,-0.4250382462520883,,5,1,val,current_repo_v1
8877,355.08,-0.3521853463590902,,5,1,val,current_repo_v1
8878,355.12,-0.25982286773512536,,5,1,val,current_repo_v1
8879,355.16,-0.2650012027792508,,5,1,val,current_repo_v1
8880,355.2,-0.24537658449489452,,5,1,val,current_repo_v1
8881,355.24,-0.3170425430264709,,5,1,val,current_repo_v1
8882,355.28,-0.23958840885851215,,5,1,val,current_repo_v1
8883,355.32,-0.30238484237862345,,5,1,val,current_repo_v1
8884,355.36,-0.4010433936070748,,5,1,val,current_repo_v1
8885,355.4,-0.4375899987043215,,5,1,val,current_repo_v1
8886,355.44,-0.19956059883428223,,5,1,val,current_repo_v1
8887,355.48,-0.2934387675682914,,5,1,val,current_repo_v1
8888,355.52,-0.18646421942491354,,5,1,val,current_repo_v1
8889,355.56,-0.10794671626531599,,5,1,val,current_repo_v1
8890,355.6,-0.09120997546395808,,5,1,val,current_repo_v1
8891,355.64,-0.17929755399963185,,5,1,val,current_repo_v1
8892,355.68,-0.20272541429586013,,5,1,val,current_repo_v1
8893,355.72,-0.025220501173845434,,5,1,val,current_repo_v1
8894,355.76,-0.053885328933319376,,5,1,val,current_repo_v1
8895,355.8,-0.20725304535603206,,5,1,val,current_repo_v1
8896,355.84,-0.17179911139209156,,5,1,val,current_repo_v1
8897,355.88,-0.17514688107758544,,5,1,val,current_repo_v1
8898,355.92,-0.264427887552131,,5,1,val,current_repo_v1
8899,355.96,-0.341649875911978,,5,1,val,current_repo_v1
8900,356.0,-0.43485937468411184,,5,1,val,current_repo_v1
8901,356.04,-0.2887292258660645,,5,1,val,current_repo_v1
8902,356.08,-0.35602441801485846,,5,1,val,current_repo_v1
8903,356.12,-0.31672660373363304,,5,1,val,current_repo_v1
8904,356.16,-0.3245070180675532,,5,1,val,current_repo_v1
8905,356.2,-0.2761519772765984,,5,1,val,current_repo_v1
8906,356.24,-0.29833069054753014,,5,1,val,current_repo_v1
8907,356.28,-0.12996600706017916,,5,1,val,current_repo_v1
8908,356.32,-0.13290845773579404,,5,1,val,current_repo_v1
8909,356.36,-0.17367375273756078,,5,1,val,current_repo_v1
8910,356.4,-0.21127519401005293,,5,1,val,current_repo_v1
8911,356.44,-0.21280647646084477,,5,1,val,current_repo_v1
8912,356.48,-0.4140832558968309,,5,1,val,current_repo_v1
8913,356.52,-0.26927325859541085,,5,1,val,current_repo_v1
8914,356.56,-0.18941909077091398,,5,1,val,current_repo_v1
8915,356.6,-0.23305165762952057,,5,1,val,current_repo_v1
8916,356.64,-0.2595859951150547,,5,1,val,current_repo_v1
8917,356.68,-0.3384540599304099,,5,1,val,current_repo_v1
8918,356.72,-0.21717464412016924,,5,1,val,current_repo_v1
8919,356.76,-0.2413396824580928,,5,1,val,current_repo_v1
8920,356.8,-0.27773863095319457,,5,1,val,current_repo_v1
8921,356.84,-0.20915232341837803,,5,1,val,current_repo_v1
8922,356.88,-0.27605273468785074,,5,1,val,current_repo_v1
8923,356.92,-0.24588036852272271,,5,1,val,current_repo_v1
8924,356.96,-0.27233676476690843,,5,1,val,current_repo_v1
8925,357.0,-0.2101934497927037,,5,1,val,current_repo_v1
8926,357.04,-0.2726793051660085,,5,1,val,current_repo_v1
8927,357.08,-0.2881588981478018,,5,1,val,current_repo_v1
8928,357.12,-0.1734215742501946,,5,1,val,current_repo_v1
8929,357.16,-0.16395904919297563,,5,1,val,current_repo_v1
8930,357.2,-0.13408885113259736,,5,1,val,current_repo_v1
8931,357.24,-0.22117276992899632,,5,1,val,current_repo_v1
8932,357.28,-0.1510030826998928,,5,1,val,current_repo_v1
8933,357.32,-0.2541363287870542,,5,1,val,current_repo_v1
8934,357.36,-0.277894779446954,,5,1,val,current_repo_v1
8935,357.4,-0.23783420913724262,,5,1,val,current_repo_v1
8936,357.44,-0.2528461342085561,,5,1,val,current_repo_v1
8937,357.48,-0.15505056379203108,,5,1,val,current_repo_v1
8938,357.52,0.045040691303001576,,5,1,val,current_repo_v1
8939,357.56,0.32712172265162776,,5,1,val,current_repo_v1
8940,357.6,0.4050287304225066,,5,1,val,current_repo_v1
8941,357.64,0.6144943944102645,,5,1,val,current_repo_v1
8942,357.68,0.5450178296984081,,5,1,val,current_repo_v1
8943,357.72,0.6666605961578017,,5,1,val,current_repo_v1
8944,357.76,0.8478970024809419,,5,1,val,current_repo_v1
8945,357.8,0.8943945084839932,,5,1,val,current_repo_v1
8946,357.84,0.9782352204048983,,5,1,val,current_repo_v1
8947,357.88,0.9515214073016517,,5,1,val,current_repo_v1
8948,357.92,0.9137284380640713,,5,1,val,current_repo_v1
8949,357.96,0.9015147652100419,,5,1,val,current_repo_v1
8950,358.0,1.0894901320945458,,5,1,val,current_repo_v1
8951,358.04,1.2768803564908378,,5,1,val,current_repo_v1
8952,358.08,1.1229421281883574,,5,1,val,current_repo_v1
8953,358.12,1.2343027895065921,,5,1,val,current_repo_v1
8954,358.16,1.307973366481313,,5,1,val,current_repo_v1
8955,358.2,1.1456134734848766,,5,1,val,current_repo_v1
8956,358.24,1.070821803117928,,5,1,val,current_repo_v1
8957,358.28,1.1566238759907173,,5,1,val,current_repo_v1
8958,358.32,1.142181357830142,,5,1,val,current_repo_v1
8959,358.36,1.0020737403946474,,5,1,val,current_repo_v1
8960,358.4,0.9479891896378132,,5,1,val,current_repo_v1
8961,358.44,0.7481390070682823,,5,1,val,current_repo_v1
8962,358.48,0.6070700256524699,,5,1,val,current_repo_v1
8963,358.52,0.5260942938007882,,5,1,val,current_repo_v1
8964,358.56,0.4329541216040516,,5,1,val,current_repo_v1
8965,358.6,0.31266547422774327,,5,1,val,current_repo_v1
8966,358.64,0.2925442951390284,,5,1,val,current_repo_v1
8967,358.68,0.4266012454065005,,5,1,val,current_repo_v1
8968,358.72,0.4771076608976097,,5,1,val,current_repo_v1
8969,358.76,0.34139779973655904,,5,1,val,current_repo_v1
8970,358.8,0.36437020816879867,,5,1,val,current_repo_v1
8971,358.84,0.3882168312647631,,5,1,val,current_repo_v1
8972,358.88,0.3766216545937205,,5,1,val,current_repo_v1
8973,358.92,0.562552624150023,,5,1,val,current_repo_v1
8974,358.96,0.6426668894065964,,5,1,val,current_repo_v1
8975,359.0,0.6897991796546227,,5,1,val,current_repo_v1
8976,359.04,0.721613366098257,,5,1,val,current_repo_v1
8977,359.08,0.9006935685973367,,5,1,val,current_repo_v1
8978,359.12,0.8134005241809377,,5,1,val,current_repo_v1
8979,359.16,0.8349417726338787,,5,1,val,current_repo_v1
8980,359.2,0.9611147484145127,,5,1,val,current_repo_v1
8981,359.24,0.970194156154387,,5,1,val,current_repo_v1
8982,359.28,0.8690962016321293,,5,1,val,current_repo_v1
8983,359.32,0.8292612496283007,,5,1,val,current_repo_v1
8984,359.36,0.8920128500531653,,5,1,val,current_repo_v1
8985,359.4,0.8971895071813574,,5,1,val,current_repo_v1
8986,359.44,0.8424125091661273,,5,1,val,current_repo_v1
8987,359.48,0.996319389087997,,5,1,val,current_repo_v1
8988,359.52,0.8672131707069928,,5,1,val,current_repo_v1
8989,359.56,0.8709221834155281,,5,1,val,current_repo_v1
8990,359.6,0.9096650986201229,,5,1,val,current_repo_v1
8991,359.64,0.9724340511512263,,5,1,val,current_repo_v1
8992,359.68,0.932480171740016,,5,1,val,current_repo_v1
8993,359.72,0.9383473935867761,,5,1,val,current_repo_v1
8994,359.76,0.8440561301349037,,5,1,val,current_repo_v1
8995,359.8,0.9546335730352198,,5,1,val,current_repo_v1
8996,359.84,0.9615041067606344,,5,1,val,current_repo_v1
8997,359.88,0.9429312143683297,,5,1,val,current_repo_v1
8998,359.92,0.9302917601149888,,5,1,val,current_repo_v1
8999,359.96,1.093694825724694,,5,1,val,current_repo_v1
9000,360.0,1.0742792921355588,,5,1,val,current_repo_v1
9001,360.04,1.0783426315795075,,5,1,val,current_repo_v1
9002,360.08,1.1153033545140891,,5,1,val,current_repo_v1
9003,360.12,1.246200768616457,,5,1,val,current_repo_v1
9004,360.16,1.115993346285753,,5,1,val,current_repo_v1
9005,360.2,1.1065245801997572,,5,1,val,current_repo_v1
9006,360.24,1.1195812216488479,,5,1,val,current_repo_v1
9007,360.28,1.1724535804557006,,5,1,val,current_repo_v1
9008,360.32,1.2238110676480864,,5,1,val,current_repo_v1
9009,360.36,1.3257740082964349,,5,1,val,current_repo_v1
9010,360.4,1.0668137939750049,,5,1,val,current_repo_v1
9011,360.44,1.021219334142389,,5,1,val,current_repo_v1
9012,360.48,0.9626737369405961,,5,1,val,current_repo_v1
9013,360.52,0.772999909883637,,5,1,val,current_repo_v1
9014,360.56,0.9201496177175481,,5,1,val,current_repo_v1
9015,360.6,0.9219613576779019,,5,1,val,current_repo_v1
9016,360.64,1.0331456331992284,,5,1,val,current_repo_v1
9017,360.68,0.9684496146809296,,5,1,val,current_repo_v1
9018,360.72,1.1074812378305054,,5,1,val,current_repo_v1
9019,360.76,1.1690064044823436,,5,1,val,current_repo_v1
9020,360.8,1.2114403254927733,,5,1,val,current_repo_v1
9021,360.84,1.181700288691575,,5,1,val,current_repo_v1
9022,360.88,1.1782909272138893,,5,1,val,current_repo_v1
9023,360.92,1.1165345355614638,,5,1,val,current_repo_v1
9024,360.96,1.1389818586184761,,5,1,val,current_repo_v1
9025,361.0,1.2495968704657903,,5,1,val,current_repo_v1
9026,361.04,1.2839688555884872,,5,1,val,current_repo_v1
9027,361.08,1.3606610726859267,,5,1,val,current_repo_v1
9028,361.12,1.329415740668516,,5,1,val,current_repo_v1
9029,361.16,1.3227669373949922,,5,1,val,current_repo_v1
9030,361.2,1.363215106285334,,5,1,val,current_repo_v1
9031,361.24,1.2564680589876667,,5,1,val,current_repo_v1
9032,361.28,1.160345166132912,,5,1,val,current_repo_v1
9033,361.32,1.0461653604977827,,5,1,val,current_repo_v1
9034,361.36,0.8568519988930666,,5,1,val,current_repo_v1
9035,361.4,0.8023457592148073,,5,1,val,current_repo_v1
9036,361.44,0.8595464044839807,,5,1,val,current_repo_v1
9037,361.48,0.9679238949716297,,5,1,val,current_repo_v1
9038,361.52,1.225239342430475,,5,1,val,current_repo_v1
9039,361.56,1.2183124143597845,,5,1,val,current_repo_v1
9040,361.6,1.250207222617783,,5,1,val,current_repo_v1
9041,361.64,1.2920457699452843,,5,1,val,current_repo_v1
9042,361.68,1.1954172923724316,,5,1,val,current_repo_v1
9043,361.72,1.172570461624139,,5,1,val,current_repo_v1
9044,361.76,1.1879606339641124,,5,1,val,current_repo_v1
9045,361.8,1.130484728632293,,5,1,val,current_repo_v1
9046,361.84,1.3255323884020158,,5,1,val,current_repo_v1
9047,361.88,1.298081683730526,,5,1,val,current_repo_v1
9048,361.92,1.18797045591104,,5,1,val,current_repo_v1
9049,361.96,1.0910527220011692,,5,1,val,current_repo_v1
9050,362.0,1.1007166174327936,,5,1,val,current_repo_v1
9051,362.04,1.1614931061800755,,5,1,val,current_repo_v1
9052,362.08,1.2038185765265126,,5,1,val,current_repo_v1
9053,362.12,1.18979062637584,,5,1,val,current_repo_v1
9054,362.16,1.2101554511355275,,5,1,val,current_repo_v1
9055,362.2,1.2711920577772755,,5,1,val,current_repo_v1
9056,362.24,1.21150858802392,,5,1,val,current_repo_v1
9057,362.28,1.2180984596158784,,5,1,val,current_repo_v1
9058,362.32,1.2392939755369679,,5,1,val,current_repo_v1
9059,362.36,1.2034365846405868,,5,1,val,current_repo_v1
9060,362.4,1.2021594041417676,,5,1,val,current_repo_v1
9061,362.44,1.2418212443309973,,5,1,val,current_repo_v1
9062,362.48,1.1858078268966978,,5,1,val,current_repo_v1
9063,362.52,1.1099025114472745,,5,1,val,current_repo_v1
9064,362.56,1.0977848481244623,,5,1,val,current_repo_v1
9065,362.6,1.105074369735897,,5,1,val,current_repo_v1
9066,362.64,1.1705851187518401,,5,1,val,current_repo_v1
9067,362.68,1.0964479174485005,,5,1,val,current_repo_v1
9068,362.72,1.1818445076122954,,5,1,val,current_repo_v1
9069,362.76,1.2800471977289694,,5,1,val,current_repo_v1
9070,362.8,1.3166375514148227,,5,1,val,current_repo_v1
9071,362.84,1.197649902758633,,5,1,val,current_repo_v1
9072,362.88,1.0060914077853826,,5,1,val,current_repo_v1
9073,362.92,0.9832429400459356,,5,1,val,current_repo_v1
9074,362.96,1.0830597034410454,,5,1,val,current_repo_v1
9075,363.0,1.1399167442668683,,5,1,val,current_repo_v1
9076,363.04,1.1289057688141235,,5,1,val,current_repo_v1
9077,363.08,1.1988422052660859,,5,1,val,current_repo_v1
9078,363.12,1.2434850002909752,,5,1,val,current_repo_v1
9079,363.16,1.1240419406955755,,5,1,val,current_repo_v1
9080,363.2,1.142270164600279,,5,1,val,current_repo_v1
9081,363.24,1.2031209727459797,,5,1,val,current_repo_v1
9082,363.28,1.1314838661835032,,5,1,val,current_repo_v1
9083,363.32,1.1779546892307344,,5,1,val,current_repo_v1
9084,363.36,1.211768705918386,,5,1,val,current_repo_v1
9085,363.4,1.2046937938473197,,5,1,val,current_repo_v1
9086,363.44,1.2564817278638076,,5,1,val,current_repo_v1
9087,363.48,1.21176747817502,,5,1,val,current_repo_v1
9088,363.52,1.2140334831807753,,5,1,val,current_repo_v1
9089,363.56,1.2376105756831348,,5,1,val,current_repo_v1
9090,363.6,1.2246409403139111,,5,1,val,current_repo_v1
9091,363.64,1.1661889790061615,,5,1,val,current_repo_v1
9092,363.68,1.0765391584244843,,5,1,val,current_repo_v1
9093,363.72,1.0874490496734326,,5,1,val,current_repo_v1
9094,363.76,1.2390592310053983,,5,1,val,current_repo_v1
9095,363.8,1.2559527341721985,,5,1,val,current_repo_v1
9096,363.84,1.250940512805486,,5,1,val,current_repo_v1
9097,363.88,1.1356416600170722,,5,1,val,current_repo_v1
9098,363.92,1.1544902217198114,,5,1,val,current_repo_v1
9099,363.96,1.2818649127070374,,5,1,val,current_repo_v1
9100,364.0,1.2013898545999901,,5,1,val,current_repo_v1
9101,364.04,1.135005443404837,,5,1,val,current_repo_v1
9102,364.08,1.2835037864014653,,5,1,val,current_repo_v1
9103,364.12,1.3010887546319687,,5,1,val,current_repo_v1
9104,364.16,1.2428293034840001,,5,1,val,current_repo_v1
9105,364.2,1.3562423424623147,,5,1,val,current_repo_v1
9106,364.24,1.4079129042130176,,5,1,val,current_repo_v1
9107,364.28,1.3182728237287107,,5,1,val,current_repo_v1
9108,364.32,1.517401093199063,,5,1,val,current_repo_v1
9109,364.36,1.5143377916514598,,5,1,val,current_repo_v1
9110,364.4,1.4159701746759596,,5,1,val,current_repo_v1
9111,364.44,1.3171239833364123,,5,1,val,current_repo_v1
9112,364.48,1.3890989648731982,,5,1,val,current_repo_v1
9113,364.52,1.452234603422932,,5,1,val,current_repo_v1
9114,364.56,1.2800903324458932,,5,1,val,current_repo_v1
9115,364.6,1.2589610328170073,,5,1,val,current_repo_v1
9116,364.64,1.1607733211693978,,5,1,val,current_repo_v1
9117,364.68,1.187847354176214,,5,1,val,current_repo_v1
9118,364.72,1.2169509288165037,,5,1,val,current_repo_v1
9119,364.76,1.2183339407934677,,5,1,val,current_repo_v1
9120,364.8,1.113975836537266,,5,1,val,current_repo_v1
9121,364.84,1.1611963196837465,,5,1,val,current_repo_v1
9122,364.88,1.268604465859199,,5,1,val,current_repo_v1
9123,364.92,1.1875834712020925,,5,1,val,current_repo_v1
9124,364.96,1.1292704904433684,,5,1,val,current_repo_v1
9125,365.0,1.0730846978404895,,5,1,val,current_repo_v1
9126,365.04,1.2213773528985425,,5,1,val,current_repo_v1
9127,365.08,1.27626730330344,,5,1,val,current_repo_v1
9128,365.12,1.1933870140929388,,5,1,val,current_repo_v1
9129,365.16,1.2401847442737435,,5,1,val,current_repo_v1
9130,365.2,1.1879586695747268,,5,1,val,current_repo_v1
9131,365.24,1.2626300210918124,,5,1,val,current_repo_v1
9132,365.28,1.2108184325531406,,5,1,val,current_repo_v1
9133,365.32,1.3227301050940137,,5,1,val,current_repo_v1
9134,365.36,1.2968152255237697,,5,1,val,current_repo_v1
9135,365.4,1.3387728639577683,,5,1,val,current_repo_v1
9136,365.44,1.2752072696812786,,5,1,val,current_repo_v1
9137,365.48,1.2679468046628384,,5,1,val,current_repo_v1
9138,365.52,1.229542992175919,,5,1,val,current_repo_v1
9139,365.56,1.1779489597616934,,5,1,val,current_repo_v1
9140,365.6,1.120672849200293,,5,1,val,current_repo_v1
9141,365.64,1.1429822557525302,,5,1,val,current_repo_v1
9142,365.68,1.1004850650339753,,5,1,val,current_repo_v1
9143,365.72,1.0265973411825968,,5,1,val,current_repo_v1
9144,365.76,0.99118545742894,,5,1,val,current_repo_v1
9145,365.8,1.1340132630660338,,5,1,val,current_repo_v1
9146,365.84,1.1089833409139664,,5,1,val,current_repo_v1
9147,365.88,1.1153326566557564,,5,1,val,current_repo_v1
9148,365.92,1.1645546888869662,,5,1,val,current_repo_v1
9149,365.96,1.0565415107807736,,5,1,val,current_repo_v1
9150,366.0,1.0594818742926664,,5,1,val,current_repo_v1
9151,366.04,1.1357540394598356,,5,1,val,current_repo_v1
9152,366.08,1.2299844886903146,,5,1,val,current_repo_v1
9153,366.12,1.1415488244480045,,5,1,val,current_repo_v1
9154,366.16,1.0491588443726423,,5,1,val,current_repo_v1
9155,366.2,1.1068843090059806,,5,1,val,current_repo_v1
9156,366.24,1.0434079307474167,,5,1,val,current_repo_v1
9157,366.28,0.9523611837639616,,5,1,val,current_repo_v1
9158,366.32,1.1129573824904315,,5,1,val,current_repo_v1
9159,366.36,1.1326269771067605,,5,1,val,current_repo_v1
9160,366.4,1.0796946225740915,,5,1,val,current_repo_v1
9161,366.44,0.9487421237193716,,5,1,val,current_repo_v1
9162,366.48,1.1001088026170904,,5,1,val,current_repo_v1
9163,366.52,1.279819328560249,,5,1,val,current_repo_v1
9164,366.56,1.066041379698707,,5,1,val,current_repo_v1
9165,366.6,1.0189435890392637,,5,1,val,current_repo_v1
9166,366.64,1.080606754045435,,5,1,val,current_repo_v1
9167,366.68,1.1521022608730385,,5,1,val,current_repo_v1
9168,366.72,1.153878232576664,,5,1,val,current_repo_v1
9169,366.76,1.082599627077045,,5,1,val,current_repo_v1
9170,366.8,1.1799475622623448,,5,1,val,current_repo_v1
9171,366.84,1.1200403976677131,,5,1,val,current_repo_v1
9172,366.88,1.0676343357912483,,5,1,val,current_repo_v1
9173,366.92,1.0948215667364052,,5,1,val,current_repo_v1
9174,366.96,0.99292557902628,,5,1,val,current_repo_v1
9175,367.0,0.9554694207187586,,5,1,val,current_repo_v1
9176,367.04,0.8696535152707129,,5,1,val,current_repo_v1
9177,367.08,0.8030468006767649,,5,1,val,current_repo_v1
9178,367.12,0.8379837114469144,,5,1,val,current_repo_v1
9179,367.16,0.7882082125063341,,5,1,val,current_repo_v1
9180,367.2,0.8328658223011725,,5,1,val,current_repo_v1
9181,367.24,1.0061640901926467,,5,1,val,current_repo_v1
9182,367.28,1.0553324291139858,,5,1,val,current_repo_v1
9183,367.32,1.023789737653342,,5,1,val,current_repo_v1
9184,367.36,1.1657601691732138,,5,1,val,current_repo_v1
9185,367.4,1.2750669795393295,,5,1,val,current_repo_v1
9186,367.44,1.313302836733787,,5,1,val,current_repo_v1
9187,367.48,1.1927223138346132,,5,1,val,current_repo_v1
9188,367.52,1.291267708049503,,5,1,val,current_repo_v1
9189,367.56,1.1843206204327434,,5,1,val,current_repo_v1
9190,367.6,1.1824421730828398,,5,1,val,current_repo_v1
9191,367.64,1.2684664675048662,,5,1,val,current_repo_v1
9192,367.68,1.1786439443563788,,5,1,val,current_repo_v1
9193,367.72,1.1094335953310392,,5,1,val,current_repo_v1
9194,367.76,1.1187427547794617,,5,1,val,current_repo_v1
9195,367.8,1.191010184786017,,5,1,val,current_repo_v1
9196,367.84,1.1387999070516421,,5,1,val,current_repo_v1
9197,367.88,1.055054713564608,,5,1,val,current_repo_v1
9198,367.92,1.0761903974589968,,5,1,val,current_repo_v1
9199,367.96,0.9373043846726227,,5,1,val,current_repo_v1
9200,368.0,0.9484298676566316,,5,1,val,current_repo_v1
9201,368.04,0.8910615126436695,,5,1,val,current_repo_v1
9202,368.08,0.7557924318133843,,5,1,val,current_repo_v1
9203,368.12,0.802858219295755,,5,1,val,current_repo_v1
9204,368.16,0.960847591458082,,5,1,val,current_repo_v1
9205,368.2,1.0670137524445393,,5,1,val,current_repo_v1
9206,368.24,1.1631625097595366,,5,1,val,current_repo_v1
9207,368.28,1.2441129500978798,,5,1,val,current_repo_v1
9208,368.32,1.1458803030430764,,5,1,val,current_repo_v1
9209,368.36,1.0584973878122899,,5,1,val,current_repo_v1
9210,368.4,1.105948359313338,,5,1,val,current_repo_v1
9211,368.44,1.0926149026600043,,5,1,val,current_repo_v1
9212,368.48,1.1269125683842824,,5,1,val,current_repo_v1
9213,368.52,1.1114709126724969,,5,1,val,current_repo_v1
9214,368.56,1.133188301373673,,5,1,val,current_repo_v1
9215,368.6,0.9806488001632407,,5,1,val,current_repo_v1
9216,368.64,0.9917903256605648,,5,1,val,current_repo_v1
9217,368.68,0.8621993941986834,,5,1,val,current_repo_v1
9218,368.72,0.8543444558424501,,5,1,val,current_repo_v1
9219,368.76,0.9126825644153973,,5,1,val,current_repo_v1
9220,368.8,1.004945022879816,,5,1,val,current_repo_v1
9221,368.84,1.1054426108961242,,5,1,val,current_repo_v1
9222,368.88,1.2576743577694915,,5,1,val,current_repo_v1
9223,368.92,1.2557910812956818,,5,1,val,current_repo_v1
9224,368.96,1.203676567543851,,5,1,val,current_repo_v1
9225,369.0,1.1456296796973073,,5,1,val,current_repo_v1
9226,369.04,1.1295675224883706,,5,1,val,current_repo_v1
9227,369.08,1.0254421165247956,,5,1,val,current_repo_v1
9228,369.12,0.9519150218247753,,5,1,val,current_repo_v1
9229,369.16,0.9872155901799192,,5,1,val,current_repo_v1
9230,369.2,0.9543464447867029,,5,1,val,current_repo_v1
9231,369.24,0.9141789380298173,,5,1,val,current_repo_v1
9232,369.28,1.039762024047891,,5,1,val,current_repo_v1
9233,369.32,1.075600098448648,,5,1,val,current_repo_v1
9234,369.36,1.02970860657103,,5,1,val,current_repo_v1
9235,369.4,1.130155529711103,,5,1,val,current_repo_v1
9236,369.44,1.0075137893996147,,5,1,val,current_repo_v1
9237,369.48,1.0433336113489977,,5,1,val,current_repo_v1
9238,369.52,1.1149022098316543,,5,1,val,current_repo_v1
9239,369.56,1.260307703590339,,5,1,val,current_repo_v1
9240,369.6,1.1962925915427962,,5,1,val,current_repo_v1
9241,369.64,1.2691588329137042,,5,1,val,current_repo_v1
9242,369.68,1.5053114224249946,,5,1,val,current_repo_v1
9243,369.72,1.33921918959607,,5,1,val,current_repo_v1
9244,369.76,1.3833000874071426,,5,1,val,current_repo_v1
9245,369.8,1.328935856711545,,5,1,val,current_repo_v1
9246,369.84,1.367823891181995,,5,1,val,current_repo_v1
9247,369.88,1.3933037403529043,,5,1,val,current_repo_v1
9248,369.92,1.4064350285986447,,5,1,val,current_repo_v1
9249,369.96,1.528481067828974,,5,1,val,current_repo_v1
9250,370.0,1.4628630958924045,,5,1,val,current_repo_v1
9251,370.04,1.5259620658402753,,5,1,val,current_repo_v1
9252,370.08,1.343832312519291,,5,1,val,current_repo_v1
9253,370.12,1.2500142213606555,,5,1,val,current_repo_v1
9254,370.16,1.1492022491931067,,5,1,val,current_repo_v1
9255,370.2,1.2409939908510201,,5,1,val,current_repo_v1
9256,370.24,1.1953409267350694,,5,1,val,current_repo_v1
9257,370.28,1.1253121639819876,,5,1,val,current_repo_v1
9258,370.32,1.039534973374748,,5,1,val,current_repo_v1
9259,370.36,1.1124729149582278,,5,1,val,current_repo_v1
9260,370.4,1.2115969855462685,,5,1,val,current_repo_v1
9261,370.44,1.2007577304656414,,5,1,val,current_repo_v1
9262,370.48,1.1735028099362417,,5,1,val,current_repo_v1
9263,370.52,1.2901773082414238,,5,1,val,current_repo_v1
9264,370.56,1.4144060296277392,,5,1,val,current_repo_v1
9265,370.6,1.4907963855562705,,5,1,val,current_repo_v1
9266,370.64,1.5756363987275013,,5,1,val,current_repo_v1
9267,370.68,1.6609175810148968,,5,1,val,current_repo_v1
9268,370.72,1.54525646208397,,5,1,val,current_repo_v1
9269,370.76,1.5894684828865262,,5,1,val,current_repo_v1
9270,370.8,1.3561742436302833,,5,1,val,current_repo_v1
9271,370.84,1.1311658806517222,,5,1,val,current_repo_v1
9272,370.88,1.0705837846040491,,5,1,val,current_repo_v1
9273,370.92,1.4605264547183283,,5,1,val,current_repo_v1
9274,370.96,1.4935774698288207,,5,1,val,current_repo_v1
9275,371.0,1.5406414566209212,,5,1,val,current_repo_v1
9276,371.04,1.5355410832805336,,5,1,val,current_repo_v1
9277,371.08,1.5309273874104086,,5,1,val,current_repo_v1
9278,371.12,1.775059244756124,,5,1,val,current_repo_v1
9279,371.16,1.696814996345008,,5,1,val,current_repo_v1
9280,371.2,1.7003448403716723,,5,1,val,current_repo_v1
9281,371.24,1.8255355396099886,,5,1,val,current_repo_v1
9282,371.28,2.0779494263041722,,5,1,val,current_repo_v1
9283,371.32,1.8910939250685306,,5,1,val,current_repo_v1
9284,371.36,1.7040845466643564,,5,1,val,current_repo_v1
9285,371.4,1.8522499256601392,,5,1,val,current_repo_v1
9286,371.44,1.7662704029461913,,5,1,val,current_repo_v1
9287,371.48,1.8885110804248024,,5,1,val,current_repo_v1
9288,371.52,2.093575325370408,,5,1,val,current_repo_v1
9289,371.56,2.14029276113508,,5,1,val,current_repo_v1
9290,371.6,2.3208864438061454,,5,1,val,current_repo_v1
9291,371.64,2.305562078510587,,5,1,val,current_repo_v1
9292,371.68,2.2410459653201786,,5,1,val,current_repo_v1
9293,371.72,1.9773022991458917,,5,1,val,current_repo_v1
9294,371.76,1.669739981143499,,5,1,val,current_repo_v1
9295,371.8,1.4826657778896024,,5,1,val,current_repo_v1
9296,371.84,1.421157635945772,,5,1,val,current_repo_v1
9297,371.88,1.303852568647838,,5,1,val,current_repo_v1
9298,371.92,1.3209638734877578,,5,1,val,current_repo_v1
9299,371.96,1.4401737436931847,,5,1,val,current_repo_v1
9300,372.0,1.6159579463520348,,5,1,val,current_repo_v1
9301,372.04,1.784825042887122,,5,1,val,current_repo_v1
9302,372.08,1.7661412443440931,,5,1,val,current_repo_v1
9303,372.12,1.9230157436805797,,5,1,val,current_repo_v1
9304,372.16,1.7299899316859035,,5,1,val,current_repo_v1
9305,372.2,1.796699285625245,,5,1,val,current_repo_v1
9306,372.24,2.001091382002772,,5,1,val,current_repo_v1
9307,372.28,2.203999545898654,,5,1,val,current_repo_v1
9308,372.32,1.9947464042875418,,5,1,val,current_repo_v1
9309,372.36,1.787692887690866,,5,1,val,current_repo_v1
9310,372.4,1.9232413210616837,,5,1,val,current_repo_v1
9311,372.44,2.0750272333940956,,5,1,val,current_repo_v1
9312,372.48,1.9170692096123794,,5,1,val,current_repo_v1
9313,372.52,1.8960726699661314,,5,1,val,current_repo_v1
9314,372.56,2.0084855073489853,,5,1,val,current_repo_v1
9315,372.6,2.1158722907898704,,5,1,val,current_repo_v1
9316,372.64,1.9636551949873366,,5,1,val,current_repo_v1
9317,372.68,1.7189762551977539,,5,1,val,current_repo_v1
9318,372.72,1.5884929998575,,5,1,val,current_repo_v1
9319,372.76,1.6292249411644917,,5,1,val,current_repo_v1
9320,372.8,1.5606972174506204,,5,1,val,current_repo_v1
9321,372.84,0.8458707348297779,,5,1,val,current_repo_v1
9322,372.88,0.839140081998524,,5,1,val,current_repo_v1
9323,372.92,0.9640272012272195,,5,1,val,current_repo_v1
9324,372.96,0.9957155849006227,,5,1,val,current_repo_v1
9325,373.0,1.3839730544707989,,5,1,val,current_repo_v1
9326,373.04,1.1625433997048669,,5,1,val,current_repo_v1
9327,373.08,0.660382162133006,,5,1,val,current_repo_v1
9328,373.12,0.9471550607949868,,5,1,val,current_repo_v1
9329,373.16,1.067312503330254,,5,1,val,current_repo_v1
9330,373.2,1.1453708713957649,,5,1,val,current_repo_v1
9331,373.24,1.0736867013375937,,5,1,val,current_repo_v1
9332,373.28,0.36444023046543667,,5,1,val,current_repo_v1
9333,373.32,-0.10794336043344907,,5,1,val,current_repo_v1
9334,373.36,-0.5639319528968891,,5,1,val,current_repo_v1
9335,373.4,-0.6035988268339192,,5,1,val,current_repo_v1
9336,373.44,-0.5437837429917339,,5,1,val,current_repo_v1
9337,373.48,-0.5941014952522755,,5,1,val,current_repo_v1
9338,373.52,-0.6635209289728363,,5,1,val,current_repo_v1
9339,373.56,-0.44470387116486737,,5,1,val,current_repo_v1
9340,373.6,-0.25819899297215143,,5,1,val,current_repo_v1
9341,373.64,0.08205554748882692,,5,1,val,current_repo_v1
9342,373.68,0.6584359842740808,,5,1,val,current_repo_v1
9343,373.72,0.8536821292212988,,5,1,val,current_repo_v1
9344,373.76,0.9058716171680102,,5,1,val,current_repo_v1
9345,373.8,0.9388451207473323,,5,1,val,current_repo_v1
9346,373.84,0.9618806147261924,,5,1,val,current_repo_v1
9347,373.88,0.710812252911532,,5,1,val,current_repo_v1
9348,373.92,0.7765547180254089,,5,1,val,current_repo_v1
9349,373.96,0.7204015015465065,,5,1,val,current_repo_v1
9350,374.0,0.6415731337666504,,5,1,val,current_repo_v1
9351,374.04,0.1392164803757091,,5,1,val,current_repo_v1
9352,374.08,-0.10805747917931413,,5,1,val,current_repo_v1
9353,374.12,-0.25983968781923883,,5,1,val,current_repo_v1
9354,374.16,-0.3386430914839873,,5,1,val,current_repo_v1
9355,374.2,-0.3505460634168736,,5,1,val,current_repo_v1
9356,374.24,-0.4440104417117787,,5,1,val,current_repo_v1
9357,374.28,-0.5564840114664682,,5,1,val,current_repo_v1
9358,374.32,-0.5841239932402087,,5,1,val,current_repo_v1
9359,374.36,-0.5416935917607616,,5,1,val,current_repo_v1
9360,374.4,-0.5124092114474464,,5,1,val,current_repo_v1
9361,374.44,-0.4778047326560173,,5,1,val,current_repo_v1
9362,374.48,-0.6447013829383124,,5,1,val,current_repo_v1
9363,374.52,-0.6386504906840061,,5,1,val,current_repo_v1
9364,374.56,-0.5274985048132041,,5,1,val,current_repo_v1
9365,374.6,-0.43321264343214183,,5,1,val,current_repo_v1
9366,374.64,-0.4049035824487374,,5,1,val,current_repo_v1
9367,374.68,-0.45890366446199427,,5,1,val,current_repo_v1
9368,374.72,-0.5040326867845786,,5,1,val,current_repo_v1
9369,374.76,-0.4822163828928859,,5,1,val,current_repo_v1
9370,374.8,-0.37251477118505966,,5,1,val,current_repo_v1
9371,374.84,-0.15519247046274548,,5,1,val,current_repo_v1
9372,374.88,-0.22277082115650643,,5,1,val,current_repo_v1
9373,374.92,-0.32731230934680206,,5,1,val,current_repo_v1
9374,374.96,-0.4098734057445457,,5,1,val,current_repo_v1
9375,375.0,-0.46257363493149234,,5,1,val,current_repo_v1
9376,375.04,-0.34174768613346534,,5,1,val,current_repo_v1
9377,375.08,-0.4201448295184209,,5,1,val,current_repo_v1
9378,375.12,-0.5755828691167458,,5,1,val,current_repo_v1
9379,375.16,-0.7158242287295713,,5,1,val,current_repo_v1
9380,375.2,-0.7902925933434864,,5,1,val,current_repo_v1
9381,375.24,-0.8680289652488877,,5,1,val,current_repo_v1
9382,375.28,-0.7738453339654302,,5,1,val,current_repo_v1
9383,375.32,-0.6516662482790108,,5,1,val,current_repo_v1
9384,375.36,-0.7422378995046219,,5,1,val,current_repo_v1
9385,375.4,-0.5766167518052124,,5,1,val,current_repo_v1
9386,375.44,-0.5510777663288435,,5,1,val,current_repo_v1
9387,375.48,-0.6468228825498953,,5,1,val,current_repo_v1
9388,375.52,-0.6095628767074739,,5,1,val,current_repo_v1
9389,375.56,-0.45752613640539824,,5,1,val,current_repo_v1
9390,375.6,-0.42183485918643016,,5,1,val,current_repo_v1
9391,375.64,-0.5800130992032191,,5,1,val,current_repo_v1
9392,375.68,-0.590978238903635,,5,1,val,current_repo_v1
9393,375.72,-0.49570895508644663,,5,1,val,current_repo_v1
9394,375.76,-0.5162364967669015,,5,1,val,current_repo_v1
9395,375.8,-0.6756635973355349,,5,1,val,current_repo_v1
9396,375.84,-0.8190722074342808,,5,1,val,current_repo_v1
9397,375.88,-0.9240080877184984,,5,1,val,current_repo_v1
9398,375.92,-0.7342092763868855,,5,1,val,current_repo_v1
9399,375.96,-0.718913149188744,,5,1,val,current_repo_v1
9400,376.0,-0.6831453426332984,,5,1,val,current_repo_v1
9401,376.04,-0.7414121193166838,,5,1,val,current_repo_v1
9402,376.08,-0.8513253530560211,,5,1,val,current_repo_v1
9403,376.12,-0.8968697209593063,,5,1,val,current_repo_v1
9404,376.16,-0.9394783907754893,,5,1,val,current_repo_v1
9405,376.2,-0.8614020158072777,,5,1,val,current_repo_v1
9406,376.24,-0.9903664707542936,,5,1,val,current_repo_v1
9407,376.28,-0.8846591583884706,,5,1,val,current_repo_v1
9408,376.32,-0.8095268301622496,,5,1,val,current_repo_v1
9409,376.36,-0.8163435068786777,,5,1,val,current_repo_v1
9410,376.4,-0.8782787398147434,,5,1,val,current_repo_v1
9411,376.44,-0.8635403355029742,,5,1,val,current_repo_v1
9412,376.48,-0.9020406486184572,,5,1,val,current_repo_v1
9413,376.52,-1.0174705425487969,,5,1,val,current_repo_v1
9414,376.56,-0.989789758770528,,5,1,val,current_repo_v1
9415,376.6,-0.9876624887651251,,5,1,val,current_repo_v1
9416,376.64,-0.8556964468370344,,5,1,val,current_repo_v1
9417,376.68,-0.7170067911396544,,5,1,val,current_repo_v1
9418,376.72,-0.6333058373385733,,5,1,val,current_repo_v1
9419,376.76,-0.4538393049270078,,5,1,val,current_repo_v1
9420,376.8,-0.3994754834791988,,5,1,val,current_repo_v1
9421,376.84,-0.42454420232163,,5,1,val,current_repo_v1
9422,376.88,-0.014721259387223464,,5,1,val,current_repo_v1
9423,376.92,0.40759365001309183,,5,1,val,current_repo_v1
9424,376.96,0.858514690808794,,5,1,val,current_repo_v1
9425,377.0,0.8697356922266738,,5,1,val,current_repo_v1
9426,377.04,0.8739083008301919,,5,1,val,current_repo_v1
9427,377.08,0.6459074770962429,,5,1,val,current_repo_v1
9428,377.12,0.7056100587213282,,5,1,val,current_repo_v1
9429,377.16,0.4952744567092369,,5,1,val,current_repo_v1
9430,377.2,0.2699658286281433,,5,1,val,current_repo_v1
9431,377.24,-0.01019954195759751,,5,1,val,current_repo_v1
9432,377.28,-0.2886530853149862,,5,1,val,current_repo_v1
9433,377.32,-0.054804131143617575,,5,1,val,current_repo_v1
9434,377.36,-0.04239993553938081,,5,1,val,current_repo_v1
9435,377.4,-0.10196785162181216,,5,1,val,current_repo_v1
9436,377.44,-0.057800316053882216,,5,1,val,current_repo_v1
9437,377.48,-0.10207965811767135,,5,1,val,current_repo_v1
9438,377.52,-0.07028344276755617,,5,1,val,current_repo_v1
9439,377.56,0.05469913350784205,,5,1,val,current_repo_v1
9440,377.6,0.15639340809853902,,5,1,val,current_repo_v1
9441,377.64,0.15385287967615732,,5,1,val,current_repo_v1
9442,377.68,0.004141134890772175,,5,1,val,current_repo_v1
9443,377.72,-0.11319098112819302,,5,1,val,current_repo_v1
9444,377.76,-0.14645908172817484,,5,1,val,current_repo_v1
9445,377.8,-0.18949318508304908,,5,1,val,current_repo_v1
9446,377.84,-0.12293846542064903,,5,1,val,current_repo_v1
9447,377.88,-0.15969382781488609,,5,1,val,current_repo_v1
9448,377.92,-0.13638088429771075,,5,1,val,current_repo_v1
9449,377.96,-0.04486024883738842,,5,1,val,current_repo_v1
9450,378.0,-0.06716617678342206,,5,1,val,current_repo_v1
9451,378.04,-0.08412569673412898,,5,1,val,current_repo_v1
9452,378.08,-0.12375425996254401,,5,1,val,current_repo_v1
9453,378.12,-0.1799513478043897,,5,1,val,current_repo_v1
9454,378.16,-0.29113582794961046,,5,1,val,current_repo_v1
9455,378.2,-0.18672114518662805,,5,1,val,current_repo_v1
9456,378.24,-0.28566334605739274,,5,1,val,current_repo_v1
9457,378.28,-0.17781061354674024,,5,1,val,current_repo_v1
9458,378.32,-0.027215103277362696,,5,1,val,current_repo_v1
9459,378.36,-0.0016331058584066486,,5,1,val,current_repo_v1
9460,378.4,0.020122995125776987,,5,1,val,current_repo_v1
9461,378.44,-0.1408215092780157,,5,1,val,current_repo_v1
9462,378.48,-0.3425355699761744,,5,1,val,current_repo_v1
9463,378.52,-0.5210754835446785,,5,1,val,current_repo_v1
9464,378.56,-0.6725885094516186,,5,1,val,current_repo_v1
9465,378.6,-0.7200070685278056,,5,1,val,current_repo_v1
9466,378.64,-0.6029815174695194,,5,1,val,current_repo_v1
9467,378.68,-0.4165635021199445,,5,1,val,current_repo_v1
9468,378.72,-0.36506290097586774,,5,1,val,current_repo_v1
9469,378.76,-0.40791229034133475,,5,1,val,current_repo_v1
9470,378.8,-0.2981251663080701,,5,1,val,current_repo_v1
9471,378.84,-0.21466030755626114,,5,1,val,current_repo_v1
9472,378.88,-0.3179125015131937,,5,1,val,current_repo_v1
9473,378.92,-0.3411481585854825,,5,1,val,current_repo_v1
9474,378.96,-0.3635113607595377,,5,1,val,current_repo_v1
9475,379.0,-0.3922654377883202,,5,1,val,current_repo_v1
9476,379.04,-0.32820185034021176,,5,1,val,current_repo_v1
9477,379.08,-0.0684696719150513,,5,1,val,current_repo_v1
9478,379.12,0.09578225545787175,,5,1,val,current_repo_v1
9479,379.16,0.2397467877527197,,5,1,val,current_repo_v1
9480,379.2,0.35834665366677426,,5,1,val,current_repo_v1
9481,379.24,0.2384788767163136,,5,1,val,current_repo_v1
9482,379.28,0.2861202712134205,,5,1,val,current_repo_v1
9483,379.32,0.24131402262174448,,5,1,val,current_repo_v1
9484,379.36,0.09610017960248453,,5,1,val,current_repo_v1
9485,379.4,0.027777647614244998,,5,1,val,current_repo_v1
9486,379.44,-0.03250368967575052,,5,1,val,current_repo_v1
9487,379.48,0.13775495421049266,,5,1,val,current_repo_v1
9488,379.52,0.2783219932135258,,5,1,val,current_repo_v1
9489,379.56,0.21135685940627805,,5,1,val,current_repo_v1
9490,379.6,0.18752990066655825,,5,1,val,current_repo_v1
9491,379.64,0.2927599277988681,,5,1,val,current_repo_v1
9492,379.68,0.26684492545428756,,5,1,val,current_repo_v1
9493,379.72,0.10810967873475644,,5,1,val,current_repo_v1
9494,379.76,-0.09565741441994405,,5,1,val,current_repo_v1
9495,379.8,-0.24797457130680267,,5,1,val,current_repo_v1
9496,379.84,-0.30948107625947846,,5,1,val,current_repo_v1
9497,379.88,-0.02751577762768388,,5,1,val,current_repo_v1
9498,379.92,0.27644483499415634,,5,1,val,current_repo_v1
9499,379.96,0.2373385282156297,,5,1,val,current_repo_v1
9500,380.0,0.03341436064404798,,5,1,val,current_repo_v1
9501,380.04,0.14019087889809542,,5,1,val,current_repo_v1
9502,380.08,0.08960353465678066,,5,1,val,current_repo_v1
9503,380.12,0.012790525516722396,,5,1,val,current_repo_v1
9504,380.16,-0.22082740572015455,,5,1,val,current_repo_v1
9505,380.2,-0.18531904180032358,,5,1,val,current_repo_v1
9506,380.24,-0.275607923266367,,5,1,val,current_repo_v1
9507,380.28,-0.36038994602594615,,5,1,val,current_repo_v1
9508,380.32,-0.1365893755836385,,5,1,val,current_repo_v1
9509,380.36,-0.10042351416656238,,5,1,val,current_repo_v1
9510,380.4,0.07151567762798672,,5,1,val,current_repo_v1
9511,380.44,-0.1168805954915463,,5,1,val,current_repo_v1
9512,380.48,-0.2563024773323789,,5,1,val,current_repo_v1
9513,380.52,-0.379685488163449,,5,1,val,current_repo_v1
9514,380.56,-0.39906402575249006,,5,1,val,current_repo_v1
9515,380.6,-0.22793544639971214,,5,1,val,current_repo_v1
9516,380.64,-0.172989163036707,,5,1,val,current_repo_v1
9517,380.68,-0.3743449682206815,,5,1,val,current_repo_v1
9518,380.72,-0.7068101369367655,,5,1,val,current_repo_v1
9519,380.76,-0.7302362170051132,,5,1,val,current_repo_v1
9520,380.8,-0.8134558544819631,,5,1,val,current_repo_v1
9521,380.84,-0.7452668242379785,,5,1,val,current_repo_v1
9522,380.88,-0.6410251100528691,,5,1,val,current_repo_v1
9523,380.92,-0.5625971093846492,,5,1,val,current_repo_v1
9524,380.96,-0.5038182000185472,,5,1,val,current_repo_v1
9525,381.0,-0.5729985921057574,,5,1,val,current_repo_v1
9526,381.04,-0.9250572353494817,,5,1,val,current_repo_v1
9527,381.08,-0.9436603302285886,,5,1,val,current_repo_v1
9528,381.12,-0.8246220985457217,,5,1,val,current_repo_v1
9529,381.16,-0.712200994357537,,5,1,val,current_repo_v1
9530,381.2,-0.8441428906660974,,5,1,val,current_repo_v1
9531,381.24,-0.9926453261406125,,5,1,val,current_repo_v1
9532,381.28,-1.1051534364086641,,5,1,val,current_repo_v1
9533,381.32,-1.1187399718944988,,5,1,val,current_repo_v1
9534,381.36,-1.131875352618126,,5,1,val,current_repo_v1
9535,381.4,-1.2944347948363077,,5,1,val,current_repo_v1
9536,381.44,-1.2266327493012708,,5,1,val,current_repo_v1
9537,381.48,-1.1353927555120151,,5,1,val,current_repo_v1
9538,381.52,-1.0953832184015486,,5,1,val,current_repo_v1
9539,381.56,-1.0850621528709101,,5,1,val,current_repo_v1
9540,381.6,-1.0120438350217396,,5,1,val,current_repo_v1
9541,381.64,-0.8785209326560665,,5,1,val,current_repo_v1
9542,381.68,-0.8579800494977016,,5,1,val,current_repo_v1
9543,381.72,-0.8638516093710213,,5,1,val,current_repo_v1
9544,381.76,-0.8559125296694415,,5,1,val,current_repo_v1
9545,381.8,-1.040458072686827,,5,1,val,current_repo_v1
9546,381.84,-1.082084629659808,,5,1,val,current_repo_v1
9547,381.88,-0.8582051357814591,,5,1,val,current_repo_v1
9548,381.92,-0.49739530152435796,,5,1,val,current_repo_v1
9549,381.96,-0.40142174318768176,,5,1,val,current_repo_v1
9550,382.0,-0.3993290955451987,,5,1,val,current_repo_v1
9551,382.04,-0.3994809673995667,,5,1,val,current_repo_v1
9552,382.08,-0.46309886354344576,,5,1,val,current_repo_v1
9553,382.12,-0.41710113093989404,,5,1,val,current_repo_v1
9554,382.16,-0.23631919428604964,,5,1,val,current_repo_v1
9555,382.2,-0.11762008578324748,,5,1,val,current_repo_v1
9556,382.24,-0.11573502908155711,,5,1,val,current_repo_v1
9557,382.28,-0.2723584548997069,,5,1,val,current_repo_v1
9558,382.32,-0.2598087896111958,,5,1,val,current_repo_v1
9559,382.36,-0.34956435982145995,,5,1,val,current_repo_v1
9560,382.4,-0.6573532373996493,,5,1,val,current_repo_v1
9561,382.44,-0.4777946651604165,,5,1,val,current_repo_v1
9562,382.48,-0.25245550719428966,,5,1,val,current_repo_v1
9563,382.52,-0.32068797909103935,,5,1,val,current_repo_v1
9564,382.56,-0.3099773915151638,,5,1,val,current_repo_v1
9565,382.6,-0.4253913861689144,,5,1,val,current_repo_v1
9566,382.64,-0.4388159004552227,,5,1,val,current_repo_v1
9567,382.68,-0.35134511972421284,,5,1,val,current_repo_v1
9568,382.72,-0.31615590769236057,,5,1,val,current_repo_v1
9569,382.76,-0.3108726415152252,,5,1,val,current_repo_v1
9570,382.8,-0.3754785845952421,,5,1,val,current_repo_v1
9571,382.84,-0.5913757822055297,,5,1,val,current_repo_v1
9572,382.88,-0.5327951124682495,,5,1,val,current_repo_v1
9573,382.92,-0.4435430807371404,,5,1,val,current_repo_v1
9574,382.96,-0.5567287416440809,,5,1,val,current_repo_v1
9575,383.0,-0.6187236838325106,,5,1,val,current_repo_v1
9576,383.04,-0.13250596253565675,,5,1,val,current_repo_v1
9577,383.08,0.16517993765846586,,5,1,val,current_repo_v1
9578,383.12,0.39524905879147326,,5,1,val,current_repo_v1
9579,383.16,0.5085653106677721,,5,1,val,current_repo_v1
9580,383.2,0.15094192061787903,,5,1,val,current_repo_v1
9581,383.24,-0.3681937284085982,,5,1,val,current_repo_v1
9582,383.28,-0.33754810810067526,,5,1,val,current_repo_v1
9583,383.32,-0.3472467486695559,,5,1,val,current_repo_v1
9584,383.36,-0.18950173836183185,,5,1,val,current_repo_v1
9585,383.4,-0.13088599608906443,,5,1,val,current_repo_v1
9586,383.44,-0.1162539143527865,,5,1,val,current_repo_v1
9587,383.48,-0.25601833659271916,,5,1,val,current_repo_v1
9588,383.52,-0.01708473186944308,,5,1,val,current_repo_v1
9589,383.56,0.28894641366750107,,5,1,val,current_repo_v1
9590,383.6,0.3143748408537662,,5,1,val,current_repo_v1
9591,383.64,0.051618398004442304,,5,1,val,current_repo_v1
9592,383.68,-0.38508182950458836,,5,1,val,current_repo_v1
9593,383.72,-0.32448639197900525,,5,1,val,current_repo_v1
9594,383.76,-0.143611351453243,,5,1,val,current_repo_v1
9595,383.8,-0.050236322181794905,,5,1,val,current_repo_v1
9596,383.84,-0.2690989190374459,,5,1,val,current_repo_v1
9597,383.88,-0.14085408540199224,,5,1,val,current_repo_v1
9598,383.92,-0.11194615166706677,,5,1,val,current_repo_v1
9599,383.96,0.002279773636044647,,5,1,val,current_repo_v1
9600,384.0,-0.034369537309361126,,5,1,val,current_repo_v1
9601,384.04,-0.02388513587067508,,5,1,val,current_repo_v1
9602,384.08,0.2308405941393916,,5,1,val,current_repo_v1
9603,384.12,0.1439979269144018,,5,1,val,current_repo_v1
9604,384.16,0.173572422985091,,5,1,val,current_repo_v1
9605,384.2,0.10840799991029289,,5,1,val,current_repo_v1
9606,384.24,0.10955102898399244,,5,1,val,current_repo_v1
9607,384.28,0.1537061234191474,,5,1,val,current_repo_v1
9608,384.32,-0.03971620108455575,,5,1,val,current_repo_v1
9609,384.36,-0.45595196478635586,,5,1,val,current_repo_v1
9610,384.4,-0.6875919426313176,,5,1,val,current_repo_v1
9611,384.44,0.009006917167510932,,5,1,val,current_repo_v1
9612,384.48,0.5943239623501856,,5,1,val,current_repo_v1
9613,384.52,1.0533935767904774,,5,1,val,current_repo_v1
9614,384.56,1.484517869681917,,5,1,val,current_repo_v1
9615,384.6,1.465958155068407,,5,1,val,current_repo_v1
9616,384.64,1.0510763339615832,,5,1,val,current_repo_v1
9617,384.68,0.678633303913874,,5,1,val,current_repo_v1
9618,384.72,0.3545983940953074,,5,1,val,current_repo_v1
9619,384.76,-0.15564053540414896,,5,1,val,current_repo_v1
9620,384.8,-0.14440711331588355,,5,1,val,current_repo_v1
9621,384.84,0.4010915620717989,,5,1,val,current_repo_v1
9622,384.88,0.6215848578972996,,5,1,val,current_repo_v1
9623,384.92,1.1787899639673691,,5,1,val,current_repo_v1
9624,384.96,1.5675591569724732,,5,1,val,current_repo_v1
9625,385.0,1.5180976329353453,,5,1,val,current_repo_v1
9626,385.04,1.4784086186929493,,5,1,val,current_repo_v1
9627,385.08,1.6027538119999145,,5,1,val,current_repo_v1
9628,385.12,1.6604954009961255,,5,1,val,current_repo_v1
9629,385.16,1.6324833720577232,,5,1,val,current_repo_v1
9630,385.2,1.7734186522209836,,5,1,val,current_repo_v1
9631,385.24,1.9109748552429184,,5,1,val,current_repo_v1
9632,385.28,1.8099120960304846,,5,1,val,current_repo_v1
9633,385.32,1.7032162865559564,,5,1,val,current_repo_v1
9634,385.36,1.8320543657858372,,5,1,val,current_repo_v1
9635,385.4,1.865122241905222,,5,1,val,current_repo_v1
9636,385.44,1.8434432406466212,,5,1,val,current_repo_v1
9637,385.48,1.7808011549299994,,5,1,val,current_repo_v1
9638,385.52,1.49102572801703,,5,1,val,current_repo_v1
9639,385.56,1.2774365242356132,,5,1,val,current_repo_v1
9640,385.6,1.453138058841156,,5,1,val,current_repo_v1
9641,385.64,1.0239485257953382,,5,1,val,current_repo_v1
9642,385.68,0.7958708044019019,,5,1,val,current_repo_v1
9643,385.72,0.6648996029232406,,5,1,val,current_repo_v1
9644,385.76,0.5500412644545296,,5,1,val,current_repo_v1
9645,385.8,0.5197718247139338,,5,1,val,current_repo_v1
9646,385.84,0.30169734701847023,,5,1,val,current_repo_v1
9647,385.88,0.27926629156105687,,5,1,val,current_repo_v1
9648,385.92,0.3517247379729646,,5,1,val,current_repo_v1
9649,385.96,0.7165564548730239,,5,1,val,current_repo_v1
9650,386.0,0.9237317636116019,,5,1,val,current_repo_v1
9651,386.04,1.1899012869778909,,5,1,val,current_repo_v1
9652,386.08,1.2421976704469977,,5,1,val,current_repo_v1
9653,386.12,1.2143220028717736,,5,1,val,current_repo_v1
9654,386.16,1.2872547879331162,,5,1,val,current_repo_v1
9655,386.2,1.2770404542257576,,5,1,val,current_repo_v1
9656,386.24,1.2883861125200604,,5,1,val,current_repo_v1
9657,386.28,1.4601080397792126,,5,1,val,current_repo_v1
9658,386.32,1.6471342791922792,,5,1,val,current_repo_v1
9659,386.36,1.505487726372345,,5,1,val,current_repo_v1
9660,386.4,1.3808635897726358,,5,1,val,current_repo_v1
9661,386.44,1.421788532336755,,5,1,val,current_repo_v1
9662,386.48,1.323028283032824,,5,1,val,current_repo_v1
9663,386.52,1.3759224956715908,,5,1,val,current_repo_v1
9664,386.56,1.4515624548548534,,5,1,val,current_repo_v1
9665,386.6,1.360281454437175,,5,1,val,current_repo_v1
9666,386.64,1.2771390010932646,,5,1,val,current_repo_v1
9667,386.68,1.215253778236972,,5,1,val,current_repo_v1
9668,386.72,1.3481254855213454,,5,1,val,current_repo_v1
9669,386.76,1.421661501823158,,5,1,val,current_repo_v1
9670,386.8,1.508206113883674,,5,1,val,current_repo_v1
9671,386.84,1.4983861313454585,,5,1,val,current_repo_v1
9672,386.88,1.4814886175503295,,5,1,val,current_repo_v1
9673,386.92,1.4460484138496983,,5,1,val,current_repo_v1
9674,386.96,1.3643660747661333,,5,1,val,current_repo_v1
9675,387.0,1.2645385890789609,,5,1,val,current_repo_v1
9676,387.04,0.8548802430473507,,5,1,val,current_repo_v1
9677,387.08,0.144124589104989,,5,1,val,current_repo_v1
9678,387.12,0.28768574631695404,,5,1,val,current_repo_v1
9679,387.16,0.9764499178516913,,5,1,val,current_repo_v1
9680,387.2,1.702687374713905,,5,1,val,current_repo_v1
9681,387.24,1.8208627483591824,,5,1,val,current_repo_v1
9682,387.28,1.4952005465586067,,5,1,val,current_repo_v1
9683,387.32,1.446445547903804,,5,1,val,current_repo_v1
9684,387.36,1.503666410013737,,5,1,val,current_repo_v1
9685,387.4,1.4263788192333693,,5,1,val,current_repo_v1
9686,387.44,1.4220093624435104,,5,1,val,current_repo_v1
9687,387.48,1.4202255331823428,,5,1,val,current_repo_v1
9688,387.52,1.3480338140166876,,5,1,val,current_repo_v1
9689,387.56,1.5332988964960776,,5,1,val,current_repo_v1
9690,387.6,1.874386302247335,,5,1,val,current_repo_v1
9691,387.64,1.9462246768722697,,5,1,val,current_repo_v1
9692,387.68,1.9448185014704682,,5,1,val,current_repo_v1
9693,387.72,2.1601191795040195,,5,1,val,current_repo_v1
9694,387.76,2.0981970424971905,,5,1,val,current_repo_v1
9695,387.8,1.7304915057756731,,5,1,val,current_repo_v1
9696,387.84,1.3634699858081052,,5,1,val,current_repo_v1
9697,387.88,1.210071064241508,,5,1,val,current_repo_v1
9698,387.92,0.8993704704966312,,5,1,val,current_repo_v1
9699,387.96,0.7917676860728967,,5,1,val,current_repo_v1
9700,388.0,1.1034067668467056,,5,1,val,current_repo_v1
9701,388.04,1.2257039205201508,,5,1,val,current_repo_v1
9702,388.08,1.1561872086002276,,5,1,val,current_repo_v1
9703,388.12,1.0066348069991522,,5,1,val,current_repo_v1
9704,388.16,0.8960551541607773,,5,1,val,current_repo_v1
9705,388.2,0.9994268893967745,,5,1,val,current_repo_v1
9706,388.24,1.1018021881169666,,5,1,val,current_repo_v1
9707,388.28,1.1612284047103765,,5,1,val,current_repo_v1
9708,388.32,1.1803450237146815,,5,1,val,current_repo_v1
9709,388.36,1.2249429651819348,,5,1,val,current_repo_v1
9710,388.4,1.3752894711921069,,5,1,val,current_repo_v1
9711,388.44,1.3329831536421783,,5,1,val,current_repo_v1
9712,388.48,1.1872363472277596,,5,1,val,current_repo_v1
9713,388.52,1.119422597205967,,5,1,val,current_repo_v1
9714,388.56,1.0495844620728385,,5,1,val,current_repo_v1
9715,388.6,1.0395597737907403,,5,1,val,current_repo_v1
9716,388.64,1.0167734298656104,,5,1,val,current_repo_v1
9717,388.68,0.9679689940779389,,5,1,val,current_repo_v1
9718,388.72,1.101474626186931,,5,1,val,current_repo_v1
9719,388.76,1.171257185470361,,5,1,val,current_repo_v1
9720,388.8,1.1441573698528598,,5,1,val,current_repo_v1
9721,388.84,1.15243285123671,,5,1,val,current_repo_v1
9722,388.88,1.1983450510524338,,5,1,val,current_repo_v1
9723,388.92,1.1278290378821854,,5,1,val,current_repo_v1
9724,388.96,1.0826070753867985,,5,1,val,current_repo_v1
9725,389.0,1.1651479344813935,,5,1,val,current_repo_v1
9726,389.04,1.2828243532227486,,5,1,val,current_repo_v1
9727,389.08,1.4263876589856042,,5,1,val,current_repo_v1
9728,389.12,1.3931434789188688,,5,1,val,current_repo_v1
9729,389.16,1.3216027911353982,,5,1,val,current_repo_v1
9730,389.2,1.3384089608241005,,5,1,val,current_repo_v1
9731,389.24,1.3494355695423716,,5,1,val,current_repo_v1
9732,389.28,1.5062323936485726,,5,1,val,current_repo_v1
9733,389.32,1.3944118196654531,,5,1,val,current_repo_v1
9734,389.36,1.393976216319214,,5,1,val,current_repo_v1
9735,389.4,1.3904584860270937,,5,1,val,current_repo_v1
9736,389.44,1.3280772548509572,,5,1,val,current_repo_v1
9737,389.48,1.3719486177942413,,5,1,val,current_repo_v1
9738,389.52,1.5108709717842475,,5,1,val,current_repo_v1
9739,389.56,1.390512670434311,,5,1,val,current_repo_v1
9740,389.6,1.3585906062735886,,5,1,val,current_repo_v1
9741,389.64,1.3367744251562323,,5,1,val,current_repo_v1
9742,389.68,1.3712090251905928,,5,1,val,current_repo_v1
9743,389.72,1.4368691496493933,,5,1,val,current_repo_v1
9744,389.76,1.3491287973999997,,5,1,val,current_repo_v1
9745,389.8,1.1937397038371973,,5,1,val,current_repo_v1
9746,389.84,1.1787661457460699,,5,1,val,current_repo_v1
9747,389.88,1.4051537556219391,,5,1,val,current_repo_v1
9748,389.92,1.5240444944017768,,5,1,val,current_repo_v1
9749,389.96,1.47590009344764,,5,1,val,current_repo_v1
9750,390.0,1.4734544286626674,,5,1,val,current_repo_v1
9751,390.04,1.4574219009936291,,5,1,val,current_repo_v1
9752,390.08,1.465649254837534,,5,1,val,current_repo_v1
9753,390.12,1.4658060785901446,,5,1,val,current_repo_v1
9754,390.16,1.4896825767746806,,5,1,val,current_repo_v1
9755,390.2,1.447774621022224,,5,1,val,current_repo_v1
9756,390.24,1.4381289780419737,,5,1,val,current_repo_v1
9757,390.28,1.6017983002629745,,5,1,val,current_repo_v1
9758,390.32,1.691988491624785,,5,1,val,current_repo_v1
9759,390.36,1.6624753417976144,,5,1,val,current_repo_v1
9760,390.4,1.5453869302789915,,5,1,val,current_repo_v1
9761,390.44,1.2440987901243925,,5,1,val,current_repo_v1
9762,390.48,1.0853790743584406,,5,1,val,current_repo_v1
9763,390.52,0.8878451524231111,,5,1,val,current_repo_v1
9764,390.56,0.5763152180345351,,5,1,val,current_repo_v1
9765,390.6,0.5753097780673797,,5,1,val,current_repo_v1
9766,390.64,0.6728223945628321,,5,1,val,current_repo_v1
9767,390.68,0.38699113413775627,,5,1,val,current_repo_v1
9768,390.72,0.25628854244517535,,5,1,val,current_repo_v1
9769,390.76,0.3889836797711355,,5,1,val,current_repo_v1
9770,390.8,0.35765608894820616,,5,1,val,current_repo_v1
9771,390.84,0.32857455230133537,,5,1,val,current_repo_v1
9772,390.88,0.650727024604059,,5,1,val,current_repo_v1
9773,390.92,1.1068569712536986,,5,1,val,current_repo_v1
9774,390.96,1.2786802282653207,,5,1,val,current_repo_v1
9775,391.0,1.323687335671666,,5,1,val,current_repo_v1
9776,391.04,1.3151950348093893,,5,1,val,current_repo_v1
9777,391.08,1.2605055339713724,,5,1,val,current_repo_v1
9778,391.12,1.2345462919408388,,5,1,val,current_repo_v1
9779,391.16,1.1795690899074012,,5,1,val,current_repo_v1
9780,391.2,1.078354909013167,,5,1,val,current_repo_v1
9781,391.24,1.16360048674295,,5,1,val,current_repo_v1
9782,391.28,1.1857400554628974,,5,1,val,current_repo_v1
9783,391.32,1.3101700449116709,,5,1,val,current_repo_v1
9784,391.36,1.3282314594177207,,5,1,val,current_repo_v1
9785,391.4,1.2362662785469771,,5,1,val,current_repo_v1
9786,391.44,1.143792975621846,,5,1,val,current_repo_v1
9787,391.48,1.1606432622221647,,5,1,val,current_repo_v1
9788,391.52,1.2461663918022101,,5,1,val,current_repo_v1
9789,391.56,1.1778856082040103,,5,1,val,current_repo_v1
9790,391.6,1.0120639700129412,,5,1,val,current_repo_v1
9791,391.64,0.8813062731056186,,5,1,val,current_repo_v1
9792,391.68,0.8288592864502886,,5,1,val,current_repo_v1
9793,391.72,0.6105823947985588,,5,1,val,current_repo_v1
9794,391.76,0.45478446269489503,,5,1,val,current_repo_v1
9795,391.8,0.3786974821520901,,5,1,val,current_repo_v1
9796,391.84,0.18408102631487835,,5,1,val,current_repo_v1
9797,391.88,0.3292606152942283,,5,1,val,current_repo_v1
9798,391.92,0.4018935649632164,,5,1,val,current_repo_v1
9799,391.96,0.7409034243153919,,5,1,val,current_repo_v1
9800,392.0,1.1570736393104437,,5,1,val,current_repo_v1
9801,392.04,1.5440724263818477,,5,1,val,current_repo_v1
9802,392.08,1.7874517588937935,,5,1,val,current_repo_v1
9803,392.12,1.835166285970732,,5,1,val,current_repo_v1
9804,392.16,1.8759347321804714,,5,1,val,current_repo_v1
9805,392.2,1.8123328785499073,,5,1,val,current_repo_v1
9806,392.24,1.8709289769288195,,5,1,val,current_repo_v1
9807,392.28,2.080236302947149,,5,1,val,current_repo_v1
9808,392.32,2.2681646881855158,,5,1,val,current_repo_v1
9809,392.36,2.1826307544638497,,5,1,val,current_repo_v1
9810,392.4,1.9523385114364704,,5,1,val,current_repo_v1
9811,392.44,1.8420056350146514,,5,1,val,current_repo_v1
9812,392.48,1.7865172006436323,,5,1,val,current_repo_v1
9813,392.52,1.7641912604807335,,5,1,val,current_repo_v1
9814,392.56,1.8077725485914222,,5,1,val,current_repo_v1
9815,392.6,1.8074199406967215,,5,1,val,current_repo_v1
9816,392.64,1.8596903778560279,,5,1,val,current_repo_v1
9817,392.68,1.8314845291649209,,5,1,val,current_repo_v1
9818,392.72,1.6170034926024779,,5,1,val,current_repo_v1
9819,392.76,1.5923543345929707,,5,1,val,current_repo_v1
9820,392.8,1.7222196257723632,,5,1,val,current_repo_v1
9821,392.84,1.9008129052525071,,5,1,val,current_repo_v1
9822,392.88,1.8594706936430805,,5,1,val,current_repo_v1
9823,392.92,1.7553781912017128,,5,1,val,current_repo_v1
9824,392.96,1.807835081653528,,5,1,val,current_repo_v1
9825,393.0,1.8216681480072456,,5,1,val,current_repo_v1
9826,393.04,1.8267911118255669,,5,1,val,current_repo_v1
9827,393.08,1.9290640985985965,,5,1,val,current_repo_v1
9828,393.12,1.9894497557077175,,5,1,val,current_repo_v1
9829,393.16,2.112533811029179,,5,1,val,current_repo_v1
9830,393.2,2.111600071274595,,5,1,val,current_repo_v1
9831,393.24,2.0818808242610602,,5,1,val,current_repo_v1
9832,393.28,2.085229617066026,,5,1,val,current_repo_v1
9833,393.32,2.041070307378648,,5,1,val,current_repo_v1
9834,393.36,1.9458092085172323,,5,1,val,current_repo_v1
9835,393.4,2.0673996731092363,,5,1,val,current_repo_v1
9836,393.44,2.0431879191362383,,5,1,val,current_repo_v1
9837,393.48,1.9752238114768959,,5,1,val,current_repo_v1
9838,393.52,1.91771893140164,,5,1,val,current_repo_v1
9839,393.56,1.9328632276701925,,5,1,val,current_repo_v1
9840,393.6,1.9851680416437454,,5,1,val,current_repo_v1
9841,393.64,1.9123199708746534,,5,1,val,current_repo_v1
9842,393.68,1.7644973778266437,,5,1,val,current_repo_v1
9843,393.72,1.9833221704178183,,5,1,val,current_repo_v1
9844,393.76,2.1660110380676563,,5,1,val,current_repo_v1
9845,393.8,2.4978527177777323,,5,1,val,current_repo_v1
9846,393.84,2.4060060550665816,,5,1,val,current_repo_v1
9847,393.88,2.1176929523520167,,5,1,val,current_repo_v1
9848,393.92,2.252615400305315,,5,1,val,current_repo_v1
9849,393.96,2.239154422041038,,5,1,val,current_repo_v1
9850,394.0,2.1385072948827575,,5,1,val,current_repo_v1
9851,394.04,2.0969036557859413,,5,1,val,current_repo_v1
9852,394.08,1.7560557418406018,,5,1,val,current_repo_v1
9853,394.12,1.7966947020500121,,5,1,val,current_repo_v1
9854,394.16,1.9404889872647817,,5,1,val,current_repo_v1
9855,394.2,1.964546372971901,,5,1,val,current_repo_v1
9856,394.24,2.012059713835939,,5,1,val,current_repo_v1
9857,394.28,2.2104943083045296,,5,1,val,current_repo_v1
9858,394.32,2.302147806059437,,5,1,val,current_repo_v1
9859,394.36,2.19009314234121,,5,1,val,current_repo_v1
9860,394.4,1.9697711576400383,,5,1,val,current_repo_v1
9861,394.44,1.7515838094044651,,5,1,val,current_repo_v1
9862,394.48,1.8645252312311393,,5,1,val,current_repo_v1
9863,394.52,1.940256370821713,,5,1,val,current_repo_v1
9864,394.56,1.9003849957646946,,5,1,val,current_repo_v1
9865,394.6,2.01241412242091,,5,1,val,current_repo_v1
9866,394.64,2.0608260077297085,,5,1,val,current_repo_v1
9867,394.68,2.010190924733848,,5,1,val,current_repo_v1
9868,394.72,2.030026182855022,,5,1,val,current_repo_v1
9869,394.76,2.081246981285999,,5,1,val,current_repo_v1
9870,394.8,2.145918608636094,,5,1,val,current_repo_v1
9871,394.84,2.003380223035134,,5,1,val,current_repo_v1
9872,394.88,1.941286201957072,,5,1,val,current_repo_v1
9873,394.92,1.9300708481586755,,5,1,val,current_repo_v1
9874,394.96,1.9138492480112808,,5,1,val,current_repo_v1
9875,395.0,1.7578207457034916,,5,1,val,current_repo_v1
9876,395.04,1.829198962114868,,5,1,val,current_repo_v1
9877,395.08,1.9415549959046574,,5,1,val,current_repo_v1
9878,395.12,1.9677777935110816,,5,1,val,current_repo_v1
9879,395.16,2.029515114216556,,5,1,val,current_repo_v1
9880,395.2,1.8861330233745148,,5,1,val,current_repo_v1
9881,395.24,1.7099963765200792,,5,1,val,current_repo_v1
9882,395.28,1.7106362763624126,,5,1,val,current_repo_v1
9883,395.32,1.794996160027999,,5,1,val,current_repo_v1
9884,395.36,1.8541291915056202,,5,1,val,current_repo_v1
9885,395.4,1.983646294666429,,5,1,val,current_repo_v1
9886,395.44,2.1076473924326975,,5,1,val,current_repo_v1
9887,395.48,2.2294378973437934,,5,1,val,current_repo_v1
9888,395.52,2.0366988861994035,,5,1,val,current_repo_v1
9889,395.56,1.9106214288526402,,5,1,val,current_repo_v1
9890,395.6,1.9980154756232782,,5,1,val,current_repo_v1
9891,395.64,2.0882853884543175,,5,1,val,current_repo_v1
9892,395.68,2.091874655259894,,5,1,val,current_repo_v1
9893,395.72,2.17773598721248,,5,1,val,current_repo_v1
9894,395.76,1.9859698399112686,,5,1,val,current_repo_v1
9895,395.8,1.827310038021575,,5,1,val,current_repo_v1
9896,395.84,1.7855615252075767,,5,1,val,current_repo_v1
9897,395.88,1.7358683669220727,,5,1,val,current_repo_v1
9898,395.92,1.9829869146293562,,5,1,val,current_repo_v1
9899,395.96,1.9175090691356205,,5,1,val,current_repo_v1
9900,396.0,1.9927140797691056,,5,1,val,current_repo_v1
9901,396.04,2.032832313092238,,5,1,val,current_repo_v1
9902,396.08,2.2658088942149304,,5,1,val,current_repo_v1
9903,396.12,1.9444897936466246,,5,1,val,current_repo_v1
9904,396.16,1.7575900936498086,,5,1,val,current_repo_v1
9905,396.2,2.0954580288973137,,5,1,val,current_repo_v1
9906,396.24,2.2907916710217453,,5,1,val,current_repo_v1
9907,396.28,2.129542640222821,,5,1,val,current_repo_v1
9908,396.32,1.9228955885298322,,5,1,val,current_repo_v1
9909,396.36,1.953392733740033,,5,1,val,current_repo_v1
9910,396.4,2.0638763770471904,,5,1,val,current_repo_v1
9911,396.44,1.8189145651860927,,5,1,val,current_repo_v1
9912,396.48,1.895921248284331,,5,1,val,current_repo_v1
9913,396.52,1.913868891905136,,5,1,val,current_repo_v1
9914,396.56,2.051198862749505,,5,1,val,current_repo_v1
9915,396.6,2.018802971499084,,5,1,val,current_repo_v1
9916,396.64,2.1823775119322333,,5,1,val,current_repo_v1
9917,396.68,2.142545752061156,,5,1,val,current_repo_v1
9918,396.72,2.0339238587941253,,5,1,val,current_repo_v1
9919,396.76,2.029647219402732,,5,1,val,current_repo_v1
9920,396.8,1.6281700640644674,,5,1,val,current_repo_v1
9921,396.84,1.7458153799738851,,5,1,val,current_repo_v1
9922,396.88,1.770856597364919,,5,1,val,current_repo_v1
9923,396.92,1.428091111981081,,5,1,val,current_repo_v1
9924,396.96,1.1268792556142861,,5,1,val,current_repo_v1
9925,397.0,1.0262379397746044,,5,1,val,current_repo_v1
9926,397.04,1.2859875930803402,,5,1,val,current_repo_v1
9927,397.08,1.4914305559295626,,5,1,val,current_repo_v1
9928,397.12,1.7382436410873976,,5,1,val,current_repo_v1
9929,397.16,1.8884521487432369,,5,1,val,current_repo_v1
9930,397.2,1.8232519369493212,,5,1,val,current_repo_v1
9931,397.24,1.7685852721379112,,5,1,val,current_repo_v1
9932,397.28,1.7809997219570524,,5,1,val,current_repo_v1
9933,397.32,1.6028803514161651,,5,1,val,current_repo_v1
9934,397.36,1.4844987168854082,,5,1,val,current_repo_v1
9935,397.4,1.297633639251512,,5,1,val,current_repo_v1
9936,397.44,0.8599375635203724,,5,1,val,current_repo_v1
9937,397.48,0.8437781690368525,,5,1,val,current_repo_v1
9938,397.52,0.7349267696099467,,5,1,val,current_repo_v1
9939,397.56,0.6860629519681422,,5,1,val,current_repo_v1
9940,397.6,0.8519703275709335,,5,1,val,current_repo_v1
9941,397.64,0.956628901553562,,5,1,val,current_repo_v1
9942,397.68,1.079711483582984,,5,1,val,current_repo_v1
9943,397.72,1.2437586233624667,,5,1,val,current_repo_v1
9944,397.76,1.177356123415055,,5,1,val,current_repo_v1
9945,397.8,1.2732608053489014,,5,1,val,current_repo_v1
9946,397.84,1.3970691474067154,,5,1,val,current_repo_v1
9947,397.88,1.3412583076277977,,5,1,val,current_repo_v1
9948,397.92,1.4668635748760164,,5,1,val,current_repo_v1
9949,397.96,1.4774463952922754,,5,1,val,current_repo_v1
9950,398.0,1.3514620008926512,,5,1,val,current_repo_v1
9951,398.04,1.3190598072262847,,5,1,val,current_repo_v1
9952,398.08,1.1985964928937805,,5,1,val,current_repo_v1
9953,398.12,1.264953893734883,,5,1,val,current_repo_v1
9954,398.16,1.192765203002864,,5,1,val,current_repo_v1
9955,398.2,1.0760089369895094,,5,1,val,current_repo_v1
9956,398.24,1.1754906901448303,,5,1,val,current_repo_v1
9957,398.28,1.2043306273596717,,5,1,val,current_repo_v1
9958,398.32,1.3318515016570034,,5,1,val,current_repo_v1
9959,398.36,1.2582300344169206,,5,1,val,current_repo_v1
9960,398.4,1.1038870600514654,,5,1,val,current_repo_v1
9961,398.44,1.3931138493789705,,5,1,val,current_repo_v1
9962,398.48,1.4604315092313613,,5,1,val,current_repo_v1
9963,398.52,1.4138085278563102,,5,1,val,current_repo_v1
9964,398.56,1.2981881700051328,,5,1,val,current_repo_v1
9965,398.6,1.222938142114896,,5,1,val,current_repo_v1
9966,398.64,1.3617064552372544,,5,1,val,current_repo_v1
9967,398.68,1.5773439442008648,,5,1,val,current_repo_v1
9968,398.72,1.698845520173174,,5,1,val,current_repo_v1
9969,398.76,1.561832961913682,,5,1,val,current_repo_v1
9970,398.8,1.4557649385469429,,5,1,val,current_repo_v1
9971,398.84,1.4599043980795803,,5,1,val,current_repo_v1
9972,398.88,1.5674422758040347,,5,1,val,current_repo_v1
9973,398.92,1.680208212178936,,5,1,val,current_repo_v1
9974,398.96,1.656309287215582,,5,1,val,current_repo_v1
9975,399.0,1.6875067372417207,,5,1,val,current_repo_v1
9976,399.04,1.6929690493263905,,5,1,val,current_repo_v1
9977,399.08,1.7236472457582899,,5,1,val,current_repo_v1
9978,399.12,1.8128554061264557,,5,1,val,current_repo_v1
9979,399.16,1.7210418106366283,,5,1,val,current_repo_v1
9980,399.2,1.7418311072027037,,5,1,val,current_repo_v1
9981,399.24,1.7918089382499927,,5,1,val,current_repo_v1
9982,399.28,1.7341940523691477,,5,1,val,current_repo_v1
9983,399.32,1.70577081125271,,5,1,val,current_repo_v1
9984,399.36,1.6450171585320348,,5,1,val,current_repo_v1
9985,399.4,1.5522361012698387,,5,1,val,current_repo_v1
9986,399.44,1.677479511623333,,5,1,val,current_repo_v1
9987,399.48,1.7609732632690205,,5,1,val,current_repo_v1
9988,399.52,1.5984815924846392,,5,1,val,current_repo_v1
9989,399.56,1.6748802970680587,,5,1,val,current_repo_v1
9990,399.6,1.6447999298058193,,5,1,val,current_repo_v1
9991,399.64,1.5041131448998273,,5,1,val,current_repo_v1
9992,399.68,1.674854432607816,,5,1,val,current_repo_v1
9993,399.72,1.7397378866133166,,5,1,val,current_repo_v1
9994,399.76,1.7000234990080243,,5,1,val,current_repo_v1
9995,399.8,1.6326920884299347,,5,1,val,current_repo_v1
9996,399.84,1.6970831354961315,,5,1,val,current_repo_v1
9997,399.88,1.7402325853402367,,5,1,val,current_repo_v1
9998,399.92,1.74897706468988,,5,1,val,current_repo_v1
9999,399.96,1.7340937048113707,,5,1,val,current_repo_v1
10000,400.0,1.7023661970493726,,5,1,val,current_repo_v1
10001,400.04,1.6580507184058457,,5,1,val,current_repo_v1
10002,400.08,1.7739735922223931,,5,1,val,current_repo_v1
10003,400.12,1.869564381102345,,5,1,val,current_repo_v1
10004,400.16,1.9019123085119365,,5,1,val,current_repo_v1
10005,400.2,1.9280174064543452,,5,1,val,current_repo_v1
10006,400.24,2.0854720554560218,,5,1,val,current_repo_v1
10007,400.28,2.0881707990734957,,5,1,val,current_repo_v1
10008,400.32,1.8055925674708413,,5,1,val,current_repo_v1
10009,400.36,1.595331203007611,,5,1,val,current_repo_v1
10010,400.4,1.6027276201414409,,5,1,val,current_repo_v1
10011,400.44,1.2183240369969823,,5,1,val,current_repo_v1
10012,400.48,1.1626585620325929,,5,1,val,current_repo_v1
10013,400.52,1.2391333048551438,,5,1,val,current_repo_v1
10014,400.56,1.3495717672064345,,5,1,val,current_repo_v1
10015,400.6,1.26086223434396,,5,1,val,current_repo_v1
10016,400.64,1.2266428986464293,,5,1,val,current_repo_v1
10017,400.68,1.2401676377161779,,5,1,val,current_repo_v1
10018,400.72,1.1604671219739298,,5,1,val,current_repo_v1
10019,400.76,0.9223228053248376,,5,1,val,current_repo_v1
10020,400.8,0.4938285024223786,,5,1,val,current_repo_v1
10021,400.84,0.1091475720515518,,5,1,val,current_repo_v1
10022,400.88,0.2921748466978246,,5,1,val,current_repo_v1
10023,400.92,0.3659921390047765,,5,1,val,current_repo_v1
10024,400.96,0.37445616084485767,,5,1,val,current_repo_v1
10025,401.0,0.5718411984346763,,5,1,val,current_repo_v1
10026,401.04,0.870615083874925,,5,1,val,current_repo_v1
10027,401.08,1.142644626326894,,5,1,val,current_repo_v1
10028,401.12,1.2045724928027637,,5,1,val,current_repo_v1
10029,401.16,1.2167958239046053,,5,1,val,current_repo_v1
10030,401.2,1.2315310360836231,,5,1,val,current_repo_v1
10031,401.24,1.3902111366636336,,5,1,val,current_repo_v1
10032,401.28,1.5421134390671376,,5,1,val,current_repo_v1
10033,401.32,1.6290461817304094,,5,1,val,current_repo_v1
10034,401.36,1.7774034160895114,,5,1,val,current_repo_v1
10035,401.4,1.709058216889378,,5,1,val,current_repo_v1
10036,401.44,1.602916201522451,,5,1,val,current_repo_v1
10037,401.48,1.7122254673752983,,5,1,val,current_repo_v1
10038,401.52,1.7598957956910628,,5,1,val,current_repo_v1
10039,401.56,1.7385877366280946,,5,1,val,current_repo_v1
10040,401.6,1.7219446112583903,,5,1,val,current_repo_v1
10041,401.64,1.6116220478808454,,5,1,val,current_repo_v1
10042,401.68,1.5074308348728553,,5,1,val,current_repo_v1
10043,401.72,1.42479912276918,,5,1,val,current_repo_v1
10044,401.76,1.2384987252340631,,5,1,val,current_repo_v1
10045,401.8,1.2511759939830753,,5,1,val,current_repo_v1
10046,401.84,1.340057983863687,,5,1,val,current_repo_v1
10047,401.88,1.3705082292773085,,5,1,val,current_repo_v1
10048,401.92,1.4301583044111101,,5,1,val,current_repo_v1
10049,401.96,1.4481157699788427,,5,1,val,current_repo_v1
10050,402.0,1.410255602254366,,5,1,val,current_repo_v1
10051,402.04,1.4655163311557804,,5,1,val,current_repo_v1
10052,402.08,1.50950359307281,,5,1,val,current_repo_v1
10053,402.12,1.5747471851323225,,5,1,val,current_repo_v1
10054,402.16,1.2323537059883674,,5,1,val,current_repo_v1
10055,402.2,1.1357683631324382,,5,1,val,current_repo_v1
10056,402.24,1.1678868662317126,,5,1,val,current_repo_v1
10057,402.28,1.2550287345149844,,5,1,val,current_repo_v1
10058,402.32,1.517517155871924,,5,1,val,current_repo_v1
10059,402.36,1.6332051214577865,,5,1,val,current_repo_v1
10060,402.4,1.5798298789682406,,5,1,val,current_repo_v1
10061,402.44,1.5468741367429457,,5,1,val,current_repo_v1
10062,402.48,1.423783860855097,,5,1,val,current_repo_v1
10063,402.52,1.3253534652688181,,5,1,val,current_repo_v1
10064,402.56,1.3280932973642723,,5,1,val,current_repo_v1
10065,402.6,1.3973670797968527,,5,1,val,current_repo_v1
10066,402.64,1.4437355090473636,,5,1,val,current_repo_v1
10067,402.68,1.4509510386586102,,5,1,val,current_repo_v1
10068,402.72,1.273867474270796,,5,1,val,current_repo_v1
10069,402.76,1.0789789300413004,,5,1,val,current_repo_v1
10070,402.8,0.9962368847338052,,5,1,val,current_repo_v1
10071,402.84,0.9096922726732892,,5,1,val,current_repo_v1
10072,402.88,0.9596366272514665,,5,1,val,current_repo_v1
10073,402.92,0.928168991835261,,5,1,val,current_repo_v1
10074,402.96,0.7971802336264666,,5,1,val,current_repo_v1
10075,403.0,0.7989340240999475,,5,1,val,current_repo_v1
10076,403.04,0.6862401562606276,,5,1,val,current_repo_v1
10077,403.08,0.5682797604787282,,5,1,val,current_repo_v1
10078,403.12,0.42328830270782075,,5,1,val,current_repo_v1
10079,403.16,0.26743767995136825,,5,1,val,current_repo_v1
10080,403.2,0.40194639885273115,,5,1,val,current_repo_v1
10081,403.24,0.49248269106940296,,5,1,val,current_repo_v1
10082,403.28,0.6724917223496029,,5,1,val,current_repo_v1
10083,403.32,0.5403010443103221,,5,1,val,current_repo_v1
10084,403.36,0.4382750385777428,,5,1,val,current_repo_v1
10085,403.4,0.3866397539864213,,5,1,val,current_repo_v1
10086,403.44,0.2936466040577573,,5,1,val,current_repo_v1
10087,403.48,0.6396251961422339,,5,1,val,current_repo_v1
10088,403.52,0.80675041131449,,5,1,val,current_repo_v1
10089,403.56,0.6884180502174866,,5,1,val,current_repo_v1
10090,403.6,0.717157885423224,,5,1,val,current_repo_v1
10091,403.64,0.7702989563281044,,5,1,val,current_repo_v1
10092,403.68,0.928531257977774,,5,1,val,current_repo_v1
10093,403.72,0.8155859073723288,,5,1,val,current_repo_v1
10094,403.76,0.7121618702689421,,5,1,val,current_repo_v1
10095,403.8,0.840277217904067,,5,1,val,current_repo_v1
10096,403.84,0.8851486187436961,,5,1,val,current_repo_v1
10097,403.88,0.8940540143238364,,5,1,val,current_repo_v1
10098,403.92,0.9756456640974364,,5,1,val,current_repo_v1
10099,403.96,1.373289559098532,,5,1,val,current_repo_v1
10100,404.0,1.4486032659446826,,5,1,val,current_repo_v1
10101,404.04,0.9135857742849479,,5,1,val,current_repo_v1
10102,404.08,0.0015238366988370904,,5,1,val,current_repo_v1
10103,404.12,-0.15693173263972926,,5,1,val,current_repo_v1
10104,404.16,-0.26945426889233076,,5,1,val,current_repo_v1
10105,404.2,-0.12439980742436058,,5,1,val,current_repo_v1
10106,404.24,-0.6004328859409225,,5,1,val,current_repo_v1
10107,404.28,-0.9669723938630184,,5,1,val,current_repo_v1
10108,404.32,-0.565225257758581,,5,1,val,current_repo_v1
10109,404.36,-0.3507932081564394,,5,1,val,current_repo_v1
10110,404.4,-0.45029337746224957,,5,1,val,current_repo_v1
10111,404.44,-0.665202937384188,,5,1,val,current_repo_v1
10112,404.48,-0.25303395848115706,,5,1,val,current_repo_v1
10113,404.52,-0.026096056124078035,,5,1,val,current_repo_v1
10114,404.56,0.004564010630784258,,5,1,val,current_repo_v1
10115,404.6,0.348976516297843,,5,1,val,current_repo_v1
10116,404.64,0.5455252560315553,,5,1,val,current_repo_v1
10117,404.68,0.42312047018969534,,5,1,val,current_repo_v1
10118,404.72,0.4926029689944872,,5,1,val,current_repo_v1
10119,404.76,0.20564251207096815,,5,1,val,current_repo_v1
10120,404.8,0.039005115147185555,,5,1,val,current_repo_v1
10121,404.84,-0.14628410783613752,,5,1,val,current_repo_v1
10122,404.88,-0.45252819778650966,,5,1,val,current_repo_v1
10123,404.92,-0.4362457834177216,,5,1,val,current_repo_v1
10124,404.96,-0.28294882593766646,,5,1,val,current_repo_v1
10125,405.0,0.21532396423272546,,5,1,val,current_repo_v1
10126,405.04,-0.22229947001592873,,5,1,val,current_repo_v1
10127,405.08,-0.1535104415890044,,5,1,val,current_repo_v1
10128,405.12,-0.7242731493262513,,5,1,val,current_repo_v1
10129,405.16,-1.2150132223868035,,5,1,val,current_repo_v1
10130,405.2,-0.17345934782108702,,5,1,val,current_repo_v1
10131,405.24,1.2617808319303636,,5,1,val,current_repo_v1
10132,405.28,0.46551023336372954,,5,1,val,current_repo_v1
10133,405.32,0.09583152889162522,,5,1,val,current_repo_v1
10134,405.36,-0.23002678444927158,,5,1,val,current_repo_v1
10135,405.4,-0.26234982959331327,,5,1,val,current_repo_v1
10136,405.44,-0.0922972036016752,,5,1,val,current_repo_v1
10137,405.48,-0.0887822152697389,,5,1,val,current_repo_v1
10138,405.52,-0.45608959481767886,,5,1,val,current_repo_v1
10139,405.56,-0.8468751926022405,,5,1,val,current_repo_v1
10140,405.6,-0.6195261368964956,,5,1,val,current_repo_v1
10141,405.64,0.1477598348996201,,5,1,val,current_repo_v1
10142,405.68,0.011896196324185471,,5,1,val,current_repo_v1
10143,405.72,-0.3903270356373793,,5,1,val,current_repo_v1
10144,405.76,0.16605726260538436,,5,1,val,current_repo_v1
10145,405.8,-0.7268356134301046,,5,1,val,current_repo_v1
10146,405.84,-0.9720079423536839,,5,1,val,current_repo_v1
10147,405.88,-0.336361330438369,,5,1,val,current_repo_v1
10148,405.92,0.501662814690064,,5,1,val,current_repo_v1
10149,405.96,1.3001953667093458,,5,1,val,current_repo_v1
10150,406.0,1.3371615735642952,,5,1,val,current_repo_v1
10151,406.04,0.4220422250409391,,5,1,val,current_repo_v1
10152,406.08,1.1337778637380023,,5,1,val,current_repo_v1
10153,406.12,0.5890474078367841,,5,1,val,current_repo_v1
10154,406.16,0.2910391431595419,,5,1,val,current_repo_v1
10155,406.2,0.2836898304461857,,5,1,val,current_repo_v1
10156,406.24,0.34244580147373405,,5,1,val,current_repo_v1
10157,406.28,0.5256153101889521,,5,1,val,current_repo_v1
10158,406.32,0.7304661324127768,,5,1,val,current_repo_v1
10159,406.36,0.8329737000182607,,5,1,val,current_repo_v1
10160,406.4,0.6841484089632796,,5,1,val,current_repo_v1
10161,406.44,0.6373305028664943,,5,1,val,current_repo_v1
10162,406.48,0.5496361909933237,,5,1,val,current_repo_v1
10163,406.52,0.20570520883218935,,5,1,val,current_repo_v1
10164,406.56,-0.38875994400508057,,5,1,val,current_repo_v1
10165,406.6,-0.6361790842131274,,5,1,val,current_repo_v1
10166,406.64,-1.0047530038173815,,5,1,val,current_repo_v1
10167,406.68,-0.6770397339496496,,5,1,val,current_repo_v1
10168,406.72,0.8059180831619336,,5,1,val,current_repo_v1
10169,406.76,0.5052658322213389,,5,1,val,current_repo_v1
10170,406.8,-1.840744988126494,,5,1,val,current_repo_v1
10171,406.84,-2.347052437819505,,5,1,val,current_repo_v1
10172,406.88,-1.977849381589759,,5,1,val,current_repo_v1
10173,406.92,-0.8997567185595591,,5,1,val,current_repo_v1
10174,406.96,-0.06026385473602413,,5,1,val,current_repo_v1
10175,407.0,-0.2190050662420748,,5,1,val,current_repo_v1
10176,407.04,-0.07964862823824474,,5,1,val,current_repo_v1
10177,407.08,-0.3237341536186876,,5,1,val,current_repo_v1
10178,407.12,-0.21173662089175585,,5,1,val,current_repo_v1
10179,407.16,-0.30720465589750207,,5,1,val,current_repo_v1
10180,407.2,-0.32510771197173377,,5,1,val,current_repo_v1
10181,407.24,-0.6111831705522971,,5,1,val,current_repo_v1
10182,407.28,-0.7363094541886798,,5,1,val,current_repo_v1
10183,407.32,-0.6182188357604319,,5,1,val,current_repo_v1
10184,407.36,-0.4711648100595071,,5,1,val,current_repo_v1
10185,407.4,-0.547957251940387,,5,1,val,current_repo_v1
10186,407.44,-0.15706948544538887,,5,1,val,current_repo_v1
10187,407.48,-0.09798986080418663,,5,1,val,current_repo_v1
10188,407.52,-0.057620298182849784,,5,1,val,current_repo_v1
10189,407.56,-0.7016411736670002,,5,1,val,current_repo_v1
10190,407.6,-0.3161027054798361,,5,1,val,current_repo_v1
10191,407.64,-0.15525136121953223,,5,1,val,current_repo_v1
10192,407.68,-0.23477964502992707,,5,1,val,current_repo_v1
10193,407.72,-0.3029477217871327,,5,1,val,current_repo_v1
10194,407.76,-0.42847539565462334,,5,1,val,current_repo_v1
10195,407.8,-0.5358364783343812,,5,1,val,current_repo_v1
10196,407.84,-0.3882406904108414,,5,1,val,current_repo_v1
10197,407.88,-0.2662887167847333,,5,1,val,current_repo_v1
10198,407.92,-0.1010895649425903,,5,1,val,current_repo_v1
10199,407.96,0.03940302677208999,,5,1,val,current_repo_v1
10200,408.0,-0.06192612717276813,,5,1,val,current_repo_v1
10201,408.04,0.03387971630452193,,5,1,val,current_repo_v1
10202,408.08,0.15548606482632302,,5,1,val,current_repo_v1
10203,408.12,0.0973163821807947,,5,1,val,current_repo_v1
10204,408.16,0.22056352274603302,,5,1,val,current_repo_v1
10205,408.2,0.18548171779631198,,5,1,val,current_repo_v1
10206,408.24,0.2811167463622169,,5,1,val,current_repo_v1
10207,408.28,0.32782231394101774,,5,1,val,current_repo_v1
10208,408.32,0.235542401058413,,5,1,val,current_repo_v1
10209,408.36,0.041014992424414184,,5,1,val,current_repo_v1
10210,408.4,-0.12548110146914226,,5,1,val,current_repo_v1
10211,408.44,0.06479009946931202,,5,1,val,current_repo_v1
10212,408.48,-0.07229735113550301,,5,1,val,current_repo_v1
10213,408.52,-0.27554227992106756,,5,1,val,current_repo_v1
10214,408.56,-0.34606737839222423,,5,1,val,current_repo_v1
10215,408.6,-0.2850155272703492,,5,1,val,current_repo_v1
10216,408.64,-0.42250966786513516,,5,1,val,current_repo_v1
10217,408.68,-0.6510306864632373,,5,1,val,current_repo_v1
10218,408.72,-0.6801776413691237,,5,1,val,current_repo_v1
10219,408.76,-0.7137103002020784,,5,1,val,current_repo_v1
10220,408.8,-0.8014436133895072,,5,1,val,current_repo_v1
10221,408.84,-0.9082352686961374,,5,1,val,current_repo_v1
10222,408.88,-0.6706199048138753,,5,1,val,current_repo_v1
10223,408.92,-0.35792308220552144,,5,1,val,current_repo_v1
10224,408.96,-0.31512830695744976,,5,1,val,current_repo_v1
10225,409.0,-0.25368693379033763,,5,1,val,current_repo_v1
10226,409.04,-0.21350011053782772,,5,1,val,current_repo_v1
10227,409.08,-0.578276947309429,,5,1,val,current_repo_v1
10228,409.12,-0.6092864298262407,,5,1,val,current_repo_v1
10229,409.16,-0.7731190009901341,,5,1,val,current_repo_v1
10230,409.2,-0.5588881785256717,,5,1,val,current_repo_v1
10231,409.24,-0.4193379565783185,,5,1,val,current_repo_v1
10232,409.28,-0.3236850438840496,,5,1,val,current_repo_v1
10233,409.32,-0.17757372046428016,,5,1,val,current_repo_v1
10234,409.36,-0.34469950858344034,,5,1,val,current_repo_v1
10235,409.4,-0.23383477373549186,,5,1,val,current_repo_v1
10236,409.44,-0.22215322531865464,,5,1,val,current_repo_v1
10237,409.48,-0.07604069973350602,,5,1,val,current_repo_v1
10238,409.52,-0.266595754938168,,5,1,val,current_repo_v1
10239,409.56,-0.18712630049739157,,5,1,val,current_repo_v1
10240,409.6,-0.2107150974865065,,5,1,val,current_repo_v1
10241,409.64,-0.10710039183838772,,5,1,val,current_repo_v1
10242,409.68,-0.2032373832794613,,5,1,val,current_repo_v1
10243,409.72,-0.3404155641190201,,5,1,val,current_repo_v1
10244,409.76,-0.37340476235103687,,5,1,val,current_repo_v1
10245,409.8,-0.3560729548025924,,5,1,val,current_repo_v1
10246,409.84,-0.4073737611762502,,5,1,val,current_repo_v1
10247,409.88,-0.5651334225548079,,5,1,val,current_repo_v1
10248,409.92,-0.4692935245459048,,5,1,val,current_repo_v1
10249,409.96,-0.6183516775926277,,5,1,val,current_repo_v1
10250,410.0,-0.2058941176114302,,5,1,val,current_repo_v1
10251,410.04,0.08175084204778754,,5,1,val,current_repo_v1
10252,410.08,-0.20195860671426655,,5,1,val,current_repo_v1
10253,410.12,-0.41555740735632724,,5,1,val,current_repo_v1
10254,410.16,-0.21366741103382786,,5,1,val,current_repo_v1
10255,410.2,-0.6125125710689479,,5,1,val,current_repo_v1
10256,410.24,-0.827033877613794,,5,1,val,current_repo_v1
10257,410.28,-0.7960665885439921,,5,1,val,current_repo_v1
10258,410.32,-0.44799434615995026,,5,1,val,current_repo_v1
10259,410.36,-0.48235086171623626,,5,1,val,current_repo_v1
10260,410.4,-0.6464111792745133,,5,1,val,current_repo_v1
10261,410.44,-0.7084371424453226,,5,1,val,current_repo_v1
10262,410.48,-0.6908874513742008,,5,1,val,current_repo_v1
10263,410.52,-0.45020244260361153,,5,1,val,current_repo_v1
10264,410.56,-0.6048265292750904,,5,1,val,current_repo_v1
10265,410.6,-0.6475347281534731,,5,1,val,current_repo_v1
10266,410.64,-0.7031243695026256,,5,1,val,current_repo_v1
10267,410.68,-0.7809511033197608,,5,1,val,current_repo_v1
10268,410.72,-0.7214351796110787,,5,1,val,current_repo_v1
10269,410.76,-0.32239632259759066,,5,1,val,current_repo_v1
10270,410.8,-0.2581308532153412,,5,1,val,current_repo_v1
10271,410.84,-0.46109690521092755,,5,1,val,current_repo_v1
10272,410.88,-0.6149324941680144,,5,1,val,current_repo_v1
10273,410.92,-0.7468944026934398,,5,1,val,current_repo_v1
10274,410.96,-0.680752348038725,,5,1,val,current_repo_v1
10275,411.0,-0.3277917226688161,,5,1,val,current_repo_v1
10276,411.04,-0.2523920737870489,,5,1,val,current_repo_v1
10277,411.08,-0.6581934231097479,,5,1,val,current_repo_v1
10278,411.12,-0.7671201650545442,,5,1,val,current_repo_v1
10279,411.16,-0.44483147462536843,,5,1,val,current_repo_v1
10280,411.2,-0.3535471593006021,,5,1,val,current_repo_v1
10281,411.24,-0.09011484884392001,,5,1,val,current_repo_v1
10282,411.28,-0.13320847728965338,,5,1,val,current_repo_v1
10283,411.32,0.1393281640972317,,5,1,val,current_repo_v1
10284,411.36,0.025083794507845567,,5,1,val,current_repo_v1
10285,411.4,0.13375805614503153,,5,1,val,current_repo_v1
10286,411.44,0.2418502599992126,,5,1,val,current_repo_v1
10287,411.48,0.2772095963368067,,5,1,val,current_repo_v1
10288,411.52,0.25131661152325546,,5,1,val,current_repo_v1
10289,411.56,-0.17731642637955589,,5,1,val,current_repo_v1
10290,411.6,-0.6114836812035028,,5,1,val,current_repo_v1
10291,411.64,-1.134048622074973,,5,1,val,current_repo_v1
10292,411.68,-0.713727406759644,,5,1,val,current_repo_v1
10293,411.72,-0.12994832755570948,,5,1,val,current_repo_v1
10294,411.76,0.29576272206091947,,5,1,val,current_repo_v1
10295,411.8,0.3224934166354479,,5,1,val,current_repo_v1
10296,411.84,0.0027480554182074514,,5,1,val,current_repo_v1
10297,411.88,-0.7086483143042661,,5,1,val,current_repo_v1
10298,411.92,-0.9990397409887115,,5,1,val,current_repo_v1
10299,411.96,-1.0745712495079818,,5,1,val,current_repo_v1
10300,412.0,-0.7506654573667344,,5,1,val,current_repo_v1
10301,412.04,-0.09826870178498334,,5,1,val,current_repo_v1
10302,412.08,0.04698247997939355,,5,1,val,current_repo_v1
10303,412.12,-0.01898650122770244,,5,1,val,current_repo_v1
10304,412.16,0.008794507334006847,,5,1,val,current_repo_v1
10305,412.2,0.30483856934503245,,5,1,val,current_repo_v1
10306,412.24,0.4352838055657208,,5,1,val,current_repo_v1
10307,412.28,0.4931734604118653,,5,1,val,current_repo_v1
10308,412.32,0.7272082744664493,,5,1,val,current_repo_v1
10309,412.36,0.6649022221090879,,5,1,val,current_repo_v1
10310,412.4,0.8218627862555276,,5,1,val,current_repo_v1
10311,412.44,0.8514255369146826,,5,1,val,current_repo_v1
10312,412.48,0.9650692279466803,,5,1,val,current_repo_v1
10313,412.52,1.1368591721883061,,5,1,val,current_repo_v1
10314,412.56,1.395058758569751,,5,1,val,current_repo_v1
10315,412.6,1.3695941334165798,,5,1,val,current_repo_v1
10316,412.64,1.3843313918345408,,5,1,val,current_repo_v1
10317,412.68,1.2506724555039204,,5,1,val,current_repo_v1
10318,412.72,1.1917586171419001,,5,1,val,current_repo_v1
10319,412.76,1.2258528048656616,,5,1,val,current_repo_v1
10320,412.8,1.1961348674450505,,5,1,val,current_repo_v1
10321,412.84,1.1540805646833727,,5,1,val,current_repo_v1
10322,412.88,1.2035075482071387,,5,1,val,current_repo_v1
10323,412.92,1.2792461361074658,,5,1,val,current_repo_v1
10324,412.96,1.3310915285134803,,5,1,val,current_repo_v1
10325,413.0,1.3331128851911804,,5,1,val,current_repo_v1
10326,413.04,1.1992494068157928,,5,1,val,current_repo_v1
10327,413.08,1.1024076292954954,,5,1,val,current_repo_v1
10328,413.12,1.2083213662459136,,5,1,val,current_repo_v1
10329,413.16,1.0504325871900368,,5,1,val,current_repo_v1
10330,413.2,1.027505543875169,,5,1,val,current_repo_v1
10331,413.24,1.0542739506334216,,5,1,val,current_repo_v1
10332,413.28,0.8598125792457186,,5,1,val,current_repo_v1
10333,413.32,0.9910726687383881,,5,1,val,current_repo_v1
10334,413.36,1.1520327705985256,,5,1,val,current_repo_v1
10335,413.4,1.196359380781904,,5,1,val,current_repo_v1
10336,413.44,1.4033992285024388,,5,1,val,current_repo_v1
10337,413.48,1.3612589018555867,,5,1,val,current_repo_v1
10338,413.52,1.1964359101183815,,5,1,val,current_repo_v1
10339,413.56,1.2821861722211276,,5,1,val,current_repo_v1
10340,413.6,1.128030387794201,,5,1,val,current_repo_v1
10341,413.64,1.2229515654423637,,5,1,val,current_repo_v1
10342,413.68,1.2363541849719792,,5,1,val,current_repo_v1
10343,413.72,1.359172229230818,,5,1,val,current_repo_v1
10344,413.76,1.4021988228887705,,5,1,val,current_repo_v1
10345,413.8,1.4330238574272376,,5,1,val,current_repo_v1
10346,413.84,1.2524680711014011,,5,1,val,current_repo_v1
10347,413.88,1.1776983364159241,,5,1,val,current_repo_v1
10348,413.92,1.3974343601333068,,5,1,val,current_repo_v1
10349,413.96,1.2311696702862451,,5,1,val,current_repo_v1
10350,414.0,1.3781704119250877,,5,1,val,current_repo_v1
10351,414.04,1.2339592669127992,,5,1,val,current_repo_v1
10352,414.08,1.3382528737175095,,5,1,val,current_repo_v1
10353,414.12,1.3427438771005973,,5,1,val,current_repo_v1
10354,414.16,1.1257521872043441,,5,1,val,current_repo_v1
10355,414.2,1.097479385575014,,5,1,val,current_repo_v1
10356,414.24,1.163647140990856,,5,1,val,current_repo_v1
10357,414.28,1.0644993340310736,,5,1,val,current_repo_v1
10358,414.32,1.0920172371894596,,5,1,val,current_repo_v1
10359,414.36,0.9862765302040829,,5,1,val,current_repo_v1
10360,414.4,1.0623649431141482,,5,1,val,current_repo_v1
10361,414.44,1.2115362531744327,,5,1,val,current_repo_v1
10362,414.48,1.1811149825042477,,5,1,val,current_repo_v1
10363,414.52,1.2527781990756401,,5,1,val,current_repo_v1
10364,414.56,1.367698170261322,,5,1,val,current_repo_v1
10365,414.6,1.444969800377932,,5,1,val,current_repo_v1
10366,414.64,1.448187797589645,,5,1,val,current_repo_v1
10367,414.68,1.2130754341075456,,5,1,val,current_repo_v1
10368,414.72,1.1805088046796994,,5,1,val,current_repo_v1
10369,414.76,1.2068650989147813,,5,1,val,current_repo_v1
10370,414.8,1.0568193081797093,,5,1,val,current_repo_v1
10371,414.84,1.0707789139496775,,5,1,val,current_repo_v1
10372,414.88,1.0795203648656844,,5,1,val,current_repo_v1
10373,414.92,1.0841708111872304,,5,1,val,current_repo_v1
10374,414.96,1.3810562636315322,,5,1,val,current_repo_v1
10375,415.0,1.3159964238291237,,5,1,val,current_repo_v1
10376,415.04,1.0973600489198436,,5,1,val,current_repo_v1
10377,415.08,1.0860436927672084,,5,1,val,current_repo_v1
10378,415.12,1.0125553129079945,,5,1,val,current_repo_v1
10379,415.16,1.1880624548139285,,5,1,val,current_repo_v1
10380,415.2,1.3723184140960654,,5,1,val,current_repo_v1
10381,415.24,1.3752943821655708,,5,1,val,current_repo_v1
10382,415.28,1.4896095669691853,,5,1,val,current_repo_v1
10383,415.32,1.3196298893958742,,5,1,val,current_repo_v1
10384,415.36,1.7000544381408462,,5,1,val,current_repo_v1
10385,415.4,1.5120836548315753,,5,1,val,current_repo_v1
10386,415.44,1.3441479244138979,,5,1,val,current_repo_v1
10387,415.48,1.4891795293928718,,5,1,val,current_repo_v1
10388,415.52,1.7310860609630239,,5,1,val,current_repo_v1
10389,415.56,1.7285729521424817,,5,1,val,current_repo_v1
10390,415.6,1.8236503805963509,,5,1,val,current_repo_v1
10391,415.64,1.685179918014572,,5,1,val,current_repo_v1
10392,415.68,1.7403236020484325,,5,1,val,current_repo_v1
10393,415.72,1.6384403828693133,,5,1,val,current_repo_v1
10394,415.76,1.7704293426735684,,5,1,val,current_repo_v1
10395,415.8,1.8066968817037345,,5,1,val,current_repo_v1
10396,415.84,1.7016886464104835,,5,1,val,current_repo_v1
10397,415.88,1.7195050033406898,,5,1,val,current_repo_v1
10398,415.92,1.9034342191883684,,5,1,val,current_repo_v1
10399,415.96,1.8025056932506118,,5,1,val,current_repo_v1
10400,416.0,1.5987967132818997,,5,1,val,current_repo_v1
10401,416.04,1.6109841124278976,,5,1,val,current_repo_v1
10402,416.08,1.687384781400703,,5,1,val,current_repo_v1
10403,416.12,1.5047240699987239,,5,1,val,current_repo_v1
10404,416.16,1.481549677320396,,5,1,val,current_repo_v1
10405,416.2,1.4716573397731474,,5,1,val,current_repo_v1
10406,416.24,1.5169898810210274,,5,1,val,current_repo_v1
10407,416.28,1.5552483286934182,,5,1,val,current_repo_v1
10408,416.32,1.5898592326751293,,5,1,val,current_repo_v1
10409,416.36,1.4501945850460694,,5,1,val,current_repo_v1
10410,416.4,1.5818003252210326,,5,1,val,current_repo_v1
10411,416.44,1.7120768285784607,,5,1,val,current_repo_v1
10412,416.48,1.5889931006552303,,5,1,val,current_repo_v1
10413,416.52,1.6314399538957811,,5,1,val,current_repo_v1
10414,416.56,1.472440803739739,,5,1,val,current_repo_v1
10415,416.6,1.5706907210512233,,5,1,val,current_repo_v1
10416,416.64,1.5132933912948248,,5,1,val,current_repo_v1
10417,416.68,1.5182919437853963,,5,1,val,current_repo_v1
10418,416.72,1.3467204560133519,,5,1,val,current_repo_v1
10419,416.76,1.5069497231725184,,5,1,val,current_repo_v1
10420,416.8,1.5822464053106613,,5,1,val,current_repo_v1
10421,416.84,1.4815370724885057,,5,1,val,current_repo_v1
10422,416.88,1.641855801214271,,5,1,val,current_repo_v1
10423,416.92,1.4472828688793822,,5,1,val,current_repo_v1
10424,416.96,1.4560908634858236,,5,1,val,current_repo_v1
10425,417.0,1.561210250478472,,5,1,val,current_repo_v1
10426,417.04,1.5576547056906804,,5,1,val,current_repo_v1
10427,417.08,1.6176520684979305,,5,1,val,current_repo_v1
10428,417.12,1.553331248352266,,5,1,val,current_repo_v1
10429,417.16,1.6543728903788055,,5,1,val,current_repo_v1
10430,417.2,1.8384911787048404,,5,1,val,current_repo_v1
10431,417.24,1.6866780923192621,,5,1,val,current_repo_v1
10432,417.28,1.607311031675206,,5,1,val,current_repo_v1
10433,417.32,1.5203349087463374,,5,1,val,current_repo_v1
10434,417.36,1.4262604647728916,,5,1,val,current_repo_v1
10435,417.4,1.4860947832611433,,5,1,val,current_repo_v1
10436,417.44,1.545403136491422,,5,1,val,current_repo_v1
10437,417.48,1.6891956210159216,,5,1,val,current_repo_v1
10438,417.52,1.6705520924552961,,5,1,val,current_repo_v1
10439,417.56,1.6209231042230525,,5,1,val,current_repo_v1
10440,417.6,1.7229505423228921,,5,1,val,current_repo_v1
10441,417.64,1.5698660049075357,,5,1,val,current_repo_v1
10442,417.68,1.4911863168492963,,5,1,val,current_repo_v1
10443,417.72,1.4286814109914299,,5,1,val,current_repo_v1
10444,417.76,1.4000280089186552,,5,1,val,current_repo_v1
10445,417.8,1.6265823463436206,,5,1,val,current_repo_v1
10446,417.84,1.5319174396607107,,5,1,val,current_repo_v1
10447,417.88,1.5206331685347054,,5,1,val,current_repo_v1
10448,417.92,1.3901166822740132,,5,1,val,current_repo_v1
10449,417.96,1.4732941672286322,,5,1,val,current_repo_v1
10450,418.0,1.5263361183191015,,5,1,val,current_repo_v1
10451,418.04,1.6396843324476937,,5,1,val,current_repo_v1
10452,418.08,1.7337062290050769,,5,1,val,current_repo_v1
10453,418.12,1.7994178368356895,,5,1,val,current_repo_v1
10454,418.16,1.8288830228220303,,5,1,val,current_repo_v1
10455,418.2,1.6662112830106428,,5,1,val,current_repo_v1
10456,418.24,1.6053767629269304,,5,1,val,current_repo_v1
10457,418.28,1.6129110147159775,,5,1,val,current_repo_v1
10458,418.32,1.6643714686519877,,5,1,val,current_repo_v1
10459,418.36,1.7554356495912393,,5,1,val,current_repo_v1
10460,418.4,1.740456525730186,,5,1,val,current_repo_v1
10461,418.44,1.6142710269672194,,5,1,val,current_repo_v1
10462,418.48,1.7773996510098558,,5,1,val,current_repo_v1
10463,418.52,1.711622563533059,,5,1,val,current_repo_v1
10464,418.56,1.5617874535595841,,5,1,val,current_repo_v1
10465,418.6,1.5060253142675155,,5,1,val,current_repo_v1
10466,418.64,1.7077044252045237,,5,1,val,current_repo_v1
10467,418.68,1.676799832895943,,5,1,val,current_repo_v1
10468,418.72,1.7722778330853428,,5,1,val,current_repo_v1
10469,418.76,1.8222427319025103,,5,1,val,current_repo_v1
10470,418.8,1.7940102002555833,,5,1,val,current_repo_v1
10471,418.84,1.502095717000898,,5,1,val,current_repo_v1
10472,418.88,1.2313241204016816,,5,1,val,current_repo_v1
10473,418.92,1.1191127147804014,,5,1,val,current_repo_v1
10474,418.96,1.1839747242017764,,5,1,val,current_repo_v1
10475,419.0,0.9978992492513016,,5,1,val,current_repo_v1
10476,419.04,1.1304296438799408,,5,1,val,current_repo_v1
10477,419.08,1.1442159741361946,,5,1,val,current_repo_v1
10478,419.12,0.8551665528002903,,5,1,val,current_repo_v1
10479,419.16,0.7915465285679102,,5,1,val,current_repo_v1
10480,419.2,0.671822029268256,,5,1,val,current_repo_v1
10481,419.24,0.8303411726929905,,5,1,val,current_repo_v1
10482,419.28,0.8105695116781721,,5,1,val,current_repo_v1
10483,419.32,0.8415453131019779,,5,1,val,current_repo_v1
10484,419.36,0.8772094571925585,,5,1,val,current_repo_v1
10485,419.4,0.6394460274603629,,5,1,val,current_repo_v1
10486,419.44,0.5035440858497093,,5,1,val,current_repo_v1
10487,419.48,0.730265682845896,,5,1,val,current_repo_v1
10488,419.52,0.7111511100805342,,5,1,val,current_repo_v1
10489,419.56,0.6160693026753264,,5,1,val,current_repo_v1
10490,419.6,0.6438018972236385,,5,1,val,current_repo_v1
10491,419.64,0.9051439745997905,,5,1,val,current_repo_v1
10492,419.68,0.9784522035824406,,5,1,val,current_repo_v1
10493,419.72,1.1352611414231855,,5,1,val,current_repo_v1
10494,419.76,1.0637522931176717,,5,1,val,current_repo_v1
10495,419.8,1.0931226973161612,,5,1,val,current_repo_v1
10496,419.84,0.9868356445329366,,5,1,val,current_repo_v1
10497,419.88,1.0895475904840721,,5,1,val,current_repo_v1
10498,419.92,1.0032129225391337,,5,1,val,current_repo_v1
10499,419.96,1.1506998505508925,,5,1,val,current_repo_v1
10500,420.0,1.0161855044924357,,5,1,val,current_repo_v1
10501,420.04,1.0187376555520151,,5,1,val,current_repo_v1
10502,420.08,1.0757122323427382,,5,1,val,current_repo_v1
10503,420.12,0.891401188308249,,5,1,val,current_repo_v1
10504,420.16,0.6969266391417517,,5,1,val,current_repo_v1
10505,420.2,0.8777945178312127,,5,1,val,current_repo_v1
10506,420.24,0.968996697124797,,5,1,val,current_repo_v1
10507,420.28,0.8979067548557454,,5,1,val,current_repo_v1
10508,420.32,0.9357683958722613,,5,1,val,current_repo_v1
10509,420.36,1.27078264628951,,5,1,val,current_repo_v1
10510,420.4,1.6005147354986524,,5,1,val,current_repo_v1
10511,420.44,1.5825479390813386,,5,1,val,current_repo_v1
10512,420.48,1.55241273261542,,5,1,val,current_repo_v1
10513,420.52,1.4602062592484886,,5,1,val,current_repo_v1
10514,420.56,1.382961066539025,,5,1,val,current_repo_v1
10515,420.6,1.221620609784116,,5,1,val,current_repo_v1
10516,420.64,0.8597365410065875,,5,1,val,current_repo_v1
10517,420.68,0.37336793005005836,,5,1,val,current_repo_v1
10518,420.72,0.23470127407840058,,5,1,val,current_repo_v1
10519,420.76,0.375778113051755,,5,1,val,current_repo_v1
10520,420.8,0.3286480532041769,,5,1,val,current_repo_v1
10521,420.84,0.41760806617569485,,5,1,val,current_repo_v1
10522,420.88,0.46633904198530357,,5,1,val,current_repo_v1
10523,420.92,0.7597217835313288,,5,1,val,current_repo_v1
10524,420.96,0.8357979190077346,,5,1,val,current_repo_v1
10525,421.0,0.8822504077540342,,5,1,val,current_repo_v1
10526,421.04,0.9008593958012977,,5,1,val,current_repo_v1
10527,421.08,0.85055809530186,,5,1,val,current_repo_v1
10528,421.12,0.9680475696533598,,5,1,val,current_repo_v1
10529,421.16,0.9588534906831058,,5,1,val,current_repo_v1
10530,421.2,1.2285508118371158,,5,1,val,current_repo_v1
10531,421.24,1.458977697386961,,5,1,val,current_repo_v1
10532,421.28,1.6539196075280966,,5,1,val,current_repo_v1
10533,421.32,1.729048825471124,,5,1,val,current_repo_v1
10534,421.36,1.8227114024700724,,5,1,val,current_repo_v1
10535,421.4,1.6684965226624646,,5,1,val,current_repo_v1
10536,421.44,1.4410639394830562,,5,1,val,current_repo_v1
10537,421.48,1.298277795270847,,5,1,val,current_repo_v1
10538,421.52,1.0891212361378566,,5,1,val,current_repo_v1
10539,421.56,1.16979510682063,,5,1,val,current_repo_v1
10540,421.6,1.0685321435899888,,5,1,val,current_repo_v1
10541,421.64,0.8292991459735297,,5,1,val,current_repo_v1
10542,421.68,0.9131902772219965,,5,1,val,current_repo_v1
10543,421.72,0.8837281196692918,,5,1,val,current_repo_v1
10544,421.76,1.0296398529425366,,5,1,val,current_repo_v1
10545,421.8,1.0517894891580848,,5,1,val,current_repo_v1
10546,421.84,1.227237126435549,,5,1,val,current_repo_v1
10547,421.88,0.7937206165203347,,5,1,val,current_repo_v1
10548,421.92,0.2051227673793826,,5,1,val,current_repo_v1
10549,421.96,0.20819924670578038,,5,1,val,current_repo_v1
10550,422.0,0.15293575538179258,,5,1,val,current_repo_v1
10551,422.04,0.09952454001162428,,5,1,val,current_repo_v1
10552,422.08,-0.07278930790223921,,5,1,val,current_repo_v1
10553,422.12,-0.00430818472250176,,5,1,val,current_repo_v1
10554,422.16,0.20136454262426215,,5,1,val,current_repo_v1
10555,422.2,0.3728940211108016,,5,1,val,current_repo_v1
10556,422.24,0.4556764591750367,,5,1,val,current_repo_v1
10557,422.28,0.8795103301099068,,5,1,val,current_repo_v1
10558,422.32,1.1818037465325457,,5,1,val,current_repo_v1
10559,422.36,1.5197994489396676,,5,1,val,current_repo_v1
10560,422.4,1.4808881691948221,,5,1,val,current_repo_v1
10561,422.44,1.5053778842658712,,5,1,val,current_repo_v1
10562,422.48,1.584120923881794,,5,1,val,current_repo_v1
10563,422.52,1.5367197169118456,,5,1,val,current_repo_v1
10564,422.56,1.7550589779265657,,5,1,val,current_repo_v1
10565,422.6,1.8072758854751165,,5,1,val,current_repo_v1
10566,422.64,1.501170816998549,,5,1,val,current_repo_v1
10567,422.68,1.1892802125338355,,5,1,val,current_repo_v1
10568,422.72,0.8125343921610387,,5,1,val,current_repo_v1
10569,422.76,0.6732114255107228,,5,1,val,current_repo_v1
10570,422.8,0.34961649798973393,,5,1,val,current_repo_v1
10571,422.84,0.3431792553605526,,5,1,val,current_repo_v1
10572,422.88,0.4675853242760795,,5,1,val,current_repo_v1
10573,422.92,0.4880171838235481,,5,1,val,current_repo_v1
10574,422.96,0.3800137458147252,,5,1,val,current_repo_v1
10575,423.0,0.28854326367090194,,5,1,val,current_repo_v1
10576,423.04,0.09192448117816218,,5,1,val,current_repo_v1
10577,423.08,-0.09997485581586533,,5,1,val,current_repo_v1
10578,423.12,-0.04046945233315029,,5,1,val,current_repo_v1
10579,423.16,-0.20173466632431725,,5,1,val,current_repo_v1
10580,423.2,-0.27755590181556233,,5,1,val,current_repo_v1
10581,423.24,-0.37524564075394246,,5,1,val,current_repo_v1
10582,423.28,-0.7381810261757341,,5,1,val,current_repo_v1
10583,423.32,-1.1341073900574232,,5,1,val,current_repo_v1
10584,423.36,-0.8729495151109425,,5,1,val,current_repo_v1
10585,423.4,-0.5197609796475345,,5,1,val,current_repo_v1
10586,423.44,-0.489348671503921,,5,1,val,current_repo_v1
10587,423.48,-0.5570052703748718,,5,1,val,current_repo_v1
10588,423.52,-0.5912721606654434,,5,1,val,current_repo_v1
10589,423.56,-0.3705528782110502,,5,1,val,current_repo_v1
10590,423.6,-0.08661553470228901,,5,1,val,current_repo_v1
10591,423.64,-0.14200085909295793,,5,1,val,current_repo_v1
10592,423.68,-0.2917920977034897,,5,1,val,current_repo_v1
10593,423.72,-0.4820217446446039,,5,1,val,current_repo_v1
10594,423.76,-0.5925472540005404,,5,1,val,current_repo_v1
10595,423.8,-0.5659826117162567,,5,1,val,current_repo_v1
10596,423.84,-0.4163689047964414,,5,1,val,current_repo_v1
10597,423.88,-0.4007232390620139,,5,1,val,current_repo_v1
10598,423.92,-0.43942314232402163,,5,1,val,current_repo_v1
10599,423.96,-0.406012643955979,,5,1,val,current_repo_v1
10600,424.0,-0.25396452656537893,,5,1,val,current_repo_v1
10601,424.04,-0.3072022208731596,,5,1,val,current_repo_v1
10602,424.08,-0.23306295286848733,,5,1,val,current_repo_v1
10603,424.12,-0.10147528098339297,,5,1,val,current_repo_v1
10604,424.16,0.06746047198383766,,5,1,val,current_repo_v1
10605,424.2,0.0992243158338706,,5,1,val,current_repo_v1
10606,424.24,0.09036985114102786,,5,1,val,current_repo_v1
10607,424.28,0.18749155414876173,,5,1,val,current_repo_v1
10608,424.32,-0.06276643565720325,,5,1,val,current_repo_v1
10609,424.36,-0.28629240083332674,,5,1,val,current_repo_v1
10610,424.4,-0.283842520796131,,5,1,val,current_repo_v1
10611,424.44,0.10888600132743613,,5,1,val,current_repo_v1
10612,424.48,0.25923408294159456,,5,1,val,current_repo_v1
10613,424.52,0.44016727757812396,,5,1,val,current_repo_v1
10614,424.56,0.287799435352641,,5,1,val,current_repo_v1
10615,424.6,0.014639466101064397,,5,1,val,current_repo_v1
10616,424.64,-0.02215583887734492,,5,1,val,current_repo_v1
10617,424.68,0.12792664347977828,,5,1,val,current_repo_v1
10618,424.72,0.1428059927299586,,5,1,val,current_repo_v1
10619,424.76,0.14883638167005347,,5,1,val,current_repo_v1
10620,424.8,0.41657418348722824,,5,1,val,current_repo_v1
10621,424.84,0.7237046222982586,,5,1,val,current_repo_v1
10622,424.88,0.5735182549477853,,5,1,val,current_repo_v1
10623,424.92,0.6290010826241001,,5,1,val,current_repo_v1
10624,424.96,0.5346901752783724,,5,1,val,current_repo_v1
10625,425.0,0.33020057561519967,,5,1,val,current_repo_v1
10626,425.04,0.018436525913529053,,5,1,val,current_repo_v1
10627,425.08,0.22954753482637294,,5,1,val,current_repo_v1
10628,425.12,0.07019370495869993,,5,1,val,current_repo_v1
10629,425.16,0.02582339734268863,,5,1,val,current_repo_v1
10630,425.2,0.1523961007852892,,5,1,val,current_repo_v1
10631,425.24,-0.04893338976587507,,5,1,val,current_repo_v1
10632,425.28,0.010554620685822354,,5,1,val,current_repo_v1
10633,425.32,0.07738249022695819,,5,1,val,current_repo_v1
10634,425.36,0.06262482057553827,,5,1,val,current_repo_v1
10635,425.4,0.0195878627173382,,5,1,val,current_repo_v1
10636,425.44,0.040730933534312196,,5,1,val,current_repo_v1
10637,425.48,-0.008888905452056336,,5,1,val,current_repo_v1
10638,425.52,0.02960038610891868,,5,1,val,current_repo_v1
10639,425.56,-0.1464533931839126,,5,1,val,current_repo_v1
10640,425.6,-0.09080529078815149,,5,1,val,current_repo_v1
10641,425.64,0.0010114533518498865,,5,1,val,current_repo_v1
10642,425.68,0.087927439875975,,5,1,val,current_repo_v1
10643,425.72,0.18368904878290934,,5,1,val,current_repo_v1
10644,425.76,0.30861003326611575,,5,1,val,current_repo_v1
10645,425.8,0.10495816382630967,,5,1,val,current_repo_v1
10646,425.84,-0.05011884760406291,,5,1,val,current_repo_v1
10647,425.88,0.23097206499149542,,5,1,val,current_repo_v1
10648,425.92,0.3139850732598559,,5,1,val,current_repo_v1
10649,425.96,0.29961998478089324,,5,1,val,current_repo_v1
10650,426.0,0.19462333120006103,,5,1,val,current_repo_v1
10651,426.04,0.24442260743716185,,5,1,val,current_repo_v1
10652,426.08,0.3124477544041815,,5,1,val,current_repo_v1
10653,426.12,0.28251082849186376,,5,1,val,current_repo_v1
10654,426.16,0.33274020369244633,,5,1,val,current_repo_v1
10655,426.2,0.31063435699028374,,5,1,val,current_repo_v1
10656,426.24,0.2339163368197698,,5,1,val,current_repo_v1
10657,426.28,0.18133826809773523,,5,1,val,current_repo_v1
10658,426.32,0.2753266267988384,,5,1,val,current_repo_v1
10659,426.36,0.40667697589129465,,5,1,val,current_repo_v1
10660,426.4,0.5283261266161912,,5,1,val,current_repo_v1
10661,426.44,0.41172942631563136,,5,1,val,current_repo_v1
10662,426.48,0.4896825358499017,,5,1,val,current_repo_v1
10663,426.52,0.5193297961774128,,5,1,val,current_repo_v1
10664,426.56,0.4988261545678151,,5,1,val,current_repo_v1
10665,426.6,0.45095062941082154,,5,1,val,current_repo_v1
10666,426.64,0.39449485604177015,,5,1,val,current_repo_v1
10667,426.68,0.4659341322232132,,5,1,val,current_repo_v1
10668,426.72,0.5257994716938447,,5,1,val,current_repo_v1
10669,426.76,0.6344157991909498,,5,1,val,current_repo_v1
10670,426.8,0.5018314657037667,,5,1,val,current_repo_v1
10671,426.84,0.5517543756978186,,5,1,val,current_repo_v1
10672,426.88,0.6657839055449556,,5,1,val,current_repo_v1
10673,426.92,0.6963342938924597,,5,1,val,current_repo_v1
10674,426.96,0.6260399702493228,,5,1,val,current_repo_v1
10675,427.0,0.5500077061358603,,5,1,val,current_repo_v1
10676,427.04,0.49532385291732695,,5,1,val,current_repo_v1
10677,427.08,0.5409788814226631,,5,1,val,current_repo_v1
10678,427.12,0.4231103617693157,,5,1,val,current_repo_v1
10679,427.16,0.44399615896395483,,5,1,val,current_repo_v1
10680,427.2,0.4644362034671964,,5,1,val,current_repo_v1
10681,427.24,0.5161479764702166,,5,1,val,current_repo_v1
10682,427.28,0.5463413370469024,,5,1,val,current_repo_v1
10683,427.32,0.45709368426713176,,5,1,val,current_repo_v1
10684,427.36,0.39128234275042506,,5,1,val,current_repo_v1
10685,427.4,0.36199456568046406,,5,1,val,current_repo_v1
10686,427.44,0.2658901299009776,,5,1,val,current_repo_v1
10687,427.48,0.19607124987630487,,5,1,val,current_repo_v1
10688,427.52,0.25452959544955744,,5,1,val,current_repo_v1
10689,427.56,0.3046333315790245,,5,1,val,current_repo_v1
10690,427.6,0.25509769276737204,,5,1,val,current_repo_v1
10691,427.64,0.27984863070191646,,5,1,val,current_repo_v1
10692,427.68,0.3118550408318796,,5,1,val,current_repo_v1
10693,427.72,0.43019534133598286,,5,1,val,current_repo_v1
10694,427.76,0.3185638193688302,,5,1,val,current_repo_v1
10695,427.8,0.3567138368396183,,5,1,val,current_repo_v1
10696,427.84,0.22719820697084855,,5,1,val,current_repo_v1
10697,427.88,0.31530166432072193,,5,1,val,current_repo_v1
10698,427.92,0.26396079258855526,,5,1,val,current_repo_v1
10699,427.96,0.32686782532354924,,5,1,val,current_repo_v1
10700,428.0,0.41319060462022744,,5,1,val,current_repo_v1
10701,428.04,0.23996741323558096,,5,1,val,current_repo_v1
10702,428.08,0.15151278035826699,,5,1,val,current_repo_v1
10703,428.12,0.21408562134904932,,5,1,val,current_repo_v1
10704,428.16,0.13133753963667144,,5,1,val,current_repo_v1
10705,428.2,0.3132112266162975,,5,1,val,current_repo_v1
10706,428.24,0.07087516391397054,,5,1,val,current_repo_v1
10707,428.28,0.2604614784469243,,5,1,val,current_repo_v1
10708,428.32,1.0560688295848828,,5,1,val,current_repo_v1
10709,428.36,1.0123922685889963,,5,1,val,current_repo_v1
10710,428.4,0.9433916999801187,,5,1,val,current_repo_v1
10711,428.44,0.5191580758052953,,5,1,val,current_repo_v1
10712,428.48,0.6917882876065773,,5,1,val,current_repo_v1
10713,428.52,1.0459213669661898,,5,1,val,current_repo_v1
10714,428.56,1.6208644999397177,,5,1,val,current_repo_v1
10715,428.6,1.6355360331628217,,5,1,val,current_repo_v1
10716,428.64,1.3262528282091555,,5,1,val,current_repo_v1
10717,428.68,1.1497164281147665,,5,1,val,current_repo_v1
10718,428.72,1.0508673720406985,,5,1,val,current_repo_v1
10719,428.76,1.208889647725233,,5,1,val,current_repo_v1
10720,428.8,1.1617258863222595,,5,1,val,current_repo_v1
10721,428.84,1.093542912945547,,5,1,val,current_repo_v1
10722,428.88,1.0591562767520164,,5,1,val,current_repo_v1
10723,428.92,0.8696819170672452,,5,1,val,current_repo_v1
10724,428.96,1.1609907954442864,,5,1,val,current_repo_v1
10725,429.0,1.2100355415334532,,5,1,val,current_repo_v1
10726,429.04,1.5265777382135204,,5,1,val,current_repo_v1
10727,429.08,1.5628066442524382,,5,1,val,current_repo_v1
10728,429.12,1.4514197092261722,,5,1,val,current_repo_v1
10729,429.16,1.357196544606331,,5,1,val,current_repo_v1
10730,429.2,1.3565037699497042,,5,1,val,current_repo_v1
10731,429.24,1.3315958036386548,,5,1,val,current_repo_v1
10732,429.28,1.2964313510980159,,5,1,val,current_repo_v1
10733,429.32,1.2926211723361263,,5,1,val,current_repo_v1
10734,429.36,1.3318180251878917,,5,1,val,current_repo_v1
10735,429.4,1.2526668836771273,,5,1,val,current_repo_v1
10736,429.44,1.2385322017031748,,5,1,val,current_repo_v1
10737,429.48,1.362465691734758,,5,1,val,current_repo_v1
10738,429.52,1.3252290539410685,,5,1,val,current_repo_v1
10739,429.56,1.2327479753079529,,5,1,val,current_repo_v1
10740,429.6,1.1507176937544776,,5,1,val,current_repo_v1
10741,429.64,1.1281285254139193,,5,1,val,current_repo_v1
10742,429.68,1.3484674529735412,,5,1,val,current_repo_v1
10743,429.72,1.295944755477311,,5,1,val,current_repo_v1
10744,429.76,1.2209444505877085,,5,1,val,current_repo_v1
10745,429.8,1.1582444153842137,,5,1,val,current_repo_v1
10746,429.84,1.1855144780817934,,5,1,val,current_repo_v1
10747,429.88,1.0801634568407692,,5,1,val,current_repo_v1
10748,429.92,1.0871139575840858,,5,1,val,current_repo_v1
10749,429.96,1.0167992124762955,,5,1,val,current_repo_v1
10750,430.0,1.0562768093110748,,5,1,val,current_repo_v1
10751,430.04,0.9673792680144943,,5,1,val,current_repo_v1
10752,430.08,1.1307227471461718,,5,1,val,current_repo_v1
10753,430.12,1.332448512331086,,5,1,val,current_repo_v1
10754,430.16,1.7094982401117345,,5,1,val,current_repo_v1
10755,430.2,1.903069661258239,,5,1,val,current_repo_v1
10756,430.24,1.8836654229080705,,5,1,val,current_repo_v1
10757,430.28,1.7504536307113292,,5,1,val,current_repo_v1
10758,430.32,1.5509869133197631,,5,1,val,current_repo_v1
10759,430.36,1.3658241427875357,,5,1,val,current_repo_v1
10760,430.4,1.4157125122682255,,5,1,val,current_repo_v1
10761,430.44,1.387820638480571,,5,1,val,current_repo_v1
10762,430.48,1.2592707515434576,,5,1,val,current_repo_v1
10763,430.52,1.265117838399016,,5,1,val,current_repo_v1
10764,430.56,1.2512413917797016,,5,1,val,current_repo_v1
10765,430.6,0.9959917453084038,,5,1,val,current_repo_v1
10766,430.64,0.8869344123942493,,5,1,val,current_repo_v1
10767,430.68,0.8311217719250615,,5,1,val,current_repo_v1
10768,430.72,0.9496121026684838,,5,1,val,current_repo_v1
10769,430.76,1.0098209647329082,,5,1,val,current_repo_v1
10770,430.8,0.9525371603130811,,5,1,val,current_repo_v1
10771,430.84,0.9961715687867366,,5,1,val,current_repo_v1
10772,430.88,1.0597703121341069,,5,1,val,current_repo_v1
10773,430.92,0.9570527185634878,,5,1,val,current_repo_v1
10774,430.96,0.9522439751972922,,5,1,val,current_repo_v1
10775,431.0,0.7962546788276557,,5,1,val,current_repo_v1
10776,431.04,0.7308824192633916,,5,1,val,current_repo_v1
10777,431.08,0.7008719515234535,,5,1,val,current_repo_v1
10778,431.12,0.4495864019073566,,5,1,val,current_repo_v1
10779,431.16,0.6241535425675404,,5,1,val,current_repo_v1
10780,431.2,0.5730208961102389,,5,1,val,current_repo_v1
10781,431.24,0.55466846550168,,5,1,val,current_repo_v1
10782,431.28,0.512540907385834,,5,1,val,current_repo_v1
10783,431.32,0.8443591371976201,,5,1,val,current_repo_v1
10784,431.36,0.7261145188265032,,5,1,val,current_repo_v1
10785,431.4,0.6735981646709971,,5,1,val,current_repo_v1
10786,431.44,0.8960679226917831,,5,1,val,current_repo_v1
10787,431.48,1.037389614617087,,5,1,val,current_repo_v1
10788,431.52,0.9664812146670806,,5,1,val,current_repo_v1
10789,431.56,0.8848204838667565,,5,1,val,current_repo_v1
10790,431.6,0.6124488511882551,,5,1,val,current_repo_v1
10791,431.64,0.634216904765666,,5,1,val,current_repo_v1
10792,431.68,0.6156265784175649,,5,1,val,current_repo_v1
10793,431.72,0.7682811191813865,,5,1,val,current_repo_v1
10794,431.76,0.7597291499915245,,5,1,val,current_repo_v1
10795,431.8,0.8189037610444724,,5,1,val,current_repo_v1
10796,431.84,0.9245517324809411,,5,1,val,current_repo_v1
10797,431.88,0.9070213579054436,,5,1,val,current_repo_v1
10798,431.92,0.8800233631377584,,5,1,val,current_repo_v1
10799,431.96,0.6428716360752581,,5,1,val,current_repo_v1
10800,432.0,0.6154796584614395,,5,1,val,current_repo_v1
10801,432.04,0.740524133464871,,5,1,val,current_repo_v1
10802,432.08,0.7959382484374715,,5,1,val,current_repo_v1
10803,432.12,0.8045121533088052,,5,1,val,current_repo_v1
10804,432.16,0.8532894150433102,,5,1,val,current_repo_v1
10805,432.2,0.8002785667847783,,5,1,val,current_repo_v1
10806,432.24,0.565974017512695,,5,1,val,current_repo_v1
10807,432.28,0.3894102796660243,,5,1,val,current_repo_v1
10808,432.32,0.2504178829169906,,5,1,val,current_repo_v1
10809,432.36,0.1825321052843957,,5,1,val,current_repo_v1
10810,432.4,0.3694969370667754,,5,1,val,current_repo_v1
10811,432.44,0.42695082486756536,,5,1,val,current_repo_v1
10812,432.48,0.39328405553427015,,5,1,val,current_repo_v1
10813,432.52,0.5051240278625716,,5,1,val,current_repo_v1
10814,432.56,0.6439454613478969,,5,1,val,current_repo_v1
10815,432.6,0.4974557064979627,,5,1,val,current_repo_v1
10816,432.64,0.4981122218005151,,5,1,val,current_repo_v1
10817,432.68,0.40733238622481766,,5,1,val,current_repo_v1
10818,432.72,0.3272747813245829,,5,1,val,current_repo_v1
10819,432.76,0.20376893476974942,,5,1,val,current_repo_v1
10820,432.8,0.3666653925418847,,5,1,val,current_repo_v1
10821,432.84,0.29148720810094536,,5,1,val,current_repo_v1
10822,432.88,0.1827700214863274,,5,1,val,current_repo_v1
10823,432.92,0.21497008766987977,,5,1,val,current_repo_v1
10824,432.96,0.30057848402669046,,5,1,val,current_repo_v1
10825,433.0,0.24050854112412345,,5,1,val,current_repo_v1
10826,433.04,0.1616878262779151,,5,1,val,current_repo_v1
10827,433.08,0.0884985247026467,,5,1,val,current_repo_v1
10828,433.12,0.26137635187845143,,5,1,val,current_repo_v1
10829,433.16,0.2000826762382631,,5,1,val,current_repo_v1
10830,433.2,0.09590402713738456,,5,1,val,current_repo_v1
10831,433.24,0.03356838104930642,,5,1,val,current_repo_v1
10832,433.28,-0.07180171113866894,,5,1,val,current_repo_v1
10833,433.32,0.12380756448701567,,5,1,val,current_repo_v1
10834,433.36,-0.003932259935042553,,5,1,val,current_repo_v1
10835,433.4,-0.004560537140178089,,5,1,val,current_repo_v1
10836,433.44,0.12125455400708016,,5,1,val,current_repo_v1
10837,433.48,0.31979860179674513,,5,1,val,current_repo_v1
10838,433.52,0.2556248243815427,,5,1,val,current_repo_v1
10839,433.56,0.33650941675069207,,5,1,val,current_repo_v1
10840,433.6,0.39375190760625484,,5,1,val,current_repo_v1
10841,433.64,0.4832652849751959,,5,1,val,current_repo_v1
10842,433.68,0.4153830268735834,,5,1,val,current_repo_v1
10843,433.72,0.37605644247281594,,5,1,val,current_repo_v1
10844,433.76,0.2812467234598921,,5,1,val,current_repo_v1
10845,433.8,0.39935532832845116,,5,1,val,current_repo_v1
10846,433.84,0.3072619710503025,,5,1,val,current_repo_v1
10847,433.88,0.25983477684577505,,5,1,val,current_repo_v1
10848,433.92,0.2528550558103487,,5,1,val,current_repo_v1
10849,433.96,-0.05283896418729896,,5,1,val,current_repo_v1
10850,434.0,0.1127881585298248,,5,1,val,current_repo_v1
10851,434.04,0.28505348500274647,,5,1,val,current_repo_v1
10852,434.08,0.5835869782919422,,5,1,val,current_repo_v1
10853,434.12,1.0340358289890998,,5,1,val,current_repo_v1
10854,434.16,1.1005192781491064,,5,1,val,current_repo_v1
10855,434.2,1.2672861150328418,,5,1,val,current_repo_v1
10856,434.24,1.0092121677225123,,5,1,val,current_repo_v1
10857,434.28,0.9833505722143505,,5,1,val,current_repo_v1
10858,434.32,0.9625544002854258,,5,1,val,current_repo_v1
10859,434.36,0.8059053146309276,,5,1,val,current_repo_v1
10860,434.4,0.6085985661430777,,5,1,val,current_repo_v1
10861,434.44,0.6633027180519282,,5,1,val,current_repo_v1
10862,434.48,0.7261911300125385,,5,1,val,current_repo_v1
10863,434.52,0.39275788565240277,,5,1,val,current_repo_v1
10864,434.56,0.047314441323157035,,5,1,val,current_repo_v1
10865,434.6,-0.12265909241772707,,5,1,val,current_repo_v1
10866,434.64,-0.2240266184583685,,5,1,val,current_repo_v1
10867,434.68,0.08147402684354466,,5,1,val,current_repo_v1
10868,434.72,0.015009119166162542,,5,1,val,current_repo_v1
10869,434.76,-0.3258133983960924,,5,1,val,current_repo_v1
10870,434.8,-0.47833491316621346,,5,1,val,current_repo_v1
10871,434.84,-0.43169707609643415,,5,1,val,current_repo_v1
10872,434.88,-0.24321387363099453,,5,1,val,current_repo_v1
10873,434.92,-0.17000615590523688,,5,1,val,current_repo_v1
10874,434.96,0.22436973180437267,,5,1,val,current_repo_v1
10875,435.0,0.5188223698442657,,5,1,val,current_repo_v1
10876,435.04,0.8000920316427116,,5,1,val,current_repo_v1
10877,435.08,0.697797191037768,,5,1,val,current_repo_v1
10878,435.12,0.4475160173445761,,5,1,val,current_repo_v1
10879,435.16,0.4050222643074459,,5,1,val,current_repo_v1
10880,435.2,0.6111947522647159,,5,1,val,current_repo_v1
10881,435.24,0.820783436137742,,5,1,val,current_repo_v1
10882,435.28,0.6989254053415185,,5,1,val,current_repo_v1
10883,435.32,0.5331128115265785,,5,1,val,current_repo_v1
10884,435.36,0.48592932438019215,,5,1,val,current_repo_v1
10885,435.4,0.430784330753408,,5,1,val,current_repo_v1
10886,435.44,0.5538004918667322,,5,1,val,current_repo_v1
10887,435.48,0.556606253780938,,5,1,val,current_repo_v1
10888,435.52,0.30681711870403994,,5,1,val,current_repo_v1
10889,435.56,0.44414643475194715,,5,1,val,current_repo_v1
10890,435.6,0.24816317315020203,,5,1,val,current_repo_v1
10891,435.64,0.16881076357697955,,5,1,val,current_repo_v1
10892,435.68,0.05584605043553378,,5,1,val,current_repo_v1
10893,435.72,0.1643315465302049,,5,1,val,current_repo_v1
10894,435.76,0.04469492807756588,,5,1,val,current_repo_v1
10895,435.8,0.049832542966720704,,5,1,val,current_repo_v1
10896,435.84,-0.0006590347342512645,,5,1,val,current_repo_v1
10897,435.88,-0.3051204592218546,,5,1,val,current_repo_v1
10898,435.92,-0.3838532267182821,,5,1,val,current_repo_v1
10899,435.96,-0.5449336474282828,,5,1,val,current_repo_v1
10900,436.0,-0.8984747907863917,,5,1,val,current_repo_v1
10901,436.04,-0.666266408687774,,5,1,val,current_repo_v1
10902,436.08,-0.452506262105038,,5,1,val,current_repo_v1
10903,436.12,-0.0006658896347111526,,5,1,val,current_repo_v1
10904,436.16,0.2975030687445432,,5,1,val,current_repo_v1
10905,436.2,0.5440236440454406,,5,1,val,current_repo_v1
10906,436.24,0.3112200724253997,,5,1,val,current_repo_v1
10907,436.28,-0.042347889451859244,,5,1,val,current_repo_v1
10908,436.32,0.1147305917714839,,5,1,val,current_repo_v1
10909,436.36,0.19754167718092444,,5,1,val,current_repo_v1
10910,436.4,0.29718121582115936,,5,1,val,current_repo_v1
10911,436.44,0.3024441628455883,,5,1,val,current_repo_v1
10912,436.48,0.16941149840593894,,5,1,val,current_repo_v1
10913,436.52,-0.000403674345328358,,5,1,val,current_repo_v1
10914,436.56,0.10009644333387327,,5,1,val,current_repo_v1
10915,436.6,-0.09412764618597022,,5,1,val,current_repo_v1
10916,436.64,0.06120087358851461,,5,1,val,current_repo_v1
10917,436.68,0.2729415716113649,,5,1,val,current_repo_v1
10918,436.72,0.27697104580080256,,5,1,val,current_repo_v1
10919,436.76,0.4013712010857835,,5,1,val,current_repo_v1
10920,436.8,0.413558763930897,,5,1,val,current_repo_v1
10921,436.84,-0.013993719130950861,,5,1,val,current_repo_v1
10922,436.88,0.1378954285139468,,5,1,val,current_repo_v1
10923,436.92,0.1321587362493766,,5,1,val,current_repo_v1
10924,436.96,0.1671307195550134,,5,1,val,current_repo_v1
10925,437.0,0.3450359511904895,,5,1,val,current_repo_v1
10926,437.04,0.5591660168493863,,5,1,val,current_repo_v1
10927,437.08,0.41525448214316846,,5,1,val,current_repo_v1
10928,437.12,0.3310344179845741,,5,1,val,current_repo_v1
10929,437.16,0.22575882111099807,,5,1,val,current_repo_v1
10930,437.2,0.11651020578042857,,5,1,val,current_repo_v1
10931,437.24,-0.0745012425581359,,5,1,val,current_repo_v1
10932,437.28,-0.1828908928207052,,5,1,val,current_repo_v1
10933,437.32,-0.010979363618870154,,5,1,val,current_repo_v1
10934,437.36,0.18253106170253464,,5,1,val,current_repo_v1
10935,437.4,0.43406887165555547,,5,1,val,current_repo_v1
10936,437.44,0.4513961774783248,,5,1,val,current_repo_v1
10937,437.48,0.3647436877007207,,5,1,val,current_repo_v1
10938,437.52,0.24610256960957025,,5,1,val,current_repo_v1
10939,437.56,-0.08839160871786188,,5,1,val,current_repo_v1
10940,437.6,-0.15481021256575692,,5,1,val,current_repo_v1
10941,437.64,-0.3822581016124608,,5,1,val,current_repo_v1
10942,437.68,-0.1640198429519796,,5,1,val,current_repo_v1
10943,437.72,0.1906182481788269,,5,1,val,current_repo_v1
10944,437.76,0.5208900533716411,,5,1,val,current_repo_v1
10945,437.8,0.7313186774060926,,5,1,val,current_repo_v1
10946,437.84,0.8500570123094369,,5,1,val,current_repo_v1
10947,437.88,0.3083054096746341,,5,1,val,current_repo_v1
10948,437.92,-0.062007199159699704,,5,1,val,current_repo_v1
10949,437.96,-0.18152081307386259,,5,1,val,current_repo_v1
10950,438.0,-0.46948018246230805,,5,1,val,current_repo_v1
10951,438.04,-0.42262368429905306,,5,1,val,current_repo_v1
10952,438.08,-0.026909676537095816,,5,1,val,current_repo_v1
10953,438.12,0.43357151281800904,,5,1,val,current_repo_v1
10954,438.16,0.8347265901466064,,5,1,val,current_repo_v1
10955,438.2,1.021588557497309,,5,1,val,current_repo_v1
10956,438.24,0.8628758807933219,,5,1,val,current_repo_v1
10957,438.28,0.27614735277658664,,5,1,val,current_repo_v1
10958,438.32,-0.20580085004039686,,5,1,val,current_repo_v1
10959,438.36,-0.3060292757861098,,5,1,val,current_repo_v1
10960,438.4,-0.3285877096177405,,5,1,val,current_repo_v1
10961,438.44,-0.21387985156091607,,5,1,val,current_repo_v1
10962,438.48,0.5273282168083469,,5,1,val,current_repo_v1
10963,438.52,0.8766639298902881,,5,1,val,current_repo_v1
10964,438.56,0.8699299212271672,,5,1,val,current_repo_v1
10965,438.6,0.893148594516227,,5,1,val,current_repo_v1
10966,438.64,0.7131610078201523,,5,1,val,current_repo_v1
10967,438.68,0.2890476206456342,,5,1,val,current_repo_v1
10968,438.72,-0.002013568180722513,,5,1,val,current_repo_v1
10969,438.76,-0.09574415448874843,,5,1,val,current_repo_v1
10970,438.8,0.07566421223033742,,5,1,val,current_repo_v1
10971,438.84,0.5512191614398221,,5,1,val,current_repo_v1
10972,438.88,0.8057119859755694,,5,1,val,current_repo_v1
10973,438.92,0.745866617797024,,5,1,val,current_repo_v1
10974,438.96,0.7554707630515054,,5,1,val,current_repo_v1
10975,439.0,0.7173544880608915,,5,1,val,current_repo_v1
10976,439.04,0.6322110176543767,,5,1,val,current_repo_v1
10977,439.08,0.8288404610520107,,5,1,val,current_repo_v1
10978,439.12,1.1261043858512563,,5,1,val,current_repo_v1
10979,439.16,1.5441979836034054,,5,1,val,current_repo_v1
10980,439.2,1.8056555916302934,,5,1,val,current_repo_v1
10981,439.24,1.9465271928376398,,5,1,val,current_repo_v1
10982,439.28,1.645759206622415,,5,1,val,current_repo_v1
10983,439.32,1.529318061406321,,5,1,val,current_repo_v1
10984,439.36,1.2557065307025468,,5,1,val,current_repo_v1
10985,439.4,1.0083854053398815,,5,1,val,current_repo_v1
10986,439.44,0.8836992267754131,,5,1,val,current_repo_v1
10987,439.48,1.0067323716719663,,5,1,val,current_repo_v1
10988,439.52,0.8648814405063803,,5,1,val,current_repo_v1
10989,439.56,0.8298889538865322,,5,1,val,current_repo_v1
10990,439.6,0.9747623436704141,,5,1,val,current_repo_v1
10991,439.64,1.1675178884254658,,5,1,val,current_repo_v1
10992,439.68,1.2272814070462812,,5,1,val,current_repo_v1
10993,439.72,1.0903242609373722,,5,1,val,current_repo_v1
10994,439.76,1.0366573066240765,,5,1,val,current_repo_v1
10995,439.8,1.1076329050609792,,5,1,val,current_repo_v1
10996,439.84,1.178623891214735,,5,1,val,current_repo_v1
10997,439.88,1.261178419185471,,5,1,val,current_repo_v1
10998,439.92,1.1044548504334384,,5,1,val,current_repo_v1
10999,439.96,1.333437991634484,,5,1,val,current_repo_v1
11000,440.0,1.4125858591629392,,5,1,val,current_repo_v1
11001,440.04,1.505479541416572,,5,1,val,current_repo_v1
11002,440.08,1.6543550471752204,,5,1,val,current_repo_v1
11003,440.12,1.5457871746162912,,5,1,val,current_repo_v1
11004,440.16,1.3695640127793351,,5,1,val,current_repo_v1
11005,440.2,1.3502738727126424,,5,1,val,current_repo_v1
11006,440.24,1.5397733602116368,,5,1,val,current_repo_v1
11007,440.28,1.529121295069538,,5,1,val,current_repo_v1
11008,440.32,1.677819023588797,,5,1,val,current_repo_v1
11009,440.36,1.6024837084594055,,5,1,val,current_repo_v1
11010,440.4,1.5512912299754034,,5,1,val,current_repo_v1
11011,440.44,1.590961255120406,,5,1,val,current_repo_v1
11012,440.48,1.5783194272298908,,5,1,val,current_repo_v1
11013,440.52,1.6125384355291905,,5,1,val,current_repo_v1
11014,440.56,1.7546492390405692,,5,1,val,current_repo_v1
11015,440.6,1.4955420229134564,,5,1,val,current_repo_v1
11016,440.64,1.2814123665023482,,5,1,val,current_repo_v1
11017,440.68,1.201606346680186,,5,1,val,current_repo_v1
11018,440.72,1.289412997071341,,5,1,val,current_repo_v1
11019,440.76,1.1793756794024852,,5,1,val,current_repo_v1
11020,440.8,1.384334993215081,,5,1,val,current_repo_v1
11021,440.84,1.7053365174993944,,5,1,val,current_repo_v1
11022,440.88,1.9091866061056333,,5,1,val,current_repo_v1
11023,440.92,2.0876269906119376,,5,1,val,current_repo_v1
11024,440.96,2.0349924866198483,,5,1,val,current_repo_v1
11025,441.0,2.0765224611147075,,5,1,val,current_repo_v1
11026,441.04,1.9874225058618606,,5,1,val,current_repo_v1
11027,441.08,1.8074526805198134,,5,1,val,current_repo_v1
11028,441.12,1.6891322694582387,,5,1,val,current_repo_v1
11029,441.16,1.618886032430268,,5,1,val,current_repo_v1
11030,441.2,1.735987703577243,,5,1,val,current_repo_v1
11031,441.24,1.8434602653546293,,5,1,val,current_repo_v1
11032,441.28,1.768446782686232,,5,1,val,current_repo_v1
11033,441.32,1.6398969775986765,,5,1,val,current_repo_v1
11034,441.36,1.6583473412030592,,5,1,val,current_repo_v1
11035,441.4,1.6458973686758633,,5,1,val,current_repo_v1
11036,441.44,1.6420029667190694,,5,1,val,current_repo_v1
11037,441.48,1.6112969414375418,,5,1,val,current_repo_v1
11038,441.52,1.6281239009139077,,5,1,val,current_repo_v1
11039,441.56,1.6283458769144714,,5,1,val,current_repo_v1
11040,441.6,1.6414796206469437,,5,1,val,current_repo_v1
11041,441.64,1.4935244313154117,,5,1,val,current_repo_v1
11042,441.68,1.5015131118489757,,5,1,val,current_repo_v1
11043,441.72,1.5933222874626858,,5,1,val,current_repo_v1
11044,441.76,1.6288134015882252,,5,1,val,current_repo_v1
11045,441.8,1.7013370207104754,,5,1,val,current_repo_v1
11046,441.84,1.759853888717505,,5,1,val,current_repo_v1
11047,441.88,1.542249145633854,,5,1,val,current_repo_v1
11048,441.92,1.568448370567652,,5,1,val,current_repo_v1
11049,441.96,1.5901037991536264,,5,1,val,current_repo_v1
11050,442.0,1.5705780960597868,,5,1,val,current_repo_v1
11051,442.04,1.5982494671389167,,5,1,val,current_repo_v1
11052,442.08,1.5725138381001016,,5,1,val,current_repo_v1
11053,442.12,1.420514625820245,,5,1,val,current_repo_v1
11054,442.16,1.4182400266109283,,5,1,val,current_repo_v1
11055,442.2,1.3642719477747438,,5,1,val,current_repo_v1
11056,442.24,1.2966381849303996,,5,1,val,current_repo_v1
11057,442.28,1.3694672666020984,,5,1,val,current_repo_v1
11058,442.32,1.557276233335737,,5,1,val,current_repo_v1
11059,442.36,1.5919008880431464,,5,1,val,current_repo_v1
11060,442.4,1.555022587613199,,5,1,val,current_repo_v1
11061,442.44,1.7958678578178238,,5,1,val,current_repo_v1
11062,442.48,1.8391608717861874,,5,1,val,current_repo_v1
11063,442.52,1.3502304924470456,,5,1,val,current_repo_v1
11064,442.56,1.1958720485151795,,5,1,val,current_repo_v1
11065,442.6,0.9563101793757612,,5,1,val,current_repo_v1
11066,442.64,1.03417284514874,,5,1,val,current_repo_v1
11067,442.68,0.7472516760129313,,5,1,val,current_repo_v1
11068,442.72,0.9663577855340237,,5,1,val,current_repo_v1
11069,442.76,1.000401717629339,,5,1,val,current_repo_v1
11070,442.8,0.9626963274185296,,5,1,val,current_repo_v1
11071,442.84,1.038026813424015,,5,1,val,current_repo_v1
11072,442.88,1.1413780862705798,,5,1,val,current_repo_v1
11073,442.92,1.2374965592492169,,5,1,val,current_repo_v1
11074,442.96,1.368301401501792,,5,1,val,current_repo_v1
11075,443.0,1.6067544546826418,,5,1,val,current_repo_v1
11076,443.04,1.855439439225762,,5,1,val,current_repo_v1
11077,443.08,1.586979928933303,,5,1,val,current_repo_v1
11078,443.12,1.4766486895026387,,5,1,val,current_repo_v1
11079,443.16,1.434110492155661,,5,1,val,current_repo_v1
11080,443.2,1.4533187826646239,,5,1,val,current_repo_v1
11081,443.24,1.3797489624954686,,5,1,val,current_repo_v1
11082,443.28,1.3007399936664812,,5,1,val,current_repo_v1
11083,443.32,1.231878814854418,,5,1,val,current_repo_v1
11084,443.36,1.205166556892768,,5,1,val,current_repo_v1
11085,443.4,1.224683993181277,,5,1,val,current_repo_v1
11086,443.44,1.2629633124908892,,5,1,val,current_repo_v1
11087,443.48,1.0826642882276518,,5,1,val,current_repo_v1
11088,443.52,1.0584845374317262,,5,1,val,current_repo_v1
11089,443.56,1.2406079064872078,,5,1,val,current_repo_v1
11090,443.6,1.362416909398351,,5,1,val,current_repo_v1
11091,443.64,1.4831722629528357,,5,1,val,current_repo_v1
11092,443.68,1.5349371972436014,,5,1,val,current_repo_v1
11093,443.72,1.393085856830227,,5,1,val,current_repo_v1
11094,443.76,1.132432257008921,,5,1,val,current_repo_v1
11095,443.8,1.1145388796448907,,5,1,val,current_repo_v1
11096,443.84,1.3247355011079565,,5,1,val,current_repo_v1
11097,443.88,1.5223714894417755,,5,1,val,current_repo_v1
11098,443.92,1.46651440466274,,5,1,val,current_repo_v1
11099,443.96,1.5771429216870798,,5,1,val,current_repo_v1
11100,444.0,1.5449359392158992,,5,1,val,current_repo_v1
11101,444.04,1.5431596401140426,,5,1,val,current_repo_v1
11102,444.08,1.1932466421014318,,5,1,val,current_repo_v1
11103,444.12,0.9107072071891413,,5,1,val,current_repo_v1
11104,444.16,0.818330323043016,,5,1,val,current_repo_v1
11105,444.2,1.000628768302482,,5,1,val,current_repo_v1
11106,444.24,1.0421983579832825,,5,1,val,current_repo_v1
11107,444.28,1.1932653856501518,,5,1,val,current_repo_v1
11108,444.32,1.2960977323007083,,5,1,val,current_repo_v1
11109,444.36,1.537683904701905,,5,1,val,current_repo_v1
11110,444.4,1.6816456541117903,,5,1,val,current_repo_v1
11111,444.44,1.6806182784631631,,5,1,val,current_repo_v1
11112,444.48,1.5473370778414668,,5,1,val,current_repo_v1
11113,444.52,1.385456332155982,,5,1,val,current_repo_v1
11114,444.56,1.2618738948775028,,5,1,val,current_repo_v1
11115,444.6,1.4049977503649058,,5,1,val,current_repo_v1
11116,444.64,1.4224380904269003,,5,1,val,current_repo_v1
11117,444.68,1.6565168576939853,,5,1,val,current_repo_v1
11118,444.72,1.6975598273203512,,5,1,val,current_repo_v1
11119,444.76,1.8617930929941116,,5,1,val,current_repo_v1
11120,444.8,1.5952061368833996,,5,1,val,current_repo_v1
11121,444.84,1.36812804413852,,5,1,val,current_repo_v1
11122,444.88,1.3882906186410566,,5,1,val,current_repo_v1
11123,444.92,1.646925726519183,,5,1,val,current_repo_v1
11124,444.96,1.8720156116572433,,5,1,val,current_repo_v1
11125,445.0,1.8242568858191304,,5,1,val,current_repo_v1
11126,445.04,1.7675333416219652,,5,1,val,current_repo_v1
11127,445.08,1.5007037834221415,,5,1,val,current_repo_v1
11128,445.12,1.5085266367517447,,5,1,val,current_repo_v1
11129,445.16,1.1536380041247265,,5,1,val,current_repo_v1
11130,445.2,1.0923395607478006,,5,1,val,current_repo_v1
11131,445.24,0.8527586206614312,,5,1,val,current_repo_v1
11132,445.28,0.5624666411896276,,5,1,val,current_repo_v1
11133,445.32,0.770788989630234,,5,1,val,current_repo_v1
11134,445.36,1.033136056800974,,5,1,val,current_repo_v1
11135,445.4,1.1817052815145965,,5,1,val,current_repo_v1
11136,445.44,1.0724326024140545,,5,1,val,current_repo_v1
11137,445.48,1.3223582625532462,,5,1,val,current_repo_v1
11138,445.52,1.115994574029119,,5,1,val,current_repo_v1
11139,445.56,0.9760544207887399,,5,1,val,current_repo_v1
11140,445.6,0.9091585317073319,,5,1,val,current_repo_v1
11141,445.64,0.6329251959703498,,5,1,val,current_repo_v1
11142,445.68,0.33758901241715084,,5,1,val,current_repo_v1
11143,445.72,0.3857385903558139,,5,1,val,current_repo_v1
11144,445.76,0.5943610811246162,,5,1,val,current_repo_v1
11145,445.8,0.7135227010157612,,5,1,val,current_repo_v1
11146,445.84,0.8711463693541505,,5,1,val,current_repo_v1
11147,445.88,1.0509538870232191,,5,1,val,current_repo_v1
11148,445.92,0.9636533124475088,,5,1,val,current_repo_v1
11149,445.96,1.2290977305818678,,5,1,val,current_repo_v1
11150,446.0,1.032134054515243,,5,1,val,current_repo_v1
11151,446.04,0.6687005326851067,,5,1,val,current_repo_v1
11152,446.08,0.5040133702889543,,5,1,val,current_repo_v1
11153,446.12,0.07637369442793585,,5,1,val,current_repo_v1
11154,446.16,-0.22079904484840113,,5,1,val,current_repo_v1
11155,446.2,-0.6423085520428544,,5,1,val,current_repo_v1
11156,446.24,-0.3643170878058319,,5,1,val,current_repo_v1
11157,446.28,-0.18102343377392677,,5,1,val,current_repo_v1
11158,446.32,-0.5152159146315661,,5,1,val,current_repo_v1
11159,446.36,-0.17844730079393253,,5,1,val,current_repo_v1
11160,446.4,0.10791166419221812,,5,1,val,current_repo_v1
11161,446.44,0.23183674418174466,,5,1,val,current_repo_v1
11162,446.48,0.5040552363377332,,5,1,val,current_repo_v1
11163,446.52,0.6433609327313681,,5,1,val,current_repo_v1
11164,446.56,0.8758908608175281,,5,1,val,current_repo_v1
11165,446.6,0.9086112037147913,,5,1,val,current_repo_v1
11166,446.64,0.9620199226734488,,5,1,val,current_repo_v1
11167,446.68,1.046161677267685,,5,1,val,current_repo_v1
11168,446.72,0.9329080812278285,,5,1,val,current_repo_v1
11169,446.76,0.8627100535893609,,5,1,val,current_repo_v1
11170,446.8,0.7300347033939819,,5,1,val,current_repo_v1
11171,446.84,0.8070954890498797,,5,1,val,current_repo_v1
11172,446.88,0.8689113853307749,,5,1,val,current_repo_v1
11173,446.92,1.0008017982675232,,5,1,val,current_repo_v1
11174,446.96,0.9569386202800122,,5,1,val,current_repo_v1
11175,447.0,0.6422825648082752,,5,1,val,current_repo_v1
11176,447.04,0.6503419633597181,,5,1,val,current_repo_v1
11177,447.08,0.8129907034453835,,5,1,val,current_repo_v1
11178,447.12,0.8616002554360997,,5,1,val,current_repo_v1
11179,447.16,0.7124693790573338,,5,1,val,current_repo_v1
11180,447.2,0.21081133210400754,,5,1,val,current_repo_v1
11181,447.24,-0.12799820045562374,,5,1,val,current_repo_v1
11182,447.28,0.17619115865988375,,5,1,val,current_repo_v1
11183,447.32,0.33220507128400756,,5,1,val,current_repo_v1
11184,447.36,0.4482218060808819,,5,1,val,current_repo_v1
11185,447.4,0.5492541172578401,,5,1,val,current_repo_v1
11186,447.44,0.6643395882492519,,5,1,val,current_repo_v1
11187,447.48,0.8686258122238549,,5,1,val,current_repo_v1
11188,447.52,0.9745465063866801,,5,1,val,current_repo_v1
11189,447.56,0.9479459730713318,,5,1,val,current_repo_v1
11190,447.6,0.8617064961620333,,5,1,val,current_repo_v1
11191,447.64,0.44861083702877264,,5,1,val,current_repo_v1
11192,447.68,0.23910531230640023,,5,1,val,current_repo_v1
11193,447.72,0.520123409489163,,5,1,val,current_repo_v1
11194,447.76,0.6902734978416681,,5,1,val,current_repo_v1
11195,447.8,0.6607256847267988,,5,1,val,current_repo_v1
11196,447.84,0.5855426506995641,,5,1,val,current_repo_v1
11197,447.88,0.6349756910906019,,5,1,val,current_repo_v1
11198,447.92,0.5104383968716444,,5,1,val,current_repo_v1
11199,447.96,0.23826201631310795,,5,1,val,current_repo_v1
11200,448.0,0.18666972320198416,,5,1,val,current_repo_v1
11201,448.04,0.17951791347143045,,5,1,val,current_repo_v1
11202,448.08,-0.045984309276084046,,5,1,val,current_repo_v1
11203,448.12,-0.023949262441357862,,5,1,val,current_repo_v1
11204,448.16,0.2601509821496755,,5,1,val,current_repo_v1
11205,448.2,0.11179536431933867,,5,1,val,current_repo_v1
11206,448.24,-0.20583792789004854,,5,1,val,current_repo_v1
11207,448.28,-0.34452492347680225,,5,1,val,current_repo_v1
11208,448.32,0.09080631390762312,,5,1,val,current_repo_v1
11209,448.36,0.4046896277048312,,5,1,val,current_repo_v1
11210,448.4,0.6151938398058463,,5,1,val,current_repo_v1
11211,448.44,0.4022060665746296,,5,1,val,current_repo_v1
11212,448.48,0.13133254681364992,,5,1,val,current_repo_v1
11213,448.52,0.08934849143489396,,5,1,val,current_repo_v1
11214,448.56,0.15933424224538875,,5,1,val,current_repo_v1
11215,448.6,-0.15141531799739996,,5,1,val,current_repo_v1
11216,448.64,-0.21420647222103767,,5,1,val,current_repo_v1
11217,448.68,0.10965244058601992,,5,1,val,current_repo_v1
11218,448.72,0.38940536869256054,,5,1,val,current_repo_v1
11219,448.76,0.5987051645515786,,5,1,val,current_repo_v1
11220,448.8,0.880067152651144,,5,1,val,current_repo_v1
11221,448.84,1.127058833543946,,5,1,val,current_repo_v1
11222,448.88,1.326866208794784,,5,1,val,current_repo_v1
11223,448.92,1.472338655491692,,5,1,val,current_repo_v1
11224,448.96,1.5233903527363986,,5,1,val,current_repo_v1
11225,449.0,1.572215742010849,,5,1,val,current_repo_v1
11226,449.04,1.535215322040768,,5,1,val,current_repo_v1
11227,449.08,1.4623598848114805,,5,1,val,current_repo_v1
11228,449.12,1.4920290398956844,,5,1,val,current_repo_v1
11229,449.16,1.4551080139966017,,5,1,val,current_repo_v1
11230,449.2,1.4144541571676845,,5,1,val,current_repo_v1
11231,449.24,1.227659142755205,,5,1,val,current_repo_v1
11232,449.28,1.1278109491299269,,5,1,val,current_repo_v1
11233,449.32,1.013724697539283,,5,1,val,current_repo_v1
11234,449.36,0.8199101013567628,,5,1,val,current_repo_v1
11235,449.4,0.9715585882817461,,5,1,val,current_repo_v1
11236,449.44,1.1245863221040377,,5,1,val,current_repo_v1
11237,449.48,1.164402857957377,,5,1,val,current_repo_v1
11238,449.52,1.3257623856592373,,5,1,val,current_repo_v1
11239,449.56,1.5133722942684766,,5,1,val,current_repo_v1
11240,449.6,1.6843743546673933,,5,1,val,current_repo_v1
11241,449.64,1.7737900855139623,,5,1,val,current_repo_v1
11242,449.68,1.8041927763345427,,5,1,val,current_repo_v1
11243,449.72,1.640961185548282,,5,1,val,current_repo_v1
11244,449.76,1.8565069211576768,,5,1,val,current_repo_v1
11245,449.8,1.7329527219766145,,5,1,val,current_repo_v1
11246,449.84,1.5133498674896586,,5,1,val,current_repo_v1
11247,449.88,1.552764358315428,,5,1,val,current_repo_v1
11248,449.92,1.5472897687970988,,5,1,val,current_repo_v1
11249,449.96,1.7479748987050336,,5,1,val,current_repo_v1
11250,450.0,1.8946954693077664,,5,1,val,current_repo_v1
11251,450.04,1.8901156591545416,,5,1,val,current_repo_v1
11252,450.08,2.003853640877044,,5,1,val,current_repo_v1
11253,450.12,2.185595181745715,,5,1,val,current_repo_v1
11254,450.16,2.1103097948465392,,5,1,val,current_repo_v1
11255,450.2,2.001801345066522,,5,1,val,current_repo_v1
11256,450.24,1.825390502193691,,5,1,val,current_repo_v1
11257,450.28,1.8421064736697748,,5,1,val,current_repo_v1
11258,450.32,1.9169700079484107,,5,1,val,current_repo_v1
11259,450.36,1.7375783678821681,,5,1,val,current_repo_v1
11260,450.4,1.5205103941981104,,5,1,val,current_repo_v1
11261,450.44,1.330559260839562,,5,1,val,current_repo_v1
11262,450.48,1.1187145985316025,,5,1,val,current_repo_v1
11263,450.52,1.0943830168060877,,5,1,val,current_repo_v1
11264,450.56,0.9498452920584566,,5,1,val,current_repo_v1
11265,450.6,1.1217913234066736,,5,1,val,current_repo_v1
11266,450.64,1.185319348736165,,5,1,val,current_repo_v1
11267,450.68,1.23348003775229,,5,1,val,current_repo_v1
11268,450.72,1.0318681253021784,,5,1,val,current_repo_v1
11269,450.76,1.1141590976970235,,5,1,val,current_repo_v1
11270,450.8,1.102070982064552,,5,1,val,current_repo_v1
11271,450.84,0.8604417567959892,,5,1,val,current_repo_v1
11272,450.88,0.7928718366066745,,5,1,val,current_repo_v1
11273,450.92,1.0333437091289348,,5,1,val,current_repo_v1
11274,450.96,0.8242472275713182,,5,1,val,current_repo_v1
11275,451.0,0.5116812414809957,,5,1,val,current_repo_v1
11276,451.04,0.026718105089430056,,5,1,val,current_repo_v1
11277,451.08,-0.3418249521159625,,5,1,val,current_repo_v1
11278,451.12,-0.20139022292299993,,5,1,val,current_repo_v1
11279,451.16,-0.05267506044794462,,5,1,val,current_repo_v1
11280,451.2,0.03970311794431235,,5,1,val,current_repo_v1
11281,451.24,0.08803267794482636,,5,1,val,current_repo_v1
11282,451.28,-0.3954274499025458,,5,1,val,current_repo_v1
11283,451.32,-0.5564629352053527,,5,1,val,current_repo_v1
11284,451.36,-0.5996062463326283,,5,1,val,current_repo_v1
11285,451.4,-0.8238514849596936,,5,1,val,current_repo_v1
11286,451.44,-1.0133598122109226,,5,1,val,current_repo_v1
11287,451.48,-1.0404439945628976,,5,1,val,current_repo_v1
11288,451.52,-0.968208158485626,,5,1,val,current_repo_v1
11289,451.56,-0.826082294655625,,5,1,val,current_repo_v1
11290,451.6,-1.0638873448879262,,5,1,val,current_repo_v1
11291,451.64,-1.14251964205224,,5,1,val,current_repo_v1
11292,451.68,-0.9650235558934669,,5,1,val,current_repo_v1
11293,451.72,-0.8268624846399074,,5,1,val,current_repo_v1
11294,451.76,-0.7369816027567586,,5,1,val,current_repo_v1
11295,451.8,-0.2791077694301233,,5,1,val,current_repo_v1
11296,451.84,0.21147597097516463,,5,1,val,current_repo_v1
11297,451.88,0.43558300662400284,,5,1,val,current_repo_v1
11298,451.92,0.772760090679488,,5,1,val,current_repo_v1
11299,451.96,0.9817981316528855,,5,1,val,current_repo_v1
11300,452.0,1.087949150471163,,5,1,val,current_repo_v1
11301,452.04,1.0589483788753822,,5,1,val,current_repo_v1
11302,452.08,1.4427824527971553,,5,1,val,current_repo_v1
11303,452.12,1.421806702938571,,5,1,val,current_repo_v1
11304,452.16,1.6316873032592412,,5,1,val,current_repo_v1
11305,452.2,1.0291138876845636,,5,1,val,current_repo_v1
11306,452.24,0.39202365419478574,,5,1,val,current_repo_v1
11307,452.28,-1.2450970273304676,,5,1,val,current_repo_v1
11308,452.32,-4.397810458851076,,5,1,val,current_repo_v1
11309,452.36,-5.3522863077885505,,5,1,val,current_repo_v1
11310,452.4,-2.1733427940508796,,5,1,val,current_repo_v1
11311,452.44,-0.6374135392428114,,5,1,val,current_repo_v1
11312,452.48,-0.5712636270305546,,5,1,val,current_repo_v1
11313,452.52,-0.06971270580150483,,5,1,val,current_repo_v1
11314,452.56,-1.281724377016415,,5,1,val,current_repo_v1
11315,452.6,-2.256563168173749,,5,1,val,current_repo_v1
11316,452.64,-2.8157861932400943,,5,1,val,current_repo_v1
11317,452.68,-3.334276949601217,,5,1,val,current_repo_v1
11318,452.72,-3.047708552059224,,5,1,val,current_repo_v1
11319,452.76,-3.236191386201654,,5,1,val,current_repo_v1
11320,452.8,-3.371433702226562,,5,1,val,current_repo_v1
11321,452.84,-3.345492303399613,,5,1,val,current_repo_v1
11322,452.88,-2.9316868039769393,,5,1,val,current_repo_v1
11323,452.92,-2.760984640357545,,5,1,val,current_repo_v1
11324,452.96,-2.772309017766838,,5,1,val,current_repo_v1
